indec,partido,anio,semana,week_start,t,cases
6028,ALMIRANTE BROWN,2022,1,2022-01-02,0,31.0
6028,ALMIRANTE BROWN,2022,2,2022-01-09,1,26.0
6028,ALMIRANTE BROWN,2022,3,2022-01-16,2,31.0
6028,ALMIRANTE BROWN,2022,4,2022-01-23,3,28.0
6028,ALMIRANTE BROWN,2022,5,2022-01-30,4,29.0
6028,ALMIRANTE BROWN,2022,6,2022-02-06,5,30.0
6028,ALMIRANTE BROWN,2022,7,2022-02-13,6,51.0
6028,ALMIRANTE BROWN,2022,8,2022-02-20,7,53.0
6028,ALMIRANTE BROWN,2022,9,2022-02-27,8,69.0
6028,ALMIRANTE BROWN,2022,10,2022-03-06,9,103.0
6028,ALMIRANTE BROWN,2022,11,2022-03-13,10,100.0
6028,ALMIRANTE BROWN,2022,12,2022-03-20,11,74.0
6028,ALMIRANTE BROWN,2022,13,2022-03-27,12,79.0
6028,ALMIRANTE BROWN,2022,14,2022-04-03,13,112.0
6028,ALMIRANTE BROWN,2022,15,2022-04-10,14,67.0
6028,ALMIRANTE BROWN,2022,16,2022-04-17,15,68.0
6028,ALMIRANTE BROWN,2022,17,2022-04-24,16,145.0
6028,ALMIRANTE BROWN,2022,18,2022-05-01,17,159.0
6028,ALMIRANTE BROWN,2022,19,2022-05-08,18,146.0
6028,ALMIRANTE BROWN,2022,20,2022-05-15,19,165.0
6028,ALMIRANTE BROWN,2022,21,2022-05-22,20,143.0
6028,ALMIRANTE BROWN,2022,22,2022-05-29,21,199.0
6028,ALMIRANTE BROWN,2022,23,2022-06-05,22,173.0
6028,ALMIRANTE BROWN,2022,24,2022-06-12,23,122.0
6028,ALMIRANTE BROWN,2022,25,2022-06-19,24,93.0
6028,ALMIRANTE BROWN,2022,26,2022-06-26,25,168.0
6028,ALMIRANTE BROWN,2022,27,2022-07-03,26,143.0
6028,ALMIRANTE BROWN,2022,28,2022-07-10,27,224.0
6028,ALMIRANTE BROWN,2022,29,2022-07-17,28,212.0
6028,ALMIRANTE BROWN,2022,30,2022-07-24,29,186.0
6028,ALMIRANTE BROWN,2022,31,2022-07-31,30,197.0
6028,ALMIRANTE BROWN,2022,32,2022-08-07,31,164.0
6028,ALMIRANTE BROWN,2022,33,2022-08-14,32,147.0
6028,ALMIRANTE BROWN,2022,34,2022-08-21,33,202.0
6028,ALMIRANTE BROWN,2022,35,2022-08-28,34,256.0
6028,ALMIRANTE BROWN,2022,36,2022-09-04,35,219.0
6028,ALMIRANTE BROWN,2022,37,2022-09-11,36,264.0
6028,ALMIRANTE BROWN,2022,38,2022-09-18,37,263.0
6028,ALMIRANTE BROWN,2022,39,2022-09-25,38,211.0
6028,ALMIRANTE BROWN,2022,40,2022-10-02,39,244.0
6028,ALMIRANTE BROWN,2022,41,2022-10-09,40,195.0
6028,ALMIRANTE BROWN,2022,42,2022-10-16,41,214.0
6028,ALMIRANTE BROWN,2022,43,2022-10-23,42,50.0
6028,ALMIRANTE BROWN,2022,44,2022-10-30,43,46.0
6028,ALMIRANTE BROWN,2022,45,2022-11-06,44,33.0
6028,ALMIRANTE BROWN,2022,46,2022-11-13,45,31.0
6028,ALMIRANTE BROWN,2022,47,2022-11-20,46,32.0
6028,ALMIRANTE BROWN,2022,48,2022-11-27,47,23.0
6028,ALMIRANTE BROWN,2022,49,2022-12-04,48,24.0
6028,ALMIRANTE BROWN,2022,50,2022-12-11,49,32.0
6028,ALMIRANTE BROWN,2022,51,2022-12-18,50,17.0
6028,ALMIRANTE BROWN,2022,52,2022-12-25,51,11.0
6028,ALMIRANTE BROWN,2023,1,2023-01-01,52,22.0
6028,ALMIRANTE BROWN,2023,2,2023-01-08,53,13.0
6028,ALMIRANTE BROWN,2023,3,2023-01-15,54,17.0
6028,ALMIRANTE BROWN,2023,4,2023-01-22,55,15.0
6028,ALMIRANTE BROWN,2023,5,2023-01-29,56,20.0
6028,ALMIRANTE BROWN,2023,6,2023-02-05,57,27.0
6028,ALMIRANTE BROWN,2023,7,2023-02-12,58,13.0
6028,ALMIRANTE BROWN,2023,8,2023-02-19,59,14.0
6028,ALMIRANTE BROWN,2023,9,2023-02-26,60,88.0
6028,ALMIRANTE BROWN,2023,10,2023-03-05,61,86.0
6028,ALMIRANTE BROWN,2023,11,2023-03-12,62,190.0
6028,ALMIRANTE BROWN,2023,12,2023-03-19,63,40.0
6028,ALMIRANTE BROWN,2023,13,2023-03-26,64,61.0
6028,ALMIRANTE BROWN,2023,14,2023-04-02,65,149.0
6028,ALMIRANTE BROWN,2023,15,2023-04-09,66,147.0
6028,ALMIRANTE BROWN,2023,16,2023-04-16,67,173.0
6028,ALMIRANTE BROWN,2023,17,2023-04-23,68,144.0
6028,ALMIRANTE BROWN,2023,18,2023-04-30,69,191.0
6028,ALMIRANTE BROWN,2023,19,2023-05-07,70,192.0
6028,ALMIRANTE BROWN,2023,20,2023-05-14,71,279.0
6028,ALMIRANTE BROWN,2023,21,2023-05-21,72,276.0
6028,ALMIRANTE BROWN,2023,22,2023-05-28,73,334.0
6028,ALMIRANTE BROWN,2023,23,2023-06-04,74,332.0
6028,ALMIRANTE BROWN,2023,24,2023-06-11,75,222.0
6028,ALMIRANTE BROWN,2023,25,2023-06-18,76,356.0
6028,ALMIRANTE BROWN,2023,26,2023-06-25,77,233.0
6028,ALMIRANTE BROWN,2023,27,2023-07-02,78,232.0
6028,ALMIRANTE BROWN,2023,28,2023-07-09,79,302.0
6028,ALMIRANTE BROWN,2023,29,2023-07-16,80,329.0
6028,ALMIRANTE BROWN,2023,30,2023-07-23,81,260.0
6028,ALMIRANTE BROWN,2023,31,2023-07-30,82,204.0
6028,ALMIRANTE BROWN,2023,32,2023-08-06,83,201.0
6028,ALMIRANTE BROWN,2023,33,2023-08-13,84,232.0
6028,ALMIRANTE BROWN,2023,34,2023-08-20,85,233.0
6028,ALMIRANTE BROWN,2023,35,2023-08-27,86,235.0
6028,ALMIRANTE BROWN,2023,36,2023-09-03,87,202.0
6028,ALMIRANTE BROWN,2023,37,2023-09-10,88,232.0
6028,ALMIRANTE BROWN,2023,38,2023-09-17,89,201.0
6028,ALMIRANTE BROWN,2023,39,2023-09-24,90,191.0
6028,ALMIRANTE BROWN,2023,40,2023-10-01,91,139.0
6028,ALMIRANTE BROWN,2023,41,2023-10-08,92,127.0
6028,ALMIRANTE BROWN,2023,42,2023-10-15,93,101.0
6028,ALMIRANTE BROWN,2023,43,2023-10-22,94,114.0
6028,ALMIRANTE BROWN,2023,44,2023-10-29,95,62.0
6028,ALMIRANTE BROWN,2023,45,2023-11-05,96,85.0
6028,ALMIRANTE BROWN,2023,46,2023-11-12,97,64.0
6028,ALMIRANTE BROWN,2023,47,2023-11-19,98,64.0
6028,ALMIRANTE BROWN,2023,48,2023-11-26,99,59.0
6028,ALMIRANTE BROWN,2023,49,2023-12-03,100,64.0
6028,ALMIRANTE BROWN,2023,50,2023-12-10,101,26.0
6028,ALMIRANTE BROWN,2023,51,2023-12-17,102,37.0
6028,ALMIRANTE BROWN,2023,52,2023-12-24,103,36.0
6028,ALMIRANTE BROWN,2024,1,2023-12-31,104,41.0
6028,ALMIRANTE BROWN,2024,2,2024-01-07,105,41.0
6028,ALMIRANTE BROWN,2024,3,2024-01-14,106,34.0
6028,ALMIRANTE BROWN,2024,4,2024-01-21,107,34.0
6028,ALMIRANTE BROWN,2024,5,2024-01-28,108,38.0
6028,ALMIRANTE BROWN,2024,6,2024-02-04,109,30.0
6028,ALMIRANTE BROWN,2024,7,2024-02-11,110,31.0
6028,ALMIRANTE BROWN,2024,8,2024-02-18,111,20.0
6028,ALMIRANTE BROWN,2024,9,2024-02-25,112,22.0
6028,ALMIRANTE BROWN,2024,10,2024-03-03,113,38.0
6028,ALMIRANTE BROWN,2024,11,2024-03-10,114,62.0
6028,ALMIRANTE BROWN,2024,12,2024-03-17,115,61.0
6028,ALMIRANTE BROWN,2024,13,2024-03-24,116,79.0
6028,ALMIRANTE BROWN,2024,14,2024-03-31,117,77.0
6028,ALMIRANTE BROWN,2024,15,2024-04-07,118,95.0
6028,ALMIRANTE BROWN,2024,16,2024-04-14,119,77.0
6028,ALMIRANTE BROWN,2024,17,2024-04-21,120,88.0
6028,ALMIRANTE BROWN,2024,18,2024-04-28,121,70.0
6028,ALMIRANTE BROWN,2024,19,2024-05-05,122,185.0
6028,ALMIRANTE BROWN,2024,20,2024-05-12,123,208.0
6028,ALMIRANTE BROWN,2024,21,2024-05-19,124,328.0
6028,ALMIRANTE BROWN,2024,22,2024-05-26,125,498.0
6028,ALMIRANTE BROWN,2024,23,2024-06-02,126,339.0
6028,ALMIRANTE BROWN,2024,24,2024-06-09,127,269.0
6028,ALMIRANTE BROWN,2024,25,2024-06-16,128,223.0
6028,ALMIRANTE BROWN,2024,26,2024-06-23,129,214.0
6028,ALMIRANTE BROWN,2024,27,2024-06-30,130,235.0
6028,ALMIRANTE BROWN,2024,28,2024-07-07,131,152.0
6028,ALMIRANTE BROWN,2024,29,2024-07-14,132,218.0
6028,ALMIRANTE BROWN,2024,30,2024-07-21,133,140.0
6028,ALMIRANTE BROWN,2024,31,2024-07-28,134,230.0
6028,ALMIRANTE BROWN,2024,32,2024-08-04,135,196.0
6028,ALMIRANTE BROWN,2024,33,2024-08-11,136,264.0
6028,ALMIRANTE BROWN,2024,34,2024-08-18,137,266.0
6028,ALMIRANTE BROWN,2024,35,2024-08-25,138,246.0
6028,ALMIRANTE BROWN,2024,36,2024-09-01,139,153.0
6028,ALMIRANTE BROWN,2024,37,2024-09-08,140,77.0
6028,ALMIRANTE BROWN,2024,38,2024-09-15,141,172.0
6028,ALMIRANTE BROWN,2024,39,2024-09-22,142,158.0
6028,ALMIRANTE BROWN,2024,40,2024-09-29,143,150.0
6028,ALMIRANTE BROWN,2024,41,2024-10-06,144,231.0
6028,ALMIRANTE BROWN,2024,42,2024-10-13,145,152.0
6028,ALMIRANTE BROWN,2024,43,2024-10-20,146,165.0
6028,ALMIRANTE BROWN,2024,44,2024-10-27,147,47.0
6028,ALMIRANTE BROWN,2024,45,2024-11-03,148,36.0
6028,ALMIRANTE BROWN,2024,46,2024-11-10,149,44.0
6028,ALMIRANTE BROWN,2024,47,2024-11-17,150,118.0
6028,ALMIRANTE BROWN,2024,48,2024-11-24,151,116.0
6028,ALMIRANTE BROWN,2024,49,2024-12-01,152,122.0
6028,ALMIRANTE BROWN,2024,50,2024-12-08,153,92.0
6028,ALMIRANTE BROWN,2024,51,2024-12-15,154,50.0
6028,ALMIRANTE BROWN,2024,52,2024-12-22,155,67.0
6028,ALMIRANTE BROWN,2025,1,2024-12-29,156,14.0
6028,ALMIRANTE BROWN,2025,2,2025-01-05,157,26.0
6028,ALMIRANTE BROWN,2025,3,2025-01-12,158,20.0
6028,ALMIRANTE BROWN,2025,4,2025-01-19,159,13.0
6028,ALMIRANTE BROWN,2025,5,2025-01-26,160,88.0
6028,ALMIRANTE BROWN,2025,6,2025-02-02,161,66.0
6028,ALMIRANTE BROWN,2025,7,2025-02-09,162,65.0
6028,ALMIRANTE BROWN,2025,8,2025-02-16,163,75.0
6028,ALMIRANTE BROWN,2025,9,2025-02-23,164,77.0
6028,ALMIRANTE BROWN,2025,10,2025-03-02,165,81.0
6028,ALMIRANTE BROWN,2025,11,2025-03-09,166,114.0
6028,ALMIRANTE BROWN,2025,12,2025-03-16,167,171.0
6028,ALMIRANTE BROWN,2025,13,2025-03-23,168,147.0
6028,ALMIRANTE BROWN,2025,14,2025-03-30,169,112.0
6028,ALMIRANTE BROWN,2025,15,2025-04-06,170,97.0
6028,ALMIRANTE BROWN,2025,16,2025-04-13,171,103.0
6028,ALMIRANTE BROWN,2025,17,2025-04-20,172,143.0
6028,ALMIRANTE BROWN,2025,18,2025-04-27,173,115.0
6028,ALMIRANTE BROWN,2025,19,2025-05-04,174,118.0
6028,ALMIRANTE BROWN,2025,20,2025-05-11,175,143.0
6028,ALMIRANTE BROWN,2025,21,2025-05-18,176,174.0
6028,ALMIRANTE BROWN,2025,22,2025-05-25,177,221.0
6028,ALMIRANTE BROWN,2025,23,2025-06-01,178,231.0
6028,ALMIRANTE BROWN,2025,24,2025-06-08,179,243.0
6028,ALMIRANTE BROWN,2025,25,2025-06-15,180,137.0
6028,ALMIRANTE BROWN,2025,26,2025-06-22,181,154.0
6028,ALMIRANTE BROWN,2025,27,2025-06-29,182,177.0
6028,ALMIRANTE BROWN,2025,28,2025-07-06,183,211.0
6028,ALMIRANTE BROWN,2025,29,2025-07-13,184,161.0
6028,ALMIRANTE BROWN,2025,30,2025-07-20,185,168.0
6028,ALMIRANTE BROWN,2025,31,2025-07-27,186,156.0
6028,ALMIRANTE BROWN,2025,32,2025-08-03,187,94.0
6028,ALMIRANTE BROWN,2025,33,2025-08-10,188,120.0
6028,ALMIRANTE BROWN,2025,34,2025-08-17,189,121.0
6028,ALMIRANTE BROWN,2025,35,2025-08-24,190,136.0
6028,ALMIRANTE BROWN,2025,36,2025-08-31,191,141.0
6028,ALMIRANTE BROWN,2025,37,2025-09-07,192,147.0
6028,ALMIRANTE BROWN,2025,38,2025-09-14,193,145.0
6028,ALMIRANTE BROWN,2025,39,2025-09-21,194,92.0
6028,ALMIRANTE BROWN,2025,40,2025-09-28,195,118.0
6028,ALMIRANTE BROWN,2025,41,2025-10-05,196,86.0
6028,ALMIRANTE BROWN,2025,42,2025-10-12,197,107.0
6028,ALMIRANTE BROWN,2025,43,2025-10-19,198,102.0
6028,ALMIRANTE BROWN,2025,44,2025-10-26,199,103.0
6028,ALMIRANTE BROWN,2025,45,2025-11-02,200,103.0
6028,ALMIRANTE BROWN,2025,46,2025-11-09,201,88.0
6028,ALMIRANTE BROWN,2025,47,2025-11-16,202,102.0
6028,ALMIRANTE BROWN,2025,48,2025-11-23,203,85.0
6028,ALMIRANTE BROWN,2025,49,2025-11-30,204,83.0
6028,ALMIRANTE BROWN,2025,50,2025-12-07,205,59.0
6028,ALMIRANTE BROWN,2025,51,2025-12-14,206,74.0
6028,ALMIRANTE BROWN,2025,52,2025-12-21,207,40.0
6028,ALMIRANTE BROWN,2025,53,2025-12-28,208,44.0
6028,ALMIRANTE BROWN,2026,1,2026-01-04,209,46.0
6028,ALMIRANTE BROWN,2026,2,2026-01-11,210,32.0
6028,ALMIRANTE BROWN,2026,3,2026-01-18,211,35.0
6028,ALMIRANTE BROWN,2026,4,2026-01-25,212,40.0
6028,ALMIRANTE BROWN,2026,5,2026-02-01,213,45.0
6028,ALMIRANTE BROWN,2026,6,2026-02-08,214,44.0
6028,ALMIRANTE BROWN,2026,7,2026-02-15,215,41.0
6028,ALMIRANTE BROWN,2026,8,2026-02-22,216,68.0
6028,ALMIRANTE BROWN,2026,9,2026-03-01,217,0.0
6035,AVELLANEDA,2022,1,2022-01-02,0,116.0
6035,AVELLANEDA,2022,2,2022-01-09,1,62.0
6035,AVELLANEDA,2022,3,2022-01-16,2,70.0
6035,AVELLANEDA,2022,4,2022-01-23,3,72.0
6035,AVELLANEDA,2022,5,2022-01-30,4,117.0
6035,AVELLANEDA,2022,6,2022-02-06,5,97.0
6035,AVELLANEDA,2022,7,2022-02-13,6,138.0
6035,AVELLANEDA,2022,8,2022-02-20,7,188.0
6035,AVELLANEDA,2022,9,2022-02-27,8,258.0
6035,AVELLANEDA,2022,10,2022-03-06,9,253.0
6035,AVELLANEDA,2022,11,2022-03-13,10,244.0
6035,AVELLANEDA,2022,12,2022-03-20,11,236.0
6035,AVELLANEDA,2022,13,2022-03-27,12,185.0
6035,AVELLANEDA,2022,14,2022-04-03,13,228.0
6035,AVELLANEDA,2022,15,2022-04-10,14,209.0
6035,AVELLANEDA,2022,16,2022-04-17,15,206.0
6035,AVELLANEDA,2022,17,2022-04-24,16,153.0
6035,AVELLANEDA,2022,18,2022-05-01,17,315.0
6035,AVELLANEDA,2022,19,2022-05-08,18,681.0
6035,AVELLANEDA,2022,20,2022-05-15,19,787.0
6035,AVELLANEDA,2022,21,2022-05-22,20,672.0
6035,AVELLANEDA,2022,22,2022-05-29,21,854.0
6035,AVELLANEDA,2022,23,2022-06-05,22,650.0
6035,AVELLANEDA,2022,24,2022-06-12,23,644.0
6035,AVELLANEDA,2022,25,2022-06-19,24,587.0
6035,AVELLANEDA,2022,26,2022-06-26,25,598.0
6035,AVELLANEDA,2022,27,2022-07-03,26,664.0
6035,AVELLANEDA,2022,28,2022-07-10,27,662.0
6035,AVELLANEDA,2022,29,2022-07-17,28,636.0
6035,AVELLANEDA,2022,30,2022-07-24,29,511.0
6035,AVELLANEDA,2022,31,2022-07-31,30,531.0
6035,AVELLANEDA,2022,32,2022-08-07,31,600.0
6035,AVELLANEDA,2022,33,2022-08-14,32,484.0
6035,AVELLANEDA,2022,34,2022-08-21,33,617.0
6035,AVELLANEDA,2022,35,2022-08-28,34,542.0
6035,AVELLANEDA,2022,36,2022-09-04,35,376.0
6035,AVELLANEDA,2022,37,2022-09-11,36,412.0
6035,AVELLANEDA,2022,38,2022-09-18,37,374.0
6035,AVELLANEDA,2022,39,2022-09-25,38,401.0
6035,AVELLANEDA,2022,40,2022-10-02,39,443.0
6035,AVELLANEDA,2022,41,2022-10-09,40,485.0
6035,AVELLANEDA,2022,42,2022-10-16,41,408.0
6035,AVELLANEDA,2022,43,2022-10-23,42,451.0
6035,AVELLANEDA,2022,44,2022-10-30,43,259.0
6035,AVELLANEDA,2022,45,2022-11-06,44,227.0
6035,AVELLANEDA,2022,46,2022-11-13,45,211.0
6035,AVELLANEDA,2022,47,2022-11-20,46,201.0
6035,AVELLANEDA,2022,48,2022-11-27,47,212.0
6035,AVELLANEDA,2022,49,2022-12-04,48,192.0
6035,AVELLANEDA,2022,50,2022-12-11,49,243.0
6035,AVELLANEDA,2022,51,2022-12-18,50,178.0
6035,AVELLANEDA,2022,52,2022-12-25,51,219.0
6035,AVELLANEDA,2023,1,2023-01-01,52,249.0
6035,AVELLANEDA,2023,2,2023-01-08,53,145.0
6035,AVELLANEDA,2023,3,2023-01-15,54,153.0
6035,AVELLANEDA,2023,4,2023-01-22,55,185.0
6035,AVELLANEDA,2023,5,2023-01-29,56,221.0
6035,AVELLANEDA,2023,6,2023-02-05,57,167.0
6035,AVELLANEDA,2023,7,2023-02-12,58,160.0
6035,AVELLANEDA,2023,8,2023-02-19,59,126.0
6035,AVELLANEDA,2023,9,2023-02-26,60,142.0
6035,AVELLANEDA,2023,10,2023-03-05,61,249.0
6035,AVELLANEDA,2023,11,2023-03-12,62,610.0
6035,AVELLANEDA,2023,12,2023-03-19,63,589.0
6035,AVELLANEDA,2023,13,2023-03-26,64,480.0
6035,AVELLANEDA,2023,14,2023-04-02,65,738.0
6035,AVELLANEDA,2023,15,2023-04-09,66,763.0
6035,AVELLANEDA,2023,16,2023-04-16,67,830.0
6035,AVELLANEDA,2023,17,2023-04-23,68,802.0
6035,AVELLANEDA,2023,18,2023-04-30,69,783.0
6035,AVELLANEDA,2023,19,2023-05-07,70,975.0
6035,AVELLANEDA,2023,20,2023-05-14,71,1473.0
6035,AVELLANEDA,2023,21,2023-05-21,72,2407.0
6035,AVELLANEDA,2023,22,2023-05-28,73,1059.0
6035,AVELLANEDA,2023,23,2023-06-04,74,950.0
6035,AVELLANEDA,2023,24,2023-06-11,75,1140.0
6035,AVELLANEDA,2023,25,2023-06-18,76,652.0
6035,AVELLANEDA,2023,26,2023-06-25,77,603.0
6035,AVELLANEDA,2023,27,2023-07-02,78,689.0
6035,AVELLANEDA,2023,28,2023-07-09,79,547.0
6035,AVELLANEDA,2023,29,2023-07-16,80,426.0
6035,AVELLANEDA,2023,30,2023-07-23,81,484.0
6035,AVELLANEDA,2023,31,2023-07-30,82,582.0
6035,AVELLANEDA,2023,32,2023-08-06,83,704.0
6035,AVELLANEDA,2023,33,2023-08-13,84,712.0
6035,AVELLANEDA,2023,34,2023-08-20,85,595.0
6035,AVELLANEDA,2023,35,2023-08-27,86,652.0
6035,AVELLANEDA,2023,36,2023-09-03,87,458.0
6035,AVELLANEDA,2023,37,2023-09-10,88,607.0
6035,AVELLANEDA,2023,38,2023-09-17,89,331.0
6035,AVELLANEDA,2023,39,2023-09-24,90,619.0
6035,AVELLANEDA,2023,40,2023-10-01,91,521.0
6035,AVELLANEDA,2023,41,2023-10-08,92,568.0
6035,AVELLANEDA,2023,42,2023-10-15,93,440.0
6035,AVELLANEDA,2023,43,2023-10-22,94,422.0
6035,AVELLANEDA,2023,44,2023-10-29,95,379.0
6035,AVELLANEDA,2023,45,2023-11-05,96,292.0
6035,AVELLANEDA,2023,46,2023-11-12,97,399.0
6035,AVELLANEDA,2023,47,2023-11-19,98,418.0
6035,AVELLANEDA,2023,48,2023-11-26,99,339.0
6035,AVELLANEDA,2023,49,2023-12-03,100,240.0
6035,AVELLANEDA,2023,50,2023-12-10,101,263.0
6035,AVELLANEDA,2023,51,2023-12-17,102,248.0
6035,AVELLANEDA,2023,52,2023-12-24,103,332.0
6035,AVELLANEDA,2024,1,2023-12-31,104,369.0
6035,AVELLANEDA,2024,2,2024-01-07,105,397.0
6035,AVELLANEDA,2024,3,2024-01-14,106,464.0
6035,AVELLANEDA,2024,4,2024-01-21,107,451.0
6035,AVELLANEDA,2024,5,2024-01-28,108,449.0
6035,AVELLANEDA,2024,6,2024-02-04,109,472.0
6035,AVELLANEDA,2024,7,2024-02-11,110,338.0
6035,AVELLANEDA,2024,8,2024-02-18,111,349.0
6035,AVELLANEDA,2024,9,2024-02-25,112,557.0
6035,AVELLANEDA,2024,10,2024-03-03,113,508.0
6035,AVELLANEDA,2024,11,2024-03-10,114,664.0
6035,AVELLANEDA,2024,12,2024-03-17,115,487.0
6035,AVELLANEDA,2024,13,2024-03-24,116,511.0
6035,AVELLANEDA,2024,14,2024-03-31,117,615.0
6035,AVELLANEDA,2024,15,2024-04-07,118,623.0
6035,AVELLANEDA,2024,16,2024-04-14,119,411.0
6035,AVELLANEDA,2024,17,2024-04-21,120,385.0
6035,AVELLANEDA,2024,18,2024-04-28,121,642.0
6035,AVELLANEDA,2024,19,2024-05-05,122,671.0
6035,AVELLANEDA,2024,20,2024-05-12,123,1089.0
6035,AVELLANEDA,2024,21,2024-05-19,124,1257.0
6035,AVELLANEDA,2024,22,2024-05-26,125,1462.0
6035,AVELLANEDA,2024,23,2024-06-02,126,1233.0
6035,AVELLANEDA,2024,24,2024-06-09,127,1327.0
6035,AVELLANEDA,2024,25,2024-06-16,128,929.0
6035,AVELLANEDA,2024,26,2024-06-23,129,877.0
6035,AVELLANEDA,2024,27,2024-06-30,130,843.0
6035,AVELLANEDA,2024,28,2024-07-07,131,676.0
6035,AVELLANEDA,2024,29,2024-07-14,132,685.0
6035,AVELLANEDA,2024,30,2024-07-21,133,749.0
6035,AVELLANEDA,2024,31,2024-07-28,134,579.0
6035,AVELLANEDA,2024,32,2024-08-04,135,655.0
6035,AVELLANEDA,2024,33,2024-08-11,136,731.0
6035,AVELLANEDA,2024,34,2024-08-18,137,770.0
6035,AVELLANEDA,2024,35,2024-08-25,138,660.0
6035,AVELLANEDA,2024,36,2024-09-01,139,788.0
6035,AVELLANEDA,2024,37,2024-09-08,140,762.0
6035,AVELLANEDA,2024,38,2024-09-15,141,706.0
6035,AVELLANEDA,2024,39,2024-09-22,142,759.0
6035,AVELLANEDA,2024,40,2024-09-29,143,655.0
6035,AVELLANEDA,2024,41,2024-10-06,144,694.0
6035,AVELLANEDA,2024,42,2024-10-13,145,612.0
6035,AVELLANEDA,2024,43,2024-10-20,146,623.0
6035,AVELLANEDA,2024,44,2024-10-27,147,431.0
6035,AVELLANEDA,2024,45,2024-11-03,148,350.0
6035,AVELLANEDA,2024,46,2024-11-10,149,402.0
6035,AVELLANEDA,2024,47,2024-11-17,150,390.0
6035,AVELLANEDA,2024,48,2024-11-24,151,478.0
6035,AVELLANEDA,2024,49,2024-12-01,152,312.0
6035,AVELLANEDA,2024,50,2024-12-08,153,338.0
6035,AVELLANEDA,2024,51,2024-12-15,154,255.0
6035,AVELLANEDA,2024,52,2024-12-22,155,245.0
6035,AVELLANEDA,2025,1,2024-12-29,156,301.0
6035,AVELLANEDA,2025,2,2025-01-05,157,251.0
6035,AVELLANEDA,2025,3,2025-01-12,158,313.0
6035,AVELLANEDA,2025,4,2025-01-19,159,346.0
6035,AVELLANEDA,2025,5,2025-01-26,160,356.0
6035,AVELLANEDA,2025,6,2025-02-02,161,374.0
6035,AVELLANEDA,2025,7,2025-02-09,162,317.0
6035,AVELLANEDA,2025,8,2025-02-16,163,308.0
6035,AVELLANEDA,2025,9,2025-02-23,164,313.0
6035,AVELLANEDA,2025,10,2025-03-02,165,266.0
6035,AVELLANEDA,2025,11,2025-03-09,166,475.0
6035,AVELLANEDA,2025,12,2025-03-16,167,690.0
6035,AVELLANEDA,2025,13,2025-03-23,168,559.0
6035,AVELLANEDA,2025,14,2025-03-30,169,647.0
6035,AVELLANEDA,2025,15,2025-04-06,170,511.0
6035,AVELLANEDA,2025,16,2025-04-13,171,386.0
6035,AVELLANEDA,2025,17,2025-04-20,172,577.0
6035,AVELLANEDA,2025,18,2025-04-27,173,686.0
6035,AVELLANEDA,2025,19,2025-05-04,174,517.0
6035,AVELLANEDA,2025,20,2025-05-11,175,674.0
6035,AVELLANEDA,2025,21,2025-05-18,176,798.0
6035,AVELLANEDA,2025,22,2025-05-25,177,969.0
6035,AVELLANEDA,2025,23,2025-06-01,178,1190.0
6035,AVELLANEDA,2025,24,2025-06-08,179,998.0
6035,AVELLANEDA,2025,25,2025-06-15,180,805.0
6035,AVELLANEDA,2025,26,2025-06-22,181,695.0
6035,AVELLANEDA,2025,27,2025-06-29,182,653.0
6035,AVELLANEDA,2025,28,2025-07-06,183,770.0
6035,AVELLANEDA,2025,29,2025-07-13,184,750.0
6035,AVELLANEDA,2025,30,2025-07-20,185,757.0
6035,AVELLANEDA,2025,31,2025-07-27,186,514.0
6035,AVELLANEDA,2025,32,2025-08-03,187,541.0
6035,AVELLANEDA,2025,33,2025-08-10,188,633.0
6035,AVELLANEDA,2025,34,2025-08-17,189,532.0
6035,AVELLANEDA,2025,35,2025-08-24,190,596.0
6035,AVELLANEDA,2025,36,2025-08-31,191,677.0
6035,AVELLANEDA,2025,37,2025-09-07,192,696.0
6035,AVELLANEDA,2025,38,2025-09-14,193,575.0
6035,AVELLANEDA,2025,39,2025-09-21,194,624.0
6035,AVELLANEDA,2025,40,2025-09-28,195,567.0
6035,AVELLANEDA,2025,41,2025-10-05,196,416.0
6035,AVELLANEDA,2025,42,2025-10-12,197,466.0
6035,AVELLANEDA,2025,43,2025-10-19,198,406.0
6035,AVELLANEDA,2025,44,2025-10-26,199,395.0
6035,AVELLANEDA,2025,45,2025-11-02,200,319.0
6035,AVELLANEDA,2025,46,2025-11-09,201,443.0
6035,AVELLANEDA,2025,47,2025-11-16,202,388.0
6035,AVELLANEDA,2025,48,2025-11-23,203,332.0
6035,AVELLANEDA,2025,49,2025-11-30,204,419.0
6035,AVELLANEDA,2025,50,2025-12-07,205,435.0
6035,AVELLANEDA,2025,51,2025-12-14,206,353.0
6035,AVELLANEDA,2025,52,2025-12-21,207,235.0
6035,AVELLANEDA,2025,53,2025-12-28,208,193.0
6035,AVELLANEDA,2026,1,2026-01-04,209,240.0
6035,AVELLANEDA,2026,2,2026-01-11,210,296.0
6035,AVELLANEDA,2026,3,2026-01-18,211,298.0
6035,AVELLANEDA,2026,4,2026-01-25,212,269.0
6035,AVELLANEDA,2026,5,2026-02-01,213,301.0
6035,AVELLANEDA,2026,6,2026-02-08,214,289.0
6035,AVELLANEDA,2026,7,2026-02-15,215,81.0
6035,AVELLANEDA,2026,8,2026-02-22,216,83.0
6035,AVELLANEDA,2026,9,2026-03-01,217,0.0
6091,BERAZATEGUI,2022,1,2022-01-02,0,
6091,BERAZATEGUI,2022,2,2022-01-09,1,
6091,BERAZATEGUI,2022,3,2022-01-16,2,
6091,BERAZATEGUI,2022,4,2022-01-23,3,
6091,BERAZATEGUI,2022,5,2022-01-30,4,2.0
6091,BERAZATEGUI,2022,6,2022-02-06,5,4.0
6091,BERAZATEGUI,2022,7,2022-02-13,6,5.0
6091,BERAZATEGUI,2022,8,2022-02-20,7,3.0
6091,BERAZATEGUI,2022,9,2022-02-27,8,3.0
6091,BERAZATEGUI,2022,10,2022-03-06,9,14.0
6091,BERAZATEGUI,2022,11,2022-03-13,10,14.0
6091,BERAZATEGUI,2022,12,2022-03-20,11,0.0
6091,BERAZATEGUI,2022,13,2022-03-27,12,0.0
6091,BERAZATEGUI,2022,14,2022-04-03,13,8.0
6091,BERAZATEGUI,2022,15,2022-04-10,14,0.0
6091,BERAZATEGUI,2022,16,2022-04-17,15,22.0
6091,BERAZATEGUI,2022,17,2022-04-24,16,20.0
6091,BERAZATEGUI,2022,18,2022-05-01,17,351.0
6091,BERAZATEGUI,2022,19,2022-05-08,18,316.0
6091,BERAZATEGUI,2022,20,2022-05-15,19,355.0
6091,BERAZATEGUI,2022,21,2022-05-22,20,190.0
6091,BERAZATEGUI,2022,22,2022-05-29,21,205.0
6091,BERAZATEGUI,2022,23,2022-06-05,22,226.0
6091,BERAZATEGUI,2022,24,2022-06-12,23,136.0
6091,BERAZATEGUI,2022,25,2022-06-19,24,111.0
6091,BERAZATEGUI,2022,26,2022-06-26,25,183.0
6091,BERAZATEGUI,2022,27,2022-07-03,26,226.0
6091,BERAZATEGUI,2022,28,2022-07-10,27,201.0
6091,BERAZATEGUI,2022,29,2022-07-17,28,169.0
6091,BERAZATEGUI,2022,30,2022-07-24,29,122.0
6091,BERAZATEGUI,2022,31,2022-07-31,30,100.0
6091,BERAZATEGUI,2022,32,2022-08-07,31,187.0
6091,BERAZATEGUI,2022,33,2022-08-14,32,71.0
6091,BERAZATEGUI,2022,34,2022-08-21,33,62.0
6091,BERAZATEGUI,2022,35,2022-08-28,34,41.0
6091,BERAZATEGUI,2022,36,2022-09-04,35,51.0
6091,BERAZATEGUI,2022,37,2022-09-11,36,
6091,BERAZATEGUI,2022,38,2022-09-18,37,
6091,BERAZATEGUI,2022,39,2022-09-25,38,
6091,BERAZATEGUI,2022,40,2022-10-02,39,
6091,BERAZATEGUI,2022,41,2022-10-09,40,
6091,BERAZATEGUI,2022,42,2022-10-16,41,
6091,BERAZATEGUI,2022,43,2022-10-23,42,
6091,BERAZATEGUI,2022,44,2022-10-30,43,
6091,BERAZATEGUI,2022,45,2022-11-06,44,
6091,BERAZATEGUI,2022,46,2022-11-13,45,
6091,BERAZATEGUI,2022,47,2022-11-20,46,
6091,BERAZATEGUI,2022,48,2022-11-27,47,
6091,BERAZATEGUI,2022,49,2022-12-04,48,
6091,BERAZATEGUI,2022,50,2022-12-11,49,
6091,BERAZATEGUI,2022,51,2022-12-18,50,
6091,BERAZATEGUI,2022,52,2022-12-25,51,
6091,BERAZATEGUI,2023,1,2023-01-01,52,13.0
6091,BERAZATEGUI,2023,2,2023-01-08,53,18.0
6091,BERAZATEGUI,2023,3,2023-01-15,54,8.0
6091,BERAZATEGUI,2023,4,2023-01-22,55,7.0
6091,BERAZATEGUI,2023,5,2023-01-29,56,12.0
6091,BERAZATEGUI,2023,6,2023-02-05,57,7.0
6091,BERAZATEGUI,2023,7,2023-02-12,58,9.0
6091,BERAZATEGUI,2023,8,2023-02-19,59,8.0
6091,BERAZATEGUI,2023,9,2023-02-26,60,9.0
6091,BERAZATEGUI,2023,10,2023-03-05,61,10.0
6091,BERAZATEGUI,2023,11,2023-03-12,62,6.0
6091,BERAZATEGUI,2023,12,2023-03-19,63,7.0
6091,BERAZATEGUI,2023,13,2023-03-26,64,7.0
6091,BERAZATEGUI,2023,14,2023-04-02,65,7.0
6091,BERAZATEGUI,2023,15,2023-04-09,66,15.0
6091,BERAZATEGUI,2023,16,2023-04-16,67,166.0
6091,BERAZATEGUI,2023,17,2023-04-23,68,144.0
6091,BERAZATEGUI,2023,18,2023-04-30,69,115.0
6091,BERAZATEGUI,2023,19,2023-05-07,70,118.0
6091,BERAZATEGUI,2023,20,2023-05-14,71,79.0
6091,BERAZATEGUI,2023,21,2023-05-21,72,68.0
6091,BERAZATEGUI,2023,22,2023-05-28,73,53.0
6091,BERAZATEGUI,2023,23,2023-06-04,74,47.0
6091,BERAZATEGUI,2023,24,2023-06-11,75,49.0
6091,BERAZATEGUI,2023,25,2023-06-18,76,15.0
6091,BERAZATEGUI,2023,26,2023-06-25,77,15.0
6091,BERAZATEGUI,2023,27,2023-07-02,78,16.0
6091,BERAZATEGUI,2023,28,2023-07-09,79,17.0
6091,BERAZATEGUI,2023,29,2023-07-16,80,7.0
6091,BERAZATEGUI,2023,30,2023-07-23,81,12.0
6091,BERAZATEGUI,2023,31,2023-07-30,82,10.0
6091,BERAZATEGUI,2023,32,2023-08-06,83,10.0
6091,BERAZATEGUI,2023,33,2023-08-13,84,7.0
6091,BERAZATEGUI,2023,34,2023-08-20,85,8.0
6091,BERAZATEGUI,2023,35,2023-08-27,86,5.0
6091,BERAZATEGUI,2023,36,2023-09-03,87,5.0
6091,BERAZATEGUI,2023,37,2023-09-10,88,5.0
6091,BERAZATEGUI,2023,38,2023-09-17,89,6.0
6091,BERAZATEGUI,2023,39,2023-09-24,90,7.0
6091,BERAZATEGUI,2023,40,2023-10-01,91,6.0
6091,BERAZATEGUI,2023,41,2023-10-08,92,7.0
6091,BERAZATEGUI,2023,42,2023-10-15,93,6.0
6091,BERAZATEGUI,2023,43,2023-10-22,94,2.0
6091,BERAZATEGUI,2023,44,2023-10-29,95,3.0
6091,BERAZATEGUI,2023,45,2023-11-05,96,6.0
6091,BERAZATEGUI,2023,46,2023-11-12,97,5.0
6091,BERAZATEGUI,2023,47,2023-11-19,98,5.0
6091,BERAZATEGUI,2023,48,2023-11-26,99,5.0
6091,BERAZATEGUI,2023,49,2023-12-03,100,
6091,BERAZATEGUI,2023,50,2023-12-10,101,
6091,BERAZATEGUI,2023,51,2023-12-17,102,
6091,BERAZATEGUI,2023,52,2023-12-24,103,
6091,BERAZATEGUI,2024,1,2023-12-31,104,17.0
6091,BERAZATEGUI,2024,2,2024-01-07,105,25.0
6091,BERAZATEGUI,2024,3,2024-01-14,106,25.0
6091,BERAZATEGUI,2024,4,2024-01-21,107,52.0
6091,BERAZATEGUI,2024,5,2024-01-28,108,34.0
6091,BERAZATEGUI,2024,6,2024-02-04,109,37.0
6091,BERAZATEGUI,2024,7,2024-02-11,110,41.0
6091,BERAZATEGUI,2024,8,2024-02-18,111,19.0
6091,BERAZATEGUI,2024,9,2024-02-25,112,19.0
6091,BERAZATEGUI,2024,10,2024-03-03,113,16.0
6091,BERAZATEGUI,2024,11,2024-03-10,114,18.0
6091,BERAZATEGUI,2024,12,2024-03-17,115,13.0
6091,BERAZATEGUI,2024,13,2024-03-24,116,24.0
6091,BERAZATEGUI,2024,14,2024-03-31,117,49.0
6091,BERAZATEGUI,2024,15,2024-04-07,118,14.0
6091,BERAZATEGUI,2024,16,2024-04-14,119,22.0
6091,BERAZATEGUI,2024,17,2024-04-21,120,46.0
6091,BERAZATEGUI,2024,18,2024-04-28,121,31.0
6091,BERAZATEGUI,2024,19,2024-05-05,122,53.0
6091,BERAZATEGUI,2024,20,2024-05-12,123,99.0
6091,BERAZATEGUI,2024,21,2024-05-19,124,139.0
6091,BERAZATEGUI,2024,22,2024-05-26,125,157.0
6091,BERAZATEGUI,2024,23,2024-06-02,126,102.0
6091,BERAZATEGUI,2024,24,2024-06-09,127,91.0
6091,BERAZATEGUI,2024,25,2024-06-16,128,58.0
6091,BERAZATEGUI,2024,26,2024-06-23,129,51.0
6091,BERAZATEGUI,2024,27,2024-06-30,130,65.0
6091,BERAZATEGUI,2024,28,2024-07-07,131,55.0
6091,BERAZATEGUI,2024,29,2024-07-14,132,70.0
6091,BERAZATEGUI,2024,30,2024-07-21,133,57.0
6091,BERAZATEGUI,2024,31,2024-07-28,134,47.0
6091,BERAZATEGUI,2024,32,2024-08-04,135,31.0
6091,BERAZATEGUI,2024,33,2024-08-11,136,69.0
6091,BERAZATEGUI,2024,34,2024-08-18,137,23.0
6091,BERAZATEGUI,2024,35,2024-08-25,138,20.0
6091,BERAZATEGUI,2024,36,2024-09-01,139,21.0
6091,BERAZATEGUI,2024,37,2024-09-08,140,17.0
6091,BERAZATEGUI,2024,38,2024-09-15,141,19.0
6091,BERAZATEGUI,2024,39,2024-09-22,142,27.0
6091,BERAZATEGUI,2024,40,2024-09-29,143,27.0
6091,BERAZATEGUI,2024,41,2024-10-06,144,12.0
6091,BERAZATEGUI,2024,42,2024-10-13,145,26.0
6091,BERAZATEGUI,2024,43,2024-10-20,146,24.0
6091,BERAZATEGUI,2024,44,2024-10-27,147,16.0
6091,BERAZATEGUI,2024,45,2024-11-03,148,12.0
6091,BERAZATEGUI,2024,46,2024-11-10,149,5.0
6091,BERAZATEGUI,2024,47,2024-11-17,150,10.0
6091,BERAZATEGUI,2024,48,2024-11-24,151,13.0
6091,BERAZATEGUI,2024,49,2024-12-01,152,9.0
6091,BERAZATEGUI,2024,50,2024-12-08,153,15.0
6091,BERAZATEGUI,2024,51,2024-12-15,154,8.0
6091,BERAZATEGUI,2024,52,2024-12-22,155,7.0
6091,BERAZATEGUI,2025,1,2024-12-29,156,8.0
6091,BERAZATEGUI,2025,2,2025-01-05,157,25.0
6091,BERAZATEGUI,2025,3,2025-01-12,158,21.0
6091,BERAZATEGUI,2025,4,2025-01-19,159,15.0
6091,BERAZATEGUI,2025,5,2025-01-26,160,16.0
6091,BERAZATEGUI,2025,6,2025-02-02,161,13.0
6091,BERAZATEGUI,2025,7,2025-02-09,162,9.0
6091,BERAZATEGUI,2025,8,2025-02-16,163,9.0
6091,BERAZATEGUI,2025,9,2025-02-23,164,13.0
6091,BERAZATEGUI,2025,10,2025-03-02,165,10.0
6091,BERAZATEGUI,2025,11,2025-03-09,166,17.0
6091,BERAZATEGUI,2025,12,2025-03-16,167,30.0
6091,BERAZATEGUI,2025,13,2025-03-23,168,21.0
6091,BERAZATEGUI,2025,14,2025-03-30,169,19.0
6091,BERAZATEGUI,2025,15,2025-04-06,170,22.0
6091,BERAZATEGUI,2025,16,2025-04-13,171,18.0
6091,BERAZATEGUI,2025,17,2025-04-20,172,22.0
6091,BERAZATEGUI,2025,18,2025-04-27,173,22.0
6091,BERAZATEGUI,2025,19,2025-05-04,174,23.0
6091,BERAZATEGUI,2025,20,2025-05-11,175,18.0
6091,BERAZATEGUI,2025,21,2025-05-18,176,21.0
6091,BERAZATEGUI,2025,22,2025-05-25,177,42.0
6091,BERAZATEGUI,2025,23,2025-06-01,178,45.0
6091,BERAZATEGUI,2025,24,2025-06-08,179,29.0
6091,BERAZATEGUI,2025,25,2025-06-15,180,48.0
6091,BERAZATEGUI,2025,26,2025-06-22,181,25.0
6091,BERAZATEGUI,2025,27,2025-06-29,182,39.0
6091,BERAZATEGUI,2025,28,2025-07-06,183,44.0
6091,BERAZATEGUI,2025,29,2025-07-13,184,45.0
6091,BERAZATEGUI,2025,30,2025-07-20,185,26.0
6091,BERAZATEGUI,2025,31,2025-07-27,186,25.0
6091,BERAZATEGUI,2025,32,2025-08-03,187,27.0
6091,BERAZATEGUI,2025,33,2025-08-10,188,23.0
6091,BERAZATEGUI,2025,34,2025-08-17,189,20.0
6091,BERAZATEGUI,2025,35,2025-08-24,190,23.0
6091,BERAZATEGUI,2025,36,2025-08-31,191,16.0
6091,BERAZATEGUI,2025,37,2025-09-07,192,29.0
6091,BERAZATEGUI,2025,38,2025-09-14,193,23.0
6091,BERAZATEGUI,2025,39,2025-09-21,194,19.0
6091,BERAZATEGUI,2025,40,2025-09-28,195,21.0
6091,BERAZATEGUI,2025,41,2025-10-05,196,24.0
6091,BERAZATEGUI,2025,42,2025-10-12,197,15.0
6091,BERAZATEGUI,2025,43,2025-10-19,198,8.0
6091,BERAZATEGUI,2025,44,2025-10-26,199,14.0
6091,BERAZATEGUI,2025,45,2025-11-02,200,17.0
6091,BERAZATEGUI,2025,46,2025-11-09,201,11.0
6091,BERAZATEGUI,2025,47,2025-11-16,202,23.0
6091,BERAZATEGUI,2025,48,2025-11-23,203,14.0
6091,BERAZATEGUI,2025,49,2025-11-30,204,2.0
6091,BERAZATEGUI,2025,50,2025-12-07,205,12.0
6091,BERAZATEGUI,2025,51,2025-12-14,206,8.0
6091,BERAZATEGUI,2025,52,2025-12-21,207,7.0
6091,BERAZATEGUI,2025,53,2025-12-28,208,6.0
6091,BERAZATEGUI,2026,1,2026-01-04,209,12.0
6091,BERAZATEGUI,2026,2,2026-01-11,210,13.0
6091,BERAZATEGUI,2026,3,2026-01-18,211,3.0
6091,BERAZATEGUI,2026,4,2026-01-25,212,2.0
6091,BERAZATEGUI,2026,5,2026-02-01,213,8.0
6091,BERAZATEGUI,2026,6,2026-02-08,214,3.0
6091,BERAZATEGUI,2026,7,2026-02-15,215,5.0
6091,BERAZATEGUI,2026,8,2026-02-22,216,3.0
6091,BERAZATEGUI,2026,9,2026-03-01,217,0.0
6260,ESTEBAN ECHEVERRÍA,2022,1,2022-01-02,0,
6260,ESTEBAN ECHEVERRÍA,2022,2,2022-01-09,1,
6260,ESTEBAN ECHEVERRÍA,2022,3,2022-01-16,2,
6260,ESTEBAN ECHEVERRÍA,2022,4,2022-01-23,3,3.0
6260,ESTEBAN ECHEVERRÍA,2022,5,2022-01-30,4,
6260,ESTEBAN ECHEVERRÍA,2022,6,2022-02-06,5,
6260,ESTEBAN ECHEVERRÍA,2022,7,2022-02-13,6,
6260,ESTEBAN ECHEVERRÍA,2022,8,2022-02-20,7,
6260,ESTEBAN ECHEVERRÍA,2022,9,2022-02-27,8,
6260,ESTEBAN ECHEVERRÍA,2022,10,2022-03-06,9,2.0
6260,ESTEBAN ECHEVERRÍA,2022,11,2022-03-13,10,4.0
6260,ESTEBAN ECHEVERRÍA,2022,12,2022-03-20,11,1.0
6260,ESTEBAN ECHEVERRÍA,2022,13,2022-03-27,12,2.0
6260,ESTEBAN ECHEVERRÍA,2022,14,2022-04-03,13,2.0
6260,ESTEBAN ECHEVERRÍA,2022,15,2022-04-10,14,3.0
6260,ESTEBAN ECHEVERRÍA,2022,16,2022-04-17,15,0.0
6260,ESTEBAN ECHEVERRÍA,2022,17,2022-04-24,16,1.0
6260,ESTEBAN ECHEVERRÍA,2022,18,2022-05-01,17,2.0
6260,ESTEBAN ECHEVERRÍA,2022,19,2022-05-08,18,4.0
6260,ESTEBAN ECHEVERRÍA,2022,20,2022-05-15,19,3.0
6260,ESTEBAN ECHEVERRÍA,2022,21,2022-05-22,20,6.0
6260,ESTEBAN ECHEVERRÍA,2022,22,2022-05-29,21,10.0
6260,ESTEBAN ECHEVERRÍA,2022,23,2022-06-05,22,4.0
6260,ESTEBAN ECHEVERRÍA,2022,24,2022-06-12,23,2.0
6260,ESTEBAN ECHEVERRÍA,2022,25,2022-06-19,24,2.0
6260,ESTEBAN ECHEVERRÍA,2022,26,2022-06-26,25,6.0
6260,ESTEBAN ECHEVERRÍA,2022,27,2022-07-03,26,2.0
6260,ESTEBAN ECHEVERRÍA,2022,28,2022-07-10,27,0.0
6260,ESTEBAN ECHEVERRÍA,2022,29,2022-07-17,28,2.0
6260,ESTEBAN ECHEVERRÍA,2022,30,2022-07-24,29,0.0
6260,ESTEBAN ECHEVERRÍA,2022,31,2022-07-31,30,1.0
6260,ESTEBAN ECHEVERRÍA,2022,32,2022-08-07,31,4.0
6260,ESTEBAN ECHEVERRÍA,2022,33,2022-08-14,32,2.0
6260,ESTEBAN ECHEVERRÍA,2022,34,2022-08-21,33,2.0
6260,ESTEBAN ECHEVERRÍA,2022,35,2022-08-28,34,
6260,ESTEBAN ECHEVERRÍA,2022,36,2022-09-04,35,
6260,ESTEBAN ECHEVERRÍA,2022,37,2022-09-11,36,
6260,ESTEBAN ECHEVERRÍA,2022,38,2022-09-18,37,
6260,ESTEBAN ECHEVERRÍA,2022,39,2022-09-25,38,
6260,ESTEBAN ECHEVERRÍA,2022,40,2022-10-02,39,
6260,ESTEBAN ECHEVERRÍA,2022,41,2022-10-09,40,
6260,ESTEBAN ECHEVERRÍA,2022,42,2022-10-16,41,
6260,ESTEBAN ECHEVERRÍA,2022,43,2022-10-23,42,
6260,ESTEBAN ECHEVERRÍA,2022,44,2022-10-30,43,
6260,ESTEBAN ECHEVERRÍA,2022,45,2022-11-06,44,
6260,ESTEBAN ECHEVERRÍA,2022,46,2022-11-13,45,
6260,ESTEBAN ECHEVERRÍA,2022,47,2022-11-20,46,
6260,ESTEBAN ECHEVERRÍA,2022,48,2022-11-27,47,
6260,ESTEBAN ECHEVERRÍA,2022,49,2022-12-04,48,
6260,ESTEBAN ECHEVERRÍA,2022,50,2022-12-11,49,
6260,ESTEBAN ECHEVERRÍA,2022,51,2022-12-18,50,
6260,ESTEBAN ECHEVERRÍA,2022,52,2022-12-25,51,
6260,ESTEBAN ECHEVERRÍA,2023,1,2023-01-01,52,9.0
6260,ESTEBAN ECHEVERRÍA,2023,2,2023-01-08,53,5.0
6260,ESTEBAN ECHEVERRÍA,2023,3,2023-01-15,54,4.0
6260,ESTEBAN ECHEVERRÍA,2023,4,2023-01-22,55,0.0
6260,ESTEBAN ECHEVERRÍA,2023,5,2023-01-29,56,10.0
6260,ESTEBAN ECHEVERRÍA,2023,6,2023-02-05,57,7.0
6260,ESTEBAN ECHEVERRÍA,2023,7,2023-02-12,58,11.0
6260,ESTEBAN ECHEVERRÍA,2023,8,2023-02-19,59,9.0
6260,ESTEBAN ECHEVERRÍA,2023,9,2023-02-26,60,1.0
6260,ESTEBAN ECHEVERRÍA,2023,10,2023-03-05,61,1.0
6260,ESTEBAN ECHEVERRÍA,2023,11,2023-03-12,62,5.0
6260,ESTEBAN ECHEVERRÍA,2023,12,2023-03-19,63,3.0
6260,ESTEBAN ECHEVERRÍA,2023,13,2023-03-26,64,9.0
6260,ESTEBAN ECHEVERRÍA,2023,14,2023-04-02,65,5.0
6260,ESTEBAN ECHEVERRÍA,2023,15,2023-04-09,66,17.0
6260,ESTEBAN ECHEVERRÍA,2023,16,2023-04-16,67,10.0
6260,ESTEBAN ECHEVERRÍA,2023,17,2023-04-23,68,7.0
6260,ESTEBAN ECHEVERRÍA,2023,18,2023-04-30,69,25.0
6260,ESTEBAN ECHEVERRÍA,2023,19,2023-05-07,70,12.0
6260,ESTEBAN ECHEVERRÍA,2023,20,2023-05-14,71,8.0
6260,ESTEBAN ECHEVERRÍA,2023,21,2023-05-21,72,0.0
6260,ESTEBAN ECHEVERRÍA,2023,22,2023-05-28,73,9.0
6260,ESTEBAN ECHEVERRÍA,2023,23,2023-06-04,74,29.0
6260,ESTEBAN ECHEVERRÍA,2023,24,2023-06-11,75,5.0
6260,ESTEBAN ECHEVERRÍA,2023,25,2023-06-18,76,0.0
6260,ESTEBAN ECHEVERRÍA,2023,26,2023-06-25,77,3.0
6260,ESTEBAN ECHEVERRÍA,2023,27,2023-07-02,78,15.0
6260,ESTEBAN ECHEVERRÍA,2023,28,2023-07-09,79,11.0
6260,ESTEBAN ECHEVERRÍA,2023,29,2023-07-16,80,14.0
6260,ESTEBAN ECHEVERRÍA,2023,30,2023-07-23,81,13.0
6260,ESTEBAN ECHEVERRÍA,2023,31,2023-07-30,82,13.0
6260,ESTEBAN ECHEVERRÍA,2023,32,2023-08-06,83,14.0
6260,ESTEBAN ECHEVERRÍA,2023,33,2023-08-13,84,13.0
6260,ESTEBAN ECHEVERRÍA,2023,34,2023-08-20,85,15.0
6260,ESTEBAN ECHEVERRÍA,2023,35,2023-08-27,86,5.0
6260,ESTEBAN ECHEVERRÍA,2023,36,2023-09-03,87,15.0
6260,ESTEBAN ECHEVERRÍA,2023,37,2023-09-10,88,19.0
6260,ESTEBAN ECHEVERRÍA,2023,38,2023-09-17,89,27.0
6260,ESTEBAN ECHEVERRÍA,2023,39,2023-09-24,90,22.0
6260,ESTEBAN ECHEVERRÍA,2023,40,2023-10-01,91,16.0
6260,ESTEBAN ECHEVERRÍA,2023,41,2023-10-08,92,18.0
6260,ESTEBAN ECHEVERRÍA,2023,42,2023-10-15,93,9.0
6260,ESTEBAN ECHEVERRÍA,2023,43,2023-10-22,94,14.0
6260,ESTEBAN ECHEVERRÍA,2023,44,2023-10-29,95,17.0
6260,ESTEBAN ECHEVERRÍA,2023,45,2023-11-05,96,9.0
6260,ESTEBAN ECHEVERRÍA,2023,46,2023-11-12,97,14.0
6260,ESTEBAN ECHEVERRÍA,2023,47,2023-11-19,98,18.0
6260,ESTEBAN ECHEVERRÍA,2023,48,2023-11-26,99,0.0
6260,ESTEBAN ECHEVERRÍA,2023,49,2023-12-03,100,19.0
6260,ESTEBAN ECHEVERRÍA,2023,50,2023-12-10,101,0.0
6260,ESTEBAN ECHEVERRÍA,2023,51,2023-12-17,102,16.0
6260,ESTEBAN ECHEVERRÍA,2023,52,2023-12-24,103,0.0
6260,ESTEBAN ECHEVERRÍA,2024,1,2023-12-31,104,0.0
6260,ESTEBAN ECHEVERRÍA,2024,2,2024-01-07,105,1.0
6260,ESTEBAN ECHEVERRÍA,2024,3,2024-01-14,106,0.0
6260,ESTEBAN ECHEVERRÍA,2024,4,2024-01-21,107,3.0
6260,ESTEBAN ECHEVERRÍA,2024,5,2024-01-28,108,1.0
6260,ESTEBAN ECHEVERRÍA,2024,6,2024-02-04,109,
6260,ESTEBAN ECHEVERRÍA,2024,7,2024-02-11,110,
6260,ESTEBAN ECHEVERRÍA,2024,8,2024-02-18,111,
6260,ESTEBAN ECHEVERRÍA,2024,9,2024-02-25,112,
6260,ESTEBAN ECHEVERRÍA,2024,10,2024-03-03,113,
6260,ESTEBAN ECHEVERRÍA,2024,11,2024-03-10,114,2.0
6260,ESTEBAN ECHEVERRÍA,2024,12,2024-03-17,115,
6260,ESTEBAN ECHEVERRÍA,2024,13,2024-03-24,116,
6260,ESTEBAN ECHEVERRÍA,2024,14,2024-03-31,117,
6260,ESTEBAN ECHEVERRÍA,2024,15,2024-04-07,118,6.0
6260,ESTEBAN ECHEVERRÍA,2024,16,2024-04-14,119,7.0
6260,ESTEBAN ECHEVERRÍA,2024,17,2024-04-21,120,0.0
6260,ESTEBAN ECHEVERRÍA,2024,18,2024-04-28,121,2.0
6260,ESTEBAN ECHEVERRÍA,2024,19,2024-05-05,122,2.0
6260,ESTEBAN ECHEVERRÍA,2024,20,2024-05-12,123,16.0
6260,ESTEBAN ECHEVERRÍA,2024,21,2024-05-19,124,18.0
6260,ESTEBAN ECHEVERRÍA,2024,22,2024-05-26,125,22.0
6260,ESTEBAN ECHEVERRÍA,2024,23,2024-06-02,126,
6260,ESTEBAN ECHEVERRÍA,2024,24,2024-06-09,127,
6260,ESTEBAN ECHEVERRÍA,2024,25,2024-06-16,128,
6260,ESTEBAN ECHEVERRÍA,2024,26,2024-06-23,129,
6260,ESTEBAN ECHEVERRÍA,2024,27,2024-06-30,130,2.0
6260,ESTEBAN ECHEVERRÍA,2024,28,2024-07-07,131,0.0
6260,ESTEBAN ECHEVERRÍA,2024,29,2024-07-14,132,5.0
6260,ESTEBAN ECHEVERRÍA,2024,30,2024-07-21,133,5.0
6260,ESTEBAN ECHEVERRÍA,2024,31,2024-07-28,134,0.0
6260,ESTEBAN ECHEVERRÍA,2024,32,2024-08-04,135,3.0
6260,ESTEBAN ECHEVERRÍA,2024,33,2024-08-11,136,10.0
6260,ESTEBAN ECHEVERRÍA,2024,34,2024-08-18,137,6.0
6260,ESTEBAN ECHEVERRÍA,2024,35,2024-08-25,138,0.0
6260,ESTEBAN ECHEVERRÍA,2024,36,2024-09-01,139,13.0
6260,ESTEBAN ECHEVERRÍA,2024,37,2024-09-08,140,5.0
6260,ESTEBAN ECHEVERRÍA,2024,38,2024-09-15,141,7.0
6260,ESTEBAN ECHEVERRÍA,2024,39,2024-09-22,142,2.0
6260,ESTEBAN ECHEVERRÍA,2024,40,2024-09-29,143,0.0
6260,ESTEBAN ECHEVERRÍA,2024,41,2024-10-06,144,2.0
6260,ESTEBAN ECHEVERRÍA,2024,42,2024-10-13,145,
6260,ESTEBAN ECHEVERRÍA,2024,43,2024-10-20,146,
6260,ESTEBAN ECHEVERRÍA,2024,44,2024-10-27,147,
6260,ESTEBAN ECHEVERRÍA,2024,45,2024-11-03,148,
6260,ESTEBAN ECHEVERRÍA,2024,46,2024-11-10,149,
6260,ESTEBAN ECHEVERRÍA,2024,47,2024-11-17,150,
6260,ESTEBAN ECHEVERRÍA,2024,48,2024-11-24,151,5.0
6260,ESTEBAN ECHEVERRÍA,2024,49,2024-12-01,152,1.0
6260,ESTEBAN ECHEVERRÍA,2024,50,2024-12-08,153,
6260,ESTEBAN ECHEVERRÍA,2024,51,2024-12-15,154,
6260,ESTEBAN ECHEVERRÍA,2024,52,2024-12-22,155,
6260,ESTEBAN ECHEVERRÍA,2025,1,2024-12-29,156,
6260,ESTEBAN ECHEVERRÍA,2025,2,2025-01-05,157,
6260,ESTEBAN ECHEVERRÍA,2025,3,2025-01-12,158,
6260,ESTEBAN ECHEVERRÍA,2025,4,2025-01-19,159,
6260,ESTEBAN ECHEVERRÍA,2025,5,2025-01-26,160,
6260,ESTEBAN ECHEVERRÍA,2025,6,2025-02-02,161,
6260,ESTEBAN ECHEVERRÍA,2025,7,2025-02-09,162,
6260,ESTEBAN ECHEVERRÍA,2025,8,2025-02-16,163,
6260,ESTEBAN ECHEVERRÍA,2025,9,2025-02-23,164,
6260,ESTEBAN ECHEVERRÍA,2025,10,2025-03-02,165,
6260,ESTEBAN ECHEVERRÍA,2025,11,2025-03-09,166,
6260,ESTEBAN ECHEVERRÍA,2025,12,2025-03-16,167,
6260,ESTEBAN ECHEVERRÍA,2025,13,2025-03-23,168,
6260,ESTEBAN ECHEVERRÍA,2025,14,2025-03-30,169,
6260,ESTEBAN ECHEVERRÍA,2025,15,2025-04-06,170,
6260,ESTEBAN ECHEVERRÍA,2025,16,2025-04-13,171,
6260,ESTEBAN ECHEVERRÍA,2025,17,2025-04-20,172,
6260,ESTEBAN ECHEVERRÍA,2025,18,2025-04-27,173,
6260,ESTEBAN ECHEVERRÍA,2025,19,2025-05-04,174,
6260,ESTEBAN ECHEVERRÍA,2025,20,2025-05-11,175,
6260,ESTEBAN ECHEVERRÍA,2025,21,2025-05-18,176,
6260,ESTEBAN ECHEVERRÍA,2025,22,2025-05-25,177,
6260,ESTEBAN ECHEVERRÍA,2025,23,2025-06-01,178,
6260,ESTEBAN ECHEVERRÍA,2025,24,2025-06-08,179,
6260,ESTEBAN ECHEVERRÍA,2025,25,2025-06-15,180,
6260,ESTEBAN ECHEVERRÍA,2025,26,2025-06-22,181,
6260,ESTEBAN ECHEVERRÍA,2025,27,2025-06-29,182,
6260,ESTEBAN ECHEVERRÍA,2025,28,2025-07-06,183,
6260,ESTEBAN ECHEVERRÍA,2025,29,2025-07-13,184,
6260,ESTEBAN ECHEVERRÍA,2025,30,2025-07-20,185,
6260,ESTEBAN ECHEVERRÍA,2025,31,2025-07-27,186,
6260,ESTEBAN ECHEVERRÍA,2025,32,2025-08-03,187,
6260,ESTEBAN ECHEVERRÍA,2025,33,2025-08-10,188,
6260,ESTEBAN ECHEVERRÍA,2025,34,2025-08-17,189,
6260,ESTEBAN ECHEVERRÍA,2025,35,2025-08-24,190,
6260,ESTEBAN ECHEVERRÍA,2025,36,2025-08-31,191,
6260,ESTEBAN ECHEVERRÍA,2025,37,2025-09-07,192,
6260,ESTEBAN ECHEVERRÍA,2025,38,2025-09-14,193,
6260,ESTEBAN ECHEVERRÍA,2025,39,2025-09-21,194,
6260,ESTEBAN ECHEVERRÍA,2025,40,2025-09-28,195,
6260,ESTEBAN ECHEVERRÍA,2025,41,2025-10-05,196,
6260,ESTEBAN ECHEVERRÍA,2025,42,2025-10-12,197,
6260,ESTEBAN ECHEVERRÍA,2025,43,2025-10-19,198,
6260,ESTEBAN ECHEVERRÍA,2025,44,2025-10-26,199,
6260,ESTEBAN ECHEVERRÍA,2025,45,2025-11-02,200,
6260,ESTEBAN ECHEVERRÍA,2025,46,2025-11-09,201,
6260,ESTEBAN ECHEVERRÍA,2025,47,2025-11-16,202,
6260,ESTEBAN ECHEVERRÍA,2025,48,2025-11-23,203,
6260,ESTEBAN ECHEVERRÍA,2025,49,2025-11-30,204,
6260,ESTEBAN ECHEVERRÍA,2025,50,2025-12-07,205,
6260,ESTEBAN ECHEVERRÍA,2025,51,2025-12-14,206,
6260,ESTEBAN ECHEVERRÍA,2025,52,2025-12-21,207,
6260,ESTEBAN ECHEVERRÍA,2025,53,2025-12-28,208,
6260,ESTEBAN ECHEVERRÍA,2026,1,2026-01-04,209,
6260,ESTEBAN ECHEVERRÍA,2026,2,2026-01-11,210,
6260,ESTEBAN ECHEVERRÍA,2026,3,2026-01-18,211,
6260,ESTEBAN ECHEVERRÍA,2026,4,2026-01-25,212,
6260,ESTEBAN ECHEVERRÍA,2026,5,2026-02-01,213,
6260,ESTEBAN ECHEVERRÍA,2026,6,2026-02-08,214,
6260,ESTEBAN ECHEVERRÍA,2026,7,2026-02-15,215,
6260,ESTEBAN ECHEVERRÍA,2026,8,2026-02-22,216,
6260,ESTEBAN ECHEVERRÍA,2026,9,2026-03-01,217,
6270,EZEIZA,2022,1,2022-01-02,0,153.0
6270,EZEIZA,2022,2,2022-01-09,1,115.0
6270,EZEIZA,2022,3,2022-01-16,2,111.0
6270,EZEIZA,2022,4,2022-01-23,3,155.0
6270,EZEIZA,2022,5,2022-01-30,4,62.0
6270,EZEIZA,2022,6,2022-02-06,5,77.0
6270,EZEIZA,2022,7,2022-02-13,6,103.0
6270,EZEIZA,2022,8,2022-02-20,7,77.0
6270,EZEIZA,2022,9,2022-02-27,8,58.0
6270,EZEIZA,2022,10,2022-03-06,9,186.0
6270,EZEIZA,2022,11,2022-03-13,10,153.0
6270,EZEIZA,2022,12,2022-03-20,11,114.0
6270,EZEIZA,2022,13,2022-03-27,12,160.0
6270,EZEIZA,2022,14,2022-04-03,13,172.0
6270,EZEIZA,2022,15,2022-04-10,14,88.0
6270,EZEIZA,2022,16,2022-04-17,15,71.0
6270,EZEIZA,2022,17,2022-04-24,16,107.0
6270,EZEIZA,2022,18,2022-05-01,17,150.0
6270,EZEIZA,2022,19,2022-05-08,18,188.0
6270,EZEIZA,2022,20,2022-05-15,19,237.0
6270,EZEIZA,2022,21,2022-05-22,20,225.0
6270,EZEIZA,2022,22,2022-05-29,21,198.0
6270,EZEIZA,2022,23,2022-06-05,22,188.0
6270,EZEIZA,2022,24,2022-06-12,23,218.0
6270,EZEIZA,2022,25,2022-06-19,24,216.0
6270,EZEIZA,2022,26,2022-06-26,25,257.0
6270,EZEIZA,2022,27,2022-07-03,26,210.0
6270,EZEIZA,2022,28,2022-07-10,27,229.0
6270,EZEIZA,2022,29,2022-07-17,28,221.0
6270,EZEIZA,2022,30,2022-07-24,29,219.0
6270,EZEIZA,2022,31,2022-07-31,30,210.0
6270,EZEIZA,2022,32,2022-08-07,31,238.0
6270,EZEIZA,2022,33,2022-08-14,32,197.0
6270,EZEIZA,2022,34,2022-08-21,33,251.0
6270,EZEIZA,2022,35,2022-08-28,34,181.0
6270,EZEIZA,2022,36,2022-09-04,35,177.0
6270,EZEIZA,2022,37,2022-09-11,36,219.0
6270,EZEIZA,2022,38,2022-09-18,37,254.0
6270,EZEIZA,2022,39,2022-09-25,38,241.0
6270,EZEIZA,2022,40,2022-10-02,39,159.0
6270,EZEIZA,2022,41,2022-10-09,40,226.0
6270,EZEIZA,2022,42,2022-10-16,41,315.0
6270,EZEIZA,2022,43,2022-10-23,42,289.0
6270,EZEIZA,2022,44,2022-10-30,43,139.0
6270,EZEIZA,2022,45,2022-11-06,44,179.0
6270,EZEIZA,2022,46,2022-11-13,45,120.0
6270,EZEIZA,2022,47,2022-11-20,46,111.0
6270,EZEIZA,2022,48,2022-11-27,47,100.0
6270,EZEIZA,2022,49,2022-12-04,48,121.0
6270,EZEIZA,2022,50,2022-12-11,49,42.0
6270,EZEIZA,2022,51,2022-12-18,50,42.0
6270,EZEIZA,2022,52,2022-12-25,51,39.0
6270,EZEIZA,2023,1,2023-01-01,52,24.0
6270,EZEIZA,2023,2,2023-01-08,53,42.0
6270,EZEIZA,2023,3,2023-01-15,54,56.0
6270,EZEIZA,2023,4,2023-01-22,55,46.0
6270,EZEIZA,2023,5,2023-01-29,56,47.0
6270,EZEIZA,2023,6,2023-02-05,57,47.0
6270,EZEIZA,2023,7,2023-02-12,58,80.0
6270,EZEIZA,2023,8,2023-02-19,59,87.0
6270,EZEIZA,2023,9,2023-02-26,60,87.0
6270,EZEIZA,2023,10,2023-03-05,61,70.0
6270,EZEIZA,2023,11,2023-03-12,62,99.0
6270,EZEIZA,2023,12,2023-03-19,63,118.0
6270,EZEIZA,2023,13,2023-03-26,64,117.0
6270,EZEIZA,2023,14,2023-04-02,65,129.0
6270,EZEIZA,2023,15,2023-04-09,66,133.0
6270,EZEIZA,2023,16,2023-04-16,67,160.0
6270,EZEIZA,2023,17,2023-04-23,68,219.0
6270,EZEIZA,2023,18,2023-04-30,69,218.0
6270,EZEIZA,2023,19,2023-05-07,70,297.0
6270,EZEIZA,2023,20,2023-05-14,71,252.0
6270,EZEIZA,2023,21,2023-05-21,72,324.0
6270,EZEIZA,2023,22,2023-05-28,73,318.0
6270,EZEIZA,2023,23,2023-06-04,74,401.0
6270,EZEIZA,2023,24,2023-06-11,75,343.0
6270,EZEIZA,2023,25,2023-06-18,76,225.0
6270,EZEIZA,2023,26,2023-06-25,77,243.0
6270,EZEIZA,2023,27,2023-07-02,78,256.0
6270,EZEIZA,2023,28,2023-07-09,79,200.0
6270,EZEIZA,2023,29,2023-07-16,80,212.0
6270,EZEIZA,2023,30,2023-07-23,81,238.0
6270,EZEIZA,2023,31,2023-07-30,82,126.0
6270,EZEIZA,2023,32,2023-08-06,83,161.0
6270,EZEIZA,2023,33,2023-08-13,84,231.0
6270,EZEIZA,2023,34,2023-08-20,85,106.0
6270,EZEIZA,2023,35,2023-08-27,86,262.0
6270,EZEIZA,2023,36,2023-09-03,87,200.0
6270,EZEIZA,2023,37,2023-09-10,88,184.0
6270,EZEIZA,2023,38,2023-09-17,89,169.0
6270,EZEIZA,2023,39,2023-09-24,90,193.0
6270,EZEIZA,2023,40,2023-10-01,91,101.0
6270,EZEIZA,2023,41,2023-10-08,92,74.0
6270,EZEIZA,2023,42,2023-10-15,93,111.0
6270,EZEIZA,2023,43,2023-10-22,94,78.0
6270,EZEIZA,2023,44,2023-10-29,95,68.0
6270,EZEIZA,2023,45,2023-11-05,96,102.0
6270,EZEIZA,2023,46,2023-11-12,97,72.0
6270,EZEIZA,2023,47,2023-11-19,98,89.0
6270,EZEIZA,2023,48,2023-11-26,99,57.0
6270,EZEIZA,2023,49,2023-12-03,100,47.0
6270,EZEIZA,2023,50,2023-12-10,101,68.0
6270,EZEIZA,2023,51,2023-12-17,102,73.0
6270,EZEIZA,2023,52,2023-12-24,103,79.0
6270,EZEIZA,2024,1,2023-12-31,104,134.0
6270,EZEIZA,2024,2,2024-01-07,105,148.0
6270,EZEIZA,2024,3,2024-01-14,106,98.0
6270,EZEIZA,2024,4,2024-01-21,107,120.0
6270,EZEIZA,2024,5,2024-01-28,108,160.0
6270,EZEIZA,2024,6,2024-02-04,109,125.0
6270,EZEIZA,2024,7,2024-02-11,110,120.0
6270,EZEIZA,2024,8,2024-02-18,111,78.0
6270,EZEIZA,2024,9,2024-02-25,112,162.0
6270,EZEIZA,2024,10,2024-03-03,113,144.0
6270,EZEIZA,2024,11,2024-03-10,114,173.0
6270,EZEIZA,2024,12,2024-03-17,115,128.0
6270,EZEIZA,2024,13,2024-03-24,116,86.0
6270,EZEIZA,2024,14,2024-03-31,117,148.0
6270,EZEIZA,2024,15,2024-04-07,118,175.0
6270,EZEIZA,2024,16,2024-04-14,119,152.0
6270,EZEIZA,2024,17,2024-04-21,120,140.0
6270,EZEIZA,2024,18,2024-04-28,121,183.0
6270,EZEIZA,2024,19,2024-05-05,122,224.0
6270,EZEIZA,2024,20,2024-05-12,123,251.0
6270,EZEIZA,2024,21,2024-05-19,124,357.0
6270,EZEIZA,2024,22,2024-05-26,125,423.0
6270,EZEIZA,2024,23,2024-06-02,126,416.0
6270,EZEIZA,2024,24,2024-06-09,127,363.0
6270,EZEIZA,2024,25,2024-06-16,128,324.0
6270,EZEIZA,2024,26,2024-06-23,129,282.0
6270,EZEIZA,2024,27,2024-06-30,130,221.0
6270,EZEIZA,2024,28,2024-07-07,131,243.0
6270,EZEIZA,2024,29,2024-07-14,132,254.0
6270,EZEIZA,2024,30,2024-07-21,133,161.0
6270,EZEIZA,2024,31,2024-07-28,134,164.0
6270,EZEIZA,2024,32,2024-08-04,135,135.0
6270,EZEIZA,2024,33,2024-08-11,136,197.0
6270,EZEIZA,2024,34,2024-08-18,137,117.0
6270,EZEIZA,2024,35,2024-08-25,138,131.0
6270,EZEIZA,2024,36,2024-09-01,139,167.0
6270,EZEIZA,2024,37,2024-09-08,140,129.0
6270,EZEIZA,2024,38,2024-09-15,141,177.0
6270,EZEIZA,2024,39,2024-09-22,142,204.0
6270,EZEIZA,2024,40,2024-09-29,143,165.0
6270,EZEIZA,2024,41,2024-10-06,144,223.0
6270,EZEIZA,2024,42,2024-10-13,145,153.0
6270,EZEIZA,2024,43,2024-10-20,146,97.0
6270,EZEIZA,2024,44,2024-10-27,147,123.0
6270,EZEIZA,2024,45,2024-11-03,148,90.0
6270,EZEIZA,2024,46,2024-11-10,149,73.0
6270,EZEIZA,2024,47,2024-11-17,150,72.0
6270,EZEIZA,2024,48,2024-11-24,151,43.0
6270,EZEIZA,2024,49,2024-12-01,152,86.0
6270,EZEIZA,2024,50,2024-12-08,153,68.0
6270,EZEIZA,2024,51,2024-12-15,154,58.0
6270,EZEIZA,2024,52,2024-12-22,155,69.0
6270,EZEIZA,2025,1,2024-12-29,156,75.0
6270,EZEIZA,2025,2,2025-01-05,157,59.0
6270,EZEIZA,2025,3,2025-01-12,158,82.0
6270,EZEIZA,2025,4,2025-01-19,159,77.0
6270,EZEIZA,2025,5,2025-01-26,160,83.0
6270,EZEIZA,2025,6,2025-02-02,161,107.0
6270,EZEIZA,2025,7,2025-02-09,162,83.0
6270,EZEIZA,2025,8,2025-02-16,163,77.0
6270,EZEIZA,2025,9,2025-02-23,164,100.0
6270,EZEIZA,2025,10,2025-03-02,165,84.0
6270,EZEIZA,2025,11,2025-03-09,166,130.0
6270,EZEIZA,2025,12,2025-03-16,167,150.0
6270,EZEIZA,2025,13,2025-03-23,168,152.0
6270,EZEIZA,2025,14,2025-03-30,169,126.0
6270,EZEIZA,2025,15,2025-04-06,170,130.0
6270,EZEIZA,2025,16,2025-04-13,171,181.0
6270,EZEIZA,2025,17,2025-04-20,172,170.0
6270,EZEIZA,2025,18,2025-04-27,173,202.0
6270,EZEIZA,2025,19,2025-05-04,174,201.0
6270,EZEIZA,2025,20,2025-05-11,175,215.0
6270,EZEIZA,2025,21,2025-05-18,176,257.0
6270,EZEIZA,2025,22,2025-05-25,177,311.0
6270,EZEIZA,2025,23,2025-06-01,178,274.0
6270,EZEIZA,2025,24,2025-06-08,179,375.0
6270,EZEIZA,2025,25,2025-06-15,180,307.0
6270,EZEIZA,2025,26,2025-06-22,181,331.0
6270,EZEIZA,2025,27,2025-06-29,182,258.0
6270,EZEIZA,2025,28,2025-07-06,183,308.0
6270,EZEIZA,2025,29,2025-07-13,184,248.0
6270,EZEIZA,2025,30,2025-07-20,185,276.0
6270,EZEIZA,2025,31,2025-07-27,186,264.0
6270,EZEIZA,2025,32,2025-08-03,187,228.0
6270,EZEIZA,2025,33,2025-08-10,188,226.0
6270,EZEIZA,2025,34,2025-08-17,189,244.0
6270,EZEIZA,2025,35,2025-08-24,190,227.0
6270,EZEIZA,2025,36,2025-08-31,191,218.0
6270,EZEIZA,2025,37,2025-09-07,192,221.0
6270,EZEIZA,2025,38,2025-09-14,193,241.0
6270,EZEIZA,2025,39,2025-09-21,194,197.0
6270,EZEIZA,2025,40,2025-09-28,195,171.0
6270,EZEIZA,2025,41,2025-10-05,196,204.0
6270,EZEIZA,2025,42,2025-10-12,197,144.0
6270,EZEIZA,2025,43,2025-10-19,198,113.0
6270,EZEIZA,2025,44,2025-10-26,199,127.0
6270,EZEIZA,2025,45,2025-11-02,200,107.0
6270,EZEIZA,2025,46,2025-11-09,201,114.0
6270,EZEIZA,2025,47,2025-11-16,202,86.0
6270,EZEIZA,2025,48,2025-11-23,203,106.0
6270,EZEIZA,2025,49,2025-11-30,204,116.0
6270,EZEIZA,2025,50,2025-12-07,205,119.0
6270,EZEIZA,2025,51,2025-12-14,206,117.0
6270,EZEIZA,2025,52,2025-12-21,207,82.0
6270,EZEIZA,2025,53,2025-12-28,208,56.0
6270,EZEIZA,2026,1,2026-01-04,209,44.0
6270,EZEIZA,2026,2,2026-01-11,210,75.0
6270,EZEIZA,2026,3,2026-01-18,211,61.0
6270,EZEIZA,2026,4,2026-01-25,212,75.0
6270,EZEIZA,2026,5,2026-02-01,213,41.0
6270,EZEIZA,2026,6,2026-02-08,214,18.0
6270,EZEIZA,2026,7,2026-02-15,215,16.0
6270,EZEIZA,2026,8,2026-02-22,216,0.0
6270,EZEIZA,2026,9,2026-03-01,217,0.0
6274,FLORENCIO VARELA,2022,1,2022-01-02,0,545.0
6274,FLORENCIO VARELA,2022,2,2022-01-09,1,569.0
6274,FLORENCIO VARELA,2022,3,2022-01-16,2,307.0
6274,FLORENCIO VARELA,2022,4,2022-01-23,3,361.0
6274,FLORENCIO VARELA,2022,5,2022-01-30,4,368.0
6274,FLORENCIO VARELA,2022,6,2022-02-06,5,388.0
6274,FLORENCIO VARELA,2022,7,2022-02-13,6,34.0
6274,FLORENCIO VARELA,2022,8,2022-02-20,7,0.0
6274,FLORENCIO VARELA,2022,9,2022-02-27,8,154.0
6274,FLORENCIO VARELA,2022,10,2022-03-06,9,160.0
6274,FLORENCIO VARELA,2022,11,2022-03-13,10,103.0
6274,FLORENCIO VARELA,2022,12,2022-03-20,11,101.0
6274,FLORENCIO VARELA,2022,13,2022-03-27,12,111.0
6274,FLORENCIO VARELA,2022,14,2022-04-03,13,1.0
6274,FLORENCIO VARELA,2022,15,2022-04-10,14,67.0
6274,FLORENCIO VARELA,2022,16,2022-04-17,15,52.0
6274,FLORENCIO VARELA,2022,17,2022-04-24,16,42.0
6274,FLORENCIO VARELA,2022,18,2022-05-01,17,44.0
6274,FLORENCIO VARELA,2022,19,2022-05-08,18,82.0
6274,FLORENCIO VARELA,2022,20,2022-05-15,19,626.0
6274,FLORENCIO VARELA,2022,21,2022-05-22,20,558.0
6274,FLORENCIO VARELA,2022,22,2022-05-29,21,476.0
6274,FLORENCIO VARELA,2022,23,2022-06-05,22,518.0
6274,FLORENCIO VARELA,2022,24,2022-06-12,23,339.0
6274,FLORENCIO VARELA,2022,25,2022-06-19,24,269.0
6274,FLORENCIO VARELA,2022,26,2022-06-26,25,390.0
6274,FLORENCIO VARELA,2022,27,2022-07-03,26,411.0
6274,FLORENCIO VARELA,2022,28,2022-07-10,27,419.0
6274,FLORENCIO VARELA,2022,29,2022-07-17,28,340.0
6274,FLORENCIO VARELA,2022,30,2022-07-24,29,291.0
6274,FLORENCIO VARELA,2022,31,2022-07-31,30,327.0
6274,FLORENCIO VARELA,2022,32,2022-08-07,31,215.0
6274,FLORENCIO VARELA,2022,33,2022-08-14,32,290.0
6274,FLORENCIO VARELA,2022,34,2022-08-21,33,329.0
6274,FLORENCIO VARELA,2022,35,2022-08-28,34,142.0
6274,FLORENCIO VARELA,2022,36,2022-09-04,35,108.0
6274,FLORENCIO VARELA,2022,37,2022-09-11,36,132.0
6274,FLORENCIO VARELA,2022,38,2022-09-18,37,162.0
6274,FLORENCIO VARELA,2022,39,2022-09-25,38,170.0
6274,FLORENCIO VARELA,2022,40,2022-10-02,39,143.0
6274,FLORENCIO VARELA,2022,41,2022-10-09,40,90.0
6274,FLORENCIO VARELA,2022,42,2022-10-16,41,152.0
6274,FLORENCIO VARELA,2022,43,2022-10-23,42,236.0
6274,FLORENCIO VARELA,2022,44,2022-10-30,43,78.0
6274,FLORENCIO VARELA,2022,45,2022-11-06,44,79.0
6274,FLORENCIO VARELA,2022,46,2022-11-13,45,29.0
6274,FLORENCIO VARELA,2022,47,2022-11-20,46,263.0
6274,FLORENCIO VARELA,2022,48,2022-11-27,47,246.0
6274,FLORENCIO VARELA,2022,49,2022-12-04,48,14.0
6274,FLORENCIO VARELA,2022,50,2022-12-11,49,35.0
6274,FLORENCIO VARELA,2022,51,2022-12-18,50,28.0
6274,FLORENCIO VARELA,2022,52,2022-12-25,51,25.0
6274,FLORENCIO VARELA,2023,1,2023-01-01,52,154.0
6274,FLORENCIO VARELA,2023,2,2023-01-08,53,124.0
6274,FLORENCIO VARELA,2023,3,2023-01-15,54,108.0
6274,FLORENCIO VARELA,2023,4,2023-01-22,55,119.0
6274,FLORENCIO VARELA,2023,5,2023-01-29,56,109.0
6274,FLORENCIO VARELA,2023,6,2023-02-05,57,134.0
6274,FLORENCIO VARELA,2023,7,2023-02-12,58,129.0
6274,FLORENCIO VARELA,2023,8,2023-02-19,59,120.0
6274,FLORENCIO VARELA,2023,9,2023-02-26,60,108.0
6274,FLORENCIO VARELA,2023,10,2023-03-05,61,167.0
6274,FLORENCIO VARELA,2023,11,2023-03-12,62,145.0
6274,FLORENCIO VARELA,2023,12,2023-03-19,63,130.0
6274,FLORENCIO VARELA,2023,13,2023-03-26,64,184.0
6274,FLORENCIO VARELA,2023,14,2023-04-02,65,187.0
6274,FLORENCIO VARELA,2023,15,2023-04-09,66,199.0
6274,FLORENCIO VARELA,2023,16,2023-04-16,67,296.0
6274,FLORENCIO VARELA,2023,17,2023-04-23,68,301.0
6274,FLORENCIO VARELA,2023,18,2023-04-30,69,264.0
6274,FLORENCIO VARELA,2023,19,2023-05-07,70,346.0
6274,FLORENCIO VARELA,2023,20,2023-05-14,71,386.0
6274,FLORENCIO VARELA,2023,21,2023-05-21,72,632.0
6274,FLORENCIO VARELA,2023,22,2023-05-28,73,561.0
6274,FLORENCIO VARELA,2023,23,2023-06-04,74,613.0
6274,FLORENCIO VARELA,2023,24,2023-06-11,75,450.0
6274,FLORENCIO VARELA,2023,25,2023-06-18,76,360.0
6274,FLORENCIO VARELA,2023,26,2023-06-25,77,367.0
6274,FLORENCIO VARELA,2023,27,2023-07-02,78,323.0
6274,FLORENCIO VARELA,2023,28,2023-07-09,79,281.0
6274,FLORENCIO VARELA,2023,29,2023-07-16,80,313.0
6274,FLORENCIO VARELA,2023,30,2023-07-23,81,332.0
6274,FLORENCIO VARELA,2023,31,2023-07-30,82,286.0
6274,FLORENCIO VARELA,2023,32,2023-08-06,83,353.0
6274,FLORENCIO VARELA,2023,33,2023-08-13,84,359.0
6274,FLORENCIO VARELA,2023,34,2023-08-20,85,320.0
6274,FLORENCIO VARELA,2023,35,2023-08-27,86,415.0
6274,FLORENCIO VARELA,2023,36,2023-09-03,87,374.0
6274,FLORENCIO VARELA,2023,37,2023-09-10,88,770.0
6274,FLORENCIO VARELA,2023,38,2023-09-17,89,599.0
6274,FLORENCIO VARELA,2023,39,2023-09-24,90,422.0
6274,FLORENCIO VARELA,2023,40,2023-10-01,91,218.0
6274,FLORENCIO VARELA,2023,41,2023-10-08,92,226.0
6274,FLORENCIO VARELA,2023,42,2023-10-15,93,239.0
6274,FLORENCIO VARELA,2023,43,2023-10-22,94,172.0
6274,FLORENCIO VARELA,2023,44,2023-10-29,95,117.0
6274,FLORENCIO VARELA,2023,45,2023-11-05,96,103.0
6274,FLORENCIO VARELA,2023,46,2023-11-12,97,78.0
6274,FLORENCIO VARELA,2023,47,2023-11-19,98,160.0
6274,FLORENCIO VARELA,2023,48,2023-11-26,99,96.0
6274,FLORENCIO VARELA,2023,49,2023-12-03,100,64.0
6274,FLORENCIO VARELA,2023,50,2023-12-10,101,93.0
6274,FLORENCIO VARELA,2023,51,2023-12-17,102,60.0
6274,FLORENCIO VARELA,2023,52,2023-12-24,103,98.0
6274,FLORENCIO VARELA,2024,1,2023-12-31,104,108.0
6274,FLORENCIO VARELA,2024,2,2024-01-07,105,83.0
6274,FLORENCIO VARELA,2024,3,2024-01-14,106,100.0
6274,FLORENCIO VARELA,2024,4,2024-01-21,107,104.0
6274,FLORENCIO VARELA,2024,5,2024-01-28,108,90.0
6274,FLORENCIO VARELA,2024,6,2024-02-04,109,60.0
6274,FLORENCIO VARELA,2024,7,2024-02-11,110,87.0
6274,FLORENCIO VARELA,2024,8,2024-02-18,111,73.0
6274,FLORENCIO VARELA,2024,9,2024-02-25,112,33.0
6274,FLORENCIO VARELA,2024,10,2024-03-03,113,62.0
6274,FLORENCIO VARELA,2024,11,2024-03-10,114,67.0
6274,FLORENCIO VARELA,2024,12,2024-03-17,115,107.0
6274,FLORENCIO VARELA,2024,13,2024-03-24,116,100.0
6274,FLORENCIO VARELA,2024,14,2024-03-31,117,101.0
6274,FLORENCIO VARELA,2024,15,2024-04-07,118,120.0
6274,FLORENCIO VARELA,2024,16,2024-04-14,119,135.0
6274,FLORENCIO VARELA,2024,17,2024-04-21,120,151.0
6274,FLORENCIO VARELA,2024,18,2024-04-28,121,198.0
6274,FLORENCIO VARELA,2024,19,2024-05-05,122,334.0
6274,FLORENCIO VARELA,2024,20,2024-05-12,123,499.0
6274,FLORENCIO VARELA,2024,21,2024-05-19,124,606.0
6274,FLORENCIO VARELA,2024,22,2024-05-26,125,563.0
6274,FLORENCIO VARELA,2024,23,2024-06-02,126,585.0
6274,FLORENCIO VARELA,2024,24,2024-06-09,127,588.0
6274,FLORENCIO VARELA,2024,25,2024-06-16,128,371.0
6274,FLORENCIO VARELA,2024,26,2024-06-23,129,291.0
6274,FLORENCIO VARELA,2024,27,2024-06-30,130,324.0
6274,FLORENCIO VARELA,2024,28,2024-07-07,131,339.0
6274,FLORENCIO VARELA,2024,29,2024-07-14,132,187.0
6274,FLORENCIO VARELA,2024,30,2024-07-21,133,285.0
6274,FLORENCIO VARELA,2024,31,2024-07-28,134,237.0
6274,FLORENCIO VARELA,2024,32,2024-08-04,135,311.0
6274,FLORENCIO VARELA,2024,33,2024-08-11,136,243.0
6274,FLORENCIO VARELA,2024,34,2024-08-18,137,223.0
6274,FLORENCIO VARELA,2024,35,2024-08-25,138,307.0
6274,FLORENCIO VARELA,2024,36,2024-09-01,139,246.0
6274,FLORENCIO VARELA,2024,37,2024-09-08,140,279.0
6274,FLORENCIO VARELA,2024,38,2024-09-15,141,215.0
6274,FLORENCIO VARELA,2024,39,2024-09-22,142,195.0
6274,FLORENCIO VARELA,2024,40,2024-09-29,143,259.0
6274,FLORENCIO VARELA,2024,41,2024-10-06,144,150.0
6274,FLORENCIO VARELA,2024,42,2024-10-13,145,234.0
6274,FLORENCIO VARELA,2024,43,2024-10-20,146,187.0
6274,FLORENCIO VARELA,2024,44,2024-10-27,147,210.0
6274,FLORENCIO VARELA,2024,45,2024-11-03,148,158.0
6274,FLORENCIO VARELA,2024,46,2024-11-10,149,236.0
6274,FLORENCIO VARELA,2024,47,2024-11-17,150,176.0
6274,FLORENCIO VARELA,2024,48,2024-11-24,151,133.0
6274,FLORENCIO VARELA,2024,49,2024-12-01,152,138.0
6274,FLORENCIO VARELA,2024,50,2024-12-08,153,150.0
6274,FLORENCIO VARELA,2024,51,2024-12-15,154,121.0
6274,FLORENCIO VARELA,2024,52,2024-12-22,155,101.0
6274,FLORENCIO VARELA,2025,1,2024-12-29,156,83.0
6274,FLORENCIO VARELA,2025,2,2025-01-05,157,140.0
6274,FLORENCIO VARELA,2025,3,2025-01-12,158,86.0
6274,FLORENCIO VARELA,2025,4,2025-01-19,159,97.0
6274,FLORENCIO VARELA,2025,5,2025-01-26,160,98.0
6274,FLORENCIO VARELA,2025,6,2025-02-02,161,108.0
6274,FLORENCIO VARELA,2025,7,2025-02-09,162,94.0
6274,FLORENCIO VARELA,2025,8,2025-02-16,163,132.0
6274,FLORENCIO VARELA,2025,9,2025-02-23,164,90.0
6274,FLORENCIO VARELA,2025,10,2025-03-02,165,100.0
6274,FLORENCIO VARELA,2025,11,2025-03-09,166,160.0
6274,FLORENCIO VARELA,2025,12,2025-03-16,167,221.0
6274,FLORENCIO VARELA,2025,13,2025-03-23,168,230.0
6274,FLORENCIO VARELA,2025,14,2025-03-30,169,178.0
6274,FLORENCIO VARELA,2025,15,2025-04-06,170,182.0
6274,FLORENCIO VARELA,2025,16,2025-04-13,171,161.0
6274,FLORENCIO VARELA,2025,17,2025-04-20,172,231.0
6274,FLORENCIO VARELA,2025,18,2025-04-27,173,242.0
6274,FLORENCIO VARELA,2025,19,2025-05-04,174,229.0
6274,FLORENCIO VARELA,2025,20,2025-05-11,175,297.0
6274,FLORENCIO VARELA,2025,21,2025-05-18,176,352.0
6274,FLORENCIO VARELA,2025,22,2025-05-25,177,511.0
6274,FLORENCIO VARELA,2025,23,2025-06-01,178,610.0
6274,FLORENCIO VARELA,2025,24,2025-06-08,179,727.0
6274,FLORENCIO VARELA,2025,25,2025-06-15,180,499.0
6274,FLORENCIO VARELA,2025,26,2025-06-22,181,521.0
6274,FLORENCIO VARELA,2025,27,2025-06-29,182,520.0
6274,FLORENCIO VARELA,2025,28,2025-07-06,183,350.0
6274,FLORENCIO VARELA,2025,29,2025-07-13,184,499.0
6274,FLORENCIO VARELA,2025,30,2025-07-20,185,469.0
6274,FLORENCIO VARELA,2025,31,2025-07-27,186,445.0
6274,FLORENCIO VARELA,2025,32,2025-08-03,187,323.0
6274,FLORENCIO VARELA,2025,33,2025-08-10,188,285.0
6274,FLORENCIO VARELA,2025,34,2025-08-17,189,307.0
6274,FLORENCIO VARELA,2025,35,2025-08-24,190,372.0
6274,FLORENCIO VARELA,2025,36,2025-08-31,191,351.0
6274,FLORENCIO VARELA,2025,37,2025-09-07,192,335.0
6274,FLORENCIO VARELA,2025,38,2025-09-14,193,378.0
6274,FLORENCIO VARELA,2025,39,2025-09-21,194,290.0
6274,FLORENCIO VARELA,2025,40,2025-09-28,195,333.0
6274,FLORENCIO VARELA,2025,41,2025-10-05,196,260.0
6274,FLORENCIO VARELA,2025,42,2025-10-12,197,278.0
6274,FLORENCIO VARELA,2025,43,2025-10-19,198,237.0
6274,FLORENCIO VARELA,2025,44,2025-10-26,199,290.0
6274,FLORENCIO VARELA,2025,45,2025-11-02,200,224.0
6274,FLORENCIO VARELA,2025,46,2025-11-09,201,220.0
6274,FLORENCIO VARELA,2025,47,2025-11-16,202,152.0
6274,FLORENCIO VARELA,2025,48,2025-11-23,203,117.0
6274,FLORENCIO VARELA,2025,49,2025-11-30,204,87.0
6274,FLORENCIO VARELA,2025,50,2025-12-07,205,94.0
6274,FLORENCIO VARELA,2025,51,2025-12-14,206,82.0
6274,FLORENCIO VARELA,2025,52,2025-12-21,207,60.0
6274,FLORENCIO VARELA,2025,53,2025-12-28,208,27.0
6274,FLORENCIO VARELA,2026,1,2026-01-04,209,68.0
6274,FLORENCIO VARELA,2026,2,2026-01-11,210,102.0
6274,FLORENCIO VARELA,2026,3,2026-01-18,211,83.0
6274,FLORENCIO VARELA,2026,4,2026-01-25,212,57.0
6274,FLORENCIO VARELA,2026,5,2026-02-01,213,93.0
6274,FLORENCIO VARELA,2026,6,2026-02-08,214,94.0
6274,FLORENCIO VARELA,2026,7,2026-02-15,215,46.0
6274,FLORENCIO VARELA,2026,8,2026-02-22,216,6.0
6274,FLORENCIO VARELA,2026,9,2026-03-01,217,0.0
6371,GENERAL SAN MARTÍN,2022,1,2022-01-02,0,15.0
6371,GENERAL SAN MARTÍN,2022,2,2022-01-09,1,30.0
6371,GENERAL SAN MARTÍN,2022,3,2022-01-16,2,33.0
6371,GENERAL SAN MARTÍN,2022,4,2022-01-23,3,22.0
6371,GENERAL SAN MARTÍN,2022,5,2022-01-30,4,18.0
6371,GENERAL SAN MARTÍN,2022,6,2022-02-06,5,17.0
6371,GENERAL SAN MARTÍN,2022,7,2022-02-13,6,62.0
6371,GENERAL SAN MARTÍN,2022,8,2022-02-20,7,54.0
6371,GENERAL SAN MARTÍN,2022,9,2022-02-27,8,88.0
6371,GENERAL SAN MARTÍN,2022,10,2022-03-06,9,110.0
6371,GENERAL SAN MARTÍN,2022,11,2022-03-13,10,138.0
6371,GENERAL SAN MARTÍN,2022,12,2022-03-20,11,118.0
6371,GENERAL SAN MARTÍN,2022,13,2022-03-27,12,141.0
6371,GENERAL SAN MARTÍN,2022,14,2022-04-03,13,124.0
6371,GENERAL SAN MARTÍN,2022,15,2022-04-10,14,112.0
6371,GENERAL SAN MARTÍN,2022,16,2022-04-17,15,139.0
6371,GENERAL SAN MARTÍN,2022,17,2022-04-24,16,111.0
6371,GENERAL SAN MARTÍN,2022,18,2022-05-01,17,139.0
6371,GENERAL SAN MARTÍN,2022,19,2022-05-08,18,205.0
6371,GENERAL SAN MARTÍN,2022,20,2022-05-15,19,220.0
6371,GENERAL SAN MARTÍN,2022,21,2022-05-22,20,234.0
6371,GENERAL SAN MARTÍN,2022,22,2022-05-29,21,229.0
6371,GENERAL SAN MARTÍN,2022,23,2022-06-05,22,252.0
6371,GENERAL SAN MARTÍN,2022,24,2022-06-12,23,168.0
6371,GENERAL SAN MARTÍN,2022,25,2022-06-19,24,228.0
6371,GENERAL SAN MARTÍN,2022,26,2022-06-26,25,214.0
6371,GENERAL SAN MARTÍN,2022,27,2022-07-03,26,292.0
6371,GENERAL SAN MARTÍN,2022,28,2022-07-10,27,280.0
6371,GENERAL SAN MARTÍN,2022,29,2022-07-17,28,273.0
6371,GENERAL SAN MARTÍN,2022,30,2022-07-24,29,179.0
6371,GENERAL SAN MARTÍN,2022,31,2022-07-31,30,141.0
6371,GENERAL SAN MARTÍN,2022,32,2022-08-07,31,208.0
6371,GENERAL SAN MARTÍN,2022,33,2022-08-14,32,185.0
6371,GENERAL SAN MARTÍN,2022,34,2022-08-21,33,234.0
6371,GENERAL SAN MARTÍN,2022,35,2022-08-28,34,178.0
6371,GENERAL SAN MARTÍN,2022,36,2022-09-04,35,231.0
6371,GENERAL SAN MARTÍN,2022,37,2022-09-11,36,188.0
6371,GENERAL SAN MARTÍN,2022,38,2022-09-18,37,167.0
6371,GENERAL SAN MARTÍN,2022,39,2022-09-25,38,229.0
6371,GENERAL SAN MARTÍN,2022,40,2022-10-02,39,197.0
6371,GENERAL SAN MARTÍN,2022,41,2022-10-09,40,257.0
6371,GENERAL SAN MARTÍN,2022,42,2022-10-16,41,467.0
6371,GENERAL SAN MARTÍN,2022,43,2022-10-23,42,288.0
6371,GENERAL SAN MARTÍN,2022,44,2022-10-30,43,146.0
6371,GENERAL SAN MARTÍN,2022,45,2022-11-06,44,141.0
6371,GENERAL SAN MARTÍN,2022,46,2022-11-13,45,102.0
6371,GENERAL SAN MARTÍN,2022,47,2022-11-20,46,66.0
6371,GENERAL SAN MARTÍN,2022,48,2022-11-27,47,82.0
6371,GENERAL SAN MARTÍN,2022,49,2022-12-04,48,61.0
6371,GENERAL SAN MARTÍN,2022,50,2022-12-11,49,107.0
6371,GENERAL SAN MARTÍN,2022,51,2022-12-18,50,56.0
6371,GENERAL SAN MARTÍN,2022,52,2022-12-25,51,66.0
6371,GENERAL SAN MARTÍN,2023,1,2023-01-01,52,66.0
6371,GENERAL SAN MARTÍN,2023,2,2023-01-08,53,57.0
6371,GENERAL SAN MARTÍN,2023,3,2023-01-15,54,49.0
6371,GENERAL SAN MARTÍN,2023,4,2023-01-22,55,67.0
6371,GENERAL SAN MARTÍN,2023,5,2023-01-29,56,41.0
6371,GENERAL SAN MARTÍN,2023,6,2023-02-05,57,65.0
6371,GENERAL SAN MARTÍN,2023,7,2023-02-12,58,93.0
6371,GENERAL SAN MARTÍN,2023,8,2023-02-19,59,75.0
6371,GENERAL SAN MARTÍN,2023,9,2023-02-26,60,72.0
6371,GENERAL SAN MARTÍN,2023,10,2023-03-05,61,84.0
6371,GENERAL SAN MARTÍN,2023,11,2023-03-12,62,96.0
6371,GENERAL SAN MARTÍN,2023,12,2023-03-19,63,101.0
6371,GENERAL SAN MARTÍN,2023,13,2023-03-26,64,143.0
6371,GENERAL SAN MARTÍN,2023,14,2023-04-02,65,118.0
6371,GENERAL SAN MARTÍN,2023,15,2023-04-09,66,135.0
6371,GENERAL SAN MARTÍN,2023,16,2023-04-16,67,223.0
6371,GENERAL SAN MARTÍN,2023,17,2023-04-23,68,247.0
6371,GENERAL SAN MARTÍN,2023,18,2023-04-30,69,185.0
6371,GENERAL SAN MARTÍN,2023,19,2023-05-07,70,286.0
6371,GENERAL SAN MARTÍN,2023,20,2023-05-14,71,376.0
6371,GENERAL SAN MARTÍN,2023,21,2023-05-21,72,420.0
6371,GENERAL SAN MARTÍN,2023,22,2023-05-28,73,403.0
6371,GENERAL SAN MARTÍN,2023,23,2023-06-04,74,641.0
6371,GENERAL SAN MARTÍN,2023,24,2023-06-11,75,340.0
6371,GENERAL SAN MARTÍN,2023,25,2023-06-18,76,190.0
6371,GENERAL SAN MARTÍN,2023,26,2023-06-25,77,246.0
6371,GENERAL SAN MARTÍN,2023,27,2023-07-02,78,253.0
6371,GENERAL SAN MARTÍN,2023,28,2023-07-09,79,163.0
6371,GENERAL SAN MARTÍN,2023,29,2023-07-16,80,174.0
6371,GENERAL SAN MARTÍN,2023,30,2023-07-23,81,146.0
6371,GENERAL SAN MARTÍN,2023,31,2023-07-30,82,158.0
6371,GENERAL SAN MARTÍN,2023,32,2023-08-06,83,143.0
6371,GENERAL SAN MARTÍN,2023,33,2023-08-13,84,246.0
6371,GENERAL SAN MARTÍN,2023,34,2023-08-20,85,206.0
6371,GENERAL SAN MARTÍN,2023,35,2023-08-27,86,274.0
6371,GENERAL SAN MARTÍN,2023,36,2023-09-03,87,298.0
6371,GENERAL SAN MARTÍN,2023,37,2023-09-10,88,271.0
6371,GENERAL SAN MARTÍN,2023,38,2023-09-17,89,239.0
6371,GENERAL SAN MARTÍN,2023,39,2023-09-24,90,303.0
6371,GENERAL SAN MARTÍN,2023,40,2023-10-01,91,273.0
6371,GENERAL SAN MARTÍN,2023,41,2023-10-08,92,214.0
6371,GENERAL SAN MARTÍN,2023,42,2023-10-15,93,174.0
6371,GENERAL SAN MARTÍN,2023,43,2023-10-22,94,169.0
6371,GENERAL SAN MARTÍN,2023,44,2023-10-29,95,184.0
6371,GENERAL SAN MARTÍN,2023,45,2023-11-05,96,135.0
6371,GENERAL SAN MARTÍN,2023,46,2023-11-12,97,219.0
6371,GENERAL SAN MARTÍN,2023,47,2023-11-19,98,142.0
6371,GENERAL SAN MARTÍN,2023,48,2023-11-26,99,149.0
6371,GENERAL SAN MARTÍN,2023,49,2023-12-03,100,142.0
6371,GENERAL SAN MARTÍN,2023,50,2023-12-10,101,141.0
6371,GENERAL SAN MARTÍN,2023,51,2023-12-17,102,20.0
6371,GENERAL SAN MARTÍN,2023,52,2023-12-24,103,24.0
6371,GENERAL SAN MARTÍN,2024,1,2023-12-31,104,75.0
6371,GENERAL SAN MARTÍN,2024,2,2024-01-07,105,76.0
6371,GENERAL SAN MARTÍN,2024,3,2024-01-14,106,118.0
6371,GENERAL SAN MARTÍN,2024,4,2024-01-21,107,131.0
6371,GENERAL SAN MARTÍN,2024,5,2024-01-28,108,96.0
6371,GENERAL SAN MARTÍN,2024,6,2024-02-04,109,115.0
6371,GENERAL SAN MARTÍN,2024,7,2024-02-11,110,113.0
6371,GENERAL SAN MARTÍN,2024,8,2024-02-18,111,117.0
6371,GENERAL SAN MARTÍN,2024,9,2024-02-25,112,95.0
6371,GENERAL SAN MARTÍN,2024,10,2024-03-03,113,161.0
6371,GENERAL SAN MARTÍN,2024,11,2024-03-10,114,114.0
6371,GENERAL SAN MARTÍN,2024,12,2024-03-17,115,189.0
6371,GENERAL SAN MARTÍN,2024,13,2024-03-24,116,146.0
6371,GENERAL SAN MARTÍN,2024,14,2024-03-31,117,136.0
6371,GENERAL SAN MARTÍN,2024,15,2024-04-07,118,194.0
6371,GENERAL SAN MARTÍN,2024,16,2024-04-14,119,176.0
6371,GENERAL SAN MARTÍN,2024,17,2024-04-21,120,239.0
6371,GENERAL SAN MARTÍN,2024,18,2024-04-28,121,280.0
6371,GENERAL SAN MARTÍN,2024,19,2024-05-05,122,332.0
6371,GENERAL SAN MARTÍN,2024,20,2024-05-12,123,464.0
6371,GENERAL SAN MARTÍN,2024,21,2024-05-19,124,697.0
6371,GENERAL SAN MARTÍN,2024,22,2024-05-26,125,676.0
6371,GENERAL SAN MARTÍN,2024,23,2024-06-02,126,571.0
6371,GENERAL SAN MARTÍN,2024,24,2024-06-09,127,508.0
6371,GENERAL SAN MARTÍN,2024,25,2024-06-16,128,324.0
6371,GENERAL SAN MARTÍN,2024,26,2024-06-23,129,314.0
6371,GENERAL SAN MARTÍN,2024,27,2024-06-30,130,301.0
6371,GENERAL SAN MARTÍN,2024,28,2024-07-07,131,304.0
6371,GENERAL SAN MARTÍN,2024,29,2024-07-14,132,377.0
6371,GENERAL SAN MARTÍN,2024,30,2024-07-21,133,306.0
6371,GENERAL SAN MARTÍN,2024,31,2024-07-28,134,308.0
6371,GENERAL SAN MARTÍN,2024,32,2024-08-04,135,191.0
6371,GENERAL SAN MARTÍN,2024,33,2024-08-11,136,378.0
6371,GENERAL SAN MARTÍN,2024,34,2024-08-18,137,344.0
6371,GENERAL SAN MARTÍN,2024,35,2024-08-25,138,265.0
6371,GENERAL SAN MARTÍN,2024,36,2024-09-01,139,241.0
6371,GENERAL SAN MARTÍN,2024,37,2024-09-08,140,336.0
6371,GENERAL SAN MARTÍN,2024,38,2024-09-15,141,278.0
6371,GENERAL SAN MARTÍN,2024,39,2024-09-22,142,337.0
6371,GENERAL SAN MARTÍN,2024,40,2024-09-29,143,302.0
6371,GENERAL SAN MARTÍN,2024,41,2024-10-06,144,202.0
6371,GENERAL SAN MARTÍN,2024,42,2024-10-13,145,198.0
6371,GENERAL SAN MARTÍN,2024,43,2024-10-20,146,202.0
6371,GENERAL SAN MARTÍN,2024,44,2024-10-27,147,145.0
6371,GENERAL SAN MARTÍN,2024,45,2024-11-03,148,173.0
6371,GENERAL SAN MARTÍN,2024,46,2024-11-10,149,167.0
6371,GENERAL SAN MARTÍN,2024,47,2024-11-17,150,174.0
6371,GENERAL SAN MARTÍN,2024,48,2024-11-24,151,141.0
6371,GENERAL SAN MARTÍN,2024,49,2024-12-01,152,172.0
6371,GENERAL SAN MARTÍN,2024,50,2024-12-08,153,118.0
6371,GENERAL SAN MARTÍN,2024,51,2024-12-15,154,90.0
6371,GENERAL SAN MARTÍN,2024,52,2024-12-22,155,72.0
6371,GENERAL SAN MARTÍN,2025,1,2024-12-29,156,42.0
6371,GENERAL SAN MARTÍN,2025,2,2025-01-05,157,69.0
6371,GENERAL SAN MARTÍN,2025,3,2025-01-12,158,53.0
6371,GENERAL SAN MARTÍN,2025,4,2025-01-19,159,50.0
6371,GENERAL SAN MARTÍN,2025,5,2025-01-26,160,45.0
6371,GENERAL SAN MARTÍN,2025,6,2025-02-02,161,44.0
6371,GENERAL SAN MARTÍN,2025,7,2025-02-09,162,62.0
6371,GENERAL SAN MARTÍN,2025,8,2025-02-16,163,76.0
6371,GENERAL SAN MARTÍN,2025,9,2025-02-23,164,77.0
6371,GENERAL SAN MARTÍN,2025,10,2025-03-02,165,60.0
6371,GENERAL SAN MARTÍN,2025,11,2025-03-09,166,160.0
6371,GENERAL SAN MARTÍN,2025,12,2025-03-16,167,213.0
6371,GENERAL SAN MARTÍN,2025,13,2025-03-23,168,168.0
6371,GENERAL SAN MARTÍN,2025,14,2025-03-30,169,133.0
6371,GENERAL SAN MARTÍN,2025,15,2025-04-06,170,151.0
6371,GENERAL SAN MARTÍN,2025,16,2025-04-13,171,109.0
6371,GENERAL SAN MARTÍN,2025,17,2025-04-20,172,184.0
6371,GENERAL SAN MARTÍN,2025,18,2025-04-27,173,185.0
6371,GENERAL SAN MARTÍN,2025,19,2025-05-04,174,221.0
6371,GENERAL SAN MARTÍN,2025,20,2025-05-11,175,303.0
6371,GENERAL SAN MARTÍN,2025,21,2025-05-18,176,361.0
6371,GENERAL SAN MARTÍN,2025,22,2025-05-25,177,398.0
6371,GENERAL SAN MARTÍN,2025,23,2025-06-01,178,446.0
6371,GENERAL SAN MARTÍN,2025,24,2025-06-08,179,382.0
6371,GENERAL SAN MARTÍN,2025,25,2025-06-15,180,248.0
6371,GENERAL SAN MARTÍN,2025,26,2025-06-22,181,268.0
6371,GENERAL SAN MARTÍN,2025,27,2025-06-29,182,272.0
6371,GENERAL SAN MARTÍN,2025,28,2025-07-06,183,208.0
6371,GENERAL SAN MARTÍN,2025,29,2025-07-13,184,259.0
6371,GENERAL SAN MARTÍN,2025,30,2025-07-20,185,211.0
6371,GENERAL SAN MARTÍN,2025,31,2025-07-27,186,125.0
6371,GENERAL SAN MARTÍN,2025,32,2025-08-03,187,204.0
6371,GENERAL SAN MARTÍN,2025,33,2025-08-10,188,44.0
6371,GENERAL SAN MARTÍN,2025,34,2025-08-17,189,224.0
6371,GENERAL SAN MARTÍN,2025,35,2025-08-24,190,0.0
6371,GENERAL SAN MARTÍN,2025,36,2025-08-31,191,187.0
6371,GENERAL SAN MARTÍN,2025,37,2025-09-07,192,321.0
6371,GENERAL SAN MARTÍN,2025,38,2025-09-14,193,114.0
6371,GENERAL SAN MARTÍN,2025,39,2025-09-21,194,274.0
6371,GENERAL SAN MARTÍN,2025,40,2025-09-28,195,250.0
6371,GENERAL SAN MARTÍN,2025,41,2025-10-05,196,196.0
6371,GENERAL SAN MARTÍN,2025,42,2025-10-12,197,184.0
6371,GENERAL SAN MARTÍN,2025,43,2025-10-19,198,177.0
6371,GENERAL SAN MARTÍN,2025,44,2025-10-26,199,213.0
6371,GENERAL SAN MARTÍN,2025,45,2025-11-02,200,136.0
6371,GENERAL SAN MARTÍN,2025,46,2025-11-09,201,86.0
6371,GENERAL SAN MARTÍN,2025,47,2025-11-16,202,160.0
6371,GENERAL SAN MARTÍN,2025,48,2025-11-23,203,120.0
6371,GENERAL SAN MARTÍN,2025,49,2025-11-30,204,117.0
6371,GENERAL SAN MARTÍN,2025,50,2025-12-07,205,63.0
6371,GENERAL SAN MARTÍN,2025,51,2025-12-14,206,62.0
6371,GENERAL SAN MARTÍN,2025,52,2025-12-21,207,49.0
6371,GENERAL SAN MARTÍN,2025,53,2025-12-28,208,46.0
6371,GENERAL SAN MARTÍN,2026,1,2026-01-04,209,59.0
6371,GENERAL SAN MARTÍN,2026,2,2026-01-11,210,40.0
6371,GENERAL SAN MARTÍN,2026,3,2026-01-18,211,65.0
6371,GENERAL SAN MARTÍN,2026,4,2026-01-25,212,43.0
6371,GENERAL SAN MARTÍN,2026,5,2026-02-01,213,44.0
6371,GENERAL SAN MARTÍN,2026,6,2026-02-08,214,
6371,GENERAL SAN MARTÍN,2026,7,2026-02-15,215,
6371,GENERAL SAN MARTÍN,2026,8,2026-02-22,216,
6371,GENERAL SAN MARTÍN,2026,9,2026-03-01,217,
6408,HURLINGHAM,2022,1,2022-01-02,0,21.0
6408,HURLINGHAM,2022,2,2022-01-09,1,14.0
6408,HURLINGHAM,2022,3,2022-01-16,2,12.0
6408,HURLINGHAM,2022,4,2022-01-23,3,36.0
6408,HURLINGHAM,2022,5,2022-01-30,4,22.0
6408,HURLINGHAM,2022,6,2022-02-06,5,23.0
6408,HURLINGHAM,2022,7,2022-02-13,6,30.0
6408,HURLINGHAM,2022,8,2022-02-20,7,44.0
6408,HURLINGHAM,2022,9,2022-02-27,8,77.0
6408,HURLINGHAM,2022,10,2022-03-06,9,144.0
6408,HURLINGHAM,2022,11,2022-03-13,10,175.0
6408,HURLINGHAM,2022,12,2022-03-20,11,101.0
6408,HURLINGHAM,2022,13,2022-03-27,12,117.0
6408,HURLINGHAM,2022,14,2022-04-03,13,79.0
6408,HURLINGHAM,2022,15,2022-04-10,14,67.0
6408,HURLINGHAM,2022,16,2022-04-17,15,61.0
6408,HURLINGHAM,2022,17,2022-04-24,16,42.0
6408,HURLINGHAM,2022,18,2022-05-01,17,60.0
6408,HURLINGHAM,2022,19,2022-05-08,18,70.0
6408,HURLINGHAM,2022,20,2022-05-15,19,82.0
6408,HURLINGHAM,2022,21,2022-05-22,20,78.0
6408,HURLINGHAM,2022,22,2022-05-29,21,63.0
6408,HURLINGHAM,2022,23,2022-06-05,22,47.0
6408,HURLINGHAM,2022,24,2022-06-12,23,58.0
6408,HURLINGHAM,2022,25,2022-06-19,24,59.0
6408,HURLINGHAM,2022,26,2022-06-26,25,54.0
6408,HURLINGHAM,2022,27,2022-07-03,26,69.0
6408,HURLINGHAM,2022,28,2022-07-10,27,33.0
6408,HURLINGHAM,2022,29,2022-07-17,28,47.0
6408,HURLINGHAM,2022,30,2022-07-24,29,44.0
6408,HURLINGHAM,2022,31,2022-07-31,30,35.0
6408,HURLINGHAM,2022,32,2022-08-07,31,15.0
6408,HURLINGHAM,2022,33,2022-08-14,32,14.0
6408,HURLINGHAM,2022,34,2022-08-21,33,14.0
6408,HURLINGHAM,2022,35,2022-08-28,34,37.0
6408,HURLINGHAM,2022,36,2022-09-04,35,38.0
6408,HURLINGHAM,2022,37,2022-09-11,36,0.0
6408,HURLINGHAM,2022,38,2022-09-18,37,51.0
6408,HURLINGHAM,2022,39,2022-09-25,38,51.0
6408,HURLINGHAM,2022,40,2022-10-02,39,64.0
6408,HURLINGHAM,2022,41,2022-10-09,40,95.0
6408,HURLINGHAM,2022,42,2022-10-16,41,105.0
6408,HURLINGHAM,2022,43,2022-10-23,42,95.0
6408,HURLINGHAM,2022,44,2022-10-30,43,57.0
6408,HURLINGHAM,2022,45,2022-11-06,44,55.0
6408,HURLINGHAM,2022,46,2022-11-13,45,48.0
6408,HURLINGHAM,2022,47,2022-11-20,46,31.0
6408,HURLINGHAM,2022,48,2022-11-27,47,52.0
6408,HURLINGHAM,2022,49,2022-12-04,48,37.0
6408,HURLINGHAM,2022,50,2022-12-11,49,94.0
6408,HURLINGHAM,2022,51,2022-12-18,50,64.0
6408,HURLINGHAM,2022,52,2022-12-25,51,45.0
6408,HURLINGHAM,2023,1,2023-01-01,52,20.0
6408,HURLINGHAM,2023,2,2023-01-08,53,14.0
6408,HURLINGHAM,2023,3,2023-01-15,54,14.0
6408,HURLINGHAM,2023,4,2023-01-22,55,17.0
6408,HURLINGHAM,2023,5,2023-01-29,56,16.0
6408,HURLINGHAM,2023,6,2023-02-05,57,11.0
6408,HURLINGHAM,2023,7,2023-02-12,58,16.0
6408,HURLINGHAM,2023,8,2023-02-19,59,10.0
6408,HURLINGHAM,2023,9,2023-02-26,60,13.0
6408,HURLINGHAM,2023,10,2023-03-05,61,11.0
6408,HURLINGHAM,2023,11,2023-03-12,62,15.0
6408,HURLINGHAM,2023,12,2023-03-19,63,21.0
6408,HURLINGHAM,2023,13,2023-03-26,64,21.0
6408,HURLINGHAM,2023,14,2023-04-02,65,21.0
6408,HURLINGHAM,2023,15,2023-04-09,66,30.0
6408,HURLINGHAM,2023,16,2023-04-16,67,28.0
6408,HURLINGHAM,2023,17,2023-04-23,68,35.0
6408,HURLINGHAM,2023,18,2023-04-30,69,34.0
6408,HURLINGHAM,2023,19,2023-05-07,70,62.0
6408,HURLINGHAM,2023,20,2023-05-14,71,49.0
6408,HURLINGHAM,2023,21,2023-05-21,72,36.0
6408,HURLINGHAM,2023,22,2023-05-28,73,369.0
6408,HURLINGHAM,2023,23,2023-06-04,74,562.0
6408,HURLINGHAM,2023,24,2023-06-11,75,381.0
6408,HURLINGHAM,2023,25,2023-06-18,76,353.0
6408,HURLINGHAM,2023,26,2023-06-25,77,191.0
6408,HURLINGHAM,2023,27,2023-07-02,78,387.0
6408,HURLINGHAM,2023,28,2023-07-09,79,461.0
6408,HURLINGHAM,2023,29,2023-07-16,80,345.0
6408,HURLINGHAM,2023,30,2023-07-23,81,300.0
6408,HURLINGHAM,2023,31,2023-07-30,82,396.0
6408,HURLINGHAM,2023,32,2023-08-06,83,523.0
6408,HURLINGHAM,2023,33,2023-08-13,84,231.0
6408,HURLINGHAM,2023,34,2023-08-20,85,309.0
6408,HURLINGHAM,2023,35,2023-08-27,86,484.0
6408,HURLINGHAM,2023,36,2023-09-03,87,416.0
6408,HURLINGHAM,2023,37,2023-09-10,88,461.0
6408,HURLINGHAM,2023,38,2023-09-17,89,425.0
6408,HURLINGHAM,2023,39,2023-09-24,90,
6408,HURLINGHAM,2023,40,2023-10-01,91,
6408,HURLINGHAM,2023,41,2023-10-08,92,
6408,HURLINGHAM,2023,42,2023-10-15,93,
6408,HURLINGHAM,2023,43,2023-10-22,94,
6408,HURLINGHAM,2023,44,2023-10-29,95,
6408,HURLINGHAM,2023,45,2023-11-05,96,
6408,HURLINGHAM,2023,46,2023-11-12,97,
6408,HURLINGHAM,2023,47,2023-11-19,98,
6408,HURLINGHAM,2023,48,2023-11-26,99,
6408,HURLINGHAM,2023,49,2023-12-03,100,
6408,HURLINGHAM,2023,50,2023-12-10,101,
6408,HURLINGHAM,2023,51,2023-12-17,102,
6408,HURLINGHAM,2023,52,2023-12-24,103,
6408,HURLINGHAM,2024,1,2023-12-31,104,27.0
6408,HURLINGHAM,2024,2,2024-01-07,105,21.0
6408,HURLINGHAM,2024,3,2024-01-14,106,33.0
6408,HURLINGHAM,2024,4,2024-01-21,107,33.0
6408,HURLINGHAM,2024,5,2024-01-28,108,13.0
6408,HURLINGHAM,2024,6,2024-02-04,109,13.0
6408,HURLINGHAM,2024,7,2024-02-11,110,11.0
6408,HURLINGHAM,2024,8,2024-02-18,111,15.0
6408,HURLINGHAM,2024,9,2024-02-25,112,12.0
6408,HURLINGHAM,2024,10,2024-03-03,113,16.0
6408,HURLINGHAM,2024,11,2024-03-10,114,9.0
6408,HURLINGHAM,2024,12,2024-03-17,115,7.0
6408,HURLINGHAM,2024,13,2024-03-24,116,10.0
6408,HURLINGHAM,2024,14,2024-03-31,117,12.0
6408,HURLINGHAM,2024,15,2024-04-07,118,21.0
6408,HURLINGHAM,2024,16,2024-04-14,119,140.0
6408,HURLINGHAM,2024,17,2024-04-21,120,49.0
6408,HURLINGHAM,2024,18,2024-04-28,121,72.0
6408,HURLINGHAM,2024,19,2024-05-05,122,140.0
6408,HURLINGHAM,2024,20,2024-05-12,123,137.0
6408,HURLINGHAM,2024,21,2024-05-19,124,210.0
6408,HURLINGHAM,2024,22,2024-05-26,125,199.0
6408,HURLINGHAM,2024,23,2024-06-02,126,105.0
6408,HURLINGHAM,2024,24,2024-06-09,127,127.0
6408,HURLINGHAM,2024,25,2024-06-16,128,85.0
6408,HURLINGHAM,2024,26,2024-06-23,129,72.0
6408,HURLINGHAM,2024,27,2024-06-30,130,66.0
6408,HURLINGHAM,2024,28,2024-07-07,131,69.0
6408,HURLINGHAM,2024,29,2024-07-14,132,50.0
6408,HURLINGHAM,2024,30,2024-07-21,133,92.0
6408,HURLINGHAM,2024,31,2024-07-28,134,72.0
6408,HURLINGHAM,2024,32,2024-08-04,135,64.0
6408,HURLINGHAM,2024,33,2024-08-11,136,55.0
6408,HURLINGHAM,2024,34,2024-08-18,137,0.0
6408,HURLINGHAM,2024,35,2024-08-25,138,0.0
6408,HURLINGHAM,2024,36,2024-09-01,139,14.0
6408,HURLINGHAM,2024,37,2024-09-08,140,21.0
6408,HURLINGHAM,2024,38,2024-09-15,141,7.0
6408,HURLINGHAM,2024,39,2024-09-22,142,6.0
6408,HURLINGHAM,2024,40,2024-09-29,143,11.0
6408,HURLINGHAM,2024,41,2024-10-06,144,12.0
6408,HURLINGHAM,2024,42,2024-10-13,145,6.0
6408,HURLINGHAM,2024,43,2024-10-20,146,3.0
6408,HURLINGHAM,2024,44,2024-10-27,147,8.0
6408,HURLINGHAM,2024,45,2024-11-03,148,5.0
6408,HURLINGHAM,2024,46,2024-11-10,149,4.0
6408,HURLINGHAM,2024,47,2024-11-17,150,3.0
6408,HURLINGHAM,2024,48,2024-11-24,151,3.0
6408,HURLINGHAM,2024,49,2024-12-01,152,9.0
6408,HURLINGHAM,2024,50,2024-12-08,153,10.0
6408,HURLINGHAM,2024,51,2024-12-15,154,8.0
6408,HURLINGHAM,2024,52,2024-12-22,155,5.0
6408,HURLINGHAM,2025,1,2024-12-29,156,3.0
6408,HURLINGHAM,2025,2,2025-01-05,157,17.0
6408,HURLINGHAM,2025,3,2025-01-12,158,4.0
6408,HURLINGHAM,2025,4,2025-01-19,159,1.0
6408,HURLINGHAM,2025,5,2025-01-26,160,1.0
6408,HURLINGHAM,2025,6,2025-02-02,161,0.0
6408,HURLINGHAM,2025,7,2025-02-09,162,0.0
6408,HURLINGHAM,2025,8,2025-02-16,163,6.0
6408,HURLINGHAM,2025,9,2025-02-23,164,3.0
6408,HURLINGHAM,2025,10,2025-03-02,165,0.0
6408,HURLINGHAM,2025,11,2025-03-09,166,13.0
6408,HURLINGHAM,2025,12,2025-03-16,167,28.0
6408,HURLINGHAM,2025,13,2025-03-23,168,17.0
6408,HURLINGHAM,2025,14,2025-03-30,169,19.0
6408,HURLINGHAM,2025,15,2025-04-06,170,10.0
6408,HURLINGHAM,2025,16,2025-04-13,171,31.0
6408,HURLINGHAM,2025,17,2025-04-20,172,105.0
6408,HURLINGHAM,2025,18,2025-04-27,173,55.0
6408,HURLINGHAM,2025,19,2025-05-04,174,59.0
6408,HURLINGHAM,2025,20,2025-05-11,175,0.0
6408,HURLINGHAM,2025,21,2025-05-18,176,133.0
6408,HURLINGHAM,2025,22,2025-05-25,177,220.0
6408,HURLINGHAM,2025,23,2025-06-01,178,230.0
6408,HURLINGHAM,2025,24,2025-06-08,179,62.0
6408,HURLINGHAM,2025,25,2025-06-15,180,239.0
6408,HURLINGHAM,2025,26,2025-06-22,181,137.0
6408,HURLINGHAM,2025,27,2025-06-29,182,51.0
6408,HURLINGHAM,2025,28,2025-07-06,183,56.0
6408,HURLINGHAM,2025,29,2025-07-13,184,8.0
6408,HURLINGHAM,2025,30,2025-07-20,185,1.0
6408,HURLINGHAM,2025,31,2025-07-27,186,6.0
6408,HURLINGHAM,2025,32,2025-08-03,187,1.0
6408,HURLINGHAM,2025,33,2025-08-10,188,5.0
6408,HURLINGHAM,2025,34,2025-08-17,189,0.0
6408,HURLINGHAM,2025,35,2025-08-24,190,2.0
6408,HURLINGHAM,2025,36,2025-08-31,191,7.0
6408,HURLINGHAM,2025,37,2025-09-07,192,1.0
6408,HURLINGHAM,2025,38,2025-09-14,193,4.0
6408,HURLINGHAM,2025,39,2025-09-21,194,2.0
6408,HURLINGHAM,2025,40,2025-09-28,195,3.0
6408,HURLINGHAM,2025,41,2025-10-05,196,0.0
6408,HURLINGHAM,2025,42,2025-10-12,197,2.0
6408,HURLINGHAM,2025,43,2025-10-19,198,0.0
6408,HURLINGHAM,2025,44,2025-10-26,199,1.0
6408,HURLINGHAM,2025,45,2025-11-02,200,
6408,HURLINGHAM,2025,46,2025-11-09,201,
6408,HURLINGHAM,2025,47,2025-11-16,202,
6408,HURLINGHAM,2025,48,2025-11-23,203,3.0
6408,HURLINGHAM,2025,49,2025-11-30,204,2.0
6408,HURLINGHAM,2025,50,2025-12-07,205,4.0
6408,HURLINGHAM,2025,51,2025-12-14,206,0.0
6408,HURLINGHAM,2025,52,2025-12-21,207,1.0
6408,HURLINGHAM,2025,53,2025-12-28,208,
6408,HURLINGHAM,2026,1,2026-01-04,209,
6408,HURLINGHAM,2026,2,2026-01-11,210,
6408,HURLINGHAM,2026,3,2026-01-18,211,
6408,HURLINGHAM,2026,4,2026-01-25,212,
6408,HURLINGHAM,2026,5,2026-02-01,213,
6408,HURLINGHAM,2026,6,2026-02-08,214,
6408,HURLINGHAM,2026,7,2026-02-15,215,
6408,HURLINGHAM,2026,8,2026-02-22,216,
6408,HURLINGHAM,2026,9,2026-03-01,217,
6410,ITUZAINGÓ,2022,1,2022-01-02,0,
6410,ITUZAINGÓ,2022,2,2022-01-09,1,
6410,ITUZAINGÓ,2022,3,2022-01-16,2,
6410,ITUZAINGÓ,2022,4,2022-01-23,3,
6410,ITUZAINGÓ,2022,5,2022-01-30,4,
6410,ITUZAINGÓ,2022,6,2022-02-06,5,
6410,ITUZAINGÓ,2022,7,2022-02-13,6,
6410,ITUZAINGÓ,2022,8,2022-02-20,7,
6410,ITUZAINGÓ,2022,9,2022-02-27,8,
6410,ITUZAINGÓ,2022,10,2022-03-06,9,
6410,ITUZAINGÓ,2022,11,2022-03-13,10,
6410,ITUZAINGÓ,2022,12,2022-03-20,11,
6410,ITUZAINGÓ,2022,13,2022-03-27,12,
6410,ITUZAINGÓ,2022,14,2022-04-03,13,
6410,ITUZAINGÓ,2022,15,2022-04-10,14,
6410,ITUZAINGÓ,2022,16,2022-04-17,15,
6410,ITUZAINGÓ,2022,17,2022-04-24,16,
6410,ITUZAINGÓ,2022,18,2022-05-01,17,
6410,ITUZAINGÓ,2022,19,2022-05-08,18,
6410,ITUZAINGÓ,2022,20,2022-05-15,19,
6410,ITUZAINGÓ,2022,21,2022-05-22,20,
6410,ITUZAINGÓ,2022,22,2022-05-29,21,
6410,ITUZAINGÓ,2022,23,2022-06-05,22,
6410,ITUZAINGÓ,2022,24,2022-06-12,23,
6410,ITUZAINGÓ,2022,25,2022-06-19,24,
6410,ITUZAINGÓ,2022,26,2022-06-26,25,
6410,ITUZAINGÓ,2022,27,2022-07-03,26,
6410,ITUZAINGÓ,2022,28,2022-07-10,27,
6410,ITUZAINGÓ,2022,29,2022-07-17,28,
6410,ITUZAINGÓ,2022,30,2022-07-24,29,
6410,ITUZAINGÓ,2022,31,2022-07-31,30,
6410,ITUZAINGÓ,2022,32,2022-08-07,31,
6410,ITUZAINGÓ,2022,33,2022-08-14,32,
6410,ITUZAINGÓ,2022,34,2022-08-21,33,
6410,ITUZAINGÓ,2022,35,2022-08-28,34,
6410,ITUZAINGÓ,2022,36,2022-09-04,35,
6410,ITUZAINGÓ,2022,37,2022-09-11,36,
6410,ITUZAINGÓ,2022,38,2022-09-18,37,
6410,ITUZAINGÓ,2022,39,2022-09-25,38,
6410,ITUZAINGÓ,2022,40,2022-10-02,39,
6410,ITUZAINGÓ,2022,41,2022-10-09,40,
6410,ITUZAINGÓ,2022,42,2022-10-16,41,
6410,ITUZAINGÓ,2022,43,2022-10-23,42,
6410,ITUZAINGÓ,2022,44,2022-10-30,43,
6410,ITUZAINGÓ,2022,45,2022-11-06,44,
6410,ITUZAINGÓ,2022,46,2022-11-13,45,
6410,ITUZAINGÓ,2022,47,2022-11-20,46,1.0
6410,ITUZAINGÓ,2022,48,2022-11-27,47,
6410,ITUZAINGÓ,2022,49,2022-12-04,48,
6410,ITUZAINGÓ,2022,50,2022-12-11,49,
6410,ITUZAINGÓ,2022,51,2022-12-18,50,
6410,ITUZAINGÓ,2022,52,2022-12-25,51,
6410,ITUZAINGÓ,2023,1,2023-01-01,52,1.0
6410,ITUZAINGÓ,2023,2,2023-01-08,53,0.0
6410,ITUZAINGÓ,2023,3,2023-01-15,54,0.0
6410,ITUZAINGÓ,2023,4,2023-01-22,55,2.0
6410,ITUZAINGÓ,2023,5,2023-01-29,56,0.0
6410,ITUZAINGÓ,2023,6,2023-02-05,57,1.0
6410,ITUZAINGÓ,2023,7,2023-02-12,58,2.0
6410,ITUZAINGÓ,2023,8,2023-02-19,59,5.0
6410,ITUZAINGÓ,2023,9,2023-02-26,60,5.0
6410,ITUZAINGÓ,2023,10,2023-03-05,61,6.0
6410,ITUZAINGÓ,2023,11,2023-03-12,62,6.0
6410,ITUZAINGÓ,2023,12,2023-03-19,63,8.0
6410,ITUZAINGÓ,2023,13,2023-03-26,64,7.0
6410,ITUZAINGÓ,2023,14,2023-04-02,65,4.0
6410,ITUZAINGÓ,2023,15,2023-04-09,66,5.0
6410,ITUZAINGÓ,2023,16,2023-04-16,67,2.0
6410,ITUZAINGÓ,2023,17,2023-04-23,68,5.0
6410,ITUZAINGÓ,2023,18,2023-04-30,69,4.0
6410,ITUZAINGÓ,2023,19,2023-05-07,70,15.0
6410,ITUZAINGÓ,2023,20,2023-05-14,71,30.0
6410,ITUZAINGÓ,2023,21,2023-05-21,72,14.0
6410,ITUZAINGÓ,2023,22,2023-05-28,73,44.0
6410,ITUZAINGÓ,2023,23,2023-06-04,74,79.0
6410,ITUZAINGÓ,2023,24,2023-06-11,75,95.0
6410,ITUZAINGÓ,2023,25,2023-06-18,76,59.0
6410,ITUZAINGÓ,2023,26,2023-06-25,77,53.0
6410,ITUZAINGÓ,2023,27,2023-07-02,78,72.0
6410,ITUZAINGÓ,2023,28,2023-07-09,79,74.0
6410,ITUZAINGÓ,2023,29,2023-07-16,80,49.0
6410,ITUZAINGÓ,2023,30,2023-07-23,81,28.0
6410,ITUZAINGÓ,2023,31,2023-07-30,82,35.0
6410,ITUZAINGÓ,2023,32,2023-08-06,83,39.0
6410,ITUZAINGÓ,2023,33,2023-08-13,84,63.0
6410,ITUZAINGÓ,2023,34,2023-08-20,85,8.0
6410,ITUZAINGÓ,2023,35,2023-08-27,86,46.0
6410,ITUZAINGÓ,2023,36,2023-09-03,87,46.0
6410,ITUZAINGÓ,2023,37,2023-09-10,88,113.0
6410,ITUZAINGÓ,2023,38,2023-09-17,89,117.0
6410,ITUZAINGÓ,2023,39,2023-09-24,90,83.0
6410,ITUZAINGÓ,2023,40,2023-10-01,91,55.0
6410,ITUZAINGÓ,2023,41,2023-10-08,92,74.0
6410,ITUZAINGÓ,2023,42,2023-10-15,93,90.0
6410,ITUZAINGÓ,2023,43,2023-10-22,94,64.0
6410,ITUZAINGÓ,2023,44,2023-10-29,95,52.0
6410,ITUZAINGÓ,2023,45,2023-11-05,96,52.0
6410,ITUZAINGÓ,2023,46,2023-11-12,97,61.0
6410,ITUZAINGÓ,2023,47,2023-11-19,98,76.0
6410,ITUZAINGÓ,2023,48,2023-11-26,99,62.0
6410,ITUZAINGÓ,2023,49,2023-12-03,100,20.0
6410,ITUZAINGÓ,2023,50,2023-12-10,101,31.0
6410,ITUZAINGÓ,2023,51,2023-12-17,102,44.0
6410,ITUZAINGÓ,2023,52,2023-12-24,103,41.0
6410,ITUZAINGÓ,2024,1,2023-12-31,104,32.0
6410,ITUZAINGÓ,2024,2,2024-01-07,105,35.0
6410,ITUZAINGÓ,2024,3,2024-01-14,106,26.0
6410,ITUZAINGÓ,2024,4,2024-01-21,107,21.0
6410,ITUZAINGÓ,2024,5,2024-01-28,108,26.0
6410,ITUZAINGÓ,2024,6,2024-02-04,109,19.0
6410,ITUZAINGÓ,2024,7,2024-02-11,110,10.0
6410,ITUZAINGÓ,2024,8,2024-02-18,111,5.0
6410,ITUZAINGÓ,2024,9,2024-02-25,112,3.0
6410,ITUZAINGÓ,2024,10,2024-03-03,113,7.0
6410,ITUZAINGÓ,2024,11,2024-03-10,114,13.0
6410,ITUZAINGÓ,2024,12,2024-03-17,115,22.0
6410,ITUZAINGÓ,2024,13,2024-03-24,116,27.0
6410,ITUZAINGÓ,2024,14,2024-03-31,117,11.0
6410,ITUZAINGÓ,2024,15,2024-04-07,118,46.0
6410,ITUZAINGÓ,2024,16,2024-04-14,119,34.0
6410,ITUZAINGÓ,2024,17,2024-04-21,120,48.0
6410,ITUZAINGÓ,2024,18,2024-04-28,121,46.0
6410,ITUZAINGÓ,2024,19,2024-05-05,122,47.0
6410,ITUZAINGÓ,2024,20,2024-05-12,123,102.0
6410,ITUZAINGÓ,2024,21,2024-05-19,124,149.0
6410,ITUZAINGÓ,2024,22,2024-05-26,125,156.0
6410,ITUZAINGÓ,2024,23,2024-06-02,126,121.0
6410,ITUZAINGÓ,2024,24,2024-06-09,127,149.0
6410,ITUZAINGÓ,2024,25,2024-06-16,128,69.0
6410,ITUZAINGÓ,2024,26,2024-06-23,129,71.0
6410,ITUZAINGÓ,2024,27,2024-06-30,130,98.0
6410,ITUZAINGÓ,2024,28,2024-07-07,131,80.0
6410,ITUZAINGÓ,2024,29,2024-07-14,132,98.0
6410,ITUZAINGÓ,2024,30,2024-07-21,133,111.0
6410,ITUZAINGÓ,2024,31,2024-07-28,134,119.0
6410,ITUZAINGÓ,2024,32,2024-08-04,135,77.0
6410,ITUZAINGÓ,2024,33,2024-08-11,136,69.0
6410,ITUZAINGÓ,2024,34,2024-08-18,137,94.0
6410,ITUZAINGÓ,2024,35,2024-08-25,138,94.0
6410,ITUZAINGÓ,2024,36,2024-09-01,139,102.0
6410,ITUZAINGÓ,2024,37,2024-09-08,140,60.0
6410,ITUZAINGÓ,2024,38,2024-09-15,141,86.0
6410,ITUZAINGÓ,2024,39,2024-09-22,142,38.0
6410,ITUZAINGÓ,2024,40,2024-09-29,143,83.0
6410,ITUZAINGÓ,2024,41,2024-10-06,144,73.0
6410,ITUZAINGÓ,2024,42,2024-10-13,145,59.0
6410,ITUZAINGÓ,2024,43,2024-10-20,146,48.0
6410,ITUZAINGÓ,2024,44,2024-10-27,147,48.0
6410,ITUZAINGÓ,2024,45,2024-11-03,148,41.0
6410,ITUZAINGÓ,2024,46,2024-11-10,149,63.0
6410,ITUZAINGÓ,2024,47,2024-11-17,150,32.0
6410,ITUZAINGÓ,2024,48,2024-11-24,151,21.0
6410,ITUZAINGÓ,2024,49,2024-12-01,152,63.0
6410,ITUZAINGÓ,2024,50,2024-12-08,153,53.0
6410,ITUZAINGÓ,2024,51,2024-12-15,154,43.0
6410,ITUZAINGÓ,2024,52,2024-12-22,155,10.0
6410,ITUZAINGÓ,2025,1,2024-12-29,156,7.0
6410,ITUZAINGÓ,2025,2,2025-01-05,157,9.0
6410,ITUZAINGÓ,2025,3,2025-01-12,158,12.0
6410,ITUZAINGÓ,2025,4,2025-01-19,159,13.0
6410,ITUZAINGÓ,2025,5,2025-01-26,160,2.0
6410,ITUZAINGÓ,2025,6,2025-02-02,161,3.0
6410,ITUZAINGÓ,2025,7,2025-02-09,162,3.0
6410,ITUZAINGÓ,2025,8,2025-02-16,163,7.0
6410,ITUZAINGÓ,2025,9,2025-02-23,164,3.0
6410,ITUZAINGÓ,2025,10,2025-03-02,165,20.0
6410,ITUZAINGÓ,2025,11,2025-03-09,166,2.0
6410,ITUZAINGÓ,2025,12,2025-03-16,167,9.0
6410,ITUZAINGÓ,2025,13,2025-03-23,168,11.0
6410,ITUZAINGÓ,2025,14,2025-03-30,169,7.0
6410,ITUZAINGÓ,2025,15,2025-04-06,170,5.0
6410,ITUZAINGÓ,2025,16,2025-04-13,171,11.0
6410,ITUZAINGÓ,2025,17,2025-04-20,172,27.0
6410,ITUZAINGÓ,2025,18,2025-04-27,173,18.0
6410,ITUZAINGÓ,2025,19,2025-05-04,174,19.0
6410,ITUZAINGÓ,2025,20,2025-05-11,175,20.0
6410,ITUZAINGÓ,2025,21,2025-05-18,176,17.0
6410,ITUZAINGÓ,2025,22,2025-05-25,177,22.0
6410,ITUZAINGÓ,2025,23,2025-06-01,178,15.0
6410,ITUZAINGÓ,2025,24,2025-06-08,179,16.0
6410,ITUZAINGÓ,2025,25,2025-06-15,180,12.0
6410,ITUZAINGÓ,2025,26,2025-06-22,181,16.0
6410,ITUZAINGÓ,2025,27,2025-06-29,182,19.0
6410,ITUZAINGÓ,2025,28,2025-07-06,183,7.0
6410,ITUZAINGÓ,2025,29,2025-07-13,184,0.0
6410,ITUZAINGÓ,2025,30,2025-07-20,185,0.0
6410,ITUZAINGÓ,2025,31,2025-07-27,186,5.0
6410,ITUZAINGÓ,2025,32,2025-08-03,187,10.0
6410,ITUZAINGÓ,2025,33,2025-08-10,188,11.0
6410,ITUZAINGÓ,2025,34,2025-08-17,189,7.0
6410,ITUZAINGÓ,2025,35,2025-08-24,190,8.0
6410,ITUZAINGÓ,2025,36,2025-08-31,191,16.0
6410,ITUZAINGÓ,2025,37,2025-09-07,192,10.0
6410,ITUZAINGÓ,2025,38,2025-09-14,193,11.0
6410,ITUZAINGÓ,2025,39,2025-09-21,194,10.0
6410,ITUZAINGÓ,2025,40,2025-09-28,195,11.0
6410,ITUZAINGÓ,2025,41,2025-10-05,196,8.0
6410,ITUZAINGÓ,2025,42,2025-10-12,197,15.0
6410,ITUZAINGÓ,2025,43,2025-10-19,198,7.0
6410,ITUZAINGÓ,2025,44,2025-10-26,199,7.0
6410,ITUZAINGÓ,2025,45,2025-11-02,200,6.0
6410,ITUZAINGÓ,2025,46,2025-11-09,201,6.0
6410,ITUZAINGÓ,2025,47,2025-11-16,202,1.0
6410,ITUZAINGÓ,2025,48,2025-11-23,203,12.0
6410,ITUZAINGÓ,2025,49,2025-11-30,204,4.0
6410,ITUZAINGÓ,2025,50,2025-12-07,205,9.0
6410,ITUZAINGÓ,2025,51,2025-12-14,206,12.0
6410,ITUZAINGÓ,2025,52,2025-12-21,207,0.0
6410,ITUZAINGÓ,2025,53,2025-12-28,208,0.0
6410,ITUZAINGÓ,2026,1,2026-01-04,209,1.0
6410,ITUZAINGÓ,2026,2,2026-01-11,210,1.0
6410,ITUZAINGÓ,2026,3,2026-01-18,211,4.0
6410,ITUZAINGÓ,2026,4,2026-01-25,212,1.0
6410,ITUZAINGÓ,2026,5,2026-02-01,213,2.0
6410,ITUZAINGÓ,2026,6,2026-02-08,214,5.0
6410,ITUZAINGÓ,2026,7,2026-02-15,215,
6410,ITUZAINGÓ,2026,8,2026-02-22,216,
6410,ITUZAINGÓ,2026,9,2026-03-01,217,
6412,JOSÉ C. PAZ,2022,1,2022-01-02,0,54.0
6412,JOSÉ C. PAZ,2022,2,2022-01-09,1,125.0
6412,JOSÉ C. PAZ,2022,3,2022-01-16,2,66.0
6412,JOSÉ C. PAZ,2022,4,2022-01-23,3,10.0
6412,JOSÉ C. PAZ,2022,5,2022-01-30,4,20.0
6412,JOSÉ C. PAZ,2022,6,2022-02-06,5,17.0
6412,JOSÉ C. PAZ,2022,7,2022-02-13,6,23.0
6412,JOSÉ C. PAZ,2022,8,2022-02-20,7,19.0
6412,JOSÉ C. PAZ,2022,9,2022-02-27,8,32.0
6412,JOSÉ C. PAZ,2022,10,2022-03-06,9,58.0
6412,JOSÉ C. PAZ,2022,11,2022-03-13,10,70.0
6412,JOSÉ C. PAZ,2022,12,2022-03-20,11,37.0
6412,JOSÉ C. PAZ,2022,13,2022-03-27,12,28.0
6412,JOSÉ C. PAZ,2022,14,2022-04-03,13,37.0
6412,JOSÉ C. PAZ,2022,15,2022-04-10,14,26.0
6412,JOSÉ C. PAZ,2022,16,2022-04-17,15,27.0
6412,JOSÉ C. PAZ,2022,17,2022-04-24,16,17.0
6412,JOSÉ C. PAZ,2022,18,2022-05-01,17,415.0
6412,JOSÉ C. PAZ,2022,19,2022-05-08,18,425.0
6412,JOSÉ C. PAZ,2022,20,2022-05-15,19,395.0
6412,JOSÉ C. PAZ,2022,21,2022-05-22,20,320.0
6412,JOSÉ C. PAZ,2022,22,2022-05-29,21,495.0
6412,JOSÉ C. PAZ,2022,23,2022-06-05,22,431.0
6412,JOSÉ C. PAZ,2022,24,2022-06-12,23,582.0
6412,JOSÉ C. PAZ,2022,25,2022-06-19,24,381.0
6412,JOSÉ C. PAZ,2022,26,2022-06-26,25,412.0
6412,JOSÉ C. PAZ,2022,27,2022-07-03,26,601.0
6412,JOSÉ C. PAZ,2022,28,2022-07-10,27,773.0
6412,JOSÉ C. PAZ,2022,29,2022-07-17,28,551.0
6412,JOSÉ C. PAZ,2022,30,2022-07-24,29,518.0
6412,JOSÉ C. PAZ,2022,31,2022-07-31,30,544.0
6412,JOSÉ C. PAZ,2022,32,2022-08-07,31,516.0
6412,JOSÉ C. PAZ,2022,33,2022-08-14,32,465.0
6412,JOSÉ C. PAZ,2022,34,2022-08-21,33,192.0
6412,JOSÉ C. PAZ,2022,35,2022-08-28,34,141.0
6412,JOSÉ C. PAZ,2022,36,2022-09-04,35,103.0
6412,JOSÉ C. PAZ,2022,37,2022-09-11,36,100.0
6412,JOSÉ C. PAZ,2022,38,2022-09-18,37,93.0
6412,JOSÉ C. PAZ,2022,39,2022-09-25,38,151.0
6412,JOSÉ C. PAZ,2022,40,2022-10-02,39,45.0
6412,JOSÉ C. PAZ,2022,41,2022-10-09,40,46.0
6412,JOSÉ C. PAZ,2022,42,2022-10-16,41,57.0
6412,JOSÉ C. PAZ,2022,43,2022-10-23,42,42.0
6412,JOSÉ C. PAZ,2022,44,2022-10-30,43,40.0
6412,JOSÉ C. PAZ,2022,45,2022-11-06,44,33.0
6412,JOSÉ C. PAZ,2022,46,2022-11-13,45,29.0
6412,JOSÉ C. PAZ,2022,47,2022-11-20,46,15.0
6412,JOSÉ C. PAZ,2022,48,2022-11-27,47,16.0
6412,JOSÉ C. PAZ,2022,49,2022-12-04,48,15.0
6412,JOSÉ C. PAZ,2022,50,2022-12-11,49,20.0
6412,JOSÉ C. PAZ,2022,51,2022-12-18,50,24.0
6412,JOSÉ C. PAZ,2022,52,2022-12-25,51,19.0
6412,JOSÉ C. PAZ,2023,1,2023-01-01,52,189.0
6412,JOSÉ C. PAZ,2023,2,2023-01-08,53,124.0
6412,JOSÉ C. PAZ,2023,3,2023-01-15,54,98.0
6412,JOSÉ C. PAZ,2023,4,2023-01-22,55,76.0
6412,JOSÉ C. PAZ,2023,5,2023-01-29,56,113.0
6412,JOSÉ C. PAZ,2023,6,2023-02-05,57,69.0
6412,JOSÉ C. PAZ,2023,7,2023-02-12,58,73.0
6412,JOSÉ C. PAZ,2023,8,2023-02-19,59,54.0
6412,JOSÉ C. PAZ,2023,9,2023-02-26,60,58.0
6412,JOSÉ C. PAZ,2023,10,2023-03-05,61,69.0
6412,JOSÉ C. PAZ,2023,11,2023-03-12,62,80.0
6412,JOSÉ C. PAZ,2023,12,2023-03-19,63,78.0
6412,JOSÉ C. PAZ,2023,13,2023-03-26,64,96.0
6412,JOSÉ C. PAZ,2023,14,2023-04-02,65,156.0
6412,JOSÉ C. PAZ,2023,15,2023-04-09,66,173.0
6412,JOSÉ C. PAZ,2023,16,2023-04-16,67,499.0
6412,JOSÉ C. PAZ,2023,17,2023-04-23,68,451.0
6412,JOSÉ C. PAZ,2023,18,2023-04-30,69,651.0
6412,JOSÉ C. PAZ,2023,19,2023-05-07,70,583.0
6412,JOSÉ C. PAZ,2023,20,2023-05-14,71,501.0
6412,JOSÉ C. PAZ,2023,21,2023-05-21,72,539.0
6412,JOSÉ C. PAZ,2023,22,2023-05-28,73,714.0
6412,JOSÉ C. PAZ,2023,23,2023-06-04,74,991.0
6412,JOSÉ C. PAZ,2023,24,2023-06-11,75,833.0
6412,JOSÉ C. PAZ,2023,25,2023-06-18,76,1023.0
6412,JOSÉ C. PAZ,2023,26,2023-06-25,77,533.0
6412,JOSÉ C. PAZ,2023,27,2023-07-02,78,479.0
6412,JOSÉ C. PAZ,2023,28,2023-07-09,79,369.0
6412,JOSÉ C. PAZ,2023,29,2023-07-16,80,398.0
6412,JOSÉ C. PAZ,2023,30,2023-07-23,81,379.0
6412,JOSÉ C. PAZ,2023,31,2023-07-30,82,343.0
6412,JOSÉ C. PAZ,2023,32,2023-08-06,83,390.0
6412,JOSÉ C. PAZ,2023,33,2023-08-13,84,411.0
6412,JOSÉ C. PAZ,2023,34,2023-08-20,85,291.0
6412,JOSÉ C. PAZ,2023,35,2023-08-27,86,152.0
6412,JOSÉ C. PAZ,2023,36,2023-09-03,87,165.0
6412,JOSÉ C. PAZ,2023,37,2023-09-10,88,147.0
6412,JOSÉ C. PAZ,2023,38,2023-09-17,89,141.0
6412,JOSÉ C. PAZ,2023,39,2023-09-24,90,89.0
6412,JOSÉ C. PAZ,2023,40,2023-10-01,91,26.0
6412,JOSÉ C. PAZ,2023,41,2023-10-08,92,81.0
6412,JOSÉ C. PAZ,2023,42,2023-10-15,93,15.0
6412,JOSÉ C. PAZ,2023,43,2023-10-22,94,39.0
6412,JOSÉ C. PAZ,2023,44,2023-10-29,95,16.0
6412,JOSÉ C. PAZ,2023,45,2023-11-05,96,0.0
6412,JOSÉ C. PAZ,2023,46,2023-11-12,97,0.0
6412,JOSÉ C. PAZ,2023,47,2023-11-19,98,6.0
6412,JOSÉ C. PAZ,2023,48,2023-11-26,99,
6412,JOSÉ C. PAZ,2023,49,2023-12-03,100,
6412,JOSÉ C. PAZ,2023,50,2023-12-10,101,
6412,JOSÉ C. PAZ,2023,51,2023-12-17,102,
6412,JOSÉ C. PAZ,2023,52,2023-12-24,103,
6412,JOSÉ C. PAZ,2024,1,2023-12-31,104,
6412,JOSÉ C. PAZ,2024,2,2024-01-07,105,
6412,JOSÉ C. PAZ,2024,3,2024-01-14,106,
6412,JOSÉ C. PAZ,2024,4,2024-01-21,107,
6412,JOSÉ C. PAZ,2024,5,2024-01-28,108,
6412,JOSÉ C. PAZ,2024,6,2024-02-04,109,6.0
6412,JOSÉ C. PAZ,2024,7,2024-02-11,110,2.0
6412,JOSÉ C. PAZ,2024,8,2024-02-18,111,4.0
6412,JOSÉ C. PAZ,2024,9,2024-02-25,112,2.0
6412,JOSÉ C. PAZ,2024,10,2024-03-03,113,2.0
6412,JOSÉ C. PAZ,2024,11,2024-03-10,114,0.0
6412,JOSÉ C. PAZ,2024,12,2024-03-17,115,18.0
6412,JOSÉ C. PAZ,2024,13,2024-03-24,116,8.0
6412,JOSÉ C. PAZ,2024,14,2024-03-31,117,5.0
6412,JOSÉ C. PAZ,2024,15,2024-04-07,118,4.0
6412,JOSÉ C. PAZ,2024,16,2024-04-14,119,25.0
6412,JOSÉ C. PAZ,2024,17,2024-04-21,120,14.0
6412,JOSÉ C. PAZ,2024,18,2024-04-28,121,176.0
6412,JOSÉ C. PAZ,2024,19,2024-05-05,122,187.0
6412,JOSÉ C. PAZ,2024,20,2024-05-12,123,206.0
6412,JOSÉ C. PAZ,2024,21,2024-05-19,124,183.0
6412,JOSÉ C. PAZ,2024,22,2024-05-26,125,245.0
6412,JOSÉ C. PAZ,2024,23,2024-06-02,126,73.0
6412,JOSÉ C. PAZ,2024,24,2024-06-09,127,314.0
6412,JOSÉ C. PAZ,2024,25,2024-06-16,128,239.0
6412,JOSÉ C. PAZ,2024,26,2024-06-23,129,272.0
6412,JOSÉ C. PAZ,2024,27,2024-06-30,130,273.0
6412,JOSÉ C. PAZ,2024,28,2024-07-07,131,1172.0
6412,JOSÉ C. PAZ,2024,29,2024-07-14,132,923.0
6412,JOSÉ C. PAZ,2024,30,2024-07-21,133,539.0
6412,JOSÉ C. PAZ,2024,31,2024-07-28,134,588.0
6412,JOSÉ C. PAZ,2024,32,2024-08-04,135,580.0
6412,JOSÉ C. PAZ,2024,33,2024-08-11,136,705.0
6412,JOSÉ C. PAZ,2024,34,2024-08-18,137,1532.0
6412,JOSÉ C. PAZ,2024,35,2024-08-25,138,908.0
6412,JOSÉ C. PAZ,2024,36,2024-09-01,139,1233.0
6412,JOSÉ C. PAZ,2024,37,2024-09-08,140,1015.0
6412,JOSÉ C. PAZ,2024,38,2024-09-15,141,1116.0
6412,JOSÉ C. PAZ,2024,39,2024-09-22,142,1142.0
6412,JOSÉ C. PAZ,2024,40,2024-09-29,143,911.0
6412,JOSÉ C. PAZ,2024,41,2024-10-06,144,890.0
6412,JOSÉ C. PAZ,2024,42,2024-10-13,145,867.0
6412,JOSÉ C. PAZ,2024,43,2024-10-20,146,607.0
6412,JOSÉ C. PAZ,2024,44,2024-10-27,147,664.0
6412,JOSÉ C. PAZ,2024,45,2024-11-03,148,584.0
6412,JOSÉ C. PAZ,2024,46,2024-11-10,149,505.0
6412,JOSÉ C. PAZ,2024,47,2024-11-17,150,488.0
6412,JOSÉ C. PAZ,2024,48,2024-11-24,151,474.0
6412,JOSÉ C. PAZ,2024,49,2024-12-01,152,479.0
6412,JOSÉ C. PAZ,2024,50,2024-12-08,153,403.0
6412,JOSÉ C. PAZ,2024,51,2024-12-15,154,315.0
6412,JOSÉ C. PAZ,2024,52,2024-12-22,155,337.0
6412,JOSÉ C. PAZ,2025,1,2024-12-29,156,255.0
6412,JOSÉ C. PAZ,2025,2,2025-01-05,157,273.0
6412,JOSÉ C. PAZ,2025,3,2025-01-12,158,209.0
6412,JOSÉ C. PAZ,2025,4,2025-01-19,159,205.0
6412,JOSÉ C. PAZ,2025,5,2025-01-26,160,319.0
6412,JOSÉ C. PAZ,2025,6,2025-02-02,161,256.0
6412,JOSÉ C. PAZ,2025,7,2025-02-09,162,456.0
6412,JOSÉ C. PAZ,2025,8,2025-02-16,163,494.0
6412,JOSÉ C. PAZ,2025,9,2025-02-23,164,441.0
6412,JOSÉ C. PAZ,2025,10,2025-03-02,165,389.0
6412,JOSÉ C. PAZ,2025,11,2025-03-09,166,635.0
6412,JOSÉ C. PAZ,2025,12,2025-03-16,167,887.0
6412,JOSÉ C. PAZ,2025,13,2025-03-23,168,935.0
6412,JOSÉ C. PAZ,2025,14,2025-03-30,169,656.0
6412,JOSÉ C. PAZ,2025,15,2025-04-06,170,657.0
6412,JOSÉ C. PAZ,2025,16,2025-04-13,171,591.0
6412,JOSÉ C. PAZ,2025,17,2025-04-20,172,841.0
6412,JOSÉ C. PAZ,2025,18,2025-04-27,173,828.0
6412,JOSÉ C. PAZ,2025,19,2025-05-04,174,1266.0
6412,JOSÉ C. PAZ,2025,20,2025-05-11,175,1273.0
6412,JOSÉ C. PAZ,2025,21,2025-05-18,176,1339.0
6412,JOSÉ C. PAZ,2025,22,2025-05-25,177,2422.0
6412,JOSÉ C. PAZ,2025,23,2025-06-01,178,1866.0
6412,JOSÉ C. PAZ,2025,24,2025-06-08,179,2302.0
6412,JOSÉ C. PAZ,2025,25,2025-06-15,180,1295.0
6412,JOSÉ C. PAZ,2025,26,2025-06-22,181,1312.0
6412,JOSÉ C. PAZ,2025,27,2025-06-29,182,1090.0
6412,JOSÉ C. PAZ,2025,28,2025-07-06,183,1296.0
6412,JOSÉ C. PAZ,2025,29,2025-07-13,184,1186.0
6412,JOSÉ C. PAZ,2025,30,2025-07-20,185,1014.0
6412,JOSÉ C. PAZ,2025,31,2025-07-27,186,1117.0
6412,JOSÉ C. PAZ,2025,32,2025-08-03,187,1103.0
6412,JOSÉ C. PAZ,2025,33,2025-08-10,188,1145.0
6412,JOSÉ C. PAZ,2025,34,2025-08-17,189,918.0
6412,JOSÉ C. PAZ,2025,35,2025-08-24,190,1325.0
6412,JOSÉ C. PAZ,2025,36,2025-08-31,191,975.0
6412,JOSÉ C. PAZ,2025,37,2025-09-07,192,952.0
6412,JOSÉ C. PAZ,2025,38,2025-09-14,193,1110.0
6412,JOSÉ C. PAZ,2025,39,2025-09-21,194,817.0
6412,JOSÉ C. PAZ,2025,40,2025-09-28,195,752.0
6412,JOSÉ C. PAZ,2025,41,2025-10-05,196,786.0
6412,JOSÉ C. PAZ,2025,42,2025-10-12,197,786.0
6412,JOSÉ C. PAZ,2025,43,2025-10-19,198,724.0
6412,JOSÉ C. PAZ,2025,44,2025-10-26,199,748.0
6412,JOSÉ C. PAZ,2025,45,2025-11-02,200,756.0
6412,JOSÉ C. PAZ,2025,46,2025-11-09,201,748.0
6412,JOSÉ C. PAZ,2025,47,2025-11-16,202,690.0
6412,JOSÉ C. PAZ,2025,48,2025-11-23,203,541.0
6412,JOSÉ C. PAZ,2025,49,2025-11-30,204,488.0
6412,JOSÉ C. PAZ,2025,50,2025-12-07,205,293.0
6412,JOSÉ C. PAZ,2025,51,2025-12-14,206,658.0
6412,JOSÉ C. PAZ,2025,52,2025-12-21,207,345.0
6412,JOSÉ C. PAZ,2025,53,2025-12-28,208,0.0
6412,JOSÉ C. PAZ,2026,1,2026-01-04,209,373.0
6412,JOSÉ C. PAZ,2026,2,2026-01-11,210,373.0
6412,JOSÉ C. PAZ,2026,3,2026-01-18,211,344.0
6412,JOSÉ C. PAZ,2026,4,2026-01-25,212,556.0
6412,JOSÉ C. PAZ,2026,5,2026-02-01,213,477.0
6412,JOSÉ C. PAZ,2026,6,2026-02-08,214,529.0
6412,JOSÉ C. PAZ,2026,7,2026-02-15,215,610.0
6412,JOSÉ C. PAZ,2026,8,2026-02-22,216,342.0
6412,JOSÉ C. PAZ,2026,9,2026-03-01,217,500.0
6427,LA MATANZA,2022,1,2022-01-02,0,84.0
6427,LA MATANZA,2022,2,2022-01-09,1,60.0
6427,LA MATANZA,2022,3,2022-01-16,2,62.0
6427,LA MATANZA,2022,4,2022-01-23,3,52.0
6427,LA MATANZA,2022,5,2022-01-30,4,75.0
6427,LA MATANZA,2022,6,2022-02-06,5,36.0
6427,LA MATANZA,2022,7,2022-02-13,6,70.0
6427,LA MATANZA,2022,8,2022-02-20,7,72.0
6427,LA MATANZA,2022,9,2022-02-27,8,77.0
6427,LA MATANZA,2022,10,2022-03-06,9,76.0
6427,LA MATANZA,2022,11,2022-03-13,10,91.0
6427,LA MATANZA,2022,12,2022-03-20,11,93.0
6427,LA MATANZA,2022,13,2022-03-27,12,114.0
6427,LA MATANZA,2022,14,2022-04-03,13,96.0
6427,LA MATANZA,2022,15,2022-04-10,14,79.0
6427,LA MATANZA,2022,16,2022-04-17,15,93.0
6427,LA MATANZA,2022,17,2022-04-24,16,123.0
6427,LA MATANZA,2022,18,2022-05-01,17,114.0
6427,LA MATANZA,2022,19,2022-05-08,18,246.0
6427,LA MATANZA,2022,20,2022-05-15,19,350.0
6427,LA MATANZA,2022,21,2022-05-22,20,257.0
6427,LA MATANZA,2022,22,2022-05-29,21,141.0
6427,LA MATANZA,2022,23,2022-06-05,22,210.0
6427,LA MATANZA,2022,24,2022-06-12,23,164.0
6427,LA MATANZA,2022,25,2022-06-19,24,110.0
6427,LA MATANZA,2022,26,2022-06-26,25,160.0
6427,LA MATANZA,2022,27,2022-07-03,26,135.0
6427,LA MATANZA,2022,28,2022-07-10,27,167.0
6427,LA MATANZA,2022,29,2022-07-17,28,206.0
6427,LA MATANZA,2022,30,2022-07-24,29,162.0
6427,LA MATANZA,2022,31,2022-07-31,30,160.0
6427,LA MATANZA,2022,32,2022-08-07,31,150.0
6427,LA MATANZA,2022,33,2022-08-14,32,172.0
6427,LA MATANZA,2022,34,2022-08-21,33,238.0
6427,LA MATANZA,2022,35,2022-08-28,34,203.0
6427,LA MATANZA,2022,36,2022-09-04,35,189.0
6427,LA MATANZA,2022,37,2022-09-11,36,200.0
6427,LA MATANZA,2022,38,2022-09-18,37,169.0
6427,LA MATANZA,2022,39,2022-09-25,38,182.0
6427,LA MATANZA,2022,40,2022-10-02,39,237.0
6427,LA MATANZA,2022,41,2022-10-09,40,214.0
6427,LA MATANZA,2022,42,2022-10-16,41,319.0
6427,LA MATANZA,2022,43,2022-10-23,42,268.0
6427,LA MATANZA,2022,44,2022-10-30,43,235.0
6427,LA MATANZA,2022,45,2022-11-06,44,172.0
6427,LA MATANZA,2022,46,2022-11-13,45,183.0
6427,LA MATANZA,2022,47,2022-11-20,46,134.0
6427,LA MATANZA,2022,48,2022-11-27,47,121.0
6427,LA MATANZA,2022,49,2022-12-04,48,161.0
6427,LA MATANZA,2022,50,2022-12-11,49,145.0
6427,LA MATANZA,2022,51,2022-12-18,50,118.0
6427,LA MATANZA,2022,52,2022-12-25,51,112.0
6427,LA MATANZA,2023,1,2023-01-01,52,90.0
6427,LA MATANZA,2023,2,2023-01-08,53,124.0
6427,LA MATANZA,2023,3,2023-01-15,54,70.0
6427,LA MATANZA,2023,4,2023-01-22,55,91.0
6427,LA MATANZA,2023,5,2023-01-29,56,113.0
6427,LA MATANZA,2023,6,2023-02-05,57,75.0
6427,LA MATANZA,2023,7,2023-02-12,58,80.0
6427,LA MATANZA,2023,8,2023-02-19,59,81.0
6427,LA MATANZA,2023,9,2023-02-26,60,63.0
6427,LA MATANZA,2023,10,2023-03-05,61,71.0
6427,LA MATANZA,2023,11,2023-03-12,62,67.0
6427,LA MATANZA,2023,12,2023-03-19,63,89.0
6427,LA MATANZA,2023,13,2023-03-26,64,113.0
6427,LA MATANZA,2023,14,2023-04-02,65,100.0
6427,LA MATANZA,2023,15,2023-04-09,66,81.0
6427,LA MATANZA,2023,16,2023-04-16,67,92.0
6427,LA MATANZA,2023,17,2023-04-23,68,93.0
6427,LA MATANZA,2023,18,2023-04-30,69,294.0
6427,LA MATANZA,2023,19,2023-05-07,70,299.0
6427,LA MATANZA,2023,20,2023-05-14,71,559.0
6427,LA MATANZA,2023,21,2023-05-21,72,472.0
6427,LA MATANZA,2023,22,2023-05-28,73,593.0
6427,LA MATANZA,2023,23,2023-06-04,74,623.0
6427,LA MATANZA,2023,24,2023-06-11,75,740.0
6427,LA MATANZA,2023,25,2023-06-18,76,476.0
6427,LA MATANZA,2023,26,2023-06-25,77,336.0
6427,LA MATANZA,2023,27,2023-07-02,78,414.0
6427,LA MATANZA,2023,28,2023-07-09,79,203.0
6427,LA MATANZA,2023,29,2023-07-16,80,217.0
6427,LA MATANZA,2023,30,2023-07-23,81,180.0
6427,LA MATANZA,2023,31,2023-07-30,82,141.0
6427,LA MATANZA,2023,32,2023-08-06,83,161.0
6427,LA MATANZA,2023,33,2023-08-13,84,264.0
6427,LA MATANZA,2023,34,2023-08-20,85,189.0
6427,LA MATANZA,2023,35,2023-08-27,86,184.0
6427,LA MATANZA,2023,36,2023-09-03,87,150.0
6427,LA MATANZA,2023,37,2023-09-10,88,145.0
6427,LA MATANZA,2023,38,2023-09-17,89,141.0
6427,LA MATANZA,2023,39,2023-09-24,90,94.0
6427,LA MATANZA,2023,40,2023-10-01,91,93.0
6427,LA MATANZA,2023,41,2023-10-08,92,105.0
6427,LA MATANZA,2023,42,2023-10-15,93,68.0
6427,LA MATANZA,2023,43,2023-10-22,94,100.0
6427,LA MATANZA,2023,44,2023-10-29,95,100.0
6427,LA MATANZA,2023,45,2023-11-05,96,114.0
6427,LA MATANZA,2023,46,2023-11-12,97,80.0
6427,LA MATANZA,2023,47,2023-11-19,98,115.0
6427,LA MATANZA,2023,48,2023-11-26,99,72.0
6427,LA MATANZA,2023,49,2023-12-03,100,77.0
6427,LA MATANZA,2023,50,2023-12-10,101,106.0
6427,LA MATANZA,2023,51,2023-12-17,102,52.0
6427,LA MATANZA,2023,52,2023-12-24,103,51.0
6427,LA MATANZA,2024,1,2023-12-31,104,103.0
6427,LA MATANZA,2024,2,2024-01-07,105,110.0
6427,LA MATANZA,2024,3,2024-01-14,106,125.0
6427,LA MATANZA,2024,4,2024-01-21,107,111.0
6427,LA MATANZA,2024,5,2024-01-28,108,138.0
6427,LA MATANZA,2024,6,2024-02-04,109,71.0
6427,LA MATANZA,2024,7,2024-02-11,110,45.0
6427,LA MATANZA,2024,8,2024-02-18,111,71.0
6427,LA MATANZA,2024,9,2024-02-25,112,74.0
6427,LA MATANZA,2024,10,2024-03-03,113,120.0
6427,LA MATANZA,2024,11,2024-03-10,114,74.0
6427,LA MATANZA,2024,12,2024-03-17,115,129.0
6427,LA MATANZA,2024,13,2024-03-24,116,70.0
6427,LA MATANZA,2024,14,2024-03-31,117,88.0
6427,LA MATANZA,2024,15,2024-04-07,118,91.0
6427,LA MATANZA,2024,16,2024-04-14,119,126.0
6427,LA MATANZA,2024,17,2024-04-21,120,111.0
6427,LA MATANZA,2024,18,2024-04-28,121,113.0
6427,LA MATANZA,2024,19,2024-05-05,122,157.0
6427,LA MATANZA,2024,20,2024-05-12,123,323.0
6427,LA MATANZA,2024,21,2024-05-19,124,541.0
6427,LA MATANZA,2024,22,2024-05-26,125,930.0
6427,LA MATANZA,2024,23,2024-06-02,126,867.0
6427,LA MATANZA,2024,24,2024-06-09,127,855.0
6427,LA MATANZA,2024,25,2024-06-16,128,753.0
6427,LA MATANZA,2024,26,2024-06-23,129,994.0
6427,LA MATANZA,2024,27,2024-06-30,130,851.0
6427,LA MATANZA,2024,28,2024-07-07,131,772.0
6427,LA MATANZA,2024,29,2024-07-14,132,803.0
6427,LA MATANZA,2024,30,2024-07-21,133,619.0
6427,LA MATANZA,2024,31,2024-07-28,134,467.0
6427,LA MATANZA,2024,32,2024-08-04,135,456.0
6427,LA MATANZA,2024,33,2024-08-11,136,479.0
6427,LA MATANZA,2024,34,2024-08-18,137,470.0
6427,LA MATANZA,2024,35,2024-08-25,138,488.0
6427,LA MATANZA,2024,36,2024-09-01,139,481.0
6427,LA MATANZA,2024,37,2024-09-08,140,487.0
6427,LA MATANZA,2024,38,2024-09-15,141,444.0
6427,LA MATANZA,2024,39,2024-09-22,142,461.0
6427,LA MATANZA,2024,40,2024-09-29,143,442.0
6427,LA MATANZA,2024,41,2024-10-06,144,378.0
6427,LA MATANZA,2024,42,2024-10-13,145,339.0
6427,LA MATANZA,2024,43,2024-10-20,146,330.0
6427,LA MATANZA,2024,44,2024-10-27,147,295.0
6427,LA MATANZA,2024,45,2024-11-03,148,283.0
6427,LA MATANZA,2024,46,2024-11-10,149,302.0
6427,LA MATANZA,2024,47,2024-11-17,150,293.0
6427,LA MATANZA,2024,48,2024-11-24,151,251.0
6427,LA MATANZA,2024,49,2024-12-01,152,207.0
6427,LA MATANZA,2024,50,2024-12-08,153,189.0
6427,LA MATANZA,2024,51,2024-12-15,154,193.0
6427,LA MATANZA,2024,52,2024-12-22,155,180.0
6427,LA MATANZA,2025,1,2024-12-29,156,157.0
6427,LA MATANZA,2025,2,2025-01-05,157,226.0
6427,LA MATANZA,2025,3,2025-01-12,158,219.0
6427,LA MATANZA,2025,4,2025-01-19,159,172.0
6427,LA MATANZA,2025,5,2025-01-26,160,206.0
6427,LA MATANZA,2025,6,2025-02-02,161,197.0
6427,LA MATANZA,2025,7,2025-02-09,162,239.0
6427,LA MATANZA,2025,8,2025-02-16,163,291.0
6427,LA MATANZA,2025,9,2025-02-23,164,294.0
6427,LA MATANZA,2025,10,2025-03-02,165,225.0
6427,LA MATANZA,2025,11,2025-03-09,166,315.0
6427,LA MATANZA,2025,12,2025-03-16,167,458.0
6427,LA MATANZA,2025,13,2025-03-23,168,472.0
6427,LA MATANZA,2025,14,2025-03-30,169,423.0
6427,LA MATANZA,2025,15,2025-04-06,170,364.0
6427,LA MATANZA,2025,16,2025-04-13,171,248.0
6427,LA MATANZA,2025,17,2025-04-20,172,479.0
6427,LA MATANZA,2025,18,2025-04-27,173,517.0
6427,LA MATANZA,2025,19,2025-05-04,174,546.0
6427,LA MATANZA,2025,20,2025-05-11,175,716.0
6427,LA MATANZA,2025,21,2025-05-18,176,734.0
6427,LA MATANZA,2025,22,2025-05-25,177,550.0
6427,LA MATANZA,2025,23,2025-06-01,178,979.0
6427,LA MATANZA,2025,24,2025-06-08,179,942.0
6427,LA MATANZA,2025,25,2025-06-15,180,734.0
6427,LA MATANZA,2025,26,2025-06-22,181,634.0
6427,LA MATANZA,2025,27,2025-06-29,182,614.0
6427,LA MATANZA,2025,28,2025-07-06,183,655.0
6427,LA MATANZA,2025,29,2025-07-13,184,826.0
6427,LA MATANZA,2025,30,2025-07-20,185,854.0
6427,LA MATANZA,2025,31,2025-07-27,186,754.0
6427,LA MATANZA,2025,32,2025-08-03,187,706.0
6427,LA MATANZA,2025,33,2025-08-10,188,617.0
6427,LA MATANZA,2025,34,2025-08-17,189,770.0
6427,LA MATANZA,2025,35,2025-08-24,190,656.0
6427,LA MATANZA,2025,36,2025-08-31,191,583.0
6427,LA MATANZA,2025,37,2025-09-07,192,461.0
6427,LA MATANZA,2025,38,2025-09-14,193,333.0
6427,LA MATANZA,2025,39,2025-09-21,194,310.0
6427,LA MATANZA,2025,40,2025-09-28,195,286.0
6427,LA MATANZA,2025,41,2025-10-05,196,233.0
6427,LA MATANZA,2025,42,2025-10-12,197,243.0
6427,LA MATANZA,2025,43,2025-10-19,198,250.0
6427,LA MATANZA,2025,44,2025-10-26,199,388.0
6427,LA MATANZA,2025,45,2025-11-02,200,189.0
6427,LA MATANZA,2025,46,2025-11-09,201,335.0
6427,LA MATANZA,2025,47,2025-11-16,202,271.0
6427,LA MATANZA,2025,48,2025-11-23,203,215.0
6427,LA MATANZA,2025,49,2025-11-30,204,244.0
6427,LA MATANZA,2025,50,2025-12-07,205,264.0
6427,LA MATANZA,2025,51,2025-12-14,206,233.0
6427,LA MATANZA,2025,52,2025-12-21,207,184.0
6427,LA MATANZA,2025,53,2025-12-28,208,118.0
6427,LA MATANZA,2026,1,2026-01-04,209,244.0
6427,LA MATANZA,2026,2,2026-01-11,210,128.0
6427,LA MATANZA,2026,3,2026-01-18,211,207.0
6427,LA MATANZA,2026,4,2026-01-25,212,224.0
6427,LA MATANZA,2026,5,2026-02-01,213,118.0
6427,LA MATANZA,2026,6,2026-02-08,214,120.0
6427,LA MATANZA,2026,7,2026-02-15,215,84.0
6427,LA MATANZA,2026,8,2026-02-22,216,52.0
6427,LA MATANZA,2026,9,2026-03-01,217,0.0
6434,LANÚS,2022,1,2022-01-02,0,163.0
6434,LANÚS,2022,2,2022-01-09,1,119.0
6434,LANÚS,2022,3,2022-01-16,2,85.0
6434,LANÚS,2022,4,2022-01-23,3,99.0
6434,LANÚS,2022,5,2022-01-30,4,119.0
6434,LANÚS,2022,6,2022-02-06,5,102.0
6434,LANÚS,2022,7,2022-02-13,6,150.0
6434,LANÚS,2022,8,2022-02-20,7,176.0
6434,LANÚS,2022,9,2022-02-27,8,180.0
6434,LANÚS,2022,10,2022-03-06,9,383.0
6434,LANÚS,2022,11,2022-03-13,10,309.0
6434,LANÚS,2022,12,2022-03-20,11,374.0
6434,LANÚS,2022,13,2022-03-27,12,278.0
6434,LANÚS,2022,14,2022-04-03,13,363.0
6434,LANÚS,2022,15,2022-04-10,14,385.0
6434,LANÚS,2022,16,2022-04-17,15,297.0
6434,LANÚS,2022,17,2022-04-24,16,340.0
6434,LANÚS,2022,18,2022-05-01,17,350.0
6434,LANÚS,2022,19,2022-05-08,18,497.0
6434,LANÚS,2022,20,2022-05-15,19,311.0
6434,LANÚS,2022,21,2022-05-22,20,471.0
6434,LANÚS,2022,22,2022-05-29,21,394.0
6434,LANÚS,2022,23,2022-06-05,22,349.0
6434,LANÚS,2022,24,2022-06-12,23,327.0
6434,LANÚS,2022,25,2022-06-19,24,340.0
6434,LANÚS,2022,26,2022-06-26,25,476.0
6434,LANÚS,2022,27,2022-07-03,26,521.0
6434,LANÚS,2022,28,2022-07-10,27,455.0
6434,LANÚS,2022,29,2022-07-17,28,326.0
6434,LANÚS,2022,30,2022-07-24,29,229.0
6434,LANÚS,2022,31,2022-07-31,30,185.0
6434,LANÚS,2022,32,2022-08-07,31,281.0
6434,LANÚS,2022,33,2022-08-14,32,263.0
6434,LANÚS,2022,34,2022-08-21,33,358.0
6434,LANÚS,2022,35,2022-08-28,34,392.0
6434,LANÚS,2022,36,2022-09-04,35,465.0
6434,LANÚS,2022,37,2022-09-11,36,481.0
6434,LANÚS,2022,38,2022-09-18,37,630.0
6434,LANÚS,2022,39,2022-09-25,38,676.0
6434,LANÚS,2022,40,2022-10-02,39,639.0
6434,LANÚS,2022,41,2022-10-09,40,678.0
6434,LANÚS,2022,42,2022-10-16,41,624.0
6434,LANÚS,2022,43,2022-10-23,42,547.0
6434,LANÚS,2022,44,2022-10-30,43,382.0
6434,LANÚS,2022,45,2022-11-06,44,379.0
6434,LANÚS,2022,46,2022-11-13,45,293.0
6434,LANÚS,2022,47,2022-11-20,46,264.0
6434,LANÚS,2022,48,2022-11-27,47,302.0
6434,LANÚS,2022,49,2022-12-04,48,260.0
6434,LANÚS,2022,50,2022-12-11,49,279.0
6434,LANÚS,2022,51,2022-12-18,50,158.0
6434,LANÚS,2022,52,2022-12-25,51,198.0
6434,LANÚS,2023,1,2023-01-01,52,127.0
6434,LANÚS,2023,2,2023-01-08,53,94.0
6434,LANÚS,2023,3,2023-01-15,54,119.0
6434,LANÚS,2023,4,2023-01-22,55,155.0
6434,LANÚS,2023,5,2023-01-29,56,127.0
6434,LANÚS,2023,6,2023-02-05,57,137.0
6434,LANÚS,2023,7,2023-02-12,58,145.0
6434,LANÚS,2023,8,2023-02-19,59,139.0
6434,LANÚS,2023,9,2023-02-26,60,214.0
6434,LANÚS,2023,10,2023-03-05,61,169.0
6434,LANÚS,2023,11,2023-03-12,62,177.0
6434,LANÚS,2023,12,2023-03-19,63,229.0
6434,LANÚS,2023,13,2023-03-26,64,247.0
6434,LANÚS,2023,14,2023-04-02,65,281.0
6434,LANÚS,2023,15,2023-04-09,66,399.0
6434,LANÚS,2023,16,2023-04-16,67,432.0
6434,LANÚS,2023,17,2023-04-23,68,527.0
6434,LANÚS,2023,18,2023-04-30,69,459.0
6434,LANÚS,2023,19,2023-05-07,70,577.0
6434,LANÚS,2023,20,2023-05-14,71,1058.0
6434,LANÚS,2023,21,2023-05-21,72,986.0
6434,LANÚS,2023,22,2023-05-28,73,793.0
6434,LANÚS,2023,23,2023-06-04,74,972.0
6434,LANÚS,2023,24,2023-06-11,75,894.0
6434,LANÚS,2023,25,2023-06-18,76,744.0
6434,LANÚS,2023,26,2023-06-25,77,696.0
6434,LANÚS,2023,27,2023-07-02,78,607.0
6434,LANÚS,2023,28,2023-07-09,79,607.0
6434,LANÚS,2023,29,2023-07-16,80,522.0
6434,LANÚS,2023,30,2023-07-23,81,424.0
6434,LANÚS,2023,31,2023-07-30,82,515.0
6434,LANÚS,2023,32,2023-08-06,83,564.0
6434,LANÚS,2023,33,2023-08-13,84,547.0
6434,LANÚS,2023,34,2023-08-20,85,511.0
6434,LANÚS,2023,35,2023-08-27,86,460.0
6434,LANÚS,2023,36,2023-09-03,87,428.0
6434,LANÚS,2023,37,2023-09-10,88,394.0
6434,LANÚS,2023,38,2023-09-17,89,351.0
6434,LANÚS,2023,39,2023-09-24,90,252.0
6434,LANÚS,2023,40,2023-10-01,91,312.0
6434,LANÚS,2023,41,2023-10-08,92,252.0
6434,LANÚS,2023,42,2023-10-15,93,214.0
6434,LANÚS,2023,43,2023-10-22,94,239.0
6434,LANÚS,2023,44,2023-10-29,95,215.0
6434,LANÚS,2023,45,2023-11-05,96,246.0
6434,LANÚS,2023,46,2023-11-12,97,259.0
6434,LANÚS,2023,47,2023-11-19,98,296.0
6434,LANÚS,2023,48,2023-11-26,99,232.0
6434,LANÚS,2023,49,2023-12-03,100,170.0
6434,LANÚS,2023,50,2023-12-10,101,187.0
6434,LANÚS,2023,51,2023-12-17,102,114.0
6434,LANÚS,2023,52,2023-12-24,103,77.0
6434,LANÚS,2024,1,2023-12-31,104,136.0
6434,LANÚS,2024,2,2024-01-07,105,158.0
6434,LANÚS,2024,3,2024-01-14,106,159.0
6434,LANÚS,2024,4,2024-01-21,107,138.0
6434,LANÚS,2024,5,2024-01-28,108,163.0
6434,LANÚS,2024,6,2024-02-04,109,186.0
6434,LANÚS,2024,7,2024-02-11,110,107.0
6434,LANÚS,2024,8,2024-02-18,111,115.0
6434,LANÚS,2024,9,2024-02-25,112,149.0
6434,LANÚS,2024,10,2024-03-03,113,186.0
6434,LANÚS,2024,11,2024-03-10,114,230.0
6434,LANÚS,2024,12,2024-03-17,115,243.0
6434,LANÚS,2024,13,2024-03-24,116,297.0
6434,LANÚS,2024,14,2024-03-31,117,214.0
6434,LANÚS,2024,15,2024-04-07,118,175.0
6434,LANÚS,2024,16,2024-04-14,119,195.0
6434,LANÚS,2024,17,2024-04-21,120,292.0
6434,LANÚS,2024,18,2024-04-28,121,255.0
6434,LANÚS,2024,19,2024-05-05,122,308.0
6434,LANÚS,2024,20,2024-05-12,123,468.0
6434,LANÚS,2024,21,2024-05-19,124,746.0
6434,LANÚS,2024,22,2024-05-26,125,742.0
6434,LANÚS,2024,23,2024-06-02,126,675.0
6434,LANÚS,2024,24,2024-06-09,127,589.0
6434,LANÚS,2024,25,2024-06-16,128,484.0
6434,LANÚS,2024,26,2024-06-23,129,399.0
6434,LANÚS,2024,27,2024-06-30,130,424.0
6434,LANÚS,2024,28,2024-07-07,131,399.0
6434,LANÚS,2024,29,2024-07-14,132,259.0
6434,LANÚS,2024,30,2024-07-21,133,321.0
6434,LANÚS,2024,31,2024-07-28,134,289.0
6434,LANÚS,2024,32,2024-08-04,135,286.0
6434,LANÚS,2024,33,2024-08-11,136,322.0
6434,LANÚS,2024,34,2024-08-18,137,308.0
6434,LANÚS,2024,35,2024-08-25,138,396.0
6434,LANÚS,2024,36,2024-09-01,139,298.0
6434,LANÚS,2024,37,2024-09-08,140,265.0
6434,LANÚS,2024,38,2024-09-15,141,306.0
6434,LANÚS,2024,39,2024-09-22,142,319.0
6434,LANÚS,2024,40,2024-09-29,143,289.0
6434,LANÚS,2024,41,2024-10-06,144,245.0
6434,LANÚS,2024,42,2024-10-13,145,258.0
6434,LANÚS,2024,43,2024-10-20,146,116.0
6434,LANÚS,2024,44,2024-10-27,147,72.0
6434,LANÚS,2024,45,2024-11-03,148,239.0
6434,LANÚS,2024,46,2024-11-10,149,218.0
6434,LANÚS,2024,47,2024-11-17,150,203.0
6434,LANÚS,2024,48,2024-11-24,151,221.0
6434,LANÚS,2024,49,2024-12-01,152,204.0
6434,LANÚS,2024,50,2024-12-08,153,158.0
6434,LANÚS,2024,51,2024-12-15,154,186.0
6434,LANÚS,2024,52,2024-12-22,155,118.0
6434,LANÚS,2025,1,2024-12-29,156,141.0
6434,LANÚS,2025,2,2025-01-05,157,154.0
6434,LANÚS,2025,3,2025-01-12,158,128.0
6434,LANÚS,2025,4,2025-01-19,159,132.0
6434,LANÚS,2025,5,2025-01-26,160,129.0
6434,LANÚS,2025,6,2025-02-02,161,96.0
6434,LANÚS,2025,7,2025-02-09,162,126.0
6434,LANÚS,2025,8,2025-02-16,163,132.0
6434,LANÚS,2025,9,2025-02-23,164,146.0
6434,LANÚS,2025,10,2025-03-02,165,156.0
6434,LANÚS,2025,11,2025-03-09,166,200.0
6434,LANÚS,2025,12,2025-03-16,167,277.0
6434,LANÚS,2025,13,2025-03-23,168,312.0
6434,LANÚS,2025,14,2025-03-30,169,324.0
6434,LANÚS,2025,15,2025-04-06,170,304.0
6434,LANÚS,2025,16,2025-04-13,171,275.0
6434,LANÚS,2025,17,2025-04-20,172,332.0
6434,LANÚS,2025,18,2025-04-27,173,432.0
6434,LANÚS,2025,19,2025-05-04,174,410.0
6434,LANÚS,2025,20,2025-05-11,175,397.0
6434,LANÚS,2025,21,2025-05-18,176,540.0
6434,LANÚS,2025,22,2025-05-25,177,642.0
6434,LANÚS,2025,23,2025-06-01,178,791.0
6434,LANÚS,2025,24,2025-06-08,179,714.0
6434,LANÚS,2025,25,2025-06-15,180,507.0
6434,LANÚS,2025,26,2025-06-22,181,679.0
6434,LANÚS,2025,27,2025-06-29,182,445.0
6434,LANÚS,2025,28,2025-07-06,183,511.0
6434,LANÚS,2025,29,2025-07-13,184,583.0
6434,LANÚS,2025,30,2025-07-20,185,488.0
6434,LANÚS,2025,31,2025-07-27,186,398.0
6434,LANÚS,2025,32,2025-08-03,187,404.0
6434,LANÚS,2025,33,2025-08-10,188,328.0
6434,LANÚS,2025,34,2025-08-17,189,301.0
6434,LANÚS,2025,35,2025-08-24,190,391.0
6434,LANÚS,2025,36,2025-08-31,191,321.0
6434,LANÚS,2025,37,2025-09-07,192,427.0
6434,LANÚS,2025,38,2025-09-14,193,364.0
6434,LANÚS,2025,39,2025-09-21,194,434.0
6434,LANÚS,2025,40,2025-09-28,195,397.0
6434,LANÚS,2025,41,2025-10-05,196,338.0
6434,LANÚS,2025,42,2025-10-12,197,281.0
6434,LANÚS,2025,43,2025-10-19,198,279.0
6434,LANÚS,2025,44,2025-10-26,199,312.0
6434,LANÚS,2025,45,2025-11-02,200,244.0
6434,LANÚS,2025,46,2025-11-09,201,288.0
6434,LANÚS,2025,47,2025-11-16,202,273.0
6434,LANÚS,2025,48,2025-11-23,203,216.0
6434,LANÚS,2025,49,2025-11-30,204,191.0
6434,LANÚS,2025,50,2025-12-07,205,186.0
6434,LANÚS,2025,51,2025-12-14,206,178.0
6434,LANÚS,2025,52,2025-12-21,207,139.0
6434,LANÚS,2025,53,2025-12-28,208,156.0
6434,LANÚS,2026,1,2026-01-04,209,138.0
6434,LANÚS,2026,2,2026-01-11,210,121.0
6434,LANÚS,2026,3,2026-01-18,211,84.0
6434,LANÚS,2026,4,2026-01-25,212,151.0
6434,LANÚS,2026,5,2026-02-01,213,121.0
6434,LANÚS,2026,6,2026-02-08,214,118.0
6434,LANÚS,2026,7,2026-02-15,215,145.0
6434,LANÚS,2026,8,2026-02-22,216,147.0
6434,LANÚS,2026,9,2026-03-01,217,0.0
6490,LOMAS DE ZAMORA,2022,1,2022-01-02,0,9.0
6490,LOMAS DE ZAMORA,2022,2,2022-01-09,1,1.0
6490,LOMAS DE ZAMORA,2022,3,2022-01-16,2,5.0
6490,LOMAS DE ZAMORA,2022,4,2022-01-23,3,13.0
6490,LOMAS DE ZAMORA,2022,5,2022-01-30,4,1.0
6490,LOMAS DE ZAMORA,2022,6,2022-02-06,5,4.0
6490,LOMAS DE ZAMORA,2022,7,2022-02-13,6,8.0
6490,LOMAS DE ZAMORA,2022,8,2022-02-20,7,13.0
6490,LOMAS DE ZAMORA,2022,9,2022-02-27,8,7.0
6490,LOMAS DE ZAMORA,2022,10,2022-03-06,9,24.0
6490,LOMAS DE ZAMORA,2022,11,2022-03-13,10,26.0
6490,LOMAS DE ZAMORA,2022,12,2022-03-20,11,21.0
6490,LOMAS DE ZAMORA,2022,13,2022-03-27,12,20.0
6490,LOMAS DE ZAMORA,2022,14,2022-04-03,13,28.0
6490,LOMAS DE ZAMORA,2022,15,2022-04-10,14,16.0
6490,LOMAS DE ZAMORA,2022,16,2022-04-17,15,23.0
6490,LOMAS DE ZAMORA,2022,17,2022-04-24,16,14.0
6490,LOMAS DE ZAMORA,2022,18,2022-05-01,17,36.0
6490,LOMAS DE ZAMORA,2022,19,2022-05-08,18,27.0
6490,LOMAS DE ZAMORA,2022,20,2022-05-15,19,30.0
6490,LOMAS DE ZAMORA,2022,21,2022-05-22,20,30.0
6490,LOMAS DE ZAMORA,2022,22,2022-05-29,21,102.0
6490,LOMAS DE ZAMORA,2022,23,2022-06-05,22,65.0
6490,LOMAS DE ZAMORA,2022,24,2022-06-12,23,85.0
6490,LOMAS DE ZAMORA,2022,25,2022-06-19,24,83.0
6490,LOMAS DE ZAMORA,2022,26,2022-06-26,25,42.0
6490,LOMAS DE ZAMORA,2022,27,2022-07-03,26,75.0
6490,LOMAS DE ZAMORA,2022,28,2022-07-10,27,54.0
6490,LOMAS DE ZAMORA,2022,29,2022-07-17,28,32.0
6490,LOMAS DE ZAMORA,2022,30,2022-07-24,29,20.0
6490,LOMAS DE ZAMORA,2022,31,2022-07-31,30,65.0
6490,LOMAS DE ZAMORA,2022,32,2022-08-07,31,41.0
6490,LOMAS DE ZAMORA,2022,33,2022-08-14,32,48.0
6490,LOMAS DE ZAMORA,2022,34,2022-08-21,33,30.0
6490,LOMAS DE ZAMORA,2022,35,2022-08-28,34,47.0
6490,LOMAS DE ZAMORA,2022,36,2022-09-04,35,22.0
6490,LOMAS DE ZAMORA,2022,37,2022-09-11,36,17.0
6490,LOMAS DE ZAMORA,2022,38,2022-09-18,37,28.0
6490,LOMAS DE ZAMORA,2022,39,2022-09-25,38,39.0
6490,LOMAS DE ZAMORA,2022,40,2022-10-02,39,30.0
6490,LOMAS DE ZAMORA,2022,41,2022-10-09,40,73.0
6490,LOMAS DE ZAMORA,2022,42,2022-10-16,41,10.0
6490,LOMAS DE ZAMORA,2022,43,2022-10-23,42,23.0
6490,LOMAS DE ZAMORA,2022,44,2022-10-30,43,41.0
6490,LOMAS DE ZAMORA,2022,45,2022-11-06,44,36.0
6490,LOMAS DE ZAMORA,2022,46,2022-11-13,45,39.0
6490,LOMAS DE ZAMORA,2022,47,2022-11-20,46,35.0
6490,LOMAS DE ZAMORA,2022,48,2022-11-27,47,13.0
6490,LOMAS DE ZAMORA,2022,49,2022-12-04,48,14.0
6490,LOMAS DE ZAMORA,2022,50,2022-12-11,49,12.0
6490,LOMAS DE ZAMORA,2022,51,2022-12-18,50,21.0
6490,LOMAS DE ZAMORA,2022,52,2022-12-25,51,9.0
6490,LOMAS DE ZAMORA,2023,1,2023-01-01,52,9.0
6490,LOMAS DE ZAMORA,2023,2,2023-01-08,53,20.0
6490,LOMAS DE ZAMORA,2023,3,2023-01-15,54,16.0
6490,LOMAS DE ZAMORA,2023,4,2023-01-22,55,11.0
6490,LOMAS DE ZAMORA,2023,5,2023-01-29,56,7.0
6490,LOMAS DE ZAMORA,2023,6,2023-02-05,57,34.0
6490,LOMAS DE ZAMORA,2023,7,2023-02-12,58,31.0
6490,LOMAS DE ZAMORA,2023,8,2023-02-19,59,26.0
6490,LOMAS DE ZAMORA,2023,9,2023-02-26,60,16.0
6490,LOMAS DE ZAMORA,2023,10,2023-03-05,61,15.0
6490,LOMAS DE ZAMORA,2023,11,2023-03-12,62,7.0
6490,LOMAS DE ZAMORA,2023,12,2023-03-19,63,14.0
6490,LOMAS DE ZAMORA,2023,13,2023-03-26,64,45.0
6490,LOMAS DE ZAMORA,2023,14,2023-04-02,65,55.0
6490,LOMAS DE ZAMORA,2023,15,2023-04-09,66,82.0
6490,LOMAS DE ZAMORA,2023,16,2023-04-16,67,98.0
6490,LOMAS DE ZAMORA,2023,17,2023-04-23,68,42.0
6490,LOMAS DE ZAMORA,2023,18,2023-04-30,69,45.0
6490,LOMAS DE ZAMORA,2023,19,2023-05-07,70,53.0
6490,LOMAS DE ZAMORA,2023,20,2023-05-14,71,51.0
6490,LOMAS DE ZAMORA,2023,21,2023-05-21,72,55.0
6490,LOMAS DE ZAMORA,2023,22,2023-05-28,73,64.0
6490,LOMAS DE ZAMORA,2023,23,2023-06-04,74,69.0
6490,LOMAS DE ZAMORA,2023,24,2023-06-11,75,51.0
6490,LOMAS DE ZAMORA,2023,25,2023-06-18,76,81.0
6490,LOMAS DE ZAMORA,2023,26,2023-06-25,77,44.0
6490,LOMAS DE ZAMORA,2023,27,2023-07-02,78,78.0
6490,LOMAS DE ZAMORA,2023,28,2023-07-09,79,17.0
6490,LOMAS DE ZAMORA,2023,29,2023-07-16,80,25.0
6490,LOMAS DE ZAMORA,2023,30,2023-07-23,81,32.0
6490,LOMAS DE ZAMORA,2023,31,2023-07-30,82,41.0
6490,LOMAS DE ZAMORA,2023,32,2023-08-06,83,48.0
6490,LOMAS DE ZAMORA,2023,33,2023-08-13,84,44.0
6490,LOMAS DE ZAMORA,2023,34,2023-08-20,85,42.0
6490,LOMAS DE ZAMORA,2023,35,2023-08-27,86,36.0
6490,LOMAS DE ZAMORA,2023,36,2023-09-03,87,48.0
6490,LOMAS DE ZAMORA,2023,37,2023-09-10,88,41.0
6490,LOMAS DE ZAMORA,2023,38,2023-09-17,89,43.0
6490,LOMAS DE ZAMORA,2023,39,2023-09-24,90,30.0
6490,LOMAS DE ZAMORA,2023,40,2023-10-01,91,38.0
6490,LOMAS DE ZAMORA,2023,41,2023-10-08,92,36.0
6490,LOMAS DE ZAMORA,2023,42,2023-10-15,93,22.0
6490,LOMAS DE ZAMORA,2023,43,2023-10-22,94,35.0
6490,LOMAS DE ZAMORA,2023,44,2023-10-29,95,29.0
6490,LOMAS DE ZAMORA,2023,45,2023-11-05,96,15.0
6490,LOMAS DE ZAMORA,2023,46,2023-11-12,97,34.0
6490,LOMAS DE ZAMORA,2023,47,2023-11-19,98,21.0
6490,LOMAS DE ZAMORA,2023,48,2023-11-26,99,21.0
6490,LOMAS DE ZAMORA,2023,49,2023-12-03,100,8.0
6490,LOMAS DE ZAMORA,2023,50,2023-12-10,101,11.0
6490,LOMAS DE ZAMORA,2023,51,2023-12-17,102,13.0
6490,LOMAS DE ZAMORA,2023,52,2023-12-24,103,5.0
6490,LOMAS DE ZAMORA,2024,1,2023-12-31,104,16.0
6490,LOMAS DE ZAMORA,2024,2,2024-01-07,105,16.0
6490,LOMAS DE ZAMORA,2024,3,2024-01-14,106,26.0
6490,LOMAS DE ZAMORA,2024,4,2024-01-21,107,21.0
6490,LOMAS DE ZAMORA,2024,5,2024-01-28,108,8.0
6490,LOMAS DE ZAMORA,2024,6,2024-02-04,109,12.0
6490,LOMAS DE ZAMORA,2024,7,2024-02-11,110,10.0
6490,LOMAS DE ZAMORA,2024,8,2024-02-18,111,6.0
6490,LOMAS DE ZAMORA,2024,9,2024-02-25,112,0.0
6490,LOMAS DE ZAMORA,2024,10,2024-03-03,113,1.0
6490,LOMAS DE ZAMORA,2024,11,2024-03-10,114,0.0
6490,LOMAS DE ZAMORA,2024,12,2024-03-17,115,12.0
6490,LOMAS DE ZAMORA,2024,13,2024-03-24,116,6.0
6490,LOMAS DE ZAMORA,2024,14,2024-03-31,117,0.0
6490,LOMAS DE ZAMORA,2024,15,2024-04-07,118,5.0
6490,LOMAS DE ZAMORA,2024,16,2024-04-14,119,18.0
6490,LOMAS DE ZAMORA,2024,17,2024-04-21,120,40.0
6490,LOMAS DE ZAMORA,2024,18,2024-04-28,121,13.0
6490,LOMAS DE ZAMORA,2024,19,2024-05-05,122,58.0
6490,LOMAS DE ZAMORA,2024,20,2024-05-12,123,23.0
6490,LOMAS DE ZAMORA,2024,21,2024-05-19,124,41.0
6490,LOMAS DE ZAMORA,2024,22,2024-05-26,125,50.0
6490,LOMAS DE ZAMORA,2024,23,2024-06-02,126,63.0
6490,LOMAS DE ZAMORA,2024,24,2024-06-09,127,46.0
6490,LOMAS DE ZAMORA,2024,25,2024-06-16,128,45.0
6490,LOMAS DE ZAMORA,2024,26,2024-06-23,129,41.0
6490,LOMAS DE ZAMORA,2024,27,2024-06-30,130,24.0
6490,LOMAS DE ZAMORA,2024,28,2024-07-07,131,14.0
6490,LOMAS DE ZAMORA,2024,29,2024-07-14,132,10.0
6490,LOMAS DE ZAMORA,2024,30,2024-07-21,133,7.0
6490,LOMAS DE ZAMORA,2024,31,2024-07-28,134,6.0
6490,LOMAS DE ZAMORA,2024,32,2024-08-04,135,5.0
6490,LOMAS DE ZAMORA,2024,33,2024-08-11,136,13.0
6490,LOMAS DE ZAMORA,2024,34,2024-08-18,137,18.0
6490,LOMAS DE ZAMORA,2024,35,2024-08-25,138,2.0
6490,LOMAS DE ZAMORA,2024,36,2024-09-01,139,3.0
6490,LOMAS DE ZAMORA,2024,37,2024-09-08,140,1.0
6490,LOMAS DE ZAMORA,2024,38,2024-09-15,141,1.0
6490,LOMAS DE ZAMORA,2024,39,2024-09-22,142,4.0
6490,LOMAS DE ZAMORA,2024,40,2024-09-29,143,6.0
6490,LOMAS DE ZAMORA,2024,41,2024-10-06,144,9.0
6490,LOMAS DE ZAMORA,2024,42,2024-10-13,145,3.0
6490,LOMAS DE ZAMORA,2024,43,2024-10-20,146,5.0
6490,LOMAS DE ZAMORA,2024,44,2024-10-27,147,4.0
6490,LOMAS DE ZAMORA,2024,45,2024-11-03,148,2.0
6490,LOMAS DE ZAMORA,2024,46,2024-11-10,149,10.0
6490,LOMAS DE ZAMORA,2024,47,2024-11-17,150,5.0
6490,LOMAS DE ZAMORA,2024,48,2024-11-24,151,2.0
6490,LOMAS DE ZAMORA,2024,49,2024-12-01,152,1.0
6490,LOMAS DE ZAMORA,2024,50,2024-12-08,153,6.0
6490,LOMAS DE ZAMORA,2024,51,2024-12-15,154,
6490,LOMAS DE ZAMORA,2024,52,2024-12-22,155,
6490,LOMAS DE ZAMORA,2025,1,2024-12-29,156,
6490,LOMAS DE ZAMORA,2025,2,2025-01-05,157,3.0
6490,LOMAS DE ZAMORA,2025,3,2025-01-12,158,0.0
6490,LOMAS DE ZAMORA,2025,4,2025-01-19,159,3.0
6490,LOMAS DE ZAMORA,2025,5,2025-01-26,160,2.0
6490,LOMAS DE ZAMORA,2025,6,2025-02-02,161,
6490,LOMAS DE ZAMORA,2025,7,2025-02-09,162,
6490,LOMAS DE ZAMORA,2025,8,2025-02-16,163,
6490,LOMAS DE ZAMORA,2025,9,2025-02-23,164,
6490,LOMAS DE ZAMORA,2025,10,2025-03-02,165,
6490,LOMAS DE ZAMORA,2025,11,2025-03-09,166,
6490,LOMAS DE ZAMORA,2025,12,2025-03-16,167,
6490,LOMAS DE ZAMORA,2025,13,2025-03-23,168,
6490,LOMAS DE ZAMORA,2025,14,2025-03-30,169,
6490,LOMAS DE ZAMORA,2025,15,2025-04-06,170,8.0
6490,LOMAS DE ZAMORA,2025,16,2025-04-13,171,2.0
6490,LOMAS DE ZAMORA,2025,17,2025-04-20,172,0.0
6490,LOMAS DE ZAMORA,2025,18,2025-04-27,173,8.0
6490,LOMAS DE ZAMORA,2025,19,2025-05-04,174,1.0
6490,LOMAS DE ZAMORA,2025,20,2025-05-11,175,2.0
6490,LOMAS DE ZAMORA,2025,21,2025-05-18,176,1.0
6490,LOMAS DE ZAMORA,2025,22,2025-05-25,177,2.0
6490,LOMAS DE ZAMORA,2025,23,2025-06-01,178,4.0
6490,LOMAS DE ZAMORA,2025,24,2025-06-08,179,1.0
6490,LOMAS DE ZAMORA,2025,25,2025-06-15,180,11.0
6490,LOMAS DE ZAMORA,2025,26,2025-06-22,181,10.0
6490,LOMAS DE ZAMORA,2025,27,2025-06-29,182,0.0
6490,LOMAS DE ZAMORA,2025,28,2025-07-06,183,4.0
6490,LOMAS DE ZAMORA,2025,29,2025-07-13,184,0.0
6490,LOMAS DE ZAMORA,2025,30,2025-07-20,185,4.0
6490,LOMAS DE ZAMORA,2025,31,2025-07-27,186,1.0
6490,LOMAS DE ZAMORA,2025,32,2025-08-03,187,1.0
6490,LOMAS DE ZAMORA,2025,33,2025-08-10,188,5.0
6490,LOMAS DE ZAMORA,2025,34,2025-08-17,189,3.0
6490,LOMAS DE ZAMORA,2025,35,2025-08-24,190,8.0
6490,LOMAS DE ZAMORA,2025,36,2025-08-31,191,3.0
6490,LOMAS DE ZAMORA,2025,37,2025-09-07,192,7.0
6490,LOMAS DE ZAMORA,2025,38,2025-09-14,193,5.0
6490,LOMAS DE ZAMORA,2025,39,2025-09-21,194,9.0
6490,LOMAS DE ZAMORA,2025,40,2025-09-28,195,4.0
6490,LOMAS DE ZAMORA,2025,41,2025-10-05,196,6.0
6490,LOMAS DE ZAMORA,2025,42,2025-10-12,197,3.0
6490,LOMAS DE ZAMORA,2025,43,2025-10-19,198,7.0
6490,LOMAS DE ZAMORA,2025,44,2025-10-26,199,6.0
6490,LOMAS DE ZAMORA,2025,45,2025-11-02,200,1.0
6490,LOMAS DE ZAMORA,2025,46,2025-11-09,201,4.0
6490,LOMAS DE ZAMORA,2025,47,2025-11-16,202,3.0
6490,LOMAS DE ZAMORA,2025,48,2025-11-23,203,2.0
6490,LOMAS DE ZAMORA,2025,49,2025-11-30,204,2.0
6490,LOMAS DE ZAMORA,2025,50,2025-12-07,205,0.0
6490,LOMAS DE ZAMORA,2025,51,2025-12-14,206,2.0
6490,LOMAS DE ZAMORA,2025,52,2025-12-21,207,0.0
6490,LOMAS DE ZAMORA,2025,53,2025-12-28,208,0.0
6490,LOMAS DE ZAMORA,2026,1,2026-01-04,209,2.0
6490,LOMAS DE ZAMORA,2026,2,2026-01-11,210,
6490,LOMAS DE ZAMORA,2026,3,2026-01-18,211,
6490,LOMAS DE ZAMORA,2026,4,2026-01-25,212,
6490,LOMAS DE ZAMORA,2026,5,2026-02-01,213,
6490,LOMAS DE ZAMORA,2026,6,2026-02-08,214,
6490,LOMAS DE ZAMORA,2026,7,2026-02-15,215,
6490,LOMAS DE ZAMORA,2026,8,2026-02-22,216,
6490,LOMAS DE ZAMORA,2026,9,2026-03-01,217,
6515,MALVINAS ARGENTINAS,2022,1,2022-01-02,0,10.0
6515,MALVINAS ARGENTINAS,2022,2,2022-01-09,1,11.0
6515,MALVINAS ARGENTINAS,2022,3,2022-01-16,2,15.0
6515,MALVINAS ARGENTINAS,2022,4,2022-01-23,3,13.0
6515,MALVINAS ARGENTINAS,2022,5,2022-01-30,4,16.0
6515,MALVINAS ARGENTINAS,2022,6,2022-02-06,5,9.0
6515,MALVINAS ARGENTINAS,2022,7,2022-02-13,6,8.0
6515,MALVINAS ARGENTINAS,2022,8,2022-02-20,7,12.0
6515,MALVINAS ARGENTINAS,2022,9,2022-02-27,8,31.0
6515,MALVINAS ARGENTINAS,2022,10,2022-03-06,9,23.0
6515,MALVINAS ARGENTINAS,2022,11,2022-03-13,10,28.0
6515,MALVINAS ARGENTINAS,2022,12,2022-03-20,11,31.0
6515,MALVINAS ARGENTINAS,2022,13,2022-03-27,12,35.0
6515,MALVINAS ARGENTINAS,2022,14,2022-04-03,13,14.0
6515,MALVINAS ARGENTINAS,2022,15,2022-04-10,14,0.0
6515,MALVINAS ARGENTINAS,2022,16,2022-04-17,15,4.0
6515,MALVINAS ARGENTINAS,2022,17,2022-04-24,16,17.0
6515,MALVINAS ARGENTINAS,2022,18,2022-05-01,17,263.0
6515,MALVINAS ARGENTINAS,2022,19,2022-05-08,18,651.0
6515,MALVINAS ARGENTINAS,2022,20,2022-05-15,19,587.0
6515,MALVINAS ARGENTINAS,2022,21,2022-05-22,20,429.0
6515,MALVINAS ARGENTINAS,2022,22,2022-05-29,21,320.0
6515,MALVINAS ARGENTINAS,2022,23,2022-06-05,22,505.0
6515,MALVINAS ARGENTINAS,2022,24,2022-06-12,23,75.0
6515,MALVINAS ARGENTINAS,2022,25,2022-06-19,24,39.0
6515,MALVINAS ARGENTINAS,2022,26,2022-06-26,25,16.0
6515,MALVINAS ARGENTINAS,2022,27,2022-07-03,26,21.0
6515,MALVINAS ARGENTINAS,2022,28,2022-07-10,27,12.0
6515,MALVINAS ARGENTINAS,2022,29,2022-07-17,28,48.0
6515,MALVINAS ARGENTINAS,2022,30,2022-07-24,29,27.0
6515,MALVINAS ARGENTINAS,2022,31,2022-07-31,30,14.0
6515,MALVINAS ARGENTINAS,2022,32,2022-08-07,31,18.0
6515,MALVINAS ARGENTINAS,2022,33,2022-08-14,32,4.0
6515,MALVINAS ARGENTINAS,2022,34,2022-08-21,33,11.0
6515,MALVINAS ARGENTINAS,2022,35,2022-08-28,34,7.0
6515,MALVINAS ARGENTINAS,2022,36,2022-09-04,35,7.0
6515,MALVINAS ARGENTINAS,2022,37,2022-09-11,36,14.0
6515,MALVINAS ARGENTINAS,2022,38,2022-09-18,37,13.0
6515,MALVINAS ARGENTINAS,2022,39,2022-09-25,38,0.0
6515,MALVINAS ARGENTINAS,2022,40,2022-10-02,39,1.0
6515,MALVINAS ARGENTINAS,2022,41,2022-10-09,40,0.0
6515,MALVINAS ARGENTINAS,2022,42,2022-10-16,41,2.0
6515,MALVINAS ARGENTINAS,2022,43,2022-10-23,42,34.0
6515,MALVINAS ARGENTINAS,2022,44,2022-10-30,43,29.0
6515,MALVINAS ARGENTINAS,2022,45,2022-11-06,44,2.0
6515,MALVINAS ARGENTINAS,2022,46,2022-11-13,45,0.0
6515,MALVINAS ARGENTINAS,2022,47,2022-11-20,46,13.0
6515,MALVINAS ARGENTINAS,2022,48,2022-11-27,47,2.0
6515,MALVINAS ARGENTINAS,2022,49,2022-12-04,48,0.0
6515,MALVINAS ARGENTINAS,2022,50,2022-12-11,49,1.0
6515,MALVINAS ARGENTINAS,2022,51,2022-12-18,50,0.0
6515,MALVINAS ARGENTINAS,2022,52,2022-12-25,51,0.0
6515,MALVINAS ARGENTINAS,2023,1,2023-01-01,52,1.0
6515,MALVINAS ARGENTINAS,2023,2,2023-01-08,53,0.0
6515,MALVINAS ARGENTINAS,2023,3,2023-01-15,54,0.0
6515,MALVINAS ARGENTINAS,2023,4,2023-01-22,55,5.0
6515,MALVINAS ARGENTINAS,2023,5,2023-01-29,56,10.0
6515,MALVINAS ARGENTINAS,2023,6,2023-02-05,57,0.0
6515,MALVINAS ARGENTINAS,2023,7,2023-02-12,58,5.0
6515,MALVINAS ARGENTINAS,2023,8,2023-02-19,59,28.0
6515,MALVINAS ARGENTINAS,2023,9,2023-02-26,60,2.0
6515,MALVINAS ARGENTINAS,2023,10,2023-03-05,61,0.0
6515,MALVINAS ARGENTINAS,2023,11,2023-03-12,62,0.0
6515,MALVINAS ARGENTINAS,2023,12,2023-03-19,63,10.0
6515,MALVINAS ARGENTINAS,2023,13,2023-03-26,64,0.0
6515,MALVINAS ARGENTINAS,2023,14,2023-04-02,65,3.0
6515,MALVINAS ARGENTINAS,2023,15,2023-04-09,66,2.0
6515,MALVINAS ARGENTINAS,2023,16,2023-04-16,67,0.0
6515,MALVINAS ARGENTINAS,2023,17,2023-04-23,68,18.0
6515,MALVINAS ARGENTINAS,2023,18,2023-04-30,69,21.0
6515,MALVINAS ARGENTINAS,2023,19,2023-05-07,70,51.0
6515,MALVINAS ARGENTINAS,2023,20,2023-05-14,71,11.0
6515,MALVINAS ARGENTINAS,2023,21,2023-05-21,72,24.0
6515,MALVINAS ARGENTINAS,2023,22,2023-05-28,73,4.0
6515,MALVINAS ARGENTINAS,2023,23,2023-06-04,74,1.0
6515,MALVINAS ARGENTINAS,2023,24,2023-06-11,75,9.0
6515,MALVINAS ARGENTINAS,2023,25,2023-06-18,76,28.0
6515,MALVINAS ARGENTINAS,2023,26,2023-06-25,77,28.0
6515,MALVINAS ARGENTINAS,2023,27,2023-07-02,78,2.0
6515,MALVINAS ARGENTINAS,2023,28,2023-07-09,79,4.0
6515,MALVINAS ARGENTINAS,2023,29,2023-07-16,80,3.0
6515,MALVINAS ARGENTINAS,2023,30,2023-07-23,81,28.0
6515,MALVINAS ARGENTINAS,2023,31,2023-07-30,82,9.0
6515,MALVINAS ARGENTINAS,2023,32,2023-08-06,83,24.0
6515,MALVINAS ARGENTINAS,2023,33,2023-08-13,84,9.0
6515,MALVINAS ARGENTINAS,2023,34,2023-08-20,85,23.0
6515,MALVINAS ARGENTINAS,2023,35,2023-08-27,86,31.0
6515,MALVINAS ARGENTINAS,2023,36,2023-09-03,87,34.0
6515,MALVINAS ARGENTINAS,2023,37,2023-09-10,88,34.0
6515,MALVINAS ARGENTINAS,2023,38,2023-09-17,89,2.0
6515,MALVINAS ARGENTINAS,2023,39,2023-09-24,90,3.0
6515,MALVINAS ARGENTINAS,2023,40,2023-10-01,91,14.0
6515,MALVINAS ARGENTINAS,2023,41,2023-10-08,92,11.0
6515,MALVINAS ARGENTINAS,2023,42,2023-10-15,93,20.0
6515,MALVINAS ARGENTINAS,2023,43,2023-10-22,94,10.0
6515,MALVINAS ARGENTINAS,2023,44,2023-10-29,95,15.0
6515,MALVINAS ARGENTINAS,2023,45,2023-11-05,96,14.0
6515,MALVINAS ARGENTINAS,2023,46,2023-11-12,97,11.0
6515,MALVINAS ARGENTINAS,2023,47,2023-11-19,98,9.0
6515,MALVINAS ARGENTINAS,2023,48,2023-11-26,99,10.0
6515,MALVINAS ARGENTINAS,2023,49,2023-12-03,100,
6515,MALVINAS ARGENTINAS,2023,50,2023-12-10,101,
6515,MALVINAS ARGENTINAS,2023,51,2023-12-17,102,
6515,MALVINAS ARGENTINAS,2023,52,2023-12-24,103,
6515,MALVINAS ARGENTINAS,2024,1,2023-12-31,104,8.0
6515,MALVINAS ARGENTINAS,2024,2,2024-01-07,105,10.0
6515,MALVINAS ARGENTINAS,2024,3,2024-01-14,106,7.0
6515,MALVINAS ARGENTINAS,2024,4,2024-01-21,107,5.0
6515,MALVINAS ARGENTINAS,2024,5,2024-01-28,108,6.0
6515,MALVINAS ARGENTINAS,2024,6,2024-02-04,109,
6515,MALVINAS ARGENTINAS,2024,7,2024-02-11,110,
6515,MALVINAS ARGENTINAS,2024,8,2024-02-18,111,
6515,MALVINAS ARGENTINAS,2024,9,2024-02-25,112,5.0
6515,MALVINAS ARGENTINAS,2024,10,2024-03-03,113,31.0
6515,MALVINAS ARGENTINAS,2024,11,2024-03-10,114,4.0
6515,MALVINAS ARGENTINAS,2024,12,2024-03-17,115,34.0
6515,MALVINAS ARGENTINAS,2024,13,2024-03-24,116,28.0
6515,MALVINAS ARGENTINAS,2024,14,2024-03-31,117,18.0
6515,MALVINAS ARGENTINAS,2024,15,2024-04-07,118,4.0
6515,MALVINAS ARGENTINAS,2024,16,2024-04-14,119,5.0
6515,MALVINAS ARGENTINAS,2024,17,2024-04-21,120,8.0
6515,MALVINAS ARGENTINAS,2024,18,2024-04-28,121,14.0
6515,MALVINAS ARGENTINAS,2024,19,2024-05-05,122,20.0
6515,MALVINAS ARGENTINAS,2024,20,2024-05-12,123,28.0
6515,MALVINAS ARGENTINAS,2024,21,2024-05-19,124,21.0
6515,MALVINAS ARGENTINAS,2024,22,2024-05-26,125,10.0
6515,MALVINAS ARGENTINAS,2024,23,2024-06-02,126,63.0
6515,MALVINAS ARGENTINAS,2024,24,2024-06-09,127,76.0
6515,MALVINAS ARGENTINAS,2024,25,2024-06-16,128,57.0
6515,MALVINAS ARGENTINAS,2024,26,2024-06-23,129,60.0
6515,MALVINAS ARGENTINAS,2024,27,2024-06-30,130,55.0
6515,MALVINAS ARGENTINAS,2024,28,2024-07-07,131,62.0
6515,MALVINAS ARGENTINAS,2024,29,2024-07-14,132,69.0
6515,MALVINAS ARGENTINAS,2024,30,2024-07-21,133,41.0
6515,MALVINAS ARGENTINAS,2024,31,2024-07-28,134,52.0
6515,MALVINAS ARGENTINAS,2024,32,2024-08-04,135,49.0
6515,MALVINAS ARGENTINAS,2024,33,2024-08-11,136,55.0
6515,MALVINAS ARGENTINAS,2024,34,2024-08-18,137,68.0
6515,MALVINAS ARGENTINAS,2024,35,2024-08-25,138,30.0
6515,MALVINAS ARGENTINAS,2024,36,2024-09-01,139,52.0
6515,MALVINAS ARGENTINAS,2024,37,2024-09-08,140,11.0
6515,MALVINAS ARGENTINAS,2024,38,2024-09-15,141,40.0
6515,MALVINAS ARGENTINAS,2024,39,2024-09-22,142,30.0
6515,MALVINAS ARGENTINAS,2024,40,2024-09-29,143,15.0
6515,MALVINAS ARGENTINAS,2024,41,2024-10-06,144,32.0
6515,MALVINAS ARGENTINAS,2024,42,2024-10-13,145,25.0
6515,MALVINAS ARGENTINAS,2024,43,2024-10-20,146,34.0
6515,MALVINAS ARGENTINAS,2024,44,2024-10-27,147,20.0
6515,MALVINAS ARGENTINAS,2024,45,2024-11-03,148,19.0
6515,MALVINAS ARGENTINAS,2024,46,2024-11-10,149,19.0
6515,MALVINAS ARGENTINAS,2024,47,2024-11-17,150,32.0
6515,MALVINAS ARGENTINAS,2024,48,2024-11-24,151,31.0
6515,MALVINAS ARGENTINAS,2024,49,2024-12-01,152,14.0
6515,MALVINAS ARGENTINAS,2024,50,2024-12-08,153,16.0
6515,MALVINAS ARGENTINAS,2024,51,2024-12-15,154,1.0
6515,MALVINAS ARGENTINAS,2024,52,2024-12-22,155,5.0
6515,MALVINAS ARGENTINAS,2025,1,2024-12-29,156,2.0
6515,MALVINAS ARGENTINAS,2025,2,2025-01-05,157,17.0
6515,MALVINAS ARGENTINAS,2025,3,2025-01-12,158,5.0
6515,MALVINAS ARGENTINAS,2025,4,2025-01-19,159,4.0
6515,MALVINAS ARGENTINAS,2025,5,2025-01-26,160,12.0
6515,MALVINAS ARGENTINAS,2025,6,2025-02-02,161,9.0
6515,MALVINAS ARGENTINAS,2025,7,2025-02-09,162,18.0
6515,MALVINAS ARGENTINAS,2025,8,2025-02-16,163,15.0
6515,MALVINAS ARGENTINAS,2025,9,2025-02-23,164,18.0
6515,MALVINAS ARGENTINAS,2025,10,2025-03-02,165,6.0
6515,MALVINAS ARGENTINAS,2025,11,2025-03-09,166,18.0
6515,MALVINAS ARGENTINAS,2025,12,2025-03-16,167,26.0
6515,MALVINAS ARGENTINAS,2025,13,2025-03-23,168,3.0
6515,MALVINAS ARGENTINAS,2025,14,2025-03-30,169,19.0
6515,MALVINAS ARGENTINAS,2025,15,2025-04-06,170,28.0
6515,MALVINAS ARGENTINAS,2025,16,2025-04-13,171,22.0
6515,MALVINAS ARGENTINAS,2025,17,2025-04-20,172,51.0
6515,MALVINAS ARGENTINAS,2025,18,2025-04-27,173,270.0
6515,MALVINAS ARGENTINAS,2025,19,2025-05-04,174,325.0
6515,MALVINAS ARGENTINAS,2025,20,2025-05-11,175,425.0
6515,MALVINAS ARGENTINAS,2025,21,2025-05-18,176,377.0
6515,MALVINAS ARGENTINAS,2025,22,2025-05-25,177,367.0
6515,MALVINAS ARGENTINAS,2025,23,2025-06-01,178,268.0
6515,MALVINAS ARGENTINAS,2025,24,2025-06-08,179,482.0
6515,MALVINAS ARGENTINAS,2025,25,2025-06-15,180,417.0
6515,MALVINAS ARGENTINAS,2025,26,2025-06-22,181,475.0
6515,MALVINAS ARGENTINAS,2025,27,2025-06-29,182,63.0
6515,MALVINAS ARGENTINAS,2025,28,2025-07-06,183,48.0
6515,MALVINAS ARGENTINAS,2025,29,2025-07-13,184,18.0
6515,MALVINAS ARGENTINAS,2025,30,2025-07-20,185,28.0
6515,MALVINAS ARGENTINAS,2025,31,2025-07-27,186,52.0
6515,MALVINAS ARGENTINAS,2025,32,2025-08-03,187,34.0
6515,MALVINAS ARGENTINAS,2025,33,2025-08-10,188,53.0
6515,MALVINAS ARGENTINAS,2025,34,2025-08-17,189,80.0
6515,MALVINAS ARGENTINAS,2025,35,2025-08-24,190,45.0
6515,MALVINAS ARGENTINAS,2025,36,2025-08-31,191,92.0
6515,MALVINAS ARGENTINAS,2025,37,2025-09-07,192,57.0
6515,MALVINAS ARGENTINAS,2025,38,2025-09-14,193,73.0
6515,MALVINAS ARGENTINAS,2025,39,2025-09-21,194,42.0
6515,MALVINAS ARGENTINAS,2025,40,2025-09-28,195,58.0
6515,MALVINAS ARGENTINAS,2025,41,2025-10-05,196,31.0
6515,MALVINAS ARGENTINAS,2025,42,2025-10-12,197,56.0
6515,MALVINAS ARGENTINAS,2025,43,2025-10-19,198,48.0
6515,MALVINAS ARGENTINAS,2025,44,2025-10-26,199,65.0
6515,MALVINAS ARGENTINAS,2025,45,2025-11-02,200,18.0
6515,MALVINAS ARGENTINAS,2025,46,2025-11-09,201,27.0
6515,MALVINAS ARGENTINAS,2025,47,2025-11-16,202,29.0
6515,MALVINAS ARGENTINAS,2025,48,2025-11-23,203,17.0
6515,MALVINAS ARGENTINAS,2025,49,2025-11-30,204,43.0
6515,MALVINAS ARGENTINAS,2025,50,2025-12-07,205,42.0
6515,MALVINAS ARGENTINAS,2025,51,2025-12-14,206,16.0
6515,MALVINAS ARGENTINAS,2025,52,2025-12-21,207,12.0
6515,MALVINAS ARGENTINAS,2025,53,2025-12-28,208,10.0
6515,MALVINAS ARGENTINAS,2026,1,2026-01-04,209,7.0
6515,MALVINAS ARGENTINAS,2026,2,2026-01-11,210,15.0
6515,MALVINAS ARGENTINAS,2026,3,2026-01-18,211,10.0
6515,MALVINAS ARGENTINAS,2026,4,2026-01-25,212,
6515,MALVINAS ARGENTINAS,2026,5,2026-02-01,213,
6515,MALVINAS ARGENTINAS,2026,6,2026-02-08,214,
6515,MALVINAS ARGENTINAS,2026,7,2026-02-15,215,
6515,MALVINAS ARGENTINAS,2026,8,2026-02-22,216,
6515,MALVINAS ARGENTINAS,2026,9,2026-03-01,217,
6539,MERLO,2022,1,2022-01-02,0,43.0
6539,MERLO,2022,2,2022-01-09,1,19.0
6539,MERLO,2022,3,2022-01-16,2,39.0
6539,MERLO,2022,4,2022-01-23,3,25.0
6539,MERLO,2022,5,2022-01-30,4,117.0
6539,MERLO,2022,6,2022-02-06,5,34.0
6539,MERLO,2022,7,2022-02-13,6,40.0
6539,MERLO,2022,8,2022-02-20,7,37.0
6539,MERLO,2022,9,2022-02-27,8,38.0
6539,MERLO,2022,10,2022-03-06,9,51.0
6539,MERLO,2022,11,2022-03-13,10,106.0
6539,MERLO,2022,12,2022-03-20,11,59.0
6539,MERLO,2022,13,2022-03-27,12,142.0
6539,MERLO,2022,14,2022-04-03,13,91.0
6539,MERLO,2022,15,2022-04-10,14,158.0
6539,MERLO,2022,16,2022-04-17,15,196.0
6539,MERLO,2022,17,2022-04-24,16,253.0
6539,MERLO,2022,18,2022-05-01,17,489.0
6539,MERLO,2022,19,2022-05-08,18,538.0
6539,MERLO,2022,20,2022-05-15,19,499.0
6539,MERLO,2022,21,2022-05-22,20,600.0
6539,MERLO,2022,22,2022-05-29,21,536.0
6539,MERLO,2022,23,2022-06-05,22,462.0
6539,MERLO,2022,24,2022-06-12,23,506.0
6539,MERLO,2022,25,2022-06-19,24,697.0
6539,MERLO,2022,26,2022-06-26,25,952.0
6539,MERLO,2022,27,2022-07-03,26,1192.0
6539,MERLO,2022,28,2022-07-10,27,1282.0
6539,MERLO,2022,29,2022-07-17,28,1245.0
6539,MERLO,2022,30,2022-07-24,29,691.0
6539,MERLO,2022,31,2022-07-31,30,81.0
6539,MERLO,2022,32,2022-08-07,31,110.0
6539,MERLO,2022,33,2022-08-14,32,101.0
6539,MERLO,2022,34,2022-08-21,33,135.0
6539,MERLO,2022,35,2022-08-28,34,132.0
6539,MERLO,2022,36,2022-09-04,35,93.0
6539,MERLO,2022,37,2022-09-11,36,149.0
6539,MERLO,2022,38,2022-09-18,37,134.0
6539,MERLO,2022,39,2022-09-25,38,39.0
6539,MERLO,2022,40,2022-10-02,39,42.0
6539,MERLO,2022,41,2022-10-09,40,56.0
6539,MERLO,2022,42,2022-10-16,41,37.0
6539,MERLO,2022,43,2022-10-23,42,12.0
6539,MERLO,2022,44,2022-10-30,43,29.0
6539,MERLO,2022,45,2022-11-06,44,9.0
6539,MERLO,2022,46,2022-11-13,45,15.0
6539,MERLO,2022,47,2022-11-20,46,10.0
6539,MERLO,2022,48,2022-11-27,47,27.0
6539,MERLO,2022,49,2022-12-04,48,13.0
6539,MERLO,2022,50,2022-12-11,49,15.0
6539,MERLO,2022,51,2022-12-18,50,9.0
6539,MERLO,2022,52,2022-12-25,51,3.0
6539,MERLO,2023,1,2023-01-01,52,7.0
6539,MERLO,2023,2,2023-01-08,53,3.0
6539,MERLO,2023,3,2023-01-15,54,6.0
6539,MERLO,2023,4,2023-01-22,55,2.0
6539,MERLO,2023,5,2023-01-29,56,2.0
6539,MERLO,2023,6,2023-02-05,57,3.0
6539,MERLO,2023,7,2023-02-12,58,3.0
6539,MERLO,2023,8,2023-02-19,59,4.0
6539,MERLO,2023,9,2023-02-26,60,5.0
6539,MERLO,2023,10,2023-03-05,61,1.0
6539,MERLO,2023,11,2023-03-12,62,3.0
6539,MERLO,2023,12,2023-03-19,63,2.0
6539,MERLO,2023,13,2023-03-26,64,4.0
6539,MERLO,2023,14,2023-04-02,65,3.0
6539,MERLO,2023,15,2023-04-09,66,24.0
6539,MERLO,2023,16,2023-04-16,67,18.0
6539,MERLO,2023,17,2023-04-23,68,23.0
6539,MERLO,2023,18,2023-04-30,69,48.0
6539,MERLO,2023,19,2023-05-07,70,708.0
6539,MERLO,2023,20,2023-05-14,71,325.0
6539,MERLO,2023,21,2023-05-21,72,567.0
6539,MERLO,2023,22,2023-05-28,73,668.0
6539,MERLO,2023,23,2023-06-04,74,471.0
6539,MERLO,2023,24,2023-06-11,75,313.0
6539,MERLO,2023,25,2023-06-18,76,615.0
6539,MERLO,2023,26,2023-06-25,77,556.0
6539,MERLO,2023,27,2023-07-02,78,139.0
6539,MERLO,2023,28,2023-07-09,79,822.0
6539,MERLO,2023,29,2023-07-16,80,785.0
6539,MERLO,2023,30,2023-07-23,81,242.0
6539,MERLO,2023,31,2023-07-30,82,291.0
6539,MERLO,2023,32,2023-08-06,83,297.0
6539,MERLO,2023,33,2023-08-13,84,278.0
6539,MERLO,2023,34,2023-08-20,85,166.0
6539,MERLO,2023,35,2023-08-27,86,285.0
6539,MERLO,2023,36,2023-09-03,87,216.0
6539,MERLO,2023,37,2023-09-10,88,138.0
6539,MERLO,2023,38,2023-09-17,89,112.0
6539,MERLO,2023,39,2023-09-24,90,97.0
6539,MERLO,2023,40,2023-10-01,91,94.0
6539,MERLO,2023,41,2023-10-08,92,126.0
6539,MERLO,2023,42,2023-10-15,93,146.0
6539,MERLO,2023,43,2023-10-22,94,148.0
6539,MERLO,2023,44,2023-10-29,95,122.0
6539,MERLO,2023,45,2023-11-05,96,206.0
6539,MERLO,2023,46,2023-11-12,97,203.0
6539,MERLO,2023,47,2023-11-19,98,227.0
6539,MERLO,2023,48,2023-11-26,99,128.0
6539,MERLO,2023,49,2023-12-03,100,157.0
6539,MERLO,2023,50,2023-12-10,101,136.0
6539,MERLO,2023,51,2023-12-17,102,83.0
6539,MERLO,2023,52,2023-12-24,103,102.0
6539,MERLO,2024,1,2023-12-31,104,115.0
6539,MERLO,2024,2,2024-01-07,105,114.0
6539,MERLO,2024,3,2024-01-14,106,109.0
6539,MERLO,2024,4,2024-01-21,107,135.0
6539,MERLO,2024,5,2024-01-28,108,140.0
6539,MERLO,2024,6,2024-02-04,109,160.0
6539,MERLO,2024,7,2024-02-11,110,113.0
6539,MERLO,2024,8,2024-02-18,111,130.0
6539,MERLO,2024,9,2024-02-25,112,92.0
6539,MERLO,2024,10,2024-03-03,113,162.0
6539,MERLO,2024,11,2024-03-10,114,215.0
6539,MERLO,2024,12,2024-03-17,115,315.0
6539,MERLO,2024,13,2024-03-24,116,290.0
6539,MERLO,2024,14,2024-03-31,117,238.0
6539,MERLO,2024,15,2024-04-07,118,504.0
6539,MERLO,2024,16,2024-04-14,119,323.0
6539,MERLO,2024,17,2024-04-21,120,326.0
6539,MERLO,2024,18,2024-04-28,121,122.0
6539,MERLO,2024,19,2024-05-05,122,431.0
6539,MERLO,2024,20,2024-05-12,123,364.0
6539,MERLO,2024,21,2024-05-19,124,272.0
6539,MERLO,2024,22,2024-05-26,125,340.0
6539,MERLO,2024,23,2024-06-02,126,304.0
6539,MERLO,2024,24,2024-06-09,127,225.0
6539,MERLO,2024,25,2024-06-16,128,386.0
6539,MERLO,2024,26,2024-06-23,129,295.0
6539,MERLO,2024,27,2024-06-30,130,505.0
6539,MERLO,2024,28,2024-07-07,131,141.0
6539,MERLO,2024,29,2024-07-14,132,184.0
6539,MERLO,2024,30,2024-07-21,133,215.0
6539,MERLO,2024,31,2024-07-28,134,187.0
6539,MERLO,2024,32,2024-08-04,135,118.0
6539,MERLO,2024,33,2024-08-11,136,201.0
6539,MERLO,2024,34,2024-08-18,137,215.0
6539,MERLO,2024,35,2024-08-25,138,249.0
6539,MERLO,2024,36,2024-09-01,139,181.0
6539,MERLO,2024,37,2024-09-08,140,227.0
6539,MERLO,2024,38,2024-09-15,141,166.0
6539,MERLO,2024,39,2024-09-22,142,210.0
6539,MERLO,2024,40,2024-09-29,143,166.0
6539,MERLO,2024,41,2024-10-06,144,110.0
6539,MERLO,2024,42,2024-10-13,145,112.0
6539,MERLO,2024,43,2024-10-20,146,20.0
6539,MERLO,2024,44,2024-10-27,147,127.0
6539,MERLO,2024,45,2024-11-03,148,118.0
6539,MERLO,2024,46,2024-11-10,149,64.0
6539,MERLO,2024,47,2024-11-17,150,55.0
6539,MERLO,2024,48,2024-11-24,151,31.0
6539,MERLO,2024,49,2024-12-01,152,129.0
6539,MERLO,2024,50,2024-12-08,153,97.0
6539,MERLO,2024,51,2024-12-15,154,139.0
6539,MERLO,2024,52,2024-12-22,155,61.0
6539,MERLO,2025,1,2024-12-29,156,29.0
6539,MERLO,2025,2,2025-01-05,157,66.0
6539,MERLO,2025,3,2025-01-12,158,27.0
6539,MERLO,2025,4,2025-01-19,159,16.0
6539,MERLO,2025,5,2025-01-26,160,38.0
6539,MERLO,2025,6,2025-02-02,161,0.0
6539,MERLO,2025,7,2025-02-09,162,26.0
6539,MERLO,2025,8,2025-02-16,163,12.0
6539,MERLO,2025,9,2025-02-23,164,30.0
6539,MERLO,2025,10,2025-03-02,165,18.0
6539,MERLO,2025,11,2025-03-09,166,35.0
6539,MERLO,2025,12,2025-03-16,167,25.0
6539,MERLO,2025,13,2025-03-23,168,35.0
6539,MERLO,2025,14,2025-03-30,169,62.0
6539,MERLO,2025,15,2025-04-06,170,51.0
6539,MERLO,2025,16,2025-04-13,171,36.0
6539,MERLO,2025,17,2025-04-20,172,67.0
6539,MERLO,2025,18,2025-04-27,173,54.0
6539,MERLO,2025,19,2025-05-04,174,66.0
6539,MERLO,2025,20,2025-05-11,175,86.0
6539,MERLO,2025,21,2025-05-18,176,102.0
6539,MERLO,2025,22,2025-05-25,177,129.0
6539,MERLO,2025,23,2025-06-01,178,200.0
6539,MERLO,2025,24,2025-06-08,179,174.0
6539,MERLO,2025,25,2025-06-15,180,350.0
6539,MERLO,2025,26,2025-06-22,181,270.0
6539,MERLO,2025,27,2025-06-29,182,173.0
6539,MERLO,2025,28,2025-07-06,183,242.0
6539,MERLO,2025,29,2025-07-13,184,319.0
6539,MERLO,2025,30,2025-07-20,185,186.0
6539,MERLO,2025,31,2025-07-27,186,158.0
6539,MERLO,2025,32,2025-08-03,187,191.0
6539,MERLO,2025,33,2025-08-10,188,173.0
6539,MERLO,2025,34,2025-08-17,189,272.0
6539,MERLO,2025,35,2025-08-24,190,178.0
6539,MERLO,2025,36,2025-08-31,191,166.0
6539,MERLO,2025,37,2025-09-07,192,131.0
6539,MERLO,2025,38,2025-09-14,193,103.0
6539,MERLO,2025,39,2025-09-21,194,93.0
6539,MERLO,2025,40,2025-09-28,195,93.0
6539,MERLO,2025,41,2025-10-05,196,95.0
6539,MERLO,2025,42,2025-10-12,197,61.0
6539,MERLO,2025,43,2025-10-19,198,92.0
6539,MERLO,2025,44,2025-10-26,199,55.0
6539,MERLO,2025,45,2025-11-02,200,39.0
6539,MERLO,2025,46,2025-11-09,201,53.0
6539,MERLO,2025,47,2025-11-16,202,62.0
6539,MERLO,2025,48,2025-11-23,203,45.0
6539,MERLO,2025,49,2025-11-30,204,94.0
6539,MERLO,2025,50,2025-12-07,205,33.0
6539,MERLO,2025,51,2025-12-14,206,60.0
6539,MERLO,2025,52,2025-12-21,207,61.0
6539,MERLO,2025,53,2025-12-28,208,28.0
6539,MERLO,2026,1,2026-01-04,209,25.0
6539,MERLO,2026,2,2026-01-11,210,35.0
6539,MERLO,2026,3,2026-01-18,211,69.0
6539,MERLO,2026,4,2026-01-25,212,22.0
6539,MERLO,2026,5,2026-02-01,213,42.0
6539,MERLO,2026,6,2026-02-08,214,33.0
6539,MERLO,2026,7,2026-02-15,215,100.0
6539,MERLO,2026,8,2026-02-22,216,43.0
6539,MERLO,2026,9,2026-03-01,217,0.0
6560,MORENO,2022,1,2022-01-02,0,
6560,MORENO,2022,2,2022-01-09,1,
6560,MORENO,2022,3,2022-01-16,2,
6560,MORENO,2022,4,2022-01-23,3,
6560,MORENO,2022,5,2022-01-30,4,
6560,MORENO,2022,6,2022-02-06,5,
6560,MORENO,2022,7,2022-02-13,6,
6560,MORENO,2022,8,2022-02-20,7,
6560,MORENO,2022,9,2022-02-27,8,
6560,MORENO,2022,10,2022-03-06,9,
6560,MORENO,2022,11,2022-03-13,10,
6560,MORENO,2022,12,2022-03-20,11,
6560,MORENO,2022,13,2022-03-27,12,
6560,MORENO,2022,14,2022-04-03,13,
6560,MORENO,2022,15,2022-04-10,14,
6560,MORENO,2022,16,2022-04-17,15,
6560,MORENO,2022,17,2022-04-24,16,
6560,MORENO,2022,18,2022-05-01,17,169.0
6560,MORENO,2022,19,2022-05-08,18,116.0
6560,MORENO,2022,20,2022-05-15,19,143.0
6560,MORENO,2022,21,2022-05-22,20,261.0
6560,MORENO,2022,22,2022-05-29,21,262.0
6560,MORENO,2022,23,2022-06-05,22,479.0
6560,MORENO,2022,24,2022-06-12,23,484.0
6560,MORENO,2022,25,2022-06-19,24,387.0
6560,MORENO,2022,26,2022-06-26,25,922.0
6560,MORENO,2022,27,2022-07-03,26,284.0
6560,MORENO,2022,28,2022-07-10,27,281.0
6560,MORENO,2022,29,2022-07-17,28,56.0
6560,MORENO,2022,30,2022-07-24,29,80.0
6560,MORENO,2022,31,2022-07-31,30,43.0
6560,MORENO,2022,32,2022-08-07,31,42.0
6560,MORENO,2022,33,2022-08-14,32,46.0
6560,MORENO,2022,34,2022-08-21,33,92.0
6560,MORENO,2022,35,2022-08-28,34,41.0
6560,MORENO,2022,36,2022-09-04,35,62.0
6560,MORENO,2022,37,2022-09-11,36,65.0
6560,MORENO,2022,38,2022-09-18,37,45.0
6560,MORENO,2022,39,2022-09-25,38,21.0
6560,MORENO,2022,40,2022-10-02,39,8.0
6560,MORENO,2022,41,2022-10-09,40,28.0
6560,MORENO,2022,42,2022-10-16,41,19.0
6560,MORENO,2022,43,2022-10-23,42,9.0
6560,MORENO,2022,44,2022-10-30,43,14.0
6560,MORENO,2022,45,2022-11-06,44,3.0
6560,MORENO,2022,46,2022-11-13,45,0.0
6560,MORENO,2022,47,2022-11-20,46,18.0
6560,MORENO,2022,48,2022-11-27,47,0.0
6560,MORENO,2022,49,2022-12-04,48,17.0
6560,MORENO,2022,50,2022-12-11,49,13.0
6560,MORENO,2022,51,2022-12-18,50,12.0
6560,MORENO,2022,52,2022-12-25,51,7.0
6560,MORENO,2023,1,2023-01-01,52,37.0
6560,MORENO,2023,2,2023-01-08,53,33.0
6560,MORENO,2023,3,2023-01-15,54,30.0
6560,MORENO,2023,4,2023-01-22,55,20.0
6560,MORENO,2023,5,2023-01-29,56,26.0
6560,MORENO,2023,6,2023-02-05,57,43.0
6560,MORENO,2023,7,2023-02-12,58,30.0
6560,MORENO,2023,8,2023-02-19,59,37.0
6560,MORENO,2023,9,2023-02-26,60,44.0
6560,MORENO,2023,10,2023-03-05,61,44.0
6560,MORENO,2023,11,2023-03-12,62,69.0
6560,MORENO,2023,12,2023-03-19,63,81.0
6560,MORENO,2023,13,2023-03-26,64,91.0
6560,MORENO,2023,14,2023-04-02,65,274.0
6560,MORENO,2023,15,2023-04-09,66,286.0
6560,MORENO,2023,16,2023-04-16,67,475.0
6560,MORENO,2023,17,2023-04-23,68,346.0
6560,MORENO,2023,18,2023-04-30,69,426.0
6560,MORENO,2023,19,2023-05-07,70,668.0
6560,MORENO,2023,20,2023-05-14,71,705.0
6560,MORENO,2023,21,2023-05-21,72,616.0
6560,MORENO,2023,22,2023-05-28,73,872.0
6560,MORENO,2023,23,2023-06-04,74,1079.0
6560,MORENO,2023,24,2023-06-11,75,862.0
6560,MORENO,2023,25,2023-06-18,76,821.0
6560,MORENO,2023,26,2023-06-25,77,596.0
6560,MORENO,2023,27,2023-07-02,78,547.0
6560,MORENO,2023,28,2023-07-09,79,471.0
6560,MORENO,2023,29,2023-07-16,80,439.0
6560,MORENO,2023,30,2023-07-23,81,441.0
6560,MORENO,2023,31,2023-07-30,82,393.0
6560,MORENO,2023,32,2023-08-06,83,528.0
6560,MORENO,2023,33,2023-08-13,84,454.0
6560,MORENO,2023,34,2023-08-20,85,418.0
6560,MORENO,2023,35,2023-08-27,86,899.0
6560,MORENO,2023,36,2023-09-03,87,652.0
6560,MORENO,2023,37,2023-09-10,88,713.0
6560,MORENO,2023,38,2023-09-17,89,528.0
6560,MORENO,2023,39,2023-09-24,90,525.0
6560,MORENO,2023,40,2023-10-01,91,549.0
6560,MORENO,2023,41,2023-10-08,92,428.0
6560,MORENO,2023,42,2023-10-15,93,478.0
6560,MORENO,2023,43,2023-10-22,94,409.0
6560,MORENO,2023,44,2023-10-29,95,316.0
6560,MORENO,2023,45,2023-11-05,96,376.0
6560,MORENO,2023,46,2023-11-12,97,294.0
6560,MORENO,2023,47,2023-11-19,98,373.0
6560,MORENO,2023,48,2023-11-26,99,363.0
6560,MORENO,2023,49,2023-12-03,100,316.0
6560,MORENO,2023,50,2023-12-10,101,272.0
6560,MORENO,2023,51,2023-12-17,102,180.0
6560,MORENO,2023,52,2023-12-24,103,192.0
6560,MORENO,2024,1,2023-12-31,104,160.0
6560,MORENO,2024,2,2024-01-07,105,238.0
6560,MORENO,2024,3,2024-01-14,106,193.0
6560,MORENO,2024,4,2024-01-21,107,241.0
6560,MORENO,2024,5,2024-01-28,108,253.0
6560,MORENO,2024,6,2024-02-04,109,230.0
6560,MORENO,2024,7,2024-02-11,110,241.0
6560,MORENO,2024,8,2024-02-18,111,166.0
6560,MORENO,2024,9,2024-02-25,112,189.0
6560,MORENO,2024,10,2024-03-03,113,304.0
6560,MORENO,2024,11,2024-03-10,114,300.0
6560,MORENO,2024,12,2024-03-17,115,308.0
6560,MORENO,2024,13,2024-03-24,116,367.0
6560,MORENO,2024,14,2024-03-31,117,279.0
6560,MORENO,2024,15,2024-04-07,118,205.0
6560,MORENO,2024,16,2024-04-14,119,244.0
6560,MORENO,2024,17,2024-04-21,120,574.0
6560,MORENO,2024,18,2024-04-28,121,389.0
6560,MORENO,2024,19,2024-05-05,122,778.0
6560,MORENO,2024,20,2024-05-12,123,549.0
6560,MORENO,2024,21,2024-05-19,124,985.0
6560,MORENO,2024,22,2024-05-26,125,1195.0
6560,MORENO,2024,23,2024-06-02,126,953.0
6560,MORENO,2024,24,2024-06-09,127,1127.0
6560,MORENO,2024,25,2024-06-16,128,728.0
6560,MORENO,2024,26,2024-06-23,129,682.0
6560,MORENO,2024,27,2024-06-30,130,610.0
6560,MORENO,2024,28,2024-07-07,131,677.0
6560,MORENO,2024,29,2024-07-14,132,645.0
6560,MORENO,2024,30,2024-07-21,133,351.0
6560,MORENO,2024,31,2024-07-28,134,420.0
6560,MORENO,2024,32,2024-08-04,135,275.0
6560,MORENO,2024,33,2024-08-11,136,498.0
6560,MORENO,2024,34,2024-08-18,137,418.0
6560,MORENO,2024,35,2024-08-25,138,355.0
6560,MORENO,2024,36,2024-09-01,139,373.0
6560,MORENO,2024,37,2024-09-08,140,402.0
6560,MORENO,2024,38,2024-09-15,141,338.0
6560,MORENO,2024,39,2024-09-22,142,337.0
6560,MORENO,2024,40,2024-09-29,143,280.0
6560,MORENO,2024,41,2024-10-06,144,272.0
6560,MORENO,2024,42,2024-10-13,145,346.0
6560,MORENO,2024,43,2024-10-20,146,253.0
6560,MORENO,2024,44,2024-10-27,147,305.0
6560,MORENO,2024,45,2024-11-03,148,231.0
6560,MORENO,2024,46,2024-11-10,149,256.0
6560,MORENO,2024,47,2024-11-17,150,236.0
6560,MORENO,2024,48,2024-11-24,151,295.0
6560,MORENO,2024,49,2024-12-01,152,257.0
6560,MORENO,2024,50,2024-12-08,153,208.0
6560,MORENO,2024,51,2024-12-15,154,210.0
6560,MORENO,2024,52,2024-12-22,155,162.0
6560,MORENO,2025,1,2024-12-29,156,44.0
6560,MORENO,2025,2,2025-01-05,157,72.0
6560,MORENO,2025,3,2025-01-12,158,87.0
6560,MORENO,2025,4,2025-01-19,159,95.0
6560,MORENO,2025,5,2025-01-26,160,100.0
6560,MORENO,2025,6,2025-02-02,161,96.0
6560,MORENO,2025,7,2025-02-09,162,82.0
6560,MORENO,2025,8,2025-02-16,163,94.0
6560,MORENO,2025,9,2025-02-23,164,70.0
6560,MORENO,2025,10,2025-03-02,165,103.0
6560,MORENO,2025,11,2025-03-09,166,193.0
6560,MORENO,2025,12,2025-03-16,167,252.0
6560,MORENO,2025,13,2025-03-23,168,212.0
6560,MORENO,2025,14,2025-03-30,169,279.0
6560,MORENO,2025,15,2025-04-06,170,284.0
6560,MORENO,2025,16,2025-04-13,171,261.0
6560,MORENO,2025,17,2025-04-20,172,488.0
6560,MORENO,2025,18,2025-04-27,173,415.0
6560,MORENO,2025,19,2025-05-04,174,414.0
6560,MORENO,2025,20,2025-05-11,175,541.0
6560,MORENO,2025,21,2025-05-18,176,556.0
6560,MORENO,2025,22,2025-05-25,177,633.0
6560,MORENO,2025,23,2025-06-01,178,788.0
6560,MORENO,2025,24,2025-06-08,179,676.0
6560,MORENO,2025,25,2025-06-15,180,586.0
6560,MORENO,2025,26,2025-06-22,181,758.0
6560,MORENO,2025,27,2025-06-29,182,897.0
6560,MORENO,2025,28,2025-07-06,183,1050.0
6560,MORENO,2025,29,2025-07-13,184,1136.0
6560,MORENO,2025,30,2025-07-20,185,881.0
6560,MORENO,2025,31,2025-07-27,186,855.0
6560,MORENO,2025,32,2025-08-03,187,678.0
6560,MORENO,2025,33,2025-08-10,188,709.0
6560,MORENO,2025,34,2025-08-17,189,661.0
6560,MORENO,2025,35,2025-08-24,190,796.0
6560,MORENO,2025,36,2025-08-31,191,664.0
6560,MORENO,2025,37,2025-09-07,192,659.0
6560,MORENO,2025,38,2025-09-14,193,603.0
6560,MORENO,2025,39,2025-09-21,194,446.0
6560,MORENO,2025,40,2025-09-28,195,433.0
6560,MORENO,2025,41,2025-10-05,196,400.0
6560,MORENO,2025,42,2025-10-12,197,440.0
6560,MORENO,2025,43,2025-10-19,198,387.0
6560,MORENO,2025,44,2025-10-26,199,453.0
6560,MORENO,2025,45,2025-11-02,200,476.0
6560,MORENO,2025,46,2025-11-09,201,322.0
6560,MORENO,2025,47,2025-11-16,202,295.0
6560,MORENO,2025,48,2025-11-23,203,311.0
6560,MORENO,2025,49,2025-11-30,204,302.0
6560,MORENO,2025,50,2025-12-07,205,224.0
6560,MORENO,2025,51,2025-12-14,206,201.0
6560,MORENO,2025,52,2025-12-21,207,106.0
6560,MORENO,2025,53,2025-12-28,208,119.0
6560,MORENO,2026,1,2026-01-04,209,210.0
6560,MORENO,2026,2,2026-01-11,210,158.0
6560,MORENO,2026,3,2026-01-18,211,153.0
6560,MORENO,2026,4,2026-01-25,212,156.0
6560,MORENO,2026,5,2026-02-01,213,166.0
6560,MORENO,2026,6,2026-02-08,214,174.0
6560,MORENO,2026,7,2026-02-15,215,147.0
6560,MORENO,2026,8,2026-02-22,216,149.0
6560,MORENO,2026,9,2026-03-01,217,0.0
6568,MORÓN,2022,1,2022-01-02,0,33.0
6568,MORÓN,2022,2,2022-01-09,1,69.0
6568,MORÓN,2022,3,2022-01-16,2,97.0
6568,MORÓN,2022,4,2022-01-23,3,88.0
6568,MORÓN,2022,5,2022-01-30,4,72.0
6568,MORÓN,2022,6,2022-02-06,5,68.0
6568,MORÓN,2022,7,2022-02-13,6,19.0
6568,MORÓN,2022,8,2022-02-20,7,26.0
6568,MORÓN,2022,9,2022-02-27,8,39.0
6568,MORÓN,2022,10,2022-03-06,9,86.0
6568,MORÓN,2022,11,2022-03-13,10,55.0
6568,MORÓN,2022,12,2022-03-20,11,33.0
6568,MORÓN,2022,13,2022-03-27,12,47.0
6568,MORÓN,2022,14,2022-04-03,13,21.0
6568,MORÓN,2022,15,2022-04-10,14,20.0
6568,MORÓN,2022,16,2022-04-17,15,30.0
6568,MORÓN,2022,17,2022-04-24,16,38.0
6568,MORÓN,2022,18,2022-05-01,17,31.0
6568,MORÓN,2022,19,2022-05-08,18,34.0
6568,MORÓN,2022,20,2022-05-15,19,25.0
6568,MORÓN,2022,21,2022-05-22,20,22.0
6568,MORÓN,2022,22,2022-05-29,21,46.0
6568,MORÓN,2022,23,2022-06-05,22,49.0
6568,MORÓN,2022,24,2022-06-12,23,49.0
6568,MORÓN,2022,25,2022-06-19,24,43.0
6568,MORÓN,2022,26,2022-06-26,25,28.0
6568,MORÓN,2022,27,2022-07-03,26,46.0
6568,MORÓN,2022,28,2022-07-10,27,36.0
6568,MORÓN,2022,29,2022-07-17,28,32.0
6568,MORÓN,2022,30,2022-07-24,29,31.0
6568,MORÓN,2022,31,2022-07-31,30,37.0
6568,MORÓN,2022,32,2022-08-07,31,25.0
6568,MORÓN,2022,33,2022-08-14,32,33.0
6568,MORÓN,2022,34,2022-08-21,33,46.0
6568,MORÓN,2022,35,2022-08-28,34,43.0
6568,MORÓN,2022,36,2022-09-04,35,48.0
6568,MORÓN,2022,37,2022-09-11,36,65.0
6568,MORÓN,2022,38,2022-09-18,37,51.0
6568,MORÓN,2022,39,2022-09-25,38,66.0
6568,MORÓN,2022,40,2022-10-02,39,75.0
6568,MORÓN,2022,41,2022-10-09,40,70.0
6568,MORÓN,2022,42,2022-10-16,41,138.0
6568,MORÓN,2022,43,2022-10-23,42,121.0
6568,MORÓN,2022,44,2022-10-30,43,89.0
6568,MORÓN,2022,45,2022-11-06,44,68.0
6568,MORÓN,2022,46,2022-11-13,45,24.0
6568,MORÓN,2022,47,2022-11-20,46,19.0
6568,MORÓN,2022,48,2022-11-27,47,16.0
6568,MORÓN,2022,49,2022-12-04,48,18.0
6568,MORÓN,2022,50,2022-12-11,49,46.0
6568,MORÓN,2022,51,2022-12-18,50,33.0
6568,MORÓN,2022,52,2022-12-25,51,42.0
6568,MORÓN,2023,1,2023-01-01,52,24.0
6568,MORÓN,2023,2,2023-01-08,53,20.0
6568,MORÓN,2023,3,2023-01-15,54,12.0
6568,MORÓN,2023,4,2023-01-22,55,13.0
6568,MORÓN,2023,5,2023-01-29,56,14.0
6568,MORÓN,2023,6,2023-02-05,57,17.0
6568,MORÓN,2023,7,2023-02-12,58,10.0
6568,MORÓN,2023,8,2023-02-19,59,16.0
6568,MORÓN,2023,9,2023-02-26,60,16.0
6568,MORÓN,2023,10,2023-03-05,61,10.0
6568,MORÓN,2023,11,2023-03-12,62,20.0
6568,MORÓN,2023,12,2023-03-19,63,11.0
6568,MORÓN,2023,13,2023-03-26,64,21.0
6568,MORÓN,2023,14,2023-04-02,65,28.0
6568,MORÓN,2023,15,2023-04-09,66,26.0
6568,MORÓN,2023,16,2023-04-16,67,29.0
6568,MORÓN,2023,17,2023-04-23,68,21.0
6568,MORÓN,2023,18,2023-04-30,69,37.0
6568,MORÓN,2023,19,2023-05-07,70,17.0
6568,MORÓN,2023,20,2023-05-14,71,54.0
6568,MORÓN,2023,21,2023-05-21,72,45.0
6568,MORÓN,2023,22,2023-05-28,73,51.0
6568,MORÓN,2023,23,2023-06-04,74,45.0
6568,MORÓN,2023,24,2023-06-11,75,17.0
6568,MORÓN,2023,25,2023-06-18,76,44.0
6568,MORÓN,2023,26,2023-06-25,77,38.0
6568,MORÓN,2023,27,2023-07-02,78,46.0
6568,MORÓN,2023,28,2023-07-09,79,45.0
6568,MORÓN,2023,29,2023-07-16,80,80.0
6568,MORÓN,2023,30,2023-07-23,81,18.0
6568,MORÓN,2023,31,2023-07-30,82,24.0
6568,MORÓN,2023,32,2023-08-06,83,54.0
6568,MORÓN,2023,33,2023-08-13,84,70.0
6568,MORÓN,2023,34,2023-08-20,85,33.0
6568,MORÓN,2023,35,2023-08-27,86,55.0
6568,MORÓN,2023,36,2023-09-03,87,57.0
6568,MORÓN,2023,37,2023-09-10,88,55.0
6568,MORÓN,2023,38,2023-09-17,89,46.0
6568,MORÓN,2023,39,2023-09-24,90,83.0
6568,MORÓN,2023,40,2023-10-01,91,39.0
6568,MORÓN,2023,41,2023-10-08,92,28.0
6568,MORÓN,2023,42,2023-10-15,93,25.0
6568,MORÓN,2023,43,2023-10-22,94,40.0
6568,MORÓN,2023,44,2023-10-29,95,26.0
6568,MORÓN,2023,45,2023-11-05,96,33.0
6568,MORÓN,2023,46,2023-11-12,97,28.0
6568,MORÓN,2023,47,2023-11-19,98,24.0
6568,MORÓN,2023,48,2023-11-26,99,31.0
6568,MORÓN,2023,49,2023-12-03,100,27.0
6568,MORÓN,2023,50,2023-12-10,101,37.0
6568,MORÓN,2023,51,2023-12-17,102,30.0
6568,MORÓN,2023,52,2023-12-24,103,22.0
6568,MORÓN,2024,1,2023-12-31,104,27.0
6568,MORÓN,2024,2,2024-01-07,105,37.0
6568,MORÓN,2024,3,2024-01-14,106,67.0
6568,MORÓN,2024,4,2024-01-21,107,50.0
6568,MORÓN,2024,5,2024-01-28,108,49.0
6568,MORÓN,2024,6,2024-02-04,109,79.0
6568,MORÓN,2024,7,2024-02-11,110,53.0
6568,MORÓN,2024,8,2024-02-18,111,31.0
6568,MORÓN,2024,9,2024-02-25,112,72.0
6568,MORÓN,2024,10,2024-03-03,113,44.0
6568,MORÓN,2024,11,2024-03-10,114,50.0
6568,MORÓN,2024,12,2024-03-17,115,22.0
6568,MORÓN,2024,13,2024-03-24,116,26.0
6568,MORÓN,2024,14,2024-03-31,117,49.0
6568,MORÓN,2024,15,2024-04-07,118,45.0
6568,MORÓN,2024,16,2024-04-14,119,51.0
6568,MORÓN,2024,17,2024-04-21,120,60.0
6568,MORÓN,2024,18,2024-04-28,121,68.0
6568,MORÓN,2024,19,2024-05-05,122,89.0
6568,MORÓN,2024,20,2024-05-12,123,120.0
6568,MORÓN,2024,21,2024-05-19,124,150.0
6568,MORÓN,2024,22,2024-05-26,125,215.0
6568,MORÓN,2024,23,2024-06-02,126,360.0
6568,MORÓN,2024,24,2024-06-09,127,257.0
6568,MORÓN,2024,25,2024-06-16,128,130.0
6568,MORÓN,2024,26,2024-06-23,129,65.0
6568,MORÓN,2024,27,2024-06-30,130,86.0
6568,MORÓN,2024,28,2024-07-07,131,49.0
6568,MORÓN,2024,29,2024-07-14,132,113.0
6568,MORÓN,2024,30,2024-07-21,133,91.0
6568,MORÓN,2024,31,2024-07-28,134,156.0
6568,MORÓN,2024,32,2024-08-04,135,99.0
6568,MORÓN,2024,33,2024-08-11,136,143.0
6568,MORÓN,2024,34,2024-08-18,137,58.0
6568,MORÓN,2024,35,2024-08-25,138,121.0
6568,MORÓN,2024,36,2024-09-01,139,173.0
6568,MORÓN,2024,37,2024-09-08,140,98.0
6568,MORÓN,2024,38,2024-09-15,141,93.0
6568,MORÓN,2024,39,2024-09-22,142,132.0
6568,MORÓN,2024,40,2024-09-29,143,72.0
6568,MORÓN,2024,41,2024-10-06,144,56.0
6568,MORÓN,2024,42,2024-10-13,145,62.0
6568,MORÓN,2024,43,2024-10-20,146,28.0
6568,MORÓN,2024,44,2024-10-27,147,76.0
6568,MORÓN,2024,45,2024-11-03,148,81.0
6568,MORÓN,2024,46,2024-11-10,149,76.0
6568,MORÓN,2024,47,2024-11-17,150,29.0
6568,MORÓN,2024,48,2024-11-24,151,41.0
6568,MORÓN,2024,49,2024-12-01,152,30.0
6568,MORÓN,2024,50,2024-12-08,153,32.0
6568,MORÓN,2024,51,2024-12-15,154,20.0
6568,MORÓN,2024,52,2024-12-22,155,17.0
6568,MORÓN,2025,1,2024-12-29,156,28.0
6568,MORÓN,2025,2,2025-01-05,157,26.0
6568,MORÓN,2025,3,2025-01-12,158,29.0
6568,MORÓN,2025,4,2025-01-19,159,36.0
6568,MORÓN,2025,5,2025-01-26,160,24.0
6568,MORÓN,2025,6,2025-02-02,161,47.0
6568,MORÓN,2025,7,2025-02-09,162,24.0
6568,MORÓN,2025,8,2025-02-16,163,36.0
6568,MORÓN,2025,9,2025-02-23,164,71.0
6568,MORÓN,2025,10,2025-03-02,165,34.0
6568,MORÓN,2025,11,2025-03-09,166,32.0
6568,MORÓN,2025,12,2025-03-16,167,53.0
6568,MORÓN,2025,13,2025-03-23,168,44.0
6568,MORÓN,2025,14,2025-03-30,169,56.0
6568,MORÓN,2025,15,2025-04-06,170,36.0
6568,MORÓN,2025,16,2025-04-13,171,72.0
6568,MORÓN,2025,17,2025-04-20,172,70.0
6568,MORÓN,2025,18,2025-04-27,173,85.0
6568,MORÓN,2025,19,2025-05-04,174,73.0
6568,MORÓN,2025,20,2025-05-11,175,94.0
6568,MORÓN,2025,21,2025-05-18,176,84.0
6568,MORÓN,2025,22,2025-05-25,177,123.0
6568,MORÓN,2025,23,2025-06-01,178,135.0
6568,MORÓN,2025,24,2025-06-08,179,179.0
6568,MORÓN,2025,25,2025-06-15,180,125.0
6568,MORÓN,2025,26,2025-06-22,181,91.0
6568,MORÓN,2025,27,2025-06-29,182,120.0
6568,MORÓN,2025,28,2025-07-06,183,101.0
6568,MORÓN,2025,29,2025-07-13,184,89.0
6568,MORÓN,2025,30,2025-07-20,185,123.0
6568,MORÓN,2025,31,2025-07-27,186,77.0
6568,MORÓN,2025,32,2025-08-03,187,40.0
6568,MORÓN,2025,33,2025-08-10,188,79.0
6568,MORÓN,2025,34,2025-08-17,189,54.0
6568,MORÓN,2025,35,2025-08-24,190,63.0
6568,MORÓN,2025,36,2025-08-31,191,86.0
6568,MORÓN,2025,37,2025-09-07,192,76.0
6568,MORÓN,2025,38,2025-09-14,193,84.0
6568,MORÓN,2025,39,2025-09-21,194,65.0
6568,MORÓN,2025,40,2025-09-28,195,67.0
6568,MORÓN,2025,41,2025-10-05,196,53.0
6568,MORÓN,2025,42,2025-10-12,197,38.0
6568,MORÓN,2025,43,2025-10-19,198,48.0
6568,MORÓN,2025,44,2025-10-26,199,36.0
6568,MORÓN,2025,45,2025-11-02,200,28.0
6568,MORÓN,2025,46,2025-11-09,201,34.0
6568,MORÓN,2025,47,2025-11-16,202,16.0
6568,MORÓN,2025,48,2025-11-23,203,19.0
6568,MORÓN,2025,49,2025-11-30,204,15.0
6568,MORÓN,2025,50,2025-12-07,205,14.0
6568,MORÓN,2025,51,2025-12-14,206,17.0
6568,MORÓN,2025,52,2025-12-21,207,4.0
6568,MORÓN,2025,53,2025-12-28,208,8.0
6568,MORÓN,2026,1,2026-01-04,209,19.0
6568,MORÓN,2026,2,2026-01-11,210,18.0
6568,MORÓN,2026,3,2026-01-18,211,16.0
6568,MORÓN,2026,4,2026-01-25,212,22.0
6568,MORÓN,2026,5,2026-02-01,213,21.0
6568,MORÓN,2026,6,2026-02-08,214,31.0
6568,MORÓN,2026,7,2026-02-15,215,39.0
6568,MORÓN,2026,8,2026-02-22,216,46.0
6568,MORÓN,2026,9,2026-03-01,217,0.0
6658,QUILMES,2022,1,2022-01-02,0,3.0
6658,QUILMES,2022,2,2022-01-09,1,0.0
6658,QUILMES,2022,3,2022-01-16,2,2.0
6658,QUILMES,2022,4,2022-01-23,3,0.0
6658,QUILMES,2022,5,2022-01-30,4,2.0
6658,QUILMES,2022,6,2022-02-06,5,1.0
6658,QUILMES,2022,7,2022-02-13,6,4.0
6658,QUILMES,2022,8,2022-02-20,7,0.0
6658,QUILMES,2022,9,2022-02-27,8,0.0
6658,QUILMES,2022,10,2022-03-06,9,4.0
6658,QUILMES,2022,11,2022-03-13,10,10.0
6658,QUILMES,2022,12,2022-03-20,11,8.0
6658,QUILMES,2022,13,2022-03-27,12,17.0
6658,QUILMES,2022,14,2022-04-03,13,24.0
6658,QUILMES,2022,15,2022-04-10,14,11.0
6658,QUILMES,2022,16,2022-04-17,15,21.0
6658,QUILMES,2022,17,2022-04-24,16,145.0
6658,QUILMES,2022,18,2022-05-01,17,165.0
6658,QUILMES,2022,19,2022-05-08,18,221.0
6658,QUILMES,2022,20,2022-05-15,19,211.0
6658,QUILMES,2022,21,2022-05-22,20,536.0
6658,QUILMES,2022,22,2022-05-29,21,495.0
6658,QUILMES,2022,23,2022-06-05,22,467.0
6658,QUILMES,2022,24,2022-06-12,23,408.0
6658,QUILMES,2022,25,2022-06-19,24,353.0
6658,QUILMES,2022,26,2022-06-26,25,251.0
6658,QUILMES,2022,27,2022-07-03,26,192.0
6658,QUILMES,2022,28,2022-07-10,27,201.0
6658,QUILMES,2022,29,2022-07-17,28,280.0
6658,QUILMES,2022,30,2022-07-24,29,232.0
6658,QUILMES,2022,31,2022-07-31,30,198.0
6658,QUILMES,2022,32,2022-08-07,31,232.0
6658,QUILMES,2022,33,2022-08-14,32,297.0
6658,QUILMES,2022,34,2022-08-21,33,334.0
6658,QUILMES,2022,35,2022-08-28,34,334.0
6658,QUILMES,2022,36,2022-09-04,35,345.0
6658,QUILMES,2022,37,2022-09-11,36,505.0
6658,QUILMES,2022,38,2022-09-18,37,340.0
6658,QUILMES,2022,39,2022-09-25,38,402.0
6658,QUILMES,2022,40,2022-10-02,39,319.0
6658,QUILMES,2022,41,2022-10-09,40,284.0
6658,QUILMES,2022,42,2022-10-16,41,344.0
6658,QUILMES,2022,43,2022-10-23,42,222.0
6658,QUILMES,2022,44,2022-10-30,43,186.0
6658,QUILMES,2022,45,2022-11-06,44,102.0
6658,QUILMES,2022,46,2022-11-13,45,84.0
6658,QUILMES,2022,47,2022-11-20,46,92.0
6658,QUILMES,2022,48,2022-11-27,47,106.0
6658,QUILMES,2022,49,2022-12-04,48,67.0
6658,QUILMES,2022,50,2022-12-11,49,106.0
6658,QUILMES,2022,51,2022-12-18,50,47.0
6658,QUILMES,2022,52,2022-12-25,51,51.0
6658,QUILMES,2023,1,2023-01-01,52,50.0
6658,QUILMES,2023,2,2023-01-08,53,35.0
6658,QUILMES,2023,3,2023-01-15,54,24.0
6658,QUILMES,2023,4,2023-01-22,55,50.0
6658,QUILMES,2023,5,2023-01-29,56,16.0
6658,QUILMES,2023,6,2023-02-05,57,28.0
6658,QUILMES,2023,7,2023-02-12,58,40.0
6658,QUILMES,2023,8,2023-02-19,59,60.0
6658,QUILMES,2023,9,2023-02-26,60,73.0
6658,QUILMES,2023,10,2023-03-05,61,93.0
6658,QUILMES,2023,11,2023-03-12,62,144.0
6658,QUILMES,2023,12,2023-03-19,63,104.0
6658,QUILMES,2023,13,2023-03-26,64,147.0
6658,QUILMES,2023,14,2023-04-02,65,142.0
6658,QUILMES,2023,15,2023-04-09,66,214.0
6658,QUILMES,2023,16,2023-04-16,67,141.0
6658,QUILMES,2023,17,2023-04-23,68,91.0
6658,QUILMES,2023,18,2023-04-30,69,242.0
6658,QUILMES,2023,19,2023-05-07,70,321.0
6658,QUILMES,2023,20,2023-05-14,71,527.0
6658,QUILMES,2023,21,2023-05-21,72,349.0
6658,QUILMES,2023,22,2023-05-28,73,469.0
6658,QUILMES,2023,23,2023-06-04,74,450.0
6658,QUILMES,2023,24,2023-06-11,75,306.0
6658,QUILMES,2023,25,2023-06-18,76,241.0
6658,QUILMES,2023,26,2023-06-25,77,277.0
6658,QUILMES,2023,27,2023-07-02,78,254.0
6658,QUILMES,2023,28,2023-07-09,79,237.0
6658,QUILMES,2023,29,2023-07-16,80,176.0
6658,QUILMES,2023,30,2023-07-23,81,181.0
6658,QUILMES,2023,31,2023-07-30,82,121.0
6658,QUILMES,2023,32,2023-08-06,83,262.0
6658,QUILMES,2023,33,2023-08-13,84,130.0
6658,QUILMES,2023,34,2023-08-20,85,165.0
6658,QUILMES,2023,35,2023-08-27,86,163.0
6658,QUILMES,2023,36,2023-09-03,87,182.0
6658,QUILMES,2023,37,2023-09-10,88,108.0
6658,QUILMES,2023,38,2023-09-17,89,75.0
6658,QUILMES,2023,39,2023-09-24,90,118.0
6658,QUILMES,2023,40,2023-10-01,91,124.0
6658,QUILMES,2023,41,2023-10-08,92,119.0
6658,QUILMES,2023,42,2023-10-15,93,69.0
6658,QUILMES,2023,43,2023-10-22,94,51.0
6658,QUILMES,2023,44,2023-10-29,95,102.0
6658,QUILMES,2023,45,2023-11-05,96,87.0
6658,QUILMES,2023,46,2023-11-12,97,100.0
6658,QUILMES,2023,47,2023-11-19,98,91.0
6658,QUILMES,2023,48,2023-11-26,99,93.0
6658,QUILMES,2023,49,2023-12-03,100,83.0
6658,QUILMES,2023,50,2023-12-10,101,73.0
6658,QUILMES,2023,51,2023-12-17,102,66.0
6658,QUILMES,2023,52,2023-12-24,103,75.0
6658,QUILMES,2024,1,2023-12-31,104,42.0
6658,QUILMES,2024,2,2024-01-07,105,69.0
6658,QUILMES,2024,3,2024-01-14,106,96.0
6658,QUILMES,2024,4,2024-01-21,107,63.0
6658,QUILMES,2024,5,2024-01-28,108,48.0
6658,QUILMES,2024,6,2024-02-04,109,63.0
6658,QUILMES,2024,7,2024-02-11,110,94.0
6658,QUILMES,2024,8,2024-02-18,111,86.0
6658,QUILMES,2024,9,2024-02-25,112,72.0
6658,QUILMES,2024,10,2024-03-03,113,107.0
6658,QUILMES,2024,11,2024-03-10,114,152.0
6658,QUILMES,2024,12,2024-03-17,115,101.0
6658,QUILMES,2024,13,2024-03-24,116,173.0
6658,QUILMES,2024,14,2024-03-31,117,106.0
6658,QUILMES,2024,15,2024-04-07,118,118.0
6658,QUILMES,2024,16,2024-04-14,119,79.0
6658,QUILMES,2024,17,2024-04-21,120,138.0
6658,QUILMES,2024,18,2024-04-28,121,111.0
6658,QUILMES,2024,19,2024-05-05,122,153.0
6658,QUILMES,2024,20,2024-05-12,123,176.0
6658,QUILMES,2024,21,2024-05-19,124,281.0
6658,QUILMES,2024,22,2024-05-26,125,283.0
6658,QUILMES,2024,23,2024-06-02,126,210.0
6658,QUILMES,2024,24,2024-06-09,127,157.0
6658,QUILMES,2024,25,2024-06-16,128,95.0
6658,QUILMES,2024,26,2024-06-23,129,149.0
6658,QUILMES,2024,27,2024-06-30,130,136.0
6658,QUILMES,2024,28,2024-07-07,131,90.0
6658,QUILMES,2024,29,2024-07-14,132,125.0
6658,QUILMES,2024,30,2024-07-21,133,115.0
6658,QUILMES,2024,31,2024-07-28,134,87.0
6658,QUILMES,2024,32,2024-08-04,135,103.0
6658,QUILMES,2024,33,2024-08-11,136,126.0
6658,QUILMES,2024,34,2024-08-18,137,98.0
6658,QUILMES,2024,35,2024-08-25,138,154.0
6658,QUILMES,2024,36,2024-09-01,139,151.0
6658,QUILMES,2024,37,2024-09-08,140,149.0
6658,QUILMES,2024,38,2024-09-15,141,110.0
6658,QUILMES,2024,39,2024-09-22,142,118.0
6658,QUILMES,2024,40,2024-09-29,143,57.0
6658,QUILMES,2024,41,2024-10-06,144,76.0
6658,QUILMES,2024,42,2024-10-13,145,94.0
6658,QUILMES,2024,43,2024-10-20,146,53.0
6658,QUILMES,2024,44,2024-10-27,147,40.0
6658,QUILMES,2024,45,2024-11-03,148,76.0
6658,QUILMES,2024,46,2024-11-10,149,59.0
6658,QUILMES,2024,47,2024-11-17,150,85.0
6658,QUILMES,2024,48,2024-11-24,151,95.0
6658,QUILMES,2024,49,2024-12-01,152,95.0
6658,QUILMES,2024,50,2024-12-08,153,75.0
6658,QUILMES,2024,51,2024-12-15,154,77.0
6658,QUILMES,2024,52,2024-12-22,155,40.0
6658,QUILMES,2025,1,2024-12-29,156,62.0
6658,QUILMES,2025,2,2025-01-05,157,66.0
6658,QUILMES,2025,3,2025-01-12,158,56.0
6658,QUILMES,2025,4,2025-01-19,159,62.0
6658,QUILMES,2025,5,2025-01-26,160,73.0
6658,QUILMES,2025,6,2025-02-02,161,61.0
6658,QUILMES,2025,7,2025-02-09,162,80.0
6658,QUILMES,2025,8,2025-02-16,163,62.0
6658,QUILMES,2025,9,2025-02-23,164,53.0
6658,QUILMES,2025,10,2025-03-02,165,70.0
6658,QUILMES,2025,11,2025-03-09,166,220.0
6658,QUILMES,2025,12,2025-03-16,167,173.0
6658,QUILMES,2025,13,2025-03-23,168,188.0
6658,QUILMES,2025,14,2025-03-30,169,177.0
6658,QUILMES,2025,15,2025-04-06,170,153.0
6658,QUILMES,2025,16,2025-04-13,171,218.0
6658,QUILMES,2025,17,2025-04-20,172,182.0
6658,QUILMES,2025,18,2025-04-27,173,134.0
6658,QUILMES,2025,19,2025-05-04,174,185.0
6658,QUILMES,2025,20,2025-05-11,175,193.0
6658,QUILMES,2025,21,2025-05-18,176,189.0
6658,QUILMES,2025,22,2025-05-25,177,235.0
6658,QUILMES,2025,23,2025-06-01,178,238.0
6658,QUILMES,2025,24,2025-06-08,179,251.0
6658,QUILMES,2025,25,2025-06-15,180,212.0
6658,QUILMES,2025,26,2025-06-22,181,233.0
6658,QUILMES,2025,27,2025-06-29,182,196.0
6658,QUILMES,2025,28,2025-07-06,183,194.0
6658,QUILMES,2025,29,2025-07-13,184,197.0
6658,QUILMES,2025,30,2025-07-20,185,184.0
6658,QUILMES,2025,31,2025-07-27,186,172.0
6658,QUILMES,2025,32,2025-08-03,187,120.0
6658,QUILMES,2025,33,2025-08-10,188,171.0
6658,QUILMES,2025,34,2025-08-17,189,135.0
6658,QUILMES,2025,35,2025-08-24,190,132.0
6658,QUILMES,2025,36,2025-08-31,191,145.0
6658,QUILMES,2025,37,2025-09-07,192,144.0
6658,QUILMES,2025,38,2025-09-14,193,130.0
6658,QUILMES,2025,39,2025-09-21,194,100.0
6658,QUILMES,2025,40,2025-09-28,195,178.0
6658,QUILMES,2025,41,2025-10-05,196,172.0
6658,QUILMES,2025,42,2025-10-12,197,118.0
6658,QUILMES,2025,43,2025-10-19,198,96.0
6658,QUILMES,2025,44,2025-10-26,199,106.0
6658,QUILMES,2025,45,2025-11-02,200,76.0
6658,QUILMES,2025,46,2025-11-09,201,69.0
6658,QUILMES,2025,47,2025-11-16,202,48.0
6658,QUILMES,2025,48,2025-11-23,203,67.0
6658,QUILMES,2025,49,2025-11-30,204,59.0
6658,QUILMES,2025,50,2025-12-07,205,43.0
6658,QUILMES,2025,51,2025-12-14,206,31.0
6658,QUILMES,2025,52,2025-12-21,207,23.0
6658,QUILMES,2025,53,2025-12-28,208,15.0
6658,QUILMES,2026,1,2026-01-04,209,56.0
6658,QUILMES,2026,2,2026-01-11,210,44.0
6658,QUILMES,2026,3,2026-01-18,211,30.0
6658,QUILMES,2026,4,2026-01-25,212,49.0
6658,QUILMES,2026,5,2026-02-01,213,29.0
6658,QUILMES,2026,6,2026-02-08,214,35.0
6658,QUILMES,2026,7,2026-02-15,215,49.0
6658,QUILMES,2026,8,2026-02-22,216,30.0
6658,QUILMES,2026,9,2026-03-01,217,0.0
6749,SAN FERNANDO,2022,1,2022-01-02,0,
6749,SAN FERNANDO,2022,2,2022-01-09,1,
6749,SAN FERNANDO,2022,3,2022-01-16,2,
6749,SAN FERNANDO,2022,4,2022-01-23,3,
6749,SAN FERNANDO,2022,5,2022-01-30,4,
6749,SAN FERNANDO,2022,6,2022-02-06,5,
6749,SAN FERNANDO,2022,7,2022-02-13,6,
6749,SAN FERNANDO,2022,8,2022-02-20,7,
6749,SAN FERNANDO,2022,9,2022-02-27,8,
6749,SAN FERNANDO,2022,10,2022-03-06,9,
6749,SAN FERNANDO,2022,11,2022-03-13,10,
6749,SAN FERNANDO,2022,12,2022-03-20,11,
6749,SAN FERNANDO,2022,13,2022-03-27,12,
6749,SAN FERNANDO,2022,14,2022-04-03,13,
6749,SAN FERNANDO,2022,15,2022-04-10,14,
6749,SAN FERNANDO,2022,16,2022-04-17,15,
6749,SAN FERNANDO,2022,17,2022-04-24,16,
6749,SAN FERNANDO,2022,18,2022-05-01,17,
6749,SAN FERNANDO,2022,19,2022-05-08,18,
6749,SAN FERNANDO,2022,20,2022-05-15,19,
6749,SAN FERNANDO,2022,21,2022-05-22,20,
6749,SAN FERNANDO,2022,22,2022-05-29,21,34.0
6749,SAN FERNANDO,2022,23,2022-06-05,22,35.0
6749,SAN FERNANDO,2022,24,2022-06-12,23,15.0
6749,SAN FERNANDO,2022,25,2022-06-19,24,38.0
6749,SAN FERNANDO,2022,26,2022-06-26,25,37.0
6749,SAN FERNANDO,2022,27,2022-07-03,26,27.0
6749,SAN FERNANDO,2022,28,2022-07-10,27,58.0
6749,SAN FERNANDO,2022,29,2022-07-17,28,33.0
6749,SAN FERNANDO,2022,30,2022-07-24,29,35.0
6749,SAN FERNANDO,2022,31,2022-07-31,30,27.0
6749,SAN FERNANDO,2022,32,2022-08-07,31,21.0
6749,SAN FERNANDO,2022,33,2022-08-14,32,80.0
6749,SAN FERNANDO,2022,34,2022-08-21,33,114.0
6749,SAN FERNANDO,2022,35,2022-08-28,34,19.0
6749,SAN FERNANDO,2022,36,2022-09-04,35,16.0
6749,SAN FERNANDO,2022,37,2022-09-11,36,35.0
6749,SAN FERNANDO,2022,38,2022-09-18,37,18.0
6749,SAN FERNANDO,2022,39,2022-09-25,38,28.0
6749,SAN FERNANDO,2022,40,2022-10-02,39,16.0
6749,SAN FERNANDO,2022,41,2022-10-09,40,16.0
6749,SAN FERNANDO,2022,42,2022-10-16,41,39.0
6749,SAN FERNANDO,2022,43,2022-10-23,42,43.0
6749,SAN FERNANDO,2022,44,2022-10-30,43,27.0
6749,SAN FERNANDO,2022,45,2022-11-06,44,
6749,SAN FERNANDO,2022,46,2022-11-13,45,
6749,SAN FERNANDO,2022,47,2022-11-20,46,
6749,SAN FERNANDO,2022,48,2022-11-27,47,
6749,SAN FERNANDO,2022,49,2022-12-04,48,
6749,SAN FERNANDO,2022,50,2022-12-11,49,
6749,SAN FERNANDO,2022,51,2022-12-18,50,
6749,SAN FERNANDO,2022,52,2022-12-25,51,
6749,SAN FERNANDO,2023,1,2023-01-01,52,5.0
6749,SAN FERNANDO,2023,2,2023-01-08,53,2.0
6749,SAN FERNANDO,2023,3,2023-01-15,54,2.0
6749,SAN FERNANDO,2023,4,2023-01-22,55,3.0
6749,SAN FERNANDO,2023,5,2023-01-29,56,0.0
6749,SAN FERNANDO,2023,6,2023-02-05,57,2.0
6749,SAN FERNANDO,2023,7,2023-02-12,58,2.0
6749,SAN FERNANDO,2023,8,2023-02-19,59,3.0
6749,SAN FERNANDO,2023,9,2023-02-26,60,4.0
6749,SAN FERNANDO,2023,10,2023-03-05,61,8.0
6749,SAN FERNANDO,2023,11,2023-03-12,62,9.0
6749,SAN FERNANDO,2023,12,2023-03-19,63,6.0
6749,SAN FERNANDO,2023,13,2023-03-26,64,7.0
6749,SAN FERNANDO,2023,14,2023-04-02,65,19.0
6749,SAN FERNANDO,2023,15,2023-04-09,66,21.0
6749,SAN FERNANDO,2023,16,2023-04-16,67,73.0
6749,SAN FERNANDO,2023,17,2023-04-23,68,116.0
6749,SAN FERNANDO,2023,18,2023-04-30,69,32.0
6749,SAN FERNANDO,2023,19,2023-05-07,70,155.0
6749,SAN FERNANDO,2023,20,2023-05-14,71,298.0
6749,SAN FERNANDO,2023,21,2023-05-21,72,270.0
6749,SAN FERNANDO,2023,22,2023-05-28,73,202.0
6749,SAN FERNANDO,2023,23,2023-06-04,74,289.0
6749,SAN FERNANDO,2023,24,2023-06-11,75,219.0
6749,SAN FERNANDO,2023,25,2023-06-18,76,220.0
6749,SAN FERNANDO,2023,26,2023-06-25,77,156.0
6749,SAN FERNANDO,2023,27,2023-07-02,78,116.0
6749,SAN FERNANDO,2023,28,2023-07-09,79,125.0
6749,SAN FERNANDO,2023,29,2023-07-16,80,209.0
6749,SAN FERNANDO,2023,30,2023-07-23,81,158.0
6749,SAN FERNANDO,2023,31,2023-07-30,82,91.0
6749,SAN FERNANDO,2023,32,2023-08-06,83,149.0
6749,SAN FERNANDO,2023,33,2023-08-13,84,125.0
6749,SAN FERNANDO,2023,34,2023-08-20,85,131.0
6749,SAN FERNANDO,2023,35,2023-08-27,86,187.0
6749,SAN FERNANDO,2023,36,2023-09-03,87,187.0
6749,SAN FERNANDO,2023,37,2023-09-10,88,143.0
6749,SAN FERNANDO,2023,38,2023-09-17,89,128.0
6749,SAN FERNANDO,2023,39,2023-09-24,90,112.0
6749,SAN FERNANDO,2023,40,2023-10-01,91,98.0
6749,SAN FERNANDO,2023,41,2023-10-08,92,142.0
6749,SAN FERNANDO,2023,42,2023-10-15,93,154.0
6749,SAN FERNANDO,2023,43,2023-10-22,94,95.0
6749,SAN FERNANDO,2023,44,2023-10-29,95,83.0
6749,SAN FERNANDO,2023,45,2023-11-05,96,113.0
6749,SAN FERNANDO,2023,46,2023-11-12,97,66.0
6749,SAN FERNANDO,2023,47,2023-11-19,98,75.0
6749,SAN FERNANDO,2023,48,2023-11-26,99,63.0
6749,SAN FERNANDO,2023,49,2023-12-03,100,53.0
6749,SAN FERNANDO,2023,50,2023-12-10,101,60.0
6749,SAN FERNANDO,2023,51,2023-12-17,102,48.0
6749,SAN FERNANDO,2023,52,2023-12-24,103,30.0
6749,SAN FERNANDO,2024,1,2023-12-31,104,70.0
6749,SAN FERNANDO,2024,2,2024-01-07,105,64.0
6749,SAN FERNANDO,2024,3,2024-01-14,106,89.0
6749,SAN FERNANDO,2024,4,2024-01-21,107,87.0
6749,SAN FERNANDO,2024,5,2024-01-28,108,35.0
6749,SAN FERNANDO,2024,6,2024-02-04,109,30.0
6749,SAN FERNANDO,2024,7,2024-02-11,110,27.0
6749,SAN FERNANDO,2024,8,2024-02-18,111,21.0
6749,SAN FERNANDO,2024,9,2024-02-25,112,36.0
6749,SAN FERNANDO,2024,10,2024-03-03,113,97.0
6749,SAN FERNANDO,2024,11,2024-03-10,114,82.0
6749,SAN FERNANDO,2024,12,2024-03-17,115,69.0
6749,SAN FERNANDO,2024,13,2024-03-24,116,51.0
6749,SAN FERNANDO,2024,14,2024-03-31,117,94.0
6749,SAN FERNANDO,2024,15,2024-04-07,118,64.0
6749,SAN FERNANDO,2024,16,2024-04-14,119,78.0
6749,SAN FERNANDO,2024,17,2024-04-21,120,125.0
6749,SAN FERNANDO,2024,18,2024-04-28,121,147.0
6749,SAN FERNANDO,2024,19,2024-05-05,122,51.0
6749,SAN FERNANDO,2024,20,2024-05-12,123,125.0
6749,SAN FERNANDO,2024,21,2024-05-19,124,137.0
6749,SAN FERNANDO,2024,22,2024-05-26,125,273.0
6749,SAN FERNANDO,2024,23,2024-06-02,126,375.0
6749,SAN FERNANDO,2024,24,2024-06-09,127,335.0
6749,SAN FERNANDO,2024,25,2024-06-16,128,242.0
6749,SAN FERNANDO,2024,26,2024-06-23,129,166.0
6749,SAN FERNANDO,2024,27,2024-06-30,130,173.0
6749,SAN FERNANDO,2024,28,2024-07-07,131,210.0
6749,SAN FERNANDO,2024,29,2024-07-14,132,189.0
6749,SAN FERNANDO,2024,30,2024-07-21,133,203.0
6749,SAN FERNANDO,2024,31,2024-07-28,134,153.0
6749,SAN FERNANDO,2024,32,2024-08-04,135,119.0
6749,SAN FERNANDO,2024,33,2024-08-11,136,134.0
6749,SAN FERNANDO,2024,34,2024-08-18,137,154.0
6749,SAN FERNANDO,2024,35,2024-08-25,138,155.0
6749,SAN FERNANDO,2024,36,2024-09-01,139,184.0
6749,SAN FERNANDO,2024,37,2024-09-08,140,148.0
6749,SAN FERNANDO,2024,38,2024-09-15,141,135.0
6749,SAN FERNANDO,2024,39,2024-09-22,142,80.0
6749,SAN FERNANDO,2024,40,2024-09-29,143,165.0
6749,SAN FERNANDO,2024,41,2024-10-06,144,153.0
6749,SAN FERNANDO,2024,42,2024-10-13,145,114.0
6749,SAN FERNANDO,2024,43,2024-10-20,146,94.0
6749,SAN FERNANDO,2024,44,2024-10-27,147,70.0
6749,SAN FERNANDO,2024,45,2024-11-03,148,40.0
6749,SAN FERNANDO,2024,46,2024-11-10,149,29.0
6749,SAN FERNANDO,2024,47,2024-11-17,150,54.0
6749,SAN FERNANDO,2024,48,2024-11-24,151,45.0
6749,SAN FERNANDO,2024,49,2024-12-01,152,32.0
6749,SAN FERNANDO,2024,50,2024-12-08,153,24.0
6749,SAN FERNANDO,2024,51,2024-12-15,154,19.0
6749,SAN FERNANDO,2024,52,2024-12-22,155,23.0
6749,SAN FERNANDO,2025,1,2024-12-29,156,16.0
6749,SAN FERNANDO,2025,2,2025-01-05,157,41.0
6749,SAN FERNANDO,2025,3,2025-01-12,158,46.0
6749,SAN FERNANDO,2025,4,2025-01-19,159,50.0
6749,SAN FERNANDO,2025,5,2025-01-26,160,33.0
6749,SAN FERNANDO,2025,6,2025-02-02,161,51.0
6749,SAN FERNANDO,2025,7,2025-02-09,162,39.0
6749,SAN FERNANDO,2025,8,2025-02-16,163,52.0
6749,SAN FERNANDO,2025,9,2025-02-23,164,64.0
6749,SAN FERNANDO,2025,10,2025-03-02,165,48.0
6749,SAN FERNANDO,2025,11,2025-03-09,166,85.0
6749,SAN FERNANDO,2025,12,2025-03-16,167,88.0
6749,SAN FERNANDO,2025,13,2025-03-23,168,135.0
6749,SAN FERNANDO,2025,14,2025-03-30,169,99.0
6749,SAN FERNANDO,2025,15,2025-04-06,170,122.0
6749,SAN FERNANDO,2025,16,2025-04-13,171,118.0
6749,SAN FERNANDO,2025,17,2025-04-20,172,129.0
6749,SAN FERNANDO,2025,18,2025-04-27,173,132.0
6749,SAN FERNANDO,2025,19,2025-05-04,174,111.0
6749,SAN FERNANDO,2025,20,2025-05-11,175,134.0
6749,SAN FERNANDO,2025,21,2025-05-18,176,186.0
6749,SAN FERNANDO,2025,22,2025-05-25,177,187.0
6749,SAN FERNANDO,2025,23,2025-06-01,178,236.0
6749,SAN FERNANDO,2025,24,2025-06-08,179,298.0
6749,SAN FERNANDO,2025,25,2025-06-15,180,311.0
6749,SAN FERNANDO,2025,26,2025-06-22,181,369.0
6749,SAN FERNANDO,2025,27,2025-06-29,182,345.0
6749,SAN FERNANDO,2025,28,2025-07-06,183,192.0
6749,SAN FERNANDO,2025,29,2025-07-13,184,129.0
6749,SAN FERNANDO,2025,30,2025-07-20,185,137.0
6749,SAN FERNANDO,2025,31,2025-07-27,186,105.0
6749,SAN FERNANDO,2025,32,2025-08-03,187,125.0
6749,SAN FERNANDO,2025,33,2025-08-10,188,119.0
6749,SAN FERNANDO,2025,34,2025-08-17,189,134.0
6749,SAN FERNANDO,2025,35,2025-08-24,190,136.0
6749,SAN FERNANDO,2025,36,2025-08-31,191,106.0
6749,SAN FERNANDO,2025,37,2025-09-07,192,128.0
6749,SAN FERNANDO,2025,38,2025-09-14,193,84.0
6749,SAN FERNANDO,2025,39,2025-09-21,194,112.0
6749,SAN FERNANDO,2025,40,2025-09-28,195,66.0
6749,SAN FERNANDO,2025,41,2025-10-05,196,41.0
6749,SAN FERNANDO,2025,42,2025-10-12,197,36.0
6749,SAN FERNANDO,2025,43,2025-10-19,198,33.0
6749,SAN FERNANDO,2025,44,2025-10-26,199,29.0
6749,SAN FERNANDO,2025,45,2025-11-02,200,26.0
6749,SAN FERNANDO,2025,46,2025-11-09,201,34.0
6749,SAN FERNANDO,2025,47,2025-11-16,202,27.0
6749,SAN FERNANDO,2025,48,2025-11-23,203,16.0
6749,SAN FERNANDO,2025,49,2025-11-30,204,12.0
6749,SAN FERNANDO,2025,50,2025-12-07,205,30.0
6749,SAN FERNANDO,2025,51,2025-12-14,206,11.0
6749,SAN FERNANDO,2025,52,2025-12-21,207,16.0
6749,SAN FERNANDO,2025,53,2025-12-28,208,25.0
6749,SAN FERNANDO,2026,1,2026-01-04,209,33.0
6749,SAN FERNANDO,2026,2,2026-01-11,210,30.0
6749,SAN FERNANDO,2026,3,2026-01-18,211,45.0
6749,SAN FERNANDO,2026,4,2026-01-25,212,
6749,SAN FERNANDO,2026,5,2026-02-01,213,
6749,SAN FERNANDO,2026,6,2026-02-08,214,
6749,SAN FERNANDO,2026,7,2026-02-15,215,
6749,SAN FERNANDO,2026,8,2026-02-22,216,
6749,SAN FERNANDO,2026,9,2026-03-01,217,
6756,SAN ISIDRO,2022,1,2022-01-02,0,30.0
6756,SAN ISIDRO,2022,2,2022-01-09,1,128.0
6756,SAN ISIDRO,2022,3,2022-01-16,2,132.0
6756,SAN ISIDRO,2022,4,2022-01-23,3,103.0
6756,SAN ISIDRO,2022,5,2022-01-30,4,135.0
6756,SAN ISIDRO,2022,6,2022-02-06,5,131.0
6756,SAN ISIDRO,2022,7,2022-02-13,6,66.0
6756,SAN ISIDRO,2022,8,2022-02-20,7,130.0
6756,SAN ISIDRO,2022,9,2022-02-27,8,74.0
6756,SAN ISIDRO,2022,10,2022-03-06,9,99.0
6756,SAN ISIDRO,2022,11,2022-03-13,10,89.0
6756,SAN ISIDRO,2022,12,2022-03-20,11,84.0
6756,SAN ISIDRO,2022,13,2022-03-27,12,192.0
6756,SAN ISIDRO,2022,14,2022-04-03,13,92.0
6756,SAN ISIDRO,2022,15,2022-04-10,14,105.0
6756,SAN ISIDRO,2022,16,2022-04-17,15,78.0
6756,SAN ISIDRO,2022,17,2022-04-24,16,75.0
6756,SAN ISIDRO,2022,18,2022-05-01,17,28.0
6756,SAN ISIDRO,2022,19,2022-05-08,18,40.0
6756,SAN ISIDRO,2022,20,2022-05-15,19,24.0
6756,SAN ISIDRO,2022,21,2022-05-22,20,34.0
6756,SAN ISIDRO,2022,22,2022-05-29,21,8.0
6756,SAN ISIDRO,2022,23,2022-06-05,22,27.0
6756,SAN ISIDRO,2022,24,2022-06-12,23,35.0
6756,SAN ISIDRO,2022,25,2022-06-19,24,39.0
6756,SAN ISIDRO,2022,26,2022-06-26,25,46.0
6756,SAN ISIDRO,2022,27,2022-07-03,26,49.0
6756,SAN ISIDRO,2022,28,2022-07-10,27,60.0
6756,SAN ISIDRO,2022,29,2022-07-17,28,15.0
6756,SAN ISIDRO,2022,30,2022-07-24,29,45.0
6756,SAN ISIDRO,2022,31,2022-07-31,30,57.0
6756,SAN ISIDRO,2022,32,2022-08-07,31,46.0
6756,SAN ISIDRO,2022,33,2022-08-14,32,57.0
6756,SAN ISIDRO,2022,34,2022-08-21,33,42.0
6756,SAN ISIDRO,2022,35,2022-08-28,34,35.0
6756,SAN ISIDRO,2022,36,2022-09-04,35,43.0
6756,SAN ISIDRO,2022,37,2022-09-11,36,75.0
6756,SAN ISIDRO,2022,38,2022-09-18,37,79.0
6756,SAN ISIDRO,2022,39,2022-09-25,38,106.0
6756,SAN ISIDRO,2022,40,2022-10-02,39,99.0
6756,SAN ISIDRO,2022,41,2022-10-09,40,111.0
6756,SAN ISIDRO,2022,42,2022-10-16,41,115.0
6756,SAN ISIDRO,2022,43,2022-10-23,42,61.0
6756,SAN ISIDRO,2022,44,2022-10-30,43,103.0
6756,SAN ISIDRO,2022,45,2022-11-06,44,31.0
6756,SAN ISIDRO,2022,46,2022-11-13,45,37.0
6756,SAN ISIDRO,2022,47,2022-11-20,46,12.0
6756,SAN ISIDRO,2022,48,2022-11-27,47,80.0
6756,SAN ISIDRO,2022,49,2022-12-04,48,51.0
6756,SAN ISIDRO,2022,50,2022-12-11,49,46.0
6756,SAN ISIDRO,2022,51,2022-12-18,50,31.0
6756,SAN ISIDRO,2022,52,2022-12-25,51,34.0
6756,SAN ISIDRO,2023,1,2023-01-01,52,60.0
6756,SAN ISIDRO,2023,2,2023-01-08,53,55.0
6756,SAN ISIDRO,2023,3,2023-01-15,54,59.0
6756,SAN ISIDRO,2023,4,2023-01-22,55,51.0
6756,SAN ISIDRO,2023,5,2023-01-29,56,51.0
6756,SAN ISIDRO,2023,6,2023-02-05,57,58.0
6756,SAN ISIDRO,2023,7,2023-02-12,58,57.0
6756,SAN ISIDRO,2023,8,2023-02-19,59,76.0
6756,SAN ISIDRO,2023,9,2023-02-26,60,62.0
6756,SAN ISIDRO,2023,10,2023-03-05,61,64.0
6756,SAN ISIDRO,2023,11,2023-03-12,62,21.0
6756,SAN ISIDRO,2023,12,2023-03-19,63,60.0
6756,SAN ISIDRO,2023,13,2023-03-26,64,56.0
6756,SAN ISIDRO,2023,14,2023-04-02,65,61.0
6756,SAN ISIDRO,2023,15,2023-04-09,66,82.0
6756,SAN ISIDRO,2023,16,2023-04-16,67,33.0
6756,SAN ISIDRO,2023,17,2023-04-23,68,157.0
6756,SAN ISIDRO,2023,18,2023-04-30,69,87.0
6756,SAN ISIDRO,2023,19,2023-05-07,70,118.0
6756,SAN ISIDRO,2023,20,2023-05-14,71,102.0
6756,SAN ISIDRO,2023,21,2023-05-21,72,143.0
6756,SAN ISIDRO,2023,22,2023-05-28,73,118.0
6756,SAN ISIDRO,2023,23,2023-06-04,74,160.0
6756,SAN ISIDRO,2023,24,2023-06-11,75,57.0
6756,SAN ISIDRO,2023,25,2023-06-18,76,94.0
6756,SAN ISIDRO,2023,26,2023-06-25,77,88.0
6756,SAN ISIDRO,2023,27,2023-07-02,78,103.0
6756,SAN ISIDRO,2023,28,2023-07-09,79,77.0
6756,SAN ISIDRO,2023,29,2023-07-16,80,61.0
6756,SAN ISIDRO,2023,30,2023-07-23,81,58.0
6756,SAN ISIDRO,2023,31,2023-07-30,82,75.0
6756,SAN ISIDRO,2023,32,2023-08-06,83,49.0
6756,SAN ISIDRO,2023,33,2023-08-13,84,61.0
6756,SAN ISIDRO,2023,34,2023-08-20,85,65.0
6756,SAN ISIDRO,2023,35,2023-08-27,86,27.0
6756,SAN ISIDRO,2023,36,2023-09-03,87,83.0
6756,SAN ISIDRO,2023,37,2023-09-10,88,49.0
6756,SAN ISIDRO,2023,38,2023-09-17,89,72.0
6756,SAN ISIDRO,2023,39,2023-09-24,90,48.0
6756,SAN ISIDRO,2023,40,2023-10-01,91,0.0
6756,SAN ISIDRO,2023,41,2023-10-08,92,23.0
6756,SAN ISIDRO,2023,42,2023-10-15,93,0.0
6756,SAN ISIDRO,2023,43,2023-10-22,94,0.0
6756,SAN ISIDRO,2023,44,2023-10-29,95,12.0
6756,SAN ISIDRO,2023,45,2023-11-05,96,0.0
6756,SAN ISIDRO,2023,46,2023-11-12,97,0.0
6756,SAN ISIDRO,2023,47,2023-11-19,98,5.0
6756,SAN ISIDRO,2023,48,2023-11-26,99,2.0
6756,SAN ISIDRO,2023,49,2023-12-03,100,2.0
6756,SAN ISIDRO,2023,50,2023-12-10,101,8.0
6756,SAN ISIDRO,2023,51,2023-12-17,102,0.0
6756,SAN ISIDRO,2023,52,2023-12-24,103,0.0
6756,SAN ISIDRO,2024,1,2023-12-31,104,40.0
6756,SAN ISIDRO,2024,2,2024-01-07,105,15.0
6756,SAN ISIDRO,2024,3,2024-01-14,106,18.0
6756,SAN ISIDRO,2024,4,2024-01-21,107,91.0
6756,SAN ISIDRO,2024,5,2024-01-28,108,96.0
6756,SAN ISIDRO,2024,6,2024-02-04,109,77.0
6756,SAN ISIDRO,2024,7,2024-02-11,110,101.0
6756,SAN ISIDRO,2024,8,2024-02-18,111,76.0
6756,SAN ISIDRO,2024,9,2024-02-25,112,73.0
6756,SAN ISIDRO,2024,10,2024-03-03,113,80.0
6756,SAN ISIDRO,2024,11,2024-03-10,114,66.0
6756,SAN ISIDRO,2024,12,2024-03-17,115,1.0
6756,SAN ISIDRO,2024,13,2024-03-24,116,91.0
6756,SAN ISIDRO,2024,14,2024-03-31,117,58.0
6756,SAN ISIDRO,2024,15,2024-04-07,118,26.0
6756,SAN ISIDRO,2024,16,2024-04-14,119,1.0
6756,SAN ISIDRO,2024,17,2024-04-21,120,5.0
6756,SAN ISIDRO,2024,18,2024-04-28,121,0.0
6756,SAN ISIDRO,2024,19,2024-05-05,122,0.0
6756,SAN ISIDRO,2024,20,2024-05-12,123,3.0
6756,SAN ISIDRO,2024,21,2024-05-19,124,3.0
6756,SAN ISIDRO,2024,22,2024-05-26,125,4.0
6756,SAN ISIDRO,2024,23,2024-06-02,126,6.0
6756,SAN ISIDRO,2024,24,2024-06-09,127,7.0
6756,SAN ISIDRO,2024,25,2024-06-16,128,6.0
6756,SAN ISIDRO,2024,26,2024-06-23,129,6.0
6756,SAN ISIDRO,2024,27,2024-06-30,130,14.0
6756,SAN ISIDRO,2024,28,2024-07-07,131,14.0
6756,SAN ISIDRO,2024,29,2024-07-14,132,9.0
6756,SAN ISIDRO,2024,30,2024-07-21,133,4.0
6756,SAN ISIDRO,2024,31,2024-07-28,134,6.0
6756,SAN ISIDRO,2024,32,2024-08-04,135,0.0
6756,SAN ISIDRO,2024,33,2024-08-11,136,5.0
6756,SAN ISIDRO,2024,34,2024-08-18,137,10.0
6756,SAN ISIDRO,2024,35,2024-08-25,138,5.0
6756,SAN ISIDRO,2024,36,2024-09-01,139,4.0
6756,SAN ISIDRO,2024,37,2024-09-08,140,2.0
6756,SAN ISIDRO,2024,38,2024-09-15,141,4.0
6756,SAN ISIDRO,2024,39,2024-09-22,142,7.0
6756,SAN ISIDRO,2024,40,2024-09-29,143,8.0
6756,SAN ISIDRO,2024,41,2024-10-06,144,6.0
6756,SAN ISIDRO,2024,42,2024-10-13,145,3.0
6756,SAN ISIDRO,2024,43,2024-10-20,146,8.0
6756,SAN ISIDRO,2024,44,2024-10-27,147,1.0
6756,SAN ISIDRO,2024,45,2024-11-03,148,4.0
6756,SAN ISIDRO,2024,46,2024-11-10,149,3.0
6756,SAN ISIDRO,2024,47,2024-11-17,150,4.0
6756,SAN ISIDRO,2024,48,2024-11-24,151,7.0
6756,SAN ISIDRO,2024,49,2024-12-01,152,11.0
6756,SAN ISIDRO,2024,50,2024-12-08,153,5.0
6756,SAN ISIDRO,2024,51,2024-12-15,154,27.0
6756,SAN ISIDRO,2024,52,2024-12-22,155,2.0
6756,SAN ISIDRO,2025,1,2024-12-29,156,13.0
6756,SAN ISIDRO,2025,2,2025-01-05,157,4.0
6756,SAN ISIDRO,2025,3,2025-01-12,158,5.0
6756,SAN ISIDRO,2025,4,2025-01-19,159,5.0
6756,SAN ISIDRO,2025,5,2025-01-26,160,1.0
6756,SAN ISIDRO,2025,6,2025-02-02,161,0.0
6756,SAN ISIDRO,2025,7,2025-02-09,162,30.0
6756,SAN ISIDRO,2025,8,2025-02-16,163,34.0
6756,SAN ISIDRO,2025,9,2025-02-23,164,30.0
6756,SAN ISIDRO,2025,10,2025-03-02,165,42.0
6756,SAN ISIDRO,2025,11,2025-03-09,166,49.0
6756,SAN ISIDRO,2025,12,2025-03-16,167,72.0
6756,SAN ISIDRO,2025,13,2025-03-23,168,81.0
6756,SAN ISIDRO,2025,14,2025-03-30,169,89.0
6756,SAN ISIDRO,2025,15,2025-04-06,170,2.0
6756,SAN ISIDRO,2025,16,2025-04-13,171,0.0
6756,SAN ISIDRO,2025,17,2025-04-20,172,1.0
6756,SAN ISIDRO,2025,18,2025-04-27,173,1.0
6756,SAN ISIDRO,2025,19,2025-05-04,174,1.0
6756,SAN ISIDRO,2025,20,2025-05-11,175,0.0
6756,SAN ISIDRO,2025,21,2025-05-18,176,1.0
6756,SAN ISIDRO,2025,22,2025-05-25,177,1.0
6756,SAN ISIDRO,2025,23,2025-06-01,178,1.0
6756,SAN ISIDRO,2025,24,2025-06-08,179,11.0
6756,SAN ISIDRO,2025,25,2025-06-15,180,38.0
6756,SAN ISIDRO,2025,26,2025-06-22,181,9.0
6756,SAN ISIDRO,2025,27,2025-06-29,182,28.0
6756,SAN ISIDRO,2025,28,2025-07-06,183,14.0
6756,SAN ISIDRO,2025,29,2025-07-13,184,8.0
6756,SAN ISIDRO,2025,30,2025-07-20,185,28.0
6756,SAN ISIDRO,2025,31,2025-07-27,186,18.0
6756,SAN ISIDRO,2025,32,2025-08-03,187,0.0
6756,SAN ISIDRO,2025,33,2025-08-10,188,3.0
6756,SAN ISIDRO,2025,34,2025-08-17,189,10.0
6756,SAN ISIDRO,2025,35,2025-08-24,190,0.0
6756,SAN ISIDRO,2025,36,2025-08-31,191,9.0
6756,SAN ISIDRO,2025,37,2025-09-07,192,12.0
6756,SAN ISIDRO,2025,38,2025-09-14,193,11.0
6756,SAN ISIDRO,2025,39,2025-09-21,194,6.0
6756,SAN ISIDRO,2025,40,2025-09-28,195,4.0
6756,SAN ISIDRO,2025,41,2025-10-05,196,1.0
6756,SAN ISIDRO,2025,42,2025-10-12,197,1.0
6756,SAN ISIDRO,2025,43,2025-10-19,198,
6756,SAN ISIDRO,2025,44,2025-10-26,199,
6756,SAN ISIDRO,2025,45,2025-11-02,200,
6756,SAN ISIDRO,2025,46,2025-11-09,201,
6756,SAN ISIDRO,2025,47,2025-11-16,202,
6756,SAN ISIDRO,2025,48,2025-11-23,203,
6756,SAN ISIDRO,2025,49,2025-11-30,204,
6756,SAN ISIDRO,2025,50,2025-12-07,205,
6756,SAN ISIDRO,2025,51,2025-12-14,206,
6756,SAN ISIDRO,2025,52,2025-12-21,207,
6756,SAN ISIDRO,2025,53,2025-12-28,208,4.0
6756,SAN ISIDRO,2026,1,2026-01-04,209,4.0
6756,SAN ISIDRO,2026,2,2026-01-11,210,
6756,SAN ISIDRO,2026,3,2026-01-18,211,
6756,SAN ISIDRO,2026,4,2026-01-25,212,
6756,SAN ISIDRO,2026,5,2026-02-01,213,
6756,SAN ISIDRO,2026,6,2026-02-08,214,
6756,SAN ISIDRO,2026,7,2026-02-15,215,
6756,SAN ISIDRO,2026,8,2026-02-22,216,
6756,SAN ISIDRO,2026,9,2026-03-01,217,
6760,SAN MIGUEL,2022,1,2022-01-02,0,79.0
6760,SAN MIGUEL,2022,2,2022-01-09,1,67.0
6760,SAN MIGUEL,2022,3,2022-01-16,2,71.0
6760,SAN MIGUEL,2022,4,2022-01-23,3,77.0
6760,SAN MIGUEL,2022,5,2022-01-30,4,62.0
6760,SAN MIGUEL,2022,6,2022-02-06,5,42.0
6760,SAN MIGUEL,2022,7,2022-02-13,6,62.0
6760,SAN MIGUEL,2022,8,2022-02-20,7,75.0
6760,SAN MIGUEL,2022,9,2022-02-27,8,63.0
6760,SAN MIGUEL,2022,10,2022-03-06,9,80.0
6760,SAN MIGUEL,2022,11,2022-03-13,10,98.0
6760,SAN MIGUEL,2022,12,2022-03-20,11,92.0
6760,SAN MIGUEL,2022,13,2022-03-27,12,105.0
6760,SAN MIGUEL,2022,14,2022-04-03,13,92.0
6760,SAN MIGUEL,2022,15,2022-04-10,14,96.0
6760,SAN MIGUEL,2022,16,2022-04-17,15,99.0
6760,SAN MIGUEL,2022,17,2022-04-24,16,86.0
6760,SAN MIGUEL,2022,18,2022-05-01,17,90.0
6760,SAN MIGUEL,2022,19,2022-05-08,18,136.0
6760,SAN MIGUEL,2022,20,2022-05-15,19,115.0
6760,SAN MIGUEL,2022,21,2022-05-22,20,129.0
6760,SAN MIGUEL,2022,22,2022-05-29,21,131.0
6760,SAN MIGUEL,2022,23,2022-06-05,22,91.0
6760,SAN MIGUEL,2022,24,2022-06-12,23,105.0
6760,SAN MIGUEL,2022,25,2022-06-19,24,87.0
6760,SAN MIGUEL,2022,26,2022-06-26,25,81.0
6760,SAN MIGUEL,2022,27,2022-07-03,26,72.0
6760,SAN MIGUEL,2022,28,2022-07-10,27,107.0
6760,SAN MIGUEL,2022,29,2022-07-17,28,103.0
6760,SAN MIGUEL,2022,30,2022-07-24,29,76.0
6760,SAN MIGUEL,2022,31,2022-07-31,30,66.0
6760,SAN MIGUEL,2022,32,2022-08-07,31,55.0
6760,SAN MIGUEL,2022,33,2022-08-14,32,53.0
6760,SAN MIGUEL,2022,34,2022-08-21,33,64.0
6760,SAN MIGUEL,2022,35,2022-08-28,34,52.0
6760,SAN MIGUEL,2022,36,2022-09-04,35,67.0
6760,SAN MIGUEL,2022,37,2022-09-11,36,54.0
6760,SAN MIGUEL,2022,38,2022-09-18,37,63.0
6760,SAN MIGUEL,2022,39,2022-09-25,38,54.0
6760,SAN MIGUEL,2022,40,2022-10-02,39,85.0
6760,SAN MIGUEL,2022,41,2022-10-09,40,76.0
6760,SAN MIGUEL,2022,42,2022-10-16,41,92.0
6760,SAN MIGUEL,2022,43,2022-10-23,42,94.0
6760,SAN MIGUEL,2022,44,2022-10-30,43,73.0
6760,SAN MIGUEL,2022,45,2022-11-06,44,87.0
6760,SAN MIGUEL,2022,46,2022-11-13,45,88.0
6760,SAN MIGUEL,2022,47,2022-11-20,46,89.0
6760,SAN MIGUEL,2022,48,2022-11-27,47,92.0
6760,SAN MIGUEL,2022,49,2022-12-04,48,50.0
6760,SAN MIGUEL,2022,50,2022-12-11,49,68.0
6760,SAN MIGUEL,2022,51,2022-12-18,50,88.0
6760,SAN MIGUEL,2022,52,2022-12-25,51,77.0
6760,SAN MIGUEL,2023,1,2023-01-01,52,37.0
6760,SAN MIGUEL,2023,2,2023-01-08,53,47.0
6760,SAN MIGUEL,2023,3,2023-01-15,54,47.0
6760,SAN MIGUEL,2023,4,2023-01-22,55,49.0
6760,SAN MIGUEL,2023,5,2023-01-29,56,61.0
6760,SAN MIGUEL,2023,6,2023-02-05,57,68.0
6760,SAN MIGUEL,2023,7,2023-02-12,58,48.0
6760,SAN MIGUEL,2023,8,2023-02-19,59,67.0
6760,SAN MIGUEL,2023,9,2023-02-26,60,75.0
6760,SAN MIGUEL,2023,10,2023-03-05,61,61.0
6760,SAN MIGUEL,2023,11,2023-03-12,62,53.0
6760,SAN MIGUEL,2023,12,2023-03-19,63,69.0
6760,SAN MIGUEL,2023,13,2023-03-26,64,105.0
6760,SAN MIGUEL,2023,14,2023-04-02,65,86.0
6760,SAN MIGUEL,2023,15,2023-04-09,66,90.0
6760,SAN MIGUEL,2023,16,2023-04-16,67,103.0
6760,SAN MIGUEL,2023,17,2023-04-23,68,106.0
6760,SAN MIGUEL,2023,18,2023-04-30,69,95.0
6760,SAN MIGUEL,2023,19,2023-05-07,70,126.0
6760,SAN MIGUEL,2023,20,2023-05-14,71,9.0
6760,SAN MIGUEL,2023,21,2023-05-21,72,143.0
6760,SAN MIGUEL,2023,22,2023-05-28,73,133.0
6760,SAN MIGUEL,2023,23,2023-06-04,74,190.0
6760,SAN MIGUEL,2023,24,2023-06-11,75,123.0
6760,SAN MIGUEL,2023,25,2023-06-18,76,99.0
6760,SAN MIGUEL,2023,26,2023-06-25,77,144.0
6760,SAN MIGUEL,2023,27,2023-07-02,78,123.0
6760,SAN MIGUEL,2023,28,2023-07-09,79,105.0
6760,SAN MIGUEL,2023,29,2023-07-16,80,117.0
6760,SAN MIGUEL,2023,30,2023-07-23,81,94.0
6760,SAN MIGUEL,2023,31,2023-07-30,82,83.0
6760,SAN MIGUEL,2023,32,2023-08-06,83,96.0
6760,SAN MIGUEL,2023,33,2023-08-13,84,79.0
6760,SAN MIGUEL,2023,34,2023-08-20,85,106.0
6760,SAN MIGUEL,2023,35,2023-08-27,86,124.0
6760,SAN MIGUEL,2023,36,2023-09-03,87,140.0
6760,SAN MIGUEL,2023,37,2023-09-10,88,124.0
6760,SAN MIGUEL,2023,38,2023-09-17,89,148.0
6760,SAN MIGUEL,2023,39,2023-09-24,90,89.0
6760,SAN MIGUEL,2023,40,2023-10-01,91,123.0
6760,SAN MIGUEL,2023,41,2023-10-08,92,100.0
6760,SAN MIGUEL,2023,42,2023-10-15,93,119.0
6760,SAN MIGUEL,2023,43,2023-10-22,94,111.0
6760,SAN MIGUEL,2023,44,2023-10-29,95,77.0
6760,SAN MIGUEL,2023,45,2023-11-05,96,101.0
6760,SAN MIGUEL,2023,46,2023-11-12,97,99.0
6760,SAN MIGUEL,2023,47,2023-11-19,98,92.0
6760,SAN MIGUEL,2023,48,2023-11-26,99,103.0
6760,SAN MIGUEL,2023,49,2023-12-03,100,77.0
6760,SAN MIGUEL,2023,50,2023-12-10,101,79.0
6760,SAN MIGUEL,2023,51,2023-12-17,102,65.0
6760,SAN MIGUEL,2023,52,2023-12-24,103,76.0
6760,SAN MIGUEL,2024,1,2023-12-31,104,73.0
6760,SAN MIGUEL,2024,2,2024-01-07,105,61.0
6760,SAN MIGUEL,2024,3,2024-01-14,106,88.0
6760,SAN MIGUEL,2024,4,2024-01-21,107,52.0
6760,SAN MIGUEL,2024,5,2024-01-28,108,69.0
6760,SAN MIGUEL,2024,6,2024-02-04,109,86.0
6760,SAN MIGUEL,2024,7,2024-02-11,110,61.0
6760,SAN MIGUEL,2024,8,2024-02-18,111,61.0
6760,SAN MIGUEL,2024,9,2024-02-25,112,58.0
6760,SAN MIGUEL,2024,10,2024-03-03,113,67.0
6760,SAN MIGUEL,2024,11,2024-03-10,114,75.0
6760,SAN MIGUEL,2024,12,2024-03-17,115,75.0
6760,SAN MIGUEL,2024,13,2024-03-24,116,84.0
6760,SAN MIGUEL,2024,14,2024-03-31,117,90.0
6760,SAN MIGUEL,2024,15,2024-04-07,118,79.0
6760,SAN MIGUEL,2024,16,2024-04-14,119,84.0
6760,SAN MIGUEL,2024,17,2024-04-21,120,93.0
6760,SAN MIGUEL,2024,18,2024-04-28,121,113.0
6760,SAN MIGUEL,2024,19,2024-05-05,122,104.0
6760,SAN MIGUEL,2024,20,2024-05-12,123,157.0
6760,SAN MIGUEL,2024,21,2024-05-19,124,215.0
6760,SAN MIGUEL,2024,22,2024-05-26,125,172.0
6760,SAN MIGUEL,2024,23,2024-06-02,126,143.0
6760,SAN MIGUEL,2024,24,2024-06-09,127,165.0
6760,SAN MIGUEL,2024,25,2024-06-16,128,137.0
6760,SAN MIGUEL,2024,26,2024-06-23,129,184.0
6760,SAN MIGUEL,2024,27,2024-06-30,130,182.0
6760,SAN MIGUEL,2024,28,2024-07-07,131,165.0
6760,SAN MIGUEL,2024,29,2024-07-14,132,157.0
6760,SAN MIGUEL,2024,30,2024-07-21,133,116.0
6760,SAN MIGUEL,2024,31,2024-07-28,134,106.0
6760,SAN MIGUEL,2024,32,2024-08-04,135,89.0
6760,SAN MIGUEL,2024,33,2024-08-11,136,139.0
6760,SAN MIGUEL,2024,34,2024-08-18,137,105.0
6760,SAN MIGUEL,2024,35,2024-08-25,138,113.0
6760,SAN MIGUEL,2024,36,2024-09-01,139,3.0
6760,SAN MIGUEL,2024,37,2024-09-08,140,86.0
6760,SAN MIGUEL,2024,38,2024-09-15,141,67.0
6760,SAN MIGUEL,2024,39,2024-09-22,142,96.0
6760,SAN MIGUEL,2024,40,2024-09-29,143,89.0
6760,SAN MIGUEL,2024,41,2024-10-06,144,74.0
6760,SAN MIGUEL,2024,42,2024-10-13,145,57.0
6760,SAN MIGUEL,2024,43,2024-10-20,146,81.0
6760,SAN MIGUEL,2024,44,2024-10-27,147,61.0
6760,SAN MIGUEL,2024,45,2024-11-03,148,49.0
6760,SAN MIGUEL,2024,46,2024-11-10,149,72.0
6760,SAN MIGUEL,2024,47,2024-11-17,150,67.0
6760,SAN MIGUEL,2024,48,2024-11-24,151,58.0
6760,SAN MIGUEL,2024,49,2024-12-01,152,52.0
6760,SAN MIGUEL,2024,50,2024-12-08,153,49.0
6760,SAN MIGUEL,2024,51,2024-12-15,154,36.0
6760,SAN MIGUEL,2024,52,2024-12-22,155,37.0
6760,SAN MIGUEL,2025,1,2024-12-29,156,24.0
6760,SAN MIGUEL,2025,2,2025-01-05,157,34.0
6760,SAN MIGUEL,2025,3,2025-01-12,158,20.0
6760,SAN MIGUEL,2025,4,2025-01-19,159,56.0
6760,SAN MIGUEL,2025,5,2025-01-26,160,50.0
6760,SAN MIGUEL,2025,6,2025-02-02,161,28.0
6760,SAN MIGUEL,2025,7,2025-02-09,162,31.0
6760,SAN MIGUEL,2025,8,2025-02-16,163,48.0
6760,SAN MIGUEL,2025,9,2025-02-23,164,45.0
6760,SAN MIGUEL,2025,10,2025-03-02,165,22.0
6760,SAN MIGUEL,2025,11,2025-03-09,166,70.0
6760,SAN MIGUEL,2025,12,2025-03-16,167,103.0
6760,SAN MIGUEL,2025,13,2025-03-23,168,82.0
6760,SAN MIGUEL,2025,14,2025-03-30,169,115.0
6760,SAN MIGUEL,2025,15,2025-04-06,170,79.0
6760,SAN MIGUEL,2025,16,2025-04-13,171,79.0
6760,SAN MIGUEL,2025,17,2025-04-20,172,81.0
6760,SAN MIGUEL,2025,18,2025-04-27,173,98.0
6760,SAN MIGUEL,2025,19,2025-05-04,174,108.0
6760,SAN MIGUEL,2025,20,2025-05-11,175,78.0
6760,SAN MIGUEL,2025,21,2025-05-18,176,152.0
6760,SAN MIGUEL,2025,22,2025-05-25,177,144.0
6760,SAN MIGUEL,2025,23,2025-06-01,178,140.0
6760,SAN MIGUEL,2025,24,2025-06-08,179,177.0
6760,SAN MIGUEL,2025,25,2025-06-15,180,125.0
6760,SAN MIGUEL,2025,26,2025-06-22,181,127.0
6760,SAN MIGUEL,2025,27,2025-06-29,182,134.0
6760,SAN MIGUEL,2025,28,2025-07-06,183,131.0
6760,SAN MIGUEL,2025,29,2025-07-13,184,165.0
6760,SAN MIGUEL,2025,30,2025-07-20,185,187.0
6760,SAN MIGUEL,2025,31,2025-07-27,186,307.0
6760,SAN MIGUEL,2025,32,2025-08-03,187,299.0
6760,SAN MIGUEL,2025,33,2025-08-10,188,289.0
6760,SAN MIGUEL,2025,34,2025-08-17,189,260.0
6760,SAN MIGUEL,2025,35,2025-08-24,190,267.0
6760,SAN MIGUEL,2025,36,2025-08-31,191,246.0
6760,SAN MIGUEL,2025,37,2025-09-07,192,224.0
6760,SAN MIGUEL,2025,38,2025-09-14,193,244.0
6760,SAN MIGUEL,2025,39,2025-09-21,194,234.0
6760,SAN MIGUEL,2025,40,2025-09-28,195,209.0
6760,SAN MIGUEL,2025,41,2025-10-05,196,194.0
6760,SAN MIGUEL,2025,42,2025-10-12,197,167.0
6760,SAN MIGUEL,2025,43,2025-10-19,198,203.0
6760,SAN MIGUEL,2025,44,2025-10-26,199,170.0
6760,SAN MIGUEL,2025,45,2025-11-02,200,169.0
6760,SAN MIGUEL,2025,46,2025-11-09,201,162.0
6760,SAN MIGUEL,2025,47,2025-11-16,202,184.0
6760,SAN MIGUEL,2025,48,2025-11-23,203,184.0
6760,SAN MIGUEL,2025,49,2025-11-30,204,178.0
6760,SAN MIGUEL,2025,50,2025-12-07,205,166.0
6760,SAN MIGUEL,2025,51,2025-12-14,206,170.0
6760,SAN MIGUEL,2025,52,2025-12-21,207,139.0
6760,SAN MIGUEL,2025,53,2025-12-28,208,132.0
6760,SAN MIGUEL,2026,1,2026-01-04,209,122.0
6760,SAN MIGUEL,2026,2,2026-01-11,210,126.0
6760,SAN MIGUEL,2026,3,2026-01-18,211,138.0
6760,SAN MIGUEL,2026,4,2026-01-25,212,160.0
6760,SAN MIGUEL,2026,5,2026-02-01,213,205.0
6760,SAN MIGUEL,2026,6,2026-02-08,214,196.0
6760,SAN MIGUEL,2026,7,2026-02-15,215,153.0
6760,SAN MIGUEL,2026,8,2026-02-22,216,19.0
6760,SAN MIGUEL,2026,9,2026-03-01,217,0.0
6805,TIGRE,2022,1,2022-01-02,0,
6805,TIGRE,2022,2,2022-01-09,1,
6805,TIGRE,2022,3,2022-01-16,2,
6805,TIGRE,2022,4,2022-01-23,3,3.0
6805,TIGRE,2022,5,2022-01-30,4,1.0
6805,TIGRE,2022,6,2022-02-06,5,0.0
6805,TIGRE,2022,7,2022-02-13,6,0.0
6805,TIGRE,2022,8,2022-02-20,7,1.0
6805,TIGRE,2022,9,2022-02-27,8,6.0
6805,TIGRE,2022,10,2022-03-06,9,3.0
6805,TIGRE,2022,11,2022-03-13,10,38.0
6805,TIGRE,2022,12,2022-03-20,11,28.0
6805,TIGRE,2022,13,2022-03-27,12,11.0
6805,TIGRE,2022,14,2022-04-03,13,19.0
6805,TIGRE,2022,15,2022-04-10,14,14.0
6805,TIGRE,2022,16,2022-04-17,15,9.0
6805,TIGRE,2022,17,2022-04-24,16,8.0
6805,TIGRE,2022,18,2022-05-01,17,21.0
6805,TIGRE,2022,19,2022-05-08,18,26.0
6805,TIGRE,2022,20,2022-05-15,19,16.0
6805,TIGRE,2022,21,2022-05-22,20,22.0
6805,TIGRE,2022,22,2022-05-29,21,211.0
6805,TIGRE,2022,23,2022-06-05,22,80.0
6805,TIGRE,2022,24,2022-06-12,23,107.0
6805,TIGRE,2022,25,2022-06-19,24,45.0
6805,TIGRE,2022,26,2022-06-26,25,31.0
6805,TIGRE,2022,27,2022-07-03,26,12.0
6805,TIGRE,2022,28,2022-07-10,27,41.0
6805,TIGRE,2022,29,2022-07-17,28,36.0
6805,TIGRE,2022,30,2022-07-24,29,55.0
6805,TIGRE,2022,31,2022-07-31,30,75.0
6805,TIGRE,2022,32,2022-08-07,31,39.0
6805,TIGRE,2022,33,2022-08-14,32,52.0
6805,TIGRE,2022,34,2022-08-21,33,22.0
6805,TIGRE,2022,35,2022-08-28,34,22.0
6805,TIGRE,2022,36,2022-09-04,35,17.0
6805,TIGRE,2022,37,2022-09-11,36,16.0
6805,TIGRE,2022,38,2022-09-18,37,32.0
6805,TIGRE,2022,39,2022-09-25,38,39.0
6805,TIGRE,2022,40,2022-10-02,39,54.0
6805,TIGRE,2022,41,2022-10-09,40,83.0
6805,TIGRE,2022,42,2022-10-16,41,98.0
6805,TIGRE,2022,43,2022-10-23,42,50.0
6805,TIGRE,2022,44,2022-10-30,43,122.0
6805,TIGRE,2022,45,2022-11-06,44,96.0
6805,TIGRE,2022,46,2022-11-13,45,16.0
6805,TIGRE,2022,47,2022-11-20,46,52.0
6805,TIGRE,2022,48,2022-11-27,47,35.0
6805,TIGRE,2022,49,2022-12-04,48,27.0
6805,TIGRE,2022,50,2022-12-11,49,31.0
6805,TIGRE,2022,51,2022-12-18,50,18.0
6805,TIGRE,2022,52,2022-12-25,51,3.0
6805,TIGRE,2023,1,2023-01-01,52,53.0
6805,TIGRE,2023,2,2023-01-08,53,14.0
6805,TIGRE,2023,3,2023-01-15,54,6.0
6805,TIGRE,2023,4,2023-01-22,55,4.0
6805,TIGRE,2023,5,2023-01-29,56,5.0
6805,TIGRE,2023,6,2023-02-05,57,6.0
6805,TIGRE,2023,7,2023-02-12,58,12.0
6805,TIGRE,2023,8,2023-02-19,59,11.0
6805,TIGRE,2023,9,2023-02-26,60,10.0
6805,TIGRE,2023,10,2023-03-05,61,21.0
6805,TIGRE,2023,11,2023-03-12,62,19.0
6805,TIGRE,2023,12,2023-03-19,63,6.0
6805,TIGRE,2023,13,2023-03-26,64,0.0
6805,TIGRE,2023,14,2023-04-02,65,8.0
6805,TIGRE,2023,15,2023-04-09,66,12.0
6805,TIGRE,2023,16,2023-04-16,67,10.0
6805,TIGRE,2023,17,2023-04-23,68,15.0
6805,TIGRE,2023,18,2023-04-30,69,19.0
6805,TIGRE,2023,19,2023-05-07,70,26.0
6805,TIGRE,2023,20,2023-05-14,71,45.0
6805,TIGRE,2023,21,2023-05-21,72,212.0
6805,TIGRE,2023,22,2023-05-28,73,309.0
6805,TIGRE,2023,23,2023-06-04,74,332.0
6805,TIGRE,2023,24,2023-06-11,75,206.0
6805,TIGRE,2023,25,2023-06-18,76,369.0
6805,TIGRE,2023,26,2023-06-25,77,202.0
6805,TIGRE,2023,27,2023-07-02,78,160.0
6805,TIGRE,2023,28,2023-07-09,79,124.0
6805,TIGRE,2023,29,2023-07-16,80,110.0
6805,TIGRE,2023,30,2023-07-23,81,98.0
6805,TIGRE,2023,31,2023-07-30,82,62.0
6805,TIGRE,2023,32,2023-08-06,83,31.0
6805,TIGRE,2023,33,2023-08-13,84,69.0
6805,TIGRE,2023,34,2023-08-20,85,47.0
6805,TIGRE,2023,35,2023-08-27,86,17.0
6805,TIGRE,2023,36,2023-09-03,87,30.0
6805,TIGRE,2023,37,2023-09-10,88,24.0
6805,TIGRE,2023,38,2023-09-17,89,22.0
6805,TIGRE,2023,39,2023-09-24,90,40.0
6805,TIGRE,2023,40,2023-10-01,91,23.0
6805,TIGRE,2023,41,2023-10-08,92,2.0
6805,TIGRE,2023,42,2023-10-15,93,17.0
6805,TIGRE,2023,43,2023-10-22,94,20.0
6805,TIGRE,2023,44,2023-10-29,95,10.0
6805,TIGRE,2023,45,2023-11-05,96,13.0
6805,TIGRE,2023,46,2023-11-12,97,6.0
6805,TIGRE,2023,47,2023-11-19,98,3.0
6805,TIGRE,2023,48,2023-11-26,99,3.0
6805,TIGRE,2023,49,2023-12-03,100,2.0
6805,TIGRE,2023,50,2023-12-10,101,6.0
6805,TIGRE,2023,51,2023-12-17,102,3.0
6805,TIGRE,2023,52,2023-12-24,103,8.0
6805,TIGRE,2024,1,2023-12-31,104,9.0
6805,TIGRE,2024,2,2024-01-07,105,11.0
6805,TIGRE,2024,3,2024-01-14,106,7.0
6805,TIGRE,2024,4,2024-01-21,107,14.0
6805,TIGRE,2024,5,2024-01-28,108,27.0
6805,TIGRE,2024,6,2024-02-04,109,18.0
6805,TIGRE,2024,7,2024-02-11,110,16.0
6805,TIGRE,2024,8,2024-02-18,111,6.0
6805,TIGRE,2024,9,2024-02-25,112,7.0
6805,TIGRE,2024,10,2024-03-03,113,5.0
6805,TIGRE,2024,11,2024-03-10,114,13.0
6805,TIGRE,2024,12,2024-03-17,115,8.0
6805,TIGRE,2024,13,2024-03-24,116,10.0
6805,TIGRE,2024,14,2024-03-31,117,8.0
6805,TIGRE,2024,15,2024-04-07,118,16.0
6805,TIGRE,2024,16,2024-04-14,119,16.0
6805,TIGRE,2024,17,2024-04-21,120,17.0
6805,TIGRE,2024,18,2024-04-28,121,16.0
6805,TIGRE,2024,19,2024-05-05,122,28.0
6805,TIGRE,2024,20,2024-05-12,123,44.0
6805,TIGRE,2024,21,2024-05-19,124,69.0
6805,TIGRE,2024,22,2024-05-26,125,58.0
6805,TIGRE,2024,23,2024-06-02,126,60.0
6805,TIGRE,2024,24,2024-06-09,127,73.0
6805,TIGRE,2024,25,2024-06-16,128,61.0
6805,TIGRE,2024,26,2024-06-23,129,58.0
6805,TIGRE,2024,27,2024-06-30,130,68.0
6805,TIGRE,2024,28,2024-07-07,131,49.0
6805,TIGRE,2024,29,2024-07-14,132,36.0
6805,TIGRE,2024,30,2024-07-21,133,32.0
6805,TIGRE,2024,31,2024-07-28,134,25.0
6805,TIGRE,2024,32,2024-08-04,135,10.0
6805,TIGRE,2024,33,2024-08-11,136,11.0
6805,TIGRE,2024,34,2024-08-18,137,15.0
6805,TIGRE,2024,35,2024-08-25,138,15.0
6805,TIGRE,2024,36,2024-09-01,139,20.0
6805,TIGRE,2024,37,2024-09-08,140,10.0
6805,TIGRE,2024,38,2024-09-15,141,19.0
6805,TIGRE,2024,39,2024-09-22,142,15.0
6805,TIGRE,2024,40,2024-09-29,143,33.0
6805,TIGRE,2024,41,2024-10-06,144,12.0
6805,TIGRE,2024,42,2024-10-13,145,29.0
6805,TIGRE,2024,43,2024-10-20,146,20.0
6805,TIGRE,2024,44,2024-10-27,147,20.0
6805,TIGRE,2024,45,2024-11-03,148,12.0
6805,TIGRE,2024,46,2024-11-10,149,14.0
6805,TIGRE,2024,47,2024-11-17,150,16.0
6805,TIGRE,2024,48,2024-11-24,151,13.0
6805,TIGRE,2024,49,2024-12-01,152,9.0
6805,TIGRE,2024,50,2024-12-08,153,9.0
6805,TIGRE,2024,51,2024-12-15,154,5.0
6805,TIGRE,2024,52,2024-12-22,155,7.0
6805,TIGRE,2025,1,2024-12-29,156,3.0
6805,TIGRE,2025,2,2025-01-05,157,6.0
6805,TIGRE,2025,3,2025-01-12,158,2.0
6805,TIGRE,2025,4,2025-01-19,159,4.0
6805,TIGRE,2025,5,2025-01-26,160,6.0
6805,TIGRE,2025,6,2025-02-02,161,7.0
6805,TIGRE,2025,7,2025-02-09,162,6.0
6805,TIGRE,2025,8,2025-02-16,163,7.0
6805,TIGRE,2025,9,2025-02-23,164,5.0
6805,TIGRE,2025,10,2025-03-02,165,4.0
6805,TIGRE,2025,11,2025-03-09,166,10.0
6805,TIGRE,2025,12,2025-03-16,167,7.0
6805,TIGRE,2025,13,2025-03-23,168,12.0
6805,TIGRE,2025,14,2025-03-30,169,15.0
6805,TIGRE,2025,15,2025-04-06,170,16.0
6805,TIGRE,2025,16,2025-04-13,171,14.0
6805,TIGRE,2025,17,2025-04-20,172,5.0
6805,TIGRE,2025,18,2025-04-27,173,14.0
6805,TIGRE,2025,19,2025-05-04,174,11.0
6805,TIGRE,2025,20,2025-05-11,175,13.0
6805,TIGRE,2025,21,2025-05-18,176,12.0
6805,TIGRE,2025,22,2025-05-25,177,11.0
6805,TIGRE,2025,23,2025-06-01,178,34.0
6805,TIGRE,2025,24,2025-06-08,179,54.0
6805,TIGRE,2025,25,2025-06-15,180,83.0
6805,TIGRE,2025,26,2025-06-22,181,90.0
6805,TIGRE,2025,27,2025-06-29,182,89.0
6805,TIGRE,2025,28,2025-07-06,183,122.0
6805,TIGRE,2025,29,2025-07-13,184,182.0
6805,TIGRE,2025,30,2025-07-20,185,153.0
6805,TIGRE,2025,31,2025-07-27,186,125.0
6805,TIGRE,2025,32,2025-08-03,187,147.0
6805,TIGRE,2025,33,2025-08-10,188,141.0
6805,TIGRE,2025,34,2025-08-17,189,123.0
6805,TIGRE,2025,35,2025-08-24,190,61.0
6805,TIGRE,2025,36,2025-08-31,191,33.0
6805,TIGRE,2025,37,2025-09-07,192,24.0
6805,TIGRE,2025,38,2025-09-14,193,41.0
6805,TIGRE,2025,39,2025-09-21,194,33.0
6805,TIGRE,2025,40,2025-09-28,195,33.0
6805,TIGRE,2025,41,2025-10-05,196,9.0
6805,TIGRE,2025,42,2025-10-12,197,13.0
6805,TIGRE,2025,43,2025-10-19,198,4.0
6805,TIGRE,2025,44,2025-10-26,199,7.0
6805,TIGRE,2025,45,2025-11-02,200,8.0
6805,TIGRE,2025,46,2025-11-09,201,3.0
6805,TIGRE,2025,47,2025-11-16,202,2.0
6805,TIGRE,2025,48,2025-11-23,203,3.0
6805,TIGRE,2025,49,2025-11-30,204,4.0
6805,TIGRE,2025,50,2025-12-07,205,3.0
6805,TIGRE,2025,51,2025-12-14,206,4.0
6805,TIGRE,2025,52,2025-12-21,207,2.0
6805,TIGRE,2025,53,2025-12-28,208,3.0
6805,TIGRE,2026,1,2026-01-04,209,6.0
6805,TIGRE,2026,2,2026-01-11,210,3.0
6805,TIGRE,2026,3,2026-01-18,211,3.0
6805,TIGRE,2026,4,2026-01-25,212,4.0
6805,TIGRE,2026,5,2026-02-01,213,2.0
6805,TIGRE,2026,6,2026-02-08,214,2.0
6805,TIGRE,2026,7,2026-02-15,215,2.0
6805,TIGRE,2026,8,2026-02-22,216,0.0
6805,TIGRE,2026,9,2026-03-01,217,0.0
6840,TRES DE FEBRERO,2022,1,2022-01-02,0,60.0
6840,TRES DE FEBRERO,2022,2,2022-01-09,1,65.0
6840,TRES DE FEBRERO,2022,3,2022-01-16,2,52.0
6840,TRES DE FEBRERO,2022,4,2022-01-23,3,34.0
6840,TRES DE FEBRERO,2022,5,2022-01-30,4,47.0
6840,TRES DE FEBRERO,2022,6,2022-02-06,5,33.0
6840,TRES DE FEBRERO,2022,7,2022-02-13,6,64.0
6840,TRES DE FEBRERO,2022,8,2022-02-20,7,80.0
6840,TRES DE FEBRERO,2022,9,2022-02-27,8,177.0
6840,TRES DE FEBRERO,2022,10,2022-03-06,9,206.0
6840,TRES DE FEBRERO,2022,11,2022-03-13,10,165.0
6840,TRES DE FEBRERO,2022,12,2022-03-20,11,101.0
6840,TRES DE FEBRERO,2022,13,2022-03-27,12,115.0
6840,TRES DE FEBRERO,2022,14,2022-04-03,13,48.0
6840,TRES DE FEBRERO,2022,15,2022-04-10,14,155.0
6840,TRES DE FEBRERO,2022,16,2022-04-17,15,137.0
6840,TRES DE FEBRERO,2022,17,2022-04-24,16,140.0
6840,TRES DE FEBRERO,2022,18,2022-05-01,17,347.0
6840,TRES DE FEBRERO,2022,19,2022-05-08,18,550.0
6840,TRES DE FEBRERO,2022,20,2022-05-15,19,585.0
6840,TRES DE FEBRERO,2022,21,2022-05-22,20,467.0
6840,TRES DE FEBRERO,2022,22,2022-05-29,21,518.0
6840,TRES DE FEBRERO,2022,23,2022-06-05,22,464.0
6840,TRES DE FEBRERO,2022,24,2022-06-12,23,362.0
6840,TRES DE FEBRERO,2022,25,2022-06-19,24,268.0
6840,TRES DE FEBRERO,2022,26,2022-06-26,25,358.0
6840,TRES DE FEBRERO,2022,27,2022-07-03,26,435.0
6840,TRES DE FEBRERO,2022,28,2022-07-10,27,280.0
6840,TRES DE FEBRERO,2022,29,2022-07-17,28,326.0
6840,TRES DE FEBRERO,2022,30,2022-07-24,29,216.0
6840,TRES DE FEBRERO,2022,31,2022-07-31,30,236.0
6840,TRES DE FEBRERO,2022,32,2022-08-07,31,298.0
6840,TRES DE FEBRERO,2022,33,2022-08-14,32,245.0
6840,TRES DE FEBRERO,2022,34,2022-08-21,33,324.0
6840,TRES DE FEBRERO,2022,35,2022-08-28,34,283.0
6840,TRES DE FEBRERO,2022,36,2022-09-04,35,273.0
6840,TRES DE FEBRERO,2022,37,2022-09-11,36,340.0
6840,TRES DE FEBRERO,2022,38,2022-09-18,37,206.0
6840,TRES DE FEBRERO,2022,39,2022-09-25,38,202.0
6840,TRES DE FEBRERO,2022,40,2022-10-02,39,109.0
6840,TRES DE FEBRERO,2022,41,2022-10-09,40,187.0
6840,TRES DE FEBRERO,2022,42,2022-10-16,41,142.0
6840,TRES DE FEBRERO,2022,43,2022-10-23,42,129.0
6840,TRES DE FEBRERO,2022,44,2022-10-30,43,113.0
6840,TRES DE FEBRERO,2022,45,2022-11-06,44,97.0
6840,TRES DE FEBRERO,2022,46,2022-11-13,45,107.0
6840,TRES DE FEBRERO,2022,47,2022-11-20,46,89.0
6840,TRES DE FEBRERO,2022,48,2022-11-27,47,66.0
6840,TRES DE FEBRERO,2022,49,2022-12-04,48,71.0
6840,TRES DE FEBRERO,2022,50,2022-12-11,49,53.0
6840,TRES DE FEBRERO,2022,51,2022-12-18,50,55.0
6840,TRES DE FEBRERO,2022,52,2022-12-25,51,140.0
6840,TRES DE FEBRERO,2023,1,2023-01-01,52,127.0
6840,TRES DE FEBRERO,2023,2,2023-01-08,53,65.0
6840,TRES DE FEBRERO,2023,3,2023-01-15,54,67.0
6840,TRES DE FEBRERO,2023,4,2023-01-22,55,54.0
6840,TRES DE FEBRERO,2023,5,2023-01-29,56,63.0
6840,TRES DE FEBRERO,2023,6,2023-02-05,57,33.0
6840,TRES DE FEBRERO,2023,7,2023-02-12,58,67.0
6840,TRES DE FEBRERO,2023,8,2023-02-19,59,59.0
6840,TRES DE FEBRERO,2023,9,2023-02-26,60,53.0
6840,TRES DE FEBRERO,2023,10,2023-03-05,61,66.0
6840,TRES DE FEBRERO,2023,11,2023-03-12,62,121.0
6840,TRES DE FEBRERO,2023,12,2023-03-19,63,139.0
6840,TRES DE FEBRERO,2023,13,2023-03-26,64,177.0
6840,TRES DE FEBRERO,2023,14,2023-04-02,65,148.0
6840,TRES DE FEBRERO,2023,15,2023-04-09,66,140.0
6840,TRES DE FEBRERO,2023,16,2023-04-16,67,188.0
6840,TRES DE FEBRERO,2023,17,2023-04-23,68,89.0
6840,TRES DE FEBRERO,2023,18,2023-04-30,69,138.0
6840,TRES DE FEBRERO,2023,19,2023-05-07,70,193.0
6840,TRES DE FEBRERO,2023,20,2023-05-14,71,355.0
6840,TRES DE FEBRERO,2023,21,2023-05-21,72,307.0
6840,TRES DE FEBRERO,2023,22,2023-05-28,73,354.0
6840,TRES DE FEBRERO,2023,23,2023-06-04,74,282.0
6840,TRES DE FEBRERO,2023,24,2023-06-11,75,277.0
6840,TRES DE FEBRERO,2023,25,2023-06-18,76,139.0
6840,TRES DE FEBRERO,2023,26,2023-06-25,77,142.0
6840,TRES DE FEBRERO,2023,27,2023-07-02,78,157.0
6840,TRES DE FEBRERO,2023,28,2023-07-09,79,140.0
6840,TRES DE FEBRERO,2023,29,2023-07-16,80,145.0
6840,TRES DE FEBRERO,2023,30,2023-07-23,81,87.0
6840,TRES DE FEBRERO,2023,31,2023-07-30,82,93.0
6840,TRES DE FEBRERO,2023,32,2023-08-06,83,112.0
6840,TRES DE FEBRERO,2023,33,2023-08-13,84,151.0
6840,TRES DE FEBRERO,2023,34,2023-08-20,85,158.0
6840,TRES DE FEBRERO,2023,35,2023-08-27,86,167.0
6840,TRES DE FEBRERO,2023,36,2023-09-03,87,165.0
6840,TRES DE FEBRERO,2023,37,2023-09-10,88,172.0
6840,TRES DE FEBRERO,2023,38,2023-09-17,89,161.0
6840,TRES DE FEBRERO,2023,39,2023-09-24,90,164.0
6840,TRES DE FEBRERO,2023,40,2023-10-01,91,167.0
6840,TRES DE FEBRERO,2023,41,2023-10-08,92,135.0
6840,TRES DE FEBRERO,2023,42,2023-10-15,93,191.0
6840,TRES DE FEBRERO,2023,43,2023-10-22,94,167.0
6840,TRES DE FEBRERO,2023,44,2023-10-29,95,123.0
6840,TRES DE FEBRERO,2023,45,2023-11-05,96,60.0
6840,TRES DE FEBRERO,2023,46,2023-11-12,97,79.0
6840,TRES DE FEBRERO,2023,47,2023-11-19,98,125.0
6840,TRES DE FEBRERO,2023,48,2023-11-26,99,82.0
6840,TRES DE FEBRERO,2023,49,2023-12-03,100,115.0
6840,TRES DE FEBRERO,2023,50,2023-12-10,101,76.0
6840,TRES DE FEBRERO,2023,51,2023-12-17,102,103.0
6840,TRES DE FEBRERO,2023,52,2023-12-24,103,80.0
6840,TRES DE FEBRERO,2024,1,2023-12-31,104,116.0
6840,TRES DE FEBRERO,2024,2,2024-01-07,105,144.0
6840,TRES DE FEBRERO,2024,3,2024-01-14,106,131.0
6840,TRES DE FEBRERO,2024,4,2024-01-21,107,192.0
6840,TRES DE FEBRERO,2024,5,2024-01-28,108,81.0
6840,TRES DE FEBRERO,2024,6,2024-02-04,109,99.0
6840,TRES DE FEBRERO,2024,7,2024-02-11,110,99.0
6840,TRES DE FEBRERO,2024,8,2024-02-18,111,104.0
6840,TRES DE FEBRERO,2024,9,2024-02-25,112,83.0
6840,TRES DE FEBRERO,2024,10,2024-03-03,113,53.0
6840,TRES DE FEBRERO,2024,11,2024-03-10,114,71.0
6840,TRES DE FEBRERO,2024,12,2024-03-17,115,107.0
6840,TRES DE FEBRERO,2024,13,2024-03-24,116,174.0
6840,TRES DE FEBRERO,2024,14,2024-03-31,117,99.0
6840,TRES DE FEBRERO,2024,15,2024-04-07,118,54.0
6840,TRES DE FEBRERO,2024,16,2024-04-14,119,109.0
6840,TRES DE FEBRERO,2024,17,2024-04-21,120,152.0
6840,TRES DE FEBRERO,2024,18,2024-04-28,121,179.0
6840,TRES DE FEBRERO,2024,19,2024-05-05,122,202.0
6840,TRES DE FEBRERO,2024,20,2024-05-12,123,268.0
6840,TRES DE FEBRERO,2024,21,2024-05-19,124,458.0
6840,TRES DE FEBRERO,2024,22,2024-05-26,125,595.0
6840,TRES DE FEBRERO,2024,23,2024-06-02,126,620.0
6840,TRES DE FEBRERO,2024,24,2024-06-09,127,426.0
6840,TRES DE FEBRERO,2024,25,2024-06-16,128,359.0
6840,TRES DE FEBRERO,2024,26,2024-06-23,129,230.0
6840,TRES DE FEBRERO,2024,27,2024-06-30,130,229.0
6840,TRES DE FEBRERO,2024,28,2024-07-07,131,193.0
6840,TRES DE FEBRERO,2024,29,2024-07-14,132,197.0
6840,TRES DE FEBRERO,2024,30,2024-07-21,133,179.0
6840,TRES DE FEBRERO,2024,31,2024-07-28,134,171.0
6840,TRES DE FEBRERO,2024,32,2024-08-04,135,169.0
6840,TRES DE FEBRERO,2024,33,2024-08-11,136,279.0
6840,TRES DE FEBRERO,2024,34,2024-08-18,137,261.0
6840,TRES DE FEBRERO,2024,35,2024-08-25,138,255.0
6840,TRES DE FEBRERO,2024,36,2024-09-01,139,231.0
6840,TRES DE FEBRERO,2024,37,2024-09-08,140,255.0
6840,TRES DE FEBRERO,2024,38,2024-09-15,141,281.0
6840,TRES DE FEBRERO,2024,39,2024-09-22,142,257.0
6840,TRES DE FEBRERO,2024,40,2024-09-29,143,267.0
6840,TRES DE FEBRERO,2024,41,2024-10-06,144,183.0
6840,TRES DE FEBRERO,2024,42,2024-10-13,145,217.0
6840,TRES DE FEBRERO,2024,43,2024-10-20,146,190.0
6840,TRES DE FEBRERO,2024,44,2024-10-27,147,224.0
6840,TRES DE FEBRERO,2024,45,2024-11-03,148,164.0
6840,TRES DE FEBRERO,2024,46,2024-11-10,149,182.0
6840,TRES DE FEBRERO,2024,47,2024-11-17,150,163.0
6840,TRES DE FEBRERO,2024,48,2024-11-24,151,103.0
6840,TRES DE FEBRERO,2024,49,2024-12-01,152,120.0
6840,TRES DE FEBRERO,2024,50,2024-12-08,153,85.0
6840,TRES DE FEBRERO,2024,51,2024-12-15,154,81.0
6840,TRES DE FEBRERO,2024,52,2024-12-22,155,61.0
6840,TRES DE FEBRERO,2025,1,2024-12-29,156,43.0
6840,TRES DE FEBRERO,2025,2,2025-01-05,157,69.0
6840,TRES DE FEBRERO,2025,3,2025-01-12,158,68.0
6840,TRES DE FEBRERO,2025,4,2025-01-19,159,60.0
6840,TRES DE FEBRERO,2025,5,2025-01-26,160,55.0
6840,TRES DE FEBRERO,2025,6,2025-02-02,161,61.0
6840,TRES DE FEBRERO,2025,7,2025-02-09,162,57.0
6840,TRES DE FEBRERO,2025,8,2025-02-16,163,74.0
6840,TRES DE FEBRERO,2025,9,2025-02-23,164,80.0
6840,TRES DE FEBRERO,2025,10,2025-03-02,165,72.0
6840,TRES DE FEBRERO,2025,11,2025-03-09,166,91.0
6840,TRES DE FEBRERO,2025,12,2025-03-16,167,160.0
6840,TRES DE FEBRERO,2025,13,2025-03-23,168,143.0
6840,TRES DE FEBRERO,2025,14,2025-03-30,169,131.0
6840,TRES DE FEBRERO,2025,15,2025-04-06,170,123.0
6840,TRES DE FEBRERO,2025,16,2025-04-13,171,197.0
6840,TRES DE FEBRERO,2025,17,2025-04-20,172,269.0
6840,TRES DE FEBRERO,2025,18,2025-04-27,173,195.0
6840,TRES DE FEBRERO,2025,19,2025-05-04,174,251.0
6840,TRES DE FEBRERO,2025,20,2025-05-11,175,196.0
6840,TRES DE FEBRERO,2025,21,2025-05-18,176,293.0
6840,TRES DE FEBRERO,2025,22,2025-05-25,177,268.0
6840,TRES DE FEBRERO,2025,23,2025-06-01,178,417.0
6840,TRES DE FEBRERO,2025,24,2025-06-08,179,355.0
6840,TRES DE FEBRERO,2025,25,2025-06-15,180,222.0
6840,TRES DE FEBRERO,2025,26,2025-06-22,181,209.0
6840,TRES DE FEBRERO,2025,27,2025-06-29,182,221.0
6840,TRES DE FEBRERO,2025,28,2025-07-06,183,281.0
6840,TRES DE FEBRERO,2025,29,2025-07-13,184,241.0
6840,TRES DE FEBRERO,2025,30,2025-07-20,185,251.0
6840,TRES DE FEBRERO,2025,31,2025-07-27,186,174.0
6840,TRES DE FEBRERO,2025,32,2025-08-03,187,186.0
6840,TRES DE FEBRERO,2025,33,2025-08-10,188,244.0
6840,TRES DE FEBRERO,2025,34,2025-08-17,189,219.0
6840,TRES DE FEBRERO,2025,35,2025-08-24,190,220.0
6840,TRES DE FEBRERO,2025,36,2025-08-31,191,253.0
6840,TRES DE FEBRERO,2025,37,2025-09-07,192,165.0
6840,TRES DE FEBRERO,2025,38,2025-09-14,193,263.0
6840,TRES DE FEBRERO,2025,39,2025-09-21,194,131.0
6840,TRES DE FEBRERO,2025,40,2025-09-28,195,181.0
6840,TRES DE FEBRERO,2025,41,2025-10-05,196,142.0
6840,TRES DE FEBRERO,2025,42,2025-10-12,197,165.0
6840,TRES DE FEBRERO,2025,43,2025-10-19,198,127.0
6840,TRES DE FEBRERO,2025,44,2025-10-26,199,119.0
6840,TRES DE FEBRERO,2025,45,2025-11-02,200,128.0
6840,TRES DE FEBRERO,2025,46,2025-11-09,201,132.0
6840,TRES DE FEBRERO,2025,47,2025-11-16,202,92.0
6840,TRES DE FEBRERO,2025,48,2025-11-23,203,70.0
6840,TRES DE FEBRERO,2025,49,2025-11-30,204,70.0
6840,TRES DE FEBRERO,2025,50,2025-12-07,205,46.0
6840,TRES DE FEBRERO,2025,51,2025-12-14,206,44.0
6840,TRES DE FEBRERO,2025,52,2025-12-21,207,24.0
6840,TRES DE FEBRERO,2025,53,2025-12-28,208,20.0
6840,TRES DE FEBRERO,2026,1,2026-01-04,209,21.0
6840,TRES DE FEBRERO,2026,2,2026-01-11,210,17.0
6840,TRES DE FEBRERO,2026,3,2026-01-18,211,50.0
6840,TRES DE FEBRERO,2026,4,2026-01-25,212,43.0
6840,TRES DE FEBRERO,2026,5,2026-02-01,213,92.0
6840,TRES DE FEBRERO,2026,6,2026-02-08,214,81.0
6840,TRES DE FEBRERO,2026,7,2026-02-15,215,57.0
6840,TRES DE FEBRERO,2026,8,2026-02-22,216,31.0
6840,TRES DE FEBRERO,2026,9,2026-03-01,217,0.0
6861,VICENTE LÓPEZ,2022,1,2022-01-02,0,372.0
6861,VICENTE LÓPEZ,2022,2,2022-01-09,1,230.0
6861,VICENTE LÓPEZ,2022,3,2022-01-16,2,313.0
6861,VICENTE LÓPEZ,2022,4,2022-01-23,3,214.0
6861,VICENTE LÓPEZ,2022,5,2022-01-30,4,120.0
6861,VICENTE LÓPEZ,2022,6,2022-02-06,5,117.0
6861,VICENTE LÓPEZ,2022,7,2022-02-13,6,136.0
6861,VICENTE LÓPEZ,2022,8,2022-02-20,7,150.0
6861,VICENTE LÓPEZ,2022,9,2022-02-27,8,167.0
6861,VICENTE LÓPEZ,2022,10,2022-03-06,9,192.0
6861,VICENTE LÓPEZ,2022,11,2022-03-13,10,179.0
6861,VICENTE LÓPEZ,2022,12,2022-03-20,11,137.0
6861,VICENTE LÓPEZ,2022,13,2022-03-27,12,152.0
6861,VICENTE LÓPEZ,2022,14,2022-04-03,13,142.0
6861,VICENTE LÓPEZ,2022,15,2022-04-10,14,126.0
6861,VICENTE LÓPEZ,2022,16,2022-04-17,15,155.0
6861,VICENTE LÓPEZ,2022,17,2022-04-24,16,131.0
6861,VICENTE LÓPEZ,2022,18,2022-05-01,17,204.0
6861,VICENTE LÓPEZ,2022,19,2022-05-08,18,360.0
6861,VICENTE LÓPEZ,2022,20,2022-05-15,19,330.0
6861,VICENTE LÓPEZ,2022,21,2022-05-22,20,329.0
6861,VICENTE LÓPEZ,2022,22,2022-05-29,21,345.0
6861,VICENTE LÓPEZ,2022,23,2022-06-05,22,317.0
6861,VICENTE LÓPEZ,2022,24,2022-06-12,23,329.0
6861,VICENTE LÓPEZ,2022,25,2022-06-19,24,220.0
6861,VICENTE LÓPEZ,2022,26,2022-06-26,25,258.0
6861,VICENTE LÓPEZ,2022,27,2022-07-03,26,245.0
6861,VICENTE LÓPEZ,2022,28,2022-07-10,27,297.0
6861,VICENTE LÓPEZ,2022,29,2022-07-17,28,289.0
6861,VICENTE LÓPEZ,2022,30,2022-07-24,29,275.0
6861,VICENTE LÓPEZ,2022,31,2022-07-31,30,241.0
6861,VICENTE LÓPEZ,2022,32,2022-08-07,31,177.0
6861,VICENTE LÓPEZ,2022,33,2022-08-14,32,186.0
6861,VICENTE LÓPEZ,2022,34,2022-08-21,33,212.0
6861,VICENTE LÓPEZ,2022,35,2022-08-28,34,217.0
6861,VICENTE LÓPEZ,2022,36,2022-09-04,35,198.0
6861,VICENTE LÓPEZ,2022,37,2022-09-11,36,220.0
6861,VICENTE LÓPEZ,2022,38,2022-09-18,37,188.0
6861,VICENTE LÓPEZ,2022,39,2022-09-25,38,220.0
6861,VICENTE LÓPEZ,2022,40,2022-10-02,39,169.0
6861,VICENTE LÓPEZ,2022,41,2022-10-09,40,185.0
6861,VICENTE LÓPEZ,2022,42,2022-10-16,41,211.0
6861,VICENTE LÓPEZ,2022,43,2022-10-23,42,173.0
6861,VICENTE LÓPEZ,2022,44,2022-10-30,43,124.0
6861,VICENTE LÓPEZ,2022,45,2022-11-06,44,104.0
6861,VICENTE LÓPEZ,2022,46,2022-11-13,45,90.0
6861,VICENTE LÓPEZ,2022,47,2022-11-20,46,135.0
6861,VICENTE LÓPEZ,2022,48,2022-11-27,47,174.0
6861,VICENTE LÓPEZ,2022,49,2022-12-04,48,
6861,VICENTE LÓPEZ,2022,50,2022-12-11,49,
6861,VICENTE LÓPEZ,2022,51,2022-12-18,50,
6861,VICENTE LÓPEZ,2022,52,2022-12-25,51,
6861,VICENTE LÓPEZ,2023,1,2023-01-01,52,69.0
6861,VICENTE LÓPEZ,2023,2,2023-01-08,53,33.0
6861,VICENTE LÓPEZ,2023,3,2023-01-15,54,34.0
6861,VICENTE LÓPEZ,2023,4,2023-01-22,55,23.0
6861,VICENTE LÓPEZ,2023,5,2023-01-29,56,27.0
6861,VICENTE LÓPEZ,2023,6,2023-02-05,57,21.0
6861,VICENTE LÓPEZ,2023,7,2023-02-12,58,24.0
6861,VICENTE LÓPEZ,2023,8,2023-02-19,59,34.0
6861,VICENTE LÓPEZ,2023,9,2023-02-26,60,38.0
6861,VICENTE LÓPEZ,2023,10,2023-03-05,61,74.0
6861,VICENTE LÓPEZ,2023,11,2023-03-12,62,69.0
6861,VICENTE LÓPEZ,2023,12,2023-03-19,63,62.0
6861,VICENTE LÓPEZ,2023,13,2023-03-26,64,100.0
6861,VICENTE LÓPEZ,2023,14,2023-04-02,65,111.0
6861,VICENTE LÓPEZ,2023,15,2023-04-09,66,89.0
6861,VICENTE LÓPEZ,2023,16,2023-04-16,67,113.0
6861,VICENTE LÓPEZ,2023,17,2023-04-23,68,138.0
6861,VICENTE LÓPEZ,2023,18,2023-04-30,69,153.0
6861,VICENTE LÓPEZ,2023,19,2023-05-07,70,120.0
6861,VICENTE LÓPEZ,2023,20,2023-05-14,71,143.0
6861,VICENTE LÓPEZ,2023,21,2023-05-21,72,163.0
6861,VICENTE LÓPEZ,2023,22,2023-05-28,73,190.0
6861,VICENTE LÓPEZ,2023,23,2023-06-04,74,250.0
6861,VICENTE LÓPEZ,2023,24,2023-06-11,75,244.0
6861,VICENTE LÓPEZ,2023,25,2023-06-18,76,254.0
6861,VICENTE LÓPEZ,2023,26,2023-06-25,77,238.0
6861,VICENTE LÓPEZ,2023,27,2023-07-02,78,176.0
6861,VICENTE LÓPEZ,2023,28,2023-07-09,79,126.0
6861,VICENTE LÓPEZ,2023,29,2023-07-16,80,147.0
6861,VICENTE LÓPEZ,2023,30,2023-07-23,81,136.0
6861,VICENTE LÓPEZ,2023,31,2023-07-30,82,124.0
6861,VICENTE LÓPEZ,2023,32,2023-08-06,83,108.0
6861,VICENTE LÓPEZ,2023,33,2023-08-13,84,119.0
6861,VICENTE LÓPEZ,2023,34,2023-08-20,85,158.0
6861,VICENTE LÓPEZ,2023,35,2023-08-27,86,166.0
6861,VICENTE LÓPEZ,2023,36,2023-09-03,87,114.0
6861,VICENTE LÓPEZ,2023,37,2023-09-10,88,138.0
6861,VICENTE LÓPEZ,2023,38,2023-09-17,89,151.0
6861,VICENTE LÓPEZ,2023,39,2023-09-24,90,104.0
6861,VICENTE LÓPEZ,2023,40,2023-10-01,91,95.0
6861,VICENTE LÓPEZ,2023,41,2023-10-08,92,90.0
6861,VICENTE LÓPEZ,2023,42,2023-10-15,93,90.0
6861,VICENTE LÓPEZ,2023,43,2023-10-22,94,91.0
6861,VICENTE LÓPEZ,2023,44,2023-10-29,95,59.0
6861,VICENTE LÓPEZ,2023,45,2023-11-05,96,112.0
6861,VICENTE LÓPEZ,2023,46,2023-11-12,97,87.0
6861,VICENTE LÓPEZ,2023,47,2023-11-19,98,73.0
6861,VICENTE LÓPEZ,2023,48,2023-11-26,99,67.0
6861,VICENTE LÓPEZ,2023,49,2023-12-03,100,35.0
6861,VICENTE LÓPEZ,2023,50,2023-12-10,101,47.0
6861,VICENTE LÓPEZ,2023,51,2023-12-17,102,36.0
6861,VICENTE LÓPEZ,2023,52,2023-12-24,103,28.0
6861,VICENTE LÓPEZ,2024,1,2023-12-31,104,63.0
6861,VICENTE LÓPEZ,2024,2,2024-01-07,105,81.0
6861,VICENTE LÓPEZ,2024,3,2024-01-14,106,59.0
6861,VICENTE LÓPEZ,2024,4,2024-01-21,107,76.0
6861,VICENTE LÓPEZ,2024,5,2024-01-28,108,206.0
6861,VICENTE LÓPEZ,2024,6,2024-02-04,109,145.0
6861,VICENTE LÓPEZ,2024,7,2024-02-11,110,168.0
6861,VICENTE LÓPEZ,2024,8,2024-02-18,111,139.0
6861,VICENTE LÓPEZ,2024,9,2024-02-25,112,142.0
6861,VICENTE LÓPEZ,2024,10,2024-03-03,113,145.0
6861,VICENTE LÓPEZ,2024,11,2024-03-10,114,163.0
6861,VICENTE LÓPEZ,2024,12,2024-03-17,115,141.0
6861,VICENTE LÓPEZ,2024,13,2024-03-24,116,195.0
6861,VICENTE LÓPEZ,2024,14,2024-03-31,117,174.0
6861,VICENTE LÓPEZ,2024,15,2024-04-07,118,203.0
6861,VICENTE LÓPEZ,2024,16,2024-04-14,119,279.0
6861,VICENTE LÓPEZ,2024,17,2024-04-21,120,361.0
6861,VICENTE LÓPEZ,2024,18,2024-04-28,121,227.0
6861,VICENTE LÓPEZ,2024,19,2024-05-05,122,286.0
6861,VICENTE LÓPEZ,2024,20,2024-05-12,123,379.0
6861,VICENTE LÓPEZ,2024,21,2024-05-19,124,497.0
6861,VICENTE LÓPEZ,2024,22,2024-05-26,125,608.0
6861,VICENTE LÓPEZ,2024,23,2024-06-02,126,501.0
6861,VICENTE LÓPEZ,2024,24,2024-06-09,127,436.0
6861,VICENTE LÓPEZ,2024,25,2024-06-16,128,404.0
6861,VICENTE LÓPEZ,2024,26,2024-06-23,129,286.0
6861,VICENTE LÓPEZ,2024,27,2024-06-30,130,345.0
6861,VICENTE LÓPEZ,2024,28,2024-07-07,131,410.0
6861,VICENTE LÓPEZ,2024,29,2024-07-14,132,377.0
6861,VICENTE LÓPEZ,2024,30,2024-07-21,133,308.0
6861,VICENTE LÓPEZ,2024,31,2024-07-28,134,33.0
6861,VICENTE LÓPEZ,2024,32,2024-08-04,135,21.0
6861,VICENTE LÓPEZ,2024,33,2024-08-11,136,16.0
6861,VICENTE LÓPEZ,2024,34,2024-08-18,137,13.0
6861,VICENTE LÓPEZ,2024,35,2024-08-25,138,43.0
6861,VICENTE LÓPEZ,2024,36,2024-09-01,139,59.0
6861,VICENTE LÓPEZ,2024,37,2024-09-08,140,37.0
6861,VICENTE LÓPEZ,2024,38,2024-09-15,141,29.0
6861,VICENTE LÓPEZ,2024,39,2024-09-22,142,32.0
6861,VICENTE LÓPEZ,2024,40,2024-09-29,143,22.0
6861,VICENTE LÓPEZ,2024,41,2024-10-06,144,8.0
6861,VICENTE LÓPEZ,2024,42,2024-10-13,145,25.0
6861,VICENTE LÓPEZ,2024,43,2024-10-20,146,20.0
6861,VICENTE LÓPEZ,2024,44,2024-10-27,147,8.0
6861,VICENTE LÓPEZ,2024,45,2024-11-03,148,27.0
6861,VICENTE LÓPEZ,2024,46,2024-11-10,149,43.0
6861,VICENTE LÓPEZ,2024,47,2024-11-17,150,23.0
6861,VICENTE LÓPEZ,2024,48,2024-11-24,151,22.0
6861,VICENTE LÓPEZ,2024,49,2024-12-01,152,12.0
6861,VICENTE LÓPEZ,2024,50,2024-12-08,153,0.0
6861,VICENTE LÓPEZ,2024,51,2024-12-15,154,27.0
6861,VICENTE LÓPEZ,2024,52,2024-12-22,155,28.0
6861,VICENTE LÓPEZ,2025,1,2024-12-29,156,26.0
6861,VICENTE LÓPEZ,2025,2,2025-01-05,157,11.0
6861,VICENTE LÓPEZ,2025,3,2025-01-12,158,22.0
6861,VICENTE LÓPEZ,2025,4,2025-01-19,159,30.0
6861,VICENTE LÓPEZ,2025,5,2025-01-26,160,20.0
6861,VICENTE LÓPEZ,2025,6,2025-02-02,161,24.0
6861,VICENTE LÓPEZ,2025,7,2025-02-09,162,18.0
6861,VICENTE LÓPEZ,2025,8,2025-02-16,163,20.0
6861,VICENTE LÓPEZ,2025,9,2025-02-23,164,35.0
6861,VICENTE LÓPEZ,2025,10,2025-03-02,165,18.0
6861,VICENTE LÓPEZ,2025,11,2025-03-09,166,59.0
6861,VICENTE LÓPEZ,2025,12,2025-03-16,167,38.0
6861,VICENTE LÓPEZ,2025,13,2025-03-23,168,84.0
6861,VICENTE LÓPEZ,2025,14,2025-03-30,169,68.0
6861,VICENTE LÓPEZ,2025,15,2025-04-06,170,41.0
6861,VICENTE LÓPEZ,2025,16,2025-04-13,171,23.0
6861,VICENTE LÓPEZ,2025,17,2025-04-20,172,87.0
6861,VICENTE LÓPEZ,2025,18,2025-04-27,173,51.0
6861,VICENTE LÓPEZ,2025,19,2025-05-04,174,89.0
6861,VICENTE LÓPEZ,2025,20,2025-05-11,175,103.0
6861,VICENTE LÓPEZ,2025,21,2025-05-18,176,117.0
6861,VICENTE LÓPEZ,2025,22,2025-05-25,177,324.0
6861,VICENTE LÓPEZ,2025,23,2025-06-01,178,203.0
6861,VICENTE LÓPEZ,2025,24,2025-06-08,179,248.0
6861,VICENTE LÓPEZ,2025,25,2025-06-15,180,170.0
6861,VICENTE LÓPEZ,2025,26,2025-06-22,181,76.0
6861,VICENTE LÓPEZ,2025,27,2025-06-29,182,123.0
6861,VICENTE LÓPEZ,2025,28,2025-07-06,183,66.0
6861,VICENTE LÓPEZ,2025,29,2025-07-13,184,12.0
6861,VICENTE LÓPEZ,2025,30,2025-07-20,185,18.0
6861,VICENTE LÓPEZ,2025,31,2025-07-27,186,44.0
6861,VICENTE LÓPEZ,2025,32,2025-08-03,187,32.0
6861,VICENTE LÓPEZ,2025,33,2025-08-10,188,49.0
6861,VICENTE LÓPEZ,2025,34,2025-08-17,189,56.0
6861,VICENTE LÓPEZ,2025,35,2025-08-24,190,59.0
6861,VICENTE LÓPEZ,2025,36,2025-08-31,191,78.0
6861,VICENTE LÓPEZ,2025,37,2025-09-07,192,90.0
6861,VICENTE LÓPEZ,2025,38,2025-09-14,193,93.0
6861,VICENTE LÓPEZ,2025,39,2025-09-21,194,73.0
6861,VICENTE LÓPEZ,2025,40,2025-09-28,195,31.0
6861,VICENTE LÓPEZ,2025,41,2025-10-05,196,54.0
6861,VICENTE LÓPEZ,2025,42,2025-10-12,197,40.0
6861,VICENTE LÓPEZ,2025,43,2025-10-19,198,20.0
6861,VICENTE LÓPEZ,2025,44,2025-10-26,199,24.0
6861,VICENTE LÓPEZ,2025,45,2025-11-02,200,50.0
6861,VICENTE LÓPEZ,2025,46,2025-11-09,201,32.0
6861,VICENTE LÓPEZ,2025,47,2025-11-16,202,22.0
6861,VICENTE LÓPEZ,2025,48,2025-11-23,203,30.0
6861,VICENTE LÓPEZ,2025,49,2025-11-30,204,10.0
6861,VICENTE LÓPEZ,2025,50,2025-12-07,205,4.0
6861,VICENTE LÓPEZ,2025,51,2025-12-14,206,35.0
6861,VICENTE LÓPEZ,2025,52,2025-12-21,207,8.0
6861,VICENTE LÓPEZ,2025,53,2025-12-28,208,
6861,VICENTE LÓPEZ,2026,1,2026-01-04,209,
6861,VICENTE LÓPEZ,2026,2,2026-01-11,210,
6861,VICENTE LÓPEZ,2026,3,2026-01-18,211,
6861,VICENTE LÓPEZ,2026,4,2026-01-25,212,
6861,VICENTE LÓPEZ,2026,5,2026-02-01,213,
6861,VICENTE LÓPEZ,2026,6,2026-02-08,214,
6861,VICENTE LÓPEZ,2026,7,2026-02-15,215,
6861,VICENTE LÓPEZ,2026,8,2026-02-22,216,
6861,VICENTE LÓPEZ,2026,9,2026-03-01,217,
