model,variant,neighborhood,CI_coverage_flu_season,CI_coverage_off_season,CI_coverage_overall,Corr_flu_season,Corr_off_season,Corr_overall,MAE_flu_season,MAE_off_season,MAE_overall,MAPE_flu_season,MAPE_off_season,MAPE_overall,RMSE_flu_season,RMSE_off_season,RMSE_overall,target_kind,normalize,n_params,git_sha,kg_co2,kwh,runtime_s,mean_rank
lstm,post_covid,Allston/Brighton,92.3076923076923,100.0,95.91836734693877,0.6400682067516223,0.7194167306602474,0.7113966108072506,11.352085062173698,3.243156167735224,7.545853132131148,52.293343624993994,97.99591880984104,73.74557279339157,17.189506500257654,4.026577788405108,12.821668550529466,level,train,21390,8dd9348,,,,2.3333333333333335
gnn_multiedge_covid_rsv,post_covid,Allston/Brighton,96.15384615384616,100.0,97.95918367346938,0.5986234922104557,0.7539364868377648,0.6879466204746788,11.588635288752045,3.331788120062455,7.712972332020195,61.19623711900273,73.62484290669231,67.03007248873458,17.789075058449843,4.482174834150969,13.31701265446804,delta,train,6337,8dd9348,,,,4.0
lstm,exclude_covid,Allston/Brighton,84.61538461538461,100.0,91.83673469387756,0.6084770051709674,0.7399810308783493,0.6815880789526472,12.235235111530011,2.753513195203698,7.784630946723783,52.63595880409259,66.75908001488162,59.265178964258865,18.366079471111192,3.542808796301803,13.59683270401153,level,train,21390,8dd9348,,,,4.333333333333333
arima,post_covid,Allston/Brighton,92.3076923076923,100.0,95.91836734693877,0.5516360227481959,0.5164977432282202,0.6380888367202237,12.207054936667314,5.397665798319767,9.010811055402138,62.60886238646377,150.8895633094515,104.04674241153964,18.2896468249832,6.648376480589805,14.079882617483976,level,none,,8dd9348,,,,7.333333333333333
arima,exclude_covid,Allston/Brighton,92.3076923076923,100.0,95.91836734693877,0.530187737081394,0.7288473918598563,0.6336000214522296,12.264599830469397,3.895599233348519,8.336293427739188,62.114634472598816,112.8563566526144,85.93217753668777,18.875499959758606,4.78473805444397,14.134884106672333,level,none,,8dd9348,,,,8.333333333333334
gnn_multiedge_covid_rsv_full,full,Allston/Brighton,88.46153846153845,100.0,93.87755102040816,0.6110234476071551,0.765241717316546,0.7021117807073007,13.131311379946196,3.8853429763213447,8.791367027224327,76.26862097297037,78.48865189266532,77.31067630262308,18.9020152118945,5.405097205767491,14.258107181333475,delta,train,6337,8dd9348,,,,9.333333333333334
gnn_multiedge_leaknorm,post_covid,Allston/Brighton,96.15384615384616,100.0,97.95918367346938,0.737589362865116,0.71008781550886,0.7621907901830122,11.860131832269522,7.072846537050993,9.613038734513886,68.73794922351279,131.10664489852385,98.01305127504855,16.855542504252583,11.155881261619394,14.462673233271047,delta,all,4801,8dd9348,,,,7.666666666666667
gnn_multiedge_full,full,Allston/Brighton,92.3076923076923,100.0,95.91836734693877,0.6708074621634071,0.7153755321636057,0.7293054109861448,12.926259976166945,5.687515979227812,9.52848218168531,72.13896862647577,98.7459843538796,84.62797600872656,18.20925246357625,8.769309538434657,14.561422980965531,delta,train,4801,8dd9348,,,,8.666666666666666
gnn_multiedge_rt,post_covid,Allston/Brighton,92.3076923076923,100.0,95.91836734693877,0.6902042576203389,0.6946760088059551,0.7336810623855267,13.590545305838951,6.633622221324755,10.325050796781268,77.62340869885765,116.1442220319964,95.7046067940044,18.457824255162823,10.63289575411687,15.291933341556984,delta,train,5313,8dd9348,,,,10.333333333333334
gnn_multiedge,post_covid,Allston/Brighton,100.0,100.0,100.0,0.722297167286032,0.6920494315181573,0.7326110453993289,12.077030695401705,8.172406165496163,10.24424775279298,74.45130136105564,144.20832371281952,107.19439348535298,16.84589573777721,13.482450800854158,15.35913496325258,delta,train,4801,8dd9348,,,,9.666666666666666
persistence,exclude_covid,Allston/Brighton,88.46153846153845,100.0,93.87755102040816,0.5212687220298057,0.7190280518502031,0.6277238909620055,13.665384615384616,3.21304347826087,8.759183673469387,71.83608980149234,70.59730208084649,71.25461801425041,21.137907981778937,4.174508562589186,15.660883286268447,level,none,0,8dd9348,,,,9.666666666666666
persistence,post_covid,Allston/Brighton,92.3076923076923,100.0,95.91836734693877,0.5212687220298057,0.7190280518502031,0.6277238909620055,13.665384615384616,3.21304347826087,8.759183673469387,71.83608980149234,70.59730208084649,71.25461801425041,21.137907981778937,4.174508562589186,15.660883286268447,level,none,0,8dd9348,,,,9.666666666666666
gnn_multiedge_season,post_covid,Allston/Brighton,100.0,100.0,100.0,0.6970505369635446,0.7225636918782773,0.7404820063901192,14.178688966310942,6.988989539768385,10.8039320926277,81.44240675260322,116.78869671039192,98.03352244707546,18.784515871205873,11.302631681806274,15.722431042810316,delta,train,4865,8dd9348,,,,12.666666666666666
gnn_corrbinary,post_covid,Allston/Brighton,100.0,100.0,100.0,0.7010255060532977,0.6728733770441592,0.6865155065764764,13.079506562306332,9.828639299973196,11.553589275905065,77.9854558585015,155.35203831361986,114.30038231702646,17.983412909865816,17.174133117392973,17.608179423985135,delta,train,4801,8dd9348,,,,12.666666666666666
dualtopo_fullhistory,full,Allston/Brighton,80.76923076923077,100.0,89.79591836734694,0.1503514461845345,0.7044235482745563,0.3760464795347379,16.248405254804172,2.5345092856365703,9.811270412133664,66.77923461683923,46.99632768331659,57.49338034192044,24.45177494576929,3.119736790130034,17.939225732202676,level,train,479905,8dd9348,,,,12.333333333333334
dualtopo,post_covid,Allston/Brighton,80.76923076923077,100.0,89.79591836734694,-0.1252870745017274,-0.6559479999213018,-0.3420011974403315,14.04103891666119,11.575054168701172,12.883535871700364,71.48774144345276,327.7136802228512,191.75705964602753,22.283656466859117,12.259466866307156,18.276431306811684,level,train,479905,8dd9348,,,,16.333333333333332
dualtopo_no_bg,post_covid,Allston/Brighton,80.76923076923077,100.0,89.79591836734694,0.0037716042902637,-0.8294483870904995,-0.3157320938546161,14.125135898590088,11.941445392111074,13.100138313916265,73.42209532225343,336.4321009377383,196.875771427481,22.18142864803397,12.605003167177015,18.320720181230207,level,train,479905,8dd9348,,,,16.666666666666668
gnn_uniform,post_covid,Allston/Brighton,100.0,100.0,100.0,0.6877767544420301,0.6846330459720409,0.6712552330060085,14.221293706160326,10.527282517889272,12.487370087175954,78.0693691235988,160.9885882123416,116.99063522647808,19.865671588001874,18.658176820916957,19.308294469727,delta,train,4801,8dd9348,,,,17.333333333333332
gnn_multiedge_season_level,post_covid,Allston/Brighton,88.46153846153845,86.95652173913044,87.75510204081633,0.6084849943513625,0.6382788307193794,0.640166608987346,17.229130011338455,10.733372978542162,14.18010120002591,104.9583571179736,184.86958496424387,142.4677089641821,22.43814733178986,18.446968499465804,20.66097411844386,level,train,4865,8dd9348,,,,19.0
seasonal_naive,exclude_covid,Allston/Brighton,96.15384615384616,100.0,97.95918367346938,0.0330273076450547,0.6129804020469202,0.3017583216912435,22.473076923076924,3.639130434782609,13.632653061224488,152.37160767446832,96.1814588608294,125.99663986398475,31.451653986102837,4.549773047373758,23.12145394764484,level,none,0,8dd9348,,,,16.333333333333332
seasonal_naive,post_covid,Allston/Brighton,100.0,100.0,100.0,0.0330273076450547,0.6129804020469202,0.3017583216912435,22.473076923076924,3.639130434782609,13.632653061224488,152.37160767446832,96.1814588608294,125.99663986398475,31.451653986102837,4.549773047373758,23.12145394764484,level,none,0,8dd9348,,,,16.333333333333332
gnn_geo,post_covid,Allston/Brighton,92.3076923076923,78.26086956521739,85.71428571428571,0.6059837406948764,0.6703064311535998,0.567186317951316,16.51697037770198,15.324604874071868,15.957288610691927,108.39666615709392,253.4053946909199,176.46198771378772,23.260243478124025,26.34113839815538,24.75417517937568,delta,train,4801,8dd9348,,,,21.333333333333332
gnn_multiedge_level,post_covid,Allston/Brighton,84.61538461538461,78.26086956521739,81.63265306122449,0.5623431417389119,0.6288876748787473,0.5466189123011561,17.542954903382523,13.989092951235564,15.874815619721703,106.77986401877328,217.77606664093153,158.8801223924394,24.04092222114641,25.81453756881242,24.889179896391063,level,train,4801,8dd9348,,,,21.666666666666668
arima,exclude_covid,Back Bay/Beacon Hill/Downtown/North End/West End,96.15384615384616,100.0,97.82608695652172,0.5694296203691036,0.5199979891582969,0.6695721151488778,7.153715817256087,3.5576360190332585,5.590202861507032,56.71292935657502,135.1202968117486,90.80308911969396,11.92406939562869,3.981967993980545,9.341225348873037,level,none,,8dd9348,,,,3.0
arima,post_covid,Back Bay/Beacon Hill/Downtown/North End/West End,96.15384615384616,100.0,97.82608695652172,0.5581513403412666,0.4772866975326388,0.659168546578875,7.243750603569391,3.8968269214506472,5.7885663939525465,59.9142851683781,153.56352695144503,100.63134681318982,11.929552656981135,4.291951789026751,9.404655293447734,level,none,,8dd9348,,,,4.333333333333333
lstm,post_covid,Back Bay/Beacon Hill/Downtown/North End/West End,96.15384615384616,100.0,97.82608695652172,0.6337468250541104,0.5322527591500736,0.6938325049034636,8.474959934674775,2.963554525375366,6.078696713240251,56.38840176156011,125.2377054549232,86.32288162823971,12.244791539035155,3.2833406609313136,9.456898142085167,level,train,21390,8dd9348,,,,3.6666666666666665
gnn_multiedge_covid_rsv,post_covid,Back Bay/Beacon Hill/Downtown/North End/West End,96.15384615384616,100.0,97.82608695652172,0.5450922241145314,0.4344654933763497,0.6553970513306463,8.325787379191471,3.0629794597625732,6.037610022918038,58.8414197352074,75.83098407488356,66.22818683941443,12.2426432984223,4.1831047420230325,9.608541822476893,delta,train,6337,8dd9348,,,,5.333333333333333
lstm,exclude_covid,Back Bay/Beacon Hill/Downtown/North End/West End,96.15384615384616,100.0,97.82608695652172,0.651841273783746,0.5447281267139641,0.7074510580402189,8.845386094313401,2.8736495399475097,6.248978896763013,57.73111353459888,98.12829851557956,75.29510700459048,12.600193390443456,3.3448216114089653,9.72630157003021,level,train,21390,8dd9348,,,,5.666666666666667
gnn_multiedge_covid_rsv_full,full,Back Bay/Beacon Hill/Downtown/North End/West End,96.15384615384616,100.0,97.82608695652172,0.6181273868833302,0.4833309581484252,0.7126841772212065,8.360350572145903,3.280485463142395,6.151713568231334,70.77700952099269,77.03536766939611,73.49803480290721,12.341347665300503,4.6181293374752,9.76525872744832,delta,train,6337,8dd9348,,,,7.333333333333333
gnn_multiedge_full,full,Back Bay/Beacon Hill/Downtown/North End/West End,96.15384615384616,100.0,97.82608695652172,0.6899092174934282,0.6619593191717068,0.7508771300275201,8.637575232065641,4.28698297739029,6.746013382206792,68.99862501726406,85.2133852697228,76.04852077920266,11.851149315172488,6.824101578354658,9.981570506152387,delta,train,4801,8dd9348,,,,6.666666666666667
persistence,exclude_covid,Back Bay/Beacon Hill/Downtown/North End/West End,96.15384615384616,100.0,97.82608695652172,0.535733337581994,0.548437126052163,0.6503067955895663,7.950000000000001,2.485,5.57391304347826,60.25540665525797,56.13497159983885,58.46391315290184,13.537796093785836,3.5769400330450045,10.447550160100985,level,none,0,8dd9348,,,,7.666666666666667
persistence,post_covid,Back Bay/Beacon Hill/Downtown/North End/West End,96.15384615384616,100.0,97.82608695652172,0.535733337581994,0.548437126052163,0.6503067955895663,7.950000000000001,2.485,5.57391304347826,60.25540665525797,56.13497159983885,58.46391315290184,13.537796093785836,3.5769400330450045,10.447550160100985,level,none,0,8dd9348,,,,7.666666666666667
gnn_multiedge_leaknorm,post_covid,Back Bay/Beacon Hill/Downtown/North End/West End,96.15384615384616,100.0,97.82608695652172,0.6888276849728208,0.6357653680346362,0.7364938774547637,8.826432750775265,5.395925188064576,7.334907723509747,70.37978556556685,124.1697142596051,93.7667110847139,12.210070016881868,8.11263538842209,10.624549212079812,delta,all,4801,8dd9348,,,,9.333333333333334
gnn_multiedge_rt,post_covid,Back Bay/Beacon Hill/Downtown/North End/West End,96.15384615384616,100.0,97.82608695652172,0.6734907284123929,0.6786260561169901,0.7349303789049194,9.187169478489803,4.920507448911667,7.332099030847135,76.36036240499205,103.63751642964758,88.21999458962487,12.55175670897174,7.4810958169080655,10.648073311072508,delta,train,5313,8dd9348,,,,10.666666666666666
gnn_multiedge_season,post_covid,Back Bay/Beacon Hill/Downtown/North End/West End,96.15384615384616,100.0,97.82608695652172,0.6561971938792325,0.6726029511705791,0.7241209608537776,10.574173046992374,5.2379395246505736,8.254071515539419,85.86743132059127,108.28056394443828,95.61227159182911,13.853193307966048,8.299725679348319,11.7652713087709,delta,train,4865,8dd9348,,,,13.666666666666666
gnn_multiedge,post_covid,Back Bay/Beacon Hill/Downtown/North End/West End,96.15384615384616,100.0,97.82608695652172,0.6409319495556421,0.6748590309631307,0.6937300979562111,9.680978756684524,6.447105741500854,8.274947010952493,81.00338776534127,139.5506215540355,106.458706803904,13.093779062588736,9.831045212362197,11.786702440155452,delta,train,4801,8dd9348,,,,13.666666666666666
dualtopo_fullhistory,full,Back Bay/Beacon Hill/Downtown/North End/West End,84.61538461538461,100.0,91.30434782608695,0.1627313330241308,0.6615563889301006,0.3878949073226709,10.998573504961454,1.9322360754013064,7.056687666022259,68.11781461528803,48.88848252161974,59.7572354441279,16.189087537422658,2.595970490075163,12.29088712735498,level,train,479905,8dd9348,,,,11.0
dualtopo,post_covid,Back Bay/Beacon Hill/Downtown/North End/West End,88.46153846153845,100.0,93.47826086956522,-0.2613386439574562,-0.6820298107227329,-0.4499430887972989,9.213620809408336,7.436903381347657,8.441134971121084,78.74881036135828,333.22177640548966,189.38923038054585,14.943823327101038,8.127832475526576,12.447714528680711,level,train,479905,8dd9348,,,,15.333333333333334
dualtopo_no_bg,post_covid,Back Bay/Beacon Hill/Downtown/North End/West End,88.46153846153845,100.0,93.47826086956522,0.0944338982079186,-0.2024869596151566,-0.1351330832525419,9.179524971888616,7.735580205917358,8.5517228997272,80.42797732610468,343.9875117384113,195.01907924449884,14.833405628763916,8.400967705197282,12.451910237519282,level,train,479905,8dd9348,,,,15.666666666666666
gnn_corrbinary,post_covid,Back Bay/Beacon Hill/Downtown/North End/West End,96.15384615384616,100.0,97.82608695652172,0.5998650569343605,0.6965096828892138,0.6486543343874674,10.970315337181091,7.615176475048065,9.511559310166732,91.29880833882692,139.78250801179271,112.3786777618555,14.855363279845394,12.5357269281784,13.894490826393552,delta,train,4801,8dd9348,,,,17.0
gnn_uniform,post_covid,Back Bay/Beacon Hill/Downtown/North End/West End,96.15384615384616,100.0,97.82608695652172,0.6094598896721476,0.6918615126544121,0.6264056959571339,11.26741550518916,8.406347048282623,10.023472697838493,88.20729985751201,151.70351137805923,115.81434834470645,15.160378537444762,14.157082722390696,14.73256068280486,delta,train,4801,8dd9348,,,,18.666666666666668
gnn_multiedge_season_level,post_covid,Back Bay/Beacon Hill/Downtown/North End/West End,92.3076923076923,95.0,93.47826086956522,0.5792253301702338,0.7331922414746423,0.6324893794089153,12.75480947127709,8.260596799850465,10.800803961961163,105.8665158463332,159.05429649861105,128.9916378690627,16.457432750010543,14.065133159442052,15.462847357601207,level,train,4865,8dd9348,,,,19.333333333333332
seasonal_naive,exclude_covid,Back Bay/Beacon Hill/Downtown/North End/West End,96.15384615384616,100.0,97.82608695652172,0.0267565355216629,0.231517140305807,0.2657656464926163,16.11923076923077,3.94,10.823913043478262,145.3626361606654,133.68421256513446,140.2850606843476,23.641789923126183,4.997599423723354,18.077015192250897,level,none,0,8dd9348,,,,17.333333333333332
seasonal_naive,post_covid,Back Bay/Beacon Hill/Downtown/North End/West End,96.15384615384616,100.0,97.82608695652172,0.0267565355216629,0.231517140305807,0.2657656464926163,16.11923076923077,3.94,10.823913043478262,145.3626361606654,133.68421256513446,140.2850606843476,23.641789923126183,4.997599423723354,18.077015192250897,level,none,0,8dd9348,,,,17.333333333333332
gnn_multiedge_level,post_covid,Back Bay/Beacon Hill/Downtown/North End/West End,88.46153846153845,75.0,82.6086956521739,0.5090325541951127,0.7301584108195445,0.5305563009007616,13.74686740911924,11.200749599933625,12.63985966599506,115.1812733412392,188.23736091298113,146.94478967677918,18.482232425452636,20.12101377031275,19.211930002883555,level,train,4801,8dd9348,,,,21.666666666666668
gnn_geo,post_covid,Back Bay/Beacon Hill/Downtown/North End/West End,96.15384615384616,90.0,93.47826086956522,0.4869198280930179,0.7078457187725828,0.5134556866165025,13.26632780295152,12.611971068382264,12.98182487487793,123.66286452831888,272.8109620011691,188.5098634295581,18.861961191029486,19.863736719678013,19.303904656066436,delta,train,4801,8dd9348,,,,22.0
lstm,post_covid,Charlestown,90.47619047619048,100.0,94.28571428571428,0.4760100553343183,0.574219474944801,0.5410616635751759,14.904279336475192,3.588536752973285,10.377982303074427,73.81900342960182,48.37576273478747,63.64170715167607,23.6422837424275,4.676695737928533,18.550556367519945,level,train,21390,8dd9348,,,,1.3333333333333333
gnn_multiedge_covid_rsv,post_covid,Charlestown,80.95238095238095,100.0,88.57142857142857,0.4849997788746506,0.3909363667914365,0.5351611630422718,15.285214174361457,3.636438710348947,10.625703988756452,91.2776600675675,42.41671074022277,71.73328033662959,24.904511217133216,5.451029800740465,19.59658893108729,delta,train,6337,8dd9348,,,,3.0
lstm,exclude_covid,Charlestown,80.95238095238095,100.0,88.57142857142857,0.3919510599642082,0.5293258283543204,0.4661476078205825,16.011880384172713,3.758240563528879,11.11042445591518,85.78113618383819,50.18223017849135,71.54157378169943,25.882022493786067,4.862712931014426,20.282648836902215,level,train,21390,8dd9348,,,,3.0
arima,post_covid,Charlestown,90.47619047619048,100.0,94.28571428571428,0.2798378331917059,0.2769043779115816,0.3650630490322034,16.901989209666883,5.342967175507489,12.278380396003124,101.20283790944202,80.4540710573039,92.9033311685868,26.137139855861783,6.516401280674171,20.66096421194413,level,none,,8dd9348,,,,5.333333333333333
dualtopo_fullhistory,full,Charlestown,85.71428571428571,100.0,91.42857142857144,0.2491275817119542,0.6087819167076536,0.3870437617803182,19.764737583342058,3.79497834614345,13.376833888462611,112.2330454386019,44.21074978865375,85.02412717862265,26.48741890630866,4.296119205137903,20.696199464656996,level,train,479905,8dd9348,,,,3.6666666666666665
gnn_multiedge_covid_rsv_full,full,Charlestown,80.95238095238095,100.0,88.57142857142857,0.4980686574867979,0.5166630717434533,0.5585309975623977,17.917579832531157,3.7393798828125,12.246299852643697,108.92901121200208,44.037700764950074,82.97248703318128,26.793258740904985,5.25850945277783,21.01875346066532,delta,train,6337,8dd9348,,,,5.333333333333333
dualtopo,post_covid,Charlestown,80.95238095238095,100.0,88.57142857142857,-0.0448122503164837,-0.533958231961361,-0.2159950397175896,17.36284283229283,9.068268844059537,14.045013236999512,108.7549516910709,133.76836481399067,118.76031694023882,27.064840921665265,10.217426286986894,21.937677371158333,level,train,479905,8dd9348,,,,9.666666666666666
dualtopo_no_bg,post_covid,Charlestown,80.95238095238095,100.0,88.57142857142857,0.0447490646688116,-0.2819980119755655,-0.0876902791595959,17.459961028326127,9.361339500972203,14.220512417384557,111.56982542202864,138.1102652731247,122.18600136246708,26.98115211633259,10.57097401018179,21.942828858749795,level,train,479905,8dd9348,,,,10.0
gnn_multiedge_leaknorm,post_covid,Charlestown,80.95238095238095,100.0,88.57142857142857,0.5486473321192978,0.5121091169657361,0.5851018126168767,19.2938311000665,7.646618740899222,14.634946156399591,116.30293917337931,87.19988995356755,104.66171948545464,27.572943789943768,11.274528645482532,22.51680119415637,delta,all,4801,8dd9348,,,,11.666666666666666
persistence,exclude_covid,Charlestown,90.47619047619048,100.0,94.28571428571428,0.4012181699391154,0.2889205333986249,0.4636399505186809,17.90952380952381,4.035714285714286,12.36,97.4925342878366,45.94713538888296,76.87437472825513,28.951905932819987,6.2929098424905385,22.776479095768952,level,none,0,8dd9348,,,,9.666666666666666
persistence,post_covid,Charlestown,90.47619047619048,100.0,94.28571428571428,0.4012181699391154,0.2889205333986249,0.4636399505186809,17.90952380952381,4.035714285714286,12.36,97.4925342878366,45.94713538888296,76.87437472825513,28.951905932819987,6.2929098424905385,22.776479095768952,level,none,0,8dd9348,,,,9.666666666666666
arima,exclude_covid,Charlestown,90.47619047619048,100.0,94.28571428571428,0.223951648445465,0.1151610186138615,0.2988439723774855,17.941991335147186,5.76941760634642,13.072961843626878,97.13907202978616,81.78175527546601,90.99614532805808,28.865575571311823,7.047412292497564,22.799106996679647,level,none,,8dd9348,,,,10.666666666666666
gnn_multiedge,post_covid,Charlestown,85.71428571428571,100.0,91.42857142857144,0.5483481952820622,0.5167935432907219,0.5751351435199558,20.539170986130124,9.627607004983084,16.17454539367131,133.5314180727621,106.67876967931178,122.79035871538196,26.907460212442093,14.646544439707204,22.8082299764848,delta,train,4801,8dd9348,,,,12.666666666666666
gnn_multiedge_full,full,Charlestown,80.95238095238095,100.0,88.57142857142857,0.480382778659388,0.5229000116805769,0.5331142308005729,20.631334441048757,6.213437216622489,14.864175551278253,130.0931415198283,70.43690454980968,106.23064673182084,29.534346035188086,10.028934544120135,23.74022680329395,delta,train,4801,8dd9348,,,,13.666666666666666
gnn_multiedge_rt,post_covid,Charlestown,85.71428571428571,100.0,91.42857142857144,0.4926898503235188,0.5107722391443913,0.5404138509218228,21.387947071166263,7.178614275796073,15.704213953018188,131.83244392735443,82.52092382457546,112.10783588624284,29.844815182149578,11.197446236143124,24.178108214633458,delta,train,5313,8dd9348,,,,15.333333333333334
gnn_multiedge_season,post_covid,Charlestown,85.71428571428571,100.0,91.42857142857144,0.5106953792699601,0.5037764266728322,0.558278281181741,22.837745848156157,7.776692254202707,16.813324410574776,144.11754858175877,89.53388143391076,122.28408172261958,30.40114316444665,12.112537611112485,24.76334247179396,delta,train,4865,8dd9348,,,,17.0
gnn_uniform,post_covid,Charlestown,90.47619047619048,100.0,94.28571428571428,0.5433288686194089,0.5490273594198114,0.5412486289827875,21.227866013844807,13.068651982716151,17.964180401393346,121.78779229934284,133.13050675186875,126.32487808035324,28.947054614577866,21.24607009858448,26.14034009666283,delta,train,4801,8dd9348,,,,16.333333333333332
gnn_corrbinary,post_covid,Charlestown,90.47619047619048,100.0,94.28571428571428,0.5098209217779159,0.5375083631085674,0.5365780393202724,24.065822374253045,11.766135590417043,19.145947660718644,158.4045384821892,121.89741055840142,143.80168731267406,30.08161146060469,19.139810644709137,26.257855004668578,delta,train,4801,8dd9348,,,,18.0
seasonal_naive,exclude_covid,Charlestown,90.47619047619048,100.0,94.28571428571428,0.0719051359378256,0.4615981405055105,0.2205765812220839,26.738095238095237,6.235714285714286,18.537142857142857,191.21899068230292,61.37329081817023,139.28071073664984,35.86212353949365,8.798660612356212,28.330579137845277,level,none,0,8dd9348,,,,17.0
seasonal_naive,post_covid,Charlestown,95.23809523809524,100.0,97.14285714285714,0.0719051359378256,0.4615981405055105,0.2205765812220839,26.738095238095237,6.235714285714286,18.537142857142857,191.21899068230292,61.37329081817023,139.28071073664984,35.86212353949365,8.798660612356212,28.330579137845277,level,none,0,8dd9348,,,,17.0
gnn_multiedge_season_level,post_covid,Charlestown,61.904761904761905,85.71428571428571,71.42857142857143,0.4013815941816468,0.5808733853827137,0.4533166418347851,26.58788249606178,13.851369142532349,21.49327715465001,215.00779434743217,138.36634193310044,184.35121338169947,33.521999032618425,22.799725430629355,29.70127343011671,level,train,4865,8dd9348,,,,20.333333333333332
gnn_geo,post_covid,Charlestown,80.95238095238095,78.57142857142857,80.0,0.4941257489643743,0.5531067869761634,0.4880090040558181,28.86010660443987,19.288736002785814,25.03155836377825,181.27037152232083,198.4022910734286,188.12313934276395,34.91653739625653,31.073802667030225,33.43248771961672,delta,train,4801,8dd9348,,,,21.333333333333332
gnn_multiedge_level,post_covid,Charlestown,61.904761904761905,71.42857142857143,65.71428571428571,0.3655492363741667,0.5725528076557334,0.3850523245116428,27.87543535232544,19.578459569386073,24.556645039149693,219.14809558172968,186.98749490714007,206.2838553118939,35.41304800187408,32.953820371681694,34.45042949087062,level,train,4801,8dd9348,,,,22.333333333333332
gnn_multiedge_covid_rsv,post_covid,Dorchester,92.3076923076923,100.0,95.91836734693877,0.759976722279244,0.7882435339261068,0.8038672067952771,26.6466462795551,10.832533960757049,19.223695599302953,33.247331567659955,72.67805328682279,51.75562951747108,42.99122852677499,14.736166280870204,32.90336646426297,delta,train,6337,8dd9348,,,,3.0
arima,post_covid,Dorchester,88.46153846153845,100.0,93.87755102040816,0.727647994932557,0.6841862101698373,0.7765581060692544,30.45808799137384,16.001983914709566,23.67256975130693,45.469880907658954,152.7537103623717,95.82759677415676,45.92665094790987,17.847119569738066,35.61891309090938,level,none,,8dd9348,,,,4.666666666666667
arima,exclude_covid,Dorchester,88.46153846153845,100.0,93.87755102040816,0.7282644063449427,0.6891036761669124,0.7751245752051753,30.27630684985109,17.705136291670104,24.37555332254165,47.631036383617904,173.55797238352906,106.73959817949456,45.50845581322026,19.721010105993493,35.79751097946342,level,none,,8dd9348,,,,5.333333333333333
gnn_multiedge_covid_rsv_full,full,Dorchester,65.38461538461539,91.30434782608695,77.55102040816327,0.7026765107480963,0.7960601510689103,0.7746496756826147,36.42903980842003,12.81239532387775,25.343676070777736,51.5244389953102,81.44543389512519,65.56898762175395,51.1763306833942,18.937123163880106,39.47165708875223,delta,train,6337,8dd9348,,,,6.333333333333333
persistence,exclude_covid,Dorchester,80.76923076923077,95.65217391304348,87.75510204081633,0.6083828687951672,0.7879058074272174,0.7056277074852259,35.50961538461539,9.684782608695652,23.387755102040817,45.4270748698228,67.63997953713556,55.85354032590839,56.41629521144237,12.332023530135924,41.95492479180143,level,none,0,8dd9348,,,,5.333333333333333
persistence,post_covid,Dorchester,80.76923076923077,95.65217391304348,87.75510204081633,0.6083828687951672,0.7879058074272174,0.7056277074852259,35.50961538461539,9.684782608695652,23.387755102040817,45.4270748698228,67.63997953713556,55.85354032590839,56.41629521144237,12.332023530135924,41.95492479180143,level,none,0,8dd9348,,,,5.333333333333333
lstm,post_covid,Dorchester,76.92307692307693,100.0,87.75510204081633,0.5805860152353409,0.805275022052109,0.6714431651557994,37.33657100384052,11.037400021760362,24.992062175517173,49.0051460045507,103.16684977363217,74.42798654922159,57.328620139966375,12.557027806855675,42.63692317048253,level,train,21390,8dd9348,,,,7.333333333333333
gnn_multiedge_leaknorm,post_covid,Dorchester,80.76923076923077,82.6086956521739,81.63265306122449,0.7732489640911875,0.8183744893672956,0.7888229994479787,33.62104533268855,23.572340426237687,28.904306294966716,42.1239946321,125.51074277987291,81.26471315044238,52.19206173281019,37.96550603459603,46.06473393677021,delta,all,4801,8dd9348,,,,9.333333333333334
gnn_multiedge_full,full,Dorchester,80.76923076923077,86.95652173913044,83.6734693877551,0.667466329290152,0.8252989066815057,0.7288892169604898,42.225982482616715,20.05333832035894,31.81841481461817,56.428207177825186,97.81355588497998,75.85398310159171,60.750593156958075,31.893240885428305,49.353289392271016,delta,train,4801,8dd9348,,,,10.666666666666666
gnn_multiedge,post_covid,Dorchester,96.15384615384616,82.6086956521739,89.79591836734694,0.7773796272348557,0.8105536880247949,0.7656298355534088,36.75948861929086,29.209796656732973,33.215755657273895,50.31010266755012,147.6086044067385,95.98082797369976,50.28639621256911,48.58459654512504,49.49487960295588,delta,train,4801,8dd9348,,,,10.666666666666666
gnn_multiedge_rt,post_covid,Dorchester,73.07692307692307,78.26086956521739,75.51020408163265,0.6949683773954495,0.8153801895655032,0.7389239819257489,41.82799478677603,22.65505483876104,32.82845154587103,54.22900896726575,110.74140559055604,80.75523595370811,61.6885783423576,37.32409520520486,51.7023514350656,delta,train,5313,8dd9348,,,,12.0
gnn_multiedge_season,post_covid,Dorchester,84.61538461538461,82.6086956521739,83.6734693877551,0.7028023774122876,0.8169902852967659,0.7451232285051509,46.15144293124859,23.886033763056215,35.700332505362375,61.896613596372966,113.8178310850728,86.26779731555861,62.74049738050296,40.44616340321647,53.446738581180654,delta,train,4865,8dd9348,,,,13.333333333333334
lstm,exclude_covid,Dorchester,76.92307692307693,100.0,87.75510204081633,0.5374532647422651,0.8239185466211701,0.6313668478450422,43.48024919950045,12.47311872399372,28.92588183344627,54.61803379714805,101.28811213348888,76.52439709787946,73.09131848756536,15.406963371671951,54.278284409266426,level,train,21390,8dd9348,,,,12.666666666666666
dualtopo,post_covid,Dorchester,73.07692307692307,39.130434782608695,57.14285714285714,-0.1379249523928944,-0.8079701806536728,-0.3843376881108878,40.75909834641676,45.42925080009129,42.95121072263134,80.11135516885334,448.39584798683046,252.97958649157732,63.93731987446187,47.04480374014459,56.63910355907064,level,train,479905,8dd9348,,,,15.0
dualtopo_no_bg,post_covid,Dorchester,73.07692307692307,39.130434782608695,57.14285714285714,0.0549324226946013,-0.8447429472445788,-0.3259861088905291,41.1824830862192,46.797915251358695,43.818298184141824,82.48882017046341,460.10832864798886,259.7387935374652,63.68627690174141,48.36401700670247,57.00935937289797,level,train,479905,8dd9348,,,,15.333333333333334
dualtopo_fullhistory,full,Dorchester,57.692307692307686,95.65217391304348,75.51020408163265,-0.0344533313914199,0.7852254590886109,0.2225885963496403,55.59745803246131,7.116222796232804,32.840959860354054,65.43089578073017,44.31114762521901,55.517544605694326,82.87081251821796,9.280812268044922,60.699650456131096,level,train,479905,8dd9348,,,,12.333333333333334
gnn_corrbinary,post_covid,Dorchester,88.46153846153845,73.91304347826086,81.63265306122449,0.7303431249002866,0.8035277031289937,0.7040718573498725,45.016631896679215,35.33149250693943,40.47054606067891,61.84492408311454,151.51768361739823,103.93621937471708,59.045469412863326,62.75441536104783,60.81457881081069,delta,train,4801,8dd9348,,,,15.333333333333334
gnn_uniform,post_covid,Dorchester,80.76923076923077,73.91304347826086,77.55102040816327,0.6984562677301036,0.8001400111238742,0.6755369670420709,47.0900025000939,37.33967739602794,42.513319287981304,59.203570978877906,154.621704099783,103.99167428052722,68.12610211813431,68.54678374814655,68.32388748708146,delta,train,4801,8dd9348,,,,18.0
seasonal_naive,exclude_covid,Dorchester,73.07692307692307,100.0,85.71428571428571,0.0764592166143762,0.7769960324618469,0.3343259309906929,72.6,7.830434782608696,42.197959183673476,107.20791438287398,75.50633971718045,92.32758341734436,106.11332113866251,9.265832513806464,77.55651527257069,level,none,0,8dd9348,,,,14.0
seasonal_naive,post_covid,Dorchester,80.76923076923077,100.0,89.79591836734694,0.0764592166143762,0.7769960324618469,0.3343259309906929,72.6,7.830434782608696,42.197959183673476,107.20791438287398,75.50633971718045,92.32758341734436,106.11332113866251,9.265832513806464,77.55651527257069,level,none,0,8dd9348,,,,14.0
gnn_multiedge_season_level,post_covid,Dorchester,42.30769230769231,78.26086956521739,59.18367346938776,0.5227892339634173,0.7938740691127809,0.6070609914484272,74.7981499158419,41.15386938012165,59.00593660315689,117.24609947916886,210.47770194721244,161.00787206620973,93.42735737055143,70.33420974793951,83.38797607450486,level,train,4865,8dd9348,,,,20.666666666666668
gnn_geo,post_covid,Dorchester,69.23076923076923,78.26086956521739,73.46938775510205,0.621415997934922,0.7857617934245104,0.6029554271378935,68.57432270050049,57.210605455481485,63.24033297324667,105.00856166515626,282.6448390782173,188.38885514475632,92.77025107093756,97.50203056578223,95.0206383339582,delta,train,4801,8dd9348,,,,21.0
gnn_multiedge_level,post_covid,Dorchester,50.0,78.26086956521739,63.26530612244898,0.510021826338388,0.7886658760136002,0.5344259187265801,73.47293046804575,53.42794252478558,64.06405857631138,112.90342074637977,234.09423796591372,169.78890638003855,95.70965755412692,98.4173741865875,96.99004069831072,level,train,4801,8dd9348,,,,22.333333333333332
lstm,post_covid,East Boston,92.0,100.0,95.45454545454544,0.6527859269590275,0.7004878766404938,0.7108898129566446,9.116885471343997,2.3115742984570953,6.178228373961016,82.44250536486848,83.81936886795076,83.03706005938129,12.199384110473789,2.8223902691157208,9.38080264866982,level,train,21390,8dd9348,,,,2.0
dualtopo_fullhistory,full,East Boston,88.0,100.0,93.18181818181816,0.5615611986840437,0.5846633099416121,0.6685172745766347,9.060096015930176,2.36554291373805,6.169266267256304,93.14188327632844,81.88004175591254,88.27881534705793,12.753390204165406,2.8535879349733455,9.794409769727226,level,train,479905,8dd9348,,,,3.3333333333333335
gnn_multiedge_covid_rsv,post_covid,East Boston,96.0,100.0,97.72727272727272,0.5585990624412975,0.7840461571703171,0.6601902407055732,9.375564203262329,1.90394137407604,6.149181617931887,131.41991328178764,59.8763167547284,100.52608750873937,12.87378742965694,2.4031862424063526,9.83164053613494,delta,train,6337,8dd9348,,,,2.6666666666666665
arima,post_covid,East Boston,96.0,100.0,97.72727272727272,0.5454073314558114,0.6372590490320528,0.6332502540448455,9.830788798459771,4.0605046443994315,7.339075186479172,133.23569169239272,140.0653592727993,136.1848663293865,12.760418895316104,4.469598693975966,10.05696976413638,level,none,,8dd9348,,,,6.0
lstm,exclude_covid,East Boston,92.0,100.0,95.45454545454544,0.6229952951496087,0.6872954253156334,0.6846981570464286,9.674088306427002,2.0766174918726867,6.393362272869457,84.04398613486659,64.53896261867264,75.62136234378286,13.524370303944718,3.0276701018353864,10.386708882050955,level,train,21390,8dd9348,,,,5.666666666666667
gnn_multiedge_covid_rsv_full,full,East Boston,88.0,100.0,93.18181818181816,0.5809187034325187,0.8014508649903702,0.6774572525634664,11.468291234970092,2.1759959647530005,7.455709186467257,140.96039573932387,58.14040703634296,105.19721879940032,13.91400227239495,2.829502765507172,10.65161331464259,delta,train,6337,8dd9348,,,,5.666666666666667
arima,exclude_covid,East Boston,92.0,100.0,95.45454545454544,0.5297177249359837,0.6539209007583874,0.6191466239887333,10.934333336146894,2.8027792397540425,7.422980430886343,130.02591641699837,91.39096946116648,113.34264386788917,14.346553988151598,3.3618200921072257,11.037462175036527,level,none,,8dd9348,,,,7.666666666666667
persistence,exclude_covid,East Boston,88.0,100.0,93.18181818181816,0.514981380435666,0.7530519573309999,0.6192694448120633,11.531999999999998,1.9631578947368424,7.4,127.04172322622836,50.32069707556468,93.9121892066236,14.820269903075316,2.7205843025659804,11.31334690451142,level,none,0,8dd9348,,,,6.666666666666667
persistence,post_covid,East Boston,92.0,100.0,95.45454545454544,0.514981380435666,0.7530519573309999,0.6192694448120633,11.531999999999998,1.9631578947368424,7.4,127.04172322622836,50.32069707556468,93.9121892066236,14.820269903075316,2.7205843025659804,11.31334690451142,level,none,0,8dd9348,,,,6.666666666666667
gnn_multiedge_leaknorm,post_covid,East Boston,100.0,100.0,100.0,0.6502164158425624,0.7964628692176944,0.7079549947657487,11.003243722915649,5.366337437378733,8.569125099615617,175.71114391482624,114.7880590702568,149.4034481864894,13.992836618098934,7.548108124946685,11.655560226553694,delta,all,4801,8dd9348,,,,10.333333333333334
gnn_multiedge_full,full,East Boston,92.0,100.0,95.45454545454544,0.575562181320175,0.8046921665550727,0.6631120213095887,12.304914236068726,3.973115921020508,8.707092236388814,166.40264540944997,77.80156325822799,128.14308720778592,15.268443359290538,5.636464917498913,12.09034087040551,delta,train,4801,8dd9348,,,,11.666666666666666
gnn_multiedge,post_covid,East Boston,100.0,100.0,100.0,0.6160839100185405,0.7897946057108833,0.66939870184724,11.685360975265503,6.676748074983296,9.52255085923455,198.65642561528057,133.27410405790906,170.42315039732466,14.467963572780064,9.976055123248882,12.724315564020594,delta,train,4801,8dd9348,,,,13.0
gnn_multiedge_rt,post_covid,East Boston,96.0,100.0,97.72727272727272,0.5840841090488793,0.7967968365979947,0.6615168438764337,12.68325442314148,5.023250604930677,9.37552550164136,169.7665835730824,99.99635066066269,139.63852845181023,15.779322962932994,7.347725492451978,12.83679738942077,delta,train,5313,8dd9348,,,,13.666666666666666
dualtopo,post_covid,East Boston,84.0,100.0,90.9090909090909,-0.0654702349540509,-0.7236930860486015,-0.2839705124252829,10.339310874938963,8.202108483565482,9.416428024118597,132.82756018772866,313.44698969756064,210.8223138397016,15.465499629170184,8.693794380616671,12.98215656847801,level,train,479905,8dd9348,,,,14.666666666666666
dualtopo_no_bg,post_covid,East Boston,84.0,100.0,90.9090909090909,0.2426365502414251,-0.4966058728486296,0.0132422384584704,10.325399703979492,8.478106247751336,9.527704802426426,135.95116326010543,323.1677178311237,216.79467546122697,15.385348418653114,8.98066616336901,13.012335562757658,level,train,479905,8dd9348,,,,15.0
gnn_multiedge_season,post_covid,East Boston,100.0,100.0,100.0,0.5843603086222283,0.8045782633002594,0.6657985110611578,13.359019927978515,5.503371470852902,9.966808094219727,197.69407552037077,106.38807054683524,158.2664824636168,16.687376695060777,8.215372993730323,13.688140386984967,delta,train,4865,8dd9348,,,,16.0
gnn_corrbinary,post_covid,East Boston,100.0,100.0,100.0,0.5664601296078431,0.7697740325554414,0.6114825751705297,13.33660795211792,8.261225085509452,11.1449653506279,224.04568308351972,144.18885689954217,189.56205359498392,16.48422593474703,13.330503453921612,15.202860631727392,delta,train,4801,8dd9348,,,,17.333333333333332
gnn_uniform,post_covid,East Boston,96.0,100.0,97.72727272727272,0.5806419679239326,0.7670673142576894,0.5990440025713246,13.036369252204896,8.984098196029663,11.286524932492863,214.49479064280445,149.25592807943377,186.32346362680343,17.05313829328552,14.895755032817464,16.156918714456534,delta,train,4801,8dd9348,,,,18.666666666666668
seasonal_naive,exclude_covid,East Boston,96.0,100.0,97.72727272727272,0.1024809041368482,0.3520756402496167,0.3077668948713468,16.724,3.1052631578947367,10.843181818181815,164.5230675906358,108.16429371300592,140.1863243252956,24.457873987736544,3.672515271724902,18.59310111549198,level,none,0,8dd9348,,,,16.333333333333332
seasonal_naive,post_covid,East Boston,100.0,100.0,100.0,0.1024809041368482,0.3520756402496167,0.3077668948713468,16.724,3.1052631578947367,10.843181818181815,164.5230675906358,108.16429371300592,140.1863243252956,24.457873987736544,3.672515271724902,18.59310111549198,level,none,0,8dd9348,,,,16.333333333333332
gnn_multiedge_season_level,post_covid,East Boston,88.0,84.21052631578947,86.36363636363636,0.4982587792740794,0.688948862775446,0.5672351069791218,16.608519439697265,9.61093410692717,13.586834864182906,248.25546668908652,173.46984109870985,215.96167382051473,20.37524155668569,16.015549092270117,18.618307311343543,level,train,4865,8dd9348,,,,20.333333333333332
gnn_multiedge_level,post_covid,East Boston,84.0,73.68421052631578,79.54545454545455,0.4199803757442542,0.6938334542168727,0.462896423889515,17.532882556915283,12.987617580514206,15.570154498923907,269.7067317152711,211.38821270049476,244.5237348679813,22.505547557189573,22.830367020497818,22.646382050373504,level,train,4801,8dd9348,,,,21.666666666666668
gnn_geo,post_covid,East Boston,88.0,100.0,93.18181818181816,0.4361789204843497,0.737735700352128,0.5013610911486523,19.682739696502686,13.3598607590324,16.95240560986779,300.8368146371739,245.20776711409377,276.8151804794802,25.61000304947003,21.615588426601573,23.96694978240538,delta,train,4801,8dd9348,,,,22.666666666666668
lstm,post_covid,Fenway,100.0,100.0,100.0,0.5765396613334357,0.3464891963384115,0.6650003637068062,3.198046474456787,2.354586919148763,2.8449703815371494,41.15522768388692,140.1542757406305,82.59668966112842,4.745005127767141,2.8657653389876607,4.065463843126284,level,train,21390,8dd9348,,,,3.0
arima,post_covid,Fenway,100.0,100.0,100.0,0.5074437040964741,0.2014522728683671,0.6379085057960615,3.307743367827909,3.1781359731982146,3.253489109610827,47.947421905996464,186.827193549214,106.08314026827355,4.727444897490686,3.732672057165034,4.338871125889667,level,none,,8dd9348,,,,4.333333333333333
arima,exclude_covid,Fenway,100.0,100.0,100.0,0.4984452430132212,0.158789515537847,0.6238934339141423,3.387722662230757,3.5757207827917634,3.466419549907457,51.88035969305853,207.75230922567857,117.12908275322506,4.735755574093014,4.106712387221887,4.483188443879358,level,none,,8dd9348,,,,5.333333333333333
persistence,exclude_covid,Fenway,100.0,100.0,100.0,0.4935509775809055,0.2564000019032308,0.628847948940778,3.96,2.1444444444444444,3.2000000000000006,44.04304987993046,109.97890417394107,71.64410516579538,5.617543947313631,2.782085548648711,4.6461787249508655,level,none,0,8dd9348,,,,4.333333333333333
persistence,post_covid,Fenway,100.0,100.0,100.0,0.4935509775809055,0.2564000019032308,0.628847948940778,3.96,2.1444444444444444,3.2000000000000006,44.04304987993046,109.97890417394107,71.64410516579538,5.617543947313631,2.782085548648711,4.6461787249508655,level,none,0,8dd9348,,,,4.333333333333333
gnn_multiedge_covid_rsv,post_covid,Fenway,96.0,94.44444444444444,95.34883720930232,0.4214128557968244,0.3181871681182169,0.5682606034088974,4.046977844238281,2.1363668706681995,3.2471872041391774,42.60029059949033,112.41633805279186,71.82561278924446,5.689357134831017,2.875480116054735,4.720195505785912,delta,train,6337,8dd9348,,,,6.666666666666667
gnn_multiedge_covid_rsv_full,full,Fenway,96.0,100.0,97.67441860465117,0.5480974433047262,0.2935060734772117,0.6607336673384923,4.673807740211487,2.542217488090197,3.7815141463002497,53.10779050230685,131.57455362083647,85.95434250541227,5.844433542841224,3.486127497698261,4.99462644891565,delta,train,6337,8dd9348,,,,8.333333333333334
dualtopo_fullhistory,full,Fenway,84.0,100.0,90.69767441860463,0.1445904042176084,0.4442249822063471,0.3607919004902016,4.885051860809326,1.680582258436415,3.543645980746247,44.64494811043197,97.6577488050639,66.83635305237092,6.964540241107519,2.20918579599341,5.49940705706997,level,train,479905,8dd9348,,,,6.666666666666667
lstm,exclude_covid,Fenway,96.0,100.0,97.67441860465117,0.4674626724813746,0.4007629934380067,0.578089512000232,4.506511703491211,1.894134177101983,3.4129583203515335,52.66351378956821,116.2096623733789,79.26422715023314,7.0978634780438155,2.543525184695284,5.6567371139794735,level,train,21390,8dd9348,,,,8.333333333333334
dualtopo,post_covid,Fenway,100.0,100.0,100.0,-0.3897235507173527,-0.2962195114132794,-0.5313047013802503,4.3551676559448245,5.712770779927571,4.923466638077137,75.33754597089734,307.784395671219,172.6408784035901,5.529442383521204,5.9838294287480425,5.724041892407067,level,train,479905,8dd9348,,,,10.333333333333334
dualtopo_no_bg,post_covid,Fenway,100.0,100.0,100.0,0.0734386822168159,-0.3075487777995723,-0.4122092094114137,4.346722526550293,5.869511127471924,4.984168917633767,76.77696504130606,315.8829532567228,176.86784382915494,5.498680863538701,6.150892529984351,5.780661226871283,level,train,479905,8dd9348,,,,10.666666666666666
gnn_multiedge_leaknorm,post_covid,Fenway,100.0,100.0,100.0,0.5949391085403929,0.3223896618534099,0.6422363453432116,5.015600292682648,3.798600004778968,4.506158311699712,57.85189213539101,198.30227092853903,116.64507395577854,6.2928084107289015,5.534135014857906,5.986934706784012,delta,all,4801,8dd9348,,,,12.0
gnn_multiedge_rt,post_covid,Fenway,100.0,100.0,100.0,0.5626912173453626,0.2756593178961291,0.629316753110311,5.53676622390747,3.5718436439832053,4.714240492776383,62.993075643628,189.4015007466336,115.90823033790936,6.97802393068477,5.293960484726743,6.327843172871267,delta,train,5313,8dd9348,,,,12.666666666666666
gnn_multiedge_full,full,Fenway,92.0,100.0,95.34883720930232,0.4881044890691309,0.3263094858208712,0.5896153191252111,5.912117586135865,3.442618899875217,4.878373950026756,68.96754358675884,177.77541299263544,114.51502380317228,7.610900942337245,5.123676583671863,6.683339995083508,delta,train,4801,8dd9348,,,,13.666666666666666
gnn_multiedge,post_covid,Fenway,100.0,100.0,100.0,0.5567944572981746,0.2950859159389198,0.5964338304857091,5.585891165733337,4.531405217117733,5.1444784430570385,65.8318302932822,233.70932682038887,136.10613116509427,6.989279142147841,6.748107123639414,6.889350846507231,delta,train,4801,8dd9348,,,,15.333333333333334
gnn_multiedge_season,post_covid,Fenway,100.0,100.0,100.0,0.5728257834762063,0.2952426015355979,0.6414043689402585,6.333828454017639,3.852812045150333,5.295263445654581,72.102031741181,200.015810923896,125.64733465487568,7.745380159496475,5.820688779468631,7.004351416601794,delta,train,4865,8dd9348,,,,15.666666666666666
gnn_corrbinary,post_covid,Fenway,100.0,100.0,100.0,0.5198829332015651,0.2766431245412169,0.5519625908509886,6.824598989486694,5.367734491825104,6.21474873465161,77.33442952536106,268.4739301169589,157.34631349393692,8.594537173377011,8.36727192279734,8.500142324874894,delta,train,4801,8dd9348,,,,18.0
gnn_uniform,post_covid,Fenway,100.0,100.0,100.0,0.5224963973219368,0.2620599052245407,0.4945692685531727,6.380890865325927,5.951418042182922,6.201111544010251,71.87571905587592,295.46932651766195,165.4730431096468,8.147554930921528,9.468150790757942,8.724720443241957,delta,train,4801,8dd9348,,,,18.333333333333332
seasonal_naive,exclude_covid,Fenway,100.0,100.0,100.0,0.2144308654919174,-0.0603618213425522,0.4392433815792449,8.396,2.288888888888889,5.83953488372093,103.33098347593165,107.72583138764436,105.17068725292766,12.572652862463036,3.110555505943521,9.795525794024297,level,none,0,8dd9348,,,,16.0
seasonal_naive,post_covid,Fenway,100.0,100.0,100.0,0.2144308654919174,-0.0603618213425522,0.4392433815792449,8.396,2.288888888888889,5.83953488372093,103.33098347593165,107.72583138764436,105.17068725292766,12.572652862463036,3.110555505943521,9.795525794024297,level,none,0,8dd9348,,,,16.0
gnn_multiedge_season_level,post_covid,Fenway,100.0,100.0,100.0,0.5437267262577037,0.2516521565539047,0.5728278387682628,8.705850505828858,6.470813353856404,7.770253558491552,106.06885629559524,330.38932692070125,199.97044865029076,11.038491971102488,10.358108050447733,10.758917196995734,level,train,4865,8dd9348,,,,20.666666666666668
gnn_geo,post_covid,Fenway,100.0,100.0,100.0,0.4842639760989276,0.2588562630330406,0.426243075598393,7.568612060546875,8.44213596979777,7.934273231861203,95.58820652896672,419.0470818155694,230.98959618382372,9.975497134255876,12.985465736882034,11.333183776646996,delta,train,4801,8dd9348,,,,21.0
gnn_multiedge_level,post_covid,Fenway,100.0,83.33333333333334,93.02325581395348,0.5199986441195397,0.2442725721536291,0.4852198408557965,9.347568340301514,8.326868057250977,8.920298454373382,110.01264025424511,410.90788390002615,235.9687887571302,12.103431550049782,14.044608163413786,12.951469984377042,level,train,4801,8dd9348,,,,22.333333333333332
gnn_multiedge_covid_rsv,post_covid,Hyde Park,96.0,100.0,97.82608695652172,0.6103713603503282,0.5663439886731254,0.6658297934665897,13.631805896759031,4.5460003444126675,9.48393814460091,78.65814560959392,77.15776634101734,77.97318985654809,19.92459318234953,6.358038985917185,15.30391623062863,delta,train,6337,8dd9348,,,,2.3333333333333335
lstm,post_covid,Hyde Park,92.0,100.0,95.65217391304348,0.5619829787075594,0.6207256359622676,0.6492243520860371,13.479847831726074,4.652378354753767,9.449916113977846,75.13540357931032,106.26237058409173,89.34554069018878,20.55454103881812,5.4773370991350205,15.598393582673992,level,train,21390,8dd9348,,,,2.0
arima,post_covid,Hyde Park,96.0,100.0,97.82608695652172,0.5009008344900172,0.5441957536277711,0.5847104413377091,14.269603661304368,6.8284557226784965,10.872557863236034,86.46487891133887,183.6752367485068,130.84352053265468,21.681798524973704,7.8431030174496,16.839594416865108,level,none,,8dd9348,,,,5.666666666666667
gnn_multiedge_covid_rsv_full,full,Hyde Park,84.0,100.0,91.30434782608695,0.5831592654093686,0.6007405734313954,0.6600313757574693,16.24117017745972,5.12011152222043,11.164165139198303,102.79592959783848,84.9528180890945,94.6501613003684,22.420777902790736,7.684495012581651,17.325128006129138,delta,train,6337,8dd9348,,,,6.333333333333333
lstm,exclude_covid,Hyde Park,84.0,100.0,91.30434782608695,0.5580795820729376,0.6140703024000415,0.6293434345378105,14.252737396240237,5.406820333571662,10.21438395458719,67.41976026862886,99.63373311887209,82.1261391785225,23.666622521999397,7.389829082486815,18.14765920419032,level,train,21390,8dd9348,,,,7.0
persistence,exclude_covid,Hyde Park,88.0,100.0,93.47826086956522,0.4788775855659118,0.591606136068667,0.5741013504692656,16.808,3.842857142857143,10.889130434782608,90.58577549605153,66.2663906142167,79.48344761521386,24.84164245777642,5.632938842203064,18.704806403935212,level,none,0,8dd9348,,,,6.666666666666667
persistence,post_covid,Hyde Park,92.0,100.0,95.65217391304348,0.4788775855659118,0.591606136068667,0.5741013504692656,16.808,3.842857142857143,10.889130434782608,90.58577549605153,66.2663906142167,79.48344761521386,24.84164245777642,5.632938842203064,18.704806403935212,level,none,0,8dd9348,,,,6.666666666666667
gnn_multiedge_leaknorm,post_covid,Hyde Park,96.0,100.0,97.82608695652172,0.6746888439707565,0.665158270649098,0.6986280059141977,14.232770519256592,9.441695236024405,12.045540498650592,86.11629857111777,132.60568984839804,107.339716328137,22.9256300371667,14.633843226054864,19.580796678448365,delta,all,4801,8dd9348,,,,9.333333333333334
gnn_multiedge_full,full,Hyde Park,92.0,95.23809523809524,93.47826086956522,0.5746518026550183,0.6720270823679356,0.6365423084532285,16.923442904949187,7.875455754143851,12.792840075233707,97.2125230936109,98.2049092629896,97.66556895354468,25.644770947324115,12.318690626931186,20.65667059199293,delta,train,4801,8dd9348,,,,11.333333333333334
gnn_multiedge,post_covid,Hyde Park,96.0,100.0,97.82608695652172,0.6800583304854132,0.6851023307075472,0.6801575218552628,15.615833225250244,11.705995105561756,13.830907127131589,100.62166624855496,154.82183580972924,125.36522191778666,22.33919654233515,18.742262228182707,20.774520774023944,delta,train,4801,8dd9348,,,,10.666666666666666
dualtopo,post_covid,Hyde Park,84.0,100.0,91.30434782608695,0.0315019873983337,-0.6341824589095516,-0.2219583773337289,16.317438430786133,15.836652483258929,16.09794919387154,110.82239356742156,429.2023192937972,256.16975096424517,24.338291043561807,16.491219412153097,21.12075887178469,level,train,479905,8dd9348,,,,12.0
dualtopo_no_bg,post_covid,Hyde Park,84.0,100.0,91.30434782608695,0.0880320496774171,-0.6834456315694244,-0.1578673883906966,16.524095993041993,16.354740960257395,16.446781738944676,114.23339267879032,441.096025116669,263.4532900960828,24.295735516987545,16.988286315528093,21.27343128559291,level,train,479905,8dd9348,,,,12.333333333333334
gnn_multiedge_rt,post_covid,Hyde Park,88.0,100.0,93.47826086956522,0.5980286300647096,0.6936535107173543,0.649009969252124,17.159991817474364,9.049225432532172,13.457250641739886,100.51071800790264,116.46300870634374,107.7932855006692,25.848780554295317,14.218279008820378,21.340579339467432,delta,train,5313,8dd9348,,,,13.333333333333334
gnn_multiedge_season,post_covid,Hyde Park,96.0,100.0,97.82608695652172,0.6081763001590138,0.6875529269982047,0.6578901661179386,19.306169567108153,9.726315282640003,14.932757828546608,113.39123258944392,124.42415361192656,118.42800088231644,26.956599477723053,15.718261040391882,22.53248607343136,delta,train,4865,8dd9348,,,,14.666666666666666
dualtopo_fullhistory,full,Hyde Park,84.0,95.23809523809524,89.13043478260869,-0.1026990088568528,0.6423378079630853,0.1377354135576908,20.842817573547364,3.005571138291132,12.69972680962604,106.8525305808238,57.99605018426415,84.5484851823944,30.90161277862125,3.9005963114017246,22.93291231399855,level,train,479905,8dd9348,,,,11.0
gnn_corrbinary,post_covid,Hyde Park,96.0,100.0,97.82608695652172,0.6493981019796842,0.6984850173976761,0.6289452139575925,18.86897283554077,14.130203792027064,16.705621750458427,118.36228887883388,155.0502084372968,135.11112172074084,24.775304604224157,24.26351188620189,24.542984097068192,delta,train,4801,8dd9348,,,,15.0
gnn_uniform,post_covid,Hyde Park,96.0,90.47619047619048,93.47826086956522,0.6198157377702288,0.6942507282691084,0.5996944556586794,19.64995264053345,15.343557255608696,17.68398953002432,109.09617640786028,166.56521923459258,135.33204378528157,27.806774003437205,26.671477091507153,27.294345053371156,delta,train,4801,8dd9348,,,,17.666666666666668
seasonal_naive,exclude_covid,Hyde Park,96.0,100.0,97.82608695652172,-0.0909193520802895,0.3993158305112032,0.1744586714370355,31.396000000000004,4.942857142857142,19.319565217391304,213.3898396667773,115.3485162180814,168.63184417932925,44.872276519026755,6.61650173717919,33.38099237850656,level,none,0,8dd9348,,,,15.0
seasonal_naive,post_covid,Hyde Park,96.0,100.0,97.82608695652172,-0.0909193520802895,0.3993158305112032,0.1744586714370355,31.396000000000004,4.942857142857142,19.319565217391304,213.3898396667773,115.3485162180814,168.63184417932925,44.872276519026755,6.61650173717919,33.38099237850656,level,none,0,8dd9348,,,,15.0
gnn_multiedge_season_level,post_covid,Hyde Park,48.0,76.19047619047619,60.86956521739131,0.4292830511803263,0.7069838215306852,0.5219603747611907,31.03321029663086,16.42160177230835,24.36269336161406,199.9699615852116,202.8708586538265,201.2942841600141,39.481647443828464,27.725133778482636,34.61350453523667,level,train,4865,8dd9348,,,,20.0
gnn_geo,post_covid,Hyde Park,80.0,76.19047619047619,78.26086956521739,0.5258407178740728,0.7184799194211932,0.4999327151400475,25.47762107849121,23.26802844092959,24.468894004821777,173.41843461162827,286.5458495912175,225.0635588414407,34.802657940216925,38.26190503365543,36.42265954567515,delta,train,4801,8dd9348,,,,20.333333333333332
gnn_multiedge_level,post_covid,Hyde Park,52.0,76.19047619047619,63.04347826086957,0.3926444329366135,0.7071570446509859,0.4445230030070267,31.762465438842774,21.75162749063401,27.192300288573556,203.7114708684836,230.31278139596785,215.8555474136394,41.41440189179594,39.15045461571228,40.39660369127466,level,train,4801,8dd9348,,,,21.666666666666668
arima,exclude_covid,Hyde Park,52.0,80.95238095238095,65.21739130434783,0.2669766481766277,0.4207320561884625,0.367121673108589,88.18044770473493,5.0476190476190474,50.228504187355945,523.8006837197034,75.79020013802622,319.2741586063291,185.3888177687639,6.825861187599771,136.74824407445098,level,none,,8dd9348,,,,18.0
lstm,post_covid,Jamaica Plain,95.83333333333334,100.0,97.82608695652172,0.6605396465991089,0.7185264723707534,0.7319128775783693,8.669684366385143,2.277613258361816,5.612606879939205,82.64237294695157,82.89464928887107,82.76302684960869,12.889302667343944,2.8575897391047724,9.517566114917978,level,train,21390,8dd9348,,,,2.0
gnn_multiedge_covid_rsv,post_covid,Jamaica Plain,91.66666666666666,100.0,95.65217391304348,0.6258237529035016,0.4033496536862693,0.69261332490304,9.741448045087358,2.8114010095596313,6.427077723748011,89.03505856761612,91.60622676708051,90.26474770649038,13.54549238635887,3.3951335152429505,10.061896733882946,delta,train,6337,8dd9348,,,,4.0
lstm,exclude_covid,Jamaica Plain,91.66666666666666,100.0,95.65217391304348,0.6113368106605285,0.7107830672516129,0.6880327411233946,9.3109490275383,2.472804338281805,6.040532002241715,89.44873953657174,79.86373497628063,84.86460692078033,13.542982776011756,3.451871141345198,10.069364100204451,level,train,21390,8dd9348,,,,4.333333333333333
gnn_multiedge_leaknorm,post_covid,Jamaica Plain,100.0,100.0,100.0,0.7496289893289129,0.6138130589387418,0.7722853098664362,9.988307227691015,5.2408974387428975,7.717806893846263,106.09528128758454,139.90313321072335,122.264253946477,12.7976024098148,7.474812210004546,10.59110480462678,delta,all,4801,8dd9348,,,,7.0
gnn_multiedge_covid_rsv_full,full,Jamaica Plain,79.16666666666666,100.0,89.13043478260869,0.6443943584670657,0.5249579187574303,0.7166776946838843,11.043814977010092,2.902470035986467,7.1501282660857495,108.12212079399046,92.78506019409708,100.787004854911,14.254239929676478,3.758059991757709,10.619001499755354,delta,train,6337,8dd9348,,,,7.0
arima,exclude_covid,Jamaica Plain,95.83333333333334,100.0,97.82608695652172,0.5574596023502487,0.4112533796153622,0.6408088381146777,9.763393079396348,4.135018911358288,7.071561955552059,112.19571293765472,164.12396694692868,137.03096485513356,14.02206834568788,4.688402402236974,10.634670731870605,level,none,,8dd9348,,,,7.666666666666667
arima,post_covid,Jamaica Plain,95.83333333333334,100.0,97.82608695652172,0.5275707210121782,0.466356401073255,0.620467238675066,10.063689747431626,3.5416897241905847,6.944472345011999,108.866847085443,141.53826959105837,124.4923100229112,14.505372819976657,4.12779834707788,10.859369824965896,level,none,,8dd9348,,,,9.333333333333334
gnn_multiedge,post_covid,Jamaica Plain,100.0,100.0,100.0,0.7356102832631977,0.6486544208735222,0.7494924820657461,10.17523385087649,5.9212634129957715,8.14072625015093,113.22685695095284,148.2622184056659,129.9828993858156,12.627873768066268,8.774317032186628,10.955311167809286,delta,train,4801,8dd9348,,,,8.333333333333334
gnn_multiedge_full,full,Jamaica Plain,100.0,100.0,100.0,0.677055749929281,0.6068218474741088,0.7282966491841146,11.342347567280134,4.396487859162417,8.020414663397748,109.34730178802243,109.9353836230604,109.62855831782316,14.391734333433044,6.286324715846954,11.267808838057464,delta,train,4801,8dd9348,,,,10.0
gnn_multiedge_rt,post_covid,Jamaica Plain,100.0,100.0,100.0,0.684532195873726,0.6252840696583835,0.7311473959522599,11.26542862256368,4.755840241909027,8.152147223120151,115.0636296720528,121.51096731712344,118.14713898056486,14.465244635028451,6.747073855366848,11.443001829335724,delta,train,5313,8dd9348,,,,11.0
gnn_multiedge_season,post_covid,Jamaica Plain,100.0,100.0,100.0,0.6927201300889239,0.664702284638788,0.7392278867487702,11.682095562418302,5.038662493228912,8.504801485849464,119.3042327318028,123.8491026824579,121.47786618646391,14.533552796240604,7.258073925138035,11.636086841680164,delta,train,4865,8dd9348,,,,12.333333333333334
persistence,exclude_covid,Jamaica Plain,91.66666666666666,100.0,95.65217391304348,0.5597026800557792,0.4382203253292397,0.642666172258016,11.316666666666668,2.704545454545455,7.197826086956522,100.45541944262526,83.1060606060606,92.15789999905084,15.853469651782856,3.1804087787578497,11.660514941273057,level,none,0,8dd9348,,,,9.666666666666666
persistence,post_covid,Jamaica Plain,91.66666666666666,100.0,95.65217391304348,0.5597026800557792,0.4382203253292397,0.642666172258016,11.316666666666668,2.704545454545455,7.197826086956522,100.45541944262526,83.1060606060606,92.15789999905084,15.853469651782856,3.1804087787578497,11.660514941273057,level,none,0,8dd9348,,,,9.666666666666666
gnn_corrbinary,post_covid,Jamaica Plain,100.0,100.0,100.0,0.6903425754105879,0.6790383614851725,0.6975306245515362,11.46115793287754,7.086436352946541,9.36889978595402,123.38425540858854,154.85480787318457,138.43538919600405,14.27250955621054,11.17394189230791,12.883898106998355,delta,train,4801,8dd9348,,,,13.666666666666666
dualtopo,post_covid,Jamaica Plain,83.33333333333334,100.0,91.30434782608695,-0.0625381219950507,-0.7528820822196315,-0.3260760778976301,11.172407110532124,8.46214112368497,9.876192942909572,136.0077166441342,323.2102539940588,225.53936494192425,17.240146741844995,8.853663916358634,13.876681924453296,level,train,479905,8dd9348,,,,16.666666666666668
gnn_uniform,post_covid,Jamaica Plain,100.0,100.0,100.0,0.6849528867602915,0.6934452959762459,0.6825891877798432,11.904588962594667,7.611277927051891,9.851266293422036,116.3585039370725,160.5126586948776,137.47570838645757,15.2078938372967,12.327301819223598,13.904873232638872,delta,train,4801,8dd9348,,,,16.333333333333332
dualtopo_no_bg,post_covid,Jamaica Plain,83.33333333333334,100.0,91.30434782608695,0.0257347410584248,-0.5180422694138221,-0.2195951127584356,11.216344038645426,8.723835598338734,10.024274784585703,139.1530151049783,331.8889163365758,231.331054824438,17.173753045313305,9.10343355789982,13.910976354180296,level,train,479905,8dd9348,,,,17.333333333333332
dualtopo_fullhistory,full,Jamaica Plain,79.16666666666666,100.0,89.13043478260869,-0.003590930856756,0.8199123446566188,0.2240780785622224,12.99124147494634,1.615411021492698,7.55062691025112,93.01100504616576,64.51553602734018,79.38273725455353,19.278550029599963,1.9712470760396317,13.991758226694378,level,train,479905,8dd9348,,,,13.0
gnn_multiedge_season_level,post_covid,Jamaica Plain,87.5,95.45454545454544,91.30434782608695,0.5187179302717311,0.7449570363106959,0.585505568037007,15.215623319149016,7.991431604732167,11.760575107906176,182.66368431104257,176.02171963250106,179.48709250826184,18.162530448369512,13.108129169290144,15.946355316119078,level,train,4865,8dd9348,,,,19.666666666666668
gnn_geo,post_covid,Jamaica Plain,100.0,100.0,100.0,0.6294626265918892,0.7032829457712662,0.591871575815116,13.10900088151296,11.080662207169969,12.13892586334892,154.6569734134622,249.84978160817911,200.1839686370225,16.937930327721467,17.87863078178172,17.394178974319267,delta,train,4801,8dd9348,,,,19.333333333333332
seasonal_naive,exclude_covid,Jamaica Plain,100.0,100.0,100.0,0.0327261887642756,0.0785412550904486,0.2767333693141691,17.679166666666667,3.0136363636363637,10.665217391304347,195.6040610258869,92.57575757575758,146.32965502799897,24.059362349544237,3.532640012022942,17.549321800348125,level,none,0,8dd9348,,,,16.666666666666668
seasonal_naive,post_covid,Jamaica Plain,100.0,100.0,100.0,0.0327261887642756,0.0785412550904486,0.2767333693141691,17.679166666666667,3.0136363636363637,10.665217391304347,195.6040610258869,92.57575757575758,146.32965502799897,24.059362349544237,3.532640012022942,17.549321800348125,level,none,0,8dd9348,,,,16.666666666666668
gnn_multiedge_level,post_covid,Jamaica Plain,79.16666666666666,77.27272727272727,78.26086956521739,0.4576497964376342,0.7385831904869531,0.4887064769928972,15.39850745598475,10.482700044458564,13.047469128733097,179.86853671262313,207.53251547538355,193.09913525133464,19.38787397158961,18.317307774567436,18.88343798244724,level,train,4801,8dd9348,,,,22.333333333333332
lstm,post_covid,Mattapan,92.3076923076923,100.0,95.74468085106383,0.7546168877335094,0.6041086575803652,0.7877930304858327,12.933185430673452,7.456646092732747,10.486221045636116,66.38499025497615,139.39878607212378,99.0081756200847,18.233137052403876,10.02772205838472,15.127324058724213,level,train,21390,8dd9348,,,,4.0
gnn_multiedge_covid_rsv,post_covid,Mattapan,96.15384615384616,100.0,97.87234042553192,0.6359120094990598,0.4340955170602516,0.688728094367435,13.750048976678114,5.31584061895098,9.981572901948969,52.88953096650674,106.15477151996603,76.68889376698857,21.24537972847368,7.0141264428879415,16.482535902724475,delta,train,6337,8dd9348,,,,3.3333333333333335
lstm,exclude_covid,Mattapan,88.46153846153845,100.0,93.61702127659576,0.7414755695979149,0.6013266155402337,0.772002807126757,13.10291937314547,6.820419983636764,10.295845177833067,57.82699366249198,115.96264235113792,83.8024962680572,20.41150088508684,10.0865972223281,16.611257328745364,level,train,21390,8dd9348,,,,5.333333333333333
gnn_multiedge_covid_rsv_full,full,Mattapan,92.3076923076923,100.0,95.74468085106383,0.6771587457845237,0.4726972441220543,0.7306412556730226,15.630708199280958,5.6886123816172285,11.188495174367375,67.7938212577341,110.73818213654972,86.98172718231129,22.007760505611024,8.422828697771303,17.30988187392407,delta,train,6337,8dd9348,,,,6.0
arima,post_covid,Mattapan,92.3076923076923,100.0,95.74468085106383,0.5915682217258736,0.4479690640111066,0.662636105678251,14.915140691543218,8.770351524934384,12.169596595824382,70.72905607192084,204.62004157921243,130.55268789432773,21.77446810787722,9.743637507349405,17.45573240311603,level,none,,8dd9348,,,,6.666666666666667
arima,exclude_covid,Mattapan,92.3076923076923,100.0,95.74468085106383,0.6059006912511915,0.3977374648517518,0.6687207976539036,14.415287357950376,7.683952352650008,11.40766958962468,67.83930207424412,184.6840443141025,120.04652733035104,22.087367982257827,8.84169535821086,17.45866519411586,level,none,,8dd9348,,,,7.333333333333333
persistence,exclude_covid,Mattapan,92.3076923076923,100.0,95.74468085106383,0.5940903204880954,0.4473100526838403,0.6643535470926308,15.238461538461538,4.3238095238095235,10.361702127659576,52.898283082173904,89.06656467896894,69.05857911478446,24.42826232051719,5.598128939123108,18.550311117423114,level,none,0,8dd9348,,,,5.666666666666667
persistence,post_covid,Mattapan,92.3076923076923,100.0,95.74468085106383,0.5940903204880954,0.4473100526838403,0.6643535470926308,15.238461538461538,4.3238095238095235,10.361702127659576,52.898283082173904,89.06656467896894,69.05857911478446,24.42826232051719,5.598128939123108,18.550311117423114,level,none,0,8dd9348,,,,5.666666666666667
gnn_multiedge_leaknorm,post_covid,Mattapan,100.0,100.0,100.0,0.7709429997642269,0.612050390022436,0.7676233571858995,15.298767768419706,10.949702875954763,13.355568561148136,79.36009606787144,172.34631025988742,120.90712794089988,20.728659956207952,16.662949167636935,19.01977823176016,delta,all,4801,8dd9348,,,,8.666666666666666
gnn_multiedge,post_covid,Mattapan,100.0,100.0,100.0,0.7409929060582289,0.6168064081738501,0.7202691841911082,16.79239847109868,13.161196617853074,15.169946579222984,92.17425244319035,197.9472112280352,139.43451062365295,21.66046558957651,20.462302839983725,21.133513063130703,delta,train,4801,8dd9348,,,,10.333333333333334
gnn_multiedge_full,full,Mattapan,96.15384615384616,100.0,97.87234042553192,0.6299644083365371,0.6085383361269769,0.6800020086765196,18.339011118962215,8.759700559434437,14.058893634917888,86.9409413321869,133.2532824482475,107.63368949042672,26.26479507669934,13.234666895743567,21.444689138504497,delta,train,4801,8dd9348,,,,11.666666666666666
gnn_multiedge_rt,post_covid,Mattapan,88.46153846153845,100.0,93.61702127659576,0.678029269674124,0.6107242341158994,0.7106795298995525,18.081202901326694,10.038381656010946,14.487601919377104,86.00351383877076,154.78779884971362,116.73691777983034,25.671835177802013,15.13959261409478,21.60992370108611,delta,train,5313,8dd9348,,,,12.0
gnn_multiedge_season,post_covid,Mattapan,100.0,100.0,100.0,0.6922375260308776,0.6010106541943376,0.7202727080706501,19.29608462407039,10.88771262623015,15.539152454822622,95.17242047358874,163.79880484867772,125.83527306671364,26.48942450761288,16.972060145640693,22.734825295263743,delta,train,4865,8dd9348,,,,14.0
dualtopo_fullhistory,full,Mattapan,84.61538461538461,100.0,91.48936170212764,0.1146231914729651,0.5162348403728786,0.2749233752585524,18.363393160013057,5.246210461571103,12.502524294751757,58.68762194421853,99.19006491496197,76.78445816518898,30.525698020697337,6.473940982467894,23.112778256108957,level,train,479905,8dd9348,,,,11.666666666666666
dualtopo,post_covid,Mattapan,88.46153846153845,100.0,93.61702127659576,-0.213388107608228,-0.6302032537098646,-0.3745487304329477,20.33234955714299,22.761809757777623,21.417853051043572,146.76739914651927,494.29965948471056,302.0477707869876,26.771526471245664,23.10676096220893,25.20002989489687,level,train,479905,8dd9348,,,,16.0
dualtopo_no_bg,post_covid,Mattapan,88.46153846153845,100.0,93.61702127659576,0.1389420246615349,-0.5059298002616535,-0.1706001045265111,20.628227674044098,23.400921231224423,21.867090752784243,150.89367463846074,506.955609120952,309.98517727957386,26.81555527095024,23.73576890494804,25.485517519620338,level,train,479905,8dd9348,,,,17.0
gnn_corrbinary,post_covid,Mattapan,100.0,90.47619047619048,95.74468085106383,0.6729995563085486,0.6158027415585621,0.6428837354029571,20.154210805892944,15.89638234320141,18.251776811924387,113.16502916971504,211.96088074570247,157.30785646962428,26.328534546565336,26.487647264753388,26.399745979465266,delta,train,4801,8dd9348,,,,16.333333333333332
gnn_uniform,post_covid,Mattapan,96.15384615384616,85.71428571428571,91.48936170212764,0.7051327044217292,0.6007280373389172,0.6460643689342972,18.897688893171456,17.258619603656587,18.165338785090345,95.3970373667978,227.7948328723068,154.55349918840815,26.594292416385272,29.406917775213625,27.886078731966364,delta,train,4801,8dd9348,,,,17.666666666666668
seasonal_naive,exclude_covid,Mattapan,96.15384615384616,100.0,97.87234042553192,0.3145326404619222,-0.0468516003647358,0.4588919815769804,31.77307692307692,6.871428571428571,20.646808510638294,148.8011835143687,162.22603899501112,154.7995231972089,48.0618071621564,8.075211924095095,36.15209007818603,level,none,0,8dd9348,,,,15.333333333333334
seasonal_naive,post_covid,Mattapan,100.0,100.0,100.0,0.3145326404619222,-0.0468516003647358,0.4588919815769804,31.77307692307692,6.871428571428571,20.646808510638294,148.8011835143687,162.22603899501112,154.7995231972089,48.0618071621564,8.075211924095095,36.15209007818603,level,none,0,8dd9348,,,,15.333333333333334
gnn_multiedge_season_level,post_covid,Mattapan,61.53846153846154,76.19047619047619,68.08510638297872,0.5652321783469338,0.5942658877995991,0.5913476380639143,32.329367050757774,21.952344848996116,27.6928252159281,207.45101082558784,316.919877684228,256.362632187959,43.259475086152115,35.16580651631469,39.84684768486133,level,train,4865,8dd9348,,,,20.666666666666668
gnn_geo,post_covid,Mattapan,80.76923076923077,76.19047619047619,78.72340425531915,0.5790691779027601,0.5992813103542104,0.5397283366900466,28.21419272055993,26.176037652151926,27.30352768999465,156.82383726958196,369.9132935519865,252.03401986384785,40.4882412382551,42.64172614413515,41.46426111015582,delta,train,4801,8dd9348,,,,21.0
gnn_multiedge_level,post_covid,Mattapan,65.38461538461539,76.19047619047619,70.2127659574468,0.5030961964436532,0.5977146079151231,0.486232639513989,33.33343707598173,27.605584598722913,30.77418384146183,208.17907335457227,363.0897002760304,277.394459851394,46.15312427179581,48.04386349077608,47.007322218848024,level,train,4801,8dd9348,,,,22.333333333333332
lstm,post_covid,Roslindale,80.76923076923077,100.0,88.09523809523809,0.7103255511762836,0.5116748557347595,0.7430841427049134,22.335960857684793,6.939964485168457,16.470819382440474,68.63334113801773,69.13060421338241,68.82277469053761,34.53317935635191,8.337592686949078,27.653596862805028,level,train,21390,8dd9348,,,,1.6666666666666667
lstm,exclude_covid,Roslindale,69.23076923076923,93.75,78.57142857142857,0.6690672105150328,0.5132626634227372,0.7059007055875386,22.33883275252122,7.764652681350708,16.786764153980076,67.80640667759036,65.58369267598032,66.95965848650081,34.48094733959513,9.4770219304605,27.75288577018404,level,train,21390,8dd9348,,,,2.0
gnn_multiedge_covid_rsv,post_covid,Roslindale,84.61538461538461,93.75,88.09523809523809,0.5926026583957464,0.2684778007415118,0.6320062663019527,25.466262377225437,8.799301117658615,19.11694380215236,78.2612522463509,75.31242652161836,77.13789006550039,37.916044291272335,12.08822942907357,30.75103228380332,delta,train,6337,8dd9348,,,,5.0
gnn_multiedge_leaknorm,post_covid,Roslindale,80.76923076923077,93.75,85.71428571428571,0.7110247202474202,0.4769188029074001,0.7197824639732028,27.95285232250507,15.932667225599287,23.373734190350486,108.56665479559352,119.04699405716396,112.55916499047748,36.63015872091005,22.11185279501587,31.888543348875555,delta,all,4801,8dd9348,,,,8.333333333333334
gnn_multiedge,post_covid,Roslindale,92.3076923076923,93.75,92.85714285714286,0.6981861486310313,0.498236841634776,0.7006976046058462,28.14816243831928,17.37165927886963,24.04282790138608,115.38829714848116,124.34339497531556,118.79976298727524,36.00227073170087,24.510891833099123,32.11318970938798,delta,train,4801,8dd9348,,,,8.666666666666666
gnn_multiedge_covid_rsv_full,full,Roslindale,57.692307692307686,87.5,69.04761904761905,0.5999006565283923,0.3362740041319538,0.6434942381635438,28.203337559333217,9.574358820915222,21.1065837542216,113.43029101617564,79.29524715366536,100.4264647828384,40.243691665321336,13.322994543046772,32.71393238496357,delta,train,6337,8dd9348,,,,7.666666666666667
arima,post_covid,Roslindale,80.76923076923077,100.0,88.09523809523809,0.5679682599402185,0.1011578738843685,0.5917203030073868,29.98372541066535,12.52705863469582,23.33356663886744,118.62956405497503,148.70370979880687,130.0863814811967,41.61794744050309,14.627469249408655,33.96664960434081,level,none,,8dd9348,,,,9.666666666666666
gnn_multiedge_rt,post_covid,Roslindale,76.92307692307693,93.75,83.33333333333334,0.6492763293785047,0.4834376102527967,0.6762263490228261,29.41581494991596,13.789663761854172,23.462995449701943,121.49398700877587,99.0134361013717,112.92996761547904,40.496542280421046,19.346386241845167,34.026509596446466,delta,train,5313,8dd9348,,,,9.666666666666666
arima,exclude_covid,Roslindale,84.61538461538461,100.0,90.47619047619048,0.4629033149769975,0.2221741995017656,0.5103005969032696,29.14799936589151,12.292780715673594,22.72696368961802,95.08988730102745,140.94338868128972,112.55788782684166,42.30237045829745,13.216205020051706,34.26835393113469,level,none,,8dd9348,,,,10.0
gnn_multiedge_season,post_covid,Roslindale,80.76923076923077,87.5,83.33333333333334,0.652889232740824,0.478735051716271,0.6797757197598959,30.776679039001465,14.388961344957352,24.5337389650799,130.29553954784302,102.00767488469454,119.51921015235789,41.375573280208464,20.88331457487849,35.012989056799896,delta,train,4865,8dd9348,,,,11.666666666666666
gnn_corrbinary,post_covid,Roslindale,88.46153846153845,81.25,85.71428571428571,0.6877232481599475,0.531385382699494,0.673588898036825,29.58516340989333,20.415783762931824,26.09206640152704,127.43771346323128,127.53650388409056,127.47534790927293,37.68681653877537,31.01736279891848,35.29499100489832,delta,train,4801,8dd9348,,,,11.666666666666666
gnn_multiedge_full,full,Roslindale,76.92307692307693,87.5,80.95238095238095,0.6069623410427,0.4874412635839693,0.6436787950686237,29.80740767258864,12.487425327301024,23.20931916009812,123.18658563123851,87.27588487238388,109.50631867548437,42.855163367924675,18.10813770549584,35.52234880967411,delta,train,4801,8dd9348,,,,12.333333333333334
persistence,exclude_covid,Roslindale,73.07692307692307,87.5,78.57142857142857,0.5171750511908039,0.2807542763876895,0.5698525161402821,31.36923076923077,8.162499999999998,22.52857142857143,105.86478483147567,69.83545912133671,92.1393274180894,45.026752731442464,11.618412111816312,36.145348116682875,level,none,0,8dd9348,,,,10.666666666666666
persistence,post_covid,Roslindale,73.07692307692307,87.5,78.57142857142857,0.5171750511908039,0.2807542763876895,0.5698525161402821,31.36923076923077,8.162499999999998,22.52857142857143,105.86478483147567,69.83545912133671,92.1393274180894,45.026752731442464,11.618412111816312,36.145348116682875,level,none,0,8dd9348,,,,10.666666666666666
gnn_uniform,post_covid,Roslindale,84.61538461538461,68.75,78.57142857142857,0.6697810097860156,0.528554267157214,0.6543504842939665,31.39850271665133,21.840319961309433,27.75729023842585,118.30545576348804,133.12889363927235,123.9524797161678,40.81132849191464,33.99871347958794,38.35898049610475,delta,train,4801,8dd9348,,,,15.0
dualtopo,post_covid,Roslindale,84.61538461538461,100.0,90.47619047619048,-0.1201150156055694,-0.576742071226209,-0.2643247748574671,30.47450160980225,18.12296712398529,25.769155139014835,118.14654991109934,236.0683456959464,163.06913878151727,46.65461065850278,20.403848529343165,38.80784243430413,level,train,479905,8dd9348,,,,16.333333333333332
dualtopo_no_bg,post_covid,Roslindale,84.61538461538461,100.0,90.47619047619048,0.1073478109450768,-0.528531530327462,-0.0889890119572543,30.580394084636985,18.828399062156677,26.10344359988258,120.97700505526576,243.13922068075132,167.5149919602126,46.50413692669621,21.03082396932053,38.823542330891016,level,train,479905,8dd9348,,,,17.0
dualtopo_fullhistory,full,Roslindale,73.07692307692307,93.75,80.95238095238095,0.0665262750325615,0.5180676395415202,0.2135520857875887,29.84686404008132,6.179117321968079,20.83057957603818,79.84994598439305,53.38097297150781,69.76652769377012,50.59160253752537,8.13838226510718,40.12094770650979,level,train,479905,8dd9348,,,,13.333333333333334
gnn_multiedge_season_level,post_covid,Roslindale,57.692307692307686,75.0,64.28571428571429,0.5545110085082058,0.6209305451441022,0.5791485002583244,36.02451427166279,21.156831562519073,30.360635144369944,185.3964461061828,134.1609831667604,165.87817451021238,45.83186488335925,33.02124738896458,41.421469091643814,level,train,4865,8dd9348,,,,18.666666666666668
gnn_geo,post_covid,Roslindale,73.07692307692307,75.0,73.80952380952381,0.6210612043641113,0.5681469203060772,0.5710943534958426,34.38983502754798,31.543581426143646,33.30554794129871,147.9305562673088,204.86863691607303,169.62125365731424,44.7216241025254,48.96108577456875,46.3823709185659,delta,train,4801,8dd9348,,,,19.0
gnn_multiedge_level,post_covid,Roslindale,57.692307692307686,75.0,64.28571428571429,0.5104148407810677,0.6164031183516767,0.4982821175673722,36.38358684686514,28.126367330551147,33.23797941207886,175.64122938573814,157.24733735288618,168.63403242084215,48.32422557449287,47.235927644074245,47.91255079086812,level,train,4801,8dd9348,,,,21.0
seasonal_naive,exclude_covid,Roslindale,84.61538461538461,87.5,85.71428571428571,0.0654104056221757,0.1152543748801436,0.21057239278526,45.30384615384616,8.98125,31.466666666666665,227.28736642954308,88.00438778599265,174.22718408914295,66.56396865479795,12.465627741914965,52.93438885837376,level,none,0,8dd9348,,,,17.0
seasonal_naive,post_covid,Roslindale,92.3076923076923,100.0,95.23809523809524,0.0654104056221757,0.1152543748801436,0.21057239278526,45.30384615384616,8.98125,31.466666666666665,227.28736642954308,88.00438778599265,174.22718408914295,66.56396865479795,12.465627741914965,52.93438885837376,level,none,0,8dd9348,,,,17.0
gnn_multiedge_covid_rsv,post_covid,Roxbury,92.3076923076923,100.0,95.91836734693877,0.6542624696917879,0.627693519081438,0.7236006635197523,30.519590304448055,9.837238208107326,20.81154748371669,50.59057618294223,82.61715777450416,65.62346141979783,46.01743065964688,14.207123340488252,34.90514147569419,delta,train,6337,8dd9348,,,,3.0
lstm,post_covid,Roxbury,76.92307692307693,100.0,87.75510204081633,0.5674149861312826,0.691085379093031,0.6620924841257693,32.8980051627526,10.076456451416014,22.185849645186444,45.745808001451266,73.8028359140329,58.91543334817325,51.084084758389885,12.394567052586654,38.167877917449715,level,train,21390,8dd9348,,,,3.6666666666666665
arima,post_covid,Roxbury,88.46153846153845,100.0,93.87755102040816,0.5839609828308091,0.6623915412992419,0.6617798312634219,32.58238850640344,12.971965572483516,23.37749610884919,59.72102932676571,151.66904816478947,102.88030347522586,51.6770490521782,15.78264379119306,39.1654170658573,level,none,,8dd9348,,,,5.333333333333333
arima,exclude_covid,Roxbury,84.61538461538461,100.0,91.83673469387756,0.5866067355961946,0.6081395556990581,0.661339534231319,32.842800326278294,15.425336109498716,24.667255897994007,63.14905140477259,180.0317654797334,118.0123661746522,50.8995065889052,18.582921113074004,39.201787771348584,level,none,,8dd9348,,,,5.666666666666667
persistence,exclude_covid,Roxbury,88.46153846153845,91.30434782608695,89.79591836734694,0.5541950360768051,0.6440117346877154,0.6550181218996933,37.3,8.382608695652175,23.7265306122449,61.70159327975659,72.13605425233071,66.599401491373,55.99971840588542,12.326535533590512,41.65697628812475,level,none,0,8dd9348,,,,4.666666666666667
persistence,post_covid,Roxbury,88.46153846153845,91.30434782608695,89.79591836734694,0.5541950360768051,0.6440117346877154,0.6550181218996933,37.3,8.382608695652175,23.7265306122449,61.70159327975659,72.13605425233071,66.599401491373,55.99971840588542,12.326535533590512,41.65697628812475,level,none,0,8dd9348,,,,4.666666666666667
gnn_multiedge_covid_rsv_full,full,Roxbury,61.53846153846154,86.95652173913044,73.46938775510205,0.601738701448542,0.6475060077118352,0.6905879104429329,40.925034229572006,11.61765187719594,27.168507819273035,78.74769994988301,87.52862217827406,82.86935732239309,56.57926427720244,17.75157326404733,42.97110180510987,delta,train,6337,8dd9348,,,,8.333333333333334
lstm,exclude_covid,Roxbury,73.07692307692307,100.0,85.71428571428571,0.5327883993377039,0.7063464754000436,0.6265701358327584,38.6901186136099,12.02739135078762,26.17496091881577,56.0438078218621,94.46591266998529,74.07867336281787,61.053431400480626,15.351878835965625,45.70004306195643,level,train,21390,8dd9348,,,,9.333333333333334
gnn_multiedge_leaknorm,post_covid,Roxbury,84.61538461538461,86.95652173913044,85.71428571428571,0.651154408975488,0.69021325354502,0.7018520823000637,34.1717446400569,20.089105834131654,27.561526425030767,61.939225106722894,127.34025763598282,92.63766894698776,57.99957303820659,31.547369058481493,47.45634979593387,delta,all,4801,8dd9348,,,,10.666666666666666
gnn_multiedge,post_covid,Roxbury,88.46153846153845,95.65217391304348,91.83673469387756,0.649018672702856,0.6815311280345229,0.6854315609047256,38.03993008686946,24.3358039026675,31.60738106163181,74.2671961146654,143.96770856180038,106.98376318168796,56.25886479969536,39.62732184719429,49.15801743488123,delta,train,4801,8dd9348,,,,11.666666666666666
dualtopo,post_covid,Roxbury,73.07692307692307,56.52173913043478,65.3061224489796,-0.0779078866769396,-0.6457915256225134,-0.3318946339083208,38.71174518878643,36.2296260336171,37.54666885064573,89.45275992357051,391.0728489576202,231.0295364089408,60.30331601715813,38.26781689471868,51.15612988519452,level,train,479905,8dd9348,,,,12.666666666666666
dualtopo_no_bg,post_covid,Roxbury,73.07692307692307,56.52173913043478,65.3061224489796,0.1138688454140175,-0.6757432226903507,-0.2039910885579464,38.98945236206055,37.31923476509426,38.20547267368862,91.9074546888004,401.5306994476602,237.24081447357136,60.05978700576298,39.388824189461104,51.402901575424934,level,train,479905,8dd9348,,,,13.0
gnn_multiedge_full,full,Roxbury,73.07692307692307,91.30434782608695,81.63265306122449,0.5527208924121251,0.698309287624186,0.6410916108581687,45.68736611879789,17.84057735360187,32.6164244535018,83.79371708207015,102.40846362856698,92.53125117532376,66.37172108719884,27.52601340141611,51.89510847123545,delta,train,4801,8dd9348,,,,13.0
gnn_multiedge_rt,post_covid,Roxbury,65.38461538461539,86.95652173913044,75.51020408163265,0.5600606689232976,0.671731989570902,0.6406060135255912,44.07078772324782,19.341053630994715,32.46295335341473,82.67206724966869,115.2371224200294,97.95770539085842,66.80108885263309,30.32678558219125,52.91029036820501,delta,train,5313,8dd9348,,,,14.0
gnn_multiedge_season,post_covid,Roxbury,80.76923076923077,95.65217391304348,87.75510204081633,0.5620532144107174,0.6891989489050485,0.6448315302217329,47.643455908848686,20.434170266856317,34.8717504034237,90.0490787074829,116.58864452214355,102.50642592660935,68.00268559984315,32.807899126227326,54.396453985818695,delta,train,4865,8dd9348,,,,15.333333333333334
dualtopo_fullhistory,full,Roxbury,53.84615384615385,86.95652173913044,69.38775510204081,-0.0403799628249193,0.575716813648677,0.1898003973515918,48.09070389087383,9.635423909062924,30.040266348391164,61.34033427854264,60.09746753414332,60.756947847498054,75.43900526495213,12.226118249574474,55.58687347818573,level,train,479905,8dd9348,,,,12.333333333333334
gnn_corrbinary,post_covid,Roxbury,84.61538461538461,73.91304347826086,79.59183673469387,0.6143267633021272,0.670499762632059,0.6363643930554185,44.831813482137825,29.575240757154383,37.67056506020682,86.90500382626027,147.949609517507,115.55859425276384,61.64830244854099,51.40408684958129,57.069253739316174,delta,train,4801,8dd9348,,,,16.333333333333332
gnn_uniform,post_covid,Roxbury,80.76923076923077,73.91304347826086,77.55102040816327,0.5732822615161829,0.6595812110630531,0.5980745575877535,47.46872725853553,32.314583467400595,40.35555772392117,87.12954737717969,155.38088906843828,119.16589143634192,70.63514398776138,56.98464952973805,64.5880460929409,delta,train,4801,8dd9348,,,,18.333333333333332
seasonal_naive,exclude_covid,Roxbury,73.07692307692307,100.0,85.71428571428571,0.0602686472155075,0.7925572977935645,0.317048732445728,66.95,6.530434782608695,38.589795918367344,128.74620432511767,47.793736981752666,90.74810740884428,96.45987806815369,8.50764362206128,70.50574589408748,level,none,0,8dd9348,,,,14.0
seasonal_naive,post_covid,Roxbury,88.46153846153845,100.0,93.87755102040816,0.0602686472155075,0.7925572977935645,0.317048732445728,66.95,6.530434782608695,38.589795918367344,128.74620432511767,47.793736981752666,90.74810740884428,96.45987806815369,8.50764362206128,70.50574589408748,level,none,0,8dd9348,,,,14.0
gnn_multiedge_season_level,post_covid,Roxbury,46.15384615384615,78.26086956521739,61.224489795918366,0.3878441604785087,0.6597355384927656,0.5106011996476997,67.97805639413687,34.276087346284285,52.15876480024688,140.1081877376606,184.9710077724538,161.16624612133904,86.45867615508725,58.79628673025804,74.75998962801724,level,train,4865,8dd9348,,,,20.666666666666668
gnn_geo,post_covid,Roxbury,76.92307692307693,78.26086956521739,77.55102040816327,0.51537802967562,0.660304037083468,0.5215806710430344,57.558410497812126,50.220394632090695,54.114035703697986,126.26935889968034,280.8664806716556,198.83535483346463,81.7437018787503,82.1887880348383,81.95292089607406,delta,train,4801,8dd9348,,,,21.0
gnn_multiedge_level,post_covid,Roxbury,46.15384615384615,78.26086956521739,61.224489795918366,0.3587695676789175,0.6508119831983776,0.4383671481353511,67.4955271940965,44.99759889685589,56.93527513620805,138.01036310970508,210.89165850703836,172.21995074518804,89.71705632802154,82.92727453173653,86.59633787201045,level,train,4801,8dd9348,,,,22.333333333333332
gnn_multiedge_covid_rsv,post_covid,South Boston,96.0,100.0,97.61904761904762,0.7324314405520148,0.2000536011455839,0.7584028694640554,7.630565662384033,2.7001845556146957,5.634935214405968,57.0293010914273,64.5270552570585,60.06410634894469,10.684628190542403,4.547793668311901,8.736395209117566,delta,train,6337,8dd9348,,,,3.6666666666666665
arima,post_covid,South Boston,100.0,100.0,100.0,0.7180266916704302,0.2678748211928837,0.7520999736471691,7.146283348950695,3.9056498345081896,5.834598355009681,74.22166634782052,121.6561190637652,93.4213257804648,10.657542700970303,4.694105913433958,8.748018994969035,level,none,,8dd9348,,,,4.333333333333333
arima,exclude_covid,South Boston,100.0,100.0,100.0,0.6942315481612725,0.3331510545227806,0.7381309818610691,7.476453950246119,3.7205428911870495,5.956204235865067,74.3170097125048,116.30612074470612,91.31260227315772,10.931515787430722,4.590495743975534,8.925199751338043,level,none,,8dd9348,,,,5.0
lstm,post_covid,South Boston,96.0,100.0,97.61904761904762,0.6177227146216263,0.4535575595080013,0.6821051457713531,8.42366279220581,2.1581460335675406,5.887620294661749,61.060740360007195,51.234165219813065,57.08331708897623,12.640375764557149,2.992633811483962,9.936377439362614,level,train,21390,8dd9348,,,,4.0
gnn_multiedge_covid_rsv_full,full,South Boston,92.0,100.0,95.23809523809524,0.7004647059543836,0.3113012131808002,0.744062781770154,8.613962383270264,2.875749812406652,6.291352533158802,71.57752972407201,67.17375772556896,69.79505058182076,12.262152794570634,5.147373711871808,10.011222908434506,delta,train,6337,8dd9348,,,,7.333333333333333
persistence,exclude_covid,South Boston,92.0,100.0,95.23809523809524,0.643760003823905,0.3210053362175241,0.7016360390337869,8.264,2.3588235294117643,5.873809523809523,55.861753768088604,50.74276925151281,53.78978384471269,12.940911868952668,3.874274125562103,10.28388707315154,level,none,0,8dd9348,,,,6.666666666666667
persistence,post_covid,South Boston,92.0,100.0,95.23809523809524,0.643760003823905,0.3210053362175241,0.7016360390337869,8.264,2.3588235294117643,5.873809523809523,55.861753768088604,50.74276925151281,53.78978384471269,12.940911868952668,3.874274125562103,10.28388707315154,level,none,0,8dd9348,,,,6.666666666666667
gnn_multiedge_leaknorm,post_covid,South Boston,100.0,100.0,100.0,0.8125299919967078,0.3278201306095188,0.7933912045842191,8.022593574523926,5.743120277629179,7.09994962101891,72.4184115042953,128.42234148959798,95.08666887929878,10.9529544345084,9.648724402401768,10.44468909838414,delta,all,4801,8dd9348,,,,9.666666666666666
gnn_multiedge,post_covid,South Boston,100.0,100.0,100.0,0.7881542857224478,0.3623101249713895,0.7606854851342868,8.59615997314453,6.4081423843608185,7.710533806255886,80.34525452833074,139.10730131399015,104.12989251300242,11.133289126483673,10.838990274698403,11.015115418112318,delta,train,4801,8dd9348,,,,10.666666666666666
gnn_multiedge_rt,post_covid,South Boston,100.0,100.0,100.0,0.7302514162914651,0.3632336045635818,0.7466230833684614,9.762494173049928,5.033762609257417,7.84848377818153,78.220149332083,107.32631574234274,90.00121668861671,13.050658420749835,8.394995558759943,11.397664012664215,delta,train,5313,8dd9348,,,,11.0
gnn_multiedge_full,full,South Boston,92.0,100.0,95.23809523809524,0.702080959717759,0.3414893275964503,0.7256611406030056,9.564673376083372,4.641345500946045,7.571897807575407,73.12200646090557,97.13248581213084,82.8405338173539,13.645305294173353,8.176692136515179,11.742728162468827,delta,train,4801,8dd9348,,,,12.0
gnn_multiedge_season,post_covid,South Boston,96.0,100.0,97.61904761904762,0.7419788085491447,0.4015048092153188,0.75624272861383,10.76830509185791,5.245000166051528,8.532681669507708,83.52303303509022,108.47493027927102,93.62261049106816,13.497424011361986,9.047049785209587,11.898325452843906,delta,train,4865,8dd9348,,,,13.333333333333334
lstm,exclude_covid,South Boston,88.0,100.0,92.85714285714286,0.6178024367803167,0.4575191639293164,0.6735148085891438,9.909805618286134,2.4270084493300494,6.881054383232481,76.43372562945488,66.75900910148748,72.51776893956331,15.313626808441684,3.523277704793324,12.025477328465303,level,train,21390,8dd9348,,,,11.0
dualtopo,post_covid,South Boston,84.0,100.0,90.47619047619048,-0.1993344490242495,-0.410827055008388,-0.3468183084303279,10.324703521728516,8.07245361103731,9.413078557877313,135.1495232740144,256.48685272491423,184.26225186128335,15.6029812913354,8.574063979376465,13.216217826275448,level,train,479905,8dd9348,,,,15.0
dualtopo_no_bg,post_covid,South Boston,84.0,100.0,90.47619047619048,0.0450015562029385,-0.4880308817223996,-0.2236838954711616,10.364015998840332,8.403706774992102,9.570557503473191,138.9030188830434,265.62282722263075,190.19436987763828,15.51938907463598,8.88616297301255,13.241054574026151,level,train,479905,8dd9348,,,,15.333333333333334
gnn_corrbinary,post_covid,South Boston,100.0,100.0,100.0,0.7380675850690053,0.3762288477534739,0.6998213185811334,10.300550479888916,7.732744174845078,9.261200308799744,85.81593462572168,155.88772440717486,114.17832572773844,13.21008006966316,13.681491461281672,13.40288697797169,delta,train,4801,8dd9348,,,,15.333333333333334
dualtopo_fullhistory,full,South Boston,80.0,100.0,88.09523809523809,0.0325603654781381,0.3722582543884717,0.2148783730756599,11.905563678741457,2.6281574473661533,8.150423061280023,71.77833159925838,60.21003593314009,67.09592621059144,18.149711575696383,3.3014594408881317,14.15946136864078,level,train,479905,8dd9348,,,,13.0
gnn_uniform,post_covid,South Boston,96.0,100.0,97.61904761904762,0.7292193481125421,0.3927237715568424,0.6810808989051089,10.884559507369994,8.451315276763019,9.8996749378386,82.92773511943008,165.4204351907247,116.31763752923985,14.330968780252006,15.220759632514104,14.697612827677514,delta,train,4801,8dd9348,,,,17.333333333333332
gnn_multiedge_season_level,post_covid,South Boston,100.0,88.23529411764706,95.23809523809524,0.5821950707164258,0.399517579809244,0.603185935601935,14.951419353485107,8.766449535594267,12.44797918910072,132.08561586457208,177.9810384036386,150.6623345113371,18.627423619806,15.453572482944548,17.41259950920065,level,train,4865,8dd9348,,,,19.666666666666668
gnn_geo,post_covid,South Boston,100.0,88.23529411764706,95.23809523809524,0.6374960947103565,0.3839982643363594,0.5867759879309024,14.485481719970704,12.32198502035702,13.609780674888974,135.95633287720506,262.7714082296333,187.2862443293784,19.284388672466672,21.138344433668212,20.05545552990726,delta,train,4801,8dd9348,,,,20.666666666666668
gnn_multiedge_level,post_covid,South Boston,80.0,76.47058823529412,78.57142857142857,0.5210191986585161,0.3962020497322759,0.5035263549942731,15.15026388168335,11.920702204984778,13.843060345876784,128.31540487546744,229.28693333386911,169.184833061011,20.112553091394993,21.55992591070084,20.71058315039049,level,train,4801,8dd9348,,,,21.666666666666668
seasonal_naive,exclude_covid,South Boston,92.0,100.0,95.23809523809524,0.0580505922678397,0.2228506126056317,0.2328833620136306,18.064,2.611764705882353,11.80952380952381,147.16677792728404,55.67560852895608,110.13463793272274,28.340656308561385,3.295451410656816,21.965579133422978,level,none,0,8dd9348,,,,15.333333333333334
seasonal_naive,post_covid,South Boston,96.0,100.0,97.61904761904762,0.0580505922678397,0.2228506126056317,0.2328833620136306,18.064,2.611764705882353,11.80952380952381,147.16677792728404,55.67560852895608,110.13463793272274,28.340656308561385,3.295451410656816,21.965579133422978,level,none,0,8dd9348,,,,15.333333333333334
gnn_multiedge_covid_rsv,post_covid,South End,84.61538461538461,100.0,91.83673469387756,0.7147596715569333,0.4776107185320937,0.7648703737003875,18.93988181994511,6.305537016495414,13.009475075468725,68.33268014905408,76.89037681268563,72.34955817484031,27.467666692500348,7.734940571429934,20.698202910057308,delta,train,6337,8dd9348,,,,1.6666666666666667
arima,post_covid,South End,92.3076923076923,100.0,95.91836734693877,0.7227266328698293,0.347276236270386,0.762504592623361,16.940575669020046,9.008678120147705,13.217440084855475,72.25066466294521,132.89139671567153,100.7146817489188,26.89999564624375,10.684011666530086,20.91735942072259,level,none,,8dd9348,,,,4.666666666666667
lstm,post_covid,South End,92.3076923076923,100.0,95.91836734693877,0.6480565127005965,0.595827624213018,0.7174670254787326,19.342581800314097,7.290808155225671,13.6856268240481,73.38209282455853,112.74742468215008,91.8596975740403,29.57100529694761,8.396441020484623,22.295354285332245,level,train,21390,8dd9348,,,,5.0
arima,exclude_covid,South End,88.46153846153845,100.0,93.87755102040816,0.6898726702565157,0.3802262563301249,0.7437763322895035,18.905451155761735,6.368056798995258,13.020551763810126,59.31141900679376,82.75527560872325,70.31567822810761,30.008446750270824,8.612781384771713,22.6415361753673,level,none,,8dd9348,,,,6.0
gnn_multiedge_covid_rsv_full,full,South End,76.92307692307693,100.0,87.75510204081633,0.6840139241431876,0.5476454009533239,0.7466174435320524,23.69297801072781,7.082078239192134,15.896025056741676,83.47099859035487,79.56358767376778,81.63690775195685,31.749819469369577,9.097781903304512,23.952771797621956,delta,train,6337,8dd9348,,,,7.333333333333333
persistence,exclude_covid,South End,88.46153846153845,100.0,93.87755102040816,0.6523860029308391,0.4115362999665777,0.7159016690251956,20.86538461538462,6.086956521739129,13.928571428571429,63.32639347849095,70.37110660737113,66.63309555939391,32.21521976667837,7.9241513055369825,24.08638789093651,level,none,0,8dd9348,,,,6.666666666666667
persistence,post_covid,South End,88.46153846153845,100.0,93.87755102040816,0.6523860029308391,0.4115362999665777,0.7159016690251956,20.86538461538462,6.086956521739129,13.928571428571429,63.32639347849095,70.37110660737113,66.63309555939391,32.21521976667837,7.9241513055369825,24.08638789093651,level,none,0,8dd9348,,,,6.666666666666667
gnn_multiedge_leaknorm,post_covid,South End,96.15384615384616,95.65217391304348,95.91836734693877,0.7742689638292258,0.4899842360211434,0.7833151367452895,22.714639516977165,13.10258298334868,18.202857878743387,92.68759171910908,138.7755116570534,114.32069699610336,29.01545734377329,19.303592751017536,24.932470357318884,delta,all,4801,8dd9348,,,,8.333333333333334
lstm,exclude_covid,South End,80.76923076923077,100.0,89.79591836734694,0.6673078497789439,0.5867124499713126,0.7227886213732054,21.92971534729004,5.824364521192469,14.3700608778973,60.51045534910509,69.40667176072266,64.68623039945619,35.02368419138793,7.865710366021483,26.075289734715714,level,train,21390,8dd9348,,,,9.333333333333334
gnn_multiedge_full,full,South End,88.46153846153845,100.0,93.87755102040816,0.6936373123022136,0.4865451630407252,0.7338219799445237,24.540206248943623,10.850724551988684,18.114531166699468,88.87674926475343,106.15779233766756,96.98825927857028,33.25616890188271,16.612750947913195,26.765387481274036,delta,train,4801,8dd9348,,,,10.666666666666666
gnn_multiedge,post_covid,South End,96.15384615384616,100.0,97.95918367346938,0.7379590745397847,0.4868341859183903,0.7362240455593505,23.32693837239192,15.279867255169412,19.549741725532375,101.23647797721212,155.61529103198836,126.76122696210707,30.206217442189796,23.83912707172422,27.402441573679813,delta,train,4801,8dd9348,,,,11.666666666666666
gnn_multiedge_rt,post_covid,South End,80.76923076923077,91.30434782608695,85.71428571428571,0.69811966578387,0.4704240407917842,0.73112890939223,25.694660186767575,12.24625309653904,19.382142572986837,95.21738039163328,125.6715963265847,109.51221644273292,33.94265974430049,18.49388284892218,27.782410041700334,delta,train,5313,8dd9348,,,,12.0
gnn_multiedge_season,post_covid,South End,88.46153846153845,100.0,93.87755102040816,0.6976751873408439,0.5061187580144901,0.7322176604514391,27.1683548780588,12.82860541343689,20.43745206813423,102.71713523285658,128.0207075568802,114.59432224209216,34.94151467396089,19.75732262382348,28.82803941796332,delta,train,4865,8dd9348,,,,13.666666666666666
dualtopo,post_covid,South End,80.76923076923077,100.0,89.79591836734694,-0.1613615691582935,-0.5228991044036638,-0.3560483842684955,25.945308905381424,21.88623801521633,24.040030732446787,131.09310799379392,321.5520896886662,220.4922218505707,39.14438984500805,22.801459480583453,32.51285943928455,level,train,479905,8dd9348,,,,15.666666666666666
dualtopo_no_bg,post_covid,South End,80.76923076923077,100.0,89.79591836734694,0.0891995135681114,-0.3979271744068599,-0.1968885337086168,26.03978839287391,22.573083877563477,24.412559742830236,134.11980691500543,330.3394928888121,226.22292482107795,38.99926407071588,23.4602273763322,32.64005918803562,level,train,479905,8dd9348,,,,16.0
gnn_corrbinary,post_covid,South End,92.3076923076923,86.95652173913044,89.79591836734694,0.6843374336089874,0.4857480253847034,0.6707435923371172,26.67757456119244,18.09659560866978,22.64976811408997,108.93621574015468,168.2364288563533,136.7710096518397,34.73473690630701,30.49145375708893,32.81140044152942,delta,train,4801,8dd9348,,,,15.666666666666666
dualtopo_fullhistory,full,South End,69.23076923076923,100.0,83.6734693877551,-0.0028494273575139,0.6107472739910508,0.2073190027485134,30.169248030735897,4.629596544348675,18.181248353452094,81.06362944684123,47.81449925651823,65.45689486771002,46.5270617104959,5.969229759387939,34.1376216687952,level,train,479905,8dd9348,,,,12.333333333333334
gnn_uniform,post_covid,South End,84.61538461538461,82.6086956521739,83.6734693877551,0.6823826865329818,0.499617639209051,0.660107867326796,29.05863879277156,19.635681121245675,24.63561784491247,101.64510157805444,178.4194847706333,137.68205695416287,37.66936755288064,33.59466747557316,35.81453109835422,delta,train,4801,8dd9348,,,,17.666666666666668
seasonal_naive,exclude_covid,South End,92.3076923076923,100.0,95.91836734693877,0.0825917923049159,0.265922004366789,0.3487161945537034,39.95,6.317391304347825,24.163265306122447,182.7412819742256,79.6087995950464,134.3321575921619,55.55261885400598,7.865140480792997,40.82346764061184,level,none,0,8dd9348,,,,14.666666666666666
seasonal_naive,post_covid,South End,96.15384615384616,100.0,97.95918367346938,0.0825917923049159,0.265922004366789,0.3487161945537034,39.95,6.317391304347825,24.163265306122447,182.7412819742256,79.6087995950464,134.3321575921619,55.55261885400598,7.865140480792997,40.82346764061184,level,none,0,8dd9348,,,,14.666666666666666
gnn_multiedge_season_level,post_covid,South End,61.53846153846154,78.26086956521739,69.38775510204081,0.5218793612191428,0.5025772010137046,0.5687239030530424,36.05601640848013,20.721499816231105,28.858182089669363,163.1983984929738,198.72198331642807,179.87273422643187,46.37426000044745,35.712650152108424,41.71059658729008,level,train,4865,8dd9348,,,,20.0
gnn_geo,post_covid,South End,76.92307692307693,78.26086956521739,77.55102040816327,0.5941445036307283,0.4777885830267341,0.5599802721226026,35.59522738823524,28.933545817499574,32.46831563054299,155.46943828070522,291.6572535836164,219.3943311779901,47.21551420541691,47.55257965715139,47.374027255292326,delta,train,4801,8dd9348,,,,21.333333333333332
gnn_multiedge_level,post_covid,South End,65.38461538461539,78.26086956521739,71.42857142857143,0.4576145877517284,0.4903112972011248,0.4642990075718032,36.178881938640885,27.05498736837636,31.896237548516723,160.84327102251484,242.02461633106495,198.9488004530587,49.468246304146966,49.511427068567144,49.488519518191886,level,train,4801,8dd9348,,,,22.333333333333332
lstm,post_covid,West Roxbury,88.0,100.0,92.5,0.5632661818566466,0.3232351796188566,0.6074936837041158,11.919858432769775,3.3521154594421385,8.706954817771912,56.676092865190064,59.06182348788269,57.57074184869981,19.866011787050567,3.916245476483586,15.887507110590048,level,train,21390,8dd9348,,,,1.0
lstm,exclude_covid,West Roxbury,84.0,100.0,90.0,0.5018596600779828,0.3201216906606514,0.5530370982332733,12.21567990875244,3.547239583333333,8.965014786720275,65.01163919271973,58.927684727122475,62.73015626812075,20.72339056441084,4.457079810127703,16.6090760720122,level,train,21390,8dd9348,,,,2.3333333333333335
arima,exclude_covid,West Roxbury,88.0,100.0,92.5,0.3520400881750768,-0.2657228120598004,0.4076782039676961,13.204333780799594,5.81992146015644,10.43517916055841,86.59306334534462,126.46005800578637,101.54318634301023,22.14620411911803,6.499670343025467,17.954835449441664,level,none,,8dd9348,,,,4.666666666666667
gnn_multiedge_covid_rsv,post_covid,West Roxbury,88.0,100.0,92.5,0.4045091309119392,-0.1530127493177698,0.4500945953454849,14.511921730041504,5.765154314041138,11.231883949041366,96.39590191850148,99.8515023941019,97.69175209685164,22.980050273378875,6.667767391563948,18.62052267928828,delta,train,6337,8dd9348,,,,6.333333333333333
arima,post_covid,West Roxbury,88.0,100.0,92.5,0.3580363511816197,-0.2924999351767691,0.4047159040404579,13.524443924242536,6.072119688639499,10.7298223358914,90.5551235359676,124.60590556033908,103.32416679510688,23.12612813869412,6.591295083815978,18.7230624033647,level,none,,8dd9348,,,,6.666666666666667
gnn_multiedge_covid_rsv_full,full,West Roxbury,84.0,100.0,90.0,0.4553038294535894,-0.0642155382102004,0.5047854198808756,15.040099010467529,6.037149429321289,11.663992917537689,106.18476394548044,105.47844760390828,105.91989531739084,23.34272791855263,7.196233920440925,18.97291517305326,delta,train,6337,8dd9348,,,,8.666666666666666
dualtopo_no_bg,post_covid,West Roxbury,88.0,100.0,92.5,0.1617738967649507,-0.2036683772886799,0.0387213039556082,12.905953216552737,7.737548446655273,10.967801427841186,79.09816047463846,170.35521066369083,113.31955429553308,23.472636746323424,8.609935991004432,19.29124274260164,level,train,479905,8dd9348,,,,10.0
dualtopo,post_covid,West Roxbury,88.0,100.0,92.5,-0.1571671376336937,-0.2544200479800225,-0.2476686748382012,12.784203491210938,7.399323908487956,10.76487364768982,76.51706696162397,164.2995948203869,109.43551490866004,23.55724436146357,8.307718342629977,19.306000886090924,level,train,479905,8dd9348,,,,10.333333333333334
gnn_multiedge_leaknorm,post_covid,West Roxbury,88.0,100.0,92.5,0.5306943416704346,0.1223981462589759,0.5520329393572803,15.694724292755128,9.258695157368978,13.28121336698532,118.22974977278147,155.982851211162,132.38716281217415,23.284265950850543,11.79508091086792,19.774216183680497,delta,all,4801,8dd9348,,,,11.333333333333334
gnn_multiedge,post_covid,West Roxbury,92.0,100.0,95.0,0.5241616052094453,0.1733372378709093,0.5401814781150623,16.65758005142212,10.287669245402018,14.26886349916458,126.16681372187288,169.37547160439829,142.3700604278199,22.826363758808498,13.388183516256191,19.82090054034532,delta,train,4801,8dd9348,,,,10.666666666666666
gnn_multiedge_rt,post_covid,West Roxbury,92.0,100.0,95.0,0.4863683180713516,0.1336056054843857,0.5207884323729642,17.348644256591797,8.543217182159424,14.046609103679655,123.02163673344634,140.90927941048184,129.72950273733468,24.682329668997273,10.596775325332873,20.56380902013312,delta,train,5313,8dd9348,,,,13.666666666666666
dualtopo_fullhistory,full,West Roxbury,84.0,100.0,90.0,-0.0207086085264759,0.2652189233133245,0.1174021045717016,14.643861827850342,3.393541145324707,10.42499157190323,64.89270841873822,51.09986074609579,59.7203905414973,25.86953881380652,4.247827275190867,20.616429437086023,level,train,479905,8dd9348,,,,11.666666666666666
persistence,exclude_covid,West Roxbury,84.0,100.0,90.0,0.3698856201636841,-0.0518537611135891,0.4263139708287342,16.132,5.36,12.0925,103.43560599903108,87.47448844122033,97.45018691485204,25.6861129795849,6.115662951253391,20.649110150318823,level,none,0,8dd9348,,,,12.333333333333334
persistence,post_covid,West Roxbury,84.0,100.0,90.0,0.3698856201636841,-0.0518537611135891,0.4263139708287342,16.132,5.36,12.0925,103.43560599903108,87.47448844122033,97.45018691485204,25.6861129795849,6.115662951253391,20.649110150318823,level,none,0,8dd9348,,,,12.333333333333334
gnn_multiedge_full,full,West Roxbury,88.0,100.0,92.5,0.4480784295597946,0.1193114344212321,0.4903101647693888,17.22718987464905,7.965161689122518,13.7539293050766,125.5016789024212,128.74605053256724,126.71831826372598,25.412444740555845,10.031393772171429,21.008475436999536,delta,train,4801,8dd9348,,,,15.333333333333334
gnn_multiedge_season,post_covid,West Roxbury,92.0,100.0,95.0,0.500109219616653,0.1702030586729156,0.5342879293752557,18.144919090270996,9.237431367238363,14.80461119413376,130.864066124488,150.46969772788125,138.21617797576047,25.20283353643207,11.750030616088928,21.18402626320893,delta,train,4865,8dd9348,,,,16.0
gnn_corrbinary,post_covid,West Roxbury,88.0,100.0,92.5,0.521718573441358,0.2085162786365812,0.5236780404804772,18.263009090423584,12.040569400787351,15.929594206809998,136.06270533872774,188.63243719457907,155.77635478467198,23.764117684021663,16.656153402969327,21.37740859251273,delta,train,4801,8dd9348,,,,16.333333333333332
gnn_multiedge_season_level,post_covid,West Roxbury,80.0,86.66666666666667,82.5,0.4995821701200111,0.3086947816471,0.4999442850426148,17.05581111907959,11.311087894439698,14.90153990983963,129.36262927454132,166.94053206012128,143.4543428191338,23.21909797219653,18.037577326555983,21.423395916167102,level,train,4865,8dd9348,,,,15.0
gnn_uniform,post_covid,West Roxbury,88.0,100.0,92.5,0.5430171942700347,0.209566970020598,0.5226521462529927,16.56872519016266,12.93972856203715,15.207851454615591,118.94529959065277,202.38087260889316,150.2336394724929,23.626152506976368,18.383630173151275,21.808395706826197,delta,train,4801,8dd9348,,,,17.333333333333332
seasonal_naive,exclude_covid,West Roxbury,92.0,100.0,95.0,0.1158358097306122,0.1821556403018292,0.253221790574122,20.532000000000004,3.66,14.204999999999998,143.49957615861115,57.30835941794844,111.17786988086264,29.094377463695626,4.909514572066502,23.196777793478127,level,none,0,8dd9348,,,,15.333333333333334
seasonal_naive,post_covid,West Roxbury,96.0,100.0,97.5,0.1158358097306122,0.1821556403018292,0.253221790574122,20.532000000000004,3.66,14.204999999999998,143.49957615861115,57.30835941794844,111.17786988086264,29.094377463695626,4.909514572066502,23.196777793478127,level,none,0,8dd9348,,,,15.333333333333334
gnn_multiedge_level,post_covid,West Roxbury,76.0,73.33333333333333,75.0,0.4689853209382662,0.3113976998033118,0.4246749682591186,17.99196455001831,15.188422997792562,16.940636467933654,131.4746148395533,216.52126030939328,163.36710689074334,24.470902457482268,25.46419116476422,24.84803923462832,level,train,4801,8dd9348,,,,19.666666666666668
gnn_geo,post_covid,West Roxbury,88.0,80.0,85.0,0.5061079038631024,0.233740777795922,0.4661187292965582,18.722386322021485,16.84897174835205,18.019855856895447,144.32103014015416,275.0313158322558,193.33738727469233,25.7682912846614,24.953311896897123,25.465730655449654,delta,train,4801,8dd9348,,,,21.666666666666668
