model,variant,neighborhood,CI_coverage_flu_season,CI_coverage_off_season,CI_coverage_overall,Corr_flu_season,Corr_off_season,Corr_overall,MAE_flu_season,MAE_off_season,MAE_overall,MAPE_flu_season,MAPE_off_season,MAPE_overall,RMSE_flu_season,RMSE_off_season,RMSE_overall,target_kind,normalize,n_params,git_sha,kg_co2,kwh,runtime_s,mean_rank
lstm,exclude_covid,Allston/Brighton,84.61538461538461,100.0,91.83673469387756,0.1638903552003492,0.6603726105806264,0.413320106819525,14.676783018845777,3.7618362592614223,9.553440662306182,58.29213692399377,86.8695133018604,71.70600746870667,22.708438273602304,4.587739935845317,16.837513763466948,level,train,21390,8dd9348,,,,4.333333333333333
gnn_multiedge_level,post_covid,Allston/Brighton,80.76923076923077,100.0,89.79591836734694,0.0219618881743584,0.7150124399160388,0.3802588666939975,16.298864878140964,4.34969947649085,10.69007295491744,83.51410881641243,116.22606777215512,98.8687017956386,22.71985573060232,5.409790580727778,16.959797685927846,level,train,4801,8dd9348,,,,6.333333333333333
gnn_geo,post_covid,Allston/Brighton,76.92307692307693,91.30434782608695,83.6734693877551,0.0368594182904343,0.6481823891843749,0.3393174311586344,15.922157305937548,4.246979094069937,10.44197161465275,93.654546416765,90.26966145034932,92.06572286110048,23.76425547764636,6.059634723812927,17.80150003840933,delta,train,4801,8dd9348,,,,7.333333333333333
dualtopo_fullhistory,full,Allston/Brighton,84.61538461538461,100.0,91.83673469387756,0.0208833610639148,0.7409822435383523,0.3137284486243449,16.30760755905738,2.261384632276452,9.714482511792864,67.23885603504444,52.34121770762693,60.24608702421581,24.558502341890115,2.877313350000575,17.997469441062123,level,train,479905,8dd9348,,,,4.0
gnn_multiedge_season_level,post_covid,Allston/Brighton,84.61538461538461,100.0,91.83673469387756,0.0803590182972818,0.7184690405698251,0.3908259282863845,18.402803824498104,4.5253172128096875,11.888881537379053,99.53427146698938,106.56125831544732,102.83265304891862,24.33956317029918,6.106848989368673,18.21668086417989,level,train,4865,8dd9348,,,,8.666666666666666
lstm,post_covid,Allston/Brighton,84.61538461538461,100.0,91.83673469387756,-0.0846957470267237,0.667307074438544,0.237161914294447,14.74199729332557,12.525999599954355,13.701835110722756,81.45537214528457,347.7837919434968,206.4666712342413,21.90843597350659,13.062638034929472,18.2968808108202,level,train,21390,8dd9348,,,,10.0
gnn_multiedge_leaknorm,post_covid,Allston/Brighton,76.92307692307693,91.30434782608695,83.6734693877551,-0.058743973291344,0.6395538746437792,0.2905375005705231,17.456325356776897,4.427298100098319,11.34065950160124,109.94201556332118,102.19914515943591,106.30760700639544,24.945295476037252,6.230347168268011,18.665562593855235,delta,all,4801,8dd9348,,,,10.333333333333334
dualtopo_no_bg,post_covid,Allston/Brighton,84.61538461538461,100.0,91.83673469387756,0.045544698892725,0.1470461013813077,0.0566777558317165,14.826735826639029,14.377278784047002,14.615766194401957,86.94152081596559,394.6254955463323,231.36461099552545,21.661334709889392,14.932185971335883,18.805048740262745,level,train,479905,8dd9348,,,,10.666666666666666
gnn_multiedge_full,full,Allston/Brighton,88.46153846153845,100.0,93.87755102040816,0.0634723261854171,0.6471509701473799,0.3651478841712984,18.664978504180908,4.043527198874432,11.801848299649295,121.90803420834324,107.48102311525564,115.1361718585266,25.438951459622935,5.303960263791537,18.88346777676424,delta,train,4801,8dd9348,,,,10.333333333333334
gnn_multiedge_season,post_covid,Allston/Brighton,73.07692307692307,82.6086956521739,77.55102040816327,0.0230597808772437,0.6735521418774529,0.2834089653107133,17.980488396321352,6.186364260299698,12.44447094471935,105.70142292577604,122.63155574864388,113.64821996508134,25.322768198173467,8.386164100103738,19.319993625563043,delta,train,4865,8dd9348,,,,13.0
gnn_multiedge,post_covid,Allston/Brighton,73.07692307692307,95.65217391304348,83.6734693877551,-0.0304077307122515,0.6506463634809009,0.3053410274325864,19.12633259479816,4.77438968160878,12.389706329423554,126.0762383722486,107.90094496750068,117.54497820267304,26.101752717368143,6.744602734917252,19.566788390012643,delta,train,4801,8dd9348,,,,13.666666666666666
gnn_multiedge_rt,post_covid,Allston/Brighton,73.07692307692307,86.95652173913044,79.59183673469387,0.0006564644723635,0.7024904266254482,0.2608767019890678,18.23444561774914,5.966372802205708,12.475962459432836,102.68253795677384,110.410372463199,106.30988884754484,25.697337123401663,8.450437327144414,19.59363131095782,delta,train,5313,8dd9348,,,,14.666666666666666
gnn_uniform,post_covid,Allston/Brighton,80.76923076923077,86.95652173913044,83.6734693877551,-0.1148477156179643,0.6697974163383478,0.246868191284194,18.28462686905494,4.692707183568374,11.904746200357163,110.18067034320838,93.89463019137976,102.53620251683984,26.472304738656412,6.591171827015612,19.804945492357938,delta,train,4801,8dd9348,,,,14.333333333333334
gnn_multiedge_covid_rsv_full,full,Allston/Brighton,80.76923076923077,100.0,89.79591836734694,-0.2312551739456786,0.620743874171855,0.0776598515877435,18.155579429406387,3.682814297468766,11.362240694007095,103.05837768639483,105.34015735927338,104.12941712468474,27.44556097903997,4.568284058740772,20.23571367876565,delta,train,6337,8dd9348,,,,12.333333333333334
gnn_corrbinary,post_covid,Allston/Brighton,80.76923076923077,86.95652173913044,83.6734693877551,-0.2308985995503693,0.644616503904829,0.1630376723684653,18.52338730371915,5.074437134939691,12.210614775516548,111.23829831875469,106.5524474716638,109.03881730889567,27.25523421266061,7.590149343734277,20.523297380993473,delta,train,4801,8dd9348,,,,16.0
gnn_multiedge_covid_rsv,post_covid,Allston/Brighton,73.07692307692307,95.65217391304348,83.6734693877551,-0.1880550703819498,0.6268101169681028,0.1309119637102117,18.331814732689125,3.7752558303915937,11.499144227529058,107.05737594140534,96.30335637355265,102.00957083812752,28.1867703147359,4.998646122436942,20.81577756712968,delta,train,6337,8dd9348,,,,14.333333333333334
arima,exclude_covid,Allston/Brighton,96.15384615384616,100.0,97.95918367346938,0.0002551218361135,0.6455862571408818,0.294145426543569,21.121938516191484,3.8052823202547423,12.993712138506892,135.25397343111325,102.93650021592768,120.08454722806697,29.546457637292836,4.699235138229892,21.76203714863103,level,none,,8dd9348,,,,14.666666666666666
arima,post_covid,Allston/Brighton,57.692307692307686,100.0,77.55102040816327,0.0093091303294852,0.6272717550559478,0.2876307802039556,22.442650813686903,3.3315464187015413,13.472132424203975,150.07145391939622,96.85837949440013,125.09388837296946,31.314290700152235,4.242514372036285,22.99475548100273,level,none,,8dd9348,,,,12.666666666666666
persistence,exclude_covid,Allston/Brighton,100.0,100.0,100.0,0.0330273076450547,0.6129804020469202,0.3017583216912435,22.473076923076924,3.639130434782609,13.632653061224488,152.37160767446832,96.1814588608294,125.99663986398475,31.451653986102837,4.549773047373758,23.12145394764484,level,none,0,8dd9348,,,,14.0
persistence,post_covid,Allston/Brighton,61.53846153846154,91.30434782608695,75.51020408163265,0.0330273076450547,0.6129804020469202,0.3017583216912435,22.473076923076924,3.639130434782609,13.632653061224488,152.37160767446832,96.1814588608294,125.99663986398475,31.451653986102837,4.549773047373758,23.12145394764484,level,none,0,8dd9348,,,,14.0
seasonal_naive,exclude_covid,Allston/Brighton,100.0,100.0,100.0,0.0330273076450547,0.6129804020469202,0.3017583216912435,22.473076923076924,3.639130434782609,13.632653061224488,152.37160767446832,96.1814588608294,125.99663986398475,31.451653986102837,4.549773047373758,23.12145394764484,level,none,0,8dd9348,,,,14.0
seasonal_naive,post_covid,Allston/Brighton,61.53846153846154,91.30434782608695,75.51020408163265,0.0330273076450547,0.6129804020469202,0.3017583216912435,22.473076923076924,3.639130434782609,13.632653061224488,152.37160767446832,96.1814588608294,125.99663986398475,31.451653986102837,4.549773047373758,23.12145394764484,level,none,0,8dd9348,,,,14.0
dualtopo,post_covid,Allston/Brighton,50.0,100.0,73.46938775510205,-0.1055349459642777,0.7909405317386557,0.106798406240406,49.33815218852117,3.763782542684804,27.946101130271444,243.96949612673205,104.52189347924316,178.51449896566584,78.57937612993634,4.337593944529699,57.316773868056714,level,train,479905,8dd9348,,,,16.333333333333332
gnn_multiedge_level,post_covid,Back Bay/Beacon Hill/Downtown/North End/West End,80.76923076923077,100.0,89.13043478260869,0.1705129644516297,0.6620623791688681,0.4750078658507887,9.041120015657864,2.825023424625397,6.338469323904618,70.98741770165573,94.87386363713163,81.37282897794958,14.254465519708878,3.7047622144260663,10.991537980246822,level,train,4801,8dd9348,,,,2.0
gnn_multiedge_season_level,post_covid,Back Bay/Beacon Hill/Downtown/North End/West End,92.3076923076923,100.0,95.65217391304348,0.2149672007708548,0.6506444952800837,0.4803288364366627,11.120566514822151,3.171969401836395,7.664654726567476,81.86956568197297,81.06077486279801,81.517917499723,15.135951982498383,4.617964380193019,11.779712666425922,level,train,4865,8dd9348,,,,4.333333333333333
lstm,exclude_covid,Back Bay/Beacon Hill/Downtown/North End/West End,92.3076923076923,100.0,95.65217391304348,0.1826818106170513,0.5245554294194086,0.4022143182259911,10.799950533646806,4.814074330329896,8.197395662639451,75.54670653698255,158.51054761608395,111.6179417887658,15.08309329686275,6.965078735630206,12.23434112253654,level,train,21390,8dd9348,,,,8.666666666666666
lstm,post_covid,Back Bay/Beacon Hill/Downtown/North End/West End,92.3076923076923,100.0,95.65217391304348,0.0511423845318754,0.4767955643220505,0.3266816689618808,9.125883014385517,9.052955646514892,9.09417546313742,96.61947153138831,386.12838691802096,222.4929130038373,14.080229741741263,9.545749792415169,12.315597560987698,level,train,21390,8dd9348,,,,9.0
arima,post_covid,Back Bay/Beacon Hill/Downtown/North End/West End,84.61538461538461,100.0,91.30434782608695,,,,9.13641320299886,8.296628361014834,8.77128935865798,83.7608645814554,364.292300167798,205.73105396682175,14.644676723035738,8.920209759910113,12.482625583963875,level,none,,8dd9348,,,,10.0
dualtopo_fullhistory,full,Back Bay/Beacon Hill/Downtown/North End/West End,92.3076923076923,100.0,95.65217391304348,0.0790660707781436,0.7346453285727171,0.347610187094547,10.942926480219914,1.8746824741363528,7.0002116949661914,71.55568559983512,56.91684913998193,65.19097409555114,16.713297334803976,2.2868505141180213,12.655369807455637,level,train,479905,8dd9348,,,,4.666666666666667
dualtopo_no_bg,post_covid,Back Bay/Beacon Hill/Downtown/North End/West End,92.3076923076923,100.0,95.65217391304348,0.0314228068594916,-0.0850500705700614,-0.0945476924973042,9.01402891599215,9.823908567428589,9.36615050357321,92.6897622409152,419.60593737562186,234.82722969078768,14.231869381966106,10.35618763261853,12.69304089065015,level,train,479905,8dd9348,,,,10.666666666666666
gnn_geo,post_covid,Back Bay/Beacon Hill/Downtown/North End/West End,65.38461538461539,95.0,78.26086956521739,0.0053140575313819,0.3317834520761736,0.2196192495768689,13.511660585036644,4.187281975150109,9.457582928564236,101.4060139125884,121.69259240249175,110.22626542993768,18.14517763148991,6.099894442970931,14.222309860662516,delta,train,4801,8dd9348,,,,10.0
gnn_multiedge_leaknorm,post_covid,Back Bay/Beacon Hill/Downtown/North End/West End,76.92307692307693,100.0,86.95652173913044,-0.0410124126996132,0.393891158324301,0.2236104223332675,13.631368774634142,4.338791391253471,9.591117738381676,106.38969651499175,136.19511264173389,119.34857309183612,18.63891758039813,5.736802095978533,14.514504311324622,delta,all,4801,8dd9348,,,,10.333333333333334
gnn_multiedge_full,full,Back Bay/Beacon Hill/Downtown/North End/West End,92.3076923076923,100.0,95.65217391304348,0.0603146672894128,0.2878885420287778,0.2999904460453215,13.909684859789335,4.3182720184326175,9.739505363547284,119.04785782222972,152.92143906665274,133.77550184154407,18.720342127091467,5.642313741930937,14.557566037069115,delta,train,4801,8dd9348,,,,10.666666666666666
gnn_multiedge_covid_rsv_full,full,Back Bay/Beacon Hill/Downtown/North End/West End,69.23076923076923,100.0,82.6086956521739,-0.1970514749916771,0.1858800358850942,0.0211387904032781,13.25808336528448,4.142487633228302,9.29478087308614,111.13877663225632,149.94077172236103,128.00920928012795,19.038149397546167,5.0879311614621905,14.700983636597272,delta,train,6337,8dd9348,,,,10.666666666666666
gnn_multiedge,post_covid,Back Bay/Beacon Hill/Downtown/North End/West End,76.92307692307693,100.0,86.95652173913044,0.0028684036269809,0.4103654321687917,0.2616007481010329,14.069201671160185,4.553533750772476,9.931954749252483,116.70295166264223,146.15060023014527,129.506277126774,19.475506729563815,6.174881656720741,15.19744164052932,delta,train,4801,8dd9348,,,,13.666666666666666
gnn_multiedge_season,post_covid,Back Bay/Beacon Hill/Downtown/North End/West End,69.23076923076923,95.0,80.43478260869566,0.0283635993531216,0.4722130106431344,0.2214754879312644,14.238686121427095,4.9403959810733795,10.195951277795045,99.45292910129815,144.08286333893042,118.8572483350513,19.364855730001583,7.2986786544593665,15.333504644603371,delta,train,4865,8dd9348,,,,15.0
gnn_corrbinary,post_covid,Back Bay/Beacon Hill/Downtown/North End/West End,76.92307692307693,100.0,86.95652173913044,-0.0961407934189722,0.36753875908049,0.1761440628377427,14.430043202180128,4.698053115606308,10.198743164539335,119.21487888843988,136.4751707308128,126.7193536025151,19.57957138057954,6.734210965050977,15.375263835179698,delta,train,4801,8dd9348,,,,15.0
gnn_multiedge_rt,post_covid,Back Bay/Beacon Hill/Downtown/North End/West End,69.23076923076923,85.0,76.08695652173914,0.0103674013319328,0.4399294261316587,0.1952964029706102,14.761968912986609,4.873545005917549,10.46265417078267,96.9316813839031,125.7449487864818,109.45918895024164,19.894807176462276,7.248410232353934,15.702171121850196,delta,train,5313,8dd9348,,,,16.333333333333332
gnn_multiedge_covid_rsv,post_covid,Back Bay/Beacon Hill/Downtown/North End/West End,69.23076923076923,95.0,80.43478260869566,-0.1134630476508023,0.3125257148584509,0.1147952480984701,15.085662534746984,4.129599076509476,10.322156683339372,114.3191081370722,133.70859539326466,122.74931998759068,20.843395520965963,5.234679057368362,16.045900773150244,delta,train,6337,8dd9348,,,,14.666666666666666
gnn_uniform,post_covid,Back Bay/Beacon Hill/Downtown/North End/West End,80.76923076923077,85.0,82.6086956521739,-0.0993030997832999,0.4125582104070667,0.160594581615825,15.105820600588162,4.384676258265972,10.444453495230688,108.32146699455788,115.70029450936433,111.5296528705607,20.72096379323576,6.146217794828521,16.096743336007986,delta,train,4801,8dd9348,,,,16.0
arima,exclude_covid,Back Bay/Beacon Hill/Downtown/North End/West End,96.15384615384616,100.0,97.82608695652172,-0.0172037440858106,0.4387162244460748,0.250403258978279,15.568365654128757,3.539151782611274,10.33827266651246,133.71232361193785,124.47653002985928,129.69676118494718,22.59857821042164,4.279177149200394,17.222530937402972,level,none,,8dd9348,,,,13.333333333333334
persistence,exclude_covid,Back Bay/Beacon Hill/Downtown/North End/West End,96.15384615384616,100.0,97.82608695652172,0.0267565355216629,0.231517140305807,0.2657656464926163,16.11923076923077,3.94,10.823913043478262,145.3626361606654,133.68421256513446,140.2850606843476,23.641789923126183,4.997599423723354,18.077015192250897,level,none,0,8dd9348,,,,14.666666666666666
persistence,post_covid,Back Bay/Beacon Hill/Downtown/North End/West End,65.38461538461539,95.0,78.26086956521739,0.0267565355216629,0.231517140305807,0.2657656464926163,16.11923076923077,3.94,10.823913043478262,145.3626361606654,133.68421256513446,140.2850606843476,23.641789923126183,4.997599423723354,18.077015192250897,level,none,0,8dd9348,,,,14.666666666666666
seasonal_naive,exclude_covid,Back Bay/Beacon Hill/Downtown/North End/West End,96.15384615384616,100.0,97.82608695652172,0.0267565355216629,0.231517140305807,0.2657656464926163,16.11923076923077,3.94,10.823913043478262,145.3626361606654,133.68421256513446,140.2850606843476,23.641789923126183,4.997599423723354,18.077015192250897,level,none,0,8dd9348,,,,14.666666666666666
seasonal_naive,post_covid,Back Bay/Beacon Hill/Downtown/North End/West End,65.38461538461539,95.0,78.26086956521739,0.0267565355216629,0.231517140305807,0.2657656464926163,16.11923076923077,3.94,10.823913043478262,145.3626361606654,133.68421256513446,140.2850606843476,23.641789923126183,4.997599423723354,18.077015192250897,level,none,0,8dd9348,,,,14.666666666666666
dualtopo,post_covid,Back Bay/Beacon Hill/Downtown/North End/West End,50.0,100.0,71.73913043478261,-0.0405198441916007,0.6246220557226205,0.1603015609155648,29.419696367703953,3.213822865486145,18.02583832326143,181.92857553934715,126.79711485904645,157.95837524356426,44.06513761716486,3.856226819187557,33.22602270135107,level,train,479905,8dd9348,,,,16.333333333333332
dualtopo_fullhistory,full,Charlestown,90.47619047619048,100.0,94.28571428571428,0.1940536571108375,0.5297871669695025,0.3435647609696994,20.06440017336891,3.992091791970389,13.6354768208095,122.13375113998065,46.94287495613164,92.05740066644104,27.96926200618188,4.602204956227848,21.859549091550832,level,train,479905,8dd9348,,,,2.3333333333333335
arima,post_covid,Charlestown,80.95238095238095,100.0,88.57142857142857,0.0668638964518767,0.447777234638877,0.2125450671291677,17.24827712513354,8.723402803972183,13.838327396668996,105.4866102353918,128.67740614674034,114.76292859993124,27.16779273633611,9.808898120149264,21.93944325253714,level,none,,8dd9348,,,,6.333333333333333
lstm,post_covid,Charlestown,80.95238095238095,100.0,88.57142857142857,-0.1379229390832984,0.3724716828169609,0.0602110833340745,18.956337193080355,9.20991360800607,15.05776775905064,129.24027738270854,136.4321545700252,132.1170282576352,27.158010853755457,10.442214495635197,22.048820139607493,level,train,21390,8dd9348,,,,7.666666666666667
gnn_multiedge_level,post_covid,Charlestown,71.42857142857143,100.0,82.85714285714286,-0.0658658193818879,0.5430403214553953,0.1948425261037485,20.629356929234095,4.450312614440918,14.157739203316824,136.8386437062975,54.83062737106648,104.03543717220508,28.14418548316628,5.727346415502587,22.09927837491054,level,train,4801,8dd9348,,,,4.0
dualtopo_no_bg,post_covid,Charlestown,80.95238095238095,100.0,88.57142857142857,-0.1564593516539139,0.436867414058781,-0.0523879250121389,18.63580994378953,11.79866225378854,15.900950867789131,132.33975234121692,168.7635364915888,146.9092660013657,26.597384542668653,12.934851698629062,22.167017708581472,level,train,479905,8dd9348,,,,9.666666666666666
arima,exclude_covid,Charlestown,95.23809523809524,100.0,97.14285714285714,,,,18.721351714346685,11.966087039077436,16.01924584423898,133.7075280434496,170.78975730204522,148.5404197468878,26.579881142026164,13.089719608721197,22.19077179118651,level,none,,8dd9348,,,,10.0
gnn_geo,post_covid,Charlestown,61.904761904761905,92.85714285714286,74.28571428571429,0.0890719005103318,0.5279031058056909,0.1953446615710363,21.12504708199274,7.232825977461679,15.568158640180314,140.10891035477786,70.22594374977996,112.1557237127787,29.57690922945836,8.912017413354556,23.59334138037564,delta,train,4801,8dd9348,,,,8.333333333333334
gnn_multiedge_full,full,Charlestown,85.71428571428571,100.0,91.42857142857144,0.0748213329066141,0.48969976704746,0.2148062327926323,21.831417151859828,7.008327688489642,15.902181366511751,172.57782769518747,73.47101637078175,132.93510316542518,29.679596164442433,9.143068647263036,23.705808123876672,delta,train,4801,8dd9348,,,,9.333333333333334
gnn_multiedge_season_level,post_covid,Charlestown,71.42857142857143,100.0,82.85714285714286,-0.0459817038320133,0.5352273229158826,0.1943607713293701,23.878189268566313,5.344785690307617,16.464827837262835,172.0382395643845,57.617255518718515,126.26984594611808,30.136922417636157,7.184306049547719,23.78205535796685,level,train,4865,8dd9348,,,,8.333333333333334
gnn_corrbinary,post_covid,Charlestown,71.42857142857143,92.85714285714286,80.0,0.0152546449919024,0.534707861652331,0.1690604145856603,21.599769524165563,7.821853910173688,16.08860327856881,154.24357389459047,75.02619074109978,122.5566206331942,30.091304798605904,10.01234368255947,24.15348391219447,delta,train,4801,8dd9348,,,,11.333333333333334
gnn_multiedge_leaknorm,post_covid,Charlestown,66.66666666666666,92.85714285714286,77.14285714285715,0.0247454870921066,0.4980527165177573,0.1566370952219954,22.281784557160876,7.770475387573242,16.477260889325823,159.35860919192737,78.27520597277592,126.9252479042668,30.073521021654948,10.283654524809943,24.185768959001717,delta,all,4801,8dd9348,,,,12.0
lstm,exclude_covid,Charlestown,85.71428571428571,100.0,91.42857142857144,-0.1443875293949479,0.4774734233556532,0.0850754059807848,24.3947756086077,4.510235786437989,16.440959679739816,155.86511863469795,50.69745780813945,113.79805430407455,31.733547456888143,6.64682094558222,24.93758031550366,level,train,21390,8dd9348,,,,10.333333333333334
gnn_multiedge_season,post_covid,Charlestown,66.66666666666666,92.85714285714286,77.14285714285715,0.0422910211350333,0.5853605973439954,0.1549691043694933,22.660615512302943,9.128057547977992,17.247592326572963,160.4113704853374,93.07076579213144,133.475128608055,30.937362153928746,11.95123112221453,25.12777340634544,delta,train,4865,8dd9348,,,,15.0
gnn_multiedge,post_covid,Charlestown,71.42857142857143,92.85714285714286,80.0,0.0126440690332831,0.4981557418933675,0.1627260423402793,22.94258810224987,8.115524973188128,17.011762850625175,177.405518355986,82.86479621273966,139.58922949868747,31.335822352708448,10.751209450058,25.207055745721437,delta,train,4801,8dd9348,,,,15.0
gnn_multiedge_rt,post_covid,Charlestown,66.66666666666666,85.71428571428571,74.28571428571429,0.0228719111404579,0.5233230386057102,0.1309341622389083,22.984808047612507,9.71268664939063,17.675959488323755,156.36358805523105,95.62174731867924,132.06685176061035,31.605050119028167,12.232628728397572,25.6745476699882,delta,train,5313,8dd9348,,,,16.666666666666668
gnn_multiedge_covid_rsv_full,full,Charlestown,57.14285714285714,100.0,74.28571428571429,-0.1742571961379337,0.3725260801422281,-0.0991209269059287,23.377334220068796,6.624241420200893,16.676097100121634,138.98721388464472,75.89861966805714,113.75177619800968,32.39529137695725,8.63826238459188,25.681136517856817,delta,train,6337,8dd9348,,,,12.666666666666666
gnn_multiedge_covid_rsv,post_covid,Charlestown,71.42857142857143,92.85714285714286,80.0,-0.0716052466121913,0.4067648567784837,0.0454816968017397,23.394348280770437,7.782920258385794,17.14977707181658,151.81196301378637,84.48379277298397,124.8806949174654,33.01162708406745,10.056926923349186,26.349899910609828,delta,train,6337,8dd9348,,,,16.333333333333332
gnn_uniform,post_covid,Charlestown,71.42857142857143,92.85714285714286,80.0,-0.0978733432364266,0.5238799541659892,0.0616128770710572,23.900683175949823,8.981809394700187,17.93313366344997,173.56937477467935,88.52055699952037,139.54984766461578,33.20811646231555,10.904895988558165,26.631449491031027,delta,train,4801,8dd9348,,,,18.333333333333332
persistence,exclude_covid,Charlestown,95.23809523809524,100.0,97.14285714285714,0.0719051359378256,0.4615981405055105,0.2205765812220839,26.738095238095237,6.235714285714286,18.537142857142857,191.21899068230292,61.37329081817023,139.28071073664984,35.86212353949365,8.798660612356212,28.330579137845277,level,none,0,8dd9348,,,,15.0
persistence,post_covid,Charlestown,66.66666666666666,100.0,80.0,0.0719051359378256,0.4615981405055105,0.2205765812220839,26.738095238095237,6.235714285714286,18.537142857142857,191.21899068230292,61.37329081817023,139.28071073664984,35.86212353949365,8.798660612356212,28.330579137845277,level,none,0,8dd9348,,,,15.0
seasonal_naive,exclude_covid,Charlestown,95.23809523809524,100.0,97.14285714285714,0.0719051359378256,0.4615981405055105,0.2205765812220839,26.738095238095237,6.235714285714286,18.537142857142857,191.21899068230292,61.37329081817023,139.28071073664984,35.86212353949365,8.798660612356212,28.330579137845277,level,none,0,8dd9348,,,,15.0
seasonal_naive,post_covid,Charlestown,66.66666666666666,100.0,80.0,0.0719051359378256,0.4615981405055105,0.2205765812220839,26.738095238095237,6.235714285714286,18.537142857142857,191.21899068230292,61.37329081817023,139.28071073664984,35.86212353949365,8.798660612356212,28.330579137845277,level,none,0,8dd9348,,,,15.0
dualtopo,post_covid,Charlestown,57.14285714285714,100.0,74.28571428571429,-0.2642369312323903,0.5344497349210382,-0.1189038772424104,39.1797206061227,4.360586643218994,25.252067020961217,327.0026631931065,59.79301324647396,220.11880321445344,56.890574068618825,5.8209692226047745,44.220763491717406,level,train,479905,8dd9348,,,,16.333333333333332
gnn_multiedge_level,post_covid,Dorchester,53.84615384615385,82.6086956521739,67.3469387755102,0.0402435161567203,0.8468871879014869,0.4226677717699764,53.04397949805627,15.588098857713783,35.462647768915915,88.03262667292256,134.3409665714244,109.7691943803826,69.02360193168647,19.469874406395256,52.0183339795594,level,train,4801,8dd9348,,,,6.666666666666667
gnn_multiedge_leaknorm,post_covid,Dorchester,57.692307692307686,95.65217391304348,75.51020408163265,-0.0463422064548738,0.786063351508936,0.3400046359845914,54.08923138104952,10.691214271213695,33.718733553983725,72.49801867234052,80.06183592967697,76.04838187476375,74.59954357489785,15.606117438894808,55.38253982870772,delta,all,4801,8dd9348,,,,6.0
lstm,exclude_covid,Dorchester,88.46153846153845,100.0,93.87755102040816,0.1158364921107681,0.8065486023741731,0.4054301104296602,54.64499467703013,17.668315555738367,37.28859427315848,71.76430813549793,129.02525178340244,98.64189392941228,72.49193696108722,24.69406461156965,55.449449502347335,level,train,21390,8dd9348,,,,9.0
gnn_geo,post_covid,Dorchester,69.23076923076923,86.95652173913044,77.55102040816327,-0.0644742217474435,0.7055572185674588,0.2893992390749138,47.97579772655781,9.29554163891336,29.81975915480633,56.560260761088685,63.81458261578432,59.96535061125194,75.26519693376764,16.8026864462858,56.02107709369168,delta,train,4801,8dd9348,,,,7.666666666666667
lstm,post_covid,Dorchester,61.53846153846154,21.73913043478261,42.857142857142854,0.0097329989356113,0.8681569489737847,0.3286018693997156,50.27030422504132,51.84478102974269,51.00934435786033,107.86189765098833,498.31572967484215,291.1361453356545,64.06280974629362,52.971904107180045,59.116566581758974,level,train,21390,8dd9348,,,,9.666666666666666
gnn_multiedge_full,full,Dorchester,76.92307692307693,100.0,87.75510204081633,0.1002187953054307,0.7458890706297492,0.4013990787947569,59.104000311631424,10.733488746311354,36.39947447484853,88.68791518759431,107.99672081288124,97.7512321137494,80.41140032118382,14.650399437511062,59.42795544436327,delta,train,4801,8dd9348,,,,7.666666666666667
gnn_multiedge,post_covid,Dorchester,50.0,95.65217391304348,71.42857142857143,-0.0149358730411806,0.7863102700480288,0.3425259127289338,61.08274747775151,12.1446299760238,38.11179436469565,89.3583816444894,89.21260421072732,89.28995550211128,80.50234544472819,18.44473368751219,59.98658128743286,delta,train,4801,8dd9348,,,,10.666666666666666
gnn_multiedge_season,post_covid,Dorchester,53.84615384615385,86.95652173913044,69.38775510204081,-0.0209356210391811,0.8022589180198757,0.2685548833112321,54.738447629488434,15.22244087509487,36.190117928446554,67.18090083232468,83.37235721214667,74.78097219428193,79.0773598831903,24.611131844841736,60.01959367900019,delta,train,4865,8dd9348,,,,11.333333333333334
dualtopo_no_bg,post_covid,Dorchester,73.07692307692307,34.78260869565217,55.10204081632652,0.0116907188306125,0.3907119618459865,0.0406959854650699,44.613886026235726,55.55266206160836,49.748413553043285,98.68793250013448,535.3228753065038,303.6390281031242,62.81473213209531,56.87231304300861,60.0986492909654,level,train,479905,8dd9348,,,,11.0
gnn_uniform,post_covid,Dorchester,65.38461538461539,78.26086956521739,71.42857142857143,-0.121283975915681,0.776600311441879,0.2780035525604401,56.86956528516916,10.832523631012958,35.260341651585634,76.56400713424958,57.798957800224024,67.75592275297228,80.82293595570394,17.744512465696847,60.11604068083261,delta,train,4801,8dd9348,,,,11.666666666666666
gnn_multiedge_season_level,post_covid,Dorchester,50.0,95.65217391304348,71.42857142857143,0.0785534189590449,0.8383603989916195,0.4151434919142318,64.33083438873291,16.554850495379902,41.90537256124068,102.6973805651158,122.39746072926046,111.9443569686939,80.45108677454756,22.907266267959983,60.66820048332962,level,train,4865,8dd9348,,,,12.666666666666666
gnn_multiedge_rt,post_covid,Dorchester,53.84615384615385,78.26086956521739,65.3061224489796,-0.0596981148644584,0.7859954400204188,0.2240785629619858,55.180381857431854,16.14861237484476,36.859347202339954,66.41068578558281,75.18747342599653,70.53040243312394,81.52789972073191,27.108851317861145,62.22395777031848,delta,train,5313,8dd9348,,,,15.0
gnn_corrbinary,post_covid,Dorchester,61.53846153846154,86.95652173913044,73.46938775510205,-0.3291259361709478,0.7484644869572575,0.1344081908292884,58.53729141675509,12.856889237528264,37.095469985689434,76.83318430214517,82.33268201345768,79.41458118704698,85.02349550094635,21.660494005812566,63.68688319769892,delta,train,4801,8dd9348,,,,14.333333333333334
dualtopo_fullhistory,full,Dorchester,76.92307692307693,100.0,87.75510204081633,-0.0535674961391851,0.8267563232851496,0.2547960295999461,60.3044977921706,9.802655924921453,36.59955160958426,80.82610767069637,97.27247287798748,88.54583011493504,88.5979484174561,11.620841154590002,65.02676354638604,level,train,479905,8dd9348,,,,12.0
gnn_multiedge_covid_rsv,post_covid,Dorchester,53.84615384615385,91.30434782608695,71.42857142857143,-0.2232034873427623,0.6761154216888586,0.1145758635128941,61.28348293212744,10.810520856276804,37.59209256999347,78.69795271694328,92.54744433229384,85.19873449557721,88.5159776132359,12.891724461600957,65.07994400674893,delta,train,6337,8dd9348,,,,12.333333333333334
gnn_multiedge_covid_rsv_full,full,Dorchester,61.53846153846154,100.0,79.59183673469387,-0.1875327474173885,0.5140668480535823,0.0368626523371047,57.545189307286186,12.68334500685982,36.487588921371774,79.61846430573306,121.41472230827615,99.23711602121246,88.36210172561219,14.768279671925283,65.15612873867396,delta,train,6337,8dd9348,,,,13.333333333333334
arima,exclude_covid,Dorchester,80.76923076923077,100.0,89.79591836734694,0.0869930982390888,0.7354477664524744,0.3478319150265024,73.27710104381376,8.53917654012806,42.88991199106333,109.43802353006032,84.64935719590304,97.8025270874967,102.3860441315329,10.220108776392443,74.90917183070455,level,none,,8dd9348,,,,13.0
persistence,exclude_covid,Dorchester,80.76923076923077,100.0,89.79591836734694,0.0764592166143762,0.7769960324618469,0.3343259309906929,72.6,7.830434782608696,42.197959183673476,107.20791438287398,75.50633971718045,92.32758341734436,106.11332113866251,9.265832513806464,77.55651527257069,level,none,0,8dd9348,,,,12.333333333333334
persistence,post_covid,Dorchester,46.15384615384615,100.0,71.42857142857143,0.0764592166143762,0.7769960324618469,0.3343259309906929,72.6,7.830434782608696,42.197959183673476,107.20791438287398,75.50633971718045,92.32758341734436,106.11332113866251,9.265832513806464,77.55651527257069,level,none,0,8dd9348,,,,12.333333333333334
seasonal_naive,exclude_covid,Dorchester,80.76923076923077,100.0,89.79591836734694,0.0764592166143762,0.7769960324618469,0.3343259309906929,72.6,7.830434782608696,42.197959183673476,107.20791438287398,75.50633971718045,92.32758341734436,106.11332113866251,9.265832513806464,77.55651527257069,level,none,0,8dd9348,,,,12.333333333333334
seasonal_naive,post_covid,Dorchester,46.15384615384615,100.0,71.42857142857143,0.0764592166143762,0.7769960324618469,0.3343259309906929,72.6,7.830434782608696,42.197959183673476,107.20791438287398,75.50633971718045,92.32758341734436,106.11332113866251,9.265832513806464,77.55651527257069,level,none,0,8dd9348,,,,12.333333333333334
arima,post_covid,Dorchester,46.15384615384615,82.6086956521739,63.26530612244898,0.1535835216637104,0.5779494051559727,0.3670325295299018,71.47190428499744,11.206358014694333,43.18399481118168,109.18039533434808,90.61387775091048,100.46549932579572,113.21213068700824,14.039150231778525,83.02629260272332,level,none,,8dd9348,,,,17.333333333333332
dualtopo,post_covid,Dorchester,42.30769230769231,91.30434782608695,65.3061224489796,-0.1499220825942248,0.8483459228979217,0.0858889501681886,171.97397364102878,14.674317069675611,98.13944096467932,275.20776035649624,139.33367755199217,211.4301296523413,287.0774786576034,16.38850868173354,209.41745544214297,level,train,479905,8dd9348,,,,19.333333333333332
lstm,exclude_covid,East Boston,88.0,100.0,93.18181818181816,0.1196879914785551,0.5299962860505568,0.3622329418066863,12.156087898254391,3.146234311555561,8.265469303998081,144.1401056406403,92.33507306369036,121.7697506642301,16.093370562154636,5.0111968694736575,12.569845038187864,level,train,21390,8dd9348,,,,7.333333333333333
gnn_multiedge_level,post_covid,East Boston,80.0,100.0,88.63636363636364,-0.0635952125343749,0.6760207853393198,0.3155275389453404,12.179140968322754,2.8529922836705257,8.1519403999502,174.86441711838748,89.56069409666479,138.0287185408254,16.439627195651337,3.985762551752319,12.66560600204712,level,train,4801,8dd9348,,,,5.333333333333333
dualtopo_fullhistory,full,East Boston,92.0,100.0,95.45454545454544,0.1619330022765593,0.7217450123845464,0.3865704379185478,12.376747531890867,1.811410627867046,7.814442959698764,123.69975007493244,57.562022292121185,95.14027671417304,16.801432260298203,2.3549124049032,12.758749035817896,level,train,479905,8dd9348,,,,3.0
lstm,post_covid,East Boston,88.0,100.0,93.18181818181816,0.0437488551761929,0.6063655838803734,0.3209523069528167,10.653950424194331,9.429287860268042,10.12511886249889,161.12942094040486,352.1346385492348,243.608946726036,14.959396683467869,9.884552218096998,13.01308066281698,level,train,21390,8dd9348,,,,9.0
dualtopo_no_bg,post_covid,East Boston,88.0,100.0,93.18181818181816,-0.0522769374871921,0.4489483709522085,0.0691243543111964,10.498165893554688,10.3675816184596,10.441777229309082,157.85621310909823,386.6723086278186,256.6631634467275,15.022002232719954,10.857596831501066,13.383652296695518,level,train,479905,8dd9348,,,,10.0
gnn_geo,post_covid,East Boston,80.0,94.73684210526316,86.36363636363636,0.0168672832850104,0.2440586942880534,0.2669408272284411,12.26825448036194,3.190865491565905,8.34847287156365,107.89499857504612,91.59353757599126,100.85573132545424,17.478322312449123,4.719163415394463,13.534831609700054,delta,train,4801,8dd9348,,,,8.666666666666666
gnn_multiedge_season_level,post_covid,East Boston,84.0,100.0,90.9090909090909,0.008261776207514,0.6671645619012821,0.3285081068693007,14.776768989562989,3.3517319905130485,9.843230285427786,204.8178839377133,81.70159466495409,151.65403175174913,18.287070726326537,4.988273244685832,14.168786455261314,level,train,4865,8dd9348,,,,10.333333333333334
gnn_multiedge_covid_rsv_full,full,East Boston,80.0,100.0,88.63636363636364,-0.1215920108361981,0.2703437084796692,0.0905053903502292,12.5838116645813,3.4470058867805884,8.638372805985538,110.1132142856404,115.32111969506212,112.36208253061794,18.87735281558411,4.075779578902689,14.479208320146856,delta,train,6337,8dd9348,,,,9.333333333333334
gnn_multiedge_leaknorm,post_covid,East Boston,80.0,100.0,88.63636363636364,-0.1495690502426144,0.5307024083794555,0.1808232138968005,14.681927013397218,3.016891664580295,9.644752658226274,174.58525723935395,102.63982359994648,143.51791089506435,18.89809790601553,4.221233466366661,14.512541628792862,delta,all,4801,8dd9348,,,,10.333333333333334
gnn_multiedge_full,full,East Boston,92.0,100.0,95.45454545454544,0.0394043485948486,0.3250943797601895,0.2961956890827386,14.72943962097168,3.510898753216392,9.885069700804625,165.02469753530966,123.81560373629124,147.22986157664263,18.95733218822516,4.374590586672868,14.575910158379845,delta,train,4801,8dd9348,,,,11.333333333333334
gnn_multiedge_season,post_covid,East Boston,80.0,94.73684210526316,86.36363636363636,-0.067903424173235,0.5277024233919905,0.1898662202466257,13.87987380504608,4.050431891491539,9.635342069647528,143.98769261617196,112.89099037734358,130.5595711948597,18.74477030160499,6.243642852044208,14.713042132370552,delta,train,4865,8dd9348,,,,13.333333333333334
gnn_multiedge,post_covid,East Boston,84.0,100.0,90.9090909090909,-0.1213424510161353,0.5437203012028884,0.2038589735968086,16.160511512756347,3.355506545618961,10.631077549674297,201.30962699355953,113.25035873572529,163.28403388222205,19.828928514184547,4.747694328224994,15.268752685979717,delta,train,4801,8dd9348,,,,13.333333333333334
gnn_multiedge_rt,post_covid,East Boston,80.0,84.21052631578947,81.81818181818183,-0.1377389843536062,0.5894992459471582,0.1318168778827434,14.898222448825836,3.523946536214728,9.986603304743769,158.86310783574157,90.74047427277496,129.44651606991505,19.709853408817672,5.828062250742256,15.342541804718142,delta,train,5313,8dd9348,,,,15.0
gnn_multiedge_covid_rsv,post_covid,East Boston,76.0,100.0,86.36363636363636,-0.1862269950315589,0.576214376685315,0.0824498285917716,15.079014439582824,2.54273805179094,9.665622363036327,144.402842392995,84.44542773320785,118.5121406080869,20.38204499096237,3.494053140895973,15.53416592987056,delta,train,6337,8dd9348,,,,10.666666666666666
gnn_uniform,post_covid,East Boston,80.0,94.73684210526316,86.36363636363636,-0.2179368727599817,0.48866417499061,0.1226519527685466,15.601316528320313,2.7527637716970945,10.053077837960286,177.03559147683816,78.98012958093007,134.6934602036051,20.3294810744402,4.8897557548637725,15.657179252519215,delta,train,4801,8dd9348,,,,15.0
gnn_corrbinary,post_covid,East Boston,80.0,100.0,88.63636363636364,-0.3094435387048423,0.3932849061203295,0.0474790883923064,15.60418565750122,3.1896048972481177,10.243343965573745,174.2037066239006,100.8396498327704,142.52377300954893,20.49001576700946,5.6112645882508545,15.8789870931647,delta,train,4801,8dd9348,,,,17.0
arima,exclude_covid,East Boston,100.0,100.0,100.0,0.000152116710435,0.5328532289683361,0.2618366286780333,17.296040007792925,2.7512908033723535,11.015352851338584,189.63946244339363,100.37543717602776,151.09363335066746,22.45791977488262,3.5614131263935964,17.08929996242779,level,none,,8dd9348,,,,13.0
arima,post_covid,East Boston,68.0,100.0,81.81818181818183,0.0307012199884798,0.4969235411134555,0.2769490490734789,17.225415163292716,2.7006166376072525,10.953343072655812,183.35938341555212,98.7276001535078,146.81384064330572,23.047094505077332,3.371343331778955,17.513090746316166,level,none,,8dd9348,,,,12.666666666666666
persistence,exclude_covid,East Boston,100.0,100.0,100.0,0.1024809041368482,0.3520756402496167,0.3077668948713468,16.724,3.1052631578947367,10.843181818181815,164.5230675906358,108.16429371300592,140.1863243252956,24.457873987736544,3.672515271724902,18.59310111549198,level,none,0,8dd9348,,,,14.666666666666666
persistence,post_covid,East Boston,68.0,100.0,81.81818181818183,0.1024809041368482,0.3520756402496167,0.3077668948713468,16.724,3.1052631578947367,10.843181818181815,164.5230675906358,108.16429371300592,140.1863243252956,24.457873987736544,3.672515271724902,18.59310111549198,level,none,0,8dd9348,,,,14.666666666666666
seasonal_naive,exclude_covid,East Boston,100.0,100.0,100.0,0.1024809041368482,0.3520756402496167,0.3077668948713468,16.724,3.1052631578947367,10.843181818181815,164.5230675906358,108.16429371300592,140.1863243252956,24.457873987736544,3.672515271724902,18.59310111549198,level,none,0,8dd9348,,,,14.666666666666666
seasonal_naive,post_covid,East Boston,68.0,100.0,81.81818181818183,0.1024809041368482,0.3520756402496167,0.3077668948713468,16.724,3.1052631578947367,10.843181818181815,164.5230675906358,108.16429371300592,140.1863243252956,24.457873987736544,3.672515271724902,18.59310111549198,level,none,0,8dd9348,,,,14.666666666666666
dualtopo,post_covid,East Boston,48.0,100.0,70.45454545454545,-0.2188408870964071,0.6398668628711328,-0.0037252837762968,39.27989721298218,2.657543081986277,23.465698838233948,515.0626196650022,93.1497181470994,332.87295764590795,60.63334720329094,3.514481194751682,45.762417542367594,level,train,479905,8dd9348,,,,16.666666666666668
dualtopo_fullhistory,full,Fenway,100.0,100.0,100.0,0.3694011421605072,0.2771267728667077,0.5785926939530267,4.00106050491333,1.9176807933383515,3.128948067509851,41.3393719863595,106.6699062577778,68.68703749532531,5.617807523921219,2.296907681086612,4.534001165646158,level,train,479905,8dd9348,,,,2.3333333333333335
gnn_multiedge_level,post_covid,Fenway,96.0,100.0,97.67441860465117,0.35085865212821,0.4641939775589787,0.6049837116506773,4.506022968292236,2.8161259757147894,3.7986242272133057,66.80399542675038,161.3262142703925,106.37143587292616,5.373349449517873,3.5826739021054026,4.707396576849897,level,train,4801,8dd9348,,,,6.333333333333333
lstm,exclude_covid,Fenway,100.0,100.0,100.0,0.2973544085829416,0.5877726307157258,0.5004449950782245,4.88332384109497,3.330718093448215,4.233395853707957,59.34806391774137,166.355661924149,104.14194215298176,6.252895995200224,4.884308827238817,5.71998580484283,level,train,21390,8dd9348,,,,9.666666666666666
gnn_multiedge_season_level,post_covid,Fenway,100.0,100.0,100.0,0.3473604568349243,0.4506872003760594,0.5875871700080626,5.937858257293701,2.7700065506829157,4.611780798712442,77.16579347789633,152.95856350968046,108.89299953771294,6.847201980180764,3.9879477426368646,5.823711482397228,level,train,4865,8dd9348,,,,10.0
arima,post_covid,Fenway,100.0,100.0,100.0,0.226238700960648,0.197105355210586,0.4635806772294655,4.4654339721391025,6.867718276969795,5.471041355556602,87.09902474162922,364.3556928856244,203.159955592604,5.439178571999173,7.143679902766571,6.209886181052237,level,none,,8dd9348,,,,9.666666666666666
dualtopo_no_bg,post_covid,Fenway,100.0,100.0,100.0,0.1119458005668591,0.2530848067295922,-0.0121705828649564,4.483717193603516,6.961258093516032,5.520827337752941,87.98934104914862,368.7514355728103,205.51765968696049,5.441999511008805,7.233077154765024,6.254481666155075,level,train,479905,8dd9348,,,,10.666666666666666
lstm,post_covid,Fenway,100.0,100.0,100.0,0.5490257749359039,0.1964953949028744,0.6863610633182983,4.509265113830566,7.159881485833062,5.618825455599053,91.59568815326767,377.9119502135416,211.44900715524275,5.390328885770616,7.419543605977585,6.319560680192629,level,train,21390,8dd9348,,,,10.666666666666666
gnn_geo,post_covid,Fenway,84.0,94.44444444444444,88.37209302325581,0.0469072288572639,0.3657120228562361,0.3469787121365058,6.458706099390984,2.1652542336119547,4.66144717883232,85.09069883348944,112.47597823610622,96.5543041648174,8.116566144486281,2.7831547928707843,6.445465794532413,delta,train,4801,8dd9348,,,,6.333333333333333
gnn_multiedge_full,full,Fenway,96.0,100.0,97.67441860465117,0.1545862481520282,0.1001245821862766,0.4403370813561356,6.4571435546875,2.2106930083698697,4.679559605066166,88.89279249027965,118.34572910300024,101.22192874676736,8.398127995631734,2.919003158739065,6.676206058987174,delta,train,4801,8dd9348,,,,8.333333333333334
gnn_multiedge_covid_rsv_full,full,Fenway,84.0,100.0,90.69767441860463,-0.2274386886150864,-0.0204133740320024,0.0913581387789599,6.422019534111023,2.251113520728217,4.676058877346128,91.46579848182157,117.35541466719704,102.3033122338392,8.552585335344055,2.8556847457118706,6.777968301206013,delta,train,6337,8dd9348,,,,8.0
gnn_multiedge_leaknorm,post_covid,Fenway,88.0,100.0,93.02325581395348,0.0878231428034566,0.1533215341213262,0.3744163188647951,6.741664066314697,2.1178972522417703,4.806133772051612,85.7211191297652,112.47097127545722,96.91873165586884,8.823314451937783,2.9151276371516226,6.987090076140404,delta,all,4801,8dd9348,,,,9.666666666666666
gnn_multiedge_season,post_covid,Fenway,88.0,77.77777777777779,83.72093023255815,0.12517726798135,0.2821884679234331,0.3710690958200725,7.002408237457275,2.749082288969981,5.221946212509105,83.30688142737397,151.45598151482,111.83441169653744,8.661863233061752,3.621253347912823,7.00786838718821,delta,train,4865,8dd9348,,,,13.333333333333334
gnn_corrbinary,post_covid,Fenway,92.0,94.44444444444444,93.02325581395348,0.0571153911277591,0.3067071762645147,0.3674477674789014,6.914836664199829,2.157871183421877,4.923548788525338,92.00273117448349,119.82301221371785,103.64843021416296,8.976637547130185,3.0255491160510295,7.119040298985881,delta,train,4801,8dd9348,,,,12.333333333333334
gnn_multiedge_rt,post_covid,Fenway,84.0,83.33333333333334,83.72093023255815,0.1113107642946592,0.312482077528448,0.3535872920732129,7.064800672531128,2.636890597641468,5.211256920251736,75.5503030246344,140.02225555739142,102.53856222439316,8.921619298865297,3.3949228753785694,7.148493574894072,delta,train,5313,8dd9348,,,,14.0
gnn_multiedge,post_covid,Fenway,88.0,100.0,93.02325581395348,0.1071910988276776,0.2167663436097779,0.4003807862550347,7.27189374923706,1.9986953536669416,5.064508374347243,92.90053918905028,114.08844309549784,101.76989431267948,9.33999616974422,2.9547720225742773,7.373807211336018,delta,train,4801,8dd9348,,,,12.666666666666666
gnn_uniform,post_covid,Fenway,88.0,83.33333333333334,86.04651162790698,0.0394992807664532,0.3066736314954081,0.3462962701335054,7.381034021377563,2.3806574046611786,5.287853112054425,86.68736056201956,124.56967824319544,102.54507494018624,9.372046063173013,2.979905823004085,7.401631313131042,delta,train,4801,8dd9348,,,,13.666666666666666
gnn_multiedge_covid_rsv,post_covid,Fenway,84.0,100.0,90.69767441860463,0.0377778347609152,0.0083481541434669,0.2881208396849483,7.005756118297577,2.2315602435006037,5.007255519545356,81.0359237091772,114.02734692458084,94.84628691562524,9.535853481368038,2.863937127071853,7.50341160557284,delta,train,6337,8dd9348,,,,13.0
arima,exclude_covid,Fenway,100.0,100.0,100.0,0.2199863566432642,0.1183587977466445,0.4540786795944791,8.385843410516912,2.051115697186209,5.73409692586685,102.71265605823676,95.24742928603592,99.58767740940851,12.008172750025848,2.670241077506243,9.317710934181624,level,none,,8dd9348,,,,12.666666666666666
persistence,exclude_covid,Fenway,100.0,100.0,100.0,0.2144308654919174,-0.0603618213425522,0.4392433815792449,8.396,2.288888888888889,5.83953488372093,103.33098347593165,107.72583138764436,105.17068725292766,12.572652862463036,3.110555505943521,9.795525794024297,level,none,0,8dd9348,,,,16.333333333333332
persistence,post_covid,Fenway,88.0,100.0,93.02325581395348,0.2144308654919174,-0.0603618213425522,0.4392433815792449,8.396,2.288888888888889,5.83953488372093,103.33098347593165,107.72583138764436,105.17068725292766,12.572652862463036,3.110555505943521,9.795525794024297,level,none,0,8dd9348,,,,16.333333333333332
seasonal_naive,exclude_covid,Fenway,100.0,100.0,100.0,0.2144308654919174,-0.0603618213425522,0.4392433815792449,8.396,2.288888888888889,5.83953488372093,103.33098347593165,107.72583138764436,105.17068725292766,12.572652862463036,3.110555505943521,9.795525794024297,level,none,0,8dd9348,,,,16.333333333333332
seasonal_naive,post_covid,Fenway,88.0,100.0,93.02325581395348,0.2144308654919174,-0.0603618213425522,0.4392433815792449,8.396,2.288888888888889,5.83953488372093,103.33098347593165,107.72583138764436,105.17068725292766,12.572652862463036,3.110555505943521,9.795525794024297,level,none,0,8dd9348,,,,16.333333333333332
dualtopo,post_covid,Fenway,68.0,100.0,81.3953488372093,-0.0310209421491918,0.5271931901984561,0.1799890733883348,13.499360332489012,3.234967337714301,9.202637683513553,156.05268400652648,183.17859416386557,167.4077161654126,21.18603638168366,3.7490748624981225,16.33529746527202,level,train,479905,8dd9348,,,,21.333333333333332
gnn_multiedge_level,post_covid,Hyde Park,64.0,100.0,80.43478260869566,-0.0966621306088595,0.6190573141076522,0.2822330359542773,21.392660675048827,6.376767113095238,14.537578831548275,146.29797739133488,139.95127161755494,143.40056823373965,27.791573264231076,8.123597854251303,21.210712170862283,level,train,4801,8dd9348,,,,5.333333333333333
lstm,post_covid,Hyde Park,88.0,100.0,93.47826086956522,-0.1239956526592031,0.5371462819154763,0.1845298833037677,19.763498306274418,15.912602924165268,18.00548084922459,143.02940604201495,425.0458749596048,271.7760548956973,25.539738938768757,16.463765355186425,21.86874063966891,level,train,21390,8dd9348,,,,8.666666666666666
dualtopo_no_bg,post_covid,Hyde Park,88.0,100.0,93.47826086956522,-0.1076171276226873,0.1963216189316854,-0.0454949537697608,18.171471252441407,20.085494086855935,19.04526428554369,139.33813890508145,526.9940853611065,316.31150576544076,24.322953970742446,20.60335715867045,22.700611511076595,level,train,479905,8dd9348,,,,9.0
lstm,exclude_covid,Hyde Park,88.0,100.0,93.47826086956522,-0.0613535055990924,0.4882662138412144,0.2338496252291063,24.113885208129886,7.537718709309894,16.546504849972933,143.0839025992919,150.53555716968063,146.48574490316494,30.65901001525968,10.715328678573243,23.73337222066896,level,train,21390,8dd9348,,,,9.0
gnn_multiedge_covid_rsv_full,full,Hyde Park,84.0,100.0,91.30434782608695,-0.3986389288842841,0.3126013249611205,-0.0910699723606565,21.460957260131835,6.129765680858067,14.4619350174199,102.89419116264747,147.5892336688111,123.29844969807002,31.97378728169076,7.393427581800125,24.09491874447175,delta,train,6337,8dd9348,,,,7.0
gnn_multiedge_leaknorm,post_covid,Hyde Park,64.0,95.23809523809524,78.26086956521739,-0.2139259521865708,0.5099695161609654,0.1576764506338688,24.2192516708374,5.3259593305133635,15.59405299373295,145.43772048664374,101.87576864908952,125.55074247384724,32.03405219556385,8.201924636278148,24.257323154330138,delta,all,4801,8dd9348,,,,8.666666666666666
gnn_geo,post_covid,Hyde Park,64.0,85.71428571428571,73.91304347826086,-0.2091251115191718,0.395861436894429,0.101683233091044,22.83695712327957,5.575484576679411,14.956719656353412,126.74664054939996,100.42211525546004,114.72892248042736,31.816857245826185,9.178411054349644,24.261670407458517,delta,train,4801,8dd9348,,,,9.0
gnn_multiedge_season_level,post_covid,Hyde Park,68.0,100.0,82.6086956521739,-0.0490815127730291,0.6288814232828824,0.2831434445955664,26.13205047607422,6.528561546688988,17.182631617007047,172.7075130039395,115.11435673814384,146.4149851434676,32.68326706464899,9.354110892423858,24.909569425712615,level,train,4865,8dd9348,,,,11.0
gnn_multiedge_full,full,Hyde Park,92.0,100.0,95.65217391304348,-0.0892140454558271,0.4381105034731607,0.2349773449699148,26.714224376678462,5.851551952816191,17.1899608788283,164.27357995038523,131.50299985253145,149.31309773179976,33.909366599657154,7.987131296438475,25.574192227893786,delta,train,4801,8dd9348,,,,10.333333333333334
gnn_multiedge_season,post_covid,Hyde Park,64.0,71.42857142857143,67.3913043478261,-0.1590538795106745,0.5687203405651413,0.1210470864922451,24.96121428489685,7.619543365424588,17.04436451731169,128.14514570724455,127.02075630387009,127.6318375013562,33.23117399028077,11.89421327673332,25.782826951551797,delta,train,4865,8dd9348,,,,13.333333333333334
gnn_multiedge_rt,post_covid,Hyde Park,72.0,76.19047619047619,73.91304347826086,-0.1736993492401882,0.5183857789260294,0.0943678767782856,25.25835203170776,7.392923690023876,17.102395614852075,127.27559162935044,115.80797836926496,122.04037688018096,33.44554420654988,11.7590942202959,25.90488996826526,delta,train,5313,8dd9348,,,,13.666666666666666
gnn_uniform,post_covid,Hyde Park,76.0,76.19047619047619,76.08695652173914,-0.2745028137271395,0.5167947889728375,0.1047115197642775,26.213153533935547,5.454732107264655,16.73648288262927,152.88882704110475,98.68577537322994,128.14395562750974,34.28891971581664,8.887493544944729,25.98159413461228,delta,train,4801,8dd9348,,,,12.666666666666666
gnn_multiedge,post_covid,Hyde Park,60.0,95.23809523809524,76.08695652173914,-0.1948739549645694,0.5257128473817869,0.1666754316610629,27.40829963684082,5.9930666117441085,17.631780212340146,172.05955514859696,112.50110291024184,144.86982695282614,34.60304922985795,9.207145274181114,26.257287769384643,delta,train,4801,8dd9348,,,,14.0
gnn_multiedge_covid_rsv,post_covid,Hyde Park,68.0,95.23809523809524,80.43478260869566,-0.3072905546564522,0.4006684373849095,-0.0053476994051484,26.471981925964357,5.488753806977045,16.892682132513627,142.53474829672433,119.40342332535415,131.97479559240315,35.55845074373419,7.100822308241519,26.649472100523173,delta,train,6337,8dd9348,,,,12.333333333333334
dualtopo_fullhistory,full,Hyde Park,88.0,100.0,93.47826086956522,-0.2019540611493732,0.6851186551380458,0.1026894585958155,25.666370811462404,4.173246837797619,15.854292475658914,164.46826134135637,102.70399943623804,136.2715330803241,36.244975576021766,4.651193157575084,26.90432400847205,level,train,479905,8dd9348,,,,10.666666666666666
gnn_corrbinary,post_covid,Hyde Park,68.0,76.19047619047619,71.73913043478261,-0.4465385680568188,0.4490097798084361,-0.0466727410109433,26.358672704696655,6.407211941799948,17.25039713902642,154.87699374607706,117.35626658956932,137.7479661311496,36.126210475509545,10.521524741913082,27.565072900245426,delta,train,4801,8dd9348,,,,16.333333333333332
arima,exclude_covid,Hyde Park,96.0,100.0,97.82608695652172,-0.1426678459119934,0.5593977179789995,0.1564012319503905,31.67073764888999,4.489944229629409,19.26211456618407,210.9370178117504,97.34936832893756,159.08178652611844,43.0074921403533,6.1263281630526745,31.974609266760886,level,none,,8dd9348,,,,12.333333333333334
arima,post_covid,Hyde Park,56.00000000000001,100.0,76.08695652173914,-0.1283130842714225,0.5378410539372905,0.1613316783147325,31.746383002564645,4.151119327364823,19.148545237799507,215.42779899369577,90.86472707408836,158.56204876952717,44.02301862555469,5.751396865262587,32.68602417288025,level,none,,8dd9348,,,,12.666666666666666
persistence,exclude_covid,Hyde Park,96.0,100.0,97.82608695652172,-0.0909193520802895,0.3993158305112032,0.1744586714370355,31.396000000000004,4.942857142857142,19.319565217391304,213.3898396667773,115.3485162180814,168.63184417932925,44.872276519026755,6.61650173717919,33.38099237850656,level,none,0,8dd9348,,,,14.0
persistence,post_covid,Hyde Park,56.00000000000001,100.0,76.08695652173914,-0.0909193520802895,0.3993158305112032,0.1744586714370355,31.396000000000004,4.942857142857142,19.319565217391304,213.3898396667773,115.3485162180814,168.63184417932925,44.872276519026755,6.61650173717919,33.38099237850656,level,none,0,8dd9348,,,,14.0
seasonal_naive,exclude_covid,Hyde Park,96.0,100.0,97.82608695652172,-0.0909193520802895,0.3993158305112032,0.1744586714370355,31.396000000000004,4.942857142857142,19.319565217391304,213.3898396667773,115.3485162180814,168.63184417932925,44.872276519026755,6.61650173717919,33.38099237850656,level,none,0,8dd9348,,,,14.0
seasonal_naive,post_covid,Hyde Park,56.00000000000001,100.0,76.08695652173914,-0.0909193520802895,0.3993158305112032,0.1744586714370355,31.396000000000004,4.942857142857142,19.319565217391304,213.3898396667773,115.3485162180814,168.63184417932925,44.872276519026755,6.61650173717919,33.38099237850656,level,none,0,8dd9348,,,,14.0
dualtopo,post_covid,Hyde Park,52.0,100.0,73.91304347826086,-0.2001564234997234,0.5961775118535876,0.0079494691291264,66.17145835876465,5.889160701206753,38.651278993357785,387.0547401054431,144.14865812524403,276.1628331144827,108.40190214081476,6.884598679512895,80.05020997341043,level,train,479905,8dd9348,,,,18.0
gnn_multiedge_level,post_covid,Jamaica Plain,75.0,100.0,86.95652173913044,-0.1097433837917308,0.6472436771409026,0.29897102016707,13.41550068060557,3.289921998977661,8.572832615479179,154.97986736119796,116.8661648288098,136.751574845708,18.090474731354025,4.295706609745942,13.400466182864628,level,train,4801,8dd9348,,,,7.333333333333333
lstm,exclude_covid,Jamaica Plain,91.66666666666666,100.0,95.65217391304348,-0.0261431936863191,0.528083821411203,0.2905673255187527,14.457134850819909,3.2085367896340116,9.07737056068752,140.2111041281741,115.57955684508867,128.43079890582888,18.443916333315297,4.800655214463405,13.729761060484185,level,train,21390,8dd9348,,,,9.0
dualtopo_no_bg,post_covid,Jamaica Plain,87.5,100.0,93.47826086956522,-0.1384292418828918,0.2701027212365336,-0.0847026852849739,11.562002261479696,10.305748614397915,10.961185299831888,158.65999313566002,384.5340785299804,266.68672962859586,16.86269023410361,10.62831641707799,14.226087597534727,level,train,479905,8dd9348,,,,9.0
lstm,post_covid,Jamaica Plain,87.5,100.0,93.47826086956522,-0.2367990392869602,0.5851004896001094,0.0921604809520582,12.411109582583109,10.13783103769476,11.323889408940856,170.4550942835889,377.39211110507733,269.42497189386603,17.103684409718603,10.442030322363143,14.309966448524577,level,train,21390,8dd9348,,,,9.333333333333334
gnn_multiedge_season_level,post_covid,Jamaica Plain,87.5,100.0,93.47826086956522,-0.0621637715646015,0.6976163068518548,0.3029301578020777,15.845172305901846,3.23764647137035,9.81548603721287,178.0516730383049,99.27949545196732,140.37802288831736,19.532615103726226,4.66922007632563,14.473505646099571,level,train,4865,8dd9348,,,,9.666666666666666
gnn_multiedge_leaknorm,post_covid,Jamaica Plain,70.83333333333334,95.45454545454544,82.6086956521739,-0.1525144503439869,0.4066314726118343,0.1863961288468666,15.48550076285998,2.7546821897002784,9.3968484017836,153.01725600170187,88.40333843115339,122.1149475983961,20.355731446330815,3.1883663506834043,14.867665692673873,delta,all,4801,8dd9348,,,,6.0
gnn_multiedge_full,full,Jamaica Plain,95.83333333333334,100.0,97.82608695652172,-0.0259656760017946,0.0692191060171368,0.2686721369947189,15.70755042632421,3.2980782118710605,9.77258545419444,182.15057772540771,111.09504189548224,148.16749537196506,20.356843131503815,3.8867402377571847,14.947716117247184,delta,train,4801,8dd9348,,,,10.0
gnn_geo,post_covid,Jamaica Plain,70.83333333333334,95.45454545454544,82.6086956521739,-0.1572451828484464,0.1395585802997718,0.1367559955966911,14.913503150145212,3.0005077861926774,9.21598362825487,148.61754295384725,83.49222147971656,117.47065007491516,20.58454123432887,3.523994550934089,15.066928897824925,delta,train,4801,8dd9348,,,,8.333333333333334
dualtopo_fullhistory,full,Jamaica Plain,91.66666666666666,100.0,95.65217391304348,-0.1370630405482191,0.7686091912666224,0.1765791397107143,15.322540918986002,2.208329764279452,9.050526888474174,151.7336372909012,88.16702512615979,121.33221408167708,21.008255684884418,2.5940896357774403,15.280257217389838,level,train,479905,8dd9348,,,,6.666666666666667
gnn_multiedge_season,post_covid,Jamaica Plain,62.5,90.9090909090909,76.08695652173914,-0.1203490292023534,0.5768985140462778,0.158651976104612,16.08724678431948,2.9226431612941353,9.791132008089969,150.5806178942622,79.78776686176954,116.72316740046134,21.08432479121745,3.716233244426488,15.444851833448874,delta,train,4865,8dd9348,,,,11.333333333333334
gnn_uniform,post_covid,Jamaica Plain,79.16666666666666,90.9090909090909,84.78260869565217,-0.1954245465773134,0.4726199667628081,0.1563081378797727,16.093469485640526,2.309920926747674,9.501337566170031,162.66746601287355,63.86997118809191,115.4164902271084,21.360763303481296,2.9397852853548434,15.562569671088486,delta,train,4801,8dd9348,,,,8.666666666666666
gnn_multiedge_covid_rsv_full,full,Jamaica Plain,75.0,100.0,86.95652173913044,-0.2589051103524058,-0.1384132563576875,-0.0310504406183336,14.985764930645624,3.845331831411882,9.657731709272966,132.95156650897383,124.53293224902416,128.92526316725878,21.189757218011636,4.714118463015959,15.649033548733849,delta,train,6337,8dd9348,,,,14.333333333333334
gnn_multiedge,post_covid,Jamaica Plain,66.66666666666666,95.45454545454544,80.43478260869566,-0.129674829420901,0.440564564383319,0.1988285180725699,16.77025842666626,2.861143258484927,10.1180729114491,185.6045542168114,94.4726646133318,142.01973744992986,21.52306117700884,3.340940314373216,15.71718341452994,delta,train,4801,8dd9348,,,,11.0
gnn_multiedge_rt,post_covid,Jamaica Plain,58.333333333333336,90.9090909090909,73.91304347826086,-0.1359946093607686,0.6466594496470298,0.1296494441746093,16.62577478090922,2.6107087677175347,9.92291712242624,154.6143469206107,68.573438992884,113.46434747691532,21.74884422172542,3.490985112332034,15.893946683879795,delta,train,5313,8dd9348,,,,12.0
gnn_corrbinary,post_covid,Jamaica Plain,75.0,90.9090909090909,82.6086956521739,-0.2800469872861919,0.402827740998408,0.0640690280367512,16.23620516061783,2.6207816316322847,9.724480864146482,168.01087400589105,81.34462579402143,126.56179877412733,22.224129351362556,3.1819070486113055,16.202942516231776,delta,train,4801,8dd9348,,,,11.666666666666666
gnn_multiedge_covid_rsv,post_covid,Jamaica Plain,66.66666666666666,95.45454545454544,80.43478260869566,-0.2231454879282773,0.1866422738017189,0.0490422845413903,16.500682706634205,2.933628350496292,10.012091492829116,150.91653649767693,93.95133791250274,123.67231108737622,22.651281343179164,3.7508748698414593,16.56571399402939,delta,train,6337,8dd9348,,,,15.666666666666666
arima,post_covid,Jamaica Plain,50.0,100.0,73.91304347826086,-0.0661303037221615,0.5893492160356123,0.2325516944508917,17.765583064409867,2.015662746243023,10.233012477460507,187.6821727176929,69.79958092072569,131.3035418582738,23.1469800517387,2.2569900061631296,16.792112885873582,level,none,,8dd9348,,,,11.666666666666666
arima,exclude_covid,Jamaica Plain,100.0,100.0,100.0,-0.0035263383033044,0.0508526914131287,0.2586700435881151,17.607127552941552,2.5633466365421764,10.412275810315764,195.5317534184124,77.9304816263242,139.28766690915282,24.046698487527795,3.1088568908418215,17.501850089342653,level,none,,8dd9348,,,,13.333333333333334
persistence,exclude_covid,Jamaica Plain,100.0,100.0,100.0,0.0327261887642756,0.0785412550904486,0.2767333693141691,17.679166666666667,3.0136363636363637,10.665217391304347,195.6040610258869,92.57575757575758,146.32965502799897,24.059362349544237,3.532640012022942,17.549321800348125,level,none,0,8dd9348,,,,16.0
persistence,post_covid,Jamaica Plain,50.0,100.0,73.91304347826086,0.0327261887642756,0.0785412550904486,0.2767333693141691,17.679166666666667,3.0136363636363637,10.665217391304347,195.6040610258869,92.57575757575758,146.32965502799897,24.059362349544237,3.532640012022942,17.549321800348125,level,none,0,8dd9348,,,,16.0
seasonal_naive,exclude_covid,Jamaica Plain,100.0,100.0,100.0,0.0327261887642756,0.0785412550904486,0.2767333693141691,17.679166666666667,3.0136363636363637,10.665217391304347,195.6040610258869,92.57575757575758,146.32965502799897,24.059362349544237,3.532640012022942,17.549321800348125,level,none,0,8dd9348,,,,16.0
seasonal_naive,post_covid,Jamaica Plain,50.0,100.0,73.91304347826086,0.0327261887642756,0.0785412550904486,0.2767333693141691,17.679166666666667,3.0136363636363637,10.665217391304347,195.6040610258869,92.57575757575758,146.32965502799897,24.059362349544237,3.532640012022942,17.549321800348125,level,none,0,8dd9348,,,,16.0
dualtopo,post_covid,Jamaica Plain,45.83333333333333,100.0,71.73913043478261,-0.241494024547391,0.715391270391573,-0.0089446761579332,33.70493823289871,3.444389560005882,19.2325019110804,344.541014694723,130.09164488483407,241.97827261173265,49.09004055513796,3.95410021300975,35.563763295450315,level,train,479905,8dd9348,,,,21.0
gnn_geo,post_covid,Mattapan,73.07692307692307,90.47619047619048,80.85106382978722,0.0644179837590824,0.3718171410762859,0.309445390339995,21.800218747212337,7.061703426497323,15.214924667743926,109.51501169912916,143.3623616624803,124.63829572530732,30.025028539145033,8.48145807557899,23.040066194234942,delta,train,4801,8dd9348,,,,4.666666666666667
gnn_multiedge_leaknorm,post_covid,Mattapan,69.23076923076923,100.0,82.97872340425532,0.2058590478770845,0.4076391889204555,0.4233161670869695,24.118949523338905,7.7691595667884465,16.813724223603593,132.76945723090944,162.4655649604895,146.03793089731752,30.811052249281836,8.728474791433603,23.64734530298112,delta,all,4801,8dd9348,,,,6.0
gnn_multiedge_level,post_covid,Mattapan,61.53846153846154,95.23809523809524,76.59574468085107,0.0381958378702818,0.6582050474385923,0.3566747986594361,25.152376395005447,10.322718484061104,18.526359030540952,161.12788209068637,196.51578747618132,176.93949939058837,30.496803258035932,12.476853540369428,24.167209890353824,level,train,4801,8dd9348,,,,8.666666666666666
gnn_multiedge_rt,post_covid,Mattapan,69.23076923076923,95.23809523809524,80.85106382978722,0.1716040662018548,0.5644518413976345,0.3483096193524294,23.6972129711738,8.311476463363284,16.822734957045697,116.22934606610828,134.85399765408903,124.55099890329116,30.911123869522992,11.497228110822958,24.241185452053557,delta,train,5313,8dd9348,,,,9.0
gnn_multiedge_season,post_covid,Mattapan,73.07692307692307,90.47619047619048,80.85106382978722,0.2003540717312529,0.5430226273739485,0.3704861585245411,24.079269079061653,10.029279521533422,17.801614170378826,122.53262071843253,171.0538852943007,144.212334677863,31.221133752650793,12.38289013950675,24.652389442332748,delta,train,4865,8dd9348,,,,10.0
gnn_uniform,post_covid,Mattapan,80.76923076923077,90.47619047619048,85.1063829787234,0.1235251097326459,0.4770238552171724,0.3668643305322297,25.742692204622124,6.797369860467457,17.27776094446791,139.0655579398023,123.36175959867464,132.04896719163887,32.633464027550964,8.471711900004502,24.923579064140725,delta,train,4801,8dd9348,,,,8.0
lstm,exclude_covid,Mattapan,92.3076923076923,100.0,95.74468085106383,0.152615657846695,0.680208426241184,0.375053939169268,24.290916310823885,8.980888466607956,17.450265571918898,126.8007300534915,150.86485310153105,137.55278503240277,31.382572973077536,13.63924439403732,25.0587062999685,level,train,21390,8dd9348,,,,11.666666666666666
gnn_multiedge_covid_rsv_full,full,Mattapan,84.61538461538461,100.0,91.48936170212764,0.1366424156093892,-0.0385001314944927,0.2578044356298707,21.684304434519547,7.095680236816406,15.165982984481976,101.41892843123578,182.62892118543957,137.7042443426885,32.92934110997486,8.927534109973172,25.208322386872556,delta,train,6337,8dd9348,,,,10.0
gnn_multiedge_covid_rsv,post_covid,Mattapan,73.07692307692307,100.0,85.1063829787234,0.1254135271405659,0.1748271942102203,0.3040435967773549,24.95136162867913,6.38891821815854,16.657503934616738,120.99260770208636,153.66071564400474,135.58899635698606,34.12982289620867,8.071430873257004,25.951703509562783,delta,train,6337,8dd9348,,,,8.333333333333334
gnn_multiedge_full,full,Mattapan,100.0,100.0,100.0,0.3217843772845896,0.1740153334467837,0.4908145636988529,25.77483265216534,8.034387724740165,17.84825087608175,138.35461889583937,190.82461470510464,161.79865957657492,34.01552084706609,9.271593873578356,26.047688929630333,delta,train,4801,8dd9348,,,,11.333333333333334
gnn_multiedge,post_covid,Mattapan,57.692307692307686,100.0,76.59574468085107,0.2012911110513028,0.4584351920449274,0.4189462496814149,27.31742787361145,8.693898609706334,18.99627650037725,153.23083098133847,177.88758693597734,164.24767938660264,34.23774196708319,9.902387790595414,26.31114977358652,delta,train,4801,8dd9348,,,,12.666666666666666
lstm,post_covid,Mattapan,84.61538461538461,100.0,91.48936170212764,0.0866452172911668,0.5720789544123708,0.3399048483870251,25.71526128328764,21.31347327459426,23.748504938977835,182.9273136608116,456.5515088824261,305.1849328023839,29.81196096754218,21.564499691395948,26.44671842279695,level,train,21390,8dd9348,,,,12.0
gnn_corrbinary,post_covid,Mattapan,69.23076923076923,90.47619047619048,78.72340425531915,-0.0374774998929702,0.4737223494066901,0.2336143697888746,26.462387323379517,8.40915712856111,18.396050427822356,142.13605509705783,159.03728844736287,149.68766999825803,34.65875162545167,10.07278334334865,26.642884931016184,delta,train,4801,8dd9348,,,,14.0
dualtopo_fullhistory,full,Mattapan,88.46153846153845,100.0,93.61702127659576,0.0401788824652654,0.5567815836017972,0.2763304751215786,25.18270444869995,6.470182282584054,16.82179028937157,119.7461204817264,140.53161909992963,129.03325816220018,35.6483220464936,7.577599779786586,26.99357483434957,level,train,479905,8dd9348,,,,10.333333333333334
dualtopo_no_bg,post_covid,Mattapan,88.46153846153845,100.0,93.61702127659576,-0.0471987456841943,0.4174987468086824,-0.0337946802867726,22.364529683039738,27.11229842049735,24.48587316147825,174.81646251484096,580.6252850340053,356.13529810851,27.379481939291665,27.400363907422605,27.38881414797036,level,train,479905,8dd9348,,,,13.0
gnn_multiedge_season_level,post_covid,Mattapan,61.53846153846154,100.0,78.72340425531915,0.0657526507386917,0.6278189086684575,0.3490421785600089,29.757212712214542,9.918068431672596,20.89291420388729,185.04655939608588,172.56672227351478,179.47046195834133,36.83786269528532,13.851611425170232,28.921000706409338,level,train,4865,8dd9348,,,,17.666666666666668
arima,post_covid,Mattapan,61.53846153846154,100.0,78.72340425531915,0.2820850382175367,0.1948000510015357,0.4362498196257938,31.75502475348136,6.8344556952186455,20.62030240830014,148.85095115764716,159.1608048405382,153.45748152659849,47.84848266035617,7.718335398249986,35.96021334015834,level,none,,8dd9348,,,,12.333333333333334
persistence,exclude_covid,Mattapan,100.0,100.0,100.0,0.3145326404619222,-0.0468516003647358,0.4588919815769804,31.77307692307692,6.871428571428571,20.646808510638294,148.8011835143687,162.22603899501112,154.7995231972089,48.0618071621564,8.075211924095095,36.15209007818603,level,none,0,8dd9348,,,,13.666666666666666
persistence,post_covid,Mattapan,65.38461538461539,100.0,80.85106382978722,0.3145326404619222,-0.0468516003647358,0.4588919815769804,31.77307692307692,6.871428571428571,20.646808510638294,148.8011835143687,162.22603899501112,154.7995231972089,48.0618071621564,8.075211924095095,36.15209007818603,level,none,0,8dd9348,,,,13.666666666666666
seasonal_naive,exclude_covid,Mattapan,100.0,100.0,100.0,0.3145326404619222,-0.0468516003647358,0.4588919815769804,31.77307692307692,6.871428571428571,20.646808510638294,148.8011835143687,162.22603899501112,154.7995231972089,48.0618071621564,8.075211924095095,36.15209007818603,level,none,0,8dd9348,,,,13.666666666666666
seasonal_naive,post_covid,Mattapan,65.38461538461539,100.0,80.85106382978722,0.3145326404619222,-0.0468516003647358,0.4588919815769804,31.77307692307692,6.871428571428571,20.646808510638294,148.8011835143687,162.22603899501112,154.7995231972089,48.0618071621564,8.075211924095095,36.15209007818603,level,none,0,8dd9348,,,,13.666666666666666
arima,exclude_covid,Mattapan,100.0,100.0,100.0,0.3056162525684639,-0.0354685944418691,0.4494405929473926,31.483934518718183,6.392808718139484,20.27300596952344,142.7429438155614,156.17112770907002,148.74277066159715,48.57470880492797,7.311140985063617,36.45736920374822,level,none,,8dd9348,,,,15.0
dualtopo,post_covid,Mattapan,50.0,100.0,72.3404255319149,-0.2414420118386012,0.6147411896192703,-0.0272396338909704,68.40905747046837,10.234638849894203,42.416232129360765,429.0688323109139,212.80122341851197,332.4386240823938,111.74862680754862,11.299039071881651,83.45755442911879,level,train,479905,8dd9348,,,,20.666666666666668
gnn_multiedge_level,post_covid,Roslindale,65.38461538461539,93.75,76.19047619047619,0.0551887191608736,0.5793352877923362,0.2911238034152846,32.85037224109356,8.299286425113678,23.4975776445298,146.0313544024449,80.46472924697822,121.05359243845758,47.12164285254397,9.50553606506826,37.53644683039324,level,train,4801,8dd9348,,,,2.3333333333333335
lstm,post_covid,Roslindale,80.76923076923077,100.0,88.09523809523809,-0.0884656354102374,0.2772545629275139,0.1074171606367929,32.19049764779898,20.1954252243042,27.620946248372395,144.7422330940093,256.0631615991441,187.1502058578702,46.30246585133938,22.18594580689409,38.91912738319674,level,train,21390,8dd9348,,,,8.666666666666666
lstm,exclude_covid,Roslindale,84.61538461538461,100.0,90.47619047619048,0.0816460105104612,0.5357260770357894,0.2630815458443774,32.80165348052979,9.470844554901124,23.913726270766485,132.9625090753973,80.41076738651438,112.9427979558228,48.806420792423495,12.733079921753696,39.19664576983387,level,train,21390,8dd9348,,,,6.666666666666667
dualtopo_no_bg,post_covid,Roslindale,84.61538461538461,100.0,90.47619047619048,-0.045209663443747,0.1400141539316093,-0.0562255305113255,32.14459529289832,23.373148560523987,28.80309177580334,141.57971447043874,288.8377346453344,197.678007870399,45.808722571063136,25.179204308054693,39.24989928006383,level,train,479905,8dd9348,,,,9.333333333333334
gnn_multiedge_season_level,post_covid,Roslindale,65.38461538461539,100.0,78.57142857142857,0.0730870464536924,0.5516332150022838,0.2813652712140154,37.9292966402494,8.989776909351349,26.90471769514538,181.83936459681155,73.87073301394074,140.70845732714648,50.565988587724064,11.45697577806819,40.40865535285011,level,train,4865,8dd9348,,,,4.666666666666667
dualtopo_fullhistory,full,Roslindale,84.61538461538461,100.0,90.47619047619048,-0.0198650422260884,0.5548422817380405,0.1686960032898228,33.58300843605628,6.267578721046448,23.17713044938587,134.01022763543514,57.7291366732234,104.9507644117354,53.49983965352023,7.818900283240867,42.36918723806308,level,train,479905,8dd9348,,,,5.0
gnn_multiedge_full,full,Roslindale,76.92307692307693,87.5,80.95238095238095,0.0790883667622842,0.2242055789193882,0.2471719363895604,38.050265293854935,9.640215814113615,27.22738930157253,183.11841619434412,94.820389126863,149.4810725495894,53.23896110224009,12.37025730768153,42.57834060213614,delta,train,4801,8dd9348,,,,6.666666666666667
gnn_geo,post_covid,Roslindale,69.23076923076923,81.25,73.80952380952381,-0.1096079102762903,0.3340585076479889,0.0956719157315791,33.73027401704054,10.379927530884745,24.834903927076432,150.30763178568913,87.81063755830066,126.49925303239829,53.22498940702774,13.6779129022196,42.71967087709988,delta,train,4801,8dd9348,,,,10.0
gnn_multiedge_leaknorm,post_covid,Roslindale,69.23076923076923,87.5,76.19047619047619,-0.1211864937506143,0.3112856913071148,0.1061135153314072,35.85375558871489,10.432163923978806,26.16933971643448,176.8488015734073,86.65453479380874,142.48908089546498,53.960862822706275,12.973445213812408,43.20469196364824,delta,all,4801,8dd9348,,,,10.666666666666666
gnn_multiedge_season,post_covid,Roslindale,57.692307692307686,81.25,66.66666666666666,-0.0138610792411022,0.4331507039169525,0.141197349624601,36.24242223226107,13.500587485730648,27.57886613834472,164.08977914217854,108.4934379635168,142.91022059792647,54.147011522953974,16.72261217888222,43.83510834933256,delta,train,4865,8dd9348,,,,13.333333333333334
gnn_multiedge_rt,post_covid,Roslindale,69.23076923076923,68.75,69.04761904761905,-0.0636987835007069,0.3668331839020429,0.1068838555160049,35.495957117814285,13.617905735969543,27.161461353302,155.6346368538261,92.23463947723312,131.48225690083834,54.67926359842959,17.222760460941327,44.31525164890688,delta,train,5313,8dd9348,,,,14.333333333333334
gnn_multiedge,post_covid,Roslindale,65.38461538461539,87.5,73.80952380952381,-0.0447491709946446,0.3341403754945292,0.1627260554240673,40.23826273588034,10.73350015282631,28.998353180431184,200.2847333446928,89.16241504270528,157.9524216106023,55.450730938611784,13.33047484713398,44.39744671891816,delta,train,4801,8dd9348,,,,13.0
gnn_multiedge_covid_rsv_full,full,Roslindale,84.61538461538461,87.5,85.71428571428571,-0.1211954274442463,0.1922223751220672,0.0136901612276438,34.45448573736044,8.889439970254898,24.715420683224995,117.60958131672815,83.0220651848721,104.43338469506872,55.910647067345195,11.8325985642864,44.59238085231094,delta,train,6337,8dd9348,,,,10.333333333333334
gnn_uniform,post_covid,Roslindale,69.23076923076923,75.0,71.42857142857143,-0.1159832178034089,0.3410145040205498,0.103661605185376,37.39370676187369,11.58768735639751,27.56284222645419,179.3254011369739,87.55550854457027,144.3654420541535,56.077532896057,14.30826444293014,44.99670754894935,delta,train,4801,8dd9348,,,,15.0
gnn_multiedge_covid_rsv,post_covid,Roslindale,61.53846153846154,81.25,69.04761904761905,-0.1332068236604602,0.1863926981204399,0.0478641657727554,37.8239298417018,9.213923014700413,26.924879621891748,174.2707896090874,71.84076886105515,135.24982932412274,57.64349714884149,12.549118058654171,46.01029327823378,delta,train,6337,8dd9348,,,,14.0
gnn_corrbinary,post_covid,Roslindale,69.23076923076923,68.75,69.04761904761905,-0.2732130930341541,0.3379580679071734,-0.0288318476390013,37.93273020707644,12.003079014830291,28.054767848125525,178.5980613682594,99.85884586114184,148.60216974650032,58.546262937244855,14.862695365616812,46.96850082219245,delta,train,4801,8dd9348,,,,17.0
arima,exclude_covid,Roslindale,88.46153846153845,93.75,90.47619047619048,0.0654104056221757,0.1152543748801436,0.21057239278526,45.303846153846166,8.98125,31.466666666666665,227.2873664295431,88.00438778599265,174.22718408914295,66.56396865479795,12.465627741914965,52.93438885837376,level,none,,8dd9348,,,,13.666666666666666
persistence,exclude_covid,Roslindale,92.3076923076923,100.0,95.23809523809524,0.0654104056221757,0.1152543748801436,0.21057239278526,45.30384615384616,8.98125,31.466666666666665,227.28736642954308,88.00438778599265,174.22718408914295,66.56396865479795,12.465627741914965,52.93438885837376,level,none,0,8dd9348,,,,13.666666666666666
persistence,post_covid,Roslindale,53.84615384615385,87.5,66.66666666666666,0.0654104056221757,0.1152543748801436,0.21057239278526,45.30384615384616,8.98125,31.466666666666665,227.28736642954308,88.00438778599265,174.22718408914295,66.56396865479795,12.465627741914965,52.93438885837376,level,none,0,8dd9348,,,,13.666666666666666
seasonal_naive,exclude_covid,Roslindale,92.3076923076923,100.0,95.23809523809524,0.0654104056221757,0.1152543748801436,0.21057239278526,45.30384615384616,8.98125,31.466666666666665,227.28736642954308,88.00438778599265,174.22718408914295,66.56396865479795,12.465627741914965,52.93438885837376,level,none,0,8dd9348,,,,13.666666666666666
seasonal_naive,post_covid,Roslindale,53.84615384615385,87.5,66.66666666666666,0.0654104056221757,0.1152543748801436,0.21057239278526,45.30384615384616,8.98125,31.466666666666665,227.28736642954308,88.00438778599265,174.22718408914295,66.56396865479795,12.465627741914965,52.93438885837376,level,none,0,8dd9348,,,,13.666666666666666
arima,post_covid,Roslindale,53.84615384615385,68.75,59.523809523809526,0.0805276268213069,0.0227493890535363,0.2146289537099554,44.67405393539211,11.314175469214732,31.96552880541979,213.3195323101071,106.16028645662456,172.49696246116136,68.95965203213461,14.365086978789018,54.976827456308705,level,none,,8dd9348,,,,20.666666666666668
dualtopo,post_covid,Roslindale,46.15384615384615,100.0,66.66666666666666,-0.1811306002492177,0.5246094675749979,-0.0346316776936794,87.95072988363412,8.269333243370056,57.59591211591448,482.53988984556895,87.28896675102293,331.9681096190753,137.9328977628218,9.077361883486542,108.6695479529674,level,train,479905,8dd9348,,,,16.0
gnn_multiedge_level,post_covid,Roxbury,46.15384615384615,91.30434782608695,67.3469387755102,0.0206450440967631,0.7570950696682651,0.3863616925671821,47.58292535635141,13.033878741057023,31.366025924682617,99.61436831826911,123.58469172533655,110.86574461138244,64.18372097377225,15.77526116474436,47.9864042989944,level,train,4801,8dd9348,,,,7.0
gnn_multiedge_leaknorm,post_covid,Roxbury,42.30769230769231,95.65217391304348,67.3469387755102,-0.0905930185378442,0.8122394335807462,0.3088462868035026,52.14342865577111,7.764736009680706,31.312613740259287,94.64987106868897,47.86682526464414,72.69048222189241,70.98091976002952,10.448786760581555,52.19794341658704,delta,all,4801,8dd9348,,,,5.333333333333333
gnn_geo,post_covid,Roxbury,65.38461538461539,78.26086956521739,71.42857142857143,-0.1261128492618686,0.7849879465272112,0.2538541962073501,48.492489081162674,9.086012643316518,29.9955715695206,82.94068514404724,50.06888458019304,67.51106447121772,71.46350524449163,13.283334421330917,52.84577629031821,delta,train,4801,8dd9348,,,,7.0
lstm,post_covid,Roxbury,61.53846153846154,56.52173913043478,59.18367346938776,-0.1266756952917359,0.7258561744711218,0.1926681588226197,46.670979279738205,37.335778443709664,42.28915031588809,116.67630383633784,397.831194669516,248.6469668804827,62.95238358310495,39.161618257860965,53.128955841936175,level,train,21390,8dd9348,,,,9.333333333333334
dualtopo_no_bg,post_covid,Roxbury,69.23076923076923,43.47826086956522,57.14285714285714,-0.1058734131982492,0.2328137472685803,-0.0746971292906827,41.82539308988131,44.9845493150794,43.30826233844368,109.78508046308212,471.6797893644179,279.65402545758684,59.0877222423082,46.89881793536994,53.711970269298966,level,train,479905,8dd9348,,,,9.666666666666666
gnn_multiedge_full,full,Roxbury,76.92307692307693,100.0,87.75510204081633,0.0530980040051529,0.8154387598669876,0.3700796469557209,55.69816229893611,6.685999787372092,32.692453364936675,111.02147655268068,62.13389309228995,88.0742434998442,74.25225922533299,8.849699721870211,54.42644226442271,delta,train,4801,8dd9348,,,,6.0
lstm,exclude_covid,Roxbury,84.61538461538461,100.0,91.83673469387756,0.0165758731469805,0.7261317422683584,0.3239314147655958,54.298692292433515,16.24227653171705,36.435476731280886,99.18085963214732,128.18521136015545,112.79514717794709,71.72556177188066,22.44053170470295,54.46225863247017,level,train,21390,8dd9348,,,,11.333333333333334
gnn_multiedge_covid_rsv_full,full,Roxbury,73.07692307692307,95.65217391304348,83.6734693877551,-0.1034639517501614,0.6870560832845067,0.1432702056256607,45.295865278977615,7.3056953264319375,27.463744689007196,77.89369177092671,68.65258756144402,73.55603061137363,75.65863186006209,9.807696196744349,55.5202360159664,delta,train,6337,8dd9348,,,,8.666666666666666
gnn_multiedge,post_covid,Roxbury,46.15384615384615,100.0,71.42857142857143,-0.0524024220193366,0.8167486453854071,0.3176486334713612,57.29446213061993,8.253291441046674,34.275137113065135,108.43538660339762,52.2845221187758,82.07885837592207,75.68132018856657,11.891414957925132,55.72738858848872,delta,train,4801,8dd9348,,,,10.333333333333334
gnn_multiedge_season,post_covid,Roxbury,46.15384615384615,73.91304347826086,59.18367346938776,-0.0717207464709779,0.7807429066537848,0.2483081181958846,54.9887053324626,12.74214194131934,35.15868578151781,89.7421120926574,64.11761013706563,77.71428464411433,74.83165092653,18.585193344554824,55.977144016179,delta,train,4865,8dd9348,,,,12.0
gnn_multiedge_season_level,post_covid,Roxbury,61.53846153846154,95.65217391304348,77.55102040816327,0.002811608313727,0.7225596190492287,0.345446225253217,57.3891595693735,14.011368295420771,37.028155502007934,120.321271641009,112.96630922670884,116.86894234450077,75.0314620980059,18.764923126662943,56.14695400128841,level,train,4865,8dd9348,,,,13.0
gnn_uniform,post_covid,Roxbury,65.38461538461539,78.26086956521739,71.42857142857143,-0.1572663061348149,0.815075409545441,0.2544889855281619,55.506453880896935,10.505380796349566,34.38350120855837,97.76976247491996,59.35768439307017,79.73960337527618,76.06256312190796,13.288836361197273,56.14939877878418,delta,train,4801,8dd9348,,,,12.666666666666666
gnn_multiedge_rt,post_covid,Roxbury,53.84615384615385,69.56521739130434,61.224489795918366,-0.0970816217076536,0.7467515879385995,0.2175604224991704,55.91405334839454,14.343637971774392,36.40140939610345,92.05579778275326,70.66891501060815,82.01705688970554,76.43835484054273,20.928903717228145,57.49672778754224,delta,train,5313,8dd9348,,,,15.333333333333334
gnn_corrbinary,post_covid,Roxbury,61.53846153846154,78.26086956521739,69.38775510204081,-0.3504117151490257,0.7820172938854308,0.1297891540115035,56.14562408740704,9.966065857721413,34.46950491837093,102.83822396614936,52.63268943000353,79.27236081652988,79.72044705790016,15.598024572477115,59.045979002161445,delta,train,4801,8dd9348,,,,14.666666666666666
dualtopo_fullhistory,full,Roxbury,84.61538461538461,100.0,91.83673469387756,-0.0890850636343043,0.6755215259793396,0.2055949019801676,57.20532688727746,11.495316463968027,35.74960770898936,104.184511697188,112.8926185080388,108.27199040432204,81.38593032727285,12.486963794063437,59.89815661474751,level,train,479905,8dd9348,,,,14.0
gnn_multiedge_covid_rsv,post_covid,Roxbury,57.692307692307686,91.30434782608695,73.46938775510205,-0.2555558323134339,0.7191231826558504,0.0971576368764475,57.95319048257974,7.82600212097168,34.42410206794739,92.35803450862824,57.71826860654061,76.09855255458712,82.77737301298477,10.176321874289666,60.69936853295109,delta,train,6337,8dd9348,,,,13.666666666666666
persistence,exclude_covid,Roxbury,88.46153846153845,100.0,93.87755102040816,0.0602686472155075,0.7925572977935645,0.317048732445728,66.95,6.530434782608695,38.589795918367344,128.74620432511767,47.793736981752666,90.74810740884428,96.45987806815369,8.50764362206128,70.50574589408748,level,none,0,8dd9348,,,,11.666666666666666
persistence,post_covid,Roxbury,50.0,91.30434782608695,69.38775510204081,0.0602686472155075,0.7925572977935645,0.317048732445728,66.95,6.530434782608695,38.589795918367344,128.74620432511767,47.793736981752666,90.74810740884428,96.45987806815369,8.50764362206128,70.50574589408748,level,none,0,8dd9348,,,,11.666666666666666
seasonal_naive,exclude_covid,Roxbury,88.46153846153845,100.0,93.87755102040816,0.0602686472155075,0.7925572977935645,0.317048732445728,66.95,6.530434782608695,38.589795918367344,128.74620432511767,47.793736981752666,90.74810740884428,96.45987806815369,8.50764362206128,70.50574589408748,level,none,0,8dd9348,,,,11.666666666666666
seasonal_naive,post_covid,Roxbury,50.0,91.30434782608695,69.38775510204081,0.0602686472155075,0.7925572977935645,0.317048732445728,66.95,6.530434782608695,38.589795918367344,128.74620432511767,47.793736981752666,90.74810740884428,96.45987806815369,8.50764362206128,70.50574589408748,level,none,0,8dd9348,,,,11.666666666666666
arima,post_covid,Roxbury,46.15384615384615,86.95652173913044,65.3061224489796,0.0307637369063617,0.7468992203543539,0.2952075074375828,67.41450176515254,7.351263489045152,39.22155318657152,129.40353078371578,58.31898092872427,96.0373135048422,96.9530021511406,9.137055548316363,70.9005013242164,level,none,,8dd9348,,,,16.333333333333332
arima,exclude_covid,Roxbury,84.61538461538461,100.0,91.83673469387756,0.0718313155081197,0.7713314474005737,0.3229751141231644,66.68661573634974,6.952487008204027,38.6481471496691,127.83272476420078,50.66118437528912,91.60934866328309,97.03662445724548,8.981399601730196,70.95184858013845,level,none,,8dd9348,,,,16.666666666666668
dualtopo,post_covid,Roxbury,34.61538461538461,100.0,65.3061224489796,-0.2189826893382482,0.7226746702012206,0.0121295986078713,148.30893839322604,12.872577335523522,84.7367689171616,319.1938459624015,136.05479375227424,233.23061737397444,238.3260897391891,14.376485151733633,173.88338619820706,level,train,479905,8dd9348,,,,20.333333333333332
lstm,post_covid,South Boston,84.0,100.0,90.47619047619048,0.0975008306697896,0.3464139804176424,0.3356071013011493,11.140984184265134,8.157993843976191,9.93358333224342,151.3904653756921,256.5126559459986,193.9399234636733,15.118042847285666,8.603278031552536,12.88424579477592,level,train,21390,8dd9348,,,,7.666666666666667
gnn_multiedge_level,post_covid,South Boston,84.0,100.0,90.47619047619048,0.0700468231922527,0.4158834114871183,0.3477809239308344,11.878207321166991,3.2542723487405216,8.38756697518485,121.31214640097454,76.42198034901291,103.14231728470436,16.19886496041847,4.951117481469303,12.88854349478001,level,train,4801,8dd9348,,,,6.333333333333333
arima,post_covid,South Boston,84.0,100.0,90.47619047619048,,,,10.367169047456036,8.430330297427766,9.583210505777927,139.2186184814495,266.35023920308305,190.67665544020596,15.51292221957862,8.9111736396802,13.243347081413075,level,none,,8dd9348,,,,9.333333333333334
dualtopo_no_bg,post_covid,South Boston,84.0,100.0,90.47619047619048,0.0620195383935567,0.0229797948871655,0.0527784865850997,10.658973350524905,10.355687478009392,10.536214783078147,161.38959074085324,319.5770006143998,225.4178280706221,15.176213552771909,10.750684659809863,13.560050916564798,level,train,479905,8dd9348,,,,9.666666666666666
lstm,exclude_covid,South Boston,92.0,100.0,95.23809523809524,0.1561596697889923,0.2369448827124171,0.3451443944603251,13.178454761505128,4.4129571634180405,9.630515257517496,108.81192097669025,118.23561318663911,112.62627258547909,16.800118662676564,7.573892831004835,13.828270879291544,level,train,21390,8dd9348,,,,10.0
gnn_multiedge_season_level,post_covid,South Boston,92.0,94.11764705882352,92.85714285714286,0.1297565531478031,0.410098522831588,0.370876065226259,14.482531337738036,4.000558881198659,10.239828200567336,128.7671987944482,83.32034652041749,110.37204430257866,18.24439194519286,6.144626675638749,14.6086287001536,level,train,4865,8dd9348,,,,9.333333333333334
gnn_geo,post_covid,South Boston,72.0,94.11764705882352,80.95238095238095,-0.0591968642030709,0.0738418508576958,0.1496327847586017,13.89815930366516,3.129711424603182,9.53950182880674,100.02248926555048,63.65644919345166,85.30290161732,19.09348465459592,5.422316278068851,15.12948449166806,delta,train,4801,8dd9348,,,,9.666666666666666
dualtopo_fullhistory,full,South Boston,92.0,100.0,95.23809523809524,-0.0375445786516508,0.4637913352622835,0.2026142532110731,14.170071334838868,2.4007873815648697,9.406313544227965,109.81860525249736,60.98602081477097,90.05303536103668,20.025228011122348,3.083413091874751,15.573841269633784,level,train,479905,8dd9348,,,,5.666666666666667
gnn_multiedge_leaknorm,post_covid,South Boston,68.0,100.0,80.95238095238095,-0.0547830127019638,0.3339406089411346,0.1728661137906757,14.658428192138672,2.814872987130109,9.864608228206636,108.93930990470392,64.72763359989112,91.04410759085113,20.073178028386028,4.28856788811191,15.725300172021887,delta,all,4801,8dd9348,,,,9.666666666666666
gnn_multiedge_full,full,South Boston,92.0,100.0,95.23809523809524,0.0476336004836051,0.2079762278359677,0.256852072052292,14.704779720306396,3.121960569830502,10.016495778447103,123.48047605691563,75.55024152420745,104.08014303177184,20.67260188006576,4.0696689220331335,16.158050624693633,delta,train,4801,8dd9348,,,,10.333333333333334
gnn_multiedge_season,post_covid,South Boston,76.0,94.11764705882352,83.33333333333334,-0.0355787026102761,0.247008233136844,0.1380780647153149,14.88353526711464,4.103065897436703,10.520011950816428,98.23525827130626,87.61563373496661,93.93683881612117,20.374909584202317,7.007667593327388,16.339587772956435,delta,train,4865,8dd9348,,,,13.0
gnn_multiedge_covid_rsv_full,full,South Boston,68.0,100.0,80.95238095238095,-0.2645392460735716,0.1703753592857269,-0.092511515264206,15.63029197692871,3.0611524722155403,10.542783129782904,125.05498050246976,77.9284590471745,105.97995991342168,21.326492239997695,3.962637507507891,16.645766095343664,delta,train,6337,8dd9348,,,,11.333333333333334
gnn_multiedge,post_covid,South Boston,72.0,100.0,83.33333333333334,-0.0426387150142259,0.3393980246995448,0.1879903465825037,15.565643730163574,2.9818397129283234,10.472199246996926,124.2757995396602,71.26566393069457,102.8193160788884,21.37415312565967,4.8010236955276255,16.771012144615977,delta,train,4801,8dd9348,,,,13.0
gnn_multiedge_rt,post_covid,South Boston,64.0,94.11764705882352,76.19047619047619,-0.0561051216148936,0.3218864073894604,0.1199019957746882,15.450837080478667,4.873086291200974,11.169366522913888,96.13731673014064,101.46176891555405,98.29245213852226,21.006247830248544,7.181577770131698,16.838403671941897,delta,train,5313,8dd9348,,,,15.0
gnn_uniform,post_covid,South Boston,76.0,88.23529411764706,80.95238095238095,-0.1241239367809588,0.2658418519945725,0.114621681099714,15.833945333957672,3.387574665686663,10.796128634895595,113.18650898717794,72.22157402781676,96.60546388457938,21.59087914747013,5.326292947513701,16.998901435501082,delta,train,4801,8dd9348,,,,14.666666666666666
gnn_corrbinary,post_covid,South Boston,72.0,94.11764705882352,80.95238095238095,-0.229113511254667,0.1730826370448431,0.0131354351371231,16.216245498657226,3.4453388662899243,11.047069004603795,133.66578851690542,76.56516429301483,110.55363109294969,22.24664907826185,6.198167549157313,17.61082503727633,delta,train,4801,8dd9348,,,,16.333333333333332
gnn_multiedge_covid_rsv,post_covid,South Boston,68.0,100.0,80.95238095238095,-0.1289464696245458,0.4289135202683721,0.0564894417760263,16.584677534103392,2.8464363778338715,11.02396087561335,110.8885935161903,70.48114591883345,94.53319806011726,23.132834501237543,3.450075723596062,17.981837519336565,delta,train,6337,8dd9348,,,,13.666666666666666
arima,exclude_covid,South Boston,96.0,100.0,97.61904761904762,0.0064233777076747,0.2829082904320578,0.2107809836129284,17.770035687845382,2.443642400160684,11.566495547592051,140.50870439810092,56.72081540531488,106.5945588534018,26.280434492206915,3.088735508622856,20.37079831476639,level,none,,8dd9348,,,,12.666666666666666
persistence,exclude_covid,South Boston,96.0,100.0,97.61904761904762,0.0580505922678397,0.2228506126056317,0.2328833620136306,18.064,2.611764705882353,11.80952380952381,147.16677792728404,55.67560852895608,110.13463793272274,28.340656308561385,3.295451410656816,21.965579133422978,level,none,0,8dd9348,,,,13.666666666666666
persistence,post_covid,South Boston,72.0,100.0,83.33333333333334,0.0580505922678397,0.2228506126056317,0.2328833620136306,18.064,2.611764705882353,11.80952380952381,147.16677792728404,55.67560852895608,110.13463793272274,28.340656308561385,3.295451410656816,21.965579133422978,level,none,0,8dd9348,,,,13.666666666666666
seasonal_naive,exclude_covid,South Boston,96.0,100.0,97.61904761904762,0.0580505922678397,0.2228506126056317,0.2328833620136306,18.064,2.611764705882353,11.80952380952381,147.16677792728404,55.67560852895608,110.13463793272274,28.340656308561385,3.295451410656816,21.965579133422978,level,none,0,8dd9348,,,,13.666666666666666
seasonal_naive,post_covid,South Boston,72.0,100.0,83.33333333333334,0.0580505922678397,0.2228506126056317,0.2328833620136306,18.064,2.611764705882353,11.80952380952381,147.16677792728404,55.67560852895608,110.13463793272274,28.340656308561385,3.295451410656816,21.965579133422978,level,none,0,8dd9348,,,,13.666666666666666
dualtopo,post_covid,South Boston,44.0,100.0,66.66666666666666,-0.0922850870274571,0.3976131459736249,0.0838075443587678,39.19519247055054,2.668514195610495,24.41058459736052,269.7995289838627,71.58386545087257,189.5693794586048,61.64857380340055,3.9478942777468538,47.62917925087761,level,train,479905,8dd9348,,,,18.0
gnn_multiedge_level,post_covid,South End,61.53846153846154,95.65217391304348,77.55102040816327,-0.0178545376364437,0.5600250532170631,0.3334890735668258,30.15703949561486,8.59778184476106,20.037387945214096,145.93016247436262,111.081978245362,129.57285150972965,41.402698191054185,11.1242649376791,31.107123035674224,level,train,4801,8dd9348,,,,6.666666666666667
lstm,post_covid,South End,80.76923076923077,100.0,89.79591836734694,-0.0032329788304739,0.603205412413328,0.2917671289651666,29.95223916860727,22.808238883640453,26.598932912398357,160.72628061736097,326.6517133668728,238.60964700998895,39.12450613082171,23.45172248720468,32.71663032605213,level,train,21390,8dd9348,,,,8.666666666666666
gnn_geo,post_covid,South End,65.38461538461539,95.65217391304348,79.59183673469387,-0.1778407378374451,0.3271739071627039,0.2343001623728913,33.04016061929556,6.838506636412247,20.741425076309515,156.20126469703567,73.22669395543701,117.25401720608116,44.50471122224704,9.881870806664557,33.11802760507552,delta,train,4801,8dd9348,,,,6.666666666666667
gnn_multiedge_full,full,South End,88.46153846153845,100.0,93.87755102040816,0.0660393218897005,0.257254404128621,0.3915346579741667,35.89408427018385,7.953111855880074,22.778933953265753,175.2688318760175,105.22927919394238,142.3931234742271,44.56621121226696,9.787646859131488,33.14876223290957,delta,train,4801,8dd9348,,,,7.0
gnn_multiedge_leaknorm,post_covid,South End,57.692307692307686,91.30434782608695,73.46938775510205,-0.1710388266085613,0.4047081466007462,0.2673392253638663,36.242393053494965,7.3825894853343135,22.69595464395017,175.0135048774644,84.60020169959941,132.57460746744616,45.263439275123865,9.685161570497918,33.63237824890892,delta,all,4801,8dd9348,,,,7.666666666666667
gnn_multiedge_covid_rsv_full,full,South End,84.61538461538461,100.0,91.83673469387756,-0.2687341072807908,-0.0854031457201299,0.1026935409001077,28.064318977869473,9.137761427008588,19.180424617261306,140.5054477248444,121.06752384668656,131.38152427183152,45.242511957407785,10.456695321822115,33.72574988677789,delta,train,6337,8dd9348,,,,9.0
dualtopo_no_bg,post_covid,South End,80.76923076923077,100.0,89.79591836734694,-0.0519922587761152,0.4675475634425293,-0.0222482594764367,27.54078843043401,27.27936263706373,27.418078364158163,157.21863757970334,390.6753937515671,266.800380272619,38.35452265724415,28.01470630022551,33.89622557517463,level,train,479905,8dd9348,,,,10.333333333333334
gnn_multiedge_season_level,post_covid,South End,61.53846153846154,95.65217391304348,77.55102040816327,0.0491961185396146,0.5793782891119791,0.350004863440107,35.321349950937126,8.741710745769998,22.845192773001536,156.94799307231872,99.284226570436,129.88132716327172,45.3727078112792,12.626122295450916,34.1641846551396,level,train,4865,8dd9348,,,,11.666666666666666
lstm,exclude_covid,South End,84.61538461538461,100.0,91.83673469387756,0.084557275382659,0.4856044518038754,0.3299720529612251,34.510866517287035,9.908100260858951,22.962629294882017,126.66007088883836,104.38025210826328,116.2021967673439,44.501667323717164,17.203679760490918,34.49270552796183,level,train,21390,8dd9348,,,,11.333333333333334
gnn_multiedge_season,post_covid,South End,69.23076923076923,91.30434782608695,79.59183673469387,-0.118373224008448,0.4614856693009553,0.227368028508302,35.249244910020096,8.802019124445708,22.835240969852524,140.2728028895292,91.5902232707578,117.42179612969773,46.43124128342211,13.021326242866849,34.97874803740134,delta,train,4865,8dd9348,,,,13.0
gnn_multiedge,post_covid,South End,57.692307692307686,100.0,77.55102040816327,-0.1281329647030597,0.434184162134161,0.2879875785274879,37.651947901799126,7.750609895457392,23.616625980455048,194.52412061866912,89.45528097788137,145.20609384850349,47.56021392328856,10.484572963334015,35.381197264698855,delta,train,4801,8dd9348,,,,12.333333333333334
dualtopo_fullhistory,full,South End,84.61538461538461,100.0,91.83673469387756,-0.0657657597525166,0.4905203632369709,0.2060690906109319,32.81471212093647,5.544607079547385,20.014458734162,113.2002751024048,76.35187951068181,95.904089416494,48.56426091466365,6.642625656725519,35.667265141786274,level,train,479905,8dd9348,,,,9.0
gnn_uniform,post_covid,South End,73.07692307692307,91.30434782608695,81.63265306122449,-0.2393249431155275,0.4399637104168807,0.2136334398906207,38.05305695533752,6.959307525468909,23.458031712746138,177.26626963706065,69.51362861136835,126.68849935969487,48.182540351687294,9.526932671388913,35.699432146678674,delta,train,4801,8dd9348,,,,11.333333333333334
gnn_multiedge_rt,post_covid,South End,76.92307692307693,91.30434782608695,83.6734693877551,-0.1724238643333635,0.5190595696817777,0.1675715919201447,35.689559129568245,8.80431810669277,23.06995620046343,137.1352477170737,79.77308429421204,110.21015060022027,48.34857054340158,13.230662153072874,36.36643181829735,delta,train,5313,8dd9348,,,,15.666666666666666
gnn_multiedge_covid_rsv,post_covid,South End,69.23076923076923,100.0,83.6734693877551,-0.2850088780215243,0.2901927721490841,0.1147415997544413,36.42539024353027,7.018778116806693,22.622286592211044,153.55005484793017,87.48037348167423,122.53775543111614,49.47895971380124,8.603625969120579,36.52085469335915,delta,train,6337,8dd9348,,,,12.666666666666666
gnn_corrbinary,post_covid,South End,61.53846153846154,91.30434782608695,75.51020408163265,-0.4284445625687441,0.4186654461098831,0.0997716569664465,39.36037607376392,7.321011273757272,24.321490555393453,193.4070361371201,77.72559301196172,139.1075832416376,50.00847141905452,11.133732906323392,37.21781111607096,delta,train,4801,8dd9348,,,,16.333333333333332
arima,exclude_covid,South End,96.15384615384616,100.0,97.95918367346938,0.0581802910712128,0.3275666936375981,0.3410623649079738,40.24406934199158,6.286641949350105,24.30486872911905,182.9862895760801,78.20227861774713,133.80195790176057,54.49649583031077,7.379466729652873,40.01761593585323,level,none,,8dd9348,,,,12.333333333333334
arima,post_covid,South End,57.692307692307686,100.0,77.55102040816327,0.0576134885247528,0.364936307827937,0.3351877772353003,40.090026687474584,6.158051981313115,24.162773253970222,182.35074753219,77.11781548527799,132.95569779588436,55.51355827499136,7.370844458337229,40.75191468289844,level,none,,8dd9348,,,,12.666666666666666
persistence,exclude_covid,South End,96.15384615384616,100.0,97.95918367346938,0.0825917923049159,0.265922004366789,0.3487161945537034,39.95,6.317391304347825,24.163265306122447,182.7412819742256,79.6087995950464,134.3321575921619,55.55261885400598,7.865140480792997,40.82346764061184,level,none,0,8dd9348,,,,14.0
persistence,post_covid,South End,65.38461538461539,95.65217391304348,79.59183673469387,0.0825917923049159,0.265922004366789,0.3487161945537034,39.95,6.317391304347825,24.163265306122447,182.7412819742256,79.6087995950464,134.3321575921619,55.55261885400598,7.865140480792997,40.82346764061184,level,none,0,8dd9348,,,,14.0
seasonal_naive,exclude_covid,South End,96.15384615384616,100.0,97.95918367346938,0.0825917923049159,0.265922004366789,0.3487161945537034,39.95,6.317391304347825,24.163265306122447,182.7412819742256,79.6087995950464,134.3321575921619,55.55261885400598,7.865140480792997,40.82346764061184,level,none,0,8dd9348,,,,14.0
seasonal_naive,post_covid,South End,65.38461538461539,95.65217391304348,79.59183673469387,0.0825917923049159,0.265922004366789,0.3487161945537034,39.95,6.317391304347825,24.163265306122447,182.7412819742256,79.6087995950464,134.3321575921619,55.55261885400598,7.865140480792997,40.82346764061184,level,none,0,8dd9348,,,,14.0
dualtopo,post_covid,South End,42.30769230769231,100.0,69.38775510204081,-0.1861641357470806,0.5830481486137425,0.0289543880623478,85.34313289935773,8.688365272853686,49.3623236052844,308.0966578743339,125.93141436318518,222.59052316501925,130.58796815508327,10.172719173453329,95.3793489448986,level,train,479905,8dd9348,,,,19.666666666666668
gnn_multiedge_level,post_covid,West Roxbury,84.0,100.0,90.0,0.047001715647027,0.35751656197073,0.2457081784858417,14.611309776306152,4.3102341016133625,10.748406398296355,89.92854565669776,74.91758679011579,84.29943608172951,23.503938077719596,5.3986749283984095,18.873303230866668,level,train,4801,8dd9348,,,,4.666666666666667
lstm,post_covid,West Roxbury,88.0,100.0,92.5,0.0415970104004246,0.3015480023814166,0.2208257392779108,13.985660888671871,9.789417953491212,12.412069787979126,101.08198946307554,205.8556503853337,140.37211230892237,22.88334141579568,10.444412417206175,19.188192410898885,level,train,21390,8dd9348,,,,8.333333333333334
dualtopo_no_bg,post_covid,West Roxbury,88.0,100.0,92.5,-0.0518161688831451,-0.0723860970372289,-0.0775721524416713,13.70518367767334,9.960857391357422,12.301061320304871,96.009661079238,210.21225072860196,138.83563219774948,23.04474783749774,10.652900045932034,19.351210726447903,level,train,479905,8dd9348,,,,9.333333333333334
arima,post_covid,West Roxbury,84.0,100.0,90.0,-0.0986711712913043,0.1985064525208103,-0.0249202295745053,12.892697420746002,7.075209548237985,10.711139468555496,74.01601694257822,157.40552692036937,105.28708318424988,23.723669379415227,7.985274874695069,19.382196368679192,level,none,,8dd9348,,,,9.0
gnn_multiedge_full,full,West Roxbury,92.0,100.0,95.0,0.1192110518033633,0.1695191935396819,0.2696181022320695,16.26875898361206,4.137138970692953,11.719401478767397,113.63452667757284,70.89369142483217,97.60671345779512,24.17762767087922,5.329151701173181,19.390680662758704,delta,train,4801,8dd9348,,,,6.333333333333333
dualtopo_fullhistory,full,West Roxbury,88.0,100.0,92.5,0.0276057456382348,0.2685551883177474,0.199219959401356,14.82037073135376,3.3147491455078124,10.50576263666153,74.17439117354631,50.28602166854408,65.21625260917047,24.869841514988124,3.8527124463016063,19.802383898424942,level,train,479905,8dd9348,,,,5.0
gnn_multiedge_season_level,post_covid,West Roxbury,88.0,100.0,92.5,0.0667581685964358,0.297178045711797,0.2408048299178912,17.072940120697023,5.152564922968547,12.602799421548845,107.98308476563,79.27673859904064,97.218204953159,24.48742590105087,6.922655624242836,19.81773075736999,level,train,4865,8dd9348,,,,9.333333333333334
lstm,exclude_covid,West Roxbury,88.0,100.0,92.5,0.0260334125573765,0.208827834499891,0.1840182106327798,17.03592935180664,5.481782302856445,12.703124208450316,98.8439093481862,94.3822549793163,97.17078895986,24.818205569169734,7.394127763908952,20.136211208091215,level,train,21390,8dd9348,,,,11.0
gnn_geo,post_covid,West Roxbury,80.0,100.0,87.5,-0.0046888009889742,0.1445644400634756,0.1576669791202788,15.140601835250855,4.556565753618876,11.171588304638863,101.95526373468424,65.7576853556494,88.38117184254617,25.053803178079725,6.590962525077283,20.213818384494765,delta,train,4801,8dd9348,,,,11.0
gnn_multiedge,post_covid,West Roxbury,80.0,100.0,87.5,0.0287498163120213,0.2737880632893091,0.1978143570611983,17.476784076690674,4.611760822931926,12.652400356531142,126.73491957181244,73.46876461317478,106.7601114623233,25.411840625752063,6.234882219264282,20.44941774478985,delta,train,4801,8dd9348,,,,11.333333333333334
gnn_multiedge_leaknorm,post_covid,West Roxbury,72.0,100.0,82.5,-0.0253438950046048,0.2654939593401713,0.1476290023816575,16.46059524536133,4.3237516244252525,11.9092788875103,115.64355161685718,66.76561730870277,97.31432625129928,25.474239184107375,5.922964803131243,20.463164608092004,delta,all,4801,8dd9348,,,,11.666666666666666
gnn_multiedge_season,post_covid,West Roxbury,76.0,86.66666666666667,80.0,0.0665373289131397,0.1958580304335775,0.1808193770249288,15.731691608428957,6.310959378878276,12.19891702234745,100.58457807339344,93.54119301667882,97.94330867712546,25.01477843719891,8.908095132679634,20.514501511093833,delta,train,4865,8dd9348,,,,14.0
gnn_multiedge_rt,post_covid,West Roxbury,76.0,80.0,77.5,0.0418596483671087,0.2167961910373492,0.1605456281872998,16.152016673088074,6.412371444702148,12.499649712443352,99.74860395630505,96.2155314809866,98.42370177806062,25.5106110540327,8.524953390971259,20.83260927220044,delta,train,5313,8dd9348,,,,15.333333333333334
gnn_uniform,post_covid,West Roxbury,84.0,86.66666666666667,85.0,-0.0842320857672451,0.2437902789094327,0.1089377685826469,16.58520917892456,5.326993775367737,12.363378402590753,114.0341709138258,78.69519754882235,100.78205590194948,26.226455631790316,7.1831603094538,21.19530682464065,delta,train,4801,8dd9348,,,,15.0
gnn_multiedge_covid_rsv_full,full,West Roxbury,76.0,100.0,85.0,-0.1150037514400495,0.1551452347810477,0.0036003430897716,16.124695043563843,4.159861199061075,11.637882351875303,94.36707758982858,71.86217408473205,85.92773877541738,26.68348085577564,5.241477316765648,21.337935719889913,delta,train,6337,8dd9348,,,,12.666666666666666
gnn_multiedge_covid_rsv,post_covid,West Roxbury,76.0,100.0,85.0,-0.0643421468037297,0.2333115373996479,0.0801895477642072,17.499418787956238,4.310053428014119,12.553406777977944,109.40074850170416,72.53870983439002,95.57748400146136,26.94110719703691,5.452871465242317,21.558982196118777,delta,train,6337,8dd9348,,,,14.666666666666666
gnn_corrbinary,post_covid,West Roxbury,80.0,93.33333333333331,85.0,-0.1553503131825284,0.2105844277119064,0.0467420003559652,16.76662485122681,4.992209100723267,12.35121894478798,112.49268147068292,74.04692827644124,98.07552402284227,26.891718857740265,7.018875112680149,21.689907039798832,delta,train,4801,8dd9348,,,,16.333333333333332
arima,exclude_covid,West Roxbury,92.0,100.0,95.0,-0.022706505549485,0.3094433120304215,0.1557699027423382,20.96057587098194,3.4422976680329227,14.391221544876055,133.15709042155953,60.23054462744979,105.80963574876836,28.82337388685576,4.47687608332442,22.9512027721417,level,none,,8dd9348,,,,12.666666666666666
persistence,exclude_covid,West Roxbury,96.0,100.0,97.5,0.1158358097306122,0.1821556403018292,0.253221790574122,20.532000000000004,3.66,14.204999999999998,143.49957615861115,57.30835941794844,111.17786988086264,29.094377463695626,4.909514572066502,23.196777793478127,level,none,0,8dd9348,,,,13.666666666666666
persistence,post_covid,West Roxbury,60.0,100.0,75.0,0.1158358097306122,0.1821556403018292,0.253221790574122,20.532000000000004,3.66,14.204999999999998,143.49957615861115,57.30835941794844,111.17786988086264,29.094377463695626,4.909514572066502,23.196777793478127,level,none,0,8dd9348,,,,13.666666666666666
seasonal_naive,exclude_covid,West Roxbury,96.0,100.0,97.5,0.1158358097306122,0.1821556403018292,0.253221790574122,20.532000000000004,3.66,14.204999999999998,143.49957615861115,57.30835941794844,111.17786988086264,29.094377463695626,4.909514572066502,23.196777793478127,level,none,0,8dd9348,,,,13.666666666666666
seasonal_naive,post_covid,West Roxbury,60.0,100.0,75.0,0.1158358097306122,0.1821556403018292,0.253221790574122,20.532000000000004,3.66,14.204999999999998,143.49957615861115,57.30835941794844,111.17786988086264,29.094377463695626,4.909514572066502,23.196777793478127,level,none,0,8dd9348,,,,13.666666666666666
dualtopo,post_covid,West Roxbury,64.0,100.0,77.5,-0.1642977051394104,0.2465560715650783,-0.0437369946838725,33.34954116821289,4.0802410761515295,22.37355363368988,222.518638223626,81.251251620738,169.543368247543,53.34844657615634,4.926793765276834,42.28342413236797,level,train,479905,8dd9348,,,,17.666666666666668
