model,variant,series,horizon,scope,indicator,segment,level,label,threshold,n_obs,n_events,base_rate,hits,false_alarms,misses,correct_neg,POD,FAR,precision,FPR,CSI,F1,PSS,HSS,MCC,accuracy,frequency_bias,brier,brier_ref,BSS,exact_band,within_one_band,kappa_quadratic,mean_band_error,underpowered
arima,post_covid,arima,2,citywide,CITYWIDE,overall,,bands,,53,,,,,,,,,,,,,,,,,,,,,0.8679245283018868,1.0,0.1952277657266811,-0.1320754716981132,False
arima,post_covid,arima,2,citywide,CITYWIDE,overall,0.5,IT50,35.19412725226089,53,8.0,0.1509433962264151,1.0,0.0,7.0,45.0,0.125,0.0,1.0,0.0,0.125,0.2222222222222222,0.125,0.19522776572668113,0.3288967572401359,0.8679245283018868,0.125,0.09442892909107854,0.12815948736205057,0.2631920505087789,,,,,False
arima,post_covid,arima,2,citywide,CITYWIDE,overall,0.9,IT90,56.071415152332634,53,0.0,0.0,0.0,0.0,0.0,53.0,,,,0.0,,,,,,1.0,,6.07687897878009e-05,0.0,,,,,,True
arima,post_covid,arima,2,citywide,CITYWIDE,overall,0.98,IT98,75.53173152268305,53,0.0,0.0,0.0,0.0,0.0,53.0,,,,0.0,,,,,,1.0,,1.906082827351079e-09,0.0,,,,,,True
arima,post_covid,arima,2,citywide,CITYWIDE,flu_season,,bands,,26,,,,,,,,,,,,,,,,,,,,,0.7307692307692307,1.0,0.1651376146788992,-0.2692307692307692,False
arima,post_covid,arima,2,citywide,CITYWIDE,flu_season,0.5,IT50,35.19412725226089,26,8.0,0.3076923076923077,1.0,0.0,7.0,18.0,0.125,0.0,1.0,0.0,0.125,0.2222222222222222,0.125,0.1651376146788991,0.3,0.7307692307692307,0.125,0.19228649636238224,0.2130177514792899,0.09732172540992767,,,,,False
arima,post_covid,arima,2,citywide,CITYWIDE,flu_season,0.9,IT90,56.071415152332634,26,0.0,0.0,0.0,0.0,0.0,26.0,,,,0.0,,,,,,1.0,,0.00012387483621559476,0.0,,,,,,True
arima,post_covid,arima,2,citywide,CITYWIDE,flu_season,0.98,IT98,75.53173152268305,26,0.0,0.0,0.0,0.0,0.0,26.0,,,,0.0,,,,,,1.0,,3.885476532677195e-09,0.0,,,,,,True
arima,post_covid,arima,2,pooled,ALL,overall,,bands,,901,,,,,,,,,,,,,,,,,,,,,0.8779134295227525,0.9844617092119867,0.2510245901639343,-0.09544950055493896,False
arima,post_covid,arima,2,pooled,ALL,overall,0.5,IT50,,901,118.0,0.1309655937846837,32.0,19.0,86.0,764.0,0.2711864406779661,0.37254901960784315,0.6274509803921569,0.024265644955300127,0.23357664233576642,0.378698224852071,0.24692079572266598,0.32537277245726753,0.3604831767632718,0.8834628190899001,0.4322033898305085,0.08997849619930103,0.11381360702930893,0.20942233052916037,,,,,False
arima,post_covid,arima,2,pooled,ALL,overall,0.9,IT90,,901,17.0,0.018867924528301886,0.0,2.0,17.0,882.0,0.0,1.0,0.0,0.0022624434389140274,0.0,0.0,-0.0022624434389140274,-0.003988035892323031,-0.006540839314175065,0.978912319644839,0.11764705882352941,0.01929044056059751,0.01851192595229619,-0.04205476028304633,,,,,False
arima,post_covid,arima,2,pooled,ALL,overall,0.98,IT98,,901,4.0,0.004439511653718091,0.0,0.0,4.0,897.0,0.0,,,0.0,0.0,0.0,0.0,0.0,,0.9955604883462819,0.0,0.0048388939784312765,0.004419802389994593,-0.09482134074261106,,,,,True
arima,post_covid,arima,2,pooled,ALL,flu_season,,bands,,442,,,,,,,,,,,,,,,,,,,,,0.7624434389140271,0.9683257918552036,0.2018554962046668,-0.18778280542986425,False
arima,post_covid,arima,2,pooled,ALL,flu_season,0.5,IT50,,442,114.0,0.2579185520361991,32.0,18.0,82.0,310.0,0.2807017543859649,0.36,0.64,0.054878048780487805,0.24242424242424243,0.3902439024390244,0.2258237056054771,0.27645364064955474,0.3119111079979071,0.7737556561085973,0.43859649122807015,0.1703931429420674,0.19139657255174955,0.10973775198614533,,,,,False
arima,post_covid,arima,2,pooled,ALL,flu_season,0.9,IT90,,442,17.0,0.038461538461538464,0.0,2.0,17.0,423.0,0.0,1.0,0.0,0.004705882352941176,0.0,0.0,-0.004705882352941176,-0.00816326530612245,-0.013483997249264842,0.9570135746606335,0.11764705882352941,0.039269755753089296,0.03698224852071006,-0.06185419556353455,,,,,False
arima,post_covid,arima,2,pooled,ALL,flu_season,0.98,IT98,,442,4.0,0.00904977375565611,0.0,0.0,4.0,438.0,0.0,,,0.0,0.0,0.0,0.0,0.0,,0.9909502262443439,0.0,0.009863598662639333,0.008967875350627548,-0.0998813294108849,,,,,True
arima,post_covid,arima,2,neighborhood,Agler/Cassidy,overall,,bands,,53,,,,,,,,,,,,,,,,,,,,,0.9056603773584906,1.0,0.399092970521542,-0.05660377358490566,False
arima,post_covid,arima,2,neighborhood,Agler/Cassidy,overall,0.5,IT50,51.74083078339265,53,6.0,0.11320754716981132,2.0,1.0,4.0,46.0,0.3333333333333333,0.3333333333333333,0.6666666666666666,0.02127659574468085,0.2857142857142857,0.4444444444444444,0.3120567375886525,0.39909297052154197,0.42787064172715733,0.9056603773584906,0.5,0.08797850407484693,0.10039159843360627,0.12364674487147154,,,,,False
arima,post_covid,arima,2,neighborhood,Agler/Cassidy,overall,0.9,IT90,88.48740693700204,53,0.0,0.0,0.0,0.0,0.0,53.0,,,,0.0,,,,,,1.0,,0.00013592785255106082,0.0,,,,,,True
arima,post_covid,arima,2,neighborhood,Agler/Cassidy,overall,0.98,IT98,124.72586226376617,53,0.0,0.0,0.0,0.0,0.0,53.0,,,,0.0,,,,,,1.0,,5.338296252632329e-11,0.0,,,,,,True
arima,post_covid,arima,2,neighborhood,Agler/Cassidy,flu_season,,bands,,26,,,,,,,,,,,,,,,,,,,,,0.8076923076923077,1.0,0.3434343434343434,-0.11538461538461539,False
arima,post_covid,arima,2,neighborhood,Agler/Cassidy,flu_season,0.5,IT50,51.74083078339265,26,6.0,0.23076923076923078,2.0,1.0,4.0,19.0,0.3333333333333333,0.3333333333333333,0.6666666666666666,0.05,0.2857142857142857,0.4444444444444444,0.2833333333333333,0.3434343434343434,0.3736489349242793,0.8076923076923077,0.5,0.1776386563065525,0.17751479289940827,-0.0006977638602458924,,,,,False
arima,post_covid,arima,2,neighborhood,Agler/Cassidy,flu_season,0.9,IT90,88.48740693700204,26,0.0,0.0,0.0,0.0,0.0,26.0,,,,0.0,,,,,,1.0,,0.0002770836924420412,0.0,,,,,,True
arima,post_covid,arima,2,neighborhood,Agler/Cassidy,flu_season,0.98,IT98,124.72586226376617,26,0.0,0.0,0.0,0.0,0.0,26.0,,,,0.0,,,,,,1.0,,1.0881911591904364e-10,0.0,,,,,,True
arima,post_covid,arima,2,neighborhood,Bexley,overall,,bands,,53,,,,,,,,,,,,,,,,,,,,,0.8490566037735849,0.9622641509433962,0.05799812909260982,-0.16981132075471697,False
arima,post_covid,arima,2,neighborhood,Bexley,overall,0.5,IT50,24.605454693531783,53,8.0,0.1509433962264151,1.0,1.0,7.0,44.0,0.125,0.5,0.5,0.022222222222222223,0.1111111111111111,0.2,0.10277777777777777,0.14859437751004015,0.19308582308458774,0.8490566037735849,0.25,0.10840838802769087,0.12815948736205057,0.15411343897282326,,,,,False
arima,post_covid,arima,2,neighborhood,Bexley,overall,0.9,IT90,37.5430295506582,53,2.0,0.03773584905660377,0.0,0.0,2.0,51.0,0.0,,,0.0,0.0,0.0,0.0,0.0,,0.9622641509433962,0.0,0.038636213532357765,0.03631185475258099,-0.06401101776855844,,,,,True
arima,post_covid,arima,2,neighborhood,Bexley,overall,0.98,IT98,49.19357270883574,53,1.0,0.018867924528301886,0.0,0.0,1.0,52.0,0.0,,,0.0,0.0,0.0,0.0,0.0,,0.9811320754716981,0.0,0.018886196593577795,0.018511925952296185,-0.020217812141539282,,,,,True
arima,post_covid,arima,2,neighborhood,Bexley,flu_season,,bands,,26,,,,,,,,,,,,,,,,,,,,,0.7307692307692307,0.9230769230769231,0.02499999999999991,-0.3076923076923077,False
arima,post_covid,arima,2,neighborhood,Bexley,flu_season,0.5,IT50,24.605454693531783,26,7.0,0.2692307692307692,1.0,1.0,6.0,18.0,0.14285714285714285,0.5,0.5,0.05263157894736842,0.125,0.2222222222222222,0.09022556390977443,0.11650485436893204,0.15018785229652767,0.7307692307692307,0.2857142857142857,0.181722366939067,0.19674556213017758,0.07635849585857712,,,,,False
arima,post_covid,arima,2,neighborhood,Bexley,flu_season,0.9,IT90,37.5430295506582,26,2.0,0.07692307692307693,0.0,0.0,2.0,24.0,0.0,,,0.0,0.0,0.0,0.0,0.0,,0.9230769230769231,0.0,0.07875840622858163,0.07100591715976333,-0.1091808877191911,,,,,True
arima,post_covid,arima,2,neighborhood,Bexley,flu_season,0.98,IT98,49.19357270883574,26,1.0,0.038461538461538464,0.0,0.0,1.0,25.0,0.0,,,0.0,0.0,0.0,0.0,0.0,,0.9615384615384616,0.0,0.03849878536380881,0.036982248520710054,-0.041007156237390374,,,,,True
arima,post_covid,arima,2,neighborhood,Clintonville/Near North,overall,,bands,,53,,,,,,,,,,,,,,,,,,,,,0.8113207547169812,0.9433962264150944,0.20993788819875803,-0.18867924528301888,False
arima,post_covid,arima,2,neighborhood,Clintonville/Near North,overall,0.5,IT50,15.728895715230147,53,11.0,0.20754716981132076,4.0,2.0,7.0,40.0,0.36363636363636365,0.3333333333333333,0.6666666666666666,0.047619047619047616,0.3076923076923077,0.47058823529411764,0.31601731601731603,0.37971391417425226,0.4044895572319194,0.8301886792452831,0.5454545454545454,0.09468657147921014,0.1644713421146316,0.4242974474348459,,,,,False
arima,post_covid,arima,2,neighborhood,Clintonville/Near North,overall,0.9,IT90,22.099499115677975,53,4.0,0.07547169811320754,0.0,0.0,4.0,49.0,0.0,,,0.0,0.0,0.0,0.0,0.0,,0.9245283018867925,0.0,0.06073708073968657,0.06977572089711641,0.12953847041949196,,,,,True
arima,post_covid,arima,2,neighborhood,Clintonville/Near North,overall,0.98,IT98,27.469599865392972,53,1.0,0.018867924528301886,0.0,0.0,1.0,52.0,0.0,,,0.0,0.0,0.0,0.0,0.0,,0.9811320754716981,0.0,0.020071388154776226,0.018511925952296185,-0.0842409485916622,,,,,True
arima,post_covid,arima,2,neighborhood,Clintonville/Near North,flu_season,,bands,,26,,,,,,,,,,,,,,,,,,,,,0.6153846153846154,0.8846153846153846,0.09826589595375712,-0.38461538461538464,False
arima,post_covid,arima,2,neighborhood,Clintonville/Near North,flu_season,0.5,IT50,15.728895715230147,26,11.0,0.4230769230769231,4.0,2.0,7.0,13.0,0.36363636363636365,0.3333333333333333,0.6666666666666666,0.13333333333333333,0.3076923076923077,0.47058823529411764,0.23030303030303031,0.24516129032258063,0.2700542407171066,0.6538461538461539,0.5454545454545454,0.18287178973635704,0.24408284023668633,0.25077981901953095,,,,,False
arima,post_covid,arima,2,neighborhood,Clintonville/Near North,flu_season,0.9,IT90,22.099499115677975,26,4.0,0.15384615384615385,0.0,0.0,4.0,22.0,0.0,,,0.0,0.0,0.0,0.0,0.0,,0.8461538461538461,0.0,0.1235277728154312,0.13017751479289943,0.051082108826914996,,,,,True
arima,post_covid,arima,2,neighborhood,Clintonville/Near North,flu_season,0.98,IT98,27.469599865392972,26,1.0,0.038461538461538464,0.0,0.0,1.0,25.0,0.0,,,0.0,0.0,0.0,0.0,0.0,,0.9615384615384616,0.0,0.04091045766526092,0.036982248520710054,-0.10621877526865542,,,,,True
arima,post_covid,arima,2,neighborhood,Dublin,overall,,bands,,53,,,,,,,,,,,,,,,,,,,,,0.8490566037735849,0.9811320754716981,0.3275663206459054,-0.05660377358490566,False
arima,post_covid,arima,2,neighborhood,Dublin,overall,0.5,IT50,8.038849454818003,53,9.0,0.16981132075471697,4.0,3.0,5.0,41.0,0.4444444444444444,0.42857142857142855,0.5714285714285714,0.06818181818181818,0.3333333333333333,0.5,0.37626262626262624,0.41274238227146814,0.4172638295574271,0.8490566037735849,0.7777777777777778,0.1158244689900256,0.14097543609825564,0.1784067338561064,,,,,False
arima,post_covid,arima,2,neighborhood,Dublin,overall,0.9,IT90,14.1626396504559,53,1.0,0.018867924528301886,0.0,0.0,1.0,52.0,0.0,,,0.0,0.0,0.0,0.0,0.0,,0.9811320754716981,0.0,0.023957610570495426,0.018511925952296185,-0.2941716940869552,,,,,True
arima,post_covid,arima,2,neighborhood,Dublin,overall,0.98,IT98,20.345693253667104,53,0.0,0.0,0.0,0.0,0.0,53.0,,,,0.0,,,,,,1.0,,0.000183402465617271,0.0,,,,,,True
arima,post_covid,arima,2,neighborhood,Dublin,flu_season,,bands,,26,,,,,,,,,,,,,,,,,,,,,0.7307692307692307,0.9615384615384616,0.23976608187134507,-0.07692307692307693,False
arima,post_covid,arima,2,neighborhood,Dublin,flu_season,0.5,IT50,8.038849454818003,26,8.0,0.3076923076923077,4.0,3.0,4.0,15.0,0.5,0.42857142857142855,0.5714285714285714,0.16666666666666666,0.36363636363636365,0.5333333333333333,0.33333333333333337,0.34532374100719426,0.34684398780964804,0.7307692307692307,0.875,0.19775400699113263,0.21301775147928986,0.0716548005138492,,,,,False
arima,post_covid,arima,2,neighborhood,Dublin,flu_season,0.9,IT90,14.1626396504559,26,1.0,0.038461538461538464,0.0,0.0,1.0,25.0,0.0,,,0.0,0.0,0.0,0.0,0.0,,0.9615384615384616,0.0,0.048802694390037045,0.036982248520710054,-0.319624856306602,,,,,True
arima,post_covid,arima,2,neighborhood,Dublin,flu_season,0.98,IT98,20.345693253667104,26,0.0,0.0,0.0,0.0,0.0,26.0,,,,0.0,,,,,,1.0,,0.00037385476902562217,0.0,,,,,,True
arima,post_covid,arima,2,neighborhood,Eastside,overall,,bands,,53,,,,,,,,,,,,,,,,,,,,,0.8867924528301887,0.9811320754716981,0.14054054054054066,-0.09433962264150944,False
arima,post_covid,arima,2,neighborhood,Eastside,overall,0.5,IT50,53.89825474693718,53,6.0,0.11320754716981132,1.0,1.0,5.0,46.0,0.16666666666666666,0.5,0.5,0.02127659574468085,0.14285714285714285,0.25,0.1453900709219858,0.205,0.24174595537305188,0.8867924528301887,0.3333333333333333,0.0877730685324824,0.10039159843360627,0.125693086851975,,,,,False
arima,post_covid,arima,2,neighborhood,Eastside,overall,0.9,IT90,89.53274062296502,53,1.0,0.018867924528301886,0.0,0.0,1.0,52.0,0.0,,,0.0,0.0,0.0,0.0,0.0,,0.9811320754716981,0.0,0.01890353555241521,0.018511925952296185,-0.021154449360275773,,,,,True
arima,post_covid,arima,2,neighborhood,Eastside,overall,0.98,IT98,123.87134674281285,53,0.0,0.0,0.0,0.0,0.0,53.0,,,,0.0,,,,,,1.0,,6.48711717848119e-12,0.0,,,,,,True
arima,post_covid,arima,2,neighborhood,Eastside,flu_season,,bands,,26,,,,,,,,,,,,,,,,,,,,,0.7692307692307693,0.9615384615384616,0.09302325581395332,-0.19230769230769232,False
arima,post_covid,arima,2,neighborhood,Eastside,flu_season,0.5,IT50,53.89825474693718,26,6.0,0.23076923076923078,1.0,1.0,5.0,19.0,0.16666666666666666,0.5,0.5,0.05,0.14285714285714285,0.25,0.11666666666666665,0.15217391304347827,0.18446619684315546,0.7692307692307693,0.3333333333333333,0.17852341383637815,0.17751479289940827,-0.0056818979449302365,,,,,False
arima,post_covid,arima,2,neighborhood,Eastside,flu_season,0.9,IT90,89.53274062296502,26,1.0,0.038461538461538464,0.0,0.0,1.0,25.0,0.0,,,0.0,0.0,0.0,0.0,0.0,,0.9615384615384616,0.0,0.03853413016433633,0.036982248520710054,-0.041962879643654416,,,,,True
arima,post_covid,arima,2,neighborhood,Eastside,flu_season,0.98,IT98,123.87134674281285,26,0.0,0.0,0.0,0.0,0.0,26.0,,,,0.0,,,,,,1.0,,1.3223738863827045e-11,0.0,,,,,,True
arima,post_covid,arima,2,neighborhood,Far East,overall,,bands,,53,,,,,,,,,,,,,,,,,,,,,0.9245283018867925,0.9811320754716981,0.20215053763440882,-0.09433962264150944,False
arima,post_covid,arima,2,neighborhood,Far East,overall,0.5,IT50,76.01095931639992,53,5.0,0.09433962264150944,1.0,0.0,4.0,48.0,0.2,0.0,1.0,0.0,0.2,0.3333333333333333,0.2,0.3116883116883117,0.4296689244236597,0.9245283018867925,0.2,0.06492871662894019,0.08543965824136704,0.24006347912211257,,,,,False
arima,post_covid,arima,2,neighborhood,Far East,overall,0.9,IT90,119.58175049878095,53,1.0,0.018867924528301886,0.0,0.0,1.0,52.0,0.0,,,0.0,0.0,0.0,0.0,0.0,,0.9811320754716981,0.0,0.01891142289641419,0.018511925952296185,-0.021580517615912953,,,,,True
arima,post_covid,arima,2,neighborhood,Far East,overall,0.98,IT98,159.7885780471188,53,0.0,0.0,0.0,0.0,0.0,53.0,,,,0.0,,,,,,1.0,,2.24853002692637e-11,0.0,,,,,,True
arima,post_covid,arima,2,neighborhood,Far East,flu_season,,bands,,26,,,,,,,,,,,,,,,,,,,,,0.8461538461538461,0.9615384615384616,0.18018018018018012,-0.19230769230769232,False
arima,post_covid,arima,2,neighborhood,Far East,flu_season,0.5,IT50,76.01095931639992,26,5.0,0.19230769230769232,1.0,0.0,4.0,21.0,0.2,0.0,1.0,0.0,0.2,0.3333333333333333,0.2,0.2876712328767123,0.4098780306383839,0.8461538461538461,0.2,0.13212863020999147,0.15532544378698226,0.14934329502900745,,,,,False
arima,post_covid,arima,2,neighborhood,Far East,flu_season,0.9,IT90,119.58175049878095,26,1.0,0.038461538461538464,0.0,0.0,1.0,25.0,0.0,,,0.0,0.0,0.0,0.0,0.0,,0.9615384615384616,0.0,0.0385502082118567,0.036982248520710054,-0.042397630048605306,,,,,True
arima,post_covid,arima,2,neighborhood,Far East,flu_season,0.98,IT98,159.7885780471188,26,0.0,0.0,0.0,0.0,0.0,26.0,,,,0.0,,,,,,1.0,,4.5835419779652927e-11,0.0,,,,,,True
arima,post_covid,arima,2,neighborhood,Far South,overall,,bands,,53,,,,,,,,,,,,,,,,,,,,,0.8867924528301887,1.0,0.3483606557377049,-0.07547169811320754,False
arima,post_covid,arima,2,neighborhood,Far South,overall,0.5,IT50,69.7066330370401,53,7.0,0.1320754716981132,2.0,1.0,5.0,45.0,0.2857142857142857,0.3333333333333333,0.6666666666666666,0.021739130434782608,0.25,0.4,0.2639751552795031,0.3483606557377049,0.3867633919142966,0.8867924528301887,0.42857142857142855,0.09758914358617762,0.11463154147383411,0.14867110455412136,,,,,False
arima,post_covid,arima,2,neighborhood,Far South,overall,0.9,IT90,121.95949130896,53,0.0,0.0,0.0,0.0,0.0,53.0,,,,0.0,,,,,,1.0,,2.346073738095628e-06,0.0,,,,,,True
arima,post_covid,arima,2,neighborhood,Far South,overall,0.98,IT98,174.42921640712913,53,0.0,0.0,0.0,0.0,0.0,53.0,,,,0.0,,,,,,1.0,,1.4457289631897496e-17,0.0,,,,,,True
arima,post_covid,arima,2,neighborhood,Far South,flu_season,,bands,,26,,,,,,,,,,,,,,,,,,,,,0.7692307692307693,1.0,0.2844036697247707,-0.15384615384615385,False
arima,post_covid,arima,2,neighborhood,Far South,flu_season,0.5,IT50,69.7066330370401,26,7.0,0.2692307692307692,2.0,1.0,5.0,18.0,0.2857142857142857,0.3333333333333333,0.6666666666666666,0.05263157894736842,0.25,0.4,0.23308270676691728,0.28440366972477066,0.32360209754104324,0.7692307692307693,0.42857142857142855,0.19889250518217064,0.19674556213017758,-0.010912281978551208,,,,,False
arima,post_covid,arima,2,neighborhood,Far South,flu_season,0.9,IT90,121.95949130896,26,0.0,0.0,0.0,0.0,0.0,26.0,,,,0.0,,,,,,1.0,,4.782381081502623e-06,0.0,,,,,,True
arima,post_covid,arima,2,neighborhood,Far South,flu_season,0.98,IT98,174.42921640712913,26,0.0,0.0,0.0,0.0,0.0,26.0,,,,0.0,,,,,,1.0,,2.9470628865021817e-17,0.0,,,,,,True
arima,post_covid,arima,2,neighborhood,Far Southeast,overall,,bands,,53,,,,,,,,,,,,,,,,,,,,,0.9056603773584906,1.0,0.0,-0.09433962264150944,False
arima,post_covid,arima,2,neighborhood,Far Southeast,overall,0.5,IT50,10.956265259525463,53,5.0,0.09433962264150944,0.0,0.0,5.0,48.0,0.0,,,0.0,0.0,0.0,0.0,0.0,,0.9056603773584906,0.0,0.08439782313211765,0.08543965824136704,0.012193811757839734,,,,,False
arima,post_covid,arima,2,neighborhood,Far Southeast,overall,0.9,IT90,18.40391015194404,53,0.0,0.0,0.0,0.0,0.0,53.0,,,,0.0,,,,,,1.0,,0.00040953059311175986,0.0,,,,,,True
arima,post_covid,arima,2,neighborhood,Far Southeast,overall,0.98,IT98,25.644566505740826,53,0.0,0.0,0.0,0.0,0.0,53.0,,,,0.0,,,,,,1.0,,7.433550148230665e-07,0.0,,,,,,True
arima,post_covid,arima,2,neighborhood,Far Southeast,flu_season,,bands,,26,,,,,,,,,,,,,,,,,,,,,0.8076923076923077,1.0,0.0,-0.19230769230769232,False
arima,post_covid,arima,2,neighborhood,Far Southeast,flu_season,0.5,IT50,10.956265259525463,26,5.0,0.19230769230769232,0.0,0.0,5.0,21.0,0.0,,,0.0,0.0,0.0,0.0,0.0,,0.8076923076923077,0.0,0.1630507041919475,0.15532544378698226,-0.04973596222625232,,,,,False
arima,post_covid,arima,2,neighborhood,Far Southeast,flu_season,0.9,IT90,18.40391015194404,26,0.0,0.0,0.0,0.0,0.0,26.0,,,,0.0,,,,,,1.0,,0.000821989930306458,0.0,,,,,,True
arima,post_covid,arima,2,neighborhood,Far Southeast,flu_season,0.98,IT98,25.644566505740826,26,0.0,0.0,0.0,0.0,0.0,26.0,,,,0.0,,,,,,1.0,,1.5144890474397342e-06,0.0,,,,,,True
arima,post_covid,arima,2,neighborhood,Far Southwest,overall,,bands,,53,,,,,,,,,,,,,,,,,,,,,0.9622641509433962,1.0,0.7309644670050762,-0.03773584905660377,False
arima,post_covid,arima,2,neighborhood,Far Southwest,overall,0.5,IT50,34.041053932580134,53,5.0,0.09433962264150944,3.0,0.0,2.0,48.0,0.6,0.0,1.0,0.0,0.6,0.75,0.6,0.7309644670050761,0.7589466384404111,0.9622641509433962,0.6,0.044545596253207975,0.08543965824136704,0.4786309171864117,,,,,False
arima,post_covid,arima,2,neighborhood,Far Southwest,overall,0.9,IT90,54.68112356483704,53,0.0,0.0,0.0,0.0,0.0,53.0,,,,0.0,,,,,,1.0,,0.0003838241723982858,0.0,,,,,,True
arima,post_covid,arima,2,neighborhood,Far Southwest,overall,0.98,IT98,74.04650918881951,53,0.0,0.0,0.0,0.0,0.0,53.0,,,,0.0,,,,,,1.0,,5.825805026755461e-08,0.0,,,,,,True
arima,post_covid,arima,2,neighborhood,Far Southwest,flu_season,,bands,,26,,,,,,,,,,,,,,,,,,,,,0.9230769230769231,1.0,0.7078651685393258,-0.07692307692307693,False
arima,post_covid,arima,2,neighborhood,Far Southwest,flu_season,0.5,IT50,34.041053932580134,26,5.0,0.19230769230769232,3.0,0.0,2.0,21.0,0.6,0.0,1.0,0.0,0.6,0.75,0.6,0.7078651685393258,0.7401527456927535,0.9230769230769231,0.6,0.09076269298201955,0.15532544378698226,0.4156611385157599,,,,,False
arima,post_covid,arima,2,neighborhood,Far Southwest,flu_season,0.9,IT90,54.68112356483704,26,0.0,0.0,0.0,0.0,0.0,26.0,,,,0.0,,,,,,1.0,,0.0007824108128094251,0.0,,,,,,True
arima,post_covid,arima,2,neighborhood,Far Southwest,flu_season,0.98,IT98,74.04650918881951,26,0.0,0.0,0.0,0.0,0.0,26.0,,,,0.0,,,,,,1.0,,1.18756794776169e-07,0.0,,,,,,True
arima,post_covid,arima,2,neighborhood,Hilliard,overall,,bands,,53,,,,,,,,,,,,,,,,,,,,,0.8490566037735849,1.0,0.0,-0.1509433962264151,False
arima,post_covid,arima,2,neighborhood,Hilliard,overall,0.5,IT50,19.24134804712757,53,8.0,0.1509433962264151,0.0,0.0,8.0,45.0,0.0,,,0.0,0.0,0.0,0.0,0.0,,0.8490566037735849,0.0,0.10601593360697811,0.12815948736205057,0.17278122916110705,,,,,False
arima,post_covid,arima,2,neighborhood,Hilliard,overall,0.9,IT90,34.52709434950146,53,0.0,0.0,0.0,0.0,0.0,53.0,,,,0.0,,,,,,1.0,,1.7068676211209138e-06,0.0,,,,,,True
arima,post_covid,arima,2,neighborhood,Hilliard,overall,0.98,IT98,50.186768532537315,53,0.0,0.0,0.0,0.0,0.0,53.0,,,,0.0,,,,,,1.0,,1.5727630082086952e-13,0.0,,,,,,True
arima,post_covid,arima,2,neighborhood,Hilliard,flu_season,,bands,,26,,,,,,,,,,,,,,,,,,,,,0.6923076923076923,1.0,0.0,-0.3076923076923077,False
arima,post_covid,arima,2,neighborhood,Hilliard,flu_season,0.5,IT50,19.24134804712757,26,8.0,0.3076923076923077,0.0,0.0,8.0,18.0,0.0,,,0.0,0.0,0.0,0.0,0.0,,0.6923076923076923,0.0,0.21191537047269432,0.21301775147928986,0.005175066392073546,,,,,False
arima,post_covid,arima,2,neighborhood,Hilliard,flu_season,0.9,IT90,34.52709434950146,26,0.0,0.0,0.0,0.0,0.0,26.0,,,,0.0,,,,,,1.0,,3.462555161640732e-06,0.0,,,,,,True
arima,post_covid,arima,2,neighborhood,Hilliard,flu_season,0.98,IT98,50.186768532537315,26,0.0,0.0,0.0,0.0,0.0,26.0,,,,0.0,,,,,,1.0,,3.205992798166931e-13,0.0,,,,,,True
arima,post_covid,arima,2,neighborhood,Linden,overall,,bands,,53,,,,,,,,,,,,,,,,,,,,,0.8490566037735849,1.0,-0.034146341463414664,-0.11320754716981132,False
arima,post_covid,arima,2,neighborhood,Linden,overall,0.5,IT50,53.62727596624066,53,7.0,0.1320754716981132,0.0,1.0,7.0,45.0,0.0,1.0,0.0,0.021739130434782608,0.0,0.0,-0.021739130434782608,-0.03414634146341464,-0.0540964084268288,0.8490566037735849,0.14285714285714285,0.10197208202653492,0.1146315414738341,0.11043609188653236,,,,,False
arima,post_covid,arima,2,neighborhood,Linden,overall,0.9,IT90,82.61523156370409,53,0.0,0.0,0.0,0.0,0.0,53.0,,,,0.0,,,,,,1.0,,3.627266101708745e-05,0.0,,,,,,True
arima,post_covid,arima,2,neighborhood,Linden,overall,0.98,IT98,108.92078323683364,53,0.0,0.0,0.0,0.0,0.0,53.0,,,,0.0,,,,,,1.0,,4.5124875346079835e-10,0.0,,,,,,True
arima,post_covid,arima,2,neighborhood,Linden,flu_season,,bands,,26,,,,,,,,,,,,,,,,,,,,,0.6923076923076923,1.0,-0.07216494845360844,-0.23076923076923078,False
arima,post_covid,arima,2,neighborhood,Linden,flu_season,0.5,IT50,53.62727596624066,26,7.0,0.2692307692307692,0.0,1.0,7.0,18.0,0.0,1.0,0.0,0.05263157894736842,0.0,0.0,-0.05263157894736842,-0.07216494845360824,-0.12139539573337679,0.6923076923076923,0.14285714285714285,0.20781440512392496,0.19674556213017758,-0.05625968318626495,,,,,False
arima,post_covid,arima,2,neighborhood,Linden,flu_season,0.9,IT90,82.61523156370409,26,0.0,0.0,0.0,0.0,0.0,26.0,,,,0.0,,,,,,1.0,,7.394042432275867e-05,0.0,,,,,,True
arima,post_covid,arima,2,neighborhood,Linden,flu_season,0.98,IT98,108.92078323683364,26,0.0,0.0,0.0,0.0,0.0,26.0,,,,0.0,,,,,,1.0,,9.198532282085505e-10,0.0,,,,,,True
arima,post_covid,arima,2,neighborhood,NE Suburban,overall,,bands,,53,,,,,,,,,,,,,,,,,,,,,0.9245283018867925,0.9811320754716981,0.20215053763440882,-0.09433962264150944,False
arima,post_covid,arima,2,neighborhood,NE Suburban,overall,0.5,IT50,27.312493683860776,53,5.0,0.09433962264150944,1.0,0.0,4.0,48.0,0.2,0.0,1.0,0.0,0.2,0.3333333333333333,0.2,0.3116883116883117,0.4296689244236597,0.9245283018867925,0.2,0.07459961162926987,0.08543965824136704,0.1268737122224206,,,,,False
arima,post_covid,arima,2,neighborhood,NE Suburban,overall,0.9,IT90,41.22759712033061,53,1.0,0.018867924528301886,0.0,0.0,1.0,52.0,0.0,,,0.0,0.0,0.0,0.0,0.0,,0.9811320754716981,0.0,0.01950077246893272,0.018511925952296185,-0.05341672817753884,,,,,True
arima,post_covid,arima,2,neighborhood,NE Suburban,overall,0.98,IT98,53.6511443833241,53,0.0,0.0,0.0,0.0,0.0,53.0,,,,0.0,,,,,,1.0,,4.209403717503823e-06,0.0,,,,,,True
arima,post_covid,arima,2,neighborhood,NE Suburban,flu_season,,bands,,26,,,,,,,,,,,,,,,,,,,,,0.8461538461538461,0.9615384615384616,0.18018018018018012,-0.19230769230769232,False
arima,post_covid,arima,2,neighborhood,NE Suburban,flu_season,0.5,IT50,27.312493683860776,26,5.0,0.19230769230769232,1.0,0.0,4.0,21.0,0.2,0.0,1.0,0.0,0.2,0.3333333333333333,0.2,0.2876712328767123,0.4098780306383839,0.8461538461538461,0.2,0.1513249306699308,0.15532544378698226,0.025755684448826588,,,,,False
arima,post_covid,arima,2,neighborhood,NE Suburban,flu_season,0.9,IT90,41.22759712033061,26,1.0,0.038461538461538464,0.0,0.0,1.0,25.0,0.0,,,0.0,0.0,0.0,0.0,0.0,,0.9615384615384616,0.0,0.039751559102678455,0.036982248520710054,-0.07488215813642563,,,,,True
arima,post_covid,arima,2,neighborhood,NE Suburban,flu_season,0.98,IT98,53.6511443833241,26,0.0,0.0,0.0,0.0,0.0,26.0,,,,0.0,,,,,,1.0,,8.580707570381785e-06,0.0,,,,,,True
arima,post_covid,arima,2,neighborhood,Northland,overall,,bands,,53,,,,,,,,,,,,,,,,,,,,,0.8867924528301887,1.0,0.19289340101522856,-0.03773584905660377,False
arima,post_covid,arima,2,neighborhood,Northland,overall,0.5,IT50,56.127661353876796,53,5.0,0.09433962264150944,1.0,2.0,4.0,46.0,0.2,0.6666666666666666,0.3333333333333333,0.041666666666666664,0.14285714285714285,0.25,0.15833333333333335,0.19289340101522842,0.20027758514399738,0.8867924528301887,0.6,0.0857584919665147,0.08543965824136704,-0.003731683058082247,,,,,False
arima,post_covid,arima,2,neighborhood,Northland,overall,0.9,IT90,89.91407794411414,53,0.0,0.0,0.0,0.0,0.0,53.0,,,,0.0,,,,,,1.0,,0.0001152125417163567,0.0,,,,,,True
arima,post_covid,arima,2,neighborhood,Northland,overall,0.98,IT98,121.54516325409915,53,0.0,0.0,0.0,0.0,0.0,53.0,,,,0.0,,,,,,1.0,,4.77372611501899e-10,0.0,,,,,,True
arima,post_covid,arima,2,neighborhood,Northland,flu_season,,bands,,26,,,,,,,,,,,,,,,,,,,,,0.7692307692307693,1.0,0.12359550561797739,-0.07692307692307693,False
arima,post_covid,arima,2,neighborhood,Northland,flu_season,0.5,IT50,56.127661353876796,26,5.0,0.19230769230769232,1.0,2.0,4.0,19.0,0.2,0.6666666666666666,0.3333333333333333,0.09523809523809523,0.14285714285714285,0.25,0.10476190476190478,0.12359550561797752,0.12923301908921092,0.7692307692307693,0.6,0.17453285083651934,0.15532544378698226,-0.12365911586178147,,,,,False
arima,post_covid,arima,2,neighborhood,Northland,flu_season,0.9,IT90,89.91407794411414,26,0.0,0.0,0.0,0.0,0.0,26.0,,,,0.0,,,,,,1.0,,0.00023485633493498069,0.0,,,,,,True
arima,post_covid,arima,2,neighborhood,Northland,flu_season,0.98,IT98,121.54516325409915,26,0.0,0.0,0.0,0.0,0.0,26.0,,,,0.0,,,,,,1.0,,9.731057080615635e-10,0.0,,,,,,True
arima,post_covid,arima,2,neighborhood,UA/Grandview,overall,,bands,,53,,,,,,,,,,,,,,,,,,,,,0.9056603773584906,1.0,0.39359267734553793,-0.018867924528301886,False
arima,post_covid,arima,2,neighborhood,UA/Grandview,overall,0.5,IT50,8.143164584776198,53,5.0,0.09433962264150944,2.0,2.0,3.0,46.0,0.4,0.5,0.5,0.041666666666666664,0.2857142857142857,0.4444444444444444,0.35833333333333334,0.39359267734553777,0.3965197235402832,0.9056603773584906,0.8,0.09233860225323785,0.08543965824136704,-0.08074639053893806,,,,,False
arima,post_covid,arima,2,neighborhood,UA/Grandview,overall,0.9,IT90,16.706142473783938,53,0.0,0.0,0.0,0.0,0.0,53.0,,,,0.0,,,,,,1.0,,0.002280137020112617,0.0,,,,,,True
arima,post_covid,arima,2,neighborhood,UA/Grandview,overall,0.98,IT98,26.455007113900507,53,0.0,0.0,0.0,0.0,0.0,53.0,,,,0.0,,,,,,1.0,,3.63098858026417e-06,0.0,,,,,,True
arima,post_covid,arima,2,neighborhood,UA/Grandview,flu_season,,bands,,26,,,,,,,,,,,,,,,,,,,,,0.8076923076923077,1.0,0.3298969072164949,-0.038461538461538464,False
arima,post_covid,arima,2,neighborhood,UA/Grandview,flu_season,0.5,IT50,8.143164584776198,26,5.0,0.19230769230769232,2.0,2.0,3.0,19.0,0.4,0.5,0.5,0.09523809523809523,0.2857142857142857,0.4444444444444444,0.3047619047619048,0.32989690721649484,0.3329001514305916,0.8076923076923077,0.8,0.18014995205069,0.15532544378698226,-0.1598225484406326,,,,,False
arima,post_covid,arima,2,neighborhood,UA/Grandview,flu_season,0.9,IT90,16.706142473783938,26,0.0,0.0,0.0,0.0,0.0,26.0,,,,0.0,,,,,,1.0,,0.004647697509234673,0.0,,,,,,True
arima,post_covid,arima,2,neighborhood,UA/Grandview,flu_season,0.98,IT98,26.455007113900507,26,0.0,0.0,0.0,0.0,0.0,26.0,,,,0.0,,,,,,1.0,,7.401630567229831e-06,0.0,,,,,,True
arima,post_covid,arima,2,neighborhood,West,overall,,bands,,53,,,,,,,,,,,,,,,,,,,,,0.9433962264150944,1.0,0.0,-0.05660377358490566,False
arima,post_covid,arima,2,neighborhood,West,overall,0.5,IT50,73.15037971354549,53,3.0,0.05660377358490566,0.0,0.0,3.0,50.0,0.0,,,0.0,0.0,0.0,0.0,0.0,,0.9433962264150944,0.0,0.04616372634466876,0.05339978640085441,0.13550728465216988,,,,,True
arima,post_covid,arima,2,neighborhood,West,overall,0.9,IT90,114.1022318647041,53,0.0,0.0,0.0,0.0,0.0,53.0,,,,0.0,,,,,,1.0,,7.030467124233445e-11,0.0,,,,,,True
arima,post_covid,arima,2,neighborhood,West,overall,0.98,IT98,151.63555393306305,53,0.0,0.0,0.0,0.0,0.0,53.0,,,,0.0,,,,,,1.0,,1.6947399145186328e-23,0.0,,,,,,True
arima,post_covid,arima,2,neighborhood,West,flu_season,,bands,,26,,,,,,,,,,,,,,,,,,,,,0.8846153846153846,1.0,0.0,-0.11538461538461539,False
arima,post_covid,arima,2,neighborhood,West,flu_season,0.5,IT50,73.15037971354549,26,3.0,0.11538461538461539,0.0,0.0,3.0,23.0,0.0,,,0.0,0.0,0.0,0.0,0.0,,0.8846153846153846,0.0,0.09410048305683037,0.10207100591715977,0.07808802106641555,,,,,True
arima,post_covid,arima,2,neighborhood,West,flu_season,0.9,IT90,114.1022318647041,26,0.0,0.0,0.0,0.0,0.0,26.0,,,,0.0,,,,,,1.0,,1.4331336815588624e-10,0.0,,,,,,True
arima,post_covid,arima,2,neighborhood,West,flu_season,0.98,IT98,151.63555393306305,26,0.0,0.0,0.0,0.0,0.0,26.0,,,,0.0,,,,,,1.0,,3.4546621334418286e-23,0.0,,,,,,True
arima,post_covid,arima,2,neighborhood,Westerville,overall,,bands,,53,,,,,,,,,,,,,,,,,,,,,0.8679245283018868,0.9622641509433962,0.16887816646562148,-0.09433962264150944,False
arima,post_covid,arima,2,neighborhood,Westerville,overall,0.5,IT50,24.33364195874595,53,7.0,0.1320754716981132,2.0,2.0,5.0,44.0,0.2857142857142857,0.5,0.5,0.043478260869565216,0.2222222222222222,0.36363636363636365,0.24223602484472048,0.29601518026565465,0.31048357557769657,0.8679245283018868,0.5714285714285714,0.0969155501678419,0.1146315414738341,0.15454726577183886,,,,,False
arima,post_covid,arima,2,neighborhood,Westerville,overall,0.9,IT90,36.408491039457616,53,2.0,0.03773584905660377,0.0,0.0,2.0,51.0,0.0,,,0.0,0.0,0.0,0.0,0.0,,0.9622641509433962,0.0,0.04257709389389973,0.03631185475258099,-0.17253977203886617,,,,,True
arima,post_covid,arima,2,neighborhood,Westerville,overall,0.98,IT98,47.11324141772458,53,0.0,0.0,0.0,0.0,0.0,53.0,,,,0.0,,,,,,1.0,,0.0005345774711454367,0.0,,,,,,True
arima,post_covid,arima,2,neighborhood,Westerville,flu_season,,bands,,26,,,,,,,,,,,,,,,,,,,,,0.7307692307692307,0.9230769230769231,0.0864864864864866,-0.19230769230769232,False
arima,post_covid,arima,2,neighborhood,Westerville,flu_season,0.5,IT50,24.33364195874595,26,7.0,0.2692307692307692,2.0,2.0,5.0,17.0,0.2857142857142857,0.5,0.5,0.10526315789473684,0.2222222222222222,0.36363636363636365,0.18045112781954886,0.20869565217391303,0.2218421599939607,0.7307692307692307,0.5714285714285714,0.1945003491762208,0.19674556213017758,0.011411759074246408,,,,,False
arima,post_covid,arima,2,neighborhood,Westerville,flu_season,0.9,IT90,36.408491039457616,26,2.0,0.07692307692307693,0.0,0.0,2.0,24.0,0.0,,,0.0,0.0,0.0,0.0,0.0,,0.9230769230769231,0.0,0.08679026746902542,0.07100591715976333,-0.22229626685544113,,,,,True
arima,post_covid,arima,2,neighborhood,Westerville,flu_season,0.98,IT98,47.11324141772458,26,0.0,0.0,0.0,0.0,0.0,26.0,,,,0.0,,,,,,1.0,,0.001089715554968224,0.0,,,,,,True
arima,post_covid,arima,2,neighborhood,Worthington,overall,,bands,,53,,,,,,,,,,,,,,,,,,,,,0.7169811320754716,0.9433962264150944,0.27221324717285955,-0.18867924528301888,False
arima,post_covid,arima,2,neighborhood,Worthington,overall,0.5,IT50,13.721631551906164,53,16.0,0.3018867924528302,8.0,3.0,8.0,34.0,0.5,0.2727272727272727,0.7272727272727273,0.08108108108108109,0.42105263157894735,0.5925925925925926,0.4189189189189189,0.45968489341983315,0.4742090518687142,0.7924528301886793,0.6875,0.13973815668837186,0.21075115699537203,0.3369518882810194,,,,,False
arima,post_covid,arima,2,neighborhood,Worthington,overall,0.9,IT90,22.978569674557114,53,5.0,0.09433962264150944,0.0,2.0,5.0,46.0,0.0,1.0,0.0,0.041666666666666664,0.0,0.0,-0.041666666666666664,-0.05698005698005698,-0.0639137490706142,0.8679245283018868,0.4,0.10134880202338493,0.08543965824136704,-0.1862032703487011,,,,,False
arima,post_covid,arima,2,neighborhood,Worthington,overall,0.98,IT98,31.956357603850087,53,2.0,0.03773584905660377,0.0,0.0,2.0,51.0,0.0,,,0.0,0.0,0.0,0.0,0.0,,0.9622641509433962,0.0,0.04257698993171808,0.03631185475258099,-0.17253690900192242,,,,,True
arima,post_covid,arima,2,neighborhood,Worthington,flu_season,,bands,,26,,,,,,,,,,,,,,,,,,,,,0.5384615384615384,0.8846153846153846,0.12958963282937375,-0.34615384615384615,False
arima,post_covid,arima,2,neighborhood,Worthington,flu_season,0.5,IT50,13.721631551906164,26,14.0,0.5384615384615384,8.0,2.0,6.0,10.0,0.5714285714285714,0.2,0.8,0.16666666666666666,0.5,0.6666666666666666,0.40476190476190477,0.3953488372093023,0.4147575310031266,0.6923076923076923,0.7142857142857143,0.17900032225271859,0.24852071005917165,0.27973679855453726,,,,,False
arima,post_covid,arima,2,neighborhood,Worthington,flu_season,0.9,IT90,22.978569674557114,26,5.0,0.19230769230769232,0.0,2.0,5.0,19.0,0.0,1.0,0.0,0.09523809523809523,0.0,0.0,-0.09523809523809523,-0.12345679012345678,-0.14085904245475275,0.7307692307692307,0.4,0.20602458563696435,0.15532544378698226,-0.32640590371988454,,,,,False
arima,post_covid,arima,2,neighborhood,Worthington,flu_season,0.98,IT98,31.956357603850087,26,2.0,0.07692307692307693,0.0,0.0,2.0,24.0,0.0,,,0.0,0.0,0.0,0.0,0.0,,0.9230769230769231,0.0,0.08679074626666741,0.07100591715976333,-0.2223030099222325,,,,,True
dualtopo,post_covid,dualtopo,2,citywide,CITYWIDE,overall,,bands,,53,,,,,,,,,,,,,,,,,,,,,0.8490566037735849,1.0,0.0,-0.1509433962264151,False
dualtopo,post_covid,dualtopo,2,citywide,CITYWIDE,overall,0.5,IT50,35.19412725226089,53,8.0,0.1509433962264151,0.0,0.0,8.0,45.0,0.0,,,0.0,0.0,0.0,0.0,0.0,,0.8490566037735849,0.0,0.15020336368862286,0.12815948736205057,-0.17200346833705993,,,,,False
dualtopo,post_covid,dualtopo,2,citywide,CITYWIDE,overall,0.9,IT90,56.071415152332634,53,0.0,0.0,0.0,0.0,0.0,53.0,,,,0.0,,,,,,1.0,,5.318744967498244e-22,0.0,,,,,,True
dualtopo,post_covid,dualtopo,2,citywide,CITYWIDE,overall,0.98,IT98,75.53173152268305,53,0.0,0.0,0.0,0.0,0.0,53.0,,,,0.0,,,,,,1.0,,0.0,0.0,,,,,,True
dualtopo,post_covid,dualtopo,2,citywide,CITYWIDE,flu_season,,bands,,26,,,,,,,,,,,,,,,,,,,,,0.6923076923076923,1.0,0.0,-0.3076923076923077,False
dualtopo,post_covid,dualtopo,2,citywide,CITYWIDE,flu_season,0.5,IT50,35.19412725226089,26,8.0,0.3076923076923077,0.0,0.0,8.0,18.0,0.0,,,0.0,0.0,0.0,0.0,0.0,,0.6923076923076923,0.0,0.3061779687940658,0.2130177514792899,-0.437335464616587,,,,,False
dualtopo,post_covid,dualtopo,2,citywide,CITYWIDE,flu_season,0.9,IT90,56.071415152332634,26,0.0,0.0,0.0,0.0,0.0,26.0,,,,0.0,,,,,,1.0,,5.828278049856113e-22,0.0,,,,,,True
dualtopo,post_covid,dualtopo,2,citywide,CITYWIDE,flu_season,0.98,IT98,75.53173152268305,26,0.0,0.0,0.0,0.0,0.0,26.0,,,,0.0,,,,,,1.0,,0.0,0.0,,,,,,True
dualtopo,post_covid,dualtopo,2,pooled,ALL,overall,,bands,,901,,,,,,,,,,,,,,,,,,,,,0.8690344062153164,0.9811320754716981,0.0,-0.15427302996670367,False
dualtopo,post_covid,dualtopo,2,pooled,ALL,overall,0.5,IT50,,901,118.0,0.1309655937846837,0.0,0.0,118.0,783.0,0.0,,,0.0,0.0,0.0,0.0,0.0,,0.8690344062153164,0.0,0.12671502591513462,0.11381360702930893,-0.11335568059540857,,,,,False
dualtopo,post_covid,dualtopo,2,pooled,ALL,overall,0.9,IT90,,901,17.0,0.018867924528301886,0.0,0.0,17.0,884.0,0.0,,,0.0,0.0,0.0,0.0,0.0,,0.9811320754716981,0.0,0.018866793399906115,0.01851192595229619,-0.019169666544928576,,,,,False
dualtopo,post_covid,dualtopo,2,pooled,ALL,overall,0.98,IT98,,901,4.0,0.004439511653718091,0.0,0.0,4.0,897.0,0.0,,,0.0,0.0,0.0,0.0,0.0,,0.9955604883462819,0.0,0.004439511336785293,0.004419802389994593,-0.0044592370996761055,,,,,True
dualtopo,post_covid,dualtopo,2,pooled,ALL,flu_season,,bands,,442,,,,,,,,,,,,,,,,,,,,,0.7420814479638009,0.9615384615384616,0.0,-0.3054298642533937,False
dualtopo,post_covid,dualtopo,2,pooled,ALL,flu_season,0.5,IT50,,442,114.0,0.2579185520361991,0.0,0.0,114.0,328.0,0.0,,,0.0,0.0,0.0,0.0,0.0,,0.7420814479638009,0.0,0.24917204541180307,0.19139657255174955,-0.3018626305046934,,,,,False
dualtopo,post_covid,dualtopo,2,pooled,ALL,flu_season,0.9,IT90,,442,17.0,0.038461538461538464,0.0,0.0,17.0,425.0,0.0,,,0.0,0.0,0.0,0.0,0.0,,0.9615384615384616,0.0,0.03845923201978925,0.03698224852071006,-0.03993763381510118,,,,,False
dualtopo,post_covid,dualtopo,2,pooled,ALL,flu_season,0.98,IT98,,442,4.0,0.00904977375565611,0.0,0.0,4.0,438.0,0.0,,,0.0,0.0,0.0,0.0,0.0,,0.9909502262443439,0.0,0.00904977310959973,0.008967875350627548,-0.00913234805013774,,,,,True
dualtopo,post_covid,dualtopo,2,neighborhood,Agler/Cassidy,overall,,bands,,53,,,,,,,,,,,,,,,,,,,,,0.8867924528301887,1.0,0.0,-0.11320754716981132,False
dualtopo,post_covid,dualtopo,2,neighborhood,Agler/Cassidy,overall,0.5,IT50,51.74083078339265,53,6.0,0.11320754716981132,0.0,0.0,6.0,47.0,0.0,,,0.0,0.0,0.0,0.0,0.0,,0.8867924528301887,0.0,0.11311409769996703,0.10039159843360627,-0.12672872496172816,,,,,False
dualtopo,post_covid,dualtopo,2,neighborhood,Agler/Cassidy,overall,0.9,IT90,88.48740693700204,53,0.0,0.0,0.0,0.0,0.0,53.0,,,,0.0,,,,,,1.0,,0.0,0.0,,,,,,True
dualtopo,post_covid,dualtopo,2,neighborhood,Agler/Cassidy,overall,0.98,IT98,124.72586226376617,53,0.0,0.0,0.0,0.0,0.0,53.0,,,,0.0,,,,,,1.0,,0.0,0.0,,,,,,True
dualtopo,post_covid,dualtopo,2,neighborhood,Agler/Cassidy,flu_season,,bands,,26,,,,,,,,,,,,,,,,,,,,,0.7692307692307693,1.0,0.0,-0.23076923076923078,False
dualtopo,post_covid,dualtopo,2,neighborhood,Agler/Cassidy,flu_season,0.5,IT50,51.74083078339265,26,6.0,0.23076923076923078,0.0,0.0,6.0,20.0,0.0,,,0.0,0.0,0.0,0.0,0.0,,0.7692307692307693,0.0,0.23057857575084367,0.17751479289940827,-0.29892597672975274,,,,,False
dualtopo,post_covid,dualtopo,2,neighborhood,Agler/Cassidy,flu_season,0.9,IT90,88.48740693700204,26,0.0,0.0,0.0,0.0,0.0,26.0,,,,0.0,,,,,,1.0,,0.0,0.0,,,,,,True
dualtopo,post_covid,dualtopo,2,neighborhood,Agler/Cassidy,flu_season,0.98,IT98,124.72586226376617,26,0.0,0.0,0.0,0.0,0.0,26.0,,,,0.0,,,,,,1.0,,0.0,0.0,,,,,,True
dualtopo,post_covid,dualtopo,2,neighborhood,Bexley,overall,,bands,,53,,,,,,,,,,,,,,,,,,,,,0.8490566037735849,0.9622641509433962,0.0,-0.20754716981132076,False
dualtopo,post_covid,dualtopo,2,neighborhood,Bexley,overall,0.5,IT50,24.605454693531783,53,8.0,0.1509433962264151,0.0,0.0,8.0,45.0,0.0,,,0.0,0.0,0.0,0.0,0.0,,0.8490566037735849,0.0,0.15013586242158525,0.12815948736205057,-0.17147677095064684,,,,,False
dualtopo,post_covid,dualtopo,2,neighborhood,Bexley,overall,0.9,IT90,37.5430295506582,53,2.0,0.03773584905660377,0.0,0.0,2.0,51.0,0.0,,,0.0,0.0,0.0,0.0,0.0,,0.9622641509433962,0.0,0.03773584824879417,0.03631185475258099,-0.03921566402806698,,,,,True
dualtopo,post_covid,dualtopo,2,neighborhood,Bexley,overall,0.98,IT98,49.19357270883574,53,1.0,0.018867924528301886,0.0,0.0,1.0,52.0,0.0,,,0.0,0.0,0.0,0.0,0.0,,0.9811320754716981,0.0,0.01886792452830188,0.018511925952296185,-0.019230769230769162,,,,,True
dualtopo,post_covid,dualtopo,2,neighborhood,Bexley,flu_season,,bands,,26,,,,,,,,,,,,,,,,,,,,,0.7307692307692307,0.9230769230769231,-2.220446049250313e-16,-0.38461538461538464,False
dualtopo,post_covid,dualtopo,2,neighborhood,Bexley,flu_season,0.5,IT50,24.605454693531783,26,7.0,0.2692307692307692,0.0,0.0,7.0,19.0,0.0,,,0.0,0.0,0.0,0.0,0.0,,0.7307692307692307,0.0,0.2677807073431627,0.19674556213017758,-0.36105081326299215,,,,,False
dualtopo,post_covid,dualtopo,2,neighborhood,Bexley,flu_season,0.9,IT90,37.5430295506582,26,2.0,0.07692307692307693,0.0,0.0,2.0,24.0,0.0,,,0.0,0.0,0.0,0.0,0.0,,0.9230769230769231,0.0,0.07692307527638802,0.07100591715976333,-0.08333331014246426,,,,,True
dualtopo,post_covid,dualtopo,2,neighborhood,Bexley,flu_season,0.98,IT98,49.19357270883574,26,1.0,0.038461538461538464,0.0,0.0,1.0,25.0,0.0,,,0.0,0.0,0.0,0.0,0.0,,0.9615384615384616,0.0,0.03846153846153844,0.036982248520710054,-0.03999999999999959,,,,,True
dualtopo,post_covid,dualtopo,2,neighborhood,Clintonville/Near North,overall,,bands,,53,,,,,,,,,,,,,,,,,,,,,0.7924528301886793,0.9245283018867925,0.0,-0.3018867924528302,False
dualtopo,post_covid,dualtopo,2,neighborhood,Clintonville/Near North,overall,0.5,IT50,15.728895715230147,53,11.0,0.20754716981132076,0.0,0.0,11.0,42.0,0.0,,,0.0,0.0,0.0,0.0,0.0,,0.7924528301886793,0.0,0.19918286674381236,0.1644713421146316,-0.2110490750722267,,,,,False
dualtopo,post_covid,dualtopo,2,neighborhood,Clintonville/Near North,overall,0.9,IT90,22.099499115677975,53,4.0,0.07547169811320754,0.0,0.0,4.0,49.0,0.0,,,0.0,0.0,0.0,0.0,0.0,,0.9245283018867925,0.0,0.07545624601599436,0.06977572089711641,-0.08141119928024576,,,,,True
dualtopo,post_covid,dualtopo,2,neighborhood,Clintonville/Near North,overall,0.98,IT98,27.469599865392972,53,1.0,0.018867924528301886,0.0,0.0,1.0,52.0,0.0,,,0.0,0.0,0.0,0.0,0.0,,0.9811320754716981,0.0,0.018867919141446653,0.018511925952296185,-0.019230478236993642,,,,,True
dualtopo,post_covid,dualtopo,2,neighborhood,Clintonville/Near North,flu_season,,bands,,26,,,,,,,,,,,,,,,,,,,,,0.5769230769230769,0.8461538461538461,-4.440892098500626e-16,-0.6153846153846154,False
dualtopo,post_covid,dualtopo,2,neighborhood,Clintonville/Near North,flu_season,0.5,IT50,15.728895715230147,26,11.0,0.4230769230769231,0.0,0.0,11.0,15.0,0.0,,,0.0,0.0,0.0,0.0,0.0,,0.5769230769230769,0.0,0.4055837207076149,0.24408284023668633,-0.6616642133233195,,,,,False
dualtopo,post_covid,dualtopo,2,neighborhood,Clintonville/Near North,flu_season,0.9,IT90,22.099499115677975,26,4.0,0.15384615384615385,0.0,0.0,4.0,22.0,0.0,,,0.0,0.0,0.0,0.0,0.0,,0.8461538461538461,0.0,0.15381464555173976,0.13017751479289943,-0.1815761408292733,,,,,True
dualtopo,post_covid,dualtopo,2,neighborhood,Clintonville/Near North,flu_season,0.98,IT98,27.469599865392972,26,1.0,0.038461538461538464,0.0,0.0,1.0,25.0,0.0,,,0.0,0.0,0.0,0.0,0.0,,0.9615384615384616,0.0,0.038461527480623196,0.036982248520710054,-0.039999703076051274,,,,,True
dualtopo,post_covid,dualtopo,2,neighborhood,Dublin,overall,,bands,,53,,,,,,,,,,,,,,,,,,,,,0.8301886792452831,0.9811320754716981,0.0,-0.18867924528301888,False
dualtopo,post_covid,dualtopo,2,neighborhood,Dublin,overall,0.5,IT50,8.038849454818003,53,9.0,0.16981132075471697,0.0,0.0,9.0,44.0,0.0,,,0.0,0.0,0.0,0.0,0.0,,0.8301886792452831,0.0,0.15471150975985715,0.14097543609825564,-0.09743593665514805,,,,,False
dualtopo,post_covid,dualtopo,2,neighborhood,Dublin,overall,0.9,IT90,14.1626396504559,53,1.0,0.018867924528301886,0.0,0.0,1.0,52.0,0.0,,,0.0,0.0,0.0,0.0,0.0,,0.9811320754716981,0.0,0.01886658290216235,0.018511925952296185,-0.019158295618731946,,,,,True
dualtopo,post_covid,dualtopo,2,neighborhood,Dublin,overall,0.98,IT98,20.345693253667104,53,0.0,0.0,0.0,0.0,0.0,53.0,,,,0.0,,,,,,1.0,,1.1393547243063159e-20,0.0,,,,,,True
dualtopo,post_covid,dualtopo,2,neighborhood,Dublin,flu_season,,bands,,26,,,,,,,,,,,,,,,,,,,,,0.6923076923076923,0.9615384615384616,-2.220446049250313e-16,-0.34615384615384615,False
dualtopo,post_covid,dualtopo,2,neighborhood,Dublin,flu_season,0.5,IT50,8.038849454818003,26,8.0,0.3076923076923077,0.0,0.0,8.0,18.0,0.0,,,0.0,0.0,0.0,0.0,0.0,,0.6923076923076923,0.0,0.27810467123566196,0.21301775147928986,-0.3055469288563024,,,,,False
dualtopo,post_covid,dualtopo,2,neighborhood,Dublin,flu_season,0.9,IT90,14.1626396504559,26,1.0,0.038461538461538464,0.0,0.0,1.0,25.0,0.0,,,0.0,0.0,0.0,0.0,0.0,,0.9615384615384616,0.0,0.0384588023803234,0.036982248520710054,-0.03992601636394477,,,,,True
dualtopo,post_covid,dualtopo,2,neighborhood,Dublin,flu_season,0.98,IT98,20.345693253667104,26,0.0,0.0,0.0,0.0,0.0,26.0,,,,0.0,,,,,,1.0,,1.2148961853885459e-20,0.0,,,,,,True
dualtopo,post_covid,dualtopo,2,neighborhood,Eastside,overall,,bands,,53,,,,,,,,,,,,,,,,,,,,,0.8867924528301887,0.9811320754716981,0.0,-0.1320754716981132,False
dualtopo,post_covid,dualtopo,2,neighborhood,Eastside,overall,0.5,IT50,53.89825474693718,53,6.0,0.11320754716981132,0.0,0.0,6.0,47.0,0.0,,,0.0,0.0,0.0,0.0,0.0,,0.8867924528301887,0.0,0.11319297414608215,0.10039159843360627,-0.12751441268207353,,,,,False
dualtopo,post_covid,dualtopo,2,neighborhood,Eastside,overall,0.9,IT90,89.53274062296502,53,1.0,0.018867924528301886,0.0,0.0,1.0,52.0,0.0,,,0.0,0.0,0.0,0.0,0.0,,0.9811320754716981,0.0,0.018867924528301886,0.018511925952296185,-0.019230769230769607,,,,,True
dualtopo,post_covid,dualtopo,2,neighborhood,Eastside,overall,0.98,IT98,123.87134674281285,53,0.0,0.0,0.0,0.0,0.0,53.0,,,,0.0,,,,,,1.0,,0.0,0.0,,,,,,True
dualtopo,post_covid,dualtopo,2,neighborhood,Eastside,flu_season,,bands,,26,,,,,,,,,,,,,,,,,,,,,0.7692307692307693,0.9615384615384616,0.0,-0.2692307692307692,False
dualtopo,post_covid,dualtopo,2,neighborhood,Eastside,flu_season,0.5,IT50,53.89825474693718,26,6.0,0.23076923076923078,0.0,0.0,6.0,20.0,0.0,,,0.0,0.0,0.0,0.0,0.0,,0.7692307692307693,0.0,0.2307395205267787,0.17751479289940827,-0.29983263230085355,,,,,False
dualtopo,post_covid,dualtopo,2,neighborhood,Eastside,flu_season,0.9,IT90,89.53274062296502,26,1.0,0.038461538461538464,0.0,0.0,1.0,25.0,0.0,,,0.0,0.0,0.0,0.0,0.0,,0.9615384615384616,0.0,0.038461538461538464,0.036982248520710054,-0.04000000000000026,,,,,True
dualtopo,post_covid,dualtopo,2,neighborhood,Eastside,flu_season,0.98,IT98,123.87134674281285,26,0.0,0.0,0.0,0.0,0.0,26.0,,,,0.0,,,,,,1.0,,0.0,0.0,,,,,,True
dualtopo,post_covid,dualtopo,2,neighborhood,Far East,overall,,bands,,53,,,,,,,,,,,,,,,,,,,,,0.9056603773584906,0.9811320754716981,0.0,-0.11320754716981132,False
dualtopo,post_covid,dualtopo,2,neighborhood,Far East,overall,0.5,IT50,76.01095931639992,53,5.0,0.09433962264150944,0.0,0.0,5.0,48.0,0.0,,,0.0,0.0,0.0,0.0,0.0,,0.9056603773584906,0.0,0.09431931510548136,0.08543965824136704,-0.10392898388040472,,,,,False
dualtopo,post_covid,dualtopo,2,neighborhood,Far East,overall,0.9,IT90,119.58175049878095,53,1.0,0.018867924528301886,0.0,0.0,1.0,52.0,0.0,,,0.0,0.0,0.0,0.0,0.0,,0.9811320754716981,0.0,0.018867924528301886,0.018511925952296185,-0.019230769230769607,,,,,True
dualtopo,post_covid,dualtopo,2,neighborhood,Far East,overall,0.98,IT98,159.7885780471188,53,0.0,0.0,0.0,0.0,0.0,53.0,,,,0.0,,,,,,1.0,,0.0,0.0,,,,,,True
dualtopo,post_covid,dualtopo,2,neighborhood,Far East,flu_season,,bands,,26,,,,,,,,,,,,,,,,,,,,,0.8076923076923077,0.9615384615384616,0.0,-0.23076923076923078,False
dualtopo,post_covid,dualtopo,2,neighborhood,Far East,flu_season,0.5,IT50,76.01095931639992,26,5.0,0.19230769230769232,0.0,0.0,5.0,21.0,0.0,,,0.0,0.0,0.0,0.0,0.0,,0.8076923076923077,0.0,0.1922662858160763,0.15532544378698226,-0.23782865915873863,,,,,False
dualtopo,post_covid,dualtopo,2,neighborhood,Far East,flu_season,0.9,IT90,119.58175049878095,26,1.0,0.038461538461538464,0.0,0.0,1.0,25.0,0.0,,,0.0,0.0,0.0,0.0,0.0,,0.9615384615384616,0.0,0.038461538461538464,0.036982248520710054,-0.04000000000000026,,,,,True
dualtopo,post_covid,dualtopo,2,neighborhood,Far East,flu_season,0.98,IT98,159.7885780471188,26,0.0,0.0,0.0,0.0,0.0,26.0,,,,0.0,,,,,,1.0,,0.0,0.0,,,,,,True
dualtopo,post_covid,dualtopo,2,neighborhood,Far South,overall,,bands,,53,,,,,,,,,,,,,,,,,,,,,0.8679245283018868,1.0,0.0,-0.1320754716981132,False
dualtopo,post_covid,dualtopo,2,neighborhood,Far South,overall,0.5,IT50,69.7066330370401,53,7.0,0.1320754716981132,0.0,0.0,7.0,46.0,0.0,,,0.0,0.0,0.0,0.0,0.0,,0.8679245283018868,0.0,0.13207145673762968,0.11463154147383411,-0.15213888812422893,,,,,False
dualtopo,post_covid,dualtopo,2,neighborhood,Far South,overall,0.9,IT90,121.95949130896,53,0.0,0.0,0.0,0.0,0.0,53.0,,,,0.0,,,,,,1.0,,0.0,0.0,,,,,,True
dualtopo,post_covid,dualtopo,2,neighborhood,Far South,overall,0.98,IT98,174.42921640712913,53,0.0,0.0,0.0,0.0,0.0,53.0,,,,0.0,,,,,,1.0,,0.0,0.0,,,,,,True
dualtopo,post_covid,dualtopo,2,neighborhood,Far South,flu_season,,bands,,26,,,,,,,,,,,,,,,,,,,,,0.7307692307692307,1.0,0.0,-0.2692307692307692,False
dualtopo,post_covid,dualtopo,2,neighborhood,Far South,flu_season,0.5,IT50,69.7066330370401,26,7.0,0.2692307692307692,0.0,0.0,7.0,19.0,0.0,,,0.0,0.0,0.0,0.0,0.0,,0.7307692307692307,0.0,0.2692225846951011,0.19674556213017758,-0.3683794530367539,,,,,False
dualtopo,post_covid,dualtopo,2,neighborhood,Far South,flu_season,0.9,IT90,121.95949130896,26,0.0,0.0,0.0,0.0,0.0,26.0,,,,0.0,,,,,,1.0,,0.0,0.0,,,,,,True
dualtopo,post_covid,dualtopo,2,neighborhood,Far South,flu_season,0.98,IT98,174.42921640712913,26,0.0,0.0,0.0,0.0,0.0,26.0,,,,0.0,,,,,,1.0,,0.0,0.0,,,,,,True
dualtopo,post_covid,dualtopo,2,neighborhood,Far Southeast,overall,,bands,,53,,,,,,,,,,,,,,,,,,,,,0.9056603773584906,1.0,0.0,-0.09433962264150944,False
dualtopo,post_covid,dualtopo,2,neighborhood,Far Southeast,overall,0.5,IT50,10.956265259525463,53,5.0,0.09433962264150944,0.0,0.0,5.0,48.0,0.0,,,0.0,0.0,0.0,0.0,0.0,,0.9056603773584906,0.0,0.08821963833511923,0.08543965824136704,-0.032537350347291216,,,,,False
dualtopo,post_covid,dualtopo,2,neighborhood,Far Southeast,overall,0.9,IT90,18.40391015194404,53,0.0,0.0,0.0,0.0,0.0,53.0,,,,0.0,,,,,,1.0,,3.806814149984633e-10,0.0,,,,,,True
dualtopo,post_covid,dualtopo,2,neighborhood,Far Southeast,overall,0.98,IT98,25.644566505740826,53,0.0,0.0,0.0,0.0,0.0,53.0,,,,0.0,,,,,,1.0,,4.418837011124863e-21,0.0,,,,,,True
dualtopo,post_covid,dualtopo,2,neighborhood,Far Southeast,flu_season,,bands,,26,,,,,,,,,,,,,,,,,,,,,0.8076923076923077,1.0,0.0,-0.19230769230769232,False
dualtopo,post_covid,dualtopo,2,neighborhood,Far Southeast,flu_season,0.5,IT50,10.956265259525463,26,5.0,0.19230769230769232,0.0,0.0,5.0,21.0,0.0,,,0.0,0.0,0.0,0.0,0.0,,0.8076923076923077,0.0,0.17807896106791296,0.15532544378698226,-0.1464893112562775,,,,,False
dualtopo,post_covid,dualtopo,2,neighborhood,Far Southeast,flu_season,0.9,IT90,18.40391015194404,26,0.0,0.0,0.0,0.0,0.0,26.0,,,,0.0,,,,,,1.0,,3.8903585762020934e-10,0.0,,,,,,True
dualtopo,post_covid,dualtopo,2,neighborhood,Far Southeast,flu_season,0.98,IT98,25.644566505740826,26,0.0,0.0,0.0,0.0,0.0,26.0,,,,0.0,,,,,,1.0,,4.611306320323151e-21,0.0,,,,,,True
dualtopo,post_covid,dualtopo,2,neighborhood,Far Southwest,overall,,bands,,53,,,,,,,,,,,,,,,,,,,,,0.9056603773584906,1.0,0.0,-0.09433962264150944,False
dualtopo,post_covid,dualtopo,2,neighborhood,Far Southwest,overall,0.5,IT50,34.041053932580134,53,5.0,0.09433962264150944,0.0,0.0,5.0,48.0,0.0,,,0.0,0.0,0.0,0.0,0.0,,0.9056603773584906,0.0,0.09383456142899876,0.08543965824136704,-0.09825534605857289,,,,,False
dualtopo,post_covid,dualtopo,2,neighborhood,Far Southwest,overall,0.9,IT90,54.68112356483704,53,0.0,0.0,0.0,0.0,0.0,53.0,,,,0.0,,,,,,1.0,,4.965320335773066e-21,0.0,,,,,,True
dualtopo,post_covid,dualtopo,2,neighborhood,Far Southwest,overall,0.98,IT98,74.04650918881951,53,0.0,0.0,0.0,0.0,0.0,53.0,,,,0.0,,,,,,1.0,,0.0,0.0,,,,,,True
dualtopo,post_covid,dualtopo,2,neighborhood,Far Southwest,flu_season,,bands,,26,,,,,,,,,,,,,,,,,,,,,0.8076923076923077,1.0,0.0,-0.19230769230769232,False
dualtopo,post_covid,dualtopo,2,neighborhood,Far Southwest,flu_season,0.5,IT50,34.041053932580134,26,5.0,0.19230769230769232,0.0,0.0,5.0,21.0,0.0,,,0.0,0.0,0.0,0.0,0.0,,0.8076923076923077,0.0,0.19127103790979658,0.15532544378698226,-0.2314211583525949,,,,,False
dualtopo,post_covid,dualtopo,2,neighborhood,Far Southwest,flu_season,0.9,IT90,54.68112356483704,26,0.0,0.0,0.0,0.0,0.0,26.0,,,,0.0,,,,,,1.0,,5.4214829679348124e-21,0.0,,,,,,True
dualtopo,post_covid,dualtopo,2,neighborhood,Far Southwest,flu_season,0.98,IT98,74.04650918881951,26,0.0,0.0,0.0,0.0,0.0,26.0,,,,0.0,,,,,,1.0,,0.0,0.0,,,,,,True
dualtopo,post_covid,dualtopo,2,neighborhood,Hilliard,overall,,bands,,53,,,,,,,,,,,,,,,,,,,,,0.8490566037735849,1.0,0.0,-0.1509433962264151,False
dualtopo,post_covid,dualtopo,2,neighborhood,Hilliard,overall,0.5,IT50,19.24134804712757,53,8.0,0.1509433962264151,0.0,0.0,8.0,45.0,0.0,,,0.0,0.0,0.0,0.0,0.0,,0.8490566037735849,0.0,0.14791239595261665,0.12815948736205057,-0.15412755619694485,,,,,False
dualtopo,post_covid,dualtopo,2,neighborhood,Hilliard,overall,0.9,IT90,34.52709434950146,53,0.0,0.0,0.0,0.0,0.0,53.0,,,,0.0,,,,,,1.0,,8.912369260470756e-19,0.0,,,,,,True
dualtopo,post_covid,dualtopo,2,neighborhood,Hilliard,overall,0.98,IT98,50.186768532537315,53,0.0,0.0,0.0,0.0,0.0,53.0,,,,0.0,,,,,,1.0,,0.0,0.0,,,,,,True
dualtopo,post_covid,dualtopo,2,neighborhood,Hilliard,flu_season,,bands,,26,,,,,,,,,,,,,,,,,,,,,0.6923076923076923,1.0,0.0,-0.3076923076923077,False
dualtopo,post_covid,dualtopo,2,neighborhood,Hilliard,flu_season,0.5,IT50,19.24134804712757,26,8.0,0.3076923076923077,0.0,0.0,8.0,18.0,0.0,,,0.0,0.0,0.0,0.0,0.0,,0.6923076923076923,0.0,0.30140699253410513,0.21301775147928986,-0.41493838161843843,,,,,False
dualtopo,post_covid,dualtopo,2,neighborhood,Hilliard,flu_season,0.9,IT90,34.52709434950146,26,0.0,0.0,0.0,0.0,0.0,26.0,,,,0.0,,,,,,1.0,,9.526324077590638e-19,0.0,,,,,,True
dualtopo,post_covid,dualtopo,2,neighborhood,Hilliard,flu_season,0.98,IT98,50.186768532537315,26,0.0,0.0,0.0,0.0,0.0,26.0,,,,0.0,,,,,,1.0,,0.0,0.0,,,,,,True
dualtopo,post_covid,dualtopo,2,neighborhood,Linden,overall,,bands,,53,,,,,,,,,,,,,,,,,,,,,0.8679245283018868,1.0,0.0,-0.1320754716981132,False
dualtopo,post_covid,dualtopo,2,neighborhood,Linden,overall,0.5,IT50,53.62727596624066,53,7.0,0.1320754716981132,0.0,0.0,7.0,46.0,0.0,,,0.0,0.0,0.0,0.0,0.0,,0.8679245283018868,0.0,0.13197867578199565,0.1146315414738341,-0.15132950394914846,,,,,False
dualtopo,post_covid,dualtopo,2,neighborhood,Linden,overall,0.9,IT90,82.61523156370409,53,0.0,0.0,0.0,0.0,0.0,53.0,,,,0.0,,,,,,1.0,,4.279621342586443e-27,0.0,,,,,,True
dualtopo,post_covid,dualtopo,2,neighborhood,Linden,overall,0.98,IT98,108.92078323683364,53,0.0,0.0,0.0,0.0,0.0,53.0,,,,0.0,,,,,,1.0,,0.0,0.0,,,,,,True
dualtopo,post_covid,dualtopo,2,neighborhood,Linden,flu_season,,bands,,26,,,,,,,,,,,,,,,,,,,,,0.7307692307692307,1.0,0.0,-0.2692307692307692,False
dualtopo,post_covid,dualtopo,2,neighborhood,Linden,flu_season,0.5,IT50,53.62727596624066,26,7.0,0.2692307692307692,0.0,0.0,7.0,19.0,0.0,,,0.0,0.0,0.0,0.0,0.0,,0.7307692307692307,0.0,0.2690333293860384,0.19674556213017758,-0.3674175237967061,,,,,False
dualtopo,post_covid,dualtopo,2,neighborhood,Linden,flu_season,0.9,IT90,82.61523156370409,26,0.0,0.0,0.0,0.0,0.0,26.0,,,,0.0,,,,,,1.0,,4.797163668562379e-27,0.0,,,,,,True
dualtopo,post_covid,dualtopo,2,neighborhood,Linden,flu_season,0.98,IT98,108.92078323683364,26,0.0,0.0,0.0,0.0,0.0,26.0,,,,0.0,,,,,,1.0,,0.0,0.0,,,,,,True
dualtopo,post_covid,dualtopo,2,neighborhood,NE Suburban,overall,,bands,,53,,,,,,,,,,,,,,,,,,,,,0.9056603773584906,0.9811320754716981,0.0,-0.11320754716981132,False
dualtopo,post_covid,dualtopo,2,neighborhood,NE Suburban,overall,0.5,IT50,27.312493683860776,53,5.0,0.09433962264150944,0.0,0.0,5.0,48.0,0.0,,,0.0,0.0,0.0,0.0,0.0,,0.9056603773584906,0.0,0.09286061678721769,0.08543965824136704,-0.0868561356470603,,,,,False
dualtopo,post_covid,dualtopo,2,neighborhood,NE Suburban,overall,0.9,IT90,41.22759712033061,53,1.0,0.018867924528301886,0.0,0.0,1.0,52.0,0.0,,,0.0,0.0,0.0,0.0,0.0,,0.9811320754716981,0.0,0.018867918229470402,0.018511925952296185,-0.01923042897273808,,,,,True
dualtopo,post_covid,dualtopo,2,neighborhood,NE Suburban,overall,0.98,IT98,53.6511443833241,53,0.0,0.0,0.0,0.0,0.0,53.0,,,,0.0,,,,,,1.0,,7.545456884090231e-28,0.0,,,,,,True
dualtopo,post_covid,dualtopo,2,neighborhood,NE Suburban,flu_season,,bands,,26,,,,,,,,,,,,,,,,,,,,,0.8076923076923077,0.9615384615384616,0.0,-0.23076923076923078,False
dualtopo,post_covid,dualtopo,2,neighborhood,NE Suburban,flu_season,0.5,IT50,27.312493683860776,26,5.0,0.19230769230769232,0.0,0.0,5.0,21.0,0.0,,,0.0,0.0,0.0,0.0,0.0,,0.8076923076923077,0.0,0.18922726980905474,0.15532544378698226,-0.21826318467543793,,,,,False
dualtopo,post_covid,dualtopo,2,neighborhood,NE Suburban,flu_season,0.9,IT90,41.22759712033061,26,1.0,0.038461538461538464,0.0,0.0,1.0,25.0,0.0,,,0.0,0.0,0.0,0.0,0.0,,0.9615384615384616,0.0,0.03846152562158682,0.036982248520710054,-0.039999652807707786,,,,,True
dualtopo,post_covid,dualtopo,2,neighborhood,NE Suburban,flu_season,0.98,IT98,53.6511443833241,26,0.0,0.0,0.0,0.0,0.0,26.0,,,,0.0,,,,,,1.0,,8.28161253888029e-28,0.0,,,,,,True
dualtopo,post_covid,dualtopo,2,neighborhood,Northland,overall,,bands,,53,,,,,,,,,,,,,,,,,,,,,0.9056603773584906,1.0,0.0,-0.09433962264150944,False
dualtopo,post_covid,dualtopo,2,neighborhood,Northland,overall,0.5,IT50,56.127661353876796,53,5.0,0.09433962264150944,0.0,0.0,5.0,48.0,0.0,,,0.0,0.0,0.0,0.0,0.0,,0.9056603773584906,0.0,0.09416935765342438,0.08543965824136704,-0.10217385686862102,,,,,False
dualtopo,post_covid,dualtopo,2,neighborhood,Northland,overall,0.9,IT90,89.91407794411414,53,0.0,0.0,0.0,0.0,0.0,53.0,,,,0.0,,,,,,1.0,,3.1800048237733134e-28,0.0,,,,,,True
dualtopo,post_covid,dualtopo,2,neighborhood,Northland,overall,0.98,IT98,121.54516325409915,53,0.0,0.0,0.0,0.0,0.0,53.0,,,,0.0,,,,,,1.0,,0.0,0.0,,,,,,True
dualtopo,post_covid,dualtopo,2,neighborhood,Northland,flu_season,,bands,,26,,,,,,,,,,,,,,,,,,,,,0.8076923076923077,1.0,0.0,-0.19230769230769232,False
dualtopo,post_covid,dualtopo,2,neighborhood,Northland,flu_season,0.5,IT50,56.127661353876796,26,5.0,0.19230769230769232,0.0,0.0,5.0,21.0,0.0,,,0.0,0.0,0.0,0.0,0.0,,0.8076923076923077,0.0,0.191959832303534,0.15532544378698226,-0.2358556822589426,,,,,False
dualtopo,post_covid,dualtopo,2,neighborhood,Northland,flu_season,0.9,IT90,89.91407794411414,26,0.0,0.0,0.0,0.0,0.0,26.0,,,,0.0,,,,,,1.0,,3.5498930364970826e-28,0.0,,,,,,True
dualtopo,post_covid,dualtopo,2,neighborhood,Northland,flu_season,0.98,IT98,121.54516325409915,26,0.0,0.0,0.0,0.0,0.0,26.0,,,,0.0,,,,,,1.0,,0.0,0.0,,,,,,True
dualtopo,post_covid,dualtopo,2,neighborhood,UA/Grandview,overall,,bands,,53,,,,,,,,,,,,,,,,,,,,,0.9056603773584906,1.0,0.0,-0.09433962264150944,False
dualtopo,post_covid,dualtopo,2,neighborhood,UA/Grandview,overall,0.5,IT50,8.143164584776198,53,5.0,0.09433962264150944,0.0,0.0,5.0,48.0,0.0,,,0.0,0.0,0.0,0.0,0.0,,0.9056603773584906,0.0,0.08592024522854166,0.08543965824136704,-0.005624870195723108,,,,,False
dualtopo,post_covid,dualtopo,2,neighborhood,UA/Grandview,overall,0.9,IT90,16.706142473783938,53,0.0,0.0,0.0,0.0,0.0,53.0,,,,0.0,,,,,,1.0,,3.661357975459594e-12,0.0,,,,,,True
dualtopo,post_covid,dualtopo,2,neighborhood,UA/Grandview,overall,0.98,IT98,26.455007113900507,53,0.0,0.0,0.0,0.0,0.0,53.0,,,,0.0,,,,,,1.0,,1.232595164407831e-32,0.0,,,,,,True
dualtopo,post_covid,dualtopo,2,neighborhood,UA/Grandview,flu_season,,bands,,26,,,,,,,,,,,,,,,,,,,,,0.8076923076923077,1.0,0.0,-0.19230769230769232,False
dualtopo,post_covid,dualtopo,2,neighborhood,UA/Grandview,flu_season,0.5,IT50,8.143164584776198,26,5.0,0.19230769230769232,0.0,0.0,5.0,21.0,0.0,,,0.0,0.0,0.0,0.0,0.0,,0.8076923076923077,0.0,0.16998967897345255,0.15532544378698226,-0.0944097427243229,,,,,False
dualtopo,post_covid,dualtopo,2,neighborhood,UA/Grandview,flu_season,0.9,IT90,16.706142473783938,26,0.0,0.0,0.0,0.0,0.0,26.0,,,,0.0,,,,,,1.0,,3.816272079152549e-12,0.0,,,,,,True
dualtopo,post_covid,dualtopo,2,neighborhood,UA/Grandview,flu_season,0.98,IT98,26.455007113900507,26,0.0,0.0,0.0,0.0,0.0,26.0,,,,0.0,,,,,,1.0,,1.232595164407831e-32,0.0,,,,,,True
dualtopo,post_covid,dualtopo,2,neighborhood,West,overall,,bands,,53,,,,,,,,,,,,,,,,,,,,,0.9433962264150944,1.0,0.0,-0.05660377358490566,False
dualtopo,post_covid,dualtopo,2,neighborhood,West,overall,0.5,IT50,73.15037971354549,53,3.0,0.05660377358490566,0.0,0.0,3.0,50.0,0.0,,,0.0,0.0,0.0,0.0,0.0,,0.9433962264150944,0.0,0.05660037886210681,0.05339978640085441,-0.059936428157719934,,,,,True
dualtopo,post_covid,dualtopo,2,neighborhood,West,overall,0.9,IT90,114.1022318647041,53,0.0,0.0,0.0,0.0,0.0,53.0,,,,0.0,,,,,,1.0,,0.0,0.0,,,,,,True
dualtopo,post_covid,dualtopo,2,neighborhood,West,overall,0.98,IT98,151.63555393306305,53,0.0,0.0,0.0,0.0,0.0,53.0,,,,0.0,,,,,,1.0,,0.0,0.0,,,,,,True
dualtopo,post_covid,dualtopo,2,neighborhood,West,flu_season,,bands,,26,,,,,,,,,,,,,,,,,,,,,0.8846153846153846,1.0,0.0,-0.11538461538461539,False
dualtopo,post_covid,dualtopo,2,neighborhood,West,flu_season,0.5,IT50,73.15037971354549,26,3.0,0.11538461538461539,0.0,0.0,3.0,23.0,0.0,,,0.0,0.0,0.0,0.0,0.0,,0.8846153846153846,0.0,0.11537769458426553,0.10207100591715977,-0.13036697882555792,,,,,True
dualtopo,post_covid,dualtopo,2,neighborhood,West,flu_season,0.9,IT90,114.1022318647041,26,0.0,0.0,0.0,0.0,0.0,26.0,,,,0.0,,,,,,1.0,,0.0,0.0,,,,,,True
dualtopo,post_covid,dualtopo,2,neighborhood,West,flu_season,0.98,IT98,151.63555393306305,26,0.0,0.0,0.0,0.0,0.0,26.0,,,,0.0,,,,,,1.0,,0.0,0.0,,,,,,True
dualtopo,post_covid,dualtopo,2,neighborhood,Westerville,overall,,bands,,53,,,,,,,,,,,,,,,,,,,,,0.8679245283018868,0.9622641509433962,0.0,-0.16981132075471697,False
dualtopo,post_covid,dualtopo,2,neighborhood,Westerville,overall,0.5,IT50,24.33364195874595,53,7.0,0.1320754716981132,0.0,0.0,7.0,46.0,0.0,,,0.0,0.0,0.0,0.0,0.0,,0.8679245283018868,0.0,0.12960611416838477,0.1146315414738341,-0.13063221956208948,,,,,False
dualtopo,post_covid,dualtopo,2,neighborhood,Westerville,overall,0.9,IT90,36.408491039457616,53,2.0,0.03773584905660377,0.0,0.0,2.0,51.0,0.0,,,0.0,0.0,0.0,0.0,0.0,,0.9622641509433962,0.0,0.03773580098135134,0.03631185475258099,-0.03921436231976383,,,,,True
dualtopo,post_covid,dualtopo,2,neighborhood,Westerville,overall,0.98,IT98,47.11324141772458,53,0.0,0.0,0.0,0.0,0.0,53.0,,,,0.0,,,,,,1.0,,6.025297737607607e-25,0.0,,,,,,True
dualtopo,post_covid,dualtopo,2,neighborhood,Westerville,flu_season,,bands,,26,,,,,,,,,,,,,,,,,,,,,0.7307692307692307,0.9230769230769231,0.0,-0.34615384615384615,False
dualtopo,post_covid,dualtopo,2,neighborhood,Westerville,flu_season,0.5,IT50,24.33364195874595,26,7.0,0.2692307692307692,0.0,0.0,7.0,19.0,0.0,,,0.0,0.0,0.0,0.0,0.0,,0.7307692307692307,0.0,0.26410336360596764,0.19674556213017758,-0.3423599533656698,,,,,False
dualtopo,post_covid,dualtopo,2,neighborhood,Westerville,flu_season,0.9,IT90,36.408491039457616,26,2.0,0.07692307692307693,0.0,0.0,2.0,24.0,0.0,,,0.0,0.0,0.0,0.0,0.0,,0.9230769230769231,0.0,0.07692297892313638,0.07100591715976333,-0.08333195316750364,,,,,True
dualtopo,post_covid,dualtopo,2,neighborhood,Westerville,flu_season,0.98,IT98,47.11324141772458,26,0.0,0.0,0.0,0.0,0.0,26.0,,,,0.0,,,,,,1.0,,6.415685374503934e-25,0.0,,,,,,True
dualtopo,post_covid,dualtopo,2,neighborhood,Worthington,overall,,bands,,53,,,,,,,,,,,,,,,,,,,,,0.6981132075471698,0.9056603773584906,0.0,-0.4339622641509434,False
dualtopo,post_covid,dualtopo,2,neighborhood,Worthington,overall,0.5,IT50,13.721631551906164,53,16.0,0.3018867924528302,0.0,0.0,16.0,37.0,0.0,,,0.0,0.0,0.0,0.0,0.0,,0.6981132075471698,0.0,0.2763253737444677,0.21075115699537203,-0.311145227784138,,,,,False
dualtopo,post_covid,dualtopo,2,neighborhood,Worthington,overall,0.9,IT90,22.978569674557114,53,5.0,0.09433962264150944,0.0,0.0,5.0,48.0,0.0,,,0.0,0.0,0.0,0.0,0.0,,0.9056603773584906,0.0,0.0943372419796848,0.08543965824136704,-0.10413880300389411,,,,,False
dualtopo,post_covid,dualtopo,2,neighborhood,Worthington,overall,0.98,IT98,31.956357603850087,53,2.0,0.03773584905660377,0.0,0.0,2.0,51.0,0.0,,,0.0,0.0,0.0,0.0,0.0,,0.9622641509433962,0.0,0.03773584905560146,0.03631185475258099,-0.03921568624690708,,,,,True
dualtopo,post_covid,dualtopo,2,neighborhood,Worthington,flu_season,,bands,,26,,,,,,,,,,,,,,,,,,,,,0.46153846153846156,0.8076923076923077,0.0,-0.8076923076923077,False
dualtopo,post_covid,dualtopo,2,neighborhood,Worthington,flu_season,0.5,IT50,13.721631551906164,26,14.0,0.5384615384615384,0.0,0.0,14.0,12.0,0.0,,,0.0,0.0,0.0,0.0,0.0,,0.46153846153846156,0.0,0.4912005457512857,0.24852071005917165,-0.9764974340944588,,,,,False
dualtopo,post_covid,dualtopo,2,neighborhood,Worthington,flu_season,0.9,IT90,22.978569674557114,26,5.0,0.19230769230769232,0.0,0.0,5.0,21.0,0.0,,,0.0,0.0,0.0,0.0,0.0,,0.8076923076923077,0.0,0.19230283926731365,0.15532544378698226,-0.23806399375908582,,,,,False
dualtopo,post_covid,dualtopo,2,neighborhood,Worthington,flu_season,0.98,IT98,31.956357603850087,26,2.0,0.07692307692307693,0.0,0.0,2.0,24.0,0.0,,,0.0,0.0,0.0,0.0,0.0,,0.9230769230769231,0.0,0.07692307692103376,0.07100591715976333,-0.0833333333045585,,,,,True
gat,post_covid,gat,2,citywide,CITYWIDE,overall,,bands,,53,,,,,,,,,,,,,,,,,,,,,0.8867924528301887,1.0,0.5994962216624686,0.03773584905660377,False
gat,post_covid,gat,2,citywide,CITYWIDE,overall,0.5,IT50,35.19412725226089,53,8.0,0.1509433962264151,6.0,4.0,2.0,41.0,0.75,0.4,0.6,0.08888888888888889,0.5,0.6666666666666666,0.6611111111111111,0.5994962216624685,0.6049109956526652,0.8867924528301887,1.25,0.08346061404373455,0.12815948736205057,0.34877537541986026,,,,,False
gat,post_covid,gat,2,citywide,CITYWIDE,overall,0.9,IT90,56.071415152332634,53,0.0,0.0,0.0,0.0,0.0,53.0,,,,0.0,,,,,,1.0,,0.001651195551167253,0.0,,,,,,True
gat,post_covid,gat,2,citywide,CITYWIDE,overall,0.98,IT98,75.53173152268305,53,0.0,0.0,0.0,0.0,0.0,53.0,,,,0.0,,,,,,1.0,,1.0657960756055391e-07,0.0,,,,,,True
gat,post_covid,gat,2,citywide,CITYWIDE,flu_season,,bands,,26,,,,,,,,,,,,,,,,,,,,,0.7692307692307693,1.0,0.49350649350649345,0.07692307692307693,False
gat,post_covid,gat,2,citywide,CITYWIDE,flu_season,0.5,IT50,35.19412725226089,26,8.0,0.3076923076923077,6.0,4.0,2.0,14.0,0.75,0.4,0.6,0.2222222222222222,0.5,0.6666666666666666,0.5277777777777778,0.4935064935064935,0.5006939628599933,0.7692307692307693,1.25,0.17012408452777378,0.2130177514792899,0.2013619365223951,,,,,False
gat,post_covid,gat,2,citywide,CITYWIDE,flu_season,0.9,IT90,56.071415152332634,26,0.0,0.0,0.0,0.0,0.0,26.0,,,,0.0,,,,,,1.0,,0.003365898623533237,0.0,,,,,,True
gat,post_covid,gat,2,citywide,CITYWIDE,flu_season,0.98,IT98,75.53173152268305,26,0.0,0.0,0.0,0.0,0.0,26.0,,,,0.0,,,,,,1.0,,2.1725843079651373e-07,0.0,,,,,,True
gat,post_covid,gat,2,pooled,ALL,overall,,bands,,901,,,,,,,,,,,,,,,,,,,,,0.8468368479467259,0.9889012208657048,0.39900469919881276,0.017758046614872364,False
gat,post_covid,gat,2,pooled,ALL,overall,0.5,IT50,,901,118.0,0.1309655937846837,72.0,83.0,46.0,700.0,0.6101694915254238,0.535483870967742,0.4645161290322581,0.10600255427841634,0.3582089552238806,0.5274725274725275,0.5041669372470075,0.44492413786516266,0.45067242246348865,0.8568257491675916,1.3135593220338984,0.09822453006227291,0.11381360702930893,0.13697023909471184,,,,,False
gat,post_covid,gat,2,pooled,ALL,overall,0.9,IT90,,901,17.0,0.018867924528301886,0.0,0.0,17.0,884.0,0.0,,,0.0,0.0,0.0,0.0,0.0,,0.9811320754716981,0.0,0.01832546874841618,0.01851192595229619,0.010072274724979624,,,,,False
gat,post_covid,gat,2,pooled,ALL,overall,0.98,IT98,,901,4.0,0.004439511653718091,0.0,0.0,4.0,897.0,0.0,,,0.0,0.0,0.0,0.0,0.0,,0.9955604883462819,0.0,0.004444781575066783,0.004419802389994593,-0.005651652012483188,,,,,True
gat,post_covid,gat,2,pooled,ALL,flu_season,,bands,,442,,,,,,,,,,,,,,,,,,,,,0.6968325791855203,0.9773755656108597,0.2907129023333026,0.04524886877828054,False
gat,post_covid,gat,2,pooled,ALL,flu_season,0.5,IT50,,442,114.0,0.2579185520361991,72.0,83.0,42.0,245.0,0.631578947368421,0.535483870967742,0.4645161290322581,0.2530487804878049,0.36548223350253806,0.5353159851301115,0.37853016688061614,0.3387826419971756,0.3470428061110379,0.7171945701357466,1.3596491228070176,0.19125865590578384,0.19139657255174955,0.0007205805418925015,,,,,False
gat,post_covid,gat,2,pooled,ALL,flu_season,0.9,IT90,,442,17.0,0.038461538461538464,0.0,0.0,17.0,425.0,0.0,,,0.0,0.0,0.0,0.0,0.0,,0.9615384615384616,0.0,0.0373557317359581,0.03698224852071006,-0.010098986140307131,,,,,False
gat,post_covid,gat,2,pooled,ALL,flu_season,0.98,IT98,,442,4.0,0.00904977375565611,0.0,0.0,4.0,438.0,0.0,,,0.0,0.0,0.0,0.0,0.0,,0.9909502262443439,0.0,0.009060516287318836,0.008967875350627548,-0.010330310477030258,,,,,True
gat,post_covid,gat,2,neighborhood,Agler/Cassidy,overall,,bands,,53,,,,,,,,,,,,,,,,,,,,,0.8679245283018868,1.0,0.45997088791848617,0.05660377358490566,False
gat,post_covid,gat,2,neighborhood,Agler/Cassidy,overall,0.5,IT50,51.74083078339265,53,6.0,0.11320754716981132,4.0,5.0,2.0,42.0,0.6666666666666666,0.5555555555555556,0.4444444444444444,0.10638297872340426,0.36363636363636365,0.5333333333333333,0.5602836879432623,0.45997088791848617,0.47280813450930637,0.8679245283018868,1.5,0.09962157285720542,0.10039159843360627,0.007670219305354609,,,,,False
gat,post_covid,gat,2,neighborhood,Agler/Cassidy,overall,0.9,IT90,88.48740693700204,53,0.0,0.0,0.0,0.0,0.0,53.0,,,,0.0,,,,,,1.0,,9.185107010883353e-05,0.0,,,,,,True
gat,post_covid,gat,2,neighborhood,Agler/Cassidy,overall,0.98,IT98,124.72586226376617,53,0.0,0.0,0.0,0.0,0.0,53.0,,,,0.0,,,,,,1.0,,2.6648402567054206e-13,0.0,,,,,,True
gat,post_covid,gat,2,neighborhood,Agler/Cassidy,flu_season,,bands,,26,,,,,,,,,,,,,,,,,,,,,0.7307692307692307,1.0,0.35460992907801403,0.11538461538461539,False
gat,post_covid,gat,2,neighborhood,Agler/Cassidy,flu_season,0.5,IT50,51.74083078339265,26,6.0,0.23076923076923078,4.0,5.0,2.0,15.0,0.6666666666666666,0.5555555555555556,0.4444444444444444,0.25,0.36363636363636365,0.5333333333333333,0.41666666666666663,0.3546099290780142,0.36900620230837305,0.7307692307692307,1.5,0.20307441478251198,0.17751479289940827,-0.1439858699414842,,,,,False
gat,post_covid,gat,2,neighborhood,Agler/Cassidy,flu_season,0.9,IT90,88.48740693700204,26,0.0,0.0,0.0,0.0,0.0,26.0,,,,0.0,,,,,,1.0,,0.0001872348736833914,0.0,,,,,,True
gat,post_covid,gat,2,neighborhood,Agler/Cassidy,flu_season,0.98,IT98,124.72586226376617,26,0.0,0.0,0.0,0.0,0.0,26.0,,,,0.0,,,,,,1.0,,5.432174369437972e-13,0.0,,,,,,True
gat,post_covid,gat,2,neighborhood,Bexley,overall,,bands,,53,,,,,,,,,,,,,,,,,,,,,0.8490566037735849,0.9622641509433962,0.39379084967320266,-0.07547169811320754,False
gat,post_covid,gat,2,neighborhood,Bexley,overall,0.5,IT50,24.605454693531783,53,8.0,0.1509433962264151,4.0,3.0,4.0,42.0,0.5,0.42857142857142855,0.5714285714285714,0.06666666666666667,0.36363636363636365,0.5333333333333333,0.43333333333333335,0.4568081991215227,0.4581897949526569,0.8679245283018868,0.875,0.0986428670885796,0.12815948736205057,0.23031162874494437,,,,,False
gat,post_covid,gat,2,neighborhood,Bexley,overall,0.9,IT90,37.5430295506582,53,2.0,0.03773584905660377,0.0,0.0,2.0,51.0,0.0,,,0.0,0.0,0.0,0.0,0.0,,0.9622641509433962,0.0,0.03699057597354457,0.03631185475258099,-0.018691450094967532,,,,,True
gat,post_covid,gat,2,neighborhood,Bexley,overall,0.98,IT98,49.19357270883574,53,1.0,0.018867924528301886,0.0,0.0,1.0,52.0,0.0,,,0.0,0.0,0.0,0.0,0.0,,0.9811320754716981,0.0,0.01883661283413434,0.018511925952296185,-0.017539335597757333,,,,,True
gat,post_covid,gat,2,neighborhood,Bexley,flu_season,,bands,,26,,,,,,,,,,,,,,,,,,,,,0.7307692307692307,0.9230769230769231,0.33725490196078434,-0.11538461538461539,False
gat,post_covid,gat,2,neighborhood,Bexley,flu_season,0.5,IT50,24.605454693531783,26,7.0,0.2692307692307692,4.0,3.0,3.0,16.0,0.5714285714285714,0.42857142857142855,0.5714285714285714,0.15789473684210525,0.4,0.5714285714285714,0.41353383458646614,0.41353383458646614,0.41353383458646614,0.7692307692307693,1.0,0.16261711434273335,0.19674556213017758,0.1734648925136263,,,,,False
gat,post_covid,gat,2,neighborhood,Bexley,flu_season,0.9,IT90,37.5430295506582,26,2.0,0.07692307692307693,0.0,0.0,2.0,24.0,0.0,,,0.0,0.0,0.0,0.0,0.0,,0.9230769230769231,0.0,0.07540386640760553,0.07100591715976333,-0.061937785240444354,,,,,True
gat,post_covid,gat,2,neighborhood,Bexley,flu_season,0.98,IT98,49.19357270883574,26,1.0,0.038461538461538464,0.0,0.0,1.0,25.0,0.0,,,0.0,0.0,0.0,0.0,0.0,,0.9615384615384616,0.0,0.038397710777273844,0.036982248520710054,-0.03827409941748483,,,,,True
gat,post_covid,gat,2,neighborhood,Clintonville/Near North,overall,,bands,,53,,,,,,,,,,,,,,,,,,,,,0.8679245283018868,0.9622641509433962,0.42251815980629537,-0.1509433962264151,False
gat,post_covid,gat,2,neighborhood,Clintonville/Near North,overall,0.5,IT50,15.728895715230147,53,11.0,0.20754716981132076,7.0,1.0,4.0,41.0,0.6363636363636364,0.125,0.875,0.023809523809523808,0.5833333333333334,0.7368421052631579,0.6125541125541125,0.681107099879663,0.6939276576384559,0.9056603773584906,0.7272727272727273,0.07140076482017046,0.1644713421146316,0.5658771680089637,,,,,False
gat,post_covid,gat,2,neighborhood,Clintonville/Near North,overall,0.9,IT90,22.099499115677975,53,4.0,0.07547169811320754,0.0,0.0,4.0,49.0,0.0,,,0.0,0.0,0.0,0.0,0.0,,0.9245283018867925,0.0,0.05883401861292803,0.06977572089711641,0.1568124577361487,,,,,True
gat,post_covid,gat,2,neighborhood,Clintonville/Near North,overall,0.98,IT98,27.469599865392972,53,1.0,0.018867924528301886,0.0,0.0,1.0,52.0,0.0,,,0.0,0.0,0.0,0.0,0.0,,0.9811320754716981,0.0,0.018935575917747985,0.018511925952296185,-0.022885245249117503,,,,,True
gat,post_covid,gat,2,neighborhood,Clintonville/Near North,flu_season,,bands,,26,,,,,,,,,,,,,,,,,,,,,0.7307692307692307,0.9230769230769231,0.31176470588235294,-0.3076923076923077,False
gat,post_covid,gat,2,neighborhood,Clintonville/Near North,flu_season,0.5,IT50,15.728895715230147,26,11.0,0.4230769230769231,7.0,1.0,4.0,14.0,0.6363636363636364,0.125,0.875,0.06666666666666667,0.5833333333333334,0.7368421052631579,0.5696969696969697,0.5911949685534591,0.6098241729265264,0.8076923076923077,0.7272727272727273,0.1453524452534016,0.24408284023668633,0.40449543641636665,,,,,False
gat,post_covid,gat,2,neighborhood,Clintonville/Near North,flu_season,0.9,IT90,22.099499115677975,26,4.0,0.15384615384615385,0.0,0.0,4.0,22.0,0.0,,,0.0,0.0,0.0,0.0,0.0,,0.8461538461538461,0.0,0.11993081135373475,0.13017751479289943,0.07871331278267413,,,,,True
gat,post_covid,gat,2,neighborhood,Clintonville/Near North,flu_season,0.98,IT98,27.469599865392972,26,1.0,0.038461538461538464,0.0,0.0,1.0,25.0,0.0,,,0.0,0.0,0.0,0.0,0.0,,0.9615384615384616,0.0,0.03859944321176896,0.036982248520710054,-0.043728944446232765,,,,,True
gat,post_covid,gat,2,neighborhood,Dublin,overall,,bands,,53,,,,,,,,,,,,,,,,,,,,,0.8490566037735849,0.9811320754716981,0.41641641641641647,0.018867924528301886,False
gat,post_covid,gat,2,neighborhood,Dublin,overall,0.5,IT50,8.038849454818003,53,9.0,0.16981132075471697,6.0,5.0,3.0,39.0,0.6666666666666666,0.45454545454545453,0.5454545454545454,0.11363636363636363,0.42857142857142855,0.6,0.553030303030303,0.5081206496519721,0.5120065703287595,0.8490566037735849,1.2222222222222223,0.11108042316207958,0.14097543609825564,0.2120583114588851,,,,,False
gat,post_covid,gat,2,neighborhood,Dublin,overall,0.9,IT90,14.1626396504559,53,1.0,0.018867924528301886,0.0,0.0,1.0,52.0,0.0,,,0.0,0.0,0.0,0.0,0.0,,0.9811320754716981,0.0,0.022684480499389047,0.018511925952296185,-0.22539818697661262,,,,,True
gat,post_covid,gat,2,neighborhood,Dublin,overall,0.98,IT98,20.345693253667104,53,0.0,0.0,0.0,0.0,0.0,53.0,,,,0.0,,,,,,1.0,,2.8728966618682154e-05,0.0,,,,,,True
gat,post_covid,gat,2,neighborhood,Dublin,flu_season,,bands,,26,,,,,,,,,,,,,,,,,,,,,0.7307692307692307,0.9615384615384616,0.30481283422459904,0.07692307692307693,False
gat,post_covid,gat,2,neighborhood,Dublin,flu_season,0.5,IT50,8.038849454818003,26,8.0,0.3076923076923077,6.0,5.0,2.0,13.0,0.75,0.45454545454545453,0.5454545454545454,0.2777777777777778,0.46153846153846156,0.631578947368421,0.4722222222222222,0.4276729559748428,0.4411494016915297,0.7307692307692307,1.375,0.18799698154530306,0.21301775147928986,0.11745861441232697,,,,,False
gat,post_covid,gat,2,neighborhood,Dublin,flu_season,0.9,IT90,14.1626396504559,26,1.0,0.038461538461538464,0.0,0.0,1.0,25.0,0.0,,,0.0,0.0,0.0,0.0,0.0,,0.9615384615384616,0.0,0.046241027237656954,0.036982248520710054,-0.2503573765062441,,,,,True
gat,post_covid,gat,2,neighborhood,Dublin,flu_season,0.98,IT98,20.345693253667104,26,0.0,0.0,0.0,0.0,0.0,26.0,,,,0.0,,,,,,1.0,,5.8562893277861544e-05,0.0,,,,,,True
gat,post_covid,gat,2,neighborhood,Eastside,overall,,bands,,53,,,,,,,,,,,,,,,,,,,,,0.8867924528301887,0.9811320754716981,0.3954372623574145,0.018867924528301886,False
gat,post_covid,gat,2,neighborhood,Eastside,overall,0.5,IT50,53.89825474693718,53,6.0,0.11320754716981132,4.0,4.0,2.0,43.0,0.6666666666666666,0.5,0.5,0.0851063829787234,0.4,0.5714285714285714,0.5815602836879432,0.5077399380804953,0.5147164443890514,0.8867924528301887,1.3333333333333333,0.07420939712739531,0.10039159843360627,0.26080072152179645,,,,,False
gat,post_covid,gat,2,neighborhood,Eastside,overall,0.9,IT90,89.53274062296502,53,1.0,0.018867924528301886,0.0,0.0,1.0,52.0,0.0,,,0.0,0.0,0.0,0.0,0.0,,0.9811320754716981,0.0,0.019021917191371356,0.018511925952296185,-0.027549334433887518,,,,,True
gat,post_covid,gat,2,neighborhood,Eastside,overall,0.98,IT98,123.87134674281285,53,0.0,0.0,0.0,0.0,0.0,53.0,,,,0.0,,,,,,1.0,,7.793633520113278e-12,0.0,,,,,,True
gat,post_covid,gat,2,neighborhood,Eastside,flu_season,,bands,,26,,,,,,,,,,,,,,,,,,,,,0.7692307692307693,0.9615384615384616,0.2909090909090909,0.038461538461538464,False
gat,post_covid,gat,2,neighborhood,Eastside,flu_season,0.5,IT50,53.89825474693718,26,6.0,0.23076923076923078,4.0,4.0,2.0,16.0,0.6666666666666666,0.5,0.5,0.2,0.4,0.5714285714285714,0.4666666666666666,0.417910447761194,0.42600643361512924,0.7692307692307693,1.3333333333333333,0.1512729862856272,0.17751479289940827,0.14782884392430018,,,,,False
gat,post_covid,gat,2,neighborhood,Eastside,flu_season,0.9,IT90,89.53274062296502,26,1.0,0.038461538461538464,0.0,0.0,1.0,25.0,0.0,,,0.0,0.0,0.0,0.0,0.0,,0.9615384615384616,0.0,0.03877544658241083,0.036982248520710054,-0.04848807558838897,,,,,True
gat,post_covid,gat,2,neighborhood,Eastside,flu_season,0.98,IT98,123.87134674281285,26,0.0,0.0,0.0,0.0,0.0,26.0,,,,0.0,,,,,,1.0,,1.5887022175615526e-11,0.0,,,,,,True
gat,post_covid,gat,2,neighborhood,Far East,overall,,bands,,53,,,,,,,,,,,,,,,,,,,,,0.8679245283018868,1.0,0.532156368221942,0.05660377358490566,False
gat,post_covid,gat,2,neighborhood,Far East,overall,0.5,IT50,76.01095931639992,53,5.0,0.09433962264150944,4.0,5.0,1.0,43.0,0.8,0.5555555555555556,0.4444444444444444,0.10416666666666667,0.4,0.5714285714285714,0.6958333333333334,0.5122699386503068,0.5417055153123931,0.8867924528301887,1.8,0.08910054969608189,0.08543965824136704,-0.042847683734558384,,,,,False
gat,post_covid,gat,2,neighborhood,Far East,overall,0.9,IT90,119.58175049878095,53,1.0,0.018867924528301886,0.0,0.0,1.0,52.0,0.0,,,0.0,0.0,0.0,0.0,0.0,,0.9811320754716981,0.0,0.0190043875858612,0.018511925952296185,-0.02660239862854108,,,,,True
gat,post_covid,gat,2,neighborhood,Far East,overall,0.98,IT98,159.7885780471188,53,0.0,0.0,0.0,0.0,0.0,53.0,,,,0.0,,,,,,1.0,,8.10324835880057e-12,0.0,,,,,,True
gat,post_covid,gat,2,neighborhood,Far East,flu_season,,bands,,26,,,,,,,,,,,,,,,,,,,,,0.7307692307692307,1.0,0.45508982035928136,0.11538461538461539,False
gat,post_covid,gat,2,neighborhood,Far East,flu_season,0.5,IT50,76.01095931639992,26,5.0,0.19230769230769232,4.0,5.0,1.0,16.0,0.8,0.5555555555555556,0.4444444444444444,0.23809523809523808,0.4,0.5714285714285714,0.5619047619047619,0.4306569343065693,0.46549138385896505,0.7692307692307693,1.8,0.18162802516662538,0.15532544378698226,-0.1693385239298928,,,,,False
gat,post_covid,gat,2,neighborhood,Far East,flu_season,0.9,IT90,119.58175049878095,26,1.0,0.038461538461538464,0.0,0.0,1.0,25.0,0.0,,,0.0,0.0,0.0,0.0,0.0,,0.9615384615384616,0.0,0.03873971315579398,0.036982248520710054,-0.04752184373266921,,,,,True
gat,post_covid,gat,2,neighborhood,Far East,flu_season,0.98,IT98,159.7885780471188,26,0.0,0.0,0.0,0.0,0.0,26.0,,,,0.0,,,,,,1.0,,1.6518160116016546e-11,0.0,,,,,,True
gat,post_covid,gat,2,neighborhood,Far South,overall,,bands,,53,,,,,,,,,,,,,,,,,,,,,0.9056603773584906,1.0,0.6517739816031538,0.05660377358490566,False
gat,post_covid,gat,2,neighborhood,Far South,overall,0.5,IT50,69.7066330370401,53,7.0,0.1320754716981132,6.0,4.0,1.0,42.0,0.8571428571428571,0.4,0.6,0.08695652173913043,0.5454545454545454,0.7058823529411765,0.7701863354037266,0.6517739816031537,0.6664836765567241,0.9056603773584906,1.4285714285714286,0.08601816885853765,0.11463154147383411,0.24961168843592474,,,,,False
gat,post_covid,gat,2,neighborhood,Far South,overall,0.9,IT90,121.95949130896,53,0.0,0.0,0.0,0.0,0.0,53.0,,,,0.0,,,,,,1.0,,6.0735342109049735e-05,0.0,,,,,,True
gat,post_covid,gat,2,neighborhood,Far South,overall,0.98,IT98,174.42921640712913,53,0.0,0.0,0.0,0.0,0.0,53.0,,,,0.0,,,,,,1.0,,1.421884989878179e-15,0.0,,,,,,True
gat,post_covid,gat,2,neighborhood,Far South,flu_season,,bands,,26,,,,,,,,,,,,,,,,,,,,,0.8076923076923077,1.0,0.5695364238410596,0.11538461538461539,False
gat,post_covid,gat,2,neighborhood,Far South,flu_season,0.5,IT50,69.7066330370401,26,7.0,0.2692307692307692,6.0,4.0,1.0,15.0,0.8571428571428571,0.4,0.6,0.21052631578947367,0.5454545454545454,0.7058823529411765,0.6466165413533834,0.5695364238410596,0.5895391343901129,0.8076923076923077,1.4285714285714286,0.17534472116884325,0.19674556213017758,0.10877419917189468,,,,,False
gat,post_covid,gat,2,neighborhood,Far South,flu_season,0.9,IT90,121.95949130896,26,0.0,0.0,0.0,0.0,0.0,26.0,,,,0.0,,,,,,1.0,,0.0001238066589146014,0.0,,,,,,True
gat,post_covid,gat,2,neighborhood,Far South,flu_season,0.98,IT98,174.42921640712913,26,0.0,0.0,0.0,0.0,0.0,26.0,,,,0.0,,,,,,1.0,,2.8984578639824426e-15,0.0,,,,,,True
gat,post_covid,gat,2,neighborhood,Far Southeast,overall,,bands,,53,,,,,,,,,,,,,,,,,,,,,0.8490566037735849,1.0,0.3496932515337424,0.07547169811320754,False
gat,post_covid,gat,2,neighborhood,Far Southeast,overall,0.5,IT50,10.956265259525463,53,5.0,0.09433962264150944,3.0,6.0,2.0,42.0,0.6,0.6666666666666666,0.3333333333333333,0.125,0.2727272727272727,0.42857142857142855,0.475,0.3496932515337423,0.3697869984767234,0.8490566037735849,1.8,0.08976441833996424,0.08543965824136704,-0.05061771298733131,,,,,False
gat,post_covid,gat,2,neighborhood,Far Southeast,overall,0.9,IT90,18.40391015194404,53,0.0,0.0,0.0,0.0,0.0,53.0,,,,0.0,,,,,,1.0,,0.0033854605154894435,0.0,,,,,,True
gat,post_covid,gat,2,neighborhood,Far Southeast,overall,0.98,IT98,25.644566505740826,53,0.0,0.0,0.0,0.0,0.0,53.0,,,,0.0,,,,,,1.0,,1.306271979884087e-05,0.0,,,,,,True
gat,post_covid,gat,2,neighborhood,Far Southeast,flu_season,,bands,,26,,,,,,,,,,,,,,,,,,,,,0.6923076923076923,1.0,0.24087591240875883,0.15384615384615385,False
gat,post_covid,gat,2,neighborhood,Far Southeast,flu_season,0.5,IT50,10.956265259525463,26,5.0,0.19230769230769232,3.0,6.0,2.0,15.0,0.6,0.6666666666666666,0.3333333333333333,0.2857142857142857,0.2727272727272727,0.42857142857142855,0.3142857142857143,0.24087591240875914,0.26035958758213296,0.6923076923076923,1.8,0.18257119197945565,0.15532544378698226,-0.17541072169630478,,,,,False
gat,post_covid,gat,2,neighborhood,Far Southeast,flu_season,0.9,IT90,18.40391015194404,26,0.0,0.0,0.0,0.0,0.0,26.0,,,,0.0,,,,,,1.0,,0.006901130098253936,0.0,,,,,,True
gat,post_covid,gat,2,neighborhood,Far Southeast,flu_season,0.98,IT98,25.644566505740826,26,0.0,0.0,0.0,0.0,0.0,26.0,,,,0.0,,,,,,1.0,,2.6627851897635724e-05,0.0,,,,,,True
gat,post_covid,gat,2,neighborhood,Far Southwest,overall,,bands,,53,,,,,,,,,,,,,,,,,,,,,0.8490566037735849,1.0,0.2508833922261484,0.03773584905660377,False
gat,post_covid,gat,2,neighborhood,Far Southwest,overall,0.5,IT50,34.041053932580134,53,5.0,0.09433962264150944,2.0,5.0,3.0,43.0,0.4,0.7142857142857143,0.2857142857142857,0.10416666666666667,0.2,0.3333333333333333,0.29583333333333334,0.2508833922261484,0.2554022929868484,0.8490566037735849,1.4,0.093978951094044,0.08543965824136704,-0.09994530676320657,,,,,False
gat,post_covid,gat,2,neighborhood,Far Southwest,overall,0.9,IT90,54.68112356483704,53,0.0,0.0,0.0,0.0,0.0,53.0,,,,0.0,,,,,,1.0,,0.00043961377911581537,0.0,,,,,,True
gat,post_covid,gat,2,neighborhood,Far Southwest,overall,0.98,IT98,74.04650918881951,53,0.0,0.0,0.0,0.0,0.0,53.0,,,,0.0,,,,,,1.0,,5.9156340745425636e-09,0.0,,,,,,True
gat,post_covid,gat,2,neighborhood,Far Southwest,flu_season,,bands,,26,,,,,,,,,,,,,,,,,,,,,0.6923076923076923,1.0,0.1404958677685949,0.07692307692307693,False
gat,post_covid,gat,2,neighborhood,Far Southwest,flu_season,0.5,IT50,34.041053932580134,26,5.0,0.19230769230769232,2.0,5.0,3.0,16.0,0.4,0.7142857142857143,0.2857142857142857,0.23809523809523808,0.2,0.3333333333333333,0.16190476190476194,0.14049586776859505,0.14385615602720814,0.6923076923076923,1.4,0.19156978636746363,0.15532544378698226,-0.2333445293752896,,,,,False
gat,post_covid,gat,2,neighborhood,Far Southwest,flu_season,0.9,IT90,54.68112356483704,26,0.0,0.0,0.0,0.0,0.0,26.0,,,,0.0,,,,,,1.0,,0.0008961357805053149,0.0,,,,,,True
gat,post_covid,gat,2,neighborhood,Far Southwest,flu_season,0.98,IT98,74.04650918881951,26,0.0,0.0,0.0,0.0,0.0,26.0,,,,0.0,,,,,,1.0,,1.2058792536567536e-08,0.0,,,,,,True
gat,post_covid,gat,2,neighborhood,Hilliard,overall,,bands,,53,,,,,,,,,,,,,,,,,,,,,0.8490566037735849,1.0,0.46599496221662473,0.03773584905660377,False
gat,post_covid,gat,2,neighborhood,Hilliard,overall,0.5,IT50,19.24134804712757,53,8.0,0.1509433962264151,5.0,5.0,3.0,40.0,0.625,0.5,0.5,0.1111111111111111,0.38461538461538464,0.5555555555555556,0.5138888888888888,0.4659949622166247,0.4702039251921977,0.8490566037735849,1.25,0.10108270473927136,0.12815948736205057,0.21127411774274107,,,,,False
gat,post_covid,gat,2,neighborhood,Hilliard,overall,0.9,IT90,34.52709434950146,53,0.0,0.0,0.0,0.0,0.0,53.0,,,,0.0,,,,,,1.0,,0.0010479332949806513,0.0,,,,,,True
gat,post_covid,gat,2,neighborhood,Hilliard,overall,0.98,IT98,50.186768532537315,53,0.0,0.0,0.0,0.0,0.0,53.0,,,,0.0,,,,,,1.0,,1.6761606991733483e-08,0.0,,,,,,True
gat,post_covid,gat,2,neighborhood,Hilliard,flu_season,,bands,,26,,,,,,,,,,,,,,,,,,,,,0.6923076923076923,1.0,0.32467532467532456,0.07692307692307693,False
gat,post_covid,gat,2,neighborhood,Hilliard,flu_season,0.5,IT50,19.24134804712757,26,8.0,0.3076923076923077,5.0,5.0,3.0,13.0,0.625,0.5,0.5,0.2777777777777778,0.38461538461538464,0.5555555555555556,0.3472222222222222,0.3246753246753247,0.3294039229342062,0.6923076923076923,1.25,0.20585326455072084,0.21301775147928986,0.033633285859115736,,,,,False
gat,post_covid,gat,2,neighborhood,Hilliard,flu_season,0.9,IT90,34.52709434950146,26,0.0,0.0,0.0,0.0,0.0,26.0,,,,0.0,,,,,,1.0,,0.002136171716423935,0.0,,,,,,True
gat,post_covid,gat,2,neighborhood,Hilliard,flu_season,0.98,IT98,50.186768532537315,26,0.0,0.0,0.0,0.0,0.0,26.0,,,,0.0,,,,,,1.0,,3.4167891175456714e-08,0.0,,,,,,True
gat,post_covid,gat,2,neighborhood,Linden,overall,,bands,,53,,,,,,,,,,,,,,,,,,,,,0.8301886792452831,1.0,0.3016105417276721,0.018867924528301886,False
gat,post_covid,gat,2,neighborhood,Linden,overall,0.5,IT50,53.62727596624066,53,7.0,0.1320754716981132,3.0,5.0,4.0,41.0,0.42857142857142855,0.625,0.375,0.10869565217391304,0.25,0.4,0.3198757763975155,0.30161054172767204,0.3025227492315619,0.8301886792452831,1.1428571428571428,0.1084925902373868,0.1146315414738341,0.05355377025832442,,,,,False
gat,post_covid,gat,2,neighborhood,Linden,overall,0.9,IT90,82.61523156370409,53,0.0,0.0,0.0,0.0,0.0,53.0,,,,0.0,,,,,,1.0,,0.0005586716392940176,0.0,,,,,,True
gat,post_covid,gat,2,neighborhood,Linden,overall,0.98,IT98,108.92078323683364,53,0.0,0.0,0.0,0.0,0.0,53.0,,,,0.0,,,,,,1.0,,8.180034650800087e-09,0.0,,,,,,True
gat,post_covid,gat,2,neighborhood,Linden,flu_season,,bands,,26,,,,,,,,,,,,,,,,,,,,,0.6538461538461539,1.0,0.15827338129496404,0.038461538461538464,False
gat,post_covid,gat,2,neighborhood,Linden,flu_season,0.5,IT50,53.62727596624066,26,7.0,0.2692307692307692,3.0,5.0,4.0,14.0,0.42857142857142855,0.625,0.375,0.2631578947368421,0.25,0.4,0.16541353383458646,0.15827338129496402,0.158970161079422,0.6538461538461539,1.1428571428571428,0.22115768569204627,0.19674556213017758,-0.12407966562273098,,,,,False
gat,post_covid,gat,2,neighborhood,Linden,flu_season,0.9,IT90,82.61523156370409,26,0.0,0.0,0.0,0.0,0.0,26.0,,,,0.0,,,,,,1.0,,0.0011388306493301129,0.0,,,,,,True
gat,post_covid,gat,2,neighborhood,Linden,flu_season,0.98,IT98,108.92078323683364,26,0.0,0.0,0.0,0.0,0.0,26.0,,,,0.0,,,,,,1.0,,1.6674686018938636e-08,0.0,,,,,,True
gat,post_covid,gat,2,neighborhood,NE Suburban,overall,,bands,,53,,,,,,,,,,,,,,,,,,,,,0.8679245283018868,0.9811320754716981,0.29521276595744694,0.03773584905660377,False
gat,post_covid,gat,2,neighborhood,NE Suburban,overall,0.5,IT50,27.312493683860776,53,5.0,0.09433962264150944,3.0,5.0,2.0,43.0,0.6,0.625,0.375,0.10416666666666667,0.3,0.46153846153846156,0.4958333333333333,0.39080459770114945,0.40484622137666415,0.8679245283018868,1.6,0.08685999773666735,0.08543965824136704,-0.016623890176244105,,,,,False
gat,post_covid,gat,2,neighborhood,NE Suburban,overall,0.9,IT90,41.22759712033061,53,1.0,0.018867924528301886,0.0,0.0,1.0,52.0,0.0,,,0.0,0.0,0.0,0.0,0.0,,0.9811320754716981,0.0,0.02143245006164498,0.018511925952296185,-0.1577644658300148,,,,,True
gat,post_covid,gat,2,neighborhood,NE Suburban,overall,0.98,IT98,53.6511443833241,53,0.0,0.0,0.0,0.0,0.0,53.0,,,,0.0,,,,,,1.0,,6.465557723578202e-06,0.0,,,,,,True
gat,post_covid,gat,2,neighborhood,NE Suburban,flu_season,,bands,,26,,,,,,,,,,,,,,,,,,,,,0.7307692307692307,0.9615384615384616,0.1875,0.07692307692307693,False
gat,post_covid,gat,2,neighborhood,NE Suburban,flu_season,0.5,IT50,27.312493683860776,26,5.0,0.19230769230769232,3.0,5.0,2.0,16.0,0.6,0.625,0.375,0.23809523809523808,0.3,0.46153846153846156,0.3619047619047619,0.29457364341085274,0.30903502310036884,0.7307692307692307,1.6,0.17703421750725623,0.15532544378698226,-0.1397631527133829,,,,,False
gat,post_covid,gat,2,neighborhood,NE Suburban,flu_season,0.9,IT90,41.22759712033061,26,1.0,0.038461538461538464,0.0,0.0,1.0,25.0,0.0,,,0.0,0.0,0.0,0.0,0.0,,0.9615384615384616,0.0,0.043689225124482894,0.036982248520710054,-0.18135664736601753,,,,,True
gat,post_covid,gat,2,neighborhood,NE Suburban,flu_season,0.98,IT98,53.6511443833241,26,0.0,0.0,0.0,0.0,0.0,26.0,,,,0.0,,,,,,1.0,,1.3179790744217105e-05,0.0,,,,,,True
gat,post_covid,gat,2,neighborhood,Northland,overall,,bands,,53,,,,,,,,,,,,,,,,,,,,,0.8113207547169812,1.0,0.18711656441717806,0.07547169811320754,False
gat,post_covid,gat,2,neighborhood,Northland,overall,0.5,IT50,56.127661353876796,53,5.0,0.09433962264150944,2.0,7.0,3.0,41.0,0.4,0.7777777777777778,0.2222222222222222,0.14583333333333334,0.16666666666666666,0.2857142857142857,0.25416666666666665,0.18711656441717792,0.19786848164105378,0.8113207547169812,1.8,0.12070936593367135,0.08543965824136704,-0.412802537115345,,,,,False
gat,post_covid,gat,2,neighborhood,Northland,overall,0.9,IT90,89.91407794411414,53,0.0,0.0,0.0,0.0,0.0,53.0,,,,0.0,,,,,,1.0,,0.00021354748254109648,0.0,,,,,,True
gat,post_covid,gat,2,neighborhood,Northland,overall,0.98,IT98,121.54516325409915,53,0.0,0.0,0.0,0.0,0.0,53.0,,,,0.0,,,,,,1.0,,4.9194903338444754e-11,0.0,,,,,,True
gat,post_covid,gat,2,neighborhood,Northland,flu_season,,bands,,26,,,,,,,,,,,,,,,,,,,,,0.6153846153846154,1.0,0.05109489051094884,0.15384615384615385,False
gat,post_covid,gat,2,neighborhood,Northland,flu_season,0.5,IT50,56.127661353876796,26,5.0,0.19230769230769232,2.0,7.0,3.0,14.0,0.4,0.7777777777777778,0.2222222222222222,0.3333333333333333,0.16666666666666666,0.2857142857142857,0.06666666666666671,0.051094890510948905,0.055227791305300936,0.6153846153846154,1.8,0.24605965699221738,0.15532544378698226,-0.5841555059689423,,,,,False
gat,post_covid,gat,2,neighborhood,Northland,flu_season,0.9,IT90,89.91407794411414,26,0.0,0.0,0.0,0.0,0.0,26.0,,,,0.0,,,,,,1.0,,0.00043530832979531207,0.0,,,,,,True
gat,post_covid,gat,2,neighborhood,Northland,flu_season,0.98,IT98,121.54516325409915,26,0.0,0.0,0.0,0.0,0.0,26.0,,,,0.0,,,,,,1.0,,1.0028191834375278e-10,0.0,,,,,,True
gat,post_covid,gat,2,neighborhood,UA/Grandview,overall,,bands,,53,,,,,,,,,,,,,,,,,,,,,0.7924528301886793,1.0,0.25352112676056326,0.1320754716981132,False
gat,post_covid,gat,2,neighborhood,UA/Grandview,overall,0.5,IT50,8.143164584776198,53,5.0,0.09433962264150944,3.0,9.0,2.0,39.0,0.6,0.75,0.25,0.1875,0.21428571428571427,0.35294117647058826,0.4125,0.2535211267605634,0.288102497004951,0.7924528301886793,2.4,0.1339873011743618,0.08543965824136704,-0.5682097041615928,,,,,False
gat,post_covid,gat,2,neighborhood,UA/Grandview,overall,0.9,IT90,16.706142473783938,53,0.0,0.0,0.0,0.0,0.0,53.0,,,,0.0,,,,,,1.0,,0.0037234605886936707,0.0,,,,,,True
gat,post_covid,gat,2,neighborhood,UA/Grandview,overall,0.98,IT98,26.455007113900507,53,0.0,0.0,0.0,0.0,0.0,53.0,,,,0.0,,,,,,1.0,,5.433006176322998e-07,0.0,,,,,,True
gat,post_covid,gat,2,neighborhood,UA/Grandview,flu_season,,bands,,26,,,,,,,,,,,,,,,,,,,,,0.5769230769230769,1.0,0.11180124223602472,0.2692307692307692,False
gat,post_covid,gat,2,neighborhood,UA/Grandview,flu_season,0.5,IT50,8.143164584776198,26,5.0,0.19230769230769232,3.0,9.0,2.0,12.0,0.6,0.75,0.25,0.42857142857142855,0.21428571428571427,0.35294117647058826,0.17142857142857143,0.11180124223602485,0.1355261854357877,0.5769230769230769,2.4,0.2708816402969303,0.15532544378698226,-0.743961798483094,,,,,False
gat,post_covid,gat,2,neighborhood,UA/Grandview,flu_season,0.9,IT90,16.706142473783938,26,0.0,0.0,0.0,0.0,0.0,26.0,,,,0.0,,,,,,1.0,,0.007590127773750368,0.0,,,,,,True
gat,post_covid,gat,2,neighborhood,UA/Grandview,flu_season,0.98,IT98,26.455007113900507,26,0.0,0.0,0.0,0.0,0.0,26.0,,,,0.0,,,,,,1.0,,1.1074974128658412e-06,0.0,,,,,,True
gat,post_covid,gat,2,neighborhood,West,overall,,bands,,53,,,,,,,,,,,,,,,,,,,,,0.8490566037735849,1.0,0.2714776632302406,0.11320754716981132,False
gat,post_covid,gat,2,neighborhood,West,overall,0.5,IT50,73.15037971354549,53,3.0,0.05660377358490566,2.0,7.0,1.0,43.0,0.6666666666666666,0.7777777777777778,0.2222222222222222,0.14,0.2,0.3333333333333333,0.5266666666666666,0.27147766323024053,0.3241409262455762,0.8490566037735849,3.0,0.10109256876956467,0.05339978640085441,-0.8931268378247139,,,,,True
gat,post_covid,gat,2,neighborhood,West,overall,0.9,IT90,114.1022318647041,53,0.0,0.0,0.0,0.0,0.0,53.0,,,,0.0,,,,,,1.0,,0.00031030203245999876,0.0,,,,,,True
gat,post_covid,gat,2,neighborhood,West,overall,0.98,IT98,151.63555393306305,53,0.0,0.0,0.0,0.0,0.0,53.0,,,,0.0,,,,,,1.0,,1.665890631562425e-10,0.0,,,,,,True
gat,post_covid,gat,2,neighborhood,West,flu_season,,bands,,26,,,,,,,,,,,,,,,,,,,,,0.6923076923076923,1.0,0.1937984496124031,0.23076923076923078,False
gat,post_covid,gat,2,neighborhood,West,flu_season,0.5,IT50,73.15037971354549,26,3.0,0.11538461538461539,2.0,7.0,1.0,16.0,0.6666666666666666,0.7777777777777778,0.2222222222222222,0.30434782608695654,0.2,0.3333333333333333,0.3623188405797101,0.1937984496124031,0.24331548436407657,0.6923076923076923,3.0,0.20607329745308178,0.10207100591715977,-1.0189210011345402,,,,,True
gat,post_covid,gat,2,neighborhood,West,flu_season,0.9,IT90,114.1022318647041,26,0.0,0.0,0.0,0.0,0.0,26.0,,,,0.0,,,,,,1.0,,0.0006325387584761514,0.0,,,,,,True
gat,post_covid,gat,2,neighborhood,West,flu_season,0.98,IT98,151.63555393306305,26,0.0,0.0,0.0,0.0,0.0,26.0,,,,0.0,,,,,,1.0,,3.395853979723405e-10,0.0,,,,,,True
gat,post_covid,gat,2,neighborhood,Westerville,overall,,bands,,53,,,,,,,,,,,,,,,,,,,,,0.8113207547169812,0.9811320754716981,0.3368623676612127,0.018867924528301886,False
gat,post_covid,gat,2,neighborhood,Westerville,overall,0.5,IT50,24.33364195874595,53,7.0,0.1320754716981132,4.0,6.0,3.0,40.0,0.5714285714285714,0.6,0.4,0.13043478260869565,0.3076923076923077,0.47058823529411764,0.4409937888198757,0.3731931668856767,0.38161565351231785,0.8301886792452831,1.4285714285714286,0.08988537158918741,0.1146315414738341,0.21587574908687124,,,,,False
gat,post_covid,gat,2,neighborhood,Westerville,overall,0.9,IT90,36.408491039457616,53,2.0,0.03773584905660377,0.0,0.0,2.0,51.0,0.0,,,0.0,0.0,0.0,0.0,0.0,,0.9622641509433962,0.0,0.039784734764821056,0.03631185475258099,-0.0956403917096309,,,,,True
gat,post_covid,gat,2,neighborhood,Westerville,overall,0.98,IT98,47.11324141772458,53,0.0,0.0,0.0,0.0,0.0,53.0,,,,0.0,,,,,,1.0,,2.6548095772412936e-05,0.0,,,,,,True
gat,post_covid,gat,2,neighborhood,Westerville,flu_season,,bands,,26,,,,,,,,,,,,,,,,,,,,,0.6153846153846154,0.9615384615384616,0.19138755980861244,0.038461538461538464,False
gat,post_covid,gat,2,neighborhood,Westerville,flu_season,0.5,IT50,24.33364195874595,26,7.0,0.2692307692307692,4.0,6.0,3.0,13.0,0.5714285714285714,0.6,0.4,0.3157894736842105,0.3076923076923077,0.47058823529411764,0.2556390977443609,0.2251655629139073,0.23307361127050974,0.6538461538461539,1.4285714285714286,0.18310124507693684,0.19674556213017758,0.0693500626164717,,,,,False
gat,post_covid,gat,2,neighborhood,Westerville,flu_season,0.9,IT90,36.408491039457616,26,2.0,0.07692307692307693,0.0,0.0,2.0,24.0,0.0,,,0.0,0.0,0.0,0.0,0.0,,0.9230769230769231,0.0,0.0810996514055081,0.07100591715976333,-0.14215342396090547,,,,,True
gat,post_covid,gat,2,neighborhood,Westerville,flu_season,0.98,IT98,47.11324141772458,26,0.0,0.0,0.0,0.0,0.0,26.0,,,,0.0,,,,,,1.0,,5.4117272151455706e-05,0.0,,,,,,True
gat,post_covid,gat,2,neighborhood,Worthington,overall,,bands,,53,,,,,,,,,,,,,,,,,,,,,0.7924528301886793,0.9622641509433962,0.48177777777777775,-0.22641509433962265,False
gat,post_covid,gat,2,neighborhood,Worthington,overall,0.5,IT50,13.721631551906164,53,16.0,0.3018867924528302,10.0,1.0,6.0,36.0,0.625,0.09090909090909091,0.9090909090909091,0.02702702702702703,0.5882352941176471,0.7407407407407407,0.597972972972973,0.6561631139944393,0.6768951788771163,0.8679245283018868,0.6875,0.113889997834471,0.21075115699537203,0.45959965554555904,,,,,False
gat,post_covid,gat,2,neighborhood,Worthington,overall,0.9,IT90,22.978569674557114,53,5.0,0.09433962264150944,0.0,0.0,5.0,48.0,0.0,,,0.0,0.0,0.0,0.0,0.0,,0.9056603773584906,0.0,0.08394882828872223,0.08543965824136704,0.017448922237413567,,,,,False
gat,post_covid,gat,2,neighborhood,Worthington,overall,0.98,IT98,31.956357603850087,53,2.0,0.03773584905660377,0.0,0.0,2.0,51.0,0.0,,,0.0,0.0,0.0,0.0,0.0,,0.9622641509433962,0.0,0.03771371829449736,0.03631185475258099,-0.03860622244355971,,,,,True
gat,post_covid,gat,2,neighborhood,Worthington,flu_season,,bands,,26,,,,,,,,,,,,,,,,,,,,,0.6538461538461539,0.9230769230769231,0.3794749403341289,-0.38461538461538464,False
gat,post_covid,gat,2,neighborhood,Worthington,flu_season,0.5,IT50,13.721631551906164,26,14.0,0.5384615384615384,10.0,1.0,4.0,11.0,0.7142857142857143,0.09090909090909091,0.9090909090909091,0.08333333333333333,0.6666666666666666,0.8,0.6309523809523809,0.6198830409356725,0.6366624736381951,0.8076923076923077,0.7857142857142857,0.15980847593717085,0.24852071005917165,0.3569611325385269,,,,,False
gat,post_covid,gat,2,neighborhood,Worthington,flu_season,0.9,IT90,22.978569674557114,26,5.0,0.19230769230769232,0.0,0.0,5.0,21.0,0.0,,,0.0,0.0,0.0,0.0,0.0,,0.8076923076923077,0.0,0.17112641360496156,0.15532544378698226,-0.10172814854241907,,,,,False
gat,post_covid,gat,2,neighborhood,Worthington,flu_season,0.98,IT98,31.956357603850087,26,2.0,0.07692307692307693,0.0,0.0,2.0,24.0,0.0,,,0.0,0.0,0.0,0.0,0.0,,0.9230769230769231,0.0,0.076877964215705,0.07100591715976333,-0.08269799603784511,,,,,True
gnn_cascade,post_covid,gnn_cascade,2,citywide,CITYWIDE,overall,,bands,,53,,,,,,,,,,,,,,,,,,,,,0.9245283018867925,1.0,0.6718266253869969,-0.03773584905660377,False
gnn_cascade,post_covid,gnn_cascade,2,citywide,CITYWIDE,overall,0.5,IT50,35.19412725226089,53,8.0,0.1509433962264151,5.0,1.0,3.0,44.0,0.625,0.16666666666666666,0.8333333333333334,0.022222222222222223,0.5555555555555556,0.7142857142857143,0.6027777777777777,0.6718266253869969,0.6810577343440497,0.9245283018867925,0.75,0.0517302514637583,0.12815948736205057,0.5963603434397304,,,,,False
gnn_cascade,post_covid,gnn_cascade,2,citywide,CITYWIDE,overall,0.9,IT90,56.071415152332634,53,0.0,0.0,0.0,0.0,0.0,53.0,,,,0.0,,,,,,1.0,,0.0008853950809245085,0.0,,,,,,True
gnn_cascade,post_covid,gnn_cascade,2,citywide,CITYWIDE,overall,0.98,IT98,75.53173152268305,53,0.0,0.0,0.0,0.0,0.0,53.0,,,,0.0,,,,,,1.0,,2.571106996129518e-07,0.0,,,,,,True
gnn_cascade,post_covid,gnn_cascade,2,citywide,CITYWIDE,flu_season,,bands,,26,,,,,,,,,,,,,,,,,,,,,0.8461538461538461,1.0,0.6119402985074627,-0.07692307692307693,False
gnn_cascade,post_covid,gnn_cascade,2,citywide,CITYWIDE,flu_season,0.5,IT50,35.19412725226089,26,8.0,0.3076923076923077,5.0,1.0,3.0,17.0,0.625,0.16666666666666666,0.8333333333333334,0.05555555555555555,0.5555555555555556,0.7142857142857143,0.5694444444444444,0.6119402985074627,0.6237951349364392,0.8461538461538461,0.75,0.10541750667763274,0.2130177514792899,0.5051233714300017,,,,,False
gnn_cascade,post_covid,gnn_cascade,2,citywide,CITYWIDE,flu_season,0.9,IT90,56.071415152332634,26,0.0,0.0,0.0,0.0,0.0,26.0,,,,0.0,,,,,,1.0,,0.0018048438187323783,0.0,,,,,,True
gnn_cascade,post_covid,gnn_cascade,2,citywide,CITYWIDE,flu_season,0.98,IT98,75.53173152268305,26,0.0,0.0,0.0,0.0,0.0,26.0,,,,0.0,,,,,,1.0,,5.241102722879403e-07,0.0,,,,,,True
gnn_cascade,post_covid,gnn_cascade,2,pooled,ALL,overall,,bands,,901,,,,,,,,,,,,,,,,,,,,,0.8845726970033296,0.9900110987791343,0.45983213429256586,-0.05993340732519423,False
gnn_cascade,post_covid,gnn_cascade,2,pooled,ALL,overall,0.5,IT50,,901,118.0,0.1309655937846837,55.0,28.0,63.0,755.0,0.4661016949152542,0.3373493975903614,0.6626506024096386,0.035759897828863345,0.3767123287671233,0.5472636815920398,0.43034179708639086,0.4923566524056887,0.502018493128152,0.8990011098779135,0.7033898305084746,0.06641918086274219,0.11381360702930893,0.41642144031479356,,,,,False
gnn_cascade,post_covid,gnn_cascade,2,pooled,ALL,overall,0.9,IT90,,901,17.0,0.018867924528301886,0.0,2.0,17.0,882.0,0.0,1.0,0.0,0.0022624434389140274,0.0,0.0,-0.0022624434389140274,-0.003988035892323031,-0.006540839314175065,0.978912319644839,0.11764705882352941,0.01682605275701247,0.01851192595229619,0.09106957318369158,,,,,False
gnn_cascade,post_covid,gnn_cascade,2,pooled,ALL,overall,0.98,IT98,,901,4.0,0.004439511653718091,0.0,0.0,4.0,897.0,0.0,,,0.0,0.0,0.0,0.0,0.0,,0.9955604883462819,0.0,0.004619837574969262,0.004419802389994593,-0.045258852619181056,,,,,True
gnn_cascade,post_covid,gnn_cascade,2,pooled,ALL,flu_season,,bands,,442,,,,,,,,,,,,,,,,,,,,,0.7737556561085973,0.9796380090497737,0.40561136127467956,-0.11312217194570136,False
gnn_cascade,post_covid,gnn_cascade,2,pooled,ALL,flu_season,0.5,IT50,,442,114.0,0.2579185520361991,55.0,28.0,59.0,300.0,0.4824561403508772,0.3373493975903614,0.6626506024096386,0.08536585365853659,0.3873239436619718,0.5583756345177665,0.3970902866923406,0.4357446808510638,0.4448282299231769,0.8031674208144797,0.7280701754385965,0.12587059459131386,0.19139657255174955,0.3423571127049251,,,,,False
gnn_cascade,post_covid,gnn_cascade,2,pooled,ALL,flu_season,0.9,IT90,,442,17.0,0.038461538461538464,0.0,2.0,17.0,423.0,0.0,1.0,0.0,0.004705882352941176,0.0,0.0,-0.004705882352941176,-0.00816326530612245,-0.013483997249264842,0.9570135746606335,0.11764705882352941,0.03429847318707217,0.03698224852071006,0.07256928502156845,,,,,False
gnn_cascade,post_covid,gnn_cascade,2,pooled,ALL,flu_season,0.98,IT98,,442,4.0,0.00904977375565611,0.0,0.0,4.0,438.0,0.0,,,0.0,0.0,0.0,0.0,0.0,,0.9909502262443439,0.0,0.009417361171248546,0.008967875350627548,-0.050121773892580324,,,,,True
gnn_cascade,post_covid,gnn_cascade,2,neighborhood,Agler/Cassidy,overall,,bands,,53,,,,,,,,,,,,,,,,,,,,,0.9433962264150944,1.0,0.6959847036328872,-0.018867924528301886,False
gnn_cascade,post_covid,gnn_cascade,2,neighborhood,Agler/Cassidy,overall,0.5,IT50,51.74083078339265,53,6.0,0.11320754716981132,4.0,1.0,2.0,46.0,0.6666666666666666,0.2,0.8,0.02127659574468085,0.5714285714285714,0.7272727272727273,0.6453900709219857,0.6959847036328872,0.6995861660885712,0.9433962264150944,0.8333333333333334,0.03429913457272106,0.10039159843360627,0.6583465637773991,,,,,False
gnn_cascade,post_covid,gnn_cascade,2,neighborhood,Agler/Cassidy,overall,0.9,IT90,88.48740693700204,53,0.0,0.0,0.0,0.0,0.0,53.0,,,,0.0,,,,,,1.0,,0.00018366082130446784,0.0,,,,,,True
gnn_cascade,post_covid,gnn_cascade,2,neighborhood,Agler/Cassidy,overall,0.98,IT98,124.72586226376617,53,0.0,0.0,0.0,0.0,0.0,53.0,,,,0.0,,,,,,1.0,,2.1976072675105277e-10,0.0,,,,,,True
gnn_cascade,post_covid,gnn_cascade,2,neighborhood,Agler/Cassidy,flu_season,,bands,,26,,,,,,,,,,,,,,,,,,,,,0.8846153846153846,1.0,0.654867256637168,-0.038461538461538464,False
gnn_cascade,post_covid,gnn_cascade,2,neighborhood,Agler/Cassidy,flu_season,0.5,IT50,51.74083078339265,26,6.0,0.23076923076923078,4.0,1.0,2.0,19.0,0.6666666666666666,0.2,0.8,0.05,0.5714285714285714,0.7272727272727273,0.6166666666666666,0.6548672566371682,0.6592443967173135,0.8846153846153846,0.8333333333333334,0.0699080209790122,0.17751479289940827,0.6061848151515645,,,,,False
gnn_cascade,post_covid,gnn_cascade,2,neighborhood,Agler/Cassidy,flu_season,0.9,IT90,88.48740693700204,26,0.0,0.0,0.0,0.0,0.0,26.0,,,,0.0,,,,,,1.0,,0.0003743855203514147,0.0,,,,,,True
gnn_cascade,post_covid,gnn_cascade,2,neighborhood,Agler/Cassidy,flu_season,0.98,IT98,124.72586226376617,26,0.0,0.0,0.0,0.0,0.0,26.0,,,,0.0,,,,,,1.0,,4.479737891463768e-10,0.0,,,,,,True
gnn_cascade,post_covid,gnn_cascade,2,neighborhood,Bexley,overall,,bands,,53,,,,,,,,,,,,,,,,,,,,,0.8679245283018868,0.9622641509433962,0.1327272727272728,-0.1509433962264151,False
gnn_cascade,post_covid,gnn_cascade,2,neighborhood,Bexley,overall,0.5,IT50,24.605454693531783,53,8.0,0.1509433962264151,2.0,1.0,6.0,44.0,0.25,0.3333333333333333,0.6666666666666666,0.022222222222222223,0.2222222222222222,0.36363636363636365,0.22777777777777777,0.30654205607476637,0.3528718159877869,0.8679245283018868,0.375,0.09373698486206074,0.12815948736205057,0.2685911375624206,,,,,False
gnn_cascade,post_covid,gnn_cascade,2,neighborhood,Bexley,overall,0.9,IT90,37.5430295506582,53,2.0,0.03773584905660377,0.0,0.0,2.0,51.0,0.0,,,0.0,0.0,0.0,0.0,0.0,,0.9622641509433962,0.0,0.036120500375910726,0.03631185475258099,0.005269749451634942,,,,,True
gnn_cascade,post_covid,gnn_cascade,2,neighborhood,Bexley,overall,0.98,IT98,49.19357270883574,53,1.0,0.018867924528301886,0.0,0.0,1.0,52.0,0.0,,,0.0,0.0,0.0,0.0,0.0,,0.9811320754716981,0.0,0.018858241897141515,0.018511925952296185,-0.01870772094366413,,,,,True
gnn_cascade,post_covid,gnn_cascade,2,neighborhood,Bexley,flu_season,,bands,,26,,,,,,,,,,,,,,,,,,,,,0.7692307692307693,0.9230769230769231,0.09053497942386846,-0.2692307692307692,False
gnn_cascade,post_covid,gnn_cascade,2,neighborhood,Bexley,flu_season,0.5,IT50,24.605454693531783,26,7.0,0.2692307692307692,2.0,1.0,5.0,18.0,0.2857142857142857,0.3333333333333333,0.6666666666666666,0.05263157894736842,0.25,0.4,0.23308270676691728,0.28440366972477066,0.32360209754104324,0.7692307692307693,0.42857142857142855,0.1525956338607169,0.19674556213017758,0.22440113917410087,,,,,False
gnn_cascade,post_covid,gnn_cascade,2,neighborhood,Bexley,flu_season,0.9,IT90,37.5430295506582,26,2.0,0.07692307692307693,0.0,0.0,2.0,24.0,0.0,,,0.0,0.0,0.0,0.0,0.0,,0.9230769230769231,0.0,0.07363025075207114,0.07100591715976333,-0.036959364758334834,,,,,True
gnn_cascade,post_covid,gnn_cascade,2,neighborhood,Bexley,flu_season,0.98,IT98,49.19357270883574,26,1.0,0.038461538461538464,0.0,0.0,1.0,25.0,0.0,,,0.0,0.0,0.0,0.0,0.0,,0.9615384615384616,0.0,0.038441800790326934,0.036982248520710054,-0.039466293370440386,,,,,True
gnn_cascade,post_covid,gnn_cascade,2,neighborhood,Clintonville/Near North,overall,,bands,,53,,,,,,,,,,,,,,,,,,,,,0.8301886792452831,0.9811320754716981,0.6150121065375304,-0.1509433962264151,False
gnn_cascade,post_covid,gnn_cascade,2,neighborhood,Clintonville/Near North,overall,0.5,IT50,15.728895715230147,53,11.0,0.20754716981132076,7.0,1.0,4.0,41.0,0.6363636363636364,0.125,0.875,0.023809523809523808,0.5833333333333334,0.7368421052631579,0.6125541125541125,0.681107099879663,0.6939276576384559,0.9056603773584906,0.7272727272727273,0.06419489602068433,0.1644713421146316,0.609689474194584,,,,,False
gnn_cascade,post_covid,gnn_cascade,2,neighborhood,Clintonville/Near North,overall,0.9,IT90,22.099499115677975,53,4.0,0.07547169811320754,0.0,0.0,4.0,49.0,0.0,,,0.0,0.0,0.0,0.0,0.0,,0.9245283018867925,0.0,0.045529052948704685,0.06977572089711641,0.3474943380973905,,,,,True
gnn_cascade,post_covid,gnn_cascade,2,neighborhood,Clintonville/Near North,overall,0.98,IT98,27.469599865392972,53,1.0,0.018867924528301886,0.0,0.0,1.0,52.0,0.0,,,0.0,0.0,0.0,0.0,0.0,,0.9811320754716981,0.0,0.01810877494252802,0.018511925952296185,0.021777907431514976,,,,,True
gnn_cascade,post_covid,gnn_cascade,2,neighborhood,Clintonville/Near North,flu_season,,bands,,26,,,,,,,,,,,,,,,,,,,,,0.6538461538461539,0.9615384615384616,0.5411764705882353,-0.3076923076923077,False
gnn_cascade,post_covid,gnn_cascade,2,neighborhood,Clintonville/Near North,flu_season,0.5,IT50,15.728895715230147,26,11.0,0.4230769230769231,7.0,1.0,4.0,14.0,0.6363636363636364,0.125,0.875,0.06666666666666667,0.5833333333333334,0.7368421052631579,0.5696969696969697,0.5911949685534591,0.6098241729265264,0.8076923076923077,0.7272727272727273,0.13036625316694514,0.24408284023668633,0.4658934112675458,,,,,False
gnn_cascade,post_covid,gnn_cascade,2,neighborhood,Clintonville/Near North,flu_season,0.9,IT90,22.099499115677975,26,4.0,0.15384615384615385,0.0,0.0,4.0,22.0,0.0,,,0.0,0.0,0.0,0.0,0.0,,0.8461538461538461,0.0,0.09280873452915069,0.13017751479289943,0.28706017566243347,,,,,True
gnn_cascade,post_covid,gnn_cascade,2,neighborhood,Clintonville/Near North,flu_season,0.98,IT98,27.469599865392972,26,1.0,0.038461538461538464,0.0,0.0,1.0,25.0,0.0,,,0.0,0.0,0.0,0.0,0.0,,0.9615384615384616,0.0,0.036914041067446585,0.036982248520710054,0.0018443295362442491,,,,,True
gnn_cascade,post_covid,gnn_cascade,2,neighborhood,Dublin,overall,,bands,,53,,,,,,,,,,,,,,,,,,,,,0.8679245283018868,1.0,0.536828963795256,-0.09433962264150944,False
gnn_cascade,post_covid,gnn_cascade,2,neighborhood,Dublin,overall,0.5,IT50,8.038849454818003,53,9.0,0.16981132075471697,4.0,1.0,5.0,43.0,0.4444444444444444,0.2,0.8,0.022727272727272728,0.4,0.5714285714285714,0.4217171717171717,0.5122699386503068,0.5417055153123931,0.8867924528301887,0.5555555555555556,0.09404425588495122,0.14097543609825564,0.3329032455029598,,,,,False
gnn_cascade,post_covid,gnn_cascade,2,neighborhood,Dublin,overall,0.9,IT90,14.1626396504559,53,1.0,0.018867924528301886,0.0,0.0,1.0,52.0,0.0,,,0.0,0.0,0.0,0.0,0.0,,0.9811320754716981,0.0,0.01809139627801015,0.018511925952296185,0.022716689520566824,,,,,True
gnn_cascade,post_covid,gnn_cascade,2,neighborhood,Dublin,overall,0.98,IT98,20.345693253667104,53,0.0,0.0,0.0,0.0,0.0,53.0,,,,0.0,,,,,,1.0,,0.00020346773858556324,0.0,,,,,,True
gnn_cascade,post_covid,gnn_cascade,2,neighborhood,Dublin,flu_season,,bands,,26,,,,,,,,,,,,,,,,,,,,,0.7692307692307693,1.0,0.5214723926380367,-0.15384615384615385,False
gnn_cascade,post_covid,gnn_cascade,2,neighborhood,Dublin,flu_season,0.5,IT50,8.038849454818003,26,8.0,0.3076923076923077,4.0,1.0,4.0,17.0,0.5,0.2,0.8,0.05555555555555555,0.4444444444444444,0.6153846153846154,0.4444444444444444,0.49612403100775193,0.5204800389058843,0.8076923076923077,0.625,0.1538525230030448,0.21301775147928986,0.277747878124595,,,,,False
gnn_cascade,post_covid,gnn_cascade,2,neighborhood,Dublin,flu_season,0.9,IT90,14.1626396504559,26,1.0,0.038461538461538464,0.0,0.0,1.0,25.0,0.0,,,0.0,0.0,0.0,0.0,0.0,,0.9615384615384616,0.0,0.03687845136207419,0.036982248520710054,0.002806675169513717,,,,,True
gnn_cascade,post_covid,gnn_cascade,2,neighborhood,Dublin,flu_season,0.98,IT98,20.345693253667104,26,0.0,0.0,0.0,0.0,0.0,26.0,,,,0.0,,,,,,1.0,,0.0004147611593766191,0.0,,,,,,True
gnn_cascade,post_covid,gnn_cascade,2,neighborhood,Eastside,overall,,bands,,53,,,,,,,,,,,,,,,,,,,,,0.9245283018867925,1.0,0.6845238095238095,-0.03773584905660377,False
gnn_cascade,post_covid,gnn_cascade,2,neighborhood,Eastside,overall,0.5,IT50,53.89825474693718,53,6.0,0.11320754716981132,4.0,1.0,2.0,46.0,0.6666666666666666,0.2,0.8,0.02127659574468085,0.5714285714285714,0.7272727272727273,0.6453900709219857,0.6959847036328872,0.6995861660885712,0.9433962264150944,0.8333333333333334,0.04763611939117688,0.10039159843360627,0.5254969525893055,,,,,False
gnn_cascade,post_covid,gnn_cascade,2,neighborhood,Eastside,overall,0.9,IT90,89.53274062296502,53,1.0,0.018867924528301886,0.0,0.0,1.0,52.0,0.0,,,0.0,0.0,0.0,0.0,0.0,,0.9811320754716981,0.0,0.018630097929882686,0.018511925952296185,-0.006383559327701516,,,,,True
gnn_cascade,post_covid,gnn_cascade,2,neighborhood,Eastside,overall,0.98,IT98,123.87134674281285,53,0.0,0.0,0.0,0.0,0.0,53.0,,,,0.0,,,,,,1.0,,2.319914105189628e-09,0.0,,,,,,True
gnn_cascade,post_covid,gnn_cascade,2,neighborhood,Eastside,flu_season,,bands,,26,,,,,,,,,,,,,,,,,,,,,0.8461538461538461,1.0,0.6462585034013605,-0.07692307692307693,False
gnn_cascade,post_covid,gnn_cascade,2,neighborhood,Eastside,flu_season,0.5,IT50,53.89825474693718,26,6.0,0.23076923076923078,4.0,1.0,2.0,19.0,0.6666666666666666,0.2,0.8,0.05,0.5714285714285714,0.7272727272727273,0.6166666666666666,0.6548672566371682,0.6592443967173135,0.8846153846153846,0.8333333333333334,0.0971025345672312,0.17751479289940827,0.4529890552712642,,,,,False
gnn_cascade,post_covid,gnn_cascade,2,neighborhood,Eastside,flu_season,0.9,IT90,89.53274062296502,26,1.0,0.038461538461538464,0.0,0.0,1.0,25.0,0.0,,,0.0,0.0,0.0,0.0,0.0,,0.9615384615384616,0.0,0.03797673808783779,0.036982248520710054,-0.02689099789513394,,,,,True
gnn_cascade,post_covid,gnn_cascade,2,neighborhood,Eastside,flu_season,0.98,IT98,123.87134674281285,26,0.0,0.0,0.0,0.0,0.0,26.0,,,,0.0,,,,,,1.0,,4.729055675963472e-09,0.0,,,,,,True
gnn_cascade,post_covid,gnn_cascade,2,neighborhood,Far East,overall,,bands,,53,,,,,,,,,,,,,,,,,,,,,0.9056603773584906,1.0,0.6272855133614628,0.018867924528301886,False
gnn_cascade,post_covid,gnn_cascade,2,neighborhood,Far East,overall,0.5,IT50,76.01095931639992,53,5.0,0.09433962264150944,4.0,3.0,1.0,45.0,0.8,0.42857142857142855,0.5714285714285714,0.0625,0.5,0.6666666666666666,0.7375,0.6254416961130742,0.6367071247700306,0.9245283018867925,1.4,0.050007838133126724,0.08543965824136704,0.41469992785019605,,,,,False
gnn_cascade,post_covid,gnn_cascade,2,neighborhood,Far East,overall,0.9,IT90,119.58175049878095,53,1.0,0.018867924528301886,0.0,0.0,1.0,52.0,0.0,,,0.0,0.0,0.0,0.0,0.0,,0.9811320754716981,0.0,0.018461046820771362,0.018511925952296185,0.0027484515471773996,,,,,True
gnn_cascade,post_covid,gnn_cascade,2,neighborhood,Far East,overall,0.98,IT98,159.7885780471188,53,0.0,0.0,0.0,0.0,0.0,53.0,,,,0.0,,,,,,1.0,,2.2651538711811583e-09,0.0,,,,,,True
gnn_cascade,post_covid,gnn_cascade,2,neighborhood,Far East,flu_season,,bands,,26,,,,,,,,,,,,,,,,,,,,,0.8076923076923077,1.0,0.5751633986928105,0.038461538461538464,False
gnn_cascade,post_covid,gnn_cascade,2,neighborhood,Far East,flu_season,0.5,IT50,76.01095931639992,26,5.0,0.19230769230769232,4.0,3.0,1.0,18.0,0.8,0.42857142857142855,0.5714285714285714,0.14285714285714285,0.5,0.6666666666666666,0.6571428571428573,0.5702479338842975,0.5838867509339625,0.8461538461538461,1.4,0.10193657894053113,0.15532544378698226,0.3437225965352473,,,,,False
gnn_cascade,post_covid,gnn_cascade,2,neighborhood,Far East,flu_season,0.9,IT90,119.58175049878095,26,1.0,0.038461538461538464,0.0,0.0,1.0,25.0,0.0,,,0.0,0.0,0.0,0.0,0.0,,0.9615384615384616,0.0,0.03763213390388009,0.036982248520710054,-0.017572900760917776,,,,,True
gnn_cascade,post_covid,gnn_cascade,2,neighborhood,Far East,flu_season,0.98,IT98,159.7885780471188,26,0.0,0.0,0.0,0.0,0.0,26.0,,,,0.0,,,,,,1.0,,4.617429045100054e-09,0.0,,,,,,True
gnn_cascade,post_covid,gnn_cascade,2,neighborhood,Far South,overall,,bands,,53,,,,,,,,,,,,,,,,,,,,,0.8867924528301887,1.0,0.4381625441696114,-0.03773584905660377,False
gnn_cascade,post_covid,gnn_cascade,2,neighborhood,Far South,overall,0.5,IT50,69.7066330370401,53,7.0,0.1320754716981132,3.0,2.0,4.0,44.0,0.42857142857142855,0.4,0.6,0.043478260869565216,0.3333333333333333,0.5,0.3850931677018633,0.4381625441696113,0.44605470887843945,0.8867924528301887,0.7142857142857143,0.07062795977505411,0.11463154147383411,0.3838697546331461,,,,,False
gnn_cascade,post_covid,gnn_cascade,2,neighborhood,Far South,overall,0.9,IT90,121.95949130896,53,0.0,0.0,0.0,0.0,0.0,53.0,,,,0.0,,,,,,1.0,,3.6837588840166892e-06,0.0,,,,,,True
gnn_cascade,post_covid,gnn_cascade,2,neighborhood,Far South,overall,0.98,IT98,174.42921640712913,53,0.0,0.0,0.0,0.0,0.0,53.0,,,,0.0,,,,,,1.0,,7.540137745395075e-16,0.0,,,,,,True
gnn_cascade,post_covid,gnn_cascade,2,neighborhood,Far South,flu_season,,bands,,26,,,,,,,,,,,,,,,,,,,,,0.7692307692307693,1.0,0.3553719008264462,-0.07692307692307693,False
gnn_cascade,post_covid,gnn_cascade,2,neighborhood,Far South,flu_season,0.5,IT50,69.7066330370401,26,7.0,0.2692307692307692,3.0,2.0,4.0,17.0,0.42857142857142855,0.4,0.6,0.10526315789473684,0.3333333333333333,0.5,0.3233082706766917,0.35537190082644626,0.3638714534805853,0.7692307692307693,0.7142857142857143,0.14397203513527862,0.19674556213017758,0.2682323627710653,,,,,False
gnn_cascade,post_covid,gnn_cascade,2,neighborhood,Far South,flu_season,0.9,IT90,121.95949130896,26,0.0,0.0,0.0,0.0,0.0,26.0,,,,0.0,,,,,,1.0,,7.50920080203402e-06,0.0,,,,,,True
gnn_cascade,post_covid,gnn_cascade,2,neighborhood,Far South,flu_season,0.98,IT98,174.42921640712913,26,0.0,0.0,0.0,0.0,0.0,26.0,,,,0.0,,,,,,1.0,,1.537028078868996e-15,0.0,,,,,,True
gnn_cascade,post_covid,gnn_cascade,2,neighborhood,Far Southeast,overall,,bands,,53,,,,,,,,,,,,,,,,,,,,,0.9056603773584906,1.0,0.0,-0.09433962264150944,False
gnn_cascade,post_covid,gnn_cascade,2,neighborhood,Far Southeast,overall,0.5,IT50,10.956265259525463,53,5.0,0.09433962264150944,0.0,0.0,5.0,48.0,0.0,,,0.0,0.0,0.0,0.0,0.0,,0.9056603773584906,0.0,0.0674595458445294,0.08543965824136704,0.2104422321779872,,,,,False
gnn_cascade,post_covid,gnn_cascade,2,neighborhood,Far Southeast,overall,0.9,IT90,18.40391015194404,53,0.0,0.0,0.0,0.0,0.0,53.0,,,,0.0,,,,,,1.0,,0.0010490397558470129,0.0,,,,,,True
gnn_cascade,post_covid,gnn_cascade,2,neighborhood,Far Southeast,overall,0.98,IT98,25.644566505740826,53,0.0,0.0,0.0,0.0,0.0,53.0,,,,0.0,,,,,,1.0,,4.122402877076804e-06,0.0,,,,,,True
gnn_cascade,post_covid,gnn_cascade,2,neighborhood,Far Southeast,flu_season,,bands,,26,,,,,,,,,,,,,,,,,,,,,0.8076923076923077,1.0,0.0,-0.19230769230769232,False
gnn_cascade,post_covid,gnn_cascade,2,neighborhood,Far Southeast,flu_season,0.5,IT50,10.956265259525463,26,5.0,0.19230769230769232,0.0,0.0,5.0,21.0,0.0,,,0.0,0.0,0.0,0.0,0.0,,0.8076923076923077,0.0,0.13613118533716764,0.15532544378698226,0.12357446392452076,,,,,False
gnn_cascade,post_covid,gnn_cascade,2,neighborhood,Far Southeast,flu_season,0.9,IT90,18.40391015194404,26,0.0,0.0,0.0,0.0,0.0,26.0,,,,0.0,,,,,,1.0,,0.0021382851320764884,0.0,,,,,,True
gnn_cascade,post_covid,gnn_cascade,2,neighborhood,Far Southeast,flu_season,0.98,IT98,25.644566505740826,26,0.0,0.0,0.0,0.0,0.0,26.0,,,,0.0,,,,,,1.0,,8.403359563212533e-06,0.0,,,,,,True
gnn_cascade,post_covid,gnn_cascade,2,neighborhood,Far Southwest,overall,,bands,,53,,,,,,,,,,,,,,,,,,,,,0.9811320754716981,1.0,0.8787185354691076,-0.018867924528301886,False
gnn_cascade,post_covid,gnn_cascade,2,neighborhood,Far Southwest,overall,0.5,IT50,34.041053932580134,53,5.0,0.09433962264150944,4.0,0.0,1.0,48.0,0.8,0.0,1.0,0.0,0.8,0.8888888888888888,0.8,0.8787185354691075,0.885253336275981,0.9811320754716981,0.8,0.031177000421940507,0.08543965824136704,0.6350991908948713,,,,,False
gnn_cascade,post_covid,gnn_cascade,2,neighborhood,Far Southwest,overall,0.9,IT90,54.68112356483704,53,0.0,0.0,0.0,0.0,0.0,53.0,,,,0.0,,,,,,1.0,,0.0005814935997691082,0.0,,,,,,True
gnn_cascade,post_covid,gnn_cascade,2,neighborhood,Far Southwest,overall,0.98,IT98,74.04650918881951,53,0.0,0.0,0.0,0.0,0.0,53.0,,,,0.0,,,,,,1.0,,1.89672709663513e-07,0.0,,,,,,True
gnn_cascade,post_covid,gnn_cascade,2,neighborhood,Far Southwest,flu_season,,bands,,26,,,,,,,,,,,,,,,,,,,,,0.9615384615384616,1.0,0.865979381443299,-0.038461538461538464,False
gnn_cascade,post_covid,gnn_cascade,2,neighborhood,Far Southwest,flu_season,0.5,IT50,34.041053932580134,26,5.0,0.19230769230769232,4.0,0.0,1.0,21.0,0.8,0.0,1.0,0.0,0.8,0.8888888888888888,0.8,0.865979381443299,0.873862897505303,0.9615384615384616,0.8,0.06353884308696073,0.15532544378698226,0.5909308768877577,,,,,False
gnn_cascade,post_covid,gnn_cascade,2,neighborhood,Far Southwest,flu_season,0.9,IT90,54.68112356483704,26,0.0,0.0,0.0,0.0,0.0,26.0,,,,0.0,,,,,,1.0,,0.0011853523379742568,0.0,,,,,,True
gnn_cascade,post_covid,gnn_cascade,2,neighborhood,Far Southwest,flu_season,0.98,IT98,74.04650918881951,26,0.0,0.0,0.0,0.0,0.0,26.0,,,,0.0,,,,,,1.0,,3.8664052354485343e-07,0.0,,,,,,True
gnn_cascade,post_covid,gnn_cascade,2,neighborhood,Hilliard,overall,,bands,,53,,,,,,,,,,,,,,,,,,,,,0.8867924528301887,1.0,0.5077399380804954,-0.03773584905660377,False
gnn_cascade,post_covid,gnn_cascade,2,neighborhood,Hilliard,overall,0.5,IT50,19.24134804712757,53,8.0,0.1509433962264151,4.0,2.0,4.0,43.0,0.5,0.3333333333333333,0.6666666666666666,0.044444444444444446,0.4,0.5714285714285714,0.45555555555555555,0.5077399380804953,0.5147164443890514,0.8867924528301887,0.75,0.07203934680044141,0.12815948736205057,0.4378929856598892,,,,,False
gnn_cascade,post_covid,gnn_cascade,2,neighborhood,Hilliard,overall,0.9,IT90,34.52709434950146,53,0.0,0.0,0.0,0.0,0.0,53.0,,,,0.0,,,,,,1.0,,0.0010552741643802825,0.0,,,,,,True
gnn_cascade,post_covid,gnn_cascade,2,neighborhood,Hilliard,overall,0.98,IT98,50.186768532537315,53,0.0,0.0,0.0,0.0,0.0,53.0,,,,0.0,,,,,,1.0,,3.4515767149117066e-07,0.0,,,,,,True
gnn_cascade,post_covid,gnn_cascade,2,neighborhood,Hilliard,flu_season,,bands,,26,,,,,,,,,,,,,,,,,,,,,0.7692307692307693,1.0,0.4179104477611939,-0.07692307692307693,False
gnn_cascade,post_covid,gnn_cascade,2,neighborhood,Hilliard,flu_season,0.5,IT50,19.24134804712757,26,8.0,0.3076923076923077,4.0,2.0,4.0,16.0,0.5,0.3333333333333333,0.6666666666666666,0.1111111111111111,0.4,0.5714285714285714,0.3888888888888889,0.417910447761194,0.42600643361512924,0.7692307692307693,0.75,0.14670563791266494,0.21301775147928986,0.31129853313221156,,,,,False
gnn_cascade,post_covid,gnn_cascade,2,neighborhood,Hilliard,flu_season,0.9,IT90,34.52709434950146,26,0.0,0.0,0.0,0.0,0.0,26.0,,,,0.0,,,,,,1.0,,0.002151135795342684,0.0,,,,,,True
gnn_cascade,post_covid,gnn_cascade,2,neighborhood,Hilliard,flu_season,0.98,IT98,50.186768532537315,26,0.0,0.0,0.0,0.0,0.0,26.0,,,,0.0,,,,,,1.0,,7.03590638039694e-07,0.0,,,,,,True
gnn_cascade,post_covid,gnn_cascade,2,neighborhood,Linden,overall,,bands,,53,,,,,,,,,,,,,,,,,,,,,0.8679245283018868,1.0,0.29601518026565465,-0.05660377358490566,False
gnn_cascade,post_covid,gnn_cascade,2,neighborhood,Linden,overall,0.5,IT50,53.62727596624066,53,7.0,0.1320754716981132,2.0,2.0,5.0,44.0,0.2857142857142857,0.5,0.5,0.043478260869565216,0.2222222222222222,0.36363636363636365,0.24223602484472048,0.29601518026565465,0.31048357557769657,0.8679245283018868,0.5714285714285714,0.06627017646600837,0.1146315414738341,0.4218853239347282,,,,,False
gnn_cascade,post_covid,gnn_cascade,2,neighborhood,Linden,overall,0.9,IT90,82.61523156370409,53,0.0,0.0,0.0,0.0,0.0,53.0,,,,0.0,,,,,,1.0,,0.0002965713931649525,0.0,,,,,,True
gnn_cascade,post_covid,gnn_cascade,2,neighborhood,Linden,overall,0.98,IT98,108.92078323683364,53,0.0,0.0,0.0,0.0,0.0,53.0,,,,0.0,,,,,,1.0,,9.561735365636535e-08,0.0,,,,,,True
gnn_cascade,post_covid,gnn_cascade,2,neighborhood,Linden,flu_season,,bands,,26,,,,,,,,,,,,,,,,,,,,,0.7307692307692307,1.0,0.20869565217391306,-0.11538461538461539,False
gnn_cascade,post_covid,gnn_cascade,2,neighborhood,Linden,flu_season,0.5,IT50,53.62727596624066,26,7.0,0.2692307692307692,2.0,2.0,5.0,17.0,0.2857142857142857,0.5,0.5,0.10526315789473684,0.2222222222222222,0.36363636363636365,0.18045112781954886,0.20869565217391303,0.2218421599939607,0.7307692307692307,0.5714285714285714,0.13508253027353062,0.19674556213017758,0.313415109286416,,,,,False
gnn_cascade,post_covid,gnn_cascade,2,neighborhood,Linden,flu_season,0.9,IT90,82.61523156370409,26,0.0,0.0,0.0,0.0,0.0,26.0,,,,0.0,,,,,,1.0,,0.0006045493783739602,0.0,,,,,,True
gnn_cascade,post_covid,gnn_cascade,2,neighborhood,Linden,flu_season,0.98,IT98,108.92078323683364,26,0.0,0.0,0.0,0.0,0.0,26.0,,,,0.0,,,,,,1.0,,1.9491229783797553e-07,0.0,,,,,,True
gnn_cascade,post_covid,gnn_cascade,2,neighborhood,NE Suburban,overall,,bands,,53,,,,,,,,,,,,,,,,,,,,,0.8867924528301887,0.9811320754716981,0.12797074954296173,-0.05660377358490566,False
gnn_cascade,post_covid,gnn_cascade,2,neighborhood,NE Suburban,overall,0.5,IT50,27.312493683860776,53,5.0,0.09433962264150944,1.0,2.0,4.0,46.0,0.2,0.6666666666666666,0.3333333333333333,0.041666666666666664,0.14285714285714285,0.25,0.15833333333333335,0.19289340101522842,0.20027758514399738,0.8867924528301887,0.6,0.06245527716715489,0.08543965824136704,0.26901302682275796,,,,,False
gnn_cascade,post_covid,gnn_cascade,2,neighborhood,NE Suburban,overall,0.9,IT90,41.22759712033061,53,1.0,0.018867924528301886,0.0,0.0,1.0,52.0,0.0,,,0.0,0.0,0.0,0.0,0.0,,0.9811320754716981,0.0,0.019291721114379587,0.018511925952296185,-0.04212393481331311,,,,,True
gnn_cascade,post_covid,gnn_cascade,2,neighborhood,NE Suburban,overall,0.98,IT98,53.6511443833241,53,0.0,0.0,0.0,0.0,0.0,53.0,,,,0.0,,,,,,1.0,,7.991843716532437e-05,0.0,,,,,,True
gnn_cascade,post_covid,gnn_cascade,2,neighborhood,NE Suburban,flu_season,,bands,,26,,,,,,,,,,,,,,,,,,,,,0.7692307692307693,0.9615384615384616,0.06399999999999983,-0.11538461538461539,False
gnn_cascade,post_covid,gnn_cascade,2,neighborhood,NE Suburban,flu_season,0.5,IT50,27.312493683860776,26,5.0,0.19230769230769232,1.0,2.0,4.0,19.0,0.2,0.6666666666666666,0.3333333333333333,0.09523809523809523,0.14285714285714285,0.25,0.10476190476190478,0.12359550561797752,0.12923301908921092,0.7692307692307693,0.6,0.12724008592599143,0.15532544378698226,0.18081620870504578,,,,,False
gnn_cascade,post_covid,gnn_cascade,2,neighborhood,NE Suburban,flu_season,0.9,IT90,41.22759712033061,26,1.0,0.038461538461538464,0.0,0.0,1.0,25.0,0.0,,,0.0,0.0,0.0,0.0,0.0,,0.9615384615384616,0.0,0.03932543136331508,0.036982248520710054,-0.06335966406403992,,,,,True
gnn_cascade,post_covid,gnn_cascade,2,neighborhood,NE Suburban,flu_season,0.98,IT98,53.6511443833241,26,0.0,0.0,0.0,0.0,0.0,26.0,,,,0.0,,,,,,1.0,,0.0001629106603754663,0.0,,,,,,True
gnn_cascade,post_covid,gnn_cascade,2,neighborhood,Northland,overall,,bands,,53,,,,,,,,,,,,,,,,,,,,,0.9056603773584906,1.0,0.4933078393881454,0.018867924528301886,False
gnn_cascade,post_covid,gnn_cascade,2,neighborhood,Northland,overall,0.5,IT50,56.127661353876796,53,5.0,0.09433962264150944,3.0,3.0,2.0,45.0,0.6,0.5,0.5,0.0625,0.375,0.5454545454545454,0.5375,0.4933078393881453,0.49586052431552574,0.9056603773584906,1.2,0.06488622767780797,0.08543965824136704,0.24056077688765598,,,,,False
gnn_cascade,post_covid,gnn_cascade,2,neighborhood,Northland,overall,0.9,IT90,89.91407794411414,53,0.0,0.0,0.0,0.0,0.0,53.0,,,,0.0,,,,,,1.0,,0.0001334086318679042,0.0,,,,,,True
gnn_cascade,post_covid,gnn_cascade,2,neighborhood,Northland,overall,0.98,IT98,121.54516325409915,53,0.0,0.0,0.0,0.0,0.0,53.0,,,,0.0,,,,,,1.0,,5.766676426698636e-10,0.0,,,,,,True
gnn_cascade,post_covid,gnn_cascade,2,neighborhood,Northland,flu_season,,bands,,26,,,,,,,,,,,,,,,,,,,,,0.8076923076923077,1.0,0.4247787610619469,0.038461538461538464,False
gnn_cascade,post_covid,gnn_cascade,2,neighborhood,Northland,flu_season,0.5,IT50,56.127661353876796,26,5.0,0.19230769230769232,3.0,3.0,2.0,18.0,0.6,0.5,0.5,0.14285714285714285,0.375,0.5454545454545454,0.45714285714285713,0.4247787610619469,0.42761798705987897,0.8076923076923077,1.2,0.13224835352399744,0.15532544378698226,0.14857250493121654,,,,,False
gnn_cascade,post_covid,gnn_cascade,2,neighborhood,Northland,flu_season,0.9,IT90,89.91407794411414,26,0.0,0.0,0.0,0.0,0.0,26.0,,,,0.0,,,,,,1.0,,0.00027194836496130845,0.0,,,,,,True
gnn_cascade,post_covid,gnn_cascade,2,neighborhood,Northland,flu_season,0.98,IT98,121.54516325409915,26,0.0,0.0,0.0,0.0,0.0,26.0,,,,0.0,,,,,,1.0,,1.175514810057799e-09,0.0,,,,,,True
gnn_cascade,post_covid,gnn_cascade,2,neighborhood,UA/Grandview,overall,,bands,,53,,,,,,,,,,,,,,,,,,,,,0.8679245283018868,1.0,0.2906309751434034,0.018867924528301886,False
gnn_cascade,post_covid,gnn_cascade,2,neighborhood,UA/Grandview,overall,0.5,IT50,8.143164584776198,53,5.0,0.09433962264150944,2.0,4.0,3.0,44.0,0.4,0.6666666666666666,0.3333333333333333,0.08333333333333333,0.2222222222222222,0.36363636363636365,0.3166666666666667,0.29063097514340347,0.29213488254248027,0.8679245283018868,1.2,0.07666053890985812,0.08543965824136704,0.10275227584253566,,,,,False
gnn_cascade,post_covid,gnn_cascade,2,neighborhood,UA/Grandview,overall,0.9,IT90,16.706142473783938,53,0.0,0.0,0.0,0.0,0.0,53.0,,,,0.0,,,,,,1.0,,0.0019114542400547792,0.0,,,,,,True
gnn_cascade,post_covid,gnn_cascade,2,neighborhood,UA/Grandview,overall,0.98,IT98,26.455007113900507,53,0.0,0.0,0.0,0.0,0.0,53.0,,,,0.0,,,,,,1.0,,1.8533900682822412e-06,0.0,,,,,,True
gnn_cascade,post_covid,gnn_cascade,2,neighborhood,UA/Grandview,flu_season,,bands,,26,,,,,,,,,,,,,,,,,,,,,0.7307692307692307,1.0,0.19469026548672563,0.038461538461538464,False
gnn_cascade,post_covid,gnn_cascade,2,neighborhood,UA/Grandview,flu_season,0.5,IT50,8.143164584776198,26,5.0,0.19230769230769232,2.0,4.0,3.0,17.0,0.4,0.6666666666666666,0.3333333333333333,0.19047619047619047,0.2222222222222222,0.36363636363636365,0.20952380952380956,0.19469026548672566,0.19599157740244455,0.7307692307692307,1.2,0.15491450487669908,0.15532544378698226,0.0026456638414421585,,,,,False
gnn_cascade,post_covid,gnn_cascade,2,neighborhood,UA/Grandview,flu_season,0.9,IT90,16.706142473783938,26,0.0,0.0,0.0,0.0,0.0,26.0,,,,0.0,,,,,,1.0,,0.003896424202927012,0.0,,,,,,True
gnn_cascade,post_covid,gnn_cascade,2,neighborhood,UA/Grandview,flu_season,0.98,IT98,26.455007113900507,26,0.0,0.0,0.0,0.0,0.0,26.0,,,,0.0,,,,,,1.0,,3.7780643699599506e-06,0.0,,,,,,True
gnn_cascade,post_covid,gnn_cascade,2,neighborhood,West,overall,,bands,,53,,,,,,,,,,,,,,,,,,,,,0.9245283018867925,1.0,0.29333333333333333,0.0,False
gnn_cascade,post_covid,gnn_cascade,2,neighborhood,West,overall,0.5,IT50,73.15037971354549,53,3.0,0.05660377358490566,1.0,2.0,2.0,48.0,0.3333333333333333,0.6666666666666666,0.3333333333333333,0.04,0.2,0.3333333333333333,0.29333333333333333,0.29333333333333333,0.29333333333333333,0.9245283018867925,1.0,0.04328871322779435,0.05339978640085441,0.18934669695417128,,,,,True
gnn_cascade,post_covid,gnn_cascade,2,neighborhood,West,overall,0.9,IT90,114.1022318647041,53,0.0,0.0,0.0,0.0,0.0,53.0,,,,0.0,,,,,,1.0,,7.184211089374191e-05,0.0,,,,,,True
gnn_cascade,post_covid,gnn_cascade,2,neighborhood,West,overall,0.98,IT98,151.63555393306305,53,0.0,0.0,0.0,0.0,0.0,53.0,,,,0.0,,,,,,1.0,,1.3832853310580304e-09,0.0,,,,,,True
gnn_cascade,post_covid,gnn_cascade,2,neighborhood,West,flu_season,,bands,,26,,,,,,,,,,,,,,,,,,,,,0.8461538461538461,1.0,0.24637681159420288,0.0,False
gnn_cascade,post_covid,gnn_cascade,2,neighborhood,West,flu_season,0.5,IT50,73.15037971354549,26,3.0,0.11538461538461539,1.0,2.0,2.0,21.0,0.3333333333333333,0.6666666666666666,0.3333333333333333,0.08695652173913043,0.2,0.3333333333333333,0.24637681159420288,0.2463768115942029,0.2463768115942029,0.8461538461538461,1.0,0.08824213481164361,0.10207100591715977,0.13548285314969455,,,,,True
gnn_cascade,post_covid,gnn_cascade,2,neighborhood,West,flu_season,0.9,IT90,114.1022318647041,26,0.0,0.0,0.0,0.0,0.0,26.0,,,,0.0,,,,,,1.0,,0.00014644737989878158,0.0,,,,,,True
gnn_cascade,post_covid,gnn_cascade,2,neighborhood,West,flu_season,0.98,IT98,151.63555393306305,26,0.0,0.0,0.0,0.0,0.0,26.0,,,,0.0,,,,,,1.0,,2.8197739440798312e-09,0.0,,,,,,True
gnn_cascade,post_covid,gnn_cascade,2,neighborhood,Westerville,overall,,bands,,53,,,,,,,,,,,,,,,,,,,,,0.8679245283018868,0.9811320754716981,0.33249370277078094,-0.11320754716981132,False
gnn_cascade,post_covid,gnn_cascade,2,neighborhood,Westerville,overall,0.5,IT50,24.33364195874595,53,7.0,0.1320754716981132,2.0,1.0,5.0,45.0,0.2857142857142857,0.3333333333333333,0.6666666666666666,0.021739130434782608,0.25,0.4,0.2639751552795031,0.3483606557377049,0.3867633919142966,0.8867924528301887,0.42857142857142855,0.06783097265880714,0.1146315414738341,0.4082695583894743,,,,,False
gnn_cascade,post_covid,gnn_cascade,2,neighborhood,Westerville,overall,0.9,IT90,36.408491039457616,53,2.0,0.03773584905660377,0.0,0.0,2.0,51.0,0.0,,,0.0,0.0,0.0,0.0,0.0,,0.9622641509433962,0.0,0.03215161453796105,0.03631185475258099,0.11456975257713131,,,,,True
gnn_cascade,post_covid,gnn_cascade,2,neighborhood,Westerville,overall,0.98,IT98,47.11324141772458,53,0.0,0.0,0.0,0.0,0.0,53.0,,,,0.0,,,,,,1.0,,0.000227525767179938,0.0,,,,,,True
gnn_cascade,post_covid,gnn_cascade,2,neighborhood,Westerville,flu_season,,bands,,26,,,,,,,,,,,,,,,,,,,,,0.7307692307692307,0.9615384615384616,0.2817679558011048,-0.23076923076923078,False
gnn_cascade,post_covid,gnn_cascade,2,neighborhood,Westerville,flu_season,0.5,IT50,24.33364195874595,26,7.0,0.2692307692307692,2.0,1.0,5.0,18.0,0.2857142857142857,0.3333333333333333,0.6666666666666666,0.05263157894736842,0.25,0.4,0.23308270676691728,0.28440366972477066,0.32360209754104324,0.7692307692307693,0.42857142857142855,0.1380563668003912,0.19674556213017758,0.2982999702476359,,,,,False
gnn_cascade,post_covid,gnn_cascade,2,neighborhood,Westerville,flu_season,0.9,IT90,36.408491039457616,26,2.0,0.07692307692307693,0.0,0.0,2.0,24.0,0.0,,,0.0,0.0,0.0,0.0,0.0,,0.9230769230769231,0.0,0.0655398256858078,0.07100591715976333,0.07698078825820709,,,,,True
gnn_cascade,post_covid,gnn_cascade,2,neighborhood,Westerville,flu_season,0.98,IT98,47.11324141772458,26,0.0,0.0,0.0,0.0,0.0,26.0,,,,0.0,,,,,,1.0,,0.00046380252540348653,0.0,,,,,,True
gnn_cascade,post_covid,gnn_cascade,2,neighborhood,Worthington,overall,,bands,,53,,,,,,,,,,,,,,,,,,,,,0.7169811320754716,0.9245283018867925,0.4204131227217497,-0.20754716981132076,False
gnn_cascade,post_covid,gnn_cascade,2,neighborhood,Worthington,overall,0.5,IT50,13.721631551906164,53,16.0,0.3018867924528302,8.0,2.0,8.0,35.0,0.5,0.2,0.8,0.05405405405405406,0.4444444444444444,0.6153846153846154,0.44594594594594594,0.499054820415879,0.5232495285606155,0.8113207547169812,0.625,0.1225110868525001,0.21075115699537203,0.41869317066102574,,,,,False
gnn_cascade,post_covid,gnn_cascade,2,neighborhood,Worthington,overall,0.9,IT90,22.978569674557114,53,5.0,0.09433962264150944,0.0,2.0,5.0,46.0,0.0,1.0,0.0,0.041666666666666664,0.0,0.0,-0.041666666666666664,-0.05698005698005698,-0.0639137490706142,0.8679245283018868,0.4,0.09248103838742544,0.08543965824136704,-0.08241348679282523,,,,,False
gnn_cascade,post_covid,gnn_cascade,2,neighborhood,Worthington,overall,0.98,IT98,31.956357603850087,53,2.0,0.03773584905660377,0.0,0.0,2.0,51.0,0.0,,,0.0,0.0,0.0,0.0,0.0,,0.9622641509433962,0.0,0.041052696986414505,0.03631185475258099,-0.13055907681214074,,,,,True
gnn_cascade,post_covid,gnn_cascade,2,neighborhood,Worthington,flu_season,,bands,,26,,,,,,,,,,,,,,,,,,,,,0.5,0.8461538461538461,0.2980561555075594,-0.34615384615384615,False
gnn_cascade,post_covid,gnn_cascade,2,neighborhood,Worthington,flu_season,0.5,IT50,13.721631551906164,26,14.0,0.5384615384615384,8.0,2.0,6.0,10.0,0.5714285714285714,0.2,0.8,0.16666666666666666,0.5,0.6666666666666666,0.40476190476190477,0.3953488372093023,0.4147575310031266,0.6923076923076923,0.7142857142857143,0.1679068858505292,0.24852071005917165,0.3243746736014421,,,,,False
gnn_cascade,post_covid,gnn_cascade,2,neighborhood,Worthington,flu_season,0.9,IT90,22.978569674557114,26,5.0,0.19230769230769232,0.0,2.0,5.0,19.0,0.0,1.0,0.0,0.09523809523809523,0.0,0.0,-0.09523809523809523,-0.12345679012345678,-0.14085904245475275,0.7307692307692307,0.4,0.18850644118338222,0.15532544378698226,-0.21362242133301312,,,,,False
gnn_cascade,post_covid,gnn_cascade,2,neighborhood,Worthington,flu_season,0.98,IT98,31.956357603850087,26,2.0,0.07692307692307693,0.0,0.0,2.0,24.0,0.0,,,0.0,0.0,0.0,0.0,0.0,,0.9230769230769231,0.0,0.08368434335115477,0.07100591715976333,-0.17855450219542934,,,,,True
gnn_st,post_covid,gnn_st,2,citywide,CITYWIDE,overall,,bands,,53,,,,,,,,,,,,,,,,,,,,,0.9245283018867925,1.0,0.6718266253869969,-0.03773584905660377,False
gnn_st,post_covid,gnn_st,2,citywide,CITYWIDE,overall,0.5,IT50,35.19412725226089,53,8.0,0.1509433962264151,5.0,1.0,3.0,44.0,0.625,0.16666666666666666,0.8333333333333334,0.022222222222222223,0.5555555555555556,0.7142857142857143,0.6027777777777777,0.6718266253869969,0.6810577343440497,0.9245283018867925,0.75,0.05441316097882852,0.12815948736205057,0.5754261966957519,,,,,False
gnn_st,post_covid,gnn_st,2,citywide,CITYWIDE,overall,0.9,IT90,56.071415152332634,53,0.0,0.0,0.0,0.0,0.0,53.0,,,,0.0,,,,,,1.0,,0.0013669436122201069,0.0,,,,,,True
gnn_st,post_covid,gnn_st,2,citywide,CITYWIDE,overall,0.98,IT98,75.53173152268305,53,0.0,0.0,0.0,0.0,0.0,53.0,,,,0.0,,,,,,1.0,,1.0686733439132694e-06,0.0,,,,,,True
gnn_st,post_covid,gnn_st,2,citywide,CITYWIDE,flu_season,,bands,,26,,,,,,,,,,,,,,,,,,,,,0.8461538461538461,1.0,0.6119402985074627,-0.07692307692307693,False
gnn_st,post_covid,gnn_st,2,citywide,CITYWIDE,flu_season,0.5,IT50,35.19412725226089,26,8.0,0.3076923076923077,5.0,1.0,3.0,17.0,0.625,0.16666666666666666,0.8333333333333334,0.05555555555555555,0.5555555555555556,0.7142857142857143,0.5694444444444444,0.6119402985074627,0.6237951349364392,0.8461538461538461,0.75,0.11085208369720385,0.2130177514792899,0.47961105153257066,,,,,False
gnn_st,post_covid,gnn_st,2,citywide,CITYWIDE,flu_season,0.9,IT90,56.071415152332634,26,0.0,0.0,0.0,0.0,0.0,26.0,,,,0.0,,,,,,1.0,,0.0027864619780389416,0.0,,,,,,True
gnn_st,post_covid,gnn_st,2,citywide,CITYWIDE,flu_season,0.98,IT98,75.53173152268305,26,0.0,0.0,0.0,0.0,0.0,26.0,,,,0.0,,,,,,1.0,,2.1784495087462803e-06,0.0,,,,,,True
gnn_st,post_covid,gnn_st,2,pooled,ALL,overall,,bands,,901,,,,,,,,,,,,,,,,,,,,,0.8890122086570478,0.9900110987791343,0.4921559417566935,-0.05327413984461709,False
gnn_st,post_covid,gnn_st,2,pooled,ALL,overall,0.5,IT50,,901,118.0,0.1309655937846837,60.0,28.0,58.0,755.0,0.5084745762711864,0.3181818181818182,0.6818181818181818,0.035759897828863345,0.410958904109589,0.5825242718446602,0.47271467844232307,0.5299263519334134,0.5371979711207143,0.904550499445061,0.7457627118644068,0.06658352944113055,0.11381360702930893,0.41497742511592517,,,,,False
gnn_st,post_covid,gnn_st,2,pooled,ALL,overall,0.9,IT90,,901,17.0,0.018867924528301886,0.0,2.0,17.0,882.0,0.0,1.0,0.0,0.0022624434389140274,0.0,0.0,-0.0022624434389140274,-0.003988035892323031,-0.006540839314175065,0.978912319644839,0.11764705882352941,0.01750447484341018,0.01851192595229619,0.05442173393963068,,,,,False
gnn_st,post_covid,gnn_st,2,pooled,ALL,overall,0.98,IT98,,901,4.0,0.004439511653718091,0.0,1.0,4.0,896.0,0.0,1.0,0.0,0.0011148272017837235,0.0,0.0,-0.0011148272017837235,-0.00177896375361352,-0.0022259352109805924,0.9944506104328524,0.25,0.004840817502188161,0.004419802389994593,-0.09525654657019245,,,,,True
gnn_st,post_covid,gnn_st,2,pooled,ALL,flu_season,,bands,,442,,,,,,,,,,,,,,,,,,,,,0.7828054298642534,0.9796380090497737,0.43960855009013666,-0.09954751131221719,False
gnn_st,post_covid,gnn_st,2,pooled,ALL,flu_season,0.5,IT50,,442,114.0,0.2579185520361991,60.0,28.0,54.0,300.0,0.5263157894736842,0.3181818181818182,0.6818181818181818,0.08536585365853659,0.4225352112676056,0.594059405940594,0.4409499358151476,0.4763941057497833,0.48309847234203057,0.8144796380090498,0.7719298245614035,0.12570269469390632,0.19139657255174955,0.343234348358464,,,,,False
gnn_st,post_covid,gnn_st,2,pooled,ALL,flu_season,0.9,IT90,,442,17.0,0.038461538461538464,0.0,2.0,17.0,423.0,0.0,1.0,0.0,0.004705882352941176,0.0,0.0,-0.004705882352941176,-0.00816326530612245,-0.013483997249264842,0.9570135746606335,0.11764705882352941,0.035677473828707694,0.03698224852071006,0.03528110767174397,,,,,False
gnn_st,post_covid,gnn_st,2,pooled,ALL,flu_season,0.98,IT98,,442,4.0,0.00904977375565611,0.0,1.0,4.0,437.0,0.0,1.0,0.0,0.00228310502283105,0.0,0.0,-0.00228310502283105,-0.0036330608537693005,-0.004550652214928539,0.9886877828054299,0.25,0.009867818887528372,0.008967875350627548,-0.10035192302687945,,,,,True
gnn_st,post_covid,gnn_st,2,neighborhood,Agler/Cassidy,overall,,bands,,53,,,,,,,,,,,,,,,,,,,,,0.9245283018867925,1.0,0.5601659751037344,-0.03773584905660377,False
gnn_st,post_covid,gnn_st,2,neighborhood,Agler/Cassidy,overall,0.5,IT50,51.74083078339265,53,6.0,0.11320754716981132,3.0,1.0,3.0,46.0,0.5,0.25,0.75,0.02127659574468085,0.42857142857142855,0.6,0.4787234042553192,0.5601659751037344,0.5742237865262918,0.9245283018867925,0.6666666666666666,0.033311649560940536,0.10039159843360627,0.6681828949763051,,,,,False
gnn_st,post_covid,gnn_st,2,neighborhood,Agler/Cassidy,overall,0.9,IT90,88.48740693700204,53,0.0,0.0,0.0,0.0,0.0,53.0,,,,0.0,,,,,,1.0,,0.0003878283658677781,0.0,,,,,,True
gnn_st,post_covid,gnn_st,2,neighborhood,Agler/Cassidy,overall,0.98,IT98,124.72586226376617,53,0.0,0.0,0.0,0.0,0.0,53.0,,,,0.0,,,,,,1.0,,1.5823289855587776e-09,0.0,,,,,,True
gnn_st,post_covid,gnn_st,2,neighborhood,Agler/Cassidy,flu_season,,bands,,26,,,,,,,,,,,,,,,,,,,,,0.8461538461538461,1.0,0.5094339622641509,-0.07692307692307693,False
gnn_st,post_covid,gnn_st,2,neighborhood,Agler/Cassidy,flu_season,0.5,IT50,51.74083078339265,26,6.0,0.23076923076923078,3.0,1.0,3.0,19.0,0.5,0.25,0.75,0.05,0.42857142857142855,0.6,0.45,0.5094339622641509,0.525486787309028,0.8461538461538461,0.6666666666666666,0.06787032414690405,0.17751479289940827,0.6176638406391071,,,,,False
gnn_st,post_covid,gnn_st,2,neighborhood,Agler/Cassidy,flu_season,0.9,IT90,88.48740693700204,26,0.0,0.0,0.0,0.0,0.0,26.0,,,,0.0,,,,,,1.0,,0.0007905732073457953,0.0,,,,,,True
gnn_st,post_covid,gnn_st,2,neighborhood,Agler/Cassidy,flu_season,0.98,IT98,124.72586226376617,26,0.0,0.0,0.0,0.0,0.0,26.0,,,,0.0,,,,,,1.0,,3.2255167782544313e-09,0.0,,,,,,True
gnn_st,post_covid,gnn_st,2,neighborhood,Bexley,overall,,bands,,53,,,,,,,,,,,,,,,,,,,,,0.8679245283018868,0.9622641509433962,0.1327272727272728,-0.1509433962264151,False
gnn_st,post_covid,gnn_st,2,neighborhood,Bexley,overall,0.5,IT50,24.605454693531783,53,8.0,0.1509433962264151,2.0,1.0,6.0,44.0,0.25,0.3333333333333333,0.6666666666666666,0.022222222222222223,0.2222222222222222,0.36363636363636365,0.22777777777777777,0.30654205607476637,0.3528718159877869,0.8679245283018868,0.375,0.0885836272299996,0.12815948736205057,0.30880164197480875,,,,,False
gnn_st,post_covid,gnn_st,2,neighborhood,Bexley,overall,0.9,IT90,37.5430295506582,53,2.0,0.03773584905660377,0.0,0.0,2.0,51.0,0.0,,,0.0,0.0,0.0,0.0,0.0,,0.9622641509433962,0.0,0.037862320152993054,0.03631185475258099,-0.042698601076053944,,,,,True
gnn_st,post_covid,gnn_st,2,neighborhood,Bexley,overall,0.98,IT98,49.19357270883574,53,1.0,0.018867924528301886,0.0,0.0,1.0,52.0,0.0,,,0.0,0.0,0.0,0.0,0.0,,0.9811320754716981,0.0,0.018962882409726108,0.018511925952296185,-0.024360320940781888,,,,,True
gnn_st,post_covid,gnn_st,2,neighborhood,Bexley,flu_season,,bands,,26,,,,,,,,,,,,,,,,,,,,,0.7692307692307693,0.9230769230769231,0.09053497942386846,-0.2692307692307692,False
gnn_st,post_covid,gnn_st,2,neighborhood,Bexley,flu_season,0.5,IT50,24.605454693531783,26,7.0,0.2692307692307692,2.0,1.0,5.0,18.0,0.2857142857142857,0.3333333333333333,0.6666666666666666,0.05263157894736842,0.25,0.4,0.23308270676691728,0.28440366972477066,0.32360209754104324,0.7692307692307693,0.42857142857142855,0.14199092680901676,0.19674556213017758,0.2783017554669527,,,,,False
gnn_st,post_covid,gnn_st,2,neighborhood,Bexley,flu_season,0.9,IT90,37.5430295506582,26,2.0,0.07692307692307693,0.0,0.0,2.0,24.0,0.0,,,0.0,0.0,0.0,0.0,0.0,,0.9230769230769231,0.0,0.07718088247397371,0.07100591715976333,-0.08696409484179624,,,,,True
gnn_st,post_covid,gnn_st,2,neighborhood,Bexley,flu_season,0.98,IT98,49.19357270883574,26,1.0,0.038461538461538464,0.0,0.0,1.0,25.0,0.0,,,0.0,0.0,0.0,0.0,0.0,,0.9615384615384616,0.0,0.03865510645059545,0.036982248520710054,-0.04523407842410121,,,,,True
gnn_st,post_covid,gnn_st,2,neighborhood,Clintonville/Near North,overall,,bands,,53,,,,,,,,,,,,,,,,,,,,,0.8301886792452831,0.9811320754716981,0.6150121065375304,-0.1509433962264151,False
gnn_st,post_covid,gnn_st,2,neighborhood,Clintonville/Near North,overall,0.5,IT50,15.728895715230147,53,11.0,0.20754716981132076,7.0,1.0,4.0,41.0,0.6363636363636364,0.125,0.875,0.023809523809523808,0.5833333333333334,0.7368421052631579,0.6125541125541125,0.681107099879663,0.6939276576384559,0.9056603773584906,0.7272727272727273,0.0662877245722532,0.1644713421146316,0.5969648954037681,,,,,False
gnn_st,post_covid,gnn_st,2,neighborhood,Clintonville/Near North,overall,0.9,IT90,22.099499115677975,53,4.0,0.07547169811320754,0.0,0.0,4.0,49.0,0.0,,,0.0,0.0,0.0,0.0,0.0,,0.9245283018867925,0.0,0.04643550251045231,0.06977572089711641,0.3345034359598952,,,,,True
gnn_st,post_covid,gnn_st,2,neighborhood,Clintonville/Near North,overall,0.98,IT98,27.469599865392972,53,1.0,0.018867924528301886,0.0,0.0,1.0,52.0,0.0,,,0.0,0.0,0.0,0.0,0.0,,0.9811320754716981,0.0,0.018744844904427984,0.018511925952296185,-0.012582102625735114,,,,,True
gnn_st,post_covid,gnn_st,2,neighborhood,Clintonville/Near North,flu_season,,bands,,26,,,,,,,,,,,,,,,,,,,,,0.6538461538461539,0.9615384615384616,0.5411764705882353,-0.3076923076923077,False
gnn_st,post_covid,gnn_st,2,neighborhood,Clintonville/Near North,flu_season,0.5,IT50,15.728895715230147,26,11.0,0.4230769230769231,7.0,1.0,4.0,14.0,0.6363636363636364,0.125,0.875,0.06666666666666667,0.5833333333333334,0.7368421052631579,0.5696969696969697,0.5911949685534591,0.6098241729265264,0.8076923076923077,0.7272727272727273,0.13389180846317408,0.24408284023668633,0.45144931805390487,,,,,False
gnn_st,post_covid,gnn_st,2,neighborhood,Clintonville/Near North,flu_season,0.9,IT90,22.099499115677975,26,4.0,0.15384615384615385,0.0,0.0,4.0,22.0,0.0,,,0.0,0.0,0.0,0.0,0.0,,0.8461538461538461,0.0,0.09465341494157695,0.13017751479289943,0.27288967613061366,,,,,True
gnn_st,post_covid,gnn_st,2,neighborhood,Clintonville/Near North,flu_season,0.98,IT98,27.469599865392972,26,1.0,0.038461538461538464,0.0,0.0,1.0,25.0,0.0,,,0.0,0.0,0.0,0.0,0.0,,0.9615384615384616,0.0,0.0382106413035386,0.036982248520710054,-0.03321574084768386,,,,,True
gnn_st,post_covid,gnn_st,2,neighborhood,Dublin,overall,,bands,,53,,,,,,,,,,,,,,,,,,,,,0.8490566037735849,1.0,0.4916067146282974,-0.07547169811320754,False
gnn_st,post_covid,gnn_st,2,neighborhood,Dublin,overall,0.5,IT50,8.038849454818003,53,9.0,0.16981132075471697,4.0,2.0,5.0,42.0,0.4444444444444444,0.3333333333333333,0.6666666666666666,0.045454545454545456,0.36363636363636365,0.5333333333333333,0.39898989898989895,0.45997088791848617,0.47280813450930637,0.8679245283018868,0.6666666666666666,0.09631210374666871,0.14097543609825564,0.31681641559496887,,,,,False
gnn_st,post_covid,gnn_st,2,neighborhood,Dublin,overall,0.9,IT90,14.1626396504559,53,1.0,0.018867924528301886,0.0,0.0,1.0,52.0,0.0,,,0.0,0.0,0.0,0.0,0.0,,0.9811320754716981,0.0,0.019178365526375567,0.018511925952296185,-0.03600055314594197,,,,,True
gnn_st,post_covid,gnn_st,2,neighborhood,Dublin,overall,0.98,IT98,20.345693253667104,53,0.0,0.0,0.0,0.0,0.0,53.0,,,,0.0,,,,,,1.0,,0.0003789787384478517,0.0,,,,,,True
gnn_st,post_covid,gnn_st,2,neighborhood,Dublin,flu_season,,bands,,26,,,,,,,,,,,,,,,,,,,,,0.7307692307692307,1.0,0.45508982035928136,-0.11538461538461539,False
gnn_st,post_covid,gnn_st,2,neighborhood,Dublin,flu_season,0.5,IT50,8.038849454818003,26,8.0,0.3076923076923077,4.0,2.0,4.0,16.0,0.5,0.3333333333333333,0.6666666666666666,0.1111111111111111,0.4,0.5714285714285714,0.3888888888888889,0.417910447761194,0.42600643361512924,0.7692307692307693,0.75,0.15892597243281703,0.21301775147928986,0.25393085163483087,,,,,False
gnn_st,post_covid,gnn_st,2,neighborhood,Dublin,flu_season,0.9,IT90,14.1626396504559,26,1.0,0.038461538461538464,0.0,0.0,1.0,25.0,0.0,,,0.0,0.0,0.0,0.0,0.0,,0.9615384615384616,0.0,0.03909327478920873,0.036982248520710054,-0.05708215030020414,,,,,True
gnn_st,post_covid,gnn_st,2,neighborhood,Dublin,flu_season,0.98,IT98,20.345693253667104,26,0.0,0.0,0.0,0.0,0.0,26.0,,,,0.0,,,,,,1.0,,0.000772533579952392,0.0,,,,,,True
gnn_st,post_covid,gnn_st,2,neighborhood,Eastside,overall,,bands,,53,,,,,,,,,,,,,,,,,,,,,0.9056603773584906,1.0,0.6272855133614628,-0.018867924528301886,False
gnn_st,post_covid,gnn_st,2,neighborhood,Eastside,overall,0.5,IT50,53.89825474693718,53,6.0,0.11320754716981132,4.0,2.0,2.0,45.0,0.6666666666666666,0.3333333333333333,0.6666666666666666,0.0425531914893617,0.5,0.6666666666666666,0.624113475177305,0.624113475177305,0.624113475177305,0.9245283018867925,1.0,0.052601077775178785,0.10039159843360627,0.4760410373387334,,,,,False
gnn_st,post_covid,gnn_st,2,neighborhood,Eastside,overall,0.9,IT90,89.53274062296502,53,1.0,0.018867924528301886,0.0,0.0,1.0,52.0,0.0,,,0.0,0.0,0.0,0.0,0.0,,0.9811320754716981,0.0,0.018681383946934544,0.018511925952296185,-0.00915399051806065,,,,,True
gnn_st,post_covid,gnn_st,2,neighborhood,Eastside,overall,0.98,IT98,123.87134674281285,53,0.0,0.0,0.0,0.0,0.0,53.0,,,,0.0,,,,,,1.0,,9.591171329086625e-09,0.0,,,,,,True
gnn_st,post_covid,gnn_st,2,neighborhood,Eastside,flu_season,,bands,,26,,,,,,,,,,,,,,,,,,,,,0.8076923076923077,1.0,0.5751633986928104,-0.038461538461538464,False
gnn_st,post_covid,gnn_st,2,neighborhood,Eastside,flu_season,0.5,IT50,53.89825474693718,26,6.0,0.23076923076923078,4.0,2.0,2.0,18.0,0.6666666666666666,0.3333333333333333,0.6666666666666666,0.1,0.5,0.6666666666666666,0.5666666666666667,0.5666666666666667,0.5666666666666667,0.8461538461538461,1.0,0.10721593936572794,0.17751479289940827,0.39601687490639925,,,,,False
gnn_st,post_covid,gnn_st,2,neighborhood,Eastside,flu_season,0.9,IT90,89.53274062296502,26,1.0,0.038461538461538464,0.0,0.0,1.0,25.0,0.0,,,0.0,0.0,0.0,0.0,0.0,,0.9615384615384616,0.0,0.03808128266105887,0.036982248520710054,-0.029717883155031988,,,,,True
gnn_st,post_covid,gnn_st,2,neighborhood,Eastside,flu_season,0.98,IT98,123.87134674281285,26,0.0,0.0,0.0,0.0,0.0,26.0,,,,0.0,,,,,,1.0,,1.955123386313812e-08,0.0,,,,,,True
gnn_st,post_covid,gnn_st,2,neighborhood,Far East,overall,,bands,,53,,,,,,,,,,,,,,,,,,,,,0.9245283018867925,1.0,0.6835820895522389,0.0,False
gnn_st,post_covid,gnn_st,2,neighborhood,Far East,overall,0.5,IT50,76.01095931639992,53,5.0,0.09433962264150944,4.0,2.0,1.0,46.0,0.8,0.3333333333333333,0.6666666666666666,0.041666666666666664,0.5714285714285714,0.7272727272727273,0.7583333333333334,0.6959847036328872,0.6995861660885712,0.9433962264150944,1.2,0.0484875295274514,0.08543965824136704,0.4324938731557876,,,,,False
gnn_st,post_covid,gnn_st,2,neighborhood,Far East,overall,0.9,IT90,119.58175049878095,53,1.0,0.018867924528301886,0.0,0.0,1.0,52.0,0.0,,,0.0,0.0,0.0,0.0,0.0,,0.9811320754716981,0.0,0.018742743717391697,0.018511925952296185,-0.012468598118332563,,,,,True
gnn_st,post_covid,gnn_st,2,neighborhood,Far East,overall,0.98,IT98,159.7885780471188,53,0.0,0.0,0.0,0.0,0.0,53.0,,,,0.0,,,,,,1.0,,3.9755842721953006e-08,0.0,,,,,,True
gnn_st,post_covid,gnn_st,2,neighborhood,Far East,flu_season,,bands,,26,,,,,,,,,,,,,,,,,,,,,0.8461538461538461,1.0,0.6438356164383562,0.0,False
gnn_st,post_covid,gnn_st,2,neighborhood,Far East,flu_season,0.5,IT50,76.01095931639992,26,5.0,0.19230769230769232,4.0,2.0,1.0,19.0,0.8,0.3333333333333333,0.6666666666666666,0.09523809523809523,0.5714285714285714,0.7272727272727273,0.7047619047619048,0.6548672566371682,0.6592443967173135,0.8846153846153846,1.2,0.09883498466967605,0.15532544378698226,0.3636909558409428,,,,,False
gnn_st,post_covid,gnn_st,2,neighborhood,Far East,flu_season,0.9,IT90,119.58175049878095,26,1.0,0.038461538461538464,0.0,0.0,1.0,25.0,0.0,,,0.0,0.0,0.0,0.0,0.0,,0.9615384615384616,0.0,0.03820636219314461,0.036982248520710054,-0.03310003370263037,,,,,True
gnn_st,post_covid,gnn_st,2,neighborhood,Far East,flu_season,0.98,IT98,159.7885780471188,26,0.0,0.0,0.0,0.0,0.0,26.0,,,,0.0,,,,,,1.0,,8.104075631782728e-08,0.0,,,,,,True
gnn_st,post_covid,gnn_st,2,neighborhood,Far South,overall,,bands,,53,,,,,,,,,,,,,,,,,,,,,0.8679245283018868,1.0,0.29601518026565465,-0.05660377358490566,False
gnn_st,post_covid,gnn_st,2,neighborhood,Far South,overall,0.5,IT50,69.7066330370401,53,7.0,0.1320754716981132,2.0,2.0,5.0,44.0,0.2857142857142857,0.5,0.5,0.043478260869565216,0.2222222222222222,0.36363636363636365,0.24223602484472048,0.29601518026565465,0.31048357557769657,0.8679245283018868,0.5714285714285714,0.06866943335064575,0.11463154147383411,0.4009551606150189,,,,,False
gnn_st,post_covid,gnn_st,2,neighborhood,Far South,overall,0.9,IT90,121.95949130896,53,0.0,0.0,0.0,0.0,0.0,53.0,,,,0.0,,,,,,1.0,,1.4306809227892378e-05,0.0,,,,,,True
gnn_st,post_covid,gnn_st,2,neighborhood,Far South,overall,0.98,IT98,174.42921640712913,53,0.0,0.0,0.0,0.0,0.0,53.0,,,,0.0,,,,,,1.0,,3.769748206774343e-13,0.0,,,,,,True
gnn_st,post_covid,gnn_st,2,neighborhood,Far South,flu_season,,bands,,26,,,,,,,,,,,,,,,,,,,,,0.7307692307692307,1.0,0.20869565217391306,-0.11538461538461539,False
gnn_st,post_covid,gnn_st,2,neighborhood,Far South,flu_season,0.5,IT50,69.7066330370401,26,7.0,0.2692307692307692,2.0,2.0,5.0,17.0,0.2857142857142857,0.5,0.5,0.10526315789473684,0.2222222222222222,0.36363636363636365,0.18045112781954886,0.20869565217391303,0.2218421599939607,0.7307692307692307,0.5714285714285714,0.13997880915653957,0.19674556213017758,0.2885287594750322,,,,,False
gnn_st,post_covid,gnn_st,2,neighborhood,Far South,flu_season,0.9,IT90,121.95949130896,26,0.0,0.0,0.0,0.0,0.0,26.0,,,,0.0,,,,,,1.0,,2.9163880349165235e-05,0.0,,,,,,True
gnn_st,post_covid,gnn_st,2,neighborhood,Far South,flu_season,0.98,IT98,174.42921640712913,26,0.0,0.0,0.0,0.0,0.0,26.0,,,,0.0,,,,,,1.0,,7.684486729193853e-13,0.0,,,,,,True
gnn_st,post_covid,gnn_st,2,neighborhood,Far Southeast,overall,,bands,,53,,,,,,,,,,,,,,,,,,,,,0.9433962264150944,1.0,0.6361556064073228,-0.018867924528301886,False
gnn_st,post_covid,gnn_st,2,neighborhood,Far Southeast,overall,0.5,IT50,10.956265259525463,53,5.0,0.09433962264150944,3.0,1.0,2.0,47.0,0.6,0.25,0.75,0.020833333333333332,0.5,0.6666666666666666,0.5791666666666666,0.6361556064073226,0.6408865299081321,0.9433962264150944,0.8,0.07004470264869797,0.08543965824136704,0.1801851260825309,,,,,False
gnn_st,post_covid,gnn_st,2,neighborhood,Far Southeast,overall,0.9,IT90,18.40391015194404,53,0.0,0.0,0.0,0.0,0.0,53.0,,,,0.0,,,,,,1.0,,0.001972193738679453,0.0,,,,,,True
gnn_st,post_covid,gnn_st,2,neighborhood,Far Southeast,overall,0.98,IT98,25.644566505740826,53,0.0,0.0,0.0,0.0,0.0,53.0,,,,0.0,,,,,,1.0,,1.7752523870972886e-05,0.0,,,,,,True
gnn_st,post_covid,gnn_st,2,neighborhood,Far Southeast,flu_season,,bands,,26,,,,,,,,,,,,,,,,,,,,,0.8846153846153846,1.0,0.5979381443298969,-0.038461538461538464,False
gnn_st,post_covid,gnn_st,2,neighborhood,Far Southeast,flu_season,0.5,IT50,10.956265259525463,26,5.0,0.19230769230769232,3.0,1.0,2.0,20.0,0.6,0.25,0.75,0.047619047619047616,0.5,0.6666666666666666,0.5523809523809524,0.5979381443298969,0.6033815244679472,0.8846153846153846,0.8,0.13972597853277618,0.15532544378698226,0.10043084296993632,,,,,False
gnn_st,post_covid,gnn_st,2,neighborhood,Far Southeast,flu_season,0.9,IT90,18.40391015194404,26,0.0,0.0,0.0,0.0,0.0,26.0,,,,0.0,,,,,,1.0,,0.004018824645222329,0.0,,,,,,True
gnn_st,post_covid,gnn_st,2,neighborhood,Far Southeast,flu_season,0.98,IT98,25.644566505740826,26,0.0,0.0,0.0,0.0,0.0,26.0,,,,0.0,,,,,,1.0,,3.618782143680471e-05,0.0,,,,,,True
gnn_st,post_covid,gnn_st,2,neighborhood,Far Southwest,overall,,bands,,53,,,,,,,,,,,,,,,,,,,,,0.9811320754716981,1.0,0.8787185354691076,-0.018867924528301886,False
gnn_st,post_covid,gnn_st,2,neighborhood,Far Southwest,overall,0.5,IT50,34.041053932580134,53,5.0,0.09433962264150944,4.0,0.0,1.0,48.0,0.8,0.0,1.0,0.0,0.8,0.8888888888888888,0.8,0.8787185354691075,0.885253336275981,0.9811320754716981,0.8,0.02808653218416493,0.08543965824136704,0.6712705462278363,,,,,False
gnn_st,post_covid,gnn_st,2,neighborhood,Far Southwest,overall,0.9,IT90,54.68112356483704,53,0.0,0.0,0.0,0.0,0.0,53.0,,,,0.0,,,,,,1.0,,0.0009166351667859323,0.0,,,,,,True
gnn_st,post_covid,gnn_st,2,neighborhood,Far Southwest,overall,0.98,IT98,74.04650918881951,53,0.0,0.0,0.0,0.0,0.0,53.0,,,,0.0,,,,,,1.0,,5.615165630379007e-07,0.0,,,,,,True
gnn_st,post_covid,gnn_st,2,neighborhood,Far Southwest,flu_season,,bands,,26,,,,,,,,,,,,,,,,,,,,,0.9615384615384616,1.0,0.865979381443299,-0.038461538461538464,False
gnn_st,post_covid,gnn_st,2,neighborhood,Far Southwest,flu_season,0.5,IT50,34.041053932580134,26,5.0,0.19230769230769232,4.0,0.0,1.0,21.0,0.8,0.0,1.0,0.0,0.8,0.8888888888888888,0.8,0.865979381443299,0.873862897505303,0.9615384615384616,0.8,0.057238046693999615,0.15532544378698226,0.6314960041414882,,,,,False
gnn_st,post_covid,gnn_st,2,neighborhood,Far Southwest,flu_season,0.9,IT90,54.68112356483704,26,0.0,0.0,0.0,0.0,0.0,26.0,,,,0.0,,,,,,1.0,,0.0018685255322593566,0.0,,,,,,True
gnn_st,post_covid,gnn_st,2,neighborhood,Far Southwest,flu_season,0.98,IT98,74.04650918881951,26,0.0,0.0,0.0,0.0,0.0,26.0,,,,0.0,,,,,,1.0,,1.1446299169618744e-06,0.0,,,,,,True
gnn_st,post_covid,gnn_st,2,neighborhood,Hilliard,overall,,bands,,53,,,,,,,,,,,,,,,,,,,,,0.8867924528301887,1.0,0.5077399380804954,-0.03773584905660377,False
gnn_st,post_covid,gnn_st,2,neighborhood,Hilliard,overall,0.5,IT50,19.24134804712757,53,8.0,0.1509433962264151,4.0,2.0,4.0,43.0,0.5,0.3333333333333333,0.6666666666666666,0.044444444444444446,0.4,0.5714285714285714,0.45555555555555555,0.5077399380804953,0.5147164443890514,0.8867924528301887,0.75,0.0730549189061204,0.12815948736205057,0.42996870220196626,,,,,False
gnn_st,post_covid,gnn_st,2,neighborhood,Hilliard,overall,0.9,IT90,34.52709434950146,53,0.0,0.0,0.0,0.0,0.0,53.0,,,,0.0,,,,,,1.0,,0.0015166555838160795,0.0,,,,,,True
gnn_st,post_covid,gnn_st,2,neighborhood,Hilliard,overall,0.98,IT98,50.186768532537315,53,0.0,0.0,0.0,0.0,0.0,53.0,,,,0.0,,,,,,1.0,,1.2834963160887952e-06,0.0,,,,,,True
gnn_st,post_covid,gnn_st,2,neighborhood,Hilliard,flu_season,,bands,,26,,,,,,,,,,,,,,,,,,,,,0.7692307692307693,1.0,0.4179104477611939,-0.07692307692307693,False
gnn_st,post_covid,gnn_st,2,neighborhood,Hilliard,flu_season,0.5,IT50,19.24134804712757,26,8.0,0.3076923076923077,4.0,2.0,4.0,16.0,0.5,0.3333333333333333,0.6666666666666666,0.1111111111111111,0.4,0.5714285714285714,0.3888888888888889,0.417910447761194,0.42600643361512924,0.7692307692307693,0.75,0.14851402256592372,0.21301775147928986,0.30280917184330225,,,,,False
gnn_st,post_covid,gnn_st,2,neighborhood,Hilliard,flu_season,0.9,IT90,34.52709434950146,26,0.0,0.0,0.0,0.0,0.0,26.0,,,,0.0,,,,,,1.0,,0.0030916440309843793,0.0,,,,,,True
gnn_st,post_covid,gnn_st,2,neighborhood,Hilliard,flu_season,0.98,IT98,50.186768532537315,26,0.0,0.0,0.0,0.0,0.0,26.0,,,,0.0,,,,,,1.0,,2.616357875104082e-06,0.0,,,,,,True
gnn_st,post_covid,gnn_st,2,neighborhood,Linden,overall,,bands,,53,,,,,,,,,,,,,,,,,,,,,0.9056603773584906,1.0,0.5619834710743803,-0.018867924528301886,False
gnn_st,post_covid,gnn_st,2,neighborhood,Linden,overall,0.5,IT50,53.62727596624066,53,7.0,0.1320754716981132,4.0,2.0,3.0,44.0,0.5714285714285714,0.3333333333333333,0.6666666666666666,0.043478260869565216,0.4444444444444444,0.6153846153846154,0.5279503105590062,0.5619834710743802,0.5641523887327573,0.9056603773584906,0.8571428571428571,0.06721600066966273,0.1146315414738341,0.4136343295618553,,,,,False
gnn_st,post_covid,gnn_st,2,neighborhood,Linden,overall,0.9,IT90,82.61523156370409,53,0.0,0.0,0.0,0.0,0.0,53.0,,,,0.0,,,,,,1.0,,0.0002725336663230918,0.0,,,,,,True
gnn_st,post_covid,gnn_st,2,neighborhood,Linden,overall,0.98,IT98,108.92078323683364,53,0.0,0.0,0.0,0.0,0.0,53.0,,,,0.0,,,,,,1.0,,2.594947719525821e-08,0.0,,,,,,True
gnn_st,post_covid,gnn_st,2,neighborhood,Linden,flu_season,,bands,,26,,,,,,,,,,,,,,,,,,,,,0.8076923076923077,1.0,0.4881889763779528,-0.038461538461538464,False
gnn_st,post_covid,gnn_st,2,neighborhood,Linden,flu_season,0.5,IT50,53.62727596624066,26,7.0,0.2692307692307692,4.0,2.0,3.0,17.0,0.5714285714285714,0.3333333333333333,0.6666666666666666,0.10526315789473684,0.4444444444444444,0.6153846153846154,0.46616541353383456,0.4881889763779528,0.49076687981751027,0.8076923076923077,0.8571428571428571,0.13700245954880924,0.19674556213017758,0.30365667176695477,,,,,False
gnn_st,post_covid,gnn_st,2,neighborhood,Linden,flu_season,0.9,IT90,82.61523156370409,26,0.0,0.0,0.0,0.0,0.0,26.0,,,,0.0,,,,,,1.0,,0.000555549396728164,0.0,,,,,,True
gnn_st,post_covid,gnn_st,2,neighborhood,Linden,flu_season,0.98,IT98,108.92078323683364,26,0.0,0.0,0.0,0.0,0.0,26.0,,,,0.0,,,,,,1.0,,5.289701120571867e-08,0.0,,,,,,True
gnn_st,post_covid,gnn_st,2,neighborhood,NE Suburban,overall,,bands,,53,,,,,,,,,,,,,,,,,,,,,0.9056603773584906,0.9811320754716981,0.1620553359683795,-0.07547169811320754,False
gnn_st,post_covid,gnn_st,2,neighborhood,NE Suburban,overall,0.5,IT50,27.312493683860776,53,5.0,0.09433962264150944,1.0,1.0,4.0,47.0,0.2,0.5,0.5,0.020833333333333332,0.16666666666666666,0.2857142857142857,0.17916666666666667,0.245014245014245,0.2748291210036411,0.9056603773584906,0.4,0.06601825131054734,0.08543965824136704,0.2273113836194689,,,,,False
gnn_st,post_covid,gnn_st,2,neighborhood,NE Suburban,overall,0.9,IT90,41.22759712033061,53,1.0,0.018867924528301886,0.0,0.0,1.0,52.0,0.0,,,0.0,0.0,0.0,0.0,0.0,,0.9811320754716981,0.0,0.02134751863801367,0.018511925952296185,-0.1531765356573156,,,,,True
gnn_st,post_covid,gnn_st,2,neighborhood,NE Suburban,overall,0.98,IT98,53.6511443833241,53,0.0,0.0,0.0,0.0,0.0,53.0,,,,0.0,,,,,,1.0,,0.0002386756319293648,0.0,,,,,,True
gnn_st,post_covid,gnn_st,2,neighborhood,NE Suburban,flu_season,,bands,,26,,,,,,,,,,,,,,,,,,,,,0.8076923076923077,0.9615384615384616,0.11864406779661008,-0.15384615384615385,False
gnn_st,post_covid,gnn_st,2,neighborhood,NE Suburban,flu_season,0.5,IT50,27.312493683860776,26,5.0,0.19230769230769232,1.0,1.0,4.0,20.0,0.2,0.5,0.5,0.047619047619047616,0.16666666666666666,0.2857142857142857,0.1523809523809524,0.19753086419753085,0.2253744679276044,0.8076923076923077,0.4,0.13444350177992653,0.15532544378698226,0.1344399313978064,,,,,False
gnn_st,post_covid,gnn_st,2,neighborhood,NE Suburban,flu_season,0.9,IT90,41.22759712033061,26,1.0,0.038461538461538464,0.0,0.0,1.0,25.0,0.0,,,0.0,0.0,0.0,0.0,0.0,,0.9615384615384616,0.0,0.04351609487770113,0.036982248520710054,-0.17667520549303872,,,,,True
gnn_st,post_covid,gnn_st,2,neighborhood,NE Suburban,flu_season,0.98,IT98,53.6511443833241,26,0.0,0.0,0.0,0.0,0.0,26.0,,,,0.0,,,,,,1.0,,0.00048653109585595014,0.0,,,,,,True
gnn_st,post_covid,gnn_st,2,neighborhood,Northland,overall,,bands,,53,,,,,,,,,,,,,,,,,,,,,0.9056603773584906,1.0,0.39359267734553793,-0.018867924528301886,False
gnn_st,post_covid,gnn_st,2,neighborhood,Northland,overall,0.5,IT50,56.127661353876796,53,5.0,0.09433962264150944,2.0,2.0,3.0,46.0,0.4,0.5,0.5,0.041666666666666664,0.2857142857142857,0.4444444444444444,0.35833333333333334,0.39359267734553777,0.3965197235402832,0.9056603773584906,0.8,0.06416684052222181,0.08543965824136704,0.24898060405449562,,,,,False
gnn_st,post_covid,gnn_st,2,neighborhood,Northland,overall,0.9,IT90,89.91407794411414,53,0.0,0.0,0.0,0.0,0.0,53.0,,,,0.0,,,,,,1.0,,0.000306399057387625,0.0,,,,,,True
gnn_st,post_covid,gnn_st,2,neighborhood,Northland,overall,0.98,IT98,121.54516325409915,53,0.0,0.0,0.0,0.0,0.0,53.0,,,,0.0,,,,,,1.0,,7.3939059352348274e-09,0.0,,,,,,True
gnn_st,post_covid,gnn_st,2,neighborhood,Northland,flu_season,,bands,,26,,,,,,,,,,,,,,,,,,,,,0.8076923076923077,1.0,0.3298969072164949,-0.038461538461538464,False
gnn_st,post_covid,gnn_st,2,neighborhood,Northland,flu_season,0.5,IT50,56.127661353876796,26,5.0,0.19230769230769232,2.0,2.0,3.0,19.0,0.4,0.5,0.5,0.09523809523809523,0.2857142857142857,0.4444444444444444,0.3047619047619048,0.32989690721649484,0.3329001514305916,0.8076923076923077,0.8,0.1307533668849268,0.15532544378698226,0.1581973712932332,,,,,False
gnn_st,post_covid,gnn_st,2,neighborhood,Northland,flu_season,0.9,IT90,89.91407794411414,26,0.0,0.0,0.0,0.0,0.0,26.0,,,,0.0,,,,,,1.0,,0.0006245826938990157,0.0,,,,,,True
gnn_st,post_covid,gnn_st,2,neighborhood,Northland,flu_season,0.98,IT98,121.54516325409915,26,0.0,0.0,0.0,0.0,0.0,26.0,,,,0.0,,,,,,1.0,,1.5072192867978688e-08,0.0,,,,,,True
gnn_st,post_covid,gnn_st,2,neighborhood,UA/Grandview,overall,,bands,,53,,,,,,,,,,,,,,,,,,,,,0.8867924528301887,1.0,0.33750000000000013,0.0,False
gnn_st,post_covid,gnn_st,2,neighborhood,UA/Grandview,overall,0.5,IT50,8.143164584776198,53,5.0,0.09433962264150944,2.0,3.0,3.0,45.0,0.4,0.6,0.4,0.0625,0.25,0.4,0.3375,0.3375,0.3375,0.8867924528301887,1.0,0.07703444660946598,0.08543965824136704,0.09837599780837525,,,,,False
gnn_st,post_covid,gnn_st,2,neighborhood,UA/Grandview,overall,0.9,IT90,16.706142473783938,53,0.0,0.0,0.0,0.0,0.0,53.0,,,,0.0,,,,,,1.0,,0.003357279251609543,0.0,,,,,,True
gnn_st,post_covid,gnn_st,2,neighborhood,UA/Grandview,overall,0.98,IT98,26.455007113900507,53,0.0,0.0,0.0,0.0,0.0,53.0,,,,0.0,,,,,,1.0,,9.91147953985735e-06,0.0,,,,,,True
gnn_st,post_covid,gnn_st,2,neighborhood,UA/Grandview,flu_season,,bands,,26,,,,,,,,,,,,,,,,,,,,,0.7692307692307693,1.0,0.25714285714285723,0.0,False
gnn_st,post_covid,gnn_st,2,neighborhood,UA/Grandview,flu_season,0.5,IT50,8.143164584776198,26,5.0,0.19230769230769232,2.0,3.0,3.0,18.0,0.4,0.6,0.4,0.14285714285714285,0.25,0.4,0.2571428571428572,0.2571428571428571,0.2571428571428571,0.7692307692307693,1.0,0.15524525346832446,0.15532544378698226,0.0005162729086921614,,,,,False
gnn_st,post_covid,gnn_st,2,neighborhood,UA/Grandview,flu_season,0.9,IT90,16.706142473783938,26,0.0,0.0,0.0,0.0,0.0,26.0,,,,0.0,,,,,,1.0,,0.006843682492592479,0.0,,,,,,True
gnn_st,post_covid,gnn_st,2,neighborhood,UA/Grandview,flu_season,0.98,IT98,26.455007113900507,26,0.0,0.0,0.0,0.0,0.0,26.0,,,,0.0,,,,,,1.0,,2.020416983124767e-05,0.0,,,,,,True
gnn_st,post_covid,gnn_st,2,neighborhood,West,overall,,bands,,53,,,,,,,,,,,,,,,,,,,,,0.9056603773584906,1.0,0.2363112391930836,0.018867924528301886,False
gnn_st,post_covid,gnn_st,2,neighborhood,West,overall,0.5,IT50,73.15037971354549,53,3.0,0.05660377358490566,1.0,3.0,2.0,47.0,0.3333333333333333,0.75,0.25,0.06,0.16666666666666666,0.2857142857142857,0.2733333333333333,0.23631123919308358,0.23911685584311976,0.9056603773584906,1.3333333333333333,0.04107660553267726,0.05339978640085441,0.2307721003913974,,,,,True
gnn_st,post_covid,gnn_st,2,neighborhood,West,overall,0.9,IT90,114.1022318647041,53,0.0,0.0,0.0,0.0,0.0,53.0,,,,0.0,,,,,,1.0,,3.3144228090782345e-05,0.0,,,,,,True
gnn_st,post_covid,gnn_st,2,neighborhood,West,overall,0.98,IT98,151.63555393306305,53,0.0,0.0,0.0,0.0,0.0,53.0,,,,0.0,,,,,,1.0,,3.3532419101675923e-10,0.0,,,,,,True
gnn_st,post_covid,gnn_st,2,neighborhood,West,flu_season,,bands,,26,,,,,,,,,,,,,,,,,,,,,0.8076923076923077,1.0,0.1772151898734179,0.038461538461538464,False
gnn_st,post_covid,gnn_st,2,neighborhood,West,flu_season,0.5,IT50,73.15037971354549,26,3.0,0.11538461538461539,1.0,3.0,2.0,20.0,0.3333333333333333,0.75,0.25,0.13043478260869565,0.16666666666666666,0.2857142857142857,0.20289855072463767,0.17721518987341772,0.17966445081877086,0.8076923076923077,1.3333333333333333,0.08373265318806362,0.10207100591715977,0.1796627020995506,,,,,True
gnn_st,post_covid,gnn_st,2,neighborhood,West,flu_season,0.9,IT90,114.1022318647041,26,0.0,0.0,0.0,0.0,0.0,26.0,,,,0.0,,,,,,1.0,,6.75632341850563e-05,0.0,,,,,,True
gnn_st,post_covid,gnn_st,2,neighborhood,West,flu_season,0.98,IT98,151.63555393306305,26,0.0,0.0,0.0,0.0,0.0,26.0,,,,0.0,,,,,,1.0,,6.835454663033938e-10,0.0,,,,,,True
gnn_st,post_covid,gnn_st,2,neighborhood,Westerville,overall,,bands,,53,,,,,,,,,,,,,,,,,,,,,0.8867924528301887,0.9811320754716981,0.4246079613992765,-0.09433962264150944,False
gnn_st,post_covid,gnn_st,2,neighborhood,Westerville,overall,0.5,IT50,24.33364195874595,53,7.0,0.1320754716981132,3.0,1.0,4.0,45.0,0.42857142857142855,0.25,0.75,0.021739130434782608,0.375,0.5454545454545454,0.40683229813664595,0.4971537001897533,0.5214531846240801,0.9056603773584906,0.5714285714285714,0.07314928336894984,0.1146315414738341,0.36187472986527913,,,,,False
gnn_st,post_covid,gnn_st,2,neighborhood,Westerville,overall,0.9,IT90,36.408491039457616,53,2.0,0.03773584905660377,0.0,0.0,2.0,51.0,0.0,,,0.0,0.0,0.0,0.0,0.0,,0.9622641509433962,0.0,0.032907698780758554,0.03631185475258099,0.09374778553773744,,,,,True
gnn_st,post_covid,gnn_st,2,neighborhood,Westerville,overall,0.98,IT98,47.11324141772458,53,0.0,0.0,0.0,0.0,0.0,53.0,,,,0.0,,,,,,1.0,,0.000501004669338104,0.0,,,,,,True
gnn_st,post_covid,gnn_st,2,neighborhood,Westerville,flu_season,,bands,,26,,,,,,,,,,,,,,,,,,,,,0.7692307692307693,0.9615384615384616,0.3675675675675676,-0.19230769230769232,False
gnn_st,post_covid,gnn_st,2,neighborhood,Westerville,flu_season,0.5,IT50,24.33364195874595,26,7.0,0.2692307692307692,3.0,1.0,4.0,18.0,0.42857142857142855,0.25,0.75,0.05263157894736842,0.375,0.5454545454545454,0.37593984962406013,0.43478260869565216,0.46217116665408475,0.8076923076923077,0.5714285714285714,0.14869530626119876,0.19674556213017758,0.244225360657366,,,,,False
gnn_st,post_covid,gnn_st,2,neighborhood,Westerville,flu_season,0.9,IT90,36.408491039457616,26,2.0,0.07692307692307693,0.0,0.0,2.0,24.0,0.0,,,0.0,0.0,0.0,0.0,0.0,,0.9230769230769231,0.0,0.06708104712068817,0.07100591715976333,0.05527525305030845,,,,,True
gnn_st,post_covid,gnn_st,2,neighborhood,Westerville,flu_season,0.98,IT98,47.11324141772458,26,0.0,0.0,0.0,0.0,0.0,26.0,,,,0.0,,,,,,1.0,,0.0010212787489168036,0.0,,,,,,True
gnn_st,post_covid,gnn_st,2,neighborhood,Worthington,overall,,bands,,53,,,,,,,,,,,,,,,,,,,,,0.7358490566037735,0.9245283018867925,0.49000740192450043,-0.1509433962264151,False
gnn_st,post_covid,gnn_st,2,neighborhood,Worthington,overall,0.5,IT50,13.721631551906164,53,16.0,0.3018867924528302,10.0,2.0,6.0,35.0,0.625,0.16666666666666666,0.8333333333333334,0.05405405405405406,0.5555555555555556,0.7142857142857143,0.5709459459459459,0.6145454545454545,0.6262868536285159,0.8490566037735849,0.75,0.11781927298357293,0.21075115699537203,0.44095551045463455,,,,,False
gnn_st,post_covid,gnn_st,2,neighborhood,Worthington,overall,0.9,IT90,22.978569674557114,53,5.0,0.09433962264150944,0.0,2.0,5.0,46.0,0.0,1.0,0.0,0.041666666666666664,0.0,0.0,-0.041666666666666664,-0.05698005698005698,-0.0639137490706142,0.8679245283018868,0.4,0.09364356319726555,0.08543965824136704,-0.09601987092132891,,,,,False
gnn_st,post_covid,gnn_st,2,neighborhood,Worthington,overall,0.98,IT98,31.956357603850087,53,2.0,0.03773584905660377,0.0,1.0,2.0,50.0,0.0,1.0,0.0,0.0196078431372549,0.0,0.0,-0.0196078431372549,-0.025806451612903226,-0.027461751819054487,0.9433962264150944,0.5,0.04343791755861203,0.03631185475258099,-0.1962461806092275,,,,,True
gnn_st,post_covid,gnn_st,2,neighborhood,Worthington,flu_season,,bands,,26,,,,,,,,,,,,,,,,,,,,,0.5384615384615384,0.8461538461538461,0.3645621181262729,-0.23076923076923078,False
gnn_st,post_covid,gnn_st,2,neighborhood,Worthington,flu_season,0.5,IT50,13.721631551906164,26,14.0,0.5384615384615384,10.0,2.0,4.0,10.0,0.7142857142857143,0.16666666666666666,0.8333333333333334,0.16666666666666666,0.625,0.7692307692307693,0.5476190476190477,0.5411764705882353,0.5476190476190477,0.7692307692307693,0.8571428571428571,0.1528864558286034,0.24852071005917165,0.3848140229753816,,,,,False
gnn_st,post_covid,gnn_st,2,neighborhood,Worthington,flu_season,0.9,IT90,22.978569674557114,26,5.0,0.19230769230769232,0.0,2.0,5.0,19.0,0.0,1.0,0.0,0.09523809523809523,0.0,0.0,-0.09523809523809523,-0.12345679012345678,-0.14085904245475275,0.7307692307692307,0.4,0.19081458691711287,0.15532544378698226,-0.22848248339017418,,,,,False
gnn_st,post_covid,gnn_st,2,neighborhood,Worthington,flu_season,0.98,IT98,31.956357603850087,26,2.0,0.07692307692307693,0.0,1.0,2.0,23.0,0.0,1.0,0.0,0.041666666666666664,0.0,0.0,-0.041666666666666664,-0.05405405405405406,-0.05773502691896257,0.8846153846153846,0.5,0.08854650445903806,0.07100591715976333,-0.2470299377981191,,,,,True
gnn_st_v2,post_covid,gnn_st_v2,2,citywide,CITYWIDE,overall,,bands,,53,,,,,,,,,,,,,,,,,,,,,0.9245283018867925,1.0,0.6718266253869969,-0.03773584905660377,False
gnn_st_v2,post_covid,gnn_st_v2,2,citywide,CITYWIDE,overall,0.5,IT50,35.19412725226089,53,8.0,0.1509433962264151,5.0,1.0,3.0,44.0,0.625,0.16666666666666666,0.8333333333333334,0.022222222222222223,0.5555555555555556,0.7142857142857143,0.6027777777777777,0.6718266253869969,0.6810577343440497,0.9245283018867925,0.75,0.056149772663284844,0.12815948736205057,0.5618758016356469,,,,,False
gnn_st_v2,post_covid,gnn_st_v2,2,citywide,CITYWIDE,overall,0.9,IT90,56.071415152332634,53,0.0,0.0,0.0,0.0,0.0,53.0,,,,0.0,,,,,,1.0,,0.0013602932142228298,0.0,,,,,,True
gnn_st_v2,post_covid,gnn_st_v2,2,citywide,CITYWIDE,overall,0.98,IT98,75.53173152268305,53,0.0,0.0,0.0,0.0,0.0,53.0,,,,0.0,,,,,,1.0,,1.2240214429102433e-06,0.0,,,,,,True
gnn_st_v2,post_covid,gnn_st_v2,2,citywide,CITYWIDE,flu_season,,bands,,26,,,,,,,,,,,,,,,,,,,,,0.8461538461538461,1.0,0.6119402985074627,-0.07692307692307693,False
gnn_st_v2,post_covid,gnn_st_v2,2,citywide,CITYWIDE,flu_season,0.5,IT50,35.19412725226089,26,8.0,0.3076923076923077,5.0,1.0,3.0,17.0,0.625,0.16666666666666666,0.8333333333333334,0.05555555555555555,0.5555555555555556,0.7142857142857143,0.5694444444444444,0.6119402985074627,0.6237951349364392,0.8461538461538461,0.75,0.11438795886038171,0.2130177514792899,0.4630120820165413,,,,,False
gnn_st_v2,post_covid,gnn_st_v2,2,citywide,CITYWIDE,flu_season,0.9,IT90,56.071415152332634,26,0.0,0.0,0.0,0.0,0.0,26.0,,,,0.0,,,,,,1.0,,0.0027729053972938332,0.0,,,,,,True
gnn_st_v2,post_covid,gnn_st_v2,2,citywide,CITYWIDE,flu_season,0.98,IT98,75.53173152268305,26,0.0,0.0,0.0,0.0,0.0,26.0,,,,0.0,,,,,,1.0,,2.495120633624726e-06,0.0,,,,,,True
gnn_st_v2,post_covid,gnn_st_v2,2,pooled,ALL,overall,,bands,,901,,,,,,,,,,,,,,,,,,,,,0.8923418423973363,0.9900110987791343,0.49700746510873084,-0.058823529411764705,False
gnn_st_v2,post_covid,gnn_st_v2,2,pooled,ALL,overall,0.5,IT50,,901,118.0,0.1309655937846837,59.0,24.0,59.0,759.0,0.5,0.2891566265060241,0.7108433734939759,0.03065134099616858,0.4154929577464789,0.5870646766169154,0.46934865900383144,0.5369846390073864,0.5475222442720835,0.9078801331853497,0.7033898305084746,0.06661960186084732,0.11381360702930893,0.41466048217159435,,,,,False
gnn_st_v2,post_covid,gnn_st_v2,2,pooled,ALL,overall,0.9,IT90,,901,17.0,0.018867924528301886,0.0,2.0,17.0,882.0,0.0,1.0,0.0,0.0022624434389140274,0.0,0.0,-0.0022624434389140274,-0.003988035892323031,-0.006540839314175065,0.978912319644839,0.11764705882352941,0.017579715221511878,0.01851192595229619,0.05035730659179094,,,,,False
gnn_st_v2,post_covid,gnn_st_v2,2,pooled,ALL,overall,0.98,IT98,,901,4.0,0.004439511653718091,0.0,1.0,4.0,896.0,0.0,1.0,0.0,0.0011148272017837235,0.0,0.0,-0.0011148272017837235,-0.00177896375361352,-0.0022259352109805924,0.9944506104328524,0.25,0.004847380118329756,0.004419802389994593,-0.0967413677369604,,,,,True
gnn_st_v2,post_covid,gnn_st_v2,2,pooled,ALL,flu_season,,bands,,442,,,,,,,,,,,,,,,,,,,,,0.7895927601809954,0.9796380090497737,0.4480409198984995,-0.11085972850678733,False
gnn_st_v2,post_covid,gnn_st_v2,2,pooled,ALL,flu_season,0.5,IT50,,442,114.0,0.2579185520361991,59.0,24.0,55.0,304.0,0.5175438596491229,0.2891566265060241,0.7108433734939759,0.07317073170731707,0.427536231884058,0.5989847715736041,0.4443731279418058,0.48763022743947176,0.49779538445605515,0.8212669683257918,0.7280701754385965,0.12575278212644003,0.19139657255174955,0.3429726538470841,,,,,False
gnn_st_v2,post_covid,gnn_st_v2,2,pooled,ALL,flu_season,0.9,IT90,,442,17.0,0.038461538461538464,0.0,2.0,17.0,423.0,0.0,1.0,0.0,0.004705882352941176,0.0,0.0,-0.004705882352941176,-0.00816326530612245,-0.013483997249264842,0.9570135746606335,0.11764705882352941,0.035830572962452865,0.03698224852071006,0.031141307095274517,,,,,False
gnn_st_v2,post_covid,gnn_st_v2,2,pooled,ALL,flu_season,0.98,IT98,,442,4.0,0.00904977375565611,0.0,1.0,4.0,437.0,0.0,1.0,0.0,0.00228310502283105,0.0,0.0,-0.00228310502283105,-0.0036330608537693005,-0.004550652214928539,0.9886877828054299,0.25,0.009881196326861437,0.008967875350627548,-0.10184362968091176,,,,,True
gnn_st_v2,post_covid,gnn_st_v2,2,neighborhood,Agler/Cassidy,overall,,bands,,53,,,,,,,,,,,,,,,,,,,,,0.9245283018867925,1.0,0.5601659751037344,-0.03773584905660377,False
gnn_st_v2,post_covid,gnn_st_v2,2,neighborhood,Agler/Cassidy,overall,0.5,IT50,51.74083078339265,53,6.0,0.11320754716981132,3.0,1.0,3.0,46.0,0.5,0.25,0.75,0.02127659574468085,0.42857142857142855,0.6,0.4787234042553192,0.5601659751037344,0.5742237865262918,0.9245283018867925,0.6666666666666666,0.03215831459714355,0.10039159843360627,0.6796712563710063,,,,,False
gnn_st_v2,post_covid,gnn_st_v2,2,neighborhood,Agler/Cassidy,overall,0.9,IT90,88.48740693700204,53,0.0,0.0,0.0,0.0,0.0,53.0,,,,0.0,,,,,,1.0,,0.0003959265676174926,0.0,,,,,,True
gnn_st_v2,post_covid,gnn_st_v2,2,neighborhood,Agler/Cassidy,overall,0.98,IT98,124.72586226376617,53,0.0,0.0,0.0,0.0,0.0,53.0,,,,0.0,,,,,,1.0,,1.869529245176633e-09,0.0,,,,,,True
gnn_st_v2,post_covid,gnn_st_v2,2,neighborhood,Agler/Cassidy,flu_season,,bands,,26,,,,,,,,,,,,,,,,,,,,,0.8461538461538461,1.0,0.5094339622641509,-0.07692307692307693,False
gnn_st_v2,post_covid,gnn_st_v2,2,neighborhood,Agler/Cassidy,flu_season,0.5,IT50,51.74083078339265,26,6.0,0.23076923076923078,3.0,1.0,3.0,19.0,0.5,0.25,0.75,0.05,0.42857142857142855,0.6,0.45,0.5094339622641509,0.525486787309028,0.8461538461538461,0.6666666666666666,0.06551709921733274,0.17751479289940827,0.6309203410756922,,,,,False
gnn_st_v2,post_covid,gnn_st_v2,2,neighborhood,Agler/Cassidy,flu_season,0.9,IT90,88.48740693700204,26,0.0,0.0,0.0,0.0,0.0,26.0,,,,0.0,,,,,,1.0,,0.0008070810801432576,0.0,,,,,,True
gnn_st_v2,post_covid,gnn_st_v2,2,neighborhood,Agler/Cassidy,flu_season,0.98,IT98,124.72586226376617,26,0.0,0.0,0.0,0.0,0.0,26.0,,,,0.0,,,,,,1.0,,3.810963461321598e-09,0.0,,,,,,True
gnn_st_v2,post_covid,gnn_st_v2,2,neighborhood,Bexley,overall,,bands,,53,,,,,,,,,,,,,,,,,,,,,0.8679245283018868,0.9622641509433962,0.1327272727272728,-0.1509433962264151,False
gnn_st_v2,post_covid,gnn_st_v2,2,neighborhood,Bexley,overall,0.5,IT50,24.605454693531783,53,8.0,0.1509433962264151,2.0,1.0,6.0,44.0,0.25,0.3333333333333333,0.6666666666666666,0.022222222222222223,0.2222222222222222,0.36363636363636365,0.22777777777777777,0.30654205607476637,0.3528718159877869,0.8679245283018868,0.375,0.08878189032026827,0.12815948736205057,0.3072546391399068,,,,,False
gnn_st_v2,post_covid,gnn_st_v2,2,neighborhood,Bexley,overall,0.9,IT90,37.5430295506582,53,2.0,0.03773584905660377,0.0,0.0,2.0,51.0,0.0,,,0.0,0.0,0.0,0.0,0.0,,0.9622641509433962,0.0,0.03761698527952097,0.03631185475258099,-0.03594227108014114,,,,,True
gnn_st_v2,post_covid,gnn_st_v2,2,neighborhood,Bexley,overall,0.98,IT98,49.19357270883574,53,1.0,0.018867924528301886,0.0,0.0,1.0,52.0,0.0,,,0.0,0.0,0.0,0.0,0.0,,0.9811320754716981,0.0,0.01894482137751391,0.018511925952296185,-0.023384677873780513,,,,,True
gnn_st_v2,post_covid,gnn_st_v2,2,neighborhood,Bexley,flu_season,,bands,,26,,,,,,,,,,,,,,,,,,,,,0.7692307692307693,0.9230769230769231,0.09053497942386846,-0.2692307692307692,False
gnn_st_v2,post_covid,gnn_st_v2,2,neighborhood,Bexley,flu_season,0.5,IT50,24.605454693531783,26,7.0,0.2692307692307692,2.0,1.0,5.0,18.0,0.2857142857142857,0.3333333333333333,0.6666666666666666,0.05263157894736842,0.25,0.4,0.23308270676691728,0.28440366972477066,0.32360209754104324,0.7692307692307693,0.42857142857142855,0.14239196915550323,0.19674556213017758,0.2762633748186455,,,,,False
gnn_st_v2,post_covid,gnn_st_v2,2,neighborhood,Bexley,flu_season,0.9,IT90,37.5430295506582,26,2.0,0.07692307692307693,0.0,0.0,2.0,24.0,0.0,,,0.0,0.0,0.0,0.0,0.0,,0.9230769230769231,0.0,0.07668077662168941,0.07100591715976333,-0.07992093742212569,,,,,True
gnn_st_v2,post_covid,gnn_st_v2,2,neighborhood,Bexley,flu_season,0.98,IT98,49.19357270883574,26,1.0,0.038461538461538464,0.0,0.0,1.0,25.0,0.0,,,0.0,0.0,0.0,0.0,0.0,,0.9615384615384616,0.0,0.038618289731085956,0.036982248520710054,-0.04423855432856438,,,,,True
gnn_st_v2,post_covid,gnn_st_v2,2,neighborhood,Clintonville/Near North,overall,,bands,,53,,,,,,,,,,,,,,,,,,,,,0.8301886792452831,0.9811320754716981,0.6150121065375304,-0.1509433962264151,False
gnn_st_v2,post_covid,gnn_st_v2,2,neighborhood,Clintonville/Near North,overall,0.5,IT50,15.728895715230147,53,11.0,0.20754716981132076,7.0,1.0,4.0,41.0,0.6363636363636364,0.125,0.875,0.023809523809523808,0.5833333333333334,0.7368421052631579,0.6125541125541125,0.681107099879663,0.6939276576384559,0.9056603773584906,0.7272727272727273,0.06752409100392891,0.1644713421146316,0.589447680454467,,,,,False
gnn_st_v2,post_covid,gnn_st_v2,2,neighborhood,Clintonville/Near North,overall,0.9,IT90,22.099499115677975,53,4.0,0.07547169811320754,0.0,0.0,4.0,49.0,0.0,,,0.0,0.0,0.0,0.0,0.0,,0.9245283018867925,0.0,0.046898297917088924,0.06977572089711641,0.3278708221984551,,,,,True
gnn_st_v2,post_covid,gnn_st_v2,2,neighborhood,Clintonville/Near North,overall,0.98,IT98,27.469599865392972,53,1.0,0.018867924528301886,0.0,0.0,1.0,52.0,0.0,,,0.0,0.0,0.0,0.0,0.0,,0.9811320754716981,0.0,0.018718183827451974,0.018511925952296185,-0.011141891756011768,,,,,True
gnn_st_v2,post_covid,gnn_st_v2,2,neighborhood,Clintonville/Near North,flu_season,,bands,,26,,,,,,,,,,,,,,,,,,,,,0.6538461538461539,0.9615384615384616,0.5411764705882353,-0.3076923076923077,False
gnn_st_v2,post_covid,gnn_st_v2,2,neighborhood,Clintonville/Near North,flu_season,0.5,IT50,15.728895715230147,26,11.0,0.4230769230769231,7.0,1.0,4.0,14.0,0.6363636363636364,0.125,0.875,0.06666666666666667,0.5833333333333334,0.7368421052631579,0.5696969696969697,0.5911949685534591,0.6098241729265264,0.8076923076923077,0.7272727272727273,0.1363886569262214,0.24408284023668633,0.44121980556287466,,,,,False
gnn_st_v2,post_covid,gnn_st_v2,2,neighborhood,Clintonville/Near North,flu_season,0.9,IT90,22.099499115677975,26,4.0,0.15384615384615385,0.0,0.0,4.0,22.0,0.0,,,0.0,0.0,0.0,0.0,0.0,,0.8461538461538461,0.0,0.09559661865653436,0.13017751479289943,0.2656441566838953,,,,,True
gnn_st_v2,post_covid,gnn_st_v2,2,neighborhood,Clintonville/Near North,flu_season,0.98,IT98,27.469599865392972,26,1.0,0.038461538461538464,0.0,0.0,1.0,25.0,0.0,,,0.0,0.0,0.0,0.0,0.0,,0.9615384615384616,0.0,0.03815629326885791,0.036982248520710054,-0.03174616998991797,,,,,True
gnn_st_v2,post_covid,gnn_st_v2,2,neighborhood,Dublin,overall,,bands,,53,,,,,,,,,,,,,,,,,,,,,0.8679245283018868,1.0,0.536828963795256,-0.09433962264150944,False
gnn_st_v2,post_covid,gnn_st_v2,2,neighborhood,Dublin,overall,0.5,IT50,8.038849454818003,53,9.0,0.16981132075471697,4.0,1.0,5.0,43.0,0.4444444444444444,0.2,0.8,0.022727272727272728,0.4,0.5714285714285714,0.4217171717171717,0.5122699386503068,0.5417055153123931,0.8867924528301887,0.5555555555555556,0.09766460593234806,0.14097543609825564,0.3072225301415009,,,,,False
gnn_st_v2,post_covid,gnn_st_v2,2,neighborhood,Dublin,overall,0.9,IT90,14.1626396504559,53,1.0,0.018867924528301886,0.0,0.0,1.0,52.0,0.0,,,0.0,0.0,0.0,0.0,0.0,,0.9811320754716981,0.0,0.019293303614714076,0.018511925952296185,-0.04220942026407415,,,,,True
gnn_st_v2,post_covid,gnn_st_v2,2,neighborhood,Dublin,overall,0.98,IT98,20.345693253667104,53,0.0,0.0,0.0,0.0,0.0,53.0,,,,0.0,,,,,,1.0,,0.000392918474860745,0.0,,,,,,True
gnn_st_v2,post_covid,gnn_st_v2,2,neighborhood,Dublin,flu_season,,bands,,26,,,,,,,,,,,,,,,,,,,,,0.7692307692307693,1.0,0.5214723926380367,-0.15384615384615385,False
gnn_st_v2,post_covid,gnn_st_v2,2,neighborhood,Dublin,flu_season,0.5,IT50,8.038849454818003,26,8.0,0.3076923076923077,4.0,1.0,4.0,17.0,0.5,0.2,0.8,0.05555555555555555,0.4444444444444444,0.6153846153846154,0.4444444444444444,0.49612403100775193,0.5204800389058843,0.8076923076923077,0.625,0.1614337426640067,0.21301775147928986,0.24215826360507942,,,,,False
gnn_st_v2,post_covid,gnn_st_v2,2,neighborhood,Dublin,flu_season,0.9,IT90,14.1626396504559,26,1.0,0.038461538461538464,0.0,0.0,1.0,25.0,0.0,,,0.0,0.0,0.0,0.0,0.0,,0.9615384615384616,0.0,0.039327486632445126,0.036982248520710054,-0.06341523854131625,,,,,True
gnn_st_v2,post_covid,gnn_st_v2,2,neighborhood,Dublin,flu_season,0.98,IT98,20.345693253667104,26,0.0,0.0,0.0,0.0,0.0,26.0,,,,0.0,,,,,,1.0,,0.0008009491960697152,0.0,,,,,,True
gnn_st_v2,post_covid,gnn_st_v2,2,neighborhood,Eastside,overall,,bands,,53,,,,,,,,,,,,,,,,,,,,,0.9245283018867925,1.0,0.6845238095238095,-0.03773584905660377,False
gnn_st_v2,post_covid,gnn_st_v2,2,neighborhood,Eastside,overall,0.5,IT50,53.89825474693718,53,6.0,0.11320754716981132,4.0,1.0,2.0,46.0,0.6666666666666666,0.2,0.8,0.02127659574468085,0.5714285714285714,0.7272727272727273,0.6453900709219857,0.6959847036328872,0.6995861660885712,0.9433962264150944,0.8333333333333334,0.0534078889116377,0.10039159843360627,0.4680043973305309,,,,,False
gnn_st_v2,post_covid,gnn_st_v2,2,neighborhood,Eastside,overall,0.9,IT90,89.53274062296502,53,1.0,0.018867924528301886,0.0,0.0,1.0,52.0,0.0,,,0.0,0.0,0.0,0.0,0.0,,0.9811320754716981,0.0,0.01871415016740748,0.018511925952296185,-0.010923996543223513,,,,,True
gnn_st_v2,post_covid,gnn_st_v2,2,neighborhood,Eastside,overall,0.98,IT98,123.87134674281285,53,0.0,0.0,0.0,0.0,0.0,53.0,,,,0.0,,,,,,1.0,,1.1390810122978027e-08,0.0,,,,,,True
gnn_st_v2,post_covid,gnn_st_v2,2,neighborhood,Eastside,flu_season,,bands,,26,,,,,,,,,,,,,,,,,,,,,0.8461538461538461,1.0,0.6462585034013605,-0.07692307692307693,False
gnn_st_v2,post_covid,gnn_st_v2,2,neighborhood,Eastside,flu_season,0.5,IT50,53.89825474693718,26,6.0,0.23076923076923078,4.0,1.0,2.0,19.0,0.6666666666666666,0.2,0.8,0.05,0.5714285714285714,0.7272727272727273,0.6166666666666666,0.6548672566371682,0.6592443967173135,0.8846153846153846,0.8333333333333334,0.10885997327711253,0.17751479289940827,0.3867554838722661,,,,,False
gnn_st_v2,post_covid,gnn_st_v2,2,neighborhood,Eastside,flu_season,0.9,IT90,89.53274062296502,26,1.0,0.038461538461538464,0.0,0.0,1.0,25.0,0.0,,,0.0,0.0,0.0,0.0,0.0,,0.9615384615384616,0.0,0.038148075341253695,0.036982248520710054,-0.03152395722750012,,,,,True
gnn_st_v2,post_covid,gnn_st_v2,2,neighborhood,Eastside,flu_season,0.98,IT98,123.87134674281285,26,0.0,0.0,0.0,0.0,0.0,26.0,,,,0.0,,,,,,1.0,,2.3219728327609055e-08,0.0,,,,,,True
gnn_st_v2,post_covid,gnn_st_v2,2,neighborhood,Far East,overall,,bands,,53,,,,,,,,,,,,,,,,,,,,,0.9245283018867925,1.0,0.6835820895522389,0.0,False
gnn_st_v2,post_covid,gnn_st_v2,2,neighborhood,Far East,overall,0.5,IT50,76.01095931639992,53,5.0,0.09433962264150944,4.0,2.0,1.0,46.0,0.8,0.3333333333333333,0.6666666666666666,0.041666666666666664,0.5714285714285714,0.7272727272727273,0.7583333333333334,0.6959847036328872,0.6995861660885712,0.9433962264150944,1.2,0.047843683591340794,0.08543965824136704,0.4400295532996822,,,,,False
gnn_st_v2,post_covid,gnn_st_v2,2,neighborhood,Far East,overall,0.9,IT90,119.58175049878095,53,1.0,0.018867924528301886,0.0,0.0,1.0,52.0,0.0,,,0.0,0.0,0.0,0.0,0.0,,0.9811320754716981,0.0,0.01878159074694001,0.018511925952296185,-0.014567084772202143,,,,,True
gnn_st_v2,post_covid,gnn_st_v2,2,neighborhood,Far East,overall,0.98,IT98,159.7885780471188,53,0.0,0.0,0.0,0.0,0.0,53.0,,,,0.0,,,,,,1.0,,4.803757654872868e-08,0.0,,,,,,True
gnn_st_v2,post_covid,gnn_st_v2,2,neighborhood,Far East,flu_season,,bands,,26,,,,,,,,,,,,,,,,,,,,,0.8461538461538461,1.0,0.6438356164383562,0.0,False
gnn_st_v2,post_covid,gnn_st_v2,2,neighborhood,Far East,flu_season,0.5,IT50,76.01095931639992,26,5.0,0.19230769230769232,4.0,2.0,1.0,19.0,0.8,0.3333333333333333,0.6666666666666666,0.09523809523809523,0.5714285714285714,0.7272727272727273,0.7047619047619048,0.6548672566371682,0.6592443967173135,0.8846153846153846,1.2,0.09752195411807074,0.15532544378698226,0.3721443715827065,,,,,False
gnn_st_v2,post_covid,gnn_st_v2,2,neighborhood,Far East,flu_season,0.9,IT90,119.58175049878095,26,1.0,0.038461538461538464,0.0,0.0,1.0,25.0,0.0,,,0.0,0.0,0.0,0.0,0.0,,0.9615384615384616,0.0,0.03828555036876233,0.036982248520710054,-0.03524128197133347,,,,,True
gnn_st_v2,post_covid,gnn_st_v2,2,neighborhood,Far East,flu_season,0.98,IT98,159.7885780471188,26,0.0,0.0,0.0,0.0,0.0,26.0,,,,0.0,,,,,,1.0,,9.792275219548538e-08,0.0,,,,,,True
gnn_st_v2,post_covid,gnn_st_v2,2,neighborhood,Far South,overall,,bands,,53,,,,,,,,,,,,,,,,,,,,,0.8679245283018868,1.0,0.29601518026565465,-0.05660377358490566,False
gnn_st_v2,post_covid,gnn_st_v2,2,neighborhood,Far South,overall,0.5,IT50,69.7066330370401,53,7.0,0.1320754716981132,2.0,2.0,5.0,44.0,0.2857142857142857,0.5,0.5,0.043478260869565216,0.2222222222222222,0.36363636363636365,0.24223602484472048,0.29601518026565465,0.31048357557769657,0.8679245283018868,0.5714285714285714,0.06766985765060832,0.11463154147383411,0.40967506167528345,,,,,False
gnn_st_v2,post_covid,gnn_st_v2,2,neighborhood,Far South,overall,0.9,IT90,121.95949130896,53,0.0,0.0,0.0,0.0,0.0,53.0,,,,0.0,,,,,,1.0,,6.610438543390664e-06,0.0,,,,,,True
gnn_st_v2,post_covid,gnn_st_v2,2,neighborhood,Far South,overall,0.98,IT98,174.42921640712913,53,0.0,0.0,0.0,0.0,0.0,53.0,,,,0.0,,,,,,1.0,,7.037438755683388e-15,0.0,,,,,,True
gnn_st_v2,post_covid,gnn_st_v2,2,neighborhood,Far South,flu_season,,bands,,26,,,,,,,,,,,,,,,,,,,,,0.7307692307692307,1.0,0.20869565217391306,-0.11538461538461539,False
gnn_st_v2,post_covid,gnn_st_v2,2,neighborhood,Far South,flu_season,0.5,IT50,69.7066330370401,26,7.0,0.2692307692307692,2.0,2.0,5.0,17.0,0.2857142857142857,0.5,0.5,0.10526315789473684,0.2222222222222222,0.36363636363636365,0.18045112781954886,0.20869565217391303,0.2218421599939607,0.7307692307692307,0.5714285714285714,0.13794108044540818,0.19674556213017758,0.2988859369842414,,,,,False
gnn_st_v2,post_covid,gnn_st_v2,2,neighborhood,Far South,flu_season,0.9,IT90,121.95949130896,26,0.0,0.0,0.0,0.0,0.0,26.0,,,,0.0,,,,,,1.0,,1.3475124723065587e-05,0.0,,,,,,True
gnn_st_v2,post_covid,gnn_st_v2,2,neighborhood,Far South,flu_season,0.98,IT98,174.42921640712913,26,0.0,0.0,0.0,0.0,0.0,26.0,,,,0.0,,,,,,1.0,,1.4345548232739214e-14,0.0,,,,,,True
gnn_st_v2,post_covid,gnn_st_v2,2,neighborhood,Far Southeast,overall,,bands,,53,,,,,,,,,,,,,,,,,,,,,0.9433962264150944,1.0,0.6361556064073228,-0.018867924528301886,False
gnn_st_v2,post_covid,gnn_st_v2,2,neighborhood,Far Southeast,overall,0.5,IT50,10.956265259525463,53,5.0,0.09433962264150944,3.0,1.0,2.0,47.0,0.6,0.25,0.75,0.020833333333333332,0.5,0.6666666666666666,0.5791666666666666,0.6361556064073226,0.6408865299081321,0.9433962264150944,0.8,0.0697293439255734,0.08543965824136704,0.18387613713776807,,,,,False
gnn_st_v2,post_covid,gnn_st_v2,2,neighborhood,Far Southeast,overall,0.9,IT90,18.40391015194404,53,0.0,0.0,0.0,0.0,0.0,53.0,,,,0.0,,,,,,1.0,,0.0019510441921299336,0.0,,,,,,True
gnn_st_v2,post_covid,gnn_st_v2,2,neighborhood,Far Southeast,overall,0.98,IT98,25.644566505740826,53,0.0,0.0,0.0,0.0,0.0,53.0,,,,0.0,,,,,,1.0,,1.841517799826196e-05,0.0,,,,,,True
gnn_st_v2,post_covid,gnn_st_v2,2,neighborhood,Far Southeast,flu_season,,bands,,26,,,,,,,,,,,,,,,,,,,,,0.8846153846153846,1.0,0.5979381443298969,-0.038461538461538464,False
gnn_st_v2,post_covid,gnn_st_v2,2,neighborhood,Far Southeast,flu_season,0.5,IT50,10.956265259525463,26,5.0,0.19230769230769232,3.0,1.0,2.0,20.0,0.6,0.25,0.75,0.047619047619047616,0.5,0.6666666666666666,0.5523809523809524,0.5979381443298969,0.6033815244679472,0.8846153846153846,0.8,0.13905135668884006,0.15532544378698226,0.10477412265089647,,,,,False
gnn_st_v2,post_covid,gnn_st_v2,2,neighborhood,Far Southeast,flu_season,0.9,IT90,18.40391015194404,26,0.0,0.0,0.0,0.0,0.0,26.0,,,,0.0,,,,,,1.0,,0.003975634127285157,0.0,,,,,,True
gnn_st_v2,post_covid,gnn_st_v2,2,neighborhood,Far Southeast,flu_season,0.98,IT98,25.644566505740826,26,0.0,0.0,0.0,0.0,0.0,26.0,,,,0.0,,,,,,1.0,,3.7538614140263735e-05,0.0,,,,,,True
gnn_st_v2,post_covid,gnn_st_v2,2,neighborhood,Far Southwest,overall,,bands,,53,,,,,,,,,,,,,,,,,,,,,0.9811320754716981,1.0,0.8787185354691076,-0.018867924528301886,False
gnn_st_v2,post_covid,gnn_st_v2,2,neighborhood,Far Southwest,overall,0.5,IT50,34.041053932580134,53,5.0,0.09433962264150944,4.0,0.0,1.0,48.0,0.8,0.0,1.0,0.0,0.8,0.8888888888888888,0.8,0.8787185354691075,0.885253336275981,0.9811320754716981,0.8,0.0276517387159944,0.08543965824136704,0.6763594414448821,,,,,False
gnn_st_v2,post_covid,gnn_st_v2,2,neighborhood,Far Southwest,overall,0.9,IT90,54.68112356483704,53,0.0,0.0,0.0,0.0,0.0,53.0,,,,0.0,,,,,,1.0,,0.0009271234769299535,0.0,,,,,,True
gnn_st_v2,post_covid,gnn_st_v2,2,neighborhood,Far Southwest,overall,0.98,IT98,74.04650918881951,53,0.0,0.0,0.0,0.0,0.0,53.0,,,,0.0,,,,,,1.0,,6.114550681572362e-07,0.0,,,,,,True
gnn_st_v2,post_covid,gnn_st_v2,2,neighborhood,Far Southwest,flu_season,,bands,,26,,,,,,,,,,,,,,,,,,,,,0.9615384615384616,1.0,0.865979381443299,-0.038461538461538464,False
gnn_st_v2,post_covid,gnn_st_v2,2,neighborhood,Far Southwest,flu_season,0.5,IT50,34.041053932580134,26,5.0,0.19230769230769232,4.0,0.0,1.0,21.0,0.8,0.0,1.0,0.0,0.8,0.8888888888888888,0.8,0.865979381443299,0.873862897505303,0.9615384615384616,0.8,0.05634934366385157,0.15532544378698226,0.6372175588879652,,,,,False
gnn_st_v2,post_covid,gnn_st_v2,2,neighborhood,Far Southwest,flu_season,0.9,IT90,54.68112356483704,26,0.0,0.0,0.0,0.0,0.0,26.0,,,,0.0,,,,,,1.0,,0.001889905549066963,0.0,,,,,,True
gnn_st_v2,post_covid,gnn_st_v2,2,neighborhood,Far Southwest,flu_season,0.98,IT98,74.04650918881951,26,0.0,0.0,0.0,0.0,0.0,26.0,,,,0.0,,,,,,1.0,,1.2464276389359044e-06,0.0,,,,,,True
gnn_st_v2,post_covid,gnn_st_v2,2,neighborhood,Hilliard,overall,,bands,,53,,,,,,,,,,,,,,,,,,,,,0.9056603773584906,1.0,0.5648604269293924,-0.05660377358490566,False
gnn_st_v2,post_covid,gnn_st_v2,2,neighborhood,Hilliard,overall,0.5,IT50,19.24134804712757,53,8.0,0.1509433962264151,4.0,1.0,4.0,44.0,0.5,0.2,0.8,0.022222222222222223,0.4444444444444444,0.6153846153846154,0.4777777777777778,0.5648604269293924,0.5851558829982036,0.9056603773584906,0.625,0.07298320079336758,0.12815948736205057,0.430528302698418,,,,,False
gnn_st_v2,post_covid,gnn_st_v2,2,neighborhood,Hilliard,overall,0.9,IT90,34.52709434950146,53,0.0,0.0,0.0,0.0,0.0,53.0,,,,0.0,,,,,,1.0,,0.001538906803811486,0.0,,,,,,True
gnn_st_v2,post_covid,gnn_st_v2,2,neighborhood,Hilliard,overall,0.98,IT98,50.186768532537315,53,0.0,0.0,0.0,0.0,0.0,53.0,,,,0.0,,,,,,1.0,,1.4914113912216598e-06,0.0,,,,,,True
gnn_st_v2,post_covid,gnn_st_v2,2,neighborhood,Hilliard,flu_season,,bands,,26,,,,,,,,,,,,,,,,,,,,,0.8076923076923077,1.0,0.49612403100775193,-0.11538461538461539,False
gnn_st_v2,post_covid,gnn_st_v2,2,neighborhood,Hilliard,flu_season,0.5,IT50,19.24134804712757,26,8.0,0.3076923076923077,4.0,1.0,4.0,17.0,0.5,0.2,0.8,0.05555555555555555,0.4444444444444444,0.6153846153846154,0.4444444444444444,0.49612403100775193,0.5204800389058843,0.8076923076923077,0.625,0.14837190579964418,0.21301775147928986,0.3034763311072257,,,,,False
gnn_st_v2,post_covid,gnn_st_v2,2,neighborhood,Hilliard,flu_season,0.9,IT90,34.52709434950146,26,0.0,0.0,0.0,0.0,0.0,26.0,,,,0.0,,,,,,1.0,,0.003137002284763273,0.0,,,,,,True
gnn_st_v2,post_covid,gnn_st_v2,2,neighborhood,Hilliard,flu_season,0.98,IT98,50.186768532537315,26,0.0,0.0,0.0,0.0,0.0,26.0,,,,0.0,,,,,,1.0,,3.040184759028768e-06,0.0,,,,,,True
gnn_st_v2,post_covid,gnn_st_v2,2,neighborhood,Linden,overall,,bands,,53,,,,,,,,,,,,,,,,,,,,,0.8867924528301887,1.0,0.4381625441696114,-0.03773584905660377,False
gnn_st_v2,post_covid,gnn_st_v2,2,neighborhood,Linden,overall,0.5,IT50,53.62727596624066,53,7.0,0.1320754716981132,3.0,2.0,4.0,44.0,0.42857142857142855,0.4,0.6,0.043478260869565216,0.3333333333333333,0.5,0.3850931677018633,0.4381625441696113,0.44605470887843945,0.8867924528301887,0.7142857142857143,0.06812769623646872,0.1146315414738341,0.4056810598501843,,,,,False
gnn_st_v2,post_covid,gnn_st_v2,2,neighborhood,Linden,overall,0.9,IT90,82.61523156370409,53,0.0,0.0,0.0,0.0,0.0,53.0,,,,0.0,,,,,,1.0,,0.00025126554321710837,0.0,,,,,,True
gnn_st_v2,post_covid,gnn_st_v2,2,neighborhood,Linden,overall,0.98,IT98,108.92078323683364,53,0.0,0.0,0.0,0.0,0.0,53.0,,,,0.0,,,,,,1.0,,2.2433249735398015e-08,0.0,,,,,,True
gnn_st_v2,post_covid,gnn_st_v2,2,neighborhood,Linden,flu_season,,bands,,26,,,,,,,,,,,,,,,,,,,,,0.7692307692307693,1.0,0.3553719008264462,-0.07692307692307693,False
gnn_st_v2,post_covid,gnn_st_v2,2,neighborhood,Linden,flu_season,0.5,IT50,53.62727596624066,26,7.0,0.2692307692307692,3.0,2.0,4.0,17.0,0.42857142857142855,0.4,0.6,0.10526315789473684,0.3333333333333333,0.5,0.3233082706766917,0.35537190082644626,0.3638714534805853,0.7692307692307693,0.7142857142857143,0.13885960853672186,0.19674556213017758,0.29421732803891765,,,,,False
gnn_st_v2,post_covid,gnn_st_v2,2,neighborhood,Linden,flu_season,0.9,IT90,82.61523156370409,26,0.0,0.0,0.0,0.0,0.0,26.0,,,,0.0,,,,,,1.0,,0.0005121951457776341,0.0,,,,,,True
gnn_st_v2,post_covid,gnn_st_v2,2,neighborhood,Linden,flu_season,0.98,IT98,108.92078323683364,26,0.0,0.0,0.0,0.0,0.0,26.0,,,,0.0,,,,,,1.0,,4.572931676831133e-08,0.0,,,,,,True
gnn_st_v2,post_covid,gnn_st_v2,2,neighborhood,NE Suburban,overall,,bands,,53,,,,,,,,,,,,,,,,,,,,,0.9056603773584906,0.9811320754716981,0.1620553359683795,-0.07547169811320754,False
gnn_st_v2,post_covid,gnn_st_v2,2,neighborhood,NE Suburban,overall,0.5,IT50,27.312493683860776,53,5.0,0.09433962264150944,1.0,1.0,4.0,47.0,0.2,0.5,0.5,0.020833333333333332,0.16666666666666666,0.2857142857142857,0.17916666666666667,0.245014245014245,0.2748291210036411,0.9056603773584906,0.4,0.06749000252239531,0.08543965824136704,0.21008576214413155,,,,,False
gnn_st_v2,post_covid,gnn_st_v2,2,neighborhood,NE Suburban,overall,0.9,IT90,41.22759712033061,53,1.0,0.018867924528301886,0.0,0.0,1.0,52.0,0.0,,,0.0,0.0,0.0,0.0,0.0,,0.9811320754716981,0.0,0.021516977888159004,0.018511925952296185,-0.1623305939968973,,,,,True
gnn_st_v2,post_covid,gnn_st_v2,2,neighborhood,NE Suburban,overall,0.98,IT98,53.6511443833241,53,0.0,0.0,0.0,0.0,0.0,53.0,,,,0.0,,,,,,1.0,,0.0002509000770020771,0.0,,,,,,True
gnn_st_v2,post_covid,gnn_st_v2,2,neighborhood,NE Suburban,flu_season,,bands,,26,,,,,,,,,,,,,,,,,,,,,0.8076923076923077,0.9615384615384616,0.11864406779661008,-0.15384615384615385,False
gnn_st_v2,post_covid,gnn_st_v2,2,neighborhood,NE Suburban,flu_season,0.5,IT50,27.312493683860776,26,5.0,0.19230769230769232,1.0,1.0,4.0,20.0,0.2,0.5,0.5,0.047619047619047616,0.16666666666666666,0.2857142857142857,0.1523809523809524,0.19753086419753085,0.2253744679276044,0.8076923076923077,0.4,0.1374360243577748,0.15532544378698226,0.11517378603946904,,,,,False
gnn_st_v2,post_covid,gnn_st_v2,2,neighborhood,NE Suburban,flu_season,0.9,IT90,41.22759712033061,26,1.0,0.038461538461538464,0.0,0.0,1.0,25.0,0.0,,,0.0,0.0,0.0,0.0,0.0,,0.9615384615384616,0.0,0.043861530878686154,0.036982248520710054,-0.18601579495967369,,,,,True
gnn_st_v2,post_covid,gnn_st_v2,2,neighborhood,NE Suburban,flu_season,0.98,IT98,53.6511443833241,26,0.0,0.0,0.0,0.0,0.0,26.0,,,,0.0,,,,,,1.0,,0.0005114501569656815,0.0,,,,,,True
gnn_st_v2,post_covid,gnn_st_v2,2,neighborhood,Northland,overall,,bands,,53,,,,,,,,,,,,,,,,,,,,,0.9056603773584906,1.0,0.39359267734553793,-0.018867924528301886,False
gnn_st_v2,post_covid,gnn_st_v2,2,neighborhood,Northland,overall,0.5,IT50,56.127661353876796,53,5.0,0.09433962264150944,2.0,2.0,3.0,46.0,0.4,0.5,0.5,0.041666666666666664,0.2857142857142857,0.4444444444444444,0.35833333333333334,0.39359267734553777,0.3965197235402832,0.9056603773584906,0.8,0.06397366366740047,0.08543965824136704,0.251241578159467,,,,,False
gnn_st_v2,post_covid,gnn_st_v2,2,neighborhood,Northland,overall,0.9,IT90,89.91407794411414,53,0.0,0.0,0.0,0.0,0.0,53.0,,,,0.0,,,,,,1.0,,0.00031610916485914046,0.0,,,,,,True
gnn_st_v2,post_covid,gnn_st_v2,2,neighborhood,Northland,overall,0.98,IT98,121.54516325409915,53,0.0,0.0,0.0,0.0,0.0,53.0,,,,0.0,,,,,,1.0,,8.370148721433511e-09,0.0,,,,,,True
gnn_st_v2,post_covid,gnn_st_v2,2,neighborhood,Northland,flu_season,,bands,,26,,,,,,,,,,,,,,,,,,,,,0.8076923076923077,1.0,0.3298969072164949,-0.038461538461538464,False
gnn_st_v2,post_covid,gnn_st_v2,2,neighborhood,Northland,flu_season,0.5,IT50,56.127661353876796,26,5.0,0.19230769230769232,2.0,2.0,3.0,19.0,0.4,0.5,0.5,0.09523809523809523,0.2857142857142857,0.4444444444444444,0.3047619047619048,0.32989690721649484,0.3329001514305916,0.8076923076923077,0.8,0.13035800428836597,0.15532544378698226,0.16074275334347254,,,,,False
gnn_st_v2,post_covid,gnn_st_v2,2,neighborhood,Northland,flu_season,0.9,IT90,89.91407794411414,26,0.0,0.0,0.0,0.0,0.0,26.0,,,,0.0,,,,,,1.0,,0.0006443763745126762,0.0,,,,,,True
gnn_st_v2,post_covid,gnn_st_v2,2,neighborhood,Northland,flu_season,0.98,IT98,121.54516325409915,26,0.0,0.0,0.0,0.0,0.0,26.0,,,,0.0,,,,,,1.0,,1.7062226239845234e-08,0.0,,,,,,True
gnn_st_v2,post_covid,gnn_st_v2,2,neighborhood,UA/Grandview,overall,,bands,,53,,,,,,,,,,,,,,,,,,,,,0.8867924528301887,1.0,0.33750000000000013,0.0,False
gnn_st_v2,post_covid,gnn_st_v2,2,neighborhood,UA/Grandview,overall,0.5,IT50,8.143164584776198,53,5.0,0.09433962264150944,2.0,3.0,3.0,45.0,0.4,0.6,0.4,0.0625,0.25,0.4,0.3375,0.3375,0.3375,0.8867924528301887,1.0,0.07555829572903505,0.08543965824136704,0.11565311373808562,,,,,False
gnn_st_v2,post_covid,gnn_st_v2,2,neighborhood,UA/Grandview,overall,0.9,IT90,16.706142473783938,53,0.0,0.0,0.0,0.0,0.0,53.0,,,,0.0,,,,,,1.0,,0.003372935979120944,0.0,,,,,,True
gnn_st_v2,post_covid,gnn_st_v2,2,neighborhood,UA/Grandview,overall,0.98,IT98,26.455007113900507,53,0.0,0.0,0.0,0.0,0.0,53.0,,,,0.0,,,,,,1.0,,1.0409340735956694e-05,0.0,,,,,,True
gnn_st_v2,post_covid,gnn_st_v2,2,neighborhood,UA/Grandview,flu_season,,bands,,26,,,,,,,,,,,,,,,,,,,,,0.7692307692307693,1.0,0.25714285714285723,0.0,False
gnn_st_v2,post_covid,gnn_st_v2,2,neighborhood,UA/Grandview,flu_season,0.5,IT50,8.143164584776198,26,5.0,0.19230769230769232,2.0,3.0,3.0,18.0,0.4,0.6,0.4,0.14285714285714285,0.25,0.4,0.2571428571428572,0.2571428571428571,0.2571428571428571,0.7692307692307693,1.0,0.15218583369986977,0.15532544378698226,0.020213108751314768,,,,,False
gnn_st_v2,post_covid,gnn_st_v2,2,neighborhood,UA/Grandview,flu_season,0.9,IT90,16.706142473783938,26,0.0,0.0,0.0,0.0,0.0,26.0,,,,0.0,,,,,,1.0,,0.006875597659653436,0.0,,,,,,True
gnn_st_v2,post_covid,gnn_st_v2,2,neighborhood,UA/Grandview,flu_season,0.98,IT98,26.455007113900507,26,0.0,0.0,0.0,0.0,0.0,26.0,,,,0.0,,,,,,1.0,,2.121904073098864e-05,0.0,,,,,,True
gnn_st_v2,post_covid,gnn_st_v2,2,neighborhood,West,overall,,bands,,53,,,,,,,,,,,,,,,,,,,,,0.9245283018867925,1.0,0.29333333333333333,0.0,False
gnn_st_v2,post_covid,gnn_st_v2,2,neighborhood,West,overall,0.5,IT50,73.15037971354549,53,3.0,0.05660377358490566,1.0,2.0,2.0,48.0,0.3333333333333333,0.6666666666666666,0.3333333333333333,0.04,0.2,0.3333333333333333,0.29333333333333333,0.29333333333333333,0.29333333333333333,0.9245283018867925,1.0,0.03826393140871124,0.05339978640085441,0.2834441111528677,,,,,True
gnn_st_v2,post_covid,gnn_st_v2,2,neighborhood,West,overall,0.9,IT90,114.1022318647041,53,0.0,0.0,0.0,0.0,0.0,53.0,,,,0.0,,,,,,1.0,,2.1104141896375577e-05,0.0,,,,,,True
gnn_st_v2,post_covid,gnn_st_v2,2,neighborhood,West,overall,0.98,IT98,151.63555393306305,53,0.0,0.0,0.0,0.0,0.0,53.0,,,,0.0,,,,,,1.0,,2.3984498508214188e-11,0.0,,,,,,True
gnn_st_v2,post_covid,gnn_st_v2,2,neighborhood,West,flu_season,,bands,,26,,,,,,,,,,,,,,,,,,,,,0.8461538461538461,1.0,0.24637681159420288,0.0,False
gnn_st_v2,post_covid,gnn_st_v2,2,neighborhood,West,flu_season,0.5,IT50,73.15037971354549,26,3.0,0.11538461538461539,1.0,2.0,2.0,21.0,0.3333333333333333,0.6666666666666666,0.3333333333333333,0.08695652173913043,0.2,0.3333333333333333,0.24637681159420288,0.2463768115942029,0.2463768115942029,0.8461538461538461,1.0,0.07799904497429194,0.10207100591715977,0.2358354434402703,,,,,True
gnn_st_v2,post_covid,gnn_st_v2,2,neighborhood,West,flu_season,0.9,IT90,114.1022318647041,26,0.0,0.0,0.0,0.0,0.0,26.0,,,,0.0,,,,,,1.0,,4.301998155799635e-05,0.0,,,,,,True
gnn_st_v2,post_covid,gnn_st_v2,2,neighborhood,West,flu_season,0.98,IT98,151.63555393306305,26,0.0,0.0,0.0,0.0,0.0,26.0,,,,0.0,,,,,,1.0,,4.889147772828277e-11,0.0,,,,,,True
gnn_st_v2,post_covid,gnn_st_v2,2,neighborhood,Westerville,overall,,bands,,53,,,,,,,,,,,,,,,,,,,,,0.8867924528301887,0.9811320754716981,0.4246079613992765,-0.09433962264150944,False
gnn_st_v2,post_covid,gnn_st_v2,2,neighborhood,Westerville,overall,0.5,IT50,24.33364195874595,53,7.0,0.1320754716981132,3.0,1.0,4.0,45.0,0.42857142857142855,0.25,0.75,0.021739130434782608,0.375,0.5454545454545454,0.40683229813664595,0.4971537001897533,0.5214531846240801,0.9056603773584906,0.5714285714285714,0.07426001914738953,0.1146315414738341,0.3521851124688907,,,,,False
gnn_st_v2,post_covid,gnn_st_v2,2,neighborhood,Westerville,overall,0.9,IT90,36.408491039457616,53,2.0,0.03773584905660377,0.0,0.0,2.0,51.0,0.0,,,0.0,0.0,0.0,0.0,0.0,,0.9622641509433962,0.0,0.03320322908508799,0.03631185475258099,0.08560911274497862,,,,,True
gnn_st_v2,post_covid,gnn_st_v2,2,neighborhood,Westerville,overall,0.98,IT98,47.11324141772458,53,0.0,0.0,0.0,0.0,0.0,53.0,,,,0.0,,,,,,1.0,,0.0005288870714185492,0.0,,,,,,True
gnn_st_v2,post_covid,gnn_st_v2,2,neighborhood,Westerville,flu_season,,bands,,26,,,,,,,,,,,,,,,,,,,,,0.7692307692307693,0.9615384615384616,0.3675675675675676,-0.19230769230769232,False
gnn_st_v2,post_covid,gnn_st_v2,2,neighborhood,Westerville,flu_season,0.5,IT50,24.33364195874595,26,7.0,0.2692307692307692,3.0,1.0,4.0,18.0,0.42857142857142855,0.25,0.75,0.05263157894736842,0.375,0.5454545454545454,0.37593984962406013,0.43478260869565216,0.46217116665408475,0.8076923076923077,0.5714285714285714,0.15094648764518784,0.19674556213017758,0.23278326580340647,,,,,False
gnn_st_v2,post_covid,gnn_st_v2,2,neighborhood,Westerville,flu_season,0.9,IT90,36.408491039457616,26,2.0,0.07692307692307693,0.0,0.0,2.0,24.0,0.0,,,0.0,0.0,0.0,0.0,0.0,,0.9230769230769231,0.0,0.06768347124084094,0.07100591715976333,0.046791113358157,,,,,True
gnn_st_v2,post_covid,gnn_st_v2,2,neighborhood,Westerville,flu_season,0.98,IT98,47.11324141772458,26,0.0,0.0,0.0,0.0,0.0,26.0,,,,0.0,,,,,,1.0,,0.0010781159531331385,0.0,,,,,,True
gnn_st_v2,post_covid,gnn_st_v2,2,neighborhood,Worthington,overall,,bands,,53,,,,,,,,,,,,,,,,,,,,,0.7358490566037735,0.9245283018867925,0.49000740192450043,-0.1509433962264151,False
gnn_st_v2,post_covid,gnn_st_v2,2,neighborhood,Worthington,overall,0.5,IT50,13.721631551906164,53,16.0,0.3018867924528302,10.0,2.0,6.0,35.0,0.625,0.16666666666666666,0.8333333333333334,0.05405405405405406,0.5555555555555556,0.7142857142857143,0.5709459459459459,0.6145454545454545,0.6262868536285159,0.8490566037735849,0.75,0.11944500748079322,0.21075115699537203,0.43324151011224976,,,,,False
gnn_st_v2,post_covid,gnn_st_v2,2,neighborhood,Worthington,overall,0.9,IT90,22.978569674557114,53,5.0,0.09433962264150944,0.0,2.0,5.0,46.0,0.0,1.0,0.0,0.041666666666666664,0.0,0.0,-0.041666666666666664,-0.05698005698005698,-0.0639137490706142,0.8679245283018868,0.4,0.09404959775865765,0.08543965824136704,-0.1007721671002888,,,,,False
gnn_st_v2,post_covid,gnn_st_v2,2,neighborhood,Worthington,overall,0.98,IT98,31.956357603850087,53,2.0,0.03773584905660377,0.0,1.0,2.0,50.0,0.0,1.0,0.0,0.0196078431372549,0.0,0.0,-0.0196078431372549,-0.025806451612903226,-0.027461751819054487,0.9433962264150944,0.5,0.043538731672859085,0.03631185475258099,-0.19902252224569783,,,,,True
gnn_st_v2,post_covid,gnn_st_v2,2,neighborhood,Worthington,flu_season,,bands,,26,,,,,,,,,,,,,,,,,,,,,0.5384615384615384,0.8461538461538461,0.3645621181262729,-0.23076923076923078,False
gnn_st_v2,post_covid,gnn_st_v2,2,neighborhood,Worthington,flu_season,0.5,IT50,13.721631551906164,26,14.0,0.5384615384615384,10.0,2.0,4.0,10.0,0.7142857142857143,0.16666666666666666,0.8333333333333334,0.16666666666666666,0.625,0.7692307692307693,0.5476190476190477,0.5411764705882353,0.5476190476190477,0.7692307692307693,0.8571428571428571,0.1561852106912774,0.24852071005917165,0.3715404617422411,,,,,False
gnn_st_v2,post_covid,gnn_st_v2,2,neighborhood,Worthington,flu_season,0.9,IT90,22.978569674557114,26,5.0,0.19230769230769232,0.0,2.0,5.0,19.0,0.0,1.0,0.0,0.09523809523809523,0.0,0.0,-0.09523809523809523,-0.12345679012345678,-0.14085904245475275,0.7307692307692307,0.4,0.19163794329400324,0.15532544378698226,-0.23378333015948738,,,,,False
gnn_st_v2,post_covid,gnn_st_v2,2,neighborhood,Worthington,flu_season,0.98,IT98,31.956357603850087,26,2.0,0.07692307692307693,0.0,1.0,2.0,23.0,0.0,1.0,0.0,0.041666666666666664,0.0,0.0,-0.041666666666666664,-0.05405405405405406,-0.05773502691896257,0.8846153846153846,0.5,0.08875200718937,0.07100591715976333,-0.24992410125029396,,,,,True
lstm,post_covid,lstm,2,citywide,CITYWIDE,overall,,bands,,53,,,,,,,,,,,,,,,,,,,,,0.8301886792452831,1.0,0.3016105417276721,-0.018867924528301886,False
lstm,post_covid,lstm,2,citywide,CITYWIDE,overall,0.5,IT50,35.19412725226089,53,8.0,0.1509433962264151,3.0,4.0,5.0,41.0,0.375,0.5714285714285714,0.42857142857142855,0.08888888888888889,0.25,0.4,0.2861111111111111,0.30161054172767204,0.3025227492315619,0.8301886792452831,0.875,0.09111573755764985,0.12815948736205057,0.28904414777933785,,,,,False
lstm,post_covid,lstm,2,citywide,CITYWIDE,overall,0.9,IT90,56.071415152332634,53,0.0,0.0,0.0,0.0,0.0,53.0,,,,0.0,,,,,,1.0,,0.000486415318300179,0.0,,,,,,True
lstm,post_covid,lstm,2,citywide,CITYWIDE,overall,0.98,IT98,75.53173152268305,53,0.0,0.0,0.0,0.0,0.0,53.0,,,,0.0,,,,,,1.0,,5.7490615445330465e-08,0.0,,,,,,True
lstm,post_covid,lstm,2,citywide,CITYWIDE,flu_season,,bands,,26,,,,,,,,,,,,,,,,,,,,,0.6538461538461539,1.0,0.15827338129496404,-0.038461538461538464,False
lstm,post_covid,lstm,2,citywide,CITYWIDE,flu_season,0.5,IT50,35.19412725226089,26,8.0,0.3076923076923077,3.0,4.0,5.0,14.0,0.375,0.5714285714285714,0.42857142857142855,0.2222222222222222,0.25,0.4,0.1527777777777778,0.15827338129496402,0.158970161079422,0.6538461538461539,0.875,0.18275482719200375,0.2130177514792899,0.14206761679309332,,,,,False
lstm,post_covid,lstm,2,citywide,CITYWIDE,flu_season,0.9,IT90,56.071415152332634,26,0.0,0.0,0.0,0.0,0.0,26.0,,,,0.0,,,,,,1.0,,0.0009914037069652297,0.0,,,,,,True
lstm,post_covid,lstm,2,citywide,CITYWIDE,flu_season,0.98,IT98,75.53173152268305,26,0.0,0.0,0.0,0.0,0.0,26.0,,,,0.0,,,,,,1.0,,1.1719239945191832e-07,0.0,,,,,,True
lstm,post_covid,lstm,2,pooled,ALL,overall,,bands,,901,,,,,,,,,,,,,,,,,,,,,0.8579356270810211,0.9833518312985572,0.2149530977716807,-0.0732519422863485,False
lstm,post_covid,lstm,2,pooled,ALL,overall,0.5,IT50,,901,118.0,0.1309655937846837,33.0,40.0,85.0,743.0,0.2796610169491525,0.547945205479452,0.4520547945205479,0.05108556832694764,0.2088607594936709,0.34554973821989526,0.22857544862220489,0.27274429657180865,0.28260176313305974,0.8612652608213096,0.6186440677966102,0.09217373656225311,0.11381360702930893,0.19013429968424767,,,,,False
lstm,post_covid,lstm,2,pooled,ALL,overall,0.9,IT90,,901,17.0,0.018867924528301886,0.0,0.0,17.0,884.0,0.0,,,0.0,0.0,0.0,0.0,0.0,,0.9811320754716981,0.0,0.017500702407894506,0.01851192595229619,0.05462551800431392,,,,,False
lstm,post_covid,lstm,2,pooled,ALL,overall,0.98,IT98,,901,4.0,0.004439511653718091,0.0,0.0,4.0,897.0,0.0,,,0.0,0.0,0.0,0.0,0.0,,0.9955604883462819,0.0,0.004398301042488625,0.004419802389994593,0.004864775754373496,,,,,True
lstm,post_covid,lstm,2,pooled,ALL,flu_season,,bands,,442,,,,,,,,,,,,,,,,,,,,,0.7194570135746606,0.9660633484162896,0.13779869813201018,-0.14027149321266968,False
lstm,post_covid,lstm,2,pooled,ALL,flu_season,0.5,IT50,,442,114.0,0.2579185520361991,33.0,40.0,81.0,288.0,0.2894736842105263,0.547945205479452,0.4520547945205479,0.12195121951219512,0.21428571428571427,0.35294117647058826,0.1675224646983312,0.189789425844569,0.19737302094919051,0.7262443438914027,0.6403508771929824,0.17491520095378482,0.19139657255174955,0.08611111149082107,,,,,False
lstm,post_covid,lstm,2,pooled,ALL,flu_season,0.9,IT90,,442,17.0,0.038461538461538464,0.0,0.0,17.0,425.0,0.0,,,0.0,0.0,0.0,0.0,0.0,,0.9615384615384616,0.0,0.03564268565496375,0.03698224852071006,0.03622177988978026,,,,,False
lstm,post_covid,lstm,2,pooled,ALL,flu_season,0.98,IT98,,442,4.0,0.00904977375565611,0.0,0.0,4.0,438.0,0.0,,,0.0,0.0,0.0,0.0,0.0,,0.9909502262443439,0.0,0.008965101882258854,0.008967875350627548,0.000309267051587625,,,,,True
lstm,post_covid,lstm,2,neighborhood,Agler/Cassidy,overall,,bands,,53,,,,,,,,,,,,,,,,,,,,,0.9056603773584906,1.0,0.4933078393881454,-0.018867924528301886,False
lstm,post_covid,lstm,2,neighborhood,Agler/Cassidy,overall,0.5,IT50,51.74083078339265,53,6.0,0.11320754716981132,3.0,2.0,3.0,45.0,0.5,0.4,0.6,0.0425531914893617,0.375,0.5454545454545454,0.4574468085106383,0.4933078393881453,0.49586052431552574,0.9056603773584906,0.8333333333333334,0.08107788368600441,0.10039159843360627,0.19238377562416187,,,,,False
lstm,post_covid,lstm,2,neighborhood,Agler/Cassidy,overall,0.9,IT90,88.48740693700204,53,0.0,0.0,0.0,0.0,0.0,53.0,,,,0.0,,,,,,1.0,,1.688178036286271e-05,0.0,,,,,,True
lstm,post_covid,lstm,2,neighborhood,Agler/Cassidy,overall,0.98,IT98,124.72586226376617,53,0.0,0.0,0.0,0.0,0.0,53.0,,,,0.0,,,,,,1.0,,2.2438654593987733e-13,0.0,,,,,,True
lstm,post_covid,lstm,2,neighborhood,Agler/Cassidy,flu_season,,bands,,26,,,,,,,,,,,,,,,,,,,,,0.8076923076923077,1.0,0.4247787610619469,-0.038461538461538464,False
lstm,post_covid,lstm,2,neighborhood,Agler/Cassidy,flu_season,0.5,IT50,51.74083078339265,26,6.0,0.23076923076923078,3.0,2.0,3.0,18.0,0.5,0.4,0.6,0.1,0.375,0.5454545454545454,0.4,0.4247787610619469,0.42761798705987897,0.8076923076923077,0.8333333333333334,0.1642141031312394,0.17751479289940827,0.07492721902735133,,,,,False
lstm,post_covid,lstm,2,neighborhood,Agler/Cassidy,flu_season,0.9,IT90,88.48740693700204,26,0.0,0.0,0.0,0.0,0.0,26.0,,,,0.0,,,,,,1.0,,3.441282855470321e-05,0.0,,,,,,True
lstm,post_covid,lstm,2,neighborhood,Agler/Cassidy,flu_season,0.98,IT98,124.72586226376617,26,0.0,0.0,0.0,0.0,0.0,26.0,,,,0.0,,,,,,1.0,,4.574033436465844e-13,0.0,,,,,,True
lstm,post_covid,lstm,2,neighborhood,Bexley,overall,,bands,,53,,,,,,,,,,,,,,,,,,,,,0.8679245283018868,0.9622641509433962,0.3908045977011495,-0.1320754716981132,False
lstm,post_covid,lstm,2,neighborhood,Bexley,overall,0.5,IT50,24.605454693531783,53,8.0,0.1509433962264151,3.0,1.0,5.0,44.0,0.375,0.25,0.75,0.022222222222222223,0.3333333333333333,0.5,0.3527777777777778,0.44405594405594406,0.4781062652873621,0.8867924528301887,0.5,0.10387477847335001,0.12815948736205057,0.18948818685655522,,,,,False
lstm,post_covid,lstm,2,neighborhood,Bexley,overall,0.9,IT90,37.5430295506582,53,2.0,0.03773584905660377,0.0,0.0,2.0,51.0,0.0,,,0.0,0.0,0.0,0.0,0.0,,0.9622641509433962,0.0,0.033852550517795205,0.03631185475258099,0.06772730975993402,,,,,True
lstm,post_covid,lstm,2,neighborhood,Bexley,overall,0.98,IT98,49.19357270883574,53,1.0,0.018867924528301886,0.0,0.0,1.0,52.0,0.0,,,0.0,0.0,0.0,0.0,0.0,,0.9811320754716981,0.0,0.018627179516758005,0.018511925952296185,-0.006225908895639565,,,,,True
lstm,post_covid,lstm,2,neighborhood,Bexley,flu_season,,bands,,26,,,,,,,,,,,,,,,,,,,,,0.7692307692307693,0.9230769230769231,0.36585365853658536,-0.23076923076923078,False
lstm,post_covid,lstm,2,neighborhood,Bexley,flu_season,0.5,IT50,24.605454693531783,26,7.0,0.2692307692307692,3.0,1.0,4.0,18.0,0.42857142857142855,0.25,0.75,0.05263157894736842,0.375,0.5454545454545454,0.37593984962406013,0.43478260869565216,0.46217116665408475,0.8076923076923077,0.5714285714285714,0.17246393436165855,0.19674556213017758,0.12341639377081848,,,,,False
lstm,post_covid,lstm,2,neighborhood,Bexley,flu_season,0.9,IT90,37.5430295506582,26,2.0,0.07692307692307693,0.0,0.0,2.0,24.0,0.0,,,0.0,0.0,0.0,0.0,0.0,,0.9230769230769231,0.0,0.0690064803725153,0.07100591715976333,0.028158734753742976,,,,,True
lstm,post_covid,lstm,2,neighborhood,Bexley,flu_season,0.98,IT98,49.19357270883574,26,1.0,0.038461538461538464,0.0,0.0,1.0,25.0,0.0,,,0.0,0.0,0.0,0.0,0.0,,0.9615384615384616,0.0,0.037970789001257846,0.036982248520710054,-0.0267301345940123,,,,,True
lstm,post_covid,lstm,2,neighborhood,Clintonville/Near North,overall,,bands,,53,,,,,,,,,,,,,,,,,,,,,0.8490566037735849,0.9622641509433962,0.36626809314034003,-0.20754716981132076,False
lstm,post_covid,lstm,2,neighborhood,Clintonville/Near North,overall,0.5,IT50,15.728895715230147,53,11.0,0.20754716981132076,5.0,0.0,6.0,42.0,0.45454545454545453,0.0,1.0,0.0,0.45454545454545453,0.625,0.45454545454545453,0.5691056910569106,0.6306562238868912,0.8867924528301887,0.45454545454545453,0.10519742035829364,0.1644713421146316,0.3603905762198123,,,,,False
lstm,post_covid,lstm,2,neighborhood,Clintonville/Near North,overall,0.9,IT90,22.099499115677975,53,4.0,0.07547169811320754,0.0,0.0,4.0,49.0,0.0,,,0.0,0.0,0.0,0.0,0.0,,0.9245283018867925,0.0,0.06066192052732257,0.06977572089711641,0.13061563897321882,,,,,True
lstm,post_covid,lstm,2,neighborhood,Clintonville/Near North,overall,0.98,IT98,27.469599865392972,53,1.0,0.018867924528301886,0.0,0.0,1.0,52.0,0.0,,,0.0,0.0,0.0,0.0,0.0,,0.9811320754716981,0.0,0.01852902540432617,0.018511925952296185,-0.0009236992452352766,,,,,True
lstm,post_covid,lstm,2,neighborhood,Clintonville/Near North,flu_season,,bands,,26,,,,,,,,,,,,,,,,,,,,,0.6923076923076923,0.9230769230769231,0.2922636103151862,-0.4230769230769231,False
lstm,post_covid,lstm,2,neighborhood,Clintonville/Near North,flu_season,0.5,IT50,15.728895715230147,26,11.0,0.4230769230769231,5.0,0.0,6.0,15.0,0.45454545454545453,0.0,1.0,0.0,0.45454545454545453,0.625,0.45454545454545453,0.49019607843137253,0.5698028822981897,0.7692307692307693,0.45454545454545453,0.2045222265902637,0.24408284023668633,0.16207863530291944,,,,,False
lstm,post_covid,lstm,2,neighborhood,Clintonville/Near North,flu_season,0.9,IT90,22.099499115677975,26,4.0,0.15384615384615385,0.0,0.0,4.0,22.0,0.0,,,0.0,0.0,0.0,0.0,0.0,,0.8461538461538461,0.0,0.12326299721198666,0.13017751479289943,0.05311606687155723,,,,,True
lstm,post_covid,lstm,2,neighborhood,Clintonville/Near North,flu_season,0.98,IT98,27.469599865392972,26,1.0,0.038461538461538464,0.0,0.0,1.0,25.0,0.0,,,0.0,0.0,0.0,0.0,0.0,,0.9615384615384616,0.0,0.03775943837538463,0.036982248520710054,-0.021015213670400712,,,,,True
lstm,post_covid,lstm,2,neighborhood,Dublin,overall,,bands,,53,,,,,,,,,,,,,,,,,,,,,0.8113207547169812,0.9811320754716981,0.0625850340136056,-0.1320754716981132,False
lstm,post_covid,lstm,2,neighborhood,Dublin,overall,0.5,IT50,8.038849454818003,53,9.0,0.16981132075471697,1.0,2.0,8.0,42.0,0.1111111111111111,0.6666666666666666,0.3333333333333333,0.045454545454545456,0.09090909090909091,0.16666666666666666,0.06565656565656565,0.08934707903780069,0.10667929218208837,0.8113207547169812,0.3333333333333333,0.11354426910296189,0.14097543609825564,0.19458118204489927,,,,,False
lstm,post_covid,lstm,2,neighborhood,Dublin,overall,0.9,IT90,14.1626396504559,53,1.0,0.018867924528301886,0.0,0.0,1.0,52.0,0.0,,,0.0,0.0,0.0,0.0,0.0,,0.9811320754716981,0.0,0.020547163595017116,0.018511925952296185,-0.10994197189236732,,,,,True
lstm,post_covid,lstm,2,neighborhood,Dublin,overall,0.98,IT98,20.345693253667104,53,0.0,0.0,0.0,0.0,0.0,53.0,,,,0.0,,,,,,1.0,,2.559232075377029e-05,0.0,,,,,,True
lstm,post_covid,lstm,2,neighborhood,Dublin,flu_season,,bands,,26,,,,,,,,,,,,,,,,,,,,,0.6538461538461539,0.9615384615384616,-0.006451612903225712,-0.23076923076923078,False
lstm,post_covid,lstm,2,neighborhood,Dublin,flu_season,0.5,IT50,8.038849454818003,26,8.0,0.3076923076923077,1.0,2.0,7.0,16.0,0.125,0.6666666666666666,0.3333333333333333,0.1111111111111111,0.1,0.18181818181818182,0.013888888888888895,0.01680672268907563,0.020064308847628203,0.6538461538461539,0.375,0.18676265493951758,0.21301775147928986,0.12325309208948665,,,,,False
lstm,post_covid,lstm,2,neighborhood,Dublin,flu_season,0.9,IT90,14.1626396504559,26,1.0,0.038461538461538464,0.0,0.0,1.0,25.0,0.0,,,0.0,0.0,0.0,0.0,0.0,,0.9615384615384616,0.0,0.04181560400070518,0.036982248520710054,-0.1306939321790681,,,,,True
lstm,post_covid,lstm,2,neighborhood,Dublin,flu_season,0.98,IT98,20.345693253667104,26,0.0,0.0,0.0,0.0,0.0,26.0,,,,0.0,,,,,,1.0,,5.21333316139376e-05,0.0,,,,,,True
lstm,post_covid,lstm,2,neighborhood,Eastside,overall,,bands,,53,,,,,,,,,,,,,,,,,,,,,0.8490566037735849,0.9811320754716981,0.26108998732572886,0.018867924528301886,False
lstm,post_covid,lstm,2,neighborhood,Eastside,overall,0.5,IT50,53.89825474693718,53,6.0,0.11320754716981132,3.0,5.0,3.0,42.0,0.5,0.625,0.375,0.10638297872340426,0.2727272727272727,0.42857142857142855,0.39361702127659576,0.34365325077399383,0.3483751544340531,0.8490566037735849,1.3333333333333333,0.08046557065067451,0.10039159843360627,0.19848302142643726,,,,,False
lstm,post_covid,lstm,2,neighborhood,Eastside,overall,0.9,IT90,89.53274062296502,53,1.0,0.018867924528301886,0.0,0.0,1.0,52.0,0.0,,,0.0,0.0,0.0,0.0,0.0,,0.9811320754716981,0.0,0.01904558117902265,0.018511925952296185,-0.028827644843743006,,,,,True
lstm,post_covid,lstm,2,neighborhood,Eastside,overall,0.98,IT98,123.87134674281285,53,0.0,0.0,0.0,0.0,0.0,53.0,,,,0.0,,,,,,1.0,,2.692709482895955e-10,0.0,,,,,,True
lstm,post_covid,lstm,2,neighborhood,Eastside,flu_season,,bands,,26,,,,,,,,,,,,,,,,,,,,,0.6923076923076923,0.9615384615384616,0.1333333333333332,0.038461538461538464,False
lstm,post_covid,lstm,2,neighborhood,Eastside,flu_season,0.5,IT50,53.89825474693718,26,6.0,0.23076923076923078,3.0,5.0,3.0,15.0,0.5,0.625,0.375,0.25,0.2727272727272727,0.42857142857142855,0.25,0.22388059701492538,0.22821773229381923,0.6923076923076923,1.3333333333333333,0.1622772234248308,0.17751479289940827,0.08583830804011972,,,,,False
lstm,post_covid,lstm,2,neighborhood,Eastside,flu_season,0.9,IT90,89.53274062296502,26,1.0,0.038461538461538464,0.0,0.0,1.0,25.0,0.0,,,0.0,0.0,0.0,0.0,0.0,,0.9615384615384616,0.0,0.038823683902598265,0.036982248520710054,-0.04979241272625723,,,,,True
lstm,post_covid,lstm,2,neighborhood,Eastside,flu_season,0.98,IT98,123.87134674281285,26,0.0,0.0,0.0,0.0,0.0,26.0,,,,0.0,,,,,,1.0,,5.488984715124798e-10,0.0,,,,,,True
lstm,post_covid,lstm,2,neighborhood,Far East,overall,,bands,,53,,,,,,,,,,,,,,,,,,,,,0.9056603773584906,0.9811320754716981,0.1620553359683795,-0.07547169811320754,False
lstm,post_covid,lstm,2,neighborhood,Far East,overall,0.5,IT50,76.01095931639992,53,5.0,0.09433962264150944,1.0,1.0,4.0,47.0,0.2,0.5,0.5,0.020833333333333332,0.16666666666666666,0.2857142857142857,0.17916666666666667,0.245014245014245,0.2748291210036411,0.9056603773584906,0.4,0.06789654937088907,0.08543965824136704,0.2053274700715525,,,,,False
lstm,post_covid,lstm,2,neighborhood,Far East,overall,0.9,IT90,119.58175049878095,53,1.0,0.018867924528301886,0.0,0.0,1.0,52.0,0.0,,,0.0,0.0,0.0,0.0,0.0,,0.9811320754716981,0.0,0.018838256179974065,0.018511925952296185,-0.017628107875907073,,,,,True
lstm,post_covid,lstm,2,neighborhood,Far East,overall,0.98,IT98,159.7885780471188,53,0.0,0.0,0.0,0.0,0.0,53.0,,,,0.0,,,,,,1.0,,2.366205197883619e-14,0.0,,,,,,True
lstm,post_covid,lstm,2,neighborhood,Far East,flu_season,,bands,,26,,,,,,,,,,,,,,,,,,,,,0.8076923076923077,0.9615384615384616,0.11864406779661008,-0.15384615384615385,False
lstm,post_covid,lstm,2,neighborhood,Far East,flu_season,0.5,IT50,76.01095931639992,26,5.0,0.19230769230769232,1.0,1.0,4.0,20.0,0.2,0.5,0.5,0.047619047619047616,0.16666666666666666,0.2857142857142857,0.1523809523809524,0.19753086419753085,0.2253744679276044,0.8076923076923077,0.4,0.1374263840763066,0.15532544378698226,0.11523585108968326,,,,,False
lstm,post_covid,lstm,2,neighborhood,Far East,flu_season,0.9,IT90,119.58175049878095,26,1.0,0.038461538461538464,0.0,0.0,1.0,25.0,0.0,,,0.0,0.0,0.0,0.0,0.0,,0.9615384615384616,0.0,0.0384010606120688,0.036982248520710054,-0.03836467895034046,,,,,True
lstm,post_covid,lstm,2,neighborhood,Far East,flu_season,0.98,IT98,159.7885780471188,26,0.0,0.0,0.0,0.0,0.0,26.0,,,,0.0,,,,,,1.0,,4.823418286182472e-14,0.0,,,,,,True
lstm,post_covid,lstm,2,neighborhood,Far South,overall,,bands,,53,,,,,,,,,,,,,,,,,,,,,0.8490566037735849,1.0,0.3416149068322982,0.0,False
lstm,post_covid,lstm,2,neighborhood,Far South,overall,0.5,IT50,69.7066330370401,53,7.0,0.1320754716981132,3.0,4.0,4.0,42.0,0.42857142857142855,0.5714285714285714,0.42857142857142855,0.08695652173913043,0.2727272727272727,0.42857142857142855,0.3416149068322981,0.3416149068322981,0.3416149068322981,0.8490566037735849,1.0,0.07658646976966568,0.11463154147383411,0.33189008204040094,,,,,False
lstm,post_covid,lstm,2,neighborhood,Far South,overall,0.9,IT90,121.95949130896,53,0.0,0.0,0.0,0.0,0.0,53.0,,,,0.0,,,,,,1.0,,7.92152234264587e-06,0.0,,,,,,True
lstm,post_covid,lstm,2,neighborhood,Far South,overall,0.98,IT98,174.42921640712913,53,0.0,0.0,0.0,0.0,0.0,53.0,,,,0.0,,,,,,1.0,,5.488151102735218e-16,0.0,,,,,,True
lstm,post_covid,lstm,2,neighborhood,Far South,flu_season,,bands,,26,,,,,,,,,,,,,,,,,,,,,0.6923076923076923,1.0,0.21804511278195493,0.0,False
lstm,post_covid,lstm,2,neighborhood,Far South,flu_season,0.5,IT50,69.7066330370401,26,7.0,0.2692307692307692,3.0,4.0,4.0,15.0,0.42857142857142855,0.5714285714285714,0.42857142857142855,0.21052631578947367,0.2727272727272727,0.42857142857142855,0.21804511278195488,0.21804511278195488,0.21804511278195488,0.6923076923076923,1.0,0.15548820757711906,0.19674556213017758,0.20969903517193644,,,,,False
lstm,post_covid,lstm,2,neighborhood,Far South,flu_season,0.9,IT90,121.95949130896,26,0.0,0.0,0.0,0.0,0.0,26.0,,,,0.0,,,,,,1.0,,1.6147718598833927e-05,0.0,,,,,,True
lstm,post_covid,lstm,2,neighborhood,Far South,flu_season,0.98,IT98,174.42921640712913,26,0.0,0.0,0.0,0.0,0.0,26.0,,,,0.0,,,,,,1.0,,1.1187384940191023e-15,0.0,,,,,,True
lstm,post_covid,lstm,2,neighborhood,Far Southeast,overall,,bands,,53,,,,,,,,,,,,,,,,,,,,,0.9056603773584906,1.0,0.0,-0.09433962264150944,False
lstm,post_covid,lstm,2,neighborhood,Far Southeast,overall,0.5,IT50,10.956265259525463,53,5.0,0.09433962264150944,0.0,0.0,5.0,48.0,0.0,,,0.0,0.0,0.0,0.0,0.0,,0.9056603773584906,0.0,0.08432703247814377,0.08543965824136704,0.013022357370392368,,,,,False
lstm,post_covid,lstm,2,neighborhood,Far Southeast,overall,0.9,IT90,18.40391015194404,53,0.0,0.0,0.0,0.0,0.0,53.0,,,,0.0,,,,,,1.0,,0.0011134595925233939,0.0,,,,,,True
lstm,post_covid,lstm,2,neighborhood,Far Southeast,overall,0.98,IT98,25.644566505740826,53,0.0,0.0,0.0,0.0,0.0,53.0,,,,0.0,,,,,,1.0,,3.94374378260668e-06,0.0,,,,,,True
lstm,post_covid,lstm,2,neighborhood,Far Southeast,flu_season,,bands,,26,,,,,,,,,,,,,,,,,,,,,0.8076923076923077,1.0,0.0,-0.19230769230769232,False
lstm,post_covid,lstm,2,neighborhood,Far Southeast,flu_season,0.5,IT50,10.956265259525463,26,5.0,0.19230769230769232,0.0,0.0,5.0,21.0,0.0,,,0.0,0.0,0.0,0.0,0.0,,0.8076923076923077,0.0,0.16132322524903916,0.15532544378698226,-0.03861428827000446,,,,,False
lstm,post_covid,lstm,2,neighborhood,Far Southeast,flu_season,0.9,IT90,18.40391015194404,26,0.0,0.0,0.0,0.0,0.0,26.0,,,,0.0,,,,,,1.0,,0.0022495729335348063,0.0,,,,,,True
lstm,post_covid,lstm,2,neighborhood,Far Southeast,flu_season,0.98,IT98,25.644566505740826,26,0.0,0.0,0.0,0.0,0.0,26.0,,,,0.0,,,,,,1.0,,8.036488737944635e-06,0.0,,,,,,True
lstm,post_covid,lstm,2,neighborhood,Far Southwest,overall,,bands,,53,,,,,,,,,,,,,,,,,,,,,0.8867924528301887,1.0,0.33750000000000013,0.0,False
lstm,post_covid,lstm,2,neighborhood,Far Southwest,overall,0.5,IT50,34.041053932580134,53,5.0,0.09433962264150944,2.0,3.0,3.0,45.0,0.4,0.6,0.4,0.0625,0.25,0.4,0.3375,0.3375,0.3375,0.8867924528301887,1.0,0.08167093088509993,0.08543965824136704,0.044109813098976325,,,,,False
lstm,post_covid,lstm,2,neighborhood,Far Southwest,overall,0.9,IT90,54.68112356483704,53,0.0,0.0,0.0,0.0,0.0,53.0,,,,0.0,,,,,,1.0,,0.0006831939185530644,0.0,,,,,,True
lstm,post_covid,lstm,2,neighborhood,Far Southwest,overall,0.98,IT98,74.04650918881951,53,0.0,0.0,0.0,0.0,0.0,53.0,,,,0.0,,,,,,1.0,,2.0971739919023507e-07,0.0,,,,,,True
lstm,post_covid,lstm,2,neighborhood,Far Southwest,flu_season,,bands,,26,,,,,,,,,,,,,,,,,,,,,0.7692307692307693,1.0,0.25714285714285723,0.0,False
lstm,post_covid,lstm,2,neighborhood,Far Southwest,flu_season,0.5,IT50,34.041053932580134,26,5.0,0.19230769230769232,2.0,3.0,3.0,18.0,0.4,0.6,0.4,0.14285714285714285,0.25,0.4,0.2571428571428572,0.2571428571428571,0.2571428571428571,0.7692307692307693,1.0,0.16424780411382728,0.15532544378698226,-0.05744300553283077,,,,,False
lstm,post_covid,lstm,2,neighborhood,Far Southwest,flu_season,0.9,IT90,54.68112356483704,26,0.0,0.0,0.0,0.0,0.0,26.0,,,,0.0,,,,,,1.0,,0.0013925815994438153,0.0,,,,,,True
lstm,post_covid,lstm,2,neighborhood,Far Southwest,flu_season,0.98,IT98,74.04650918881951,26,0.0,0.0,0.0,0.0,0.0,26.0,,,,0.0,,,,,,1.0,,4.2750084627729284e-07,0.0,,,,,,True
lstm,post_covid,lstm,2,neighborhood,Hilliard,overall,,bands,,53,,,,,,,,,,,,,,,,,,,,,0.7924528301886793,1.0,0.14641288433382138,-0.018867924528301886,False
lstm,post_covid,lstm,2,neighborhood,Hilliard,overall,0.5,IT50,19.24134804712757,53,8.0,0.1509433962264151,2.0,5.0,6.0,40.0,0.25,0.7142857142857143,0.2857142857142857,0.1111111111111111,0.15384615384615385,0.26666666666666666,0.1388888888888889,0.14641288433382138,0.14685570351046695,0.7924528301886793,0.875,0.10765182571971754,0.12815948736205057,0.16001672653698185,,,,,False
lstm,post_covid,lstm,2,neighborhood,Hilliard,overall,0.9,IT90,34.52709434950146,53,0.0,0.0,0.0,0.0,0.0,53.0,,,,0.0,,,,,,1.0,,0.0008396731365655926,0.0,,,,,,True
lstm,post_covid,lstm,2,neighborhood,Hilliard,overall,0.98,IT98,50.186768532537315,53,0.0,0.0,0.0,0.0,0.0,53.0,,,,0.0,,,,,,1.0,,1.2400381177560968e-07,0.0,,,,,,True
lstm,post_covid,lstm,2,neighborhood,Hilliard,flu_season,,bands,,26,,,,,,,,,,,,,,,,,,,,,0.5769230769230769,1.0,-0.02877697841726623,-0.038461538461538464,False
lstm,post_covid,lstm,2,neighborhood,Hilliard,flu_season,0.5,IT50,19.24134804712757,26,8.0,0.3076923076923077,2.0,5.0,6.0,13.0,0.25,0.7142857142857143,0.2857142857142857,0.2777777777777778,0.15384615384615385,0.26666666666666666,-0.02777777777777779,-0.02877697841726619,-0.028903665650804,0.5769230769230769,0.875,0.21030414819021376,0.21301775147928986,0.012738859884829479,,,,,False
lstm,post_covid,lstm,2,neighborhood,Hilliard,flu_season,0.9,IT90,34.52709434950146,26,0.0,0.0,0.0,0.0,0.0,26.0,,,,0.0,,,,,,1.0,,0.0017099554521516518,0.0,,,,,,True
lstm,post_covid,lstm,2,neighborhood,Hilliard,flu_season,0.98,IT98,50.186768532537315,26,0.0,0.0,0.0,0.0,0.0,26.0,,,,0.0,,,,,,1.0,,2.5277667158024934e-07,0.0,,,,,,True
lstm,post_covid,lstm,2,neighborhood,Linden,overall,,bands,,53,,,,,,,,,,,,,,,,,,,,,0.8679245283018868,1.0,0.0,-0.1320754716981132,False
lstm,post_covid,lstm,2,neighborhood,Linden,overall,0.5,IT50,53.62727596624066,53,7.0,0.1320754716981132,0.0,0.0,7.0,46.0,0.0,,,0.0,0.0,0.0,0.0,0.0,,0.8679245283018868,0.0,0.09827277301443374,0.1146315414738341,0.142707393175328,,,,,False
lstm,post_covid,lstm,2,neighborhood,Linden,overall,0.9,IT90,82.61523156370409,53,0.0,0.0,0.0,0.0,0.0,53.0,,,,0.0,,,,,,1.0,,1.7936619078361707e-05,0.0,,,,,,True
lstm,post_covid,lstm,2,neighborhood,Linden,overall,0.98,IT98,108.92078323683364,53,0.0,0.0,0.0,0.0,0.0,53.0,,,,0.0,,,,,,1.0,,3.8816250192755774e-11,0.0,,,,,,True
lstm,post_covid,lstm,2,neighborhood,Linden,flu_season,,bands,,26,,,,,,,,,,,,,,,,,,,,,0.7307692307692307,1.0,0.0,-0.2692307692307692,False
lstm,post_covid,lstm,2,neighborhood,Linden,flu_season,0.5,IT50,53.62727596624066,26,7.0,0.2692307692307692,0.0,0.0,7.0,19.0,0.0,,,0.0,0.0,0.0,0.0,0.0,,0.7307692307692307,0.0,0.19893179605111738,0.19674556213017758,-0.01111198594402496,,,,,False
lstm,post_covid,lstm,2,neighborhood,Linden,flu_season,0.9,IT90,82.61523156370409,26,0.0,0.0,0.0,0.0,0.0,26.0,,,,0.0,,,,,,1.0,,3.655656806898941e-05,0.0,,,,,,True
lstm,post_covid,lstm,2,neighborhood,Linden,flu_season,0.98,IT98,108.92078323683364,26,0.0,0.0,0.0,0.0,0.0,26.0,,,,0.0,,,,,,1.0,,7.912541058926275e-11,0.0,,,,,,True
lstm,post_covid,lstm,2,neighborhood,NE Suburban,overall,,bands,,53,,,,,,,,,,,,,,,,,,,,,0.8490566037735849,0.9811320754716981,0.07313195548489682,-0.018867924528301886,False
lstm,post_covid,lstm,2,neighborhood,NE Suburban,overall,0.5,IT50,27.312493683860776,53,5.0,0.09433962264150944,1.0,4.0,4.0,44.0,0.2,0.8,0.2,0.08333333333333333,0.1111111111111111,0.2,0.11666666666666668,0.11666666666666667,0.11666666666666667,0.8490566037735849,1.0,0.0831453980268959,0.08543965824136704,0.026852403926872603,,,,,False
lstm,post_covid,lstm,2,neighborhood,NE Suburban,overall,0.9,IT90,41.22759712033061,53,1.0,0.018867924528301886,0.0,0.0,1.0,52.0,0.0,,,0.0,0.0,0.0,0.0,0.0,,0.9811320754716981,0.0,0.02040107033265038,0.018511925952296185,-0.10205012623874876,,,,,True
lstm,post_covid,lstm,2,neighborhood,NE Suburban,overall,0.98,IT98,53.6511443833241,53,0.0,0.0,0.0,0.0,0.0,53.0,,,,0.0,,,,,,1.0,,1.4211350359049244e-05,0.0,,,,,,True
lstm,post_covid,lstm,2,neighborhood,NE Suburban,flu_season,,bands,,26,,,,,,,,,,,,,,,,,,,,,0.6923076923076923,0.9615384615384616,-0.02877697841726623,-0.038461538461538464,False
lstm,post_covid,lstm,2,neighborhood,NE Suburban,flu_season,0.5,IT50,27.312493683860776,26,5.0,0.19230769230769232,1.0,4.0,4.0,17.0,0.2,0.8,0.2,0.19047619047619047,0.1111111111111111,0.2,0.009523809523809545,0.009523809523809525,0.009523809523809525,0.6923076923076923,1.0,0.16371767454235686,0.15532544378698226,-0.05402998086317368,,,,,False
lstm,post_covid,lstm,2,neighborhood,NE Suburban,flu_season,0.9,IT90,41.22759712033061,26,1.0,0.038461538461538464,0.0,0.0,1.0,25.0,0.0,,,0.0,0.0,0.0,0.0,0.0,,0.9615384615384616,0.0,0.041572738396597,0.036982248520710054,-0.12412684624398307,,,,,True
lstm,post_covid,lstm,2,neighborhood,NE Suburban,flu_season,0.98,IT98,53.6511443833241,26,0.0,0.0,0.0,0.0,0.0,26.0,,,,0.0,,,,,,1.0,,2.896585839339631e-05,0.0,,,,,,True
lstm,post_covid,lstm,2,neighborhood,Northland,overall,,bands,,53,,,,,,,,,,,,,,,,,,,,,0.8679245283018868,1.0,0.15102974828375293,-0.018867924528301886,False
lstm,post_covid,lstm,2,neighborhood,Northland,overall,0.5,IT50,56.127661353876796,53,5.0,0.09433962264150944,1.0,3.0,4.0,45.0,0.2,0.75,0.25,0.0625,0.125,0.2222222222222222,0.1375,0.15102974828375287,0.15215291717243423,0.8679245283018868,0.8,0.08371293045919763,0.08543965824136704,0.02020990975047443,,,,,False
lstm,post_covid,lstm,2,neighborhood,Northland,overall,0.9,IT90,89.91407794411414,53,0.0,0.0,0.0,0.0,0.0,53.0,,,,0.0,,,,,,1.0,,3.523085927439753e-05,0.0,,,,,,True
lstm,post_covid,lstm,2,neighborhood,Northland,overall,0.98,IT98,121.54516325409915,53,0.0,0.0,0.0,0.0,0.0,53.0,,,,0.0,,,,,,1.0,,2.643036733203858e-11,0.0,,,,,,True
lstm,post_covid,lstm,2,neighborhood,Northland,flu_season,,bands,,26,,,,,,,,,,,,,,,,,,,,,0.7307692307692307,1.0,0.061855670103092786,-0.038461538461538464,False
lstm,post_covid,lstm,2,neighborhood,Northland,flu_season,0.5,IT50,56.127661353876796,26,5.0,0.19230769230769232,1.0,3.0,4.0,18.0,0.2,0.75,0.25,0.14285714285714285,0.125,0.2222222222222222,0.05714285714285716,0.061855670103092786,0.062418778393235924,0.7307692307692307,0.8,0.1693092359092769,0.15532544378698226,-0.09002898547305893,,,,,False
lstm,post_covid,lstm,2,neighborhood,Northland,flu_season,0.9,IT90,89.91407794411414,26,0.0,0.0,0.0,0.0,0.0,26.0,,,,0.0,,,,,,1.0,,7.181630022602147e-05,0.0,,,,,,True
lstm,post_covid,lstm,2,neighborhood,Northland,flu_season,0.98,IT98,121.54516325409915,26,0.0,0.0,0.0,0.0,0.0,26.0,,,,0.0,,,,,,1.0,,5.387728724928868e-11,0.0,,,,,,True
lstm,post_covid,lstm,2,neighborhood,UA/Grandview,overall,,bands,,53,,,,,,,,,,,,,,,,,,,,,0.8490566037735849,1.0,-0.07614213197969533,-0.03773584905660377,False
lstm,post_covid,lstm,2,neighborhood,UA/Grandview,overall,0.5,IT50,8.143164584776198,53,5.0,0.09433962264150944,0.0,3.0,5.0,45.0,0.0,1.0,0.0,0.0625,0.0,0.0,-0.0625,-0.07614213197969544,-0.07905694150420949,0.8490566037735849,0.6,0.1012498280976182,0.08543965824136704,-0.18504486302587297,,,,,False
lstm,post_covid,lstm,2,neighborhood,UA/Grandview,overall,0.9,IT90,16.706142473783938,53,0.0,0.0,0.0,0.0,0.0,53.0,,,,0.0,,,,,,1.0,,0.0006209747526899459,0.0,,,,,,True
lstm,post_covid,lstm,2,neighborhood,UA/Grandview,overall,0.98,IT98,26.455007113900507,53,0.0,0.0,0.0,0.0,0.0,53.0,,,,0.0,,,,,,1.0,,4.164672225505134e-08,0.0,,,,,,True
lstm,post_covid,lstm,2,neighborhood,UA/Grandview,flu_season,,bands,,26,,,,,,,,,,,,,,,,,,,,,0.6923076923076923,1.0,-0.16853932584269682,-0.07692307692307693,False
lstm,post_covid,lstm,2,neighborhood,UA/Grandview,flu_season,0.5,IT50,8.143164584776198,26,5.0,0.19230769230769232,0.0,3.0,5.0,18.0,0.0,1.0,0.0,0.14285714285714285,0.0,0.0,-0.14285714285714285,-0.16853932584269662,-0.17622684421256035,0.6923076923076923,0.6,0.1914164628752692,0.15532544378698226,-0.23235741813030453,,,,,False
lstm,post_covid,lstm,2,neighborhood,UA/Grandview,flu_season,0.9,IT90,16.706142473783938,26,0.0,0.0,0.0,0.0,0.0,26.0,,,,0.0,,,,,,1.0,,0.0012617200986900048,0.0,,,,,,True
lstm,post_covid,lstm,2,neighborhood,UA/Grandview,flu_season,0.98,IT98,26.455007113900507,26,0.0,0.0,0.0,0.0,0.0,26.0,,,,0.0,,,,,,1.0,,8.489444893595532e-08,0.0,,,,,,True
lstm,post_covid,lstm,2,neighborhood,West,overall,,bands,,53,,,,,,,,,,,,,,,,,,,,,0.9056603773584906,1.0,0.399092970521542,0.05660377358490566,False
lstm,post_covid,lstm,2,neighborhood,West,overall,0.5,IT50,73.15037971354549,53,3.0,0.05660377358490566,2.0,4.0,1.0,46.0,0.6666666666666666,0.6666666666666666,0.3333333333333333,0.08,0.2857142857142857,0.4444444444444444,0.5866666666666667,0.39909297052154197,0.42787064172715733,0.9056603773584906,2.0,0.06780123816059686,0.05339978640085441,-0.26969118662077673,,,,,True
lstm,post_covid,lstm,2,neighborhood,West,overall,0.9,IT90,114.1022318647041,53,0.0,0.0,0.0,0.0,0.0,53.0,,,,0.0,,,,,,1.0,,4.8524162970070203e-05,0.0,,,,,,True
lstm,post_covid,lstm,2,neighborhood,West,overall,0.98,IT98,151.63555393306305,53,0.0,0.0,0.0,0.0,0.0,53.0,,,,0.0,,,,,,1.0,,3.018761331904488e-11,0.0,,,,,,True
lstm,post_covid,lstm,2,neighborhood,West,flu_season,,bands,,26,,,,,,,,,,,,,,,,,,,,,0.8076923076923077,1.0,0.3434343434343434,0.11538461538461539,False
lstm,post_covid,lstm,2,neighborhood,West,flu_season,0.5,IT50,73.15037971354549,26,3.0,0.11538461538461539,2.0,4.0,1.0,19.0,0.6666666666666666,0.6666666666666666,0.3333333333333333,0.17391304347826086,0.2857142857142857,0.4444444444444444,0.49275362318840576,0.3434343434343434,0.3736489349242793,0.8076923076923077,2.0,0.137307174922086,0.10207100591715977,-0.34521232242507427,,,,,True
lstm,post_covid,lstm,2,neighborhood,West,flu_season,0.9,IT90,114.1022318647041,26,0.0,0.0,0.0,0.0,0.0,26.0,,,,0.0,,,,,,1.0,,9.891444020558765e-05,0.0,,,,,,True
lstm,post_covid,lstm,2,neighborhood,West,flu_season,0.98,IT98,151.63555393306305,26,0.0,0.0,0.0,0.0,0.0,26.0,,,,0.0,,,,,,1.0,,6.15362886881774e-11,0.0,,,,,,True
lstm,post_covid,lstm,2,neighborhood,Westerville,overall,,bands,,53,,,,,,,,,,,,,,,,,,,,,0.8679245283018868,0.9622641509433962,0.16887816646562148,-0.09433962264150944,False
lstm,post_covid,lstm,2,neighborhood,Westerville,overall,0.5,IT50,24.33364195874595,53,7.0,0.1320754716981132,2.0,2.0,5.0,44.0,0.2857142857142857,0.5,0.5,0.043478260869565216,0.2222222222222222,0.36363636363636365,0.24223602484472048,0.29601518026565465,0.31048357557769657,0.8679245283018868,0.5714285714285714,0.08989058445169026,0.1146315414738341,0.21583027414659017,,,,,False
lstm,post_covid,lstm,2,neighborhood,Westerville,overall,0.9,IT90,36.408491039457616,53,2.0,0.03773584905660377,0.0,0.0,2.0,51.0,0.0,,,0.0,0.0,0.0,0.0,0.0,,0.9622641509433962,0.0,0.036130032662388296,0.03631185475258099,0.005007237758345773,,,,,True
lstm,post_covid,lstm,2,neighborhood,Westerville,overall,0.98,IT98,47.11324141772458,53,0.0,0.0,0.0,0.0,0.0,53.0,,,,0.0,,,,,,1.0,,2.2710917659437206e-05,0.0,,,,,,True
lstm,post_covid,lstm,2,neighborhood,Westerville,flu_season,,bands,,26,,,,,,,,,,,,,,,,,,,,,0.7307692307692307,0.9230769230769231,0.0864864864864866,-0.19230769230769232,False
lstm,post_covid,lstm,2,neighborhood,Westerville,flu_season,0.5,IT50,24.33364195874595,26,7.0,0.2692307692307692,2.0,2.0,5.0,17.0,0.2857142857142857,0.5,0.5,0.10526315789473684,0.2222222222222222,0.36363636363636365,0.18045112781954886,0.20869565217391303,0.2218421599939607,0.7307692307692307,0.5714285714285714,0.18059545892898474,0.19674556213017758,0.08208623882711541,,,,,False
lstm,post_covid,lstm,2,neighborhood,Westerville,flu_season,0.9,IT90,36.408491039457616,26,2.0,0.07692307692307693,0.0,0.0,2.0,24.0,0.0,,,0.0,0.0,0.0,0.0,0.0,,0.9230769230769231,0.0,0.07364751075488053,0.07100591715976333,-0.03720244313123389,,,,,True
lstm,post_covid,lstm,2,neighborhood,Westerville,flu_season,0.98,IT98,47.11324141772458,26,0.0,0.0,0.0,0.0,0.0,26.0,,,,0.0,,,,,,1.0,,4.629514774481365e-05,0.0,,,,,,True
lstm,post_covid,lstm,2,neighborhood,Worthington,overall,,bands,,53,,,,,,,,,,,,,,,,,,,,,0.7547169811320755,0.9056603773584906,0.08786231884057949,-0.33962264150943394,False
lstm,post_covid,lstm,2,neighborhood,Worthington,overall,0.5,IT50,13.721631551906164,53,16.0,0.3018867924528302,4.0,1.0,12.0,36.0,0.25,0.2,0.8,0.02702702702702703,0.23529411764705882,0.38095238095238093,0.22297297297297297,0.2770199370409234,0.3501929969818573,0.7547169811320755,0.3125,0.14058803885306959,0.21075115699537203,0.3329192548339992,,,,,False
lstm,post_covid,lstm,2,neighborhood,Worthington,overall,0.9,IT90,22.978569674557114,53,5.0,0.09433962264150944,0.0,0.0,5.0,48.0,0.0,,,0.0,0.0,0.0,0.0,0.0,,0.9056603773584906,0.0,0.084651569595676,0.08543965824136704,0.009223920857275525,,,,,False
lstm,post_covid,lstm,2,neighborhood,Worthington,overall,0.98,IT98,31.956357603850087,53,2.0,0.03773584905660377,0.0,0.0,2.0,51.0,0.0,,,0.0,0.0,0.0,0.0,0.0,,0.9622641509433962,0.0,0.03754807873578059,0.03631185475258099,-0.03404463890987919,,,,,True
lstm,post_covid,lstm,2,neighborhood,Worthington,flu_season,,bands,,26,,,,,,,,,,,,,,,,,,,,,0.5769230769230769,0.8076923076923077,-0.0021413276231265765,-0.6153846153846154,False
lstm,post_covid,lstm,2,neighborhood,Worthington,flu_season,0.5,IT50,13.721631551906164,26,14.0,0.5384615384615384,4.0,1.0,10.0,11.0,0.2857142857142857,0.2,0.8,0.08333333333333333,0.26666666666666666,0.42105263157894735,0.20238095238095238,0.192090395480226,0.2559939058231545,0.5769230769230769,0.35714285714285715,0.21325070133123541,0.24852071005917165,0.1419197970243148,,,,,False
lstm,post_covid,lstm,2,neighborhood,Worthington,flu_season,0.9,IT90,22.978569674557114,26,5.0,0.19230769230769232,0.0,0.0,5.0,21.0,0.0,,,0.0,0.0,0.0,0.0,0.0,,0.8076923076923077,0.0,0.17252390294355754,0.15532544378698226,-0.11072531799852281,,,,,False
lstm,post_covid,lstm,2,neighborhood,Worthington,flu_season,0.98,IT98,31.956357603850087,26,2.0,0.07692307692307693,0.0,0.0,2.0,24.0,0.0,,,0.0,0.0,0.0,0.0,0.0,,0.9230769230769231,0.0,0.07654030787935694,0.07100591715976333,-0.07794266930094329,,,,,True
persistence,post_covid,persistence,2,citywide,CITYWIDE,overall,,bands,,53,,,,,,,,,,,,,,,,,,,,,0.8490566037735849,1.0,0.4111111111111112,0.0,False
persistence,post_covid,persistence,2,citywide,CITYWIDE,overall,0.5,IT50,35.19412725226089,53,8.0,0.1509433962264151,4.0,4.0,4.0,41.0,0.5,0.5,0.5,0.08888888888888889,0.3333333333333333,0.5,0.4111111111111111,0.4111111111111111,0.4111111111111111,0.8490566037735849,1.0,0.08100577612259768,0.12815948736205057,0.36792993019895315,,,,,False
persistence,post_covid,persistence,2,citywide,CITYWIDE,overall,0.9,IT90,56.071415152332634,53,0.0,0.0,0.0,0.0,0.0,53.0,,,,0.0,,,,,,1.0,,0.007784077579273416,0.0,,,,,,True
persistence,post_covid,persistence,2,citywide,CITYWIDE,overall,0.98,IT98,75.53173152268305,53,0.0,0.0,0.0,0.0,0.0,53.0,,,,0.0,,,,,,1.0,,0.00020563776544149144,0.0,,,,,,True
persistence,post_covid,persistence,2,citywide,CITYWIDE,flu_season,,bands,,26,,,,,,,,,,,,,,,,,,,,,0.6923076923076923,1.0,0.2777777777777777,0.0,False
persistence,post_covid,persistence,2,citywide,CITYWIDE,flu_season,0.5,IT50,35.19412725226089,26,8.0,0.3076923076923077,4.0,4.0,4.0,14.0,0.5,0.5,0.5,0.2222222222222222,0.3333333333333333,0.5,0.2777777777777778,0.2777777777777778,0.2777777777777778,0.6923076923076923,1.0,0.16292896209870333,0.2130177514792899,0.23513903903664246,,,,,False
persistence,post_covid,persistence,2,citywide,CITYWIDE,flu_season,0.9,IT90,56.071415152332634,26,0.0,0.0,0.0,0.0,0.0,26.0,,,,0.0,,,,,,1.0,,0.015867430312984158,0.0,,,,,,True
persistence,post_covid,persistence,2,citywide,CITYWIDE,flu_season,0.98,IT98,75.53173152268305,26,0.0,0.0,0.0,0.0,0.0,26.0,,,,0.0,,,,,,1.0,,0.0004191846756778711,0.0,,,,,,True
persistence,post_covid,persistence,2,pooled,ALL,overall,,bands,,901,,,,,,,,,,,,,,,,,,,,,0.8590455049944506,0.9778024417314095,0.41092153342205606,-0.0011098779134295228,False
persistence,post_covid,persistence,2,pooled,ALL,overall,0.5,IT50,,901,118.0,0.1309655937846837,62.0,55.0,56.0,728.0,0.5254237288135594,0.4700854700854701,0.5299145299145299,0.070242656449553,0.3583815028901734,0.5276595744680851,0.45518107236400634,0.4568250571628748,0.4568305268340524,0.876803551609323,0.9915254237288136,0.09580729678713508,0.11381360702930893,0.15820876529760552,,,,,False
persistence,post_covid,persistence,2,pooled,ALL,overall,0.9,IT90,,901,17.0,0.018867924528301886,2.0,15.0,15.0,869.0,0.11764705882352941,0.8823529411764706,0.11764705882352941,0.016968325791855202,0.0625,0.11764705882352941,0.10067873303167421,0.10067873303167421,0.10067873303167421,0.9667036625971143,1.0,0.02810929980798168,0.01851192595229619,-0.5184427530888567,,,,,False
persistence,post_covid,persistence,2,pooled,ALL,overall,0.98,IT98,,901,4.0,0.004439511653718091,0.0,4.0,4.0,893.0,0.0,1.0,0.0,0.004459308807134894,0.0,0.0,-0.004459308807134894,-0.004459308807134894,-0.004459308807134894,0.9911209766925638,1.0,0.008251595718500749,0.004419802389994593,-0.8669603277242548,,,,,True
persistence,post_covid,persistence,2,pooled,ALL,flu_season,,bands,,442,,,,,,,,,,,,,,,,,,,,,0.7307692307692307,0.9547511312217195,0.3417954900014182,-0.0022624434389140274,False
persistence,post_covid,persistence,2,pooled,ALL,flu_season,0.5,IT50,,442,114.0,0.2579185520361991,62.0,51.0,52.0,277.0,0.543859649122807,0.45132743362831856,0.5486725663716814,0.15548780487804878,0.37575757575757573,0.5462555066079295,0.38837184424475824,0.3894863886281346,0.38949323073708836,0.7669683257918553,0.9912280701754386,0.1709264780952156,0.19139657255174955,0.10695120703375849,,,,,False
persistence,post_covid,persistence,2,pooled,ALL,flu_season,0.9,IT90,,442,17.0,0.038461538461538464,2.0,15.0,15.0,410.0,0.11764705882352941,0.8823529411764706,0.11764705882352941,0.03529411764705882,0.0625,0.11764705882352941,0.08235294117647059,0.08235294117647059,0.08235294117647059,0.9321266968325792,1.0,0.05615234965365207,0.03698224852071006,-0.5183595346347518,,,,,False
persistence,post_covid,persistence,2,pooled,ALL,flu_season,0.98,IT98,,442,4.0,0.00904977375565611,0.0,4.0,4.0,434.0,0.0,1.0,0.0,0.0091324200913242,0.0,0.0,-0.0091324200913242,-0.0091324200913242,-0.0091324200913242,0.9819004524886877,1.0,0.016743846673480396,0.008967875350627548,-0.8670918159348309,,,,,True
persistence,post_covid,persistence,2,neighborhood,Agler/Cassidy,overall,,bands,,53,,,,,,,,,,,,,,,,,,,,,0.9245283018867925,1.0,0.624113475177305,0.0,False
persistence,post_covid,persistence,2,neighborhood,Agler/Cassidy,overall,0.5,IT50,51.74083078339265,53,6.0,0.11320754716981132,4.0,2.0,2.0,45.0,0.6666666666666666,0.3333333333333333,0.6666666666666666,0.0425531914893617,0.5,0.6666666666666666,0.624113475177305,0.624113475177305,0.624113475177305,0.9245283018867925,1.0,0.07857286427427196,0.10039159843360627,0.21733625621833363,,,,,False
persistence,post_covid,persistence,2,neighborhood,Agler/Cassidy,overall,0.9,IT90,88.48740693700204,53,0.0,0.0,0.0,0.0,0.0,53.0,,,,0.0,,,,,,1.0,,0.008767012835809357,0.0,,,,,,True
persistence,post_covid,persistence,2,neighborhood,Agler/Cassidy,overall,0.98,IT98,124.72586226376617,53,0.0,0.0,0.0,0.0,0.0,53.0,,,,0.0,,,,,,1.0,,6.968931223401696e-05,0.0,,,,,,True
persistence,post_covid,persistence,2,neighborhood,Agler/Cassidy,flu_season,,bands,,26,,,,,,,,,,,,,,,,,,,,,0.8461538461538461,1.0,0.5666666666666665,0.0,False
persistence,post_covid,persistence,2,neighborhood,Agler/Cassidy,flu_season,0.5,IT50,51.74083078339265,26,6.0,0.23076923076923078,4.0,2.0,2.0,18.0,0.6666666666666666,0.3333333333333333,0.6666666666666666,0.1,0.5,0.6666666666666666,0.5666666666666667,0.5666666666666667,0.5666666666666667,0.8461538461538461,1.0,0.15308177104142093,0.17751479289940827,0.13763935646666203,,,,,False
persistence,post_covid,persistence,2,neighborhood,Agler/Cassidy,flu_season,0.9,IT90,88.48740693700204,26,0.0,0.0,0.0,0.0,0.0,26.0,,,,0.0,,,,,,1.0,,0.017871035892391477,0.0,,,,,,True
persistence,post_covid,persistence,2,neighborhood,Agler/Cassidy,flu_season,0.98,IT98,124.72586226376617,26,0.0,0.0,0.0,0.0,0.0,26.0,,,,0.0,,,,,,1.0,,0.0001420589826301046,0.0,,,,,,True
persistence,post_covid,persistence,2,neighborhood,Bexley,overall,,bands,,53,,,,,,,,,,,,,,,,,,,,,0.8113207547169812,0.9433962264150944,0.28216704288939043,0.0,False
persistence,post_covid,persistence,2,neighborhood,Bexley,overall,0.5,IT50,24.605454693531783,53,8.0,0.1509433962264151,4.0,4.0,4.0,41.0,0.5,0.5,0.5,0.08888888888888889,0.3333333333333333,0.5,0.4111111111111111,0.4111111111111111,0.4111111111111111,0.8490566037735849,1.0,0.10422631981341335,0.12815948736205057,0.18674518790033878,,,,,False
persistence,post_covid,persistence,2,neighborhood,Bexley,overall,0.9,IT90,37.5430295506582,53,2.0,0.03773584905660377,0.0,2.0,2.0,49.0,0.0,1.0,0.0,0.0392156862745098,0.0,0.0,-0.0392156862745098,-0.0392156862745098,-0.0392156862745098,0.9245283018867925,1.0,0.05400377628320248,0.03631185475258099,-0.4872216429364291,,,,,True
persistence,post_covid,persistence,2,neighborhood,Bexley,overall,0.98,IT98,49.19357270883574,53,1.0,0.018867924528301886,0.0,1.0,1.0,51.0,0.0,1.0,0.0,0.019230769230769232,0.0,0.0,-0.019230769230769232,-0.019230769230769232,-0.019230769230769232,0.9622641509433962,1.0,0.024541286892976143,0.018511925952296185,-0.3257014400455771,,,,,True
persistence,post_covid,persistence,2,neighborhood,Bexley,flu_season,,bands,,26,,,,,,,,,,,,,,,,,,,,,0.6923076923076923,0.8846153846153846,0.22282608695652162,0.0,False
persistence,post_covid,persistence,2,neighborhood,Bexley,flu_season,0.5,IT50,24.605454693531783,26,7.0,0.2692307692307692,4.0,3.0,3.0,16.0,0.5714285714285714,0.42857142857142855,0.5714285714285714,0.15789473684210525,0.4,0.5714285714285714,0.41353383458646614,0.41353383458646614,0.41353383458646614,0.7692307692307693,1.0,0.15433145096770004,0.19674556213017758,0.21557848981830685,,,,,False
persistence,post_covid,persistence,2,neighborhood,Bexley,flu_season,0.9,IT90,37.5430295506582,26,2.0,0.07692307692307693,0.0,2.0,2.0,22.0,0.0,1.0,0.0,0.08333333333333333,0.0,0.0,-0.08333333333333333,-0.08333333333333333,-0.08333333333333333,0.8461538461538461,1.0,0.10909745242335522,0.07100591715976333,-0.5364557882955858,,,,,True
persistence,post_covid,persistence,2,neighborhood,Bexley,flu_season,0.98,IT98,49.19357270883574,26,1.0,0.038461538461538464,0.0,1.0,1.0,24.0,0.0,1.0,0.0,0.04,0.0,0.0,-0.04,-0.04,-0.04,0.9230769230769231,1.0,0.05000876994438408,0.036982248520710054,-0.35223713929614564,,,,,True
persistence,post_covid,persistence,2,neighborhood,Clintonville/Near North,overall,,bands,,53,,,,,,,,,,,,,,,,,,,,,0.8301886792452831,0.9433962264150944,0.6115635179153096,0.0,False
persistence,post_covid,persistence,2,neighborhood,Clintonville/Near North,overall,0.5,IT50,15.728895715230147,53,11.0,0.20754716981132076,9.0,2.0,2.0,40.0,0.8181818181818182,0.18181818181818182,0.8181818181818182,0.047619047619047616,0.6923076923076923,0.8181818181818182,0.7705627705627707,0.7705627705627706,0.7705627705627706,0.9245283018867925,1.0,0.0916103291063618,0.1644713421146316,0.44300126740309487,,,,,False
persistence,post_covid,persistence,2,neighborhood,Clintonville/Near North,overall,0.9,IT90,22.099499115677975,53,4.0,0.07547169811320754,1.0,3.0,3.0,46.0,0.25,0.75,0.25,0.061224489795918366,0.14285714285714285,0.25,0.18877551020408162,0.18877551020408162,0.18877551020408162,0.8867924528301887,1.0,0.06488689087257671,0.06977572089711641,0.07006491601495923,,,,,True
persistence,post_covid,persistence,2,neighborhood,Clintonville/Near North,overall,0.98,IT98,27.469599865392972,53,1.0,0.018867924528301886,0.0,1.0,1.0,51.0,0.0,1.0,0.0,0.019230769230769232,0.0,0.0,-0.019230769230769232,-0.019230769230769232,-0.019230769230769232,0.9622641509433962,1.0,0.03460374589715921,0.018511925952296185,-0.8692677350984666,,,,,True
persistence,post_covid,persistence,2,neighborhood,Clintonville/Near North,flu_season,,bands,,26,,,,,,,,,,,,,,,,,,,,,0.6538461538461539,0.8846153846153846,0.5042372881355931,0.0,False
persistence,post_covid,persistence,2,neighborhood,Clintonville/Near North,flu_season,0.5,IT50,15.728895715230147,26,11.0,0.4230769230769231,9.0,2.0,2.0,13.0,0.8181818181818182,0.18181818181818182,0.8181818181818182,0.13333333333333333,0.6923076923076923,0.8181818181818182,0.6848484848484849,0.6848484848484848,0.6848484848484848,0.8461538461538461,1.0,0.15766837590801763,0.24408284023668633,0.35403744173442453,,,,,False
persistence,post_covid,persistence,2,neighborhood,Clintonville/Near North,flu_season,0.9,IT90,22.099499115677975,26,4.0,0.15384615384615385,1.0,3.0,3.0,19.0,0.25,0.75,0.25,0.13636363636363635,0.14285714285714285,0.25,0.11363636363636365,0.11363636363636363,0.11363636363636363,0.7692307692307693,1.0,0.12803254310997636,0.13017751479289943,0.016477282473363664,,,,,True
persistence,post_covid,persistence,2,neighborhood,Clintonville/Near North,flu_season,0.98,IT98,27.469599865392972,26,1.0,0.038461538461538464,0.0,1.0,1.0,24.0,0.0,1.0,0.0,0.04,0.0,0.0,-0.04,-0.04,-0.04,0.9230769230769231,1.0,0.06999656073624748,0.036982248520710054,-0.892707002308132,,,,,True
persistence,post_covid,persistence,2,neighborhood,Dublin,overall,,bands,,53,,,,,,,,,,,,,,,,,,,,,0.8301886792452831,0.9622641509433962,0.23484119345524546,-0.018867924528301886,False
persistence,post_covid,persistence,2,neighborhood,Dublin,overall,0.5,IT50,8.038849454818003,53,9.0,0.16981132075471697,4.0,4.0,5.0,40.0,0.4444444444444444,0.5,0.5,0.09090909090909091,0.3076923076923077,0.47058823529411764,0.3535353535353535,0.36988110964332893,0.3707910069288415,0.8301886792452831,0.8888888888888888,0.12933896111139975,0.14097543609825564,0.08254257130827825,,,,,False
persistence,post_covid,persistence,2,neighborhood,Dublin,overall,0.9,IT90,14.1626396504559,53,1.0,0.018867924528301886,0.0,1.0,1.0,51.0,0.0,1.0,0.0,0.019230769230769232,0.0,0.0,-0.019230769230769232,-0.019230769230769232,-0.019230769230769232,0.9622641509433962,1.0,0.04399378572118642,0.018511925952296185,-1.3765104632848595,,,,,True
persistence,post_covid,persistence,2,neighborhood,Dublin,overall,0.98,IT98,20.345693253667104,53,0.0,0.0,0.0,0.0,0.0,53.0,,,,0.0,,,,,,1.0,,0.005074491469248149,0.0,,,,,,True
persistence,post_covid,persistence,2,neighborhood,Dublin,flu_season,,bands,,26,,,,,,,,,,,,,,,,,,,,,0.6923076923076923,0.9230769230769231,0.11219512195121961,0.0,False
persistence,post_covid,persistence,2,neighborhood,Dublin,flu_season,0.5,IT50,8.038849454818003,26,8.0,0.3076923076923077,4.0,4.0,4.0,14.0,0.5,0.5,0.5,0.2222222222222222,0.3333333333333333,0.5,0.2777777777777778,0.2777777777777778,0.2777777777777778,0.6923076923076923,1.0,0.2119199968751815,0.21301775147928986,0.005153348002619795,,,,,False
persistence,post_covid,persistence,2,neighborhood,Dublin,flu_season,0.9,IT90,14.1626396504559,26,1.0,0.038461538461538464,0.0,1.0,1.0,24.0,0.0,1.0,0.0,0.04,0.0,0.0,-0.04,-0.04,-0.04,0.9230769230769231,1.0,0.08832691446126271,0.036982248520710054,-1.388359767032544,,,,,True
persistence,post_covid,persistence,2,neighborhood,Dublin,flu_season,0.98,IT98,20.345693253667104,26,0.0,0.0,0.0,0.0,0.0,26.0,,,,0.0,,,,,,1.0,,0.010330445727218696,0.0,,,,,,True
persistence,post_covid,persistence,2,neighborhood,Eastside,overall,,bands,,53,,,,,,,,,,,,,,,,,,,,,0.8490566037735849,0.9622641509433962,0.1331775700934581,0.0,False
persistence,post_covid,persistence,2,neighborhood,Eastside,overall,0.5,IT50,53.89825474693718,53,6.0,0.11320754716981132,2.0,4.0,4.0,43.0,0.3333333333333333,0.6666666666666666,0.3333333333333333,0.0851063829787234,0.2,0.3333333333333333,0.2482269503546099,0.24822695035460993,0.24822695035460993,0.8490566037735849,1.0,0.09721140754700693,0.10039159843360627,0.0316778588668708,,,,,False
persistence,post_covid,persistence,2,neighborhood,Eastside,overall,0.9,IT90,89.53274062296502,53,1.0,0.018867924528301886,0.0,1.0,1.0,51.0,0.0,1.0,0.0,0.019230769230769232,0.0,0.0,-0.019230769230769232,-0.019230769230769232,-0.019230769230769232,0.9622641509433962,1.0,0.027536262249596974,0.018511925952296185,-0.48748770498303706,,,,,True
persistence,post_covid,persistence,2,neighborhood,Eastside,overall,0.98,IT98,123.87134674281285,53,0.0,0.0,0.0,0.0,0.0,53.0,,,,0.0,,,,,,1.0,,0.00014312909382363777,0.0,,,,,,True
persistence,post_covid,persistence,2,neighborhood,Eastside,flu_season,,bands,,26,,,,,,,,,,,,,,,,,,,,,0.6923076923076923,0.9230769230769231,0.016216216216216273,0.0,False
persistence,post_covid,persistence,2,neighborhood,Eastside,flu_season,0.5,IT50,53.89825474693718,26,6.0,0.23076923076923078,2.0,4.0,4.0,16.0,0.3333333333333333,0.6666666666666666,0.3333333333333333,0.2,0.2,0.3333333333333333,0.1333333333333333,0.13333333333333333,0.13333333333333333,0.6923076923076923,1.0,0.19160944781166092,0.17751479289940827,-0.07939988933902331,,,,,False
persistence,post_covid,persistence,2,neighborhood,Eastside,flu_season,0.9,IT90,89.53274062296502,26,1.0,0.038461538461538464,0.0,1.0,1.0,24.0,0.0,1.0,0.0,0.04,0.0,0.0,-0.04,-0.04,-0.04,0.9230769230769231,1.0,0.056129641206897944,0.036982248520710054,-0.5177454982345207,,,,,True
persistence,post_covid,persistence,2,neighborhood,Eastside,flu_season,0.98,IT98,123.87134674281285,26,0.0,0.0,0.0,0.0,0.0,26.0,,,,0.0,,,,,,1.0,,0.0002917631522919925,0.0,,,,,,True
persistence,post_covid,persistence,2,neighborhood,Far East,overall,,bands,,53,,,,,,,,,,,,,,,,,,,,,0.8679245283018868,0.9811320754716981,0.3170103092783506,0.0,False
persistence,post_covid,persistence,2,neighborhood,Far East,overall,0.5,IT50,76.01095931639992,53,5.0,0.09433962264150944,2.0,3.0,3.0,45.0,0.4,0.6,0.4,0.0625,0.25,0.4,0.3375,0.3375,0.3375,0.8867924528301887,1.0,0.08816303821414354,0.08543965824136704,-0.03187489309803815,,,,,False
persistence,post_covid,persistence,2,neighborhood,Far East,overall,0.9,IT90,119.58175049878095,53,1.0,0.018867924528301886,0.0,1.0,1.0,51.0,0.0,1.0,0.0,0.019230769230769232,0.0,0.0,-0.019230769230769232,-0.019230769230769232,-0.019230769230769232,0.9622641509433962,1.0,0.030403524115396877,0.018511925952296185,-0.6423749853874972,,,,,True
persistence,post_covid,persistence,2,neighborhood,Far East,overall,0.98,IT98,159.7885780471188,53,0.0,0.0,0.0,0.0,0.0,53.0,,,,0.0,,,,,,1.0,,0.00019778984994678795,0.0,,,,,,True
persistence,post_covid,persistence,2,neighborhood,Far East,flu_season,,bands,,26,,,,,,,,,,,,,,,,,,,,,0.7307692307692307,0.9615384615384616,0.2441860465116279,0.0,False
persistence,post_covid,persistence,2,neighborhood,Far East,flu_season,0.5,IT50,76.01095931639992,26,5.0,0.19230769230769232,2.0,3.0,3.0,18.0,0.4,0.6,0.4,0.14285714285714285,0.25,0.4,0.2571428571428572,0.2571428571428571,0.2571428571428571,0.7692307692307693,1.0,0.17916528123328326,0.15532544378698226,-0.15348314393999507,,,,,False
persistence,post_covid,persistence,2,neighborhood,Far East,flu_season,0.9,IT90,119.58175049878095,26,1.0,0.038461538461538464,0.0,1.0,1.0,24.0,0.0,1.0,0.0,0.04,0.0,0.0,-0.04,-0.04,-0.04,0.9230769230769231,1.0,0.06197641451327552,0.036982248520710054,-0.6758422484389703,,,,,True
persistence,post_covid,persistence,2,neighborhood,Far East,flu_season,0.98,IT98,159.7885780471188,26,0.0,0.0,0.0,0.0,0.0,26.0,,,,0.0,,,,,,1.0,,0.0004031870018146062,0.0,,,,,,True
persistence,post_covid,persistence,2,neighborhood,Far South,overall,,bands,,53,,,,,,,,,,,,,,,,,,,,,0.8867924528301887,1.0,0.5062111801242236,0.0,False
persistence,post_covid,persistence,2,neighborhood,Far South,overall,0.5,IT50,69.7066330370401,53,7.0,0.1320754716981132,4.0,3.0,3.0,43.0,0.5714285714285714,0.42857142857142855,0.5714285714285714,0.06521739130434782,0.4,0.5714285714285714,0.5062111801242236,0.5062111801242236,0.5062111801242236,0.8867924528301887,1.0,0.09863446204231109,0.11463154147383411,0.1395521618731309,,,,,False
persistence,post_covid,persistence,2,neighborhood,Far South,overall,0.9,IT90,121.95949130896,53,0.0,0.0,0.0,0.0,0.0,53.0,,,,0.0,,,,,,1.0,,0.0008181677812892617,0.0,,,,,,True
persistence,post_covid,persistence,2,neighborhood,Far South,overall,0.98,IT98,174.42921640712913,53,0.0,0.0,0.0,0.0,0.0,53.0,,,,0.0,,,,,,1.0,,2.5648292130029718e-08,0.0,,,,,,True
persistence,post_covid,persistence,2,neighborhood,Far South,flu_season,,bands,,26,,,,,,,,,,,,,,,,,,,,,0.7692307692307693,1.0,0.4135338345864663,0.0,False
persistence,post_covid,persistence,2,neighborhood,Far South,flu_season,0.5,IT50,69.7066330370401,26,7.0,0.2692307692307692,4.0,3.0,3.0,16.0,0.5714285714285714,0.42857142857142855,0.5714285714285714,0.15789473684210525,0.4,0.5714285714285714,0.41353383458646614,0.41353383458646614,0.41353383458646614,0.7692307692307693,1.0,0.20018238561508161,0.19674556213017758,-0.01746836598342205,,,,,False
persistence,post_covid,persistence,2,neighborhood,Far South,flu_season,0.9,IT90,121.95949130896,26,0.0,0.0,0.0,0.0,0.0,26.0,,,,0.0,,,,,,1.0,,0.0016678035504586646,0.0,,,,,,True
persistence,post_covid,persistence,2,neighborhood,Far South,flu_season,0.98,IT98,174.42921640712913,26,0.0,0.0,0.0,0.0,0.0,26.0,,,,0.0,,,,,,1.0,,5.228305703429135e-08,0.0,,,,,,True
persistence,post_covid,persistence,2,neighborhood,Far Southeast,overall,,bands,,53,,,,,,,,,,,,,,,,,,,,,0.8867924528301887,1.0,0.33750000000000013,0.0,False
persistence,post_covid,persistence,2,neighborhood,Far Southeast,overall,0.5,IT50,10.956265259525463,53,5.0,0.09433962264150944,2.0,3.0,3.0,45.0,0.4,0.6,0.4,0.0625,0.25,0.4,0.3375,0.3375,0.3375,0.8867924528301887,1.0,0.10538266697780707,0.08543965824136704,-0.23341629808608344,,,,,False
persistence,post_covid,persistence,2,neighborhood,Far Southeast,overall,0.9,IT90,18.40391015194404,53,0.0,0.0,0.0,0.0,0.0,53.0,,,,0.0,,,,,,1.0,,0.009694273320771765,0.0,,,,,,True
persistence,post_covid,persistence,2,neighborhood,Far Southeast,overall,0.98,IT98,25.644566505740826,53,0.0,0.0,0.0,0.0,0.0,53.0,,,,0.0,,,,,,1.0,,0.0007288352728553327,0.0,,,,,,True
persistence,post_covid,persistence,2,neighborhood,Far Southeast,flu_season,,bands,,26,,,,,,,,,,,,,,,,,,,,,0.7692307692307693,1.0,0.25714285714285723,0.0,False
persistence,post_covid,persistence,2,neighborhood,Far Southeast,flu_season,0.5,IT50,10.956265259525463,26,5.0,0.19230769230769232,2.0,3.0,3.0,18.0,0.4,0.6,0.4,0.14285714285714285,0.25,0.4,0.2571428571428572,0.2571428571428571,0.2571428571428571,0.7692307692307693,1.0,0.18536827884581436,0.15532544378698226,-0.19341863333114762,,,,,False
persistence,post_covid,persistence,2,neighborhood,Far Southeast,flu_season,0.9,IT90,18.40391015194404,26,0.0,0.0,0.0,0.0,0.0,26.0,,,,0.0,,,,,,1.0,,0.018386188225220364,0.0,,,,,,True
persistence,post_covid,persistence,2,neighborhood,Far Southeast,flu_season,0.98,IT98,25.644566505740826,26,0.0,0.0,0.0,0.0,0.0,26.0,,,,0.0,,,,,,1.0,,0.001457534185467295,0.0,,,,,,True
persistence,post_covid,persistence,2,neighborhood,Far Southwest,overall,,bands,,53,,,,,,,,,,,,,,,,,,,,,0.9245283018867925,1.0,0.5583333333333333,0.0,False
persistence,post_covid,persistence,2,neighborhood,Far Southwest,overall,0.5,IT50,34.041053932580134,53,5.0,0.09433962264150944,3.0,2.0,2.0,46.0,0.6,0.4,0.6,0.041666666666666664,0.42857142857142855,0.6,0.5583333333333333,0.5583333333333333,0.5583333333333333,0.9245283018867925,1.0,0.050660680992463715,0.08543965824136704,0.4070589462173726,,,,,False
persistence,post_covid,persistence,2,neighborhood,Far Southwest,overall,0.9,IT90,54.68112356483704,53,0.0,0.0,0.0,0.0,0.0,53.0,,,,0.0,,,,,,1.0,,0.005883926265153705,0.0,,,,,,True
persistence,post_covid,persistence,2,neighborhood,Far Southwest,overall,0.98,IT98,74.04650918881951,53,0.0,0.0,0.0,0.0,0.0,53.0,,,,0.0,,,,,,1.0,,0.00012747565255077386,0.0,,,,,,True
persistence,post_covid,persistence,2,neighborhood,Far Southwest,flu_season,,bands,,26,,,,,,,,,,,,,,,,,,,,,0.8461538461538461,1.0,0.5047619047619047,0.0,False
persistence,post_covid,persistence,2,neighborhood,Far Southwest,flu_season,0.5,IT50,34.041053932580134,26,5.0,0.19230769230769232,3.0,2.0,2.0,19.0,0.6,0.4,0.6,0.09523809523809523,0.42857142857142855,0.6,0.5047619047619047,0.5047619047619047,0.5047619047619047,0.8461538461538461,1.0,0.10279492986832099,0.15532544378698226,0.3381964515144288,,,,,False
persistence,post_covid,persistence,2,neighborhood,Far Southwest,flu_season,0.9,IT90,54.68112356483704,26,0.0,0.0,0.0,0.0,0.0,26.0,,,,0.0,,,,,,1.0,,0.011994152327134442,0.0,,,,,,True
persistence,post_covid,persistence,2,neighborhood,Far Southwest,flu_season,0.98,IT98,74.04650918881951,26,0.0,0.0,0.0,0.0,0.0,26.0,,,,0.0,,,,,,1.0,,0.0002598542148148129,0.0,,,,,,True
persistence,post_covid,persistence,2,neighborhood,Hilliard,overall,,bands,,53,,,,,,,,,,,,,,,,,,,,,0.8867924528301887,1.0,0.5583333333333333,0.0,False
persistence,post_covid,persistence,2,neighborhood,Hilliard,overall,0.5,IT50,19.24134804712757,53,8.0,0.1509433962264151,5.0,3.0,3.0,42.0,0.625,0.375,0.625,0.06666666666666667,0.45454545454545453,0.625,0.5583333333333333,0.5583333333333333,0.5583333333333333,0.8867924528301887,1.0,0.09388001569873308,0.12815948736205057,0.2674750997284967,,,,,False
persistence,post_covid,persistence,2,neighborhood,Hilliard,overall,0.9,IT90,34.52709434950146,53,0.0,0.0,0.0,0.0,0.0,53.0,,,,0.0,,,,,,1.0,,0.010220673311913626,0.0,,,,,,True
persistence,post_covid,persistence,2,neighborhood,Hilliard,overall,0.98,IT98,50.186768532537315,53,0.0,0.0,0.0,0.0,0.0,53.0,,,,0.0,,,,,,1.0,,0.0003860012253319004,0.0,,,,,,True
persistence,post_covid,persistence,2,neighborhood,Hilliard,flu_season,,bands,,26,,,,,,,,,,,,,,,,,,,,,0.7692307692307693,1.0,0.45833333333333337,0.0,False
persistence,post_covid,persistence,2,neighborhood,Hilliard,flu_season,0.5,IT50,19.24134804712757,26,8.0,0.3076923076923077,5.0,3.0,3.0,15.0,0.625,0.375,0.625,0.16666666666666666,0.45454545454545453,0.625,0.45833333333333337,0.4583333333333333,0.4583333333333333,0.7692307692307693,1.0,0.1645342528831305,0.21301775147928986,0.22760309063197037,,,,,False
persistence,post_covid,persistence,2,neighborhood,Hilliard,flu_season,0.9,IT90,34.52709434950146,26,0.0,0.0,0.0,0.0,0.0,26.0,,,,0.0,,,,,,1.0,,0.020683702493602442,0.0,,,,,,True
persistence,post_covid,persistence,2,neighborhood,Hilliard,flu_season,0.98,IT98,50.186768532537315,26,0.0,0.0,0.0,0.0,0.0,26.0,,,,0.0,,,,,,1.0,,0.00078683167861375,0.0,,,,,,True
persistence,post_covid,persistence,2,neighborhood,Linden,overall,,bands,,53,,,,,,,,,,,,,,,,,,,,,0.8490566037735849,1.0,0.3416149068322982,0.0,False
persistence,post_covid,persistence,2,neighborhood,Linden,overall,0.5,IT50,53.62727596624066,53,7.0,0.1320754716981132,3.0,4.0,4.0,42.0,0.42857142857142855,0.5714285714285714,0.42857142857142855,0.08695652173913043,0.2727272727272727,0.42857142857142855,0.3416149068322981,0.3416149068322981,0.3416149068322981,0.8490566037735849,1.0,0.0960233730130809,0.1146315414738341,0.162330264615701,,,,,False
persistence,post_covid,persistence,2,neighborhood,Linden,overall,0.9,IT90,82.61523156370409,53,0.0,0.0,0.0,0.0,0.0,53.0,,,,0.0,,,,,,1.0,,0.004260597662107192,0.0,,,,,,True
persistence,post_covid,persistence,2,neighborhood,Linden,overall,0.98,IT98,108.92078323683364,53,0.0,0.0,0.0,0.0,0.0,53.0,,,,0.0,,,,,,1.0,,7.160158394839614e-05,0.0,,,,,,True
persistence,post_covid,persistence,2,neighborhood,Linden,flu_season,,bands,,26,,,,,,,,,,,,,,,,,,,,,0.6923076923076923,1.0,0.21804511278195493,0.0,False
persistence,post_covid,persistence,2,neighborhood,Linden,flu_season,0.5,IT50,53.62727596624066,26,7.0,0.2692307692307692,3.0,4.0,4.0,15.0,0.42857142857142855,0.5714285714285714,0.42857142857142855,0.21052631578947367,0.2727272727272727,0.42857142857142855,0.21804511278195488,0.21804511278195488,0.21804511278195488,0.6923076923076923,1.0,0.1945666408879845,0.19674556213017758,0.01107481774227459,,,,,False
persistence,post_covid,persistence,2,neighborhood,Linden,flu_season,0.9,IT90,82.61523156370409,26,0.0,0.0,0.0,0.0,0.0,26.0,,,,0.0,,,,,,1.0,,0.00868504096959449,0.0,,,,,,True
persistence,post_covid,persistence,2,neighborhood,Linden,flu_season,0.98,IT98,108.92078323683364,26,0.0,0.0,0.0,0.0,0.0,26.0,,,,0.0,,,,,,1.0,,0.0001459570749692629,0.0,,,,,,True
persistence,post_covid,persistence,2,neighborhood,NE Suburban,overall,,bands,,53,,,,,,,,,,,,,,,,,,,,,0.8301886792452831,0.9811320754716981,0.18041237113402087,0.0,False
persistence,post_covid,persistence,2,neighborhood,NE Suburban,overall,0.5,IT50,27.312493683860776,53,5.0,0.09433962264150944,1.0,4.0,4.0,44.0,0.2,0.8,0.2,0.08333333333333333,0.1111111111111111,0.2,0.11666666666666668,0.11666666666666667,0.11666666666666667,0.8490566037735849,1.0,0.0893940842983475,0.08543965824136704,-0.04628326164190888,,,,,False
persistence,post_covid,persistence,2,neighborhood,NE Suburban,overall,0.9,IT90,41.22759712033061,53,1.0,0.018867924528301886,0.0,1.0,1.0,51.0,0.0,1.0,0.0,0.019230769230769232,0.0,0.0,-0.019230769230769232,-0.019230769230769232,-0.019230769230769232,0.9622641509433962,1.0,0.03758905163143346,0.018511925952296185,-1.030531654474935,,,,,True
persistence,post_covid,persistence,2,neighborhood,NE Suburban,overall,0.98,IT98,53.6511443833241,53,0.0,0.0,0.0,0.0,0.0,53.0,,,,0.0,,,,,,1.0,,0.00440485403924196,0.0,,,,,,True
persistence,post_covid,persistence,2,neighborhood,NE Suburban,flu_season,,bands,,26,,,,,,,,,,,,,,,,,,,,,0.6538461538461539,0.9615384615384616,0.09302325581395343,0.0,False
persistence,post_covid,persistence,2,neighborhood,NE Suburban,flu_season,0.5,IT50,27.312493683860776,26,5.0,0.19230769230769232,1.0,4.0,4.0,17.0,0.2,0.8,0.2,0.19047619047619047,0.1111111111111111,0.2,0.009523809523809545,0.009523809523809525,0.009523809523809525,0.6923076923076923,1.0,0.18028816571707543,0.15532544378698226,-0.16071238118802844,,,,,False
persistence,post_covid,persistence,2,neighborhood,NE Suburban,flu_season,0.9,IT90,41.22759712033061,26,1.0,0.038461538461538464,0.0,1.0,1.0,24.0,0.0,1.0,0.0,0.04,0.0,0.0,-0.04,-0.04,-0.04,0.9230769230769231,1.0,0.07662255620033241,0.036982248520710054,-1.0718739196569889,,,,,True
persistence,post_covid,persistence,2,neighborhood,NE Suburban,flu_season,0.98,IT98,53.6511443833241,26,0.0,0.0,0.0,0.0,0.0,26.0,,,,0.0,,,,,,1.0,,0.008979125423420522,0.0,,,,,,True
persistence,post_covid,persistence,2,neighborhood,Northland,overall,,bands,,53,,,,,,,,,,,,,,,,,,,,,0.8867924528301887,1.0,0.33750000000000013,0.0,False
persistence,post_covid,persistence,2,neighborhood,Northland,overall,0.5,IT50,56.127661353876796,53,5.0,0.09433962264150944,2.0,3.0,3.0,45.0,0.4,0.6,0.4,0.0625,0.25,0.4,0.3375,0.3375,0.3375,0.8867924528301887,1.0,0.09262774522183016,0.08543965824136704,-0.08413056803383712,,,,,False
persistence,post_covid,persistence,2,neighborhood,Northland,overall,0.9,IT90,89.91407794411414,53,0.0,0.0,0.0,0.0,0.0,53.0,,,,0.0,,,,,,1.0,,0.00740083545312205,0.0,,,,,,True
persistence,post_covid,persistence,2,neighborhood,Northland,overall,0.98,IT98,121.54516325409915,53,0.0,0.0,0.0,0.0,0.0,53.0,,,,0.0,,,,,,1.0,,9.941273381920622e-05,0.0,,,,,,True
persistence,post_covid,persistence,2,neighborhood,Northland,flu_season,,bands,,26,,,,,,,,,,,,,,,,,,,,,0.7692307692307693,1.0,0.25714285714285723,0.0,False
persistence,post_covid,persistence,2,neighborhood,Northland,flu_season,0.5,IT50,56.127661353876796,26,5.0,0.19230769230769232,2.0,3.0,3.0,18.0,0.4,0.6,0.4,0.14285714285714285,0.25,0.4,0.2571428571428572,0.2571428571428571,0.2571428571428571,0.7692307692307693,1.0,0.18520452721737668,0.15532544378698226,-0.19236438475187256,,,,,False
persistence,post_covid,persistence,2,neighborhood,Northland,flu_season,0.9,IT90,89.91407794411414,26,0.0,0.0,0.0,0.0,0.0,26.0,,,,0.0,,,,,,1.0,,0.015086283460038956,0.0,,,,,,True
persistence,post_covid,persistence,2,neighborhood,Northland,flu_season,0.98,IT98,121.54516325409915,26,0.0,0.0,0.0,0.0,0.0,26.0,,,,0.0,,,,,,1.0,,0.00020264903432343323,0.0,,,,,,True
persistence,post_covid,persistence,2,neighborhood,UA/Grandview,overall,,bands,,53,,,,,,,,,,,,,,,,,,,,,0.8867924528301887,1.0,0.33750000000000013,0.0,False
persistence,post_covid,persistence,2,neighborhood,UA/Grandview,overall,0.5,IT50,8.143164584776198,53,5.0,0.09433962264150944,2.0,3.0,3.0,45.0,0.4,0.6,0.4,0.0625,0.25,0.4,0.3375,0.3375,0.3375,0.8867924528301887,1.0,0.11022473668984528,0.08543965824136704,-0.2900886890073975,,,,,False
persistence,post_covid,persistence,2,neighborhood,UA/Grandview,overall,0.9,IT90,16.706142473783938,53,0.0,0.0,0.0,0.0,0.0,53.0,,,,0.0,,,,,,1.0,,0.013531670441536395,0.0,,,,,,True
persistence,post_covid,persistence,2,neighborhood,UA/Grandview,overall,0.98,IT98,26.455007113900507,53,0.0,0.0,0.0,0.0,0.0,53.0,,,,0.0,,,,,,1.0,,0.0009463246486943764,0.0,,,,,,True
persistence,post_covid,persistence,2,neighborhood,UA/Grandview,flu_season,,bands,,26,,,,,,,,,,,,,,,,,,,,,0.7692307692307693,1.0,0.25714285714285723,0.0,False
persistence,post_covid,persistence,2,neighborhood,UA/Grandview,flu_season,0.5,IT50,8.143164584776198,26,5.0,0.19230769230769232,2.0,3.0,3.0,18.0,0.4,0.6,0.4,0.14285714285714285,0.25,0.4,0.2571428571428572,0.2571428571428571,0.2571428571428571,0.7692307692307693,1.0,0.20260818525716628,0.15532544378698226,-0.30441079270328,,,,,False
persistence,post_covid,persistence,2,neighborhood,UA/Grandview,flu_season,0.9,IT90,16.706142473783938,26,0.0,0.0,0.0,0.0,0.0,26.0,,,,0.0,,,,,,1.0,,0.027510270804323684,0.0,,,,,,True
persistence,post_covid,persistence,2,neighborhood,UA/Grandview,flu_season,0.98,IT98,26.455007113900507,26,0.0,0.0,0.0,0.0,0.0,26.0,,,,0.0,,,,,,1.0,,0.0019290442355695307,0.0,,,,,,True
persistence,post_covid,persistence,2,neighborhood,West,overall,,bands,,53,,,,,,,,,,,,,,,,,,,,,0.9622641509433962,1.0,0.6466666666666667,0.0,False
persistence,post_covid,persistence,2,neighborhood,West,overall,0.5,IT50,73.15037971354549,53,3.0,0.05660377358490566,2.0,1.0,1.0,49.0,0.6666666666666666,0.3333333333333333,0.6666666666666666,0.02,0.5,0.6666666666666666,0.6466666666666666,0.6466666666666666,0.6466666666666666,0.9622641509433962,1.0,0.0493006304938801,0.05339978640085441,0.07676352628460548,,,,,True
persistence,post_covid,persistence,2,neighborhood,West,overall,0.9,IT90,114.1022318647041,53,0.0,0.0,0.0,0.0,0.0,53.0,,,,0.0,,,,,,1.0,,0.00023281001759426645,0.0,,,,,,True
persistence,post_covid,persistence,2,neighborhood,West,overall,0.98,IT98,151.63555393306305,53,0.0,0.0,0.0,0.0,0.0,53.0,,,,0.0,,,,,,1.0,,3.447390207197119e-08,0.0,,,,,,True
persistence,post_covid,persistence,2,neighborhood,West,flu_season,,bands,,26,,,,,,,,,,,,,,,,,,,,,0.9230769230769231,1.0,0.6231884057971014,0.0,False
persistence,post_covid,persistence,2,neighborhood,West,flu_season,0.5,IT50,73.15037971354549,26,3.0,0.11538461538461539,2.0,1.0,1.0,22.0,0.6666666666666666,0.3333333333333333,0.6666666666666666,0.043478260869565216,0.5,0.6666666666666666,0.6231884057971014,0.6231884057971014,0.6231884057971014,0.9230769230769231,1.0,0.10041523343693509,0.10207100591715977,0.01622177096567945,,,,,True
persistence,post_covid,persistence,2,neighborhood,West,flu_season,0.9,IT90,114.1022318647041,26,0.0,0.0,0.0,0.0,0.0,26.0,,,,0.0,,,,,,1.0,,0.0004745742652586601,0.0,,,,,,True
persistence,post_covid,persistence,2,neighborhood,West,flu_season,0.98,IT98,151.63555393306305,26,0.0,0.0,0.0,0.0,0.0,26.0,,,,0.0,,,,,,1.0,,7.02737234544028e-08,0.0,,,,,,True
persistence,post_covid,persistence,2,neighborhood,Westerville,overall,,bands,,53,,,,,,,,,,,,,,,,,,,,,0.8113207547169812,0.9622641509433962,0.3026315789473686,0.0,False
persistence,post_covid,persistence,2,neighborhood,Westerville,overall,0.5,IT50,24.33364195874595,53,7.0,0.1320754716981132,3.0,4.0,4.0,42.0,0.42857142857142855,0.5714285714285714,0.42857142857142855,0.08695652173913043,0.2727272727272727,0.42857142857142855,0.3416149068322981,0.3416149068322981,0.3416149068322981,0.8490566037735849,1.0,0.0985924433173594,0.1146315414738341,0.13991871652651378,,,,,False
persistence,post_covid,persistence,2,neighborhood,Westerville,overall,0.9,IT90,36.408491039457616,53,2.0,0.03773584905660377,0.0,2.0,2.0,49.0,0.0,1.0,0.0,0.0392156862745098,0.0,0.0,-0.0392156862745098,-0.0392156862745098,-0.0392156862745098,0.9245283018867925,1.0,0.047961775072308366,0.03631185475258099,-0.3208296684128844,,,,,True
persistence,post_covid,persistence,2,neighborhood,Westerville,overall,0.98,IT98,47.11324141772458,53,0.0,0.0,0.0,0.0,0.0,53.0,,,,0.0,,,,,,1.0,,0.007964001307357933,0.0,,,,,,True
persistence,post_covid,persistence,2,neighborhood,Westerville,flu_season,,bands,,26,,,,,,,,,,,,,,,,,,,,,0.6153846153846154,0.9230769230769231,0.19066147859922167,0.0,False
persistence,post_covid,persistence,2,neighborhood,Westerville,flu_season,0.5,IT50,24.33364195874595,26,7.0,0.2692307692307692,3.0,4.0,4.0,15.0,0.42857142857142855,0.5714285714285714,0.42857142857142855,0.21052631578947367,0.2727272727272727,0.42857142857142855,0.21804511278195488,0.21804511278195488,0.21804511278195488,0.6923076923076923,1.0,0.18083021297610086,0.19674556213017758,0.08089305284327708,,,,,False
persistence,post_covid,persistence,2,neighborhood,Westerville,flu_season,0.9,IT90,36.408491039457616,26,2.0,0.07692307692307693,0.0,2.0,2.0,22.0,0.0,1.0,0.0,0.08333333333333333,0.0,0.0,-0.08333333333333333,-0.08333333333333333,-0.08333333333333333,0.8461538461538461,1.0,0.0971749849659305,0.07100591715976333,-0.3685477049368542,,,,,True
persistence,post_covid,persistence,2,neighborhood,Westerville,flu_season,0.98,IT98,47.11324141772458,26,0.0,0.0,0.0,0.0,0.0,26.0,,,,0.0,,,,,,1.0,,0.01622722758444483,0.0,,,,,,True
persistence,post_covid,persistence,2,neighborhood,Worthington,overall,,bands,,53,,,,,,,,,,,,,,,,,,,,,0.6792452830188679,0.8867924528301887,0.35523114355231145,0.0,False
persistence,post_covid,persistence,2,neighborhood,Worthington,overall,0.5,IT50,13.721631551906164,53,16.0,0.3018867924528302,10.0,6.0,6.0,31.0,0.625,0.375,0.625,0.16216216216216217,0.45454545454545453,0.625,0.46283783783783783,0.46283783783783783,0.46283783783783783,0.7735849056603774,1.0,0.15488028656904085,0.21075115699537203,0.26510350511412883,,,,,False
persistence,post_covid,persistence,2,neighborhood,Worthington,overall,0.9,IT90,22.978569674557114,53,5.0,0.09433962264150944,1.0,4.0,4.0,44.0,0.2,0.8,0.2,0.08333333333333333,0.1111111111111111,0.2,0.11666666666666668,0.11666666666666667,0.11666666666666667,0.8490566037735849,1.0,0.11067306370068974,0.08543965824136704,-0.2953359830634894,,,,,False
persistence,post_covid,persistence,2,neighborhood,Worthington,overall,0.98,IT98,31.956357603850087,53,2.0,0.03773584905660377,0.0,2.0,2.0,49.0,0.0,1.0,0.0,0.0392156862745098,0.0,0.0,-0.0392156862745098,-0.0392156862745098,-0.0392156862745098,0.9245283018867925,1.0,0.06091842811313068,0.03631185475258099,-0.6776457310763147,,,,,True
persistence,post_covid,persistence,2,neighborhood,Worthington,flu_season,,bands,,26,,,,,,,,,,,,,,,,,,,,,0.5384615384615384,0.7692307692307693,0.2168674698795181,-0.038461538461538464,False
persistence,post_covid,persistence,2,neighborhood,Worthington,flu_season,0.5,IT50,13.721631551906164,26,14.0,0.5384615384615384,10.0,3.0,4.0,9.0,0.7142857142857143,0.23076923076923078,0.7692307692307693,0.25,0.5882352941176471,0.7407407407407407,0.4642857142857143,0.46153846153846156,0.46291004988627577,0.7307692307692307,0.9285714285714286,0.16118099107641493,0.24852071005917165,0.35143839304966384,,,,,False
persistence,post_covid,persistence,2,neighborhood,Worthington,flu_season,0.9,IT90,22.978569674557114,26,5.0,0.19230769230769232,1.0,4.0,4.0,17.0,0.2,0.8,0.2,0.19047619047619047,0.1111111111111111,0.2,0.009523809523809545,0.009523809523809525,0.009523809523809525,0.6923076923076923,1.0,0.2148703852430313,0.15532544378698226,-0.3833560040408488,,,,,False
persistence,post_covid,persistence,2,neighborhood,Worthington,flu_season,0.98,IT98,31.956357603850087,26,2.0,0.07692307692307693,0.0,2.0,2.0,22.0,0.0,1.0,0.0,0.08333333333333333,0.0,0.0,-0.08333333333333333,-0.08333333333333333,-0.08333333333333333,0.8461538461538461,1.0,0.12348426191617587,0.07100591715976333,-0.739070021986143,,,,,True
seasonal_naive,post_covid,seasonal_naive,2,citywide,CITYWIDE,overall,,bands,,53,,,,,,,,,,,,,,,,,,,,,0.8301886792452831,0.9433962264150944,0.20895522388059706,0.09433962264150944,False
seasonal_naive,post_covid,seasonal_naive,2,citywide,CITYWIDE,overall,0.5,IT50,35.19412725226089,53,8.0,0.1509433962264151,4.0,4.0,4.0,41.0,0.5,0.5,0.5,0.08888888888888889,0.3333333333333333,0.5,0.4111111111111111,0.4111111111111111,0.4111111111111111,0.8490566037735849,1.0,0.0983176976088063,0.12815948736205057,0.23284885393573096,,,,,False
seasonal_naive,post_covid,seasonal_naive,2,citywide,CITYWIDE,overall,0.9,IT90,56.071415152332634,53,0.0,0.0,0.0,4.0,0.0,49.0,,1.0,0.0,0.07547169811320754,0.0,0.0,,0.0,,0.9245283018867925,,0.039585261782329295,0.0,,,,,,True
seasonal_naive,post_covid,seasonal_naive,2,citywide,CITYWIDE,overall,0.98,IT98,75.53173152268305,53,0.0,0.0,0.0,1.0,0.0,52.0,,1.0,0.0,0.018867924528301886,0.0,0.0,,0.0,,0.9811320754716981,,0.013253098947801757,0.0,,,,,,True
seasonal_naive,post_covid,seasonal_naive,2,citywide,CITYWIDE,flu_season,,bands,,26,,,,,,,,,,,,,,,,,,,,,0.6538461538461539,0.8846153846153846,0.07999999999999974,0.19230769230769232,False
seasonal_naive,post_covid,seasonal_naive,2,citywide,CITYWIDE,flu_season,0.5,IT50,35.19412725226089,26,8.0,0.3076923076923077,4.0,4.0,4.0,14.0,0.5,0.5,0.5,0.2222222222222222,0.3333333333333333,0.5,0.2777777777777778,0.2777777777777778,0.2777777777777778,0.6923076923076923,1.0,0.19195812033459242,0.2130177514792899,0.09886326842927429,,,,,False
seasonal_naive,post_covid,seasonal_naive,2,citywide,CITYWIDE,flu_season,0.9,IT90,56.071415152332634,26,0.0,0.0,0.0,4.0,0.0,22.0,,1.0,0.0,0.15384615384615385,0.0,0.0,,0.0,,0.8461538461538461,,0.08064708239968994,0.0,,,,,,True
seasonal_naive,post_covid,seasonal_naive,2,citywide,CITYWIDE,flu_season,0.98,IT98,75.53173152268305,26,0.0,0.0,0.0,1.0,0.0,25.0,,1.0,0.0,0.038461538461538464,0.0,0.0,,0.0,,0.9615384615384616,,0.027015885950112006,0.0,,,,,,True
seasonal_naive,post_covid,seasonal_naive,2,pooled,ALL,overall,,bands,,901,,,,,,,,,,,,,,,,,,,,,0.8168701442841287,0.9433962264150944,0.2463335909442197,0.08213096559378469,False
seasonal_naive,post_covid,seasonal_naive,2,pooled,ALL,overall,0.5,IT50,,901,118.0,0.1309655937846837,62.0,87.0,56.0,696.0,0.5254237288135594,0.5838926174496645,0.4161073825503356,0.1111111111111111,0.3024390243902439,0.46441947565543074,0.41431261770244826,0.3727306806619183,0.3762252937191083,0.8412874583795783,1.2627118644067796,0.12218058785333455,0.11381360702930893,-0.07351476719186123,,,,,False
seasonal_naive,post_covid,seasonal_naive,2,pooled,ALL,overall,0.9,IT90,,901,17.0,0.018867924528301886,1.0,51.0,16.0,833.0,0.058823529411764705,0.9807692307692307,0.019230769230769232,0.057692307692307696,0.014705882352941176,0.028985507246376812,0.0011312217194570096,0.0005629045876723895,0.0006599982913986348,0.925638179800222,3.0588235294117645,0.048671586968756446,0.01851192595229619,-1.6292016883699398,,,,,False
seasonal_naive,post_covid,seasonal_naive,2,pooled,ALL,overall,0.98,IT98,,901,4.0,0.004439511653718091,0.0,12.0,4.0,885.0,0.0,1.0,0.0,0.013377926421404682,0.0,0.0,-0.013377926421404682,-0.0067039106145251395,-0.007758424115323092,0.9822419533851277,3.0,0.017634333775390847,0.004419802389994593,-2.9898466536220916,,,,,True
seasonal_naive,post_covid,seasonal_naive,2,pooled,ALL,flu_season,,bands,,442,,,,,,,,,,,,,,,,,,,,,0.6357466063348416,0.8846153846153846,0.1330998437415809,0.17647058823529413,False
seasonal_naive,post_covid,seasonal_naive,2,pooled,ALL,flu_season,0.5,IT50,,442,114.0,0.2579185520361991,62.0,87.0,52.0,241.0,0.543859649122807,0.5838926174496645,0.4161073825503356,0.2652439024390244,0.30845771144278605,0.4714828897338403,0.27861574668378264,0.2532513309186377,0.25785054945823604,0.6855203619909502,1.3070175438596492,0.2204757797606609,0.19139657255174955,-0.15193170296217806,,,,,False
seasonal_naive,post_covid,seasonal_naive,2,pooled,ALL,flu_season,0.9,IT90,,442,17.0,0.038461538461538464,1.0,51.0,16.0,374.0,0.058823529411764705,0.9807692307692307,0.019230769230769232,0.12,0.014705882352941176,0.028985507246376812,-0.06117647058823529,-0.03076923076923077,-0.03651483716701108,0.8484162895927602,3.0588235294117645,0.09659752103493992,0.03698224852071006,-1.611996968784775,,,,,False
seasonal_naive,post_covid,seasonal_naive,2,pooled,ALL,flu_season,0.98,IT98,,442,4.0,0.00904977375565611,0.0,12.0,4.0,426.0,0.0,1.0,0.0,0.0273972602739726,0.0,0.0,-0.0273972602739726,-0.013761467889908258,-0.015964279974578305,0.9638009049773756,3.0,0.03567049579622293,0.008967875350627548,-2.977586039231333,,,,,True
seasonal_naive,post_covid,seasonal_naive,2,neighborhood,Agler/Cassidy,overall,,bands,,53,,,,,,,,,,,,,,,,,,,,,0.8301886792452831,0.9811320754716981,0.30567685589519655,0.11320754716981132,False
seasonal_naive,post_covid,seasonal_naive,2,neighborhood,Agler/Cassidy,overall,0.5,IT50,51.74083078339265,53,6.0,0.11320754716981132,4.0,7.0,2.0,40.0,0.6666666666666666,0.6363636363636364,0.36363636363636365,0.14893617021276595,0.3076923076923077,0.47058823529411764,0.5177304964539007,0.37971391417425226,0.4044895572319194,0.8301886792452831,1.8333333333333333,0.12672272822102507,0.10039159843360627,-0.2622841970668772,,,,,False
seasonal_naive,post_covid,seasonal_naive,2,neighborhood,Agler/Cassidy,overall,0.9,IT90,88.48740693700204,53,0.0,0.0,0.0,1.0,0.0,52.0,,1.0,0.0,0.018867924528301886,0.0,0.0,,0.0,,0.9811320754716981,,0.025276122708744346,0.0,,,,,,True
seasonal_naive,post_covid,seasonal_naive,2,neighborhood,Agler/Cassidy,overall,0.98,IT98,124.72586226376617,53,0.0,0.0,0.0,0.0,0.0,53.0,,,,0.0,,,,,,1.0,,0.003496483935080538,0.0,,,,,,True
seasonal_naive,post_covid,seasonal_naive,2,neighborhood,Agler/Cassidy,flu_season,,bands,,26,,,,,,,,,,,,,,,,,,,,,0.6538461538461539,0.9615384615384616,0.17021276595744683,0.23076923076923078,False
seasonal_naive,post_covid,seasonal_naive,2,neighborhood,Agler/Cassidy,flu_season,0.5,IT50,51.74083078339265,26,6.0,0.23076923076923078,4.0,7.0,2.0,13.0,0.6666666666666666,0.6363636363636364,0.36363636363636365,0.35,0.3076923076923077,0.47058823529411764,0.31666666666666665,0.24516129032258063,0.2700542407171066,0.6538461538461539,1.8333333333333333,0.24337273238259896,0.17751479289940827,-0.3709997257553075,,,,,False
seasonal_naive,post_covid,seasonal_naive,2,neighborhood,Agler/Cassidy,flu_season,0.9,IT90,88.48740693700204,26,0.0,0.0,0.0,1.0,0.0,25.0,,1.0,0.0,0.038461538461538464,0.0,0.0,,0.0,,0.9615384615384616,,0.05122890611199709,0.0,,,,,,True
seasonal_naive,post_covid,seasonal_naive,2,neighborhood,Agler/Cassidy,flu_season,0.98,IT98,124.72586226376617,26,0.0,0.0,0.0,0.0,0.0,26.0,,,,0.0,,,,,,1.0,,0.007126722649600191,0.0,,,,,,True
seasonal_naive,post_covid,seasonal_naive,2,neighborhood,Bexley,overall,,bands,,53,,,,,,,,,,,,,,,,,,,,,0.7735849056603774,0.9056603773584906,-0.027239392352016667,0.018867924528301886,False
seasonal_naive,post_covid,seasonal_naive,2,neighborhood,Bexley,overall,0.5,IT50,24.605454693531783,53,8.0,0.1509433962264151,2.0,6.0,6.0,39.0,0.25,0.75,0.25,0.13333333333333333,0.14285714285714285,0.25,0.11666666666666667,0.11666666666666667,0.11666666666666667,0.7735849056603774,1.0,0.14651548396385394,0.12815948736205057,-0.14322776237351564,,,,,False
seasonal_naive,post_covid,seasonal_naive,2,neighborhood,Bexley,overall,0.9,IT90,37.5430295506582,53,2.0,0.03773584905660377,0.0,3.0,2.0,48.0,0.0,1.0,0.0,0.058823529411764705,0.0,0.0,-0.058823529411764705,-0.04743083003952569,-0.048507125007266595,0.9056603773584906,1.5,0.07166845913042313,0.03631185475258099,-0.9736931538956726,,,,,True
seasonal_naive,post_covid,seasonal_naive,2,neighborhood,Bexley,overall,0.98,IT98,49.19357270883574,53,1.0,0.018867924528301886,0.0,1.0,1.0,51.0,0.0,1.0,0.0,0.019230769230769232,0.0,0.0,-0.019230769230769232,-0.019230769230769232,-0.019230769230769232,0.9622641509433962,1.0,0.03339748555293645,0.018511925952296185,-0.8041064791961254,,,,,True
seasonal_naive,post_covid,seasonal_naive,2,neighborhood,Bexley,flu_season,,bands,,26,,,,,,,,,,,,,,,,,,,,,0.5769230769230769,0.8076923076923077,-0.16999999999999993,0.07692307692307693,False
seasonal_naive,post_covid,seasonal_naive,2,neighborhood,Bexley,flu_season,0.5,IT50,24.605454693531783,26,7.0,0.2692307692307692,2.0,6.0,5.0,13.0,0.2857142857142857,0.75,0.25,0.3157894736842105,0.15384615384615385,0.26666666666666666,-0.03007518796992481,-0.02877697841726619,-0.028903665650804,0.5769230769230769,1.1428571428571428,0.25344048014159304,0.19674556213017758,-0.2881636434264425,,,,,False
seasonal_naive,post_covid,seasonal_naive,2,neighborhood,Bexley,flu_season,0.9,IT90,37.5430295506582,26,2.0,0.07692307692307693,0.0,3.0,2.0,21.0,0.0,1.0,0.0,0.125,0.0,0.0,-0.125,-0.1016949152542373,-0.10425720702853737,0.8076923076923077,1.5,0.14252135063508498,0.07100591715976333,-1.0071756881107796,,,,,True
seasonal_naive,post_covid,seasonal_naive,2,neighborhood,Bexley,flu_season,0.98,IT98,49.19357270883574,26,1.0,0.038461538461538464,0.0,1.0,1.0,24.0,0.0,1.0,0.0,0.04,0.0,0.0,-0.04,-0.04,-0.04,0.9230769230769231,1.0,0.06778615640231286,0.036982248520710054,-0.8329376691185402,,,,,True
seasonal_naive,post_covid,seasonal_naive,2,neighborhood,Clintonville/Near North,overall,,bands,,53,,,,,,,,,,,,,,,,,,,,,0.8867924528301887,0.9811320754716981,0.721865889212828,-0.09433962264150944,False
seasonal_naive,post_covid,seasonal_naive,2,neighborhood,Clintonville/Near North,overall,0.5,IT50,15.728895715230147,53,11.0,0.20754716981132076,10.0,1.0,1.0,41.0,0.9090909090909091,0.09090909090909091,0.9090909090909091,0.023809523809523808,0.8333333333333334,0.9090909090909091,0.8852813852813852,0.8852813852813853,0.8852813852813853,0.9622641509433962,1.0,0.08970325537165012,0.1644713421146316,0.4545964408247508,,,,,False
seasonal_naive,post_covid,seasonal_naive,2,neighborhood,Clintonville/Near North,overall,0.9,IT90,22.099499115677975,53,4.0,0.07547169811320754,0.0,0.0,4.0,49.0,0.0,,,0.0,0.0,0.0,0.0,0.0,,0.9245283018867925,0.0,0.06727092864496594,0.06977572089711641,0.03589776243005449,,,,,True
seasonal_naive,post_covid,seasonal_naive,2,neighborhood,Clintonville/Near North,overall,0.98,IT98,27.469599865392972,53,1.0,0.018867924528301886,0.0,0.0,1.0,52.0,0.0,,,0.0,0.0,0.0,0.0,0.0,,0.9811320754716981,0.0,0.032979515893473095,0.018511925952296185,-0.7815280797070376,,,,,True
seasonal_naive,post_covid,seasonal_naive,2,neighborhood,Clintonville/Near North,flu_season,,bands,,26,,,,,,,,,,,,,,,,,,,,,0.7692307692307693,0.9615384615384616,0.6465256797583081,-0.19230769230769232,False
seasonal_naive,post_covid,seasonal_naive,2,neighborhood,Clintonville/Near North,flu_season,0.5,IT50,15.728895715230147,26,11.0,0.4230769230769231,10.0,1.0,1.0,14.0,0.9090909090909091,0.09090909090909091,0.9090909090909091,0.06666666666666667,0.8333333333333334,0.9090909090909091,0.8424242424242424,0.8424242424242424,0.8424242424242424,0.9230769230769231,1.0,0.16091566282498349,0.24408284023668633,0.3407334056382493,,,,,False
seasonal_naive,post_covid,seasonal_naive,2,neighborhood,Clintonville/Near North,flu_season,0.9,IT90,22.099499115677975,26,4.0,0.15384615384615385,0.0,0.0,4.0,22.0,0.0,,,0.0,0.0,0.0,0.0,0.0,,0.8461538461538461,0.0,0.13296760097621374,0.13017751479289943,-0.02143293477182362,,,,,True
seasonal_naive,post_covid,seasonal_naive,2,neighborhood,Clintonville/Near North,flu_season,0.98,IT98,27.469599865392972,26,1.0,0.038461538461538464,0.0,0.0,1.0,25.0,0.0,,,0.0,0.0,0.0,0.0,0.0,,0.9615384615384616,0.0,0.06638738802072396,0.036982248520710054,-0.7951149720803761,,,,,True
seasonal_naive,post_covid,seasonal_naive,2,neighborhood,Dublin,overall,,bands,,53,,,,,,,,,,,,,,,,,,,,,0.7924528301886793,0.9622641509433962,0.39489590329079927,0.05660377358490566,False
seasonal_naive,post_covid,seasonal_naive,2,neighborhood,Dublin,overall,0.5,IT50,8.038849454818003,53,9.0,0.16981132075471697,5.0,4.0,4.0,40.0,0.5555555555555556,0.4444444444444444,0.5555555555555556,0.09090909090909091,0.38461538461538464,0.5555555555555556,0.46464646464646464,0.46464646464646464,0.46464646464646464,0.8490566037735849,1.0,0.12107546732157153,0.14097543609825564,0.1411591219538022,,,,,False
seasonal_naive,post_covid,seasonal_naive,2,neighborhood,Dublin,overall,0.9,IT90,14.1626396504559,53,1.0,0.018867924528301886,0.0,4.0,1.0,48.0,0.0,1.0,0.0,0.07692307692307693,0.0,0.0,-0.07692307692307693,-0.0311284046692607,-0.03962144258751637,0.9056603773584906,4.0,0.05421464195417085,0.018511925952296185,-1.928633254793576,,,,,True
seasonal_naive,post_covid,seasonal_naive,2,neighborhood,Dublin,overall,0.98,IT98,20.345693253667104,53,0.0,0.0,0.0,0.0,0.0,53.0,,,,0.0,,,,,,1.0,,0.020199682070279088,0.0,,,,,,True
seasonal_naive,post_covid,seasonal_naive,2,neighborhood,Dublin,flu_season,,bands,,26,,,,,,,,,,,,,,,,,,,,,0.6153846153846154,0.9230769230769231,0.30434782608695654,0.15384615384615385,False
seasonal_naive,post_covid,seasonal_naive,2,neighborhood,Dublin,flu_season,0.5,IT50,8.038849454818003,26,8.0,0.3076923076923077,5.0,4.0,3.0,14.0,0.625,0.4444444444444444,0.5555555555555556,0.2222222222222222,0.4166666666666667,0.5882352941176471,0.4027777777777778,0.38926174496644295,0.3907518403363142,0.7307692307692307,1.125,0.18401812462840342,0.21301775147928986,0.13613713716110587,,,,,False
seasonal_naive,post_covid,seasonal_naive,2,neighborhood,Dublin,flu_season,0.9,IT90,14.1626396504559,26,1.0,0.038461538461538464,0.0,4.0,1.0,21.0,0.0,1.0,0.0,0.16,0.0,0.0,-0.16,-0.06557377049180328,-0.08528028654224416,0.8076923076923077,4.0,0.1039591166698192,0.036982248520710054,-1.8110545147519117,,,,,True
seasonal_naive,post_covid,seasonal_naive,2,neighborhood,Dublin,flu_season,0.98,IT98,20.345693253667104,26,0.0,0.0,0.0,0.0,0.0,26.0,,,,0.0,,,,,,1.0,,0.04050068531228097,0.0,,,,,,True
seasonal_naive,post_covid,seasonal_naive,2,neighborhood,Eastside,overall,,bands,,53,,,,,,,,,,,,,,,,,,,,,0.8490566037735849,0.9622641509433962,0.4073482428115016,0.03773584905660377,False
seasonal_naive,post_covid,seasonal_naive,2,neighborhood,Eastside,overall,0.5,IT50,53.89825474693718,53,6.0,0.11320754716981132,3.0,3.0,3.0,44.0,0.5,0.5,0.5,0.06382978723404255,0.3333333333333333,0.5,0.43617021276595747,0.43617021276595747,0.43617021276595747,0.8867924528301887,1.0,0.07824926283959144,0.10039159843360627,0.22055964781414072,,,,,False
seasonal_naive,post_covid,seasonal_naive,2,neighborhood,Eastside,overall,0.9,IT90,89.53274062296502,53,1.0,0.018867924528301886,0.0,2.0,1.0,50.0,0.0,1.0,0.0,0.038461538461538464,0.0,0.0,-0.038461538461538464,-0.025806451612903226,-0.027461751819054487,0.9433962264150944,2.0,0.03870933924178156,0.018511925952296185,-1.0910487294262392,,,,,True
seasonal_naive,post_covid,seasonal_naive,2,neighborhood,Eastside,overall,0.98,IT98,123.87134674281285,53,0.0,0.0,0.0,1.0,0.0,52.0,,1.0,0.0,0.018867924528301886,0.0,0.0,,0.0,,0.9811320754716981,,0.01094056571054803,0.0,,,,,,True
seasonal_naive,post_covid,seasonal_naive,2,neighborhood,Eastside,flu_season,,bands,,26,,,,,,,,,,,,,,,,,,,,,0.6923076923076923,0.9230769230769231,0.33818181818181814,0.07692307692307693,False
seasonal_naive,post_covid,seasonal_naive,2,neighborhood,Eastside,flu_season,0.5,IT50,53.89825474693718,26,6.0,0.23076923076923078,3.0,3.0,3.0,17.0,0.5,0.5,0.5,0.15,0.3333333333333333,0.5,0.35,0.35,0.35,0.7692307692307693,1.0,0.15241559777560781,0.17751479289940827,0.14139213253074256,,,,,False
seasonal_naive,post_covid,seasonal_naive,2,neighborhood,Eastside,flu_season,0.9,IT90,89.53274062296502,26,1.0,0.038461538461538464,0.0,2.0,1.0,23.0,0.0,1.0,0.0,0.08,0.0,0.0,-0.08,-0.05405405405405406,-0.05773502691896257,0.8846153846153846,2.0,0.07877472731503107,0.036982248520710054,-1.1300686265984403,,,,,True
seasonal_naive,post_covid,seasonal_naive,2,neighborhood,Eastside,flu_season,0.98,IT98,123.87134674281285,26,0.0,0.0,0.0,1.0,0.0,25.0,,1.0,0.0,0.038461538461538464,0.0,0.0,,0.0,,0.9615384615384616,,0.02230167055319978,0.0,,,,,,True
seasonal_naive,post_covid,seasonal_naive,2,neighborhood,Far East,overall,,bands,,53,,,,,,,,,,,,,,,,,,,,,0.8113207547169812,0.9622641509433962,0.25151311365164775,0.1320754716981132,False
seasonal_naive,post_covid,seasonal_naive,2,neighborhood,Far East,overall,0.5,IT50,76.01095931639992,53,5.0,0.09433962264150944,3.0,6.0,2.0,42.0,0.6,0.6666666666666666,0.3333333333333333,0.125,0.2727272727272727,0.42857142857142855,0.475,0.3496932515337423,0.3697869984767234,0.8490566037735849,1.8,0.11167465482620294,0.08543965824136704,-0.30705877252835023,,,,,False
seasonal_naive,post_covid,seasonal_naive,2,neighborhood,Far East,overall,0.9,IT90,119.58175049878095,53,1.0,0.018867924528301886,0.0,3.0,1.0,49.0,0.0,1.0,0.0,0.057692307692307696,0.0,0.0,-0.057692307692307696,-0.02912621359223301,-0.03396831102433787,0.9245283018867925,3.0,0.04926258862665663,0.018511925952296185,-1.6611271433130486,,,,,True
seasonal_naive,post_covid,seasonal_naive,2,neighborhood,Far East,overall,0.98,IT98,159.7885780471188,53,0.0,0.0,0.0,1.0,0.0,52.0,,1.0,0.0,0.018867924528301886,0.0,0.0,,0.0,,0.9811320754716981,,0.009510344272771871,0.0,,,,,,True
seasonal_naive,post_covid,seasonal_naive,2,neighborhood,Far East,flu_season,,bands,,26,,,,,,,,,,,,,,,,,,,,,0.6153846153846154,0.9230769230769231,0.15999999999999992,0.2692307692307692,False
seasonal_naive,post_covid,seasonal_naive,2,neighborhood,Far East,flu_season,0.5,IT50,76.01095931639992,26,5.0,0.19230769230769232,3.0,6.0,2.0,15.0,0.6,0.6666666666666666,0.3333333333333333,0.2857142857142857,0.2727272727272727,0.42857142857142855,0.3142857142857143,0.24087591240875914,0.26035958758213296,0.6923076923076923,1.8,0.2228706211310843,0.15532544378698226,-0.4348622846153616,,,,,False
seasonal_naive,post_covid,seasonal_naive,2,neighborhood,Far East,flu_season,0.9,IT90,119.58175049878095,26,1.0,0.038461538461538464,0.0,3.0,1.0,22.0,0.0,1.0,0.0,0.12,0.0,0.0,-0.12,-0.061224489795918366,-0.07223151185146152,0.8461538461538461,3.0,0.10041426083539566,0.036982248520710054,-1.715201612989099,,,,,True
seasonal_naive,post_covid,seasonal_naive,2,neighborhood,Far East,flu_season,0.98,IT98,159.7885780471188,26,0.0,0.0,0.0,1.0,0.0,25.0,,1.0,0.0,0.038461538461538464,0.0,0.0,,0.0,,0.9615384615384616,,0.019386470556205817,0.0,,,,,,True
seasonal_naive,post_covid,seasonal_naive,2,neighborhood,Far South,overall,,bands,,53,,,,,,,,,,,,,,,,,,,,,0.8490566037735849,0.9433962264150944,0.2675879396984926,0.1509433962264151,False
seasonal_naive,post_covid,seasonal_naive,2,neighborhood,Far South,overall,0.5,IT50,69.7066330370401,53,7.0,0.1320754716981132,5.0,5.0,2.0,41.0,0.7142857142857143,0.5,0.5,0.10869565217391304,0.4166666666666667,0.5882352941176471,0.6055900621118012,0.5124835742444153,0.524049665034521,0.8679245283018868,1.4285714285714286,0.11930823947350218,0.11463154147383411,-0.04079765428902982,,,,,False
seasonal_naive,post_covid,seasonal_naive,2,neighborhood,Far South,overall,0.9,IT90,121.95949130896,53,0.0,0.0,0.0,4.0,0.0,49.0,,1.0,0.0,0.07547169811320754,0.0,0.0,,0.0,,0.9245283018867925,,0.0444804305055485,0.0,,,,,,True
seasonal_naive,post_covid,seasonal_naive,2,neighborhood,Far South,overall,0.98,IT98,174.42921640712913,53,0.0,0.0,0.0,1.0,0.0,52.0,,1.0,0.0,0.018867924528301886,0.0,0.0,,0.0,,0.9811320754716981,,0.01002707307502342,0.0,,,,,,True
seasonal_naive,post_covid,seasonal_naive,2,neighborhood,Far South,flu_season,,bands,,26,,,,,,,,,,,,,,,,,,,,,0.6923076923076923,0.8846153846153846,0.1513353115727003,0.3076923076923077,False
seasonal_naive,post_covid,seasonal_naive,2,neighborhood,Far South,flu_season,0.5,IT50,69.7066330370401,26,7.0,0.2692307692307692,5.0,5.0,2.0,14.0,0.7142857142857143,0.5,0.5,0.2631578947368421,0.4166666666666667,0.5882352941176471,0.4511278195488722,0.3973509933774834,0.4113063728303113,0.7307692307692307,1.4285714285714286,0.2399965555640317,0.19674556213017758,-0.21983211700214578,,,,,False
seasonal_naive,post_covid,seasonal_naive,2,neighborhood,Far South,flu_season,0.9,IT90,121.95949130896,26,0.0,0.0,0.0,4.0,0.0,22.0,,1.0,0.0,0.15384615384615385,0.0,0.0,,0.0,,0.8461538461538461,,0.0906713765918029,0.0,,,,,,True
seasonal_naive,post_covid,seasonal_naive,2,neighborhood,Far South,flu_season,0.98,IT98,174.42921640712913,26,0.0,0.0,0.0,1.0,0.0,25.0,,1.0,0.0,0.038461538461538464,0.0,0.0,,0.0,,0.9615384615384616,,0.02043980280672042,0.0,,,,,,True
seasonal_naive,post_covid,seasonal_naive,2,neighborhood,Far Southeast,overall,,bands,,53,,,,,,,,,,,,,,,,,,,,,0.8301886792452831,0.9433962264150944,0.1996060407091268,0.1320754716981132,False
seasonal_naive,post_covid,seasonal_naive,2,neighborhood,Far Southeast,overall,0.5,IT50,10.956265259525463,53,5.0,0.09433962264150944,2.0,5.0,3.0,43.0,0.4,0.7142857142857143,0.2857142857142857,0.10416666666666667,0.2,0.3333333333333333,0.29583333333333334,0.2508833922261484,0.2554022929868484,0.8490566037735849,1.4,0.1373547708621066,0.08543965824136704,-0.6076231306319058,,,,,False
seasonal_naive,post_covid,seasonal_naive,2,neighborhood,Far Southeast,overall,0.9,IT90,18.40391015194404,53,0.0,0.0,0.0,3.0,0.0,50.0,,1.0,0.0,0.05660377358490566,0.0,0.0,,0.0,,0.9433962264150944,,0.05273512886952382,0.0,,,,,,True
seasonal_naive,post_covid,seasonal_naive,2,neighborhood,Far Southeast,overall,0.98,IT98,25.644566505740826,53,0.0,0.0,0.0,2.0,0.0,51.0,,1.0,0.0,0.03773584905660377,0.0,0.0,,0.0,,0.9622641509433962,,0.023025225022500123,0.0,,,,,,True
seasonal_naive,post_covid,seasonal_naive,2,neighborhood,Far Southeast,flu_season,,bands,,26,,,,,,,,,,,,,,,,,,,,,0.6538461538461539,0.8846153846153846,0.1282798833819241,0.2692307692307692,False
seasonal_naive,post_covid,seasonal_naive,2,neighborhood,Far Southeast,flu_season,0.5,IT50,10.956265259525463,26,5.0,0.19230769230769232,2.0,5.0,3.0,16.0,0.4,0.7142857142857143,0.2857142857142857,0.23809523809523808,0.2,0.3333333333333333,0.16190476190476194,0.14049586776859505,0.14385615602720814,0.6923076923076923,1.4,0.2188666258534784,0.15532544378698226,-0.4090841816852513,,,,,False
seasonal_naive,post_covid,seasonal_naive,2,neighborhood,Far Southeast,flu_season,0.9,IT90,18.40391015194404,26,0.0,0.0,0.0,3.0,0.0,23.0,,1.0,0.0,0.11538461538461539,0.0,0.0,,0.0,,0.8846153846153846,,0.09660987583210391,0.0,,,,,,True
seasonal_naive,post_covid,seasonal_naive,2,neighborhood,Far Southeast,flu_season,0.98,IT98,25.644566505740826,26,0.0,0.0,0.0,2.0,0.0,24.0,,1.0,0.0,0.07692307692307693,0.0,0.0,,0.0,,0.9230769230769231,,0.045337086312319703,0.0,,,,,,True
seasonal_naive,post_covid,seasonal_naive,2,neighborhood,Far Southwest,overall,,bands,,53,,,,,,,,,,,,,,,,,,,,,0.7924528301886793,0.9245283018867925,0.05577072037180508,0.16981132075471697,False
seasonal_naive,post_covid,seasonal_naive,2,neighborhood,Far Southwest,overall,0.5,IT50,34.041053932580134,53,5.0,0.09433962264150944,2.0,8.0,3.0,40.0,0.4,0.8,0.2,0.16666666666666666,0.15384615384615385,0.26666666666666666,0.23333333333333336,0.16115107913669063,0.17432038578211329,0.7924528301886793,2.0,0.12315773158365714,0.08543965824136704,-0.44145861674372044,,,,,False
seasonal_naive,post_covid,seasonal_naive,2,neighborhood,Far Southwest,overall,0.9,IT90,54.68112356483704,53,0.0,0.0,0.0,4.0,0.0,49.0,,1.0,0.0,0.07547169811320754,0.0,0.0,,0.0,,0.9245283018867925,,0.03956300796349506,0.0,,,,,,True
seasonal_naive,post_covid,seasonal_naive,2,neighborhood,Far Southwest,overall,0.98,IT98,74.04650918881951,53,0.0,0.0,0.0,0.0,0.0,53.0,,,,0.0,,,,,,1.0,,0.011845209865896919,0.0,,,,,,True
seasonal_naive,post_covid,seasonal_naive,2,neighborhood,Far Southwest,flu_season,,bands,,26,,,,,,,,,,,,,,,,,,,,,0.5769230769230769,0.8461538461538461,-0.06405693950177938,0.34615384615384615,False
seasonal_naive,post_covid,seasonal_naive,2,neighborhood,Far Southwest,flu_season,0.5,IT50,34.041053932580134,26,5.0,0.19230769230769232,2.0,8.0,3.0,13.0,0.4,0.8,0.2,0.38095238095238093,0.15384615384615385,0.26666666666666666,0.01904761904761909,0.013793103448275862,0.015430334996209192,0.5769230769230769,2.0,0.24491026708938152,0.15532544378698226,-0.5767556243087799,,,,,False
seasonal_naive,post_covid,seasonal_naive,2,neighborhood,Far Southwest,flu_season,0.9,IT90,54.68112356483704,26,0.0,0.0,0.0,4.0,0.0,22.0,,1.0,0.0,0.15384615384615385,0.0,0.0,,0.0,,0.8461538461538461,,0.08061265289823648,0.0,,,,,,True
seasonal_naive,post_covid,seasonal_naive,2,neighborhood,Far Southwest,flu_season,0.98,IT98,74.04650918881951,26,0.0,0.0,0.0,0.0,0.0,26.0,,,,0.0,,,,,,1.0,,0.02414596063592819,0.0,,,,,,True
seasonal_naive,post_covid,seasonal_naive,2,neighborhood,Hilliard,overall,,bands,,53,,,,,,,,,,,,,,,,,,,,,0.7924528301886793,0.9433962264150944,0.07665505226480829,0.09433962264150944,False
seasonal_naive,post_covid,seasonal_naive,2,neighborhood,Hilliard,overall,0.5,IT50,19.24134804712757,53,8.0,0.1509433962264151,3.0,6.0,5.0,39.0,0.375,0.6666666666666666,0.3333333333333333,0.13333333333333333,0.21428571428571427,0.35294117647058826,0.24166666666666667,0.22985468956406868,0.2304201257343515,0.7924528301886793,1.125,0.13495385406614474,0.12815948736205057,-0.053014933532779196,,,,,False
seasonal_naive,post_covid,seasonal_naive,2,neighborhood,Hilliard,overall,0.9,IT90,34.52709434950146,53,0.0,0.0,0.0,3.0,0.0,50.0,,1.0,0.0,0.05660377358490566,0.0,0.0,,0.0,,0.9433962264150944,,0.0391506150965233,0.0,,,,,,True
seasonal_naive,post_covid,seasonal_naive,2,neighborhood,Hilliard,overall,0.98,IT98,50.186768532537315,53,0.0,0.0,0.0,1.0,0.0,52.0,,1.0,0.0,0.018867924528301886,0.0,0.0,,0.0,,0.9811320754716981,,0.011019644473004877,0.0,,,,,,True
seasonal_naive,post_covid,seasonal_naive,2,neighborhood,Hilliard,flu_season,,bands,,26,,,,,,,,,,,,,,,,,,,,,0.5769230769230769,0.8846153846153846,-0.08695652173913038,0.19230769230769232,False
seasonal_naive,post_covid,seasonal_naive,2,neighborhood,Hilliard,flu_season,0.5,IT50,19.24134804712757,26,8.0,0.3076923076923077,3.0,6.0,5.0,12.0,0.375,0.6666666666666666,0.3333333333333333,0.3333333333333333,0.21428571428571427,0.35294117647058826,0.041666666666666685,0.040268456375838924,0.040422604172722164,0.5769230769230769,1.125,0.2371628484770113,0.21301775147928986,-0.11334781646152559,,,,,False
seasonal_naive,post_covid,seasonal_naive,2,neighborhood,Hilliard,flu_season,0.9,IT90,34.52709434950146,26,0.0,0.0,0.0,3.0,0.0,23.0,,1.0,0.0,0.11538461538461539,0.0,0.0,,0.0,,0.8846153846153846,,0.07764593095166215,0.0,,,,,,True
seasonal_naive,post_covid,seasonal_naive,2,neighborhood,Hilliard,flu_season,0.98,IT98,50.186768532537315,26,0.0,0.0,0.0,1.0,0.0,25.0,,1.0,0.0,0.038461538461538464,0.0,0.0,,0.0,,0.9615384615384616,,0.022405257703905727,0.0,,,,,,True
seasonal_naive,post_covid,seasonal_naive,2,neighborhood,Linden,overall,,bands,,53,,,,,,,,,,,,,,,,,,,,,0.8301886792452831,0.9433962264150944,0.15756738078783705,0.1320754716981132,False
seasonal_naive,post_covid,seasonal_naive,2,neighborhood,Linden,overall,0.5,IT50,53.62727596624066,53,7.0,0.1320754716981132,4.0,6.0,3.0,40.0,0.5714285714285714,0.6,0.4,0.13043478260869565,0.3076923076923077,0.47058823529411764,0.4409937888198757,0.3731931668856767,0.38161565351231785,0.8301886792452831,1.4285714285714286,0.10912714418436963,0.1146315414738341,0.04801817386989349,,,,,False
seasonal_naive,post_covid,seasonal_naive,2,neighborhood,Linden,overall,0.9,IT90,82.61523156370409,53,0.0,0.0,0.0,3.0,0.0,50.0,,1.0,0.0,0.05660377358490566,0.0,0.0,,0.0,,0.9433962264150944,,0.03168332873074105,0.0,,,,,,True
seasonal_naive,post_covid,seasonal_naive,2,neighborhood,Linden,overall,0.98,IT98,108.92078323683364,53,0.0,0.0,0.0,1.0,0.0,52.0,,1.0,0.0,0.018867924528301886,0.0,0.0,,0.0,,0.9811320754716981,,0.010109153634951303,0.0,,,,,,True
seasonal_naive,post_covid,seasonal_naive,2,neighborhood,Linden,flu_season,,bands,,26,,,,,,,,,,,,,,,,,,,,,0.6538461538461539,0.8846153846153846,0.01967213114754096,0.2692307692307692,False
seasonal_naive,post_covid,seasonal_naive,2,neighborhood,Linden,flu_season,0.5,IT50,53.62727596624066,26,7.0,0.2692307692307692,4.0,6.0,3.0,13.0,0.5714285714285714,0.6,0.4,0.3157894736842105,0.3076923076923077,0.47058823529411764,0.2556390977443609,0.2251655629139073,0.23307361127050974,0.6538461538461539,1.4285714285714286,0.21524104165757024,0.19674556213017758,-0.09400709895125892,,,,,False
seasonal_naive,post_covid,seasonal_naive,2,neighborhood,Linden,flu_season,0.9,IT90,82.61523156370409,26,0.0,0.0,0.0,3.0,0.0,23.0,,1.0,0.0,0.11538461538461539,0.0,0.0,,0.0,,0.8846153846153846,,0.06450597067052734,0.0,,,,,,True
seasonal_naive,post_covid,seasonal_naive,2,neighborhood,Linden,flu_season,0.98,IT98,108.92078323683364,26,0.0,0.0,0.0,1.0,0.0,25.0,,1.0,0.0,0.038461538461538464,0.0,0.0,,0.0,,0.9615384615384616,,0.02060690311513398,0.0,,,,,,True
seasonal_naive,post_covid,seasonal_naive,2,neighborhood,NE Suburban,overall,,bands,,53,,,,,,,,,,,,,,,,,,,,,0.8301886792452831,0.9056603773584906,0.14847645429362888,0.1320754716981132,False
seasonal_naive,post_covid,seasonal_naive,2,neighborhood,NE Suburban,overall,0.5,IT50,27.312493683860776,53,5.0,0.09433962264150944,2.0,5.0,3.0,43.0,0.4,0.7142857142857143,0.2857142857142857,0.10416666666666667,0.2,0.3333333333333333,0.29583333333333334,0.2508833922261484,0.2554022929868484,0.8490566037735849,1.4,0.10478788800754471,0.08543965824136704,-0.22645490588830453,,,,,False
seasonal_naive,post_covid,seasonal_naive,2,neighborhood,NE Suburban,overall,0.9,IT90,41.22759712033061,53,1.0,0.018867924528301886,0.0,4.0,1.0,48.0,0.0,1.0,0.0,0.07692307692307693,0.0,0.0,-0.07692307692307693,-0.0311284046692607,-0.03962144258751637,0.9056603773584906,4.0,0.05358505633659471,0.018511925952296185,-1.894623524028742,,,,,True
seasonal_naive,post_covid,seasonal_naive,2,neighborhood,NE Suburban,overall,0.98,IT98,53.6511443833241,53,0.0,0.0,0.0,2.0,0.0,51.0,,1.0,0.0,0.03773584905660377,0.0,0.0,,0.0,,0.9622641509433962,,0.01938021268055968,0.0,,,,,,True
seasonal_naive,post_covid,seasonal_naive,2,neighborhood,NE Suburban,flu_season,,bands,,26,,,,,,,,,,,,,,,,,,,,,0.6538461538461539,0.8076923076923077,0.0645161290322579,0.2692307692307692,False
seasonal_naive,post_covid,seasonal_naive,2,neighborhood,NE Suburban,flu_season,0.5,IT50,27.312493683860776,26,5.0,0.19230769230769232,2.0,5.0,3.0,16.0,0.4,0.7142857142857143,0.2857142857142857,0.23809523809523808,0.2,0.3333333333333333,0.16190476190476194,0.14049586776859505,0.14385615602720814,0.6923076923076923,1.4,0.19665197652606242,0.15532544378698226,-0.2660641536344588,,,,,False
seasonal_naive,post_covid,seasonal_naive,2,neighborhood,NE Suburban,flu_season,0.9,IT90,41.22759712033061,26,1.0,0.038461538461538464,0.0,4.0,1.0,21.0,0.0,1.0,0.0,0.16,0.0,0.0,-0.16,-0.06557377049180328,-0.08528028654224416,0.8076923076923077,4.0,0.10846459112105591,0.036982248520710054,-1.9328825439133523,,,,,True
seasonal_naive,post_covid,seasonal_naive,2,neighborhood,NE Suburban,flu_season,0.98,IT98,53.6511443833241,26,0.0,0.0,0.0,2.0,0.0,24.0,,1.0,0.0,0.07692307692307693,0.0,0.0,,0.0,,0.9230769230769231,,0.03948308053551476,0.0,,,,,,True
seasonal_naive,post_covid,seasonal_naive,2,neighborhood,Northland,overall,,bands,,53,,,,,,,,,,,,,,,,,,,,,0.7924528301886793,0.9433962264150944,-0.0037878787878786735,0.11320754716981132,False
seasonal_naive,post_covid,seasonal_naive,2,neighborhood,Northland,overall,0.5,IT50,56.127661353876796,53,5.0,0.09433962264150944,1.0,7.0,4.0,41.0,0.2,0.875,0.125,0.14583333333333334,0.08333333333333333,0.15384615384615385,0.05416666666666667,0.042692939244663386,0.04422689813358516,0.7924528301886793,1.6,0.13723614533769501,0.08543965824136704,-0.6062347177232721,,,,,False
seasonal_naive,post_covid,seasonal_naive,2,neighborhood,Northland,overall,0.9,IT90,89.91407794411414,53,0.0,0.0,0.0,3.0,0.0,50.0,,1.0,0.0,0.05660377358490566,0.0,0.0,,0.0,,0.9433962264150944,,0.03642441196474344,0.0,,,,,,True
seasonal_naive,post_covid,seasonal_naive,2,neighborhood,Northland,overall,0.98,IT98,121.54516325409915,53,0.0,0.0,0.0,0.0,0.0,53.0,,,,0.0,,,,,,1.0,,0.007900873325067129,0.0,,,,,,True
seasonal_naive,post_covid,seasonal_naive,2,neighborhood,Northland,flu_season,,bands,,26,,,,,,,,,,,,,,,,,,,,,0.5769230769230769,0.8846153846153846,-0.12554112554112562,0.23076923076923078,False
seasonal_naive,post_covid,seasonal_naive,2,neighborhood,Northland,flu_season,0.5,IT50,56.127661353876796,26,5.0,0.19230769230769232,1.0,7.0,4.0,14.0,0.2,0.875,0.125,0.3333333333333333,0.08333333333333333,0.15384615384615385,-0.1333333333333333,-0.10852713178294573,-0.1138550085106622,0.5769230769230769,1.6,0.26340798671125254,0.15532544378698226,-0.6958457049219686,,,,,False
seasonal_naive,post_covid,seasonal_naive,2,neighborhood,Northland,flu_season,0.9,IT90,89.91407794411414,26,0.0,0.0,0.0,3.0,0.0,23.0,,1.0,0.0,0.11538461538461539,0.0,0.0,,0.0,,0.8846153846153846,,0.07395343382325971,0.0,,,,,,True
seasonal_naive,post_covid,seasonal_naive,2,neighborhood,Northland,flu_season,0.98,IT98,121.54516325409915,26,0.0,0.0,0.0,0.0,0.0,26.0,,,,0.0,,,,,,1.0,,0.016104129907625615,0.0,,,,,,True
seasonal_naive,post_covid,seasonal_naive,2,neighborhood,UA/Grandview,overall,,bands,,53,,,,,,,,,,,,,,,,,,,,,0.7735849056603774,0.9245283018867925,-0.09466437177280529,0.11320754716981132,False
seasonal_naive,post_covid,seasonal_naive,2,neighborhood,UA/Grandview,overall,0.5,IT50,8.143164584776198,53,5.0,0.09433962264150944,0.0,7.0,5.0,41.0,0.0,1.0,0.0,0.14583333333333334,0.0,0.0,-0.14583333333333334,-0.12367491166077739,-0.12590253879633373,0.7735849056603774,1.4,0.1622078962059315,0.08543965824136704,-0.8985082518435901,,,,,False
seasonal_naive,post_covid,seasonal_naive,2,neighborhood,UA/Grandview,overall,0.9,IT90,16.706142473783938,53,0.0,0.0,0.0,4.0,0.0,49.0,,1.0,0.0,0.07547169811320754,0.0,0.0,,0.0,,0.9245283018867925,,0.04254383559044036,0.0,,,,,,True
seasonal_naive,post_covid,seasonal_naive,2,neighborhood,UA/Grandview,overall,0.98,IT98,26.455007113900507,53,0.0,0.0,0.0,0.0,0.0,53.0,,,,0.0,,,,,,1.0,,0.014097578824116542,0.0,,,,,,True
seasonal_naive,post_covid,seasonal_naive,2,neighborhood,UA/Grandview,flu_season,,bands,,26,,,,,,,,,,,,,,,,,,,,,0.5384615384615384,0.8461538461538461,-0.21400778210116722,0.23076923076923078,False
seasonal_naive,post_covid,seasonal_naive,2,neighborhood,UA/Grandview,flu_season,0.5,IT50,8.143164584776198,26,5.0,0.19230769230769232,0.0,7.0,5.0,14.0,0.0,1.0,0.0,0.3333333333333333,0.0,0.0,-0.3333333333333333,-0.2892561983471074,-0.2961744388795462,0.5384615384615384,1.4,0.27953191027280966,0.15532544378698226,-0.799653060423041,,,,,False
seasonal_naive,post_covid,seasonal_naive,2,neighborhood,UA/Grandview,flu_season,0.9,IT90,16.706142473783938,26,0.0,0.0,0.0,4.0,0.0,22.0,,1.0,0.0,0.15384615384615385,0.0,0.0,,0.0,,0.8461538461538461,,0.08338319435100573,0.0,,,,,,True
seasonal_naive,post_covid,seasonal_naive,2,neighborhood,UA/Grandview,flu_season,0.98,IT98,26.455007113900507,26,0.0,0.0,0.0,0.0,0.0,26.0,,,,0.0,,,,,,1.0,,0.02866825875497767,0.0,,,,,,True
seasonal_naive,post_covid,seasonal_naive,2,neighborhood,West,overall,,bands,,53,,,,,,,,,,,,,,,,,,,,,0.8490566037735849,0.9245283018867925,0.025018395879323085,0.16981132075471697,False
seasonal_naive,post_covid,seasonal_naive,2,neighborhood,West,overall,0.5,IT50,73.15037971354549,53,3.0,0.05660377358490566,1.0,6.0,2.0,44.0,0.3333333333333333,0.8571428571428571,0.14285714285714285,0.12,0.1111111111111111,0.2,0.21333333333333332,0.13114754098360656,0.14560504166185284,0.8490566037735849,2.3333333333333335,0.11273629043273292,0.05339978640085441,-1.1111749321703113,,,,,True
seasonal_naive,post_covid,seasonal_naive,2,neighborhood,West,overall,0.9,IT90,114.1022318647041,53,0.0,0.0,0.0,4.0,0.0,49.0,,1.0,0.0,0.07547169811320754,0.0,0.0,,0.0,,0.9245283018867925,,0.0407443273589136,0.0,,,,,,True
seasonal_naive,post_covid,seasonal_naive,2,neighborhood,West,overall,0.98,IT98,151.63555393306305,53,0.0,0.0,0.0,1.0,0.0,52.0,,1.0,0.0,0.018867924528301886,0.0,0.0,,0.0,,0.9811320754716981,,0.014594890487525413,0.0,,,,,,True
seasonal_naive,post_covid,seasonal_naive,2,neighborhood,West,flu_season,,bands,,26,,,,,,,,,,,,,,,,,,,,,0.6923076923076923,0.8461538461538461,-0.03174603174603163,0.34615384615384615,False
seasonal_naive,post_covid,seasonal_naive,2,neighborhood,West,flu_season,0.5,IT50,73.15037971354549,26,3.0,0.11538461538461539,1.0,6.0,2.0,17.0,0.3333333333333333,0.8571428571428571,0.14285714285714285,0.2608695652173913,0.1111111111111111,0.2,0.07246376811594202,0.045871559633027525,0.052193886700168265,0.6923076923076923,2.3333333333333335,0.2276811003757813,0.10207100591715977,-1.230614838464176,,,,,True
seasonal_naive,post_covid,seasonal_naive,2,neighborhood,West,flu_season,0.9,IT90,114.1022318647041,26,0.0,0.0,0.0,4.0,0.0,22.0,,1.0,0.0,0.15384615384615385,0.0,0.0,,0.0,,0.8461538461538461,,0.08304833412557236,0.0,,,,,,True
seasonal_naive,post_covid,seasonal_naive,2,neighborhood,West,flu_season,0.98,IT98,151.63555393306305,26,0.0,0.0,0.0,1.0,0.0,25.0,,1.0,0.0,0.038461538461538464,0.0,0.0,,0.0,,0.9615384615384616,,0.029751120711076433,0.0,,,,,,True
seasonal_naive,post_covid,seasonal_naive,2,neighborhood,Westerville,overall,,bands,,53,,,,,,,,,,,,,,,,,,,,,0.8490566037735849,0.9433962264150944,0.4727911059098888,0.09433962264150944,False
seasonal_naive,post_covid,seasonal_naive,2,neighborhood,Westerville,overall,0.5,IT50,24.33364195874595,53,7.0,0.1320754716981132,6.0,4.0,1.0,42.0,0.8571428571428571,0.4,0.6,0.08695652173913043,0.5454545454545454,0.7058823529411765,0.7701863354037266,0.6517739816031537,0.6664836765567241,0.9056603773584906,1.4285714285714286,0.10594037304374682,0.1146315414738341,0.07581829850967448,,,,,False
seasonal_naive,post_covid,seasonal_naive,2,neighborhood,Westerville,overall,0.9,IT90,36.408491039457616,53,2.0,0.03773584905660377,0.0,3.0,2.0,48.0,0.0,1.0,0.0,0.058823529411764705,0.0,0.0,-0.058823529411764705,-0.04743083003952569,-0.048507125007266595,0.9056603773584906,1.5,0.060219185880499265,0.03631185475258099,-0.658389148414926,,,,,True
seasonal_naive,post_covid,seasonal_naive,2,neighborhood,Westerville,overall,0.98,IT98,47.11324141772458,53,0.0,0.0,0.0,1.0,0.0,52.0,,1.0,0.0,0.018867924528301886,0.0,0.0,,0.0,,0.9811320754716981,,0.019054339259879562,0.0,,,,,,True
seasonal_naive,post_covid,seasonal_naive,2,neighborhood,Westerville,flu_season,,bands,,26,,,,,,,,,,,,,,,,,,,,,0.6923076923076923,0.8846153846153846,0.3774647887323942,0.19230769230769232,False
seasonal_naive,post_covid,seasonal_naive,2,neighborhood,Westerville,flu_season,0.5,IT50,24.33364195874595,26,7.0,0.2692307692307692,6.0,4.0,1.0,15.0,0.8571428571428571,0.4,0.6,0.21052631578947367,0.5454545454545454,0.7058823529411765,0.6466165413533834,0.5695364238410596,0.5895391343901129,0.8076923076923077,1.4285714285714286,0.18104598524636512,0.19674556213017758,0.07979634566509186,,,,,False
seasonal_naive,post_covid,seasonal_naive,2,neighborhood,Westerville,flu_season,0.9,IT90,36.408491039457616,26,2.0,0.07692307692307693,0.0,3.0,2.0,21.0,0.0,1.0,0.0,0.125,0.0,0.0,-0.125,-0.1016949152542373,-0.10425720702853737,0.8076923076923077,1.5,0.11915587386520757,0.07100591715976333,-0.6781118902683396,,,,,True
seasonal_naive,post_covid,seasonal_naive,2,neighborhood,Westerville,flu_season,0.98,IT98,47.11324141772458,26,0.0,0.0,0.0,1.0,0.0,25.0,,1.0,0.0,0.038461538461538464,0.0,0.0,,0.0,,0.9615384615384616,,0.03854764902767938,0.0,,,,,,True
seasonal_naive,post_covid,seasonal_naive,2,neighborhood,Worthington,overall,,bands,,53,,,,,,,,,,,,,,,,,,,,,0.7547169811320755,0.9433962264150944,0.46901669758812614,-0.16981132075471697,False
seasonal_naive,post_covid,seasonal_naive,2,neighborhood,Worthington,overall,0.5,IT50,13.721631551906164,53,16.0,0.3018867924528302,9.0,1.0,7.0,36.0,0.5625,0.1,0.9,0.02702702702702703,0.5294117647058824,0.6923076923076923,0.535472972972973,0.5992438563327032,0.628295835430739,0.8490566037735849,0.625,0.156318807765361,0.21075115699537203,0.25827781923496784,,,,,False
seasonal_naive,post_covid,seasonal_naive,2,neighborhood,Worthington,overall,0.9,IT90,22.978569674557114,53,5.0,0.09433962264150944,1.0,3.0,4.0,45.0,0.2,0.75,0.25,0.0625,0.125,0.2222222222222222,0.1375,0.15102974828375287,0.15215291717243423,0.8679245283018868,0.8,0.07988556986509407,0.08543965824136704,0.06500597603729485,,,,,False
seasonal_naive,post_covid,seasonal_naive,2,neighborhood,Worthington,overall,0.98,IT98,31.956357603850087,53,2.0,0.03773584905660377,0.0,0.0,2.0,51.0,0.0,,,0.0,0.0,0.0,0.0,0.0,,0.9622641509433962,0.0,0.04820539609803038,0.03631185475258099,-0.3275388003859543,,,,,True
seasonal_naive,post_covid,seasonal_naive,2,neighborhood,Worthington,flu_season,,bands,,26,,,,,,,,,,,,,,,,,,,,,0.5769230769230769,0.8846153846153846,0.3486973947895792,-0.2692307692307692,False
seasonal_naive,post_covid,seasonal_naive,2,neighborhood,Worthington,flu_season,0.5,IT50,13.721631551906164,26,14.0,0.5384615384615384,9.0,1.0,5.0,11.0,0.6428571428571429,0.1,0.9,0.08333333333333333,0.6,0.75,0.5595238095238095,0.5465116279069767,0.5733412928572633,0.7692307692307693,0.7142857142857143,0.22655873927321996,0.24852071005917165,0.08837078721013891,,,,,False
seasonal_naive,post_covid,seasonal_naive,2,neighborhood,Worthington,flu_season,0.9,IT90,22.978569674557114,26,5.0,0.19230769230769232,1.0,3.0,4.0,18.0,0.2,0.75,0.25,0.14285714285714285,0.125,0.2222222222222222,0.05714285714285716,0.061855670103092786,0.062418778393235924,0.7307692307692307,0.8,0.15424066082000254,0.15532544378698226,0.006983936054078987,,,,,False
seasonal_naive,post_covid,seasonal_naive,2,neighborhood,Worthington,flu_season,0.98,IT98,31.956357603850087,26,2.0,0.07692307692307693,0.0,0.0,2.0,24.0,0.0,,,0.0,0.0,0.0,0.0,0.0,,0.9230769230769231,0.0,0.09742008553058445,0.07100591715976333,-0.37199953788906415,,,,,True
xgboost,post_covid,xgboost,2,citywide,CITYWIDE,overall,,bands,,53,,,,,,,,,,,,,,,,,,,,,0.8867924528301887,1.0,0.5077399380804954,-0.03773584905660377,False
xgboost,post_covid,xgboost,2,citywide,CITYWIDE,overall,0.5,IT50,35.19412725226089,53,8.0,0.1509433962264151,4.0,2.0,4.0,43.0,0.5,0.3333333333333333,0.6666666666666666,0.044444444444444446,0.4,0.5714285714285714,0.45555555555555555,0.5077399380804953,0.5147164443890514,0.8867924528301887,0.75,0.07726721388837302,0.12815948736205057,0.39710110052100067,,,,,False
xgboost,post_covid,xgboost,2,citywide,CITYWIDE,overall,0.9,IT90,56.071415152332634,53,0.0,0.0,0.0,0.0,0.0,53.0,,,,0.0,,,,,,1.0,,0.0008910862242591678,0.0,,,,,,True
xgboost,post_covid,xgboost,2,citywide,CITYWIDE,overall,0.98,IT98,75.53173152268305,53,0.0,0.0,0.0,0.0,0.0,53.0,,,,0.0,,,,,,1.0,,5.138138767854683e-07,0.0,,,,,,True
xgboost,post_covid,xgboost,2,citywide,CITYWIDE,flu_season,,bands,,26,,,,,,,,,,,,,,,,,,,,,0.7692307692307693,1.0,0.4179104477611939,-0.07692307692307693,False
xgboost,post_covid,xgboost,2,citywide,CITYWIDE,flu_season,0.5,IT50,35.19412725226089,26,8.0,0.3076923076923077,4.0,2.0,4.0,16.0,0.5,0.3333333333333333,0.6666666666666666,0.1111111111111111,0.4,0.5714285714285714,0.3888888888888889,0.417910447761194,0.42600643361512924,0.7692307692307693,0.75,0.15749807277182165,0.2130177514792899,0.2606340472656149,,,,,False
xgboost,post_covid,xgboost,2,citywide,CITYWIDE,flu_season,0.9,IT90,56.071415152332634,26,0.0,0.0,0.0,0.0,0.0,26.0,,,,0.0,,,,,,1.0,,0.0018164449955820963,0.0,,,,,,True
xgboost,post_covid,xgboost,2,citywide,CITYWIDE,flu_season,0.98,IT98,75.53173152268305,26,0.0,0.0,0.0,0.0,0.0,26.0,,,,0.0,,,,,,1.0,,1.047389825754993e-06,0.0,,,,,,True
xgboost,post_covid,xgboost,2,pooled,ALL,overall,,bands,,901,,,,,,,,,,,,,,,,,,,,,0.8579356270810211,0.9800221975582686,0.27798759104397086,-0.05993340732519423,False
xgboost,post_covid,xgboost,2,pooled,ALL,overall,0.5,IT50,,901,118.0,0.1309655937846837,36.0,37.0,82.0,746.0,0.3050847457627119,0.5068493150684932,0.4931506849315068,0.04725415070242656,0.23225806451612904,0.3769633507853403,0.25783059506028533,0.30765257033636184,0.31877168432954917,0.8679245283018868,0.6186440677966102,0.08919601329065796,0.11381360702930893,0.21629745670314726,,,,,False
xgboost,post_covid,xgboost,2,pooled,ALL,overall,0.9,IT90,,901,17.0,0.018867924528301886,1.0,7.0,16.0,877.0,0.058823529411764705,0.875,0.125,0.007918552036199095,0.041666666666666664,0.08,0.05090497737556561,0.06875477463712758,0.07383123261044525,0.974472807991121,0.47058823529411764,0.021158906874493285,0.01851192595229619,-0.14298787327791618,,,,,False
xgboost,post_covid,xgboost,2,pooled,ALL,overall,0.98,IT98,,901,4.0,0.004439511653718091,0.0,4.0,4.0,893.0,0.0,1.0,0.0,0.004459308807134894,0.0,0.0,-0.004459308807134894,-0.004459308807134894,-0.004459308807134894,0.9911209766925638,1.0,0.006996096719556374,0.004419802389994593,-0.5828980805553465,,,,,True
xgboost,post_covid,xgboost,2,pooled,ALL,flu_season,,bands,,442,,,,,,,,,,,,,,,,,,,,,0.7194570135746606,0.9592760180995475,0.20824361734850794,-0.11312217194570136,False
xgboost,post_covid,xgboost,2,pooled,ALL,flu_season,0.5,IT50,,442,114.0,0.2579185520361991,36.0,37.0,78.0,291.0,0.3157894736842105,0.5068493150684932,0.4931506849315068,0.11280487804878049,0.23841059602649006,0.3850267379679144,0.20298459563543003,0.22996515679442509,0.23915409147579117,0.7398190045248869,0.6403508771929824,0.17091002786810633,0.19139657255174955,0.10703715542295877,,,,,False
xgboost,post_covid,xgboost,2,pooled,ALL,flu_season,0.9,IT90,,442,17.0,0.038461538461538464,1.0,7.0,16.0,418.0,0.058823529411764705,0.875,0.125,0.01647058823529412,0.041666666666666664,0.08,0.042352941176470586,0.056782334384858045,0.06109598099719176,0.9479638009049773,0.47058823529411764,0.043120664676730404,0.03698224852071006,-0.16598277285879015,,,,,False
xgboost,post_covid,xgboost,2,pooled,ALL,flu_season,0.98,IT98,,442,4.0,0.00904977375565611,0.0,4.0,4.0,434.0,0.0,1.0,0.0,0.0091324200913242,0.0,0.0,-0.0091324200913242,-0.0091324200913242,-0.0091324200913242,0.9819004524886877,1.0,0.014261268872087571,0.008967875350627548,-0.5902617191361392,,,,,True
xgboost,post_covid,xgboost,2,neighborhood,Agler/Cassidy,overall,,bands,,53,,,,,,,,,,,,,,,,,,,,,0.8679245283018868,1.0,0.2906309751434034,-0.018867924528301886,False
xgboost,post_covid,xgboost,2,neighborhood,Agler/Cassidy,overall,0.5,IT50,51.74083078339265,53,6.0,0.11320754716981132,2.0,3.0,4.0,44.0,0.3333333333333333,0.6,0.4,0.06382978723404255,0.2222222222222222,0.36363636363636365,0.2695035460992908,0.29063097514340347,0.29213488254248027,0.8679245283018868,0.8333333333333334,0.07558197651616783,0.10039159843360627,0.247128467964839,,,,,False
xgboost,post_covid,xgboost,2,neighborhood,Agler/Cassidy,overall,0.9,IT90,88.48740693700204,53,0.0,0.0,0.0,0.0,0.0,53.0,,,,0.0,,,,,,1.0,,0.000158995304841589,0.0,,,,,,True
xgboost,post_covid,xgboost,2,neighborhood,Agler/Cassidy,overall,0.98,IT98,124.72586226376617,53,0.0,0.0,0.0,0.0,0.0,53.0,,,,0.0,,,,,,1.0,,4.4533112386859104e-10,0.0,,,,,,True
xgboost,post_covid,xgboost,2,neighborhood,Agler/Cassidy,flu_season,,bands,,26,,,,,,,,,,,,,,,,,,,,,0.7307692307692307,1.0,0.19469026548672563,-0.038461538461538464,False
xgboost,post_covid,xgboost,2,neighborhood,Agler/Cassidy,flu_season,0.5,IT50,51.74083078339265,26,6.0,0.23076923076923078,2.0,3.0,4.0,17.0,0.3333333333333333,0.6,0.4,0.15,0.2222222222222222,0.36363636363636365,0.18333333333333332,0.19469026548672566,0.19599157740244455,0.7307692307692307,0.8333333333333334,0.15406992826314256,0.17751479289940827,0.1320727374509636,,,,,False
xgboost,post_covid,xgboost,2,neighborhood,Agler/Cassidy,flu_season,0.9,IT90,88.48740693700204,26,0.0,0.0,0.0,0.0,0.0,26.0,,,,0.0,,,,,,1.0,,0.0003241058137155468,0.0,,,,,,True
xgboost,post_covid,xgboost,2,neighborhood,Agler/Cassidy,flu_season,0.98,IT98,124.72586226376617,26,0.0,0.0,0.0,0.0,0.0,26.0,,,,0.0,,,,,,1.0,,9.077903678859742e-10,0.0,,,,,,True
xgboost,post_covid,xgboost,2,neighborhood,Bexley,overall,,bands,,53,,,,,,,,,,,,,,,,,,,,,0.8490566037735849,0.9622641509433962,0.05799812909260982,-0.16981132075471697,False
xgboost,post_covid,xgboost,2,neighborhood,Bexley,overall,0.5,IT50,24.605454693531783,53,8.0,0.1509433962264151,1.0,1.0,7.0,44.0,0.125,0.5,0.5,0.022222222222222223,0.1111111111111111,0.2,0.10277777777777777,0.14859437751004015,0.19308582308458774,0.8490566037735849,0.25,0.10633252013937285,0.12815948736205057,0.17031097480139368,,,,,False
xgboost,post_covid,xgboost,2,neighborhood,Bexley,overall,0.9,IT90,37.5430295506582,53,2.0,0.03773584905660377,0.0,0.0,2.0,51.0,0.0,,,0.0,0.0,0.0,0.0,0.0,,0.9622641509433962,0.0,0.0387481141684895,0.03631185475258099,-0.06709267352242176,,,,,True
xgboost,post_covid,xgboost,2,neighborhood,Bexley,overall,0.98,IT98,49.19357270883574,53,1.0,0.018867924528301886,0.0,0.0,1.0,52.0,0.0,,,0.0,0.0,0.0,0.0,0.0,,0.9811320754716981,0.0,0.01890244068965758,0.018511925952296185,-0.021095305716310797,,,,,True
xgboost,post_covid,xgboost,2,neighborhood,Bexley,flu_season,,bands,,26,,,,,,,,,,,,,,,,,,,,,0.7307692307692307,0.9230769230769231,0.02499999999999991,-0.3076923076923077,False
xgboost,post_covid,xgboost,2,neighborhood,Bexley,flu_season,0.5,IT50,24.605454693531783,26,7.0,0.2692307692307692,1.0,1.0,6.0,18.0,0.14285714285714285,0.5,0.5,0.05263157894736842,0.125,0.2222222222222222,0.09022556390977443,0.11650485436893204,0.15018785229652767,0.7307692307692307,0.2857142857142857,0.17829372378850097,0.19674556213017758,0.09378528360130356,,,,,False
xgboost,post_covid,xgboost,2,neighborhood,Bexley,flu_season,0.9,IT90,37.5430295506582,26,2.0,0.07692307692307693,0.0,0.0,2.0,24.0,0.0,,,0.0,0.0,0.0,0.0,0.0,,0.9230769230769231,0.0,0.07898654041967168,0.07100591715976333,-0.1123937775770425,,,,,True
xgboost,post_covid,xgboost,2,neighborhood,Bexley,flu_season,0.98,IT98,49.19357270883574,26,1.0,0.038461538461538464,0.0,0.0,1.0,25.0,0.0,,,0.0,0.0,0.0,0.0,0.0,,0.9615384615384616,0.0,0.03853189832891738,0.036982248520710054,-0.04190253081392625,,,,,True
xgboost,post_covid,xgboost,2,neighborhood,Clintonville/Near North,overall,,bands,,53,,,,,,,,,,,,,,,,,,,,,0.8113207547169812,0.9056603773584906,0.48576972833117726,0.0,False
xgboost,post_covid,xgboost,2,neighborhood,Clintonville/Near North,overall,0.5,IT50,15.728895715230147,53,11.0,0.20754716981132076,7.0,1.0,4.0,41.0,0.6363636363636364,0.125,0.875,0.023809523809523808,0.5833333333333334,0.7368421052631579,0.6125541125541125,0.681107099879663,0.6939276576384559,0.9056603773584906,0.7272727272727273,0.07252270550619452,0.1644713421146316,0.5590556715002157,,,,,False
xgboost,post_covid,xgboost,2,neighborhood,Clintonville/Near North,overall,0.9,IT90,22.099499115677975,53,4.0,0.07547169811320754,1.0,3.0,3.0,46.0,0.25,0.75,0.25,0.061224489795918366,0.14285714285714285,0.25,0.18877551020408162,0.18877551020408162,0.18877551020408162,0.8867924528301887,1.0,0.08075503443125155,0.06977572089711641,-0.15735148835400836,,,,,True
xgboost,post_covid,xgboost,2,neighborhood,Clintonville/Near North,overall,0.98,IT98,27.469599865392972,53,1.0,0.018867924528301886,0.0,4.0,1.0,48.0,0.0,1.0,0.0,0.07692307692307693,0.0,0.0,-0.07692307692307693,-0.0311284046692607,-0.03962144258751637,0.9056603773584906,4.0,0.05340726626128419,0.018511925952296185,-1.8850194409220644,,,,,True
xgboost,post_covid,xgboost,2,neighborhood,Clintonville/Near North,flu_season,,bands,,26,,,,,,,,,,,,,,,,,,,,,0.6153846153846154,0.8076923076923077,0.37898089171974525,0.0,False
xgboost,post_covid,xgboost,2,neighborhood,Clintonville/Near North,flu_season,0.5,IT50,15.728895715230147,26,11.0,0.4230769230769231,7.0,1.0,4.0,14.0,0.6363636363636364,0.125,0.875,0.06666666666666667,0.5833333333333334,0.7368421052631579,0.5696969696969697,0.5911949685534591,0.6098241729265264,0.8076923076923077,0.7272727272727273,0.14685444462355626,0.24408284023668633,0.3983417905119754,,,,,False
xgboost,post_covid,xgboost,2,neighborhood,Clintonville/Near North,flu_season,0.9,IT90,22.099499115677975,26,4.0,0.15384615384615385,1.0,3.0,3.0,19.0,0.25,0.75,0.25,0.13636363636363635,0.14285714285714285,0.25,0.11363636363636365,0.11363636363636363,0.11363636363636363,0.7692307692307693,1.0,0.16461113850436765,0.13017751479289943,-0.26451283669264214,,,,,True
xgboost,post_covid,xgboost,2,neighborhood,Clintonville/Near North,flu_season,0.98,IT98,27.469599865392972,26,1.0,0.038461538461538464,0.0,4.0,1.0,21.0,0.0,1.0,0.0,0.16,0.0,0.0,-0.16,-0.06557377049180328,-0.08528028654224416,0.8076923076923077,4.0,0.1088686444249364,0.036982248520710054,-1.943808145250281,,,,,True
xgboost,post_covid,xgboost,2,neighborhood,Dublin,overall,,bands,,53,,,,,,,,,,,,,,,,,,,,,0.7735849056603774,0.9622641509433962,0.1901528013582343,0.0,False
xgboost,post_covid,xgboost,2,neighborhood,Dublin,overall,0.5,IT50,8.038849454818003,53,9.0,0.16981132075471697,3.0,5.0,6.0,39.0,0.3333333333333333,0.625,0.375,0.11363636363636363,0.21428571428571427,0.35294117647058826,0.21969696969696967,0.22985468956406868,0.2304201257343515,0.7924528301886793,0.8888888888888888,0.1362403074135838,0.14097543609825564,0.033588324432432204,,,,,False
xgboost,post_covid,xgboost,2,neighborhood,Dublin,overall,0.9,IT90,14.1626396504559,53,1.0,0.018867924528301886,0.0,2.0,1.0,50.0,0.0,1.0,0.0,0.038461538461538464,0.0,0.0,-0.038461538461538464,-0.025806451612903226,-0.027461751819054487,0.9433962264150944,2.0,0.04576899229217845,0.018511925952296185,-1.472405756706333,,,,,True
xgboost,post_covid,xgboost,2,neighborhood,Dublin,overall,0.98,IT98,20.345693253667104,53,0.0,0.0,0.0,0.0,0.0,53.0,,,,0.0,,,,,,1.0,,0.00642363687970753,0.0,,,,,,True
xgboost,post_covid,xgboost,2,neighborhood,Dublin,flu_season,,bands,,26,,,,,,,,,,,,,,,,,,,,,0.5769230769230769,0.9230769230769231,0.05957446808510625,0.038461538461538464,False
xgboost,post_covid,xgboost,2,neighborhood,Dublin,flu_season,0.5,IT50,8.038849454818003,26,8.0,0.3076923076923077,3.0,5.0,5.0,13.0,0.375,0.625,0.375,0.2777777777777778,0.23076923076923078,0.375,0.09722222222222221,0.09722222222222222,0.09722222222222222,0.6153846153846154,1.0,0.2294191973866522,0.21301775147928986,-0.07699567662067319,,,,,False
xgboost,post_covid,xgboost,2,neighborhood,Dublin,flu_season,0.9,IT90,14.1626396504559,26,1.0,0.038461538461538464,0.0,2.0,1.0,23.0,0.0,1.0,0.0,0.08,0.0,0.0,-0.08,-0.05405405405405406,-0.05773502691896257,0.8846153846153846,2.0,0.09316684294730095,0.036982248520710054,-1.519231433295018,,,,,True
xgboost,post_covid,xgboost,2,neighborhood,Dublin,flu_season,0.98,IT98,20.345693253667104,26,0.0,0.0,0.0,0.0,0.0,26.0,,,,0.0,,,,,,1.0,,0.013094266602721644,0.0,,,,,,True
xgboost,post_covid,xgboost,2,neighborhood,Eastside,overall,,bands,,53,,,,,,,,,,,,,,,,,,,,,0.8867924528301887,0.9811320754716981,0.3291139240506329,-0.018867924528301886,False
xgboost,post_covid,xgboost,2,neighborhood,Eastside,overall,0.5,IT50,53.89825474693718,53,6.0,0.11320754716981132,3.0,3.0,3.0,44.0,0.5,0.5,0.5,0.06382978723404255,0.3333333333333333,0.5,0.43617021276595747,0.43617021276595747,0.43617021276595747,0.8867924528301887,1.0,0.08485754628489371,0.10039159843360627,0.15473458328274325,,,,,False
xgboost,post_covid,xgboost,2,neighborhood,Eastside,overall,0.9,IT90,89.53274062296502,53,1.0,0.018867924528301886,0.0,0.0,1.0,52.0,0.0,,,0.0,0.0,0.0,0.0,0.0,,0.9811320754716981,0.0,0.019661596111017123,0.018511925952296185,-0.062104297612444626,,,,,True
xgboost,post_covid,xgboost,2,neighborhood,Eastside,overall,0.98,IT98,123.87134674281285,53,0.0,0.0,0.0,0.0,0.0,53.0,,,,0.0,,,,,,1.0,,3.921424275066446e-08,0.0,,,,,,True
xgboost,post_covid,xgboost,2,neighborhood,Eastside,flu_season,,bands,,26,,,,,,,,,,,,,,,,,,,,,0.7692307692307693,0.9615384615384616,0.23529411764705888,-0.038461538461538464,False
xgboost,post_covid,xgboost,2,neighborhood,Eastside,flu_season,0.5,IT50,53.89825474693718,26,6.0,0.23076923076923078,3.0,3.0,3.0,17.0,0.5,0.5,0.5,0.15,0.3333333333333333,0.5,0.35,0.35,0.35,0.7692307692307693,1.0,0.17297883757751617,0.17751479289940827,0.02555254831332554,,,,,False
xgboost,post_covid,xgboost,2,neighborhood,Eastside,flu_season,0.9,IT90,89.53274062296502,26,1.0,0.038461538461538464,0.0,0.0,1.0,25.0,0.0,,,0.0,0.0,0.0,0.0,0.0,,0.9615384615384616,0.0,0.040079407457073356,0.036982248520710054,-0.08374717763926376,,,,,True
xgboost,post_covid,xgboost,2,neighborhood,Eastside,flu_season,0.98,IT98,123.87134674281285,26,0.0,0.0,0.0,0.0,0.0,26.0,,,,0.0,,,,,,1.0,,7.993672560712371e-08,0.0,,,,,,True
xgboost,post_covid,xgboost,2,neighborhood,Far East,overall,,bands,,53,,,,,,,,,,,,,,,,,,,,,0.9056603773584906,0.9811320754716981,0.27891156462585054,-0.03773584905660377,False
xgboost,post_covid,xgboost,2,neighborhood,Far East,overall,0.5,IT50,76.01095931639992,53,5.0,0.09433962264150944,2.0,2.0,3.0,46.0,0.4,0.5,0.5,0.041666666666666664,0.2857142857142857,0.4444444444444444,0.35833333333333334,0.39359267734553777,0.3965197235402832,0.9056603773584906,0.8,0.04902428430513679,0.08543965824136704,0.42621160577862816,,,,,False
xgboost,post_covid,xgboost,2,neighborhood,Far East,overall,0.9,IT90,119.58175049878095,53,1.0,0.018867924528301886,0.0,0.0,1.0,52.0,0.0,,,0.0,0.0,0.0,0.0,0.0,,0.9811320754716981,0.0,0.019170516386228933,0.018511925952296185,-0.035576548633020844,,,,,True
xgboost,post_covid,xgboost,2,neighborhood,Far East,overall,0.98,IT98,159.7885780471188,53,0.0,0.0,0.0,0.0,0.0,53.0,,,,0.0,,,,,,1.0,,5.525721769268052e-09,0.0,,,,,,True
xgboost,post_covid,xgboost,2,neighborhood,Far East,flu_season,,bands,,26,,,,,,,,,,,,,,,,,,,,,0.8076923076923077,0.9615384615384616,0.21212121212121204,-0.07692307692307693,False
xgboost,post_covid,xgboost,2,neighborhood,Far East,flu_season,0.5,IT50,76.01095931639992,26,5.0,0.19230769230769232,2.0,2.0,3.0,19.0,0.4,0.5,0.5,0.09523809523809523,0.2857142857142857,0.4444444444444444,0.3047619047619048,0.32989690721649484,0.3329001514305916,0.8076923076923077,0.8,0.09993408483019951,0.15532544378698226,0.356614844331287,,,,,False
xgboost,post_covid,xgboost,2,neighborhood,Far East,flu_season,0.9,IT90,119.58175049878095,26,1.0,0.038461538461538464,0.0,0.0,1.0,25.0,0.0,,,0.0,0.0,0.0,0.0,0.0,,0.9615384615384616,0.0,0.03907836032577436,0.036982248520710054,-0.05667886320893878,,,,,True
xgboost,post_covid,xgboost,2,neighborhood,Far East,flu_season,0.98,IT98,159.7885780471188,26,0.0,0.0,0.0,0.0,0.0,26.0,,,,0.0,,,,,,1.0,,1.1263971298892569e-08,0.0,,,,,,True
xgboost,post_covid,xgboost,2,neighborhood,Far South,overall,,bands,,53,,,,,,,,,,,,,,,,,,,,,0.8301886792452831,1.0,-0.062360801781737196,-0.09433962264150944,False
xgboost,post_covid,xgboost,2,neighborhood,Far South,overall,0.5,IT50,69.7066330370401,53,7.0,0.1320754716981132,0.0,2.0,7.0,44.0,0.0,1.0,0.0,0.043478260869565216,0.0,0.0,-0.043478260869565216,-0.062360801781737196,-0.07725027141102857,0.8301886792452831,0.2857142857142857,0.10052734892021487,0.11463154147383411,0.12303936920222502,,,,,False
xgboost,post_covid,xgboost,2,neighborhood,Far South,overall,0.9,IT90,121.95949130896,53,0.0,0.0,0.0,0.0,0.0,53.0,,,,0.0,,,,,,1.0,,1.966267910682217e-06,0.0,,,,,,True
xgboost,post_covid,xgboost,2,neighborhood,Far South,overall,0.98,IT98,174.42921640712913,53,0.0,0.0,0.0,0.0,0.0,53.0,,,,0.0,,,,,,1.0,,1.7229630414066737e-16,0.0,,,,,,True
xgboost,post_covid,xgboost,2,neighborhood,Far South,flu_season,,bands,,26,,,,,,,,,,,,,,,,,,,,,0.6538461538461539,1.0,-0.13592233009708754,-0.19230769230769232,False
xgboost,post_covid,xgboost,2,neighborhood,Far South,flu_season,0.5,IT50,69.7066330370401,26,7.0,0.2692307692307692,0.0,2.0,7.0,17.0,0.0,1.0,0.0,0.10526315789473684,0.0,0.0,-0.10526315789473684,-0.13592233009708737,-0.17521916101261562,0.6538461538461539,0.2857142857142857,0.20492113423218777,0.19674556213017758,-0.04155403564630755,,,,,False
xgboost,post_covid,xgboost,2,neighborhood,Far South,flu_season,0.9,IT90,121.95949130896,26,0.0,0.0,0.0,0.0,0.0,26.0,,,,0.0,,,,,,1.0,,4.0081615102368265e-06,0.0,,,,,,True
xgboost,post_covid,xgboost,2,neighborhood,Far South,flu_season,0.98,IT98,174.42921640712913,26,0.0,0.0,0.0,0.0,0.0,26.0,,,,0.0,,,,,,1.0,,3.5121938920982197e-16,0.0,,,,,,True
xgboost,post_covid,xgboost,2,neighborhood,Far Southeast,overall,,bands,,53,,,,,,,,,,,,,,,,,,,,,0.8867924528301887,1.0,0.19289340101522856,-0.03773584905660377,False
xgboost,post_covid,xgboost,2,neighborhood,Far Southeast,overall,0.5,IT50,10.956265259525463,53,5.0,0.09433962264150944,1.0,2.0,4.0,46.0,0.2,0.6666666666666666,0.3333333333333333,0.041666666666666664,0.14285714285714285,0.25,0.15833333333333335,0.19289340101522842,0.20027758514399738,0.8867924528301887,0.6,0.08646017544146403,0.08543965824136704,-0.01194430339613528,,,,,False
xgboost,post_covid,xgboost,2,neighborhood,Far Southeast,overall,0.9,IT90,18.40391015194404,53,0.0,0.0,0.0,0.0,0.0,53.0,,,,0.0,,,,,,1.0,,0.009085545488755611,0.0,,,,,,True
xgboost,post_covid,xgboost,2,neighborhood,Far Southeast,overall,0.98,IT98,25.644566505740826,53,0.0,0.0,0.0,0.0,0.0,53.0,,,,0.0,,,,,,1.0,,0.001132400779672544,0.0,,,,,,True
xgboost,post_covid,xgboost,2,neighborhood,Far Southeast,flu_season,,bands,,26,,,,,,,,,,,,,,,,,,,,,0.7692307692307693,1.0,0.12359550561797739,-0.07692307692307693,False
xgboost,post_covid,xgboost,2,neighborhood,Far Southeast,flu_season,0.5,IT50,10.956265259525463,26,5.0,0.19230769230769232,1.0,2.0,4.0,19.0,0.2,0.6666666666666666,0.3333333333333333,0.09523809523809523,0.14285714285714285,0.25,0.10476190476190478,0.12359550561797752,0.12923301908921092,0.7692307692307693,0.6,0.16745381025370742,0.15532544378698226,-0.07808357839529712,,,,,False
xgboost,post_covid,xgboost,2,neighborhood,Far Southeast,flu_season,0.9,IT90,18.40391015194404,26,0.0,0.0,0.0,0.0,0.0,26.0,,,,0.0,,,,,,1.0,,0.01850632477649335,0.0,,,,,,True
xgboost,post_covid,xgboost,2,neighborhood,Far Southeast,flu_season,0.98,IT98,25.644566505740826,26,0.0,0.0,0.0,0.0,0.0,26.0,,,,0.0,,,,,,1.0,,0.002308353904481819,0.0,,,,,,True
xgboost,post_covid,xgboost,2,neighborhood,Far Southwest,overall,,bands,,53,,,,,,,,,,,,,,,,,,,,,0.9056603773584906,1.0,0.0,-0.09433962264150944,False
xgboost,post_covid,xgboost,2,neighborhood,Far Southwest,overall,0.5,IT50,34.041053932580134,53,5.0,0.09433962264150944,0.0,0.0,5.0,48.0,0.0,,,0.0,0.0,0.0,0.0,0.0,,0.9056603773584906,0.0,0.04965496860674357,0.08543965824136704,0.41882997159857216,,,,,False
xgboost,post_covid,xgboost,2,neighborhood,Far Southwest,overall,0.9,IT90,54.68112356483704,53,0.0,0.0,0.0,0.0,0.0,53.0,,,,0.0,,,,,,1.0,,9.546239506825163e-05,0.0,,,,,,True
xgboost,post_covid,xgboost,2,neighborhood,Far Southwest,overall,0.98,IT98,74.04650918881951,53,0.0,0.0,0.0,0.0,0.0,53.0,,,,0.0,,,,,,1.0,,4.925315503761574e-09,0.0,,,,,,True
xgboost,post_covid,xgboost,2,neighborhood,Far Southwest,flu_season,,bands,,26,,,,,,,,,,,,,,,,,,,,,0.8076923076923077,1.0,0.0,-0.19230769230769232,False
xgboost,post_covid,xgboost,2,neighborhood,Far Southwest,flu_season,0.5,IT50,34.041053932580134,26,5.0,0.19230769230769232,0.0,0.0,5.0,21.0,0.0,,,0.0,0.0,0.0,0.0,0.0,,0.8076923076923077,0.0,0.10121298818826162,0.15532544378698226,0.34838114271176335,,,,,False
xgboost,post_covid,xgboost,2,neighborhood,Far Southwest,flu_season,0.9,IT90,54.68112356483704,26,0.0,0.0,0.0,0.0,0.0,26.0,,,,0.0,,,,,,1.0,,0.00019459642070491796,0.0,,,,,,True
xgboost,post_covid,xgboost,2,neighborhood,Far Southwest,flu_season,0.98,IT98,74.04650918881951,26,0.0,0.0,0.0,0.0,0.0,26.0,,,,0.0,,,,,,1.0,,1.0040066219206284e-08,0.0,,,,,,True
xgboost,post_covid,xgboost,2,neighborhood,Hilliard,overall,,bands,,53,,,,,,,,,,,,,,,,,,,,,0.8867924528301887,1.0,0.44405594405594406,-0.07547169811320754,False
xgboost,post_covid,xgboost,2,neighborhood,Hilliard,overall,0.5,IT50,19.24134804712757,53,8.0,0.1509433962264151,3.0,1.0,5.0,44.0,0.375,0.25,0.75,0.022222222222222223,0.3333333333333333,0.5,0.3527777777777778,0.44405594405594406,0.4781062652873621,0.8867924528301887,0.5,0.07498981513574905,0.12815948736205057,0.4148711368991137,,,,,False
xgboost,post_covid,xgboost,2,neighborhood,Hilliard,overall,0.9,IT90,34.52709434950146,53,0.0,0.0,0.0,0.0,0.0,53.0,,,,0.0,,,,,,1.0,,0.0012557930234900344,0.0,,,,,,True
xgboost,post_covid,xgboost,2,neighborhood,Hilliard,overall,0.98,IT98,50.186768532537315,53,0.0,0.0,0.0,0.0,0.0,53.0,,,,0.0,,,,,,1.0,,3.5899057849312314e-06,0.0,,,,,,True
xgboost,post_covid,xgboost,2,neighborhood,Hilliard,flu_season,,bands,,26,,,,,,,,,,,,,,,,,,,,,0.7692307692307693,1.0,0.3709677419354839,-0.15384615384615385,False
xgboost,post_covid,xgboost,2,neighborhood,Hilliard,flu_season,0.5,IT50,19.24134804712757,26,8.0,0.3076923076923077,3.0,1.0,5.0,17.0,0.375,0.25,0.75,0.05555555555555555,0.3333333333333333,0.5,0.3194444444444444,0.3709677419354839,0.40863470634825333,0.7692307692307693,0.5,0.1528233328801234,0.21301775147928986,0.28257935397942047,,,,,False
xgboost,post_covid,xgboost,2,neighborhood,Hilliard,flu_season,0.9,IT90,34.52709434950146,26,0.0,0.0,0.0,0.0,0.0,26.0,,,,0.0,,,,,,1.0,,0.0025598857783893352,0.0,,,,,,True
xgboost,post_covid,xgboost,2,neighborhood,Hilliard,flu_season,0.98,IT98,50.186768532537315,26,0.0,0.0,0.0,0.0,0.0,26.0,,,,0.0,,,,,,1.0,,7.317884869282896e-06,0.0,,,,,,True
xgboost,post_covid,xgboost,2,neighborhood,Linden,overall,,bands,,53,,,,,,,,,,,,,,,,,,,,,0.8113207547169812,1.0,-0.08606557377049162,-0.07547169811320754,False
xgboost,post_covid,xgboost,2,neighborhood,Linden,overall,0.5,IT50,53.62727596624066,53,7.0,0.1320754716981132,0.0,3.0,7.0,43.0,0.0,1.0,0.0,0.06521739130434782,0.0,0.0,-0.06521739130434782,-0.0860655737704918,-0.09555330859059091,0.8113207547169812,0.42857142857142855,0.13481599331914815,0.1146315414738341,-0.176081134265488,,,,,False
xgboost,post_covid,xgboost,2,neighborhood,Linden,overall,0.9,IT90,82.61523156370409,53,0.0,0.0,0.0,0.0,0.0,53.0,,,,0.0,,,,,,1.0,,0.0011170762895342436,0.0,,,,,,True
xgboost,post_covid,xgboost,2,neighborhood,Linden,overall,0.98,IT98,108.92078323683364,53,0.0,0.0,0.0,0.0,0.0,53.0,,,,0.0,,,,,,1.0,,1.0045459466551684e-06,0.0,,,,,,True
xgboost,post_covid,xgboost,2,neighborhood,Linden,flu_season,,bands,,26,,,,,,,,,,,,,,,,,,,,,0.6153846153846154,1.0,-0.19266055045871577,-0.15384615384615385,False
xgboost,post_covid,xgboost,2,neighborhood,Linden,flu_season,0.5,IT50,53.62727596624066,26,7.0,0.2692307692307692,0.0,3.0,7.0,16.0,0.0,1.0,0.0,0.15789473684210525,0.0,0.0,-0.15789473684210525,-0.1926605504587156,-0.2192143241407067,0.6153846153846154,0.42857142857142855,0.2748163861315784,0.19674556213017758,-0.39681110545072884,,,,,False
xgboost,post_covid,xgboost,2,neighborhood,Linden,flu_season,0.9,IT90,82.61523156370409,26,0.0,0.0,0.0,0.0,0.0,26.0,,,,0.0,,,,,,1.0,,0.0022771170517427914,0.0,,,,,,True
xgboost,post_covid,xgboost,2,neighborhood,Linden,flu_season,0.98,IT98,108.92078323683364,26,0.0,0.0,0.0,0.0,0.0,26.0,,,,0.0,,,,,,1.0,,2.047728275873997e-06,0.0,,,,,,True
xgboost,post_covid,xgboost,2,neighborhood,NE Suburban,overall,,bands,,53,,,,,,,,,,,,,,,,,,,,,0.9056603773584906,0.9811320754716981,0.27891156462585054,-0.03773584905660377,False
xgboost,post_covid,xgboost,2,neighborhood,NE Suburban,overall,0.5,IT50,27.312493683860776,53,5.0,0.09433962264150944,2.0,2.0,3.0,46.0,0.4,0.5,0.5,0.041666666666666664,0.2857142857142857,0.4444444444444444,0.35833333333333334,0.39359267734553777,0.3965197235402832,0.9056603773584906,0.8,0.06766968340349214,0.08543965824136704,0.2079827471649608,,,,,False
xgboost,post_covid,xgboost,2,neighborhood,NE Suburban,overall,0.9,IT90,41.22759712033061,53,1.0,0.018867924528301886,0.0,0.0,1.0,52.0,0.0,,,0.0,0.0,0.0,0.0,0.0,,0.9811320754716981,0.0,0.021140303773874613,0.018511925952296185,-0.14198294809257317,,,,,True
xgboost,post_covid,xgboost,2,neighborhood,NE Suburban,overall,0.98,IT98,53.6511443833241,53,0.0,0.0,0.0,0.0,0.0,53.0,,,,0.0,,,,,,1.0,,3.9565831717918216e-05,0.0,,,,,,True
xgboost,post_covid,xgboost,2,neighborhood,NE Suburban,flu_season,,bands,,26,,,,,,,,,,,,,,,,,,,,,0.8076923076923077,0.9615384615384616,0.21212121212121204,-0.07692307692307693,False
xgboost,post_covid,xgboost,2,neighborhood,NE Suburban,flu_season,0.5,IT50,27.312493683860776,26,5.0,0.19230769230769232,2.0,2.0,3.0,19.0,0.4,0.5,0.5,0.09523809523809523,0.2857142857142857,0.4444444444444444,0.3047619047619048,0.32989690721649484,0.3329001514305916,0.8076923076923077,0.8,0.13787010678043793,0.15532544378698226,0.11237912206118061,,,,,False
xgboost,post_covid,xgboost,2,neighborhood,NE Suburban,flu_season,0.9,IT90,41.22759712033061,26,1.0,0.038461538461538464,0.0,0.0,1.0,25.0,0.0,,,0.0,0.0,0.0,0.0,0.0,,0.9615384615384616,0.0,0.04309369575638279,0.036982248520710054,-0.16525353325259085,,,,,True
xgboost,post_covid,xgboost,2,neighborhood,NE Suburban,flu_season,0.98,IT98,53.6511443833241,26,0.0,0.0,0.0,0.0,0.0,26.0,,,,0.0,,,,,,1.0,,8.065342619416979e-05,0.0,,,,,,True
xgboost,post_covid,xgboost,2,neighborhood,Northland,overall,,bands,,53,,,,,,,,,,,,,,,,,,,,,0.8490566037735849,1.0,-0.07614213197969533,-0.03773584905660377,False
xgboost,post_covid,xgboost,2,neighborhood,Northland,overall,0.5,IT50,56.127661353876796,53,5.0,0.09433962264150944,0.0,3.0,5.0,45.0,0.0,1.0,0.0,0.0625,0.0,0.0,-0.0625,-0.07614213197969544,-0.07905694150420949,0.8490566037735849,0.6,0.09773967842063214,0.08543965824136704,-0.14396148618148197,,,,,False
xgboost,post_covid,xgboost,2,neighborhood,Northland,overall,0.9,IT90,89.91407794411414,53,0.0,0.0,0.0,0.0,0.0,53.0,,,,0.0,,,,,,1.0,,0.00014793088409193237,0.0,,,,,,True
xgboost,post_covid,xgboost,2,neighborhood,Northland,overall,0.98,IT98,121.54516325409915,53,0.0,0.0,0.0,0.0,0.0,53.0,,,,0.0,,,,,,1.0,,3.792487454471038e-09,0.0,,,,,,True
xgboost,post_covid,xgboost,2,neighborhood,Northland,flu_season,,bands,,26,,,,,,,,,,,,,,,,,,,,,0.6923076923076923,1.0,-0.16853932584269682,-0.07692307692307693,False
xgboost,post_covid,xgboost,2,neighborhood,Northland,flu_season,0.5,IT50,56.127661353876796,26,5.0,0.19230769230769232,0.0,3.0,5.0,18.0,0.0,1.0,0.0,0.14285714285714285,0.0,0.0,-0.14285714285714285,-0.16853932584269662,-0.17622684421256035,0.6923076923076923,0.6,0.19922865478980786,0.15532544378698226,-0.2826530536943819,,,,,False
xgboost,post_covid,xgboost,2,neighborhood,Northland,flu_season,0.9,IT90,89.91407794411414,26,0.0,0.0,0.0,0.0,0.0,26.0,,,,0.0,,,,,,1.0,,0.00030155141757141007,0.0,,,,,,True
xgboost,post_covid,xgboost,2,neighborhood,Northland,flu_season,0.98,IT98,121.54516325409915,26,0.0,0.0,0.0,0.0,0.0,26.0,,,,0.0,,,,,,1.0,,7.730839811037117e-09,0.0,,,,,,True
xgboost,post_covid,xgboost,2,neighborhood,UA/Grandview,overall,,bands,,53,,,,,,,,,,,,,,,,,,,,,0.8301886792452831,0.9622641509433962,0.03166869671132777,0.05660377358490566,False
xgboost,post_covid,xgboost,2,neighborhood,UA/Grandview,overall,0.5,IT50,8.143164584776198,53,5.0,0.09433962264150944,1.0,5.0,4.0,43.0,0.2,0.8333333333333334,0.16666666666666666,0.10416666666666667,0.1,0.18181818181818182,0.09583333333333334,0.08795411089866156,0.08840924076943482,0.8301886792452831,1.2,0.13248063978976854,0.08543965824136704,-0.5505754882060825,,,,,False
xgboost,post_covid,xgboost,2,neighborhood,UA/Grandview,overall,0.9,IT90,16.706142473783938,53,0.0,0.0,0.0,2.0,0.0,51.0,,1.0,0.0,0.03773584905660377,0.0,0.0,,0.0,,0.9622641509433962,,0.014856407926898466,0.0,,,,,,True
xgboost,post_covid,xgboost,2,neighborhood,UA/Grandview,overall,0.98,IT98,26.455007113900507,53,0.0,0.0,0.0,0.0,0.0,53.0,,,,0.0,,,,,,1.0,,0.0009626620480874014,0.0,,,,,,True
xgboost,post_covid,xgboost,2,neighborhood,UA/Grandview,flu_season,,bands,,26,,,,,,,,,,,,,,,,,,,,,0.6538461538461539,0.9230769230769231,-0.07734806629834234,0.11538461538461539,False
xgboost,post_covid,xgboost,2,neighborhood,UA/Grandview,flu_season,0.5,IT50,8.143164584776198,26,5.0,0.19230769230769232,1.0,5.0,4.0,16.0,0.2,0.8333333333333334,0.16666666666666666,0.23809523809523808,0.1,0.18181818181818182,-0.03809523809523807,-0.035398230088495575,-0.035634832254989916,0.6538461538461539,1.2,0.24998897744971355,0.15532544378698226,-0.6094528452952985,,,,,False
xgboost,post_covid,xgboost,2,neighborhood,UA/Grandview,flu_season,0.9,IT90,16.706142473783938,26,0.0,0.0,0.0,2.0,0.0,24.0,,1.0,0.0,0.07692307692307693,0.0,0.0,,0.0,,0.9230769230769231,,0.03027457917765807,0.0,,,,,,True
xgboost,post_covid,xgboost,2,neighborhood,UA/Grandview,flu_season,0.98,IT98,26.455007113900507,26,0.0,0.0,0.0,0.0,0.0,26.0,,,,0.0,,,,,,1.0,,0.0019623495420210925,0.0,,,,,,True
xgboost,post_covid,xgboost,2,neighborhood,West,overall,,bands,,53,,,,,,,,,,,,,,,,,,,,,0.9056603773584906,1.0,-0.04743083003952542,-0.018867924528301886,False
xgboost,post_covid,xgboost,2,neighborhood,West,overall,0.5,IT50,73.15037971354549,53,3.0,0.05660377358490566,0.0,2.0,3.0,48.0,0.0,1.0,0.0,0.04,0.0,0.0,-0.04,-0.04743083003952569,-0.048507125007266595,0.9056603773584906,0.6666666666666666,0.05290001135189754,0.05339978640085441,0.009359120750132233,,,,,True
xgboost,post_covid,xgboost,2,neighborhood,West,overall,0.9,IT90,114.1022318647041,53,0.0,0.0,0.0,0.0,0.0,53.0,,,,0.0,,,,,,1.0,,9.737770703003807e-06,0.0,,,,,,True
xgboost,post_covid,xgboost,2,neighborhood,West,overall,0.98,IT98,151.63555393306305,53,0.0,0.0,0.0,0.0,0.0,53.0,,,,0.0,,,,,,1.0,,3.133172785321711e-12,0.0,,,,,,True
xgboost,post_covid,xgboost,2,neighborhood,West,flu_season,,bands,,26,,,,,,,,,,,,,,,,,,,,,0.8076923076923077,1.0,-0.10169491525423724,-0.038461538461538464,False
xgboost,post_covid,xgboost,2,neighborhood,West,flu_season,0.5,IT50,73.15037971354549,26,3.0,0.11538461538461539,0.0,2.0,3.0,21.0,0.0,1.0,0.0,0.08695652173913043,0.0,0.0,-0.08695652173913043,-0.1016949152542373,-0.10425720702853737,0.8076923076923077,0.6666666666666666,0.10783463755577023,0.10207100591715977,-0.05646688387971999,,,,,True
xgboost,post_covid,xgboost,2,neighborhood,West,flu_season,0.9,IT90,114.1022318647041,26,0.0,0.0,0.0,0.0,0.0,26.0,,,,0.0,,,,,,1.0,,1.9850071048430836e-05,0.0,,,,,,True
xgboost,post_covid,xgboost,2,neighborhood,West,flu_season,0.98,IT98,151.63555393306305,26,0.0,0.0,0.0,0.0,0.0,26.0,,,,0.0,,,,,,1.0,,6.386852216232719e-12,0.0,,,,,,True
xgboost,post_covid,xgboost,2,neighborhood,Westerville,overall,,bands,,53,,,,,,,,,,,,,,,,,,,,,0.8867924528301887,0.9622641509433962,0.19899244332493737,-0.11320754716981132,False
xgboost,post_covid,xgboost,2,neighborhood,Westerville,overall,0.5,IT50,24.33364195874595,53,7.0,0.1320754716981132,2.0,1.0,5.0,45.0,0.2857142857142857,0.3333333333333333,0.6666666666666666,0.021739130434782608,0.25,0.4,0.2639751552795031,0.3483606557377049,0.3867633919142966,0.8867924528301887,0.42857142857142855,0.07442559210716262,0.1146315414738341,0.3507407197856527,,,,,False
xgboost,post_covid,xgboost,2,neighborhood,Westerville,overall,0.9,IT90,36.408491039457616,53,2.0,0.03773584905660377,0.0,0.0,2.0,51.0,0.0,,,0.0,0.0,0.0,0.0,0.0,,0.9622641509433962,0.0,0.03603606358481134,0.03631185475258099,0.0075950724535779335,,,,,True
xgboost,post_covid,xgboost,2,neighborhood,Westerville,overall,0.98,IT98,47.11324141772458,53,0.0,0.0,0.0,0.0,0.0,53.0,,,,0.0,,,,,,1.0,,3.0462110572644777e-05,0.0,,,,,,True
xgboost,post_covid,xgboost,2,neighborhood,Westerville,flu_season,,bands,,26,,,,,,,,,,,,,,,,,,,,,0.7692307692307693,0.9230769230769231,0.13812154696132584,-0.23076923076923078,False
xgboost,post_covid,xgboost,2,neighborhood,Westerville,flu_season,0.5,IT50,24.33364195874595,26,7.0,0.2692307692307692,2.0,1.0,5.0,18.0,0.2857142857142857,0.3333333333333333,0.6666666666666666,0.05263157894736842,0.25,0.4,0.23308270676691728,0.28440366972477066,0.32360209754104324,0.7692307692307693,0.42857142857142855,0.1516097533457304,0.19674556213017758,0.22941208073899455,,,,,False
xgboost,post_covid,xgboost,2,neighborhood,Westerville,flu_season,0.9,IT90,36.408491039457616,26,2.0,0.07692307692307693,0.0,0.0,2.0,24.0,0.0,,,0.0,0.0,0.0,0.0,0.0,,0.9230769230769231,0.0,0.0734581277642362,0.07100591715976333,-0.034535299346326154,,,,,True
xgboost,post_covid,xgboost,2,neighborhood,Westerville,flu_season,0.98,IT98,47.11324141772458,26,0.0,0.0,0.0,0.0,0.0,26.0,,,,0.0,,,,,,1.0,,6.209584078106073e-05,0.0,,,,,,True
xgboost,post_covid,xgboost,2,neighborhood,Worthington,overall,,bands,,53,,,,,,,,,,,,,,,,,,,,,0.7924528301886793,0.9622641509433962,0.3620151582701737,-0.24528301886792453,False
xgboost,post_covid,xgboost,2,neighborhood,Worthington,overall,0.5,IT50,13.721631551906164,53,16.0,0.3018867924528302,9.0,1.0,7.0,36.0,0.5625,0.1,0.9,0.02702702702702703,0.5294117647058824,0.6923076923076923,0.535472972972973,0.5992438563327032,0.628295835430739,0.8490566037735849,0.625,0.12010897927956332,0.21075115699537203,0.430091008790045,,,,,False
xgboost,post_covid,xgboost,2,neighborhood,Worthington,overall,0.9,IT90,22.978569674557114,53,5.0,0.09433962264150944,0.0,0.0,5.0,48.0,0.0,,,0.0,0.0,0.0,0.0,0.0,,0.9056603773584906,0.0,0.0716918807672406,0.08543965824136704,0.16090627885342146,,,,,False
xgboost,post_covid,xgboost,2,neighborhood,Worthington,overall,0.98,IT98,31.956357603850087,53,2.0,0.03773584905660377,0.0,0.0,2.0,51.0,0.0,,,0.0,0.0,0.0,0.0,0.0,,0.9622641509433962,0.0,0.03803056127379502,0.03631185475258099,-0.047331829589119634,,,,,True
xgboost,post_covid,xgboost,2,neighborhood,Worthington,flu_season,,bands,,26,,,,,,,,,,,,,,,,,,,,,0.6538461538461539,0.9230769230769231,0.23887587822014056,-0.4230769230769231,False
xgboost,post_covid,xgboost,2,neighborhood,Worthington,flu_season,0.5,IT50,13.721631551906164,26,14.0,0.5384615384615384,9.0,1.0,5.0,11.0,0.6428571428571429,0.1,0.9,0.08333333333333333,0.6,0.75,0.5595238095238095,0.5465116279069767,0.5733412928572633,0.7692307692307693,0.7142857142857143,0.17616047568092152,0.24852071005917165,0.29116380023629207,,,,,False
xgboost,post_covid,xgboost,2,neighborhood,Worthington,flu_season,0.9,IT90,22.978569674557114,26,5.0,0.19230769230769232,0.0,0.0,5.0,21.0,0.0,,,0.0,0.0,0.0,0.0,0.0,,0.8076923076923077,0.0,0.14611516766077576,0.15532544378698226,0.059296634869672404,,,,,False
xgboost,post_covid,xgboost,2,neighborhood,Worthington,flu_season,0.98,IT98,31.956357603850087,26,2.0,0.07692307692307693,0.0,0.0,2.0,24.0,0.0,,,0.0,0.0,0.0,0.0,0.0,,0.9230769230769231,0.0,0.07752383325650943,0.07100591715976333,-0.09179398502917424,,,,,True
