model,variant,horizon,indicator,season,level,label,threshold,n_weeks,onset_actual,onset_pred,onset_error_weeks,lead_time_weeks,first_alert_week,peak_week_actual,peak_week_pred,peak_week_error_weeks,peak_actual,peak_pred,peak_error,series
arima,post_covid,2,Agler/Cassidy,2024-25,0.5,IT50,51.74083078339265,9,,,,,,2025-06-08,2025-06-08,0.0,30.73424101791806,31.012749311487088,0.27850829356902906,arima
arima,post_covid,2,Agler/Cassidy,2024-25,0.9,IT90,88.48740693700204,9,,,,,,2025-06-08,2025-06-08,0.0,30.73424101791806,31.012749311487088,0.27850829356902906,arima
arima,post_covid,2,Agler/Cassidy,2024-25,0.98,IT98,124.72586226376617,9,,,,,,2025-06-08,2025-06-08,0.0,30.73424101791806,31.012749311487088,0.27850829356902906,arima
arima,post_covid,2,Agler/Cassidy,2025-26,0.5,IT50,51.74083078339265,44,2025-12-14,2025-12-28,2.0,-2.0,2025-12-28,2025-12-14,2025-12-28,2.0,86.05587485017058,66.85891609124869,-19.196958758921895,arima
arima,post_covid,2,Agler/Cassidy,2025-26,0.9,IT90,88.48740693700204,44,,,,,,2025-12-14,2025-12-28,2.0,86.05587485017058,66.85891609124869,-19.196958758921895,arima
arima,post_covid,2,Agler/Cassidy,2025-26,0.98,IT98,124.72586226376617,44,,,,,,2025-12-14,2025-12-28,2.0,86.05587485017058,66.85891609124869,-19.196958758921895,arima
arima,post_covid,2,Bexley,2024-25,0.5,IT50,24.605454693531783,9,,,,,,2025-06-08,2025-06-01,-1.0,7.034574935809503,13.341243492995186,6.3066685571856835,arima
arima,post_covid,2,Bexley,2024-25,0.9,IT90,37.5430295506582,9,,,,,,2025-06-08,2025-06-01,-1.0,7.034574935809503,13.341243492995186,6.3066685571856835,arima
arima,post_covid,2,Bexley,2024-25,0.98,IT98,49.19357270883574,9,,,,,,2025-06-08,2025-06-01,-1.0,7.034574935809503,13.341243492995186,6.3066685571856835,arima
arima,post_covid,2,Bexley,2025-26,0.5,IT50,24.605454693531783,44,2025-12-07,2026-01-18,6.0,-6.0,2026-01-18,2026-01-04,2026-01-18,2.0,49.24202455066653,30.39493340189408,-18.84709114877245,arima
arima,post_covid,2,Bexley,2025-26,0.9,IT90,37.5430295506582,44,2025-12-28,,,,,2026-01-04,2026-01-18,2.0,49.24202455066653,30.39493340189408,-18.84709114877245,arima
arima,post_covid,2,Bexley,2025-26,0.98,IT98,49.19357270883574,44,2026-01-04,,,,,2026-01-04,2026-01-18,2.0,49.24202455066653,30.39493340189408,-18.84709114877245,arima
arima,post_covid,2,Clintonville/Near North,2024-25,0.5,IT50,15.728895715230147,9,,,,,,2025-07-13,2025-06-01,-6.0,5.136054072377274,8.750657724953319,3.6146036525760454,arima
arima,post_covid,2,Clintonville/Near North,2024-25,0.9,IT90,22.099499115677975,9,,,,,,2025-07-13,2025-06-01,-6.0,5.136054072377274,8.750657724953319,3.6146036525760454,arima
arima,post_covid,2,Clintonville/Near North,2024-25,0.98,IT98,27.469599865392972,9,,,,,,2025-07-13,2025-06-01,-6.0,5.136054072377274,8.750657724953319,3.6146036525760454,arima
arima,post_covid,2,Clintonville/Near North,2025-26,0.5,IT50,15.728895715230147,44,2025-12-07,2026-01-04,4.0,-4.0,2026-01-04,2025-12-28,2026-01-11,2.0,27.73469199083728,20.48619678944012,-7.248495201397162,arima
arima,post_covid,2,Clintonville/Near North,2025-26,0.9,IT90,22.099499115677975,44,2025-12-21,,,,,2025-12-28,2026-01-11,2.0,27.73469199083728,20.48619678944012,-7.248495201397162,arima
arima,post_covid,2,Clintonville/Near North,2025-26,0.98,IT98,27.469599865392972,44,2025-12-28,,,,,2025-12-28,2026-01-11,2.0,27.73469199083728,20.48619678944012,-7.248495201397162,arima
arima,post_covid,2,Dublin,2024-25,0.5,IT50,8.038849454818003,9,,,,,,2025-07-13,2025-06-08,-5.0,3.8103947568968146,3.5703943007124876,-0.24000045618432697,arima
arima,post_covid,2,Dublin,2024-25,0.9,IT90,14.1626396504559,9,,,,,,2025-07-13,2025-06-08,-5.0,3.8103947568968146,3.5703943007124876,-0.24000045618432697,arima
arima,post_covid,2,Dublin,2024-25,0.98,IT98,20.345693253667104,9,,,,,,2025-07-13,2025-06-08,-5.0,3.8103947568968146,3.5703943007124876,-0.24000045618432697,arima
arima,post_covid,2,Dublin,2025-26,0.5,IT50,8.038849454818003,44,2025-12-14,2025-12-28,2.0,-2.0,2025-12-28,2025-12-21,2026-01-04,2.0,16.765736930345984,11.914775234019547,-4.850961696326436,arima
arima,post_covid,2,Dublin,2025-26,0.9,IT90,14.1626396504559,44,2025-12-21,,,,,2025-12-21,2026-01-04,2.0,16.765736930345984,11.914775234019547,-4.850961696326436,arima
arima,post_covid,2,Dublin,2025-26,0.98,IT98,20.345693253667104,44,,,,,,2025-12-21,2026-01-04,2.0,16.765736930345984,11.914775234019547,-4.850961696326436,arima
arima,post_covid,2,Eastside,2024-25,0.5,IT50,53.89825474693718,9,,,,,,2025-06-01,2025-06-01,0.0,18.38277533950688,30.312020652238793,11.929245312731915,arima
arima,post_covid,2,Eastside,2024-25,0.9,IT90,89.53274062296502,9,,,,,,2025-06-01,2025-06-01,0.0,18.38277533950688,30.312020652238793,11.929245312731915,arima
arima,post_covid,2,Eastside,2024-25,0.98,IT98,123.87134674281285,9,,,,,,2025-06-01,2025-06-01,0.0,18.38277533950688,30.312020652238793,11.929245312731915,arima
arima,post_covid,2,Eastside,2025-26,0.5,IT50,53.89825474693718,44,2025-12-21,2026-01-04,2.0,-2.0,2026-01-04,2025-12-21,2026-02-01,6.0,91.91387669753442,63.75089622977659,-28.162980467757826,arima
arima,post_covid,2,Eastside,2025-26,0.9,IT90,89.53274062296502,44,2025-12-21,,,,,2025-12-21,2026-02-01,6.0,91.91387669753442,63.75089622977659,-28.162980467757826,arima
arima,post_covid,2,Eastside,2025-26,0.98,IT98,123.87134674281285,44,,,,,,2025-12-21,2026-02-01,6.0,91.91387669753442,63.75089622977659,-28.162980467757826,arima
arima,post_covid,2,Far East,2024-25,0.5,IT50,76.01095931639992,9,,,,,,2025-06-01,2025-06-01,0.0,31.653696614248943,45.414725120180144,13.7610285059312,arima
arima,post_covid,2,Far East,2024-25,0.9,IT90,119.58175049878095,9,,,,,,2025-06-01,2025-06-01,0.0,31.653696614248943,45.414725120180144,13.7610285059312,arima
arima,post_covid,2,Far East,2024-25,0.98,IT98,159.7885780471188,9,,,,,,2025-06-01,2025-06-01,0.0,31.653696614248943,45.414725120180144,13.7610285059312,arima
arima,post_covid,2,Far East,2025-26,0.5,IT50,76.01095931639992,44,2025-12-21,2026-01-04,2.0,-2.0,2026-01-04,2025-12-28,2026-01-04,1.0,123.03134910443929,90.7012123810033,-32.330136723435984,arima
arima,post_covid,2,Far East,2025-26,0.9,IT90,119.58175049878095,44,2025-12-28,,,,,2025-12-28,2026-01-04,1.0,123.03134910443929,90.7012123810033,-32.330136723435984,arima
arima,post_covid,2,Far East,2025-26,0.98,IT98,159.7885780471188,44,,,,,,2025-12-28,2026-01-04,1.0,123.03134910443929,90.7012123810033,-32.330136723435984,arima
arima,post_covid,2,Far South,2024-25,0.5,IT50,69.7066330370401,9,,,,,,2025-06-01,2025-06-01,0.0,27.771843623157444,37.782387250202206,10.010543627044761,arima
arima,post_covid,2,Far South,2024-25,0.9,IT90,121.95949130896,9,,,,,,2025-06-01,2025-06-01,0.0,27.771843623157444,37.782387250202206,10.010543627044761,arima
arima,post_covid,2,Far South,2024-25,0.98,IT98,174.42921640712913,9,,,,,,2025-06-01,2025-06-01,0.0,27.771843623157444,37.782387250202206,10.010543627044761,arima
arima,post_covid,2,Far South,2025-26,0.5,IT50,69.7066330370401,44,2025-12-14,2025-12-28,2.0,-2.0,2025-12-28,2026-01-18,2026-02-01,2.0,100.40589617603077,83.7777882902765,-16.62810788575426,arima
arima,post_covid,2,Far South,2025-26,0.9,IT90,121.95949130896,44,,,,,,2026-01-18,2026-02-01,2.0,100.40589617603077,83.7777882902765,-16.62810788575426,arima
arima,post_covid,2,Far South,2025-26,0.98,IT98,174.42921640712913,44,,,,,,2026-01-18,2026-02-01,2.0,100.40589617603077,83.7777882902765,-16.62810788575426,arima
arima,post_covid,2,Far Southeast,2024-25,0.5,IT50,10.956265259525463,9,,,,,,2025-06-01,2025-06-08,1.0,6.616319624949195,7.481924871458862,0.8656052465096664,arima
arima,post_covid,2,Far Southeast,2024-25,0.9,IT90,18.40391015194404,9,,,,,,2025-06-01,2025-06-08,1.0,6.616319624949195,7.481924871458862,0.8656052465096664,arima
arima,post_covid,2,Far Southeast,2024-25,0.98,IT98,25.644566505740826,9,,,,,,2025-06-01,2025-06-08,1.0,6.616319624949195,7.481924871458862,0.8656052465096664,arima
arima,post_covid,2,Far Southeast,2025-26,0.5,IT50,10.956265259525463,44,2025-12-07,,,,,2025-12-21,2026-01-11,3.0,14.177827767748276,10.3422773630657,-3.835550404682577,arima
arima,post_covid,2,Far Southeast,2025-26,0.9,IT90,18.40391015194404,44,,,,,,2025-12-21,2026-01-11,3.0,14.177827767748276,10.3422773630657,-3.835550404682577,arima
arima,post_covid,2,Far Southeast,2025-26,0.98,IT98,25.644566505740826,44,,,,,,2025-12-21,2026-01-11,3.0,14.177827767748276,10.3422773630657,-3.835550404682577,arima
arima,post_covid,2,Far Southwest,2024-25,0.5,IT50,34.041053932580134,9,,,,,,2025-07-06,2025-06-08,-4.0,13.571495683220412,14.60385276303786,1.032357079817448,arima
arima,post_covid,2,Far Southwest,2024-25,0.9,IT90,54.68112356483704,9,,,,,,2025-07-06,2025-06-08,-4.0,13.571495683220412,14.60385276303786,1.032357079817448,arima
arima,post_covid,2,Far Southwest,2024-25,0.98,IT98,74.04650918881951,9,,,,,,2025-07-06,2025-06-08,-4.0,13.571495683220412,14.60385276303786,1.032357079817448,arima
arima,post_covid,2,Far Southwest,2025-26,0.5,IT50,34.041053932580134,44,2025-12-14,2025-12-28,2.0,-2.0,2025-12-28,2025-12-14,2025-12-28,2.0,46.97825428807066,39.27785346448371,-7.700400823586946,arima
arima,post_covid,2,Far Southwest,2025-26,0.9,IT90,54.68112356483704,44,,,,,,2025-12-14,2025-12-28,2.0,46.97825428807066,39.27785346448371,-7.700400823586946,arima
arima,post_covid,2,Far Southwest,2025-26,0.98,IT98,74.04650918881951,44,,,,,,2025-12-14,2025-12-28,2.0,46.97825428807066,39.27785346448371,-7.700400823586946,arima
arima,post_covid,2,Hilliard,2024-25,0.5,IT50,19.24134804712757,9,,,,,,2025-06-01,2025-06-01,0.0,10.828537838005074,11.323827506689046,0.49528966868397184,arima
arima,post_covid,2,Hilliard,2024-25,0.9,IT90,34.52709434950146,9,,,,,,2025-06-01,2025-06-01,0.0,10.828537838005074,11.323827506689046,0.49528966868397184,arima
arima,post_covid,2,Hilliard,2024-25,0.98,IT98,50.186768532537315,9,,,,,,2025-06-01,2025-06-01,0.0,10.828537838005074,11.323827506689046,0.49528966868397184,arima
arima,post_covid,2,Hilliard,2025-26,0.5,IT50,19.24134804712757,44,2025-12-07,,,,,2025-12-21,2026-01-04,2.0,34.032547490873085,16.517805781715428,-17.514741709157658,arima
arima,post_covid,2,Hilliard,2025-26,0.9,IT90,34.52709434950146,44,,,,,,2025-12-21,2026-01-04,2.0,34.032547490873085,16.517805781715428,-17.514741709157658,arima
arima,post_covid,2,Hilliard,2025-26,0.98,IT98,50.186768532537315,44,,,,,,2025-12-21,2026-01-04,2.0,34.032547490873085,16.517805781715428,-17.514741709157658,arima
arima,post_covid,2,Linden,2024-25,0.5,IT50,53.62727596624066,9,,,,,,2025-06-08,2025-06-08,0.0,23.845362822098693,26.312972026117876,2.4676092040191833,arima
arima,post_covid,2,Linden,2024-25,0.9,IT90,82.61523156370409,9,,,,,,2025-06-08,2025-06-08,0.0,23.845362822098693,26.312972026117876,2.4676092040191833,arima
arima,post_covid,2,Linden,2024-25,0.98,IT98,108.92078323683364,9,,,,,,2025-06-08,2025-06-08,0.0,23.845362822098693,26.312972026117876,2.4676092040191833,arima
arima,post_covid,2,Linden,2025-26,0.5,IT50,53.62727596624066,44,2025-12-14,2026-01-18,5.0,-5.0,2026-01-18,2026-01-04,2026-01-18,2.0,76.00709399543958,58.58635085615117,-17.420743139288405,arima
arima,post_covid,2,Linden,2025-26,0.9,IT90,82.61523156370409,44,,,,,,2026-01-04,2026-01-18,2.0,76.00709399543958,58.58635085615117,-17.420743139288405,arima
arima,post_covid,2,Linden,2025-26,0.98,IT98,108.92078323683364,44,,,,,,2026-01-04,2026-01-18,2.0,76.00709399543958,58.58635085615117,-17.420743139288405,arima
arima,post_covid,2,NE Suburban,2024-25,0.5,IT50,27.312493683860776,9,,,,,,2025-06-01,2025-06-01,0.0,9.26979311507184,14.449890382795957,5.180097267724117,arima
arima,post_covid,2,NE Suburban,2024-25,0.9,IT90,41.22759712033061,9,,,,,,2025-06-01,2025-06-01,0.0,9.26979311507184,14.449890382795957,5.180097267724117,arima
arima,post_covid,2,NE Suburban,2024-25,0.98,IT98,53.6511443833241,9,,,,,,2025-06-01,2025-06-01,0.0,9.26979311507184,14.449890382795957,5.180097267724117,arima
arima,post_covid,2,NE Suburban,2025-26,0.5,IT50,27.312493683860776,44,2025-12-21,2026-01-04,2.0,-2.0,2026-01-04,2025-12-21,2026-01-04,2.0,50.562507900391864,31.412581235104483,-19.14992666528738,arima
arima,post_covid,2,NE Suburban,2025-26,0.9,IT90,41.22759712033061,44,2025-12-21,,,,,2025-12-21,2026-01-04,2.0,50.562507900391864,31.412581235104483,-19.14992666528738,arima
arima,post_covid,2,NE Suburban,2025-26,0.98,IT98,53.6511443833241,44,,,,,,2025-12-21,2026-01-04,2.0,50.562507900391864,31.412581235104483,-19.14992666528738,arima
arima,post_covid,2,Northland,2024-25,0.5,IT50,56.127661353876796,9,,,,,,2025-07-06,2025-06-08,-4.0,20.79029093413376,34.74741595844637,13.957125024312607,arima
arima,post_covid,2,Northland,2024-25,0.9,IT90,89.91407794411414,9,,,,,,2025-07-06,2025-06-08,-4.0,20.79029093413376,34.74741595844637,13.957125024312607,arima
arima,post_covid,2,Northland,2024-25,0.98,IT98,121.54516325409915,9,,,,,,2025-07-06,2025-06-08,-4.0,20.79029093413376,34.74741595844637,13.957125024312607,arima
arima,post_covid,2,Northland,2025-26,0.5,IT50,56.127661353876796,44,2025-12-14,2026-01-04,3.0,-3.0,2026-01-04,2026-01-04,2026-01-18,2.0,87.05934328668512,67.53633404654276,-19.523009240142358,arima
arima,post_covid,2,Northland,2025-26,0.9,IT90,89.91407794411414,44,,,,,,2026-01-04,2026-01-18,2.0,87.05934328668512,67.53633404654276,-19.523009240142358,arima
arima,post_covid,2,Northland,2025-26,0.98,IT98,121.54516325409915,44,,,,,,2026-01-04,2026-01-18,2.0,87.05934328668512,67.53633404654276,-19.523009240142358,arima
arima,post_covid,2,UA/Grandview,2024-25,0.5,IT50,8.143164584776198,9,,,,,,2025-07-06,2025-07-20,2.0,5.691908383042667,4.6397531936742,-1.0521551893684666,arima
arima,post_covid,2,UA/Grandview,2024-25,0.9,IT90,16.706142473783938,9,,,,,,2025-07-06,2025-07-20,2.0,5.691908383042667,4.6397531936742,-1.0521551893684666,arima
arima,post_covid,2,UA/Grandview,2024-25,0.98,IT98,26.455007113900507,9,,,,,,2025-07-06,2025-07-20,2.0,5.691908383042667,4.6397531936742,-1.0521551893684666,arima
arima,post_covid,2,UA/Grandview,2025-26,0.5,IT50,8.143164584776198,44,2025-12-07,2025-12-21,2.0,-2.0,2025-12-21,2025-12-07,2026-01-11,5.0,15.937343472519466,11.985931081357732,-3.9514123911617336,arima
arima,post_covid,2,UA/Grandview,2025-26,0.9,IT90,16.706142473783938,44,,,,,,2025-12-07,2026-01-11,5.0,15.937343472519466,11.985931081357732,-3.9514123911617336,arima
arima,post_covid,2,UA/Grandview,2025-26,0.98,IT98,26.455007113900507,44,,,,,,2025-12-07,2026-01-11,5.0,15.937343472519466,11.985931081357732,-3.9514123911617336,arima
arima,post_covid,2,West,2024-25,0.5,IT50,73.15037971354549,9,,,,,,2025-06-01,2025-06-08,1.0,26.185844680532696,35.65981723912653,9.473972558593836,arima
arima,post_covid,2,West,2024-25,0.9,IT90,114.1022318647041,9,,,,,,2025-06-01,2025-06-08,1.0,26.185844680532696,35.65981723912653,9.473972558593836,arima
arima,post_covid,2,West,2024-25,0.98,IT98,151.63555393306305,9,,,,,,2025-06-01,2025-06-08,1.0,26.185844680532696,35.65981723912653,9.473972558593836,arima
arima,post_covid,2,West,2025-26,0.5,IT50,73.15037971354549,44,2025-12-21,,,,,2026-01-04,2026-01-04,0.0,84.542869968577,59.480691830265805,-25.06217813831119,arima
arima,post_covid,2,West,2025-26,0.9,IT90,114.1022318647041,44,,,,,,2026-01-04,2026-01-04,0.0,84.542869968577,59.480691830265805,-25.06217813831119,arima
arima,post_covid,2,West,2025-26,0.98,IT98,151.63555393306305,44,,,,,,2026-01-04,2026-01-04,0.0,84.542869968577,59.480691830265805,-25.06217813831119,arima
arima,post_covid,2,Westerville,2024-25,0.5,IT50,24.33364195874595,9,,,,,,2025-06-01,2025-06-01,0.0,9.329228472805298,14.142251194834374,4.813022722029077,arima
arima,post_covid,2,Westerville,2024-25,0.9,IT90,36.408491039457616,9,,,,,,2025-06-01,2025-06-01,0.0,9.329228472805298,14.142251194834374,4.813022722029077,arima
arima,post_covid,2,Westerville,2024-25,0.98,IT98,47.11324141772458,9,,,,,,2025-06-01,2025-06-01,0.0,9.329228472805298,14.142251194834374,4.813022722029077,arima
arima,post_covid,2,Westerville,2025-26,0.5,IT50,24.33364195874595,44,2025-12-14,2026-01-04,3.0,-3.0,2026-01-04,2025-12-21,2026-01-11,3.0,45.09127095189228,35.172534584168844,-9.918736367723433,arima
arima,post_covid,2,Westerville,2025-26,0.9,IT90,36.408491039457616,44,2025-12-21,,,,,2025-12-21,2026-01-11,3.0,45.09127095189228,35.172534584168844,-9.918736367723433,arima
arima,post_covid,2,Westerville,2025-26,0.98,IT98,47.11324141772458,44,,,,,,2025-12-21,2026-01-11,3.0,45.09127095189228,35.172534584168844,-9.918736367723433,arima
arima,post_covid,2,Worthington,2024-25,0.5,IT50,13.721631551906164,9,,,,,,2025-06-08,2025-06-29,3.0,11.21626358219418,10.01615998824645,-1.2001035939477305,arima
arima,post_covid,2,Worthington,2024-25,0.9,IT90,22.978569674557114,9,,,,,,2025-06-08,2025-06-29,3.0,11.21626358219418,10.01615998824645,-1.2001035939477305,arima
arima,post_covid,2,Worthington,2024-25,0.98,IT98,31.956357603850087,9,,,,,,2025-06-08,2025-06-29,3.0,11.21626358219418,10.01615998824645,-1.2001035939477305,arima
arima,post_covid,2,Worthington,2025-26,0.5,IT50,13.721631551906164,44,2025-08-31,2026-01-04,18.0,-18.0,2026-01-04,2025-12-21,2026-01-04,2.0,44.86505432877672,28.863600637472015,-16.001453691304707,arima
arima,post_covid,2,Worthington,2025-26,0.9,IT90,22.978569674557114,44,2025-12-21,2026-01-04,2.0,-2.0,2026-01-04,2025-12-21,2026-01-04,2.0,44.86505432877672,28.863600637472015,-16.001453691304707,arima
arima,post_covid,2,Worthington,2025-26,0.98,IT98,31.956357603850087,44,2025-12-21,,,,,2025-12-21,2026-01-04,2.0,44.86505432877672,28.863600637472015,-16.001453691304707,arima
arima,post_covid,2,CITYWIDE,2024-25,0.5,IT50,35.19412725226089,9,,,,,,2025-06-01,2025-06-01,0.0,13.228462952536946,18.36640193516827,5.137938982631324,arima
arima,post_covid,2,CITYWIDE,2024-25,0.9,IT90,56.071415152332634,9,,,,,,2025-06-01,2025-06-01,0.0,13.228462952536946,18.36640193516827,5.137938982631324,arima
arima,post_covid,2,CITYWIDE,2024-25,0.98,IT98,75.53173152268305,9,,,,,,2025-06-01,2025-06-01,0.0,13.228462952536946,18.36640193516827,5.137938982631324,arima
arima,post_covid,2,CITYWIDE,2025-26,0.5,IT50,35.19412725226089,44,2025-12-14,2026-01-04,3.0,-3.0,2026-01-04,2025-12-21,2026-01-04,2.0,52.20358501211178,38.628662106617696,-13.574922905494084,arima
arima,post_covid,2,CITYWIDE,2025-26,0.9,IT90,56.071415152332634,44,,,,,,2025-12-21,2026-01-04,2.0,52.20358501211178,38.628662106617696,-13.574922905494084,arima
arima,post_covid,2,CITYWIDE,2025-26,0.98,IT98,75.53173152268305,44,,,,,,2025-12-21,2026-01-04,2.0,52.20358501211178,38.628662106617696,-13.574922905494084,arima
dualtopo,post_covid,2,Agler/Cassidy,2024-25,0.5,IT50,51.74083078339265,9,,,,,,2025-06-08,2025-06-01,-1.0,30.734241485595703,28.021284103393555,-2.7129573822021484,dualtopo
dualtopo,post_covid,2,Agler/Cassidy,2024-25,0.9,IT90,88.48740693700204,9,,,,,,2025-06-08,2025-06-01,-1.0,30.734241485595703,28.021284103393555,-2.7129573822021484,dualtopo
dualtopo,post_covid,2,Agler/Cassidy,2024-25,0.98,IT98,124.72586226376617,9,,,,,,2025-06-08,2025-06-01,-1.0,30.734241485595703,28.021284103393555,-2.7129573822021484,dualtopo
dualtopo,post_covid,2,Agler/Cassidy,2025-26,0.5,IT50,51.74083078339265,44,2025-12-14,,,,,2025-12-14,2026-02-01,7.0,86.05587768554688,28.11716079711914,-57.938716888427734,dualtopo
dualtopo,post_covid,2,Agler/Cassidy,2025-26,0.9,IT90,88.48740693700204,44,,,,,,2025-12-14,2026-02-01,7.0,86.05587768554688,28.11716079711914,-57.938716888427734,dualtopo
dualtopo,post_covid,2,Agler/Cassidy,2025-26,0.98,IT98,124.72586226376617,44,,,,,,2025-12-14,2026-02-01,7.0,86.05587768554688,28.11716079711914,-57.938716888427734,dualtopo
dualtopo,post_covid,2,Bexley,2024-25,0.5,IT50,24.605454693531783,9,,,,,,2025-06-08,2025-06-01,-1.0,7.03457498550415,11.805547714233398,4.770972728729248,dualtopo
dualtopo,post_covid,2,Bexley,2024-25,0.9,IT90,37.5430295506582,9,,,,,,2025-06-08,2025-06-01,-1.0,7.03457498550415,11.805547714233398,4.770972728729248,dualtopo
dualtopo,post_covid,2,Bexley,2024-25,0.98,IT98,49.19357270883574,9,,,,,,2025-06-08,2025-06-01,-1.0,7.03457498550415,11.805547714233398,4.770972728729248,dualtopo
dualtopo,post_covid,2,Bexley,2025-26,0.5,IT50,24.605454693531783,44,2025-12-07,,,,,2026-01-04,2026-02-08,5.0,49.24202346801758,11.847586631774902,-37.394436836242676,dualtopo
dualtopo,post_covid,2,Bexley,2025-26,0.9,IT90,37.5430295506582,44,2025-12-28,,,,,2026-01-04,2026-02-08,5.0,49.24202346801758,11.847586631774902,-37.394436836242676,dualtopo
dualtopo,post_covid,2,Bexley,2025-26,0.98,IT98,49.19357270883574,44,2026-01-04,,,,,2026-01-04,2026-02-08,5.0,49.24202346801758,11.847586631774902,-37.394436836242676,dualtopo
dualtopo,post_covid,2,Clintonville/Near North,2024-25,0.5,IT50,15.728895715230147,9,,,,,,2025-07-13,2025-06-01,-6.0,5.136054039001465,8.018488883972168,2.882434844970703,dualtopo
dualtopo,post_covid,2,Clintonville/Near North,2024-25,0.9,IT90,22.099499115677975,9,,,,,,2025-07-13,2025-06-01,-6.0,5.136054039001465,8.018488883972168,2.882434844970703,dualtopo
dualtopo,post_covid,2,Clintonville/Near North,2024-25,0.98,IT98,27.469599865392972,9,,,,,,2025-07-13,2025-06-01,-6.0,5.136054039001465,8.018488883972168,2.882434844970703,dualtopo
dualtopo,post_covid,2,Clintonville/Near North,2025-26,0.5,IT50,15.728895715230147,44,2025-12-07,,,,,2025-12-28,2026-02-01,5.0,27.734691619873047,8.051703453063965,-19.682988166809082,dualtopo
dualtopo,post_covid,2,Clintonville/Near North,2025-26,0.9,IT90,22.099499115677975,44,2025-12-21,,,,,2025-12-28,2026-02-01,5.0,27.734691619873047,8.051703453063965,-19.682988166809082,dualtopo
dualtopo,post_covid,2,Clintonville/Near North,2025-26,0.98,IT98,27.469599865392972,44,2025-12-28,,,,,2025-12-28,2026-02-01,5.0,27.734691619873047,8.051703453063965,-19.682988166809082,dualtopo
dualtopo,post_covid,2,Dublin,2024-25,0.5,IT50,8.038849454818003,9,,,,,,2025-07-13,2025-06-01,-6.0,3.810394763946533,3.8037188053131104,-0.0066759586334228516,dualtopo
dualtopo,post_covid,2,Dublin,2024-25,0.9,IT90,14.1626396504559,9,,,,,,2025-07-13,2025-06-01,-6.0,3.810394763946533,3.8037188053131104,-0.0066759586334228516,dualtopo
dualtopo,post_covid,2,Dublin,2024-25,0.98,IT98,20.345693253667104,9,,,,,,2025-07-13,2025-06-01,-6.0,3.810394763946533,3.8037188053131104,-0.0066759586334228516,dualtopo
dualtopo,post_covid,2,Dublin,2025-26,0.5,IT50,8.038849454818003,44,2025-12-14,,,,,2025-12-21,2026-02-01,6.0,16.765737533569336,3.81850266456604,-12.947234869003296,dualtopo
dualtopo,post_covid,2,Dublin,2025-26,0.9,IT90,14.1626396504559,44,2025-12-21,,,,,2025-12-21,2026-02-01,6.0,16.765737533569336,3.81850266456604,-12.947234869003296,dualtopo
dualtopo,post_covid,2,Dublin,2025-26,0.98,IT98,20.345693253667104,44,,,,,,2025-12-21,2026-02-01,6.0,16.765737533569336,3.81850266456604,-12.947234869003296,dualtopo
dualtopo,post_covid,2,Eastside,2024-25,0.5,IT50,53.89825474693718,9,,,,,,2025-06-01,2025-06-01,0.0,18.382776260375977,27.13913917541504,8.756362915039062,dualtopo
dualtopo,post_covid,2,Eastside,2024-25,0.9,IT90,89.53274062296502,9,,,,,,2025-06-01,2025-06-01,0.0,18.382776260375977,27.13913917541504,8.756362915039062,dualtopo
dualtopo,post_covid,2,Eastside,2024-25,0.98,IT98,123.87134674281285,9,,,,,,2025-06-01,2025-06-01,0.0,18.382776260375977,27.13913917541504,8.756362915039062,dualtopo
dualtopo,post_covid,2,Eastside,2025-26,0.5,IT50,53.89825474693718,44,2025-12-21,,,,,2025-12-21,2026-02-01,6.0,91.91387939453124,27.253334045410156,-64.66054534912108,dualtopo
dualtopo,post_covid,2,Eastside,2025-26,0.9,IT90,89.53274062296502,44,2025-12-21,,,,,2025-12-21,2026-02-01,6.0,91.91387939453124,27.253334045410156,-64.66054534912108,dualtopo
dualtopo,post_covid,2,Eastside,2025-26,0.98,IT98,123.87134674281285,44,,,,,,2025-12-21,2026-02-01,6.0,91.91387939453124,27.253334045410156,-64.66054534912108,dualtopo
dualtopo,post_covid,2,Far East,2024-25,0.5,IT50,76.01095931639992,9,,,,,,2025-06-01,2025-06-01,0.0,31.653696060180664,43.33015060424805,11.676454544067383,dualtopo
dualtopo,post_covid,2,Far East,2024-25,0.9,IT90,119.58175049878095,9,,,,,,2025-06-01,2025-06-01,0.0,31.653696060180664,43.33015060424805,11.676454544067383,dualtopo
dualtopo,post_covid,2,Far East,2024-25,0.98,IT98,159.7885780471188,9,,,,,,2025-06-01,2025-06-01,0.0,31.653696060180664,43.33015060424805,11.676454544067383,dualtopo
dualtopo,post_covid,2,Far East,2025-26,0.5,IT50,76.01095931639992,44,2025-12-21,,,,,2025-12-28,2026-02-01,5.0,123.03134155273438,43.491058349609375,-79.540283203125,dualtopo
dualtopo,post_covid,2,Far East,2025-26,0.9,IT90,119.58175049878095,44,2025-12-28,,,,,2025-12-28,2026-02-01,5.0,123.03134155273438,43.491058349609375,-79.540283203125,dualtopo
dualtopo,post_covid,2,Far East,2025-26,0.98,IT98,159.7885780471188,44,,,,,,2025-12-28,2026-02-01,5.0,123.03134155273438,43.491058349609375,-79.540283203125,dualtopo
dualtopo,post_covid,2,Far South,2024-25,0.5,IT50,69.7066330370401,9,,,,,,2025-06-01,2025-06-01,0.0,27.77184295654297,36.07271194458008,8.30086898803711,dualtopo
dualtopo,post_covid,2,Far South,2024-25,0.9,IT90,121.95949130896,9,,,,,,2025-06-01,2025-06-01,0.0,27.77184295654297,36.07271194458008,8.30086898803711,dualtopo
dualtopo,post_covid,2,Far South,2024-25,0.98,IT98,174.42921640712913,9,,,,,,2025-06-01,2025-06-01,0.0,27.77184295654297,36.07271194458008,8.30086898803711,dualtopo
dualtopo,post_covid,2,Far South,2025-26,0.5,IT50,69.7066330370401,44,2025-12-14,,,,,2026-01-18,2026-02-01,2.0,100.40589904785156,36.245582580566406,-64.16031646728516,dualtopo
dualtopo,post_covid,2,Far South,2025-26,0.9,IT90,121.95949130896,44,,,,,,2026-01-18,2026-02-01,2.0,100.40589904785156,36.245582580566406,-64.16031646728516,dualtopo
dualtopo,post_covid,2,Far South,2025-26,0.98,IT98,174.42921640712913,44,,,,,,2026-01-18,2026-02-01,2.0,100.40589904785156,36.245582580566406,-64.16031646728516,dualtopo
dualtopo,post_covid,2,Far Southeast,2024-25,0.5,IT50,10.956265259525463,9,,,,,,2025-06-01,2025-06-01,0.0,6.61631965637207,5.508722305297852,-1.1075973510742188,dualtopo
dualtopo,post_covid,2,Far Southeast,2024-25,0.9,IT90,18.40391015194404,9,,,,,,2025-06-01,2025-06-01,0.0,6.61631965637207,5.508722305297852,-1.1075973510742188,dualtopo
dualtopo,post_covid,2,Far Southeast,2024-25,0.98,IT98,25.644566505740826,9,,,,,,2025-06-01,2025-06-01,0.0,6.61631965637207,5.508722305297852,-1.1075973510742188,dualtopo
dualtopo,post_covid,2,Far Southeast,2025-26,0.5,IT50,10.956265259525463,44,2025-12-07,,,,,2025-12-21,2026-02-08,7.0,14.177827835083008,5.526594161987305,-8.651233673095703,dualtopo
dualtopo,post_covid,2,Far Southeast,2025-26,0.9,IT90,18.40391015194404,44,,,,,,2025-12-21,2026-02-08,7.0,14.177827835083008,5.526594161987305,-8.651233673095703,dualtopo
dualtopo,post_covid,2,Far Southeast,2025-26,0.98,IT98,25.644566505740826,44,,,,,,2025-12-21,2026-02-08,7.0,14.177827835083008,5.526594161987305,-8.651233673095703,dualtopo
dualtopo,post_covid,2,Far Southwest,2024-25,0.5,IT50,34.041053932580134,9,,,,,,2025-07-06,2025-06-01,-5.0,13.57149600982666,18.156518936157227,4.585022926330566,dualtopo
dualtopo,post_covid,2,Far Southwest,2024-25,0.9,IT90,54.68112356483704,9,,,,,,2025-07-06,2025-06-01,-5.0,13.57149600982666,18.156518936157227,4.585022926330566,dualtopo
dualtopo,post_covid,2,Far Southwest,2024-25,0.98,IT98,74.04650918881951,9,,,,,,2025-07-06,2025-06-01,-5.0,13.57149600982666,18.156518936157227,4.585022926330566,dualtopo
dualtopo,post_covid,2,Far Southwest,2025-26,0.5,IT50,34.041053932580134,44,2025-12-14,,,,,2025-12-14,2026-02-01,7.0,46.97825241088867,18.230228424072266,-28.748023986816406,dualtopo
dualtopo,post_covid,2,Far Southwest,2025-26,0.9,IT90,54.68112356483704,44,,,,,,2025-12-14,2026-02-01,7.0,46.97825241088867,18.230228424072266,-28.748023986816406,dualtopo
dualtopo,post_covid,2,Far Southwest,2025-26,0.98,IT98,74.04650918881951,44,,,,,,2025-12-14,2026-02-01,7.0,46.97825241088867,18.230228424072266,-28.748023986816406,dualtopo
dualtopo,post_covid,2,Hilliard,2024-25,0.5,IT50,19.24134804712757,9,,,,,,2025-06-01,2025-06-01,0.0,10.828537940979004,9.626106262207031,-1.2024316787719727,dualtopo
dualtopo,post_covid,2,Hilliard,2024-25,0.9,IT90,34.52709434950146,9,,,,,,2025-06-01,2025-06-01,0.0,10.828537940979004,9.626106262207031,-1.2024316787719727,dualtopo
dualtopo,post_covid,2,Hilliard,2024-25,0.98,IT98,50.186768532537315,9,,,,,,2025-06-01,2025-06-01,0.0,10.828537940979004,9.626106262207031,-1.2024316787719727,dualtopo
dualtopo,post_covid,2,Hilliard,2025-26,0.5,IT50,19.24134804712757,44,2025-12-07,,,,,2025-12-21,2026-01-25,5.0,34.03254699707031,9.665303230285645,-24.367243766784668,dualtopo
dualtopo,post_covid,2,Hilliard,2025-26,0.9,IT90,34.52709434950146,44,,,,,,2025-12-21,2026-01-25,5.0,34.03254699707031,9.665303230285645,-24.367243766784668,dualtopo
dualtopo,post_covid,2,Hilliard,2025-26,0.98,IT98,50.186768532537315,44,,,,,,2025-12-21,2026-01-25,5.0,34.03254699707031,9.665303230285645,-24.367243766784668,dualtopo
dualtopo,post_covid,2,Linden,2024-25,0.5,IT50,53.62727596624066,9,,,,,,2025-06-08,2025-06-01,-1.0,23.84536361694336,29.172452926635746,5.327089309692386,dualtopo
dualtopo,post_covid,2,Linden,2024-25,0.9,IT90,82.61523156370409,9,,,,,,2025-06-08,2025-06-01,-1.0,23.84536361694336,29.172452926635746,5.327089309692386,dualtopo
dualtopo,post_covid,2,Linden,2024-25,0.98,IT98,108.92078323683364,9,,,,,,2025-06-08,2025-06-01,-1.0,23.84536361694336,29.172452926635746,5.327089309692386,dualtopo
dualtopo,post_covid,2,Linden,2025-26,0.5,IT50,53.62727596624066,44,2025-12-14,,,,,2026-01-04,2026-02-01,4.0,76.00709533691406,29.281925201416016,-46.72517013549805,dualtopo
dualtopo,post_covid,2,Linden,2025-26,0.9,IT90,82.61523156370409,44,,,,,,2026-01-04,2026-02-01,4.0,76.00709533691406,29.281925201416016,-46.72517013549805,dualtopo
dualtopo,post_covid,2,Linden,2025-26,0.98,IT98,108.92078323683364,44,,,,,,2026-01-04,2026-02-01,4.0,76.00709533691406,29.281925201416016,-46.72517013549805,dualtopo
dualtopo,post_covid,2,NE Suburban,2024-25,0.5,IT50,27.312493683860776,9,,,,,,2025-06-01,2025-06-01,0.0,9.269793510437012,14.889702796936035,5.619909286499023,dualtopo
dualtopo,post_covid,2,NE Suburban,2024-25,0.9,IT90,41.22759712033061,9,,,,,,2025-06-01,2025-06-01,0.0,9.269793510437012,14.889702796936035,5.619909286499023,dualtopo
dualtopo,post_covid,2,NE Suburban,2024-25,0.98,IT98,53.6511443833241,9,,,,,,2025-06-01,2025-06-01,0.0,9.269793510437012,14.889702796936035,5.619909286499023,dualtopo
dualtopo,post_covid,2,NE Suburban,2025-26,0.5,IT50,27.312493683860776,44,2025-12-21,,,,,2025-12-21,2026-02-01,6.0,50.56250762939453,14.94389820098877,-35.61860942840576,dualtopo
dualtopo,post_covid,2,NE Suburban,2025-26,0.9,IT90,41.22759712033061,44,2025-12-21,,,,,2025-12-21,2026-02-01,6.0,50.56250762939453,14.94389820098877,-35.61860942840576,dualtopo
dualtopo,post_covid,2,NE Suburban,2025-26,0.98,IT98,53.6511443833241,44,,,,,,2025-12-21,2026-02-01,6.0,50.56250762939453,14.94389820098877,-35.61860942840576,dualtopo
dualtopo,post_covid,2,Northland,2024-25,0.5,IT50,56.127661353876796,9,,,,,,2025-07-06,2025-06-01,-5.0,20.79029083251953,32.34663772583008,11.556346893310547,dualtopo
dualtopo,post_covid,2,Northland,2024-25,0.9,IT90,89.91407794411414,9,,,,,,2025-07-06,2025-06-01,-5.0,20.79029083251953,32.34663772583008,11.556346893310547,dualtopo
dualtopo,post_covid,2,Northland,2024-25,0.98,IT98,121.54516325409915,9,,,,,,2025-07-06,2025-06-01,-5.0,20.79029083251953,32.34663772583008,11.556346893310547,dualtopo
dualtopo,post_covid,2,Northland,2025-26,0.5,IT50,56.127661353876796,44,2025-12-14,,,,,2026-01-04,2026-02-01,4.0,87.05934143066406,32.45783233642578,-54.60150909423828,dualtopo
dualtopo,post_covid,2,Northland,2025-26,0.9,IT90,89.91407794411414,44,,,,,,2026-01-04,2026-02-01,4.0,87.05934143066406,32.45783233642578,-54.60150909423828,dualtopo
dualtopo,post_covid,2,Northland,2025-26,0.98,IT98,121.54516325409915,44,,,,,,2026-01-04,2026-02-01,4.0,87.05934143066406,32.45783233642578,-54.60150909423828,dualtopo
dualtopo,post_covid,2,UA/Grandview,2024-25,0.5,IT50,8.143164584776198,9,,,,,,2025-07-06,2025-06-01,-5.0,5.691908359527588,4.1417951583862305,-1.5501132011413574,dualtopo
dualtopo,post_covid,2,UA/Grandview,2024-25,0.9,IT90,16.706142473783938,9,,,,,,2025-07-06,2025-06-01,-5.0,5.691908359527588,4.1417951583862305,-1.5501132011413574,dualtopo
dualtopo,post_covid,2,UA/Grandview,2024-25,0.98,IT98,26.455007113900507,9,,,,,,2025-07-06,2025-06-01,-5.0,5.691908359527588,4.1417951583862305,-1.5501132011413574,dualtopo
dualtopo,post_covid,2,UA/Grandview,2025-26,0.5,IT50,8.143164584776198,44,2025-12-07,,,,,2025-12-07,2026-02-01,8.0,15.93734359741211,4.160831451416016,-11.776512145996094,dualtopo
dualtopo,post_covid,2,UA/Grandview,2025-26,0.9,IT90,16.706142473783938,44,,,,,,2025-12-07,2026-02-01,8.0,15.93734359741211,4.160831451416016,-11.776512145996094,dualtopo
dualtopo,post_covid,2,UA/Grandview,2025-26,0.98,IT98,26.455007113900507,44,,,,,,2025-12-07,2026-02-01,8.0,15.93734359741211,4.160831451416016,-11.776512145996094,dualtopo
dualtopo,post_covid,2,West,2024-25,0.5,IT50,73.15037971354549,9,,,,,,2025-06-01,2025-06-01,0.0,26.18584442138672,39.369625091552734,13.183780670166016,dualtopo
dualtopo,post_covid,2,West,2024-25,0.9,IT90,114.1022318647041,9,,,,,,2025-06-01,2025-06-01,0.0,26.18584442138672,39.369625091552734,13.183780670166016,dualtopo
dualtopo,post_covid,2,West,2024-25,0.98,IT98,151.63555393306305,9,,,,,,2025-06-01,2025-06-01,0.0,26.18584442138672,39.369625091552734,13.183780670166016,dualtopo
dualtopo,post_covid,2,West,2025-26,0.5,IT50,73.15037971354549,44,2025-12-21,,,,,2026-01-04,2026-02-01,4.0,84.5428695678711,39.52989959716797,-45.012969970703125,dualtopo
dualtopo,post_covid,2,West,2025-26,0.9,IT90,114.1022318647041,44,,,,,,2026-01-04,2026-02-01,4.0,84.5428695678711,39.52989959716797,-45.012969970703125,dualtopo
dualtopo,post_covid,2,West,2025-26,0.98,IT98,151.63555393306305,44,,,,,,2026-01-04,2026-02-01,4.0,84.5428695678711,39.52989959716797,-45.012969970703125,dualtopo
dualtopo,post_covid,2,Westerville,2024-25,0.5,IT50,24.33364195874595,9,,,,,,2025-06-01,2025-06-01,0.0,9.329228401184082,13.033164024353027,3.7039356231689453,dualtopo
dualtopo,post_covid,2,Westerville,2024-25,0.9,IT90,36.408491039457616,9,,,,,,2025-06-01,2025-06-01,0.0,9.329228401184082,13.033164024353027,3.7039356231689453,dualtopo
dualtopo,post_covid,2,Westerville,2024-25,0.98,IT98,47.11324141772458,9,,,,,,2025-06-01,2025-06-01,0.0,9.329228401184082,13.033164024353027,3.7039356231689453,dualtopo
dualtopo,post_covid,2,Westerville,2025-26,0.5,IT50,24.33364195874595,44,2025-12-14,,,,,2025-12-21,2026-02-01,6.0,45.091270446777344,13.068843841552734,-32.02242660522461,dualtopo
dualtopo,post_covid,2,Westerville,2025-26,0.9,IT90,36.408491039457616,44,2025-12-21,,,,,2025-12-21,2026-02-01,6.0,45.091270446777344,13.068843841552734,-32.02242660522461,dualtopo
dualtopo,post_covid,2,Westerville,2025-26,0.98,IT98,47.11324141772458,44,,,,,,2025-12-21,2026-02-01,6.0,45.091270446777344,13.068843841552734,-32.02242660522461,dualtopo
dualtopo,post_covid,2,Worthington,2024-25,0.5,IT50,13.721631551906164,9,,,,,,2025-06-08,2025-06-01,-1.0,11.216263771057127,7.527885437011719,-3.6883783340454084,dualtopo
dualtopo,post_covid,2,Worthington,2024-25,0.9,IT90,22.978569674557114,9,,,,,,2025-06-08,2025-06-01,-1.0,11.216263771057127,7.527885437011719,-3.6883783340454084,dualtopo
dualtopo,post_covid,2,Worthington,2024-25,0.98,IT98,31.956357603850087,9,,,,,,2025-06-08,2025-06-01,-1.0,11.216263771057127,7.527885437011719,-3.6883783340454084,dualtopo
dualtopo,post_covid,2,Worthington,2025-26,0.5,IT50,13.721631551906164,44,2025-08-31,,,,,2025-12-21,2026-01-25,5.0,44.86505508422851,7.546187400817871,-37.31886768341064,dualtopo
dualtopo,post_covid,2,Worthington,2025-26,0.9,IT90,22.978569674557114,44,2025-12-21,,,,,2025-12-21,2026-01-25,5.0,44.86505508422851,7.546187400817871,-37.31886768341064,dualtopo
dualtopo,post_covid,2,Worthington,2025-26,0.98,IT98,31.956357603850087,44,2025-12-21,,,,,2025-12-21,2026-01-25,5.0,44.86505508422851,7.546187400817871,-37.31886768341064,dualtopo
dualtopo,post_covid,2,CITYWIDE,2024-25,0.5,IT50,35.19412725226089,9,,,,,,2025-06-01,2025-06-01,0.0,13.228462934494019,19.527273640913123,6.298810706419104,dualtopo
dualtopo,post_covid,2,CITYWIDE,2024-25,0.9,IT90,56.071415152332634,9,,,,,,2025-06-01,2025-06-01,0.0,13.228462934494019,19.527273640913123,6.298810706419104,dualtopo
dualtopo,post_covid,2,CITYWIDE,2024-25,0.98,IT98,75.53173152268305,9,,,,,,2025-06-01,2025-06-01,0.0,13.228462934494019,19.527273640913123,6.298810706419104,dualtopo
dualtopo,post_covid,2,CITYWIDE,2025-26,0.5,IT50,35.19412725226089,44,2025-12-14,,,,,2025-12-21,2026-02-01,6.0,52.20358455882353,19.6021070059608,-32.60147755286273,dualtopo
dualtopo,post_covid,2,CITYWIDE,2025-26,0.9,IT90,56.071415152332634,44,,,,,,2025-12-21,2026-02-01,6.0,52.20358455882353,19.6021070059608,-32.60147755286273,dualtopo
dualtopo,post_covid,2,CITYWIDE,2025-26,0.98,IT98,75.53173152268305,44,,,,,,2025-12-21,2026-02-01,6.0,52.20358455882353,19.6021070059608,-32.60147755286273,dualtopo
gat,post_covid,2,Agler/Cassidy,2024-25,0.5,IT50,51.74083078339265,9,,,,,,2025-06-08,2025-07-06,4.0,30.734241485595703,16.576292037963867,-14.157949447631836,gat
gat,post_covid,2,Agler/Cassidy,2024-25,0.9,IT90,88.48740693700204,9,,,,,,2025-06-08,2025-07-06,4.0,30.734241485595703,16.576292037963867,-14.157949447631836,gat
gat,post_covid,2,Agler/Cassidy,2024-25,0.98,IT98,124.72586226376617,9,,,,,,2025-06-08,2025-07-06,4.0,30.734241485595703,16.576292037963867,-14.157949447631836,gat
gat,post_covid,2,Agler/Cassidy,2025-26,0.5,IT50,51.74083078339265,44,2025-12-14,2025-12-28,2.0,-2.0,2025-12-28,2025-12-14,2026-02-01,7.0,86.05587768554688,67.77389526367188,-18.281982421875,gat
gat,post_covid,2,Agler/Cassidy,2025-26,0.9,IT90,88.48740693700204,44,,,,,,2025-12-14,2026-02-01,7.0,86.05587768554688,67.77389526367188,-18.281982421875,gat
gat,post_covid,2,Agler/Cassidy,2025-26,0.98,IT98,124.72586226376617,44,,,,,,2025-12-14,2026-02-01,7.0,86.05587768554688,67.77389526367188,-18.281982421875,gat
gat,post_covid,2,Bexley,2024-25,0.5,IT50,24.605454693531783,9,,,,,,2025-06-08,2025-07-06,4.0,7.03457498550415,6.35600471496582,-0.6785702705383301,gat
gat,post_covid,2,Bexley,2024-25,0.9,IT90,37.5430295506582,9,,,,,,2025-06-08,2025-07-06,4.0,7.03457498550415,6.35600471496582,-0.6785702705383301,gat
gat,post_covid,2,Bexley,2024-25,0.98,IT98,49.19357270883574,9,,,,,,2025-06-08,2025-07-06,4.0,7.03457498550415,6.35600471496582,-0.6785702705383301,gat
gat,post_covid,2,Bexley,2025-26,0.5,IT50,24.605454693531783,44,2025-12-07,2026-01-04,4.0,-4.0,2026-01-04,2026-01-04,2026-02-01,4.0,49.24202346801758,31.3254451751709,-17.91657829284668,gat
gat,post_covid,2,Bexley,2025-26,0.9,IT90,37.5430295506582,44,2025-12-28,,,,,2026-01-04,2026-02-01,4.0,49.24202346801758,31.3254451751709,-17.91657829284668,gat
gat,post_covid,2,Bexley,2025-26,0.98,IT98,49.19357270883574,44,2026-01-04,,,,,2026-01-04,2026-02-01,4.0,49.24202346801758,31.3254451751709,-17.91657829284668,gat
gat,post_covid,2,Clintonville/Near North,2024-25,0.5,IT50,15.728895715230147,9,,,,,,2025-07-13,2025-06-22,-3.0,5.136054039001465,4.967112064361572,-0.16894197463989258,gat
gat,post_covid,2,Clintonville/Near North,2024-25,0.9,IT90,22.099499115677975,9,,,,,,2025-07-13,2025-06-22,-3.0,5.136054039001465,4.967112064361572,-0.16894197463989258,gat
gat,post_covid,2,Clintonville/Near North,2024-25,0.98,IT98,27.469599865392972,9,,,,,,2025-07-13,2025-06-22,-3.0,5.136054039001465,4.967112064361572,-0.16894197463989258,gat
gat,post_covid,2,Clintonville/Near North,2025-26,0.5,IT50,15.728895715230147,44,2025-12-07,2026-01-04,4.0,-4.0,2026-01-04,2025-12-28,2026-02-01,5.0,27.734691619873047,19.605573654174805,-8.129117965698242,gat
gat,post_covid,2,Clintonville/Near North,2025-26,0.9,IT90,22.099499115677975,44,2025-12-21,,,,,2025-12-28,2026-02-01,5.0,27.734691619873047,19.605573654174805,-8.129117965698242,gat
gat,post_covid,2,Clintonville/Near North,2025-26,0.98,IT98,27.469599865392972,44,2025-12-28,,,,,2025-12-28,2026-02-01,5.0,27.734691619873047,19.605573654174805,-8.129117965698242,gat
gat,post_covid,2,Dublin,2024-25,0.5,IT50,8.038849454818003,9,,,,,,2025-07-13,2025-06-22,-3.0,3.810394763946533,2.6188576221466064,-1.1915371417999268,gat
gat,post_covid,2,Dublin,2024-25,0.9,IT90,14.1626396504559,9,,,,,,2025-07-13,2025-06-22,-3.0,3.810394763946533,2.6188576221466064,-1.1915371417999268,gat
gat,post_covid,2,Dublin,2024-25,0.98,IT98,20.345693253667104,9,,,,,,2025-07-13,2025-06-22,-3.0,3.810394763946533,2.6188576221466064,-1.1915371417999268,gat
gat,post_covid,2,Dublin,2025-26,0.5,IT50,8.038849454818003,44,2025-12-14,2025-12-28,2.0,-2.0,2025-12-28,2025-12-21,2026-01-25,5.0,16.765737533569336,10.91219711303711,-5.853540420532227,gat
gat,post_covid,2,Dublin,2025-26,0.9,IT90,14.1626396504559,44,2025-12-21,,,,,2025-12-21,2026-01-25,5.0,16.765737533569336,10.91219711303711,-5.853540420532227,gat
gat,post_covid,2,Dublin,2025-26,0.98,IT98,20.345693253667104,44,,,,,,2025-12-21,2026-01-25,5.0,16.765737533569336,10.91219711303711,-5.853540420532227,gat
gat,post_covid,2,Eastside,2024-25,0.5,IT50,53.89825474693718,9,,,,,,2025-06-01,2025-06-22,3.0,18.382776260375977,15.064932823181152,-3.317843437194824,gat
gat,post_covid,2,Eastside,2024-25,0.9,IT90,89.53274062296502,9,,,,,,2025-06-01,2025-06-22,3.0,18.382776260375977,15.064932823181152,-3.317843437194824,gat
gat,post_covid,2,Eastside,2024-25,0.98,IT98,123.87134674281285,9,,,,,,2025-06-01,2025-06-22,3.0,18.382776260375977,15.064932823181152,-3.317843437194824,gat
gat,post_covid,2,Eastside,2025-26,0.5,IT50,53.89825474693718,44,2025-12-21,2026-01-04,2.0,-2.0,2026-01-04,2025-12-21,2026-02-01,6.0,91.91387939453124,71.08271789550781,-20.831161499023423,gat
gat,post_covid,2,Eastside,2025-26,0.9,IT90,89.53274062296502,44,2025-12-21,,,,,2025-12-21,2026-02-01,6.0,91.91387939453124,71.08271789550781,-20.831161499023423,gat
gat,post_covid,2,Eastside,2025-26,0.98,IT98,123.87134674281285,44,,,,,,2025-12-21,2026-02-01,6.0,91.91387939453124,71.08271789550781,-20.831161499023423,gat
gat,post_covid,2,Far East,2024-25,0.5,IT50,76.01095931639992,9,,,,,,2025-06-01,2025-07-06,5.0,31.653696060180664,28.374052047729492,-3.279644012451172,gat
gat,post_covid,2,Far East,2024-25,0.9,IT90,119.58175049878095,9,,,,,,2025-06-01,2025-07-06,5.0,31.653696060180664,28.374052047729492,-3.279644012451172,gat
gat,post_covid,2,Far East,2024-25,0.98,IT98,159.7885780471188,9,,,,,,2025-06-01,2025-07-06,5.0,31.653696060180664,28.374052047729492,-3.279644012451172,gat
gat,post_covid,2,Far East,2025-26,0.5,IT50,76.01095931639992,44,2025-12-21,2025-12-28,1.0,-1.0,2025-12-28,2025-12-28,2026-02-01,5.0,123.03134155273438,96.88455963134766,-26.14678192138672,gat
gat,post_covid,2,Far East,2025-26,0.9,IT90,119.58175049878095,44,2025-12-28,,,,,2025-12-28,2026-02-01,5.0,123.03134155273438,96.88455963134766,-26.14678192138672,gat
gat,post_covid,2,Far East,2025-26,0.98,IT98,159.7885780471188,44,,,,,,2025-12-28,2026-02-01,5.0,123.03134155273438,96.88455963134766,-26.14678192138672,gat
gat,post_covid,2,Far South,2024-25,0.5,IT50,69.7066330370401,9,,,,,,2025-06-01,2025-06-22,3.0,27.77184295654297,20.58407974243164,-7.187763214111328,gat
gat,post_covid,2,Far South,2024-25,0.9,IT90,121.95949130896,9,,,,,,2025-06-01,2025-06-22,3.0,27.77184295654297,20.58407974243164,-7.187763214111328,gat
gat,post_covid,2,Far South,2024-25,0.98,IT98,174.42921640712913,9,,,,,,2025-06-01,2025-06-22,3.0,27.77184295654297,20.58407974243164,-7.187763214111328,gat
gat,post_covid,2,Far South,2025-26,0.5,IT50,69.7066330370401,44,2025-12-14,2025-12-28,2.0,-2.0,2025-12-28,2026-01-18,2026-02-01,2.0,100.40589904785156,96.4197006225586,-3.9861984252929688,gat
gat,post_covid,2,Far South,2025-26,0.9,IT90,121.95949130896,44,,,,,,2026-01-18,2026-02-01,2.0,100.40589904785156,96.4197006225586,-3.9861984252929688,gat
gat,post_covid,2,Far South,2025-26,0.98,IT98,174.42921640712913,44,,,,,,2026-01-18,2026-02-01,2.0,100.40589904785156,96.4197006225586,-3.9861984252929688,gat
gat,post_covid,2,Far Southeast,2024-25,0.5,IT50,10.956265259525463,9,,,,,,2025-06-01,2025-06-29,4.0,6.61631965637207,3.289214849472046,-3.3271048069000244,gat
gat,post_covid,2,Far Southeast,2024-25,0.9,IT90,18.40391015194404,9,,,,,,2025-06-01,2025-06-29,4.0,6.61631965637207,3.289214849472046,-3.3271048069000244,gat
gat,post_covid,2,Far Southeast,2024-25,0.98,IT98,25.644566505740826,9,,,,,,2025-06-01,2025-06-29,4.0,6.61631965637207,3.289214849472046,-3.3271048069000244,gat
gat,post_covid,2,Far Southeast,2025-26,0.5,IT50,10.956265259525463,44,2025-12-07,2025-12-28,3.0,-3.0,2025-12-28,2025-12-21,2026-02-01,6.0,14.177827835083008,14.19573974609375,0.017911911010742188,gat
gat,post_covid,2,Far Southeast,2025-26,0.9,IT90,18.40391015194404,44,,,,,,2025-12-21,2026-02-01,6.0,14.177827835083008,14.19573974609375,0.017911911010742188,gat
gat,post_covid,2,Far Southeast,2025-26,0.98,IT98,25.644566505740826,44,,,,,,2025-12-21,2026-02-01,6.0,14.177827835083008,14.19573974609375,0.017911911010742188,gat
gat,post_covid,2,Far Southwest,2024-25,0.5,IT50,34.041053932580134,9,,,,,,2025-07-06,2025-06-22,-2.0,13.57149600982666,11.496862411499023,-2.0746335983276367,gat
gat,post_covid,2,Far Southwest,2024-25,0.9,IT90,54.68112356483704,9,,,,,,2025-07-06,2025-06-22,-2.0,13.57149600982666,11.496862411499023,-2.0746335983276367,gat
gat,post_covid,2,Far Southwest,2024-25,0.98,IT98,74.04650918881951,9,,,,,,2025-07-06,2025-06-22,-2.0,13.57149600982666,11.496862411499023,-2.0746335983276367,gat
gat,post_covid,2,Far Southwest,2025-26,0.5,IT50,34.041053932580134,44,2025-12-14,2026-01-04,3.0,-3.0,2026-01-04,2025-12-14,2026-02-01,7.0,46.97825241088867,42.371978759765625,-4.606273651123047,gat
gat,post_covid,2,Far Southwest,2025-26,0.9,IT90,54.68112356483704,44,,,,,,2025-12-14,2026-02-01,7.0,46.97825241088867,42.371978759765625,-4.606273651123047,gat
gat,post_covid,2,Far Southwest,2025-26,0.98,IT98,74.04650918881951,44,,,,,,2025-12-14,2026-02-01,7.0,46.97825241088867,42.371978759765625,-4.606273651123047,gat
gat,post_covid,2,Hilliard,2024-25,0.5,IT50,19.24134804712757,9,,,,,,2025-06-01,2025-06-22,3.0,10.828537940979004,6.316201210021973,-4.512336730957031,gat
gat,post_covid,2,Hilliard,2024-25,0.9,IT90,34.52709434950146,9,,,,,,2025-06-01,2025-06-22,3.0,10.828537940979004,6.316201210021973,-4.512336730957031,gat
gat,post_covid,2,Hilliard,2024-25,0.98,IT98,50.186768532537315,9,,,,,,2025-06-01,2025-06-22,3.0,10.828537940979004,6.316201210021973,-4.512336730957031,gat
gat,post_covid,2,Hilliard,2025-26,0.5,IT50,19.24134804712757,44,2025-12-07,2025-12-28,3.0,-3.0,2025-12-28,2025-12-21,2026-02-01,6.0,34.03254699707031,25.998682022094727,-8.033864974975586,gat
gat,post_covid,2,Hilliard,2025-26,0.9,IT90,34.52709434950146,44,,,,,,2025-12-21,2026-02-01,6.0,34.03254699707031,25.998682022094727,-8.033864974975586,gat
gat,post_covid,2,Hilliard,2025-26,0.98,IT98,50.186768532537315,44,,,,,,2025-12-21,2026-02-01,6.0,34.03254699707031,25.998682022094727,-8.033864974975586,gat
gat,post_covid,2,Linden,2024-25,0.5,IT50,53.62727596624066,9,,,,,,2025-06-08,2025-06-22,2.0,23.84536361694336,18.403173446655273,-5.442190170288086,gat
gat,post_covid,2,Linden,2024-25,0.9,IT90,82.61523156370409,9,,,,,,2025-06-08,2025-06-22,2.0,23.84536361694336,18.403173446655273,-5.442190170288086,gat
gat,post_covid,2,Linden,2024-25,0.98,IT98,108.92078323683364,9,,,,,,2025-06-08,2025-06-22,2.0,23.84536361694336,18.403173446655273,-5.442190170288086,gat
gat,post_covid,2,Linden,2025-26,0.5,IT50,53.62727596624066,44,2025-12-14,2026-01-04,3.0,-3.0,2026-01-04,2026-01-04,2026-02-01,4.0,76.00709533691406,68.1725082397461,-7.834587097167969,gat
gat,post_covid,2,Linden,2025-26,0.9,IT90,82.61523156370409,44,,,,,,2026-01-04,2026-02-01,4.0,76.00709533691406,68.1725082397461,-7.834587097167969,gat
gat,post_covid,2,Linden,2025-26,0.98,IT98,108.92078323683364,44,,,,,,2026-01-04,2026-02-01,4.0,76.00709533691406,68.1725082397461,-7.834587097167969,gat
gat,post_covid,2,NE Suburban,2024-25,0.5,IT50,27.312493683860776,9,,,,,,2025-06-01,2025-06-22,3.0,9.269793510437012,9.43030834197998,0.16051483154296875,gat
gat,post_covid,2,NE Suburban,2024-25,0.9,IT90,41.22759712033061,9,,,,,,2025-06-01,2025-06-22,3.0,9.269793510437012,9.43030834197998,0.16051483154296875,gat
gat,post_covid,2,NE Suburban,2024-25,0.98,IT98,53.6511443833241,9,,,,,,2025-06-01,2025-06-22,3.0,9.269793510437012,9.43030834197998,0.16051483154296875,gat
gat,post_covid,2,NE Suburban,2025-26,0.5,IT50,27.312493683860776,44,2025-12-21,2026-01-04,2.0,-2.0,2026-01-04,2025-12-21,2026-02-01,6.0,50.56250762939453,34.77484893798828,-15.78765869140625,gat
gat,post_covid,2,NE Suburban,2025-26,0.9,IT90,41.22759712033061,44,2025-12-21,,,,,2025-12-21,2026-02-01,6.0,50.56250762939453,34.77484893798828,-15.78765869140625,gat
gat,post_covid,2,NE Suburban,2025-26,0.98,IT98,53.6511443833241,44,,,,,,2025-12-21,2026-02-01,6.0,50.56250762939453,34.77484893798828,-15.78765869140625,gat
gat,post_covid,2,Northland,2024-25,0.5,IT50,56.127661353876796,9,,,,,,2025-07-06,2025-06-22,-2.0,20.79029083251953,21.784326553344727,0.9940357208251953,gat
gat,post_covid,2,Northland,2024-25,0.9,IT90,89.91407794411414,9,,,,,,2025-07-06,2025-06-22,-2.0,20.79029083251953,21.784326553344727,0.9940357208251953,gat
gat,post_covid,2,Northland,2024-25,0.98,IT98,121.54516325409915,9,,,,,,2025-07-06,2025-06-22,-2.0,20.79029083251953,21.784326553344727,0.9940357208251953,gat
gat,post_covid,2,Northland,2025-26,0.5,IT50,56.127661353876796,44,2025-12-14,2025-12-28,2.0,-2.0,2025-12-28,2026-01-04,2026-02-01,4.0,87.05934143066406,70.96692657470703,-16.09241485595703,gat
gat,post_covid,2,Northland,2025-26,0.9,IT90,89.91407794411414,44,,,,,,2026-01-04,2026-02-01,4.0,87.05934143066406,70.96692657470703,-16.09241485595703,gat
gat,post_covid,2,Northland,2025-26,0.98,IT98,121.54516325409915,44,,,,,,2026-01-04,2026-02-01,4.0,87.05934143066406,70.96692657470703,-16.09241485595703,gat
gat,post_covid,2,UA/Grandview,2024-25,0.5,IT50,8.143164584776198,9,,,,,,2025-07-06,2025-06-22,-2.0,5.691908359527588,2.3538858890533447,-3.338022470474243,gat
gat,post_covid,2,UA/Grandview,2024-25,0.9,IT90,16.706142473783938,9,,,,,,2025-07-06,2025-06-22,-2.0,5.691908359527588,2.3538858890533447,-3.338022470474243,gat
gat,post_covid,2,UA/Grandview,2024-25,0.98,IT98,26.455007113900507,9,,,,,,2025-07-06,2025-06-22,-2.0,5.691908359527588,2.3538858890533447,-3.338022470474243,gat
gat,post_covid,2,UA/Grandview,2025-26,0.5,IT50,8.143164584776198,44,2025-12-07,2025-12-21,2.0,-2.0,2025-12-21,2025-12-07,2026-02-01,8.0,15.93734359741211,12.641887664794922,-3.2954559326171875,gat
gat,post_covid,2,UA/Grandview,2025-26,0.9,IT90,16.706142473783938,44,,,,,,2025-12-07,2026-02-01,8.0,15.93734359741211,12.641887664794922,-3.2954559326171875,gat
gat,post_covid,2,UA/Grandview,2025-26,0.98,IT98,26.455007113900507,44,,,,,,2025-12-07,2026-02-01,8.0,15.93734359741211,12.641887664794922,-3.2954559326171875,gat
gat,post_covid,2,West,2024-25,0.5,IT50,73.15037971354549,9,,,,,,2025-06-01,2025-06-22,3.0,26.18584442138672,24.71866226196289,-1.4671821594238281,gat
gat,post_covid,2,West,2024-25,0.9,IT90,114.1022318647041,9,,,,,,2025-06-01,2025-06-22,3.0,26.18584442138672,24.71866226196289,-1.4671821594238281,gat
gat,post_covid,2,West,2024-25,0.98,IT98,151.63555393306305,9,,,,,,2025-06-01,2025-06-22,3.0,26.18584442138672,24.71866226196289,-1.4671821594238281,gat
gat,post_covid,2,West,2025-26,0.5,IT50,73.15037971354549,44,2025-12-21,2025-12-28,1.0,-1.0,2025-12-28,2026-01-04,2026-02-01,4.0,84.5428695678711,94.1223602294922,9.579490661621108,gat
gat,post_covid,2,West,2025-26,0.9,IT90,114.1022318647041,44,,,,,,2026-01-04,2026-02-01,4.0,84.5428695678711,94.1223602294922,9.579490661621108,gat
gat,post_covid,2,West,2025-26,0.98,IT98,151.63555393306305,44,,,,,,2026-01-04,2026-02-01,4.0,84.5428695678711,94.1223602294922,9.579490661621108,gat
gat,post_covid,2,Westerville,2024-25,0.5,IT50,24.33364195874595,9,,,,,,2025-06-01,2025-06-22,3.0,9.329228401184082,9.112547874450684,-0.21668052673339844,gat
gat,post_covid,2,Westerville,2024-25,0.9,IT90,36.408491039457616,9,,,,,,2025-06-01,2025-06-22,3.0,9.329228401184082,9.112547874450684,-0.21668052673339844,gat
gat,post_covid,2,Westerville,2024-25,0.98,IT98,47.11324141772458,9,,,,,,2025-06-01,2025-06-22,3.0,9.329228401184082,9.112547874450684,-0.21668052673339844,gat
gat,post_covid,2,Westerville,2025-26,0.5,IT50,24.33364195874595,44,2025-12-14,2025-12-28,2.0,-2.0,2025-12-28,2025-12-21,2026-01-18,4.0,45.091270446777344,30.980741500854492,-14.110528945922852,gat
gat,post_covid,2,Westerville,2025-26,0.9,IT90,36.408491039457616,44,2025-12-21,,,,,2025-12-21,2026-01-18,4.0,45.091270446777344,30.980741500854492,-14.110528945922852,gat
gat,post_covid,2,Westerville,2025-26,0.98,IT98,47.11324141772458,44,,,,,,2025-12-21,2026-01-18,4.0,45.091270446777344,30.980741500854492,-14.110528945922852,gat
gat,post_covid,2,Worthington,2024-25,0.5,IT50,13.721631551906164,9,,,,,,2025-06-08,2025-06-22,2.0,11.216263771057127,5.525031566619873,-5.691232204437254,gat
gat,post_covid,2,Worthington,2024-25,0.9,IT90,22.978569674557114,9,,,,,,2025-06-08,2025-06-22,2.0,11.216263771057127,5.525031566619873,-5.691232204437254,gat
gat,post_covid,2,Worthington,2024-25,0.98,IT98,31.956357603850087,9,,,,,,2025-06-08,2025-06-22,2.0,11.216263771057127,5.525031566619873,-5.691232204437254,gat
gat,post_covid,2,Worthington,2025-26,0.5,IT50,13.721631551906164,44,2025-08-31,2025-12-28,17.0,-17.0,2025-12-28,2025-12-21,2026-01-25,5.0,44.86505508422851,18.56263732910156,-26.30241775512695,gat
gat,post_covid,2,Worthington,2025-26,0.9,IT90,22.978569674557114,44,2025-12-21,,,,,2025-12-21,2026-01-25,5.0,44.86505508422851,18.56263732910156,-26.30241775512695,gat
gat,post_covid,2,Worthington,2025-26,0.98,IT98,31.956357603850087,44,2025-12-21,,,,,2025-12-21,2026-01-25,5.0,44.86505508422851,18.56263732910156,-26.30241775512695,gat
gat,post_covid,2,CITYWIDE,2024-25,0.5,IT50,35.19412725226089,9,,,,,,2025-06-01,2025-06-22,3.0,13.228462934494019,12.112347476622638,-1.1161154578713806,gat
gat,post_covid,2,CITYWIDE,2024-25,0.9,IT90,56.071415152332634,9,,,,,,2025-06-01,2025-06-22,3.0,13.228462934494019,12.112347476622638,-1.1161154578713806,gat
gat,post_covid,2,CITYWIDE,2024-25,0.98,IT98,75.53173152268305,9,,,,,,2025-06-01,2025-06-22,3.0,13.228462934494019,12.112347476622638,-1.1161154578713806,gat
gat,post_covid,2,CITYWIDE,2025-26,0.5,IT50,35.19412725226089,44,2025-12-14,2025-12-28,2.0,-2.0,2025-12-28,2025-12-21,2026-02-01,6.0,52.20358455882353,47.34835624694824,-4.855228311875287,gat
gat,post_covid,2,CITYWIDE,2025-26,0.9,IT90,56.071415152332634,44,,,,,,2025-12-21,2026-02-01,6.0,52.20358455882353,47.34835624694824,-4.855228311875287,gat
gat,post_covid,2,CITYWIDE,2025-26,0.98,IT98,75.53173152268305,44,,,,,,2025-12-21,2026-02-01,6.0,52.20358455882353,47.34835624694824,-4.855228311875287,gat
gnn_cascade,post_covid,2,Agler/Cassidy,2024-25,0.5,IT50,51.74083078339265,9,,,,,,2025-06-08,2025-06-08,0.0,30.734241485595703,17.90143585205078,-12.832805633544922,gnn_cascade
gnn_cascade,post_covid,2,Agler/Cassidy,2024-25,0.9,IT90,88.48740693700204,9,,,,,,2025-06-08,2025-06-08,0.0,30.734241485595703,17.90143585205078,-12.832805633544922,gnn_cascade
gnn_cascade,post_covid,2,Agler/Cassidy,2024-25,0.98,IT98,124.72586226376617,9,,,,,,2025-06-08,2025-06-08,0.0,30.734241485595703,17.90143585205078,-12.832805633544922,gnn_cascade
gnn_cascade,post_covid,2,Agler/Cassidy,2025-26,0.5,IT50,51.74083078339265,44,2025-12-14,2025-12-21,1.0,-1.0,2025-12-21,2025-12-14,2025-12-28,2.0,86.05587768554688,65.50679779052734,-20.54907989501953,gnn_cascade
gnn_cascade,post_covid,2,Agler/Cassidy,2025-26,0.9,IT90,88.48740693700204,44,,,,,,2025-12-14,2025-12-28,2.0,86.05587768554688,65.50679779052734,-20.54907989501953,gnn_cascade
gnn_cascade,post_covid,2,Agler/Cassidy,2025-26,0.98,IT98,124.72586226376617,44,,,,,,2025-12-14,2025-12-28,2.0,86.05587768554688,65.50679779052734,-20.54907989501953,gnn_cascade
gnn_cascade,post_covid,2,Bexley,2024-25,0.5,IT50,24.605454693531783,9,,,,,,2025-06-08,2025-06-08,0.0,7.03457498550415,8.674553871154785,1.6399788856506348,gnn_cascade
gnn_cascade,post_covid,2,Bexley,2024-25,0.9,IT90,37.5430295506582,9,,,,,,2025-06-08,2025-06-08,0.0,7.03457498550415,8.674553871154785,1.6399788856506348,gnn_cascade
gnn_cascade,post_covid,2,Bexley,2024-25,0.98,IT98,49.19357270883574,9,,,,,,2025-06-08,2025-06-08,0.0,7.03457498550415,8.674553871154785,1.6399788856506348,gnn_cascade
gnn_cascade,post_covid,2,Bexley,2025-26,0.5,IT50,24.605454693531783,44,2025-12-07,2025-12-21,2.0,-2.0,2025-12-21,2026-01-04,2026-01-18,2.0,49.24202346801758,31.865337371826172,-17.376686096191406,gnn_cascade
gnn_cascade,post_covid,2,Bexley,2025-26,0.9,IT90,37.5430295506582,44,2025-12-28,,,,,2026-01-04,2026-01-18,2.0,49.24202346801758,31.865337371826172,-17.376686096191406,gnn_cascade
gnn_cascade,post_covid,2,Bexley,2025-26,0.98,IT98,49.19357270883574,44,2026-01-04,,,,,2026-01-04,2026-01-18,2.0,49.24202346801758,31.865337371826172,-17.376686096191406,gnn_cascade
gnn_cascade,post_covid,2,Clintonville/Near North,2024-25,0.5,IT50,15.728895715230147,9,,,,,,2025-07-13,2025-06-01,-6.0,5.136054039001465,4.630423069000244,-0.5056309700012207,gnn_cascade
gnn_cascade,post_covid,2,Clintonville/Near North,2024-25,0.9,IT90,22.099499115677975,9,,,,,,2025-07-13,2025-06-01,-6.0,5.136054039001465,4.630423069000244,-0.5056309700012207,gnn_cascade
gnn_cascade,post_covid,2,Clintonville/Near North,2024-25,0.98,IT98,27.469599865392972,9,,,,,,2025-07-13,2025-06-01,-6.0,5.136054039001465,4.630423069000244,-0.5056309700012207,gnn_cascade
gnn_cascade,post_covid,2,Clintonville/Near North,2025-26,0.5,IT50,15.728895715230147,44,2025-12-07,2025-12-14,1.0,-1.0,2025-12-14,2025-12-28,2026-01-11,2.0,27.734691619873047,20.38085174560547,-7.353839874267578,gnn_cascade
gnn_cascade,post_covid,2,Clintonville/Near North,2025-26,0.9,IT90,22.099499115677975,44,2025-12-21,,,,,2025-12-28,2026-01-11,2.0,27.734691619873047,20.38085174560547,-7.353839874267578,gnn_cascade
gnn_cascade,post_covid,2,Clintonville/Near North,2025-26,0.98,IT98,27.469599865392972,44,2025-12-28,,,,,2025-12-28,2026-01-11,2.0,27.734691619873047,20.38085174560547,-7.353839874267578,gnn_cascade
gnn_cascade,post_covid,2,Dublin,2024-25,0.5,IT50,8.038849454818003,9,,,,,,2025-07-13,2025-06-01,-6.0,3.810394763946533,2.702528476715088,-1.1078662872314453,gnn_cascade
gnn_cascade,post_covid,2,Dublin,2024-25,0.9,IT90,14.1626396504559,9,,,,,,2025-07-13,2025-06-01,-6.0,3.810394763946533,2.702528476715088,-1.1078662872314453,gnn_cascade
gnn_cascade,post_covid,2,Dublin,2024-25,0.98,IT98,20.345693253667104,9,,,,,,2025-07-13,2025-06-01,-6.0,3.810394763946533,2.702528476715088,-1.1078662872314453,gnn_cascade
gnn_cascade,post_covid,2,Dublin,2025-26,0.5,IT50,8.038849454818003,44,2025-12-14,2025-12-14,0.0,0.0,2025-12-14,2025-12-21,2026-01-04,2.0,16.76573944091797,11.83874797821045,-4.9269914627075195,gnn_cascade
gnn_cascade,post_covid,2,Dublin,2025-26,0.9,IT90,14.1626396504559,44,2025-12-21,,,,,2025-12-21,2026-01-04,2.0,16.76573944091797,11.83874797821045,-4.9269914627075195,gnn_cascade
gnn_cascade,post_covid,2,Dublin,2025-26,0.98,IT98,20.345693253667104,44,,,,,,2025-12-21,2026-01-04,2.0,16.76573944091797,11.83874797821045,-4.9269914627075195,gnn_cascade
gnn_cascade,post_covid,2,Eastside,2024-25,0.5,IT50,53.89825474693718,9,,,,,,2025-06-01,2025-06-08,1.0,18.382776260375977,15.894981384277344,-2.487794876098633,gnn_cascade
gnn_cascade,post_covid,2,Eastside,2024-25,0.9,IT90,89.53274062296502,9,,,,,,2025-06-01,2025-06-08,1.0,18.382776260375977,15.894981384277344,-2.487794876098633,gnn_cascade
gnn_cascade,post_covid,2,Eastside,2024-25,0.98,IT98,123.87134674281285,9,,,,,,2025-06-01,2025-06-08,1.0,18.382776260375977,15.894981384277344,-2.487794876098633,gnn_cascade
gnn_cascade,post_covid,2,Eastside,2025-26,0.5,IT50,53.89825474693718,44,2025-12-21,2025-12-21,0.0,0.0,2025-12-21,2025-12-21,2026-01-04,2.0,91.91387939453124,68.20780944824219,-23.70606994628905,gnn_cascade
gnn_cascade,post_covid,2,Eastside,2025-26,0.9,IT90,89.53274062296502,44,2025-12-21,,,,,2025-12-21,2026-01-04,2.0,91.91387939453124,68.20780944824219,-23.70606994628905,gnn_cascade
gnn_cascade,post_covid,2,Eastside,2025-26,0.98,IT98,123.87134674281285,44,,,,,,2025-12-21,2026-01-04,2.0,91.91387939453124,68.20780944824219,-23.70606994628905,gnn_cascade
gnn_cascade,post_covid,2,Far East,2024-25,0.5,IT50,76.01095931639992,9,,,,,,2025-06-01,2025-06-08,1.0,31.653696060180664,29.866121292114254,-1.7875747680664098,gnn_cascade
gnn_cascade,post_covid,2,Far East,2024-25,0.9,IT90,119.58175049878095,9,,,,,,2025-06-01,2025-06-08,1.0,31.653696060180664,29.866121292114254,-1.7875747680664098,gnn_cascade
gnn_cascade,post_covid,2,Far East,2024-25,0.98,IT98,159.7885780471188,9,,,,,,2025-06-01,2025-06-08,1.0,31.653696060180664,29.866121292114254,-1.7875747680664098,gnn_cascade
gnn_cascade,post_covid,2,Far East,2025-26,0.5,IT50,76.01095931639992,44,2025-12-21,2025-12-14,-1.0,1.0,2025-12-14,2025-12-28,2026-01-11,2.0,123.0313491821289,94.06082153320312,-28.97052764892578,gnn_cascade
gnn_cascade,post_covid,2,Far East,2025-26,0.9,IT90,119.58175049878095,44,2025-12-28,,,,,2025-12-28,2026-01-11,2.0,123.0313491821289,94.06082153320312,-28.97052764892578,gnn_cascade
gnn_cascade,post_covid,2,Far East,2025-26,0.98,IT98,159.7885780471188,44,,,,,,2025-12-28,2026-01-11,2.0,123.0313491821289,94.06082153320312,-28.97052764892578,gnn_cascade
gnn_cascade,post_covid,2,Far South,2024-25,0.5,IT50,69.7066330370401,9,,,,,,2025-06-01,2025-06-08,1.0,27.77184295654297,23.838144302368164,-3.9336986541748047,gnn_cascade
gnn_cascade,post_covid,2,Far South,2024-25,0.9,IT90,121.95949130896,9,,,,,,2025-06-01,2025-06-08,1.0,27.77184295654297,23.838144302368164,-3.9336986541748047,gnn_cascade
gnn_cascade,post_covid,2,Far South,2024-25,0.98,IT98,174.42921640712913,9,,,,,,2025-06-01,2025-06-08,1.0,27.77184295654297,23.838144302368164,-3.9336986541748047,gnn_cascade
gnn_cascade,post_covid,2,Far South,2025-26,0.5,IT50,69.7066330370401,44,2025-12-14,2025-12-14,0.0,0.0,2025-12-14,2026-01-18,2026-02-01,2.0,100.40589904785156,78.70108032226562,-21.704818725585938,gnn_cascade
gnn_cascade,post_covid,2,Far South,2025-26,0.9,IT90,121.95949130896,44,,,,,,2026-01-18,2026-02-01,2.0,100.40589904785156,78.70108032226562,-21.704818725585938,gnn_cascade
gnn_cascade,post_covid,2,Far South,2025-26,0.98,IT98,174.42921640712913,44,,,,,,2026-01-18,2026-02-01,2.0,100.40589904785156,78.70108032226562,-21.704818725585938,gnn_cascade
gnn_cascade,post_covid,2,Far Southeast,2024-25,0.5,IT50,10.956265259525463,9,,,,,,2025-06-01,2025-06-08,1.0,6.61631965637207,4.616940498352051,-1.9993791580200195,gnn_cascade
gnn_cascade,post_covid,2,Far Southeast,2024-25,0.9,IT90,18.40391015194404,9,,,,,,2025-06-01,2025-06-08,1.0,6.61631965637207,4.616940498352051,-1.9993791580200195,gnn_cascade
gnn_cascade,post_covid,2,Far Southeast,2024-25,0.98,IT98,25.644566505740826,9,,,,,,2025-06-01,2025-06-08,1.0,6.61631965637207,4.616940498352051,-1.9993791580200195,gnn_cascade
gnn_cascade,post_covid,2,Far Southeast,2025-26,0.5,IT50,10.956265259525463,44,2025-12-07,,,,,2025-12-21,2026-01-11,3.0,14.177827835083008,10.940810203552246,-3.2370176315307617,gnn_cascade
gnn_cascade,post_covid,2,Far Southeast,2025-26,0.9,IT90,18.40391015194404,44,,,,,,2025-12-21,2026-01-11,3.0,14.177827835083008,10.940810203552246,-3.2370176315307617,gnn_cascade
gnn_cascade,post_covid,2,Far Southeast,2025-26,0.98,IT98,25.644566505740826,44,,,,,,2025-12-21,2026-01-11,3.0,14.177827835083008,10.940810203552246,-3.2370176315307617,gnn_cascade
gnn_cascade,post_covid,2,Far Southwest,2024-25,0.5,IT50,34.041053932580134,9,,,,,,2025-07-06,2025-06-08,-4.0,13.57149600982666,11.233386993408203,-2.338109016418457,gnn_cascade
gnn_cascade,post_covid,2,Far Southwest,2024-25,0.9,IT90,54.68112356483704,9,,,,,,2025-07-06,2025-06-08,-4.0,13.57149600982666,11.233386993408203,-2.338109016418457,gnn_cascade
gnn_cascade,post_covid,2,Far Southwest,2024-25,0.98,IT98,74.04650918881951,9,,,,,,2025-07-06,2025-06-08,-4.0,13.57149600982666,11.233386993408203,-2.338109016418457,gnn_cascade
gnn_cascade,post_covid,2,Far Southwest,2025-26,0.5,IT50,34.041053932580134,44,2025-12-14,2025-12-21,1.0,-1.0,2025-12-21,2025-12-14,2025-12-28,2.0,46.97825241088867,39.86984634399414,-7.108406066894531,gnn_cascade
gnn_cascade,post_covid,2,Far Southwest,2025-26,0.9,IT90,54.68112356483704,44,,,,,,2025-12-14,2025-12-28,2.0,46.97825241088867,39.86984634399414,-7.108406066894531,gnn_cascade
gnn_cascade,post_covid,2,Far Southwest,2025-26,0.98,IT98,74.04650918881951,44,,,,,,2025-12-14,2025-12-28,2.0,46.97825241088867,39.86984634399414,-7.108406066894531,gnn_cascade
gnn_cascade,post_covid,2,Hilliard,2024-25,0.5,IT50,19.24134804712757,9,,,,,,2025-06-01,2025-06-22,3.0,10.828537940979004,5.971007823944092,-4.857530117034912,gnn_cascade
gnn_cascade,post_covid,2,Hilliard,2024-25,0.9,IT90,34.52709434950146,9,,,,,,2025-06-01,2025-06-22,3.0,10.828537940979004,5.971007823944092,-4.857530117034912,gnn_cascade
gnn_cascade,post_covid,2,Hilliard,2024-25,0.98,IT98,50.186768532537315,9,,,,,,2025-06-01,2025-06-22,3.0,10.828537940979004,5.971007823944092,-4.857530117034912,gnn_cascade
gnn_cascade,post_covid,2,Hilliard,2025-26,0.5,IT50,19.24134804712757,44,2025-12-07,2025-12-21,2.0,-2.0,2025-12-21,2025-12-21,2026-01-04,2.0,34.03254699707031,25.250160217285156,-8.782386779785156,gnn_cascade
gnn_cascade,post_covid,2,Hilliard,2025-26,0.9,IT90,34.52709434950146,44,,,,,,2025-12-21,2026-01-04,2.0,34.03254699707031,25.250160217285156,-8.782386779785156,gnn_cascade
gnn_cascade,post_covid,2,Hilliard,2025-26,0.98,IT98,50.186768532537315,44,,,,,,2025-12-21,2026-01-04,2.0,34.03254699707031,25.250160217285156,-8.782386779785156,gnn_cascade
gnn_cascade,post_covid,2,Linden,2024-25,0.5,IT50,53.62727596624066,9,,,,,,2025-06-08,2025-06-08,0.0,23.84536361694336,17.613826751708984,-6.231536865234375,gnn_cascade
gnn_cascade,post_covid,2,Linden,2024-25,0.9,IT90,82.61523156370409,9,,,,,,2025-06-08,2025-06-08,0.0,23.84536361694336,17.613826751708984,-6.231536865234375,gnn_cascade
gnn_cascade,post_covid,2,Linden,2024-25,0.98,IT98,108.92078323683364,9,,,,,,2025-06-08,2025-06-08,0.0,23.84536361694336,17.613826751708984,-6.231536865234375,gnn_cascade
gnn_cascade,post_covid,2,Linden,2025-26,0.5,IT50,53.62727596624066,44,2025-12-14,2025-12-28,2.0,-2.0,2025-12-28,2026-01-04,2026-02-01,4.0,76.00709533691406,61.794532775878906,-14.212562561035156,gnn_cascade
gnn_cascade,post_covid,2,Linden,2025-26,0.9,IT90,82.61523156370409,44,,,,,,2026-01-04,2026-02-01,4.0,76.00709533691406,61.794532775878906,-14.212562561035156,gnn_cascade
gnn_cascade,post_covid,2,Linden,2025-26,0.98,IT98,108.92078323683364,44,,,,,,2026-01-04,2026-02-01,4.0,76.00709533691406,61.794532775878906,-14.212562561035156,gnn_cascade
gnn_cascade,post_covid,2,NE Suburban,2024-25,0.5,IT50,27.312493683860776,9,,,,,,2025-06-01,2025-06-08,1.0,9.269793510437012,10.998595237731934,1.7288017272949219,gnn_cascade
gnn_cascade,post_covid,2,NE Suburban,2024-25,0.9,IT90,41.22759712033061,9,,,,,,2025-06-01,2025-06-08,1.0,9.269793510437012,10.998595237731934,1.7288017272949219,gnn_cascade
gnn_cascade,post_covid,2,NE Suburban,2024-25,0.98,IT98,53.6511443833241,9,,,,,,2025-06-01,2025-06-08,1.0,9.269793510437012,10.998595237731934,1.7288017272949219,gnn_cascade
gnn_cascade,post_covid,2,NE Suburban,2025-26,0.5,IT50,27.312493683860776,44,2025-12-21,2026-01-04,2.0,-2.0,2026-01-04,2025-12-21,2026-01-04,2.0,50.56250762939453,36.55829620361328,-14.00421142578125,gnn_cascade
gnn_cascade,post_covid,2,NE Suburban,2025-26,0.9,IT90,41.22759712033061,44,2025-12-21,,,,,2025-12-21,2026-01-04,2.0,50.56250762939453,36.55829620361328,-14.00421142578125,gnn_cascade
gnn_cascade,post_covid,2,NE Suburban,2025-26,0.98,IT98,53.6511443833241,44,,,,,,2025-12-21,2026-01-04,2.0,50.56250762939453,36.55829620361328,-14.00421142578125,gnn_cascade
gnn_cascade,post_covid,2,Northland,2024-25,0.5,IT50,56.127661353876796,9,,,,,,2025-07-06,2025-06-01,-5.0,20.79029083251953,22.93606948852539,2.1457786560058594,gnn_cascade
gnn_cascade,post_covid,2,Northland,2024-25,0.9,IT90,89.91407794411414,9,,,,,,2025-07-06,2025-06-01,-5.0,20.79029083251953,22.93606948852539,2.1457786560058594,gnn_cascade
gnn_cascade,post_covid,2,Northland,2024-25,0.98,IT98,121.54516325409915,9,,,,,,2025-07-06,2025-06-01,-5.0,20.79029083251953,22.93606948852539,2.1457786560058594,gnn_cascade
gnn_cascade,post_covid,2,Northland,2025-26,0.5,IT50,56.127661353876796,44,2025-12-14,2025-12-21,1.0,-1.0,2025-12-21,2026-01-04,2026-01-11,1.0,87.05934143066406,64.58480834960938,-22.474533081054688,gnn_cascade
gnn_cascade,post_covid,2,Northland,2025-26,0.9,IT90,89.91407794411414,44,,,,,,2026-01-04,2026-01-11,1.0,87.05934143066406,64.58480834960938,-22.474533081054688,gnn_cascade
gnn_cascade,post_covid,2,Northland,2025-26,0.98,IT98,121.54516325409915,44,,,,,,2026-01-04,2026-01-11,1.0,87.05934143066406,64.58480834960938,-22.474533081054688,gnn_cascade
gnn_cascade,post_covid,2,UA/Grandview,2024-25,0.5,IT50,8.143164584776198,9,,,,,,2025-07-06,2025-06-15,-3.0,5.691908359527588,2.351395845413208,-3.34051251411438,gnn_cascade
gnn_cascade,post_covid,2,UA/Grandview,2024-25,0.9,IT90,16.706142473783938,9,,,,,,2025-07-06,2025-06-15,-3.0,5.691908359527588,2.351395845413208,-3.34051251411438,gnn_cascade
gnn_cascade,post_covid,2,UA/Grandview,2024-25,0.98,IT98,26.455007113900507,9,,,,,,2025-07-06,2025-06-15,-3.0,5.691908359527588,2.351395845413208,-3.34051251411438,gnn_cascade
gnn_cascade,post_covid,2,UA/Grandview,2025-26,0.5,IT50,8.143164584776198,44,2025-12-07,2025-12-21,2.0,-2.0,2025-12-21,2025-12-07,2025-12-21,2.0,15.93734359741211,11.29551887512207,-4.641824722290039,gnn_cascade
gnn_cascade,post_covid,2,UA/Grandview,2025-26,0.9,IT90,16.706142473783938,44,,,,,,2025-12-07,2025-12-21,2.0,15.93734359741211,11.29551887512207,-4.641824722290039,gnn_cascade
gnn_cascade,post_covid,2,UA/Grandview,2025-26,0.98,IT98,26.455007113900507,44,,,,,,2025-12-07,2025-12-21,2.0,15.93734359741211,11.29551887512207,-4.641824722290039,gnn_cascade
gnn_cascade,post_covid,2,West,2024-25,0.5,IT50,73.15037971354549,9,,,,,,2025-06-01,2025-06-08,1.0,26.18584442138672,23.622352600097656,-2.5634918212890625,gnn_cascade
gnn_cascade,post_covid,2,West,2024-25,0.9,IT90,114.1022318647041,9,,,,,,2025-06-01,2025-06-08,1.0,26.18584442138672,23.622352600097656,-2.5634918212890625,gnn_cascade
gnn_cascade,post_covid,2,West,2024-25,0.98,IT98,151.63555393306305,9,,,,,,2025-06-01,2025-06-08,1.0,26.18584442138672,23.622352600097656,-2.5634918212890625,gnn_cascade
gnn_cascade,post_covid,2,West,2025-26,0.5,IT50,73.15037971354549,44,2025-12-21,2025-12-21,0.0,0.0,2025-12-21,2026-01-04,2026-02-01,4.0,84.5428695678711,82.30718994140625,-2.2356796264648438,gnn_cascade
gnn_cascade,post_covid,2,West,2025-26,0.9,IT90,114.1022318647041,44,,,,,,2026-01-04,2026-02-01,4.0,84.5428695678711,82.30718994140625,-2.2356796264648438,gnn_cascade
gnn_cascade,post_covid,2,West,2025-26,0.98,IT98,151.63555393306305,44,,,,,,2026-01-04,2026-02-01,4.0,84.5428695678711,82.30718994140625,-2.2356796264648438,gnn_cascade
gnn_cascade,post_covid,2,Westerville,2024-25,0.5,IT50,24.33364195874595,9,,,,,,2025-06-01,2025-06-08,1.0,9.329228401184082,9.13174057006836,-0.19748783111572266,gnn_cascade
gnn_cascade,post_covid,2,Westerville,2024-25,0.9,IT90,36.408491039457616,9,,,,,,2025-06-01,2025-06-08,1.0,9.329228401184082,9.13174057006836,-0.19748783111572266,gnn_cascade
gnn_cascade,post_covid,2,Westerville,2024-25,0.98,IT98,47.11324141772458,9,,,,,,2025-06-01,2025-06-08,1.0,9.329228401184082,9.13174057006836,-0.19748783111572266,gnn_cascade
gnn_cascade,post_covid,2,Westerville,2025-26,0.5,IT50,24.33364195874595,44,2025-12-14,2025-12-28,2.0,-2.0,2025-12-28,2025-12-21,2026-01-04,2.0,45.091270446777344,32.55760192871094,-12.533668518066406,gnn_cascade
gnn_cascade,post_covid,2,Westerville,2025-26,0.9,IT90,36.408491039457616,44,2025-12-21,,,,,2025-12-21,2026-01-04,2.0,45.091270446777344,32.55760192871094,-12.533668518066406,gnn_cascade
gnn_cascade,post_covid,2,Westerville,2025-26,0.98,IT98,47.11324141772458,44,,,,,,2025-12-21,2026-01-04,2.0,45.091270446777344,32.55760192871094,-12.533668518066406,gnn_cascade
gnn_cascade,post_covid,2,Worthington,2024-25,0.5,IT50,13.721631551906164,9,,,,,,2025-06-08,2025-06-01,-1.0,11.216263771057127,5.795510768890381,-5.420753002166746,gnn_cascade
gnn_cascade,post_covid,2,Worthington,2024-25,0.9,IT90,22.978569674557114,9,,,,,,2025-06-08,2025-06-01,-1.0,11.216263771057127,5.795510768890381,-5.420753002166746,gnn_cascade
gnn_cascade,post_covid,2,Worthington,2024-25,0.98,IT98,31.956357603850087,9,,,,,,2025-06-08,2025-06-01,-1.0,11.216263771057127,5.795510768890381,-5.420753002166746,gnn_cascade
gnn_cascade,post_covid,2,Worthington,2025-26,0.5,IT50,13.721631551906164,44,2025-08-31,2025-12-21,16.0,-16.0,2025-12-21,2025-12-21,2026-01-04,2.0,44.86505508422851,30.111574172973633,-14.753480911254876,gnn_cascade
gnn_cascade,post_covid,2,Worthington,2025-26,0.9,IT90,22.978569674557114,44,2025-12-21,2026-01-04,2.0,-2.0,2026-01-04,2025-12-21,2026-01-04,2.0,44.86505508422851,30.111574172973633,-14.753480911254876,gnn_cascade
gnn_cascade,post_covid,2,Worthington,2025-26,0.98,IT98,31.956357603850087,44,2025-12-21,,,,,2025-12-21,2026-01-04,2.0,44.86505508422851,30.111574172973633,-14.753480911254876,gnn_cascade
gnn_cascade,post_covid,2,CITYWIDE,2024-25,0.5,IT50,35.19412725226089,9,,,,,,2025-06-01,2025-06-08,1.0,13.228462906444774,12.698897817555595,-0.5295650888891785,gnn_cascade
gnn_cascade,post_covid,2,CITYWIDE,2024-25,0.9,IT90,56.071415152332634,9,,,,,,2025-06-01,2025-06-08,1.0,13.228462906444774,12.698897817555595,-0.5295650888891785,gnn_cascade
gnn_cascade,post_covid,2,CITYWIDE,2024-25,0.98,IT98,75.53173152268305,9,,,,,,2025-06-01,2025-06-08,1.0,13.228462906444774,12.698897817555595,-0.5295650888891785,gnn_cascade
gnn_cascade,post_covid,2,CITYWIDE,2025-26,0.5,IT50,35.19412725226089,44,2025-12-14,2025-12-21,1.0,-1.0,2025-12-21,2025-12-21,2026-01-04,2.0,52.20358511980842,42.05065205517937,-10.152933064629053,gnn_cascade
gnn_cascade,post_covid,2,CITYWIDE,2025-26,0.9,IT90,56.071415152332634,44,,,,,,2025-12-21,2026-01-04,2.0,52.20358511980842,42.05065205517937,-10.152933064629053,gnn_cascade
gnn_cascade,post_covid,2,CITYWIDE,2025-26,0.98,IT98,75.53173152268305,44,,,,,,2025-12-21,2026-01-04,2.0,52.20358511980842,42.05065205517937,-10.152933064629053,gnn_cascade
gnn_st,post_covid,2,Agler/Cassidy,2024-25,0.5,IT50,51.74083078339265,9,,,,,,2025-06-08,2025-06-08,0.0,30.734241485595703,20.933923721313477,-9.800317764282227,gnn_st
gnn_st,post_covid,2,Agler/Cassidy,2024-25,0.9,IT90,88.48740693700204,9,,,,,,2025-06-08,2025-06-08,0.0,30.734241485595703,20.933923721313477,-9.800317764282227,gnn_st
gnn_st,post_covid,2,Agler/Cassidy,2024-25,0.98,IT98,124.72586226376617,9,,,,,,2025-06-08,2025-06-08,0.0,30.734241485595703,20.933923721313477,-9.800317764282227,gnn_st
gnn_st,post_covid,2,Agler/Cassidy,2025-26,0.5,IT50,51.74083078339265,44,2025-12-14,2025-12-28,2.0,-2.0,2025-12-28,2025-12-14,2025-12-28,2.0,86.05587768554688,68.8011245727539,-17.25475311279297,gnn_st
gnn_st,post_covid,2,Agler/Cassidy,2025-26,0.9,IT90,88.48740693700204,44,,,,,,2025-12-14,2025-12-28,2.0,86.05587768554688,68.8011245727539,-17.25475311279297,gnn_st
gnn_st,post_covid,2,Agler/Cassidy,2025-26,0.98,IT98,124.72586226376617,44,,,,,,2025-12-14,2025-12-28,2.0,86.05587768554688,68.8011245727539,-17.25475311279297,gnn_st
gnn_st,post_covid,2,Bexley,2024-25,0.5,IT50,24.605454693531783,9,,,,,,2025-06-08,2025-06-08,0.0,7.03457498550415,9.074893951416016,2.0403189659118652,gnn_st
gnn_st,post_covid,2,Bexley,2024-25,0.9,IT90,37.5430295506582,9,,,,,,2025-06-08,2025-06-08,0.0,7.03457498550415,9.074893951416016,2.0403189659118652,gnn_st
gnn_st,post_covid,2,Bexley,2024-25,0.98,IT98,49.19357270883574,9,,,,,,2025-06-08,2025-06-08,0.0,7.03457498550415,9.074893951416016,2.0403189659118652,gnn_st
gnn_st,post_covid,2,Bexley,2025-26,0.5,IT50,24.605454693531783,44,2025-12-07,2025-12-21,2.0,-2.0,2025-12-21,2026-01-04,2026-01-18,2.0,49.24202728271485,34.30664825439453,-14.93537902832032,gnn_st
gnn_st,post_covid,2,Bexley,2025-26,0.9,IT90,37.5430295506582,44,2025-12-28,,,,,2026-01-04,2026-01-18,2.0,49.24202728271485,34.30664825439453,-14.93537902832032,gnn_st
gnn_st,post_covid,2,Bexley,2025-26,0.98,IT98,49.19357270883574,44,2026-01-04,,,,,2026-01-04,2026-01-18,2.0,49.24202728271485,34.30664825439453,-14.93537902832032,gnn_st
gnn_st,post_covid,2,Clintonville/Near North,2024-25,0.5,IT50,15.728895715230147,9,,,,,,2025-07-13,2025-06-01,-6.0,5.136054039001465,5.15291690826416,0.016862869262695312,gnn_st
gnn_st,post_covid,2,Clintonville/Near North,2024-25,0.9,IT90,22.099499115677975,9,,,,,,2025-07-13,2025-06-01,-6.0,5.136054039001465,5.15291690826416,0.016862869262695312,gnn_st
gnn_st,post_covid,2,Clintonville/Near North,2024-25,0.98,IT98,27.469599865392972,9,,,,,,2025-07-13,2025-06-01,-6.0,5.136054039001465,5.15291690826416,0.016862869262695312,gnn_st
gnn_st,post_covid,2,Clintonville/Near North,2025-26,0.5,IT50,15.728895715230147,44,2025-12-07,2025-12-21,2.0,-2.0,2025-12-21,2025-12-28,2026-01-11,2.0,27.734691619873047,21.530607223510746,-6.204084396362301,gnn_st
gnn_st,post_covid,2,Clintonville/Near North,2025-26,0.9,IT90,22.099499115677975,44,2025-12-21,,,,,2025-12-28,2026-01-11,2.0,27.734691619873047,21.530607223510746,-6.204084396362301,gnn_st
gnn_st,post_covid,2,Clintonville/Near North,2025-26,0.98,IT98,27.469599865392972,44,2025-12-28,,,,,2025-12-28,2026-01-11,2.0,27.734691619873047,21.530607223510746,-6.204084396362301,gnn_st
gnn_st,post_covid,2,Dublin,2024-25,0.5,IT50,8.038849454818003,9,,,,,,2025-07-13,2025-06-08,-5.0,3.810394763946533,2.899653434753418,-0.9107413291931152,gnn_st
gnn_st,post_covid,2,Dublin,2024-25,0.9,IT90,14.1626396504559,9,,,,,,2025-07-13,2025-06-08,-5.0,3.810394763946533,2.899653434753418,-0.9107413291931152,gnn_st
gnn_st,post_covid,2,Dublin,2024-25,0.98,IT98,20.345693253667104,9,,,,,,2025-07-13,2025-06-08,-5.0,3.810394763946533,2.899653434753418,-0.9107413291931152,gnn_st
gnn_st,post_covid,2,Dublin,2025-26,0.5,IT50,8.038849454818003,44,2025-12-14,2025-12-14,0.0,0.0,2025-12-14,2025-12-21,2026-01-04,2.0,16.765737533569336,12.494708061218262,-4.271029472351074,gnn_st
gnn_st,post_covid,2,Dublin,2025-26,0.9,IT90,14.1626396504559,44,2025-12-21,,,,,2025-12-21,2026-01-04,2.0,16.765737533569336,12.494708061218262,-4.271029472351074,gnn_st
gnn_st,post_covid,2,Dublin,2025-26,0.98,IT98,20.345693253667104,44,,,,,,2025-12-21,2026-01-04,2.0,16.765737533569336,12.494708061218262,-4.271029472351074,gnn_st
gnn_st,post_covid,2,Eastside,2024-25,0.5,IT50,53.89825474693718,9,,,,,,2025-06-01,2025-06-08,1.0,18.382776260375977,15.958337783813477,-2.4244384765625,gnn_st
gnn_st,post_covid,2,Eastside,2024-25,0.9,IT90,89.53274062296502,9,,,,,,2025-06-01,2025-06-08,1.0,18.382776260375977,15.958337783813477,-2.4244384765625,gnn_st
gnn_st,post_covid,2,Eastside,2024-25,0.98,IT98,123.87134674281285,9,,,,,,2025-06-01,2025-06-08,1.0,18.382776260375977,15.958337783813477,-2.4244384765625,gnn_st
gnn_st,post_covid,2,Eastside,2025-26,0.5,IT50,53.89825474693718,44,2025-12-21,2025-12-21,0.0,0.0,2025-12-21,2025-12-21,2026-01-04,2.0,91.91387939453124,70.85049438476562,-21.06338500976561,gnn_st
gnn_st,post_covid,2,Eastside,2025-26,0.9,IT90,89.53274062296502,44,2025-12-21,,,,,2025-12-21,2026-01-04,2.0,91.91387939453124,70.85049438476562,-21.06338500976561,gnn_st
gnn_st,post_covid,2,Eastside,2025-26,0.98,IT98,123.87134674281285,44,,,,,,2025-12-21,2026-01-04,2.0,91.91387939453124,70.85049438476562,-21.06338500976561,gnn_st
gnn_st,post_covid,2,Far East,2024-25,0.5,IT50,76.01095931639992,9,,,,,,2025-06-01,2025-06-08,1.0,31.653696060180664,31.341909408569336,-0.3117866516113281,gnn_st
gnn_st,post_covid,2,Far East,2024-25,0.9,IT90,119.58175049878095,9,,,,,,2025-06-01,2025-06-08,1.0,31.653696060180664,31.341909408569336,-0.3117866516113281,gnn_st
gnn_st,post_covid,2,Far East,2024-25,0.98,IT98,159.7885780471188,9,,,,,,2025-06-01,2025-06-08,1.0,31.653696060180664,31.341909408569336,-0.3117866516113281,gnn_st
gnn_st,post_covid,2,Far East,2025-26,0.5,IT50,76.01095931639992,44,2025-12-21,2025-12-21,0.0,0.0,2025-12-21,2025-12-28,2026-01-11,2.0,123.03134155273438,99.2660140991211,-23.76532745361328,gnn_st
gnn_st,post_covid,2,Far East,2025-26,0.9,IT90,119.58175049878095,44,2025-12-28,,,,,2025-12-28,2026-01-11,2.0,123.03134155273438,99.2660140991211,-23.76532745361328,gnn_st
gnn_st,post_covid,2,Far East,2025-26,0.98,IT98,159.7885780471188,44,,,,,,2025-12-28,2026-01-11,2.0,123.03134155273438,99.2660140991211,-23.76532745361328,gnn_st
gnn_st,post_covid,2,Far South,2024-25,0.5,IT50,69.7066330370401,9,,,,,,2025-06-01,2025-06-01,0.0,27.77184295654297,24.848325729370117,-2.9235172271728516,gnn_st
gnn_st,post_covid,2,Far South,2024-25,0.9,IT90,121.95949130896,9,,,,,,2025-06-01,2025-06-01,0.0,27.77184295654297,24.848325729370117,-2.9235172271728516,gnn_st
gnn_st,post_covid,2,Far South,2024-25,0.98,IT98,174.42921640712913,9,,,,,,2025-06-01,2025-06-01,0.0,27.77184295654297,24.848325729370117,-2.9235172271728516,gnn_st
gnn_st,post_covid,2,Far South,2025-26,0.5,IT50,69.7066330370401,44,2025-12-14,2025-12-21,1.0,-1.0,2025-12-21,2026-01-18,2026-02-01,2.0,100.40589904785156,79.77264404296875,-20.633255004882812,gnn_st
gnn_st,post_covid,2,Far South,2025-26,0.9,IT90,121.95949130896,44,,,,,,2026-01-18,2026-02-01,2.0,100.40589904785156,79.77264404296875,-20.633255004882812,gnn_st
gnn_st,post_covid,2,Far South,2025-26,0.98,IT98,174.42921640712913,44,,,,,,2026-01-18,2026-02-01,2.0,100.40589904785156,79.77264404296875,-20.633255004882812,gnn_st
gnn_st,post_covid,2,Far Southeast,2024-25,0.5,IT50,10.956265259525463,9,,,,,,2025-06-01,2025-06-08,1.0,6.61631965637207,5.307120323181152,-1.309199333190918,gnn_st
gnn_st,post_covid,2,Far Southeast,2024-25,0.9,IT90,18.40391015194404,9,,,,,,2025-06-01,2025-06-08,1.0,6.61631965637207,5.307120323181152,-1.309199333190918,gnn_st
gnn_st,post_covid,2,Far Southeast,2024-25,0.98,IT98,25.644566505740826,9,,,,,,2025-06-01,2025-06-08,1.0,6.61631965637207,5.307120323181152,-1.309199333190918,gnn_st
gnn_st,post_covid,2,Far Southeast,2025-26,0.5,IT50,10.956265259525463,44,2025-12-07,2025-12-21,2.0,-2.0,2025-12-21,2025-12-21,2026-01-11,3.0,14.177827835083008,12.096169471740724,-2.0816583633422834,gnn_st
gnn_st,post_covid,2,Far Southeast,2025-26,0.9,IT90,18.40391015194404,44,,,,,,2025-12-21,2026-01-11,3.0,14.177827835083008,12.096169471740724,-2.0816583633422834,gnn_st
gnn_st,post_covid,2,Far Southeast,2025-26,0.98,IT98,25.644566505740826,44,,,,,,2025-12-21,2026-01-11,3.0,14.177827835083008,12.096169471740724,-2.0816583633422834,gnn_st
gnn_st,post_covid,2,Far Southwest,2024-25,0.5,IT50,34.041053932580134,9,,,,,,2025-07-06,2025-06-08,-4.0,13.57149600982666,12.394070625305176,-1.1774253845214844,gnn_st
gnn_st,post_covid,2,Far Southwest,2024-25,0.9,IT90,54.68112356483704,9,,,,,,2025-07-06,2025-06-08,-4.0,13.57149600982666,12.394070625305176,-1.1774253845214844,gnn_st
gnn_st,post_covid,2,Far Southwest,2024-25,0.98,IT98,74.04650918881951,9,,,,,,2025-07-06,2025-06-08,-4.0,13.57149600982666,12.394070625305176,-1.1774253845214844,gnn_st
gnn_st,post_covid,2,Far Southwest,2025-26,0.5,IT50,34.041053932580134,44,2025-12-14,2025-12-21,1.0,-1.0,2025-12-21,2025-12-14,2025-12-28,2.0,46.97825241088867,41.212154388427734,-5.7660980224609375,gnn_st
gnn_st,post_covid,2,Far Southwest,2025-26,0.9,IT90,54.68112356483704,44,,,,,,2025-12-14,2025-12-28,2.0,46.97825241088867,41.212154388427734,-5.7660980224609375,gnn_st
gnn_st,post_covid,2,Far Southwest,2025-26,0.98,IT98,74.04650918881951,44,,,,,,2025-12-14,2025-12-28,2.0,46.97825241088867,41.212154388427734,-5.7660980224609375,gnn_st
gnn_st,post_covid,2,Hilliard,2024-25,0.5,IT50,19.24134804712757,9,,,,,,2025-06-01,2025-06-15,2.0,10.828537940979004,7.295823574066162,-3.532714366912842,gnn_st
gnn_st,post_covid,2,Hilliard,2024-25,0.9,IT90,34.52709434950146,9,,,,,,2025-06-01,2025-06-15,2.0,10.828537940979004,7.295823574066162,-3.532714366912842,gnn_st
gnn_st,post_covid,2,Hilliard,2024-25,0.98,IT98,50.186768532537315,9,,,,,,2025-06-01,2025-06-15,2.0,10.828537940979004,7.295823574066162,-3.532714366912842,gnn_st
gnn_st,post_covid,2,Hilliard,2025-26,0.5,IT50,19.24134804712757,44,2025-12-07,2025-12-21,2.0,-2.0,2025-12-21,2025-12-21,2026-01-04,2.0,34.03254699707031,26.45742416381836,-7.575122833251953,gnn_st
gnn_st,post_covid,2,Hilliard,2025-26,0.9,IT90,34.52709434950146,44,,,,,,2025-12-21,2026-01-04,2.0,34.03254699707031,26.45742416381836,-7.575122833251953,gnn_st
gnn_st,post_covid,2,Hilliard,2025-26,0.98,IT98,50.186768532537315,44,,,,,,2025-12-21,2026-01-04,2.0,34.03254699707031,26.45742416381836,-7.575122833251953,gnn_st
gnn_st,post_covid,2,Linden,2024-25,0.5,IT50,53.62727596624066,9,,,,,,2025-06-08,2025-06-08,0.0,23.84536361694336,19.124608993530273,-4.720754623413086,gnn_st
gnn_st,post_covid,2,Linden,2024-25,0.9,IT90,82.61523156370409,9,,,,,,2025-06-08,2025-06-08,0.0,23.84536361694336,19.124608993530273,-4.720754623413086,gnn_st
gnn_st,post_covid,2,Linden,2024-25,0.98,IT98,108.92078323683364,9,,,,,,2025-06-08,2025-06-08,0.0,23.84536361694336,19.124608993530273,-4.720754623413086,gnn_st
gnn_st,post_covid,2,Linden,2025-26,0.5,IT50,53.62727596624066,44,2025-12-14,2025-12-21,1.0,-1.0,2025-12-21,2026-01-04,2026-01-11,1.0,76.00709533691406,59.504905700683594,-16.50218963623047,gnn_st
gnn_st,post_covid,2,Linden,2025-26,0.9,IT90,82.61523156370409,44,,,,,,2026-01-04,2026-01-11,1.0,76.00709533691406,59.504905700683594,-16.50218963623047,gnn_st
gnn_st,post_covid,2,Linden,2025-26,0.98,IT98,108.92078323683364,44,,,,,,2026-01-04,2026-01-11,1.0,76.00709533691406,59.504905700683594,-16.50218963623047,gnn_st
gnn_st,post_covid,2,NE Suburban,2024-25,0.5,IT50,27.312493683860776,9,,,,,,2025-06-01,2025-06-08,1.0,9.269793510437012,11.233856201171877,1.964062690734865,gnn_st
gnn_st,post_covid,2,NE Suburban,2024-25,0.9,IT90,41.22759712033061,9,,,,,,2025-06-01,2025-06-08,1.0,9.269793510437012,11.233856201171877,1.964062690734865,gnn_st
gnn_st,post_covid,2,NE Suburban,2024-25,0.98,IT98,53.6511443833241,9,,,,,,2025-06-01,2025-06-08,1.0,9.269793510437012,11.233856201171877,1.964062690734865,gnn_st
gnn_st,post_covid,2,NE Suburban,2025-26,0.5,IT50,27.312493683860776,44,2025-12-21,2026-01-04,2.0,-2.0,2026-01-04,2025-12-21,2026-01-04,2.0,50.56250762939453,38.919227600097656,-11.643280029296875,gnn_st
gnn_st,post_covid,2,NE Suburban,2025-26,0.9,IT90,41.22759712033061,44,2025-12-21,,,,,2025-12-21,2026-01-04,2.0,50.56250762939453,38.919227600097656,-11.643280029296875,gnn_st
gnn_st,post_covid,2,NE Suburban,2025-26,0.98,IT98,53.6511443833241,44,,,,,,2025-12-21,2026-01-04,2.0,50.56250762939453,38.919227600097656,-11.643280029296875,gnn_st
gnn_st,post_covid,2,Northland,2024-25,0.5,IT50,56.127661353876796,9,,,,,,2025-07-06,2025-06-08,-4.0,20.79029083251953,24.768964767456055,3.9786739349365234,gnn_st
gnn_st,post_covid,2,Northland,2024-25,0.9,IT90,89.91407794411414,9,,,,,,2025-07-06,2025-06-08,-4.0,20.79029083251953,24.768964767456055,3.9786739349365234,gnn_st
gnn_st,post_covid,2,Northland,2024-25,0.98,IT98,121.54516325409915,9,,,,,,2025-07-06,2025-06-08,-4.0,20.79029083251953,24.768964767456055,3.9786739349365234,gnn_st
gnn_st,post_covid,2,Northland,2025-26,0.5,IT50,56.127661353876796,44,2025-12-14,2025-12-28,2.0,-2.0,2025-12-28,2026-01-04,2026-01-11,1.0,87.05934143066406,67.48527526855469,-19.574066162109375,gnn_st
gnn_st,post_covid,2,Northland,2025-26,0.9,IT90,89.91407794411414,44,,,,,,2026-01-04,2026-01-11,1.0,87.05934143066406,67.48527526855469,-19.574066162109375,gnn_st
gnn_st,post_covid,2,Northland,2025-26,0.98,IT98,121.54516325409915,44,,,,,,2026-01-04,2026-01-11,1.0,87.05934143066406,67.48527526855469,-19.574066162109375,gnn_st
gnn_st,post_covid,2,UA/Grandview,2024-25,0.5,IT50,8.143164584776198,9,,,,,,2025-07-06,2025-07-20,2.0,5.691908359527588,2.6567678451538086,-3.0351405143737793,gnn_st
gnn_st,post_covid,2,UA/Grandview,2024-25,0.9,IT90,16.706142473783938,9,,,,,,2025-07-06,2025-07-20,2.0,5.691908359527588,2.6567678451538086,-3.0351405143737793,gnn_st
gnn_st,post_covid,2,UA/Grandview,2024-25,0.98,IT98,26.455007113900507,9,,,,,,2025-07-06,2025-07-20,2.0,5.691908359527588,2.6567678451538086,-3.0351405143737793,gnn_st
gnn_st,post_covid,2,UA/Grandview,2025-26,0.5,IT50,8.143164584776198,44,2025-12-07,2025-12-21,2.0,-2.0,2025-12-21,2025-12-07,2025-12-21,2.0,15.93734359741211,12.44467544555664,-3.4926681518554688,gnn_st
gnn_st,post_covid,2,UA/Grandview,2025-26,0.9,IT90,16.706142473783938,44,,,,,,2025-12-07,2025-12-21,2.0,15.93734359741211,12.44467544555664,-3.4926681518554688,gnn_st
gnn_st,post_covid,2,UA/Grandview,2025-26,0.98,IT98,26.455007113900507,44,,,,,,2025-12-07,2025-12-21,2.0,15.93734359741211,12.44467544555664,-3.4926681518554688,gnn_st
gnn_st,post_covid,2,West,2024-25,0.5,IT50,73.15037971354549,9,,,,,,2025-06-01,2025-06-08,1.0,26.18584442138672,25.20144844055176,-0.9843959808349574,gnn_st
gnn_st,post_covid,2,West,2024-25,0.9,IT90,114.1022318647041,9,,,,,,2025-06-01,2025-06-08,1.0,26.18584442138672,25.20144844055176,-0.9843959808349574,gnn_st
gnn_st,post_covid,2,West,2024-25,0.98,IT98,151.63555393306305,9,,,,,,2025-06-01,2025-06-08,1.0,26.18584442138672,25.20144844055176,-0.9843959808349574,gnn_st
gnn_st,post_covid,2,West,2025-26,0.5,IT50,73.15037971354549,44,2025-12-21,2025-12-21,0.0,0.0,2025-12-21,2026-01-04,2025-12-28,-1.0,84.5428695678711,76.29632568359375,-8.246543884277344,gnn_st
gnn_st,post_covid,2,West,2025-26,0.9,IT90,114.1022318647041,44,,,,,,2026-01-04,2025-12-28,-1.0,84.5428695678711,76.29632568359375,-8.246543884277344,gnn_st
gnn_st,post_covid,2,West,2025-26,0.98,IT98,151.63555393306305,44,,,,,,2026-01-04,2025-12-28,-1.0,84.5428695678711,76.29632568359375,-8.246543884277344,gnn_st
gnn_st,post_covid,2,Westerville,2024-25,0.5,IT50,24.33364195874595,9,,,,,,2025-06-01,2025-06-01,0.0,9.329228401184082,10.651691436767578,1.322463035583496,gnn_st
gnn_st,post_covid,2,Westerville,2024-25,0.9,IT90,36.408491039457616,9,,,,,,2025-06-01,2025-06-01,0.0,9.329228401184082,10.651691436767578,1.322463035583496,gnn_st
gnn_st,post_covid,2,Westerville,2024-25,0.98,IT98,47.11324141772458,9,,,,,,2025-06-01,2025-06-01,0.0,9.329228401184082,10.651691436767578,1.322463035583496,gnn_st
gnn_st,post_covid,2,Westerville,2025-26,0.5,IT50,24.33364195874595,44,2025-12-14,2025-12-28,2.0,-2.0,2025-12-28,2025-12-21,2026-01-04,2.0,45.091270446777344,34.32262420654297,-10.768646240234375,gnn_st
gnn_st,post_covid,2,Westerville,2025-26,0.9,IT90,36.408491039457616,44,2025-12-21,,,,,2025-12-21,2026-01-04,2.0,45.091270446777344,34.32262420654297,-10.768646240234375,gnn_st
gnn_st,post_covid,2,Westerville,2025-26,0.98,IT98,47.11324141772458,44,,,,,,2025-12-21,2026-01-04,2.0,45.091270446777344,34.32262420654297,-10.768646240234375,gnn_st
gnn_st,post_covid,2,Worthington,2024-25,0.5,IT50,13.721631551906164,9,,,,,,2025-06-08,2025-06-29,3.0,11.216263771057127,6.227999687194824,-4.988264083862303,gnn_st
gnn_st,post_covid,2,Worthington,2024-25,0.9,IT90,22.978569674557114,9,,,,,,2025-06-08,2025-06-29,3.0,11.216263771057127,6.227999687194824,-4.988264083862303,gnn_st
gnn_st,post_covid,2,Worthington,2024-25,0.98,IT98,31.956357603850087,9,,,,,,2025-06-08,2025-06-29,3.0,11.216263771057127,6.227999687194824,-4.988264083862303,gnn_st
gnn_st,post_covid,2,Worthington,2025-26,0.5,IT50,13.721631551906164,44,2025-08-31,2025-12-21,16.0,-16.0,2025-12-21,2025-12-21,2026-01-04,2.0,44.86505508422851,32.84007263183594,-12.024982452392571,gnn_st
gnn_st,post_covid,2,Worthington,2025-26,0.9,IT90,22.978569674557114,44,2025-12-21,2026-01-04,2.0,-2.0,2026-01-04,2025-12-21,2026-01-04,2.0,44.86505508422851,32.84007263183594,-12.024982452392571,gnn_st
gnn_st,post_covid,2,Worthington,2025-26,0.98,IT98,31.956357603850087,44,2025-12-21,2026-01-04,2.0,-2.0,2026-01-04,2025-12-21,2026-01-04,2.0,44.86505508422851,32.84007263183594,-12.024982452392571,gnn_st
gnn_st,post_covid,2,CITYWIDE,2024-25,0.5,IT50,35.19412725226089,9,,,,,,2025-06-01,2025-06-08,1.0,13.228462962543263,13.526547754512114,0.29808479196885074,gnn_st
gnn_st,post_covid,2,CITYWIDE,2024-25,0.9,IT90,56.071415152332634,9,,,,,,2025-06-01,2025-06-08,1.0,13.228462962543263,13.526547754512114,0.29808479196885074,gnn_st
gnn_st,post_covid,2,CITYWIDE,2024-25,0.98,IT98,75.53173152268305,9,,,,,,2025-06-01,2025-06-08,1.0,13.228462962543263,13.526547754512114,0.29808479196885074,gnn_st
gnn_st,post_covid,2,CITYWIDE,2025-26,0.5,IT50,35.19412725226089,44,2025-12-14,2025-12-21,1.0,-1.0,2025-12-21,2025-12-21,2026-01-04,2.0,52.203583997838635,43.665970858405615,-8.53761313943302,gnn_st
gnn_st,post_covid,2,CITYWIDE,2025-26,0.9,IT90,56.071415152332634,44,,,,,,2025-12-21,2026-01-04,2.0,52.203583997838635,43.665970858405615,-8.53761313943302,gnn_st
gnn_st,post_covid,2,CITYWIDE,2025-26,0.98,IT98,75.53173152268305,44,,,,,,2025-12-21,2026-01-04,2.0,52.203583997838635,43.665970858405615,-8.53761313943302,gnn_st
gnn_st_v2,post_covid,2,Agler/Cassidy,2024-25,0.5,IT50,51.74083078339265,9,,,,,,2025-06-08,2025-06-08,0.0,30.734241485595703,20.644306182861328,-10.089935302734375,gnn_st_v2
gnn_st_v2,post_covid,2,Agler/Cassidy,2024-25,0.9,IT90,88.48740693700204,9,,,,,,2025-06-08,2025-06-08,0.0,30.734241485595703,20.644306182861328,-10.089935302734375,gnn_st_v2
gnn_st_v2,post_covid,2,Agler/Cassidy,2024-25,0.98,IT98,124.72586226376617,9,,,,,,2025-06-08,2025-06-08,0.0,30.734241485595703,20.644306182861328,-10.089935302734375,gnn_st_v2
gnn_st_v2,post_covid,2,Agler/Cassidy,2025-26,0.5,IT50,51.74083078339265,44,2025-12-14,2025-12-28,2.0,-2.0,2025-12-28,2025-12-14,2025-12-28,2.0,86.05587768554688,68.77581787109375,-17.280059814453125,gnn_st_v2
gnn_st_v2,post_covid,2,Agler/Cassidy,2025-26,0.9,IT90,88.48740693700204,44,,,,,,2025-12-14,2025-12-28,2.0,86.05587768554688,68.77581787109375,-17.280059814453125,gnn_st_v2
gnn_st_v2,post_covid,2,Agler/Cassidy,2025-26,0.98,IT98,124.72586226376617,44,,,,,,2025-12-14,2025-12-28,2.0,86.05587768554688,68.77581787109375,-17.280059814453125,gnn_st_v2
gnn_st_v2,post_covid,2,Bexley,2024-25,0.5,IT50,24.605454693531783,9,,,,,,2025-06-08,2025-06-08,0.0,7.03457498550415,8.99262809753418,1.9580531120300293,gnn_st_v2
gnn_st_v2,post_covid,2,Bexley,2024-25,0.9,IT90,37.5430295506582,9,,,,,,2025-06-08,2025-06-08,0.0,7.03457498550415,8.99262809753418,1.9580531120300293,gnn_st_v2
gnn_st_v2,post_covid,2,Bexley,2024-25,0.98,IT98,49.19357270883574,9,,,,,,2025-06-08,2025-06-08,0.0,7.03457498550415,8.99262809753418,1.9580531120300293,gnn_st_v2
gnn_st_v2,post_covid,2,Bexley,2025-26,0.5,IT50,24.605454693531783,44,2025-12-07,2025-12-21,2.0,-2.0,2025-12-21,2026-01-04,2026-01-18,2.0,49.24202728271485,34.38869857788086,-14.853328704833991,gnn_st_v2
gnn_st_v2,post_covid,2,Bexley,2025-26,0.9,IT90,37.5430295506582,44,2025-12-28,,,,,2026-01-04,2026-01-18,2.0,49.24202728271485,34.38869857788086,-14.853328704833991,gnn_st_v2
gnn_st_v2,post_covid,2,Bexley,2025-26,0.98,IT98,49.19357270883574,44,2026-01-04,,,,,2026-01-04,2026-01-18,2.0,49.24202728271485,34.38869857788086,-14.853328704833991,gnn_st_v2
gnn_st_v2,post_covid,2,Clintonville/Near North,2024-25,0.5,IT50,15.728895715230147,9,,,,,,2025-07-13,2025-06-01,-6.0,5.136054039001465,5.120398044586182,-0.015655994415283203,gnn_st_v2
gnn_st_v2,post_covid,2,Clintonville/Near North,2024-25,0.9,IT90,22.099499115677975,9,,,,,,2025-07-13,2025-06-01,-6.0,5.136054039001465,5.120398044586182,-0.015655994415283203,gnn_st_v2
gnn_st_v2,post_covid,2,Clintonville/Near North,2024-25,0.98,IT98,27.469599865392972,9,,,,,,2025-07-13,2025-06-01,-6.0,5.136054039001465,5.120398044586182,-0.015655994415283203,gnn_st_v2
gnn_st_v2,post_covid,2,Clintonville/Near North,2025-26,0.5,IT50,15.728895715230147,44,2025-12-07,2025-12-21,2.0,-2.0,2025-12-21,2025-12-28,2026-01-11,2.0,27.734691619873047,21.577463150024418,-6.157228469848629,gnn_st_v2
gnn_st_v2,post_covid,2,Clintonville/Near North,2025-26,0.9,IT90,22.099499115677975,44,2025-12-21,,,,,2025-12-28,2026-01-11,2.0,27.734691619873047,21.577463150024418,-6.157228469848629,gnn_st_v2
gnn_st_v2,post_covid,2,Clintonville/Near North,2025-26,0.98,IT98,27.469599865392972,44,2025-12-28,,,,,2025-12-28,2026-01-11,2.0,27.734691619873047,21.577463150024418,-6.157228469848629,gnn_st_v2
gnn_st_v2,post_covid,2,Dublin,2024-25,0.5,IT50,8.038849454818003,9,,,,,,2025-07-13,2025-06-08,-5.0,3.810394763946533,2.8652658462524414,-0.9451289176940918,gnn_st_v2
gnn_st_v2,post_covid,2,Dublin,2024-25,0.9,IT90,14.1626396504559,9,,,,,,2025-07-13,2025-06-08,-5.0,3.810394763946533,2.8652658462524414,-0.9451289176940918,gnn_st_v2
gnn_st_v2,post_covid,2,Dublin,2024-25,0.98,IT98,20.345693253667104,9,,,,,,2025-07-13,2025-06-08,-5.0,3.810394763946533,2.8652658462524414,-0.9451289176940918,gnn_st_v2
gnn_st_v2,post_covid,2,Dublin,2025-26,0.5,IT50,8.038849454818003,44,2025-12-14,2025-12-14,0.0,0.0,2025-12-14,2025-12-21,2026-01-04,2.0,16.765737533569336,12.523028373718262,-4.242709159851074,gnn_st_v2
gnn_st_v2,post_covid,2,Dublin,2025-26,0.9,IT90,14.1626396504559,44,2025-12-21,,,,,2025-12-21,2026-01-04,2.0,16.765737533569336,12.523028373718262,-4.242709159851074,gnn_st_v2
gnn_st_v2,post_covid,2,Dublin,2025-26,0.98,IT98,20.345693253667104,44,,,,,,2025-12-21,2026-01-04,2.0,16.765737533569336,12.523028373718262,-4.242709159851074,gnn_st_v2
gnn_st_v2,post_covid,2,Eastside,2024-25,0.5,IT50,53.89825474693718,9,,,,,,2025-06-01,2025-06-08,1.0,18.382776260375977,15.9939546585083,-2.388821601867676,gnn_st_v2
gnn_st_v2,post_covid,2,Eastside,2024-25,0.9,IT90,89.53274062296502,9,,,,,,2025-06-01,2025-06-08,1.0,18.382776260375977,15.9939546585083,-2.388821601867676,gnn_st_v2
gnn_st_v2,post_covid,2,Eastside,2024-25,0.98,IT98,123.87134674281285,9,,,,,,2025-06-01,2025-06-08,1.0,18.382776260375977,15.9939546585083,-2.388821601867676,gnn_st_v2
gnn_st_v2,post_covid,2,Eastside,2025-26,0.5,IT50,53.89825474693718,44,2025-12-21,2025-12-21,0.0,0.0,2025-12-21,2025-12-21,2026-01-04,2.0,91.91387939453124,71.07194519042969,-20.84193420410155,gnn_st_v2
gnn_st_v2,post_covid,2,Eastside,2025-26,0.9,IT90,89.53274062296502,44,2025-12-21,,,,,2025-12-21,2026-01-04,2.0,91.91387939453124,71.07194519042969,-20.84193420410155,gnn_st_v2
gnn_st_v2,post_covid,2,Eastside,2025-26,0.98,IT98,123.87134674281285,44,,,,,,2025-12-21,2026-01-04,2.0,91.91387939453124,71.07194519042969,-20.84193420410155,gnn_st_v2
gnn_st_v2,post_covid,2,Far East,2024-25,0.5,IT50,76.01095931639992,9,,,,,,2025-06-01,2025-06-08,1.0,31.653696060180664,31.23554039001465,-0.4181556701660156,gnn_st_v2
gnn_st_v2,post_covid,2,Far East,2024-25,0.9,IT90,119.58175049878095,9,,,,,,2025-06-01,2025-06-08,1.0,31.653696060180664,31.23554039001465,-0.4181556701660156,gnn_st_v2
gnn_st_v2,post_covid,2,Far East,2024-25,0.98,IT98,159.7885780471188,9,,,,,,2025-06-01,2025-06-08,1.0,31.653696060180664,31.23554039001465,-0.4181556701660156,gnn_st_v2
gnn_st_v2,post_covid,2,Far East,2025-26,0.5,IT50,76.01095931639992,44,2025-12-21,2025-12-21,0.0,0.0,2025-12-21,2025-12-28,2026-01-11,2.0,123.03134155273438,99.43742370605467,-23.5939178466797,gnn_st_v2
gnn_st_v2,post_covid,2,Far East,2025-26,0.9,IT90,119.58175049878095,44,2025-12-28,,,,,2025-12-28,2026-01-11,2.0,123.03134155273438,99.43742370605467,-23.5939178466797,gnn_st_v2
gnn_st_v2,post_covid,2,Far East,2025-26,0.98,IT98,159.7885780471188,44,,,,,,2025-12-28,2026-01-11,2.0,123.03134155273438,99.43742370605467,-23.5939178466797,gnn_st_v2
gnn_st_v2,post_covid,2,Far South,2024-25,0.5,IT50,69.7066330370401,9,,,,,,2025-06-01,2025-06-01,0.0,27.77184295654297,24.72937774658203,-3.0424652099609375,gnn_st_v2
gnn_st_v2,post_covid,2,Far South,2024-25,0.9,IT90,121.95949130896,9,,,,,,2025-06-01,2025-06-01,0.0,27.77184295654297,24.72937774658203,-3.0424652099609375,gnn_st_v2
gnn_st_v2,post_covid,2,Far South,2024-25,0.98,IT98,174.42921640712913,9,,,,,,2025-06-01,2025-06-01,0.0,27.77184295654297,24.72937774658203,-3.0424652099609375,gnn_st_v2
gnn_st_v2,post_covid,2,Far South,2025-26,0.5,IT50,69.7066330370401,44,2025-12-14,2025-12-21,1.0,-1.0,2025-12-21,2026-01-18,2025-12-28,-3.0,100.40589904785156,79.59321594238281,-20.81268310546875,gnn_st_v2
gnn_st_v2,post_covid,2,Far South,2025-26,0.9,IT90,121.95949130896,44,,,,,,2026-01-18,2025-12-28,-3.0,100.40589904785156,79.59321594238281,-20.81268310546875,gnn_st_v2
gnn_st_v2,post_covid,2,Far South,2025-26,0.98,IT98,174.42921640712913,44,,,,,,2026-01-18,2025-12-28,-3.0,100.40589904785156,79.59321594238281,-20.81268310546875,gnn_st_v2
gnn_st_v2,post_covid,2,Far Southeast,2024-25,0.5,IT50,10.956265259525463,9,,,,,,2025-06-01,2025-06-08,1.0,6.61631965637207,5.315841197967529,-1.300478458404541,gnn_st_v2
gnn_st_v2,post_covid,2,Far Southeast,2024-25,0.9,IT90,18.40391015194404,9,,,,,,2025-06-01,2025-06-08,1.0,6.61631965637207,5.315841197967529,-1.300478458404541,gnn_st_v2
gnn_st_v2,post_covid,2,Far Southeast,2024-25,0.98,IT98,25.644566505740826,9,,,,,,2025-06-01,2025-06-08,1.0,6.61631965637207,5.315841197967529,-1.300478458404541,gnn_st_v2
gnn_st_v2,post_covid,2,Far Southeast,2025-26,0.5,IT50,10.956265259525463,44,2025-12-07,2025-12-21,2.0,-2.0,2025-12-21,2025-12-21,2026-01-11,3.0,14.177827835083008,12.072349548339844,-2.105478286743164,gnn_st_v2
gnn_st_v2,post_covid,2,Far Southeast,2025-26,0.9,IT90,18.40391015194404,44,,,,,,2025-12-21,2026-01-11,3.0,14.177827835083008,12.072349548339844,-2.105478286743164,gnn_st_v2
gnn_st_v2,post_covid,2,Far Southeast,2025-26,0.98,IT98,25.644566505740826,44,,,,,,2025-12-21,2026-01-11,3.0,14.177827835083008,12.072349548339844,-2.105478286743164,gnn_st_v2
gnn_st_v2,post_covid,2,Far Southwest,2024-25,0.5,IT50,34.041053932580134,9,,,,,,2025-07-06,2025-06-08,-4.0,13.57149600982666,12.377411842346191,-1.1940841674804688,gnn_st_v2
gnn_st_v2,post_covid,2,Far Southwest,2024-25,0.9,IT90,54.68112356483704,9,,,,,,2025-07-06,2025-06-08,-4.0,13.57149600982666,12.377411842346191,-1.1940841674804688,gnn_st_v2
gnn_st_v2,post_covid,2,Far Southwest,2024-25,0.98,IT98,74.04650918881951,9,,,,,,2025-07-06,2025-06-08,-4.0,13.57149600982666,12.377411842346191,-1.1940841674804688,gnn_st_v2
gnn_st_v2,post_covid,2,Far Southwest,2025-26,0.5,IT50,34.041053932580134,44,2025-12-14,2025-12-21,1.0,-1.0,2025-12-21,2025-12-14,2025-12-28,2.0,46.97825241088867,41.05571746826172,-5.922534942626953,gnn_st_v2
gnn_st_v2,post_covid,2,Far Southwest,2025-26,0.9,IT90,54.68112356483704,44,,,,,,2025-12-14,2025-12-28,2.0,46.97825241088867,41.05571746826172,-5.922534942626953,gnn_st_v2
gnn_st_v2,post_covid,2,Far Southwest,2025-26,0.98,IT98,74.04650918881951,44,,,,,,2025-12-14,2025-12-28,2.0,46.97825241088867,41.05571746826172,-5.922534942626953,gnn_st_v2
gnn_st_v2,post_covid,2,Hilliard,2024-25,0.5,IT50,19.24134804712757,9,,,,,,2025-06-01,2025-06-15,2.0,10.828537940979004,7.26992654800415,-3.5586113929748535,gnn_st_v2
gnn_st_v2,post_covid,2,Hilliard,2024-25,0.9,IT90,34.52709434950146,9,,,,,,2025-06-01,2025-06-15,2.0,10.828537940979004,7.26992654800415,-3.5586113929748535,gnn_st_v2
gnn_st_v2,post_covid,2,Hilliard,2024-25,0.98,IT98,50.186768532537315,9,,,,,,2025-06-01,2025-06-15,2.0,10.828537940979004,7.26992654800415,-3.5586113929748535,gnn_st_v2
gnn_st_v2,post_covid,2,Hilliard,2025-26,0.5,IT50,19.24134804712757,44,2025-12-07,2025-12-21,2.0,-2.0,2025-12-21,2025-12-21,2026-01-04,2.0,34.03254699707031,26.52438735961914,-7.508159637451172,gnn_st_v2
gnn_st_v2,post_covid,2,Hilliard,2025-26,0.9,IT90,34.52709434950146,44,,,,,,2025-12-21,2026-01-04,2.0,34.03254699707031,26.52438735961914,-7.508159637451172,gnn_st_v2
gnn_st_v2,post_covid,2,Hilliard,2025-26,0.98,IT98,50.186768532537315,44,,,,,,2025-12-21,2026-01-04,2.0,34.03254699707031,26.52438735961914,-7.508159637451172,gnn_st_v2
gnn_st_v2,post_covid,2,Linden,2024-25,0.5,IT50,53.62727596624066,9,,,,,,2025-06-08,2025-06-08,0.0,23.84536361694336,18.949539184570312,-4.895824432373047,gnn_st_v2
gnn_st_v2,post_covid,2,Linden,2024-25,0.9,IT90,82.61523156370409,9,,,,,,2025-06-08,2025-06-08,0.0,23.84536361694336,18.949539184570312,-4.895824432373047,gnn_st_v2
gnn_st_v2,post_covid,2,Linden,2024-25,0.98,IT98,108.92078323683364,9,,,,,,2025-06-08,2025-06-08,0.0,23.84536361694336,18.949539184570312,-4.895824432373047,gnn_st_v2
gnn_st_v2,post_covid,2,Linden,2025-26,0.5,IT50,53.62727596624066,44,2025-12-14,2025-12-28,2.0,-2.0,2025-12-28,2026-01-04,2026-01-11,1.0,76.00709533691406,59.4462890625,-16.560806274414062,gnn_st_v2
gnn_st_v2,post_covid,2,Linden,2025-26,0.9,IT90,82.61523156370409,44,,,,,,2026-01-04,2026-01-11,1.0,76.00709533691406,59.4462890625,-16.560806274414062,gnn_st_v2
gnn_st_v2,post_covid,2,Linden,2025-26,0.98,IT98,108.92078323683364,44,,,,,,2026-01-04,2026-01-11,1.0,76.00709533691406,59.4462890625,-16.560806274414062,gnn_st_v2
gnn_st_v2,post_covid,2,NE Suburban,2024-25,0.5,IT50,27.312493683860776,9,,,,,,2025-06-01,2025-06-08,1.0,9.269793510437012,11.2223482131958,1.952554702758789,gnn_st_v2
gnn_st_v2,post_covid,2,NE Suburban,2024-25,0.9,IT90,41.22759712033061,9,,,,,,2025-06-01,2025-06-08,1.0,9.269793510437012,11.2223482131958,1.952554702758789,gnn_st_v2
gnn_st_v2,post_covid,2,NE Suburban,2024-25,0.98,IT98,53.6511443833241,9,,,,,,2025-06-01,2025-06-08,1.0,9.269793510437012,11.2223482131958,1.952554702758789,gnn_st_v2
gnn_st_v2,post_covid,2,NE Suburban,2025-26,0.5,IT50,27.312493683860776,44,2025-12-21,2026-01-04,2.0,-2.0,2026-01-04,2025-12-21,2026-01-04,2.0,50.56250762939453,38.995819091796875,-11.566688537597656,gnn_st_v2
gnn_st_v2,post_covid,2,NE Suburban,2025-26,0.9,IT90,41.22759712033061,44,2025-12-21,,,,,2025-12-21,2026-01-04,2.0,50.56250762939453,38.995819091796875,-11.566688537597656,gnn_st_v2
gnn_st_v2,post_covid,2,NE Suburban,2025-26,0.98,IT98,53.6511443833241,44,,,,,,2025-12-21,2026-01-04,2.0,50.56250762939453,38.995819091796875,-11.566688537597656,gnn_st_v2
gnn_st_v2,post_covid,2,Northland,2024-25,0.5,IT50,56.127661353876796,9,,,,,,2025-07-06,2025-06-08,-4.0,20.79029083251953,24.604658126831055,3.8143672943115234,gnn_st_v2
gnn_st_v2,post_covid,2,Northland,2024-25,0.9,IT90,89.91407794411414,9,,,,,,2025-07-06,2025-06-08,-4.0,20.79029083251953,24.604658126831055,3.8143672943115234,gnn_st_v2
gnn_st_v2,post_covid,2,Northland,2024-25,0.98,IT98,121.54516325409915,9,,,,,,2025-07-06,2025-06-08,-4.0,20.79029083251953,24.604658126831055,3.8143672943115234,gnn_st_v2
gnn_st_v2,post_covid,2,Northland,2025-26,0.5,IT50,56.127661353876796,44,2025-12-14,2025-12-28,2.0,-2.0,2025-12-28,2026-01-04,2026-01-11,1.0,87.05934143066406,67.43539428710938,-19.623947143554688,gnn_st_v2
gnn_st_v2,post_covid,2,Northland,2025-26,0.9,IT90,89.91407794411414,44,,,,,,2026-01-04,2026-01-11,1.0,87.05934143066406,67.43539428710938,-19.623947143554688,gnn_st_v2
gnn_st_v2,post_covid,2,Northland,2025-26,0.98,IT98,121.54516325409915,44,,,,,,2026-01-04,2026-01-11,1.0,87.05934143066406,67.43539428710938,-19.623947143554688,gnn_st_v2
gnn_st_v2,post_covid,2,UA/Grandview,2024-25,0.5,IT50,8.143164584776198,9,,,,,,2025-07-06,2025-07-20,2.0,5.691908359527588,2.6280078887939453,-3.0639004707336426,gnn_st_v2
gnn_st_v2,post_covid,2,UA/Grandview,2024-25,0.9,IT90,16.706142473783938,9,,,,,,2025-07-06,2025-07-20,2.0,5.691908359527588,2.6280078887939453,-3.0639004707336426,gnn_st_v2
gnn_st_v2,post_covid,2,UA/Grandview,2024-25,0.98,IT98,26.455007113900507,9,,,,,,2025-07-06,2025-07-20,2.0,5.691908359527588,2.6280078887939453,-3.0639004707336426,gnn_st_v2
gnn_st_v2,post_covid,2,UA/Grandview,2025-26,0.5,IT50,8.143164584776198,44,2025-12-07,2025-12-21,2.0,-2.0,2025-12-21,2025-12-07,2025-12-21,2.0,15.93734359741211,12.36838722229004,-3.5689563751220685,gnn_st_v2
gnn_st_v2,post_covid,2,UA/Grandview,2025-26,0.9,IT90,16.706142473783938,44,,,,,,2025-12-07,2025-12-21,2.0,15.93734359741211,12.36838722229004,-3.5689563751220685,gnn_st_v2
gnn_st_v2,post_covid,2,UA/Grandview,2025-26,0.98,IT98,26.455007113900507,44,,,,,,2025-12-07,2025-12-21,2.0,15.93734359741211,12.36838722229004,-3.5689563751220685,gnn_st_v2
gnn_st_v2,post_covid,2,West,2024-25,0.5,IT50,73.15037971354549,9,,,,,,2025-06-01,2025-06-08,1.0,26.18584442138672,25.343128204345703,-0.8427162170410156,gnn_st_v2
gnn_st_v2,post_covid,2,West,2024-25,0.9,IT90,114.1022318647041,9,,,,,,2025-06-01,2025-06-08,1.0,26.18584442138672,25.343128204345703,-0.8427162170410156,gnn_st_v2
gnn_st_v2,post_covid,2,West,2024-25,0.98,IT98,151.63555393306305,9,,,,,,2025-06-01,2025-06-08,1.0,26.18584442138672,25.343128204345703,-0.8427162170410156,gnn_st_v2
gnn_st_v2,post_covid,2,West,2025-26,0.5,IT50,73.15037971354549,44,2025-12-21,2025-12-28,1.0,-1.0,2025-12-28,2026-01-04,2026-01-11,1.0,84.5428695678711,75.87489318847656,-8.667976379394531,gnn_st_v2
gnn_st_v2,post_covid,2,West,2025-26,0.9,IT90,114.1022318647041,44,,,,,,2026-01-04,2026-01-11,1.0,84.5428695678711,75.87489318847656,-8.667976379394531,gnn_st_v2
gnn_st_v2,post_covid,2,West,2025-26,0.98,IT98,151.63555393306305,44,,,,,,2026-01-04,2026-01-11,1.0,84.5428695678711,75.87489318847656,-8.667976379394531,gnn_st_v2
gnn_st_v2,post_covid,2,Westerville,2024-25,0.5,IT50,24.33364195874595,9,,,,,,2025-06-01,2025-06-01,0.0,9.329228401184082,10.538681983947754,1.2094535827636719,gnn_st_v2
gnn_st_v2,post_covid,2,Westerville,2024-25,0.9,IT90,36.408491039457616,9,,,,,,2025-06-01,2025-06-01,0.0,9.329228401184082,10.538681983947754,1.2094535827636719,gnn_st_v2
gnn_st_v2,post_covid,2,Westerville,2024-25,0.98,IT98,47.11324141772458,9,,,,,,2025-06-01,2025-06-01,0.0,9.329228401184082,10.538681983947754,1.2094535827636719,gnn_st_v2
gnn_st_v2,post_covid,2,Westerville,2025-26,0.5,IT50,24.33364195874595,44,2025-12-14,2025-12-28,2.0,-2.0,2025-12-28,2025-12-21,2026-01-04,2.0,45.091270446777344,34.37580108642578,-10.715469360351562,gnn_st_v2
gnn_st_v2,post_covid,2,Westerville,2025-26,0.9,IT90,36.408491039457616,44,2025-12-21,,,,,2025-12-21,2026-01-04,2.0,45.091270446777344,34.37580108642578,-10.715469360351562,gnn_st_v2
gnn_st_v2,post_covid,2,Westerville,2025-26,0.98,IT98,47.11324141772458,44,,,,,,2025-12-21,2026-01-04,2.0,45.091270446777344,34.37580108642578,-10.715469360351562,gnn_st_v2
gnn_st_v2,post_covid,2,Worthington,2024-25,0.5,IT50,13.721631551906164,9,,,,,,2025-06-08,2025-06-29,3.0,11.216263771057127,6.204478740692139,-5.0117850303649885,gnn_st_v2
gnn_st_v2,post_covid,2,Worthington,2024-25,0.9,IT90,22.978569674557114,9,,,,,,2025-06-08,2025-06-29,3.0,11.216263771057127,6.204478740692139,-5.0117850303649885,gnn_st_v2
gnn_st_v2,post_covid,2,Worthington,2024-25,0.98,IT98,31.956357603850087,9,,,,,,2025-06-08,2025-06-29,3.0,11.216263771057127,6.204478740692139,-5.0117850303649885,gnn_st_v2
gnn_st_v2,post_covid,2,Worthington,2025-26,0.5,IT50,13.721631551906164,44,2025-08-31,2025-12-21,16.0,-16.0,2025-12-21,2025-12-21,2026-01-04,2.0,44.86505508422851,32.92478561401367,-11.940269470214837,gnn_st_v2
gnn_st_v2,post_covid,2,Worthington,2025-26,0.9,IT90,22.978569674557114,44,2025-12-21,2026-01-04,2.0,-2.0,2026-01-04,2025-12-21,2026-01-04,2.0,44.86505508422851,32.92478561401367,-11.940269470214837,gnn_st_v2
gnn_st_v2,post_covid,2,Worthington,2025-26,0.98,IT98,31.956357603850087,44,2025-12-21,2026-01-04,2.0,-2.0,2026-01-04,2025-12-21,2026-01-04,2.0,44.86505508422851,32.92478561401367,-11.940269470214837,gnn_st_v2
gnn_st_v2,post_covid,2,CITYWIDE,2024-25,0.5,IT50,35.19412725226089,9,,,,,,2025-06-01,2025-06-08,1.0,13.228462962543263,13.48073057567372,0.2522676131304564,gnn_st_v2
gnn_st_v2,post_covid,2,CITYWIDE,2024-25,0.9,IT90,56.071415152332634,9,,,,,,2025-06-01,2025-06-08,1.0,13.228462962543263,13.48073057567372,0.2522676131304564,gnn_st_v2
gnn_st_v2,post_covid,2,CITYWIDE,2024-25,0.98,IT98,75.53173152268305,9,,,,,,2025-06-01,2025-06-08,1.0,13.228462962543263,13.48073057567372,0.2522676131304564,gnn_st_v2
gnn_st_v2,post_covid,2,CITYWIDE,2025-26,0.5,IT50,35.19412725226089,44,2025-12-14,2025-12-21,1.0,-1.0,2025-12-21,2025-12-21,2026-01-04,2.0,52.203583997838635,43.814681670245,-8.388902327593634,gnn_st_v2
gnn_st_v2,post_covid,2,CITYWIDE,2025-26,0.9,IT90,56.071415152332634,44,,,,,,2025-12-21,2026-01-04,2.0,52.203583997838635,43.814681670245,-8.388902327593634,gnn_st_v2
gnn_st_v2,post_covid,2,CITYWIDE,2025-26,0.98,IT98,75.53173152268305,44,,,,,,2025-12-21,2026-01-04,2.0,52.203583997838635,43.814681670245,-8.388902327593634,gnn_st_v2
lstm,post_covid,2,Agler/Cassidy,2024-25,0.5,IT50,51.74083078339265,9,,,,,,2025-06-08,2025-06-08,0.0,30.73424101791806,24.721426010131836,-6.012815007786223,lstm
lstm,post_covid,2,Agler/Cassidy,2024-25,0.9,IT90,88.48740693700204,9,,,,,,2025-06-08,2025-06-08,0.0,30.73424101791806,24.721426010131836,-6.012815007786223,lstm
lstm,post_covid,2,Agler/Cassidy,2024-25,0.98,IT98,124.72586226376617,9,,,,,,2025-06-08,2025-06-08,0.0,30.73424101791806,24.721426010131836,-6.012815007786223,lstm
lstm,post_covid,2,Agler/Cassidy,2025-26,0.5,IT50,51.74083078339265,44,2025-12-14,2026-01-04,3.0,-3.0,2026-01-04,2025-12-14,2026-01-11,4.0,86.05587485017058,56.99760437011719,-29.058270480053395,lstm
lstm,post_covid,2,Agler/Cassidy,2025-26,0.9,IT90,88.48740693700204,44,,,,,,2025-12-14,2026-01-11,4.0,86.05587485017058,56.99760437011719,-29.058270480053395,lstm
lstm,post_covid,2,Agler/Cassidy,2025-26,0.98,IT98,124.72586226376617,44,,,,,,2025-12-14,2026-01-11,4.0,86.05587485017058,56.99760437011719,-29.058270480053395,lstm
lstm,post_covid,2,Bexley,2024-25,0.5,IT50,24.605454693531783,9,,,,,,2025-06-08,2025-06-01,-1.0,7.034574935809503,10.340373039245604,3.305798103436101,lstm
lstm,post_covid,2,Bexley,2024-25,0.9,IT90,37.5430295506582,9,,,,,,2025-06-08,2025-06-01,-1.0,7.034574935809503,10.340373039245604,3.305798103436101,lstm
lstm,post_covid,2,Bexley,2024-25,0.98,IT98,49.19357270883574,9,,,,,,2025-06-08,2025-06-01,-1.0,7.034574935809503,10.340373039245604,3.305798103436101,lstm
lstm,post_covid,2,Bexley,2025-26,0.5,IT50,24.605454693531783,44,2025-12-07,2026-01-04,4.0,-4.0,2026-01-04,2026-01-04,2026-01-11,1.0,49.24202455066653,25.793777465820312,-23.448247084846216,lstm
lstm,post_covid,2,Bexley,2025-26,0.9,IT90,37.5430295506582,44,2025-12-28,,,,,2026-01-04,2026-01-11,1.0,49.24202455066653,25.793777465820312,-23.448247084846216,lstm
lstm,post_covid,2,Bexley,2025-26,0.98,IT98,49.19357270883574,44,2026-01-04,,,,,2026-01-04,2026-01-11,1.0,49.24202455066653,25.793777465820312,-23.448247084846216,lstm
lstm,post_covid,2,Clintonville/Near North,2024-25,0.5,IT50,15.728895715230147,9,,,,,,2025-07-13,2025-06-08,-5.0,5.136054072377274,7.008383750915527,1.8723296785382537,lstm
lstm,post_covid,2,Clintonville/Near North,2024-25,0.9,IT90,22.099499115677975,9,,,,,,2025-07-13,2025-06-08,-5.0,5.136054072377274,7.008383750915527,1.8723296785382537,lstm
lstm,post_covid,2,Clintonville/Near North,2024-25,0.98,IT98,27.469599865392972,9,,,,,,2025-07-13,2025-06-08,-5.0,5.136054072377274,7.008383750915527,1.8723296785382537,lstm
lstm,post_covid,2,Clintonville/Near North,2025-26,0.5,IT50,15.728895715230147,44,2025-12-07,2026-01-04,4.0,-4.0,2026-01-04,2025-12-28,2026-01-11,2.0,27.73469199083728,17.02847671508789,-10.70621527574939,lstm
lstm,post_covid,2,Clintonville/Near North,2025-26,0.9,IT90,22.099499115677975,44,2025-12-21,,,,,2025-12-28,2026-01-11,2.0,27.73469199083728,17.02847671508789,-10.70621527574939,lstm
lstm,post_covid,2,Clintonville/Near North,2025-26,0.98,IT98,27.469599865392972,44,2025-12-28,,,,,2025-12-28,2026-01-11,2.0,27.73469199083728,17.02847671508789,-10.70621527574939,lstm
lstm,post_covid,2,Dublin,2024-25,0.5,IT50,8.038849454818003,9,,,,,,2025-07-13,2025-06-08,-5.0,3.8103947568968146,3.168539762496948,-0.6418549943998668,lstm
lstm,post_covid,2,Dublin,2024-25,0.9,IT90,14.1626396504559,9,,,,,,2025-07-13,2025-06-08,-5.0,3.8103947568968146,3.168539762496948,-0.6418549943998668,lstm
lstm,post_covid,2,Dublin,2024-25,0.98,IT98,20.345693253667104,9,,,,,,2025-07-13,2025-06-08,-5.0,3.8103947568968146,3.168539762496948,-0.6418549943998668,lstm
lstm,post_covid,2,Dublin,2025-26,0.5,IT50,8.038849454818003,44,2025-12-14,2026-01-04,3.0,-3.0,2026-01-04,2025-12-21,2026-01-11,3.0,16.765736930345984,8.39071273803711,-8.375024192308874,lstm
lstm,post_covid,2,Dublin,2025-26,0.9,IT90,14.1626396504559,44,2025-12-21,,,,,2025-12-21,2026-01-11,3.0,16.765736930345984,8.39071273803711,-8.375024192308874,lstm
lstm,post_covid,2,Dublin,2025-26,0.98,IT98,20.345693253667104,44,,,,,,2025-12-21,2026-01-11,3.0,16.765736930345984,8.39071273803711,-8.375024192308874,lstm
lstm,post_covid,2,Eastside,2024-25,0.5,IT50,53.89825474693718,9,,,,,,2025-06-01,2025-06-08,1.0,18.38277533950688,24.65775680541992,6.27498146591304,lstm
lstm,post_covid,2,Eastside,2024-25,0.9,IT90,89.53274062296502,9,,,,,,2025-06-01,2025-06-08,1.0,18.38277533950688,24.65775680541992,6.27498146591304,lstm
lstm,post_covid,2,Eastside,2024-25,0.98,IT98,123.87134674281285,9,,,,,,2025-06-01,2025-06-08,1.0,18.38277533950688,24.65775680541992,6.27498146591304,lstm
lstm,post_covid,2,Eastside,2025-26,0.5,IT50,53.89825474693718,44,2025-12-21,2026-01-04,2.0,-2.0,2026-01-04,2025-12-21,2026-01-11,3.0,91.91387669753442,64.45140075683594,-27.462475940698482,lstm
lstm,post_covid,2,Eastside,2025-26,0.9,IT90,89.53274062296502,44,2025-12-21,,,,,2025-12-21,2026-01-11,3.0,91.91387669753442,64.45140075683594,-27.462475940698482,lstm
lstm,post_covid,2,Eastside,2025-26,0.98,IT98,123.87134674281285,44,,,,,,2025-12-21,2026-01-11,3.0,91.91387669753442,64.45140075683594,-27.462475940698482,lstm
lstm,post_covid,2,Far East,2024-25,0.5,IT50,76.01095931639992,9,,,,,,2025-06-01,2025-06-01,0.0,31.653696614248943,38.86315155029297,7.209454936044025,lstm
lstm,post_covid,2,Far East,2024-25,0.9,IT90,119.58175049878095,9,,,,,,2025-06-01,2025-06-01,0.0,31.653696614248943,38.86315155029297,7.209454936044025,lstm
lstm,post_covid,2,Far East,2024-25,0.98,IT98,159.7885780471188,9,,,,,,2025-06-01,2025-06-01,0.0,31.653696614248943,38.86315155029297,7.209454936044025,lstm
lstm,post_covid,2,Far East,2025-26,0.5,IT50,76.01095931639992,44,2025-12-21,2026-01-11,3.0,-3.0,2026-01-11,2025-12-28,2026-01-11,2.0,123.03134910443929,76.99915313720703,-46.032195967232255,lstm
lstm,post_covid,2,Far East,2025-26,0.9,IT90,119.58175049878095,44,2025-12-28,,,,,2025-12-28,2026-01-11,2.0,123.03134910443929,76.99915313720703,-46.032195967232255,lstm
lstm,post_covid,2,Far East,2025-26,0.98,IT98,159.7885780471188,44,,,,,,2025-12-28,2026-01-11,2.0,123.03134910443929,76.99915313720703,-46.032195967232255,lstm
lstm,post_covid,2,Far South,2024-25,0.5,IT50,69.7066330370401,9,,,,,,2025-06-01,2025-06-08,1.0,27.771843623157444,31.076942443847656,3.305098820690212,lstm
lstm,post_covid,2,Far South,2024-25,0.9,IT90,121.95949130896,9,,,,,,2025-06-01,2025-06-08,1.0,27.771843623157444,31.076942443847656,3.305098820690212,lstm
lstm,post_covid,2,Far South,2024-25,0.98,IT98,174.42921640712913,9,,,,,,2025-06-01,2025-06-08,1.0,27.771843623157444,31.076942443847656,3.305098820690212,lstm
lstm,post_covid,2,Far South,2025-26,0.5,IT50,69.7066330370401,44,2025-12-14,2026-01-04,3.0,-3.0,2026-01-04,2026-01-18,2026-01-11,-1.0,100.40589617603077,82.84603881835938,-17.55985735767139,lstm
lstm,post_covid,2,Far South,2025-26,0.9,IT90,121.95949130896,44,,,,,,2026-01-18,2026-01-11,-1.0,100.40589617603077,82.84603881835938,-17.55985735767139,lstm
lstm,post_covid,2,Far South,2025-26,0.98,IT98,174.42921640712913,44,,,,,,2026-01-18,2026-01-11,-1.0,100.40589617603077,82.84603881835938,-17.55985735767139,lstm
lstm,post_covid,2,Far Southeast,2024-25,0.5,IT50,10.956265259525463,9,,,,,,2025-06-01,2025-06-08,1.0,6.616319624949195,4.948369979858398,-1.667949645090797,lstm
lstm,post_covid,2,Far Southeast,2024-25,0.9,IT90,18.40391015194404,9,,,,,,2025-06-01,2025-06-08,1.0,6.616319624949195,4.948369979858398,-1.667949645090797,lstm
lstm,post_covid,2,Far Southeast,2024-25,0.98,IT98,25.644566505740826,9,,,,,,2025-06-01,2025-06-08,1.0,6.616319624949195,4.948369979858398,-1.667949645090797,lstm
lstm,post_covid,2,Far Southeast,2025-26,0.5,IT50,10.956265259525463,44,2025-12-07,,,,,2025-12-21,2026-01-18,4.0,14.177827767748276,10.256769180297852,-3.9210585874504247,lstm
lstm,post_covid,2,Far Southeast,2025-26,0.9,IT90,18.40391015194404,44,,,,,,2025-12-21,2026-01-18,4.0,14.177827767748276,10.256769180297852,-3.9210585874504247,lstm
lstm,post_covid,2,Far Southeast,2025-26,0.98,IT98,25.644566505740826,44,,,,,,2025-12-21,2026-01-18,4.0,14.177827767748276,10.256769180297852,-3.9210585874504247,lstm
lstm,post_covid,2,Far Southwest,2024-25,0.5,IT50,34.041053932580134,9,,,,,,2025-07-06,2025-06-08,-4.0,13.571495683220412,15.990921020507812,2.4194253372874,lstm
lstm,post_covid,2,Far Southwest,2024-25,0.9,IT90,54.68112356483704,9,,,,,,2025-07-06,2025-06-08,-4.0,13.571495683220412,15.990921020507812,2.4194253372874,lstm
lstm,post_covid,2,Far Southwest,2024-25,0.98,IT98,74.04650918881951,9,,,,,,2025-07-06,2025-06-08,-4.0,13.571495683220412,15.990921020507812,2.4194253372874,lstm
lstm,post_covid,2,Far Southwest,2025-26,0.5,IT50,34.041053932580134,44,2025-12-14,2026-01-04,3.0,-3.0,2026-01-04,2025-12-14,2026-01-11,4.0,46.97825428807066,39.13325500488281,-7.844999283187846,lstm
lstm,post_covid,2,Far Southwest,2025-26,0.9,IT90,54.68112356483704,44,,,,,,2025-12-14,2026-01-11,4.0,46.97825428807066,39.13325500488281,-7.844999283187846,lstm
lstm,post_covid,2,Far Southwest,2025-26,0.98,IT98,74.04650918881951,44,,,,,,2025-12-14,2026-01-11,4.0,46.97825428807066,39.13325500488281,-7.844999283187846,lstm
lstm,post_covid,2,Hilliard,2024-25,0.5,IT50,19.24134804712757,9,,,,,,2025-06-01,2025-06-08,1.0,10.828537838005074,8.866658210754395,-1.9618796272506795,lstm
lstm,post_covid,2,Hilliard,2024-25,0.9,IT90,34.52709434950146,9,,,,,,2025-06-01,2025-06-08,1.0,10.828537838005074,8.866658210754395,-1.9618796272506795,lstm
lstm,post_covid,2,Hilliard,2024-25,0.98,IT98,50.186768532537315,9,,,,,,2025-06-01,2025-06-08,1.0,10.828537838005074,8.866658210754395,-1.9618796272506795,lstm
lstm,post_covid,2,Hilliard,2025-26,0.5,IT50,19.24134804712757,44,2025-12-07,2026-01-04,4.0,-4.0,2026-01-04,2025-12-21,2026-01-11,3.0,34.032547490873085,22.53469467163086,-11.497852819242226,lstm
lstm,post_covid,2,Hilliard,2025-26,0.9,IT90,34.52709434950146,44,,,,,,2025-12-21,2026-01-11,3.0,34.032547490873085,22.53469467163086,-11.497852819242226,lstm
lstm,post_covid,2,Hilliard,2025-26,0.98,IT98,50.186768532537315,44,,,,,,2025-12-21,2026-01-11,3.0,34.032547490873085,22.53469467163086,-11.497852819242226,lstm
lstm,post_covid,2,Linden,2024-25,0.5,IT50,53.62727596624066,9,,,,,,2025-06-08,2025-06-01,-1.0,23.845362822098693,25.440563201904297,1.595200379805604,lstm
lstm,post_covid,2,Linden,2024-25,0.9,IT90,82.61523156370409,9,,,,,,2025-06-08,2025-06-01,-1.0,23.845362822098693,25.440563201904297,1.595200379805604,lstm
lstm,post_covid,2,Linden,2024-25,0.98,IT98,108.92078323683364,9,,,,,,2025-06-08,2025-06-01,-1.0,23.845362822098693,25.440563201904297,1.595200379805604,lstm
lstm,post_covid,2,Linden,2025-26,0.5,IT50,53.62727596624066,44,2025-12-14,,,,,2026-01-04,2026-01-18,2.0,76.00709399543958,51.88334274291992,-24.123751252519654,lstm
lstm,post_covid,2,Linden,2025-26,0.9,IT90,82.61523156370409,44,,,,,,2026-01-04,2026-01-18,2.0,76.00709399543958,51.88334274291992,-24.123751252519654,lstm
lstm,post_covid,2,Linden,2025-26,0.98,IT98,108.92078323683364,44,,,,,,2026-01-04,2026-01-18,2.0,76.00709399543958,51.88334274291992,-24.123751252519654,lstm
lstm,post_covid,2,NE Suburban,2024-25,0.5,IT50,27.312493683860776,9,,,,,,2025-06-01,2025-06-08,1.0,9.26979311507184,13.36843490600586,4.098641790934019,lstm
lstm,post_covid,2,NE Suburban,2024-25,0.9,IT90,41.22759712033061,9,,,,,,2025-06-01,2025-06-08,1.0,9.26979311507184,13.36843490600586,4.098641790934019,lstm
lstm,post_covid,2,NE Suburban,2024-25,0.98,IT98,53.6511443833241,9,,,,,,2025-06-01,2025-06-08,1.0,9.26979311507184,13.36843490600586,4.098641790934019,lstm
lstm,post_covid,2,NE Suburban,2025-26,0.5,IT50,27.312493683860776,44,2025-12-21,2026-01-04,2.0,-2.0,2026-01-04,2025-12-21,2026-01-11,3.0,50.562507900391864,30.252695083618164,-20.3098128167737,lstm
lstm,post_covid,2,NE Suburban,2025-26,0.9,IT90,41.22759712033061,44,2025-12-21,,,,,2025-12-21,2026-01-11,3.0,50.562507900391864,30.252695083618164,-20.3098128167737,lstm
lstm,post_covid,2,NE Suburban,2025-26,0.98,IT98,53.6511443833241,44,,,,,,2025-12-21,2026-01-11,3.0,50.562507900391864,30.252695083618164,-20.3098128167737,lstm
lstm,post_covid,2,Northland,2024-25,0.5,IT50,56.127661353876796,9,,,,,,2025-07-06,2025-06-08,-4.0,20.79029093413376,30.479177474975582,9.688886540841821,lstm
lstm,post_covid,2,Northland,2024-25,0.9,IT90,89.91407794411414,9,,,,,,2025-07-06,2025-06-08,-4.0,20.79029093413376,30.479177474975582,9.688886540841821,lstm
lstm,post_covid,2,Northland,2024-25,0.98,IT98,121.54516325409915,9,,,,,,2025-07-06,2025-06-08,-4.0,20.79029093413376,30.479177474975582,9.688886540841821,lstm
lstm,post_covid,2,Northland,2025-26,0.5,IT50,56.127661353876796,44,2025-12-14,2026-01-04,3.0,-3.0,2026-01-04,2026-01-04,2026-01-11,1.0,87.05934328668512,60.00116729736328,-27.05817598932184,lstm
lstm,post_covid,2,Northland,2025-26,0.9,IT90,89.91407794411414,44,,,,,,2026-01-04,2026-01-11,1.0,87.05934328668512,60.00116729736328,-27.05817598932184,lstm
lstm,post_covid,2,Northland,2025-26,0.98,IT98,121.54516325409915,44,,,,,,2026-01-04,2026-01-11,1.0,87.05934328668512,60.00116729736328,-27.05817598932184,lstm
lstm,post_covid,2,UA/Grandview,2024-25,0.5,IT50,8.143164584776198,9,,,,,,2025-07-06,2025-06-08,-4.0,5.691908383042667,3.5896527767181396,-2.102255606324527,lstm
lstm,post_covid,2,UA/Grandview,2024-25,0.9,IT90,16.706142473783938,9,,,,,,2025-07-06,2025-06-08,-4.0,5.691908383042667,3.5896527767181396,-2.102255606324527,lstm
lstm,post_covid,2,UA/Grandview,2024-25,0.98,IT98,26.455007113900507,9,,,,,,2025-07-06,2025-06-08,-4.0,5.691908383042667,3.5896527767181396,-2.102255606324527,lstm
lstm,post_covid,2,UA/Grandview,2025-26,0.5,IT50,8.143164584776198,44,2025-12-07,2026-01-04,4.0,-4.0,2026-01-04,2025-12-07,2026-01-11,5.0,15.937343472519466,8.482039451599121,-7.4553040209203445,lstm
lstm,post_covid,2,UA/Grandview,2025-26,0.9,IT90,16.706142473783938,44,,,,,,2025-12-07,2026-01-11,5.0,15.937343472519466,8.482039451599121,-7.4553040209203445,lstm
lstm,post_covid,2,UA/Grandview,2025-26,0.98,IT98,26.455007113900507,44,,,,,,2025-12-07,2026-01-11,5.0,15.937343472519466,8.482039451599121,-7.4553040209203445,lstm
lstm,post_covid,2,West,2024-25,0.5,IT50,73.15037971354549,9,,,,,,2025-06-01,2025-06-08,1.0,26.185844680532696,35.61301803588867,9.427173355355976,lstm
lstm,post_covid,2,West,2024-25,0.9,IT90,114.1022318647041,9,,,,,,2025-06-01,2025-06-08,1.0,26.185844680532696,35.61301803588867,9.427173355355976,lstm
lstm,post_covid,2,West,2024-25,0.98,IT98,151.63555393306305,9,,,,,,2025-06-01,2025-06-08,1.0,26.185844680532696,35.61301803588867,9.427173355355976,lstm
lstm,post_covid,2,West,2025-26,0.5,IT50,73.15037971354549,44,2025-12-21,2026-01-04,2.0,-2.0,2026-01-04,2026-01-04,2026-01-11,1.0,84.542869968577,80.45307922363281,-4.089790744944182,lstm
lstm,post_covid,2,West,2025-26,0.9,IT90,114.1022318647041,44,,,,,,2026-01-04,2026-01-11,1.0,84.542869968577,80.45307922363281,-4.089790744944182,lstm
lstm,post_covid,2,West,2025-26,0.98,IT98,151.63555393306305,44,,,,,,2026-01-04,2026-01-11,1.0,84.542869968577,80.45307922363281,-4.089790744944182,lstm
lstm,post_covid,2,Westerville,2024-25,0.5,IT50,24.33364195874595,9,,,,,,2025-06-01,2025-06-08,1.0,9.329228472805298,11.637253761291504,2.3080252884862063,lstm
lstm,post_covid,2,Westerville,2024-25,0.9,IT90,36.408491039457616,9,,,,,,2025-06-01,2025-06-08,1.0,9.329228472805298,11.637253761291504,2.3080252884862063,lstm
lstm,post_covid,2,Westerville,2024-25,0.98,IT98,47.11324141772458,9,,,,,,2025-06-01,2025-06-08,1.0,9.329228472805298,11.637253761291504,2.3080252884862063,lstm
lstm,post_covid,2,Westerville,2025-26,0.5,IT50,24.33364195874595,44,2025-12-14,2026-01-04,3.0,-3.0,2026-01-04,2025-12-21,2026-01-11,3.0,45.09127095189228,26.288555145263672,-18.802715806628605,lstm
lstm,post_covid,2,Westerville,2025-26,0.9,IT90,36.408491039457616,44,2025-12-21,,,,,2025-12-21,2026-01-11,3.0,45.09127095189228,26.288555145263672,-18.802715806628605,lstm
lstm,post_covid,2,Westerville,2025-26,0.98,IT98,47.11324141772458,44,,,,,,2025-12-21,2026-01-11,3.0,45.09127095189228,26.288555145263672,-18.802715806628605,lstm
lstm,post_covid,2,Worthington,2024-25,0.5,IT50,13.721631551906164,9,,,,,,2025-06-08,2025-06-08,0.0,11.21626358219418,7.091569423675537,-4.124694158518643,lstm
lstm,post_covid,2,Worthington,2024-25,0.9,IT90,22.978569674557114,9,,,,,,2025-06-08,2025-06-08,0.0,11.21626358219418,7.091569423675537,-4.124694158518643,lstm
lstm,post_covid,2,Worthington,2024-25,0.98,IT98,31.956357603850087,9,,,,,,2025-06-08,2025-06-08,0.0,11.21626358219418,7.091569423675537,-4.124694158518643,lstm
lstm,post_covid,2,Worthington,2025-26,0.5,IT50,13.721631551906164,44,2025-08-31,2026-01-04,18.0,-18.0,2026-01-04,2025-12-21,2026-01-04,2.0,44.86505432877672,15.192938804626465,-29.672115524150257,lstm
lstm,post_covid,2,Worthington,2025-26,0.9,IT90,22.978569674557114,44,2025-12-21,,,,,2025-12-21,2026-01-04,2.0,44.86505432877672,15.192938804626465,-29.672115524150257,lstm
lstm,post_covid,2,Worthington,2025-26,0.98,IT98,31.956357603850087,44,2025-12-21,,,,,2025-12-21,2026-01-04,2.0,44.86505432877672,15.192938804626465,-29.672115524150257,lstm
lstm,post_covid,2,CITYWIDE,2024-25,0.5,IT50,35.19412725226089,9,,,,,,2025-06-01,2025-06-08,1.0,13.228462952536946,17.452382312101477,4.2239193595645315,lstm
lstm,post_covid,2,CITYWIDE,2024-25,0.9,IT90,56.071415152332634,9,,,,,,2025-06-01,2025-06-08,1.0,13.228462952536946,17.452382312101477,4.2239193595645315,lstm
lstm,post_covid,2,CITYWIDE,2024-25,0.98,IT98,75.53173152268305,9,,,,,,2025-06-01,2025-06-08,1.0,13.228462952536946,17.452382312101477,4.2239193595645315,lstm
lstm,post_covid,2,CITYWIDE,2025-26,0.5,IT50,35.19412725226089,44,2025-12-14,2026-01-04,3.0,-3.0,2026-01-04,2025-12-21,2026-01-11,3.0,52.20358501211178,39.80514919056612,-12.398435821545661,lstm
lstm,post_covid,2,CITYWIDE,2025-26,0.9,IT90,56.071415152332634,44,,,,,,2025-12-21,2026-01-11,3.0,52.20358501211178,39.80514919056612,-12.398435821545661,lstm
lstm,post_covid,2,CITYWIDE,2025-26,0.98,IT98,75.53173152268305,44,,,,,,2025-12-21,2026-01-11,3.0,52.20358501211178,39.80514919056612,-12.398435821545661,lstm
persistence,post_covid,2,Agler/Cassidy,2024-25,0.5,IT50,51.74083078339265,9,,,,,,2025-06-08,2025-06-08,0.0,30.73424101791806,30.73424101791806,0.0,persistence
persistence,post_covid,2,Agler/Cassidy,2024-25,0.9,IT90,88.48740693700204,9,,,,,,2025-06-08,2025-06-08,0.0,30.73424101791806,30.73424101791806,0.0,persistence
persistence,post_covid,2,Agler/Cassidy,2024-25,0.98,IT98,124.72586226376617,9,,,,,,2025-06-08,2025-06-08,0.0,30.73424101791806,30.73424101791806,0.0,persistence
persistence,post_covid,2,Agler/Cassidy,2025-26,0.5,IT50,51.74083078339265,44,2025-12-14,2025-12-28,2.0,-2.0,2025-12-28,2025-12-14,2025-12-28,2.0,86.05587485017058,86.05587485017058,0.0,persistence
persistence,post_covid,2,Agler/Cassidy,2025-26,0.9,IT90,88.48740693700204,44,,,,,,2025-12-14,2025-12-28,2.0,86.05587485017058,86.05587485017058,0.0,persistence
persistence,post_covid,2,Agler/Cassidy,2025-26,0.98,IT98,124.72586226376617,44,,,,,,2025-12-14,2025-12-28,2.0,86.05587485017058,86.05587485017058,0.0,persistence
persistence,post_covid,2,Bexley,2024-25,0.5,IT50,24.605454693531783,9,,,,,,2025-06-08,2025-06-01,-1.0,7.034574935809503,17.586437339523762,10.55186240371426,persistence
persistence,post_covid,2,Bexley,2024-25,0.9,IT90,37.5430295506582,9,,,,,,2025-06-08,2025-06-01,-1.0,7.034574935809503,17.586437339523762,10.55186240371426,persistence
persistence,post_covid,2,Bexley,2024-25,0.98,IT98,49.19357270883574,9,,,,,,2025-06-08,2025-06-01,-1.0,7.034574935809503,17.586437339523762,10.55186240371426,persistence
persistence,post_covid,2,Bexley,2025-26,0.5,IT50,24.605454693531783,44,2025-12-07,2025-12-21,2.0,-2.0,2025-12-21,2026-01-04,2026-01-18,2.0,49.24202455066653,49.24202455066653,0.0,persistence
persistence,post_covid,2,Bexley,2025-26,0.9,IT90,37.5430295506582,44,2025-12-28,2026-01-11,2.0,-2.0,2026-01-11,2026-01-04,2026-01-18,2.0,49.24202455066653,49.24202455066653,0.0,persistence
persistence,post_covid,2,Bexley,2025-26,0.98,IT98,49.19357270883574,44,2026-01-04,2026-01-18,2.0,-2.0,2026-01-18,2026-01-04,2026-01-18,2.0,49.24202455066653,49.24202455066653,0.0,persistence
persistence,post_covid,2,Clintonville/Near North,2024-25,0.5,IT50,15.728895715230147,9,,,,,,2025-07-13,2025-06-01,-6.0,5.136054072377274,9.244897330279093,4.108843257901819,persistence
persistence,post_covid,2,Clintonville/Near North,2024-25,0.9,IT90,22.099499115677975,9,,,,,,2025-07-13,2025-06-01,-6.0,5.136054072377274,9.244897330279093,4.108843257901819,persistence
persistence,post_covid,2,Clintonville/Near North,2024-25,0.98,IT98,27.469599865392972,9,,,,,,2025-07-13,2025-06-01,-6.0,5.136054072377274,9.244897330279093,4.108843257901819,persistence
persistence,post_covid,2,Clintonville/Near North,2025-26,0.5,IT50,15.728895715230147,44,2025-12-07,2025-12-21,2.0,-2.0,2025-12-21,2025-12-28,2026-01-11,2.0,27.73469199083728,27.73469199083728,0.0,persistence
persistence,post_covid,2,Clintonville/Near North,2025-26,0.9,IT90,22.099499115677975,44,2025-12-21,2026-01-04,2.0,-2.0,2026-01-04,2025-12-28,2026-01-11,2.0,27.73469199083728,27.73469199083728,0.0,persistence
persistence,post_covid,2,Clintonville/Near North,2025-26,0.98,IT98,27.469599865392972,44,2025-12-28,2026-01-11,2.0,-2.0,2026-01-11,2025-12-28,2026-01-11,2.0,27.73469199083728,27.73469199083728,0.0,persistence
persistence,post_covid,2,Dublin,2024-25,0.5,IT50,8.038849454818003,9,,,,,,2025-07-13,2025-06-08,-5.0,3.8103947568968146,3.8103947568968146,0.0,persistence
persistence,post_covid,2,Dublin,2024-25,0.9,IT90,14.1626396504559,9,,,,,,2025-07-13,2025-06-08,-5.0,3.8103947568968146,3.8103947568968146,0.0,persistence
persistence,post_covid,2,Dublin,2024-25,0.98,IT98,20.345693253667104,9,,,,,,2025-07-13,2025-06-08,-5.0,3.8103947568968146,3.8103947568968146,0.0,persistence
persistence,post_covid,2,Dublin,2025-26,0.5,IT50,8.038849454818003,44,2025-12-14,2025-12-28,2.0,-2.0,2025-12-28,2025-12-21,2026-01-04,2.0,16.765736930345984,16.765736930345984,0.0,persistence
persistence,post_covid,2,Dublin,2025-26,0.9,IT90,14.1626396504559,44,2025-12-21,2026-01-04,2.0,-2.0,2026-01-04,2025-12-21,2026-01-04,2.0,16.765736930345984,16.765736930345984,0.0,persistence
persistence,post_covid,2,Dublin,2025-26,0.98,IT98,20.345693253667104,44,,,,,,2025-12-21,2026-01-04,2.0,16.765736930345984,16.765736930345984,0.0,persistence
persistence,post_covid,2,Eastside,2024-25,0.5,IT50,53.89825474693718,9,,,,,,2025-06-01,2025-06-01,0.0,18.38277533950688,20.68062225694524,2.2978469174383633,persistence
persistence,post_covid,2,Eastside,2024-25,0.9,IT90,89.53274062296502,9,,,,,,2025-06-01,2025-06-01,0.0,18.38277533950688,20.68062225694524,2.2978469174383633,persistence
persistence,post_covid,2,Eastside,2024-25,0.98,IT98,123.87134674281285,9,,,,,,2025-06-01,2025-06-01,0.0,18.38277533950688,20.68062225694524,2.2978469174383633,persistence
persistence,post_covid,2,Eastside,2025-26,0.5,IT50,53.89825474693718,44,2025-12-21,2026-01-04,2.0,-2.0,2026-01-04,2025-12-21,2026-01-04,2.0,91.91387669753442,91.91387669753442,0.0,persistence
persistence,post_covid,2,Eastside,2025-26,0.9,IT90,89.53274062296502,44,2025-12-21,2026-01-04,2.0,-2.0,2026-01-04,2025-12-21,2026-01-04,2.0,91.91387669753442,91.91387669753442,0.0,persistence
persistence,post_covid,2,Eastside,2025-26,0.98,IT98,123.87134674281285,44,,,,,,2025-12-21,2026-01-04,2.0,91.91387669753442,91.91387669753442,0.0,persistence
persistence,post_covid,2,Far East,2024-25,0.5,IT50,76.01095931639992,9,,,,,,2025-06-01,2025-06-01,0.0,31.653696614248943,41.209529554399566,9.555832940150623,persistence
persistence,post_covid,2,Far East,2024-25,0.9,IT90,119.58175049878095,9,,,,,,2025-06-01,2025-06-01,0.0,31.653696614248943,41.209529554399566,9.555832940150623,persistence
persistence,post_covid,2,Far East,2024-25,0.98,IT98,159.7885780471188,9,,,,,,2025-06-01,2025-06-01,0.0,31.653696614248943,41.209529554399566,9.555832940150623,persistence
persistence,post_covid,2,Far East,2025-26,0.5,IT50,76.01095931639992,44,2025-12-21,2026-01-04,2.0,-2.0,2026-01-04,2025-12-28,2026-01-11,2.0,123.03134910443929,123.03134910443929,0.0,persistence
persistence,post_covid,2,Far East,2025-26,0.9,IT90,119.58175049878095,44,2025-12-28,2026-01-11,2.0,-2.0,2026-01-11,2025-12-28,2026-01-11,2.0,123.03134910443929,123.03134910443929,0.0,persistence
persistence,post_covid,2,Far East,2025-26,0.98,IT98,159.7885780471188,44,,,,,,2025-12-28,2026-01-11,2.0,123.03134910443929,123.03134910443929,0.0,persistence
persistence,post_covid,2,Far South,2024-25,0.5,IT50,69.7066330370401,9,,,,,,2025-06-01,2025-06-01,0.0,27.771843623157444,38.453321939756464,10.68147831659902,persistence
persistence,post_covid,2,Far South,2024-25,0.9,IT90,121.95949130896,9,,,,,,2025-06-01,2025-06-01,0.0,27.771843623157444,38.453321939756464,10.68147831659902,persistence
persistence,post_covid,2,Far South,2024-25,0.98,IT98,174.42921640712913,9,,,,,,2025-06-01,2025-06-01,0.0,27.771843623157444,38.453321939756464,10.68147831659902,persistence
persistence,post_covid,2,Far South,2025-26,0.5,IT50,69.7066330370401,44,2025-12-14,2025-12-28,2.0,-2.0,2025-12-28,2026-01-18,2026-02-01,2.0,100.40589617603077,100.40589617603077,0.0,persistence
persistence,post_covid,2,Far South,2025-26,0.9,IT90,121.95949130896,44,,,,,,2026-01-18,2026-02-01,2.0,100.40589617603077,100.40589617603077,0.0,persistence
persistence,post_covid,2,Far South,2025-26,0.98,IT98,174.42921640712913,44,,,,,,2026-01-18,2026-02-01,2.0,100.40589617603077,100.40589617603077,0.0,persistence
persistence,post_covid,2,Far Southeast,2024-25,0.5,IT50,10.956265259525463,9,,,,,,2025-06-01,2025-06-08,1.0,6.616319624949195,10.397073696348738,3.7807540713995422,persistence
persistence,post_covid,2,Far Southeast,2024-25,0.9,IT90,18.40391015194404,9,,,,,,2025-06-01,2025-06-08,1.0,6.616319624949195,10.397073696348738,3.7807540713995422,persistence
persistence,post_covid,2,Far Southeast,2024-25,0.98,IT98,25.644566505740826,9,,,,,,2025-06-01,2025-06-08,1.0,6.616319624949195,10.397073696348738,3.7807540713995422,persistence
persistence,post_covid,2,Far Southeast,2025-26,0.5,IT50,10.956265259525463,44,2025-12-07,2025-12-21,2.0,-2.0,2025-12-21,2025-12-21,2026-01-04,2.0,14.177827767748276,14.177827767748276,0.0,persistence
persistence,post_covid,2,Far Southeast,2025-26,0.9,IT90,18.40391015194404,44,,,,,,2025-12-21,2026-01-04,2.0,14.177827767748276,14.177827767748276,0.0,persistence
persistence,post_covid,2,Far Southeast,2025-26,0.98,IT98,25.644566505740826,44,,,,,,2025-12-21,2026-01-04,2.0,14.177827767748276,14.177827767748276,0.0,persistence
persistence,post_covid,2,Far Southwest,2024-25,0.5,IT50,34.041053932580134,9,,,,,,2025-07-06,2025-06-08,-4.0,13.571495683220412,13.571495683220412,0.0,persistence
persistence,post_covid,2,Far Southwest,2024-25,0.9,IT90,54.68112356483704,9,,,,,,2025-07-06,2025-06-08,-4.0,13.571495683220412,13.571495683220412,0.0,persistence
persistence,post_covid,2,Far Southwest,2024-25,0.98,IT98,74.04650918881951,9,,,,,,2025-07-06,2025-06-08,-4.0,13.571495683220412,13.571495683220412,0.0,persistence
persistence,post_covid,2,Far Southwest,2025-26,0.5,IT50,34.041053932580134,44,2025-12-14,2025-12-28,2.0,-2.0,2025-12-28,2025-12-14,2025-12-28,2.0,46.97825428807066,46.97825428807066,0.0,persistence
persistence,post_covid,2,Far Southwest,2025-26,0.9,IT90,54.68112356483704,44,,,,,,2025-12-14,2025-12-28,2.0,46.97825428807066,46.97825428807066,0.0,persistence
persistence,post_covid,2,Far Southwest,2025-26,0.98,IT98,74.04650918881951,44,,,,,,2025-12-14,2025-12-28,2.0,46.97825428807066,46.97825428807066,0.0,persistence
persistence,post_covid,2,Hilliard,2024-25,0.5,IT50,19.24134804712757,9,,,,,,2025-06-01,2025-06-01,0.0,10.828537838005074,12.37547181486294,1.5469339768578667,persistence
persistence,post_covid,2,Hilliard,2024-25,0.9,IT90,34.52709434950146,9,,,,,,2025-06-01,2025-06-01,0.0,10.828537838005074,12.37547181486294,1.5469339768578667,persistence
persistence,post_covid,2,Hilliard,2024-25,0.98,IT98,50.186768532537315,9,,,,,,2025-06-01,2025-06-01,0.0,10.828537838005074,12.37547181486294,1.5469339768578667,persistence
persistence,post_covid,2,Hilliard,2025-26,0.5,IT50,19.24134804712757,44,2025-12-07,2025-12-21,2.0,-2.0,2025-12-21,2025-12-21,2026-01-04,2.0,34.032547490873085,34.032547490873085,0.0,persistence
persistence,post_covid,2,Hilliard,2025-26,0.9,IT90,34.52709434950146,44,,,,,,2025-12-21,2026-01-04,2.0,34.032547490873085,34.032547490873085,0.0,persistence
persistence,post_covid,2,Hilliard,2025-26,0.98,IT98,50.186768532537315,44,,,,,,2025-12-21,2026-01-04,2.0,34.032547490873085,34.032547490873085,0.0,persistence
persistence,post_covid,2,Linden,2024-25,0.5,IT50,53.62727596624066,9,,,,,,2025-06-08,2025-06-08,0.0,23.845362822098693,25.33569799847986,1.4903351763811656,persistence
persistence,post_covid,2,Linden,2024-25,0.9,IT90,82.61523156370409,9,,,,,,2025-06-08,2025-06-08,0.0,23.845362822098693,25.33569799847986,1.4903351763811656,persistence
persistence,post_covid,2,Linden,2024-25,0.98,IT98,108.92078323683364,9,,,,,,2025-06-08,2025-06-08,0.0,23.845362822098693,25.33569799847986,1.4903351763811656,persistence
persistence,post_covid,2,Linden,2025-26,0.5,IT50,53.62727596624066,44,2025-12-14,2025-12-28,2.0,-2.0,2025-12-28,2026-01-04,2026-01-18,2.0,76.00709399543958,76.00709399543958,0.0,persistence
persistence,post_covid,2,Linden,2025-26,0.9,IT90,82.61523156370409,44,,,,,,2026-01-04,2026-01-18,2.0,76.00709399543958,76.00709399543958,0.0,persistence
persistence,post_covid,2,Linden,2025-26,0.98,IT98,108.92078323683364,44,,,,,,2026-01-04,2026-01-18,2.0,76.00709399543958,76.00709399543958,0.0,persistence
persistence,post_covid,2,NE Suburban,2024-25,0.5,IT50,27.312493683860776,9,,,,,,2025-06-01,2025-06-01,0.0,9.26979311507184,14.326043905111028,5.056250790039188,persistence
persistence,post_covid,2,NE Suburban,2024-25,0.9,IT90,41.22759712033061,9,,,,,,2025-06-01,2025-06-01,0.0,9.26979311507184,14.326043905111028,5.056250790039188,persistence
persistence,post_covid,2,NE Suburban,2024-25,0.98,IT98,53.6511443833241,9,,,,,,2025-06-01,2025-06-01,0.0,9.26979311507184,14.326043905111028,5.056250790039188,persistence
persistence,post_covid,2,NE Suburban,2025-26,0.5,IT50,27.312493683860776,44,2025-12-21,2026-01-04,2.0,-2.0,2026-01-04,2025-12-21,2026-01-04,2.0,50.562507900391864,50.562507900391864,0.0,persistence
persistence,post_covid,2,NE Suburban,2025-26,0.9,IT90,41.22759712033061,44,2025-12-21,2026-01-04,2.0,-2.0,2026-01-04,2025-12-21,2026-01-04,2.0,50.562507900391864,50.562507900391864,0.0,persistence
persistence,post_covid,2,NE Suburban,2025-26,0.98,IT98,53.6511443833241,44,,,,,,2025-12-21,2026-01-04,2.0,50.562507900391864,50.562507900391864,0.0,persistence
persistence,post_covid,2,Northland,2024-25,0.5,IT50,56.127661353876796,9,,,,,,2025-07-06,2025-06-08,-4.0,20.79029093413376,36.38300913473408,15.59271820060032,persistence
persistence,post_covid,2,Northland,2024-25,0.9,IT90,89.91407794411414,9,,,,,,2025-07-06,2025-06-08,-4.0,20.79029093413376,36.38300913473408,15.59271820060032,persistence
persistence,post_covid,2,Northland,2024-25,0.98,IT98,121.54516325409915,9,,,,,,2025-07-06,2025-06-08,-4.0,20.79029093413376,36.38300913473408,15.59271820060032,persistence
persistence,post_covid,2,Northland,2025-26,0.5,IT50,56.127661353876796,44,2025-12-14,2025-12-28,2.0,-2.0,2025-12-28,2026-01-04,2026-01-18,2.0,87.05934328668512,87.05934328668512,0.0,persistence
persistence,post_covid,2,Northland,2025-26,0.9,IT90,89.91407794411414,44,,,,,,2026-01-04,2026-01-18,2.0,87.05934328668512,87.05934328668512,0.0,persistence
persistence,post_covid,2,Northland,2025-26,0.98,IT98,121.54516325409915,44,,,,,,2026-01-04,2026-01-18,2.0,87.05934328668512,87.05934328668512,0.0,persistence
persistence,post_covid,2,UA/Grandview,2024-25,0.5,IT50,8.143164584776198,9,,,,,,2025-07-06,2025-07-20,2.0,5.691908383042667,5.691908383042667,0.0,persistence
persistence,post_covid,2,UA/Grandview,2024-25,0.9,IT90,16.706142473783938,9,,,,,,2025-07-06,2025-07-20,2.0,5.691908383042667,5.691908383042667,0.0,persistence
persistence,post_covid,2,UA/Grandview,2024-25,0.98,IT98,26.455007113900507,9,,,,,,2025-07-06,2025-07-20,2.0,5.691908383042667,5.691908383042667,0.0,persistence
persistence,post_covid,2,UA/Grandview,2025-26,0.5,IT50,8.143164584776198,44,2025-12-07,2025-12-21,2.0,-2.0,2025-12-21,2025-12-07,2025-12-21,2.0,15.937343472519466,15.937343472519466,0.0,persistence
persistence,post_covid,2,UA/Grandview,2025-26,0.9,IT90,16.706142473783938,44,,,,,,2025-12-07,2025-12-21,2.0,15.937343472519466,15.937343472519466,0.0,persistence
persistence,post_covid,2,UA/Grandview,2025-26,0.98,IT98,26.455007113900507,44,,,,,,2025-12-07,2025-12-21,2.0,15.937343472519466,15.937343472519466,0.0,persistence
persistence,post_covid,2,West,2024-25,0.5,IT50,73.15037971354549,9,,,,,,2025-06-01,2025-06-08,1.0,26.185844680532696,29.92667963489451,3.7408349543618122,persistence
persistence,post_covid,2,West,2024-25,0.9,IT90,114.1022318647041,9,,,,,,2025-06-01,2025-06-08,1.0,26.185844680532696,29.92667963489451,3.7408349543618122,persistence
persistence,post_covid,2,West,2024-25,0.98,IT98,151.63555393306305,9,,,,,,2025-06-01,2025-06-08,1.0,26.185844680532696,29.92667963489451,3.7408349543618122,persistence
persistence,post_covid,2,West,2025-26,0.5,IT50,73.15037971354549,44,2025-12-21,2026-01-04,2.0,-2.0,2026-01-04,2026-01-04,2026-01-18,2.0,84.542869968577,84.542869968577,0.0,persistence
persistence,post_covid,2,West,2025-26,0.9,IT90,114.1022318647041,44,,,,,,2026-01-04,2026-01-18,2.0,84.542869968577,84.542869968577,0.0,persistence
persistence,post_covid,2,West,2025-26,0.98,IT98,151.63555393306305,44,,,,,,2026-01-04,2026-01-18,2.0,84.542869968577,84.542869968577,0.0,persistence
persistence,post_covid,2,Westerville,2024-25,0.5,IT50,24.33364195874595,9,,,,,,2025-06-01,2025-06-01,0.0,9.329228472805298,17.10358553347638,7.774357060671083,persistence
persistence,post_covid,2,Westerville,2024-25,0.9,IT90,36.408491039457616,9,,,,,,2025-06-01,2025-06-01,0.0,9.329228472805298,17.10358553347638,7.774357060671083,persistence
persistence,post_covid,2,Westerville,2024-25,0.98,IT98,47.11324141772458,9,,,,,,2025-06-01,2025-06-01,0.0,9.329228472805298,17.10358553347638,7.774357060671083,persistence
persistence,post_covid,2,Westerville,2025-26,0.5,IT50,24.33364195874595,44,2025-12-14,2025-12-28,2.0,-2.0,2025-12-28,2025-12-21,2026-01-04,2.0,45.09127095189228,45.09127095189228,0.0,persistence
persistence,post_covid,2,Westerville,2025-26,0.9,IT90,36.408491039457616,44,2025-12-21,2026-01-04,2.0,-2.0,2026-01-04,2025-12-21,2026-01-04,2.0,45.09127095189228,45.09127095189228,0.0,persistence
persistence,post_covid,2,Westerville,2025-26,0.98,IT98,47.11324141772458,44,,,,,,2025-12-21,2026-01-04,2.0,45.09127095189228,45.09127095189228,0.0,persistence
persistence,post_covid,2,Worthington,2024-25,0.5,IT50,13.721631551906164,9,,,,,,2025-06-08,2025-06-22,2.0,11.21626358219418,11.21626358219418,0.0,persistence
persistence,post_covid,2,Worthington,2024-25,0.9,IT90,22.978569674557114,9,,,,,,2025-06-08,2025-06-22,2.0,11.21626358219418,11.21626358219418,0.0,persistence
persistence,post_covid,2,Worthington,2024-25,0.98,IT98,31.956357603850087,9,,,,,,2025-06-08,2025-06-22,2.0,11.21626358219418,11.21626358219418,0.0,persistence
persistence,post_covid,2,Worthington,2025-26,0.5,IT50,13.721631551906164,44,2025-08-31,2025-09-14,2.0,-2.0,2025-09-14,2025-12-21,2026-01-04,2.0,44.86505432877672,44.86505432877672,0.0,persistence
persistence,post_covid,2,Worthington,2025-26,0.9,IT90,22.978569674557114,44,2025-12-21,2026-01-04,2.0,-2.0,2026-01-04,2025-12-21,2026-01-04,2.0,44.86505432877672,44.86505432877672,0.0,persistence
persistence,post_covid,2,Worthington,2025-26,0.98,IT98,31.956357603850087,44,2025-12-21,2026-01-04,2.0,-2.0,2026-01-04,2025-12-21,2026-01-04,2.0,44.86505432877672,44.86505432877672,0.0,persistence
persistence,post_covid,2,CITYWIDE,2024-25,0.5,IT50,35.19412725226089,9,,,,,,2025-06-01,2025-06-01,0.0,13.228462952536946,16.700972264337253,3.472509311800307,persistence
persistence,post_covid,2,CITYWIDE,2024-25,0.9,IT90,56.071415152332634,9,,,,,,2025-06-01,2025-06-01,0.0,13.228462952536946,16.700972264337253,3.472509311800307,persistence
persistence,post_covid,2,CITYWIDE,2024-25,0.98,IT98,75.53173152268305,9,,,,,,2025-06-01,2025-06-01,0.0,13.228462952536946,16.700972264337253,3.472509311800307,persistence
persistence,post_covid,2,CITYWIDE,2025-26,0.5,IT50,35.19412725226089,44,2025-12-14,2025-12-28,2.0,-2.0,2025-12-28,2025-12-21,2026-01-04,2.0,52.20358501211178,52.20358501211178,0.0,persistence
persistence,post_covid,2,CITYWIDE,2025-26,0.9,IT90,56.071415152332634,44,,,,,,2025-12-21,2026-01-04,2.0,52.20358501211178,52.20358501211178,0.0,persistence
persistence,post_covid,2,CITYWIDE,2025-26,0.98,IT98,75.53173152268305,44,,,,,,2025-12-21,2026-01-04,2.0,52.20358501211178,52.20358501211178,0.0,persistence
seasonal_naive,post_covid,2,Agler/Cassidy,2024-25,0.5,IT50,51.74083078339265,9,,,,,,2025-06-08,2025-07-20,6.0,30.73424101791806,18.44054461075084,-12.293696407167218,seasonal_naive
seasonal_naive,post_covid,2,Agler/Cassidy,2024-25,0.9,IT90,88.48740693700204,9,,,,,,2025-06-08,2025-07-20,6.0,30.73424101791806,18.44054461075084,-12.293696407167218,seasonal_naive
seasonal_naive,post_covid,2,Agler/Cassidy,2024-25,0.98,IT98,124.72586226376617,9,,,,,,2025-06-08,2025-07-20,6.0,30.73424101791806,18.44054461075084,-12.293696407167218,seasonal_naive
seasonal_naive,post_covid,2,Agler/Cassidy,2025-26,0.5,IT50,51.74083078339265,44,2025-12-14,2025-11-30,-2.0,2.0,2025-11-30,2025-12-14,2026-02-08,8.0,86.05587485017058,110.64326766450502,24.587392814334436,seasonal_naive
seasonal_naive,post_covid,2,Agler/Cassidy,2025-26,0.9,IT90,88.48740693700204,44,,2026-02-08,,,2026-02-08,2025-12-14,2026-02-08,8.0,86.05587485017058,110.64326766450502,24.587392814334436,seasonal_naive
seasonal_naive,post_covid,2,Agler/Cassidy,2025-26,0.98,IT98,124.72586226376617,44,,,,,,2025-12-14,2026-02-08,8.0,86.05587485017058,110.64326766450502,24.587392814334436,seasonal_naive
seasonal_naive,post_covid,2,Bexley,2024-25,0.5,IT50,24.605454693531783,9,,,,,,2025-06-08,2025-06-08,0.0,7.034574935809503,14.069149871619006,7.034574935809503,seasonal_naive
seasonal_naive,post_covid,2,Bexley,2024-25,0.9,IT90,37.5430295506582,9,,,,,,2025-06-08,2025-06-08,0.0,7.034574935809503,14.069149871619006,7.034574935809503,seasonal_naive
seasonal_naive,post_covid,2,Bexley,2024-25,0.98,IT98,49.19357270883574,9,,,,,,2025-06-08,2025-06-08,0.0,7.034574935809503,14.069149871619006,7.034574935809503,seasonal_naive
seasonal_naive,post_covid,2,Bexley,2025-26,0.5,IT50,24.605454693531783,44,2025-12-07,2025-10-26,-6.0,6.0,2025-10-26,2026-01-04,2026-02-01,4.0,49.24202455066653,59.79388695438078,10.551862403714253,seasonal_naive
seasonal_naive,post_covid,2,Bexley,2025-26,0.9,IT90,37.5430295506582,44,2025-12-28,2026-02-01,5.0,-5.0,2026-02-01,2026-01-04,2026-02-01,4.0,49.24202455066653,59.79388695438078,10.551862403714253,seasonal_naive
seasonal_naive,post_covid,2,Bexley,2025-26,0.98,IT98,49.19357270883574,44,2026-01-04,2026-02-01,4.0,-4.0,2026-02-01,2026-01-04,2026-02-01,4.0,49.24202455066653,59.79388695438078,10.551862403714253,seasonal_naive
seasonal_naive,post_covid,2,Clintonville/Near North,2024-25,0.5,IT50,15.728895715230147,9,,,,,,2025-07-13,2025-07-20,1.0,5.136054072377274,6.163264886852729,1.0272108144754553,seasonal_naive
seasonal_naive,post_covid,2,Clintonville/Near North,2024-25,0.9,IT90,22.099499115677975,9,,,,,,2025-07-13,2025-07-20,1.0,5.136054072377274,6.163264886852729,1.0272108144754553,seasonal_naive
seasonal_naive,post_covid,2,Clintonville/Near North,2024-25,0.98,IT98,27.469599865392972,9,,,,,,2025-07-13,2025-07-20,1.0,5.136054072377274,6.163264886852729,1.0272108144754553,seasonal_naive
seasonal_naive,post_covid,2,Clintonville/Near North,2025-26,0.5,IT50,15.728895715230147,44,2025-12-07,2025-12-07,0.0,0.0,2025-12-07,2025-12-28,2026-01-18,3.0,27.73469199083728,21.57142710398455,-6.16326488685273,seasonal_naive
seasonal_naive,post_covid,2,Clintonville/Near North,2025-26,0.9,IT90,22.099499115677975,44,2025-12-21,,,,,2025-12-28,2026-01-18,3.0,27.73469199083728,21.57142710398455,-6.16326488685273,seasonal_naive
seasonal_naive,post_covid,2,Clintonville/Near North,2025-26,0.98,IT98,27.469599865392972,44,2025-12-28,,,,,2025-12-28,2026-01-18,3.0,27.73469199083728,21.57142710398455,-6.16326488685273,seasonal_naive
seasonal_naive,post_covid,2,Dublin,2024-25,0.5,IT50,8.038849454818003,9,,,,,,2025-07-13,2025-07-13,0.0,3.8103947568968146,3.0483158055174515,-0.7620789513793631,seasonal_naive
seasonal_naive,post_covid,2,Dublin,2024-25,0.9,IT90,14.1626396504559,9,,,,,,2025-07-13,2025-07-13,0.0,3.8103947568968146,3.0483158055174515,-0.7620789513793631,seasonal_naive
seasonal_naive,post_covid,2,Dublin,2024-25,0.98,IT98,20.345693253667104,9,,,,,,2025-07-13,2025-07-13,0.0,3.8103947568968146,3.0483158055174515,-0.7620789513793631,seasonal_naive
seasonal_naive,post_covid,2,Dublin,2025-26,0.5,IT50,8.038849454818003,44,2025-12-14,2025-12-21,1.0,-1.0,2025-12-21,2025-12-21,2026-02-15,8.0,16.765736930345984,19.81405273586343,3.048315805517447,seasonal_naive
seasonal_naive,post_covid,2,Dublin,2025-26,0.9,IT90,14.1626396504559,44,2025-12-21,2026-01-25,5.0,-5.0,2026-01-25,2025-12-21,2026-02-15,8.0,16.765736930345984,19.81405273586343,3.048315805517447,seasonal_naive
seasonal_naive,post_covid,2,Dublin,2025-26,0.98,IT98,20.345693253667104,44,,,,,,2025-12-21,2026-02-15,8.0,16.765736930345984,19.81405273586343,3.048315805517447,seasonal_naive
seasonal_naive,post_covid,2,Eastside,2024-25,0.5,IT50,53.89825474693718,9,,,,,,2025-06-01,2025-06-01,0.0,18.38277533950688,13.787081504630162,-4.595693834876716,seasonal_naive
seasonal_naive,post_covid,2,Eastside,2024-25,0.9,IT90,89.53274062296502,9,,,,,,2025-06-01,2025-06-01,0.0,18.38277533950688,13.787081504630162,-4.595693834876716,seasonal_naive
seasonal_naive,post_covid,2,Eastside,2024-25,0.98,IT98,123.87134674281285,9,,,,,,2025-06-01,2025-06-01,0.0,18.38277533950688,13.787081504630162,-4.595693834876716,seasonal_naive
seasonal_naive,post_covid,2,Eastside,2025-26,0.5,IT50,53.89825474693718,44,2025-12-21,2025-12-21,0.0,0.0,2025-12-21,2025-12-21,2026-02-01,6.0,91.91387669753442,135.57296812886324,43.65909143132882,seasonal_naive
seasonal_naive,post_covid,2,Eastside,2025-26,0.9,IT90,89.53274062296502,44,2025-12-21,2026-02-01,6.0,-6.0,2026-02-01,2025-12-21,2026-02-01,6.0,91.91387669753442,135.57296812886324,43.65909143132882,seasonal_naive
seasonal_naive,post_covid,2,Eastside,2025-26,0.98,IT98,123.87134674281285,44,,2026-02-01,,,2026-02-01,2025-12-21,2026-02-01,6.0,91.91387669753442,135.57296812886324,43.65909143132882,seasonal_naive
seasonal_naive,post_covid,2,Far East,2024-25,0.5,IT50,76.01095931639992,9,,,,,,2025-06-01,2025-07-27,8.0,31.653696614248943,28.070259261692456,-3.583437352556487,seasonal_naive
seasonal_naive,post_covid,2,Far East,2024-25,0.9,IT90,119.58175049878095,9,,,,,,2025-06-01,2025-07-27,8.0,31.653696614248943,28.070259261692456,-3.583437352556487,seasonal_naive
seasonal_naive,post_covid,2,Far East,2024-25,0.98,IT98,159.7885780471188,9,,,,,,2025-06-01,2025-07-27,8.0,31.653696614248943,28.070259261692456,-3.583437352556487,seasonal_naive
seasonal_naive,post_covid,2,Far East,2025-26,0.5,IT50,76.01095931639992,44,2025-12-21,2025-12-21,0.0,0.0,2025-12-21,2025-12-28,2026-02-01,5.0,123.03134910443929,160.65744130628238,37.62609220184309,seasonal_naive
seasonal_naive,post_covid,2,Far East,2025-26,0.9,IT90,119.58175049878095,44,2025-12-28,2026-02-01,5.0,-5.0,2026-02-01,2025-12-28,2026-02-01,5.0,123.03134910443929,160.65744130628238,37.62609220184309,seasonal_naive
seasonal_naive,post_covid,2,Far East,2025-26,0.98,IT98,159.7885780471188,44,,2026-02-01,,,2026-02-01,2025-12-28,2026-02-01,5.0,123.03134910443929,160.65744130628238,37.62609220184309,seasonal_naive
seasonal_naive,post_covid,2,Far South,2024-25,0.5,IT50,69.7066330370401,9,,,,,,2025-06-01,2025-07-27,8.0,27.771843623157444,23.49925229651784,-4.272591326639603,seasonal_naive
seasonal_naive,post_covid,2,Far South,2024-25,0.9,IT90,121.95949130896,9,,,,,,2025-06-01,2025-07-27,8.0,27.771843623157444,23.49925229651784,-4.272591326639603,seasonal_naive
seasonal_naive,post_covid,2,Far South,2024-25,0.98,IT98,174.42921640712913,9,,,,,,2025-06-01,2025-07-27,8.0,27.771843623157444,23.49925229651784,-4.272591326639603,seasonal_naive
seasonal_naive,post_covid,2,Far South,2025-26,0.5,IT50,69.7066330370401,44,2025-12-14,2025-12-21,1.0,-1.0,2025-12-21,2026-01-18,2026-02-01,2.0,100.40589617603077,185.8577227088229,85.45182653279214,seasonal_naive
seasonal_naive,post_covid,2,Far South,2025-26,0.9,IT90,121.95949130896,44,,2026-01-25,,,2026-01-25,2026-01-18,2026-02-01,2.0,100.40589617603077,185.8577227088229,85.45182653279214,seasonal_naive
seasonal_naive,post_covid,2,Far South,2025-26,0.98,IT98,174.42921640712913,44,,2026-02-01,,,2026-02-01,2026-01-18,2026-02-01,2.0,100.40589617603077,185.8577227088229,85.45182653279214,seasonal_naive
seasonal_naive,post_covid,2,Far Southeast,2024-25,0.5,IT50,10.956265259525463,9,,,,,,2025-06-01,2025-06-22,3.0,6.616319624949195,10.397073696348738,3.7807540713995422,seasonal_naive
seasonal_naive,post_covid,2,Far Southeast,2024-25,0.9,IT90,18.40391015194404,9,,,,,,2025-06-01,2025-06-22,3.0,6.616319624949195,10.397073696348738,3.7807540713995422,seasonal_naive
seasonal_naive,post_covid,2,Far Southeast,2024-25,0.98,IT98,25.644566505740826,9,,,,,,2025-06-01,2025-06-22,3.0,6.616319624949195,10.397073696348738,3.7807540713995422,seasonal_naive
seasonal_naive,post_covid,2,Far Southeast,2025-26,0.5,IT50,10.956265259525463,44,2025-12-07,2025-12-21,2.0,-2.0,2025-12-21,2025-12-21,2026-02-08,7.0,14.177827767748276,31.191221089046213,17.013393321297936,seasonal_naive
seasonal_naive,post_covid,2,Far Southeast,2025-26,0.9,IT90,18.40391015194404,44,,2026-02-01,,,2026-02-01,2025-12-21,2026-02-08,7.0,14.177827767748276,31.191221089046213,17.013393321297936,seasonal_naive
seasonal_naive,post_covid,2,Far Southeast,2025-26,0.98,IT98,25.644566505740826,44,,2026-02-08,,,2026-02-08,2025-12-21,2026-02-08,7.0,14.177827767748276,31.191221089046213,17.013393321297936,seasonal_naive
seasonal_naive,post_covid,2,Far Southwest,2024-25,0.5,IT50,34.041053932580134,9,,,,,,2025-07-06,2025-07-27,3.0,13.571495683220412,10.439612064015702,-3.131883619204711,seasonal_naive
seasonal_naive,post_covid,2,Far Southwest,2024-25,0.9,IT90,54.68112356483704,9,,,,,,2025-07-06,2025-07-27,3.0,13.571495683220412,10.439612064015702,-3.131883619204711,seasonal_naive
seasonal_naive,post_covid,2,Far Southwest,2024-25,0.98,IT98,74.04650918881951,9,,,,,,2025-07-06,2025-07-27,3.0,13.571495683220412,10.439612064015702,-3.131883619204711,seasonal_naive
seasonal_naive,post_covid,2,Far Southwest,2025-26,0.5,IT50,34.041053932580134,44,2025-12-14,2025-12-14,0.0,0.0,2025-12-14,2025-12-14,2026-02-01,7.0,46.97825428807066,65.76955600329892,18.791301715228258,seasonal_naive
seasonal_naive,post_covid,2,Far Southwest,2025-26,0.9,IT90,54.68112356483704,44,,2026-01-18,,,2026-01-18,2025-12-14,2026-02-01,7.0,46.97825428807066,65.76955600329892,18.791301715228258,seasonal_naive
seasonal_naive,post_covid,2,Far Southwest,2025-26,0.98,IT98,74.04650918881951,44,,,,,,2025-12-14,2026-02-01,7.0,46.97825428807066,65.76955600329892,18.791301715228258,seasonal_naive
seasonal_naive,post_covid,2,Hilliard,2024-25,0.5,IT50,19.24134804712757,9,,,,,,2025-06-01,2025-07-20,7.0,10.828537838005074,7.734669884289339,-3.093867953715735,seasonal_naive
seasonal_naive,post_covid,2,Hilliard,2024-25,0.9,IT90,34.52709434950146,9,,,,,,2025-06-01,2025-07-20,7.0,10.828537838005074,7.734669884289339,-3.093867953715735,seasonal_naive
seasonal_naive,post_covid,2,Hilliard,2024-25,0.98,IT98,50.186768532537315,9,,,,,,2025-06-01,2025-07-20,7.0,10.828537838005074,7.734669884289339,-3.093867953715735,seasonal_naive
seasonal_naive,post_covid,2,Hilliard,2025-26,0.5,IT50,19.24134804712757,44,2025-12-07,2025-11-09,-4.0,4.0,2025-11-09,2025-12-21,2026-02-01,6.0,34.032547490873085,51.04882123630963,17.016273745436543,seasonal_naive
seasonal_naive,post_covid,2,Hilliard,2025-26,0.9,IT90,34.52709434950146,44,,2026-01-25,,,2026-01-25,2025-12-21,2026-02-01,6.0,34.032547490873085,51.04882123630963,17.016273745436543,seasonal_naive
seasonal_naive,post_covid,2,Hilliard,2025-26,0.98,IT98,50.186768532537315,44,,2026-02-01,,,2026-02-01,2025-12-21,2026-02-01,6.0,34.032547490873085,51.04882123630963,17.016273745436543,seasonal_naive
seasonal_naive,post_covid,2,Linden,2024-25,0.5,IT50,53.62727596624066,9,,,,,,2025-06-08,2025-07-06,4.0,23.845362822098693,19.374357292955185,-4.471005529143508,seasonal_naive
seasonal_naive,post_covid,2,Linden,2024-25,0.9,IT90,82.61523156370409,9,,,,,,2025-06-08,2025-07-06,4.0,23.845362822098693,19.374357292955185,-4.471005529143508,seasonal_naive
seasonal_naive,post_covid,2,Linden,2024-25,0.98,IT98,108.92078323683364,9,,,,,,2025-06-08,2025-07-06,4.0,23.845362822098693,19.374357292955185,-4.471005529143508,seasonal_naive
seasonal_naive,post_covid,2,Linden,2025-26,0.5,IT50,53.62727596624066,44,2025-12-14,2025-12-28,2.0,-2.0,2025-12-28,2026-01-04,2026-02-08,5.0,76.00709399543958,110.28480305220646,34.27770905676688,seasonal_naive
seasonal_naive,post_covid,2,Linden,2025-26,0.9,IT90,82.61523156370409,44,,2026-02-01,,,2026-02-01,2026-01-04,2026-02-08,5.0,76.00709399543958,110.28480305220646,34.27770905676688,seasonal_naive
seasonal_naive,post_covid,2,Linden,2025-26,0.98,IT98,108.92078323683364,44,,2026-02-08,,,2026-02-08,2026-01-04,2026-02-08,5.0,76.00709399543958,110.28480305220646,34.27770905676688,seasonal_naive
seasonal_naive,post_covid,2,NE Suburban,2024-25,0.5,IT50,27.312493683860776,9,,,,,,2025-06-01,2025-06-01,0.0,9.26979311507184,11.797918510091431,2.5281253950195914,seasonal_naive
seasonal_naive,post_covid,2,NE Suburban,2024-25,0.9,IT90,41.22759712033061,9,,,,,,2025-06-01,2025-06-01,0.0,9.26979311507184,11.797918510091431,2.5281253950195914,seasonal_naive
seasonal_naive,post_covid,2,NE Suburban,2024-25,0.98,IT98,53.6511443833241,9,,,,,,2025-06-01,2025-06-01,0.0,9.26979311507184,11.797918510091431,2.5281253950195914,seasonal_naive
seasonal_naive,post_covid,2,NE Suburban,2025-26,0.5,IT50,27.312493683860776,44,2025-12-21,2026-01-04,2.0,-2.0,2026-01-04,2025-12-21,2026-02-08,7.0,50.562507900391864,60.67500948047022,10.112501580078359,seasonal_naive
seasonal_naive,post_covid,2,NE Suburban,2025-26,0.9,IT90,41.22759712033061,44,2025-12-21,2026-01-25,5.0,-5.0,2026-01-25,2025-12-21,2026-02-08,7.0,50.562507900391864,60.67500948047022,10.112501580078359,seasonal_naive
seasonal_naive,post_covid,2,NE Suburban,2025-26,0.98,IT98,53.6511443833241,44,,2026-02-08,,,2026-02-08,2025-12-21,2026-02-08,7.0,50.562507900391864,60.67500948047022,10.112501580078359,seasonal_naive
seasonal_naive,post_covid,2,Northland,2024-25,0.5,IT50,56.127661353876796,9,,,,,,2025-07-06,2025-06-01,-5.0,20.79029093413376,20.79029093413376,0.0,seasonal_naive
seasonal_naive,post_covid,2,Northland,2024-25,0.9,IT90,89.91407794411414,9,,,,,,2025-07-06,2025-06-01,-5.0,20.79029093413376,20.79029093413376,0.0,seasonal_naive
seasonal_naive,post_covid,2,Northland,2024-25,0.98,IT98,121.54516325409915,9,,,,,,2025-07-06,2025-06-01,-5.0,20.79029093413376,20.79029093413376,0.0,seasonal_naive
seasonal_naive,post_covid,2,Northland,2025-26,0.5,IT50,56.127661353876796,44,2025-12-14,2025-12-21,1.0,-1.0,2025-12-21,2026-01-04,2026-02-08,5.0,87.05934328668512,116.9453865045024,29.886043217817274,seasonal_naive
seasonal_naive,post_covid,2,Northland,2025-26,0.9,IT90,89.91407794411414,44,,2026-01-25,,,2026-01-25,2026-01-04,2026-02-08,5.0,87.05934328668512,116.9453865045024,29.886043217817274,seasonal_naive
seasonal_naive,post_covid,2,Northland,2025-26,0.98,IT98,121.54516325409915,44,,,,,,2026-01-04,2026-02-08,5.0,87.05934328668512,116.9453865045024,29.886043217817274,seasonal_naive
seasonal_naive,post_covid,2,UA/Grandview,2024-25,0.5,IT50,8.143164584776198,9,,,,,,2025-07-06,2025-06-08,-4.0,5.691908383042667,4.553526706434133,-1.1383816766085335,seasonal_naive
seasonal_naive,post_covid,2,UA/Grandview,2024-25,0.9,IT90,16.706142473783938,9,,,,,,2025-07-06,2025-06-08,-4.0,5.691908383042667,4.553526706434133,-1.1383816766085335,seasonal_naive
seasonal_naive,post_covid,2,UA/Grandview,2024-25,0.98,IT98,26.455007113900507,9,,,,,,2025-07-06,2025-06-08,-4.0,5.691908383042667,4.553526706434133,-1.1383816766085335,seasonal_naive
seasonal_naive,post_covid,2,UA/Grandview,2025-26,0.5,IT50,8.143164584776198,44,2025-12-07,2026-01-18,6.0,-6.0,2026-01-18,2025-12-07,2026-02-01,8.0,15.937343472519466,26.182778561996265,10.2454350894768,seasonal_naive
seasonal_naive,post_covid,2,UA/Grandview,2025-26,0.9,IT90,16.706142473783938,44,,2026-02-01,,,2026-02-01,2025-12-07,2026-02-01,8.0,15.937343472519466,26.182778561996265,10.2454350894768,seasonal_naive
seasonal_naive,post_covid,2,UA/Grandview,2025-26,0.98,IT98,26.455007113900507,44,,,,,,2025-12-07,2026-02-01,8.0,15.937343472519466,26.182778561996265,10.2454350894768,seasonal_naive
seasonal_naive,post_covid,2,West,2024-25,0.5,IT50,73.15037971354549,9,,,,,,2025-06-01,2025-07-06,5.0,26.185844680532696,24.689510698787966,-1.4963339817447299,seasonal_naive
seasonal_naive,post_covid,2,West,2024-25,0.9,IT90,114.1022318647041,9,,,,,,2025-06-01,2025-07-06,5.0,26.185844680532696,24.689510698787966,-1.4963339817447299,seasonal_naive
seasonal_naive,post_covid,2,West,2024-25,0.98,IT98,151.63555393306305,9,,,,,,2025-06-01,2025-07-06,5.0,26.185844680532696,24.689510698787966,-1.4963339817447299,seasonal_naive
seasonal_naive,post_covid,2,West,2025-26,0.5,IT50,73.15037971354549,44,2025-12-21,2025-12-28,1.0,-1.0,2025-12-28,2026-01-04,2026-02-08,5.0,84.542869968577,176.5674098458776,92.0245398773006,seasonal_naive
seasonal_naive,post_covid,2,West,2025-26,0.9,IT90,114.1022318647041,44,,2026-01-25,,,2026-01-25,2026-01-04,2026-02-08,5.0,84.542869968577,176.5674098458776,92.0245398773006,seasonal_naive
seasonal_naive,post_covid,2,West,2025-26,0.98,IT98,151.63555393306305,44,,2026-02-08,,,2026-02-08,2026-01-04,2026-02-08,5.0,84.542869968577,176.5674098458776,92.0245398773006,seasonal_naive
seasonal_naive,post_covid,2,Westerville,2024-25,0.5,IT50,24.33364195874595,9,,,,,,2025-06-01,2025-06-15,2.0,9.329228472805298,12.438971297073731,3.1097428242684337,seasonal_naive
seasonal_naive,post_covid,2,Westerville,2024-25,0.9,IT90,36.408491039457616,9,,,,,,2025-06-01,2025-06-15,2.0,9.329228472805298,12.438971297073731,3.1097428242684337,seasonal_naive
seasonal_naive,post_covid,2,Westerville,2024-25,0.98,IT98,47.11324141772458,9,,,,,,2025-06-01,2025-06-15,2.0,9.329228472805298,12.438971297073731,3.1097428242684337,seasonal_naive
seasonal_naive,post_covid,2,Westerville,2025-26,0.5,IT50,24.33364195874595,44,2025-12-14,2025-12-21,1.0,-1.0,2025-12-21,2025-12-21,2026-02-22,9.0,45.09127095189228,48.201013776160714,3.1097428242684373,seasonal_naive
seasonal_naive,post_covid,2,Westerville,2025-26,0.9,IT90,36.408491039457616,44,2025-12-21,2026-02-01,6.0,-6.0,2026-02-01,2025-12-21,2026-02-22,9.0,45.09127095189228,48.201013776160714,3.1097428242684373,seasonal_naive
seasonal_naive,post_covid,2,Westerville,2025-26,0.98,IT98,47.11324141772458,44,,2026-02-22,,,2026-02-22,2025-12-21,2026-02-22,9.0,45.09127095189228,48.201013776160714,3.1097428242684373,seasonal_naive
seasonal_naive,post_covid,2,Worthington,2024-25,0.5,IT50,13.721631551906164,9,,,,,,2025-06-08,2025-07-27,7.0,11.21626358219418,8.412197686645637,-2.8040658955485434,seasonal_naive
seasonal_naive,post_covid,2,Worthington,2024-25,0.9,IT90,22.978569674557114,9,,,,,,2025-06-08,2025-07-27,7.0,11.21626358219418,8.412197686645637,-2.8040658955485434,seasonal_naive
seasonal_naive,post_covid,2,Worthington,2024-25,0.98,IT98,31.956357603850087,9,,,,,,2025-06-08,2025-07-27,7.0,11.21626358219418,8.412197686645637,-2.8040658955485434,seasonal_naive
seasonal_naive,post_covid,2,Worthington,2025-26,0.5,IT50,13.721631551906164,44,2025-08-31,2025-12-21,16.0,-16.0,2025-12-21,2025-12-21,2026-01-18,4.0,44.86505432877672,26.63862600771118,-18.22642832106554,seasonal_naive
seasonal_naive,post_covid,2,Worthington,2025-26,0.9,IT90,22.978569674557114,44,2025-12-21,2026-01-18,4.0,-4.0,2026-01-18,2025-12-21,2026-01-18,4.0,44.86505432877672,26.63862600771118,-18.22642832106554,seasonal_naive
seasonal_naive,post_covid,2,Worthington,2025-26,0.98,IT98,31.956357603850087,44,2025-12-21,,,,,2025-12-21,2026-01-18,4.0,44.86505432877672,26.63862600771118,-18.22642832106554,seasonal_naive
seasonal_naive,post_covid,2,CITYWIDE,2024-25,0.5,IT50,35.19412725226089,9,,,,,,2025-06-01,2025-07-20,7.0,13.228462952536946,10.910343078642345,-2.3181198738946005,seasonal_naive
seasonal_naive,post_covid,2,CITYWIDE,2024-25,0.9,IT90,56.071415152332634,9,,,,,,2025-06-01,2025-07-20,7.0,13.228462952536946,10.910343078642345,-2.3181198738946005,seasonal_naive
seasonal_naive,post_covid,2,CITYWIDE,2024-25,0.98,IT98,75.53173152268305,9,,,,,,2025-06-01,2025-07-20,7.0,13.228462952536946,10.910343078642345,-2.3181198738946005,seasonal_naive
seasonal_naive,post_covid,2,CITYWIDE,2025-26,0.5,IT50,35.19412725226089,44,2025-12-14,2025-12-21,1.0,-1.0,2025-12-21,2025-12-21,2026-02-08,7.0,52.20358501211178,75.75240518570672,23.54882017359494,seasonal_naive
seasonal_naive,post_covid,2,CITYWIDE,2025-26,0.9,IT90,56.071415152332634,44,,2026-01-25,,,2026-01-25,2025-12-21,2026-02-08,7.0,52.20358501211178,75.75240518570672,23.54882017359494,seasonal_naive
seasonal_naive,post_covid,2,CITYWIDE,2025-26,0.98,IT98,75.53173152268305,44,,2026-02-08,,,2026-02-08,2025-12-21,2026-02-08,7.0,52.20358501211178,75.75240518570672,23.54882017359494,seasonal_naive
xgboost,post_covid,2,Agler/Cassidy,2024-25,0.5,IT50,51.74083078339265,9,,,,,,2025-06-08,2025-06-01,-1.0,30.734241485595703,13.2329192374852,-17.501322248110505,xgboost
xgboost,post_covid,2,Agler/Cassidy,2024-25,0.9,IT90,88.48740693700204,9,,,,,,2025-06-08,2025-06-01,-1.0,30.734241485595703,13.2329192374852,-17.501322248110505,xgboost
xgboost,post_covid,2,Agler/Cassidy,2024-25,0.98,IT98,124.72586226376617,9,,,,,,2025-06-08,2025-06-01,-1.0,30.734241485595703,13.2329192374852,-17.501322248110505,xgboost
xgboost,post_covid,2,Agler/Cassidy,2025-26,0.5,IT50,51.74083078339265,44,2025-12-14,2025-12-28,2.0,-2.0,2025-12-28,2025-12-14,2026-01-04,3.0,86.05587768554688,65.1715475532266,-20.884330132320272,xgboost
xgboost,post_covid,2,Agler/Cassidy,2025-26,0.9,IT90,88.48740693700204,44,,,,,,2025-12-14,2026-01-04,3.0,86.05587768554688,65.1715475532266,-20.884330132320272,xgboost
xgboost,post_covid,2,Agler/Cassidy,2025-26,0.98,IT98,124.72586226376617,44,,,,,,2025-12-14,2026-01-04,3.0,86.05587768554688,65.1715475532266,-20.884330132320272,xgboost
xgboost,post_covid,2,Bexley,2024-25,0.5,IT50,24.605454693531783,9,,,,,,2025-06-08,2025-07-06,4.0,7.03457498550415,5.368945390548815,-1.6656295949553357,xgboost
xgboost,post_covid,2,Bexley,2024-25,0.9,IT90,37.5430295506582,9,,,,,,2025-06-08,2025-07-06,4.0,7.03457498550415,5.368945390548815,-1.6656295949553357,xgboost
xgboost,post_covid,2,Bexley,2024-25,0.98,IT98,49.19357270883574,9,,,,,,2025-06-08,2025-07-06,4.0,7.03457498550415,5.368945390548815,-1.6656295949553357,xgboost
xgboost,post_covid,2,Bexley,2025-26,0.5,IT50,24.605454693531783,44,2025-12-07,2026-01-11,5.0,-5.0,2026-01-11,2026-01-04,2026-02-08,5.0,49.24202728271485,29.72913526794699,-19.51289201476786,xgboost
xgboost,post_covid,2,Bexley,2025-26,0.9,IT90,37.5430295506582,44,2025-12-28,,,,,2026-01-04,2026-02-08,5.0,49.24202728271485,29.72913526794699,-19.51289201476786,xgboost
xgboost,post_covid,2,Bexley,2025-26,0.98,IT98,49.19357270883574,44,2026-01-04,,,,,2026-01-04,2026-02-08,5.0,49.24202728271485,29.72913526794699,-19.51289201476786,xgboost
xgboost,post_covid,2,Clintonville/Near North,2024-25,0.5,IT50,15.728895715230147,9,,,,,,2025-07-13,2025-07-06,-1.0,5.136054039001465,4.145579020817465,-0.9904750181840001,xgboost
xgboost,post_covid,2,Clintonville/Near North,2024-25,0.9,IT90,22.099499115677975,9,,,,,,2025-07-13,2025-07-06,-1.0,5.136054039001465,4.145579020817465,-0.9904750181840001,xgboost
xgboost,post_covid,2,Clintonville/Near North,2024-25,0.98,IT98,27.469599865392972,9,,,,,,2025-07-13,2025-07-06,-1.0,5.136054039001465,4.145579020817465,-0.9904750181840001,xgboost
xgboost,post_covid,2,Clintonville/Near North,2025-26,0.5,IT50,15.728895715230147,44,2025-12-07,2025-12-14,1.0,-1.0,2025-12-14,2025-12-28,2026-01-11,2.0,27.734691619873047,35.93226894731343,8.197577327440385,xgboost
xgboost,post_covid,2,Clintonville/Near North,2025-26,0.9,IT90,22.099499115677975,44,2025-12-21,2026-01-04,2.0,-2.0,2026-01-04,2025-12-28,2026-01-11,2.0,27.734691619873047,35.93226894731343,8.197577327440385,xgboost
xgboost,post_covid,2,Clintonville/Near North,2025-26,0.98,IT98,27.469599865392972,44,2025-12-28,2026-01-04,1.0,-1.0,2026-01-04,2025-12-28,2026-01-11,2.0,27.734691619873047,35.93226894731343,8.197577327440385,xgboost
xgboost,post_covid,2,Dublin,2024-25,0.5,IT50,8.038849454818003,9,,,,,,2025-07-13,2025-06-01,-6.0,3.810394763946533,3.1306105538877103,-0.679784210058823,xgboost
xgboost,post_covid,2,Dublin,2024-25,0.9,IT90,14.1626396504559,9,,,,,,2025-07-13,2025-06-01,-6.0,3.810394763946533,3.1306105538877103,-0.679784210058823,xgboost
xgboost,post_covid,2,Dublin,2024-25,0.98,IT98,20.345693253667104,9,,,,,,2025-07-13,2025-06-01,-6.0,3.810394763946533,3.1306105538877103,-0.679784210058823,xgboost
xgboost,post_covid,2,Dublin,2025-26,0.5,IT50,8.038849454818003,44,2025-12-14,2025-12-28,2.0,-2.0,2025-12-28,2025-12-21,2026-02-08,7.0,16.765737533569336,17.64732629869428,0.8815887651249454,xgboost
xgboost,post_covid,2,Dublin,2025-26,0.9,IT90,14.1626396504559,44,2025-12-21,2026-02-08,7.0,-7.0,2026-02-08,2025-12-21,2026-02-08,7.0,16.765737533569336,17.64732629869428,0.8815887651249454,xgboost
xgboost,post_covid,2,Dublin,2025-26,0.98,IT98,20.345693253667104,44,,,,,,2025-12-21,2026-02-08,7.0,16.765737533569336,17.64732629869428,0.8815887651249454,xgboost
xgboost,post_covid,2,Eastside,2024-25,0.5,IT50,53.89825474693718,9,,,,,,2025-06-01,2025-07-27,8.0,18.382776260375977,11.80057752851858,-6.582198731857396,xgboost
xgboost,post_covid,2,Eastside,2024-25,0.9,IT90,89.53274062296502,9,,,,,,2025-06-01,2025-07-27,8.0,18.382776260375977,11.80057752851858,-6.582198731857396,xgboost
xgboost,post_covid,2,Eastside,2024-25,0.98,IT98,123.87134674281285,9,,,,,,2025-06-01,2025-07-27,8.0,18.382776260375977,11.80057752851858,-6.582198731857396,xgboost
xgboost,post_covid,2,Eastside,2025-26,0.5,IT50,53.89825474693718,44,2025-12-21,2026-01-04,2.0,-2.0,2026-01-04,2025-12-21,2026-02-01,6.0,91.91387939453124,71.99915214704026,-19.914727247490973,xgboost
xgboost,post_covid,2,Eastside,2025-26,0.9,IT90,89.53274062296502,44,2025-12-21,,,,,2025-12-21,2026-02-01,6.0,91.91387939453124,71.99915214704026,-19.914727247490973,xgboost
xgboost,post_covid,2,Eastside,2025-26,0.98,IT98,123.87134674281285,44,,,,,,2025-12-21,2026-02-01,6.0,91.91387939453124,71.99915214704026,-19.914727247490973,xgboost
xgboost,post_covid,2,Far East,2024-25,0.5,IT50,76.01095931639992,9,,,,,,2025-06-01,2025-06-01,0.0,31.653696060180664,18.63100981434783,-13.022686245832833,xgboost
xgboost,post_covid,2,Far East,2024-25,0.9,IT90,119.58175049878095,9,,,,,,2025-06-01,2025-06-01,0.0,31.653696060180664,18.63100981434783,-13.022686245832833,xgboost
xgboost,post_covid,2,Far East,2024-25,0.98,IT98,159.7885780471188,9,,,,,,2025-06-01,2025-06-01,0.0,31.653696060180664,18.63100981434783,-13.022686245832833,xgboost
xgboost,post_covid,2,Far East,2025-26,0.5,IT50,76.01095931639992,44,2025-12-21,2026-01-04,2.0,-2.0,2026-01-04,2025-12-28,2026-01-11,2.0,123.03134155273438,94.57104635358525,-28.46029519914913,xgboost
xgboost,post_covid,2,Far East,2025-26,0.9,IT90,119.58175049878095,44,2025-12-28,,,,,2025-12-28,2026-01-11,2.0,123.03134155273438,94.57104635358525,-28.46029519914913,xgboost
xgboost,post_covid,2,Far East,2025-26,0.98,IT98,159.7885780471188,44,,,,,,2025-12-28,2026-01-11,2.0,123.03134155273438,94.57104635358525,-28.46029519914913,xgboost
xgboost,post_covid,2,Far South,2024-25,0.5,IT50,69.7066330370401,9,,,,,,2025-06-01,2025-06-01,0.0,27.77184295654297,13.983741763997742,-13.788101192545227,xgboost
xgboost,post_covid,2,Far South,2024-25,0.9,IT90,121.95949130896,9,,,,,,2025-06-01,2025-06-01,0.0,27.77184295654297,13.983741763997742,-13.788101192545227,xgboost
xgboost,post_covid,2,Far South,2024-25,0.98,IT98,174.42921640712913,9,,,,,,2025-06-01,2025-06-01,0.0,27.77184295654297,13.983741763997742,-13.788101192545227,xgboost
xgboost,post_covid,2,Far South,2025-26,0.5,IT50,69.7066330370401,44,2025-12-14,2026-02-01,7.0,-7.0,2026-02-01,2026-01-18,2026-02-01,2.0,100.40589904785156,79.72439300143057,-20.681506046420992,xgboost
xgboost,post_covid,2,Far South,2025-26,0.9,IT90,121.95949130896,44,,,,,,2026-01-18,2026-02-01,2.0,100.40589904785156,79.72439300143057,-20.681506046420992,xgboost
xgboost,post_covid,2,Far South,2025-26,0.98,IT98,174.42921640712913,44,,,,,,2026-01-18,2026-02-01,2.0,100.40589904785156,79.72439300143057,-20.681506046420992,xgboost
xgboost,post_covid,2,Far Southeast,2024-25,0.5,IT50,10.956265259525463,9,,,,,,2025-06-01,2025-06-01,0.0,6.61631965637207,4.220648791651268,-2.3956708647208025,xgboost
xgboost,post_covid,2,Far Southeast,2024-25,0.9,IT90,18.40391015194404,9,,,,,,2025-06-01,2025-06-01,0.0,6.61631965637207,4.220648791651268,-2.3956708647208025,xgboost
xgboost,post_covid,2,Far Southeast,2024-25,0.98,IT98,25.644566505740826,9,,,,,,2025-06-01,2025-06-01,0.0,6.61631965637207,4.220648791651268,-2.3956708647208025,xgboost
xgboost,post_covid,2,Far Southeast,2025-26,0.5,IT50,10.956265259525463,44,2025-12-07,2026-02-01,8.0,-8.0,2026-02-01,2025-12-21,2026-02-15,8.0,14.177827835083008,17.715568625037392,3.537740789954384,xgboost
xgboost,post_covid,2,Far Southeast,2025-26,0.9,IT90,18.40391015194404,44,,,,,,2025-12-21,2026-02-15,8.0,14.177827835083008,17.715568625037392,3.537740789954384,xgboost
xgboost,post_covid,2,Far Southeast,2025-26,0.98,IT98,25.644566505740826,44,,,,,,2025-12-21,2026-02-15,8.0,14.177827835083008,17.715568625037392,3.537740789954384,xgboost
xgboost,post_covid,2,Far Southwest,2024-25,0.5,IT50,34.041053932580134,9,,,,,,2025-07-06,2025-06-01,-5.0,13.57149600982666,8.138212746680761,-5.433283263145899,xgboost
xgboost,post_covid,2,Far Southwest,2024-25,0.9,IT90,54.68112356483704,9,,,,,,2025-07-06,2025-06-01,-5.0,13.57149600982666,8.138212746680761,-5.433283263145899,xgboost
xgboost,post_covid,2,Far Southwest,2024-25,0.98,IT98,74.04650918881951,9,,,,,,2025-07-06,2025-06-01,-5.0,13.57149600982666,8.138212746680761,-5.433283263145899,xgboost
xgboost,post_covid,2,Far Southwest,2025-26,0.5,IT50,34.041053932580134,44,2025-12-14,,,,,2025-12-14,2026-01-11,4.0,46.97825241088867,33.366996378459554,-13.611256032429118,xgboost
xgboost,post_covid,2,Far Southwest,2025-26,0.9,IT90,54.68112356483704,44,,,,,,2025-12-14,2026-01-11,4.0,46.97825241088867,33.366996378459554,-13.611256032429118,xgboost
xgboost,post_covid,2,Far Southwest,2025-26,0.98,IT98,74.04650918881951,44,,,,,,2025-12-14,2026-01-11,4.0,46.97825241088867,33.366996378459554,-13.611256032429118,xgboost
xgboost,post_covid,2,Hilliard,2024-25,0.5,IT50,19.24134804712757,9,,,,,,2025-06-01,2025-07-06,5.0,10.828537940979004,3.9927509295027286,-6.835787011476276,xgboost
xgboost,post_covid,2,Hilliard,2024-25,0.9,IT90,34.52709434950146,9,,,,,,2025-06-01,2025-07-06,5.0,10.828537940979004,3.9927509295027286,-6.835787011476276,xgboost
xgboost,post_covid,2,Hilliard,2024-25,0.98,IT98,50.186768532537315,9,,,,,,2025-06-01,2025-07-06,5.0,10.828537940979004,3.9927509295027286,-6.835787011476276,xgboost
xgboost,post_covid,2,Hilliard,2025-26,0.5,IT50,19.24134804712757,44,2025-12-07,2025-12-28,3.0,-3.0,2025-12-28,2025-12-21,2026-01-04,2.0,34.03254699707031,26.454255320288347,-7.578291676781966,xgboost
xgboost,post_covid,2,Hilliard,2025-26,0.9,IT90,34.52709434950146,44,,,,,,2025-12-21,2026-01-04,2.0,34.03254699707031,26.454255320288347,-7.578291676781966,xgboost
xgboost,post_covid,2,Hilliard,2025-26,0.98,IT98,50.186768532537315,44,,,,,,2025-12-21,2026-01-04,2.0,34.03254699707031,26.454255320288347,-7.578291676781966,xgboost
xgboost,post_covid,2,Linden,2024-25,0.5,IT50,53.62727596624066,9,,,,,,2025-06-08,2025-06-01,-1.0,23.84536361694336,14.488241348381822,-9.357122268561538,xgboost
xgboost,post_covid,2,Linden,2024-25,0.9,IT90,82.61523156370409,9,,,,,,2025-06-08,2025-06-01,-1.0,23.84536361694336,14.488241348381822,-9.357122268561538,xgboost
xgboost,post_covid,2,Linden,2024-25,0.98,IT98,108.92078323683364,9,,,,,,2025-06-08,2025-06-01,-1.0,23.84536361694336,14.488241348381822,-9.357122268561538,xgboost
xgboost,post_covid,2,Linden,2025-26,0.5,IT50,53.62727596624066,44,2025-12-14,2026-02-01,7.0,-7.0,2026-02-01,2026-01-04,2026-02-15,6.0,76.00709533691406,67.23856506560894,-8.768530271305124,xgboost
xgboost,post_covid,2,Linden,2025-26,0.9,IT90,82.61523156370409,44,,,,,,2026-01-04,2026-02-15,6.0,76.00709533691406,67.23856506560894,-8.768530271305124,xgboost
xgboost,post_covid,2,Linden,2025-26,0.98,IT98,108.92078323683364,44,,,,,,2026-01-04,2026-02-15,6.0,76.00709533691406,67.23856506560894,-8.768530271305124,xgboost
xgboost,post_covid,2,NE Suburban,2024-25,0.5,IT50,27.312493683860776,9,,,,,,2025-06-01,2025-06-01,0.0,9.269793510437012,7.637843963595478,-1.6319495468415335,xgboost
xgboost,post_covid,2,NE Suburban,2024-25,0.9,IT90,41.22759712033061,9,,,,,,2025-06-01,2025-06-01,0.0,9.269793510437012,7.637843963595478,-1.6319495468415335,xgboost
xgboost,post_covid,2,NE Suburban,2024-25,0.98,IT98,53.6511443833241,9,,,,,,2025-06-01,2025-06-01,0.0,9.269793510437012,7.637843963595478,-1.6319495468415335,xgboost
xgboost,post_covid,2,NE Suburban,2025-26,0.5,IT50,27.312493683860776,44,2025-12-21,2026-01-04,2.0,-2.0,2026-01-04,2025-12-21,2026-01-04,2.0,50.56250762939453,31.85034072335786,-18.71216690603667,xgboost
xgboost,post_covid,2,NE Suburban,2025-26,0.9,IT90,41.22759712033061,44,2025-12-21,,,,,2025-12-21,2026-01-04,2.0,50.56250762939453,31.85034072335786,-18.71216690603667,xgboost
xgboost,post_covid,2,NE Suburban,2025-26,0.98,IT98,53.6511443833241,44,,,,,,2025-12-21,2026-01-04,2.0,50.56250762939453,31.85034072335786,-18.71216690603667,xgboost
xgboost,post_covid,2,Northland,2024-25,0.5,IT50,56.127661353876796,9,,,,,,2025-07-06,2025-06-01,-5.0,20.79029083251953,17.335145369854324,-3.4551454626652074,xgboost
xgboost,post_covid,2,Northland,2024-25,0.9,IT90,89.91407794411414,9,,,,,,2025-07-06,2025-06-01,-5.0,20.79029083251953,17.335145369854324,-3.4551454626652074,xgboost
xgboost,post_covid,2,Northland,2024-25,0.98,IT98,121.54516325409915,9,,,,,,2025-07-06,2025-06-01,-5.0,20.79029083251953,17.335145369854324,-3.4551454626652074,xgboost
xgboost,post_covid,2,Northland,2025-26,0.5,IT50,56.127661353876796,44,2025-12-14,2026-01-18,5.0,-5.0,2026-01-18,2026-01-04,2026-01-18,2.0,87.05934143066406,66.25926595121192,-20.800075479452147,xgboost
xgboost,post_covid,2,Northland,2025-26,0.9,IT90,89.91407794411414,44,,,,,,2026-01-04,2026-01-18,2.0,87.05934143066406,66.25926595121192,-20.800075479452147,xgboost
xgboost,post_covid,2,Northland,2025-26,0.98,IT98,121.54516325409915,44,,,,,,2026-01-04,2026-01-18,2.0,87.05934143066406,66.25926595121192,-20.800075479452147,xgboost
xgboost,post_covid,2,UA/Grandview,2024-25,0.5,IT50,8.143164584776198,9,,,,,,2025-07-06,2025-07-06,0.0,5.691908359527588,4.005438123040321,-1.686470236487267,xgboost
xgboost,post_covid,2,UA/Grandview,2024-25,0.9,IT90,16.706142473783938,9,,,,,,2025-07-06,2025-07-06,0.0,5.691908359527588,4.005438123040321,-1.686470236487267,xgboost
xgboost,post_covid,2,UA/Grandview,2024-25,0.98,IT98,26.455007113900507,9,,,,,,2025-07-06,2025-07-06,0.0,5.691908359527588,4.005438123040321,-1.686470236487267,xgboost
xgboost,post_covid,2,UA/Grandview,2025-26,0.5,IT50,8.143164584776198,44,2025-12-07,2025-12-21,2.0,-2.0,2025-12-21,2025-12-07,2026-02-08,9.0,15.93734359741211,17.59916757503344,1.6618239776213315,xgboost
xgboost,post_covid,2,UA/Grandview,2025-26,0.9,IT90,16.706142473783938,44,,2026-02-08,,,2026-02-08,2025-12-07,2026-02-08,9.0,15.93734359741211,17.59916757503344,1.6618239776213315,xgboost
xgboost,post_covid,2,UA/Grandview,2025-26,0.98,IT98,26.455007113900507,44,,,,,,2025-12-07,2026-02-08,9.0,15.93734359741211,17.59916757503344,1.6618239776213315,xgboost
xgboost,post_covid,2,West,2024-25,0.5,IT50,73.15037971354549,9,,,,,,2025-06-01,2025-06-01,0.0,26.18584442138672,15.960379881807944,-10.225464539578775,xgboost
xgboost,post_covid,2,West,2024-25,0.9,IT90,114.1022318647041,9,,,,,,2025-06-01,2025-06-01,0.0,26.18584442138672,15.960379881807944,-10.225464539578775,xgboost
xgboost,post_covid,2,West,2024-25,0.98,IT98,151.63555393306305,9,,,,,,2025-06-01,2025-06-01,0.0,26.18584442138672,15.960379881807944,-10.225464539578775,xgboost
xgboost,post_covid,2,West,2025-26,0.5,IT50,73.15037971354549,44,2025-12-21,2026-02-01,6.0,-6.0,2026-02-01,2026-01-04,2026-02-01,4.0,84.5428695678711,76.03455361579364,-8.508315952077453,xgboost
xgboost,post_covid,2,West,2025-26,0.9,IT90,114.1022318647041,44,,,,,,2026-01-04,2026-02-01,4.0,84.5428695678711,76.03455361579364,-8.508315952077453,xgboost
xgboost,post_covid,2,West,2025-26,0.98,IT98,151.63555393306305,44,,,,,,2026-01-04,2026-02-01,4.0,84.5428695678711,76.03455361579364,-8.508315952077453,xgboost
xgboost,post_covid,2,Westerville,2024-25,0.5,IT50,24.33364195874595,9,,,,,,2025-06-01,2025-06-01,0.0,9.329228401184082,7.011953672761738,-2.317274728422344,xgboost
xgboost,post_covid,2,Westerville,2024-25,0.9,IT90,36.408491039457616,9,,,,,,2025-06-01,2025-06-01,0.0,9.329228401184082,7.011953672761738,-2.317274728422344,xgboost
xgboost,post_covid,2,Westerville,2024-25,0.98,IT98,47.11324141772458,9,,,,,,2025-06-01,2025-06-01,0.0,9.329228401184082,7.011953672761738,-2.317274728422344,xgboost
xgboost,post_covid,2,Westerville,2025-26,0.5,IT50,24.33364195874595,44,2025-12-14,2026-01-04,3.0,-3.0,2026-01-04,2025-12-21,2026-01-11,3.0,45.091270446777344,26.236615830904107,-18.854654615873237,xgboost
xgboost,post_covid,2,Westerville,2025-26,0.9,IT90,36.408491039457616,44,2025-12-21,,,,,2025-12-21,2026-01-11,3.0,45.091270446777344,26.236615830904107,-18.854654615873237,xgboost
xgboost,post_covid,2,Westerville,2025-26,0.98,IT98,47.11324141772458,44,,,,,,2025-12-21,2026-01-11,3.0,45.091270446777344,26.236615830904107,-18.854654615873237,xgboost
xgboost,post_covid,2,Worthington,2024-25,0.5,IT50,13.721631551906164,9,,,,,,2025-06-08,2025-06-01,-1.0,11.216263771057127,4.599366907728033,-6.616896863329094,xgboost
xgboost,post_covid,2,Worthington,2024-25,0.9,IT90,22.978569674557114,9,,,,,,2025-06-08,2025-06-01,-1.0,11.216263771057127,4.599366907728033,-6.616896863329094,xgboost
xgboost,post_covid,2,Worthington,2024-25,0.98,IT98,31.956357603850087,9,,,,,,2025-06-08,2025-06-01,-1.0,11.216263771057127,4.599366907728033,-6.616896863329094,xgboost
xgboost,post_covid,2,Worthington,2025-26,0.5,IT50,13.721631551906164,44,2025-08-31,2026-01-04,18.0,-18.0,2026-01-04,2025-12-21,2026-02-15,8.0,44.86505508422851,19.882720882946643,-24.982334201281866,xgboost
xgboost,post_covid,2,Worthington,2025-26,0.9,IT90,22.978569674557114,44,2025-12-21,,,,,2025-12-21,2026-02-15,8.0,44.86505508422851,19.882720882946643,-24.982334201281866,xgboost
xgboost,post_covid,2,Worthington,2025-26,0.98,IT98,31.956357603850087,44,2025-12-21,,,,,2025-12-21,2026-02-15,8.0,44.86505508422851,19.882720882946643,-24.982334201281866,xgboost
xgboost,post_covid,2,CITYWIDE,2024-25,0.5,IT50,35.19412725226089,9,,,,,,2025-06-01,2025-06-01,0.0,13.228462962543263,9.0779634442963,-4.1504995182469635,xgboost
xgboost,post_covid,2,CITYWIDE,2024-25,0.9,IT90,56.071415152332634,9,,,,,,2025-06-01,2025-06-01,0.0,13.228462962543263,9.0779634442963,-4.1504995182469635,xgboost
xgboost,post_covid,2,CITYWIDE,2024-25,0.98,IT98,75.53173152268305,9,,,,,,2025-06-01,2025-06-01,0.0,13.228462962543263,9.0779634442963,-4.1504995182469635,xgboost
xgboost,post_covid,2,CITYWIDE,2025-26,0.5,IT50,35.19412725226089,44,2025-12-14,2026-01-04,3.0,-3.0,2026-01-04,2025-12-21,2026-02-15,8.0,52.203583997838635,40.99051596969386,-11.213068028144775,xgboost
xgboost,post_covid,2,CITYWIDE,2025-26,0.9,IT90,56.071415152332634,44,,,,,,2025-12-21,2026-02-15,8.0,52.203583997838635,40.99051596969386,-11.213068028144775,xgboost
xgboost,post_covid,2,CITYWIDE,2025-26,0.98,IT98,75.53173152268305,44,,,,,,2025-12-21,2026-02-15,8.0,52.203583997838635,40.99051596969386,-11.213068028144775,xgboost
