model,variant,horizon,indicator,season,level,label,threshold,n_weeks,onset_actual,onset_pred,onset_error_weeks,lead_time_weeks,first_alert_week,peak_week_actual,peak_week_pred,peak_week_error_weeks,peak_actual,peak_pred,peak_error,series
arima,post_covid,2,ALMIRANTE BROWN,2024-25,0.5,IT50,45.51198712694632,13,,,,,,2024-12-01,2024-12-01,0.0,20.860869966673903,26.896606665180048,6.035736698506145,arima
arima,post_covid,2,ALMIRANTE BROWN,2024-25,0.9,IT90,59.3327355509796,13,,,,,,2024-12-01,2024-12-01,0.0,20.860869966673903,26.896606665180048,6.035736698506145,arima
arima,post_covid,2,ALMIRANTE BROWN,2024-25,0.98,IT98,70.30154029606965,13,,,,,,2024-12-01,2024-12-01,0.0,20.860869966673903,26.896606665180048,6.035736698506145,arima
arima,post_covid,2,ALMIRANTE BROWN,2025-26,0.5,IT50,45.51198712694632,40,,,,,,2025-06-08,2025-06-08,0.0,41.550749195916055,29.385859259247884,-12.164889936668171,arima
arima,post_covid,2,ALMIRANTE BROWN,2025-26,0.9,IT90,59.3327355509796,40,,,,,,2025-06-08,2025-06-08,0.0,41.550749195916055,29.385859259247884,-12.164889936668171,arima
arima,post_covid,2,ALMIRANTE BROWN,2025-26,0.98,IT98,70.30154029606965,40,,,,,,2025-06-08,2025-06-08,0.0,41.550749195916055,29.385859259247884,-12.164889936668171,arima
arima,post_covid,2,AVELLANEDA,2024-25,0.5,IT50,245.84106655843968,13,,,,,,2024-11-24,2024-11-03,-3.0,130.04891798211963,164.03104359089994,33.98212560878031,arima
arima,post_covid,2,AVELLANEDA,2024-25,0.9,IT90,374.7741671132419,13,,,,,,2024-11-24,2024-11-03,-3.0,130.04891798211963,164.03104359089994,33.98212560878031,arima
arima,post_covid,2,AVELLANEDA,2024-25,0.98,IT98,490.7992503428019,13,,,,,,2024-11-24,2024-11-03,-3.0,130.04891798211963,164.03104359089994,33.98212560878031,arima
arima,post_covid,2,AVELLANEDA,2025-26,0.5,IT50,245.84106655843968,40,2025-05-25,2025-06-15,3.0,-3.0,2025-06-15,2025-06-01,2025-06-15,2.0,323.7619506249422,270.05383287217114,-53.708117752771045,arima
arima,post_covid,2,AVELLANEDA,2025-26,0.9,IT90,374.7741671132419,40,,,,,,2025-06-01,2025-06-15,2.0,323.7619506249422,270.05383287217114,-53.708117752771045,arima
arima,post_covid,2,AVELLANEDA,2025-26,0.98,IT98,490.7992503428019,40,,,,,,2025-06-01,2025-06-15,2.0,323.7619506249422,270.05383287217114,-53.708117752771045,arima
arima,post_covid,2,EZEIZA,2024-25,0.5,IT50,139.80229436412165,13,,,,,,2024-11-03,2024-11-03,0.0,44.6625742515297,83.98917805939274,39.326603807863044,arima
arima,post_covid,2,EZEIZA,2024-25,0.9,IT90,180.23131160603506,13,,,,,,2024-11-03,2024-11-03,0.0,44.6625742515297,83.98917805939274,39.326603807863044,arima
arima,post_covid,2,EZEIZA,2024-25,0.98,IT98,212.02965427114694,13,,,,,,2024-11-03,2024-11-03,0.0,44.6625742515297,83.98917805939274,39.326603807863044,arima
arima,post_covid,2,EZEIZA,2025-26,0.5,IT50,139.80229436412165,40,2025-05-25,,,,,2025-06-08,2025-02-02,-18.0,186.09405938137377,83.98917805939274,-102.10488132198103,arima
arima,post_covid,2,EZEIZA,2025-26,0.9,IT90,180.23131160603506,40,2025-06-08,,,,,2025-06-08,2025-02-02,-18.0,186.09405938137377,83.98917805939274,-102.10488132198103,arima
arima,post_covid,2,EZEIZA,2025-26,0.98,IT98,212.02965427114694,40,,,,,,2025-06-08,2025-02-02,-18.0,186.09405938137377,83.98917805939274,-102.10488132198103,arima
arima,post_covid,2,FLORENCIO VARELA,2024-25,0.5,IT50,92.52865090835965,13,,,,,,2024-11-10,2024-11-03,-1.0,47.539144255116,46.57225839780524,-0.966885857310757,arima
arima,post_covid,2,FLORENCIO VARELA,2024-25,0.9,IT90,129.20404508235538,13,,,,,,2024-11-10,2024-11-03,-1.0,47.539144255116,46.57225839780524,-0.966885857310757,arima
arima,post_covid,2,FLORENCIO VARELA,2024-25,0.98,IT98,159.96645580277627,13,,,,,,2024-11-10,2024-11-03,-1.0,47.539144255116,46.57225839780524,-0.966885857310757,arima
arima,post_covid,2,FLORENCIO VARELA,2025-26,0.5,IT50,92.52865090835965,40,2025-05-25,,,,,2025-06-08,2025-02-02,-18.0,146.4447367519887,46.57225839780524,-99.87247835418346,arima
arima,post_covid,2,FLORENCIO VARELA,2025-26,0.9,IT90,129.20404508235538,40,2025-06-08,,,,,2025-06-08,2025-02-02,-18.0,146.4447367519887,46.57225839780524,-99.87247835418346,arima
arima,post_covid,2,FLORENCIO VARELA,2025-26,0.98,IT98,159.96645580277627,40,,,,,,2025-06-08,2025-02-02,-18.0,146.4447367519887,46.57225839780524,-99.87247835418346,arima
arima,post_covid,2,GENERAL SAN MARTÍN,2024-25,0.5,IT50,77.94711365203958,13,,,,,,2024-11-17,2024-11-03,-2.0,38.622208213656286,45.065540861337475,6.4433326476811885,arima
arima,post_covid,2,GENERAL SAN MARTÍN,2024-25,0.9,IT90,119.50868958439348,13,,,,,,2024-11-17,2024-11-03,-2.0,38.622208213656286,45.065540861337475,6.4433326476811885,arima
arima,post_covid,2,GENERAL SAN MARTÍN,2024-25,0.98,IT98,157.08069982681235,13,,,,,,2024-11-17,2024-11-03,-2.0,38.622208213656286,45.065540861337475,6.4433326476811885,arima
arima,post_covid,2,GENERAL SAN MARTÍN,2025-26,0.5,IT50,77.94711365203958,40,2025-05-18,2025-06-15,4.0,-4.0,2025-06-15,2025-06-01,2025-06-15,2.0,98.99715438672816,82.81260850625426,-16.18454588047389,arima
arima,post_covid,2,GENERAL SAN MARTÍN,2025-26,0.9,IT90,119.50868958439348,40,,,,,,2025-06-01,2025-06-15,2.0,98.99715438672816,82.81260850625426,-16.18454588047389,arima
arima,post_covid,2,GENERAL SAN MARTÍN,2025-26,0.98,IT98,157.08069982681235,40,,,,,,2025-06-01,2025-06-15,2.0,98.99715438672816,82.81260850625426,-16.18454588047389,arima
arima,post_covid,2,JOSÉ C. PAZ,2024-25,0.5,IT50,222.17859568980776,13,,,,,,2024-11-03,2024-11-03,0.0,178.59764153251456,183.1918487620528,4.594207229538256,arima
arima,post_covid,2,JOSÉ C. PAZ,2024-25,0.9,IT90,355.8888420506266,13,,,,,,2024-11-03,2024-11-03,0.0,178.59764153251456,183.1918487620528,4.594207229538256,arima
arima,post_covid,2,JOSÉ C. PAZ,2024-25,0.98,IT98,481.06046989083103,13,,,,,,2024-11-03,2024-11-03,0.0,178.59764153251456,183.1918487620528,4.594207229538256,arima
arima,post_covid,2,JOSÉ C. PAZ,2025-26,0.5,IT50,222.17859568980776,40,2025-03-16,2025-03-30,2.0,-2.0,2025-03-30,2025-05-25,2025-06-22,4.0,740.690903752997,583.7160124920063,-156.97489126099072,arima
arima,post_covid,2,JOSÉ C. PAZ,2025-26,0.9,IT90,355.8888420506266,40,2025-05-04,2025-06-08,5.0,-5.0,2025-06-08,2025-05-25,2025-06-22,4.0,740.690903752997,583.7160124920063,-156.97489126099072,arima
arima,post_covid,2,JOSÉ C. PAZ,2025-26,0.98,IT98,481.06046989083103,40,2025-05-25,2025-06-08,2.0,-2.0,2025-06-08,2025-05-25,2025-06-22,4.0,740.690903752997,583.7160124920063,-156.97489126099072,arima
arima,post_covid,2,LA MATANZA,2024-25,0.5,IT50,24.512107570850826,13,,,,,,2024-11-10,2024-11-03,-1.0,16.401927606670913,16.582036188847084,0.18010858217617098,arima
arima,post_covid,2,LA MATANZA,2024-25,0.9,IT90,49.0533041651205,13,,,,,,2024-11-10,2024-11-03,-1.0,16.401927606670913,16.582036188847084,0.18010858217617098,arima
arima,post_covid,2,LA MATANZA,2024-25,0.98,IT98,76.45298521130762,13,,,,,,2024-11-10,2024-11-03,-1.0,16.401927606670913,16.582036188847084,0.18010858217617098,arima
arima,post_covid,2,LA MATANZA,2025-26,0.5,IT50,24.512107570850826,40,2025-03-16,2025-03-30,2.0,-2.0,2025-03-30,2025-06-01,2025-06-15,2.0,53.170487175267624,50.81447795466223,-2.3560092206053938,arima
arima,post_covid,2,LA MATANZA,2025-26,0.9,IT90,49.0533041651205,40,2025-06-01,2025-06-15,2.0,-2.0,2025-06-15,2025-06-01,2025-06-15,2.0,53.170487175267624,50.81447795466223,-2.3560092206053938,arima
arima,post_covid,2,LA MATANZA,2025-26,0.98,IT98,76.45298521130762,40,,,,,,2025-06-01,2025-06-15,2.0,53.170487175267624,50.81447795466223,-2.3560092206053938,arima
arima,post_covid,2,LANÚS,2024-25,0.5,IT50,132.6029855198303,13,,,,,,2024-11-03,2024-12-01,4.0,51.81380848835923,55.510996280426866,3.6971877920676377,arima
arima,post_covid,2,LANÚS,2024-25,0.9,IT90,190.48996986250967,13,,,,,,2024-11-03,2024-12-01,4.0,51.81380848835923,55.510996280426866,3.6971877920676377,arima
arima,post_covid,2,LANÚS,2024-25,0.98,IT98,240.1624128185746,13,,,,,,2024-11-03,2024-12-01,4.0,51.81380848835923,55.510996280426866,3.6971877920676377,arima
arima,post_covid,2,LANÚS,2025-26,0.5,IT50,132.6029855198303,40,2025-05-25,2025-06-08,2.0,-2.0,2025-06-08,2025-06-01,2025-06-15,2.0,171.48419462046925,184.71495402885853,13.230759408389275,arima
arima,post_covid,2,LANÚS,2025-26,0.9,IT90,190.48996986250967,40,,,,,,2025-06-01,2025-06-15,2.0,171.48419462046925,184.71495402885853,13.230759408389275,arima
arima,post_covid,2,LANÚS,2025-26,0.98,IT98,240.1624128185746,40,,,,,,2025-06-01,2025-06-15,2.0,171.48419462046925,184.71495402885853,13.230759408389275,arima
arima,post_covid,2,LOMAS DE ZAMORA,2024-25,0.5,IT50,8.281330480989212,10,,,,,,2024-11-10,2024-11-24,2.0,1.448267871625536,1.448267871625536,0.0,arima
arima,post_covid,2,LOMAS DE ZAMORA,2024-25,0.9,IT90,13.281987582112178,10,,,,,,2024-11-10,2024-11-24,2.0,1.448267871625536,1.448267871625536,0.0,arima
arima,post_covid,2,LOMAS DE ZAMORA,2024-25,0.98,IT98,17.968039817353144,10,,,,,,2024-11-10,2024-11-24,2.0,1.448267871625536,1.448267871625536,0.0,arima
arima,post_covid,2,LOMAS DE ZAMORA,2025-26,0.5,IT50,8.281330480989212,31,,,,,,2025-06-15,2025-06-29,2.0,1.5930946587880896,1.5930946587880896,0.0,arima
arima,post_covid,2,LOMAS DE ZAMORA,2025-26,0.9,IT90,13.281987582112178,31,,,,,,2025-06-15,2025-06-29,2.0,1.5930946587880896,1.5930946587880896,0.0,arima
arima,post_covid,2,LOMAS DE ZAMORA,2025-26,0.98,IT98,17.968039817353144,31,,,,,,2025-06-15,2025-06-29,2.0,1.5930946587880896,1.5930946587880896,0.0,arima
arima,post_covid,2,MALVINAS ARGENTINAS,2024-25,0.5,IT50,19.75908456675979,13,,,,,,2024-11-17,2024-11-03,-2.0,9.125284452226284,8.289573881190325,-0.8357105710359587,arima
arima,post_covid,2,MALVINAS ARGENTINAS,2024-25,0.9,IT90,75.76432319476002,13,,,,,,2024-11-17,2024-11-03,-2.0,9.125284452226284,8.289573881190325,-0.8357105710359587,arima
arima,post_covid,2,MALVINAS ARGENTINAS,2024-25,0.98,IT98,178.99536057166898,13,,,,,,2024-11-17,2024-11-03,-2.0,9.125284452226284,8.289573881190325,-0.8357105710359587,arima
arima,post_covid,2,MALVINAS ARGENTINAS,2025-26,0.5,IT50,19.75908456675979,40,2025-04-27,2025-05-11,2.0,-2.0,2025-05-11,2025-06-08,2025-07-06,4.0,137.4495970616584,94.38530084453843,-43.064296217119974,arima
arima,post_covid,2,MALVINAS ARGENTINAS,2025-26,0.9,IT90,75.76432319476002,40,2025-04-27,2025-06-22,8.0,-8.0,2025-06-22,2025-06-08,2025-07-06,4.0,137.4495970616584,94.38530084453843,-43.064296217119974,arima
arima,post_covid,2,MALVINAS ARGENTINAS,2025-26,0.98,IT98,178.99536057166898,40,,,,,,2025-06-08,2025-07-06,4.0,137.4495970616584,94.38530084453843,-43.064296217119974,arima
arima,post_covid,2,MERLO,2024-25,0.5,IT50,93.32449393075508,13,,,,,,2024-12-15,2024-12-29,2.0,23.86323448117208,24.961029148876385,1.0977946677043064,arima
arima,post_covid,2,MERLO,2024-25,0.9,IT90,164.5170716895135,13,,,,,,2024-12-15,2024-12-29,2.0,23.86323448117208,24.961029148876385,1.0977946677043064,arima
arima,post_covid,2,MERLO,2024-25,0.98,IT98,236.4333757518645,13,,,,,,2024-12-15,2024-12-29,2.0,23.86323448117208,24.961029148876385,1.0977946677043064,arima
arima,post_covid,2,MERLO,2025-26,0.5,IT50,93.32449393075508,40,,,,,,2025-06-15,2025-07-06,3.0,60.087281067699486,35.9702737207048,-24.117007346994683,arima
arima,post_covid,2,MERLO,2025-26,0.9,IT90,164.5170716895135,40,,,,,,2025-06-15,2025-07-06,3.0,60.087281067699486,35.9702737207048,-24.117007346994683,arima
arima,post_covid,2,MERLO,2025-26,0.98,IT98,236.4333757518645,40,,,,,,2025-06-15,2025-07-06,3.0,60.087281067699486,35.9702737207048,-24.117007346994683,arima
arima,post_covid,2,MORENO,2024-25,0.5,IT50,101.79720605127496,13,,,,,,2024-11-24,2024-12-08,2.0,51.15914482720349,59.51106882485958,8.351923997656087,arima
arima,post_covid,2,MORENO,2024-25,0.9,IT90,214.46725243408844,13,,,,,,2024-11-24,2024-12-08,2.0,51.15914482720349,59.51106882485958,8.351923997656087,arima
arima,post_covid,2,MORENO,2024-25,0.98,IT98,345.44262322711484,13,,,,,,2024-11-24,2024-12-08,2.0,51.15914482720349,59.51106882485958,8.351923997656087,arima
arima,post_covid,2,MORENO,2025-26,0.5,IT50,101.79720605127496,40,2025-05-25,2025-07-27,9.0,-9.0,2025-07-27,2025-07-13,2025-07-27,2.0,197.0060627922141,104.85710699728364,-92.14895579493046,arima
arima,post_covid,2,MORENO,2025-26,0.9,IT90,214.46725243408844,40,,,,,,2025-07-13,2025-07-27,2.0,197.0060627922141,104.85710699728364,-92.14895579493046,arima
arima,post_covid,2,MORENO,2025-26,0.98,IT98,345.44262322711484,40,,,,,,2025-07-13,2025-07-27,2.0,197.0060627922141,104.85710699728364,-92.14895579493046,arima
arima,post_covid,2,MORÓN,2024-25,0.5,IT50,28.847000469649124,13,,,,,,2024-11-03,2024-11-17,2.0,24.45777712020243,21.549558976851216,-2.9082181433512133,arima
arima,post_covid,2,MORÓN,2024-25,0.9,IT90,57.29975452086349,13,,,,,,2024-11-03,2024-11-17,2.0,24.45777712020243,21.549558976851216,-2.9082181433512133,arima
arima,post_covid,2,MORÓN,2024-25,0.98,IT98,88.88106833465432,13,,,,,,2024-11-03,2024-11-17,2.0,24.45777712020243,21.549558976851216,-2.9082181433512133,arima
arima,post_covid,2,MORÓN,2025-26,0.5,IT50,28.847000469649124,40,2025-05-25,2025-06-08,2.0,-2.0,2025-06-08,2025-06-08,2025-06-22,2.0,54.04866795699054,39.35620234327792,-14.69246561371262,arima
arima,post_covid,2,MORÓN,2025-26,0.9,IT90,57.29975452086349,40,,,,,,2025-06-08,2025-06-22,2.0,54.04866795699054,39.35620234327792,-14.69246561371262,arima
arima,post_covid,2,MORÓN,2025-26,0.98,IT98,88.88106833465432,40,,,,,,2025-06-08,2025-06-22,2.0,54.04866795699054,39.35620234327792,-14.69246561371262,arima
arima,post_covid,2,QUILMES,2024-25,0.5,IT50,46.34689792435932,13,,,,,,2024-11-24,2024-12-15,3.0,14.99863433487372,15.219295568654449,0.22066123378072788,arima
arima,post_covid,2,QUILMES,2024-25,0.9,IT90,80.98262048145082,13,,,,,,2024-11-24,2024-12-15,3.0,14.99863433487372,15.219295568654449,0.22066123378072788,arima
arima,post_covid,2,QUILMES,2024-25,0.98,IT98,115.72591322033615,13,,,,,,2024-11-24,2024-12-15,3.0,14.99863433487372,15.219295568654449,0.22066123378072788,arima
arima,post_covid,2,QUILMES,2025-26,0.5,IT50,46.34689792435932,40,,,,,,2025-06-08,2025-06-22,2.0,39.62797071635056,39.55209752481991,-0.07587319153065408,arima
arima,post_covid,2,QUILMES,2025-26,0.9,IT90,80.98262048145082,40,,,,,,2025-06-08,2025-06-22,2.0,39.62797071635056,39.55209752481991,-0.07587319153065408,arima
arima,post_covid,2,QUILMES,2025-26,0.98,IT98,115.72591322033615,40,,,,,,2025-06-08,2025-06-22,2.0,39.62797071635056,39.55209752481991,-0.07587319153065408,arima
arima,post_covid,2,SAN ISIDRO,2024-25,0.5,IT50,31.02709117627285,13,,,,,,2024-12-15,2024-12-29,2.0,9.082285506690615,5.573625844374025,-3.5086596623165907,arima
arima,post_covid,2,SAN ISIDRO,2024-25,0.9,IT90,61.06994953059092,13,,,,,,2024-12-15,2024-12-29,2.0,9.082285506690615,5.573625844374025,-3.5086596623165907,arima
arima,post_covid,2,SAN ISIDRO,2024-25,0.98,IT98,94.17754601713678,13,,,,,,2024-12-15,2024-12-29,2.0,9.082285506690615,5.573625844374025,-3.5086596623165907,arima
arima,post_covid,2,SAN ISIDRO,2025-26,0.5,IT50,31.02709117627285,37,,,,,,2025-03-30,2025-04-13,2.0,29.93790407760981,26.40810146683599,-3.529802610773821,arima
arima,post_covid,2,SAN ISIDRO,2025-26,0.9,IT90,61.06994953059092,37,,,,,,2025-03-30,2025-04-13,2.0,29.93790407760981,26.40810146683599,-3.529802610773821,arima
arima,post_covid,2,SAN ISIDRO,2025-26,0.98,IT98,94.17754601713678,37,,,,,,2025-03-30,2025-04-13,2.0,29.93790407760981,26.40810146683599,-3.529802610773821,arima
arima,post_covid,2,SAN MIGUEL,2024-25,0.5,IT50,41.72536470891113,13,,,,,,2024-11-10,2024-11-03,-1.0,21.89547949579576,29.353686775941803,7.458207280146041,arima
arima,post_covid,2,SAN MIGUEL,2024-25,0.9,IT90,54.8832873966512,13,,,,,,2024-11-10,2024-11-03,-1.0,21.89547949579576,29.353686775941803,7.458207280146041,arima
arima,post_covid,2,SAN MIGUEL,2024-25,0.98,IT98,65.40139686030513,13,,,,,,2024-11-10,2024-11-03,-1.0,21.89547949579576,29.353686775941803,7.458207280146041,arima
arima,post_covid,2,SAN MIGUEL,2025-26,0.5,IT50,41.72536470891113,40,2025-05-18,2025-08-10,12.0,-12.0,2025-08-10,2025-07-27,2025-08-10,2.0,93.35989173901804,51.56597476010611,-41.79391697891193,arima
arima,post_covid,2,SAN MIGUEL,2025-26,0.9,IT90,54.8832873966512,40,2025-07-20,,,,,2025-07-27,2025-08-10,2.0,93.35989173901804,51.56597476010611,-41.79391697891193,arima
arima,post_covid,2,SAN MIGUEL,2025-26,0.98,IT98,65.40139686030513,40,2025-07-27,,,,,2025-07-27,2025-08-10,2.0,93.35989173901804,51.56597476010611,-41.79391697891193,arima
arima,post_covid,2,TIGRE,2024-25,0.5,IT50,22.292181427607932,13,,,,,,2024-11-17,2024-11-03,-2.0,3.579826781131628,4.62318370510624,1.043356923974612,arima
arima,post_covid,2,TIGRE,2024-25,0.9,IT90,51.59902428823632,13,,,,,,2024-11-17,2024-11-03,-2.0,3.579826781131628,4.62318370510624,1.043356923974612,arima
arima,post_covid,2,TIGRE,2024-25,0.98,IT98,88.26651373174553,13,,,,,,2024-11-17,2024-11-03,-2.0,3.579826781131628,4.62318370510624,1.043356923974612,arima
arima,post_covid,2,TIGRE,2025-26,0.5,IT50,22.292181427607932,40,2025-07-06,2025-07-06,0.0,0.0,2025-07-06,2025-07-13,2025-07-27,2.0,40.72052963537227,41.89162026277808,1.1710906274058104,arima
arima,post_covid,2,TIGRE,2025-26,0.9,IT90,51.59902428823632,40,,,,,,2025-07-13,2025-07-27,2.0,40.72052963537227,41.89162026277808,1.1710906274058104,arima
arima,post_covid,2,TIGRE,2025-26,0.98,IT98,88.26651373174553,40,,,,,,2025-07-13,2025-07-27,2.0,40.72052963537227,41.89162026277808,1.1710906274058104,arima
arima,post_covid,2,TRES DE FEBRERO,2024-25,0.5,IT50,92.40050209783404,13,,,,,,2024-11-10,2024-11-10,0.0,49.97583585958438,57.395392926853745,7.419557067269366,arima
arima,post_covid,2,TRES DE FEBRERO,2024-25,0.9,IT90,150.5622822202344,13,,,,,,2024-11-10,2024-11-10,0.0,49.97583585958438,57.395392926853745,7.419557067269366,arima
arima,post_covid,2,TRES DE FEBRERO,2024-25,0.98,IT98,205.7567466717726,13,,,,,,2024-11-10,2024-11-10,0.0,49.97583585958438,57.395392926853745,7.419557067269366,arima
arima,post_covid,2,TRES DE FEBRERO,2025-26,0.5,IT50,92.40050209783404,40,2025-06-01,2025-06-15,2.0,-2.0,2025-06-15,2025-06-01,2025-06-15,2.0,114.50507446948728,95.94100937669177,-18.564065092795516,arima
arima,post_covid,2,TRES DE FEBRERO,2025-26,0.9,IT90,150.5622822202344,40,,,,,,2025-06-01,2025-06-15,2.0,114.50507446948728,95.94100937669177,-18.564065092795516,arima
arima,post_covid,2,TRES DE FEBRERO,2025-26,0.98,IT98,205.7567466717726,40,,,,,,2025-06-01,2025-06-15,2.0,114.50507446948728,95.94100937669177,-18.564065092795516,arima
arima,post_covid,2,VICENTE LÓPEZ,2024-25,0.5,IT50,105.82113989675452,13,,,,,,2024-11-10,2025-01-26,11.0,15.233101884653536,27.138739562188192,11.905637677534656,arima
arima,post_covid,2,VICENTE LÓPEZ,2024-25,0.9,IT90,168.616011392644,13,,,,,,2024-11-10,2025-01-26,11.0,15.233101884653536,27.138739562188192,11.905637677534656,arima
arima,post_covid,2,VICENTE LÓPEZ,2024-25,0.98,IT98,227.1548194913809,13,,,,,,2024-11-10,2025-01-26,11.0,15.233101884653536,27.138739562188192,11.905637677534656,arima
arima,post_covid,2,VICENTE LÓPEZ,2025-26,0.5,IT50,105.82113989675452,40,2025-05-25,2025-06-08,2.0,-2.0,2025-06-08,2025-05-25,2025-06-08,2.0,114.77965140994756,129.8869714712888,15.107320061341241,arima
arima,post_covid,2,VICENTE LÓPEZ,2025-26,0.9,IT90,168.616011392644,40,,,,,,2025-05-25,2025-06-08,2.0,114.77965140994756,129.8869714712888,15.107320061341241,arima
arima,post_covid,2,VICENTE LÓPEZ,2025-26,0.98,IT98,227.1548194913809,40,,,,,,2025-05-25,2025-06-08,2.0,114.77965140994756,129.8869714712888,15.107320061341241,arima
arima,post_covid,2,CITYWIDE,2024-25,0.5,IT50,77.06642887231719,13,,,,,,2024-11-10,2024-11-03,-1.0,33.76782494046754,41.30992290877702,7.542097968309477,arima
arima,post_covid,2,CITYWIDE,2024-25,0.9,IT90,97.46007981062509,13,,,,,,2024-11-10,2024-11-03,-1.0,33.76782494046754,41.30992290877702,7.542097968309477,arima
arima,post_covid,2,CITYWIDE,2024-25,0.98,IT98,113.25281678189309,13,,,,,,2024-11-10,2024-11-03,-1.0,33.76782494046754,41.30992290877702,7.542097968309477,arima
arima,post_covid,2,CITYWIDE,2025-26,0.5,IT50,77.06642887231719,40,2025-05-18,2025-06-08,3.0,-3.0,2025-06-08,2025-06-08,2025-06-22,2.0,119.66687929898744,93.60005150911357,-26.06682778987387,arima
arima,post_covid,2,CITYWIDE,2025-26,0.9,IT90,97.46007981062509,40,2025-05-25,,,,,2025-06-08,2025-06-22,2.0,119.66687929898744,93.60005150911357,-26.06682778987387,arima
arima,post_covid,2,CITYWIDE,2025-26,0.98,IT98,113.25281678189309,40,2025-06-08,,,,,2025-06-08,2025-06-22,2.0,119.66687929898744,93.60005150911357,-26.06682778987387,arima
dualtopo,post_covid,2,ALMIRANTE BROWN,2024-25,0.5,IT50,45.51198712694632,13,,,,,,2024-12-01,2024-11-03,-4.0,20.860870361328125,17.529163360595703,-3.331707000732422,dualtopo
dualtopo,post_covid,2,ALMIRANTE BROWN,2024-25,0.9,IT90,59.3327355509796,13,,,,,,2024-12-01,2024-11-03,-4.0,20.860870361328125,17.529163360595703,-3.331707000732422,dualtopo
dualtopo,post_covid,2,ALMIRANTE BROWN,2024-25,0.98,IT98,70.30154029606965,13,,,,,,2024-12-01,2024-11-03,-4.0,20.860870361328125,17.529163360595703,-3.331707000732422,dualtopo
dualtopo,post_covid,2,ALMIRANTE BROWN,2025-26,0.5,IT50,45.51198712694632,40,,2025-05-11,,,2025-05-11,2025-06-08,2025-05-25,-2.0,41.550750732421875,53.360347747802734,11.80959701538086,dualtopo
dualtopo,post_covid,2,ALMIRANTE BROWN,2025-26,0.9,IT90,59.3327355509796,40,,,,,,2025-06-08,2025-05-25,-2.0,41.550750732421875,53.360347747802734,11.80959701538086,dualtopo
dualtopo,post_covid,2,ALMIRANTE BROWN,2025-26,0.98,IT98,70.30154029606965,40,,,,,,2025-06-08,2025-05-25,-2.0,41.550750732421875,53.360347747802734,11.80959701538086,dualtopo
dualtopo,post_covid,2,AVELLANEDA,2024-25,0.5,IT50,245.84106655843968,13,,,,,,2024-11-24,2024-11-03,-3.0,130.04891967773438,103.0099639892578,-27.038955688476577,dualtopo
dualtopo,post_covid,2,AVELLANEDA,2024-25,0.9,IT90,374.7741671132419,13,,,,,,2024-11-24,2024-11-03,-3.0,130.04891967773438,103.0099639892578,-27.038955688476577,dualtopo
dualtopo,post_covid,2,AVELLANEDA,2024-25,0.98,IT98,490.7992503428019,13,,,,,,2024-11-24,2024-11-03,-3.0,130.04891967773438,103.0099639892578,-27.038955688476577,dualtopo
dualtopo,post_covid,2,AVELLANEDA,2025-26,0.5,IT50,245.84106655843968,40,2025-05-25,2025-05-11,-2.0,2.0,2025-05-11,2025-06-01,2025-05-25,-1.0,323.761962890625,349.74554443359375,25.98358154296875,dualtopo
dualtopo,post_covid,2,AVELLANEDA,2025-26,0.9,IT90,374.7741671132419,40,,,,,,2025-06-01,2025-05-25,-1.0,323.761962890625,349.74554443359375,25.98358154296875,dualtopo
dualtopo,post_covid,2,AVELLANEDA,2025-26,0.98,IT98,490.7992503428019,40,,,,,,2025-06-01,2025-05-25,-1.0,323.761962890625,349.74554443359375,25.98358154296875,dualtopo
dualtopo,post_covid,2,EZEIZA,2024-25,0.5,IT50,139.80229436412165,13,,,,,,2024-11-03,2025-01-26,12.0,44.662574768066406,61.507591247558594,16.845016479492188,dualtopo
dualtopo,post_covid,2,EZEIZA,2024-25,0.9,IT90,180.23131160603506,13,,,,,,2024-11-03,2025-01-26,12.0,44.662574768066406,61.507591247558594,16.845016479492188,dualtopo
dualtopo,post_covid,2,EZEIZA,2024-25,0.98,IT98,212.02965427114694,13,,,,,,2024-11-03,2025-01-26,12.0,44.662574768066406,61.507591247558594,16.845016479492188,dualtopo
dualtopo,post_covid,2,EZEIZA,2025-26,0.5,IT50,139.80229436412165,40,2025-05-25,2025-06-01,1.0,-1.0,2025-06-01,2025-06-08,2025-06-08,0.0,186.09405517578125,167.09970092773438,-18.994354248046875,dualtopo
dualtopo,post_covid,2,EZEIZA,2025-26,0.9,IT90,180.23131160603506,40,2025-06-08,,,,,2025-06-08,2025-06-08,0.0,186.09405517578125,167.09970092773438,-18.994354248046875,dualtopo
dualtopo,post_covid,2,EZEIZA,2025-26,0.98,IT98,212.02965427114694,40,,,,,,2025-06-08,2025-06-08,0.0,186.09405517578125,167.09970092773438,-18.994354248046875,dualtopo
dualtopo,post_covid,2,FLORENCIO VARELA,2024-25,0.5,IT50,92.52865090835965,13,,,,,,2024-11-10,2025-01-26,11.0,47.53914260864258,38.91429901123047,-8.62484359741211,dualtopo
dualtopo,post_covid,2,FLORENCIO VARELA,2024-25,0.9,IT90,129.20404508235538,13,,,,,,2024-11-10,2025-01-26,11.0,47.53914260864258,38.91429901123047,-8.62484359741211,dualtopo
dualtopo,post_covid,2,FLORENCIO VARELA,2024-25,0.98,IT98,159.96645580277627,13,,,,,,2024-11-10,2025-01-26,11.0,47.53914260864258,38.91429901123047,-8.62484359741211,dualtopo
dualtopo,post_covid,2,FLORENCIO VARELA,2025-26,0.5,IT50,92.52865090835965,40,2025-05-25,2025-05-11,-2.0,2.0,2025-05-11,2025-06-08,2025-05-25,-2.0,146.44473266601562,125.2939453125,-21.150787353515625,dualtopo
dualtopo,post_covid,2,FLORENCIO VARELA,2025-26,0.9,IT90,129.20404508235538,40,2025-06-08,,,,,2025-06-08,2025-05-25,-2.0,146.44473266601562,125.2939453125,-21.150787353515625,dualtopo
dualtopo,post_covid,2,FLORENCIO VARELA,2025-26,0.98,IT98,159.96645580277627,40,,,,,,2025-06-08,2025-05-25,-2.0,146.44473266601562,125.2939453125,-21.150787353515625,dualtopo
dualtopo,post_covid,2,GENERAL SAN MARTÍN,2024-25,0.5,IT50,77.94711365203958,13,,,,,,2024-11-17,2024-11-03,-2.0,38.62220764160156,28.240413665771484,-10.381793975830078,dualtopo
dualtopo,post_covid,2,GENERAL SAN MARTÍN,2024-25,0.9,IT90,119.50868958439348,13,,,,,,2024-11-17,2024-11-03,-2.0,38.62220764160156,28.240413665771484,-10.381793975830078,dualtopo
dualtopo,post_covid,2,GENERAL SAN MARTÍN,2024-25,0.98,IT98,157.08069982681235,13,,,,,,2024-11-17,2024-11-03,-2.0,38.62220764160156,28.240413665771484,-10.381793975830078,dualtopo
dualtopo,post_covid,2,GENERAL SAN MARTÍN,2025-26,0.5,IT50,77.94711365203958,40,2025-05-18,2025-05-18,0.0,0.0,2025-05-18,2025-06-01,2025-05-18,-2.0,98.99715423583984,83.02955627441406,-15.967597961425781,dualtopo
dualtopo,post_covid,2,GENERAL SAN MARTÍN,2025-26,0.9,IT90,119.50868958439348,40,,,,,,2025-06-01,2025-05-18,-2.0,98.99715423583984,83.02955627441406,-15.967597961425781,dualtopo
dualtopo,post_covid,2,GENERAL SAN MARTÍN,2025-26,0.98,IT98,157.08069982681235,40,,,,,,2025-06-01,2025-05-18,-2.0,98.99715423583984,83.02955627441406,-15.967597961425781,dualtopo
dualtopo,post_covid,2,JOSÉ C. PAZ,2024-25,0.5,IT50,222.17859568980776,13,,,,,,2024-11-03,2024-11-03,0.0,178.59764099121094,121.50225830078124,-57.0953826904297,dualtopo
dualtopo,post_covid,2,JOSÉ C. PAZ,2024-25,0.9,IT90,355.8888420506266,13,,,,,,2024-11-03,2024-11-03,0.0,178.59764099121094,121.50225830078124,-57.0953826904297,dualtopo
dualtopo,post_covid,2,JOSÉ C. PAZ,2024-25,0.98,IT98,481.06046989083103,13,,,,,,2024-11-03,2024-11-03,0.0,178.59764099121094,121.50225830078124,-57.0953826904297,dualtopo
dualtopo,post_covid,2,JOSÉ C. PAZ,2025-26,0.5,IT50,222.17859568980776,40,2025-03-16,2025-07-06,16.0,-16.0,2025-07-06,2025-05-25,2025-07-06,6.0,740.69091796875,234.81060791015625,-505.88031005859375,dualtopo
dualtopo,post_covid,2,JOSÉ C. PAZ,2025-26,0.9,IT90,355.8888420506266,40,2025-05-04,,,,,2025-05-25,2025-07-06,6.0,740.69091796875,234.81060791015625,-505.88031005859375,dualtopo
dualtopo,post_covid,2,JOSÉ C. PAZ,2025-26,0.98,IT98,481.06046989083103,40,2025-05-25,,,,,2025-05-25,2025-07-06,6.0,740.69091796875,234.81060791015625,-505.88031005859375,dualtopo
dualtopo,post_covid,2,LA MATANZA,2024-25,0.5,IT50,24.512107570850826,13,,,,,,2024-11-10,2024-11-03,-1.0,16.401927947998047,4.435132026672363,-11.966795921325684,dualtopo
dualtopo,post_covid,2,LA MATANZA,2024-25,0.9,IT90,49.0533041651205,13,,,,,,2024-11-10,2024-11-03,-1.0,16.401927947998047,4.435132026672363,-11.966795921325684,dualtopo
dualtopo,post_covid,2,LA MATANZA,2024-25,0.98,IT98,76.45298521130762,13,,,,,,2024-11-10,2024-11-03,-1.0,16.401927947998047,4.435132026672363,-11.966795921325684,dualtopo
dualtopo,post_covid,2,LA MATANZA,2025-26,0.5,IT50,24.512107570850826,40,2025-03-16,,,,,2025-06-01,2025-08-31,13.0,53.17048645019531,17.46196174621582,-35.70852470397949,dualtopo
dualtopo,post_covid,2,LA MATANZA,2025-26,0.9,IT90,49.0533041651205,40,2025-06-01,,,,,2025-06-01,2025-08-31,13.0,53.17048645019531,17.46196174621582,-35.70852470397949,dualtopo
dualtopo,post_covid,2,LA MATANZA,2025-26,0.98,IT98,76.45298521130762,40,,,,,,2025-06-01,2025-08-31,13.0,53.17048645019531,17.46196174621582,-35.70852470397949,dualtopo
dualtopo,post_covid,2,LANÚS,2024-25,0.5,IT50,132.6029855198303,13,,,,,,2024-11-03,2025-01-26,12.0,51.81380462646485,78.31744384765625,26.5036392211914,dualtopo
dualtopo,post_covid,2,LANÚS,2024-25,0.9,IT90,190.48996986250967,13,,,,,,2024-11-03,2025-01-26,12.0,51.81380462646485,78.31744384765625,26.5036392211914,dualtopo
dualtopo,post_covid,2,LANÚS,2024-25,0.98,IT98,240.1624128185746,13,,,,,,2024-11-03,2025-01-26,12.0,51.81380462646485,78.31744384765625,26.5036392211914,dualtopo
dualtopo,post_covid,2,LANÚS,2025-26,0.5,IT50,132.6029855198303,40,2025-05-25,2025-05-11,-2.0,2.0,2025-05-11,2025-06-01,2025-05-18,-2.0,171.48419189453125,156.7535400390625,-14.73065185546875,dualtopo
dualtopo,post_covid,2,LANÚS,2025-26,0.9,IT90,190.48996986250967,40,,,,,,2025-06-01,2025-05-18,-2.0,171.48419189453125,156.7535400390625,-14.73065185546875,dualtopo
dualtopo,post_covid,2,LANÚS,2025-26,0.98,IT98,240.1624128185746,40,,,,,,2025-06-01,2025-05-18,-2.0,171.48419189453125,156.7535400390625,-14.73065185546875,dualtopo
dualtopo,post_covid,2,LOMAS DE ZAMORA,2024-25,0.5,IT50,8.281330480989212,10,,,,,,2024-11-10,2025-01-26,11.0,1.448267936706543,3.1771488189697266,1.7288808822631836,dualtopo
dualtopo,post_covid,2,LOMAS DE ZAMORA,2024-25,0.9,IT90,13.281987582112178,10,,,,,,2024-11-10,2025-01-26,11.0,1.448267936706543,3.1771488189697266,1.7288808822631836,dualtopo
dualtopo,post_covid,2,LOMAS DE ZAMORA,2024-25,0.98,IT98,17.968039817353144,10,,,,,,2024-11-10,2025-01-26,11.0,1.448267936706543,3.1771488189697266,1.7288808822631836,dualtopo
dualtopo,post_covid,2,LOMAS DE ZAMORA,2025-26,0.5,IT50,8.281330480989212,31,,,,,,2025-06-15,2025-05-25,-3.0,1.593094825744629,6.916817665100098,5.323722839355469,dualtopo
dualtopo,post_covid,2,LOMAS DE ZAMORA,2025-26,0.9,IT90,13.281987582112178,31,,,,,,2025-06-15,2025-05-25,-3.0,1.593094825744629,6.916817665100098,5.323722839355469,dualtopo
dualtopo,post_covid,2,LOMAS DE ZAMORA,2025-26,0.98,IT98,17.968039817353144,31,,,,,,2025-06-15,2025-05-25,-3.0,1.593094825744629,6.916817665100098,5.323722839355469,dualtopo
dualtopo,post_covid,2,MALVINAS ARGENTINAS,2024-25,0.5,IT50,19.75908456675979,13,,,,,,2024-11-17,2024-12-15,4.0,9.125284194946287,1.632664442062378,-7.492619752883909,dualtopo
dualtopo,post_covid,2,MALVINAS ARGENTINAS,2024-25,0.9,IT90,75.76432319476002,13,,,,,,2024-11-17,2024-12-15,4.0,9.125284194946287,1.632664442062378,-7.492619752883909,dualtopo
dualtopo,post_covid,2,MALVINAS ARGENTINAS,2024-25,0.98,IT98,178.99536057166898,13,,,,,,2024-11-17,2024-12-15,4.0,9.125284194946287,1.632664442062378,-7.492619752883909,dualtopo
dualtopo,post_covid,2,MALVINAS ARGENTINAS,2025-26,0.5,IT50,19.75908456675979,40,2025-04-27,2025-06-01,5.0,-5.0,2025-06-01,2025-06-08,2025-06-22,2.0,137.44960021972656,64.80361938476562,-72.64598083496094,dualtopo
dualtopo,post_covid,2,MALVINAS ARGENTINAS,2025-26,0.9,IT90,75.76432319476002,40,2025-04-27,,,,,2025-06-08,2025-06-22,2.0,137.44960021972656,64.80361938476562,-72.64598083496094,dualtopo
dualtopo,post_covid,2,MALVINAS ARGENTINAS,2025-26,0.98,IT98,178.99536057166898,40,,,,,,2025-06-08,2025-06-22,2.0,137.44960021972656,64.80361938476562,-72.64598083496094,dualtopo
dualtopo,post_covid,2,MERLO,2024-25,0.5,IT50,93.32449393075508,13,,,,,,2024-12-15,2025-01-26,6.0,23.86323356628418,14.002592086791992,-9.860641479492188,dualtopo
dualtopo,post_covid,2,MERLO,2024-25,0.9,IT90,164.5170716895135,13,,,,,,2024-12-15,2025-01-26,6.0,23.86323356628418,14.002592086791992,-9.860641479492188,dualtopo
dualtopo,post_covid,2,MERLO,2024-25,0.98,IT98,236.4333757518645,13,,,,,,2024-12-15,2025-01-26,6.0,23.86323356628418,14.002592086791992,-9.860641479492188,dualtopo
dualtopo,post_covid,2,MERLO,2025-26,0.5,IT50,93.32449393075508,40,,,,,,2025-06-15,2025-06-22,1.0,60.0872802734375,90.1492691040039,30.061988830566406,dualtopo
dualtopo,post_covid,2,MERLO,2025-26,0.9,IT90,164.5170716895135,40,,,,,,2025-06-15,2025-06-22,1.0,60.0872802734375,90.1492691040039,30.061988830566406,dualtopo
dualtopo,post_covid,2,MERLO,2025-26,0.98,IT98,236.4333757518645,40,,,,,,2025-06-15,2025-06-22,1.0,60.0872802734375,90.1492691040039,30.061988830566406,dualtopo
dualtopo,post_covid,2,MORENO,2024-25,0.5,IT50,101.79720605127496,13,,,,,,2024-11-24,2025-01-26,9.0,51.15914535522461,22.575977325439453,-28.583168029785156,dualtopo
dualtopo,post_covid,2,MORENO,2024-25,0.9,IT90,214.46725243408844,13,,,,,,2024-11-24,2025-01-26,9.0,51.15914535522461,22.575977325439453,-28.583168029785156,dualtopo
dualtopo,post_covid,2,MORENO,2024-25,0.98,IT98,345.44262322711484,13,,,,,,2024-11-24,2025-01-26,9.0,51.15914535522461,22.575977325439453,-28.583168029785156,dualtopo
dualtopo,post_covid,2,MORENO,2025-26,0.5,IT50,101.79720605127496,40,2025-05-25,2025-07-13,7.0,-7.0,2025-07-13,2025-07-13,2025-09-07,8.0,197.0060577392578,114.93233489990234,-82.07372283935547,dualtopo
dualtopo,post_covid,2,MORENO,2025-26,0.9,IT90,214.46725243408844,40,,,,,,2025-07-13,2025-09-07,8.0,197.0060577392578,114.93233489990234,-82.07372283935547,dualtopo
dualtopo,post_covid,2,MORENO,2025-26,0.98,IT98,345.44262322711484,40,,,,,,2025-07-13,2025-09-07,8.0,197.0060577392578,114.93233489990234,-82.07372283935547,dualtopo
dualtopo,post_covid,2,MORÓN,2024-25,0.5,IT50,28.847000469649124,13,,,,,,2024-11-03,2024-11-03,0.0,24.45777702331543,6.6762895584106445,-17.781487464904785,dualtopo
dualtopo,post_covid,2,MORÓN,2024-25,0.9,IT90,57.29975452086349,13,,,,,,2024-11-03,2024-11-03,0.0,24.45777702331543,6.6762895584106445,-17.781487464904785,dualtopo
dualtopo,post_covid,2,MORÓN,2024-25,0.98,IT98,88.88106833465432,13,,,,,,2024-11-03,2024-11-03,0.0,24.45777702331543,6.6762895584106445,-17.781487464904785,dualtopo
dualtopo,post_covid,2,MORÓN,2025-26,0.5,IT50,28.847000469649124,40,2025-05-25,2025-05-25,0.0,0.0,2025-05-25,2025-06-08,2025-08-31,12.0,54.04866790771485,32.898284912109375,-21.150382995605476,dualtopo
dualtopo,post_covid,2,MORÓN,2025-26,0.9,IT90,57.29975452086349,40,,,,,,2025-06-08,2025-08-31,12.0,54.04866790771485,32.898284912109375,-21.150382995605476,dualtopo
dualtopo,post_covid,2,MORÓN,2025-26,0.98,IT98,88.88106833465432,40,,,,,,2025-06-08,2025-08-31,12.0,54.04866790771485,32.898284912109375,-21.150382995605476,dualtopo
dualtopo,post_covid,2,QUILMES,2024-25,0.5,IT50,46.34689792435932,13,,,,,,2024-11-24,2025-01-26,9.0,14.998634338378906,20.79115104675293,5.792516708374023,dualtopo
dualtopo,post_covid,2,QUILMES,2024-25,0.9,IT90,80.98262048145082,13,,,,,,2024-11-24,2025-01-26,9.0,14.998634338378906,20.79115104675293,5.792516708374023,dualtopo
dualtopo,post_covid,2,QUILMES,2024-25,0.98,IT98,115.72591322033615,13,,,,,,2024-11-24,2025-01-26,9.0,14.998634338378906,20.79115104675293,5.792516708374023,dualtopo
dualtopo,post_covid,2,QUILMES,2025-26,0.5,IT50,46.34689792435932,40,,2025-05-11,,,2025-05-11,2025-06-08,2025-05-11,-4.0,39.62797164916992,48.4871826171875,8.859210968017578,dualtopo
dualtopo,post_covid,2,QUILMES,2025-26,0.9,IT90,80.98262048145082,40,,,,,,2025-06-08,2025-05-11,-4.0,39.62797164916992,48.4871826171875,8.859210968017578,dualtopo
dualtopo,post_covid,2,QUILMES,2025-26,0.98,IT98,115.72591322033615,40,,,,,,2025-06-08,2025-05-11,-4.0,39.62797164916992,48.4871826171875,8.859210968017578,dualtopo
dualtopo,post_covid,2,SAN ISIDRO,2024-25,0.5,IT50,31.02709117627285,13,,,,,,2024-12-15,2025-01-26,6.0,9.082284927368164,12.845404624938965,3.763119697570801,dualtopo
dualtopo,post_covid,2,SAN ISIDRO,2024-25,0.9,IT90,61.06994953059092,13,,,,,,2024-12-15,2025-01-26,6.0,9.082284927368164,12.845404624938965,3.763119697570801,dualtopo
dualtopo,post_covid,2,SAN ISIDRO,2024-25,0.98,IT98,94.17754601713678,13,,,,,,2024-12-15,2025-01-26,6.0,9.082284927368164,12.845404624938965,3.763119697570801,dualtopo
dualtopo,post_covid,2,SAN ISIDRO,2025-26,0.5,IT50,31.02709117627285,37,,2025-03-02,,,2025-03-02,2025-03-30,2025-03-23,-1.0,29.937904357910156,41.31181716918945,11.373912811279297,dualtopo
dualtopo,post_covid,2,SAN ISIDRO,2025-26,0.9,IT90,61.06994953059092,37,,,,,,2025-03-30,2025-03-23,-1.0,29.937904357910156,41.31181716918945,11.373912811279297,dualtopo
dualtopo,post_covid,2,SAN ISIDRO,2025-26,0.98,IT98,94.17754601713678,37,,,,,,2025-03-30,2025-03-23,-1.0,29.937904357910156,41.31181716918945,11.373912811279297,dualtopo
dualtopo,post_covid,2,SAN MIGUEL,2024-25,0.5,IT50,41.72536470891113,13,,,,,,2024-11-10,2024-11-03,-1.0,21.895479202270508,20.610740661621097,-1.2847385406494105,dualtopo
dualtopo,post_covid,2,SAN MIGUEL,2024-25,0.9,IT90,54.8832873966512,13,,,,,,2024-11-10,2024-11-03,-1.0,21.895479202270508,20.610740661621097,-1.2847385406494105,dualtopo
dualtopo,post_covid,2,SAN MIGUEL,2024-25,0.98,IT98,65.40139686030513,13,,,,,,2024-11-10,2024-11-03,-1.0,21.895479202270508,20.610740661621097,-1.2847385406494105,dualtopo
dualtopo,post_covid,2,SAN MIGUEL,2025-26,0.5,IT50,41.72536470891113,40,2025-05-18,2025-08-31,15.0,-15.0,2025-08-31,2025-07-27,2025-09-14,7.0,93.35989379882812,47.47333526611328,-45.886558532714844,dualtopo
dualtopo,post_covid,2,SAN MIGUEL,2025-26,0.9,IT90,54.8832873966512,40,2025-07-20,,,,,2025-07-27,2025-09-14,7.0,93.35989379882812,47.47333526611328,-45.886558532714844,dualtopo
dualtopo,post_covid,2,SAN MIGUEL,2025-26,0.98,IT98,65.40139686030513,40,2025-07-27,,,,,2025-07-27,2025-09-14,7.0,93.35989379882812,47.47333526611328,-45.886558532714844,dualtopo
dualtopo,post_covid,2,TIGRE,2024-25,0.5,IT50,22.292181427607932,13,,,,,,2024-11-17,2025-01-26,10.0,3.579826831817627,4.667021751403809,1.0871949195861816,dualtopo
dualtopo,post_covid,2,TIGRE,2024-25,0.9,IT90,51.59902428823632,13,,,,,,2024-11-17,2025-01-26,10.0,3.579826831817627,4.667021751403809,1.0871949195861816,dualtopo
dualtopo,post_covid,2,TIGRE,2024-25,0.98,IT98,88.26651373174553,13,,,,,,2024-11-17,2025-01-26,10.0,3.579826831817627,4.667021751403809,1.0871949195861816,dualtopo
dualtopo,post_covid,2,TIGRE,2025-26,0.5,IT50,22.292181427607932,40,2025-07-06,2025-05-04,-9.0,9.0,2025-05-04,2025-07-13,2025-05-18,-8.0,40.72053146362305,39.07500457763672,-1.6455268859863281,dualtopo
dualtopo,post_covid,2,TIGRE,2025-26,0.9,IT90,51.59902428823632,40,,,,,,2025-07-13,2025-05-18,-8.0,40.72053146362305,39.07500457763672,-1.6455268859863281,dualtopo
dualtopo,post_covid,2,TIGRE,2025-26,0.98,IT98,88.26651373174553,40,,,,,,2025-07-13,2025-05-18,-8.0,40.72053146362305,39.07500457763672,-1.6455268859863281,dualtopo
dualtopo,post_covid,2,TRES DE FEBRERO,2024-25,0.5,IT50,92.40050209783404,13,,,,,,2024-11-10,2024-11-03,-1.0,49.97583770751953,27.84691619873047,-22.128921508789062,dualtopo
dualtopo,post_covid,2,TRES DE FEBRERO,2024-25,0.9,IT90,150.5622822202344,13,,,,,,2024-11-10,2024-11-03,-1.0,49.97583770751953,27.84691619873047,-22.128921508789062,dualtopo
dualtopo,post_covid,2,TRES DE FEBRERO,2024-25,0.98,IT98,205.7567466717726,13,,,,,,2024-11-10,2024-11-03,-1.0,49.97583770751953,27.84691619873047,-22.128921508789062,dualtopo
dualtopo,post_covid,2,TRES DE FEBRERO,2025-26,0.5,IT50,92.40050209783404,40,2025-06-01,2025-05-25,-1.0,1.0,2025-05-25,2025-06-01,2025-06-01,0.0,114.50507354736328,109.82843017578124,-4.6766433715820455,dualtopo
dualtopo,post_covid,2,TRES DE FEBRERO,2025-26,0.9,IT90,150.5622822202344,40,,,,,,2025-06-01,2025-06-01,0.0,114.50507354736328,109.82843017578124,-4.6766433715820455,dualtopo
dualtopo,post_covid,2,TRES DE FEBRERO,2025-26,0.98,IT98,205.7567466717726,40,,,,,,2025-06-01,2025-06-01,0.0,114.50507354736328,109.82843017578124,-4.6766433715820455,dualtopo
dualtopo,post_covid,2,VICENTE LÓPEZ,2024-25,0.5,IT50,105.82113989675452,13,,,,,,2024-11-10,2025-01-26,11.0,15.23310089111328,53.61544418334961,38.38234329223633,dualtopo
dualtopo,post_covid,2,VICENTE LÓPEZ,2024-25,0.9,IT90,168.616011392644,13,,,,,,2024-11-10,2025-01-26,11.0,15.23310089111328,53.61544418334961,38.38234329223633,dualtopo
dualtopo,post_covid,2,VICENTE LÓPEZ,2024-25,0.98,IT98,227.1548194913809,13,,,,,,2024-11-10,2025-01-26,11.0,15.23310089111328,53.61544418334961,38.38234329223633,dualtopo
dualtopo,post_covid,2,VICENTE LÓPEZ,2025-26,0.5,IT50,105.82113989675452,40,2025-05-25,2025-02-09,-15.0,15.0,2025-02-09,2025-05-25,2025-02-23,-13.0,114.77964782714844,122.83969116210938,8.060043334960938,dualtopo
dualtopo,post_covid,2,VICENTE LÓPEZ,2025-26,0.9,IT90,168.616011392644,40,,,,,,2025-05-25,2025-02-23,-13.0,114.77964782714844,122.83969116210938,8.060043334960938,dualtopo
dualtopo,post_covid,2,VICENTE LÓPEZ,2025-26,0.98,IT98,227.1548194913809,40,,,,,,2025-05-25,2025-02-23,-13.0,114.77964782714844,122.83969116210938,8.060043334960938,dualtopo
dualtopo,post_covid,2,CITYWIDE,2024-25,0.5,IT50,77.06642887231719,13,,,,,,2024-11-10,2024-11-03,-1.0,33.767824950971104,28.403787964268734,-5.36403698670237,dualtopo
dualtopo,post_covid,2,CITYWIDE,2024-25,0.9,IT90,97.46007981062509,13,,,,,,2024-11-10,2024-11-03,-1.0,33.767824950971104,28.403787964268734,-5.36403698670237,dualtopo
dualtopo,post_covid,2,CITYWIDE,2024-25,0.98,IT98,113.25281678189309,13,,,,,,2024-11-10,2024-11-03,-1.0,33.767824950971104,28.403787964268734,-5.36403698670237,dualtopo
dualtopo,post_covid,2,CITYWIDE,2025-26,0.5,IT50,77.06642887231719,40,2025-05-18,,,,,2025-06-08,2025-06-01,-1.0,119.66687754580849,70.78611898422241,-48.88075856158608,dualtopo
dualtopo,post_covid,2,CITYWIDE,2025-26,0.9,IT90,97.46007981062509,40,2025-05-25,,,,,2025-06-08,2025-06-01,-1.0,119.66687754580849,70.78611898422241,-48.88075856158608,dualtopo
dualtopo,post_covid,2,CITYWIDE,2025-26,0.98,IT98,113.25281678189309,40,2025-06-08,,,,,2025-06-08,2025-06-01,-1.0,119.66687754580849,70.78611898422241,-48.88075856158608,dualtopo
gat,post_covid,2,ALMIRANTE BROWN,2024-25,0.5,IT50,45.51198712694632,13,,,,,,2024-12-01,2024-11-10,-3.0,20.860870361328125,15.946462631225586,-4.914407730102539,gat
gat,post_covid,2,ALMIRANTE BROWN,2024-25,0.9,IT90,59.3327355509796,13,,,,,,2024-12-01,2024-11-10,-3.0,20.860870361328125,15.946462631225586,-4.914407730102539,gat
gat,post_covid,2,ALMIRANTE BROWN,2024-25,0.98,IT98,70.30154029606965,13,,,,,,2024-12-01,2024-11-10,-3.0,20.860870361328125,15.946462631225586,-4.914407730102539,gat
gat,post_covid,2,ALMIRANTE BROWN,2025-26,0.5,IT50,45.51198712694632,40,,,,,,2025-06-08,2025-06-22,2.0,41.550750732421875,42.60845184326172,1.0577011108398438,gat
gat,post_covid,2,ALMIRANTE BROWN,2025-26,0.9,IT90,59.3327355509796,40,,,,,,2025-06-08,2025-06-22,2.0,41.550750732421875,42.60845184326172,1.0577011108398438,gat
gat,post_covid,2,ALMIRANTE BROWN,2025-26,0.98,IT98,70.30154029606965,40,,,,,,2025-06-08,2025-06-22,2.0,41.550750732421875,42.60845184326172,1.0577011108398438,gat
gat,post_covid,2,AVELLANEDA,2024-25,0.5,IT50,245.84106655843968,13,,,,,,2024-11-24,2024-11-03,-3.0,130.04891967773438,111.14966583251952,-18.899253845214858,gat
gat,post_covid,2,AVELLANEDA,2024-25,0.9,IT90,374.7741671132419,13,,,,,,2024-11-24,2024-11-03,-3.0,130.04891967773438,111.14966583251952,-18.899253845214858,gat
gat,post_covid,2,AVELLANEDA,2024-25,0.98,IT98,490.7992503428019,13,,,,,,2024-11-24,2024-11-03,-3.0,130.04891967773438,111.14966583251952,-18.899253845214858,gat
gat,post_covid,2,AVELLANEDA,2025-26,0.5,IT50,245.84106655843968,40,2025-05-25,,,,,2025-06-01,2025-06-08,1.0,323.761962890625,235.3184814453125,-88.4434814453125,gat
gat,post_covid,2,AVELLANEDA,2025-26,0.9,IT90,374.7741671132419,40,,,,,,2025-06-01,2025-06-08,1.0,323.761962890625,235.3184814453125,-88.4434814453125,gat
gat,post_covid,2,AVELLANEDA,2025-26,0.98,IT98,490.7992503428019,40,,,,,,2025-06-01,2025-06-08,1.0,323.761962890625,235.3184814453125,-88.4434814453125,gat
gat,post_covid,2,EZEIZA,2024-25,0.5,IT50,139.80229436412165,13,,,,,,2024-11-03,2024-11-03,0.0,44.662574768066406,68.72309112548828,24.060516357421875,gat
gat,post_covid,2,EZEIZA,2024-25,0.9,IT90,180.23131160603506,13,,,,,,2024-11-03,2024-11-03,0.0,44.662574768066406,68.72309112548828,24.060516357421875,gat
gat,post_covid,2,EZEIZA,2024-25,0.98,IT98,212.02965427114694,13,,,,,,2024-11-03,2024-11-03,0.0,44.662574768066406,68.72309112548828,24.060516357421875,gat
gat,post_covid,2,EZEIZA,2025-26,0.5,IT50,139.80229436412165,40,2025-05-25,2025-05-18,-1.0,1.0,2025-05-18,2025-06-08,2025-06-01,-1.0,186.09405517578125,174.3359832763672,-11.758071899414062,gat
gat,post_covid,2,EZEIZA,2025-26,0.9,IT90,180.23131160603506,40,2025-06-08,,,,,2025-06-08,2025-06-01,-1.0,186.09405517578125,174.3359832763672,-11.758071899414062,gat
gat,post_covid,2,EZEIZA,2025-26,0.98,IT98,212.02965427114694,40,,,,,,2025-06-08,2025-06-01,-1.0,186.09405517578125,174.3359832763672,-11.758071899414062,gat
gat,post_covid,2,FLORENCIO VARELA,2024-25,0.5,IT50,92.52865090835965,13,,,,,,2024-11-10,2024-12-29,7.0,47.53914260864258,32.86642837524414,-14.672714233398438,gat
gat,post_covid,2,FLORENCIO VARELA,2024-25,0.9,IT90,129.20404508235538,13,,,,,,2024-11-10,2024-12-29,7.0,47.53914260864258,32.86642837524414,-14.672714233398438,gat
gat,post_covid,2,FLORENCIO VARELA,2024-25,0.98,IT98,159.96645580277627,13,,,,,,2024-11-10,2024-12-29,7.0,47.53914260864258,32.86642837524414,-14.672714233398438,gat
gat,post_covid,2,FLORENCIO VARELA,2025-26,0.5,IT50,92.52865090835965,40,2025-05-25,,,,,2025-06-08,2025-06-22,2.0,146.44473266601562,78.3889389038086,-68.05579376220703,gat
gat,post_covid,2,FLORENCIO VARELA,2025-26,0.9,IT90,129.20404508235538,40,2025-06-08,,,,,2025-06-08,2025-06-22,2.0,146.44473266601562,78.3889389038086,-68.05579376220703,gat
gat,post_covid,2,FLORENCIO VARELA,2025-26,0.98,IT98,159.96645580277627,40,,,,,,2025-06-08,2025-06-22,2.0,146.44473266601562,78.3889389038086,-68.05579376220703,gat
gat,post_covid,2,GENERAL SAN MARTÍN,2024-25,0.5,IT50,77.94711365203958,13,,,,,,2024-11-17,2024-11-17,0.0,38.62220764160156,31.06743621826172,-7.554771423339844,gat
gat,post_covid,2,GENERAL SAN MARTÍN,2024-25,0.9,IT90,119.50868958439348,13,,,,,,2024-11-17,2024-11-17,0.0,38.62220764160156,31.06743621826172,-7.554771423339844,gat
gat,post_covid,2,GENERAL SAN MARTÍN,2024-25,0.98,IT98,157.08069982681235,13,,,,,,2024-11-17,2024-11-17,0.0,38.62220764160156,31.06743621826172,-7.554771423339844,gat
gat,post_covid,2,GENERAL SAN MARTÍN,2025-26,0.5,IT50,77.94711365203958,40,2025-05-18,,,,,2025-06-01,2025-08-10,10.0,98.99715423583984,77.30213165283203,-21.695022583007812,gat
gat,post_covid,2,GENERAL SAN MARTÍN,2025-26,0.9,IT90,119.50868958439348,40,,,,,,2025-06-01,2025-08-10,10.0,98.99715423583984,77.30213165283203,-21.695022583007812,gat
gat,post_covid,2,GENERAL SAN MARTÍN,2025-26,0.98,IT98,157.08069982681235,40,,,,,,2025-06-01,2025-08-10,10.0,98.99715423583984,77.30213165283203,-21.695022583007812,gat
gat,post_covid,2,JOSÉ C. PAZ,2024-25,0.5,IT50,222.17859568980776,13,,,,,,2024-11-03,2024-11-03,0.0,178.59764099121094,65.77732849121094,-112.8203125,gat
gat,post_covid,2,JOSÉ C. PAZ,2024-25,0.9,IT90,355.8888420506266,13,,,,,,2024-11-03,2024-11-03,0.0,178.59764099121094,65.77732849121094,-112.8203125,gat
gat,post_covid,2,JOSÉ C. PAZ,2024-25,0.98,IT98,481.06046989083103,13,,,,,,2024-11-03,2024-11-03,0.0,178.59764099121094,65.77732849121094,-112.8203125,gat
gat,post_covid,2,JOSÉ C. PAZ,2025-26,0.5,IT50,222.17859568980776,40,2025-03-16,2025-05-11,8.0,-8.0,2025-05-11,2025-05-25,2025-08-10,11.0,740.69091796875,345.1501159667969,-395.5408020019531,gat
gat,post_covid,2,JOSÉ C. PAZ,2025-26,0.9,IT90,355.8888420506266,40,2025-05-04,,,,,2025-05-25,2025-08-10,11.0,740.69091796875,345.1501159667969,-395.5408020019531,gat
gat,post_covid,2,JOSÉ C. PAZ,2025-26,0.98,IT98,481.06046989083103,40,2025-05-25,,,,,2025-05-25,2025-08-10,11.0,740.69091796875,345.1501159667969,-395.5408020019531,gat
gat,post_covid,2,LA MATANZA,2024-25,0.5,IT50,24.512107570850826,13,,,,,,2024-11-10,2024-11-17,1.0,16.401927947998047,8.489538192749023,-7.912389755249023,gat
gat,post_covid,2,LA MATANZA,2024-25,0.9,IT90,49.0533041651205,13,,,,,,2024-11-10,2024-11-17,1.0,16.401927947998047,8.489538192749023,-7.912389755249023,gat
gat,post_covid,2,LA MATANZA,2024-25,0.98,IT98,76.45298521130762,13,,,,,,2024-11-10,2024-11-17,1.0,16.401927947998047,8.489538192749023,-7.912389755249023,gat
gat,post_covid,2,LA MATANZA,2025-26,0.5,IT50,24.512107570850826,40,2025-03-16,2025-05-11,8.0,-8.0,2025-05-11,2025-06-01,2025-06-22,3.0,53.17048645019531,35.259849548339844,-17.91063690185547,gat
gat,post_covid,2,LA MATANZA,2025-26,0.9,IT90,49.0533041651205,40,2025-06-01,,,,,2025-06-01,2025-06-22,3.0,53.17048645019531,35.259849548339844,-17.91063690185547,gat
gat,post_covid,2,LA MATANZA,2025-26,0.98,IT98,76.45298521130762,40,,,,,,2025-06-01,2025-06-22,3.0,53.17048645019531,35.259849548339844,-17.91063690185547,gat
gat,post_covid,2,LANÚS,2024-25,0.5,IT50,132.6029855198303,13,,,,,,2024-11-03,2024-11-03,0.0,51.81380462646485,59.530662536621094,7.716857910156243,gat
gat,post_covid,2,LANÚS,2024-25,0.9,IT90,190.48996986250967,13,,,,,,2024-11-03,2024-11-03,0.0,51.81380462646485,59.530662536621094,7.716857910156243,gat
gat,post_covid,2,LANÚS,2024-25,0.98,IT98,240.1624128185746,13,,,,,,2024-11-03,2024-11-03,0.0,51.81380462646485,59.530662536621094,7.716857910156243,gat
gat,post_covid,2,LANÚS,2025-26,0.5,IT50,132.6029855198303,40,2025-05-25,,,,,2025-06-01,2025-06-08,1.0,171.48419189453125,121.87105560302734,-49.613136291503906,gat
gat,post_covid,2,LANÚS,2025-26,0.9,IT90,190.48996986250967,40,,,,,,2025-06-01,2025-06-08,1.0,171.48419189453125,121.87105560302734,-49.613136291503906,gat
gat,post_covid,2,LANÚS,2025-26,0.98,IT98,240.1624128185746,40,,,,,,2025-06-01,2025-06-08,1.0,171.48419189453125,121.87105560302734,-49.613136291503906,gat
gat,post_covid,2,LOMAS DE ZAMORA,2024-25,0.5,IT50,8.281330480989212,10,,,,,,2024-11-10,2024-11-10,0.0,1.448267936706543,3.0449869632720947,1.5967190265655518,gat
gat,post_covid,2,LOMAS DE ZAMORA,2024-25,0.9,IT90,13.281987582112178,10,,,,,,2024-11-10,2024-11-10,0.0,1.448267936706543,3.0449869632720947,1.5967190265655518,gat
gat,post_covid,2,LOMAS DE ZAMORA,2024-25,0.98,IT98,17.968039817353144,10,,,,,,2024-11-10,2024-11-10,0.0,1.448267936706543,3.0449869632720947,1.5967190265655518,gat
gat,post_covid,2,LOMAS DE ZAMORA,2025-26,0.5,IT50,8.281330480989212,31,,,,,,2025-06-15,2025-06-08,-1.0,1.593094825744629,6.216906547546387,4.623811721801758,gat
gat,post_covid,2,LOMAS DE ZAMORA,2025-26,0.9,IT90,13.281987582112178,31,,,,,,2025-06-15,2025-06-08,-1.0,1.593094825744629,6.216906547546387,4.623811721801758,gat
gat,post_covid,2,LOMAS DE ZAMORA,2025-26,0.98,IT98,17.968039817353144,31,,,,,,2025-06-15,2025-06-08,-1.0,1.593094825744629,6.216906547546387,4.623811721801758,gat
gat,post_covid,2,MALVINAS ARGENTINAS,2024-25,0.5,IT50,19.75908456675979,13,,,,,,2024-11-17,2024-11-03,-2.0,9.125284194946287,3.609323024749756,-5.515961170196531,gat
gat,post_covid,2,MALVINAS ARGENTINAS,2024-25,0.9,IT90,75.76432319476002,13,,,,,,2024-11-17,2024-11-03,-2.0,9.125284194946287,3.609323024749756,-5.515961170196531,gat
gat,post_covid,2,MALVINAS ARGENTINAS,2024-25,0.98,IT98,178.99536057166898,13,,,,,,2024-11-17,2024-11-03,-2.0,9.125284194946287,3.609323024749756,-5.515961170196531,gat
gat,post_covid,2,MALVINAS ARGENTINAS,2025-26,0.5,IT50,19.75908456675979,40,2025-04-27,2025-05-11,2.0,-2.0,2025-05-11,2025-06-08,2025-06-22,2.0,137.44960021972656,28.84221649169922,-108.60738372802734,gat
gat,post_covid,2,MALVINAS ARGENTINAS,2025-26,0.9,IT90,75.76432319476002,40,2025-04-27,,,,,2025-06-08,2025-06-22,2.0,137.44960021972656,28.84221649169922,-108.60738372802734,gat
gat,post_covid,2,MALVINAS ARGENTINAS,2025-26,0.98,IT98,178.99536057166898,40,,,,,,2025-06-08,2025-06-22,2.0,137.44960021972656,28.84221649169922,-108.60738372802734,gat
gat,post_covid,2,MERLO,2024-25,0.5,IT50,93.32449393075508,13,,,,,,2024-12-15,2024-11-10,-5.0,23.86323356628418,20.620471954345703,-3.2427616119384766,gat
gat,post_covid,2,MERLO,2024-25,0.9,IT90,164.5170716895135,13,,,,,,2024-12-15,2024-11-10,-5.0,23.86323356628418,20.620471954345703,-3.2427616119384766,gat
gat,post_covid,2,MERLO,2024-25,0.98,IT98,236.4333757518645,13,,,,,,2024-12-15,2024-11-10,-5.0,23.86323356628418,20.620471954345703,-3.2427616119384766,gat
gat,post_covid,2,MERLO,2025-26,0.5,IT50,93.32449393075508,40,,2025-05-18,,,2025-05-18,2025-06-15,2025-06-01,-2.0,60.0872802734375,109.27552032470705,49.188240051269545,gat
gat,post_covid,2,MERLO,2025-26,0.9,IT90,164.5170716895135,40,,,,,,2025-06-15,2025-06-01,-2.0,60.0872802734375,109.27552032470705,49.188240051269545,gat
gat,post_covid,2,MERLO,2025-26,0.98,IT98,236.4333757518645,40,,,,,,2025-06-15,2025-06-01,-2.0,60.0872802734375,109.27552032470705,49.188240051269545,gat
gat,post_covid,2,MORENO,2024-25,0.5,IT50,101.79720605127496,13,,,,,,2024-11-24,2024-11-03,-3.0,51.15914535522461,41.91278839111328,-9.246356964111328,gat
gat,post_covid,2,MORENO,2024-25,0.9,IT90,214.46725243408844,13,,,,,,2024-11-24,2024-11-03,-3.0,51.15914535522461,41.91278839111328,-9.246356964111328,gat
gat,post_covid,2,MORENO,2024-25,0.98,IT98,345.44262322711484,13,,,,,,2024-11-24,2024-11-03,-3.0,51.15914535522461,41.91278839111328,-9.246356964111328,gat
gat,post_covid,2,MORENO,2025-26,0.5,IT50,101.79720605127496,40,2025-05-25,2025-05-18,-1.0,1.0,2025-05-18,2025-07-13,2025-08-03,3.0,197.0060577392578,185.20639038085935,-11.799667358398466,gat
gat,post_covid,2,MORENO,2025-26,0.9,IT90,214.46725243408844,40,,,,,,2025-07-13,2025-08-03,3.0,197.0060577392578,185.20639038085935,-11.799667358398466,gat
gat,post_covid,2,MORENO,2025-26,0.98,IT98,345.44262322711484,40,,,,,,2025-07-13,2025-08-03,3.0,197.0060577392578,185.20639038085935,-11.799667358398466,gat
gat,post_covid,2,MORÓN,2024-25,0.5,IT50,28.847000469649124,13,,,,,,2024-11-03,2024-11-10,1.0,24.45777702331543,11.399941444396973,-13.057835578918457,gat
gat,post_covid,2,MORÓN,2024-25,0.9,IT90,57.29975452086349,13,,,,,,2024-11-03,2024-11-10,1.0,24.45777702331543,11.399941444396973,-13.057835578918457,gat
gat,post_covid,2,MORÓN,2024-25,0.98,IT98,88.88106833465432,13,,,,,,2024-11-03,2024-11-10,1.0,24.45777702331543,11.399941444396973,-13.057835578918457,gat
gat,post_covid,2,MORÓN,2025-26,0.5,IT50,28.847000469649124,40,2025-05-25,2025-05-11,-2.0,2.0,2025-05-11,2025-06-08,2025-06-01,-1.0,54.04866790771485,46.46950149536133,-7.579166412353523,gat
gat,post_covid,2,MORÓN,2025-26,0.9,IT90,57.29975452086349,40,,,,,,2025-06-08,2025-06-01,-1.0,54.04866790771485,46.46950149536133,-7.579166412353523,gat
gat,post_covid,2,MORÓN,2025-26,0.98,IT98,88.88106833465432,40,,,,,,2025-06-08,2025-06-01,-1.0,54.04866790771485,46.46950149536133,-7.579166412353523,gat
gat,post_covid,2,QUILMES,2024-25,0.5,IT50,46.34689792435932,13,,,,,,2024-11-24,2024-11-10,-2.0,14.998634338378906,15.799333572387695,0.8006992340087891,gat
gat,post_covid,2,QUILMES,2024-25,0.9,IT90,80.98262048145082,13,,,,,,2024-11-24,2024-11-10,-2.0,14.998634338378906,15.799333572387695,0.8006992340087891,gat
gat,post_covid,2,QUILMES,2024-25,0.98,IT98,115.72591322033615,13,,,,,,2024-11-24,2024-11-10,-2.0,14.998634338378906,15.799333572387695,0.8006992340087891,gat
gat,post_covid,2,QUILMES,2025-26,0.5,IT50,46.34689792435932,40,,,,,,2025-06-08,2025-06-15,1.0,39.62797164916992,42.0501594543457,2.4221878051757812,gat
gat,post_covid,2,QUILMES,2025-26,0.9,IT90,80.98262048145082,40,,,,,,2025-06-08,2025-06-15,1.0,39.62797164916992,42.0501594543457,2.4221878051757812,gat
gat,post_covid,2,QUILMES,2025-26,0.98,IT98,115.72591322033615,40,,,,,,2025-06-08,2025-06-15,1.0,39.62797164916992,42.0501594543457,2.4221878051757812,gat
gat,post_covid,2,SAN ISIDRO,2024-25,0.5,IT50,31.02709117627285,13,,,,,,2024-12-15,2025-01-19,5.0,9.082284927368164,6.7534356117248535,-2.3288493156433105,gat
gat,post_covid,2,SAN ISIDRO,2024-25,0.9,IT90,61.06994953059092,13,,,,,,2024-12-15,2025-01-19,5.0,9.082284927368164,6.7534356117248535,-2.3288493156433105,gat
gat,post_covid,2,SAN ISIDRO,2024-25,0.98,IT98,94.17754601713678,13,,,,,,2024-12-15,2025-01-19,5.0,9.082284927368164,6.7534356117248535,-2.3288493156433105,gat
gat,post_covid,2,SAN ISIDRO,2025-26,0.5,IT50,31.02709117627285,37,,,,,,2025-03-30,2025-07-27,17.0,29.937904357910156,22.109174728393555,-7.828729629516602,gat
gat,post_covid,2,SAN ISIDRO,2025-26,0.9,IT90,61.06994953059092,37,,,,,,2025-03-30,2025-07-27,17.0,29.937904357910156,22.109174728393555,-7.828729629516602,gat
gat,post_covid,2,SAN ISIDRO,2025-26,0.98,IT98,94.17754601713678,37,,,,,,2025-03-30,2025-07-27,17.0,29.937904357910156,22.109174728393555,-7.828729629516602,gat
gat,post_covid,2,SAN MIGUEL,2024-25,0.5,IT50,41.72536470891113,13,,,,,,2024-11-10,2024-11-03,-1.0,21.895479202270508,24.069238662719727,2.1737594604492188,gat
gat,post_covid,2,SAN MIGUEL,2024-25,0.9,IT90,54.8832873966512,13,,,,,,2024-11-10,2024-11-03,-1.0,21.895479202270508,24.069238662719727,2.1737594604492188,gat
gat,post_covid,2,SAN MIGUEL,2024-25,0.98,IT98,65.40139686030513,13,,,,,,2024-11-10,2024-11-03,-1.0,21.895479202270508,24.069238662719727,2.1737594604492188,gat
gat,post_covid,2,SAN MIGUEL,2025-26,0.5,IT50,41.72536470891113,40,2025-05-18,2025-07-27,10.0,-10.0,2025-07-27,2025-07-27,2025-08-10,2.0,93.35989379882812,58.984344482421875,-34.37554931640625,gat
gat,post_covid,2,SAN MIGUEL,2025-26,0.9,IT90,54.8832873966512,40,2025-07-20,2025-08-03,2.0,-2.0,2025-08-03,2025-07-27,2025-08-10,2.0,93.35989379882812,58.984344482421875,-34.37554931640625,gat
gat,post_covid,2,SAN MIGUEL,2025-26,0.98,IT98,65.40139686030513,40,2025-07-27,,,,,2025-07-27,2025-08-10,2.0,93.35989379882812,58.984344482421875,-34.37554931640625,gat
gat,post_covid,2,TIGRE,2024-25,0.5,IT50,22.292181427607932,13,,,,,,2024-11-17,2024-11-17,0.0,3.579826831817627,1.4328285455703735,-2.1469982862472534,gat
gat,post_covid,2,TIGRE,2024-25,0.9,IT90,51.59902428823632,13,,,,,,2024-11-17,2024-11-17,0.0,3.579826831817627,1.4328285455703735,-2.1469982862472534,gat
gat,post_covid,2,TIGRE,2024-25,0.98,IT98,88.26651373174553,13,,,,,,2024-11-17,2024-11-17,0.0,3.579826831817627,1.4328285455703735,-2.1469982862472534,gat
gat,post_covid,2,TIGRE,2025-26,0.5,IT50,22.292181427607932,40,2025-07-06,2025-07-27,3.0,-3.0,2025-07-27,2025-07-13,2025-08-10,4.0,40.72053146362305,37.743534088134766,-2.9769973754882812,gat
gat,post_covid,2,TIGRE,2025-26,0.9,IT90,51.59902428823632,40,,,,,,2025-07-13,2025-08-10,4.0,40.72053146362305,37.743534088134766,-2.9769973754882812,gat
gat,post_covid,2,TIGRE,2025-26,0.98,IT98,88.26651373174553,40,,,,,,2025-07-13,2025-08-10,4.0,40.72053146362305,37.743534088134766,-2.9769973754882812,gat
gat,post_covid,2,TRES DE FEBRERO,2024-25,0.5,IT50,92.40050209783404,13,,,,,,2024-11-10,2024-11-17,1.0,49.97583770751953,37.12109375,-12.854743957519531,gat
gat,post_covid,2,TRES DE FEBRERO,2024-25,0.9,IT90,150.5622822202344,13,,,,,,2024-11-10,2024-11-17,1.0,49.97583770751953,37.12109375,-12.854743957519531,gat
gat,post_covid,2,TRES DE FEBRERO,2024-25,0.98,IT98,205.7567466717726,13,,,,,,2024-11-10,2024-11-17,1.0,49.97583770751953,37.12109375,-12.854743957519531,gat
gat,post_covid,2,TRES DE FEBRERO,2025-26,0.5,IT50,92.40050209783404,40,2025-06-01,2025-08-03,9.0,-9.0,2025-08-03,2025-06-01,2025-08-10,10.0,114.50507354736328,117.54603576660156,3.0409622192382812,gat
gat,post_covid,2,TRES DE FEBRERO,2025-26,0.9,IT90,150.5622822202344,40,,,,,,2025-06-01,2025-08-10,10.0,114.50507354736328,117.54603576660156,3.0409622192382812,gat
gat,post_covid,2,TRES DE FEBRERO,2025-26,0.98,IT98,205.7567466717726,40,,,,,,2025-06-01,2025-08-10,10.0,114.50507354736328,117.54603576660156,3.0409622192382812,gat
gat,post_covid,2,VICENTE LÓPEZ,2024-25,0.5,IT50,105.82113989675452,13,,,,,,2024-11-10,2024-11-17,1.0,15.23310089111328,27.074846267700195,11.841745376586916,gat
gat,post_covid,2,VICENTE LÓPEZ,2024-25,0.9,IT90,168.616011392644,13,,,,,,2024-11-10,2024-11-17,1.0,15.23310089111328,27.074846267700195,11.841745376586916,gat
gat,post_covid,2,VICENTE LÓPEZ,2024-25,0.98,IT98,227.1548194913809,13,,,,,,2024-11-10,2024-11-17,1.0,15.23310089111328,27.074846267700195,11.841745376586916,gat
gat,post_covid,2,VICENTE LÓPEZ,2025-26,0.5,IT50,105.82113989675452,40,2025-05-25,,,,,2025-05-25,2025-06-08,2.0,114.77964782714844,89.67069244384766,-25.10895538330078,gat
gat,post_covid,2,VICENTE LÓPEZ,2025-26,0.9,IT90,168.616011392644,40,,,,,,2025-05-25,2025-06-08,2.0,114.77964782714844,89.67069244384766,-25.10895538330078,gat
gat,post_covid,2,VICENTE LÓPEZ,2025-26,0.98,IT98,227.1548194913809,40,,,,,,2025-05-25,2025-06-08,2.0,114.77964782714844,89.67069244384766,-25.10895538330078,gat
gat,post_covid,2,CITYWIDE,2024-25,0.5,IT50,77.06642887231719,13,,,,,,2024-11-10,2024-11-03,-1.0,33.767824950971104,29.47752760585986,-4.290297345111245,gat
gat,post_covid,2,CITYWIDE,2024-25,0.9,IT90,97.46007981062509,13,,,,,,2024-11-10,2024-11-03,-1.0,33.767824950971104,29.47752760585986,-4.290297345111245,gat
gat,post_covid,2,CITYWIDE,2024-25,0.98,IT98,113.25281678189309,13,,,,,,2024-11-10,2024-11-03,-1.0,33.767824950971104,29.47752760585986,-4.290297345111245,gat
gat,post_covid,2,CITYWIDE,2025-26,0.5,IT50,77.06642887231719,40,2025-05-18,2025-08-03,11.0,-11.0,2025-08-03,2025-06-08,2025-08-03,8.0,119.66687754580849,79.02912287963063,-40.637754666177855,gat
gat,post_covid,2,CITYWIDE,2025-26,0.9,IT90,97.46007981062509,40,2025-05-25,,,,,2025-06-08,2025-08-03,8.0,119.66687754580849,79.02912287963063,-40.637754666177855,gat
gat,post_covid,2,CITYWIDE,2025-26,0.98,IT98,113.25281678189309,40,2025-06-08,,,,,2025-06-08,2025-08-03,8.0,119.66687754580849,79.02912287963063,-40.637754666177855,gat
gnn_st,post_covid,2,ALMIRANTE BROWN,2024-25,0.5,IT50,45.51198712694632,13,,,,,,2024-12-01,2024-11-03,-4.0,20.860870361328125,23.898473739624023,3.0376033782958984,gnn_st
gnn_st,post_covid,2,ALMIRANTE BROWN,2024-25,0.9,IT90,59.3327355509796,13,,,,,,2024-12-01,2024-11-03,-4.0,20.860870361328125,23.898473739624023,3.0376033782958984,gnn_st
gnn_st,post_covid,2,ALMIRANTE BROWN,2024-25,0.98,IT98,70.30154029606965,13,,,,,,2024-12-01,2024-11-03,-4.0,20.860870361328125,23.898473739624023,3.0376033782958984,gnn_st
gnn_st,post_covid,2,ALMIRANTE BROWN,2025-26,0.5,IT50,45.51198712694632,40,,,,,,2025-06-08,2025-06-08,0.0,41.550750732421875,39.60215759277344,-1.9485931396484375,gnn_st
gnn_st,post_covid,2,ALMIRANTE BROWN,2025-26,0.9,IT90,59.3327355509796,40,,,,,,2025-06-08,2025-06-08,0.0,41.550750732421875,39.60215759277344,-1.9485931396484375,gnn_st
gnn_st,post_covid,2,ALMIRANTE BROWN,2025-26,0.98,IT98,70.30154029606965,40,,,,,,2025-06-08,2025-06-08,0.0,41.550750732421875,39.60215759277344,-1.9485931396484375,gnn_st
gnn_st,post_covid,2,AVELLANEDA,2024-25,0.5,IT50,245.84106655843968,13,,,,,,2024-11-24,2024-11-03,-3.0,130.04891967773438,145.73390197753906,15.684982299804688,gnn_st
gnn_st,post_covid,2,AVELLANEDA,2024-25,0.9,IT90,374.7741671132419,13,,,,,,2024-11-24,2024-11-03,-3.0,130.04891967773438,145.73390197753906,15.684982299804688,gnn_st
gnn_st,post_covid,2,AVELLANEDA,2024-25,0.98,IT98,490.7992503428019,13,,,,,,2024-11-24,2024-11-03,-3.0,130.04891967773438,145.73390197753906,15.684982299804688,gnn_st
gnn_st,post_covid,2,AVELLANEDA,2025-26,0.5,IT50,245.84106655843968,40,2025-05-25,2025-06-08,2.0,-2.0,2025-06-08,2025-06-01,2025-06-15,2.0,323.761962890625,292.2135925292969,-31.548370361328125,gnn_st
gnn_st,post_covid,2,AVELLANEDA,2025-26,0.9,IT90,374.7741671132419,40,,,,,,2025-06-01,2025-06-15,2.0,323.761962890625,292.2135925292969,-31.548370361328125,gnn_st
gnn_st,post_covid,2,AVELLANEDA,2025-26,0.98,IT98,490.7992503428019,40,,,,,,2025-06-01,2025-06-15,2.0,323.761962890625,292.2135925292969,-31.548370361328125,gnn_st
gnn_st,post_covid,2,EZEIZA,2024-25,0.5,IT50,139.80229436412165,13,,,,,,2024-11-03,2024-11-10,1.0,44.662574768066406,58.24338912963867,13.580814361572266,gnn_st
gnn_st,post_covid,2,EZEIZA,2024-25,0.9,IT90,180.23131160603506,13,,,,,,2024-11-03,2024-11-10,1.0,44.662574768066406,58.24338912963867,13.580814361572266,gnn_st
gnn_st,post_covid,2,EZEIZA,2024-25,0.98,IT98,212.02965427114694,13,,,,,,2024-11-03,2024-11-10,1.0,44.662574768066406,58.24338912963867,13.580814361572266,gnn_st
gnn_st,post_covid,2,EZEIZA,2025-26,0.5,IT50,139.80229436412165,40,2025-05-25,2025-06-08,2.0,-2.0,2025-06-08,2025-06-08,2025-06-22,2.0,186.09405517578125,167.9541473388672,-18.139907836914062,gnn_st
gnn_st,post_covid,2,EZEIZA,2025-26,0.9,IT90,180.23131160603506,40,2025-06-08,,,,,2025-06-08,2025-06-22,2.0,186.09405517578125,167.9541473388672,-18.139907836914062,gnn_st
gnn_st,post_covid,2,EZEIZA,2025-26,0.98,IT98,212.02965427114694,40,,,,,,2025-06-08,2025-06-22,2.0,186.09405517578125,167.9541473388672,-18.139907836914062,gnn_st
gnn_st,post_covid,2,FLORENCIO VARELA,2024-25,0.5,IT50,92.52865090835965,13,,,,,,2024-11-10,2024-11-24,2.0,47.53914260864258,38.492820739746094,-9.046321868896484,gnn_st
gnn_st,post_covid,2,FLORENCIO VARELA,2024-25,0.9,IT90,129.20404508235538,13,,,,,,2024-11-10,2024-11-24,2.0,47.53914260864258,38.492820739746094,-9.046321868896484,gnn_st
gnn_st,post_covid,2,FLORENCIO VARELA,2024-25,0.98,IT98,159.96645580277627,13,,,,,,2024-11-10,2024-11-24,2.0,47.53914260864258,38.492820739746094,-9.046321868896484,gnn_st
gnn_st,post_covid,2,FLORENCIO VARELA,2025-26,0.5,IT50,92.52865090835965,40,2025-05-25,2025-06-08,2.0,-2.0,2025-06-08,2025-06-08,2025-06-22,2.0,146.44473266601562,125.511474609375,-20.933258056640625,gnn_st
gnn_st,post_covid,2,FLORENCIO VARELA,2025-26,0.9,IT90,129.20404508235538,40,2025-06-08,,,,,2025-06-08,2025-06-22,2.0,146.44473266601562,125.511474609375,-20.933258056640625,gnn_st
gnn_st,post_covid,2,FLORENCIO VARELA,2025-26,0.98,IT98,159.96645580277627,40,,,,,,2025-06-08,2025-06-22,2.0,146.44473266601562,125.511474609375,-20.933258056640625,gnn_st
gnn_st,post_covid,2,GENERAL SAN MARTÍN,2024-25,0.5,IT50,77.94711365203958,13,,,,,,2024-11-17,2024-11-03,-2.0,38.62220764160156,41.665401458740234,3.043193817138672,gnn_st
gnn_st,post_covid,2,GENERAL SAN MARTÍN,2024-25,0.9,IT90,119.50868958439348,13,,,,,,2024-11-17,2024-11-03,-2.0,38.62220764160156,41.665401458740234,3.043193817138672,gnn_st
gnn_st,post_covid,2,GENERAL SAN MARTÍN,2024-25,0.98,IT98,157.08069982681235,13,,,,,,2024-11-17,2024-11-03,-2.0,38.62220764160156,41.665401458740234,3.043193817138672,gnn_st
gnn_st,post_covid,2,GENERAL SAN MARTÍN,2025-26,0.5,IT50,77.94711365203958,40,2025-05-18,2025-06-01,2.0,-2.0,2025-06-01,2025-06-01,2025-06-15,2.0,98.99715423583984,90.47840881347656,-8.518745422363281,gnn_st
gnn_st,post_covid,2,GENERAL SAN MARTÍN,2025-26,0.9,IT90,119.50868958439348,40,,,,,,2025-06-01,2025-06-15,2.0,98.99715423583984,90.47840881347656,-8.518745422363281,gnn_st
gnn_st,post_covid,2,GENERAL SAN MARTÍN,2025-26,0.98,IT98,157.08069982681235,40,,,,,,2025-06-01,2025-06-15,2.0,98.99715423583984,90.47840881347656,-8.518745422363281,gnn_st
gnn_st,post_covid,2,JOSÉ C. PAZ,2024-25,0.5,IT50,222.17859568980776,13,,,,,,2024-11-03,2024-11-10,1.0,178.59762573242188,150.5381622314453,-28.059463500976562,gnn_st
gnn_st,post_covid,2,JOSÉ C. PAZ,2024-25,0.9,IT90,355.8888420506266,13,,,,,,2024-11-03,2024-11-10,1.0,178.59762573242188,150.5381622314453,-28.059463500976562,gnn_st
gnn_st,post_covid,2,JOSÉ C. PAZ,2024-25,0.98,IT98,481.06046989083103,13,,,,,,2024-11-03,2024-11-10,1.0,178.59762573242188,150.5381622314453,-28.059463500976562,gnn_st
gnn_st,post_covid,2,JOSÉ C. PAZ,2025-26,0.5,IT50,222.17859568980776,40,2025-03-16,2025-04-06,3.0,-3.0,2025-04-06,2025-05-25,2025-06-08,2.0,740.6908569335938,594.0555419921875,-146.63531494140625,gnn_st
gnn_st,post_covid,2,JOSÉ C. PAZ,2025-26,0.9,IT90,355.8888420506266,40,2025-05-04,2025-06-08,5.0,-5.0,2025-06-08,2025-05-25,2025-06-08,2.0,740.6908569335938,594.0555419921875,-146.63531494140625,gnn_st
gnn_st,post_covid,2,JOSÉ C. PAZ,2025-26,0.98,IT98,481.06046989083103,40,2025-05-25,2025-06-08,2.0,-2.0,2025-06-08,2025-05-25,2025-06-08,2.0,740.6908569335938,594.0555419921875,-146.63531494140625,gnn_st
gnn_st,post_covid,2,LA MATANZA,2024-25,0.5,IT50,24.512107570850826,13,,,,,,2024-11-10,2024-11-03,-1.0,16.401927947998047,14.801173210144045,-1.6007547378540021,gnn_st
gnn_st,post_covid,2,LA MATANZA,2024-25,0.9,IT90,49.0533041651205,13,,,,,,2024-11-10,2024-11-03,-1.0,16.401927947998047,14.801173210144045,-1.6007547378540021,gnn_st
gnn_st,post_covid,2,LA MATANZA,2024-25,0.98,IT98,76.45298521130762,13,,,,,,2024-11-10,2024-11-03,-1.0,16.401927947998047,14.801173210144045,-1.6007547378540021,gnn_st
gnn_st,post_covid,2,LA MATANZA,2025-26,0.5,IT50,24.512107570850826,40,2025-03-16,2025-05-04,7.0,-7.0,2025-05-04,2025-06-01,2025-06-15,2.0,53.17048645019531,45.47663879394531,-7.69384765625,gnn_st
gnn_st,post_covid,2,LA MATANZA,2025-26,0.9,IT90,49.0533041651205,40,2025-06-01,,,,,2025-06-01,2025-06-15,2.0,53.17048645019531,45.47663879394531,-7.69384765625,gnn_st
gnn_st,post_covid,2,LA MATANZA,2025-26,0.98,IT98,76.45298521130762,40,,,,,,2025-06-01,2025-06-15,2.0,53.17048645019531,45.47663879394531,-7.69384765625,gnn_st
gnn_st,post_covid,2,LANÚS,2024-25,0.5,IT50,132.6029855198303,13,,,,,,2024-11-03,2024-11-17,2.0,51.813812255859375,51.503875732421875,-0.3099365234375,gnn_st
gnn_st,post_covid,2,LANÚS,2024-25,0.9,IT90,190.48996986250967,13,,,,,,2024-11-03,2024-11-17,2.0,51.813812255859375,51.503875732421875,-0.3099365234375,gnn_st
gnn_st,post_covid,2,LANÚS,2024-25,0.98,IT98,240.1624128185746,13,,,,,,2024-11-03,2024-11-17,2.0,51.813812255859375,51.503875732421875,-0.3099365234375,gnn_st
gnn_st,post_covid,2,LANÚS,2025-26,0.5,IT50,132.6029855198303,40,2025-05-25,2025-06-08,2.0,-2.0,2025-06-08,2025-06-01,2025-06-15,2.0,171.48419189453125,154.9340057373047,-16.550186157226562,gnn_st
gnn_st,post_covid,2,LANÚS,2025-26,0.9,IT90,190.48996986250967,40,,,,,,2025-06-01,2025-06-15,2.0,171.48419189453125,154.9340057373047,-16.550186157226562,gnn_st
gnn_st,post_covid,2,LANÚS,2025-26,0.98,IT98,240.1624128185746,40,,,,,,2025-06-01,2025-06-15,2.0,171.48419189453125,154.9340057373047,-16.550186157226562,gnn_st
gnn_st,post_covid,2,LOMAS DE ZAMORA,2024-25,0.5,IT50,8.281330480989212,10,,,,,,2024-11-10,2024-11-24,2.0,1.448267936706543,1.6566424369812012,0.2083745002746582,gnn_st
gnn_st,post_covid,2,LOMAS DE ZAMORA,2024-25,0.9,IT90,13.281987582112178,10,,,,,,2024-11-10,2024-11-24,2.0,1.448267936706543,1.6566424369812012,0.2083745002746582,gnn_st
gnn_st,post_covid,2,LOMAS DE ZAMORA,2024-25,0.98,IT98,17.968039817353144,10,,,,,,2024-11-10,2024-11-24,2.0,1.448267936706543,1.6566424369812012,0.2083745002746582,gnn_st
gnn_st,post_covid,2,LOMAS DE ZAMORA,2025-26,0.5,IT50,8.281330480989212,31,,,,,,2025-06-15,2025-04-13,-9.0,1.593094825744629,3.7335572242736816,2.1404623985290527,gnn_st
gnn_st,post_covid,2,LOMAS DE ZAMORA,2025-26,0.9,IT90,13.281987582112178,31,,,,,,2025-06-15,2025-04-13,-9.0,1.593094825744629,3.7335572242736816,2.1404623985290527,gnn_st
gnn_st,post_covid,2,LOMAS DE ZAMORA,2025-26,0.98,IT98,17.968039817353144,31,,,,,,2025-06-15,2025-04-13,-9.0,1.593094825744629,3.7335572242736816,2.1404623985290527,gnn_st
gnn_st,post_covid,2,MALVINAS ARGENTINAS,2024-25,0.5,IT50,19.75908456675979,13,,,,,,2024-11-17,2024-11-03,-2.0,9.125284194946287,7.7061052322387695,-1.4191789627075178,gnn_st
gnn_st,post_covid,2,MALVINAS ARGENTINAS,2024-25,0.9,IT90,75.76432319476002,13,,,,,,2024-11-17,2024-11-03,-2.0,9.125284194946287,7.7061052322387695,-1.4191789627075178,gnn_st
gnn_st,post_covid,2,MALVINAS ARGENTINAS,2024-25,0.98,IT98,178.99536057166898,13,,,,,,2024-11-17,2024-11-03,-2.0,9.125284194946287,7.7061052322387695,-1.4191789627075178,gnn_st
gnn_st,post_covid,2,MALVINAS ARGENTINAS,2025-26,0.5,IT50,19.75908456675979,40,2025-04-27,2025-05-11,2.0,-2.0,2025-05-11,2025-06-08,2025-06-22,2.0,137.44960021972656,108.08370208740234,-29.36589813232422,gnn_st
gnn_st,post_covid,2,MALVINAS ARGENTINAS,2025-26,0.9,IT90,75.76432319476002,40,2025-04-27,2025-05-25,4.0,-4.0,2025-05-25,2025-06-08,2025-06-22,2.0,137.44960021972656,108.08370208740234,-29.36589813232422,gnn_st
gnn_st,post_covid,2,MALVINAS ARGENTINAS,2025-26,0.98,IT98,178.99536057166898,40,,,,,,2025-06-08,2025-06-22,2.0,137.44960021972656,108.08370208740234,-29.36589813232422,gnn_st
gnn_st,post_covid,2,MERLO,2024-25,0.5,IT50,93.32449393075508,13,,,,,,2024-12-15,2024-12-29,2.0,23.86323356628418,19.53156089782715,-4.331672668457031,gnn_st
gnn_st,post_covid,2,MERLO,2024-25,0.9,IT90,164.5170716895135,13,,,,,,2024-12-15,2024-12-29,2.0,23.86323356628418,19.53156089782715,-4.331672668457031,gnn_st
gnn_st,post_covid,2,MERLO,2024-25,0.98,IT98,236.4333757518645,13,,,,,,2024-12-15,2024-12-29,2.0,23.86323356628418,19.53156089782715,-4.331672668457031,gnn_st
gnn_st,post_covid,2,MERLO,2025-26,0.5,IT50,93.32449393075508,40,,,,,,2025-06-15,2025-06-29,2.0,60.0872802734375,60.099727630615234,0.012447357177734375,gnn_st
gnn_st,post_covid,2,MERLO,2025-26,0.9,IT90,164.5170716895135,40,,,,,,2025-06-15,2025-06-29,2.0,60.0872802734375,60.099727630615234,0.012447357177734375,gnn_st
gnn_st,post_covid,2,MERLO,2025-26,0.98,IT98,236.4333757518645,40,,,,,,2025-06-15,2025-06-29,2.0,60.0872802734375,60.099727630615234,0.012447357177734375,gnn_st
gnn_st,post_covid,2,MORENO,2024-25,0.5,IT50,101.79720605127496,13,,,,,,2024-11-24,2024-12-08,2.0,51.15914535522461,41.545169830322266,-9.613975524902344,gnn_st
gnn_st,post_covid,2,MORENO,2024-25,0.9,IT90,214.46725243408844,13,,,,,,2024-11-24,2024-12-08,2.0,51.15914535522461,41.545169830322266,-9.613975524902344,gnn_st
gnn_st,post_covid,2,MORENO,2024-25,0.98,IT98,345.44262322711484,13,,,,,,2024-11-24,2024-12-08,2.0,51.15914535522461,41.545169830322266,-9.613975524902344,gnn_st
gnn_st,post_covid,2,MORENO,2025-26,0.5,IT50,101.79720605127496,40,2025-05-25,2025-05-04,-3.0,3.0,2025-05-04,2025-07-13,2025-07-27,2.0,197.0060577392578,149.98390197753906,-47.02215576171875,gnn_st
gnn_st,post_covid,2,MORENO,2025-26,0.9,IT90,214.46725243408844,40,,,,,,2025-07-13,2025-07-27,2.0,197.0060577392578,149.98390197753906,-47.02215576171875,gnn_st
gnn_st,post_covid,2,MORENO,2025-26,0.98,IT98,345.44262322711484,40,,,,,,2025-07-13,2025-07-27,2.0,197.0060577392578,149.98390197753906,-47.02215576171875,gnn_st
gnn_st,post_covid,2,MORÓN,2024-25,0.5,IT50,28.847000469649124,13,,,,,,2024-11-03,2024-11-17,2.0,24.45777702331543,20.549650192260746,-3.908126831054684,gnn_st
gnn_st,post_covid,2,MORÓN,2024-25,0.9,IT90,57.29975452086349,13,,,,,,2024-11-03,2024-11-17,2.0,24.45777702331543,20.549650192260746,-3.908126831054684,gnn_st
gnn_st,post_covid,2,MORÓN,2024-25,0.98,IT98,88.88106833465432,13,,,,,,2024-11-03,2024-11-17,2.0,24.45777702331543,20.549650192260746,-3.908126831054684,gnn_st
gnn_st,post_covid,2,MORÓN,2025-26,0.5,IT50,28.847000469649124,40,2025-05-25,2025-05-25,0.0,0.0,2025-05-25,2025-06-08,2025-06-22,2.0,54.04866790771485,43.44365692138672,-10.605010986328132,gnn_st
gnn_st,post_covid,2,MORÓN,2025-26,0.9,IT90,57.29975452086349,40,,,,,,2025-06-08,2025-06-22,2.0,54.04866790771485,43.44365692138672,-10.605010986328132,gnn_st
gnn_st,post_covid,2,MORÓN,2025-26,0.98,IT98,88.88106833465432,40,,,,,,2025-06-08,2025-06-22,2.0,54.04866790771485,43.44365692138672,-10.605010986328132,gnn_st
gnn_st,post_covid,2,QUILMES,2024-25,0.5,IT50,46.34689792435932,13,,,,,,2024-11-24,2024-12-08,2.0,14.99863338470459,14.032710075378418,-0.9659233093261719,gnn_st
gnn_st,post_covid,2,QUILMES,2024-25,0.9,IT90,80.98262048145082,13,,,,,,2024-11-24,2024-12-08,2.0,14.99863338470459,14.032710075378418,-0.9659233093261719,gnn_st
gnn_st,post_covid,2,QUILMES,2024-25,0.98,IT98,115.72591322033615,13,,,,,,2024-11-24,2024-12-08,2.0,14.99863338470459,14.032710075378418,-0.9659233093261719,gnn_st
gnn_st,post_covid,2,QUILMES,2025-26,0.5,IT50,46.34689792435932,40,,,,,,2025-06-08,2025-04-27,-6.0,39.62797164916992,37.24821853637695,-2.3797531127929688,gnn_st
gnn_st,post_covid,2,QUILMES,2025-26,0.9,IT90,80.98262048145082,40,,,,,,2025-06-08,2025-04-27,-6.0,39.62797164916992,37.24821853637695,-2.3797531127929688,gnn_st
gnn_st,post_covid,2,QUILMES,2025-26,0.98,IT98,115.72591322033615,40,,,,,,2025-06-08,2025-04-27,-6.0,39.62797164916992,37.24821853637695,-2.3797531127929688,gnn_st
gnn_st,post_covid,2,SAN ISIDRO,2024-25,0.5,IT50,31.02709117627285,13,,,,,,2024-12-15,2024-12-29,2.0,9.082284927368164,8.8894681930542,-0.19281673431396484,gnn_st
gnn_st,post_covid,2,SAN ISIDRO,2024-25,0.9,IT90,61.06994953059092,13,,,,,,2024-12-15,2024-12-29,2.0,9.082284927368164,8.8894681930542,-0.19281673431396484,gnn_st
gnn_st,post_covid,2,SAN ISIDRO,2024-25,0.98,IT98,94.17754601713678,13,,,,,,2024-12-15,2024-12-29,2.0,9.082284927368164,8.8894681930542,-0.19281673431396484,gnn_st
gnn_st,post_covid,2,SAN ISIDRO,2025-26,0.5,IT50,31.02709117627285,37,,,,,,2025-03-30,2025-04-13,2.0,29.937904357910156,27.183269500732425,-2.754634857177731,gnn_st
gnn_st,post_covid,2,SAN ISIDRO,2025-26,0.9,IT90,61.06994953059092,37,,,,,,2025-03-30,2025-04-13,2.0,29.937904357910156,27.183269500732425,-2.754634857177731,gnn_st
gnn_st,post_covid,2,SAN ISIDRO,2025-26,0.98,IT98,94.17754601713678,37,,,,,,2025-03-30,2025-04-13,2.0,29.937904357910156,27.183269500732425,-2.754634857177731,gnn_st
gnn_st,post_covid,2,SAN MIGUEL,2024-25,0.5,IT50,41.72536470891113,13,,,,,,2024-11-10,2024-11-03,-1.0,21.895479202270508,25.401344299316406,3.5058650970458984,gnn_st
gnn_st,post_covid,2,SAN MIGUEL,2024-25,0.9,IT90,54.8832873966512,13,,,,,,2024-11-10,2024-11-03,-1.0,21.895479202270508,25.401344299316406,3.5058650970458984,gnn_st
gnn_st,post_covid,2,SAN MIGUEL,2024-25,0.98,IT98,65.40139686030513,13,,,,,,2024-11-10,2024-11-03,-1.0,21.895479202270508,25.401344299316406,3.5058650970458984,gnn_st
gnn_st,post_covid,2,SAN MIGUEL,2025-26,0.5,IT50,41.72536470891113,40,2025-05-18,2025-06-01,2.0,-2.0,2025-06-01,2025-07-27,2025-08-10,2.0,93.35989379882812,75.47370910644531,-17.886184692382812,gnn_st
gnn_st,post_covid,2,SAN MIGUEL,2025-26,0.9,IT90,54.8832873966512,40,2025-07-20,2025-08-10,3.0,-3.0,2025-08-10,2025-07-27,2025-08-10,2.0,93.35989379882812,75.47370910644531,-17.886184692382812,gnn_st
gnn_st,post_covid,2,SAN MIGUEL,2025-26,0.98,IT98,65.40139686030513,40,2025-07-27,2025-08-10,2.0,-2.0,2025-08-10,2025-07-27,2025-08-10,2.0,93.35989379882812,75.47370910644531,-17.886184692382812,gnn_st
gnn_st,post_covid,2,TIGRE,2024-25,0.5,IT50,22.292181427607932,13,,,,,,2024-11-17,2024-11-03,-2.0,3.579826831817627,4.394948482513428,0.8151216506958008,gnn_st
gnn_st,post_covid,2,TIGRE,2024-25,0.9,IT90,51.59902428823632,13,,,,,,2024-11-17,2024-11-03,-2.0,3.579826831817627,4.394948482513428,0.8151216506958008,gnn_st
gnn_st,post_covid,2,TIGRE,2024-25,0.98,IT98,88.26651373174553,13,,,,,,2024-11-17,2024-11-03,-2.0,3.579826831817627,4.394948482513428,0.8151216506958008,gnn_st
gnn_st,post_covid,2,TIGRE,2025-26,0.5,IT50,22.292181427607932,40,2025-07-06,2025-07-27,3.0,-3.0,2025-07-27,2025-07-13,2025-07-27,2.0,40.72053527832031,31.36807632446289,-9.352458953857422,gnn_st
gnn_st,post_covid,2,TIGRE,2025-26,0.9,IT90,51.59902428823632,40,,,,,,2025-07-13,2025-07-27,2.0,40.72053527832031,31.36807632446289,-9.352458953857422,gnn_st
gnn_st,post_covid,2,TIGRE,2025-26,0.98,IT98,88.26651373174553,40,,,,,,2025-07-13,2025-07-27,2.0,40.72053527832031,31.36807632446289,-9.352458953857422,gnn_st
gnn_st,post_covid,2,TRES DE FEBRERO,2024-25,0.5,IT50,92.40050209783404,13,,,,,,2024-11-10,2024-11-10,0.0,49.97583770751953,51.785587310791016,1.8097496032714844,gnn_st
gnn_st,post_covid,2,TRES DE FEBRERO,2024-25,0.9,IT90,150.5622822202344,13,,,,,,2024-11-10,2024-11-10,0.0,49.97583770751953,51.785587310791016,1.8097496032714844,gnn_st
gnn_st,post_covid,2,TRES DE FEBRERO,2024-25,0.98,IT98,205.7567466717726,13,,,,,,2024-11-10,2024-11-10,0.0,49.97583770751953,51.785587310791016,1.8097496032714844,gnn_st
gnn_st,post_covid,2,TRES DE FEBRERO,2025-26,0.5,IT50,92.40050209783404,40,2025-06-01,2025-06-15,2.0,-2.0,2025-06-15,2025-06-01,2025-06-15,2.0,114.50506591796876,99.7686538696289,-14.736412048339858,gnn_st
gnn_st,post_covid,2,TRES DE FEBRERO,2025-26,0.9,IT90,150.5622822202344,40,,,,,,2025-06-01,2025-06-15,2.0,114.50506591796876,99.7686538696289,-14.736412048339858,gnn_st
gnn_st,post_covid,2,TRES DE FEBRERO,2025-26,0.98,IT98,205.7567466717726,40,,,,,,2025-06-01,2025-06-15,2.0,114.50506591796876,99.7686538696289,-14.736412048339858,gnn_st
gnn_st,post_covid,2,VICENTE LÓPEZ,2024-25,0.5,IT50,105.82113989675452,13,,,,,,2024-11-10,2024-11-24,2.0,15.23310089111328,17.69936752319336,2.46626663208008,gnn_st
gnn_st,post_covid,2,VICENTE LÓPEZ,2024-25,0.9,IT90,168.616011392644,13,,,,,,2024-11-10,2024-11-24,2.0,15.23310089111328,17.69936752319336,2.46626663208008,gnn_st
gnn_st,post_covid,2,VICENTE LÓPEZ,2024-25,0.98,IT98,227.1548194913809,13,,,,,,2024-11-10,2024-11-24,2.0,15.23310089111328,17.69936752319336,2.46626663208008,gnn_st
gnn_st,post_covid,2,VICENTE LÓPEZ,2025-26,0.5,IT50,105.82113989675452,40,2025-05-25,2025-06-08,2.0,-2.0,2025-06-08,2025-05-25,2025-06-08,2.0,114.77964782714844,113.13794708251952,-1.6417007446289205,gnn_st
gnn_st,post_covid,2,VICENTE LÓPEZ,2025-26,0.9,IT90,168.616011392644,40,,,,,,2025-05-25,2025-06-08,2.0,114.77964782714844,113.13794708251952,-1.6417007446289205,gnn_st
gnn_st,post_covid,2,VICENTE LÓPEZ,2025-26,0.98,IT98,227.1548194913809,40,,,,,,2025-05-25,2025-06-08,2.0,114.77964782714844,113.13794708251952,-1.6417007446289205,gnn_st
gnn_st,post_covid,2,CITYWIDE,2024-25,0.5,IT50,77.06642887231719,13,,,,,,2024-11-10,2024-11-03,-1.0,33.767825954838806,33.769212559649816,0.0013866048110102724,gnn_st
gnn_st,post_covid,2,CITYWIDE,2024-25,0.9,IT90,97.46007981062509,13,,,,,,2024-11-10,2024-11-03,-1.0,33.767825954838806,33.769212559649816,0.0013866048110102724,gnn_st
gnn_st,post_covid,2,CITYWIDE,2024-25,0.98,IT98,113.25281678189309,13,,,,,,2024-11-10,2024-11-03,-1.0,33.767825954838806,33.769212559649816,0.0013866048110102724,gnn_st
gnn_st,post_covid,2,CITYWIDE,2025-26,0.5,IT50,77.06642887231719,40,2025-05-18,2025-05-25,1.0,-1.0,2025-05-25,2025-06-08,2025-06-22,2.0,119.66687754580849,104.78965423609081,-14.877223309717678,gnn_st
gnn_st,post_covid,2,CITYWIDE,2025-26,0.9,IT90,97.46007981062509,40,2025-05-25,2025-06-08,2.0,-2.0,2025-06-08,2025-06-08,2025-06-22,2.0,119.66687754580849,104.78965423609081,-14.877223309717678,gnn_st
gnn_st,post_covid,2,CITYWIDE,2025-26,0.98,IT98,113.25281678189309,40,2025-06-08,,,,,2025-06-08,2025-06-22,2.0,119.66687754580849,104.78965423609081,-14.877223309717678,gnn_st
gnn_st_nodemo,post_covid,2,ALMIRANTE BROWN,2024-25,0.5,IT50,45.51198712694632,13,,,,,,2024-12-01,2024-11-03,-4.0,20.860870361328125,23.682445526123047,2.821575164794922,gnn_st_nodemo
gnn_st_nodemo,post_covid,2,ALMIRANTE BROWN,2024-25,0.9,IT90,59.3327355509796,13,,,,,,2024-12-01,2024-11-03,-4.0,20.860870361328125,23.682445526123047,2.821575164794922,gnn_st_nodemo
gnn_st_nodemo,post_covid,2,ALMIRANTE BROWN,2024-25,0.98,IT98,70.30154029606965,13,,,,,,2024-12-01,2024-11-03,-4.0,20.860870361328125,23.682445526123047,2.821575164794922,gnn_st_nodemo
gnn_st_nodemo,post_covid,2,ALMIRANTE BROWN,2025-26,0.5,IT50,45.51198712694632,40,,,,,,2025-06-08,2025-06-08,0.0,41.550750732421875,42.1098747253418,0.5591239929199219,gnn_st_nodemo
gnn_st_nodemo,post_covid,2,ALMIRANTE BROWN,2025-26,0.9,IT90,59.3327355509796,40,,,,,,2025-06-08,2025-06-08,0.0,41.550750732421875,42.1098747253418,0.5591239929199219,gnn_st_nodemo
gnn_st_nodemo,post_covid,2,ALMIRANTE BROWN,2025-26,0.98,IT98,70.30154029606965,40,,,,,,2025-06-08,2025-06-08,0.0,41.550750732421875,42.1098747253418,0.5591239929199219,gnn_st_nodemo
gnn_st_nodemo,post_covid,2,AVELLANEDA,2024-25,0.5,IT50,245.84106655843968,13,,,,,,2024-11-24,2024-11-03,-3.0,130.04891967773438,144.93106079101562,14.88214111328125,gnn_st_nodemo
gnn_st_nodemo,post_covid,2,AVELLANEDA,2024-25,0.9,IT90,374.7741671132419,13,,,,,,2024-11-24,2024-11-03,-3.0,130.04891967773438,144.93106079101562,14.88214111328125,gnn_st_nodemo
gnn_st_nodemo,post_covid,2,AVELLANEDA,2024-25,0.98,IT98,490.7992503428019,13,,,,,,2024-11-24,2024-11-03,-3.0,130.04891967773438,144.93106079101562,14.88214111328125,gnn_st_nodemo
gnn_st_nodemo,post_covid,2,AVELLANEDA,2025-26,0.5,IT50,245.84106655843968,40,2025-05-25,2025-06-01,1.0,-1.0,2025-06-01,2025-06-01,2025-06-15,2.0,323.761962890625,291.9078674316406,-31.854095458984375,gnn_st_nodemo
gnn_st_nodemo,post_covid,2,AVELLANEDA,2025-26,0.9,IT90,374.7741671132419,40,,,,,,2025-06-01,2025-06-15,2.0,323.761962890625,291.9078674316406,-31.854095458984375,gnn_st_nodemo
gnn_st_nodemo,post_covid,2,AVELLANEDA,2025-26,0.98,IT98,490.7992503428019,40,,,,,,2025-06-01,2025-06-15,2.0,323.761962890625,291.9078674316406,-31.854095458984375,gnn_st_nodemo
gnn_st_nodemo,post_covid,2,EZEIZA,2024-25,0.5,IT50,139.80229436412165,13,,,,,,2024-11-03,2024-11-10,1.0,44.662574768066406,56.965694427490234,12.303119659423828,gnn_st_nodemo
gnn_st_nodemo,post_covid,2,EZEIZA,2024-25,0.9,IT90,180.23131160603506,13,,,,,,2024-11-03,2024-11-10,1.0,44.662574768066406,56.965694427490234,12.303119659423828,gnn_st_nodemo
gnn_st_nodemo,post_covid,2,EZEIZA,2024-25,0.98,IT98,212.02965427114694,13,,,,,,2024-11-03,2024-11-10,1.0,44.662574768066406,56.965694427490234,12.303119659423828,gnn_st_nodemo
gnn_st_nodemo,post_covid,2,EZEIZA,2025-26,0.5,IT50,139.80229436412165,40,2025-05-25,2025-06-01,1.0,-1.0,2025-06-01,2025-06-08,2025-06-22,2.0,186.09405517578125,166.2865447998047,-19.807510375976562,gnn_st_nodemo
gnn_st_nodemo,post_covid,2,EZEIZA,2025-26,0.9,IT90,180.23131160603506,40,2025-06-08,,,,,2025-06-08,2025-06-22,2.0,186.09405517578125,166.2865447998047,-19.807510375976562,gnn_st_nodemo
gnn_st_nodemo,post_covid,2,EZEIZA,2025-26,0.98,IT98,212.02965427114694,40,,,,,,2025-06-08,2025-06-22,2.0,186.09405517578125,166.2865447998047,-19.807510375976562,gnn_st_nodemo
gnn_st_nodemo,post_covid,2,FLORENCIO VARELA,2024-25,0.5,IT50,92.52865090835965,13,,,,,,2024-11-10,2024-11-24,2.0,47.53914260864258,37.590599060058594,-9.948543548583984,gnn_st_nodemo
gnn_st_nodemo,post_covid,2,FLORENCIO VARELA,2024-25,0.9,IT90,129.20404508235538,13,,,,,,2024-11-10,2024-11-24,2.0,47.53914260864258,37.590599060058594,-9.948543548583984,gnn_st_nodemo
gnn_st_nodemo,post_covid,2,FLORENCIO VARELA,2024-25,0.98,IT98,159.96645580277627,13,,,,,,2024-11-10,2024-11-24,2.0,47.53914260864258,37.590599060058594,-9.948543548583984,gnn_st_nodemo
gnn_st_nodemo,post_covid,2,FLORENCIO VARELA,2025-26,0.5,IT50,92.52865090835965,40,2025-05-25,2025-06-08,2.0,-2.0,2025-06-08,2025-06-08,2025-06-22,2.0,146.44473266601562,124.62938690185548,-21.815345764160142,gnn_st_nodemo
gnn_st_nodemo,post_covid,2,FLORENCIO VARELA,2025-26,0.9,IT90,129.20404508235538,40,2025-06-08,,,,,2025-06-08,2025-06-22,2.0,146.44473266601562,124.62938690185548,-21.815345764160142,gnn_st_nodemo
gnn_st_nodemo,post_covid,2,FLORENCIO VARELA,2025-26,0.98,IT98,159.96645580277627,40,,,,,,2025-06-08,2025-06-22,2.0,146.44473266601562,124.62938690185548,-21.815345764160142,gnn_st_nodemo
gnn_st_nodemo,post_covid,2,GENERAL SAN MARTÍN,2024-25,0.5,IT50,77.94711365203958,13,,,,,,2024-11-17,2024-11-03,-2.0,38.62220764160156,41.26572799682617,2.6435203552246094,gnn_st_nodemo
gnn_st_nodemo,post_covid,2,GENERAL SAN MARTÍN,2024-25,0.9,IT90,119.50868958439348,13,,,,,,2024-11-17,2024-11-03,-2.0,38.62220764160156,41.26572799682617,2.6435203552246094,gnn_st_nodemo
gnn_st_nodemo,post_covid,2,GENERAL SAN MARTÍN,2024-25,0.98,IT98,157.08069982681235,13,,,,,,2024-11-17,2024-11-03,-2.0,38.62220764160156,41.26572799682617,2.6435203552246094,gnn_st_nodemo
gnn_st_nodemo,post_covid,2,GENERAL SAN MARTÍN,2025-26,0.5,IT50,77.94711365203958,40,2025-05-18,2025-05-25,1.0,-1.0,2025-05-25,2025-06-01,2025-06-15,2.0,98.99715423583984,89.86222839355469,-9.134925842285156,gnn_st_nodemo
gnn_st_nodemo,post_covid,2,GENERAL SAN MARTÍN,2025-26,0.9,IT90,119.50868958439348,40,,,,,,2025-06-01,2025-06-15,2.0,98.99715423583984,89.86222839355469,-9.134925842285156,gnn_st_nodemo
gnn_st_nodemo,post_covid,2,GENERAL SAN MARTÍN,2025-26,0.98,IT98,157.08069982681235,40,,,,,,2025-06-01,2025-06-15,2.0,98.99715423583984,89.86222839355469,-9.134925842285156,gnn_st_nodemo
gnn_st_nodemo,post_covid,2,JOSÉ C. PAZ,2024-25,0.5,IT50,222.17859568980776,13,,,,,,2024-11-03,2024-11-10,1.0,178.59762573242188,146.69610595703125,-31.901519775390625,gnn_st_nodemo
gnn_st_nodemo,post_covid,2,JOSÉ C. PAZ,2024-25,0.9,IT90,355.8888420506266,13,,,,,,2024-11-03,2024-11-10,1.0,178.59762573242188,146.69610595703125,-31.901519775390625,gnn_st_nodemo
gnn_st_nodemo,post_covid,2,JOSÉ C. PAZ,2024-25,0.98,IT98,481.06046989083103,13,,,,,,2024-11-03,2024-11-10,1.0,178.59762573242188,146.69610595703125,-31.901519775390625,gnn_st_nodemo
gnn_st_nodemo,post_covid,2,JOSÉ C. PAZ,2025-26,0.5,IT50,222.17859568980776,40,2025-03-16,2025-04-06,3.0,-3.0,2025-04-06,2025-05-25,2025-06-08,2.0,740.6908569335938,590.6574096679688,-150.033447265625,gnn_st_nodemo
gnn_st_nodemo,post_covid,2,JOSÉ C. PAZ,2025-26,0.9,IT90,355.8888420506266,40,2025-05-04,2025-06-08,5.0,-5.0,2025-06-08,2025-05-25,2025-06-08,2.0,740.6908569335938,590.6574096679688,-150.033447265625,gnn_st_nodemo
gnn_st_nodemo,post_covid,2,JOSÉ C. PAZ,2025-26,0.98,IT98,481.06046989083103,40,2025-05-25,2025-06-08,2.0,-2.0,2025-06-08,2025-05-25,2025-06-08,2.0,740.6908569335938,590.6574096679688,-150.033447265625,gnn_st_nodemo
gnn_st_nodemo,post_covid,2,LA MATANZA,2024-25,0.5,IT50,24.512107570850826,13,,,,,,2024-11-10,2024-11-03,-1.0,16.401927947998047,14.703388214111328,-1.6985397338867188,gnn_st_nodemo
gnn_st_nodemo,post_covid,2,LA MATANZA,2024-25,0.9,IT90,49.0533041651205,13,,,,,,2024-11-10,2024-11-03,-1.0,16.401927947998047,14.703388214111328,-1.6985397338867188,gnn_st_nodemo
gnn_st_nodemo,post_covid,2,LA MATANZA,2024-25,0.98,IT98,76.45298521130762,13,,,,,,2024-11-10,2024-11-03,-1.0,16.401927947998047,14.703388214111328,-1.6985397338867188,gnn_st_nodemo
gnn_st_nodemo,post_covid,2,LA MATANZA,2025-26,0.5,IT50,24.512107570850826,40,2025-03-16,2025-05-04,7.0,-7.0,2025-05-04,2025-06-01,2025-06-15,2.0,53.17048645019531,45.50130844116211,-7.669178009033203,gnn_st_nodemo
gnn_st_nodemo,post_covid,2,LA MATANZA,2025-26,0.9,IT90,49.0533041651205,40,2025-06-01,,,,,2025-06-01,2025-06-15,2.0,53.17048645019531,45.50130844116211,-7.669178009033203,gnn_st_nodemo
gnn_st_nodemo,post_covid,2,LA MATANZA,2025-26,0.98,IT98,76.45298521130762,40,,,,,,2025-06-01,2025-06-15,2.0,53.17048645019531,45.50130844116211,-7.669178009033203,gnn_st_nodemo
gnn_st_nodemo,post_covid,2,LANÚS,2024-25,0.5,IT50,132.6029855198303,13,,,,,,2024-11-03,2024-11-17,2.0,51.813812255859375,51.976959228515625,0.16314697265625,gnn_st_nodemo
gnn_st_nodemo,post_covid,2,LANÚS,2024-25,0.9,IT90,190.48996986250967,13,,,,,,2024-11-03,2024-11-17,2.0,51.813812255859375,51.976959228515625,0.16314697265625,gnn_st_nodemo
gnn_st_nodemo,post_covid,2,LANÚS,2024-25,0.98,IT98,240.1624128185746,13,,,,,,2024-11-03,2024-11-17,2.0,51.813812255859375,51.976959228515625,0.16314697265625,gnn_st_nodemo
gnn_st_nodemo,post_covid,2,LANÚS,2025-26,0.5,IT50,132.6029855198303,40,2025-05-25,2025-06-01,1.0,-1.0,2025-06-01,2025-06-01,2025-06-15,2.0,171.48419189453125,154.5012664794922,-16.982925415039062,gnn_st_nodemo
gnn_st_nodemo,post_covid,2,LANÚS,2025-26,0.9,IT90,190.48996986250967,40,,,,,,2025-06-01,2025-06-15,2.0,171.48419189453125,154.5012664794922,-16.982925415039062,gnn_st_nodemo
gnn_st_nodemo,post_covid,2,LANÚS,2025-26,0.98,IT98,240.1624128185746,40,,,,,,2025-06-01,2025-06-15,2.0,171.48419189453125,154.5012664794922,-16.982925415039062,gnn_st_nodemo
gnn_st_nodemo,post_covid,2,LOMAS DE ZAMORA,2024-25,0.5,IT50,8.281330480989212,10,,,,,,2024-11-10,2024-11-24,2.0,1.448267936706543,1.6100683212280271,0.16180038452148415,gnn_st_nodemo
gnn_st_nodemo,post_covid,2,LOMAS DE ZAMORA,2024-25,0.9,IT90,13.281987582112178,10,,,,,,2024-11-10,2024-11-24,2.0,1.448267936706543,1.6100683212280271,0.16180038452148415,gnn_st_nodemo
gnn_st_nodemo,post_covid,2,LOMAS DE ZAMORA,2024-25,0.98,IT98,17.968039817353144,10,,,,,,2024-11-10,2024-11-24,2.0,1.448267936706543,1.6100683212280271,0.16180038452148415,gnn_st_nodemo
gnn_st_nodemo,post_covid,2,LOMAS DE ZAMORA,2025-26,0.5,IT50,8.281330480989212,31,,,,,,2025-06-15,2025-04-13,-9.0,1.593094825744629,3.925591945648194,2.332497119903565,gnn_st_nodemo
gnn_st_nodemo,post_covid,2,LOMAS DE ZAMORA,2025-26,0.9,IT90,13.281987582112178,31,,,,,,2025-06-15,2025-04-13,-9.0,1.593094825744629,3.925591945648194,2.332497119903565,gnn_st_nodemo
gnn_st_nodemo,post_covid,2,LOMAS DE ZAMORA,2025-26,0.98,IT98,17.968039817353144,31,,,,,,2025-06-15,2025-04-13,-9.0,1.593094825744629,3.925591945648194,2.332497119903565,gnn_st_nodemo
gnn_st_nodemo,post_covid,2,MALVINAS ARGENTINAS,2024-25,0.5,IT50,19.75908456675979,13,,,,,,2024-11-17,2024-11-03,-2.0,9.125284194946287,7.546048164367676,-1.5792360305786115,gnn_st_nodemo
gnn_st_nodemo,post_covid,2,MALVINAS ARGENTINAS,2024-25,0.9,IT90,75.76432319476002,13,,,,,,2024-11-17,2024-11-03,-2.0,9.125284194946287,7.546048164367676,-1.5792360305786115,gnn_st_nodemo
gnn_st_nodemo,post_covid,2,MALVINAS ARGENTINAS,2024-25,0.98,IT98,178.99536057166898,13,,,,,,2024-11-17,2024-11-03,-2.0,9.125284194946287,7.546048164367676,-1.5792360305786115,gnn_st_nodemo
gnn_st_nodemo,post_covid,2,MALVINAS ARGENTINAS,2025-26,0.5,IT50,19.75908456675979,40,2025-04-27,2025-05-11,2.0,-2.0,2025-05-11,2025-06-08,2025-06-22,2.0,137.44960021972656,107.95944213867188,-29.490158081054688,gnn_st_nodemo
gnn_st_nodemo,post_covid,2,MALVINAS ARGENTINAS,2025-26,0.9,IT90,75.76432319476002,40,2025-04-27,2025-05-25,4.0,-4.0,2025-05-25,2025-06-08,2025-06-22,2.0,137.44960021972656,107.95944213867188,-29.490158081054688,gnn_st_nodemo
gnn_st_nodemo,post_covid,2,MALVINAS ARGENTINAS,2025-26,0.98,IT98,178.99536057166898,40,,,,,,2025-06-08,2025-06-22,2.0,137.44960021972656,107.95944213867188,-29.490158081054688,gnn_st_nodemo
gnn_st_nodemo,post_covid,2,MERLO,2024-25,0.5,IT50,93.32449393075508,13,,,,,,2024-12-15,2024-12-29,2.0,23.86323356628418,18.002283096313477,-5.860950469970703,gnn_st_nodemo
gnn_st_nodemo,post_covid,2,MERLO,2024-25,0.9,IT90,164.5170716895135,13,,,,,,2024-12-15,2024-12-29,2.0,23.86323356628418,18.002283096313477,-5.860950469970703,gnn_st_nodemo
gnn_st_nodemo,post_covid,2,MERLO,2024-25,0.98,IT98,236.4333757518645,13,,,,,,2024-12-15,2024-12-29,2.0,23.86323356628418,18.002283096313477,-5.860950469970703,gnn_st_nodemo
gnn_st_nodemo,post_covid,2,MERLO,2025-26,0.5,IT50,93.32449393075508,40,,,,,,2025-06-15,2025-06-29,2.0,60.0872802734375,61.34629440307617,1.2590141296386719,gnn_st_nodemo
gnn_st_nodemo,post_covid,2,MERLO,2025-26,0.9,IT90,164.5170716895135,40,,,,,,2025-06-15,2025-06-29,2.0,60.0872802734375,61.34629440307617,1.2590141296386719,gnn_st_nodemo
gnn_st_nodemo,post_covid,2,MERLO,2025-26,0.98,IT98,236.4333757518645,40,,,,,,2025-06-15,2025-06-29,2.0,60.0872802734375,61.34629440307617,1.2590141296386719,gnn_st_nodemo
gnn_st_nodemo,post_covid,2,MORENO,2024-25,0.5,IT50,101.79720605127496,13,,,,,,2024-11-24,2024-12-08,2.0,51.15914535522461,41.058013916015625,-10.101131439208984,gnn_st_nodemo
gnn_st_nodemo,post_covid,2,MORENO,2024-25,0.9,IT90,214.46725243408844,13,,,,,,2024-11-24,2024-12-08,2.0,51.15914535522461,41.058013916015625,-10.101131439208984,gnn_st_nodemo
gnn_st_nodemo,post_covid,2,MORENO,2024-25,0.98,IT98,345.44262322711484,13,,,,,,2024-11-24,2024-12-08,2.0,51.15914535522461,41.058013916015625,-10.101131439208984,gnn_st_nodemo
gnn_st_nodemo,post_covid,2,MORENO,2025-26,0.5,IT50,101.79720605127496,40,2025-05-25,2025-05-04,-3.0,3.0,2025-05-04,2025-07-13,2025-07-27,2.0,197.0060577392578,148.9689483642578,-48.037109375,gnn_st_nodemo
gnn_st_nodemo,post_covid,2,MORENO,2025-26,0.9,IT90,214.46725243408844,40,,,,,,2025-07-13,2025-07-27,2.0,197.0060577392578,148.9689483642578,-48.037109375,gnn_st_nodemo
gnn_st_nodemo,post_covid,2,MORENO,2025-26,0.98,IT98,345.44262322711484,40,,,,,,2025-07-13,2025-07-27,2.0,197.0060577392578,148.9689483642578,-48.037109375,gnn_st_nodemo
gnn_st_nodemo,post_covid,2,MORÓN,2024-25,0.5,IT50,28.847000469649124,13,,,,,,2024-11-03,2024-11-17,2.0,24.45777702331543,20.283737182617188,-4.174039840698242,gnn_st_nodemo
gnn_st_nodemo,post_covid,2,MORÓN,2024-25,0.9,IT90,57.29975452086349,13,,,,,,2024-11-03,2024-11-17,2.0,24.45777702331543,20.283737182617188,-4.174039840698242,gnn_st_nodemo
gnn_st_nodemo,post_covid,2,MORÓN,2024-25,0.98,IT98,88.88106833465432,13,,,,,,2024-11-03,2024-11-17,2.0,24.45777702331543,20.283737182617188,-4.174039840698242,gnn_st_nodemo
gnn_st_nodemo,post_covid,2,MORÓN,2025-26,0.5,IT50,28.847000469649124,40,2025-05-25,2025-05-25,0.0,0.0,2025-05-25,2025-06-08,2025-06-22,2.0,54.04866790771485,43.42007827758789,-10.62858963012696,gnn_st_nodemo
gnn_st_nodemo,post_covid,2,MORÓN,2025-26,0.9,IT90,57.29975452086349,40,,,,,,2025-06-08,2025-06-22,2.0,54.04866790771485,43.42007827758789,-10.62858963012696,gnn_st_nodemo
gnn_st_nodemo,post_covid,2,MORÓN,2025-26,0.98,IT98,88.88106833465432,40,,,,,,2025-06-08,2025-06-22,2.0,54.04866790771485,43.42007827758789,-10.62858963012696,gnn_st_nodemo
gnn_st_nodemo,post_covid,2,QUILMES,2024-25,0.5,IT50,46.34689792435932,13,,,,,,2024-11-24,2024-12-08,2.0,14.99863338470459,14.344399452209473,-0.6542339324951172,gnn_st_nodemo
gnn_st_nodemo,post_covid,2,QUILMES,2024-25,0.9,IT90,80.98262048145082,13,,,,,,2024-11-24,2024-12-08,2.0,14.99863338470459,14.344399452209473,-0.6542339324951172,gnn_st_nodemo
gnn_st_nodemo,post_covid,2,QUILMES,2024-25,0.98,IT98,115.72591322033615,13,,,,,,2024-11-24,2024-12-08,2.0,14.99863338470459,14.344399452209473,-0.6542339324951172,gnn_st_nodemo
gnn_st_nodemo,post_covid,2,QUILMES,2025-26,0.5,IT50,46.34689792435932,40,,,,,,2025-06-08,2025-06-08,0.0,39.62797164916992,39.13621520996094,-0.4917564392089844,gnn_st_nodemo
gnn_st_nodemo,post_covid,2,QUILMES,2025-26,0.9,IT90,80.98262048145082,40,,,,,,2025-06-08,2025-06-08,0.0,39.62797164916992,39.13621520996094,-0.4917564392089844,gnn_st_nodemo
gnn_st_nodemo,post_covid,2,QUILMES,2025-26,0.98,IT98,115.72591322033615,40,,,,,,2025-06-08,2025-06-08,0.0,39.62797164916992,39.13621520996094,-0.4917564392089844,gnn_st_nodemo
gnn_st_nodemo,post_covid,2,SAN ISIDRO,2024-25,0.5,IT50,31.02709117627285,13,,,,,,2024-12-15,2024-12-29,2.0,9.082284927368164,8.750869750976562,-0.33141517639160156,gnn_st_nodemo
gnn_st_nodemo,post_covid,2,SAN ISIDRO,2024-25,0.9,IT90,61.06994953059092,13,,,,,,2024-12-15,2024-12-29,2.0,9.082284927368164,8.750869750976562,-0.33141517639160156,gnn_st_nodemo
gnn_st_nodemo,post_covid,2,SAN ISIDRO,2024-25,0.98,IT98,94.17754601713678,13,,,,,,2024-12-15,2024-12-29,2.0,9.082284927368164,8.750869750976562,-0.33141517639160156,gnn_st_nodemo
gnn_st_nodemo,post_covid,2,SAN ISIDRO,2025-26,0.5,IT50,31.02709117627285,37,,,,,,2025-03-30,2025-04-13,2.0,29.937904357910156,27.697864532470703,-2.240039825439453,gnn_st_nodemo
gnn_st_nodemo,post_covid,2,SAN ISIDRO,2025-26,0.9,IT90,61.06994953059092,37,,,,,,2025-03-30,2025-04-13,2.0,29.937904357910156,27.697864532470703,-2.240039825439453,gnn_st_nodemo
gnn_st_nodemo,post_covid,2,SAN ISIDRO,2025-26,0.98,IT98,94.17754601713678,37,,,,,,2025-03-30,2025-04-13,2.0,29.937904357910156,27.697864532470703,-2.240039825439453,gnn_st_nodemo
gnn_st_nodemo,post_covid,2,SAN MIGUEL,2024-25,0.5,IT50,41.72536470891113,13,,,,,,2024-11-10,2024-11-03,-1.0,21.895479202270508,25.08971405029297,3.194234848022461,gnn_st_nodemo
gnn_st_nodemo,post_covid,2,SAN MIGUEL,2024-25,0.9,IT90,54.8832873966512,13,,,,,,2024-11-10,2024-11-03,-1.0,21.895479202270508,25.08971405029297,3.194234848022461,gnn_st_nodemo
gnn_st_nodemo,post_covid,2,SAN MIGUEL,2024-25,0.98,IT98,65.40139686030513,13,,,,,,2024-11-10,2024-11-03,-1.0,21.895479202270508,25.08971405029297,3.194234848022461,gnn_st_nodemo
gnn_st_nodemo,post_covid,2,SAN MIGUEL,2025-26,0.5,IT50,41.72536470891113,40,2025-05-18,2025-06-01,2.0,-2.0,2025-06-01,2025-07-27,2025-08-10,2.0,93.35989379882812,74.95028686523438,-18.40960693359375,gnn_st_nodemo
gnn_st_nodemo,post_covid,2,SAN MIGUEL,2025-26,0.9,IT90,54.8832873966512,40,2025-07-20,2025-08-10,3.0,-3.0,2025-08-10,2025-07-27,2025-08-10,2.0,93.35989379882812,74.95028686523438,-18.40960693359375,gnn_st_nodemo
gnn_st_nodemo,post_covid,2,SAN MIGUEL,2025-26,0.98,IT98,65.40139686030513,40,2025-07-27,2025-08-10,2.0,-2.0,2025-08-10,2025-07-27,2025-08-10,2.0,93.35989379882812,74.95028686523438,-18.40960693359375,gnn_st_nodemo
gnn_st_nodemo,post_covid,2,TIGRE,2024-25,0.5,IT50,22.292181427607932,13,,,,,,2024-11-17,2024-11-03,-2.0,3.579826831817627,4.307391166687012,0.7275643348693848,gnn_st_nodemo
gnn_st_nodemo,post_covid,2,TIGRE,2024-25,0.9,IT90,51.59902428823632,13,,,,,,2024-11-17,2024-11-03,-2.0,3.579826831817627,4.307391166687012,0.7275643348693848,gnn_st_nodemo
gnn_st_nodemo,post_covid,2,TIGRE,2024-25,0.98,IT98,88.26651373174553,13,,,,,,2024-11-17,2024-11-03,-2.0,3.579826831817627,4.307391166687012,0.7275643348693848,gnn_st_nodemo
gnn_st_nodemo,post_covid,2,TIGRE,2025-26,0.5,IT50,22.292181427607932,40,2025-07-06,2025-07-27,3.0,-3.0,2025-07-27,2025-07-13,2025-07-27,2.0,40.72053527832031,30.722814559936523,-9.997720718383789,gnn_st_nodemo
gnn_st_nodemo,post_covid,2,TIGRE,2025-26,0.9,IT90,51.59902428823632,40,,,,,,2025-07-13,2025-07-27,2.0,40.72053527832031,30.722814559936523,-9.997720718383789,gnn_st_nodemo
gnn_st_nodemo,post_covid,2,TIGRE,2025-26,0.98,IT98,88.26651373174553,40,,,,,,2025-07-13,2025-07-27,2.0,40.72053527832031,30.722814559936523,-9.997720718383789,gnn_st_nodemo
gnn_st_nodemo,post_covid,2,TRES DE FEBRERO,2024-25,0.5,IT50,92.40050209783404,13,,,,,,2024-11-10,2024-11-10,0.0,49.97583770751953,50.490596771240234,0.5147590637207031,gnn_st_nodemo
gnn_st_nodemo,post_covid,2,TRES DE FEBRERO,2024-25,0.9,IT90,150.5622822202344,13,,,,,,2024-11-10,2024-11-10,0.0,49.97583770751953,50.490596771240234,0.5147590637207031,gnn_st_nodemo
gnn_st_nodemo,post_covid,2,TRES DE FEBRERO,2024-25,0.98,IT98,205.7567466717726,13,,,,,,2024-11-10,2024-11-10,0.0,49.97583770751953,50.490596771240234,0.5147590637207031,gnn_st_nodemo
gnn_st_nodemo,post_covid,2,TRES DE FEBRERO,2025-26,0.5,IT50,92.40050209783404,40,2025-06-01,2025-06-15,2.0,-2.0,2025-06-15,2025-06-01,2025-06-15,2.0,114.50506591796876,99.14466857910156,-15.360397338867202,gnn_st_nodemo
gnn_st_nodemo,post_covid,2,TRES DE FEBRERO,2025-26,0.9,IT90,150.5622822202344,40,,,,,,2025-06-01,2025-06-15,2.0,114.50506591796876,99.14466857910156,-15.360397338867202,gnn_st_nodemo
gnn_st_nodemo,post_covid,2,TRES DE FEBRERO,2025-26,0.98,IT98,205.7567466717726,40,,,,,,2025-06-01,2025-06-15,2.0,114.50506591796876,99.14466857910156,-15.360397338867202,gnn_st_nodemo
gnn_st_nodemo,post_covid,2,VICENTE LÓPEZ,2024-25,0.5,IT50,105.82113989675452,13,,,,,,2024-11-10,2024-11-24,2.0,15.23310089111328,15.972020149230955,0.7389192581176758,gnn_st_nodemo
gnn_st_nodemo,post_covid,2,VICENTE LÓPEZ,2024-25,0.9,IT90,168.616011392644,13,,,,,,2024-11-10,2024-11-24,2.0,15.23310089111328,15.972020149230955,0.7389192581176758,gnn_st_nodemo
gnn_st_nodemo,post_covid,2,VICENTE LÓPEZ,2024-25,0.98,IT98,227.1548194913809,13,,,,,,2024-11-10,2024-11-24,2.0,15.23310089111328,15.972020149230955,0.7389192581176758,gnn_st_nodemo
gnn_st_nodemo,post_covid,2,VICENTE LÓPEZ,2025-26,0.5,IT50,105.82113989675452,40,2025-05-25,2025-06-08,2.0,-2.0,2025-06-08,2025-05-25,2025-06-08,2.0,114.77964782714844,113.8572769165039,-0.9223709106445312,gnn_st_nodemo
gnn_st_nodemo,post_covid,2,VICENTE LÓPEZ,2025-26,0.9,IT90,168.616011392644,40,,,,,,2025-05-25,2025-06-08,2.0,114.77964782714844,113.8572769165039,-0.9223709106445312,gnn_st_nodemo
gnn_st_nodemo,post_covid,2,VICENTE LÓPEZ,2025-26,0.98,IT98,227.1548194913809,40,,,,,,2025-05-25,2025-06-08,2.0,114.77964782714844,113.8572769165039,-0.9223709106445312,gnn_st_nodemo
gnn_st_nodemo,post_covid,2,CITYWIDE,2024-25,0.5,IT50,77.06642887231719,13,,,,,,2024-11-10,2024-11-03,-1.0,33.767825954838806,33.181832344908464,-0.5859936099303411,gnn_st_nodemo
gnn_st_nodemo,post_covid,2,CITYWIDE,2024-25,0.9,IT90,97.46007981062509,13,,,,,,2024-11-10,2024-11-03,-1.0,33.767825954838806,33.181832344908464,-0.5859936099303411,gnn_st_nodemo
gnn_st_nodemo,post_covid,2,CITYWIDE,2024-25,0.98,IT98,113.25281678189309,13,,,,,,2024-11-10,2024-11-03,-1.0,33.767825954838806,33.181832344908464,-0.5859936099303411,gnn_st_nodemo
gnn_st_nodemo,post_covid,2,CITYWIDE,2025-26,0.5,IT50,77.06642887231719,40,2025-05-18,2025-05-25,1.0,-1.0,2025-05-25,2025-06-08,2025-06-22,2.0,119.66687754580849,104.3662955259022,-15.300582019906287,gnn_st_nodemo
gnn_st_nodemo,post_covid,2,CITYWIDE,2025-26,0.9,IT90,97.46007981062509,40,2025-05-25,2025-06-08,2.0,-2.0,2025-06-08,2025-06-08,2025-06-22,2.0,119.66687754580849,104.3662955259022,-15.300582019906287,gnn_st_nodemo
gnn_st_nodemo,post_covid,2,CITYWIDE,2025-26,0.98,IT98,113.25281678189309,40,2025-06-08,,,,,2025-06-08,2025-06-22,2.0,119.66687754580849,104.3662955259022,-15.300582019906287,gnn_st_nodemo
lstm,post_covid,2,ALMIRANTE BROWN,2024-25,0.5,IT50,45.51198712694632,13,,,,,,2024-12-01,2024-11-03,-4.0,20.860869966673903,24.821044921875,3.960174955201097,lstm
lstm,post_covid,2,ALMIRANTE BROWN,2024-25,0.9,IT90,59.3327355509796,13,,,,,,2024-12-01,2024-11-03,-4.0,20.860869966673903,24.821044921875,3.960174955201097,lstm
lstm,post_covid,2,ALMIRANTE BROWN,2024-25,0.98,IT98,70.30154029606965,13,,,,,,2024-12-01,2024-11-03,-4.0,20.860869966673903,24.821044921875,3.960174955201097,lstm
lstm,post_covid,2,ALMIRANTE BROWN,2025-26,0.5,IT50,45.51198712694632,40,,,,,,2025-06-08,2025-06-22,2.0,41.550749195916055,45.0815544128418,3.5308052169257422,lstm
lstm,post_covid,2,ALMIRANTE BROWN,2025-26,0.9,IT90,59.3327355509796,40,,,,,,2025-06-08,2025-06-22,2.0,41.550749195916055,45.0815544128418,3.5308052169257422,lstm
lstm,post_covid,2,ALMIRANTE BROWN,2025-26,0.98,IT98,70.30154029606965,40,,,,,,2025-06-08,2025-06-22,2.0,41.550749195916055,45.0815544128418,3.5308052169257422,lstm
lstm,post_covid,2,AVELLANEDA,2024-25,0.5,IT50,245.84106655843968,13,,,,,,2024-11-24,2024-11-03,-3.0,130.04891798211963,147.6526641845703,17.60374620245068,lstm
lstm,post_covid,2,AVELLANEDA,2024-25,0.9,IT90,374.7741671132419,13,,,,,,2024-11-24,2024-11-03,-3.0,130.04891798211963,147.6526641845703,17.60374620245068,lstm
lstm,post_covid,2,AVELLANEDA,2024-25,0.98,IT98,490.7992503428019,13,,,,,,2024-11-24,2024-11-03,-3.0,130.04891798211963,147.6526641845703,17.60374620245068,lstm
lstm,post_covid,2,AVELLANEDA,2025-26,0.5,IT50,245.84106655843968,40,2025-05-25,2025-06-15,3.0,-3.0,2025-06-15,2025-06-01,2025-06-15,2.0,323.7619506249422,256.2583312988281,-67.50361932611406,lstm
lstm,post_covid,2,AVELLANEDA,2025-26,0.9,IT90,374.7741671132419,40,,,,,,2025-06-01,2025-06-15,2.0,323.7619506249422,256.2583312988281,-67.50361932611406,lstm
lstm,post_covid,2,AVELLANEDA,2025-26,0.98,IT98,490.7992503428019,40,,,,,,2025-06-01,2025-06-15,2.0,323.7619506249422,256.2583312988281,-67.50361932611406,lstm
lstm,post_covid,2,EZEIZA,2024-25,0.5,IT50,139.80229436412165,13,,,,,,2024-11-03,2024-11-03,0.0,44.6625742515297,78.25056457519531,33.587990323665615,lstm
lstm,post_covid,2,EZEIZA,2024-25,0.9,IT90,180.23131160603506,13,,,,,,2024-11-03,2024-11-03,0.0,44.6625742515297,78.25056457519531,33.587990323665615,lstm
lstm,post_covid,2,EZEIZA,2024-25,0.98,IT98,212.02965427114694,13,,,,,,2024-11-03,2024-11-03,0.0,44.6625742515297,78.25056457519531,33.587990323665615,lstm
lstm,post_covid,2,EZEIZA,2025-26,0.5,IT50,139.80229436412165,40,2025-05-25,,,,,2025-06-08,2025-04-13,-8.0,186.09405938137377,111.14637756347656,-74.9476818178972,lstm
lstm,post_covid,2,EZEIZA,2025-26,0.9,IT90,180.23131160603506,40,2025-06-08,,,,,2025-06-08,2025-04-13,-8.0,186.09405938137377,111.14637756347656,-74.9476818178972,lstm
lstm,post_covid,2,EZEIZA,2025-26,0.98,IT98,212.02965427114694,40,,,,,,2025-06-08,2025-04-13,-8.0,186.09405938137377,111.14637756347656,-74.9476818178972,lstm
lstm,post_covid,2,FLORENCIO VARELA,2024-25,0.5,IT50,92.52865090835965,13,,,,,,2024-11-10,2024-11-03,-1.0,47.539144255116,42.251338958740234,-5.287805296375765,lstm
lstm,post_covid,2,FLORENCIO VARELA,2024-25,0.9,IT90,129.20404508235538,13,,,,,,2024-11-10,2024-11-03,-1.0,47.539144255116,42.251338958740234,-5.287805296375765,lstm
lstm,post_covid,2,FLORENCIO VARELA,2024-25,0.98,IT98,159.96645580277627,13,,,,,,2024-11-10,2024-11-03,-1.0,47.539144255116,42.251338958740234,-5.287805296375765,lstm
lstm,post_covid,2,FLORENCIO VARELA,2025-26,0.5,IT50,92.52865090835965,40,2025-05-25,,,,,2025-06-08,2025-06-15,1.0,146.4447367519887,79.29847717285156,-67.14625957913714,lstm
lstm,post_covid,2,FLORENCIO VARELA,2025-26,0.9,IT90,129.20404508235538,40,2025-06-08,,,,,2025-06-08,2025-06-15,1.0,146.4447367519887,79.29847717285156,-67.14625957913714,lstm
lstm,post_covid,2,FLORENCIO VARELA,2025-26,0.98,IT98,159.96645580277627,40,,,,,,2025-06-08,2025-06-15,1.0,146.4447367519887,79.29847717285156,-67.14625957913714,lstm
lstm,post_covid,2,GENERAL SAN MARTÍN,2024-25,0.5,IT50,77.94711365203958,13,,,,,,2024-11-17,2024-11-03,-2.0,38.622208213656286,43.84782791137695,5.225619697720667,lstm
lstm,post_covid,2,GENERAL SAN MARTÍN,2024-25,0.9,IT90,119.50868958439348,13,,,,,,2024-11-17,2024-11-03,-2.0,38.622208213656286,43.84782791137695,5.225619697720667,lstm
lstm,post_covid,2,GENERAL SAN MARTÍN,2024-25,0.98,IT98,157.08069982681235,13,,,,,,2024-11-17,2024-11-03,-2.0,38.622208213656286,43.84782791137695,5.225619697720667,lstm
lstm,post_covid,2,GENERAL SAN MARTÍN,2025-26,0.5,IT50,77.94711365203958,40,2025-05-18,,,,,2025-06-01,2025-06-15,2.0,98.99715438672816,73.52008819580078,-25.477066190927374,lstm
lstm,post_covid,2,GENERAL SAN MARTÍN,2025-26,0.9,IT90,119.50868958439348,40,,,,,,2025-06-01,2025-06-15,2.0,98.99715438672816,73.52008819580078,-25.477066190927374,lstm
lstm,post_covid,2,GENERAL SAN MARTÍN,2025-26,0.98,IT98,157.08069982681235,40,,,,,,2025-06-01,2025-06-15,2.0,98.99715438672816,73.52008819580078,-25.477066190927374,lstm
lstm,post_covid,2,JOSÉ C. PAZ,2024-25,0.5,IT50,222.17859568980776,13,,,,,,2024-11-03,2024-11-03,0.0,178.59764153251456,39.90557861328125,-138.6920629192333,lstm
lstm,post_covid,2,JOSÉ C. PAZ,2024-25,0.9,IT90,355.8888420506266,13,,,,,,2024-11-03,2024-11-03,0.0,178.59764153251456,39.90557861328125,-138.6920629192333,lstm
lstm,post_covid,2,JOSÉ C. PAZ,2024-25,0.98,IT98,481.06046989083103,13,,,,,,2024-11-03,2024-11-03,0.0,178.59764153251456,39.90557861328125,-138.6920629192333,lstm
lstm,post_covid,2,JOSÉ C. PAZ,2025-26,0.5,IT50,222.17859568980776,40,2025-03-16,,,,,2025-05-25,2025-08-24,13.0,740.690903752997,92.69061279296876,-648.0002909600282,lstm
lstm,post_covid,2,JOSÉ C. PAZ,2025-26,0.9,IT90,355.8888420506266,40,2025-05-04,,,,,2025-05-25,2025-08-24,13.0,740.690903752997,92.69061279296876,-648.0002909600282,lstm
lstm,post_covid,2,JOSÉ C. PAZ,2025-26,0.98,IT98,481.06046989083103,40,2025-05-25,,,,,2025-05-25,2025-08-24,13.0,740.690903752997,92.69061279296876,-648.0002909600282,lstm
lstm,post_covid,2,LA MATANZA,2024-25,0.5,IT50,24.512107570850826,13,,,,,,2024-11-10,2024-11-03,-1.0,16.401927606670913,10.9051513671875,-5.496776239483413,lstm
lstm,post_covid,2,LA MATANZA,2024-25,0.9,IT90,49.0533041651205,13,,,,,,2024-11-10,2024-11-03,-1.0,16.401927606670913,10.9051513671875,-5.496776239483413,lstm
lstm,post_covid,2,LA MATANZA,2024-25,0.98,IT98,76.45298521130762,13,,,,,,2024-11-10,2024-11-03,-1.0,16.401927606670913,10.9051513671875,-5.496776239483413,lstm
lstm,post_covid,2,LA MATANZA,2025-26,0.5,IT50,24.512107570850826,40,2025-03-16,2025-06-15,13.0,-13.0,2025-06-15,2025-06-01,2025-06-22,3.0,53.170487175267624,25.32160186767578,-27.848885307591843,lstm
lstm,post_covid,2,LA MATANZA,2025-26,0.9,IT90,49.0533041651205,40,2025-06-01,,,,,2025-06-01,2025-06-22,3.0,53.170487175267624,25.32160186767578,-27.848885307591843,lstm
lstm,post_covid,2,LA MATANZA,2025-26,0.98,IT98,76.45298521130762,40,,,,,,2025-06-01,2025-06-22,3.0,53.170487175267624,25.32160186767578,-27.848885307591843,lstm
lstm,post_covid,2,LANÚS,2024-25,0.5,IT50,132.6029855198303,13,,,,,,2024-11-03,2024-11-03,0.0,51.81380848835923,75.39366912841797,23.57986064005874,lstm
lstm,post_covid,2,LANÚS,2024-25,0.9,IT90,190.48996986250967,13,,,,,,2024-11-03,2024-11-03,0.0,51.81380848835923,75.39366912841797,23.57986064005874,lstm
lstm,post_covid,2,LANÚS,2024-25,0.98,IT98,240.1624128185746,13,,,,,,2024-11-03,2024-11-03,0.0,51.81380848835923,75.39366912841797,23.57986064005874,lstm
lstm,post_covid,2,LANÚS,2025-26,0.5,IT50,132.6029855198303,40,2025-05-25,,,,,2025-06-01,2025-04-13,-7.0,171.48419462046925,110.75462341308594,-60.729571207383316,lstm
lstm,post_covid,2,LANÚS,2025-26,0.9,IT90,190.48996986250967,40,,,,,,2025-06-01,2025-04-13,-7.0,171.48419462046925,110.75462341308594,-60.729571207383316,lstm
lstm,post_covid,2,LANÚS,2025-26,0.98,IT98,240.1624128185746,40,,,,,,2025-06-01,2025-04-13,-7.0,171.48419462046925,110.75462341308594,-60.729571207383316,lstm
lstm,post_covid,2,LOMAS DE ZAMORA,2024-25,0.5,IT50,8.281330480989212,10,,,,,,2024-11-10,2024-11-03,-1.0,1.448267871625536,4.015805721282959,2.5675378496574233,lstm
lstm,post_covid,2,LOMAS DE ZAMORA,2024-25,0.9,IT90,13.281987582112178,10,,,,,,2024-11-10,2024-11-03,-1.0,1.448267871625536,4.015805721282959,2.5675378496574233,lstm
lstm,post_covid,2,LOMAS DE ZAMORA,2024-25,0.98,IT98,17.968039817353144,10,,,,,,2024-11-10,2024-11-03,-1.0,1.448267871625536,4.015805721282959,2.5675378496574233,lstm
lstm,post_covid,2,LOMAS DE ZAMORA,2025-26,0.5,IT50,8.281330480989212,31,,,,,,2025-06-15,2025-04-13,-9.0,1.5930946587880896,5.951387405395508,4.358292746607418,lstm
lstm,post_covid,2,LOMAS DE ZAMORA,2025-26,0.9,IT90,13.281987582112178,31,,,,,,2025-06-15,2025-04-13,-9.0,1.5930946587880896,5.951387405395508,4.358292746607418,lstm
lstm,post_covid,2,LOMAS DE ZAMORA,2025-26,0.98,IT98,17.968039817353144,31,,,,,,2025-06-15,2025-04-13,-9.0,1.5930946587880896,5.951387405395508,4.358292746607418,lstm
lstm,post_covid,2,MALVINAS ARGENTINAS,2024-25,0.5,IT50,19.75908456675979,13,,,,,,2024-11-17,2024-11-03,-2.0,9.125284452226284,4.705382823944092,-4.419901628282192,lstm
lstm,post_covid,2,MALVINAS ARGENTINAS,2024-25,0.9,IT90,75.76432319476002,13,,,,,,2024-11-17,2024-11-03,-2.0,9.125284452226284,4.705382823944092,-4.419901628282192,lstm
lstm,post_covid,2,MALVINAS ARGENTINAS,2024-25,0.98,IT98,178.99536057166898,13,,,,,,2024-11-17,2024-11-03,-2.0,9.125284452226284,4.705382823944092,-4.419901628282192,lstm
lstm,post_covid,2,MALVINAS ARGENTINAS,2025-26,0.5,IT50,19.75908456675979,40,2025-04-27,,,,,2025-06-08,2025-08-03,8.0,137.4495970616584,11.60796356201172,-125.84163349964669,lstm
lstm,post_covid,2,MALVINAS ARGENTINAS,2025-26,0.9,IT90,75.76432319476002,40,2025-04-27,,,,,2025-06-08,2025-08-03,8.0,137.4495970616584,11.60796356201172,-125.84163349964669,lstm
lstm,post_covid,2,MALVINAS ARGENTINAS,2025-26,0.98,IT98,178.99536057166898,40,,,,,,2025-06-08,2025-08-03,8.0,137.4495970616584,11.60796356201172,-125.84163349964669,lstm
lstm,post_covid,2,MERLO,2024-25,0.5,IT50,93.32449393075508,13,,,,,,2024-12-15,2024-11-03,-6.0,23.86323448117208,30.21835708618164,6.355122605009562,lstm
lstm,post_covid,2,MERLO,2024-25,0.9,IT90,164.5170716895135,13,,,,,,2024-12-15,2024-11-03,-6.0,23.86323448117208,30.21835708618164,6.355122605009562,lstm
lstm,post_covid,2,MERLO,2024-25,0.98,IT98,236.4333757518645,13,,,,,,2024-12-15,2024-11-03,-6.0,23.86323448117208,30.21835708618164,6.355122605009562,lstm
lstm,post_covid,2,MERLO,2025-26,0.5,IT50,93.32449393075508,40,,,,,,2025-06-15,2025-07-27,6.0,60.087281067699486,48.83415222167969,-11.253128846019798,lstm
lstm,post_covid,2,MERLO,2025-26,0.9,IT90,164.5170716895135,40,,,,,,2025-06-15,2025-07-27,6.0,60.087281067699486,48.83415222167969,-11.253128846019798,lstm
lstm,post_covid,2,MERLO,2025-26,0.98,IT98,236.4333757518645,40,,,,,,2025-06-15,2025-07-27,6.0,60.087281067699486,48.83415222167969,-11.253128846019798,lstm
lstm,post_covid,2,MORENO,2024-25,0.5,IT50,101.79720605127496,13,,,,,,2024-11-24,2024-11-03,-3.0,51.15914482720349,69.14546966552734,17.986324838323853,lstm
lstm,post_covid,2,MORENO,2024-25,0.9,IT90,214.46725243408844,13,,,,,,2024-11-24,2024-11-03,-3.0,51.15914482720349,69.14546966552734,17.986324838323853,lstm
lstm,post_covid,2,MORENO,2024-25,0.98,IT98,345.44262322711484,13,,,,,,2024-11-24,2024-11-03,-3.0,51.15914482720349,69.14546966552734,17.986324838323853,lstm
lstm,post_covid,2,MORENO,2025-26,0.5,IT50,101.79720605127496,40,2025-05-25,2025-06-08,2.0,-2.0,2025-06-08,2025-07-13,2025-06-22,-3.0,197.0060627922141,123.45570373535156,-73.55035905686253,lstm
lstm,post_covid,2,MORENO,2025-26,0.9,IT90,214.46725243408844,40,,,,,,2025-07-13,2025-06-22,-3.0,197.0060627922141,123.45570373535156,-73.55035905686253,lstm
lstm,post_covid,2,MORENO,2025-26,0.98,IT98,345.44262322711484,40,,,,,,2025-07-13,2025-06-22,-3.0,197.0060627922141,123.45570373535156,-73.55035905686253,lstm
lstm,post_covid,2,MORÓN,2024-25,0.5,IT50,28.847000469649124,13,,,,,,2024-11-03,2024-11-03,0.0,24.45777712020243,17.224525451660156,-7.233251668542273,lstm
lstm,post_covid,2,MORÓN,2024-25,0.9,IT90,57.29975452086349,13,,,,,,2024-11-03,2024-11-03,0.0,24.45777712020243,17.224525451660156,-7.233251668542273,lstm
lstm,post_covid,2,MORÓN,2024-25,0.98,IT98,88.88106833465432,13,,,,,,2024-11-03,2024-11-03,0.0,24.45777712020243,17.224525451660156,-7.233251668542273,lstm
lstm,post_covid,2,MORÓN,2025-26,0.5,IT50,28.847000469649124,40,2025-05-25,2025-05-18,-1.0,1.0,2025-05-18,2025-06-08,2025-06-22,2.0,54.04866795699054,38.38632583618164,-15.662342120808901,lstm
lstm,post_covid,2,MORÓN,2025-26,0.9,IT90,57.29975452086349,40,,,,,,2025-06-08,2025-06-22,2.0,54.04866795699054,38.38632583618164,-15.662342120808901,lstm
lstm,post_covid,2,MORÓN,2025-26,0.98,IT98,88.88106833465432,40,,,,,,2025-06-08,2025-06-22,2.0,54.04866795699054,38.38632583618164,-15.662342120808901,lstm
lstm,post_covid,2,QUILMES,2024-25,0.5,IT50,46.34689792435932,13,,,,,,2024-11-24,2024-11-03,-3.0,14.99863433487372,22.586284637451172,7.587650302577451,lstm
lstm,post_covid,2,QUILMES,2024-25,0.9,IT90,80.98262048145082,13,,,,,,2024-11-24,2024-11-03,-3.0,14.99863433487372,22.586284637451172,7.587650302577451,lstm
lstm,post_covid,2,QUILMES,2024-25,0.98,IT98,115.72591322033615,13,,,,,,2024-11-24,2024-11-03,-3.0,14.99863433487372,22.586284637451172,7.587650302577451,lstm
lstm,post_covid,2,QUILMES,2025-26,0.5,IT50,46.34689792435932,40,,,,,,2025-06-08,2025-04-13,-8.0,39.62797071635056,31.39906311035156,-8.228907605999002,lstm
lstm,post_covid,2,QUILMES,2025-26,0.9,IT90,80.98262048145082,40,,,,,,2025-06-08,2025-04-13,-8.0,39.62797071635056,31.39906311035156,-8.228907605999002,lstm
lstm,post_covid,2,QUILMES,2025-26,0.98,IT98,115.72591322033615,40,,,,,,2025-06-08,2025-04-13,-8.0,39.62797071635056,31.39906311035156,-8.228907605999002,lstm
lstm,post_covid,2,SAN ISIDRO,2024-25,0.5,IT50,31.02709117627285,13,,,,,,2024-12-15,2025-01-26,6.0,9.082285506690615,17.031389236450195,7.94910372975958,lstm
lstm,post_covid,2,SAN ISIDRO,2024-25,0.9,IT90,61.06994953059092,13,,,,,,2024-12-15,2025-01-26,6.0,9.082285506690615,17.031389236450195,7.94910372975958,lstm
lstm,post_covid,2,SAN ISIDRO,2024-25,0.98,IT98,94.17754601713678,13,,,,,,2024-12-15,2025-01-26,6.0,9.082285506690615,17.031389236450195,7.94910372975958,lstm
lstm,post_covid,2,SAN ISIDRO,2025-26,0.5,IT50,31.02709117627285,37,,,,,,2025-03-30,2025-04-06,1.0,29.93790407760981,29.08283233642578,-0.8550717411840303,lstm
lstm,post_covid,2,SAN ISIDRO,2025-26,0.9,IT90,61.06994953059092,37,,,,,,2025-03-30,2025-04-06,1.0,29.93790407760981,29.08283233642578,-0.8550717411840303,lstm
lstm,post_covid,2,SAN ISIDRO,2025-26,0.98,IT98,94.17754601713678,37,,,,,,2025-03-30,2025-04-06,1.0,29.93790407760981,29.08283233642578,-0.8550717411840303,lstm
lstm,post_covid,2,SAN MIGUEL,2024-25,0.5,IT50,41.72536470891113,13,,,,,,2024-11-10,2024-11-03,-1.0,21.89547949579576,28.187761306762695,6.292281810966934,lstm
lstm,post_covid,2,SAN MIGUEL,2024-25,0.9,IT90,54.8832873966512,13,,,,,,2024-11-10,2024-11-03,-1.0,21.89547949579576,28.187761306762695,6.292281810966934,lstm
lstm,post_covid,2,SAN MIGUEL,2024-25,0.98,IT98,65.40139686030513,13,,,,,,2024-11-10,2024-11-03,-1.0,21.89547949579576,28.187761306762695,6.292281810966934,lstm
lstm,post_covid,2,SAN MIGUEL,2025-26,0.5,IT50,41.72536470891113,40,2025-05-18,2025-06-15,4.0,-4.0,2025-06-15,2025-07-27,2025-06-22,-5.0,93.35989173901804,44.41864776611328,-48.94124397290476,lstm
lstm,post_covid,2,SAN MIGUEL,2025-26,0.9,IT90,54.8832873966512,40,2025-07-20,,,,,2025-07-27,2025-06-22,-5.0,93.35989173901804,44.41864776611328,-48.94124397290476,lstm
lstm,post_covid,2,SAN MIGUEL,2025-26,0.98,IT98,65.40139686030513,40,2025-07-27,,,,,2025-07-27,2025-06-22,-5.0,93.35989173901804,44.41864776611328,-48.94124397290476,lstm
lstm,post_covid,2,TIGRE,2024-25,0.5,IT50,22.292181427607932,13,,,,,,2024-11-17,2024-11-03,-2.0,3.579826781131628,9.277724266052246,5.6978974849206185,lstm
lstm,post_covid,2,TIGRE,2024-25,0.9,IT90,51.59902428823632,13,,,,,,2024-11-17,2024-11-03,-2.0,3.579826781131628,9.277724266052246,5.6978974849206185,lstm
lstm,post_covid,2,TIGRE,2024-25,0.98,IT98,88.26651373174553,13,,,,,,2024-11-17,2024-11-03,-2.0,3.579826781131628,9.277724266052246,5.6978974849206185,lstm
lstm,post_covid,2,TIGRE,2025-26,0.5,IT50,22.292181427607932,40,2025-07-06,,,,,2025-07-13,2025-04-13,-13.0,40.72052963537227,16.272926330566406,-24.447603304805867,lstm
lstm,post_covid,2,TIGRE,2025-26,0.9,IT90,51.59902428823632,40,,,,,,2025-07-13,2025-04-13,-13.0,40.72052963537227,16.272926330566406,-24.447603304805867,lstm
lstm,post_covid,2,TIGRE,2025-26,0.98,IT98,88.26651373174553,40,,,,,,2025-07-13,2025-04-13,-13.0,40.72052963537227,16.272926330566406,-24.447603304805867,lstm
lstm,post_covid,2,TRES DE FEBRERO,2024-25,0.5,IT50,92.40050209783404,13,,,,,,2024-11-10,2024-11-03,-1.0,49.97583585958438,45.63268280029297,-4.34315305929141,lstm
lstm,post_covid,2,TRES DE FEBRERO,2024-25,0.9,IT90,150.5622822202344,13,,,,,,2024-11-10,2024-11-03,-1.0,49.97583585958438,45.63268280029297,-4.34315305929141,lstm
lstm,post_covid,2,TRES DE FEBRERO,2024-25,0.98,IT98,205.7567466717726,13,,,,,,2024-11-10,2024-11-03,-1.0,49.97583585958438,45.63268280029297,-4.34315305929141,lstm
lstm,post_covid,2,TRES DE FEBRERO,2025-26,0.5,IT50,92.40050209783404,40,2025-06-01,,,,,2025-06-01,2025-06-15,2.0,114.50507446948728,72.73019409179688,-41.77488037769041,lstm
lstm,post_covid,2,TRES DE FEBRERO,2025-26,0.9,IT90,150.5622822202344,40,,,,,,2025-06-01,2025-06-15,2.0,114.50507446948728,72.73019409179688,-41.77488037769041,lstm
lstm,post_covid,2,TRES DE FEBRERO,2025-26,0.98,IT98,205.7567466717726,40,,,,,,2025-06-01,2025-06-15,2.0,114.50507446948728,72.73019409179688,-41.77488037769041,lstm
lstm,post_covid,2,VICENTE LÓPEZ,2024-25,0.5,IT50,105.82113989675452,13,,,,,,2024-11-10,2024-11-03,-1.0,15.233101884653536,56.648433685302734,41.4153318006492,lstm
lstm,post_covid,2,VICENTE LÓPEZ,2024-25,0.9,IT90,168.616011392644,13,,,,,,2024-11-10,2024-11-03,-1.0,15.233101884653536,56.648433685302734,41.4153318006492,lstm
lstm,post_covid,2,VICENTE LÓPEZ,2024-25,0.98,IT98,227.1548194913809,13,,,,,,2024-11-10,2024-11-03,-1.0,15.233101884653536,56.648433685302734,41.4153318006492,lstm
lstm,post_covid,2,VICENTE LÓPEZ,2025-26,0.5,IT50,105.82113989675452,40,2025-05-25,2025-06-15,3.0,-3.0,2025-06-15,2025-05-25,2025-06-15,3.0,114.77965140994756,111.7558135986328,-3.0238378113147633,lstm
lstm,post_covid,2,VICENTE LÓPEZ,2025-26,0.9,IT90,168.616011392644,40,,,,,,2025-05-25,2025-06-15,3.0,114.77965140994756,111.7558135986328,-3.0238378113147633,lstm
lstm,post_covid,2,VICENTE LÓPEZ,2025-26,0.98,IT98,227.1548194913809,40,,,,,,2025-05-25,2025-06-15,3.0,114.77965140994756,111.7558135986328,-3.0238378113147633,lstm
lstm,post_covid,2,CITYWIDE,2024-25,0.5,IT50,77.06642887231719,13,,,,,,2024-11-10,2024-11-03,-1.0,33.76782494046754,40.02403931868704,6.2562143782194966,lstm
lstm,post_covid,2,CITYWIDE,2024-25,0.9,IT90,97.46007981062509,13,,,,,,2024-11-10,2024-11-03,-1.0,33.76782494046754,40.02403931868704,6.2562143782194966,lstm
lstm,post_covid,2,CITYWIDE,2024-25,0.98,IT98,113.25281678189309,13,,,,,,2024-11-10,2024-11-03,-1.0,33.76782494046754,40.02403931868704,6.2562143782194966,lstm
lstm,post_covid,2,CITYWIDE,2025-26,0.5,IT50,77.06642887231719,40,2025-05-18,,,,,2025-06-08,2025-06-22,2.0,119.66687929898744,63.27887532585546,-56.38800397313198,lstm
lstm,post_covid,2,CITYWIDE,2025-26,0.9,IT90,97.46007981062509,40,2025-05-25,,,,,2025-06-08,2025-06-22,2.0,119.66687929898744,63.27887532585546,-56.38800397313198,lstm
lstm,post_covid,2,CITYWIDE,2025-26,0.98,IT98,113.25281678189309,40,2025-06-08,,,,,2025-06-08,2025-06-22,2.0,119.66687929898744,63.27887532585546,-56.38800397313198,lstm
persistence,post_covid,2,ALMIRANTE BROWN,2024-25,0.5,IT50,45.51198712694632,13,,,,,,2024-12-01,2024-11-03,-4.0,20.860869966673903,28.2134716762393,7.352601709565398,persistence
persistence,post_covid,2,ALMIRANTE BROWN,2024-25,0.9,IT90,59.3327355509796,13,,,,,,2024-12-01,2024-11-03,-4.0,20.860869966673903,28.2134716762393,7.352601709565398,persistence
persistence,post_covid,2,ALMIRANTE BROWN,2024-25,0.98,IT98,70.30154029606965,13,,,,,,2024-12-01,2024-11-03,-4.0,20.860869966673903,28.2134716762393,7.352601709565398,persistence
persistence,post_covid,2,ALMIRANTE BROWN,2025-26,0.5,IT50,45.51198712694632,40,,,,,,2025-06-08,2025-06-22,2.0,41.550749195916055,41.550749195916055,0.0,persistence
persistence,post_covid,2,ALMIRANTE BROWN,2025-26,0.9,IT90,59.3327355509796,40,,,,,,2025-06-08,2025-06-22,2.0,41.550749195916055,41.550749195916055,0.0,persistence
persistence,post_covid,2,ALMIRANTE BROWN,2025-26,0.98,IT98,70.30154029606965,40,,,,,,2025-06-08,2025-06-22,2.0,41.550749195916055,41.550749195916055,0.0,persistence
persistence,post_covid,2,AVELLANEDA,2024-25,0.5,IT50,245.84106655843968,13,,,,,,2024-11-24,2024-11-03,-3.0,130.04891798211963,169.49890356246974,39.4499855803501,persistence
persistence,post_covid,2,AVELLANEDA,2024-25,0.9,IT90,374.7741671132419,13,,,,,,2024-11-24,2024-11-03,-3.0,130.04891798211963,169.49890356246974,39.4499855803501,persistence
persistence,post_covid,2,AVELLANEDA,2024-25,0.98,IT98,490.7992503428019,13,,,,,,2024-11-24,2024-11-03,-3.0,130.04891798211963,169.49890356246974,39.4499855803501,persistence
persistence,post_covid,2,AVELLANEDA,2025-26,0.5,IT50,245.84106655843968,40,2025-05-25,2025-06-08,2.0,-2.0,2025-06-08,2025-06-01,2025-06-15,2.0,323.7619506249422,323.7619506249422,0.0,persistence
persistence,post_covid,2,AVELLANEDA,2025-26,0.9,IT90,374.7741671132419,40,,,,,,2025-06-01,2025-06-15,2.0,323.7619506249422,323.7619506249422,0.0,persistence
persistence,post_covid,2,AVELLANEDA,2025-26,0.98,IT98,490.7992503428019,40,,,,,,2025-06-01,2025-06-15,2.0,323.7619506249422,323.7619506249422,0.0,persistence
persistence,post_covid,2,EZEIZA,2024-25,0.5,IT50,139.80229436412165,13,,,,,,2024-11-03,2024-11-10,1.0,44.6625742515297,61.03885147709058,16.376277225560884,persistence
persistence,post_covid,2,EZEIZA,2024-25,0.9,IT90,180.23131160603506,13,,,,,,2024-11-03,2024-11-10,1.0,44.6625742515297,61.03885147709058,16.376277225560884,persistence
persistence,post_covid,2,EZEIZA,2024-25,0.98,IT98,212.02965427114694,13,,,,,,2024-11-03,2024-11-10,1.0,44.6625742515297,61.03885147709058,16.376277225560884,persistence
persistence,post_covid,2,EZEIZA,2025-26,0.5,IT50,139.80229436412165,40,2025-05-25,2025-06-08,2.0,-2.0,2025-06-08,2025-06-08,2025-06-22,2.0,186.09405938137377,186.09405938137377,0.0,persistence
persistence,post_covid,2,EZEIZA,2025-26,0.9,IT90,180.23131160603506,40,2025-06-08,2025-06-22,2.0,-2.0,2025-06-22,2025-06-08,2025-06-22,2.0,186.09405938137377,186.09405938137377,0.0,persistence
persistence,post_covid,2,EZEIZA,2025-26,0.98,IT98,212.02965427114694,40,,,,,,2025-06-08,2025-06-22,2.0,186.09405938137377,186.09405938137377,0.0,persistence
persistence,post_covid,2,FLORENCIO VARELA,2024-25,0.5,IT50,92.52865090835965,13,,,,,,2024-11-10,2024-11-24,2.0,47.539144255116,47.539144255116,0.0,persistence
persistence,post_covid,2,FLORENCIO VARELA,2024-25,0.9,IT90,129.20404508235538,13,,,,,,2024-11-10,2024-11-24,2.0,47.539144255116,47.539144255116,0.0,persistence
persistence,post_covid,2,FLORENCIO VARELA,2024-25,0.98,IT98,159.96645580277627,13,,,,,,2024-11-10,2024-11-24,2.0,47.539144255116,47.539144255116,0.0,persistence
persistence,post_covid,2,FLORENCIO VARELA,2025-26,0.5,IT50,92.52865090835965,40,2025-05-25,2025-06-08,2.0,-2.0,2025-06-08,2025-06-08,2025-06-22,2.0,146.4447367519887,146.4447367519887,0.0,persistence
persistence,post_covid,2,FLORENCIO VARELA,2025-26,0.9,IT90,129.20404508235538,40,2025-06-08,2025-06-22,2.0,-2.0,2025-06-22,2025-06-08,2025-06-22,2.0,146.4447367519887,146.4447367519887,0.0,persistence
persistence,post_covid,2,FLORENCIO VARELA,2025-26,0.98,IT98,159.96645580277627,40,,,,,,2025-06-08,2025-06-22,2.0,146.4447367519887,146.4447367519887,0.0,persistence
persistence,post_covid,2,GENERAL SAN MARTÍN,2024-25,0.5,IT50,77.94711365203958,13,,,,,,2024-11-17,2024-11-03,-2.0,38.622208213656286,44.837276202060735,6.215067988404449,persistence
persistence,post_covid,2,GENERAL SAN MARTÍN,2024-25,0.9,IT90,119.50868958439348,13,,,,,,2024-11-17,2024-11-03,-2.0,38.622208213656286,44.837276202060735,6.215067988404449,persistence
persistence,post_covid,2,GENERAL SAN MARTÍN,2024-25,0.98,IT98,157.08069982681235,13,,,,,,2024-11-17,2024-11-03,-2.0,38.622208213656286,44.837276202060735,6.215067988404449,persistence
persistence,post_covid,2,GENERAL SAN MARTÍN,2025-26,0.5,IT50,77.94711365203958,40,2025-05-18,2025-06-01,2.0,-2.0,2025-06-01,2025-06-01,2025-06-15,2.0,98.99715438672816,98.99715438672816,0.0,persistence
persistence,post_covid,2,GENERAL SAN MARTÍN,2025-26,0.9,IT90,119.50868958439348,40,,,,,,2025-06-01,2025-06-15,2.0,98.99715438672816,98.99715438672816,0.0,persistence
persistence,post_covid,2,GENERAL SAN MARTÍN,2025-26,0.98,IT98,157.08069982681235,40,,,,,,2025-06-01,2025-06-15,2.0,98.99715438672816,98.99715438672816,0.0,persistence
persistence,post_covid,2,JOSÉ C. PAZ,2024-25,0.5,IT50,222.17859568980776,13,,,,,,2024-11-03,2024-11-10,1.0,178.59764153251456,203.06307187943435,24.46543034691979,persistence
persistence,post_covid,2,JOSÉ C. PAZ,2024-25,0.9,IT90,355.8888420506266,13,,,,,,2024-11-03,2024-11-10,1.0,178.59764153251456,203.06307187943435,24.46543034691979,persistence
persistence,post_covid,2,JOSÉ C. PAZ,2024-25,0.98,IT98,481.06046989083103,13,,,,,,2024-11-03,2024-11-10,1.0,178.59764153251456,203.06307187943435,24.46543034691979,persistence
persistence,post_covid,2,JOSÉ C. PAZ,2025-26,0.5,IT50,222.17859568980776,40,2025-03-16,2025-03-30,2.0,-2.0,2025-03-30,2025-05-25,2025-06-08,2.0,740.690903752997,740.690903752997,0.0,persistence
persistence,post_covid,2,JOSÉ C. PAZ,2025-26,0.9,IT90,355.8888420506266,40,2025-05-04,2025-05-18,2.0,-2.0,2025-05-18,2025-05-25,2025-06-08,2.0,740.690903752997,740.690903752997,0.0,persistence
persistence,post_covid,2,JOSÉ C. PAZ,2025-26,0.98,IT98,481.06046989083103,40,2025-05-25,2025-06-08,2.0,-2.0,2025-06-08,2025-05-25,2025-06-08,2.0,740.690903752997,740.690903752997,0.0,persistence
persistence,post_covid,2,LA MATANZA,2024-25,0.5,IT50,24.512107570850826,13,,,,,,2024-11-10,2024-11-03,-1.0,16.401927606670913,17.92263612649471,1.5207085198237955,persistence
persistence,post_covid,2,LA MATANZA,2024-25,0.9,IT90,49.0533041651205,13,,,,,,2024-11-10,2024-11-03,-1.0,16.401927606670913,17.92263612649471,1.5207085198237955,persistence
persistence,post_covid,2,LA MATANZA,2024-25,0.98,IT98,76.45298521130762,13,,,,,,2024-11-10,2024-11-03,-1.0,16.401927606670913,17.92263612649471,1.5207085198237955,persistence
persistence,post_covid,2,LA MATANZA,2025-26,0.5,IT50,24.512107570850826,40,2025-03-16,2025-03-30,2.0,-2.0,2025-03-30,2025-06-01,2025-06-15,2.0,53.170487175267624,53.170487175267624,0.0,persistence
persistence,post_covid,2,LA MATANZA,2025-26,0.9,IT90,49.0533041651205,40,2025-06-01,2025-06-15,2.0,-2.0,2025-06-15,2025-06-01,2025-06-15,2.0,53.170487175267624,53.170487175267624,0.0,persistence
persistence,post_covid,2,LA MATANZA,2025-26,0.98,IT98,76.45298521130762,40,,,,,,2025-06-01,2025-06-15,2.0,53.170487175267624,53.170487175267624,0.0,persistence
persistence,post_covid,2,LANÚS,2024-25,0.5,IT50,132.6029855198303,13,,,,,,2024-11-03,2024-11-17,2.0,51.81380848835923,51.81380848835923,0.0,persistence
persistence,post_covid,2,LANÚS,2024-25,0.9,IT90,190.48996986250967,13,,,,,,2024-11-03,2024-11-17,2.0,51.81380848835923,51.81380848835923,0.0,persistence
persistence,post_covid,2,LANÚS,2024-25,0.98,IT98,240.1624128185746,13,,,,,,2024-11-03,2024-11-17,2.0,51.81380848835923,51.81380848835923,0.0,persistence
persistence,post_covid,2,LANÚS,2025-26,0.5,IT50,132.6029855198303,40,2025-05-25,2025-06-08,2.0,-2.0,2025-06-08,2025-06-01,2025-06-15,2.0,171.48419462046925,171.48419462046925,0.0,persistence
persistence,post_covid,2,LANÚS,2025-26,0.9,IT90,190.48996986250967,40,,,,,,2025-06-01,2025-06-15,2.0,171.48419462046925,171.48419462046925,0.0,persistence
persistence,post_covid,2,LANÚS,2025-26,0.98,IT98,240.1624128185746,40,,,,,,2025-06-01,2025-06-15,2.0,171.48419462046925,171.48419462046925,0.0,persistence
persistence,post_covid,2,LOMAS DE ZAMORA,2024-25,0.5,IT50,8.281330480989212,10,,,,,,2024-11-10,2024-11-24,2.0,1.448267871625536,1.448267871625536,0.0,persistence
persistence,post_covid,2,LOMAS DE ZAMORA,2024-25,0.9,IT90,13.281987582112178,10,,,,,,2024-11-10,2024-11-24,2.0,1.448267871625536,1.448267871625536,0.0,persistence
persistence,post_covid,2,LOMAS DE ZAMORA,2024-25,0.98,IT98,17.968039817353144,10,,,,,,2024-11-10,2024-11-24,2.0,1.448267871625536,1.448267871625536,0.0,persistence
persistence,post_covid,2,LOMAS DE ZAMORA,2025-26,0.5,IT50,8.281330480989212,31,,,,,,2025-06-15,2025-06-29,2.0,1.5930946587880896,1.5930946587880896,0.0,persistence
persistence,post_covid,2,LOMAS DE ZAMORA,2025-26,0.9,IT90,13.281987582112178,31,,,,,,2025-06-15,2025-06-29,2.0,1.5930946587880896,1.5930946587880896,0.0,persistence
persistence,post_covid,2,LOMAS DE ZAMORA,2025-26,0.98,IT98,17.968039817353144,31,,,,,,2025-06-15,2025-06-29,2.0,1.5930946587880896,1.5930946587880896,0.0,persistence
persistence,post_covid,2,MALVINAS ARGENTINAS,2024-25,0.5,IT50,19.75908456675979,13,,,,,,2024-11-17,2024-11-03,-2.0,9.125284452226284,9.695614730490428,0.5703302782641444,persistence
persistence,post_covid,2,MALVINAS ARGENTINAS,2024-25,0.9,IT90,75.76432319476002,13,,,,,,2024-11-17,2024-11-03,-2.0,9.125284452226284,9.695614730490428,0.5703302782641444,persistence
persistence,post_covid,2,MALVINAS ARGENTINAS,2024-25,0.98,IT98,178.99536057166898,13,,,,,,2024-11-17,2024-11-03,-2.0,9.125284452226284,9.695614730490428,0.5703302782641444,persistence
persistence,post_covid,2,MALVINAS ARGENTINAS,2025-26,0.5,IT50,19.75908456675979,40,2025-04-27,2025-05-11,2.0,-2.0,2025-05-11,2025-06-08,2025-06-22,2.0,137.4495970616584,137.4495970616584,0.0,persistence
persistence,post_covid,2,MALVINAS ARGENTINAS,2025-26,0.9,IT90,75.76432319476002,40,2025-04-27,2025-05-11,2.0,-2.0,2025-05-11,2025-06-08,2025-06-22,2.0,137.4495970616584,137.4495970616584,0.0,persistence
persistence,post_covid,2,MALVINAS ARGENTINAS,2025-26,0.98,IT98,178.99536057166898,40,,,,,,2025-06-08,2025-06-22,2.0,137.4495970616584,137.4495970616584,0.0,persistence
persistence,post_covid,2,MERLO,2024-25,0.5,IT50,93.32449393075508,13,,,,,,2024-12-15,2024-12-29,2.0,23.86323448117208,23.86323448117208,0.0,persistence
persistence,post_covid,2,MERLO,2024-25,0.9,IT90,164.5170716895135,13,,,,,,2024-12-15,2024-12-29,2.0,23.86323448117208,23.86323448117208,0.0,persistence
persistence,post_covid,2,MERLO,2024-25,0.98,IT98,236.4333757518645,13,,,,,,2024-12-15,2024-12-29,2.0,23.86323448117208,23.86323448117208,0.0,persistence
persistence,post_covid,2,MERLO,2025-26,0.5,IT50,93.32449393075508,40,,,,,,2025-06-15,2025-06-29,2.0,60.087281067699486,60.087281067699486,0.0,persistence
persistence,post_covid,2,MERLO,2025-26,0.9,IT90,164.5170716895135,40,,,,,,2025-06-15,2025-06-29,2.0,60.087281067699486,60.087281067699486,0.0,persistence
persistence,post_covid,2,MERLO,2025-26,0.98,IT98,236.4333757518645,40,,,,,,2025-06-15,2025-06-29,2.0,60.087281067699486,60.087281067699486,0.0,persistence
persistence,post_covid,2,MORENO,2024-25,0.5,IT50,101.79720605127496,13,,,,,,2024-11-24,2024-11-10,-2.0,51.15914482720349,52.893353126430725,1.7342082992272339,persistence
persistence,post_covid,2,MORENO,2024-25,0.9,IT90,214.46725243408844,13,,,,,,2024-11-24,2024-11-10,-2.0,51.15914482720349,52.893353126430725,1.7342082992272339,persistence
persistence,post_covid,2,MORENO,2024-25,0.98,IT98,345.44262322711484,13,,,,,,2024-11-24,2024-11-10,-2.0,51.15914482720349,52.893353126430725,1.7342082992272339,persistence
persistence,post_covid,2,MORENO,2025-26,0.5,IT50,101.79720605127496,40,2025-05-25,2025-06-08,2.0,-2.0,2025-06-08,2025-07-13,2025-07-27,2.0,197.0060627922141,197.0060627922141,0.0,persistence
persistence,post_covid,2,MORENO,2025-26,0.9,IT90,214.46725243408844,40,,,,,,2025-07-13,2025-07-27,2.0,197.0060627922141,197.0060627922141,0.0,persistence
persistence,post_covid,2,MORENO,2025-26,0.98,IT98,345.44262322711484,40,,,,,,2025-07-13,2025-07-27,2.0,197.0060627922141,197.0060627922141,0.0,persistence
persistence,post_covid,2,MORÓN,2024-25,0.5,IT50,28.847000469649124,13,,,,,,2024-11-03,2024-11-17,2.0,24.45777712020243,24.45777712020243,0.0,persistence
persistence,post_covid,2,MORÓN,2024-25,0.9,IT90,57.29975452086349,13,,,,,,2024-11-03,2024-11-17,2.0,24.45777712020243,24.45777712020243,0.0,persistence
persistence,post_covid,2,MORÓN,2024-25,0.98,IT98,88.88106833465432,13,,,,,,2024-11-03,2024-11-17,2.0,24.45777712020243,24.45777712020243,0.0,persistence
persistence,post_covid,2,MORÓN,2025-26,0.5,IT50,28.847000469649124,40,2025-05-25,2025-06-08,2.0,-2.0,2025-06-08,2025-06-08,2025-06-22,2.0,54.04866795699054,54.04866795699054,0.0,persistence
persistence,post_covid,2,MORÓN,2025-26,0.9,IT90,57.29975452086349,40,,,,,,2025-06-08,2025-06-22,2.0,54.04866795699054,54.04866795699054,0.0,persistence
persistence,post_covid,2,MORÓN,2025-26,0.98,IT98,88.88106833465432,40,,,,,,2025-06-08,2025-06-22,2.0,54.04866795699054,54.04866795699054,0.0,persistence
persistence,post_covid,2,QUILMES,2024-25,0.5,IT50,46.34689792435932,13,,,,,,2024-11-24,2024-12-08,2.0,14.99863433487372,14.99863433487372,0.0,persistence
persistence,post_covid,2,QUILMES,2024-25,0.9,IT90,80.98262048145082,13,,,,,,2024-11-24,2024-12-08,2.0,14.99863433487372,14.99863433487372,0.0,persistence
persistence,post_covid,2,QUILMES,2024-25,0.98,IT98,115.72591322033615,13,,,,,,2024-11-24,2024-12-08,2.0,14.99863433487372,14.99863433487372,0.0,persistence
persistence,post_covid,2,QUILMES,2025-26,0.5,IT50,46.34689792435932,40,,,,,,2025-06-08,2025-06-22,2.0,39.62797071635056,39.62797071635056,0.0,persistence
persistence,post_covid,2,QUILMES,2025-26,0.9,IT90,80.98262048145082,40,,,,,,2025-06-08,2025-06-22,2.0,39.62797071635056,39.62797071635056,0.0,persistence
persistence,post_covid,2,QUILMES,2025-26,0.98,IT98,115.72591322033615,40,,,,,,2025-06-08,2025-06-22,2.0,39.62797071635056,39.62797071635056,0.0,persistence
persistence,post_covid,2,SAN ISIDRO,2024-25,0.5,IT50,31.02709117627285,13,,,,,,2024-12-15,2024-12-29,2.0,9.082285506690615,9.082285506690615,0.0,persistence
persistence,post_covid,2,SAN ISIDRO,2024-25,0.9,IT90,61.06994953059092,13,,,,,,2024-12-15,2024-12-29,2.0,9.082285506690615,9.082285506690615,0.0,persistence
persistence,post_covid,2,SAN ISIDRO,2024-25,0.98,IT98,94.17754601713678,13,,,,,,2024-12-15,2024-12-29,2.0,9.082285506690615,9.082285506690615,0.0,persistence
persistence,post_covid,2,SAN ISIDRO,2025-26,0.5,IT50,31.02709117627285,37,,,,,,2025-03-30,2025-04-13,2.0,29.93790407760981,29.93790407760981,0.0,persistence
persistence,post_covid,2,SAN ISIDRO,2025-26,0.9,IT90,61.06994953059092,37,,,,,,2025-03-30,2025-04-13,2.0,29.93790407760981,29.93790407760981,0.0,persistence
persistence,post_covid,2,SAN ISIDRO,2025-26,0.98,IT98,94.17754601713678,37,,,,,,2025-03-30,2025-04-13,2.0,29.93790407760981,29.93790407760981,0.0,persistence
persistence,post_covid,2,SAN MIGUEL,2024-25,0.5,IT50,41.72536470891113,13,,,,,,2024-11-10,2024-11-03,-1.0,21.89547949579576,24.632414432770233,2.736934936974471,persistence
persistence,post_covid,2,SAN MIGUEL,2024-25,0.9,IT90,54.8832873966512,13,,,,,,2024-11-10,2024-11-03,-1.0,21.89547949579576,24.632414432770233,2.736934936974471,persistence
persistence,post_covid,2,SAN MIGUEL,2024-25,0.98,IT98,65.40139686030513,13,,,,,,2024-11-10,2024-11-03,-1.0,21.89547949579576,24.632414432770233,2.736934936974471,persistence
persistence,post_covid,2,SAN MIGUEL,2025-26,0.5,IT50,41.72536470891113,40,2025-05-18,2025-06-01,2.0,-2.0,2025-06-01,2025-07-27,2025-08-10,2.0,93.35989173901804,93.35989173901804,0.0,persistence
persistence,post_covid,2,SAN MIGUEL,2025-26,0.9,IT90,54.8832873966512,40,2025-07-20,2025-08-03,2.0,-2.0,2025-08-03,2025-07-27,2025-08-10,2.0,93.35989173901804,93.35989173901804,0.0,persistence
persistence,post_covid,2,SAN MIGUEL,2025-26,0.98,IT98,65.40139686030513,40,2025-07-27,2025-08-10,2.0,-2.0,2025-08-10,2025-07-27,2025-08-10,2.0,93.35989173901804,93.35989173901804,0.0,persistence
persistence,post_covid,2,TIGRE,2024-25,0.5,IT50,22.292181427607932,13,,,,,,2024-11-17,2024-11-03,-2.0,3.579826781131628,4.474783476414535,0.8949566952829069,persistence
persistence,post_covid,2,TIGRE,2024-25,0.9,IT90,51.59902428823632,13,,,,,,2024-11-17,2024-11-03,-2.0,3.579826781131628,4.474783476414535,0.8949566952829069,persistence
persistence,post_covid,2,TIGRE,2024-25,0.98,IT98,88.26651373174553,13,,,,,,2024-11-17,2024-11-03,-2.0,3.579826781131628,4.474783476414535,0.8949566952829069,persistence
persistence,post_covid,2,TIGRE,2025-26,0.5,IT50,22.292181427607932,40,2025-07-06,2025-07-20,2.0,-2.0,2025-07-20,2025-07-13,2025-07-27,2.0,40.72052963537227,40.72052963537227,0.0,persistence
persistence,post_covid,2,TIGRE,2025-26,0.9,IT90,51.59902428823632,40,,,,,,2025-07-13,2025-07-27,2.0,40.72052963537227,40.72052963537227,0.0,persistence
persistence,post_covid,2,TIGRE,2025-26,0.98,IT98,88.26651373174553,40,,,,,,2025-07-13,2025-07-27,2.0,40.72052963537227,40.72052963537227,0.0,persistence
persistence,post_covid,2,TRES DE FEBRERO,2024-25,0.5,IT50,92.40050209783404,13,,,,,,2024-11-10,2024-11-10,0.0,49.97583585958438,61.508721057950005,11.532885198365626,persistence
persistence,post_covid,2,TRES DE FEBRERO,2024-25,0.9,IT90,150.5622822202344,13,,,,,,2024-11-10,2024-11-10,0.0,49.97583585958438,61.508721057950005,11.532885198365626,persistence
persistence,post_covid,2,TRES DE FEBRERO,2024-25,0.98,IT98,205.7567466717726,13,,,,,,2024-11-10,2024-11-10,0.0,49.97583585958438,61.508721057950005,11.532885198365626,persistence
persistence,post_covid,2,TRES DE FEBRERO,2025-26,0.5,IT50,92.40050209783404,40,2025-06-01,2025-06-15,2.0,-2.0,2025-06-15,2025-06-01,2025-06-15,2.0,114.50507446948728,114.50507446948728,0.0,persistence
persistence,post_covid,2,TRES DE FEBRERO,2025-26,0.9,IT90,150.5622822202344,40,,,,,,2025-06-01,2025-06-15,2.0,114.50507446948728,114.50507446948728,0.0,persistence
persistence,post_covid,2,TRES DE FEBRERO,2025-26,0.98,IT98,205.7567466717726,40,,,,,,2025-06-01,2025-06-15,2.0,114.50507446948728,114.50507446948728,0.0,persistence
persistence,post_covid,2,VICENTE LÓPEZ,2024-25,0.5,IT50,105.82113989675452,13,,,,,,2024-11-10,2024-11-24,2.0,15.233101884653536,15.233101884653536,0.0,persistence
persistence,post_covid,2,VICENTE LÓPEZ,2024-25,0.9,IT90,168.616011392644,13,,,,,,2024-11-10,2024-11-24,2.0,15.233101884653536,15.233101884653536,0.0,persistence
persistence,post_covid,2,VICENTE LÓPEZ,2024-25,0.98,IT98,227.1548194913809,13,,,,,,2024-11-10,2024-11-24,2.0,15.233101884653536,15.233101884653536,0.0,persistence
persistence,post_covid,2,VICENTE LÓPEZ,2025-26,0.5,IT50,105.82113989675452,40,2025-05-25,2025-06-08,2.0,-2.0,2025-06-08,2025-05-25,2025-06-08,2.0,114.77965140994756,114.77965140994756,0.0,persistence
persistence,post_covid,2,VICENTE LÓPEZ,2025-26,0.9,IT90,168.616011392644,40,,,,,,2025-05-25,2025-06-08,2.0,114.77965140994756,114.77965140994756,0.0,persistence
persistence,post_covid,2,VICENTE LÓPEZ,2025-26,0.98,IT98,227.1548194913809,40,,,,,,2025-05-25,2025-06-08,2.0,114.77965140994756,114.77965140994756,0.0,persistence
persistence,post_covid,2,CITYWIDE,2024-25,0.5,IT50,77.06642887231719,13,,,,,,2024-11-10,2024-11-03,-1.0,33.76782494046754,38.03494135075579,4.267116410288246,persistence
persistence,post_covid,2,CITYWIDE,2024-25,0.9,IT90,97.46007981062509,13,,,,,,2024-11-10,2024-11-03,-1.0,33.76782494046754,38.03494135075579,4.267116410288246,persistence
persistence,post_covid,2,CITYWIDE,2024-25,0.98,IT98,113.25281678189309,13,,,,,,2024-11-10,2024-11-03,-1.0,33.76782494046754,38.03494135075579,4.267116410288246,persistence
persistence,post_covid,2,CITYWIDE,2025-26,0.5,IT50,77.06642887231719,40,2025-05-18,2025-06-01,2.0,-2.0,2025-06-01,2025-06-08,2025-06-22,2.0,119.66687929898744,119.66687929898744,0.0,persistence
persistence,post_covid,2,CITYWIDE,2025-26,0.9,IT90,97.46007981062509,40,2025-05-25,2025-06-08,2.0,-2.0,2025-06-08,2025-06-08,2025-06-22,2.0,119.66687929898744,119.66687929898744,0.0,persistence
persistence,post_covid,2,CITYWIDE,2025-26,0.98,IT98,113.25281678189309,40,2025-06-08,2025-06-22,2.0,-2.0,2025-06-22,2025-06-08,2025-06-22,2.0,119.66687929898744,119.66687929898744,0.0,persistence
seasonal_naive,post_covid,2,ALMIRANTE BROWN,2024-25,0.5,IT50,45.51198712694632,13,,,,,,2024-12-01,2024-11-03,-4.0,20.860869966673903,14.534212681699032,-6.326657284974871,seasonal_naive
seasonal_naive,post_covid,2,ALMIRANTE BROWN,2024-25,0.9,IT90,59.3327355509796,13,,,,,,2024-12-01,2024-11-03,-4.0,20.860869966673903,14.534212681699032,-6.326657284974871,seasonal_naive
seasonal_naive,post_covid,2,ALMIRANTE BROWN,2024-25,0.98,IT98,70.30154029606965,13,,,,,,2024-12-01,2024-11-03,-4.0,20.860869966673903,14.534212681699032,-6.326657284974871,seasonal_naive
seasonal_naive,post_covid,2,ALMIRANTE BROWN,2025-26,0.5,IT50,45.51198712694632,40,,2025-05-18,,,2025-05-18,2025-06-08,2025-05-25,-2.0,41.550749195916055,85.15338724101316,43.60263804509711,seasonal_naive
seasonal_naive,post_covid,2,ALMIRANTE BROWN,2025-26,0.9,IT90,59.3327355509796,40,,2025-05-25,,,2025-05-25,2025-06-08,2025-05-25,-2.0,41.550749195916055,85.15338724101316,43.60263804509711,seasonal_naive
seasonal_naive,post_covid,2,ALMIRANTE BROWN,2025-26,0.98,IT98,70.30154029606965,40,,2025-05-25,,,2025-05-25,2025-06-08,2025-05-25,-2.0,41.550749195916055,85.15338724101316,43.60263804509711,seasonal_naive
seasonal_naive,post_covid,2,AVELLANEDA,2024-25,0.5,IT50,245.84106655843968,13,,,,,,2024-11-24,2025-01-12,7.0,130.04891798211963,126.23995385712033,-3.8089641249993065,seasonal_naive
seasonal_naive,post_covid,2,AVELLANEDA,2024-25,0.9,IT90,374.7741671132419,13,,,,,,2024-11-24,2025-01-12,7.0,130.04891798211963,126.23995385712033,-3.8089641249993065,seasonal_naive
seasonal_naive,post_covid,2,AVELLANEDA,2024-25,0.98,IT98,490.7992503428019,13,,,,,,2024-11-24,2025-01-12,7.0,130.04891798211963,126.23995385712033,-3.8089641249993065,seasonal_naive
seasonal_naive,post_covid,2,AVELLANEDA,2025-26,0.5,IT50,245.84106655843968,40,2025-05-25,2025-05-11,-2.0,2.0,2025-05-11,2025-06-01,2025-05-25,-1.0,323.7619506249422,397.7646821963576,74.00273157141544,seasonal_naive
seasonal_naive,post_covid,2,AVELLANEDA,2025-26,0.9,IT90,374.7741671132419,40,,2025-05-25,,,2025-05-25,2025-06-01,2025-05-25,-1.0,323.7619506249422,397.7646821963576,74.00273157141544,seasonal_naive
seasonal_naive,post_covid,2,AVELLANEDA,2025-26,0.98,IT98,490.7992503428019,40,,,,,,2025-06-01,2025-05-25,-1.0,323.7619506249422,397.7646821963576,74.00273157141544,seasonal_naive
seasonal_naive,post_covid,2,EZEIZA,2024-25,0.5,IT50,139.80229436412165,13,,,,,,2024-11-03,2025-01-26,12.0,44.6625742515297,79.40013200271946,34.73755775118976,seasonal_naive
seasonal_naive,post_covid,2,EZEIZA,2024-25,0.9,IT90,180.23131160603506,13,,,,,,2024-11-03,2025-01-26,12.0,44.6625742515297,79.40013200271946,34.73755775118976,seasonal_naive
seasonal_naive,post_covid,2,EZEIZA,2024-25,0.98,IT98,212.02965427114694,13,,,,,,2024-11-03,2025-01-26,12.0,44.6625742515297,79.40013200271946,34.73755775118976,seasonal_naive
seasonal_naive,post_covid,2,EZEIZA,2025-26,0.5,IT50,139.80229436412165,40,2025-05-25,2025-05-18,-1.0,1.0,2025-05-18,2025-06-08,2025-05-25,-2.0,186.09405938137377,209.91409898218956,23.82003960081579,seasonal_naive
seasonal_naive,post_covid,2,EZEIZA,2025-26,0.9,IT90,180.23131160603506,40,2025-06-08,2025-05-25,-2.0,2.0,2025-05-25,2025-06-08,2025-05-25,-2.0,186.09405938137377,209.91409898218956,23.82003960081579,seasonal_naive
seasonal_naive,post_covid,2,EZEIZA,2025-26,0.98,IT98,212.02965427114694,40,,,,,,2025-06-08,2025-05-25,-2.0,186.09405938137377,209.91409898218956,23.82003960081579,seasonal_naive
seasonal_naive,post_covid,2,FLORENCIO VARELA,2024-25,0.5,IT50,92.52865090835965,13,,,,,,2024-11-10,2024-11-17,1.0,47.539144255116,32.22992830855322,-15.30921594656278,seasonal_naive
seasonal_naive,post_covid,2,FLORENCIO VARELA,2024-25,0.9,IT90,129.20404508235538,13,,,,,,2024-11-10,2024-11-17,1.0,47.539144255116,32.22992830855322,-15.30921594656278,seasonal_naive
seasonal_naive,post_covid,2,FLORENCIO VARELA,2024-25,0.98,IT98,159.96645580277627,13,,,,,,2024-11-10,2024-11-17,1.0,47.539144255116,32.22992830855322,-15.30921594656278,seasonal_naive
seasonal_naive,post_covid,2,FLORENCIO VARELA,2025-26,0.5,IT50,92.52865090835965,40,2025-05-25,2025-05-11,-2.0,2.0,2025-05-11,2025-06-08,2025-05-18,-3.0,146.4447367519887,122.07085346864532,-24.373883283343375,seasonal_naive
seasonal_naive,post_covid,2,FLORENCIO VARELA,2025-26,0.9,IT90,129.20404508235538,40,2025-06-08,,,,,2025-06-08,2025-05-18,-3.0,146.4447367519887,122.07085346864532,-24.373883283343375,seasonal_naive
seasonal_naive,post_covid,2,FLORENCIO VARELA,2025-26,0.98,IT98,159.96645580277627,40,,,,,,2025-06-08,2025-05-18,-3.0,146.4447367519887,122.07085346864532,-24.373883283343375,seasonal_naive
seasonal_naive,post_covid,2,GENERAL SAN MARTÍN,2024-25,0.5,IT50,77.94711365203958,13,,,,,,2024-11-17,2024-11-10,-1.0,38.622208213656286,48.610710337877734,9.988502124221448,seasonal_naive
seasonal_naive,post_covid,2,GENERAL SAN MARTÍN,2024-25,0.9,IT90,119.50868958439348,13,,,,,,2024-11-17,2024-11-10,-1.0,38.622208213656286,48.610710337877734,9.988502124221448,seasonal_naive
seasonal_naive,post_covid,2,GENERAL SAN MARTÍN,2024-25,0.98,IT98,157.08069982681235,13,,,,,,2024-11-17,2024-11-10,-1.0,38.622208213656286,48.610710337877734,9.988502124221448,seasonal_naive
seasonal_naive,post_covid,2,GENERAL SAN MARTÍN,2025-26,0.5,IT50,77.94711365203958,40,2025-05-18,2025-05-11,-1.0,1.0,2025-05-11,2025-06-01,2025-05-18,-2.0,98.99715438672816,154.7107995684967,55.71364518176854,seasonal_naive
seasonal_naive,post_covid,2,GENERAL SAN MARTÍN,2025-26,0.9,IT90,119.50868958439348,40,,2025-05-18,,,2025-05-18,2025-06-01,2025-05-18,-2.0,98.99715438672816,154.7107995684967,55.71364518176854,seasonal_naive
seasonal_naive,post_covid,2,GENERAL SAN MARTÍN,2025-26,0.98,IT98,157.08069982681235,40,,,,,,2025-06-01,2025-05-18,-2.0,98.99715438672816,154.7107995684967,55.71364518176854,seasonal_naive
seasonal_naive,post_covid,2,JOSÉ C. PAZ,2024-25,0.5,IT50,222.17859568980776,13,,,,,,2024-11-03,2024-12-08,5.0,178.59764153251456,28.899789597299012,-149.69785193521554,seasonal_naive
seasonal_naive,post_covid,2,JOSÉ C. PAZ,2024-25,0.9,IT90,355.8888420506266,13,,,,,,2024-11-03,2024-12-08,5.0,178.59764153251456,28.899789597299012,-149.69785193521554,seasonal_naive
seasonal_naive,post_covid,2,JOSÉ C. PAZ,2024-25,0.98,IT98,481.06046989083103,13,,,,,,2024-11-03,2024-12-08,5.0,178.59764153251456,28.899789597299012,-149.69785193521554,seasonal_naive
seasonal_naive,post_covid,2,JOSÉ C. PAZ,2025-26,0.5,IT50,222.17859568980776,40,2025-03-16,2025-07-06,16.0,-16.0,2025-07-06,2025-05-25,2025-08-17,12.0,740.690903752997,468.5129911435142,-272.17791260948275,seasonal_naive
seasonal_naive,post_covid,2,JOSÉ C. PAZ,2025-26,0.9,IT90,355.8888420506266,40,2025-05-04,2025-07-06,9.0,-9.0,2025-07-06,2025-05-25,2025-08-17,12.0,740.690903752997,468.5129911435142,-272.17791260948275,seasonal_naive
seasonal_naive,post_covid,2,JOSÉ C. PAZ,2025-26,0.98,IT98,481.06046989083103,40,2025-05-25,,,,,2025-05-25,2025-08-17,12.0,740.690903752997,468.5129911435142,-272.17791260948275,seasonal_naive
seasonal_naive,post_covid,2,LA MATANZA,2024-25,0.5,IT50,24.512107570850826,13,,,,,,2024-11-10,2025-01-26,11.0,16.401927606670913,7.494920561988695,-8.907007044682217,seasonal_naive
seasonal_naive,post_covid,2,LA MATANZA,2024-25,0.9,IT90,49.0533041651205,13,,,,,,2024-11-10,2025-01-26,11.0,16.401927606670913,7.494920561988695,-8.907007044682217,seasonal_naive
seasonal_naive,post_covid,2,LA MATANZA,2024-25,0.98,IT98,76.45298521130762,13,,,,,,2024-11-10,2025-01-26,11.0,16.401927606670913,7.494920561988695,-8.907007044682217,seasonal_naive
seasonal_naive,post_covid,2,LA MATANZA,2025-26,0.5,IT50,24.512107570850826,40,2025-03-16,2025-05-18,9.0,-9.0,2025-05-18,2025-06-01,2025-06-22,3.0,53.170487175267624,53.98515245374466,0.8146652784770367,seasonal_naive
seasonal_naive,post_covid,2,LA MATANZA,2025-26,0.9,IT90,49.0533041651205,40,2025-06-01,2025-05-25,-1.0,1.0,2025-05-25,2025-06-01,2025-06-22,3.0,53.170487175267624,53.98515245374466,0.8146652784770367,seasonal_naive
seasonal_naive,post_covid,2,LA MATANZA,2025-26,0.98,IT98,76.45298521130762,40,,,,,,2025-06-01,2025-06-22,3.0,53.170487175267624,53.98515245374466,0.8146652784770367,seasonal_naive
seasonal_naive,post_covid,2,LANÚS,2024-25,0.5,IT50,132.6029855198303,13,,,,,,2024-11-03,2024-11-17,2.0,51.81380848835923,64.17107662156626,12.357268133207029,seasonal_naive
seasonal_naive,post_covid,2,LANÚS,2024-25,0.9,IT90,190.48996986250967,13,,,,,,2024-11-03,2024-11-17,2.0,51.81380848835923,64.17107662156626,12.357268133207029,seasonal_naive
seasonal_naive,post_covid,2,LANÚS,2024-25,0.98,IT98,240.1624128185746,13,,,,,,2024-11-03,2024-11-17,2.0,51.81380848835923,64.17107662156626,12.357268133207029,seasonal_naive
seasonal_naive,post_covid,2,LANÚS,2025-26,0.5,IT50,132.6029855198303,40,2025-05-25,2025-05-18,-1.0,1.0,2025-05-18,2025-06-01,2025-05-18,-2.0,171.48419462046925,161.728456620569,-9.755737999900248,seasonal_naive
seasonal_naive,post_covid,2,LANÚS,2025-26,0.9,IT90,190.48996986250967,40,,,,,,2025-06-01,2025-05-18,-2.0,171.48419462046925,161.728456620569,-9.755737999900248,seasonal_naive
seasonal_naive,post_covid,2,LANÚS,2025-26,0.98,IT98,240.1624128185746,40,,,,,,2025-06-01,2025-05-18,-2.0,171.48419462046925,161.728456620569,-9.755737999900248,seasonal_naive
seasonal_naive,post_covid,2,LOMAS DE ZAMORA,2024-25,0.5,IT50,8.281330480989212,10,,,,,,2024-11-10,2024-11-10,0.0,1.448267871625536,4.924110763526822,3.4758428919012863,seasonal_naive
seasonal_naive,post_covid,2,LOMAS DE ZAMORA,2024-25,0.9,IT90,13.281987582112178,10,,,,,,2024-11-10,2024-11-10,0.0,1.448267871625536,4.924110763526822,3.4758428919012863,seasonal_naive
seasonal_naive,post_covid,2,LOMAS DE ZAMORA,2024-25,0.98,IT98,17.968039817353144,10,,,,,,2024-11-10,2024-11-10,0.0,1.448267871625536,4.924110763526822,3.4758428919012863,seasonal_naive
seasonal_naive,post_covid,2,LOMAS DE ZAMORA,2025-26,0.5,IT50,8.281330480989212,31,,2025-05-04,,,2025-05-04,2025-06-15,2025-06-01,-2.0,1.5930946587880896,9.124087591240876,7.5309929324527864,seasonal_naive
seasonal_naive,post_covid,2,LOMAS DE ZAMORA,2025-26,0.9,IT90,13.281987582112178,31,,,,,,2025-06-15,2025-06-01,-2.0,1.5930946587880896,9.124087591240876,7.5309929324527864,seasonal_naive
seasonal_naive,post_covid,2,LOMAS DE ZAMORA,2025-26,0.98,IT98,17.968039817353144,31,,,,,,2025-06-15,2025-06-01,-2.0,1.5930946587880896,9.124087591240876,7.5309929324527864,seasonal_naive
seasonal_naive,post_covid,2,MALVINAS ARGENTINAS,2024-25,0.5,IT50,19.75908456675979,13,,,,,,2024-11-17,2024-11-03,-2.0,9.125284452226284,3.9923119478489992,-5.1329725043772845,seasonal_naive
seasonal_naive,post_covid,2,MALVINAS ARGENTINAS,2024-25,0.9,IT90,75.76432319476002,13,,,,,,2024-11-17,2024-11-03,-2.0,9.125284452226284,3.9923119478489992,-5.1329725043772845,seasonal_naive
seasonal_naive,post_covid,2,MALVINAS ARGENTINAS,2024-25,0.98,IT98,178.99536057166898,13,,,,,,2024-11-17,2024-11-03,-2.0,9.125284452226284,3.9923119478489992,-5.1329725043772845,seasonal_naive
seasonal_naive,post_covid,2,MALVINAS ARGENTINAS,2025-26,0.5,IT50,19.75908456675979,40,2025-04-27,2025-06-08,6.0,-6.0,2025-06-08,2025-06-08,2025-06-08,0.0,137.4495970616584,21.672550574037423,-115.77704648762099,seasonal_naive
seasonal_naive,post_covid,2,MALVINAS ARGENTINAS,2025-26,0.9,IT90,75.76432319476002,40,2025-04-27,,,,,2025-06-08,2025-06-08,0.0,137.4495970616584,21.672550574037423,-115.77704648762099,seasonal_naive
seasonal_naive,post_covid,2,MALVINAS ARGENTINAS,2025-26,0.98,IT98,178.99536057166898,40,,,,,,2025-06-08,2025-06-08,0.0,137.4495970616584,21.672550574037423,-115.77704648762099,seasonal_naive
seasonal_naive,post_covid,2,MERLO,2024-25,0.5,IT50,93.32449393075508,13,,,,,,2024-12-15,2024-11-17,-4.0,23.86323448117208,38.97089372105081,15.107659239878728,seasonal_naive
seasonal_naive,post_covid,2,MERLO,2024-25,0.9,IT90,164.5170716895135,13,,,,,,2024-12-15,2024-11-17,-4.0,23.86323448117208,38.97089372105081,15.107659239878728,seasonal_naive
seasonal_naive,post_covid,2,MERLO,2024-25,0.98,IT98,236.4333757518645,13,,,,,,2024-12-15,2024-11-17,-4.0,23.86323448117208,38.97089372105081,15.107659239878728,seasonal_naive
seasonal_naive,post_covid,2,MERLO,2025-26,0.5,IT50,93.32449393075508,40,,,,,,2025-06-15,2025-06-29,2.0,60.087281067699486,86.69736268339497,26.610081615695485,seasonal_naive
seasonal_naive,post_covid,2,MERLO,2025-26,0.9,IT90,164.5170716895135,40,,,,,,2025-06-15,2025-06-29,2.0,60.087281067699486,86.69736268339497,26.610081615695485,seasonal_naive
seasonal_naive,post_covid,2,MERLO,2025-26,0.98,IT98,236.4333757518645,40,,,,,,2025-06-15,2025-06-29,2.0,60.087281067699486,86.69736268339497,26.610081615695485,seasonal_naive
seasonal_naive,post_covid,2,MORENO,2024-25,0.5,IT50,101.79720605127496,13,,,,,,2024-11-24,2024-11-03,-3.0,51.15914482720349,65.20623205094411,14.047087223740618,seasonal_naive
seasonal_naive,post_covid,2,MORENO,2024-25,0.9,IT90,214.46725243408844,13,,,,,,2024-11-24,2024-11-03,-3.0,51.15914482720349,65.20623205094411,14.047087223740618,seasonal_naive
seasonal_naive,post_covid,2,MORENO,2024-25,0.98,IT98,345.44262322711484,13,,,,,,2024-11-24,2024-11-03,-3.0,51.15914482720349,65.20623205094411,14.047087223740618,seasonal_naive
seasonal_naive,post_covid,2,MORENO,2025-26,0.5,IT50,101.79720605127496,40,2025-05-25,2025-05-04,-3.0,3.0,2025-05-04,2025-07-13,2025-05-25,-7.0,197.0060627922141,207.2378917576548,10.231828965440712,seasonal_naive
seasonal_naive,post_covid,2,MORENO,2025-26,0.9,IT90,214.46725243408844,40,,,,,,2025-07-13,2025-05-25,-7.0,197.0060627922141,207.2378917576548,10.231828965440712,seasonal_naive
seasonal_naive,post_covid,2,MORENO,2025-26,0.98,IT98,345.44262322711484,40,,,,,,2025-07-13,2025-05-25,-7.0,197.0060627922141,207.2378917576548,10.231828965440712,seasonal_naive
seasonal_naive,post_covid,2,MORÓN,2024-25,0.5,IT50,28.847000469649124,13,,,,,,2024-11-03,2025-01-12,10.0,24.45777712020243,20.230507000661262,-4.227270119541167,seasonal_naive
seasonal_naive,post_covid,2,MORÓN,2024-25,0.9,IT90,57.29975452086349,13,,,,,,2024-11-03,2025-01-12,10.0,24.45777712020243,20.230507000661262,-4.227270119541167,seasonal_naive
seasonal_naive,post_covid,2,MORÓN,2024-25,0.98,IT98,88.88106833465432,13,,,,,,2024-11-03,2025-01-12,10.0,24.45777712020243,20.230507000661262,-4.227270119541167,seasonal_naive
seasonal_naive,post_covid,2,MORÓN,2025-26,0.5,IT50,28.847000469649124,40,2025-05-25,2025-05-11,-2.0,2.0,2025-05-11,2025-06-08,2025-06-01,-1.0,54.04866795699054,108.70123164534412,54.65256368835358,seasonal_naive
seasonal_naive,post_covid,2,MORÓN,2025-26,0.9,IT90,57.29975452086349,40,,2025-05-25,,,2025-05-25,2025-06-08,2025-06-01,-1.0,54.04866795699054,108.70123164534412,54.65256368835358,seasonal_naive
seasonal_naive,post_covid,2,MORÓN,2025-26,0.98,IT98,88.88106833465432,40,,2025-06-01,,,2025-06-01,2025-06-08,2025-06-01,-1.0,54.04866795699054,108.70123164534412,54.65256368835358,seasonal_naive
seasonal_naive,post_covid,2,QUILMES,2024-25,0.5,IT50,46.34689792435932,13,,,,,,2024-11-24,2024-11-10,-2.0,14.99863433487372,15.788036141972336,0.7894018070986153,seasonal_naive
seasonal_naive,post_covid,2,QUILMES,2024-25,0.9,IT90,80.98262048145082,13,,,,,,2024-11-24,2024-11-10,-2.0,14.99863433487372,15.788036141972336,0.7894018070986153,seasonal_naive
seasonal_naive,post_covid,2,QUILMES,2024-25,0.98,IT98,115.72591322033615,13,,,,,,2024-11-24,2024-11-10,-2.0,14.99863433487372,15.788036141972336,0.7894018070986153,seasonal_naive
seasonal_naive,post_covid,2,QUILMES,2025-26,0.5,IT50,46.34689792435932,40,,,,,,2025-06-08,2025-05-25,-2.0,39.62797071635056,44.680142281781706,5.052171565431145,seasonal_naive
seasonal_naive,post_covid,2,QUILMES,2025-26,0.9,IT90,80.98262048145082,40,,,,,,2025-06-08,2025-05-25,-2.0,39.62797071635056,44.680142281781706,5.052171565431145,seasonal_naive
seasonal_naive,post_covid,2,QUILMES,2025-26,0.98,IT98,115.72591322033615,40,,,,,,2025-06-08,2025-05-25,-2.0,39.62797071635056,44.680142281781706,5.052171565431145,seasonal_naive
seasonal_naive,post_covid,2,SAN ISIDRO,2024-25,0.5,IT50,31.02709117627285,13,,2025-01-26,,,2025-01-26,2024-12-15,2025-01-26,6.0,9.082285506690615,32.29257069045553,23.21028518376491,seasonal_naive
seasonal_naive,post_covid,2,SAN ISIDRO,2024-25,0.9,IT90,61.06994953059092,13,,,,,,2024-12-15,2025-01-26,6.0,9.082285506690615,32.29257069045553,23.21028518376491,seasonal_naive
seasonal_naive,post_covid,2,SAN ISIDRO,2024-25,0.98,IT98,94.17754601713678,13,,,,,,2024-12-15,2025-01-26,6.0,9.082285506690615,32.29257069045553,23.21028518376491,seasonal_naive
seasonal_naive,post_covid,2,SAN ISIDRO,2025-26,0.5,IT50,31.02709117627285,37,,2025-02-09,,,2025-02-09,2025-03-30,2025-02-09,-7.0,29.93790407760981,33.97447541391675,4.036571336306938,seasonal_naive
seasonal_naive,post_covid,2,SAN ISIDRO,2025-26,0.9,IT90,61.06994953059092,37,,,,,,2025-03-30,2025-02-09,-7.0,29.93790407760981,33.97447541391675,4.036571336306938,seasonal_naive
seasonal_naive,post_covid,2,SAN ISIDRO,2025-26,0.98,IT98,94.17754601713678,37,,,,,,2025-03-30,2025-02-09,-7.0,29.93790407760981,33.97447541391675,4.036571336306938,seasonal_naive
seasonal_naive,post_covid,2,SAN MIGUEL,2024-25,0.5,IT50,41.72536470891113,13,,,,,,2024-11-10,2024-11-24,2.0,21.89547949579576,31.322699834263386,9.427220338467624,seasonal_naive
seasonal_naive,post_covid,2,SAN MIGUEL,2024-25,0.9,IT90,54.8832873966512,13,,,,,,2024-11-10,2024-11-24,2.0,21.89547949579576,31.322699834263386,9.427220338467624,seasonal_naive
seasonal_naive,post_covid,2,SAN MIGUEL,2024-25,0.98,IT98,65.40139686030513,13,,,,,,2024-11-10,2024-11-24,2.0,21.89547949579576,31.322699834263386,9.427220338467624,seasonal_naive
seasonal_naive,post_covid,2,SAN MIGUEL,2025-26,0.5,IT50,41.72536470891113,40,2025-05-18,2025-05-11,-1.0,1.0,2025-05-11,2025-07-27,2025-05-18,-10.0,93.35989173901804,65.38233460550124,-27.977557133516797,seasonal_naive
seasonal_naive,post_covid,2,SAN MIGUEL,2025-26,0.9,IT90,54.8832873966512,40,2025-07-20,2025-05-18,-9.0,9.0,2025-05-18,2025-07-27,2025-05-18,-10.0,93.35989173901804,65.38233460550124,-27.977557133516797,seasonal_naive
seasonal_naive,post_covid,2,SAN MIGUEL,2025-26,0.98,IT98,65.40139686030513,40,2025-07-27,,,,,2025-07-27,2025-05-18,-10.0,93.35989173901804,65.38233460550124,-27.977557133516797,seasonal_naive
seasonal_naive,post_covid,2,TIGRE,2024-25,0.5,IT50,22.292181427607932,13,,,,,,2024-11-17,2025-01-26,10.0,3.579826781131628,6.040957693159623,2.4611309120279947,seasonal_naive
seasonal_naive,post_covid,2,TIGRE,2024-25,0.9,IT90,51.59902428823632,13,,,,,,2024-11-17,2025-01-26,10.0,3.579826781131628,6.040957693159623,2.4611309120279947,seasonal_naive
seasonal_naive,post_covid,2,TIGRE,2024-25,0.98,IT98,88.26651373174553,13,,,,,,2024-11-17,2025-01-26,10.0,3.579826781131628,6.040957693159623,2.4611309120279947,seasonal_naive
seasonal_naive,post_covid,2,TIGRE,2025-26,0.5,IT50,22.292181427607932,40,2025-07-06,,,,,2025-07-13,2025-06-08,-5.0,40.72052963537227,16.332959688913053,-24.38756994645922,seasonal_naive
seasonal_naive,post_covid,2,TIGRE,2025-26,0.9,IT90,51.59902428823632,40,,,,,,2025-07-13,2025-06-08,-5.0,40.72052963537227,16.332959688913053,-24.38756994645922,seasonal_naive
seasonal_naive,post_covid,2,TIGRE,2025-26,0.98,IT98,88.26651373174553,40,,,,,,2025-07-13,2025-06-08,-5.0,40.72052963537227,16.332959688913053,-24.38756994645922,seasonal_naive
seasonal_naive,post_covid,2,TRES DE FEBRERO,2024-25,0.5,IT50,92.40050209783404,13,,,,,,2024-11-10,2025-01-19,10.0,49.97583585958438,52.72176090681429,2.7459250472299104,seasonal_naive
seasonal_naive,post_covid,2,TRES DE FEBRERO,2024-25,0.9,IT90,150.5622822202344,13,,,,,,2024-11-10,2025-01-19,10.0,49.97583585958438,52.72176090681429,2.7459250472299104,seasonal_naive
seasonal_naive,post_covid,2,TRES DE FEBRERO,2024-25,0.98,IT98,205.7567466717726,13,,,,,,2024-11-10,2025-01-19,10.0,49.97583585958438,52.72176090681429,2.7459250472299104,seasonal_naive
seasonal_naive,post_covid,2,TRES DE FEBRERO,2025-26,0.5,IT50,92.40050209783404,40,2025-06-01,2025-05-18,-2.0,2.0,2025-05-18,2025-06-01,2025-06-01,0.0,114.50507446948728,170.2473529282545,55.7422784587672,seasonal_naive
seasonal_naive,post_covid,2,TRES DE FEBRERO,2025-26,0.9,IT90,150.5622822202344,40,,2025-05-25,,,2025-05-25,2025-06-01,2025-06-01,0.0,114.50507446948728,170.2473529282545,55.7422784587672,seasonal_naive
seasonal_naive,post_covid,2,TRES DE FEBRERO,2025-26,0.98,IT98,205.7567466717726,40,,,,,,2025-06-01,2025-06-01,0.0,114.50507446948728,170.2473529282545,55.7422784587672,seasonal_naive
seasonal_naive,post_covid,2,VICENTE LÓPEZ,2024-25,0.5,IT50,105.82113989675452,13,,,,,,2024-11-10,2025-01-26,11.0,15.233101884653536,72.97718577299136,57.744083888337826,seasonal_naive
seasonal_naive,post_covid,2,VICENTE LÓPEZ,2024-25,0.9,IT90,168.616011392644,13,,,,,,2024-11-10,2025-01-26,11.0,15.233101884653536,72.97718577299136,57.744083888337826,seasonal_naive
seasonal_naive,post_covid,2,VICENTE LÓPEZ,2024-25,0.98,IT98,227.1548194913809,13,,,,,,2024-11-10,2025-01-26,11.0,15.233101884653536,72.97718577299136,57.744083888337826,seasonal_naive
seasonal_naive,post_covid,2,VICENTE LÓPEZ,2025-26,0.5,IT50,105.82113989675452,40,2025-05-25,2025-04-20,-5.0,5.0,2025-04-20,2025-05-25,2025-05-25,0.0,114.77965140994756,215.3889754853337,100.60932407538614,seasonal_naive
seasonal_naive,post_covid,2,VICENTE LÓPEZ,2025-26,0.9,IT90,168.616011392644,40,,2025-05-18,,,2025-05-18,2025-05-25,2025-05-25,0.0,114.77965140994756,215.3889754853337,100.60932407538614,seasonal_naive
seasonal_naive,post_covid,2,VICENTE LÓPEZ,2025-26,0.98,IT98,227.1548194913809,40,,,,,,2025-05-25,2025-05-25,0.0,114.77965140994756,215.3889754853337,100.60932407538614,seasonal_naive
seasonal_naive,post_covid,2,CITYWIDE,2024-25,0.5,IT50,77.06642887231719,13,,,,,,2024-11-10,2025-01-26,11.0,33.76782494046754,28.41324653143697,-5.3545784090305695,seasonal_naive
seasonal_naive,post_covid,2,CITYWIDE,2024-25,0.9,IT90,97.46007981062509,13,,,,,,2024-11-10,2025-01-26,11.0,33.76782494046754,28.41324653143697,-5.3545784090305695,seasonal_naive
seasonal_naive,post_covid,2,CITYWIDE,2024-25,0.98,IT98,113.25281678189309,13,,,,,,2024-11-10,2025-01-26,11.0,33.76782494046754,28.41324653143697,-5.3545784090305695,seasonal_naive
seasonal_naive,post_covid,2,CITYWIDE,2025-26,0.5,IT50,77.06642887231719,40,2025-05-18,2025-05-18,0.0,0.0,2025-05-18,2025-06-08,2025-05-25,-2.0,119.66687929898744,109.12035430022515,-10.546524998762294,seasonal_naive
seasonal_naive,post_covid,2,CITYWIDE,2025-26,0.9,IT90,97.46007981062509,40,2025-05-25,2025-05-25,0.0,0.0,2025-05-25,2025-06-08,2025-05-25,-2.0,119.66687929898744,109.12035430022515,-10.546524998762294,seasonal_naive
seasonal_naive,post_covid,2,CITYWIDE,2025-26,0.98,IT98,113.25281678189309,40,2025-06-08,,,,,2025-06-08,2025-05-25,-2.0,119.66687929898744,109.12035430022515,-10.546524998762294,seasonal_naive
xgboost,post_covid,2,ALMIRANTE BROWN,2024-25,0.5,IT50,45.51198712694632,13,,,,,,2024-12-01,2024-12-01,0.0,20.860870361328125,17.019978354766153,-3.8408920065619725,xgboost
xgboost,post_covid,2,ALMIRANTE BROWN,2024-25,0.9,IT90,59.3327355509796,13,,,,,,2024-12-01,2024-12-01,0.0,20.860870361328125,17.019978354766153,-3.8408920065619725,xgboost
xgboost,post_covid,2,ALMIRANTE BROWN,2024-25,0.98,IT98,70.30154029606965,13,,,,,,2024-12-01,2024-12-01,0.0,20.860870361328125,17.019978354766153,-3.8408920065619725,xgboost
xgboost,post_covid,2,ALMIRANTE BROWN,2025-26,0.5,IT50,45.51198712694632,40,,2025-06-01,,,2025-06-01,2025-06-08,2025-06-22,2.0,41.550750732421875,59.65901771656043,18.108266984138552,xgboost
xgboost,post_covid,2,ALMIRANTE BROWN,2025-26,0.9,IT90,59.3327355509796,40,,2025-06-22,,,2025-06-22,2025-06-08,2025-06-22,2.0,41.550750732421875,59.65901771656043,18.108266984138552,xgboost
xgboost,post_covid,2,ALMIRANTE BROWN,2025-26,0.98,IT98,70.30154029606965,40,,,,,,2025-06-08,2025-06-22,2.0,41.550750732421875,59.65901771656043,18.108266984138552,xgboost
xgboost,post_covid,2,AVELLANEDA,2024-25,0.5,IT50,245.84106655843968,13,,,,,,2024-11-24,2024-11-03,-3.0,130.04891967773438,89.97053244954687,-40.07838722818751,xgboost
xgboost,post_covid,2,AVELLANEDA,2024-25,0.9,IT90,374.7741671132419,13,,,,,,2024-11-24,2024-11-03,-3.0,130.04891967773438,89.97053244954687,-40.07838722818751,xgboost
xgboost,post_covid,2,AVELLANEDA,2024-25,0.98,IT98,490.7992503428019,13,,,,,,2024-11-24,2024-11-03,-3.0,130.04891967773438,89.97053244954687,-40.07838722818751,xgboost
xgboost,post_covid,2,AVELLANEDA,2025-26,0.5,IT50,245.84106655843968,40,2025-05-25,2025-05-04,-3.0,3.0,2025-05-04,2025-06-01,2025-05-11,-3.0,323.761962890625,308.0772494483896,-15.68471344223542,xgboost
xgboost,post_covid,2,AVELLANEDA,2025-26,0.9,IT90,374.7741671132419,40,,,,,,2025-06-01,2025-05-11,-3.0,323.761962890625,308.0772494483896,-15.68471344223542,xgboost
xgboost,post_covid,2,AVELLANEDA,2025-26,0.98,IT98,490.7992503428019,40,,,,,,2025-06-01,2025-05-11,-3.0,323.761962890625,308.0772494483896,-15.68471344223542,xgboost
xgboost,post_covid,2,EZEIZA,2024-25,0.5,IT50,139.80229436412165,13,,,,,,2024-11-03,2024-11-03,0.0,44.662574768066406,54.4239884335685,9.761413665502097,xgboost
xgboost,post_covid,2,EZEIZA,2024-25,0.9,IT90,180.23131160603506,13,,,,,,2024-11-03,2024-11-03,0.0,44.662574768066406,54.4239884335685,9.761413665502097,xgboost
xgboost,post_covid,2,EZEIZA,2024-25,0.98,IT98,212.02965427114694,13,,,,,,2024-11-03,2024-11-03,0.0,44.662574768066406,54.4239884335685,9.761413665502097,xgboost
xgboost,post_covid,2,EZEIZA,2025-26,0.5,IT50,139.80229436412165,40,2025-05-25,2025-05-18,-1.0,1.0,2025-05-18,2025-06-08,2025-06-08,0.0,186.09405517578125,164.67875232043826,-21.415302855342986,xgboost
xgboost,post_covid,2,EZEIZA,2025-26,0.9,IT90,180.23131160603506,40,2025-06-08,,,,,2025-06-08,2025-06-08,0.0,186.09405517578125,164.67875232043826,-21.415302855342986,xgboost
xgboost,post_covid,2,EZEIZA,2025-26,0.98,IT98,212.02965427114694,40,,,,,,2025-06-08,2025-06-08,0.0,186.09405517578125,164.67875232043826,-21.415302855342986,xgboost
xgboost,post_covid,2,FLORENCIO VARELA,2024-25,0.5,IT50,92.52865090835965,13,,,,,,2024-11-10,2024-11-03,-1.0,47.53914260864258,35.20444666450092,-12.334695944141657,xgboost
xgboost,post_covid,2,FLORENCIO VARELA,2024-25,0.9,IT90,129.20404508235538,13,,,,,,2024-11-10,2024-11-03,-1.0,47.53914260864258,35.20444666450092,-12.334695944141657,xgboost
xgboost,post_covid,2,FLORENCIO VARELA,2024-25,0.98,IT98,159.96645580277627,13,,,,,,2024-11-10,2024-11-03,-1.0,47.53914260864258,35.20444666450092,-12.334695944141657,xgboost
xgboost,post_covid,2,FLORENCIO VARELA,2025-26,0.5,IT50,92.52865090835965,40,2025-05-25,2025-05-18,-1.0,1.0,2025-05-18,2025-06-08,2025-06-08,0.0,146.44473266601562,119.9736234509246,-26.47110921509102,xgboost
xgboost,post_covid,2,FLORENCIO VARELA,2025-26,0.9,IT90,129.20404508235538,40,2025-06-08,,,,,2025-06-08,2025-06-08,0.0,146.44473266601562,119.9736234509246,-26.47110921509102,xgboost
xgboost,post_covid,2,FLORENCIO VARELA,2025-26,0.98,IT98,159.96645580277627,40,,,,,,2025-06-08,2025-06-08,0.0,146.44473266601562,119.9736234509246,-26.47110921509102,xgboost
xgboost,post_covid,2,GENERAL SAN MARTÍN,2024-25,0.5,IT50,77.94711365203958,13,,,,,,2024-11-17,2024-11-03,-2.0,38.62220764160156,38.09040331758862,-0.5318043240129455,xgboost
xgboost,post_covid,2,GENERAL SAN MARTÍN,2024-25,0.9,IT90,119.50868958439348,13,,,,,,2024-11-17,2024-11-03,-2.0,38.62220764160156,38.09040331758862,-0.5318043240129455,xgboost
xgboost,post_covid,2,GENERAL SAN MARTÍN,2024-25,0.98,IT98,157.08069982681235,13,,,,,,2024-11-17,2024-11-03,-2.0,38.62220764160156,38.09040331758862,-0.5318043240129455,xgboost
xgboost,post_covid,2,GENERAL SAN MARTÍN,2025-26,0.5,IT50,77.94711365203958,40,2025-05-18,2025-05-18,0.0,0.0,2025-05-18,2025-06-01,2025-06-08,1.0,98.99715423583984,101.91784110532312,2.9206868694832764,xgboost
xgboost,post_covid,2,GENERAL SAN MARTÍN,2025-26,0.9,IT90,119.50868958439348,40,,,,,,2025-06-01,2025-06-08,1.0,98.99715423583984,101.91784110532312,2.9206868694832764,xgboost
xgboost,post_covid,2,GENERAL SAN MARTÍN,2025-26,0.98,IT98,157.08069982681235,40,,,,,,2025-06-01,2025-06-08,1.0,98.99715423583984,101.91784110532312,2.9206868694832764,xgboost
xgboost,post_covid,2,JOSÉ C. PAZ,2024-25,0.5,IT50,222.17859568980776,13,,,,,,2024-11-03,2024-12-15,6.0,178.59762573242188,44.15863102558204,-134.43899470683982,xgboost
xgboost,post_covid,2,JOSÉ C. PAZ,2024-25,0.9,IT90,355.8888420506266,13,,,,,,2024-11-03,2024-12-15,6.0,178.59762573242188,44.15863102558204,-134.43899470683982,xgboost
xgboost,post_covid,2,JOSÉ C. PAZ,2024-25,0.98,IT98,481.06046989083103,13,,,,,,2024-11-03,2024-12-15,6.0,178.59762573242188,44.15863102558204,-134.43899470683982,xgboost
xgboost,post_covid,2,JOSÉ C. PAZ,2025-26,0.5,IT50,222.17859568980776,40,2025-03-16,,,,,2025-05-25,2025-06-08,2.0,740.6908569335938,176.4203220470477,-564.2705348865461,xgboost
xgboost,post_covid,2,JOSÉ C. PAZ,2025-26,0.9,IT90,355.8888420506266,40,2025-05-04,,,,,2025-05-25,2025-06-08,2.0,740.6908569335938,176.4203220470477,-564.2705348865461,xgboost
xgboost,post_covid,2,JOSÉ C. PAZ,2025-26,0.98,IT98,481.06046989083103,40,2025-05-25,,,,,2025-05-25,2025-06-08,2.0,740.6908569335938,176.4203220470477,-564.2705348865461,xgboost
xgboost,post_covid,2,LA MATANZA,2024-25,0.5,IT50,24.512107570850826,13,,,,,,2024-11-10,2024-12-01,3.0,16.401927947998047,13.754180971331929,-2.6477469766661184,xgboost
xgboost,post_covid,2,LA MATANZA,2024-25,0.9,IT90,49.0533041651205,13,,,,,,2024-11-10,2024-12-01,3.0,16.401927947998047,13.754180971331929,-2.6477469766661184,xgboost
xgboost,post_covid,2,LA MATANZA,2024-25,0.98,IT98,76.45298521130762,13,,,,,,2024-11-10,2024-12-01,3.0,16.401927947998047,13.754180971331929,-2.6477469766661184,xgboost
xgboost,post_covid,2,LA MATANZA,2025-26,0.5,IT50,24.512107570850826,40,2025-03-16,2025-04-06,3.0,-3.0,2025-04-06,2025-06-01,2025-05-25,-1.0,53.17048645019531,48.41254323673059,-4.757943213464721,xgboost
xgboost,post_covid,2,LA MATANZA,2025-26,0.9,IT90,49.0533041651205,40,2025-06-01,,,,,2025-06-01,2025-05-25,-1.0,53.17048645019531,48.41254323673059,-4.757943213464721,xgboost
xgboost,post_covid,2,LA MATANZA,2025-26,0.98,IT98,76.45298521130762,40,,,,,,2025-06-01,2025-05-25,-1.0,53.17048645019531,48.41254323673059,-4.757943213464721,xgboost
xgboost,post_covid,2,LANÚS,2024-25,0.5,IT50,132.6029855198303,13,,,,,,2024-11-03,2024-11-03,0.0,51.813812255859375,69.23927705818745,17.42546480232808,xgboost
xgboost,post_covid,2,LANÚS,2024-25,0.9,IT90,190.48996986250967,13,,,,,,2024-11-03,2024-11-03,0.0,51.813812255859375,69.23927705818745,17.42546480232808,xgboost
xgboost,post_covid,2,LANÚS,2024-25,0.98,IT98,240.1624128185746,13,,,,,,2024-11-03,2024-11-03,0.0,51.813812255859375,69.23927705818745,17.42546480232808,xgboost
xgboost,post_covid,2,LANÚS,2025-26,0.5,IT50,132.6029855198303,40,2025-05-25,2025-05-11,-2.0,2.0,2025-05-11,2025-06-01,2025-06-15,2.0,171.48419189453125,170.43960025131017,-1.0445916432210822,xgboost
xgboost,post_covid,2,LANÚS,2025-26,0.9,IT90,190.48996986250967,40,,,,,,2025-06-01,2025-06-15,2.0,171.48419189453125,170.43960025131017,-1.0445916432210822,xgboost
xgboost,post_covid,2,LANÚS,2025-26,0.98,IT98,240.1624128185746,40,,,,,,2025-06-01,2025-06-15,2.0,171.48419189453125,170.43960025131017,-1.0445916432210822,xgboost
xgboost,post_covid,2,LOMAS DE ZAMORA,2024-25,0.5,IT50,8.281330480989212,10,,2025-01-19,,,2025-01-19,2024-11-10,2025-01-19,10.0,1.448267936706543,13.93236821949573,12.484100282789187,xgboost
xgboost,post_covid,2,LOMAS DE ZAMORA,2024-25,0.9,IT90,13.281987582112178,10,,2025-01-19,,,2025-01-19,2024-11-10,2025-01-19,10.0,1.448267936706543,13.93236821949573,12.484100282789187,xgboost
xgboost,post_covid,2,LOMAS DE ZAMORA,2024-25,0.98,IT98,17.968039817353144,10,,,,,,2024-11-10,2025-01-19,10.0,1.448267936706543,13.93236821949573,12.484100282789187,xgboost
xgboost,post_covid,2,LOMAS DE ZAMORA,2025-26,0.5,IT50,8.281330480989212,31,,2025-05-11,,,2025-05-11,2025-06-15,2025-05-11,-5.0,1.593094825744629,16.13768296147005,14.54458813572542,xgboost
xgboost,post_covid,2,LOMAS DE ZAMORA,2025-26,0.9,IT90,13.281987582112178,31,,2025-05-11,,,2025-05-11,2025-06-15,2025-05-11,-5.0,1.593094825744629,16.13768296147005,14.54458813572542,xgboost
xgboost,post_covid,2,LOMAS DE ZAMORA,2025-26,0.98,IT98,17.968039817353144,31,,,,,,2025-06-15,2025-05-11,-5.0,1.593094825744629,16.13768296147005,14.54458813572542,xgboost
xgboost,post_covid,2,MALVINAS ARGENTINAS,2024-25,0.5,IT50,19.75908456675979,13,,,,,,2024-11-17,2024-12-08,3.0,9.125284194946287,17.89398862464062,8.768704429694333,xgboost
xgboost,post_covid,2,MALVINAS ARGENTINAS,2024-25,0.9,IT90,75.76432319476002,13,,,,,,2024-11-17,2024-12-08,3.0,9.125284194946287,17.89398862464062,8.768704429694333,xgboost
xgboost,post_covid,2,MALVINAS ARGENTINAS,2024-25,0.98,IT98,178.99536057166898,13,,,,,,2024-11-17,2024-12-08,3.0,9.125284194946287,17.89398862464062,8.768704429694333,xgboost
xgboost,post_covid,2,MALVINAS ARGENTINAS,2025-26,0.5,IT50,19.75908456675979,40,2025-04-27,2025-05-04,1.0,-1.0,2025-05-04,2025-06-08,2025-05-25,-2.0,137.44960021972656,26.078449210896142,-111.37115100883042,xgboost
xgboost,post_covid,2,MALVINAS ARGENTINAS,2025-26,0.9,IT90,75.76432319476002,40,2025-04-27,,,,,2025-06-08,2025-05-25,-2.0,137.44960021972656,26.078449210896142,-111.37115100883042,xgboost
xgboost,post_covid,2,MALVINAS ARGENTINAS,2025-26,0.98,IT98,178.99536057166898,40,,,,,,2025-06-08,2025-05-25,-2.0,137.44960021972656,26.078449210896142,-111.37115100883042,xgboost
xgboost,post_covid,2,MERLO,2024-25,0.5,IT50,93.32449393075508,13,,,,,,2024-12-15,2024-12-29,2.0,23.86323356628418,21.91197201863515,-1.951261547649029,xgboost
xgboost,post_covid,2,MERLO,2024-25,0.9,IT90,164.5170716895135,13,,,,,,2024-12-15,2024-12-29,2.0,23.86323356628418,21.91197201863515,-1.951261547649029,xgboost
xgboost,post_covid,2,MERLO,2024-25,0.98,IT98,236.4333757518645,13,,,,,,2024-12-15,2024-12-29,2.0,23.86323356628418,21.91197201863515,-1.951261547649029,xgboost
xgboost,post_covid,2,MERLO,2025-26,0.5,IT50,93.32449393075508,40,,,,,,2025-06-15,2025-07-06,3.0,60.0872802734375,89.56472331342081,29.477443039983314,xgboost
xgboost,post_covid,2,MERLO,2025-26,0.9,IT90,164.5170716895135,40,,,,,,2025-06-15,2025-07-06,3.0,60.0872802734375,89.56472331342081,29.477443039983314,xgboost
xgboost,post_covid,2,MERLO,2025-26,0.98,IT98,236.4333757518645,40,,,,,,2025-06-15,2025-07-06,3.0,60.0872802734375,89.56472331342081,29.477443039983314,xgboost
xgboost,post_covid,2,MORENO,2024-25,0.5,IT50,101.79720605127496,13,,,,,,2024-11-24,2024-12-08,2.0,51.15914535522461,39.875089678392214,-11.284055676832395,xgboost
xgboost,post_covid,2,MORENO,2024-25,0.9,IT90,214.46725243408844,13,,,,,,2024-11-24,2024-12-08,2.0,51.15914535522461,39.875089678392214,-11.284055676832395,xgboost
xgboost,post_covid,2,MORENO,2024-25,0.98,IT98,345.44262322711484,13,,,,,,2024-11-24,2024-12-08,2.0,51.15914535522461,39.875089678392214,-11.284055676832395,xgboost
xgboost,post_covid,2,MORENO,2025-26,0.5,IT50,101.79720605127496,40,2025-05-25,2025-05-04,-3.0,3.0,2025-05-04,2025-07-13,2025-05-25,-7.0,197.0060577392578,176.70631924661248,-20.299738492645332,xgboost
xgboost,post_covid,2,MORENO,2025-26,0.9,IT90,214.46725243408844,40,,,,,,2025-07-13,2025-05-25,-7.0,197.0060577392578,176.70631924661248,-20.299738492645332,xgboost
xgboost,post_covid,2,MORENO,2025-26,0.98,IT98,345.44262322711484,40,,,,,,2025-07-13,2025-05-25,-7.0,197.0060577392578,176.70631924661248,-20.299738492645332,xgboost
xgboost,post_covid,2,MORÓN,2024-25,0.5,IT50,28.847000469649124,13,,,,,,2024-11-03,2024-11-24,3.0,24.45777702331543,20.16844657500489,-4.28933044831054,xgboost
xgboost,post_covid,2,MORÓN,2024-25,0.9,IT90,57.29975452086349,13,,,,,,2024-11-03,2024-11-24,3.0,24.45777702331543,20.16844657500489,-4.28933044831054,xgboost
xgboost,post_covid,2,MORÓN,2024-25,0.98,IT98,88.88106833465432,13,,,,,,2024-11-03,2024-11-24,3.0,24.45777702331543,20.16844657500489,-4.28933044831054,xgboost
xgboost,post_covid,2,MORÓN,2025-26,0.5,IT50,28.847000469649124,40,2025-05-25,2025-05-25,0.0,0.0,2025-05-25,2025-06-08,2025-06-08,0.0,54.04866790771485,50.68201796235929,-3.3666499453555616,xgboost
xgboost,post_covid,2,MORÓN,2025-26,0.9,IT90,57.29975452086349,40,,,,,,2025-06-08,2025-06-08,0.0,54.04866790771485,50.68201796235929,-3.3666499453555616,xgboost
xgboost,post_covid,2,MORÓN,2025-26,0.98,IT98,88.88106833465432,40,,,,,,2025-06-08,2025-06-08,0.0,54.04866790771485,50.68201796235929,-3.3666499453555616,xgboost
xgboost,post_covid,2,QUILMES,2024-25,0.5,IT50,46.34689792435932,13,,,,,,2024-11-24,2024-11-03,-3.0,14.99863338470459,18.336266548471336,3.3376331637667462,xgboost
xgboost,post_covid,2,QUILMES,2024-25,0.9,IT90,80.98262048145082,13,,,,,,2024-11-24,2024-11-03,-3.0,14.99863338470459,18.336266548471336,3.3376331637667462,xgboost
xgboost,post_covid,2,QUILMES,2024-25,0.98,IT98,115.72591322033615,13,,,,,,2024-11-24,2024-11-03,-3.0,14.99863338470459,18.336266548471336,3.3376331637667462,xgboost
xgboost,post_covid,2,QUILMES,2025-26,0.5,IT50,46.34689792435932,40,,2025-06-15,,,2025-06-15,2025-06-08,2025-06-15,1.0,39.62797164916992,52.302243469119,12.674271819949077,xgboost
xgboost,post_covid,2,QUILMES,2025-26,0.9,IT90,80.98262048145082,40,,,,,,2025-06-08,2025-06-15,1.0,39.62797164916992,52.302243469119,12.674271819949077,xgboost
xgboost,post_covid,2,QUILMES,2025-26,0.98,IT98,115.72591322033615,40,,,,,,2025-06-08,2025-06-15,1.0,39.62797164916992,52.302243469119,12.674271819949077,xgboost
xgboost,post_covid,2,SAN ISIDRO,2024-25,0.5,IT50,31.02709117627285,13,,,,,,2024-12-15,2025-01-26,6.0,9.082284927368164,17.15976505122014,8.077480123851977,xgboost
xgboost,post_covid,2,SAN ISIDRO,2024-25,0.9,IT90,61.06994953059092,13,,,,,,2024-12-15,2025-01-26,6.0,9.082284927368164,17.15976505122014,8.077480123851977,xgboost
xgboost,post_covid,2,SAN ISIDRO,2024-25,0.98,IT98,94.17754601713678,13,,,,,,2024-12-15,2025-01-26,6.0,9.082284927368164,17.15976505122014,8.077480123851977,xgboost
xgboost,post_covid,2,SAN ISIDRO,2025-26,0.5,IT50,31.02709117627285,37,,,,,,2025-03-30,2025-02-23,-5.0,29.937904357910156,24.130044220471397,-5.807860137438759,xgboost
xgboost,post_covid,2,SAN ISIDRO,2025-26,0.9,IT90,61.06994953059092,37,,,,,,2025-03-30,2025-02-23,-5.0,29.937904357910156,24.130044220471397,-5.807860137438759,xgboost
xgboost,post_covid,2,SAN ISIDRO,2025-26,0.98,IT98,94.17754601713678,37,,,,,,2025-03-30,2025-02-23,-5.0,29.937904357910156,24.130044220471397,-5.807860137438759,xgboost
xgboost,post_covid,2,SAN MIGUEL,2024-25,0.5,IT50,41.72536470891113,13,,,,,,2024-11-10,2024-12-01,3.0,21.895479202270508,33.11456267208507,11.219083469814564,xgboost
xgboost,post_covid,2,SAN MIGUEL,2024-25,0.9,IT90,54.8832873966512,13,,,,,,2024-11-10,2024-12-01,3.0,21.895479202270508,33.11456267208507,11.219083469814564,xgboost
xgboost,post_covid,2,SAN MIGUEL,2024-25,0.98,IT98,65.40139686030513,13,,,,,,2024-11-10,2024-12-01,3.0,21.895479202270508,33.11456267208507,11.219083469814564,xgboost
xgboost,post_covid,2,SAN MIGUEL,2025-26,0.5,IT50,41.72536470891113,40,2025-05-18,2025-05-11,-1.0,1.0,2025-05-11,2025-07-27,2025-06-01,-8.0,93.35989379882812,58.62130281139794,-34.738590987430186,xgboost
xgboost,post_covid,2,SAN MIGUEL,2025-26,0.9,IT90,54.8832873966512,40,2025-07-20,2025-06-01,-7.0,7.0,2025-06-01,2025-07-27,2025-06-01,-8.0,93.35989379882812,58.62130281139794,-34.738590987430186,xgboost
xgboost,post_covid,2,SAN MIGUEL,2025-26,0.98,IT98,65.40139686030513,40,2025-07-27,,,,,2025-07-27,2025-06-01,-8.0,93.35989379882812,58.62130281139794,-34.738590987430186,xgboost
xgboost,post_covid,2,TIGRE,2024-25,0.5,IT50,22.292181427607932,13,,,,,,2024-11-17,2024-11-10,-1.0,3.579826831817627,8.522773550156085,4.942946718338458,xgboost
xgboost,post_covid,2,TIGRE,2024-25,0.9,IT90,51.59902428823632,13,,,,,,2024-11-17,2024-11-10,-1.0,3.579826831817627,8.522773550156085,4.942946718338458,xgboost
xgboost,post_covid,2,TIGRE,2024-25,0.98,IT98,88.26651373174553,13,,,,,,2024-11-17,2024-11-10,-1.0,3.579826831817627,8.522773550156085,4.942946718338458,xgboost
xgboost,post_covid,2,TIGRE,2025-26,0.5,IT50,22.292181427607932,40,2025-07-06,2025-06-08,-4.0,4.0,2025-06-08,2025-07-13,2025-07-27,2.0,40.72053527832031,32.58175082470878,-8.138784453611535,xgboost
xgboost,post_covid,2,TIGRE,2025-26,0.9,IT90,51.59902428823632,40,,,,,,2025-07-13,2025-07-27,2.0,40.72053527832031,32.58175082470878,-8.138784453611535,xgboost
xgboost,post_covid,2,TIGRE,2025-26,0.98,IT98,88.26651373174553,40,,,,,,2025-07-13,2025-07-27,2.0,40.72053527832031,32.58175082470878,-8.138784453611535,xgboost
xgboost,post_covid,2,TRES DE FEBRERO,2024-25,0.5,IT50,92.40050209783404,13,,,,,,2024-11-10,2024-11-10,0.0,49.97583770751953,33.35487081421181,-16.620966893307724,xgboost
xgboost,post_covid,2,TRES DE FEBRERO,2024-25,0.9,IT90,150.5622822202344,13,,,,,,2024-11-10,2024-11-10,0.0,49.97583770751953,33.35487081421181,-16.620966893307724,xgboost
xgboost,post_covid,2,TRES DE FEBRERO,2024-25,0.98,IT98,205.7567466717726,13,,,,,,2024-11-10,2024-11-10,0.0,49.97583770751953,33.35487081421181,-16.620966893307724,xgboost
xgboost,post_covid,2,TRES DE FEBRERO,2025-26,0.5,IT50,92.40050209783404,40,2025-06-01,,,,,2025-06-01,2025-05-25,-1.0,114.50506591796876,88.15971143788241,-26.345354480086357,xgboost
xgboost,post_covid,2,TRES DE FEBRERO,2025-26,0.9,IT90,150.5622822202344,40,,,,,,2025-06-01,2025-05-25,-1.0,114.50506591796876,88.15971143788241,-26.345354480086357,xgboost
xgboost,post_covid,2,TRES DE FEBRERO,2025-26,0.98,IT98,205.7567466717726,40,,,,,,2025-06-01,2025-05-25,-1.0,114.50506591796876,88.15971143788241,-26.345354480086357,xgboost
xgboost,post_covid,2,VICENTE LÓPEZ,2024-25,0.5,IT50,105.82113989675452,13,,,,,,2024-11-10,2024-11-03,-1.0,15.23310089111328,33.400720885439604,18.167619994326323,xgboost
xgboost,post_covid,2,VICENTE LÓPEZ,2024-25,0.9,IT90,168.616011392644,13,,,,,,2024-11-10,2024-11-03,-1.0,15.23310089111328,33.400720885439604,18.167619994326323,xgboost
xgboost,post_covid,2,VICENTE LÓPEZ,2024-25,0.98,IT98,227.1548194913809,13,,,,,,2024-11-10,2024-11-03,-1.0,15.23310089111328,33.400720885439604,18.167619994326323,xgboost
xgboost,post_covid,2,VICENTE LÓPEZ,2025-26,0.5,IT50,105.82113989675452,40,2025-05-25,,,,,2025-05-25,2025-06-08,2.0,114.77964782714844,101.00935493682177,-13.770292890326672,xgboost
xgboost,post_covid,2,VICENTE LÓPEZ,2025-26,0.9,IT90,168.616011392644,40,,,,,,2025-05-25,2025-06-08,2.0,114.77964782714844,101.00935493682177,-13.770292890326672,xgboost
xgboost,post_covid,2,VICENTE LÓPEZ,2025-26,0.98,IT98,227.1548194913809,40,,,,,,2025-05-25,2025-06-08,2.0,114.77964782714844,101.00935493682177,-13.770292890326672,xgboost
xgboost,post_covid,2,CITYWIDE,2024-25,0.5,IT50,77.06642887231719,13,,,,,,2024-11-10,2024-11-03,-1.0,33.767825954838806,28.530072128526992,-5.237753826311813,xgboost
xgboost,post_covid,2,CITYWIDE,2024-25,0.9,IT90,97.46007981062509,13,,,,,,2024-11-10,2024-11-03,-1.0,33.767825954838806,28.530072128526992,-5.237753826311813,xgboost
xgboost,post_covid,2,CITYWIDE,2024-25,0.98,IT98,113.25281678189309,13,,,,,,2024-11-10,2024-11-03,-1.0,33.767825954838806,28.530072128526992,-5.237753826311813,xgboost
xgboost,post_covid,2,CITYWIDE,2025-26,0.5,IT50,77.06642887231719,40,2025-05-18,2025-05-18,0.0,0.0,2025-05-18,2025-06-08,2025-06-08,0.0,119.66687754580849,90.84735689125857,-28.81952065454992,xgboost
xgboost,post_covid,2,CITYWIDE,2025-26,0.9,IT90,97.46007981062509,40,2025-05-25,,,,,2025-06-08,2025-06-08,0.0,119.66687754580849,90.84735689125857,-28.81952065454992,xgboost
xgboost,post_covid,2,CITYWIDE,2025-26,0.98,IT98,113.25281678189309,40,2025-06-08,,,,,2025-06-08,2025-06-08,0.0,119.66687754580849,90.84735689125857,-28.81952065454992,xgboost
xgboost_nodemo,post_covid,2,ALMIRANTE BROWN,2024-25,0.5,IT50,45.51198712694632,13,,,,,,2024-12-01,2024-12-08,1.0,20.860870361328125,21.288398617031895,0.42752825570376984,xgboost_nodemo
xgboost_nodemo,post_covid,2,ALMIRANTE BROWN,2024-25,0.9,IT90,59.3327355509796,13,,,,,,2024-12-01,2024-12-08,1.0,20.860870361328125,21.288398617031895,0.42752825570376984,xgboost_nodemo
xgboost_nodemo,post_covid,2,ALMIRANTE BROWN,2024-25,0.98,IT98,70.30154029606965,13,,,,,,2024-12-01,2024-12-08,1.0,20.860870361328125,21.288398617031895,0.42752825570376984,xgboost_nodemo
xgboost_nodemo,post_covid,2,ALMIRANTE BROWN,2025-26,0.5,IT50,45.51198712694632,40,,2025-05-18,,,2025-05-18,2025-06-08,2025-06-22,2.0,41.550750732421875,64.85970893970496,23.308958207283084,xgboost_nodemo
xgboost_nodemo,post_covid,2,ALMIRANTE BROWN,2025-26,0.9,IT90,59.3327355509796,40,,2025-06-22,,,2025-06-22,2025-06-08,2025-06-22,2.0,41.550750732421875,64.85970893970496,23.308958207283084,xgboost_nodemo
xgboost_nodemo,post_covid,2,ALMIRANTE BROWN,2025-26,0.98,IT98,70.30154029606965,40,,,,,,2025-06-08,2025-06-22,2.0,41.550750732421875,64.85970893970496,23.308958207283084,xgboost_nodemo
xgboost_nodemo,post_covid,2,AVELLANEDA,2024-25,0.5,IT50,245.84106655843968,13,,,,,,2024-11-24,2024-11-03,-3.0,130.04891967773438,88.70655945188146,-41.342360225852914,xgboost_nodemo
xgboost_nodemo,post_covid,2,AVELLANEDA,2024-25,0.9,IT90,374.7741671132419,13,,,,,,2024-11-24,2024-11-03,-3.0,130.04891967773438,88.70655945188146,-41.342360225852914,xgboost_nodemo
xgboost_nodemo,post_covid,2,AVELLANEDA,2024-25,0.98,IT98,490.7992503428019,13,,,,,,2024-11-24,2024-11-03,-3.0,130.04891967773438,88.70655945188146,-41.342360225852914,xgboost_nodemo
xgboost_nodemo,post_covid,2,AVELLANEDA,2025-26,0.5,IT50,245.84106655843968,40,2025-05-25,2025-05-04,-3.0,3.0,2025-05-04,2025-06-01,2025-05-11,-3.0,323.761962890625,313.3447074104257,-10.417255480199287,xgboost_nodemo
xgboost_nodemo,post_covid,2,AVELLANEDA,2025-26,0.9,IT90,374.7741671132419,40,,,,,,2025-06-01,2025-05-11,-3.0,323.761962890625,313.3447074104257,-10.417255480199287,xgboost_nodemo
xgboost_nodemo,post_covid,2,AVELLANEDA,2025-26,0.98,IT98,490.7992503428019,40,,,,,,2025-06-01,2025-05-11,-3.0,323.761962890625,313.3447074104257,-10.417255480199287,xgboost_nodemo
xgboost_nodemo,post_covid,2,EZEIZA,2024-25,0.5,IT50,139.80229436412165,13,,,,,,2024-11-03,2024-11-03,0.0,44.662574768066406,56.80022120663407,12.137646438567664,xgboost_nodemo
xgboost_nodemo,post_covid,2,EZEIZA,2024-25,0.9,IT90,180.23131160603506,13,,,,,,2024-11-03,2024-11-03,0.0,44.662574768066406,56.80022120663407,12.137646438567664,xgboost_nodemo
xgboost_nodemo,post_covid,2,EZEIZA,2024-25,0.98,IT98,212.02965427114694,13,,,,,,2024-11-03,2024-11-03,0.0,44.662574768066406,56.80022120663407,12.137646438567664,xgboost_nodemo
xgboost_nodemo,post_covid,2,EZEIZA,2025-26,0.5,IT50,139.80229436412165,40,2025-05-25,2025-05-18,-1.0,1.0,2025-05-18,2025-06-08,2025-06-08,0.0,186.09405517578125,170.15442075076663,-15.939634425014617,xgboost_nodemo
xgboost_nodemo,post_covid,2,EZEIZA,2025-26,0.9,IT90,180.23131160603506,40,2025-06-08,,,,,2025-06-08,2025-06-08,0.0,186.09405517578125,170.15442075076663,-15.939634425014617,xgboost_nodemo
xgboost_nodemo,post_covid,2,EZEIZA,2025-26,0.98,IT98,212.02965427114694,40,,,,,,2025-06-08,2025-06-08,0.0,186.09405517578125,170.15442075076663,-15.939634425014617,xgboost_nodemo
xgboost_nodemo,post_covid,2,FLORENCIO VARELA,2024-25,0.5,IT50,92.52865090835965,13,,,,,,2024-11-10,2024-11-03,-1.0,47.53914260864258,29.77428995673725,-17.76485265190533,xgboost_nodemo
xgboost_nodemo,post_covid,2,FLORENCIO VARELA,2024-25,0.9,IT90,129.20404508235538,13,,,,,,2024-11-10,2024-11-03,-1.0,47.53914260864258,29.77428995673725,-17.76485265190533,xgboost_nodemo
xgboost_nodemo,post_covid,2,FLORENCIO VARELA,2024-25,0.98,IT98,159.96645580277627,13,,,,,,2024-11-10,2024-11-03,-1.0,47.53914260864258,29.77428995673725,-17.76485265190533,xgboost_nodemo
xgboost_nodemo,post_covid,2,FLORENCIO VARELA,2025-26,0.5,IT50,92.52865090835965,40,2025-05-25,2025-05-18,-1.0,1.0,2025-05-18,2025-06-08,2025-06-08,0.0,146.44473266601562,116.51444261901544,-29.930290047000184,xgboost_nodemo
xgboost_nodemo,post_covid,2,FLORENCIO VARELA,2025-26,0.9,IT90,129.20404508235538,40,2025-06-08,,,,,2025-06-08,2025-06-08,0.0,146.44473266601562,116.51444261901544,-29.930290047000184,xgboost_nodemo
xgboost_nodemo,post_covid,2,FLORENCIO VARELA,2025-26,0.98,IT98,159.96645580277627,40,,,,,,2025-06-08,2025-06-08,0.0,146.44473266601562,116.51444261901544,-29.930290047000184,xgboost_nodemo
xgboost_nodemo,post_covid,2,GENERAL SAN MARTÍN,2024-25,0.5,IT50,77.94711365203958,13,,,,,,2024-11-17,2024-11-03,-2.0,38.62220764160156,41.86533188738232,3.2431242457807556,xgboost_nodemo
xgboost_nodemo,post_covid,2,GENERAL SAN MARTÍN,2024-25,0.9,IT90,119.50868958439348,13,,,,,,2024-11-17,2024-11-03,-2.0,38.62220764160156,41.86533188738232,3.2431242457807556,xgboost_nodemo
xgboost_nodemo,post_covid,2,GENERAL SAN MARTÍN,2024-25,0.98,IT98,157.08069982681235,13,,,,,,2024-11-17,2024-11-03,-2.0,38.62220764160156,41.86533188738232,3.2431242457807556,xgboost_nodemo
xgboost_nodemo,post_covid,2,GENERAL SAN MARTÍN,2025-26,0.5,IT50,77.94711365203958,40,2025-05-18,2025-05-11,-1.0,1.0,2025-05-11,2025-06-01,2025-06-08,1.0,98.99715423583984,102.75102677808312,3.753872542243272,xgboost_nodemo
xgboost_nodemo,post_covid,2,GENERAL SAN MARTÍN,2025-26,0.9,IT90,119.50868958439348,40,,,,,,2025-06-01,2025-06-08,1.0,98.99715423583984,102.75102677808312,3.753872542243272,xgboost_nodemo
xgboost_nodemo,post_covid,2,GENERAL SAN MARTÍN,2025-26,0.98,IT98,157.08069982681235,40,,,,,,2025-06-01,2025-06-08,1.0,98.99715423583984,102.75102677808312,3.753872542243272,xgboost_nodemo
xgboost_nodemo,post_covid,2,JOSÉ C. PAZ,2024-25,0.5,IT50,222.17859568980776,13,,,,,,2024-11-03,2024-12-08,5.0,178.59762573242188,37.15096108346367,-141.4466646489582,xgboost_nodemo
xgboost_nodemo,post_covid,2,JOSÉ C. PAZ,2024-25,0.9,IT90,355.8888420506266,13,,,,,,2024-11-03,2024-12-08,5.0,178.59762573242188,37.15096108346367,-141.4466646489582,xgboost_nodemo
xgboost_nodemo,post_covid,2,JOSÉ C. PAZ,2024-25,0.98,IT98,481.06046989083103,13,,,,,,2024-11-03,2024-12-08,5.0,178.59762573242188,37.15096108346367,-141.4466646489582,xgboost_nodemo
xgboost_nodemo,post_covid,2,JOSÉ C. PAZ,2025-26,0.5,IT50,222.17859568980776,40,2025-03-16,,,,,2025-05-25,2025-06-08,2.0,740.6908569335938,177.60927258568296,-563.0815843479108,xgboost_nodemo
xgboost_nodemo,post_covid,2,JOSÉ C. PAZ,2025-26,0.9,IT90,355.8888420506266,40,2025-05-04,,,,,2025-05-25,2025-06-08,2.0,740.6908569335938,177.60927258568296,-563.0815843479108,xgboost_nodemo
xgboost_nodemo,post_covid,2,JOSÉ C. PAZ,2025-26,0.98,IT98,481.06046989083103,40,2025-05-25,,,,,2025-05-25,2025-06-08,2.0,740.6908569335938,177.60927258568296,-563.0815843479108,xgboost_nodemo
xgboost_nodemo,post_covid,2,LA MATANZA,2024-25,0.5,IT50,24.512107570850826,13,,,,,,2024-11-10,2024-12-08,4.0,16.401927947998047,20.58775273024694,4.185824782248893,xgboost_nodemo
xgboost_nodemo,post_covid,2,LA MATANZA,2024-25,0.9,IT90,49.0533041651205,13,,,,,,2024-11-10,2024-12-08,4.0,16.401927947998047,20.58775273024694,4.185824782248893,xgboost_nodemo
xgboost_nodemo,post_covid,2,LA MATANZA,2024-25,0.98,IT98,76.45298521130762,13,,,,,,2024-11-10,2024-12-08,4.0,16.401927947998047,20.58775273024694,4.185824782248893,xgboost_nodemo
xgboost_nodemo,post_covid,2,LA MATANZA,2025-26,0.5,IT50,24.512107570850826,40,2025-03-16,2025-03-30,2.0,-2.0,2025-03-30,2025-06-01,2025-05-25,-1.0,53.17048645019531,51.8749112482052,-1.2955752019901112,xgboost_nodemo
xgboost_nodemo,post_covid,2,LA MATANZA,2025-26,0.9,IT90,49.0533041651205,40,2025-06-01,2025-05-18,-2.0,2.0,2025-05-18,2025-06-01,2025-05-25,-1.0,53.17048645019531,51.8749112482052,-1.2955752019901112,xgboost_nodemo
xgboost_nodemo,post_covid,2,LA MATANZA,2025-26,0.98,IT98,76.45298521130762,40,,,,,,2025-06-01,2025-05-25,-1.0,53.17048645019531,51.8749112482052,-1.2955752019901112,xgboost_nodemo
xgboost_nodemo,post_covid,2,LANÚS,2024-25,0.5,IT50,132.6029855198303,13,,,,,,2024-11-03,2024-11-03,0.0,51.813812255859375,71.18831626409623,19.374504008236855,xgboost_nodemo
xgboost_nodemo,post_covid,2,LANÚS,2024-25,0.9,IT90,190.48996986250967,13,,,,,,2024-11-03,2024-11-03,0.0,51.813812255859375,71.18831626409623,19.374504008236855,xgboost_nodemo
xgboost_nodemo,post_covid,2,LANÚS,2024-25,0.98,IT98,240.1624128185746,13,,,,,,2024-11-03,2024-11-03,0.0,51.813812255859375,71.18831626409623,19.374504008236855,xgboost_nodemo
xgboost_nodemo,post_covid,2,LANÚS,2025-26,0.5,IT50,132.6029855198303,40,2025-05-25,2025-05-11,-2.0,2.0,2025-05-11,2025-06-01,2025-06-15,2.0,171.48419189453125,167.89348437606603,-3.590707518465223,xgboost_nodemo
xgboost_nodemo,post_covid,2,LANÚS,2025-26,0.9,IT90,190.48996986250967,40,,,,,,2025-06-01,2025-06-15,2.0,171.48419189453125,167.89348437606603,-3.590707518465223,xgboost_nodemo
xgboost_nodemo,post_covid,2,LANÚS,2025-26,0.98,IT98,240.1624128185746,40,,,,,,2025-06-01,2025-06-15,2.0,171.48419189453125,167.89348437606603,-3.590707518465223,xgboost_nodemo
xgboost_nodemo,post_covid,2,LOMAS DE ZAMORA,2024-25,0.5,IT50,8.281330480989212,10,,,,,,2024-11-10,2024-12-01,3.0,1.448267936706543,7.575196124197226,6.126928187490683,xgboost_nodemo
xgboost_nodemo,post_covid,2,LOMAS DE ZAMORA,2024-25,0.9,IT90,13.281987582112178,10,,,,,,2024-11-10,2024-12-01,3.0,1.448267936706543,7.575196124197226,6.126928187490683,xgboost_nodemo
xgboost_nodemo,post_covid,2,LOMAS DE ZAMORA,2024-25,0.98,IT98,17.968039817353144,10,,,,,,2024-11-10,2024-12-01,3.0,1.448267936706543,7.575196124197226,6.126928187490683,xgboost_nodemo
xgboost_nodemo,post_covid,2,LOMAS DE ZAMORA,2025-26,0.5,IT50,8.281330480989212,31,,2025-05-11,,,2025-05-11,2025-06-15,2025-05-11,-5.0,1.593094825744629,19.970652626997392,18.377557801252763,xgboost_nodemo
xgboost_nodemo,post_covid,2,LOMAS DE ZAMORA,2025-26,0.9,IT90,13.281987582112178,31,,2025-05-11,,,2025-05-11,2025-06-15,2025-05-11,-5.0,1.593094825744629,19.970652626997392,18.377557801252763,xgboost_nodemo
xgboost_nodemo,post_covid,2,LOMAS DE ZAMORA,2025-26,0.98,IT98,17.968039817353144,31,,2025-05-11,,,2025-05-11,2025-06-15,2025-05-11,-5.0,1.593094825744629,19.970652626997392,18.377557801252763,xgboost_nodemo
xgboost_nodemo,post_covid,2,MALVINAS ARGENTINAS,2024-25,0.5,IT50,19.75908456675979,13,,2024-12-01,,,2024-12-01,2024-11-17,2024-12-08,3.0,9.125284194946287,26.321415916510738,17.19613172156445,xgboost_nodemo
xgboost_nodemo,post_covid,2,MALVINAS ARGENTINAS,2024-25,0.9,IT90,75.76432319476002,13,,,,,,2024-11-17,2024-12-08,3.0,9.125284194946287,26.321415916510738,17.19613172156445,xgboost_nodemo
xgboost_nodemo,post_covid,2,MALVINAS ARGENTINAS,2024-25,0.98,IT98,178.99536057166898,13,,,,,,2024-11-17,2024-12-08,3.0,9.125284194946287,26.321415916510738,17.19613172156445,xgboost_nodemo
xgboost_nodemo,post_covid,2,MALVINAS ARGENTINAS,2025-26,0.5,IT50,19.75908456675979,40,2025-04-27,2025-05-04,1.0,-1.0,2025-05-04,2025-06-08,2025-08-31,12.0,137.44960021972656,29.606742157530903,-107.84285806219566,xgboost_nodemo
xgboost_nodemo,post_covid,2,MALVINAS ARGENTINAS,2025-26,0.9,IT90,75.76432319476002,40,2025-04-27,,,,,2025-06-08,2025-08-31,12.0,137.44960021972656,29.606742157530903,-107.84285806219566,xgboost_nodemo
xgboost_nodemo,post_covid,2,MALVINAS ARGENTINAS,2025-26,0.98,IT98,178.99536057166898,40,,,,,,2025-06-08,2025-08-31,12.0,137.44960021972656,29.606742157530903,-107.84285806219566,xgboost_nodemo
xgboost_nodemo,post_covid,2,MERLO,2024-25,0.5,IT50,93.32449393075508,13,,,,,,2024-12-15,2024-11-10,-5.0,23.86323356628418,18.90987170617856,-4.95336186010562,xgboost_nodemo
xgboost_nodemo,post_covid,2,MERLO,2024-25,0.9,IT90,164.5170716895135,13,,,,,,2024-12-15,2024-11-10,-5.0,23.86323356628418,18.90987170617856,-4.95336186010562,xgboost_nodemo
xgboost_nodemo,post_covid,2,MERLO,2024-25,0.98,IT98,236.4333757518645,13,,,,,,2024-12-15,2024-11-10,-5.0,23.86323356628418,18.90987170617856,-4.95336186010562,xgboost_nodemo
xgboost_nodemo,post_covid,2,MERLO,2025-26,0.5,IT50,93.32449393075508,40,,,,,,2025-06-15,2025-07-13,4.0,60.0872802734375,79.5858901412334,19.498609867795906,xgboost_nodemo
xgboost_nodemo,post_covid,2,MERLO,2025-26,0.9,IT90,164.5170716895135,40,,,,,,2025-06-15,2025-07-13,4.0,60.0872802734375,79.5858901412334,19.498609867795906,xgboost_nodemo
xgboost_nodemo,post_covid,2,MERLO,2025-26,0.98,IT98,236.4333757518645,40,,,,,,2025-06-15,2025-07-13,4.0,60.0872802734375,79.5858901412334,19.498609867795906,xgboost_nodemo
xgboost_nodemo,post_covid,2,MORENO,2024-25,0.5,IT50,101.79720605127496,13,,,,,,2024-11-24,2024-12-08,2.0,51.15914535522461,34.397470507249636,-16.761674847974973,xgboost_nodemo
xgboost_nodemo,post_covid,2,MORENO,2024-25,0.9,IT90,214.46725243408844,13,,,,,,2024-11-24,2024-12-08,2.0,51.15914535522461,34.397470507249636,-16.761674847974973,xgboost_nodemo
xgboost_nodemo,post_covid,2,MORENO,2024-25,0.98,IT98,345.44262322711484,13,,,,,,2024-11-24,2024-12-08,2.0,51.15914535522461,34.397470507249636,-16.761674847974973,xgboost_nodemo
xgboost_nodemo,post_covid,2,MORENO,2025-26,0.5,IT50,101.79720605127496,40,2025-05-25,2025-05-04,-3.0,3.0,2025-05-04,2025-07-13,2025-05-25,-7.0,197.0060577392578,183.27664128335564,-13.729416455902168,xgboost_nodemo
xgboost_nodemo,post_covid,2,MORENO,2025-26,0.9,IT90,214.46725243408844,40,,,,,,2025-07-13,2025-05-25,-7.0,197.0060577392578,183.27664128335564,-13.729416455902168,xgboost_nodemo
xgboost_nodemo,post_covid,2,MORENO,2025-26,0.98,IT98,345.44262322711484,40,,,,,,2025-07-13,2025-05-25,-7.0,197.0060577392578,183.27664128335564,-13.729416455902168,xgboost_nodemo
xgboost_nodemo,post_covid,2,MORÓN,2024-25,0.5,IT50,28.847000469649124,13,,,,,,2024-11-03,2024-11-10,1.0,24.45777702331543,21.991199691093072,-2.466577332222357,xgboost_nodemo
xgboost_nodemo,post_covid,2,MORÓN,2024-25,0.9,IT90,57.29975452086349,13,,,,,,2024-11-03,2024-11-10,1.0,24.45777702331543,21.991199691093072,-2.466577332222357,xgboost_nodemo
xgboost_nodemo,post_covid,2,MORÓN,2024-25,0.98,IT98,88.88106833465432,13,,,,,,2024-11-03,2024-11-10,1.0,24.45777702331543,21.991199691093072,-2.466577332222357,xgboost_nodemo
xgboost_nodemo,post_covid,2,MORÓN,2025-26,0.5,IT50,28.847000469649124,40,2025-05-25,2025-05-18,-1.0,1.0,2025-05-18,2025-06-08,2025-06-22,2.0,54.04866790771485,48.42143127091158,-5.627236636803268,xgboost_nodemo
xgboost_nodemo,post_covid,2,MORÓN,2025-26,0.9,IT90,57.29975452086349,40,,,,,,2025-06-08,2025-06-22,2.0,54.04866790771485,48.42143127091158,-5.627236636803268,xgboost_nodemo
xgboost_nodemo,post_covid,2,MORÓN,2025-26,0.98,IT98,88.88106833465432,40,,,,,,2025-06-08,2025-06-22,2.0,54.04866790771485,48.42143127091158,-5.627236636803268,xgboost_nodemo
xgboost_nodemo,post_covid,2,QUILMES,2024-25,0.5,IT50,46.34689792435932,13,,,,,,2024-11-24,2024-11-03,-3.0,14.99863338470459,18.579970279807036,3.581336895102446,xgboost_nodemo
xgboost_nodemo,post_covid,2,QUILMES,2024-25,0.9,IT90,80.98262048145082,13,,,,,,2024-11-24,2024-11-03,-3.0,14.99863338470459,18.579970279807036,3.581336895102446,xgboost_nodemo
xgboost_nodemo,post_covid,2,QUILMES,2024-25,0.98,IT98,115.72591322033615,13,,,,,,2024-11-24,2024-11-03,-3.0,14.99863338470459,18.579970279807036,3.581336895102446,xgboost_nodemo
xgboost_nodemo,post_covid,2,QUILMES,2025-26,0.5,IT50,46.34689792435932,40,,2025-06-15,,,2025-06-15,2025-06-08,2025-06-15,1.0,39.62797164916992,56.14424443042271,16.516272781252788,xgboost_nodemo
xgboost_nodemo,post_covid,2,QUILMES,2025-26,0.9,IT90,80.98262048145082,40,,,,,,2025-06-08,2025-06-15,1.0,39.62797164916992,56.14424443042271,16.516272781252788,xgboost_nodemo
xgboost_nodemo,post_covid,2,QUILMES,2025-26,0.98,IT98,115.72591322033615,40,,,,,,2025-06-08,2025-06-15,1.0,39.62797164916992,56.14424443042271,16.516272781252788,xgboost_nodemo
xgboost_nodemo,post_covid,2,SAN ISIDRO,2024-25,0.5,IT50,31.02709117627285,13,,,,,,2024-12-15,2025-01-26,6.0,9.082284927368164,14.713961408947192,5.631676481579028,xgboost_nodemo
xgboost_nodemo,post_covid,2,SAN ISIDRO,2024-25,0.9,IT90,61.06994953059092,13,,,,,,2024-12-15,2025-01-26,6.0,9.082284927368164,14.713961408947192,5.631676481579028,xgboost_nodemo
xgboost_nodemo,post_covid,2,SAN ISIDRO,2024-25,0.98,IT98,94.17754601713678,13,,,,,,2024-12-15,2025-01-26,6.0,9.082284927368164,14.713961408947192,5.631676481579028,xgboost_nodemo
xgboost_nodemo,post_covid,2,SAN ISIDRO,2025-26,0.5,IT50,31.02709117627285,37,,,,,,2025-03-30,2025-04-20,3.0,29.937904357910156,27.71499842938016,-2.222905928529997,xgboost_nodemo
xgboost_nodemo,post_covid,2,SAN ISIDRO,2025-26,0.9,IT90,61.06994953059092,37,,,,,,2025-03-30,2025-04-20,3.0,29.937904357910156,27.71499842938016,-2.222905928529997,xgboost_nodemo
xgboost_nodemo,post_covid,2,SAN ISIDRO,2025-26,0.98,IT98,94.17754601713678,37,,,,,,2025-03-30,2025-04-20,3.0,29.937904357910156,27.71499842938016,-2.222905928529997,xgboost_nodemo
xgboost_nodemo,post_covid,2,SAN MIGUEL,2024-25,0.5,IT50,41.72536470891113,13,,,,,,2024-11-10,2024-12-01,3.0,21.895479202270508,34.47696558803966,12.581486385769153,xgboost_nodemo
xgboost_nodemo,post_covid,2,SAN MIGUEL,2024-25,0.9,IT90,54.8832873966512,13,,,,,,2024-11-10,2024-12-01,3.0,21.895479202270508,34.47696558803966,12.581486385769153,xgboost_nodemo
xgboost_nodemo,post_covid,2,SAN MIGUEL,2024-25,0.98,IT98,65.40139686030513,13,,,,,,2024-11-10,2024-12-01,3.0,21.895479202270508,34.47696558803966,12.581486385769153,xgboost_nodemo
xgboost_nodemo,post_covid,2,SAN MIGUEL,2025-26,0.5,IT50,41.72536470891113,40,2025-05-18,2025-05-18,0.0,0.0,2025-05-18,2025-07-27,2025-07-06,-3.0,93.35989379882812,61.69349304765939,-31.666400751168737,xgboost_nodemo
xgboost_nodemo,post_covid,2,SAN MIGUEL,2025-26,0.9,IT90,54.8832873966512,40,2025-07-20,2025-06-01,-7.0,7.0,2025-06-01,2025-07-27,2025-07-06,-3.0,93.35989379882812,61.69349304765939,-31.666400751168737,xgboost_nodemo
xgboost_nodemo,post_covid,2,SAN MIGUEL,2025-26,0.98,IT98,65.40139686030513,40,2025-07-27,,,,,2025-07-27,2025-07-06,-3.0,93.35989379882812,61.69349304765939,-31.666400751168737,xgboost_nodemo
xgboost_nodemo,post_covid,2,TIGRE,2024-25,0.5,IT50,22.292181427607932,13,,,,,,2024-11-17,2024-11-10,-1.0,3.579826831817627,10.96411495030257,7.3842881184849425,xgboost_nodemo
xgboost_nodemo,post_covid,2,TIGRE,2024-25,0.9,IT90,51.59902428823632,13,,,,,,2024-11-17,2024-11-10,-1.0,3.579826831817627,10.96411495030257,7.3842881184849425,xgboost_nodemo
xgboost_nodemo,post_covid,2,TIGRE,2024-25,0.98,IT98,88.26651373174553,13,,,,,,2024-11-17,2024-11-10,-1.0,3.579826831817627,10.96411495030257,7.3842881184849425,xgboost_nodemo
xgboost_nodemo,post_covid,2,TIGRE,2025-26,0.5,IT50,22.292181427607932,40,2025-07-06,2025-06-08,-4.0,4.0,2025-06-08,2025-07-13,2025-07-27,2.0,40.72053527832031,40.3548697974871,-0.36566548083321493,xgboost_nodemo
xgboost_nodemo,post_covid,2,TIGRE,2025-26,0.9,IT90,51.59902428823632,40,,,,,,2025-07-13,2025-07-27,2.0,40.72053527832031,40.3548697974871,-0.36566548083321493,xgboost_nodemo
xgboost_nodemo,post_covid,2,TIGRE,2025-26,0.98,IT98,88.26651373174553,40,,,,,,2025-07-13,2025-07-27,2.0,40.72053527832031,40.3548697974871,-0.36566548083321493,xgboost_nodemo
xgboost_nodemo,post_covid,2,TRES DE FEBRERO,2024-25,0.5,IT50,92.40050209783404,13,,,,,,2024-11-10,2024-11-10,0.0,49.97583770751953,33.75868465317055,-16.217153054348984,xgboost_nodemo
xgboost_nodemo,post_covid,2,TRES DE FEBRERO,2024-25,0.9,IT90,150.5622822202344,13,,,,,,2024-11-10,2024-11-10,0.0,49.97583770751953,33.75868465317055,-16.217153054348984,xgboost_nodemo
xgboost_nodemo,post_covid,2,TRES DE FEBRERO,2024-25,0.98,IT98,205.7567466717726,13,,,,,,2024-11-10,2024-11-10,0.0,49.97583770751953,33.75868465317055,-16.217153054348984,xgboost_nodemo
xgboost_nodemo,post_covid,2,TRES DE FEBRERO,2025-26,0.5,IT50,92.40050209783404,40,2025-06-01,,,,,2025-06-01,2025-05-25,-1.0,114.50506591796876,87.23710532730959,-27.26796059065917,xgboost_nodemo
xgboost_nodemo,post_covid,2,TRES DE FEBRERO,2025-26,0.9,IT90,150.5622822202344,40,,,,,,2025-06-01,2025-05-25,-1.0,114.50506591796876,87.23710532730959,-27.26796059065917,xgboost_nodemo
xgboost_nodemo,post_covid,2,TRES DE FEBRERO,2025-26,0.98,IT98,205.7567466717726,40,,,,,,2025-06-01,2025-05-25,-1.0,114.50506591796876,87.23710532730959,-27.26796059065917,xgboost_nodemo
xgboost_nodemo,post_covid,2,VICENTE LÓPEZ,2024-25,0.5,IT50,105.82113989675452,13,,,,,,2024-11-10,2024-11-03,-1.0,15.23310089111328,35.204964688463896,19.971863797350615,xgboost_nodemo
xgboost_nodemo,post_covid,2,VICENTE LÓPEZ,2024-25,0.9,IT90,168.616011392644,13,,,,,,2024-11-10,2024-11-03,-1.0,15.23310089111328,35.204964688463896,19.971863797350615,xgboost_nodemo
xgboost_nodemo,post_covid,2,VICENTE LÓPEZ,2024-25,0.98,IT98,227.1548194913809,13,,,,,,2024-11-10,2024-11-03,-1.0,15.23310089111328,35.204964688463896,19.971863797350615,xgboost_nodemo
xgboost_nodemo,post_covid,2,VICENTE LÓPEZ,2025-26,0.5,IT50,105.82113989675452,40,2025-05-25,,,,,2025-05-25,2025-06-08,2.0,114.77964782714844,101.2017544386223,-13.577893388526135,xgboost_nodemo
xgboost_nodemo,post_covid,2,VICENTE LÓPEZ,2025-26,0.9,IT90,168.616011392644,40,,,,,,2025-05-25,2025-06-08,2.0,114.77964782714844,101.2017544386223,-13.577893388526135,xgboost_nodemo
xgboost_nodemo,post_covid,2,VICENTE LÓPEZ,2025-26,0.98,IT98,227.1548194913809,40,,,,,,2025-05-25,2025-06-08,2.0,114.77964782714844,101.2017544386223,-13.577893388526135,xgboost_nodemo
xgboost_nodemo,post_covid,2,CITYWIDE,2024-25,0.5,IT50,77.06642887231719,13,,,,,,2024-11-10,2024-11-03,-1.0,33.767825954838806,28.298741976563207,-5.469083978275599,xgboost_nodemo
xgboost_nodemo,post_covid,2,CITYWIDE,2024-25,0.9,IT90,97.46007981062509,13,,,,,,2024-11-10,2024-11-03,-1.0,33.767825954838806,28.298741976563207,-5.469083978275599,xgboost_nodemo
xgboost_nodemo,post_covid,2,CITYWIDE,2024-25,0.98,IT98,113.25281678189309,13,,,,,,2024-11-10,2024-11-03,-1.0,33.767825954838806,28.298741976563207,-5.469083978275599,xgboost_nodemo
xgboost_nodemo,post_covid,2,CITYWIDE,2025-26,0.5,IT50,77.06642887231719,40,2025-05-18,2025-05-18,0.0,0.0,2025-05-18,2025-06-08,2025-06-08,0.0,119.66687754580849,90.93097031616361,-28.73590722964488,xgboost_nodemo
xgboost_nodemo,post_covid,2,CITYWIDE,2025-26,0.9,IT90,97.46007981062509,40,2025-05-25,,,,,2025-06-08,2025-06-08,0.0,119.66687754580849,90.93097031616361,-28.73590722964488,xgboost_nodemo
xgboost_nodemo,post_covid,2,CITYWIDE,2025-26,0.98,IT98,113.25281678189309,40,2025-06-08,,,,,2025-06-08,2025-06-08,0.0,119.66687754580849,90.93097031616361,-28.73590722964488,xgboost_nodemo
