model,variant,series,horizon,scope,indicator,segment,level,label,threshold,n_obs,n_events,base_rate,hits,false_alarms,misses,correct_neg,POD,FAR,precision,FPR,CSI,F1,PSS,HSS,MCC,accuracy,frequency_bias,brier,brier_ref,BSS,exact_band,within_one_band,kappa_quadratic,mean_band_error,underpowered
arima,post_covid,arima,2,citywide,CITYWIDE,overall,,bands,,53,,,,,,,,,,,,,,,,,,,,,0.8867924528301887,0.9433962264150944,0.3655227454110137,-0.16981132075471697,False
arima,post_covid,arima,2,citywide,CITYWIDE,overall,0.5,IT50,77.06642887231719,53,8.0,0.1509433962264151,3.0,0.0,5.0,45.0,0.375,0.0,1.0,0.0,0.375,0.5454545454545454,0.375,0.5046728971962616,0.5809475019311126,0.9056603773584906,0.375,0.06571832709415039,0.12815948736205057,0.4872144977570322,,,,,False
arima,post_covid,arima,2,citywide,CITYWIDE,overall,0.9,IT90,97.46007981062509,53,3.0,0.05660377358490566,0.0,0.0,3.0,50.0,0.0,,,0.0,0.0,0.0,0.0,0.0,,0.9433962264150944,0.0,0.0509422636214712,0.05339978640085441,0.046021209915249495,,,,,True
arima,post_covid,arima,2,citywide,CITYWIDE,overall,0.98,IT98,113.25281678189309,53,1.0,0.018867924528301886,0.0,0.0,1.0,52.0,0.0,,,0.0,0.0,0.0,0.0,0.0,,0.9811320754716981,0.0,0.016664376756024918,0.018511925952296185,0.09980318639088448,,,,,True
arima,post_covid,arima,2,citywide,CITYWIDE,flu_season,,bands,,26,,,,,,,,,,,,,,,,,,,,,0.7692307692307693,0.8846153846153846,0.32525951557093424,-0.34615384615384615,False
arima,post_covid,arima,2,citywide,CITYWIDE,flu_season,0.5,IT50,77.06642887231719,26,8.0,0.3076923076923077,3.0,0.0,5.0,18.0,0.375,0.0,1.0,0.0,0.375,0.5454545454545454,0.375,0.453781512605042,0.5417363388859614,0.8076923076923077,0.375,0.1338192288927011,0.21301775147928986,0.3717930643648196,,,,,False
arima,post_covid,arima,2,citywide,CITYWIDE,flu_season,0.9,IT90,97.46007981062509,26,3.0,0.11538461538461539,0.0,0.0,3.0,23.0,0.0,,,0.0,0.0,0.0,0.0,0.0,,0.8846153846153846,0.0,0.10384380816330276,0.10207100591715977,-0.017368323454965973,,,,,True
arima,post_covid,arima,2,citywide,CITYWIDE,flu_season,0.98,IT98,113.25281678189309,26,1.0,0.038461538461538464,0.0,0.0,1.0,25.0,0.0,,,0.0,0.0,0.0,0.0,0.0,,0.9615384615384616,0.0,0.03396969107479373,0.036982248520710054,0.08145955333757737,,,,,True
arima,post_covid,arima,2,pooled,ALL,overall,,bands,,992,,,,,,,,,,,,,,,,,,,,,0.875,0.9788306451612904,0.46214120092748057,-0.09576612903225806,False
arima,post_covid,arima,2,pooled,ALL,overall,0.5,IT50,,992,143.0,0.14415322580645162,64.0,21.0,79.0,828.0,0.44755244755244755,0.24705882352941178,0.7529411764705882,0.024734982332155476,0.3902439024390244,0.5614035087719298,0.42281746522029207,0.5085849028563503,0.5305931950403902,0.8991935483870968,0.5944055944055944,0.07710504108772645,0.12337307329604581,0.3750253679528164,,,,,False
arima,post_covid,arima,2,pooled,ALL,overall,0.9,IT90,,992,37.0,0.037298387096774195,4.0,5.0,33.0,950.0,0.10810810810810811,0.5555555555555556,0.4444444444444444,0.005235602094240838,0.09523809523809523,0.17391304347826086,0.10287250601386727,0.16167771204910378,0.2055908839113818,0.9616935483870968,0.24324324324324326,0.02791295367654356,0.03590721741675338,0.22263668185215324,,,,,False
arima,post_covid,arima,2,pooled,ALL,overall,0.98,IT98,,992,12.0,0.012096774193548387,1.0,2.0,11.0,978.0,0.08333333333333333,0.6666666666666666,0.3333333333333333,0.0020408163265306124,0.07142857142857142,0.13333333333333333,0.08129251700680272,0.12911939492166397,0.16184357319189369,0.9868951612903226,0.25,0.011796545677803577,0.011950442247658686,0.012877897459004917,,,,,False
arima,post_covid,arima,2,pooled,ALL,flu_season,,bands,,494,,,,,,,,,,,,,,,,,,,,,0.7773279352226721,0.9615384615384616,0.43976742847274186,-0.1680161943319838,False
arima,post_covid,arima,2,pooled,ALL,flu_season,0.5,IT50,,494,130.0,0.2631578947368421,63.0,19.0,67.0,345.0,0.4846153846153846,0.23170731707317074,0.7682926829268293,0.0521978021978022,0.4228187919463087,0.5943396226415094,0.43241758241758244,0.4906483790523691,0.5117645254758644,0.8259109311740891,0.6307692307692307,0.1365320585501029,0.19390581717451527,0.2958846694773266,,,,,False
arima,post_covid,arima,2,pooled,ALL,flu_season,0.9,IT90,,494,35.0,0.0708502024291498,4.0,5.0,31.0,454.0,0.11428571428571428,0.5555555555555556,0.4444444444444444,0.010893246187363835,0.1,0.18181818181818182,0.10339246809835045,0.1573960011371174,0.19835225559413402,0.9271255060728745,0.2571428571428571,0.05270491479762731,0.06583045124489831,0.19938396591635388,,,,,False
arima,post_covid,arima,2,pooled,ALL,flu_season,0.98,IT98,,494,12.0,0.024291497975708502,1.0,2.0,11.0,480.0,0.08333333333333333,0.6666666666666666,0.3333333333333333,0.004149377593360996,0.07142857142857142,0.13333333333333333,0.07918395573997233,0.12482965385663669,0.15690976155578001,0.9736842105263158,0.25,0.023684900954152936,0.02370142110180466,0.0006970108492974081,,,,,False
arima,post_covid,arima,2,neighborhood,ALMIRANTE BROWN,overall,,bands,,53,,,,,,,,,,,,,,,,,,,,,1.0,1.0,,0.0,False
arima,post_covid,arima,2,neighborhood,ALMIRANTE BROWN,overall,0.5,IT50,45.51198712694632,53,0.0,0.0,0.0,0.0,0.0,53.0,,,,0.0,,,,,,1.0,,0.0015837227317529732,0.0,,,,,,True
arima,post_covid,arima,2,neighborhood,ALMIRANTE BROWN,overall,0.9,IT90,59.3327355509796,53,0.0,0.0,0.0,0.0,0.0,53.0,,,,0.0,,,,,,1.0,,5.441555312474259e-06,0.0,,,,,,True
arima,post_covid,arima,2,neighborhood,ALMIRANTE BROWN,overall,0.98,IT98,70.30154029606965,53,0.0,0.0,0.0,0.0,0.0,53.0,,,,0.0,,,,,,1.0,,1.3247275188745397e-08,0.0,,,,,,True
arima,post_covid,arima,2,neighborhood,ALMIRANTE BROWN,flu_season,,bands,,26,,,,,,,,,,,,,,,,,,,,,1.0,1.0,,0.0,False
arima,post_covid,arima,2,neighborhood,ALMIRANTE BROWN,flu_season,0.5,IT50,45.51198712694632,26,0.0,0.0,0.0,0.0,0.0,26.0,,,,0.0,,,,,,1.0,,0.0024083149928274795,0.0,,,,,,True
arima,post_covid,arima,2,neighborhood,ALMIRANTE BROWN,flu_season,0.9,IT90,59.3327355509796,26,0.0,0.0,0.0,0.0,0.0,26.0,,,,0.0,,,,,,1.0,,9.188406449694611e-06,0.0,,,,,,True
arima,post_covid,arima,2,neighborhood,ALMIRANTE BROWN,flu_season,0.98,IT98,70.30154029606965,26,0.0,0.0,0.0,0.0,0.0,26.0,,,,0.0,,,,,,1.0,,2.380399793446288e-08,0.0,,,,,,True
arima,post_covid,arima,2,neighborhood,AVELLANEDA,overall,,bands,,53,,,,,,,,,,,,,,,,,,,,,0.9245283018867925,1.0,-0.029126213592232775,-0.03773584905660377,False
arima,post_covid,arima,2,neighborhood,AVELLANEDA,overall,0.5,IT50,245.84106655843968,53,3.0,0.05660377358490566,0.0,1.0,3.0,49.0,0.0,1.0,0.0,0.02,0.0,0.0,-0.02,-0.02912621359223301,-0.03396831102433787,0.9245283018867925,0.3333333333333333,0.058225633945271055,0.05339978640085441,-0.09037203834844232,,,,,True
arima,post_covid,arima,2,neighborhood,AVELLANEDA,overall,0.9,IT90,374.7741671132419,53,0.0,0.0,0.0,0.0,0.0,53.0,,,,0.0,,,,,,1.0,,1.1717114890744306e-07,0.0,,,,,,True
arima,post_covid,arima,2,neighborhood,AVELLANEDA,overall,0.98,IT98,490.7992503428019,53,0.0,0.0,0.0,0.0,0.0,53.0,,,,0.0,,,,,,1.0,,4.905436023325512e-20,0.0,,,,,,True
arima,post_covid,arima,2,neighborhood,AVELLANEDA,flu_season,,bands,,26,,,,,,,,,,,,,,,,,,,,,0.8461538461538461,1.0,-0.061224489795918435,-0.07692307692307693,False
arima,post_covid,arima,2,neighborhood,AVELLANEDA,flu_season,0.5,IT50,245.84106655843968,26,3.0,0.11538461538461539,0.0,1.0,3.0,22.0,0.0,1.0,0.0,0.043478260869565216,0.0,0.0,-0.043478260869565216,-0.061224489795918366,-0.07223151185146152,0.8461538461538461,0.3333333333333333,0.1186893116789092,0.10207100591715977,-0.1628112274629363,,,,,True
arima,post_covid,arima,2,neighborhood,AVELLANEDA,flu_season,0.9,IT90,374.7741671132419,26,0.0,0.0,0.0,0.0,0.0,26.0,,,,0.0,,,,,,1.0,,2.388488804651724e-07,0.0,,,,,,True
arima,post_covid,arima,2,neighborhood,AVELLANEDA,flu_season,0.98,IT98,490.7992503428019,26,0.0,0.0,0.0,0.0,0.0,26.0,,,,0.0,,,,,,1.0,,9.999542662932775e-20,0.0,,,,,,True
arima,post_covid,arima,2,neighborhood,EZEIZA,overall,,bands,,53,,,,,,,,,,,,,,,,,,,,,0.9056603773584906,0.9811320754716981,0.0,-0.11320754716981132,False
arima,post_covid,arima,2,neighborhood,EZEIZA,overall,0.5,IT50,139.80229436412165,53,5.0,0.09433962264150944,0.0,0.0,5.0,48.0,0.0,,,0.0,0.0,0.0,0.0,0.0,,0.9056603773584906,0.0,0.09366627907130405,0.08543965824136704,-0.09628574129705436,,,,,False
arima,post_covid,arima,2,neighborhood,EZEIZA,overall,0.9,IT90,180.23131160603506,53,1.0,0.018867924528301886,0.0,0.0,1.0,52.0,0.0,,,0.0,0.0,0.0,0.0,0.0,,0.9811320754716981,0.0,0.01886785485127247,0.018511925952296185,-0.019227005331238223,,,,,True
arima,post_covid,arima,2,neighborhood,EZEIZA,overall,0.98,IT98,212.02965427114694,53,0.0,0.0,0.0,0.0,0.0,53.0,,,,0.0,,,,,,1.0,,1.3736929131480624e-19,0.0,,,,,,True
arima,post_covid,arima,2,neighborhood,EZEIZA,flu_season,,bands,,26,,,,,,,,,,,,,,,,,,,,,0.8076923076923077,0.9615384615384616,0.0,-0.23076923076923078,False
arima,post_covid,arima,2,neighborhood,EZEIZA,flu_season,0.5,IT50,139.80229436412165,26,5.0,0.19230769230769232,0.0,0.0,5.0,21.0,0.0,,,0.0,0.0,0.0,0.0,0.0,,0.8076923076923077,0.0,0.19092135644166286,0.15532544378698226,-0.22916987575775316,,,,,False
arima,post_covid,arima,2,neighborhood,EZEIZA,flu_season,0.9,IT90,180.23131160603506,26,1.0,0.038461538461538464,0.0,0.0,1.0,25.0,0.0,,,0.0,0.0,0.0,0.0,0.0,,0.9615384615384616,0.0,0.03846139642405305,0.036982248520710054,-0.03999615930639466,,,,,True
arima,post_covid,arima,2,neighborhood,EZEIZA,flu_season,0.98,IT98,212.02965427114694,26,0.0,0.0,0.0,0.0,0.0,26.0,,,,0.0,,,,,,1.0,,1.3736929131480624e-19,0.0,,,,,,True
arima,post_covid,arima,2,neighborhood,FLORENCIO VARELA,overall,,bands,,53,,,,,,,,,,,,,,,,,,,,,0.8490566037735849,0.9811320754716981,0.0,-0.16981132075471697,False
arima,post_covid,arima,2,neighborhood,FLORENCIO VARELA,overall,0.5,IT50,92.52865090835965,53,8.0,0.1509433962264151,0.0,0.0,8.0,45.0,0.0,,,0.0,0.0,0.0,0.0,0.0,,0.8490566037735849,0.0,0.15049273279586778,0.12815948736205057,-0.17426135117664598,,,,,False
arima,post_covid,arima,2,neighborhood,FLORENCIO VARELA,overall,0.9,IT90,129.20404508235538,53,1.0,0.018867924528301886,0.0,0.0,1.0,52.0,0.0,,,0.0,0.0,0.0,0.0,0.0,,0.9811320754716981,0.0,0.01886792273579938,0.018511925952296185,-0.01923067240116283,,,,,True
arima,post_covid,arima,2,neighborhood,FLORENCIO VARELA,overall,0.98,IT98,159.96645580277627,53,0.0,0.0,0.0,0.0,0.0,53.0,,,,0.0,,,,,,1.0,,1.480613033009317e-26,0.0,,,,,,True
arima,post_covid,arima,2,neighborhood,FLORENCIO VARELA,flu_season,,bands,,26,,,,,,,,,,,,,,,,,,,,,0.6923076923076923,0.9615384615384616,-2.220446049250313e-16,-0.34615384615384615,False
arima,post_covid,arima,2,neighborhood,FLORENCIO VARELA,flu_season,0.5,IT50,92.52865090835965,26,8.0,0.3076923076923077,0.0,0.0,8.0,18.0,0.0,,,0.0,0.0,0.0,0.0,0.0,,0.6923076923076923,0.0,0.3067713102161486,0.21301775147928986,-0.4401208729591426,,,,,False
arima,post_covid,arima,2,neighborhood,FLORENCIO VARELA,flu_season,0.9,IT90,129.20404508235538,26,1.0,0.038461538461538464,0.0,0.0,1.0,25.0,0.0,,,0.0,0.0,0.0,0.0,0.0,,0.9615384615384616,0.0,0.038461534807588696,0.036982248520710054,-0.03999990119719854,,,,,True
arima,post_covid,arima,2,neighborhood,FLORENCIO VARELA,flu_season,0.98,IT98,159.96645580277627,26,0.0,0.0,0.0,0.0,0.0,26.0,,,,0.0,,,,,,1.0,,1.480613033009317e-26,0.0,,,,,,True
arima,post_covid,arima,2,neighborhood,GENERAL SAN MARTÍN,overall,,bands,,53,,,,,,,,,,,,,,,,,,,,,0.9056603773584906,1.0,-0.03112840466926059,-0.05660377358490566,False
arima,post_covid,arima,2,neighborhood,GENERAL SAN MARTÍN,overall,0.5,IT50,77.94711365203958,53,4.0,0.07547169811320754,0.0,1.0,4.0,48.0,0.0,1.0,0.0,0.02040816326530612,0.0,0.0,-0.02040816326530612,-0.0311284046692607,-0.03962144258751637,0.9056603773584906,0.25,0.05725175075533284,0.0697757208971164,0.17948893942994903,,,,,True
arima,post_covid,arima,2,neighborhood,GENERAL SAN MARTÍN,overall,0.9,IT90,119.50868958439348,53,0.0,0.0,0.0,0.0,0.0,53.0,,,,0.0,,,,,,1.0,,3.197917602844751e-05,0.0,,,,,,True
arima,post_covid,arima,2,neighborhood,GENERAL SAN MARTÍN,overall,0.98,IT98,157.08069982681235,53,0.0,0.0,0.0,0.0,0.0,53.0,,,,0.0,,,,,,1.0,,4.977159637579514e-10,0.0,,,,,,True
arima,post_covid,arima,2,neighborhood,GENERAL SAN MARTÍN,flu_season,,bands,,26,,,,,,,,,,,,,,,,,,,,,0.8076923076923077,1.0,-0.06557377049180335,-0.11538461538461539,False
arima,post_covid,arima,2,neighborhood,GENERAL SAN MARTÍN,flu_season,0.5,IT50,77.94711365203958,26,4.0,0.15384615384615385,0.0,1.0,4.0,21.0,0.0,1.0,0.0,0.045454545454545456,0.0,0.0,-0.045454545454545456,-0.06557377049180328,-0.08528028654224416,0.8076923076923077,0.25,0.11619779779716177,0.13017751479289943,0.10738964419453023,,,,,True
arima,post_covid,arima,2,neighborhood,GENERAL SAN MARTÍN,flu_season,0.9,IT90,119.50868958439348,26,0.0,0.0,0.0,0.0,0.0,26.0,,,,0.0,,,,,,1.0,,6.518803586669285e-05,0.0,,,,,,True
arima,post_covid,arima,2,neighborhood,GENERAL SAN MARTÍN,flu_season,0.98,IT98,157.08069982681235,26,0.0,0.0,0.0,0.0,0.0,26.0,,,,0.0,,,,,,1.0,,1.0145748491508042e-09,0.0,,,,,,True
arima,post_covid,arima,2,neighborhood,JOSÉ C. PAZ,overall,,bands,,53,,,,,,,,,,,,,,,,,,,,,0.6226415094339622,0.9433962264150944,0.62594305183743,-0.24528301886792453,False
arima,post_covid,arima,2,neighborhood,JOSÉ C. PAZ,overall,0.5,IT50,222.17859568980776,53,30.0,0.5660377358490566,22.0,2.0,8.0,21.0,0.7333333333333333,0.08333333333333333,0.9166666666666666,0.08695652173913043,0.6875,0.8148148148148148,0.6463768115942028,0.6272855133614628,0.6435846740849062,0.8113207547169812,0.8,0.128537139773525,0.2456390174439302,0.47672344112488163,,,,,False
arima,post_covid,arima,2,neighborhood,JOSÉ C. PAZ,overall,0.9,IT90,355.8888420506266,53,11.0,0.20754716981132076,3.0,1.0,8.0,41.0,0.2727272727272727,0.25,0.75,0.023809523809523808,0.25,0.4,0.2489177489177489,0.32531824611032534,0.38216315784222915,0.8301886792452831,0.36363636363636365,0.117262069497551,0.1644713421146316,0.28703646489476053,,,,,False
arima,post_covid,arima,2,neighborhood,JOSÉ C. PAZ,overall,0.98,IT98,481.06046989083103,53,3.0,0.05660377358490566,1.0,2.0,2.0,48.0,0.3333333333333333,0.6666666666666666,0.3333333333333333,0.04,0.2,0.3333333333333333,0.29333333333333333,0.29333333333333333,0.29333333333333333,0.9245283018867925,1.0,0.0672059806510013,0.05339978640085441,-0.2585439976577508,,,,,True
arima,post_covid,arima,2,neighborhood,JOSÉ C. PAZ,flu_season,,bands,,26,,,,,,,,,,,,,,,,,,,,,0.46153846153846156,0.8846153846153846,0.36518046709129515,-0.34615384615384615,False
arima,post_covid,arima,2,neighborhood,JOSÉ C. PAZ,flu_season,0.5,IT50,222.17859568980776,26,24.0,0.9230769230769231,21.0,1.0,3.0,1.0,0.875,0.045454545454545456,0.9545454545454546,0.5,0.84,0.9130434782608695,0.375,0.2571428571428571,0.27695585470349865,0.8461538461538461,0.9166666666666666,0.11465759661721796,0.07100591715976333,-0.6147611523591525,,,,,False
arima,post_covid,arima,2,neighborhood,JOSÉ C. PAZ,flu_season,0.9,IT90,355.8888420506266,26,11.0,0.4230769230769231,3.0,1.0,8.0,14.0,0.2727272727272727,0.25,0.75,0.06666666666666667,0.25,0.4,0.20606060606060606,0.2251655629139073,0.2821601053814492,0.6538461538461539,0.36363636363636365,0.2390342110026624,0.24408284023668633,0.020684080983031428,,,,,False
arima,post_covid,arima,2,neighborhood,JOSÉ C. PAZ,flu_season,0.98,IT98,481.06046989083103,26,3.0,0.11538461538461539,1.0,2.0,2.0,21.0,0.3333333333333333,0.6666666666666666,0.3333333333333333,0.08695652173913043,0.2,0.3333333333333333,0.24637681159420288,0.2463768115942029,0.2463768115942029,0.8461538461538461,1.0,0.1369968067116565,0.10207100591715977,-0.34217161358086656,,,,,True
arima,post_covid,arima,2,neighborhood,LA MATANZA,overall,,bands,,53,,,,,,,,,,,,,,,,,,,,,0.7924528301886793,1.0,0.6798462383305875,-0.018867924528301886,False
arima,post_covid,arima,2,neighborhood,LA MATANZA,overall,0.5,IT50,24.512107570850826,53,23.0,0.4339622641509434,19.0,3.0,4.0,27.0,0.8260869565217391,0.13636363636363635,0.8636363636363636,0.1,0.7307692307692307,0.8444444444444444,0.7260869565217392,0.7297887836853605,0.7303331152720909,0.8679245283018868,0.9565217391304348,0.11651353186551647,0.24563901744393019,0.5256717231735712,,,,,False
arima,post_covid,arima,2,neighborhood,LA MATANZA,overall,0.9,IT90,49.0533041651205,53,2.0,0.03773584905660377,0.0,2.0,2.0,49.0,0.0,1.0,0.0,0.0392156862745098,0.0,0.0,-0.0392156862745098,-0.0392156862745098,-0.0392156862745098,0.9245283018867925,1.0,0.04818351386266409,0.03631185475258099,-0.3269361807865043,,,,,True
arima,post_covid,arima,2,neighborhood,LA MATANZA,overall,0.98,IT98,76.45298521130762,53,0.0,0.0,0.0,0.0,0.0,53.0,,,,0.0,,,,,,1.0,,0.00010870113772444905,0.0,,,,,,True
arima,post_covid,arima,2,neighborhood,LA MATANZA,flu_season,,bands,,26,,,,,,,,,,,,,,,,,,,,,0.6923076923076923,1.0,0.398843930635838,0.0,False
arima,post_covid,arima,2,neighborhood,LA MATANZA,flu_season,0.5,IT50,24.512107570850826,26,21.0,0.8076923076923077,19.0,2.0,2.0,3.0,0.9047619047619048,0.09523809523809523,0.9047619047619048,0.4,0.8260869565217391,0.9047619047619048,0.5047619047619047,0.5047619047619047,0.5047619047619047,0.8461538461538461,1.0,0.15536589167998532,0.15532544378698226,-0.00026040738733401625,,,,,False
arima,post_covid,arima,2,neighborhood,LA MATANZA,flu_season,0.9,IT90,49.0533041651205,26,2.0,0.07692307692307693,0.0,2.0,2.0,22.0,0.0,1.0,0.0,0.08333333333333333,0.0,0.0,-0.08333333333333333,-0.08333333333333333,-0.08333333333333333,0.8461538461538461,1.0,0.09819602423313355,0.07100591715976333,-0.3829273412832972,,,,,True
arima,post_covid,arima,2,neighborhood,LA MATANZA,flu_season,0.98,IT98,76.45298521130762,26,0.0,0.0,0.0,0.0,0.0,26.0,,,,0.0,,,,,,1.0,,0.00022158308597084196,0.0,,,,,,True
arima,post_covid,arima,2,neighborhood,LANÚS,overall,,bands,,53,,,,,,,,,,,,,,,,,,,,,0.9433962264150944,1.0,0.5417867435158502,-0.018867924528301886,False
arima,post_covid,arima,2,neighborhood,LANÚS,overall,0.5,IT50,132.6029855198303,53,4.0,0.07547169811320754,2.0,1.0,2.0,48.0,0.5,0.3333333333333333,0.6666666666666666,0.02040816326530612,0.4,0.5714285714285714,0.47959183673469385,0.5417867435158501,0.548219132908616,0.9433962264150944,0.75,0.056381579686417695,0.06977572089711641,0.19195991153496272,,,,,True
arima,post_covid,arima,2,neighborhood,LANÚS,overall,0.9,IT90,190.48996986250967,53,0.0,0.0,0.0,0.0,0.0,53.0,,,,0.0,,,,,,1.0,,0.004404293800304837,0.0,,,,,,True
arima,post_covid,arima,2,neighborhood,LANÚS,overall,0.98,IT98,240.1624128185746,53,0.0,0.0,0.0,0.0,0.0,53.0,,,,0.0,,,,,,1.0,,2.5570733647463033e-05,0.0,,,,,,True
arima,post_covid,arima,2,neighborhood,LANÚS,flu_season,,bands,,26,,,,,,,,,,,,,,,,,,,,,0.8846153846153846,1.0,0.5063291139240506,-0.038461538461538464,False
arima,post_covid,arima,2,neighborhood,LANÚS,flu_season,0.5,IT50,132.6029855198303,26,4.0,0.15384615384615385,2.0,1.0,2.0,21.0,0.5,0.3333333333333333,0.6666666666666666,0.045454545454545456,0.4,0.5714285714285714,0.45454545454545453,0.5063291139240507,0.5133270023393454,0.8846153846153846,0.75,0.11478094421531167,0.13017751479289943,0.1182736558005606,,,,,True
arima,post_covid,arima,2,neighborhood,LANÚS,flu_season,0.9,IT90,190.48996986250967,26,0.0,0.0,0.0,0.0,0.0,26.0,,,,0.0,,,,,,1.0,,0.00897798350153253,0.0,,,,,,True
arima,post_covid,arima,2,neighborhood,LANÚS,flu_season,0.98,IT98,240.1624128185746,26,0.0,0.0,0.0,0.0,0.0,26.0,,,,0.0,,,,,,1.0,,5.2124957050597725e-05,0.0,,,,,,True
arima,post_covid,arima,2,neighborhood,LOMAS DE ZAMORA,overall,,bands,,41,,,,,,,,,,,,,,,,,,,,,1.0,1.0,,0.0,False
arima,post_covid,arima,2,neighborhood,LOMAS DE ZAMORA,overall,0.5,IT50,8.281330480989212,41,0.0,0.0,0.0,0.0,0.0,41.0,,,,0.0,,,,,,1.0,,4.7487781204508405e-06,0.0,,,,,,True
arima,post_covid,arima,2,neighborhood,LOMAS DE ZAMORA,overall,0.9,IT90,13.281987582112178,41,0.0,0.0,0.0,0.0,0.0,41.0,,,,0.0,,,,,,1.0,,1.4964169096299067e-11,0.0,,,,,,True
arima,post_covid,arima,2,neighborhood,LOMAS DE ZAMORA,overall,0.98,IT98,17.968039817353144,41,0.0,0.0,0.0,0.0,0.0,41.0,,,,0.0,,,,,,1.0,,7.39783634202471e-19,0.0,,,,,,True
arima,post_covid,arima,2,neighborhood,LOMAS DE ZAMORA,flu_season,,bands,,26,,,,,,,,,,,,,,,,,,,,,1.0,1.0,,0.0,False
arima,post_covid,arima,2,neighborhood,LOMAS DE ZAMORA,flu_season,0.5,IT50,8.281330480989212,26,0.0,0.0,0.0,0.0,0.0,26.0,,,,0.0,,,,,,1.0,,5.516168296421974e-06,0.0,,,,,,True
arima,post_covid,arima,2,neighborhood,LOMAS DE ZAMORA,flu_season,0.9,IT90,13.281987582112178,26,0.0,0.0,0.0,0.0,0.0,26.0,,,,0.0,,,,,,1.0,,2.1388446683595892e-11,0.0,,,,,,True
arima,post_covid,arima,2,neighborhood,LOMAS DE ZAMORA,flu_season,0.98,IT98,17.968039817353144,26,0.0,0.0,0.0,0.0,0.0,26.0,,,,0.0,,,,,,1.0,,1.1461140824242267e-18,0.0,,,,,,True
arima,post_covid,arima,2,neighborhood,MALVINAS ARGENTINAS,overall,,bands,,53,,,,,,,,,,,,,,,,,,,,,0.660377358490566,0.9245283018867925,0.3818040435458785,-0.07547169811320754,False
arima,post_covid,arima,2,neighborhood,MALVINAS ARGENTINAS,overall,0.5,IT50,19.75908456675979,53,12.0,0.22641509433962265,7.0,7.0,5.0,34.0,0.5833333333333334,0.5,0.5,0.17073170731707318,0.3684210526315789,0.5384615384615384,0.41260162601626016,0.3896353166986564,0.39166716564842535,0.7735849056603774,1.1666666666666667,0.1625172345706049,0.17515129939480242,0.07213229286823342,,,,,False
arima,post_covid,arima,2,neighborhood,MALVINAS ARGENTINAS,overall,0.9,IT90,75.76432319476002,53,9.0,0.16981132075471697,1.0,2.0,8.0,42.0,0.1111111111111111,0.6666666666666666,0.3333333333333333,0.045454545454545456,0.09090909090909091,0.16666666666666666,0.06565656565656565,0.08934707903780069,0.10667929218208837,0.8113207547169812,0.3333333333333333,0.1292094605972992,0.14097543609825564,0.08346117470249137,,,,,False
arima,post_covid,arima,2,neighborhood,MALVINAS ARGENTINAS,overall,0.98,IT98,178.99536057166898,53,0.0,0.0,0.0,0.0,0.0,53.0,,,,0.0,,,,,,1.0,,8.196604336575855e-11,0.0,,,,,,True
arima,post_covid,arima,2,neighborhood,MALVINAS ARGENTINAS,flu_season,,bands,,26,,,,,,,,,,,,,,,,,,,,,0.3076923076923077,0.8461538461538461,0.13140311804008908,-0.15384615384615385,False
arima,post_covid,arima,2,neighborhood,MALVINAS ARGENTINAS,flu_season,0.5,IT50,19.75908456675979,26,12.0,0.46153846153846156,7.0,7.0,5.0,7.0,0.5833333333333334,0.5,0.5,0.5,0.3684210526315789,0.5384615384615384,0.08333333333333337,0.08235294117647059,0.08333333333333333,0.5384615384615384,1.1666666666666667,0.3217929705394808,0.24852071005917165,-0.29483361955172005,,,,,False
arima,post_covid,arima,2,neighborhood,MALVINAS ARGENTINAS,flu_season,0.9,IT90,75.76432319476002,26,9.0,0.34615384615384615,1.0,2.0,8.0,15.0,0.1111111111111111,0.6666666666666666,0.3333333333333333,0.11764705882352941,0.09090909090909091,0.16666666666666666,-0.006535947712418305,-0.007751937984496124,-0.009732619374563063,0.6153846153846154,0.3333333333333333,0.2633885158329561,0.22633136094674555,-0.1637296516541067,,,,,False
arima,post_covid,arima,2,neighborhood,MALVINAS ARGENTINAS,flu_season,0.98,IT98,178.99536057166898,26,0.0,0.0,0.0,0.0,0.0,26.0,,,,0.0,,,,,,1.0,,1.6708462686096936e-10,0.0,,,,,,True
arima,post_covid,arima,2,neighborhood,MERLO,overall,,bands,,53,,,,,,,,,,,,,,,,,,,,,1.0,1.0,,0.0,False
arima,post_covid,arima,2,neighborhood,MERLO,overall,0.5,IT50,93.32449393075508,53,0.0,0.0,0.0,0.0,0.0,53.0,,,,0.0,,,,,,1.0,,6.690699010098813e-12,0.0,,,,,,True
arima,post_covid,arima,2,neighborhood,MERLO,overall,0.9,IT90,164.5170716895135,53,0.0,0.0,0.0,0.0,0.0,53.0,,,,0.0,,,,,,1.0,,0.0,0.0,,,,,,True
arima,post_covid,arima,2,neighborhood,MERLO,overall,0.98,IT98,236.4333757518645,53,0.0,0.0,0.0,0.0,0.0,53.0,,,,0.0,,,,,,1.0,,0.0,0.0,,,,,,True
arima,post_covid,arima,2,neighborhood,MERLO,flu_season,,bands,,26,,,,,,,,,,,,,,,,,,,,,1.0,1.0,,0.0,False
arima,post_covid,arima,2,neighborhood,MERLO,flu_season,0.5,IT50,93.32449393075508,26,0.0,0.0,0.0,0.0,0.0,26.0,,,,0.0,,,,,,1.0,,1.3638732570561829e-11,0.0,,,,,,True
arima,post_covid,arima,2,neighborhood,MERLO,flu_season,0.9,IT90,164.5170716895135,26,0.0,0.0,0.0,0.0,0.0,26.0,,,,0.0,,,,,,1.0,,0.0,0.0,,,,,,True
arima,post_covid,arima,2,neighborhood,MERLO,flu_season,0.98,IT98,236.4333757518645,26,0.0,0.0,0.0,0.0,0.0,26.0,,,,0.0,,,,,,1.0,,0.0,0.0,,,,,,True
arima,post_covid,arima,2,neighborhood,MORENO,overall,,bands,,53,,,,,,,,,,,,,,,,,,,,,0.7169811320754716,1.0,0.08515535097813587,-0.2830188679245283,False
arima,post_covid,arima,2,neighborhood,MORENO,overall,0.5,IT50,101.79720605127496,53,16.0,0.3018867924528302,1.0,0.0,15.0,37.0,0.0625,0.0,1.0,0.0,0.0625,0.11764705882352941,0.0625,0.08515535097813579,0.21088184807174334,0.7169811320754716,0.0625,0.2265437930975411,0.21075115699537209,-0.07493499123478498,,,,,False
arima,post_covid,arima,2,neighborhood,MORENO,overall,0.9,IT90,214.46725243408844,53,0.0,0.0,0.0,0.0,0.0,53.0,,,,0.0,,,,,,1.0,,2.8187937899129306e-14,0.0,,,,,,True
arima,post_covid,arima,2,neighborhood,MORENO,overall,0.98,IT98,345.44262322711484,53,0.0,0.0,0.0,0.0,0.0,53.0,,,,0.0,,,,,,1.0,,0.0,0.0,,,,,,True
arima,post_covid,arima,2,neighborhood,MORENO,flu_season,,bands,,26,,,,,,,,,,,,,,,,,,,,,0.4230769230769231,1.0,0.04878048780487798,-0.5769230769230769,False
arima,post_covid,arima,2,neighborhood,MORENO,flu_season,0.5,IT50,101.79720605127496,26,16.0,0.6153846153846154,1.0,0.0,15.0,10.0,0.0625,0.0,1.0,0.0,0.0625,0.11764705882352941,0.0625,0.04878048780487805,0.15811388300841897,0.4230769230769231,0.0625,0.461756663492848,0.2366863905325444,-0.9509219032572827,,,,,False
arima,post_covid,arima,2,neighborhood,MORENO,flu_season,0.9,IT90,214.46725243408844,26,0.0,0.0,0.0,0.0,0.0,26.0,,,,0.0,,,,,,1.0,,5.746002725591742e-14,0.0,,,,,,True
arima,post_covid,arima,2,neighborhood,MORENO,flu_season,0.98,IT98,345.44262322711484,26,0.0,0.0,0.0,0.0,0.0,26.0,,,,0.0,,,,,,1.0,,0.0,0.0,,,,,,True
arima,post_covid,arima,2,neighborhood,MORÓN,overall,,bands,,53,,,,,,,,,,,,,,,,,,,,,0.8867924528301887,1.0,0.4381625441696114,-0.03773584905660377,False
arima,post_covid,arima,2,neighborhood,MORÓN,overall,0.5,IT50,28.847000469649124,53,7.0,0.1320754716981132,3.0,2.0,4.0,44.0,0.42857142857142855,0.4,0.6,0.043478260869565216,0.3333333333333333,0.5,0.3850931677018633,0.4381625441696113,0.44605470887843945,0.8867924528301887,0.7142857142857143,0.08439193201403386,0.1146315414738341,0.2637983322129779,,,,,False
arima,post_covid,arima,2,neighborhood,MORÓN,overall,0.9,IT90,57.29975452086349,53,0.0,0.0,0.0,0.0,0.0,53.0,,,,0.0,,,,,,1.0,,0.0002201732017902607,0.0,,,,,,True
arima,post_covid,arima,2,neighborhood,MORÓN,overall,0.98,IT98,88.88106833465432,53,0.0,0.0,0.0,0.0,0.0,53.0,,,,0.0,,,,,,1.0,,1.1952028254195219e-09,0.0,,,,,,True
arima,post_covid,arima,2,neighborhood,MORÓN,flu_season,,bands,,26,,,,,,,,,,,,,,,,,,,,,0.7692307692307693,1.0,0.3553719008264462,-0.07692307692307693,False
arima,post_covid,arima,2,neighborhood,MORÓN,flu_season,0.5,IT50,28.847000469649124,26,7.0,0.2692307692307692,3.0,2.0,4.0,17.0,0.42857142857142855,0.4,0.6,0.10526315789473684,0.3333333333333333,0.5,0.3233082706766917,0.35537190082644626,0.3638714534805853,0.7692307692307693,0.7142857142857143,0.16182911543038309,0.19674556213017758,0.17747005991775244,,,,,False
arima,post_covid,arima,2,neighborhood,MORÓN,flu_season,0.9,IT90,57.29975452086349,26,0.0,0.0,0.0,0.0,0.0,26.0,,,,0.0,,,,,,1.0,,0.0004488067709222586,0.0,,,,,,True
arima,post_covid,arima,2,neighborhood,MORÓN,flu_season,0.98,IT98,88.88106833465432,26,0.0,0.0,0.0,0.0,0.0,26.0,,,,0.0,,,,,,1.0,,2.4363749902779737e-09,0.0,,,,,,True
arima,post_covid,arima,2,neighborhood,QUILMES,overall,,bands,,53,,,,,,,,,,,,,,,,,,,,,1.0,1.0,,0.0,False
arima,post_covid,arima,2,neighborhood,QUILMES,overall,0.5,IT50,46.34689792435932,53,0.0,0.0,0.0,0.0,0.0,53.0,,,,0.0,,,,,,1.0,,0.008530639830115531,0.0,,,,,,True
arima,post_covid,arima,2,neighborhood,QUILMES,overall,0.9,IT90,80.98262048145082,53,0.0,0.0,0.0,0.0,0.0,53.0,,,,0.0,,,,,,1.0,,9.383206209184679e-08,0.0,,,,,,True
arima,post_covid,arima,2,neighborhood,QUILMES,overall,0.98,IT98,115.72591322033615,53,0.0,0.0,0.0,0.0,0.0,53.0,,,,0.0,,,,,,1.0,,4.505360224253889e-17,0.0,,,,,,True
arima,post_covid,arima,2,neighborhood,QUILMES,flu_season,,bands,,26,,,,,,,,,,,,,,,,,,,,,1.0,1.0,,0.0,False
arima,post_covid,arima,2,neighborhood,QUILMES,flu_season,0.5,IT50,46.34689792435932,26,0.0,0.0,0.0,0.0,0.0,26.0,,,,0.0,,,,,,1.0,,0.016378467506113513,0.0,,,,,,True
arima,post_covid,arima,2,neighborhood,QUILMES,flu_season,0.9,IT90,80.98262048145082,26,0.0,0.0,0.0,0.0,0.0,26.0,,,,0.0,,,,,,1.0,,1.912082885074979e-07,0.0,,,,,,True
arima,post_covid,arima,2,neighborhood,QUILMES,flu_season,0.98,IT98,115.72591322033615,26,0.0,0.0,0.0,0.0,0.0,26.0,,,,0.0,,,,,,1.0,,9.184003254297482e-17,0.0,,,,,,True
arima,post_covid,arima,2,neighborhood,SAN ISIDRO,overall,,bands,,50,,,,,,,,,,,,,,,,,,,,,1.0,1.0,,0.0,False
arima,post_covid,arima,2,neighborhood,SAN ISIDRO,overall,0.5,IT50,31.02709117627285,50,0.0,0.0,0.0,0.0,0.0,50.0,,,,0.0,,,,,,1.0,,0.003733559443474642,0.0,,,,,,True
arima,post_covid,arima,2,neighborhood,SAN ISIDRO,overall,0.9,IT90,61.06994953059092,50,0.0,0.0,0.0,0.0,0.0,50.0,,,,0.0,,,,,,1.0,,4.477244055777753e-08,0.0,,,,,,True
arima,post_covid,arima,2,neighborhood,SAN ISIDRO,overall,0.98,IT98,94.17754601713678,50,0.0,0.0,0.0,0.0,0.0,50.0,,,,0.0,,,,,,1.0,,1.9132950840747802e-19,0.0,,,,,,True
arima,post_covid,arima,2,neighborhood,SAN ISIDRO,flu_season,,bands,,26,,,,,,,,,,,,,,,,,,,,,1.0,1.0,,0.0,False
arima,post_covid,arima,2,neighborhood,SAN ISIDRO,flu_season,0.5,IT50,31.02709117627285,26,0.0,0.0,0.0,0.0,0.0,26.0,,,,0.0,,,,,,1.0,,0.006679171310817215,0.0,,,,,,True
arima,post_covid,arima,2,neighborhood,SAN ISIDRO,flu_season,0.9,IT90,61.06994953059092,26,0.0,0.0,0.0,0.0,0.0,26.0,,,,0.0,,,,,,1.0,,8.609666333910574e-08,0.0,,,,,,True
arima,post_covid,arima,2,neighborhood,SAN ISIDRO,flu_season,0.98,IT98,94.17754601713678,26,0.0,0.0,0.0,0.0,0.0,26.0,,,,0.0,,,,,,1.0,,3.6794136231406124e-19,0.0,,,,,,True
arima,post_covid,arima,2,neighborhood,SAN MIGUEL,overall,,bands,,53,,,,,,,,,,,,,,,,,,,,,0.6037735849056604,0.7735849056603774,0.15129762562120386,-0.7358490566037735,False
arima,post_covid,arima,2,neighborhood,SAN MIGUEL,overall,0.5,IT50,41.72536470891113,53,21.0,0.39622641509433965,4.0,0.0,17.0,32.0,0.19047619047619047,0.0,1.0,0.0,0.19047619047619047,0.32,0.19047619047619047,0.2212618841832325,0.3526933713419244,0.6792452830188679,0.19047619047619047,0.18158414276534685,0.2392310430758277,0.24096747466092372,,,,,False
arima,post_covid,arima,2,neighborhood,SAN MIGUEL,overall,0.9,IT90,54.8832873966512,53,13.0,0.24528301886792453,0.0,0.0,13.0,40.0,0.0,,,0.0,0.0,0.0,0.0,0.0,,0.7547169811320755,0.0,0.18293465107799733,0.18511925952296196,0.011801086772895486,,,,,False
arima,post_covid,arima,2,neighborhood,SAN MIGUEL,overall,0.98,IT98,65.40139686030513,53,9.0,0.16981132075471697,0.0,0.0,9.0,44.0,0.0,,,0.0,0.0,0.0,0.0,0.0,,0.8301886792452831,0.0,0.15345543597624514,0.14097543609825564,-0.08852605974058725,,,,,False
arima,post_covid,arima,2,neighborhood,SAN MIGUEL,flu_season,,bands,,26,,,,,,,,,,,,,,,,,,,,,0.38461538461538464,0.6153846153846154,0.12566371681415955,-1.2307692307692308,False
arima,post_covid,arima,2,neighborhood,SAN MIGUEL,flu_season,0.5,IT50,41.72536470891113,26,16.0,0.6153846153846154,4.0,0.0,12.0,10.0,0.25,0.0,1.0,0.0,0.25,0.4,0.25,0.20408163265306123,0.337099931231621,0.5384615384615384,0.25,0.2748413648707545,0.2366863905325444,-0.16120476657893779,,,,,False
arima,post_covid,arima,2,neighborhood,SAN MIGUEL,flu_season,0.9,IT90,54.8832873966512,26,11.0,0.4230769230769231,0.0,0.0,11.0,15.0,0.0,,,0.0,0.0,0.0,0.0,0.0,,0.5769230769230769,0.0,0.30933822650851617,0.24408284023668633,-0.2673493401197393,,,,,False
arima,post_covid,arima,2,neighborhood,SAN MIGUEL,flu_season,0.98,IT98,65.40139686030513,26,9.0,0.34615384615384615,0.0,0.0,9.0,17.0,0.0,,,0.0,0.0,0.0,0.0,0.0,,0.6538461538461539,0.0,0.3127425364991224,0.22633136094674558,-0.38179055342095913,,,,,False
arima,post_covid,arima,2,neighborhood,TIGRE,overall,,bands,,53,,,,,,,,,,,,,,,,,,,,,0.9433962264150944,1.0,0.767203513909224,0.018867924528301886,False
arima,post_covid,arima,2,neighborhood,TIGRE,overall,0.5,IT50,22.292181427607932,53,7.0,0.1320754716981132,6.0,2.0,1.0,44.0,0.8571428571428571,0.25,0.75,0.043478260869565216,0.6666666666666666,0.8,0.8136645962732919,0.767203513909224,0.7695238863948468,0.9433962264150944,1.1428571428571428,0.03834083797291913,0.1146315414738341,0.6655297706027024,,,,,False
arima,post_covid,arima,2,neighborhood,TIGRE,overall,0.9,IT90,51.59902428823632,53,0.0,0.0,0.0,0.0,0.0,53.0,,,,0.0,,,,,,1.0,,0.0023725216856965614,0.0,,,,,,True
arima,post_covid,arima,2,neighborhood,TIGRE,overall,0.98,IT98,88.26651373174553,53,0.0,0.0,0.0,0.0,0.0,53.0,,,,0.0,,,,,,1.0,,1.921940658528388e-08,0.0,,,,,,True
arima,post_covid,arima,2,neighborhood,TIGRE,flu_season,,bands,,26,,,,,,,,,,,,,,,,,,,,,0.8846153846153846,1.0,0.7194244604316546,0.038461538461538464,False
arima,post_covid,arima,2,neighborhood,TIGRE,flu_season,0.5,IT50,22.292181427607932,26,7.0,0.2692307692307692,6.0,2.0,1.0,17.0,0.8571428571428571,0.25,0.75,0.10526315789473684,0.6666666666666666,0.8,0.7518796992481203,0.7194244604316546,0.7225916412701,0.8846153846153846,1.1428571428571428,0.07799091760697,0.19674556213017758,0.6035950353209647,,,,,False
arima,post_covid,arima,2,neighborhood,TIGRE,flu_season,0.9,IT90,51.59902428823632,26,0.0,0.0,0.0,0.0,0.0,26.0,,,,0.0,,,,,,1.0,,0.004836294205458374,0.0,,,,,,True
arima,post_covid,arima,2,neighborhood,TIGRE,flu_season,0.98,IT98,88.26651373174553,26,0.0,0.0,0.0,0.0,0.0,26.0,,,,0.0,,,,,,1.0,,3.9178021116155605e-08,0.0,,,,,,True
arima,post_covid,arima,2,neighborhood,TRES DE FEBRERO,overall,,bands,,53,,,,,,,,,,,,,,,,,,,,,0.9433962264150944,1.0,-0.025806451612902848,-0.018867924528301886,False
arima,post_covid,arima,2,neighborhood,TRES DE FEBRERO,overall,0.5,IT50,92.40050209783404,53,2.0,0.03773584905660377,0.0,1.0,2.0,50.0,0.0,1.0,0.0,0.0196078431372549,0.0,0.0,-0.0196078431372549,-0.025806451612903226,-0.027461751819054487,0.9433962264150944,0.5,0.03878072698361575,0.03631185475258099,-0.06799080487232012,,,,,True
arima,post_covid,arima,2,neighborhood,TRES DE FEBRERO,overall,0.9,IT90,150.5622822202344,53,0.0,0.0,0.0,0.0,0.0,53.0,,,,0.0,,,,,,1.0,,9.26753552260921e-07,0.0,,,,,,True
arima,post_covid,arima,2,neighborhood,TRES DE FEBRERO,overall,0.98,IT98,205.7567466717726,53,0.0,0.0,0.0,0.0,0.0,53.0,,,,0.0,,,,,,1.0,,2.85529800223117e-15,0.0,,,,,,True
arima,post_covid,arima,2,neighborhood,TRES DE FEBRERO,flu_season,,bands,,26,,,,,,,,,,,,,,,,,,,,,0.8846153846153846,1.0,-0.05405405405405417,-0.038461538461538464,False
arima,post_covid,arima,2,neighborhood,TRES DE FEBRERO,flu_season,0.5,IT50,92.40050209783404,26,2.0,0.07692307692307693,0.0,1.0,2.0,23.0,0.0,1.0,0.0,0.041666666666666664,0.0,0.0,-0.041666666666666664,-0.05405405405405406,-0.05773502691896257,0.8846153846153846,0.5,0.07903455661678396,0.07100591715976333,-0.11307000568637382,,,,,True
arima,post_covid,arima,2,neighborhood,TRES DE FEBRERO,flu_season,0.9,IT90,150.5622822202344,26,0.0,0.0,0.0,0.0,0.0,26.0,,,,0.0,,,,,,1.0,,1.8891514718821385e-06,0.0,,,,,,True
arima,post_covid,arima,2,neighborhood,TRES DE FEBRERO,flu_season,0.98,IT98,205.7567466717726,26,0.0,0.0,0.0,0.0,0.0,26.0,,,,0.0,,,,,,1.0,,5.8204151583943084e-15,0.0,,,,,,True
arima,post_covid,arima,2,neighborhood,VICENTE LÓPEZ,overall,,bands,,53,,,,,,,,,,,,,,,,,,,,,0.9622641509433962,1.0,-0.01923076923076894,0.0,False
arima,post_covid,arima,2,neighborhood,VICENTE LÓPEZ,overall,0.5,IT50,105.82113989675452,53,1.0,0.018867924528301886,0.0,1.0,1.0,51.0,0.0,1.0,0.0,0.019230769230769232,0.0,0.0,-0.019230769230769232,-0.019230769230769232,-0.019230769230769232,0.9622641509433962,1.0,0.036306021887879576,0.018511925952296185,-0.9612233746741108,,,,,True
arima,post_covid,arima,2,neighborhood,VICENTE LÓPEZ,overall,0.9,IT90,168.616011392644,53,0.0,0.0,0.0,0.0,0.0,53.0,,,,0.0,,,,,,1.0,,8.51652561275325e-05,0.0,,,,,,True
arima,post_covid,arima,2,neighborhood,VICENTE LÓPEZ,overall,0.98,IT98,227.1548194913809,53,0.0,0.0,0.0,0.0,0.0,53.0,,,,0.0,,,,,,1.0,,1.3492822158928974e-10,0.0,,,,,,True
arima,post_covid,arima,2,neighborhood,VICENTE LÓPEZ,flu_season,,bands,,26,,,,,,,,,,,,,,,,,,,,,0.9230769230769231,1.0,-0.040000000000000036,0.0,False
arima,post_covid,arima,2,neighborhood,VICENTE LÓPEZ,flu_season,0.5,IT50,105.82113989675452,26,1.0,0.038461538461538464,0.0,1.0,1.0,24.0,0.0,1.0,0.0,0.04,0.0,0.0,-0.04,-0.04,-0.04,0.9230769230769231,1.0,0.07400784525664358,0.036982248520710054,-1.0011721357396426,,,,,True
arima,post_covid,arima,2,neighborhood,VICENTE LÓPEZ,flu_season,0.9,IT90,168.616011392644,26,0.0,0.0,0.0,0.0,0.0,26.0,,,,0.0,,,,,,1.0,,0.00017360609902920083,0.0,,,,,,True
arima,post_covid,arima,2,neighborhood,VICENTE LÓPEZ,flu_season,0.98,IT98,227.1548194913809,26,0.0,0.0,0.0,0.0,0.0,26.0,,,,0.0,,,,,,1.0,,2.750459901627829e-10,0.0,,,,,,True
dualtopo,post_covid,dualtopo,2,citywide,CITYWIDE,overall,,bands,,53,,,,,,,,,,,,,,,,,,,,,0.8490566037735849,0.9433962264150944,0.0,-0.22641509433962265,False
dualtopo,post_covid,dualtopo,2,citywide,CITYWIDE,overall,0.5,IT50,77.06642887231719,53,8.0,0.1509433962264151,0.0,0.0,8.0,45.0,0.0,,,0.0,0.0,0.0,0.0,0.0,,0.8490566037735849,0.0,0.07946918627294032,0.12815948736205057,0.3799195993314185,,,,,False
dualtopo,post_covid,dualtopo,2,citywide,CITYWIDE,overall,0.9,IT90,97.46007981062509,53,3.0,0.05660377358490566,0.0,0.0,3.0,50.0,0.0,,,0.0,0.0,0.0,0.0,0.0,,0.9433962264150944,0.0,0.045623515391182756,0.05339978640085441,0.14562363510778442,,,,,True
dualtopo,post_covid,dualtopo,2,citywide,CITYWIDE,overall,0.98,IT98,113.25281678189309,53,1.0,0.018867924528301886,0.0,0.0,1.0,52.0,0.0,,,0.0,0.0,0.0,0.0,0.0,,0.9811320754716981,0.0,0.01799622424766737,0.018511925952296185,0.02785780939042959,,,,,True
dualtopo,post_covid,dualtopo,2,citywide,CITYWIDE,flu_season,,bands,,26,,,,,,,,,,,,,,,,,,,,,0.6923076923076923,0.8846153846153846,0.0,-0.46153846153846156,False
dualtopo,post_covid,dualtopo,2,citywide,CITYWIDE,flu_season,0.5,IT50,77.06642887231719,26,8.0,0.3076923076923077,0.0,0.0,8.0,18.0,0.0,,,0.0,0.0,0.0,0.0,0.0,,0.6923076923076923,0.0,0.16192443794480957,0.21301775147928986,0.2398547218701993,,,,,False
dualtopo,post_covid,dualtopo,2,citywide,CITYWIDE,flu_season,0.9,IT90,97.46007981062509,26,3.0,0.11538461538461539,0.0,0.0,3.0,23.0,0.0,,,0.0,0.0,0.0,0.0,0.0,,0.8846153846153846,0.0,0.0930015873105005,0.10207100591715977,0.08885401417538652,,,,,True
dualtopo,post_covid,dualtopo,2,citywide,CITYWIDE,flu_season,0.98,IT98,113.25281678189309,26,1.0,0.038461538461538464,0.0,0.0,1.0,25.0,0.0,,,0.0,0.0,0.0,0.0,0.0,,0.9615384615384616,0.0,0.03668461050077643,0.036982248520710054,0.00804813205900523,,,,,True
dualtopo,post_covid,dualtopo,2,pooled,ALL,overall,,bands,,992,,,,,,,,,,,,,,,,,,,,,0.8397177419354839,0.9717741935483871,0.22438334364777646,-0.10987903225806452,False
dualtopo,post_covid,dualtopo,2,pooled,ALL,overall,0.5,IT50,,992,143.0,0.14415322580645162,40.0,43.0,103.0,806.0,0.27972027972027974,0.5180722891566265,0.4819277108433735,0.050647820965842166,0.21505376344086022,0.35398230088495575,0.22907245875443757,0.277480120127311,0.29058537547059843,0.8528225806451613,0.5804195804195804,0.11302148100150902,0.12337307329604581,0.08390479395529948,,,,,False
dualtopo,post_covid,dualtopo,2,pooled,ALL,overall,0.9,IT90,,992,37.0,0.037298387096774195,0.0,0.0,37.0,955.0,0.0,,,0.0,0.0,0.0,0.0,0.0,,0.9627016129032258,0.0,0.032713714141319926,0.03590721741675338,0.088937642768817,,,,,False
dualtopo,post_covid,dualtopo,2,pooled,ALL,overall,0.98,IT98,,992,12.0,0.012096774193548387,0.0,0.0,12.0,980.0,0.0,,,0.0,0.0,0.0,0.0,0.0,,0.9879032258064516,0.0,0.01059404769526643,0.011950442247658686,0.11350161979637186,,,,,False
dualtopo,post_covid,dualtopo,2,pooled,ALL,flu_season,,bands,,494,,,,,,,,,,,,,,,,,,,,,0.7226720647773279,0.9473684210526315,0.19296559677109348,-0.20850202429149797,False
dualtopo,post_covid,dualtopo,2,pooled,ALL,flu_season,0.5,IT50,,494,130.0,0.2631578947368421,40.0,34.0,90.0,330.0,0.3076923076923077,0.4594594594594595,0.5405405405405406,0.09340659340659341,0.24390243902439024,0.39215686274509803,0.2142857142857143,0.24872448979591838,0.2644082988167676,0.7489878542510121,0.5692307692307692,0.19316539350332257,0.19390581717451527,0.0038184706471509067,,,,,False
dualtopo,post_covid,dualtopo,2,pooled,ALL,flu_season,0.9,IT90,,494,35.0,0.0708502024291498,0.0,0.0,35.0,459.0,0.0,,,0.0,0.0,0.0,0.0,0.0,,0.9291497975708503,0.0,0.06240462726779361,0.06583045124489831,0.05204011080465121,,,,,False
dualtopo,post_covid,dualtopo,2,pooled,ALL,flu_season,0.98,IT98,,494,12.0,0.024291497975708502,0.0,0.0,12.0,482.0,0.0,,,0.0,0.0,0.0,0.0,0.0,,0.9757085020242915,0.0,0.02124875591191384,0.02370142110180466,0.10348177771096045,,,,,False
dualtopo,post_covid,dualtopo,2,neighborhood,ALMIRANTE BROWN,overall,,bands,,53,,,,,,,,,,,,,,,,,,,,,0.9245283018867925,1.0,0.0,0.07547169811320754,False
dualtopo,post_covid,dualtopo,2,neighborhood,ALMIRANTE BROWN,overall,0.5,IT50,45.51198712694632,53,0.0,0.0,0.0,4.0,0.0,49.0,,1.0,0.0,0.07547169811320754,0.0,0.0,,0.0,,0.9245283018867925,,0.03680878455787335,0.0,,,,,,True
dualtopo,post_covid,dualtopo,2,neighborhood,ALMIRANTE BROWN,overall,0.9,IT90,59.3327355509796,53,0.0,0.0,0.0,0.0,0.0,53.0,,,,0.0,,,,,,1.0,,0.00985944643376652,0.0,,,,,,True
dualtopo,post_covid,dualtopo,2,neighborhood,ALMIRANTE BROWN,overall,0.98,IT98,70.30154029606965,53,0.0,0.0,0.0,0.0,0.0,53.0,,,,0.0,,,,,,1.0,,0.0026857546437389023,0.0,,,,,,True
dualtopo,post_covid,dualtopo,2,neighborhood,ALMIRANTE BROWN,flu_season,,bands,,26,,,,,,,,,,,,,,,,,,,,,0.8461538461538461,1.0,0.0,0.15384615384615385,False
dualtopo,post_covid,dualtopo,2,neighborhood,ALMIRANTE BROWN,flu_season,0.5,IT50,45.51198712694632,26,0.0,0.0,0.0,4.0,0.0,22.0,,1.0,0.0,0.15384615384615385,0.0,0.0,,0.0,,0.8461538461538461,,0.07426667202059496,0.0,,,,,,True
dualtopo,post_covid,dualtopo,2,neighborhood,ALMIRANTE BROWN,flu_season,0.9,IT90,59.3327355509796,26,0.0,0.0,0.0,0.0,0.0,26.0,,,,0.0,,,,,,1.0,,0.02008314800560614,0.0,,,,,,True
dualtopo,post_covid,dualtopo,2,neighborhood,ALMIRANTE BROWN,flu_season,0.98,IT98,70.30154029606965,26,0.0,0.0,0.0,0.0,0.0,26.0,,,,0.0,,,,,,1.0,,0.005474524535892906,0.0,,,,,,True
dualtopo,post_covid,dualtopo,2,neighborhood,AVELLANEDA,overall,,bands,,53,,,,,,,,,,,,,,,,,,,,,0.9622641509433962,1.0,0.7309644670050762,0.03773584905660377,False
dualtopo,post_covid,dualtopo,2,neighborhood,AVELLANEDA,overall,0.5,IT50,245.84106655843968,53,3.0,0.05660377358490566,3.0,2.0,0.0,48.0,1.0,0.4,0.6,0.04,0.6,0.75,0.96,0.7309644670050761,0.7589466384404111,0.9622641509433962,1.6666666666666667,0.02857165496957466,0.05339978640085441,0.46494814126976536,,,,,True
dualtopo,post_covid,dualtopo,2,neighborhood,AVELLANEDA,overall,0.9,IT90,374.7741671132419,53,0.0,0.0,0.0,0.0,0.0,53.0,,,,0.0,,,,,,1.0,,0.003646354149734214,0.0,,,,,,True
dualtopo,post_covid,dualtopo,2,neighborhood,AVELLANEDA,overall,0.98,IT98,490.7992503428019,53,0.0,0.0,0.0,0.0,0.0,53.0,,,,0.0,,,,,,1.0,,9.143990033487495e-07,0.0,,,,,,True
dualtopo,post_covid,dualtopo,2,neighborhood,AVELLANEDA,flu_season,,bands,,26,,,,,,,,,,,,,,,,,,,,,0.9230769230769231,1.0,0.7078651685393258,0.07692307692307693,False
dualtopo,post_covid,dualtopo,2,neighborhood,AVELLANEDA,flu_season,0.5,IT50,245.84106655843968,26,3.0,0.11538461538461539,3.0,2.0,0.0,21.0,1.0,0.4,0.6,0.08695652173913043,0.6,0.75,0.9130434782608696,0.7078651685393258,0.7401527456927535,0.9230769230769231,1.6666666666666667,0.05824218131965682,0.10207100591715977,0.42939544098423177,,,,,True
dualtopo,post_covid,dualtopo,2,neighborhood,AVELLANEDA,flu_season,0.9,IT90,374.7741671132419,26,0.0,0.0,0.0,0.0,0.0,26.0,,,,0.0,,,,,,1.0,,0.0074329526898428205,0.0,,,,,,True
dualtopo,post_covid,dualtopo,2,neighborhood,AVELLANEDA,flu_season,0.98,IT98,490.7992503428019,26,0.0,0.0,0.0,0.0,0.0,26.0,,,,0.0,,,,,,1.0,,1.863967199133989e-06,0.0,,,,,,True
dualtopo,post_covid,dualtopo,2,neighborhood,EZEIZA,overall,,bands,,53,,,,,,,,,,,,,,,,,,,,,0.9245283018867925,1.0,0.6394557823129252,-0.03773584905660377,False
dualtopo,post_covid,dualtopo,2,neighborhood,EZEIZA,overall,0.5,IT50,139.80229436412165,53,5.0,0.09433962264150944,3.0,1.0,2.0,47.0,0.6,0.25,0.75,0.020833333333333332,0.5,0.6666666666666666,0.5791666666666666,0.6361556064073226,0.6408865299081321,0.9433962264150944,0.8,0.044620869937102015,0.08543965824136704,0.4777499014445019,,,,,False
dualtopo,post_covid,dualtopo,2,neighborhood,EZEIZA,overall,0.9,IT90,180.23131160603506,53,1.0,0.018867924528301886,0.0,0.0,1.0,52.0,0.0,,,0.0,0.0,0.0,0.0,0.0,,0.9811320754716981,0.0,0.011891854144977492,0.018511925952296185,0.3576111866684272,,,,,True
dualtopo,post_covid,dualtopo,2,neighborhood,EZEIZA,overall,0.98,IT98,212.02965427114694,53,0.0,0.0,0.0,0.0,0.0,53.0,,,,0.0,,,,,,1.0,,0.0006346572422637591,0.0,,,,,,True
dualtopo,post_covid,dualtopo,2,neighborhood,EZEIZA,flu_season,,bands,,26,,,,,,,,,,,,,,,,,,,,,0.8461538461538461,1.0,0.6060606060606061,-0.07692307692307693,False
dualtopo,post_covid,dualtopo,2,neighborhood,EZEIZA,flu_season,0.5,IT50,139.80229436412165,26,5.0,0.19230769230769232,3.0,1.0,2.0,20.0,0.6,0.25,0.75,0.047619047619047616,0.5,0.6666666666666666,0.5523809523809524,0.5979381443298969,0.6033815244679472,0.8846153846153846,0.8,0.09095751802033103,0.15532544378698226,0.41440683636434505,,,,,False
dualtopo,post_covid,dualtopo,2,neighborhood,EZEIZA,flu_season,0.9,IT90,180.23131160603506,26,1.0,0.038461538461538464,0.0,0.0,1.0,25.0,0.0,,,0.0,0.0,0.0,0.0,0.0,,0.9615384615384616,0.0,0.02424108729496782,0.036982248520710054,0.3445209995440701,,,,,True
dualtopo,post_covid,dualtopo,2,neighborhood,EZEIZA,flu_season,0.98,IT98,212.02965427114694,26,0.0,0.0,0.0,0.0,0.0,26.0,,,,0.0,,,,,,1.0,,0.0012937243784607393,0.0,,,,,,True
dualtopo,post_covid,dualtopo,2,neighborhood,FLORENCIO VARELA,overall,,bands,,53,,,,,,,,,,,,,,,,,,,,,0.8867924528301887,1.0,0.6159420289855073,-0.03773584905660377,False
dualtopo,post_covid,dualtopo,2,neighborhood,FLORENCIO VARELA,overall,0.5,IT50,92.52865090835965,53,8.0,0.1509433962264151,5.0,2.0,3.0,43.0,0.625,0.2857142857142857,0.7142857142857143,0.044444444444444446,0.5,0.6666666666666666,0.5805555555555556,0.6120058565153733,0.6138568406737519,0.9056603773584906,0.875,0.059766835258975824,0.12815948736205057,0.5336526659931582,,,,,False
dualtopo,post_covid,dualtopo,2,neighborhood,FLORENCIO VARELA,overall,0.9,IT90,129.20404508235538,53,1.0,0.018867924528301886,0.0,0.0,1.0,52.0,0.0,,,0.0,0.0,0.0,0.0,0.0,,0.9811320754716981,0.0,0.021642663707888796,0.018511925952296185,-0.16912004529730096,,,,,True
dualtopo,post_covid,dualtopo,2,neighborhood,FLORENCIO VARELA,overall,0.98,IT98,159.96645580277627,53,0.0,0.0,0.0,0.0,0.0,53.0,,,,0.0,,,,,,1.0,,0.0012112859334976682,0.0,,,,,,True
dualtopo,post_covid,dualtopo,2,neighborhood,FLORENCIO VARELA,flu_season,,bands,,26,,,,,,,,,,,,,,,,,,,,,0.7692307692307693,1.0,0.5438596491228072,-0.07692307692307693,False
dualtopo,post_covid,dualtopo,2,neighborhood,FLORENCIO VARELA,flu_season,0.5,IT50,92.52865090835965,26,8.0,0.3076923076923077,5.0,2.0,3.0,16.0,0.625,0.2857142857142857,0.7142857142857143,0.1111111111111111,0.5,0.6666666666666666,0.5138888888888888,0.5323741007194245,0.534717814539874,0.8076923076923077,0.875,0.12144697101403275,0.21301775147928986,0.4298739416285683,,,,,False
dualtopo,post_covid,dualtopo,2,neighborhood,FLORENCIO VARELA,flu_season,0.9,IT90,129.20404508235538,26,1.0,0.038461538461538464,0.0,0.0,1.0,25.0,0.0,,,0.0,0.0,0.0,0.0,0.0,,0.9615384615384616,0.0,0.04411767694806133,0.036982248520710054,-0.19294198467557866,,,,,True
dualtopo,post_covid,dualtopo,2,neighborhood,FLORENCIO VARELA,flu_season,0.98,IT98,159.96645580277627,26,0.0,0.0,0.0,0.0,0.0,26.0,,,,0.0,,,,,,1.0,,0.0024691597862827696,0.0,,,,,,True
dualtopo,post_covid,dualtopo,2,neighborhood,GENERAL SAN MARTÍN,overall,,bands,,53,,,,,,,,,,,,,,,,,,,,,0.9433962264150944,1.0,0.38132295719844367,-0.05660377358490566,False
dualtopo,post_covid,dualtopo,2,neighborhood,GENERAL SAN MARTÍN,overall,0.5,IT50,77.94711365203958,53,4.0,0.07547169811320754,1.0,0.0,3.0,49.0,0.25,0.0,1.0,0.0,0.25,0.4,0.25,0.38132295719844356,0.4853626716970755,0.9433962264150944,0.25,0.039656562925986294,0.0697757208971164,0.43165670786175747,,,,,True
dualtopo,post_covid,dualtopo,2,neighborhood,GENERAL SAN MARTÍN,overall,0.9,IT90,119.50868958439348,53,0.0,0.0,0.0,0.0,0.0,53.0,,,,0.0,,,,,,1.0,,0.00026606890059284737,0.0,,,,,,True
dualtopo,post_covid,dualtopo,2,neighborhood,GENERAL SAN MARTÍN,overall,0.98,IT98,157.08069982681235,53,0.0,0.0,0.0,0.0,0.0,53.0,,,,0.0,,,,,,1.0,,3.1300560007447357e-07,0.0,,,,,,True
dualtopo,post_covid,dualtopo,2,neighborhood,GENERAL SAN MARTÍN,flu_season,,bands,,26,,,,,,,,,,,,,,,,,,,,,0.8846153846153846,1.0,0.360655737704918,-0.11538461538461539,False
dualtopo,post_covid,dualtopo,2,neighborhood,GENERAL SAN MARTÍN,flu_season,0.5,IT50,77.94711365203958,26,4.0,0.15384615384615385,1.0,0.0,3.0,22.0,0.25,0.0,1.0,0.0,0.25,0.4,0.25,0.36065573770491804,0.4690415759823429,0.8846153846153846,0.25,0.08034646232183891,0.13017751479289943,0.38279308489132846,,,,,True
dualtopo,post_covid,dualtopo,2,neighborhood,GENERAL SAN MARTÍN,flu_season,0.9,IT90,119.50868958439348,26,0.0,0.0,0.0,0.0,0.0,26.0,,,,0.0,,,,,,1.0,,0.0005423558215936233,0.0,,,,,,True
dualtopo,post_covid,dualtopo,2,neighborhood,GENERAL SAN MARTÍN,flu_season,0.98,IT98,157.08069982681235,26,0.0,0.0,0.0,0.0,0.0,26.0,,,,0.0,,,,,,1.0,,6.380498730328696e-07,0.0,,,,,,True
dualtopo,post_covid,dualtopo,2,neighborhood,JOSÉ C. PAZ,overall,,bands,,53,,,,,,,,,,,,,,,,,,,,,0.4339622641509434,0.8301886792452831,0.06102362204724421,-0.7924528301886793,False
dualtopo,post_covid,dualtopo,2,neighborhood,JOSÉ C. PAZ,overall,0.5,IT50,222.17859568980776,53,30.0,0.5660377358490566,2.0,0.0,28.0,23.0,0.06666666666666667,0.0,1.0,0.0,0.06666666666666667,0.125,0.06666666666666667,0.0583756345177665,0.17339365466222856,0.4716981132075472,0.06666666666666667,0.4988267864618331,0.2456390174439302,-1.0307310770598392,,,,,False
dualtopo,post_covid,dualtopo,2,neighborhood,JOSÉ C. PAZ,overall,0.9,IT90,355.8888420506266,53,11.0,0.20754716981132076,0.0,0.0,11.0,42.0,0.0,,,0.0,0.0,0.0,0.0,0.0,,0.7924528301886793,0.0,0.20730561617014462,0.1644713421146316,-0.2604360948526754,,,,,False
dualtopo,post_covid,dualtopo,2,neighborhood,JOSÉ C. PAZ,overall,0.98,IT98,481.06046989083103,53,3.0,0.05660377358490566,0.0,0.0,3.0,50.0,0.0,,,0.0,0.0,0.0,0.0,0.0,,0.9433962264150944,0.0,0.056603773584905724,0.05339978640085441,-0.06000000000000094,,,,,True
dualtopo,post_covid,dualtopo,2,neighborhood,JOSÉ C. PAZ,flu_season,,bands,,26,,,,,,,,,,,,,,,,,,,,,0.07692307692307693,0.6538461538461539,0.03160270880361182,-1.3846153846153846,False
dualtopo,post_covid,dualtopo,2,neighborhood,JOSÉ C. PAZ,flu_season,0.5,IT50,222.17859568980776,26,24.0,0.9230769230769231,2.0,0.0,22.0,2.0,0.08333333333333333,0.0,1.0,0.0,0.08333333333333333,0.15384615384615385,0.08333333333333333,0.013793103448275862,0.08333333333333333,0.15384615384615385,0.08333333333333333,0.7860699204202921,0.07100591715976333,-10.070484712585777,,,,,False
dualtopo,post_covid,dualtopo,2,neighborhood,JOSÉ C. PAZ,flu_season,0.9,IT90,355.8888420506266,26,11.0,0.4230769230769231,0.0,0.0,11.0,15.0,0.0,,,0.0,0.0,0.0,0.0,0.0,,0.5769230769230769,0.0,0.4225845252699102,0.24408284023668633,-0.7313159944391476,,,,,False
dualtopo,post_covid,dualtopo,2,neighborhood,JOSÉ C. PAZ,flu_season,0.98,IT98,481.06046989083103,26,3.0,0.11538461538461539,0.0,0.0,3.0,23.0,0.0,,,0.0,0.0,0.0,0.0,0.0,,0.8846153846153846,0.0,0.11538461538461552,0.10207100591715977,-0.1304347826086969,,,,,True
dualtopo,post_covid,dualtopo,2,neighborhood,LA MATANZA,overall,,bands,,53,,,,,,,,,,,,,,,,,,,,,0.5660377358490566,0.9622641509433962,0.0,-0.4716981132075472,False
dualtopo,post_covid,dualtopo,2,neighborhood,LA MATANZA,overall,0.5,IT50,24.512107570850826,53,23.0,0.4339622641509434,0.0,0.0,23.0,30.0,0.0,,,0.0,0.0,0.0,0.0,0.0,,0.5660377358490566,0.0,0.304935720401106,0.24563901744393019,-0.24139773711116952,,,,,False
dualtopo,post_covid,dualtopo,2,neighborhood,LA MATANZA,overall,0.9,IT90,49.0533041651205,53,2.0,0.03773584905660377,0.0,0.0,2.0,51.0,0.0,,,0.0,0.0,0.0,0.0,0.0,,0.9622641509433962,0.0,0.037618048261636734,0.03631185475258099,-0.03597154477389797,,,,,True
dualtopo,post_covid,dualtopo,2,neighborhood,LA MATANZA,overall,0.98,IT98,76.45298521130762,53,0.0,0.0,0.0,0.0,0.0,53.0,,,,0.0,,,,,,1.0,,1.4360138400626274e-13,0.0,,,,,,True
dualtopo,post_covid,dualtopo,2,neighborhood,LA MATANZA,flu_season,,bands,,26,,,,,,,,,,,,,,,,,,,,,0.19230769230769232,0.9230769230769231,0.0,-0.8846153846153846,False
dualtopo,post_covid,dualtopo,2,neighborhood,LA MATANZA,flu_season,0.5,IT50,24.512107570850826,26,21.0,0.8076923076923077,0.0,0.0,21.0,5.0,0.0,,,0.0,0.0,0.0,0.0,0.0,,0.19230769230769232,0.0,0.5441119767241575,0.15532544378698226,-2.5030447263383846,,,,,False
dualtopo,post_covid,dualtopo,2,neighborhood,LA MATANZA,flu_season,0.9,IT90,49.0533041651205,26,2.0,0.07692307692307693,0.0,0.0,2.0,24.0,0.0,,,0.0,0.0,0.0,0.0,0.0,,0.9230769230769231,0.0,0.07668294410661368,0.07100591715976333,-0.07995146283480903,,,,,True
dualtopo,post_covid,dualtopo,2,neighborhood,LA MATANZA,flu_season,0.98,IT98,76.45298521130762,26,0.0,0.0,0.0,0.0,0.0,26.0,,,,0.0,,,,,,1.0,,2.9272589791990765e-13,0.0,,,,,,True
dualtopo,post_covid,dualtopo,2,neighborhood,LANÚS,overall,,bands,,53,,,,,,,,,,,,,,,,,,,,,0.9245283018867925,1.0,0.4591836734693878,0.0,False
dualtopo,post_covid,dualtopo,2,neighborhood,LANÚS,overall,0.5,IT50,132.6029855198303,53,4.0,0.07547169811320754,2.0,2.0,2.0,47.0,0.5,0.5,0.5,0.04081632653061224,0.3333333333333333,0.5,0.45918367346938777,0.45918367346938777,0.45918367346938777,0.9245283018867925,1.0,0.0515513342864926,0.06977572089711641,0.26118521423082797,,,,,True
dualtopo,post_covid,dualtopo,2,neighborhood,LANÚS,overall,0.9,IT90,190.48996986250967,53,0.0,0.0,0.0,0.0,0.0,53.0,,,,0.0,,,,,,1.0,,0.0014688275472203819,0.0,,,,,,True
dualtopo,post_covid,dualtopo,2,neighborhood,LANÚS,overall,0.98,IT98,240.1624128185746,53,0.0,0.0,0.0,0.0,0.0,53.0,,,,0.0,,,,,,1.0,,7.134568794783298e-06,0.0,,,,,,True
dualtopo,post_covid,dualtopo,2,neighborhood,LANÚS,flu_season,,bands,,26,,,,,,,,,,,,,,,,,,,,,0.8461538461538461,1.0,0.40909090909090906,0.0,False
dualtopo,post_covid,dualtopo,2,neighborhood,LANÚS,flu_season,0.5,IT50,132.6029855198303,26,4.0,0.15384615384615385,2.0,2.0,2.0,20.0,0.5,0.5,0.5,0.09090909090909091,0.3333333333333333,0.5,0.40909090909090906,0.4090909090909091,0.4090909090909091,0.8461538461538461,1.0,0.09349847056679556,0.13017751479289943,0.2817617488277979,,,,,True
dualtopo,post_covid,dualtopo,2,neighborhood,LANÚS,flu_season,0.9,IT90,190.48996986250967,26,0.0,0.0,0.0,0.0,0.0,26.0,,,,0.0,,,,,,1.0,,0.002978615093087206,0.0,,,,,,True
dualtopo,post_covid,dualtopo,2,neighborhood,LANÚS,flu_season,0.98,IT98,240.1624128185746,26,0.0,0.0,0.0,0.0,0.0,26.0,,,,0.0,,,,,,1.0,,1.4542722197177489e-05,0.0,,,,,,True
dualtopo,post_covid,dualtopo,2,neighborhood,LOMAS DE ZAMORA,overall,,bands,,41,,,,,,,,,,,,,,,,,,,,,1.0,1.0,,0.0,False
dualtopo,post_covid,dualtopo,2,neighborhood,LOMAS DE ZAMORA,overall,0.5,IT50,8.281330480989212,41,0.0,0.0,0.0,0.0,0.0,41.0,,,,0.0,,,,,,1.0,,0.06967651609935702,0.0,,,,,,True
dualtopo,post_covid,dualtopo,2,neighborhood,LOMAS DE ZAMORA,overall,0.9,IT90,13.281987582112178,41,0.0,0.0,0.0,0.0,0.0,41.0,,,,0.0,,,,,,1.0,,0.008798554382806724,0.0,,,,,,True
dualtopo,post_covid,dualtopo,2,neighborhood,LOMAS DE ZAMORA,overall,0.98,IT98,17.968039817353144,41,0.0,0.0,0.0,0.0,0.0,41.0,,,,0.0,,,,,,1.0,,0.0007914618637182413,0.0,,,,,,True
dualtopo,post_covid,dualtopo,2,neighborhood,LOMAS DE ZAMORA,flu_season,,bands,,26,,,,,,,,,,,,,,,,,,,,,1.0,1.0,,0.0,False
dualtopo,post_covid,dualtopo,2,neighborhood,LOMAS DE ZAMORA,flu_season,0.5,IT50,8.281330480989212,26,0.0,0.0,0.0,0.0,0.0,26.0,,,,0.0,,,,,,1.0,,0.08846735727041871,0.0,,,,,,True
dualtopo,post_covid,dualtopo,2,neighborhood,LOMAS DE ZAMORA,flu_season,0.9,IT90,13.281987582112178,26,0.0,0.0,0.0,0.0,0.0,26.0,,,,0.0,,,,,,1.0,,0.012245023282189994,0.0,,,,,,True
dualtopo,post_covid,dualtopo,2,neighborhood,LOMAS DE ZAMORA,flu_season,0.98,IT98,17.968039817353144,26,0.0,0.0,0.0,0.0,0.0,26.0,,,,0.0,,,,,,1.0,,0.0011556234241632917,0.0,,,,,,True
dualtopo,post_covid,dualtopo,2,neighborhood,MALVINAS ARGENTINAS,overall,,bands,,53,,,,,,,,,,,,,,,,,,,,,0.660377358490566,0.9056603773584906,0.19660082682590718,-0.20754716981132076,False
dualtopo,post_covid,dualtopo,2,neighborhood,MALVINAS ARGENTINAS,overall,0.5,IT50,19.75908456675979,53,12.0,0.22641509433962265,4.0,6.0,8.0,35.0,0.3333333333333333,0.6,0.4,0.14634146341463414,0.2222222222222222,0.36363636363636365,0.18699186991869918,0.19870410367170627,0.200018906272198,0.7358490566037735,0.8333333333333334,0.21920773842128677,0.17515129939480242,-0.25153361224673687,,,,,False
dualtopo,post_covid,dualtopo,2,neighborhood,MALVINAS ARGENTINAS,overall,0.9,IT90,75.76432319476002,53,9.0,0.16981132075471697,0.0,0.0,9.0,44.0,0.0,,,0.0,0.0,0.0,0.0,0.0,,0.8301886792452831,0.0,0.14980516674697866,0.14097543609825564,-0.06263311462692678,,,,,False
dualtopo,post_covid,dualtopo,2,neighborhood,MALVINAS ARGENTINAS,overall,0.98,IT98,178.99536057166898,53,0.0,0.0,0.0,0.0,0.0,53.0,,,,0.0,,,,,,1.0,,4.643291287932419e-14,0.0,,,,,,True
dualtopo,post_covid,dualtopo,2,neighborhood,MALVINAS ARGENTINAS,flu_season,,bands,,26,,,,,,,,,,,,,,,,,,,,,0.3076923076923077,0.8076923076923077,-0.004683840749414303,-0.4230769230769231,False
dualtopo,post_covid,dualtopo,2,neighborhood,MALVINAS ARGENTINAS,flu_season,0.5,IT50,19.75908456675979,26,12.0,0.46153846153846156,4.0,6.0,8.0,8.0,0.3333333333333333,0.6,0.4,0.42857142857142855,0.2222222222222222,0.36363636363636365,-0.09523809523809523,-0.0963855421686747,-0.09759000729485333,0.46153846153846156,0.8333333333333334,0.4468465437047345,0.24852071005917165,-0.7980253782404789,,,,,False
dualtopo,post_covid,dualtopo,2,neighborhood,MALVINAS ARGENTINAS,flu_season,0.9,IT90,75.76432319476002,26,9.0,0.34615384615384615,0.0,0.0,9.0,17.0,0.0,,,0.0,0.0,0.0,0.0,0.0,,0.6538461538461539,0.0,0.30537207067653344,0.22633136094674555,-0.3492256194597163,,,,,False
dualtopo,post_covid,dualtopo,2,neighborhood,MALVINAS ARGENTINAS,flu_season,0.98,IT98,178.99536057166898,26,0.0,0.0,0.0,0.0,0.0,26.0,,,,0.0,,,,,,1.0,,9.465170702323777e-14,0.0,,,,,,True
dualtopo,post_covid,dualtopo,2,neighborhood,MERLO,overall,,bands,,53,,,,,,,,,,,,,,,,,,,,,1.0,1.0,,0.0,False
dualtopo,post_covid,dualtopo,2,neighborhood,MERLO,overall,0.5,IT50,93.32449393075508,53,0.0,0.0,0.0,0.0,0.0,53.0,,,,0.0,,,,,,1.0,,0.021229753527450972,0.0,,,,,,True
dualtopo,post_covid,dualtopo,2,neighborhood,MERLO,overall,0.9,IT90,164.5170716895135,53,0.0,0.0,0.0,0.0,0.0,53.0,,,,0.0,,,,,,1.0,,8.180606187161068e-07,0.0,,,,,,True
dualtopo,post_covid,dualtopo,2,neighborhood,MERLO,overall,0.98,IT98,236.4333757518645,53,0.0,0.0,0.0,0.0,0.0,53.0,,,,0.0,,,,,,1.0,,8.760579260054444e-16,0.0,,,,,,True
dualtopo,post_covid,dualtopo,2,neighborhood,MERLO,flu_season,,bands,,26,,,,,,,,,,,,,,,,,,,,,1.0,1.0,,0.0,False
dualtopo,post_covid,dualtopo,2,neighborhood,MERLO,flu_season,0.5,IT50,93.32449393075508,26,0.0,0.0,0.0,0.0,0.0,26.0,,,,0.0,,,,,,1.0,,0.043276003076413945,0.0,,,,,,True
dualtopo,post_covid,dualtopo,2,neighborhood,MERLO,flu_season,0.9,IT90,164.5170716895135,26,0.0,0.0,0.0,0.0,0.0,26.0,,,,0.0,,,,,,1.0,,1.6675851073828328e-06,0.0,,,,,,True
dualtopo,post_covid,dualtopo,2,neighborhood,MERLO,flu_season,0.98,IT98,236.4333757518645,26,0.0,0.0,0.0,0.0,0.0,26.0,,,,0.0,,,,,,1.0,,1.7858103876264825e-15,0.0,,,,,,True
dualtopo,post_covid,dualtopo,2,neighborhood,MORENO,overall,,bands,,53,,,,,,,,,,,,,,,,,,,,,0.8679245283018868,1.0,0.6561631139944393,-0.09433962264150944,False
dualtopo,post_covid,dualtopo,2,neighborhood,MORENO,overall,0.5,IT50,101.79720605127496,53,16.0,0.3018867924528302,10.0,1.0,6.0,36.0,0.625,0.09090909090909091,0.9090909090909091,0.02702702702702703,0.5882352941176471,0.7407407407407407,0.597972972972973,0.6561631139944393,0.6768951788771163,0.8679245283018868,0.6875,0.11879967340615523,0.21075115699537209,0.43630357669275355,,,,,False
dualtopo,post_covid,dualtopo,2,neighborhood,MORENO,overall,0.9,IT90,214.46725243408844,53,0.0,0.0,0.0,0.0,0.0,53.0,,,,0.0,,,,,,1.0,,6.930747422424788e-08,0.0,,,,,,True
dualtopo,post_covid,dualtopo,2,neighborhood,MORENO,overall,0.98,IT98,345.44262322711484,53,0.0,0.0,0.0,0.0,0.0,53.0,,,,0.0,,,,,,1.0,,1.9169781871209552e-26,0.0,,,,,,True
dualtopo,post_covid,dualtopo,2,neighborhood,MORENO,flu_season,,bands,,26,,,,,,,,,,,,,,,,,,,,,0.7307692307692307,1.0,0.48,-0.19230769230769232,False
dualtopo,post_covid,dualtopo,2,neighborhood,MORENO,flu_season,0.5,IT50,101.79720605127496,26,16.0,0.6153846153846154,10.0,1.0,6.0,9.0,0.625,0.09090909090909091,0.9090909090909091,0.1,0.5882352941176471,0.7407407407407407,0.525,0.48,0.5169842621131975,0.7307692307692307,0.6875,0.24173279450648,0.2366863905325444,-0.021321056789877835,,,,,False
dualtopo,post_covid,dualtopo,2,neighborhood,MORENO,flu_season,0.9,IT90,214.46725243408844,26,0.0,0.0,0.0,0.0,0.0,26.0,,,,0.0,,,,,,1.0,,1.4128062053233004e-07,0.0,,,,,,True
dualtopo,post_covid,dualtopo,2,neighborhood,MORENO,flu_season,0.98,IT98,345.44262322711484,26,0.0,0.0,0.0,0.0,0.0,26.0,,,,0.0,,,,,,1.0,,3.907686304515793e-26,0.0,,,,,,True
dualtopo,post_covid,dualtopo,2,neighborhood,MORÓN,overall,,bands,,53,,,,,,,,,,,,,,,,,,,,,0.8490566037735849,1.0,0.3416149068322982,0.0,False
dualtopo,post_covid,dualtopo,2,neighborhood,MORÓN,overall,0.5,IT50,28.847000469649124,53,7.0,0.1320754716981132,3.0,4.0,4.0,42.0,0.42857142857142855,0.5714285714285714,0.42857142857142855,0.08695652173913043,0.2727272727272727,0.42857142857142855,0.3416149068322981,0.3416149068322981,0.3416149068322981,0.8490566037735849,1.0,0.09971447342525065,0.1146315414738341,0.13013057188966115,,,,,False
dualtopo,post_covid,dualtopo,2,neighborhood,MORÓN,overall,0.9,IT90,57.29975452086349,53,0.0,0.0,0.0,0.0,0.0,53.0,,,,0.0,,,,,,1.0,,0.0006716290780986268,0.0,,,,,,True
dualtopo,post_covid,dualtopo,2,neighborhood,MORÓN,overall,0.98,IT98,88.88106833465432,53,0.0,0.0,0.0,0.0,0.0,53.0,,,,0.0,,,,,,1.0,,2.8910855536752626e-08,0.0,,,,,,True
dualtopo,post_covid,dualtopo,2,neighborhood,MORÓN,flu_season,,bands,,26,,,,,,,,,,,,,,,,,,,,,0.6923076923076923,1.0,0.21804511278195493,0.0,False
dualtopo,post_covid,dualtopo,2,neighborhood,MORÓN,flu_season,0.5,IT50,28.847000469649124,26,7.0,0.2692307692307692,3.0,4.0,4.0,15.0,0.42857142857142855,0.5714285714285714,0.42857142857142855,0.21052631578947367,0.2727272727272727,0.42857142857142855,0.21804511278195488,0.21804511278195488,0.21804511278195488,0.6923076923076923,1.0,0.2000856390520324,0.19674556213017758,-0.016976631572735768,,,,,False
dualtopo,post_covid,dualtopo,2,neighborhood,MORÓN,flu_season,0.9,IT90,57.29975452086349,26,0.0,0.0,0.0,0.0,0.0,26.0,,,,0.0,,,,,,1.0,,0.0013688660753390608,0.0,,,,,,True
dualtopo,post_covid,dualtopo,2,neighborhood,MORÓN,flu_season,0.98,IT98,88.88106833465432,26,0.0,0.0,0.0,0.0,0.0,26.0,,,,0.0,,,,,,1.0,,5.8933666562383796e-08,0.0,,,,,,True
dualtopo,post_covid,dualtopo,2,neighborhood,QUILMES,overall,,bands,,53,,,,,,,,,,,,,,,,,,,,,0.9622641509433962,1.0,0.0,0.03773584905660377,False
dualtopo,post_covid,dualtopo,2,neighborhood,QUILMES,overall,0.5,IT50,46.34689792435932,53,0.0,0.0,0.0,2.0,0.0,51.0,,1.0,0.0,0.03773584905660377,0.0,0.0,,0.0,,0.9622641509433962,,0.023386852617204544,0.0,,,,,,True
dualtopo,post_covid,dualtopo,2,neighborhood,QUILMES,overall,0.9,IT90,80.98262048145082,53,0.0,0.0,0.0,0.0,0.0,53.0,,,,0.0,,,,,,1.0,,0.00015867615872581004,0.0,,,,,,True
dualtopo,post_covid,dualtopo,2,neighborhood,QUILMES,overall,0.98,IT98,115.72591322033615,53,0.0,0.0,0.0,0.0,0.0,53.0,,,,0.0,,,,,,1.0,,1.980004391820109e-08,0.0,,,,,,True
dualtopo,post_covid,dualtopo,2,neighborhood,QUILMES,flu_season,,bands,,26,,,,,,,,,,,,,,,,,,,,,0.9230769230769231,1.0,0.0,0.07692307692307693,False
dualtopo,post_covid,dualtopo,2,neighborhood,QUILMES,flu_season,0.5,IT50,46.34689792435932,26,0.0,0.0,0.0,2.0,0.0,24.0,,1.0,0.0,0.07692307692307693,0.0,0.0,,0.0,,0.9230769230769231,,0.04490701422571929,0.0,,,,,,True
dualtopo,post_covid,dualtopo,2,neighborhood,QUILMES,flu_season,0.9,IT90,80.98262048145082,26,0.0,0.0,0.0,0.0,0.0,26.0,,,,0.0,,,,,,1.0,,0.0003234324919289133,0.0,,,,,,True
dualtopo,post_covid,dualtopo,2,neighborhood,QUILMES,flu_season,0.98,IT98,115.72591322033615,26,0.0,0.0,0.0,0.0,0.0,26.0,,,,0.0,,,,,,1.0,,4.0361627907169135e-08,0.0,,,,,,True
dualtopo,post_covid,dualtopo,2,neighborhood,SAN ISIDRO,overall,,bands,,50,,,,,,,,,,,,,,,,,,,,,0.88,1.0,0.0,0.12,False
dualtopo,post_covid,dualtopo,2,neighborhood,SAN ISIDRO,overall,0.5,IT50,31.02709117627285,50,0.0,0.0,0.0,6.0,0.0,44.0,,1.0,0.0,0.12,0.0,0.0,,0.0,,0.88,,0.07188991455400284,0.0,,,,,,True
dualtopo,post_covid,dualtopo,2,neighborhood,SAN ISIDRO,overall,0.9,IT90,61.06994953059092,50,0.0,0.0,0.0,0.0,0.0,50.0,,,,0.0,,,,,,1.0,,0.001647585794349154,0.0,,,,,,True
dualtopo,post_covid,dualtopo,2,neighborhood,SAN ISIDRO,overall,0.98,IT98,94.17754601713678,50,0.0,0.0,0.0,0.0,0.0,50.0,,,,0.0,,,,,,1.0,,5.256565556067033e-07,0.0,,,,,,True
dualtopo,post_covid,dualtopo,2,neighborhood,SAN ISIDRO,flu_season,,bands,,26,,,,,,,,,,,,,,,,,,,,,0.9615384615384616,1.0,0.0,0.038461538461538464,False
dualtopo,post_covid,dualtopo,2,neighborhood,SAN ISIDRO,flu_season,0.5,IT50,31.02709117627285,26,0.0,0.0,0.0,1.0,0.0,25.0,,1.0,0.0,0.038461538461538464,0.0,0.0,,0.0,,0.9615384615384616,,0.04093974221429775,0.0,,,,,,True
dualtopo,post_covid,dualtopo,2,neighborhood,SAN ISIDRO,flu_season,0.9,IT90,61.06994953059092,26,0.0,0.0,0.0,0.0,0.0,26.0,,,,0.0,,,,,,1.0,,0.00018675905698361847,0.0,,,,,,True
dualtopo,post_covid,dualtopo,2,neighborhood,SAN ISIDRO,flu_season,0.98,IT98,94.17754601713678,26,0.0,0.0,0.0,0.0,0.0,26.0,,,,0.0,,,,,,1.0,,2.9452829273961496e-09,0.0,,,,,,True
dualtopo,post_covid,dualtopo,2,neighborhood,SAN MIGUEL,overall,,bands,,53,,,,,,,,,,,,,,,,,,,,,0.6037735849056604,0.7735849056603774,0.19518518518518513,-0.7169811320754716,False
dualtopo,post_covid,dualtopo,2,neighborhood,SAN MIGUEL,overall,0.5,IT50,41.72536470891113,53,21.0,0.39622641509433965,5.0,0.0,16.0,32.0,0.23809523809523808,0.0,1.0,0.0,0.23809523809523808,0.38461538461538464,0.23809523809523808,0.273972602739726,0.3984095364447979,0.6981132075471698,0.23809523809523808,0.17322066562104751,0.2392310430758277,0.27592730695011536,,,,,False
dualtopo,post_covid,dualtopo,2,neighborhood,SAN MIGUEL,overall,0.9,IT90,54.8832873966512,53,13.0,0.24528301886792453,0.0,0.0,13.0,40.0,0.0,,,0.0,0.0,0.0,0.0,0.0,,0.7547169811320755,0.0,0.1549645399302738,0.18511925952296196,0.16289347564588663,,,,,False
dualtopo,post_covid,dualtopo,2,neighborhood,SAN MIGUEL,overall,0.98,IT98,65.40139686030513,53,9.0,0.16981132075471697,0.0,0.0,9.0,44.0,0.0,,,0.0,0.0,0.0,0.0,0.0,,0.8301886792452831,0.0,0.13653095232547066,0.14097543609825564,0.031526653832709584,,,,,False
dualtopo,post_covid,dualtopo,2,neighborhood,SAN MIGUEL,flu_season,,bands,,26,,,,,,,,,,,,,,,,,,,,,0.38461538461538464,0.6153846153846154,0.16621499548328822,-1.1923076923076923,False
dualtopo,post_covid,dualtopo,2,neighborhood,SAN MIGUEL,flu_season,0.5,IT50,41.72536470891113,26,16.0,0.6153846153846154,5.0,0.0,11.0,10.0,0.3125,0.0,1.0,0.0,0.3125,0.47619047619047616,0.3125,0.25906735751295334,0.3857583749052298,0.5769230769230769,0.3125,0.250997736903607,0.2366863905325444,-0.06046543841773944,,,,,False
dualtopo,post_covid,dualtopo,2,neighborhood,SAN MIGUEL,flu_season,0.9,IT90,54.8832873966512,26,11.0,0.4230769230769231,0.0,0.0,11.0,15.0,0.0,,,0.0,0.0,0.0,0.0,0.0,,0.5769230769230769,0.0,0.2587399139471166,0.24408284023668633,-0.060049586837884084,,,,,False
dualtopo,post_covid,dualtopo,2,neighborhood,SAN MIGUEL,flu_season,0.98,IT98,65.40139686030513,26,9.0,0.34615384615384615,0.0,0.0,9.0,17.0,0.0,,,0.0,0.0,0.0,0.0,0.0,,0.6538461538461539,0.0,0.2779295925985579,0.22633136094674558,-0.22797650063153663,,,,,False
dualtopo,post_covid,dualtopo,2,neighborhood,TIGRE,overall,,bands,,53,,,,,,,,,,,,,,,,,,,,,0.7169811320754716,1.0,-0.16398243045387995,0.018867924528301886,False
dualtopo,post_covid,dualtopo,2,neighborhood,TIGRE,overall,0.5,IT50,22.292181427607932,53,7.0,0.1320754716981132,0.0,8.0,7.0,38.0,0.0,1.0,0.0,0.17391304347826086,0.0,0.0,-0.17391304347826086,-0.16398243045387995,-0.16447838793172298,0.7169811320754716,1.1428571428571428,0.1775073124670591,0.1146315414738341,-0.5485032320495931,,,,,False
dualtopo,post_covid,dualtopo,2,neighborhood,TIGRE,overall,0.9,IT90,51.59902428823632,53,0.0,0.0,0.0,0.0,0.0,53.0,,,,0.0,,,,,,1.0,,0.0039470934421458395,0.0,,,,,,True
dualtopo,post_covid,dualtopo,2,neighborhood,TIGRE,overall,0.98,IT98,88.26651373174553,53,0.0,0.0,0.0,0.0,0.0,53.0,,,,0.0,,,,,,1.0,,9.20067920340133e-07,0.0,,,,,,True
dualtopo,post_covid,dualtopo,2,neighborhood,TIGRE,flu_season,,bands,,26,,,,,,,,,,,,,,,,,,,,,0.4230769230769231,1.0,-0.40287769784172633,0.038461538461538464,False
dualtopo,post_covid,dualtopo,2,neighborhood,TIGRE,flu_season,0.5,IT50,22.292181427607932,26,7.0,0.2692307692307692,0.0,8.0,7.0,11.0,0.0,1.0,0.0,0.42105263157894735,0.0,0.0,-0.42105263157894735,-0.4028776978417266,-0.404651319111256,0.4230769230769231,1.1428571428571428,0.35830350532749095,0.19674556213017758,-0.8211516511382242,,,,,False
dualtopo,post_covid,dualtopo,2,neighborhood,TIGRE,flu_season,0.9,IT90,51.59902428823632,26,0.0,0.0,0.0,0.0,0.0,26.0,,,,0.0,,,,,,1.0,,0.008045958278137363,0.0,,,,,,True
dualtopo,post_covid,dualtopo,2,neighborhood,TIGRE,flu_season,0.98,IT98,88.26651373174553,26,0.0,0.0,0.0,0.0,0.0,26.0,,,,0.0,,,,,,1.0,,1.8755230683856519e-06,0.0,,,,,,True
dualtopo,post_covid,dualtopo,2,neighborhood,TRES DE FEBRERO,overall,,bands,,53,,,,,,,,,,,,,,,,,,,,,0.9811320754716981,1.0,0.790513833992095,0.018867924528301886,False
dualtopo,post_covid,dualtopo,2,neighborhood,TRES DE FEBRERO,overall,0.5,IT50,92.40050209783404,53,2.0,0.03773584905660377,2.0,1.0,0.0,50.0,1.0,0.3333333333333333,0.6666666666666666,0.0196078431372549,0.6666666666666666,0.8,0.9803921568627451,0.7905138339920948,0.8084520834544433,0.9811320754716981,1.5,0.02428645250305025,0.03631185475258099,0.3311701462640376,,,,,True
dualtopo,post_covid,dualtopo,2,neighborhood,TRES DE FEBRERO,overall,0.9,IT90,150.5622822202344,53,0.0,0.0,0.0,0.0,0.0,53.0,,,,0.0,,,,,,1.0,,0.00035442283103055846,0.0,,,,,,True
dualtopo,post_covid,dualtopo,2,neighborhood,TRES DE FEBRERO,overall,0.98,IT98,205.7567466717726,53,0.0,0.0,0.0,0.0,0.0,53.0,,,,0.0,,,,,,1.0,,4.888918716302134e-08,0.0,,,,,,True
dualtopo,post_covid,dualtopo,2,neighborhood,TRES DE FEBRERO,flu_season,,bands,,26,,,,,,,,,,,,,,,,,,,,,0.9615384615384616,1.0,0.7796610169491525,0.038461538461538464,False
dualtopo,post_covid,dualtopo,2,neighborhood,TRES DE FEBRERO,flu_season,0.5,IT50,92.40050209783404,26,2.0,0.07692307692307693,2.0,1.0,0.0,23.0,1.0,0.3333333333333333,0.6666666666666666,0.041666666666666664,0.6666666666666666,0.8,0.9583333333333334,0.7796610169491526,0.7993052538854533,0.9615384615384616,1.5,0.049403327230813004,0.07100591715976333,0.304236474832717,,,,,True
dualtopo,post_covid,dualtopo,2,neighborhood,TRES DE FEBRERO,flu_season,0.9,IT90,150.5622822202344,26,0.0,0.0,0.0,0.0,0.0,26.0,,,,0.0,,,,,,1.0,,0.0007224773049643914,0.0,,,,,,True
dualtopo,post_covid,dualtopo,2,neighborhood,TRES DE FEBRERO,flu_season,0.98,IT98,205.7567466717726,26,0.0,0.0,0.0,0.0,0.0,26.0,,,,0.0,,,,,,1.0,,9.96587276784666e-08,0.0,,,,,,True
dualtopo,post_covid,dualtopo,2,neighborhood,VICENTE LÓPEZ,overall,,bands,,53,,,,,,,,,,,,,,,,,,,,,0.9056603773584906,1.0,-0.03112840466926059,0.05660377358490566,False
dualtopo,post_covid,dualtopo,2,neighborhood,VICENTE LÓPEZ,overall,0.5,IT50,105.82113989675452,53,1.0,0.018867924528301886,0.0,4.0,1.0,48.0,0.0,1.0,0.0,0.07692307692307693,0.0,0.0,-0.07692307692307693,-0.0311284046692607,-0.03962144258751637,0.9056603773584906,4.0,0.07160808139600708,0.018511925952296185,-2.868213473872768,,,,,True
dualtopo,post_covid,dualtopo,2,neighborhood,VICENTE LÓPEZ,overall,0.9,IT90,168.616011392644,53,0.0,0.0,0.0,0.0,0.0,53.0,,,,0.0,,,,,,1.0,,0.0003399203886323729,0.0,,,,,,True
dualtopo,post_covid,dualtopo,2,neighborhood,VICENTE LÓPEZ,overall,0.98,IT98,227.1548194913809,53,0.0,0.0,0.0,0.0,0.0,53.0,,,,0.0,,,,,,1.0,,2.8599547393376784e-08,0.0,,,,,,True
dualtopo,post_covid,dualtopo,2,neighborhood,VICENTE LÓPEZ,flu_season,,bands,,26,,,,,,,,,,,,,,,,,,,,,0.9615384615384616,1.0,0.0,-0.038461538461538464,False
dualtopo,post_covid,dualtopo,2,neighborhood,VICENTE LÓPEZ,flu_season,0.5,IT50,105.82113989675452,26,1.0,0.038461538461538464,0.0,0.0,1.0,25.0,0.0,,,0.0,0.0,0.0,0.0,0.0,,0.9615384615384616,0.0,0.0562426406434214,0.036982248520710054,-0.5208010029981149,,,,,True
dualtopo,post_covid,dualtopo,2,neighborhood,VICENTE LÓPEZ,flu_season,0.9,IT90,168.616011392644,26,0.0,0.0,0.0,0.0,0.0,26.0,,,,0.0,,,,,,1.0,,1.8302879474433907e-05,0.0,,,,,,True
dualtopo,post_covid,dualtopo,2,neighborhood,VICENTE LÓPEZ,flu_season,0.98,IT98,227.1548194913809,26,0.0,0.0,0.0,0.0,0.0,26.0,,,,0.0,,,,,,1.0,,5.635793427536827e-11,0.0,,,,,,True
gat,post_covid,gat,2,citywide,CITYWIDE,overall,,bands,,53,,,,,,,,,,,,,,,,,,,,,0.8301886792452831,0.9433962264150944,-0.020083682008368076,-0.20754716981132076,False
gat,post_covid,gat,2,citywide,CITYWIDE,overall,0.5,IT50,77.06642887231719,53,8.0,0.1509433962264151,0.0,1.0,8.0,44.0,0.0,1.0,0.0,0.022222222222222223,0.0,0.0,-0.022222222222222223,-0.03470715835140998,-0.05847053462046861,0.8301886792452831,0.125,0.0698624423409064,0.12815948736205057,0.4548788874010944,,,,,False
gat,post_covid,gat,2,citywide,CITYWIDE,overall,0.9,IT90,97.46007981062509,53,3.0,0.05660377358490566,0.0,0.0,3.0,50.0,0.0,,,0.0,0.0,0.0,0.0,0.0,,0.9433962264150944,0.0,0.04381102771073029,0.05339978640085441,0.1795654877370576,,,,,True
gat,post_covid,gat,2,citywide,CITYWIDE,overall,0.98,IT98,113.25281678189309,53,1.0,0.018867924528301886,0.0,0.0,1.0,52.0,0.0,,,0.0,0.0,0.0,0.0,0.0,,0.9811320754716981,0.0,0.018105079417161822,0.018511925952296185,0.0219775368690851,,,,,True
gat,post_covid,gat,2,citywide,CITYWIDE,flu_season,,bands,,26,,,,,,,,,,,,,,,,,,,,,0.6538461538461539,0.8846153846153846,-0.04181184668989557,-0.4230769230769231,False
gat,post_covid,gat,2,citywide,CITYWIDE,flu_season,0.5,IT50,77.06642887231719,26,8.0,0.3076923076923077,0.0,1.0,8.0,17.0,0.0,1.0,0.0,0.05555555555555555,0.0,0.0,-0.05555555555555555,-0.07339449541284404,-0.13333333333333333,0.6538461538461539,0.125,0.14185828728307065,0.21301775147928986,0.3340541513655848,,,,,False
gat,post_covid,gat,2,citywide,CITYWIDE,flu_season,0.9,IT90,97.46007981062509,26,3.0,0.11538461538461539,0.0,0.0,3.0,23.0,0.0,,,0.0,0.0,0.0,0.0,0.0,,0.8846153846153846,0.0,0.08929594586177944,0.10207100591715977,0.12515855938314646,,,,,True
gat,post_covid,gat,2,citywide,CITYWIDE,flu_season,0.98,IT98,113.25281678189309,26,1.0,0.038461538461538464,0.0,0.0,1.0,25.0,0.0,,,0.0,0.0,0.0,0.0,0.0,,0.9615384615384616,0.0,0.03690623843827199,0.036982248520710054,0.0020553126291252832,,,,,True
gat,post_covid,gat,2,pooled,ALL,overall,,bands,,992,,,,,,,,,,,,,,,,,,,,,0.8669354838709677,0.9747983870967742,0.311111111111111,-0.11491935483870967,False
gat,post_covid,gat,2,pooled,ALL,overall,0.5,IT50,,992,143.0,0.14415322580645162,50.0,26.0,93.0,823.0,0.34965034965034963,0.34210526315789475,0.6578947368421053,0.030624263839811542,0.2958579881656805,0.45662100456621,0.3190260858105381,0.3962109742624494,0.4213020053770709,0.8800403225806451,0.5314685314685315,0.09338184727373937,0.12337307329604581,0.2430937742009519,,,,,False
gat,post_covid,gat,2,pooled,ALL,overall,0.9,IT90,,992,37.0,0.037298387096774195,2.0,0.0,35.0,955.0,0.05405405405405406,0.0,1.0,0.0,0.05405405405405406,0.10256410256410256,0.05405405405405406,0.09911779968863518,0.22834853216750078,0.9647177419354839,0.05405405405405406,0.03603656579170937,0.03590721741675338,-0.0036022945875957557,,,,,False
gat,post_covid,gat,2,pooled,ALL,overall,0.98,IT98,,992,12.0,0.012096774193548387,0.0,0.0,12.0,980.0,0.0,,,0.0,0.0,0.0,0.0,0.0,,0.9879032258064516,0.0,0.010541995862731532,0.011950442247658686,0.11785726048783629,,,,,False
gat,post_covid,gat,2,pooled,ALL,flu_season,,bands,,494,,,,,,,,,,,,,,,,,,,,,0.7591093117408907,0.9534412955465587,0.2743812489755778,-0.20040485829959515,False
gat,post_covid,gat,2,pooled,ALL,flu_season,0.5,IT50,,494,130.0,0.2631578947368421,50.0,26.0,80.0,338.0,0.38461538461538464,0.34210526315789475,0.6578947368421053,0.07142857142857142,0.32051282051282054,0.4854368932038835,0.3131868131868132,0.3614457831325301,0.3822353935782192,0.7854251012145749,0.5846153846153846,0.1632918586615553,0.19390581717451527,0.15788055747397933,,,,,False
gat,post_covid,gat,2,pooled,ALL,flu_season,0.9,IT90,,494,35.0,0.0708502024291498,2.0,0.0,33.0,459.0,0.05714285714285714,0.0,1.0,0.0,0.05714285714285714,0.10810810810810811,0.05714285714285714,0.10122394971882236,0.23088981036333484,0.9331983805668016,0.05714285714285714,0.06897888424505544,0.06583045124489831,-0.047826392507086535,,,,,False
gat,post_covid,gat,2,pooled,ALL,flu_season,0.98,IT98,,494,12.0,0.024291497975708502,0.0,0.0,12.0,482.0,0.0,,,0.0,0.0,0.0,0.0,0.0,,0.9757085020242915,0.0,0.02103616067721322,0.02370142110180466,0.11245150293492323,,,,,False
gat,post_covid,gat,2,neighborhood,ALMIRANTE BROWN,overall,,bands,,53,,,,,,,,,,,,,,,,,,,,,1.0,1.0,,0.0,False
gat,post_covid,gat,2,neighborhood,ALMIRANTE BROWN,overall,0.5,IT50,45.51198712694632,53,0.0,0.0,0.0,0.0,0.0,53.0,,,,0.0,,,,,,1.0,,0.040474186033527176,0.0,,,,,,True
gat,post_covid,gat,2,neighborhood,ALMIRANTE BROWN,overall,0.9,IT90,59.3327355509796,53,0.0,0.0,0.0,0.0,0.0,53.0,,,,0.0,,,,,,1.0,,0.012008926557449584,0.0,,,,,,True
gat,post_covid,gat,2,neighborhood,ALMIRANTE BROWN,overall,0.98,IT98,70.30154029606965,53,0.0,0.0,0.0,0.0,0.0,53.0,,,,0.0,,,,,,1.0,,0.0038192948783619253,0.0,,,,,,True
gat,post_covid,gat,2,neighborhood,ALMIRANTE BROWN,flu_season,,bands,,26,,,,,,,,,,,,,,,,,,,,,1.0,1.0,,0.0,False
gat,post_covid,gat,2,neighborhood,ALMIRANTE BROWN,flu_season,0.5,IT50,45.51198712694632,26,0.0,0.0,0.0,0.0,0.0,26.0,,,,0.0,,,,,,1.0,,0.08067132283505382,0.0,,,,,,True
gat,post_covid,gat,2,neighborhood,ALMIRANTE BROWN,flu_season,0.9,IT90,59.3327355509796,26,0.0,0.0,0.0,0.0,0.0,26.0,,,,0.0,,,,,,1.0,,0.024406864342088195,0.0,,,,,,True
gat,post_covid,gat,2,neighborhood,ALMIRANTE BROWN,flu_season,0.98,IT98,70.30154029606965,26,0.0,0.0,0.0,0.0,0.0,26.0,,,,0.0,,,,,,1.0,,0.007782047961234483,0.0,,,,,,True
gat,post_covid,gat,2,neighborhood,AVELLANEDA,overall,,bands,,53,,,,,,,,,,,,,,,,,,,,,0.9433962264150944,1.0,0.0,-0.05660377358490566,False
gat,post_covid,gat,2,neighborhood,AVELLANEDA,overall,0.5,IT50,245.84106655843968,53,3.0,0.05660377358490566,0.0,0.0,3.0,50.0,0.0,,,0.0,0.0,0.0,0.0,0.0,,0.9433962264150944,0.0,0.036676108522375545,0.05339978640085441,0.31317874107098076,,,,,True
gat,post_covid,gat,2,neighborhood,AVELLANEDA,overall,0.9,IT90,374.7741671132419,53,0.0,0.0,0.0,0.0,0.0,53.0,,,,0.0,,,,,,1.0,,2.783956785341794e-05,0.0,,,,,,True
gat,post_covid,gat,2,neighborhood,AVELLANEDA,overall,0.98,IT98,490.7992503428019,53,0.0,0.0,0.0,0.0,0.0,53.0,,,,0.0,,,,,,1.0,,1.2017708903504391e-09,0.0,,,,,,True
gat,post_covid,gat,2,neighborhood,AVELLANEDA,flu_season,,bands,,26,,,,,,,,,,,,,,,,,,,,,0.8846153846153846,1.0,0.0,-0.11538461538461539,False
gat,post_covid,gat,2,neighborhood,AVELLANEDA,flu_season,0.5,IT50,245.84106655843968,26,3.0,0.11538461538461539,0.0,0.0,3.0,23.0,0.0,,,0.0,0.0,0.0,0.0,0.0,,0.8846153846153846,0.0,0.07475220242555766,0.10207100591715977,0.2676450892800438,,,,,True
gat,post_covid,gat,2,neighborhood,AVELLANEDA,flu_season,0.9,IT90,374.7741671132419,26,0.0,0.0,0.0,0.0,0.0,26.0,,,,0.0,,,,,,1.0,,5.6749888123333436e-05,0.0,,,,,,True
gat,post_covid,gat,2,neighborhood,AVELLANEDA,flu_season,0.98,IT98,490.7992503428019,26,0.0,0.0,0.0,0.0,0.0,26.0,,,,0.0,,,,,,1.0,,2.449763738022047e-09,0.0,,,,,,True
gat,post_covid,gat,2,neighborhood,EZEIZA,overall,,bands,,53,,,,,,,,,,,,,,,,,,,,,0.9433962264150944,1.0,0.7763713080168777,0.018867924528301886,False
gat,post_covid,gat,2,neighborhood,EZEIZA,overall,0.5,IT50,139.80229436412165,53,5.0,0.09433962264150944,5.0,2.0,0.0,46.0,1.0,0.2857142857142857,0.7142857142857143,0.041666666666666664,0.7142857142857143,0.8333333333333334,0.9583333333333334,0.8127208480565371,0.8273595406616217,0.9622641509433962,1.4,0.05690567125732547,0.08543965824136704,0.33396653932571985,,,,,False
gat,post_covid,gat,2,neighborhood,EZEIZA,overall,0.9,IT90,180.23131160603506,53,1.0,0.018867924528301886,0.0,0.0,1.0,52.0,0.0,,,0.0,0.0,0.0,0.0,0.0,,0.9811320754716981,0.0,0.02586039193027894,0.018511925952296185,-0.3969584794644916,,,,,True
gat,post_covid,gat,2,neighborhood,EZEIZA,overall,0.98,IT98,212.02965427114694,53,0.0,0.0,0.0,0.0,0.0,53.0,,,,0.0,,,,,,1.0,,0.005425988516815429,0.0,,,,,,True
gat,post_covid,gat,2,neighborhood,EZEIZA,flu_season,,bands,,26,,,,,,,,,,,,,,,,,,,,,0.8846153846153846,1.0,0.7450980392156863,0.038461538461538464,False
gat,post_covid,gat,2,neighborhood,EZEIZA,flu_season,0.5,IT50,139.80229436412165,26,5.0,0.19230769230769232,5.0,2.0,0.0,19.0,1.0,0.2857142857142857,0.7142857142857143,0.09523809523809523,0.7142857142857143,0.8333333333333334,0.9047619047619048,0.7851239669421488,0.8039020483873396,0.9230769230769231,1.4,0.11488401010293164,0.15532544378698226,0.2603658016230306,,,,,False
gat,post_covid,gat,2,neighborhood,EZEIZA,flu_season,0.9,IT90,180.23131160603506,26,1.0,0.038461538461538464,0.0,0.0,1.0,25.0,0.0,,,0.0,0.0,0.0,0.0,0.0,,0.9615384615384616,0.0,0.052701639377563475,0.036982248520710054,-0.42505232876931665,,,,,True
gat,post_covid,gat,2,neighborhood,EZEIZA,flu_season,0.98,IT98,212.02965427114694,26,0.0,0.0,0.0,0.0,0.0,26.0,,,,0.0,,,,,,1.0,,0.011060459727442348,0.0,,,,,,True
gat,post_covid,gat,2,neighborhood,FLORENCIO VARELA,overall,,bands,,53,,,,,,,,,,,,,,,,,,,,,0.8490566037735849,0.9811320754716981,0.0,-0.16981132075471697,False
gat,post_covid,gat,2,neighborhood,FLORENCIO VARELA,overall,0.5,IT50,92.52865090835965,53,8.0,0.1509433962264151,0.0,0.0,8.0,45.0,0.0,,,0.0,0.0,0.0,0.0,0.0,,0.8490566037735849,0.0,0.0841951246584614,0.12815948736205057,0.34304415231772767,,,,,False
gat,post_covid,gat,2,neighborhood,FLORENCIO VARELA,overall,0.9,IT90,129.20404508235538,53,1.0,0.018867924528301886,0.0,0.0,1.0,52.0,0.0,,,0.0,0.0,0.0,0.0,0.0,,0.9811320754716981,0.0,0.016098259165701265,0.018511925952296185,0.13038442314509868,,,,,True
gat,post_covid,gat,2,neighborhood,FLORENCIO VARELA,overall,0.98,IT98,159.96645580277627,53,0.0,0.0,0.0,0.0,0.0,53.0,,,,0.0,,,,,,1.0,,4.3381979534263716e-05,0.0,,,,,,True
gat,post_covid,gat,2,neighborhood,FLORENCIO VARELA,flu_season,,bands,,26,,,,,,,,,,,,,,,,,,,,,0.6923076923076923,0.9615384615384616,-2.220446049250313e-16,-0.34615384615384615,False
gat,post_covid,gat,2,neighborhood,FLORENCIO VARELA,flu_season,0.5,IT50,92.52865090835965,26,8.0,0.3076923076923077,0.0,0.0,8.0,18.0,0.0,,,0.0,0.0,0.0,0.0,0.0,,0.6923076923076923,0.0,0.17151884767978484,0.21301775147928986,0.19481429839212083,,,,,False
gat,post_covid,gat,2,neighborhood,FLORENCIO VARELA,flu_season,0.9,IT90,129.20404508235538,26,1.0,0.038461538461538464,0.0,0.0,1.0,25.0,0.0,,,0.0,0.0,0.0,0.0,0.0,,0.9615384615384616,0.0,0.03281562253996862,0.036982248520710054,0.1126655665192483,,,,,True
gat,post_covid,gat,2,neighborhood,FLORENCIO VARELA,flu_season,0.98,IT98,159.96645580277627,26,0.0,0.0,0.0,0.0,0.0,26.0,,,,0.0,,,,,,1.0,,8.843248287660382e-05,0.0,,,,,,True
gat,post_covid,gat,2,neighborhood,GENERAL SAN MARTÍN,overall,,bands,,53,,,,,,,,,,,,,,,,,,,,,0.9245283018867925,1.0,0.0,-0.07547169811320754,False
gat,post_covid,gat,2,neighborhood,GENERAL SAN MARTÍN,overall,0.5,IT50,77.94711365203958,53,4.0,0.07547169811320754,0.0,0.0,4.0,49.0,0.0,,,0.0,0.0,0.0,0.0,0.0,,0.9245283018867925,0.0,0.059300435320828036,0.0697757208971164,0.15012794481527558,,,,,True
gat,post_covid,gat,2,neighborhood,GENERAL SAN MARTÍN,overall,0.9,IT90,119.50868958439348,53,0.0,0.0,0.0,0.0,0.0,53.0,,,,0.0,,,,,,1.0,,0.0023233429186265233,0.0,,,,,,True
gat,post_covid,gat,2,neighborhood,GENERAL SAN MARTÍN,overall,0.98,IT98,157.08069982681235,53,0.0,0.0,0.0,0.0,0.0,53.0,,,,0.0,,,,,,1.0,,5.1306313031336766e-05,0.0,,,,,,True
gat,post_covid,gat,2,neighborhood,GENERAL SAN MARTÍN,flu_season,,bands,,26,,,,,,,,,,,,,,,,,,,,,0.8461538461538461,1.0,0.0,-0.15384615384615385,False
gat,post_covid,gat,2,neighborhood,GENERAL SAN MARTÍN,flu_season,0.5,IT50,77.94711365203958,26,4.0,0.15384615384615385,0.0,0.0,4.0,22.0,0.0,,,0.0,0.0,0.0,0.0,0.0,,0.8461538461538461,0.0,0.12004454093127494,0.13017751479289943,0.07783966284611543,,,,,True
gat,post_covid,gat,2,neighborhood,GENERAL SAN MARTÍN,flu_season,0.9,IT90,119.50868958439348,26,0.0,0.0,0.0,0.0,0.0,26.0,,,,0.0,,,,,,1.0,,0.004735555617678745,0.0,,,,,,True
gat,post_covid,gat,2,neighborhood,GENERAL SAN MARTÍN,flu_season,0.98,IT98,157.08069982681235,26,0.0,0.0,0.0,0.0,0.0,26.0,,,,0.0,,,,,,1.0,,0.00010458589714730491,0.0,,,,,,True
gat,post_covid,gat,2,neighborhood,JOSÉ C. PAZ,overall,,bands,,53,,,,,,,,,,,,,,,,,,,,,0.49056603773584906,0.8301886792452831,0.07628188936600167,-0.7358490566037735,False
gat,post_covid,gat,2,neighborhood,JOSÉ C. PAZ,overall,0.5,IT50,222.17859568980776,53,30.0,0.5660377358490566,5.0,0.0,25.0,23.0,0.16666666666666666,0.0,1.0,0.0,0.16666666666666666,0.2857142857142857,0.16666666666666666,0.14790996784565916,0.2825970826302195,0.5283018867924528,0.16666666666666666,0.38199089657710195,0.2456390174439302,-0.5550904760653326,,,,,False
gat,post_covid,gat,2,neighborhood,JOSÉ C. PAZ,overall,0.9,IT90,355.8888420506266,53,11.0,0.20754716981132076,0.0,0.0,11.0,42.0,0.0,,,0.0,0.0,0.0,0.0,0.0,,0.7924528301886793,0.0,0.20546227636963738,0.1644713421146316,-0.24922842926907185,,,,,False
gat,post_covid,gat,2,neighborhood,JOSÉ C. PAZ,overall,0.98,IT98,481.06046989083103,53,3.0,0.05660377358490566,0.0,0.0,3.0,50.0,0.0,,,0.0,0.0,0.0,0.0,0.0,,0.9433962264150944,0.0,0.05662762843568978,0.05339978640085441,-0.060446721839017004,,,,,True
gat,post_covid,gat,2,neighborhood,JOSÉ C. PAZ,flu_season,,bands,,26,,,,,,,,,,,,,,,,,,,,,0.19230769230769232,0.6538461538461539,-0.009864364981504226,-1.2692307692307692,False
gat,post_covid,gat,2,neighborhood,JOSÉ C. PAZ,flu_season,0.5,IT50,222.17859568980776,26,24.0,0.9230769230769231,5.0,0.0,19.0,2.0,0.20833333333333334,0.0,1.0,0.0,0.20833333333333334,0.3448275862068966,0.20833333333333334,0.038910505836575876,0.14085904245475275,0.2692307692307692,0.20833333333333334,0.5517839258703542,0.07100591715976333,-6.7709569560074865,,,,,False
gat,post_covid,gat,2,neighborhood,JOSÉ C. PAZ,flu_season,0.9,IT90,355.8888420506266,26,11.0,0.4230769230769231,0.0,0.0,11.0,15.0,0.0,,,0.0,0.0,0.0,0.0,0.0,,0.5769230769230769,0.0,0.4188269479200732,0.24408284023668633,-0.7159213139028457,,,,,False
gat,post_covid,gat,2,neighborhood,JOSÉ C. PAZ,flu_season,0.98,IT98,481.06046989083103,26,3.0,0.11538461538461539,0.0,0.0,3.0,23.0,0.0,,,0.0,0.0,0.0,0.0,0.0,,0.8846153846153846,0.0,0.11543324258044455,0.10207100591715977,-0.1309111881794276,,,,,True
gat,post_covid,gat,2,neighborhood,LA MATANZA,overall,,bands,,53,,,,,,,,,,,,,,,,,,,,,0.7547169811320755,1.0,0.5619834710743802,-0.24528301886792453,False
gat,post_covid,gat,2,neighborhood,LA MATANZA,overall,0.5,IT50,24.512107570850826,53,23.0,0.4339622641509434,12.0,0.0,11.0,30.0,0.5217391304347826,0.0,1.0,0.0,0.5217391304347826,0.6857142857142857,0.5217391304347826,0.5525709900230238,0.61786757427666,0.7924528301886793,0.5217391304347826,0.14538842526673362,0.24563901744393019,0.40812161366050026,,,,,False
gat,post_covid,gat,2,neighborhood,LA MATANZA,overall,0.9,IT90,49.0533041651205,53,2.0,0.03773584905660377,0.0,0.0,2.0,51.0,0.0,,,0.0,0.0,0.0,0.0,0.0,,0.9622641509433962,0.0,0.030923296700987767,0.03631185475258099,0.14839666242083682,,,,,True
gat,post_covid,gat,2,neighborhood,LA MATANZA,overall,0.98,IT98,76.45298521130762,53,0.0,0.0,0.0,0.0,0.0,53.0,,,,0.0,,,,,,1.0,,0.00037602421520241646,0.0,,,,,,True
gat,post_covid,gat,2,neighborhood,LA MATANZA,flu_season,,bands,,26,,,,,,,,,,,,,,,,,,,,,0.5769230769230769,1.0,0.38095238095238093,-0.4230769230769231,False
gat,post_covid,gat,2,neighborhood,LA MATANZA,flu_season,0.5,IT50,24.512107570850826,26,21.0,0.8076923076923077,12.0,0.0,9.0,5.0,0.5714285714285714,0.0,1.0,0.0,0.5714285714285714,0.7272727272727273,0.5714285714285714,0.3389830508474576,0.45175395145262565,0.6538461538461539,0.5714285714285714,0.2331115956315415,0.15532544378698226,-0.5007946537802099,,,,,False
gat,post_covid,gat,2,neighborhood,LA MATANZA,flu_season,0.9,IT90,49.0533041651205,26,2.0,0.07692307692307693,0.0,0.0,2.0,24.0,0.0,,,0.0,0.0,0.0,0.0,0.0,,0.9230769230769231,0.0,0.06302065955091112,0.07100591715976333,0.11245904465800194,,,,,True
gat,post_covid,gat,2,neighborhood,LA MATANZA,flu_season,0.98,IT98,76.45298521130762,26,0.0,0.0,0.0,0.0,0.0,26.0,,,,0.0,,,,,,1.0,,0.0007665103899368949,0.0,,,,,,True
gat,post_covid,gat,2,neighborhood,LANÚS,overall,,bands,,53,,,,,,,,,,,,,,,,,,,,,0.9245283018867925,1.0,0.0,-0.07547169811320754,False
gat,post_covid,gat,2,neighborhood,LANÚS,overall,0.5,IT50,132.6029855198303,53,4.0,0.07547169811320754,0.0,0.0,4.0,49.0,0.0,,,0.0,0.0,0.0,0.0,0.0,,0.9245283018867925,0.0,0.046150394878215185,0.06977572089711641,0.3385894938117018,,,,,True
gat,post_covid,gat,2,neighborhood,LANÚS,overall,0.9,IT90,190.48996986250967,53,0.0,0.0,0.0,0.0,0.0,53.0,,,,0.0,,,,,,1.0,,0.0006623478413302815,0.0,,,,,,True
gat,post_covid,gat,2,neighborhood,LANÚS,overall,0.98,IT98,240.1624128185746,53,0.0,0.0,0.0,0.0,0.0,53.0,,,,0.0,,,,,,1.0,,6.765345125626548e-06,0.0,,,,,,True
gat,post_covid,gat,2,neighborhood,LANÚS,flu_season,,bands,,26,,,,,,,,,,,,,,,,,,,,,0.8461538461538461,1.0,0.0,-0.15384615384615385,False
gat,post_covid,gat,2,neighborhood,LANÚS,flu_season,0.5,IT50,132.6029855198303,26,4.0,0.15384615384615385,0.0,0.0,4.0,22.0,0.0,,,0.0,0.0,0.0,0.0,0.0,,0.8461538461538461,0.0,0.0939605505018767,0.13017751479289943,0.27821213478103823,,,,,True
gat,post_covid,gat,2,neighborhood,LANÚS,flu_season,0.9,IT90,190.48996986250967,26,0.0,0.0,0.0,0.0,0.0,26.0,,,,0.0,,,,,,1.0,,0.001350158500266205,0.0,,,,,,True
gat,post_covid,gat,2,neighborhood,LANÚS,flu_season,0.98,IT98,240.1624128185746,26,0.0,0.0,0.0,0.0,0.0,26.0,,,,0.0,,,,,,1.0,,1.3790895632012429e-05,0.0,,,,,,True
gat,post_covid,gat,2,neighborhood,LOMAS DE ZAMORA,overall,,bands,,41,,,,,,,,,,,,,,,,,,,,,1.0,1.0,,0.0,False
gat,post_covid,gat,2,neighborhood,LOMAS DE ZAMORA,overall,0.5,IT50,8.281330480989212,41,0.0,0.0,0.0,0.0,0.0,41.0,,,,0.0,,,,,,1.0,,0.08435789018691131,0.0,,,,,,True
gat,post_covid,gat,2,neighborhood,LOMAS DE ZAMORA,overall,0.9,IT90,13.281987582112178,41,0.0,0.0,0.0,0.0,0.0,41.0,,,,0.0,,,,,,1.0,,0.020687536514338252,0.0,,,,,,True
gat,post_covid,gat,2,neighborhood,LOMAS DE ZAMORA,overall,0.98,IT98,17.968039817353144,41,0.0,0.0,0.0,0.0,0.0,41.0,,,,0.0,,,,,,1.0,,0.004462657776614909,0.0,,,,,,True
gat,post_covid,gat,2,neighborhood,LOMAS DE ZAMORA,flu_season,,bands,,26,,,,,,,,,,,,,,,,,,,,,1.0,1.0,,0.0,False
gat,post_covid,gat,2,neighborhood,LOMAS DE ZAMORA,flu_season,0.5,IT50,8.281330480989212,26,0.0,0.0,0.0,0.0,0.0,26.0,,,,0.0,,,,,,1.0,,0.10439696699765996,0.0,,,,,,True
gat,post_covid,gat,2,neighborhood,LOMAS DE ZAMORA,flu_season,0.9,IT90,13.281987582112178,26,0.0,0.0,0.0,0.0,0.0,26.0,,,,0.0,,,,,,1.0,,0.028715700297160182,0.0,,,,,,True
gat,post_covid,gat,2,neighborhood,LOMAS DE ZAMORA,flu_season,0.98,IT98,17.968039817353144,26,0.0,0.0,0.0,0.0,0.0,26.0,,,,0.0,,,,,,1.0,,0.006667269156914031,0.0,,,,,,True
gat,post_covid,gat,2,neighborhood,MALVINAS ARGENTINAS,overall,,bands,,53,,,,,,,,,,,,,,,,,,,,,0.6981132075471698,0.9245283018867925,0.31486611265004627,-0.22641509433962265,False
gat,post_covid,gat,2,neighborhood,MALVINAS ARGENTINAS,overall,0.5,IT50,19.75908456675979,53,12.0,0.22641509433962265,5.0,4.0,7.0,37.0,0.4166666666666667,0.4444444444444444,0.5555555555555556,0.0975609756097561,0.3125,0.47619047619047616,0.31910569105691056,0.3500557413600892,0.3556882412868532,0.7924528301886793,0.75,0.14688374903666204,0.17515129939480242,0.16138932714637466,,,,,False
gat,post_covid,gat,2,neighborhood,MALVINAS ARGENTINAS,overall,0.9,IT90,75.76432319476002,53,9.0,0.16981132075471697,0.0,0.0,9.0,44.0,0.0,,,0.0,0.0,0.0,0.0,0.0,,0.8301886792452831,0.0,0.16740777983964875,0.14097543609825564,-0.1874960948726596,,,,,False
gat,post_covid,gat,2,neighborhood,MALVINAS ARGENTINAS,overall,0.98,IT98,178.99536057166898,53,0.0,0.0,0.0,0.0,0.0,53.0,,,,0.0,,,,,,1.0,,4.885429021567049e-20,0.0,,,,,,True
gat,post_covid,gat,2,neighborhood,MALVINAS ARGENTINAS,flu_season,,bands,,26,,,,,,,,,,,,,,,,,,,,,0.38461538461538464,0.8461538461538461,0.16321839080459777,-0.46153846153846156,False
gat,post_covid,gat,2,neighborhood,MALVINAS ARGENTINAS,flu_season,0.5,IT50,19.75908456675979,26,12.0,0.46153846153846156,5.0,4.0,7.0,10.0,0.4166666666666667,0.4444444444444444,0.5555555555555556,0.2857142857142857,0.3125,0.47619047619047616,0.130952380952381,0.13333333333333333,0.13722155123693863,0.5769230769230769,0.75,0.2987002443138245,0.24852071005917165,-0.20191288783419847,,,,,False
gat,post_covid,gat,2,neighborhood,MALVINAS ARGENTINAS,flu_season,0.9,IT90,75.76432319476002,26,9.0,0.34615384615384615,0.0,0.0,9.0,17.0,0.0,,,0.0,0.0,0.0,0.0,0.0,,0.6538461538461539,0.0,0.34125432044236087,0.22633136094674555,-0.5077641870525227,,,,,False
gat,post_covid,gat,2,neighborhood,MALVINAS ARGENTINAS,flu_season,0.98,IT98,178.99536057166898,26,0.0,0.0,0.0,0.0,0.0,26.0,,,,0.0,,,,,,1.0,,9.958759159348214e-20,0.0,,,,,,True
gat,post_covid,gat,2,neighborhood,MERLO,overall,,bands,,53,,,,,,,,,,,,,,,,,,,,,0.8490566037735849,1.0,0.0,0.1509433962264151,False
gat,post_covid,gat,2,neighborhood,MERLO,overall,0.5,IT50,93.32449393075508,53,0.0,0.0,0.0,8.0,0.0,45.0,,1.0,0.0,0.1509433962264151,0.0,0.0,,0.0,,0.8490566037735849,,0.07251438579060555,0.0,,,,,,True
gat,post_covid,gat,2,neighborhood,MERLO,overall,0.9,IT90,164.5170716895135,53,0.0,0.0,0.0,0.0,0.0,53.0,,,,0.0,,,,,,1.0,,0.0013383983637027565,0.0,,,,,,True
gat,post_covid,gat,2,neighborhood,MERLO,overall,0.98,IT98,236.4333757518645,53,0.0,0.0,0.0,0.0,0.0,53.0,,,,0.0,,,,,,1.0,,8.973476236611083e-07,0.0,,,,,,True
gat,post_covid,gat,2,neighborhood,MERLO,flu_season,,bands,,26,,,,,,,,,,,,,,,,,,,,,0.6923076923076923,1.0,0.0,0.3076923076923077,False
gat,post_covid,gat,2,neighborhood,MERLO,flu_season,0.5,IT50,93.32449393075508,26,0.0,0.0,0.0,8.0,0.0,18.0,,1.0,0.0,0.3076923076923077,0.0,0.0,,0.0,,0.6923076923076923,,0.14780327735608487,0.0,,,,,,True
gat,post_covid,gat,2,neighborhood,MERLO,flu_season,0.9,IT90,164.5170716895135,26,0.0,0.0,0.0,0.0,0.0,26.0,,,,0.0,,,,,,1.0,,0.002728273587530858,0.0,,,,,,True
gat,post_covid,gat,2,neighborhood,MERLO,flu_season,0.98,IT98,236.4333757518645,26,0.0,0.0,0.0,0.0,0.0,26.0,,,,0.0,,,,,,1.0,,1.8292086174630287e-06,0.0,,,,,,True
gat,post_covid,gat,2,neighborhood,MORENO,overall,,bands,,53,,,,,,,,,,,,,,,,,,,,,0.8490566037735849,1.0,0.6145454545454545,-0.07547169811320754,False
gat,post_covid,gat,2,neighborhood,MORENO,overall,0.5,IT50,101.79720605127496,53,16.0,0.3018867924528302,10.0,2.0,6.0,35.0,0.625,0.16666666666666666,0.8333333333333334,0.05405405405405406,0.5555555555555556,0.7142857142857143,0.5709459459459459,0.6145454545454545,0.6262868536285159,0.8490566037735849,0.75,0.12423745473215612,0.21075115699537209,0.41050167171853646,,,,,False
gat,post_covid,gat,2,neighborhood,MORENO,overall,0.9,IT90,214.46725243408844,53,0.0,0.0,0.0,0.0,0.0,53.0,,,,0.0,,,,,,1.0,,0.00522236207169191,0.0,,,,,,True
gat,post_covid,gat,2,neighborhood,MORENO,overall,0.98,IT98,345.44262322711484,53,0.0,0.0,0.0,0.0,0.0,53.0,,,,0.0,,,,,,1.0,,2.2717977759257855e-06,0.0,,,,,,True
gat,post_covid,gat,2,neighborhood,MORENO,flu_season,,bands,,26,,,,,,,,,,,,,,,,,,,,,0.6923076923076923,1.0,0.39534883720930225,-0.15384615384615385,False
gat,post_covid,gat,2,neighborhood,MORENO,flu_season,0.5,IT50,101.79720605127496,26,16.0,0.6153846153846154,10.0,2.0,6.0,8.0,0.625,0.16666666666666666,0.8333333333333334,0.2,0.5555555555555556,0.7142857142857143,0.425,0.3953488372093023,0.4147575310031266,0.6923076923076923,0.75,0.2488675194038679,0.2366863905325444,-0.05146526948134178,,,,,False
gat,post_covid,gat,2,neighborhood,MORENO,flu_season,0.9,IT90,214.46725243408844,26,0.0,0.0,0.0,0.0,0.0,26.0,,,,0.0,,,,,,1.0,,0.010645579352751844,0.0,,,,,,True
gat,post_covid,gat,2,neighborhood,MORENO,flu_season,0.98,IT98,345.44262322711484,26,0.0,0.0,0.0,0.0,0.0,26.0,,,,0.0,,,,,,1.0,,4.630972389387178e-06,0.0,,,,,,True
gat,post_covid,gat,2,neighborhood,MORÓN,overall,,bands,,53,,,,,,,,,,,,,,,,,,,,,0.8490566037735849,1.0,0.5564853556485356,0.1509433962264151,False
gat,post_covid,gat,2,neighborhood,MORÓN,overall,0.5,IT50,28.847000469649124,53,7.0,0.1320754716981132,7.0,8.0,0.0,38.0,1.0,0.5333333333333333,0.4666666666666667,0.17391304347826086,0.4666666666666667,0.6363636363636364,0.8260869565217391,0.5564853556485355,0.6208922985323716,0.8490566037735849,2.142857142857143,0.1100660497617923,0.1146315414738341,0.03982753484200441,,,,,False
gat,post_covid,gat,2,neighborhood,MORÓN,overall,0.9,IT90,57.29975452086349,53,0.0,0.0,0.0,0.0,0.0,53.0,,,,0.0,,,,,,1.0,,0.0190651532237145,0.0,,,,,,True
gat,post_covid,gat,2,neighborhood,MORÓN,overall,0.98,IT98,88.88106833465432,53,0.0,0.0,0.0,0.0,0.0,53.0,,,,0.0,,,,,,1.0,,0.0005896174205790644,0.0,,,,,,True
gat,post_covid,gat,2,neighborhood,MORÓN,flu_season,,bands,,26,,,,,,,,,,,,,,,,,,,,,0.6923076923076923,1.0,0.4254143646408839,0.3076923076923077,False
gat,post_covid,gat,2,neighborhood,MORÓN,flu_season,0.5,IT50,28.847000469649124,26,7.0,0.2692307692307692,7.0,8.0,0.0,11.0,1.0,0.5333333333333333,0.4666666666666667,0.42105263157894735,0.4666666666666667,0.6363636363636364,0.5789473684210527,0.425414364640884,0.5197840307247724,0.6923076923076923,2.142857142857143,0.20478962003294948,0.19674556213017758,-0.04088558753589333,,,,,False
gat,post_covid,gat,2,neighborhood,MORÓN,flu_season,0.9,IT90,57.29975452086349,26,0.0,0.0,0.0,0.0,0.0,26.0,,,,0.0,,,,,,1.0,,0.038771715340264364,0.0,,,,,,True
gat,post_covid,gat,2,neighborhood,MORÓN,flu_season,0.98,IT98,88.88106833465432,26,0.0,0.0,0.0,0.0,0.0,26.0,,,,0.0,,,,,,1.0,,0.00120189954642452,0.0,,,,,,True
gat,post_covid,gat,2,neighborhood,QUILMES,overall,,bands,,53,,,,,,,,,,,,,,,,,,,,,1.0,1.0,,0.0,False
gat,post_covid,gat,2,neighborhood,QUILMES,overall,0.5,IT50,46.34689792435932,53,0.0,0.0,0.0,0.0,0.0,53.0,,,,0.0,,,,,,1.0,,0.037642349790342006,0.0,,,,,,True
gat,post_covid,gat,2,neighborhood,QUILMES,overall,0.9,IT90,80.98262048145082,53,0.0,0.0,0.0,0.0,0.0,53.0,,,,0.0,,,,,,1.0,,0.0009879685462894762,0.0,,,,,,True
gat,post_covid,gat,2,neighborhood,QUILMES,overall,0.98,IT98,115.72591322033615,53,0.0,0.0,0.0,0.0,0.0,53.0,,,,0.0,,,,,,1.0,,3.461163936313457e-06,0.0,,,,,,True
gat,post_covid,gat,2,neighborhood,QUILMES,flu_season,,bands,,26,,,,,,,,,,,,,,,,,,,,,1.0,1.0,,0.0,False
gat,post_covid,gat,2,neighborhood,QUILMES,flu_season,0.5,IT50,46.34689792435932,26,0.0,0.0,0.0,0.0,0.0,26.0,,,,0.0,,,,,,1.0,,0.07530920987891584,0.0,,,,,,True
gat,post_covid,gat,2,neighborhood,QUILMES,flu_season,0.9,IT90,80.98262048145082,26,0.0,0.0,0.0,0.0,0.0,26.0,,,,0.0,,,,,,1.0,,0.0020137237467884703,0.0,,,,,,True
gat,post_covid,gat,2,neighborhood,QUILMES,flu_season,0.98,IT98,115.72591322033615,26,0.0,0.0,0.0,0.0,0.0,26.0,,,,0.0,,,,,,1.0,,7.055449115237004e-06,0.0,,,,,,True
gat,post_covid,gat,2,neighborhood,SAN ISIDRO,overall,,bands,,50,,,,,,,,,,,,,,,,,,,,,1.0,1.0,,0.0,False
gat,post_covid,gat,2,neighborhood,SAN ISIDRO,overall,0.5,IT50,31.02709117627285,50,0.0,0.0,0.0,0.0,0.0,50.0,,,,0.0,,,,,,1.0,,0.012837054317763765,0.0,,,,,,True
gat,post_covid,gat,2,neighborhood,SAN ISIDRO,overall,0.9,IT90,61.06994953059092,50,0.0,0.0,0.0,0.0,0.0,50.0,,,,0.0,,,,,,1.0,,6.967244574476688e-05,0.0,,,,,,True
gat,post_covid,gat,2,neighborhood,SAN ISIDRO,overall,0.98,IT98,94.17754601713678,50,0.0,0.0,0.0,0.0,0.0,50.0,,,,0.0,,,,,,1.0,,1.0269767517609419e-08,0.0,,,,,,True
gat,post_covid,gat,2,neighborhood,SAN ISIDRO,flu_season,,bands,,26,,,,,,,,,,,,,,,,,,,,,1.0,1.0,,0.0,False
gat,post_covid,gat,2,neighborhood,SAN ISIDRO,flu_season,0.5,IT50,31.02709117627285,26,0.0,0.0,0.0,0.0,0.0,26.0,,,,0.0,,,,,,1.0,,0.022950806173514644,0.0,,,,,,True
gat,post_covid,gat,2,neighborhood,SAN ISIDRO,flu_season,0.9,IT90,61.06994953059092,26,0.0,0.0,0.0,0.0,0.0,26.0,,,,0.0,,,,,,1.0,,0.00013372032438738405,0.0,,,,,,True
gat,post_covid,gat,2,neighborhood,SAN ISIDRO,flu_season,0.98,IT98,94.17754601713678,26,0.0,0.0,0.0,0.0,0.0,26.0,,,,0.0,,,,,,1.0,,1.9749525080068025e-08,0.0,,,,,,True
gat,post_covid,gat,2,neighborhood,SAN MIGUEL,overall,,bands,,53,,,,,,,,,,,,,,,,,,,,,0.6037735849056604,0.7924528301886793,0.20669992872416243,-0.7169811320754716,False
gat,post_covid,gat,2,neighborhood,SAN MIGUEL,overall,0.5,IT50,41.72536470891113,53,21.0,0.39622641509433965,3.0,0.0,18.0,32.0,0.14285714285714285,0.0,1.0,0.0,0.14285714285714285,0.25,0.14285714285714285,0.16753926701570682,0.30237157840738177,0.660377358490566,0.14285714285714285,0.18552506363365673,0.2392310430758277,0.22449419085276534,,,,,False
gat,post_covid,gat,2,neighborhood,SAN MIGUEL,overall,0.9,IT90,54.8832873966512,53,13.0,0.24528301886792453,2.0,0.0,11.0,40.0,0.15384615384615385,0.0,1.0,0.0,0.15384615384615385,0.26666666666666666,0.15384615384615385,0.21534320323014805,0.3473667371459374,0.7924528301886793,0.15384615384615385,0.16430574299051895,0.18511925952296196,0.1124330152685239,,,,,False
gat,post_covid,gat,2,neighborhood,SAN MIGUEL,overall,0.98,IT98,65.40139686030513,53,9.0,0.16981132075471697,0.0,0.0,9.0,44.0,0.0,,,0.0,0.0,0.0,0.0,0.0,,0.8301886792452831,0.0,0.12680774580875673,0.14097543609825564,0.10049758086667282,,,,,False
gat,post_covid,gat,2,neighborhood,SAN MIGUEL,flu_season,,bands,,26,,,,,,,,,,,,,,,,,,,,,0.38461538461538464,0.6538461538461539,0.1811906816220883,-1.1923076923076923,False
gat,post_covid,gat,2,neighborhood,SAN MIGUEL,flu_season,0.5,IT50,41.72536470891113,26,16.0,0.6153846153846154,3.0,0.0,13.0,10.0,0.1875,0.0,1.0,0.0,0.1875,0.3157894736842105,0.1875,0.1507537688442211,0.28552012036008034,0.5,0.1875,0.27125298633577805,0.2366863905325444,-0.14604386726866214,,,,,False
gat,post_covid,gat,2,neighborhood,SAN MIGUEL,flu_season,0.9,IT90,54.8832873966512,26,11.0,0.4230769230769231,2.0,0.0,9.0,15.0,0.18181818181818182,0.0,1.0,0.0,0.18181818181818182,0.3076923076923077,0.18181818181818182,0.20408163265306123,0.337099931231621,0.6538461538461539,0.18181818181818182,0.27469940068647525,0.24408284023668633,-0.12543512038822624,,,,,False
gat,post_covid,gat,2,neighborhood,SAN MIGUEL,flu_season,0.98,IT98,65.40139686030513,26,9.0,0.34615384615384615,0.0,0.0,9.0,17.0,0.0,,,0.0,0.0,0.0,0.0,0.0,,0.6538461538461539,0.0,0.25633573646978197,0.22633136094674558,-0.13256835198413452,,,,,False
gat,post_covid,gat,2,neighborhood,TIGRE,overall,,bands,,53,,,,,,,,,,,,,,,,,,,,,0.9245283018867925,1.0,0.5655737704918034,-0.07547169811320754,False
gat,post_covid,gat,2,neighborhood,TIGRE,overall,0.5,IT50,22.292181427607932,53,7.0,0.1320754716981132,3.0,0.0,4.0,46.0,0.42857142857142855,0.0,1.0,0.0,0.42857142857142855,0.6,0.42857142857142855,0.5655737704918032,0.6279217421667403,0.9245283018867925,0.42857142857142855,0.06418398361222413,0.1146315414738341,0.4400844410970882,,,,,False
gat,post_covid,gat,2,neighborhood,TIGRE,overall,0.9,IT90,51.59902428823632,53,0.0,0.0,0.0,0.0,0.0,53.0,,,,0.0,,,,,,1.0,,0.004016751034056252,0.0,,,,,,True
gat,post_covid,gat,2,neighborhood,TIGRE,overall,0.98,IT98,88.26651373174553,53,0.0,0.0,0.0,0.0,0.0,53.0,,,,0.0,,,,,,1.0,,5.233316609861931e-05,0.0,,,,,,True
gat,post_covid,gat,2,neighborhood,TIGRE,flu_season,,bands,,26,,,,,,,,,,,,,,,,,,,,,0.8461538461538461,1.0,0.5229357798165137,-0.15384615384615385,False
gat,post_covid,gat,2,neighborhood,TIGRE,flu_season,0.5,IT50,22.292181427607932,26,7.0,0.2692307692307692,3.0,0.0,4.0,19.0,0.42857142857142855,0.0,1.0,0.0,0.42857142857142855,0.6,0.42857142857142855,0.5229357798165137,0.5950103083819182,0.8461538461538461,0.42857142857142855,0.13024840737000792,0.19674556213017758,0.3379855384802607,,,,,False
gat,post_covid,gat,2,neighborhood,TIGRE,flu_season,0.9,IT90,51.59902428823632,26,0.0,0.0,0.0,0.0,0.0,26.0,,,,0.0,,,,,,1.0,,0.008187990681491092,0.0,,,,,,True
gat,post_covid,gat,2,neighborhood,TIGRE,flu_season,0.98,IT98,88.26651373174553,26,0.0,0.0,0.0,0.0,0.0,26.0,,,,0.0,,,,,,1.0,,0.00010667914627795474,0.0,,,,,,True
gat,post_covid,gat,2,neighborhood,TRES DE FEBRERO,overall,,bands,,53,,,,,,,,,,,,,,,,,,,,,0.9245283018867925,1.0,-0.03921568627450989,0.0,False
gat,post_covid,gat,2,neighborhood,TRES DE FEBRERO,overall,0.5,IT50,92.40050209783404,53,2.0,0.03773584905660377,0.0,2.0,2.0,49.0,0.0,1.0,0.0,0.0392156862745098,0.0,0.0,-0.0392156862745098,-0.0392156862745098,-0.0392156862745098,0.9245283018867925,1.0,0.057079214230995975,0.03631185475258099,-0.5719167919104677,,,,,True
gat,post_covid,gat,2,neighborhood,TRES DE FEBRERO,overall,0.9,IT90,150.5622822202344,53,0.0,0.0,0.0,0.0,0.0,53.0,,,,0.0,,,,,,1.0,,0.0026484520152802197,0.0,,,,,,True
gat,post_covid,gat,2,neighborhood,TRES DE FEBRERO,overall,0.98,IT98,205.7567466717726,53,0.0,0.0,0.0,0.0,0.0,53.0,,,,0.0,,,,,,1.0,,5.533775110474291e-05,0.0,,,,,,True
gat,post_covid,gat,2,neighborhood,TRES DE FEBRERO,flu_season,,bands,,26,,,,,,,,,,,,,,,,,,,,,0.8461538461538461,1.0,-0.08333333333333348,0.0,False
gat,post_covid,gat,2,neighborhood,TRES DE FEBRERO,flu_season,0.5,IT50,92.40050209783404,26,2.0,0.07692307692307693,0.0,2.0,2.0,22.0,0.0,1.0,0.0,0.08333333333333333,0.0,0.0,-0.08333333333333333,-0.08333333333333333,-0.08333333333333333,0.8461538461538461,1.0,0.11420794308101336,0.07100591715976333,-0.608428531724271,,,,,True
gat,post_covid,gat,2,neighborhood,TRES DE FEBRERO,flu_season,0.9,IT90,150.5622822202344,26,0.0,0.0,0.0,0.0,0.0,26.0,,,,0.0,,,,,,1.0,,0.005397319938771142,0.0,,,,,,True
gat,post_covid,gat,2,neighborhood,TRES DE FEBRERO,flu_season,0.98,IT98,205.7567466717726,26,0.0,0.0,0.0,0.0,0.0,26.0,,,,0.0,,,,,,1.0,,0.000112803844853235,0.0,,,,,,True
gat,post_covid,gat,2,neighborhood,VICENTE LÓPEZ,overall,,bands,,53,,,,,,,,,,,,,,,,,,,,,0.9811320754716981,1.0,0.0,-0.018867924528301886,False
gat,post_covid,gat,2,neighborhood,VICENTE LÓPEZ,overall,0.5,IT50,105.82113989675452,53,1.0,0.018867924528301886,0.0,0.0,1.0,52.0,0.0,,,0.0,0.0,0.0,0.0,0.0,,0.9811320754716981,0.0,0.021244361274315744,0.018511925952296185,-0.14760405422217193,,,,,True
gat,post_covid,gat,2,neighborhood,VICENTE LÓPEZ,overall,0.9,IT90,168.616011392644,53,0.0,0.0,0.0,0.0,0.0,53.0,,,,0.0,,,,,,1.0,,6.713814626203014e-05,0.0,,,,,,True
gat,post_covid,gat,2,neighborhood,VICENTE LÓPEZ,overall,0.98,IT98,227.1548194913809,53,0.0,0.0,0.0,0.0,0.0,53.0,,,,0.0,,,,,,1.0,,2.7932179903763024e-08,0.0,,,,,,True
gat,post_covid,gat,2,neighborhood,VICENTE LÓPEZ,flu_season,,bands,,26,,,,,,,,,,,,,,,,,,,,,0.9615384615384616,1.0,0.0,-0.038461538461538464,False
gat,post_covid,gat,2,neighborhood,VICENTE LÓPEZ,flu_season,0.5,IT50,105.82113989675452,26,1.0,0.038461538461538464,0.0,0.0,1.0,25.0,0.0,,,0.0,0.0,0.0,0.0,0.0,,0.9615384615384616,0.0,0.04329133764755872,0.036982248520710054,-0.17059776998998788,,,,,True
gat,post_covid,gat,2,neighborhood,VICENTE LÓPEZ,flu_season,0.9,IT90,168.616011392644,26,0.0,0.0,0.0,0.0,0.0,26.0,,,,0.0,,,,,,1.0,,0.00013685852139890017,0.0,,,,,,True
gat,post_covid,gat,2,neighborhood,VICENTE LÓPEZ,flu_season,0.98,IT98,227.1548194913809,26,0.0,0.0,0.0,0.0,0.0,26.0,,,,0.0,,,,,,1.0,,5.693867441920128e-08,0.0,,,,,,True
gnn_st,post_covid,gnn_st,2,citywide,CITYWIDE,overall,,bands,,53,,,,,,,,,,,,,,,,,,,,,0.8301886792452831,1.0,0.7266475644699141,-0.05660377358490566,False
gnn_st,post_covid,gnn_st,2,citywide,CITYWIDE,overall,0.5,IT50,77.06642887231719,53,8.0,0.1509433962264151,5.0,1.0,3.0,44.0,0.625,0.16666666666666666,0.8333333333333334,0.022222222222222223,0.5555555555555556,0.7142857142857143,0.6027777777777777,0.6718266253869969,0.6810577343440497,0.9245283018867925,0.75,0.043872347537247655,0.12815948736205057,0.6576738215774205,,,,,False
gnn_st,post_covid,gnn_st,2,citywide,CITYWIDE,overall,0.9,IT90,97.46007981062509,53,3.0,0.05660377358490566,1.0,2.0,2.0,48.0,0.3333333333333333,0.6666666666666666,0.3333333333333333,0.04,0.2,0.3333333333333333,0.29333333333333333,0.29333333333333333,0.29333333333333333,0.9245283018867925,1.0,0.042860704650718146,0.05339978640085441,0.19736187090755175,,,,,True
gnn_st,post_covid,gnn_st,2,citywide,CITYWIDE,overall,0.98,IT98,113.25281678189309,53,1.0,0.018867924528301886,0.0,0.0,1.0,52.0,0.0,,,0.0,0.0,0.0,0.0,0.0,,0.9811320754716981,0.0,0.012740989878191224,0.018511925952296185,0.3117415275415546,,,,,True
gnn_st,post_covid,gnn_st,2,citywide,CITYWIDE,flu_season,,bands,,26,,,,,,,,,,,,,,,,,,,,,0.6538461538461539,1.0,0.6863270777479893,-0.11538461538461539,False
gnn_st,post_covid,gnn_st,2,citywide,CITYWIDE,flu_season,0.5,IT50,77.06642887231719,26,8.0,0.3076923076923077,5.0,1.0,3.0,17.0,0.625,0.16666666666666666,0.8333333333333334,0.05555555555555555,0.5555555555555556,0.7142857142857143,0.5694444444444444,0.6119402985074627,0.6237951349364392,0.8461538461538461,0.75,0.0893852730304067,0.21301775147928986,0.5803858016072573,,,,,False
gnn_st,post_covid,gnn_st,2,citywide,CITYWIDE,flu_season,0.9,IT90,97.46007981062509,26,3.0,0.11538461538461539,1.0,2.0,2.0,21.0,0.3333333333333333,0.6666666666666666,0.3333333333333333,0.08695652173913043,0.2,0.3333333333333333,0.24637681159420288,0.2463768115942029,0.2463768115942029,0.8461538461538461,1.0,0.08736989189682284,0.10207100591715977,0.1440283054746052,,,,,True
gnn_st,post_covid,gnn_st,2,citywide,CITYWIDE,flu_season,0.98,IT98,113.25281678189309,26,1.0,0.038461538461538464,0.0,0.0,1.0,25.0,0.0,,,0.0,0.0,0.0,0.0,0.0,,0.9615384615384616,0.0,0.025972017828213664,0.036982248520710054,0.2977166379251024,,,,,True
gnn_st,post_covid,gnn_st,2,pooled,ALL,overall,,bands,,992,,,,,,,,,,,,,,,,,,,,,0.9092741935483871,0.9889112903225806,0.7307013207147397,-0.057459677419354836,False
gnn_st,post_covid,gnn_st,2,pooled,ALL,overall,0.5,IT50,,992,143.0,0.14415322580645162,92.0,19.0,51.0,830.0,0.6433566433566433,0.17117117117117117,0.8288288288288288,0.02237926972909305,0.5679012345679012,0.7244094488188977,0.6209773736275502,0.6846818210714642,0.6919077521214244,0.9294354838709677,0.7762237762237763,0.05361212247963477,0.12337307329604581,0.5654471348785548,,,,,False
gnn_st,post_covid,gnn_st,2,pooled,ALL,overall,0.9,IT90,,992,37.0,0.037298387096774195,16.0,2.0,21.0,953.0,0.43243243243243246,0.1111111111111111,0.8888888888888888,0.0020942408376963353,0.41025641025641024,0.5818181818181818,0.43033819159473613,0.5713534230104457,0.6109373929789756,0.9768145161290323,0.4864864864864865,0.019590571062617603,0.03590721741675338,0.454411328083664,,,,,False
gnn_st,post_covid,gnn_st,2,pooled,ALL,overall,0.98,IT98,,992,12.0,0.012096774193548387,5.0,1.0,7.0,979.0,0.4166666666666667,0.16666666666666666,0.8333333333333334,0.0010204081632653062,0.38461538461538464,0.5555555555555556,0.41564625850340137,0.5519421860885275,0.586021370411994,0.9919354838709677,0.5,0.0068389886680654205,0.011950442247658686,0.4277208720534752,,,,,False
gnn_st,post_covid,gnn_st,2,pooled,ALL,flu_season,,bands,,494,,,,,,,,,,,,,,,,,,,,,0.8360323886639676,0.9777327935222672,0.7073611789526195,-0.09716599190283401,False
gnn_st,post_covid,gnn_st,2,pooled,ALL,flu_season,0.5,IT50,,494,130.0,0.2631578947368421,87.0,19.0,43.0,345.0,0.6692307692307692,0.1792452830188679,0.8207547169811321,0.0521978021978022,0.5838926174496645,0.7372881355932204,0.617032967032967,0.6559579439252337,0.6618536081965993,0.8744939271255061,0.8153846153846154,0.09109885342522517,0.19390581717451527,0.5301901987641959,,,,,False
gnn_st,post_covid,gnn_st,2,pooled,ALL,flu_season,0.9,IT90,,494,35.0,0.0708502024291498,15.0,2.0,20.0,457.0,0.42857142857142855,0.11764705882352941,0.8823529411764706,0.004357298474945534,0.40540540540540543,0.5769230769230769,0.424214130096483,0.5563719487305087,0.5970928147284654,0.9554655870445344,0.4857142857142857,0.03729083967568998,0.06583045124489831,0.4335320665361545,,,,,False
gnn_st,post_covid,gnn_st,2,pooled,ALL,flu_season,0.98,IT98,,494,12.0,0.024291497975708502,5.0,1.0,7.0,481.0,0.4166666666666667,0.16666666666666666,0.8333333333333334,0.002074688796680498,0.38461538461538464,0.5555555555555556,0.4145919778699862,0.5482395976223137,0.5827060140548158,0.9838056680161943,0.5,0.013141804518618376,0.02370142110180466,0.44552672760969003,,,,,False
gnn_st,post_covid,gnn_st,2,neighborhood,ALMIRANTE BROWN,overall,,bands,,53,,,,,,,,,,,,,,,,,,,,,1.0,1.0,,0.0,False
gnn_st,post_covid,gnn_st,2,neighborhood,ALMIRANTE BROWN,overall,0.5,IT50,45.51198712694632,53,0.0,0.0,0.0,0.0,0.0,53.0,,,,0.0,,,,,,1.0,,0.009494551831810525,0.0,,,,,,True
gnn_st,post_covid,gnn_st,2,neighborhood,ALMIRANTE BROWN,overall,0.9,IT90,59.3327355509796,53,0.0,0.0,0.0,0.0,0.0,53.0,,,,0.0,,,,,,1.0,,0.00038950574254116533,0.0,,,,,,True
gnn_st,post_covid,gnn_st,2,neighborhood,ALMIRANTE BROWN,overall,0.98,IT98,70.30154029606965,53,0.0,0.0,0.0,0.0,0.0,53.0,,,,0.0,,,,,,1.0,,1.1873240917310354e-05,0.0,,,,,,True
gnn_st,post_covid,gnn_st,2,neighborhood,ALMIRANTE BROWN,flu_season,,bands,,26,,,,,,,,,,,,,,,,,,,,,1.0,1.0,,0.0,False
gnn_st,post_covid,gnn_st,2,neighborhood,ALMIRANTE BROWN,flu_season,0.5,IT50,45.51198712694632,26,0.0,0.0,0.0,0.0,0.0,26.0,,,,0.0,,,,,,1.0,,0.01915493569801285,0.0,,,,,,True
gnn_st,post_covid,gnn_st,2,neighborhood,ALMIRANTE BROWN,flu_season,0.9,IT90,59.3327355509796,26,0.0,0.0,0.0,0.0,0.0,26.0,,,,0.0,,,,,,1.0,,0.0007934019439593629,0.0,,,,,,True
gnn_st,post_covid,gnn_st,2,neighborhood,ALMIRANTE BROWN,flu_season,0.98,IT98,70.30154029606965,26,0.0,0.0,0.0,0.0,0.0,26.0,,,,0.0,,,,,,1.0,,2.420207498351127e-05,0.0,,,,,,True
gnn_st,post_covid,gnn_st,2,neighborhood,AVELLANEDA,overall,,bands,,53,,,,,,,,,,,,,,,,,,,,,0.9245283018867925,1.0,0.29333333333333333,0.0,False
gnn_st,post_covid,gnn_st,2,neighborhood,AVELLANEDA,overall,0.5,IT50,245.84106655843968,53,3.0,0.05660377358490566,1.0,2.0,2.0,48.0,0.3333333333333333,0.6666666666666666,0.3333333333333333,0.04,0.2,0.3333333333333333,0.29333333333333333,0.29333333333333333,0.29333333333333333,0.9245283018867925,1.0,0.0406239555040769,0.05339978640085441,0.23924872659365337,,,,,True
gnn_st,post_covid,gnn_st,2,neighborhood,AVELLANEDA,overall,0.9,IT90,374.7741671132419,53,0.0,0.0,0.0,0.0,0.0,53.0,,,,0.0,,,,,,1.0,,7.584290185595719e-06,0.0,,,,,,True
gnn_st,post_covid,gnn_st,2,neighborhood,AVELLANEDA,overall,0.98,IT98,490.7992503428019,53,0.0,0.0,0.0,0.0,0.0,53.0,,,,0.0,,,,,,1.0,,2.8934624877086583e-15,0.0,,,,,,True
gnn_st,post_covid,gnn_st,2,neighborhood,AVELLANEDA,flu_season,,bands,,26,,,,,,,,,,,,,,,,,,,,,0.8461538461538461,1.0,0.24637681159420288,0.0,False
gnn_st,post_covid,gnn_st,2,neighborhood,AVELLANEDA,flu_season,0.5,IT50,245.84106655843968,26,3.0,0.11538461538461539,1.0,2.0,2.0,21.0,0.3333333333333333,0.6666666666666666,0.3333333333333333,0.08695652173913043,0.2,0.3333333333333333,0.24637681159420288,0.2463768115942029,0.2463768115942029,0.8461538461538461,1.0,0.08277873435000566,0.10207100591715977,0.1890083417303794,,,,,True
gnn_st,post_covid,gnn_st,2,neighborhood,AVELLANEDA,flu_season,0.9,IT90,374.7741671132419,26,0.0,0.0,0.0,0.0,0.0,26.0,,,,0.0,,,,,,1.0,,1.5460283839868165e-05,0.0,,,,,,True
gnn_st,post_covid,gnn_st,2,neighborhood,AVELLANEDA,flu_season,0.98,IT98,490.7992503428019,26,0.0,0.0,0.0,0.0,0.0,26.0,,,,0.0,,,,,,1.0,,5.898211994175341e-15,0.0,,,,,,True
gnn_st,post_covid,gnn_st,2,neighborhood,EZEIZA,overall,,bands,,53,,,,,,,,,,,,,,,,,,,,,0.9245283018867925,1.0,0.6394557823129252,-0.03773584905660377,False
gnn_st,post_covid,gnn_st,2,neighborhood,EZEIZA,overall,0.5,IT50,139.80229436412165,53,5.0,0.09433962264150944,3.0,1.0,2.0,47.0,0.6,0.25,0.75,0.020833333333333332,0.5,0.6666666666666666,0.5791666666666666,0.6361556064073226,0.6408865299081321,0.9433962264150944,0.8,0.03956864125329496,0.08543965824136704,0.5368820279978936,,,,,False
gnn_st,post_covid,gnn_st,2,neighborhood,EZEIZA,overall,0.9,IT90,180.23131160603506,53,1.0,0.018867924528301886,0.0,0.0,1.0,52.0,0.0,,,0.0,0.0,0.0,0.0,0.0,,0.9811320754716981,0.0,0.01633007221273075,0.018511925952296185,0.11786206066229432,,,,,True
gnn_st,post_covid,gnn_st,2,neighborhood,EZEIZA,overall,0.98,IT98,212.02965427114694,53,0.0,0.0,0.0,0.0,0.0,53.0,,,,0.0,,,,,,1.0,,9.339183614397017e-05,0.0,,,,,,True
gnn_st,post_covid,gnn_st,2,neighborhood,EZEIZA,flu_season,,bands,,26,,,,,,,,,,,,,,,,,,,,,0.8461538461538461,1.0,0.6060606060606061,-0.07692307692307693,False
gnn_st,post_covid,gnn_st,2,neighborhood,EZEIZA,flu_season,0.5,IT50,139.80229436412165,26,5.0,0.19230769230769232,3.0,1.0,2.0,20.0,0.6,0.25,0.75,0.047619047619047616,0.5,0.6666666666666666,0.5523809523809524,0.5979381443298969,0.6033815244679472,0.8846153846153846,0.8,0.08063940771538446,0.15532544378698226,0.480835813184763,,,,,False
gnn_st,post_covid,gnn_st,2,neighborhood,EZEIZA,flu_season,0.9,IT90,180.23131160603506,26,1.0,0.038461538461538464,0.0,0.0,1.0,25.0,0.0,,,0.0,0.0,0.0,0.0,0.0,,0.9615384615384616,0.0,0.0332882240513025,0.036982248520710054,0.09988642165278017,,,,,True
gnn_st,post_covid,gnn_st,2,neighborhood,EZEIZA,flu_season,0.98,IT98,212.02965427114694,26,0.0,0.0,0.0,0.0,0.0,26.0,,,,0.0,,,,,,1.0,,0.00019037566598574307,0.0,,,,,,True
gnn_st,post_covid,gnn_st,2,neighborhood,FLORENCIO VARELA,overall,,bands,,53,,,,,,,,,,,,,,,,,,,,,0.8867924528301887,1.0,0.5377906976744187,-0.11320754716981132,False
gnn_st,post_covid,gnn_st,2,neighborhood,FLORENCIO VARELA,overall,0.5,IT50,92.52865090835965,53,8.0,0.1509433962264151,3.0,0.0,5.0,45.0,0.375,0.0,1.0,0.0,0.375,0.5454545454545454,0.375,0.5046728971962616,0.5809475019311126,0.9056603773584906,0.375,0.06542280581705023,0.12815948736205057,0.4895203846108498,,,,,False
gnn_st,post_covid,gnn_st,2,neighborhood,FLORENCIO VARELA,overall,0.9,IT90,129.20404508235538,53,1.0,0.018867924528301886,0.0,0.0,1.0,52.0,0.0,,,0.0,0.0,0.0,0.0,0.0,,0.9811320754716981,0.0,0.019991136187233676,0.018511925952296185,-0.07990579903729644,,,,,True
gnn_st,post_covid,gnn_st,2,neighborhood,FLORENCIO VARELA,overall,0.98,IT98,159.96645580277627,53,0.0,0.0,0.0,0.0,0.0,53.0,,,,0.0,,,,,,1.0,,0.000157510618967371,0.0,,,,,,True
gnn_st,post_covid,gnn_st,2,neighborhood,FLORENCIO VARELA,flu_season,,bands,,26,,,,,,,,,,,,,,,,,,,,,0.7692307692307693,1.0,0.49677419354838714,-0.23076923076923078,False
gnn_st,post_covid,gnn_st,2,neighborhood,FLORENCIO VARELA,flu_season,0.5,IT50,92.52865090835965,26,8.0,0.3076923076923077,3.0,0.0,5.0,18.0,0.375,0.0,1.0,0.0,0.375,0.5454545454545454,0.375,0.453781512605042,0.5417363388859614,0.8076923076923077,0.375,0.13333700596010317,0.21301775147928986,0.37405683313173765,,,,,False
gnn_st,post_covid,gnn_st,2,neighborhood,FLORENCIO VARELA,flu_season,0.9,IT90,129.20404508235538,26,1.0,0.038461538461538464,0.0,0.0,1.0,25.0,0.0,,,0.0,0.0,0.0,0.0,0.0,,0.9615384615384616,0.0,0.0407511622137993,0.036982248520710054,-0.10191142626113314,,,,,True
gnn_st,post_covid,gnn_st,2,neighborhood,FLORENCIO VARELA,flu_season,0.98,IT98,159.96645580277627,26,0.0,0.0,0.0,0.0,0.0,26.0,,,,0.0,,,,,,1.0,,0.00032107933866425625,0.0,,,,,,True
gnn_st,post_covid,gnn_st,2,neighborhood,GENERAL SAN MARTÍN,overall,,bands,,53,,,,,,,,,,,,,,,,,,,,,0.9245283018867925,1.0,0.4591836734693878,0.0,False
gnn_st,post_covid,gnn_st,2,neighborhood,GENERAL SAN MARTÍN,overall,0.5,IT50,77.94711365203958,53,4.0,0.07547169811320754,2.0,2.0,2.0,47.0,0.5,0.5,0.5,0.04081632653061224,0.3333333333333333,0.5,0.45918367346938777,0.45918367346938777,0.45918367346938777,0.9245283018867925,1.0,0.03839768848857947,0.0697757208971164,0.4496984338550013,,,,,True
gnn_st,post_covid,gnn_st,2,neighborhood,GENERAL SAN MARTÍN,overall,0.9,IT90,119.50868958439348,53,0.0,0.0,0.0,0.0,0.0,53.0,,,,0.0,,,,,,1.0,,0.0002568696409760999,0.0,,,,,,True
gnn_st,post_covid,gnn_st,2,neighborhood,GENERAL SAN MARTÍN,overall,0.98,IT98,157.08069982681235,53,0.0,0.0,0.0,0.0,0.0,53.0,,,,0.0,,,,,,1.0,,2.3966522277027494e-08,0.0,,,,,,True
gnn_st,post_covid,gnn_st,2,neighborhood,GENERAL SAN MARTÍN,flu_season,,bands,,26,,,,,,,,,,,,,,,,,,,,,0.8461538461538461,1.0,0.40909090909090906,0.0,False
gnn_st,post_covid,gnn_st,2,neighborhood,GENERAL SAN MARTÍN,flu_season,0.5,IT50,77.94711365203958,26,4.0,0.15384615384615385,2.0,2.0,2.0,20.0,0.5,0.5,0.5,0.09090909090909091,0.3333333333333333,0.5,0.40909090909090906,0.4090909090909091,0.4090909090909091,0.8461538461538461,1.0,0.07737242442868603,0.13017751479289943,0.4056391032523665,,,,,True
gnn_st,post_covid,gnn_st,2,neighborhood,GENERAL SAN MARTÍN,flu_season,0.9,IT90,119.50868958439348,26,0.0,0.0,0.0,0.0,0.0,26.0,,,,0.0,,,,,,1.0,,0.0005236168931429326,0.0,,,,,,True
gnn_st,post_covid,gnn_st,2,neighborhood,GENERAL SAN MARTÍN,flu_season,0.98,IT98,157.08069982681235,26,0.0,0.0,0.0,0.0,0.0,26.0,,,,0.0,,,,,,1.0,,4.885483387062147e-08,0.0,,,,,,True
gnn_st,post_covid,gnn_st,2,neighborhood,JOSÉ C. PAZ,overall,,bands,,53,,,,,,,,,,,,,,,,,,,,,0.6415094339622641,0.9245283018867925,0.5893526618345415,-0.3584905660377358,False
gnn_st,post_covid,gnn_st,2,neighborhood,JOSÉ C. PAZ,overall,0.5,IT50,222.17859568980776,53,30.0,0.5660377358490566,19.0,1.0,11.0,22.0,0.6333333333333333,0.05,0.95,0.043478260869565216,0.6129032258064516,0.76,0.5898550724637681,0.5613793103448276,0.6031118978702518,0.7735849056603774,0.6666666666666666,0.1725108824656329,0.2456390174439302,0.29770569732469154,,,,,False
gnn_st,post_covid,gnn_st,2,neighborhood,JOSÉ C. PAZ,overall,0.9,IT90,355.8888420506266,53,11.0,0.20754716981132076,3.0,0.0,8.0,42.0,0.2727272727272727,0.0,1.0,0.0,0.2727272727272727,0.42857142857142855,0.2727272727272727,0.3727810650887574,0.4786344211304793,0.8490566037735849,0.2727272727272727,0.11699832373228428,0.1644713421146316,0.2886400619827134,,,,,False
gnn_st,post_covid,gnn_st,2,neighborhood,JOSÉ C. PAZ,overall,0.98,IT98,481.06046989083103,53,3.0,0.05660377358490566,1.0,1.0,2.0,49.0,0.3333333333333333,0.5,0.5,0.02,0.25,0.4,0.3133333333333333,0.3715415019762846,0.37997247922358834,0.9433962264150944,0.6666666666666666,0.05640268997632261,0.05339978640085441,-0.0562343742899345,,,,,True
gnn_st,post_covid,gnn_st,2,neighborhood,JOSÉ C. PAZ,flu_season,,bands,,26,,,,,,,,,,,,,,,,,,,,,0.5,0.8461538461538461,0.3407707910750507,-0.5,False
gnn_st,post_covid,gnn_st,2,neighborhood,JOSÉ C. PAZ,flu_season,0.5,IT50,222.17859568980776,26,24.0,0.9230769230769231,19.0,1.0,5.0,1.0,0.7916666666666666,0.05,0.95,0.5,0.76,0.8636363636363636,0.29166666666666663,0.15217391304347827,0.18446619684315546,0.7692307692307693,0.8333333333333334,0.1388706392315493,0.07100591715976333,-0.9557615025109856,,,,,False
gnn_st,post_covid,gnn_st,2,neighborhood,JOSÉ C. PAZ,flu_season,0.9,IT90,355.8888420506266,26,11.0,0.4230769230769231,3.0,0.0,8.0,15.0,0.2727272727272727,0.0,1.0,0.0,0.2727272727272727,0.42857142857142855,0.2727272727272727,0.30201342281879195,0.42174116783664994,0.6923076923076923,0.2727272727272727,0.23849658299131501,0.24408284023668633,0.022886726653763678,,,,,False
gnn_st,post_covid,gnn_st,2,neighborhood,JOSÉ C. PAZ,flu_season,0.98,IT98,481.06046989083103,26,3.0,0.11538461538461539,1.0,1.0,2.0,22.0,0.3333333333333333,0.5,0.5,0.043478260869565216,0.25,0.4,0.28985507246376807,0.3389830508474576,0.34752402342845795,0.8846153846153846,0.6666666666666666,0.11497471418250377,0.10207100591715977,-0.12641893894742817,,,,,True
gnn_st,post_covid,gnn_st,2,neighborhood,LA MATANZA,overall,,bands,,53,,,,,,,,,,,,,,,,,,,,,0.8679245283018868,1.0,0.767689417658109,-0.09433962264150944,False
gnn_st,post_covid,gnn_st,2,neighborhood,LA MATANZA,overall,0.5,IT50,24.512107570850826,53,23.0,0.4339622641509434,19.0,1.0,4.0,29.0,0.8260869565217391,0.05,0.95,0.03333333333333333,0.7916666666666666,0.8837209302325582,0.7927536231884058,0.8050036791758646,0.810570535958299,0.9056603773584906,0.8695652173913043,0.1101629599551456,0.24563901744393019,0.5515249934579651,,,,,False
gnn_st,post_covid,gnn_st,2,neighborhood,LA MATANZA,overall,0.9,IT90,49.0533041651205,53,2.0,0.03773584905660377,0.0,0.0,2.0,51.0,0.0,,,0.0,0.0,0.0,0.0,0.0,,0.9622641509433962,0.0,0.03760146472048082,0.03631185475258099,-0.035514847057163124,,,,,True
gnn_st,post_covid,gnn_st,2,neighborhood,LA MATANZA,overall,0.98,IT98,76.45298521130762,53,0.0,0.0,0.0,0.0,0.0,53.0,,,,0.0,,,,,,1.0,,1.2126828439780274e-05,0.0,,,,,,True
gnn_st,post_covid,gnn_st,2,neighborhood,LA MATANZA,flu_season,,bands,,26,,,,,,,,,,,,,,,,,,,,,0.8076923076923077,1.0,0.5695364238410596,-0.11538461538461539,False
gnn_st,post_covid,gnn_st,2,neighborhood,LA MATANZA,flu_season,0.5,IT50,24.512107570850826,26,21.0,0.8076923076923077,19.0,1.0,2.0,4.0,0.9047619047619048,0.05,0.95,0.2,0.8636363636363636,0.926829268292683,0.7047619047619047,0.6548672566371682,0.6592443967173135,0.8846153846153846,0.9523809523809523,0.15377944595145143,0.15532544378698226,0.009953281303036632,,,,,False
gnn_st,post_covid,gnn_st,2,neighborhood,LA MATANZA,flu_season,0.9,IT90,49.0533041651205,26,2.0,0.07692307692307693,0.0,0.0,2.0,24.0,0.0,,,0.0,0.0,0.0,0.0,0.0,,0.9230769230769231,0.0,0.07664865648126909,0.07100591715976333,-0.07946857877787283,,,,,True
gnn_st,post_covid,gnn_st,2,neighborhood,LA MATANZA,flu_season,0.98,IT98,76.45298521130762,26,0.0,0.0,0.0,0.0,0.0,26.0,,,,0.0,,,,,,1.0,,2.472007335792912e-05,0.0,,,,,,True
gnn_st,post_covid,gnn_st,2,neighborhood,LANÚS,overall,,bands,,53,,,,,,,,,,,,,,,,,,,,,0.9433962264150944,1.0,0.5417867435158502,-0.018867924528301886,False
gnn_st,post_covid,gnn_st,2,neighborhood,LANÚS,overall,0.5,IT50,132.6029855198303,53,4.0,0.07547169811320754,2.0,1.0,2.0,48.0,0.5,0.3333333333333333,0.6666666666666666,0.02040816326530612,0.4,0.5714285714285714,0.47959183673469385,0.5417867435158501,0.548219132908616,0.9433962264150944,0.75,0.04423783945090381,0.06977572089711641,0.3659995356245469,,,,,True
gnn_st,post_covid,gnn_st,2,neighborhood,LANÚS,overall,0.9,IT90,190.48996986250967,53,0.0,0.0,0.0,0.0,0.0,53.0,,,,0.0,,,,,,1.0,,0.0002521082320808612,0.0,,,,,,True
gnn_st,post_covid,gnn_st,2,neighborhood,LANÚS,overall,0.98,IT98,240.1624128185746,53,0.0,0.0,0.0,0.0,0.0,53.0,,,,0.0,,,,,,1.0,,4.307551012035859e-08,0.0,,,,,,True
gnn_st,post_covid,gnn_st,2,neighborhood,LANÚS,flu_season,,bands,,26,,,,,,,,,,,,,,,,,,,,,0.8846153846153846,1.0,0.5063291139240506,-0.038461538461538464,False
gnn_st,post_covid,gnn_st,2,neighborhood,LANÚS,flu_season,0.5,IT50,132.6029855198303,26,4.0,0.15384615384615385,2.0,1.0,2.0,21.0,0.5,0.3333333333333333,0.6666666666666666,0.045454545454545456,0.4,0.5714285714285714,0.45454545454545453,0.5063291139240507,0.5133270023393454,0.8846153846153846,0.75,0.09012815383998223,0.13017751479289943,0.3076519091383185,,,,,True
gnn_st,post_covid,gnn_st,2,neighborhood,LANÚS,flu_season,0.9,IT90,190.48996986250967,26,0.0,0.0,0.0,0.0,0.0,26.0,,,,0.0,,,,,,1.0,,0.0005139129341501528,0.0,,,,,,True
gnn_st,post_covid,gnn_st,2,neighborhood,LANÚS,flu_season,0.98,IT98,240.1624128185746,26,0.0,0.0,0.0,0.0,0.0,26.0,,,,0.0,,,,,,1.0,,8.780777062996174e-08,0.0,,,,,,True
gnn_st,post_covid,gnn_st,2,neighborhood,LOMAS DE ZAMORA,overall,,bands,,41,,,,,,,,,,,,,,,,,,,,,1.0,1.0,,0.0,False
gnn_st,post_covid,gnn_st,2,neighborhood,LOMAS DE ZAMORA,overall,0.5,IT50,8.281330480989212,41,0.0,0.0,0.0,0.0,0.0,41.0,,,,0.0,,,,,,1.0,,0.0014835001497733491,0.0,,,,,,True
gnn_st,post_covid,gnn_st,2,neighborhood,LOMAS DE ZAMORA,overall,0.9,IT90,13.281987582112178,41,0.0,0.0,0.0,0.0,0.0,41.0,,,,0.0,,,,,,1.0,,7.918420055140302e-06,0.0,,,,,,True
gnn_st,post_covid,gnn_st,2,neighborhood,LOMAS DE ZAMORA,overall,0.98,IT98,17.968039817353144,41,0.0,0.0,0.0,0.0,0.0,41.0,,,,0.0,,,,,,1.0,,9.358345627659726e-09,0.0,,,,,,True
gnn_st,post_covid,gnn_st,2,neighborhood,LOMAS DE ZAMORA,flu_season,,bands,,26,,,,,,,,,,,,,,,,,,,,,1.0,1.0,,0.0,False
gnn_st,post_covid,gnn_st,2,neighborhood,LOMAS DE ZAMORA,flu_season,0.5,IT50,8.281330480989212,26,0.0,0.0,0.0,0.0,0.0,26.0,,,,0.0,,,,,,1.0,,0.0022843557818526864,0.0,,,,,,True
gnn_st,post_covid,gnn_st,2,neighborhood,LOMAS DE ZAMORA,flu_season,0.9,IT90,13.281987582112178,26,0.0,0.0,0.0,0.0,0.0,26.0,,,,0.0,,,,,,1.0,,1.2480328106322692e-05,0.0,,,,,,True
gnn_st,post_covid,gnn_st,2,neighborhood,LOMAS DE ZAMORA,flu_season,0.98,IT98,17.968039817353144,26,0.0,0.0,0.0,0.0,0.0,26.0,,,,0.0,,,,,,1.0,,1.4757355925512479e-08,0.0,,,,,,True
gnn_st,post_covid,gnn_st,2,neighborhood,MALVINAS ARGENTINAS,overall,,bands,,53,,,,,,,,,,,,,,,,,,,,,0.8301886792452831,0.9245283018867925,0.6134074331365058,-0.09433962264150944,False
gnn_st,post_covid,gnn_st,2,neighborhood,MALVINAS ARGENTINAS,overall,0.5,IT50,19.75908456675979,53,12.0,0.22641509433962265,8.0,2.0,4.0,39.0,0.6666666666666666,0.2,0.8,0.04878048780487805,0.5714285714285714,0.7272727272727273,0.6178861788617885,0.6565874730021598,0.6609320381168282,0.8867924528301887,0.8333333333333334,0.10535376696943861,0.17515129939480242,0.39849851337977016,,,,,False
gnn_st,post_covid,gnn_st,2,neighborhood,MALVINAS ARGENTINAS,overall,0.9,IT90,75.76432319476002,53,9.0,0.16981132075471697,4.0,2.0,5.0,42.0,0.4444444444444444,0.3333333333333333,0.6666666666666666,0.045454545454545456,0.36363636363636365,0.5333333333333333,0.39898989898989895,0.45997088791848617,0.47280813450930637,0.8679245283018868,0.6666666666666666,0.10132612689142531,0.14097543609825564,0.2812497716211777,,,,,False
gnn_st,post_covid,gnn_st,2,neighborhood,MALVINAS ARGENTINAS,overall,0.98,IT98,178.99536057166898,53,0.0,0.0,0.0,0.0,0.0,53.0,,,,0.0,,,,,,1.0,,4.412621190583481e-08,0.0,,,,,,True
gnn_st,post_covid,gnn_st,2,neighborhood,MALVINAS ARGENTINAS,flu_season,,bands,,26,,,,,,,,,,,,,,,,,,,,,0.6538461538461539,0.8461538461538461,0.4897196261682243,-0.19230769230769232,False
gnn_st,post_covid,gnn_st,2,neighborhood,MALVINAS ARGENTINAS,flu_season,0.5,IT50,19.75908456675979,26,12.0,0.46153846153846156,8.0,2.0,4.0,12.0,0.6666666666666666,0.2,0.8,0.14285714285714285,0.5714285714285714,0.7272727272727273,0.5238095238095237,0.5301204819277109,0.5367450401216932,0.7692307692307693,0.8333333333333334,0.2113183226495548,0.24852071005917165,0.14969532076726777,,,,,False
gnn_st,post_covid,gnn_st,2,neighborhood,MALVINAS ARGENTINAS,flu_season,0.9,IT90,75.76432319476002,26,9.0,0.34615384615384615,4.0,2.0,5.0,15.0,0.4444444444444444,0.3333333333333333,0.6666666666666666,0.11764705882352941,0.36363636363636365,0.5333333333333333,0.326797385620915,0.3546099290780142,0.36900620230837305,0.7307692307692307,0.6666666666666666,0.20654941250944392,0.22633136094674555,0.08740259570990783,,,,,False
gnn_st,post_covid,gnn_st,2,neighborhood,MALVINAS ARGENTINAS,flu_season,0.98,IT98,178.99536057166898,26,0.0,0.0,0.0,0.0,0.0,26.0,,,,0.0,,,,,,1.0,,8.994958580804787e-08,0.0,,,,,,True
gnn_st,post_covid,gnn_st,2,neighborhood,MERLO,overall,,bands,,53,,,,,,,,,,,,,,,,,,,,,1.0,1.0,,0.0,False
gnn_st,post_covid,gnn_st,2,neighborhood,MERLO,overall,0.5,IT50,93.32449393075508,53,0.0,0.0,0.0,0.0,0.0,53.0,,,,0.0,,,,,,1.0,,1.7618818962241284e-05,0.0,,,,,,True
gnn_st,post_covid,gnn_st,2,neighborhood,MERLO,overall,0.9,IT90,164.5170716895135,53,0.0,0.0,0.0,0.0,0.0,53.0,,,,0.0,,,,,,1.0,,4.952197486345749e-20,0.0,,,,,,True
gnn_st,post_covid,gnn_st,2,neighborhood,MERLO,overall,0.98,IT98,236.4333757518645,53,0.0,0.0,0.0,0.0,0.0,53.0,,,,0.0,,,,,,1.0,,0.0,0.0,,,,,,True
gnn_st,post_covid,gnn_st,2,neighborhood,MERLO,flu_season,,bands,,26,,,,,,,,,,,,,,,,,,,,,1.0,1.0,,0.0,False
gnn_st,post_covid,gnn_st,2,neighborhood,MERLO,flu_season,0.5,IT50,93.32449393075508,26,0.0,0.0,0.0,0.0,0.0,26.0,,,,0.0,,,,,,1.0,,3.591528480764569e-05,0.0,,,,,,True
gnn_st,post_covid,gnn_st,2,neighborhood,MERLO,flu_season,0.9,IT90,164.5170716895135,26,0.0,0.0,0.0,0.0,0.0,26.0,,,,0.0,,,,,,1.0,,1.0094864106781719e-19,0.0,,,,,,True
gnn_st,post_covid,gnn_st,2,neighborhood,MERLO,flu_season,0.98,IT98,236.4333757518645,26,0.0,0.0,0.0,0.0,0.0,26.0,,,,0.0,,,,,,1.0,,0.0,0.0,,,,,,True
gnn_st,post_covid,gnn_st,2,neighborhood,MORENO,overall,,bands,,53,,,,,,,,,,,,,,,,,,,,,0.8679245283018868,1.0,0.6690454950936664,-0.05660377358490566,False
gnn_st,post_covid,gnn_st,2,neighborhood,MORENO,overall,0.5,IT50,101.79720605127496,53,16.0,0.3018867924528302,11.0,2.0,5.0,35.0,0.6875,0.15384615384615385,0.8461538461538461,0.05405405405405406,0.6111111111111112,0.7586206896551724,0.6334459459459459,0.6690454950936664,0.6758786727286786,0.8679245283018868,0.8125,0.08937249594865869,0.21075115699537209,0.5759335454057734,,,,,False
gnn_st,post_covid,gnn_st,2,neighborhood,MORENO,overall,0.9,IT90,214.46725243408844,53,0.0,0.0,0.0,0.0,0.0,53.0,,,,0.0,,,,,,1.0,,2.7378249704039123e-06,0.0,,,,,,True
gnn_st,post_covid,gnn_st,2,neighborhood,MORENO,overall,0.98,IT98,345.44262322711484,53,0.0,0.0,0.0,0.0,0.0,53.0,,,,0.0,,,,,,1.0,,1.7184869062063184e-25,0.0,,,,,,True
gnn_st,post_covid,gnn_st,2,neighborhood,MORENO,flu_season,,bands,,26,,,,,,,,,,,,,,,,,,,,,0.7307692307692307,1.0,0.46153846153846156,-0.11538461538461539,False
gnn_st,post_covid,gnn_st,2,neighborhood,MORENO,flu_season,0.5,IT50,101.79720605127496,26,16.0,0.6153846153846154,11.0,2.0,5.0,8.0,0.6875,0.15384615384615385,0.8461538461538461,0.2,0.6111111111111112,0.7586206896551724,0.4875,0.46153846153846156,0.4743416490252569,0.7307692307692307,0.8125,0.18217145533249557,0.2366863905325444,0.2303256012202063,,,,,False
gnn_st,post_covid,gnn_st,2,neighborhood,MORENO,flu_season,0.9,IT90,214.46725243408844,26,0.0,0.0,0.0,0.0,0.0,26.0,,,,0.0,,,,,,1.0,,5.580950901207975e-06,0.0,,,,,,True
gnn_st,post_covid,gnn_st,2,neighborhood,MORENO,flu_season,0.98,IT98,345.44262322711484,26,0.0,0.0,0.0,0.0,0.0,26.0,,,,0.0,,,,,,1.0,,3.5030694626513412e-25,0.0,,,,,,True
gnn_st,post_covid,gnn_st,2,neighborhood,MORÓN,overall,,bands,,53,,,,,,,,,,,,,,,,,,,,,0.8867924528301887,1.0,0.5062111801242236,0.0,False
gnn_st,post_covid,gnn_st,2,neighborhood,MORÓN,overall,0.5,IT50,28.847000469649124,53,7.0,0.1320754716981132,4.0,3.0,3.0,43.0,0.5714285714285714,0.42857142857142855,0.5714285714285714,0.06521739130434782,0.4,0.5714285714285714,0.5062111801242236,0.5062111801242236,0.5062111801242236,0.8867924528301887,1.0,0.08152473896407775,0.1146315414738341,0.288810584627036,,,,,False
gnn_st,post_covid,gnn_st,2,neighborhood,MORÓN,overall,0.9,IT90,57.29975452086349,53,0.0,0.0,0.0,0.0,0.0,53.0,,,,0.0,,,,,,1.0,,0.0006659484195673528,0.0,,,,,,True
gnn_st,post_covid,gnn_st,2,neighborhood,MORÓN,overall,0.98,IT98,88.88106833465432,53,0.0,0.0,0.0,0.0,0.0,53.0,,,,0.0,,,,,,1.0,,2.789547924791081e-08,0.0,,,,,,True
gnn_st,post_covid,gnn_st,2,neighborhood,MORÓN,flu_season,,bands,,26,,,,,,,,,,,,,,,,,,,,,0.7692307692307693,1.0,0.4135338345864663,0.0,False
gnn_st,post_covid,gnn_st,2,neighborhood,MORÓN,flu_season,0.5,IT50,28.847000469649124,26,7.0,0.2692307692307692,4.0,3.0,3.0,16.0,0.5714285714285714,0.42857142857142855,0.5714285714285714,0.15789473684210525,0.4,0.5714285714285714,0.41353383458646614,0.41353383458646614,0.41353383458646614,0.7692307692307693,1.0,0.15961287651584175,0.19674556213017758,0.18873455244579707,,,,,False
gnn_st,post_covid,gnn_st,2,neighborhood,MORÓN,flu_season,0.9,IT90,57.29975452086349,26,0.0,0.0,0.0,0.0,0.0,26.0,,,,0.0,,,,,,1.0,,0.0013575089700311022,0.0,,,,,,True
gnn_st,post_covid,gnn_st,2,neighborhood,MORÓN,flu_season,0.98,IT98,88.88106833465432,26,0.0,0.0,0.0,0.0,0.0,26.0,,,,0.0,,,,,,1.0,,5.6863861543818185e-08,0.0,,,,,,True
gnn_st,post_covid,gnn_st,2,neighborhood,QUILMES,overall,,bands,,53,,,,,,,,,,,,,,,,,,,,,1.0,1.0,,0.0,False
gnn_st,post_covid,gnn_st,2,neighborhood,QUILMES,overall,0.5,IT50,46.34689792435932,53,0.0,0.0,0.0,0.0,0.0,53.0,,,,0.0,,,,,,1.0,,0.009419241544039876,0.0,,,,,,True
gnn_st,post_covid,gnn_st,2,neighborhood,QUILMES,overall,0.9,IT90,80.98262048145082,53,0.0,0.0,0.0,0.0,0.0,53.0,,,,0.0,,,,,,1.0,,3.0118397600287455e-08,0.0,,,,,,True
gnn_st,post_covid,gnn_st,2,neighborhood,QUILMES,overall,0.98,IT98,115.72591322033615,53,0.0,0.0,0.0,0.0,0.0,53.0,,,,0.0,,,,,,1.0,,1.0893883604879931e-18,0.0,,,,,,True
gnn_st,post_covid,gnn_st,2,neighborhood,QUILMES,flu_season,,bands,,26,,,,,,,,,,,,,,,,,,,,,1.0,1.0,,0.0,False
gnn_st,post_covid,gnn_st,2,neighborhood,QUILMES,flu_season,0.5,IT50,46.34689792435932,26,0.0,0.0,0.0,0.0,0.0,26.0,,,,0.0,,,,,,1.0,,0.01793128071740029,0.0,,,,,,True
gnn_st,post_covid,gnn_st,2,neighborhood,QUILMES,flu_season,0.9,IT90,80.98262048145082,26,0.0,0.0,0.0,0.0,0.0,26.0,,,,0.0,,,,,,1.0,,6.075899160223693e-08,0.0,,,,,,True
gnn_st,post_covid,gnn_st,2,neighborhood,QUILMES,flu_season,0.98,IT98,115.72591322033615,26,0.0,0.0,0.0,0.0,0.0,26.0,,,,0.0,,,,,,1.0,,2.220068819300481e-18,0.0,,,,,,True
gnn_st,post_covid,gnn_st,2,neighborhood,SAN ISIDRO,overall,,bands,,50,,,,,,,,,,,,,,,,,,,,,1.0,1.0,,0.0,False
gnn_st,post_covid,gnn_st,2,neighborhood,SAN ISIDRO,overall,0.5,IT50,31.02709117627285,50,0.0,0.0,0.0,0.0,0.0,50.0,,,,0.0,,,,,,1.0,,0.005780008634833838,0.0,,,,,,True
gnn_st,post_covid,gnn_st,2,neighborhood,SAN ISIDRO,overall,0.9,IT90,61.06994953059092,50,0.0,0.0,0.0,0.0,0.0,50.0,,,,0.0,,,,,,1.0,,8.924409977406346e-08,0.0,,,,,,True
gnn_st,post_covid,gnn_st,2,neighborhood,SAN ISIDRO,overall,0.98,IT98,94.17754601713678,50,0.0,0.0,0.0,0.0,0.0,50.0,,,,0.0,,,,,,1.0,,6.024371696612996e-19,0.0,,,,,,True
gnn_st,post_covid,gnn_st,2,neighborhood,SAN ISIDRO,flu_season,,bands,,26,,,,,,,,,,,,,,,,,,,,,1.0,1.0,,0.0,False
gnn_st,post_covid,gnn_st,2,neighborhood,SAN ISIDRO,flu_season,0.5,IT50,31.02709117627285,26,0.0,0.0,0.0,0.0,0.0,26.0,,,,0.0,,,,,,1.0,,0.009098600012568554,0.0,,,,,,True
gnn_st,post_covid,gnn_st,2,neighborhood,SAN ISIDRO,flu_season,0.9,IT90,61.06994953059092,26,0.0,0.0,0.0,0.0,0.0,26.0,,,,0.0,,,,,,1.0,,1.7078217429948281e-07,0.0,,,,,,True
gnn_st,post_covid,gnn_st,2,neighborhood,SAN ISIDRO,flu_season,0.98,IT98,94.17754601713678,26,0.0,0.0,0.0,0.0,0.0,26.0,,,,0.0,,,,,,1.0,,1.1585301007075162e-18,0.0,,,,,,True
gnn_st,post_covid,gnn_st,2,neighborhood,SAN MIGUEL,overall,,bands,,53,,,,,,,,,,,,,,,,,,,,,0.7924528301886793,0.9433962264150944,0.8329129886506936,-0.22641509433962265,False
gnn_st,post_covid,gnn_st,2,neighborhood,SAN MIGUEL,overall,0.5,IT50,41.72536470891113,53,21.0,0.39622641509433965,17.0,1.0,4.0,31.0,0.8095238095238095,0.05555555555555555,0.9444444444444444,0.03125,0.7727272727272727,0.8717948717948718,0.7782738095238095,0.7978642257818459,0.8037977341533646,0.9056603773584906,0.8571428571428571,0.08212006360547006,0.2392310430758277,0.6567332460301111,,,,,False
gnn_st,post_covid,gnn_st,2,neighborhood,SAN MIGUEL,overall,0.9,IT90,54.8832873966512,53,13.0,0.24528301886792453,9.0,0.0,4.0,40.0,0.6923076923076923,0.0,1.0,0.0,0.6923076923076923,0.8181818181818182,0.6923076923076923,0.7725321888412017,0.7933288280219176,0.9245283018867925,0.6923076923076923,0.07277642417691843,0.18511925952296196,0.6068673547827619,,,,,False
gnn_st,post_covid,gnn_st,2,neighborhood,SAN MIGUEL,overall,0.98,IT98,65.40139686030513,53,9.0,0.16981132075471697,4.0,0.0,5.0,44.0,0.4444444444444444,0.0,1.0,0.0,0.4444444444444444,0.6153846153846154,0.4444444444444444,0.5705024311183144,0.6317380553057905,0.9056603773584906,0.4444444444444444,0.07132748305828303,0.14097543609825564,0.49404318204364395,,,,,False
gnn_st,post_covid,gnn_st,2,neighborhood,SAN MIGUEL,flu_season,,bands,,26,,,,,,,,,,,,,,,,,,,,,0.6153846153846154,0.8846153846153846,0.7676387582314206,-0.4230769230769231,False
gnn_st,post_covid,gnn_st,2,neighborhood,SAN MIGUEL,flu_season,0.5,IT50,41.72536470891113,26,16.0,0.6153846153846154,12.0,1.0,4.0,9.0,0.75,0.07692307692307693,0.9230769230769231,0.1,0.7058823529411765,0.8275862068965517,0.65,0.6153846153846154,0.6324555320336759,0.8076923076923077,0.8125,0.15093149119483515,0.2366863905325444,0.3623144497018216,,,,,False
gnn_st,post_covid,gnn_st,2,neighborhood,SAN MIGUEL,flu_season,0.9,IT90,54.8832873966512,26,11.0,0.4230769230769231,8.0,0.0,3.0,15.0,0.7272727272727273,0.0,1.0,0.0,0.7272727272727273,0.8421052631578947,0.7272727272727273,0.7547169811320755,0.778498944161523,0.8846153846153846,0.7272727272727273,0.10942334595220528,0.24408284023668633,0.5516958674927831,,,,,False
gnn_st,post_covid,gnn_st,2,neighborhood,SAN MIGUEL,flu_season,0.98,IT98,65.40139686030513,26,9.0,0.34615384615384615,4.0,0.0,5.0,17.0,0.4444444444444444,0.0,1.0,0.0,0.4444444444444444,0.6153846153846154,0.4444444444444444,0.5112781954887218,0.5860327153276884,0.8076923076923077,0.4444444444444444,0.13415889628405955,0.22633136094674558,0.4072456608625866,,,,,False
gnn_st,post_covid,gnn_st,2,neighborhood,TIGRE,overall,,bands,,53,,,,,,,,,,,,,,,,,,,,,0.9056603773584906,1.0,0.49715370018975336,-0.05660377358490566,False
gnn_st,post_covid,gnn_st,2,neighborhood,TIGRE,overall,0.5,IT50,22.292181427607932,53,7.0,0.1320754716981132,3.0,1.0,4.0,45.0,0.42857142857142855,0.25,0.75,0.021739130434782608,0.375,0.5454545454545454,0.40683229813664595,0.4971537001897533,0.5214531846240801,0.9056603773584906,0.5714285714285714,0.046906880002407454,0.1146315414738341,0.5908030250721661,,,,,False
gnn_st,post_covid,gnn_st,2,neighborhood,TIGRE,overall,0.9,IT90,51.59902428823632,53,0.0,0.0,0.0,0.0,0.0,53.0,,,,0.0,,,,,,1.0,,6.621403751314846e-05,0.0,,,,,,True
gnn_st,post_covid,gnn_st,2,neighborhood,TIGRE,overall,0.98,IT98,88.26651373174553,53,0.0,0.0,0.0,0.0,0.0,53.0,,,,0.0,,,,,,1.0,,2.9080009130907255e-13,0.0,,,,,,True
gnn_st,post_covid,gnn_st,2,neighborhood,TIGRE,flu_season,,bands,,26,,,,,,,,,,,,,,,,,,,,,0.8076923076923077,1.0,0.4347826086956522,-0.11538461538461539,False
gnn_st,post_covid,gnn_st,2,neighborhood,TIGRE,flu_season,0.5,IT50,22.292181427607932,26,7.0,0.2692307692307692,3.0,1.0,4.0,18.0,0.42857142857142855,0.25,0.75,0.05263157894736842,0.375,0.5454545454545454,0.37593984962406013,0.43478260869565216,0.46217116665408475,0.8076923076923077,0.5714285714285714,0.09561584922907852,0.19674556213017758,0.5140126760988191,,,,,False
gnn_st,post_covid,gnn_st,2,neighborhood,TIGRE,flu_season,0.9,IT90,51.59902428823632,26,0.0,0.0,0.0,0.0,0.0,26.0,,,,0.0,,,,,,1.0,,0.00013497476877680263,0.0,,,,,,True
gnn_st,post_covid,gnn_st,2,neighborhood,TIGRE,flu_season,0.98,IT98,88.26651373174553,26,0.0,0.0,0.0,0.0,0.0,26.0,,,,0.0,,,,,,1.0,,5.927848015146477e-13,0.0,,,,,,True
gnn_st,post_covid,gnn_st,2,neighborhood,TRES DE FEBRERO,overall,,bands,,53,,,,,,,,,,,,,,,,,,,,,0.9433962264150944,1.0,-0.025806451612902848,-0.018867924528301886,False
gnn_st,post_covid,gnn_st,2,neighborhood,TRES DE FEBRERO,overall,0.5,IT50,92.40050209783404,53,2.0,0.03773584905660377,0.0,1.0,2.0,50.0,0.0,1.0,0.0,0.0196078431372549,0.0,0.0,-0.0196078431372549,-0.025806451612903226,-0.027461751819054487,0.9433962264150944,0.5,0.034557747318730195,0.03631185475258099,0.04830674295771453,,,,,True
gnn_st,post_covid,gnn_st,2,neighborhood,TRES DE FEBRERO,overall,0.9,IT90,150.5622822202344,53,0.0,0.0,0.0,0.0,0.0,53.0,,,,0.0,,,,,,1.0,,3.364966358716203e-06,0.0,,,,,,True
gnn_st,post_covid,gnn_st,2,neighborhood,TRES DE FEBRERO,overall,0.98,IT98,205.7567466717726,53,0.0,0.0,0.0,0.0,0.0,53.0,,,,0.0,,,,,,1.0,,6.50816239730105e-14,0.0,,,,,,True
gnn_st,post_covid,gnn_st,2,neighborhood,TRES DE FEBRERO,flu_season,,bands,,26,,,,,,,,,,,,,,,,,,,,,0.8846153846153846,1.0,-0.05405405405405417,-0.038461538461538464,False
gnn_st,post_covid,gnn_st,2,neighborhood,TRES DE FEBRERO,flu_season,0.5,IT50,92.40050209783404,26,2.0,0.07692307692307693,0.0,1.0,2.0,23.0,0.0,1.0,0.0,0.041666666666666664,0.0,0.0,-0.041666666666666664,-0.05405405405405406,-0.05773502691896257,0.8846153846153846,0.5,0.0704430122938804,0.07100591715976333,0.007927576861184504,,,,,True
gnn_st,post_covid,gnn_st,2,neighborhood,TRES DE FEBRERO,flu_season,0.9,IT90,150.5622822202344,26,0.0,0.0,0.0,0.0,0.0,26.0,,,,0.0,,,,,,1.0,,6.859354500459937e-06,0.0,,,,,,True
gnn_st,post_covid,gnn_st,2,neighborhood,TRES DE FEBRERO,flu_season,0.98,IT98,205.7567466717726,26,0.0,0.0,0.0,0.0,0.0,26.0,,,,0.0,,,,,,1.0,,1.3266638732959836e-13,0.0,,,,,,True
gnn_st,post_covid,gnn_st,2,neighborhood,VICENTE LÓPEZ,overall,,bands,,53,,,,,,,,,,,,,,,,,,,,,0.9622641509433962,1.0,-0.01923076923076894,0.0,False
gnn_st,post_covid,gnn_st,2,neighborhood,VICENTE LÓPEZ,overall,0.5,IT50,105.82113989675452,53,1.0,0.018867924528301886,0.0,1.0,1.0,51.0,0.0,1.0,0.0,0.019230769230769232,0.0,0.0,-0.019230769230769232,-0.019230769230769232,-0.019230769230769232,0.9622641509433962,1.0,0.0271647553054054,0.018511925952296185,-0.4674191856323806,,,,,True
gnn_st,post_covid,gnn_st,2,neighborhood,VICENTE LÓPEZ,overall,0.9,IT90,168.616011392644,53,0.0,0.0,0.0,0.0,0.0,53.0,,,,0.0,,,,,,1.0,,2.2279891549312305e-06,0.0,,,,,,True
gnn_st,post_covid,gnn_st,2,neighborhood,VICENTE LÓPEZ,overall,0.98,IT98,227.1548194913809,53,0.0,0.0,0.0,0.0,0.0,53.0,,,,0.0,,,,,,1.0,,2.7114241776549252e-14,0.0,,,,,,True
gnn_st,post_covid,gnn_st,2,neighborhood,VICENTE LÓPEZ,flu_season,,bands,,26,,,,,,,,,,,,,,,,,,,,,0.9230769230769231,1.0,-0.040000000000000036,0.0,False
gnn_st,post_covid,gnn_st,2,neighborhood,VICENTE LÓPEZ,flu_season,0.5,IT50,105.82113989675452,26,1.0,0.038461538461538464,0.0,1.0,1.0,24.0,0.0,1.0,0.0,0.04,0.0,0.0,-0.04,-0.04,-0.04,0.9230769230769231,1.0,0.05537430889178793,0.036982248520710054,-0.49732131243394595,,,,,True
gnn_st,post_covid,gnn_st,2,neighborhood,VICENTE LÓPEZ,flu_season,0.9,IT90,168.616011392644,26,0.0,0.0,0.0,0.0,0.0,26.0,,,,0.0,,,,,,1.0,,4.541670200436739e-06,0.0,,,,,,True
gnn_st,post_covid,gnn_st,2,neighborhood,VICENTE LÓPEZ,flu_season,0.98,IT98,227.1548194913809,26,0.0,0.0,0.0,0.0,0.0,26.0,,,,0.0,,,,,,1.0,,5.5271339006042706e-14,0.0,,,,,,True
gnn_st_nodemo,post_covid,gnn_st_nodemo,2,citywide,CITYWIDE,overall,,bands,,53,,,,,,,,,,,,,,,,,,,,,0.8490566037735849,1.0,0.752913752913753,-0.07547169811320754,False
gnn_st_nodemo,post_covid,gnn_st_nodemo,2,citywide,CITYWIDE,overall,0.5,IT50,77.06642887231719,53,8.0,0.1509433962264151,5.0,0.0,3.0,45.0,0.625,0.0,1.0,0.0,0.625,0.7692307692307693,0.625,0.7389162561576355,0.7654655446197431,0.9433962264150944,0.625,0.042484488948586745,0.12815948736205057,0.6685029737317219,,,,,False
gnn_st_nodemo,post_covid,gnn_st_nodemo,2,citywide,CITYWIDE,overall,0.9,IT90,97.46007981062509,53,3.0,0.05660377358490566,1.0,2.0,2.0,48.0,0.3333333333333333,0.6666666666666666,0.3333333333333333,0.04,0.2,0.3333333333333333,0.29333333333333333,0.29333333333333333,0.29333333333333333,0.9245283018867925,1.0,0.04030874701826867,0.05339978640085441,0.24515153083788888,,,,,True
gnn_st_nodemo,post_covid,gnn_st_nodemo,2,citywide,CITYWIDE,overall,0.98,IT98,113.25281678189309,53,1.0,0.018867924528301886,0.0,0.0,1.0,52.0,0.0,,,0.0,0.0,0.0,0.0,0.0,,0.9811320754716981,0.0,0.011883591253727715,0.018511925952296185,0.35805754169767,,,,,True
gnn_st_nodemo,post_covid,gnn_st_nodemo,2,citywide,CITYWIDE,flu_season,,bands,,26,,,,,,,,,,,,,,,,,,,,,0.6923076923076923,1.0,0.7204301075268817,-0.15384615384615385,False
gnn_st_nodemo,post_covid,gnn_st_nodemo,2,citywide,CITYWIDE,flu_season,0.5,IT50,77.06642887231719,26,8.0,0.3076923076923077,5.0,0.0,3.0,18.0,0.625,0.0,1.0,0.0,0.625,0.7692307692307693,0.625,0.6976744186046512,0.7319250547113999,0.8846153846153846,0.625,0.08654997688901389,0.21301775147928986,0.5936959418265735,,,,,False
gnn_st_nodemo,post_covid,gnn_st_nodemo,2,citywide,CITYWIDE,flu_season,0.9,IT90,97.46007981062509,26,3.0,0.11538461538461539,1.0,2.0,2.0,21.0,0.3333333333333333,0.6666666666666666,0.3333333333333333,0.08695652173913043,0.2,0.3333333333333333,0.24637681159420288,0.2463768115942029,0.2463768115942029,0.8461538461538461,1.0,0.08216782252506961,0.10207100591715977,0.19499350685583983,,,,,True
gnn_st_nodemo,post_covid,gnn_st_nodemo,2,citywide,CITYWIDE,flu_season,0.98,IT98,113.25281678189309,26,1.0,0.038461538461538464,0.0,0.0,1.0,25.0,0.0,,,0.0,0.0,0.0,0.0,0.0,,0.9615384615384616,0.0,0.02422424370890338,0.036982248520710054,0.34497645011125255,,,,,True
gnn_st_nodemo,post_covid,gnn_st_nodemo,2,pooled,ALL,overall,,bands,,992,,,,,,,,,,,,,,,,,,,,,0.9143145161290323,0.9889112903225806,0.7419946395824517,-0.056451612903225805,False
gnn_st_nodemo,post_covid,gnn_st_nodemo,2,pooled,ALL,overall,0.5,IT50,,992,143.0,0.14415322580645162,95.0,17.0,48.0,832.0,0.6643356643356644,0.15178571428571427,0.8482142857142857,0.020023557126030624,0.59375,0.7450980392156863,0.6443121072096337,0.7081402085747392,0.7151016969893139,0.9344758064516129,0.7832167832167832,0.05354495938354723,0.12337307329604581,0.5659915251113115,,,,,False
gnn_st_nodemo,post_covid,gnn_st_nodemo,2,pooled,ALL,overall,0.9,IT90,,992,37.0,0.037298387096774195,16.0,2.0,21.0,953.0,0.43243243243243246,0.1111111111111111,0.8888888888888888,0.0020942408376963353,0.41025641025641024,0.5818181818181818,0.43033819159473613,0.5713534230104457,0.6109373929789756,0.9768145161290323,0.4864864864864865,0.01982651703856379,0.03590721741675338,0.44784033782263366,,,,,False
gnn_st_nodemo,post_covid,gnn_st_nodemo,2,pooled,ALL,overall,0.98,IT98,,992,12.0,0.012096774193548387,5.0,1.0,7.0,979.0,0.4166666666666667,0.16666666666666666,0.8333333333333334,0.0010204081632653062,0.38461538461538464,0.5555555555555556,0.41564625850340137,0.5519421860885275,0.586021370411994,0.9919354838709677,0.5,0.006878563114741339,0.011950442247658686,0.424409325429862,,,,,False
gnn_st_nodemo,post_covid,gnn_st_nodemo,2,pooled,ALL,flu_season,,bands,,494,,,,,,,,,,,,,,,,,,,,,0.8461538461538461,0.9777327935222672,0.7203996219792088,-0.0951417004048583,False
gnn_st_nodemo,post_covid,gnn_st_nodemo,2,pooled,ALL,flu_season,0.5,IT50,,494,130.0,0.2631578947368421,90.0,17.0,40.0,347.0,0.6923076923076923,0.1588785046728972,0.8411214953271028,0.046703296703296704,0.6122448979591837,0.759493670886076,0.6456043956043955,0.6845324788814448,0.6901467946197688,0.8846153846153846,0.823076923076923,0.09077959624414673,0.19390581717451527,0.5318366536551862,,,,,False
gnn_st_nodemo,post_covid,gnn_st_nodemo,2,pooled,ALL,flu_season,0.9,IT90,,494,35.0,0.0708502024291498,15.0,2.0,20.0,457.0,0.42857142857142855,0.11764705882352941,0.8823529411764706,0.004357298474945534,0.40540540540540543,0.5769230769230769,0.424214130096483,0.5563719487305087,0.5970928147284654,0.9554655870445344,0.4857142857142857,0.037758653421345226,0.06583045124489831,0.4264257238511422,,,,,False
gnn_st_nodemo,post_covid,gnn_st_nodemo,2,pooled,ALL,flu_season,0.98,IT98,,494,12.0,0.024291497975708502,5.0,1.0,7.0,481.0,0.4166666666666667,0.16666666666666666,0.8333333333333334,0.002074688796680498,0.38461538461538464,0.5555555555555556,0.4145919778699862,0.5482395976223137,0.5827060140548158,0.9838056680161943,0.5,0.013240867092674918,0.02370142110180466,0.44134712278215504,,,,,False
gnn_st_nodemo,post_covid,gnn_st_nodemo,2,neighborhood,ALMIRANTE BROWN,overall,,bands,,53,,,,,,,,,,,,,,,,,,,,,1.0,1.0,,0.0,False
gnn_st_nodemo,post_covid,gnn_st_nodemo,2,neighborhood,ALMIRANTE BROWN,overall,0.5,IT50,45.51198712694632,53,0.0,0.0,0.0,0.0,0.0,53.0,,,,0.0,,,,,,1.0,,0.013338606134155204,0.0,,,,,,True
gnn_st_nodemo,post_covid,gnn_st_nodemo,2,neighborhood,ALMIRANTE BROWN,overall,0.9,IT90,59.3327355509796,53,0.0,0.0,0.0,0.0,0.0,53.0,,,,0.0,,,,,,1.0,,0.0007609350903599011,0.0,,,,,,True
gnn_st_nodemo,post_covid,gnn_st_nodemo,2,neighborhood,ALMIRANTE BROWN,overall,0.98,IT98,70.30154029606965,53,0.0,0.0,0.0,0.0,0.0,53.0,,,,0.0,,,,,,1.0,,3.216482697462498e-05,0.0,,,,,,True
gnn_st_nodemo,post_covid,gnn_st_nodemo,2,neighborhood,ALMIRANTE BROWN,flu_season,,bands,,26,,,,,,,,,,,,,,,,,,,,,1.0,1.0,,0.0,False
gnn_st_nodemo,post_covid,gnn_st_nodemo,2,neighborhood,ALMIRANTE BROWN,flu_season,0.5,IT50,45.51198712694632,26,0.0,0.0,0.0,0.0,0.0,26.0,,,,0.0,,,,,,1.0,,0.026814385793886706,0.0,,,,,,True
gnn_st_nodemo,post_covid,gnn_st_nodemo,2,neighborhood,ALMIRANTE BROWN,flu_season,0.9,IT90,59.3327355509796,26,0.0,0.0,0.0,0.0,0.0,26.0,,,,0.0,,,,,,1.0,,0.0015490518952500077,0.0,,,,,,True
gnn_st_nodemo,post_covid,gnn_st_nodemo,2,neighborhood,ALMIRANTE BROWN,flu_season,0.98,IT98,70.30154029606965,26,0.0,0.0,0.0,0.0,0.0,26.0,,,,0.0,,,,,,1.0,,6.555991713345876e-05,0.0,,,,,,True
gnn_st_nodemo,post_covid,gnn_st_nodemo,2,neighborhood,AVELLANEDA,overall,,bands,,53,,,,,,,,,,,,,,,,,,,,,0.9433962264150944,1.0,0.5417867435158502,0.018867924528301886,False
gnn_st_nodemo,post_covid,gnn_st_nodemo,2,neighborhood,AVELLANEDA,overall,0.5,IT50,245.84106655843968,53,3.0,0.05660377358490566,2.0,2.0,1.0,48.0,0.6666666666666666,0.5,0.5,0.04,0.4,0.5714285714285714,0.6266666666666666,0.5417867435158501,0.548219132908616,0.9433962264150944,1.3333333333333333,0.03604637574559916,0.05339978640085441,0.32497153687074665,,,,,True
gnn_st_nodemo,post_covid,gnn_st_nodemo,2,neighborhood,AVELLANEDA,overall,0.9,IT90,374.7741671132419,53,0.0,0.0,0.0,0.0,0.0,53.0,,,,0.0,,,,,,1.0,,6.181657689293489e-06,0.0,,,,,,True
gnn_st_nodemo,post_covid,gnn_st_nodemo,2,neighborhood,AVELLANEDA,overall,0.98,IT98,490.7992503428019,53,0.0,0.0,0.0,0.0,0.0,53.0,,,,0.0,,,,,,1.0,,9.089285909462042e-16,0.0,,,,,,True
gnn_st_nodemo,post_covid,gnn_st_nodemo,2,neighborhood,AVELLANEDA,flu_season,,bands,,26,,,,,,,,,,,,,,,,,,,,,0.8846153846153846,1.0,0.5063291139240506,0.038461538461538464,False
gnn_st_nodemo,post_covid,gnn_st_nodemo,2,neighborhood,AVELLANEDA,flu_season,0.5,IT50,245.84106655843968,26,3.0,0.11538461538461539,2.0,2.0,1.0,21.0,0.6666666666666666,0.5,0.5,0.08695652173913043,0.4,0.5714285714285714,0.5797101449275361,0.5063291139240507,0.5133270023393454,0.8846153846153846,1.3333333333333333,0.07336473529129942,0.10207100591715977,0.28123824555190724,,,,,True
gnn_st_nodemo,post_covid,gnn_st_nodemo,2,neighborhood,AVELLANEDA,flu_season,0.9,IT90,374.7741671132419,26,0.0,0.0,0.0,0.0,0.0,26.0,,,,0.0,,,,,,1.0,,1.2601071443557537e-05,0.0,,,,,,True
gnn_st_nodemo,post_covid,gnn_st_nodemo,2,neighborhood,AVELLANEDA,flu_season,0.98,IT98,490.7992503428019,26,0.0,0.0,0.0,0.0,0.0,26.0,,,,0.0,,,,,,1.0,,1.8528159738518776e-15,0.0,,,,,,True
gnn_st_nodemo,post_covid,gnn_st_nodemo,2,neighborhood,EZEIZA,overall,,bands,,53,,,,,,,,,,,,,,,,,,,,,0.9245283018867925,1.0,0.6394557823129252,-0.03773584905660377,False
gnn_st_nodemo,post_covid,gnn_st_nodemo,2,neighborhood,EZEIZA,overall,0.5,IT50,139.80229436412165,53,5.0,0.09433962264150944,3.0,1.0,2.0,47.0,0.6,0.25,0.75,0.020833333333333332,0.5,0.6666666666666666,0.5791666666666666,0.6361556064073226,0.6408865299081321,0.9433962264150944,0.8,0.038747980973543275,0.08543965824136704,0.5464871726888206,,,,,False
gnn_st_nodemo,post_covid,gnn_st_nodemo,2,neighborhood,EZEIZA,overall,0.9,IT90,180.23131160603506,53,1.0,0.018867924528301886,0.0,0.0,1.0,52.0,0.0,,,0.0,0.0,0.0,0.0,0.0,,0.9811320754716981,0.0,0.015352935852778162,0.018511925952296185,0.17064621518357936,,,,,True
gnn_st_nodemo,post_covid,gnn_st_nodemo,2,neighborhood,EZEIZA,overall,0.98,IT98,212.02965427114694,53,0.0,0.0,0.0,0.0,0.0,53.0,,,,0.0,,,,,,1.0,,7.368498583129321e-05,0.0,,,,,,True
gnn_st_nodemo,post_covid,gnn_st_nodemo,2,neighborhood,EZEIZA,flu_season,,bands,,26,,,,,,,,,,,,,,,,,,,,,0.8461538461538461,1.0,0.6060606060606061,-0.07692307692307693,False
gnn_st_nodemo,post_covid,gnn_st_nodemo,2,neighborhood,EZEIZA,flu_season,0.5,IT50,139.80229436412165,26,5.0,0.19230769230769232,3.0,1.0,2.0,20.0,0.6,0.25,0.75,0.047619047619047616,0.5,0.6666666666666666,0.5523809523809524,0.5979381443298969,0.6033815244679472,0.8846153846153846,0.8,0.07896632530557171,0.15532544378698226,0.49160727708031937,,,,,False
gnn_st_nodemo,post_covid,gnn_st_nodemo,2,neighborhood,EZEIZA,flu_season,0.9,IT90,180.23131160603506,26,1.0,0.038461538461538464,0.0,0.0,1.0,25.0,0.0,,,0.0,0.0,0.0,0.0,0.0,,0.9615384615384616,0.0,0.03129636916029292,0.036982248520710054,0.15374617790567924,,,,,True
gnn_st_nodemo,post_covid,gnn_st_nodemo,2,neighborhood,EZEIZA,flu_season,0.98,IT98,212.02965427114694,26,0.0,0.0,0.0,0.0,0.0,26.0,,,,0.0,,,,,,1.0,,0.00015020400957912805,0.0,,,,,,True
gnn_st_nodemo,post_covid,gnn_st_nodemo,2,neighborhood,FLORENCIO VARELA,overall,,bands,,53,,,,,,,,,,,,,,,,,,,,,0.8867924528301887,1.0,0.5377906976744187,-0.11320754716981132,False
gnn_st_nodemo,post_covid,gnn_st_nodemo,2,neighborhood,FLORENCIO VARELA,overall,0.5,IT50,92.52865090835965,53,8.0,0.1509433962264151,3.0,0.0,5.0,45.0,0.375,0.0,1.0,0.0,0.375,0.5454545454545454,0.375,0.5046728971962616,0.5809475019311126,0.9056603773584906,0.375,0.06029733831669201,0.12815948736205057,0.5295132685233671,,,,,False
gnn_st_nodemo,post_covid,gnn_st_nodemo,2,neighborhood,FLORENCIO VARELA,overall,0.9,IT90,129.20404508235538,53,1.0,0.018867924528301886,0.0,0.0,1.0,52.0,0.0,,,0.0,0.0,0.0,0.0,0.0,,0.9811320754716981,0.0,0.01889912306847795,0.018511925952296185,-0.020916090372203433,,,,,True
gnn_st_nodemo,post_covid,gnn_st_nodemo,2,neighborhood,FLORENCIO VARELA,overall,0.98,IT98,159.96645580277627,53,0.0,0.0,0.0,0.0,0.0,53.0,,,,0.0,,,,,,1.0,,0.0001345450397048894,0.0,,,,,,True
gnn_st_nodemo,post_covid,gnn_st_nodemo,2,neighborhood,FLORENCIO VARELA,flu_season,,bands,,26,,,,,,,,,,,,,,,,,,,,,0.7692307692307693,1.0,0.49677419354838714,-0.23076923076923078,False
gnn_st_nodemo,post_covid,gnn_st_nodemo,2,neighborhood,FLORENCIO VARELA,flu_season,0.5,IT50,92.52865090835965,26,8.0,0.3076923076923077,3.0,0.0,5.0,18.0,0.375,0.0,1.0,0.0,0.375,0.5454545454545454,0.375,0.453781512605042,0.5417363388859614,0.8076923076923077,0.375,0.12289131436634157,0.21301775147928986,0.4230935520024519,,,,,False
gnn_st_nodemo,post_covid,gnn_st_nodemo,2,neighborhood,FLORENCIO VARELA,flu_season,0.9,IT90,129.20404508235538,26,1.0,0.038461538461538464,0.0,0.0,1.0,25.0,0.0,,,0.0,0.0,0.0,0.0,0.0,,0.9615384615384616,0.0,0.03852513547508356,0.036982248520710054,-0.04171966324625953,,,,,True
gnn_st_nodemo,post_covid,gnn_st_nodemo,2,neighborhood,FLORENCIO VARELA,flu_season,0.98,IT98,159.96645580277627,26,0.0,0.0,0.0,0.0,0.0,26.0,,,,0.0,,,,,,1.0,,0.0002742648886291976,0.0,,,,,,True
gnn_st_nodemo,post_covid,gnn_st_nodemo,2,neighborhood,GENERAL SAN MARTÍN,overall,,bands,,53,,,,,,,,,,,,,,,,,,,,,0.9622641509433962,1.0,0.7295918367346939,0.0,False
gnn_st_nodemo,post_covid,gnn_st_nodemo,2,neighborhood,GENERAL SAN MARTÍN,overall,0.5,IT50,77.94711365203958,53,4.0,0.07547169811320754,3.0,1.0,1.0,48.0,0.75,0.25,0.75,0.02040816326530612,0.6,0.75,0.7295918367346939,0.7295918367346939,0.7295918367346939,0.9622641509433962,1.0,0.03582785694664795,0.0697757208971164,0.4865283154942136,,,,,True
gnn_st_nodemo,post_covid,gnn_st_nodemo,2,neighborhood,GENERAL SAN MARTÍN,overall,0.9,IT90,119.50868958439348,53,0.0,0.0,0.0,0.0,0.0,53.0,,,,0.0,,,,,,1.0,,0.00024890071953710636,0.0,,,,,,True
gnn_st_nodemo,post_covid,gnn_st_nodemo,2,neighborhood,GENERAL SAN MARTÍN,overall,0.98,IT98,157.08069982681235,53,0.0,0.0,0.0,0.0,0.0,53.0,,,,0.0,,,,,,1.0,,1.7274672684176883e-08,0.0,,,,,,True
gnn_st_nodemo,post_covid,gnn_st_nodemo,2,neighborhood,GENERAL SAN MARTÍN,flu_season,,bands,,26,,,,,,,,,,,,,,,,,,,,,0.9230769230769231,1.0,0.7045454545454546,0.0,False
gnn_st_nodemo,post_covid,gnn_st_nodemo,2,neighborhood,GENERAL SAN MARTÍN,flu_season,0.5,IT50,77.94711365203958,26,4.0,0.15384615384615385,3.0,1.0,1.0,21.0,0.75,0.25,0.75,0.045454545454545456,0.6,0.75,0.7045454545454546,0.7045454545454546,0.7045454545454546,0.9230769230769231,1.0,0.07233138545664636,0.13017751479289943,0.44436344808303496,,,,,True
gnn_st_nodemo,post_covid,gnn_st_nodemo,2,neighborhood,GENERAL SAN MARTÍN,flu_season,0.9,IT90,119.50868958439348,26,0.0,0.0,0.0,0.0,0.0,26.0,,,,0.0,,,,,,1.0,,0.0005073737171595068,0.0,,,,,,True
gnn_st_nodemo,post_covid,gnn_st_nodemo,2,neighborhood,GENERAL SAN MARTÍN,flu_season,0.98,IT98,157.08069982681235,26,0.0,0.0,0.0,0.0,0.0,26.0,,,,0.0,,,,,,1.0,,3.521375585587422e-08,0.0,,,,,,True
gnn_st_nodemo,post_covid,gnn_st_nodemo,2,neighborhood,JOSÉ C. PAZ,overall,,bands,,53,,,,,,,,,,,,,,,,,,,,,0.6415094339622641,0.9245283018867925,0.5893526618345415,-0.3584905660377358,False
gnn_st_nodemo,post_covid,gnn_st_nodemo,2,neighborhood,JOSÉ C. PAZ,overall,0.5,IT50,222.17859568980776,53,30.0,0.5660377358490566,19.0,1.0,11.0,22.0,0.6333333333333333,0.05,0.95,0.043478260869565216,0.6129032258064516,0.76,0.5898550724637681,0.5613793103448276,0.6031118978702518,0.7735849056603774,0.6666666666666666,0.17603157141764678,0.2456390174439302,0.28337292157656546,,,,,False
gnn_st_nodemo,post_covid,gnn_st_nodemo,2,neighborhood,JOSÉ C. PAZ,overall,0.9,IT90,355.8888420506266,53,11.0,0.20754716981132076,3.0,0.0,8.0,42.0,0.2727272727272727,0.0,1.0,0.0,0.2727272727272727,0.42857142857142855,0.2727272727272727,0.3727810650887574,0.4786344211304793,0.8490566037735849,0.2727272727272727,0.12154812867623443,0.1644713421146316,0.26097685400099047,,,,,False
gnn_st_nodemo,post_covid,gnn_st_nodemo,2,neighborhood,JOSÉ C. PAZ,overall,0.98,IT98,481.06046989083103,53,3.0,0.05660377358490566,1.0,1.0,2.0,49.0,0.3333333333333333,0.5,0.5,0.02,0.25,0.4,0.3133333333333333,0.3715415019762846,0.37997247922358834,0.9433962264150944,0.6666666666666666,0.05577765629299615,0.05339978640085441,-0.044529576846841,,,,,True
gnn_st_nodemo,post_covid,gnn_st_nodemo,2,neighborhood,JOSÉ C. PAZ,flu_season,,bands,,26,,,,,,,,,,,,,,,,,,,,,0.5,0.8461538461538461,0.3407707910750507,-0.5,False
gnn_st_nodemo,post_covid,gnn_st_nodemo,2,neighborhood,JOSÉ C. PAZ,flu_season,0.5,IT50,222.17859568980776,26,24.0,0.9230769230769231,19.0,1.0,5.0,1.0,0.7916666666666666,0.05,0.95,0.5,0.76,0.8636363636363636,0.29166666666666663,0.15217391304347827,0.18446619684315546,0.7692307692307693,0.8333333333333334,0.1418675738965489,0.07100591715976333,-0.9979683323763964,,,,,False
gnn_st_nodemo,post_covid,gnn_st_nodemo,2,neighborhood,JOSÉ C. PAZ,flu_season,0.9,IT90,355.8888420506266,26,11.0,0.4230769230769231,3.0,0.0,8.0,15.0,0.2727272727272727,0.0,1.0,0.0,0.2727272727272727,0.42857142857142855,0.2727272727272727,0.30201342281879195,0.42174116783664994,0.6923076923076923,0.2727272727272727,0.24777118537805645,0.24408284023668633,-0.015111038276158784,,,,,False
gnn_st_nodemo,post_covid,gnn_st_nodemo,2,neighborhood,JOSÉ C. PAZ,flu_season,0.98,IT98,481.06046989083103,26,3.0,0.11538461538461539,1.0,1.0,2.0,22.0,0.3333333333333333,0.5,0.5,0.043478260869565216,0.25,0.4,0.28985507246376807,0.3389830508474576,0.34752402342845795,0.8846153846153846,0.6666666666666666,0.11370060705879984,0.10207100591715977,-0.11393638219925628,,,,,True
gnn_st_nodemo,post_covid,gnn_st_nodemo,2,neighborhood,LA MATANZA,overall,,bands,,53,,,,,,,,,,,,,,,,,,,,,0.8679245283018868,1.0,0.767689417658109,-0.09433962264150944,False
gnn_st_nodemo,post_covid,gnn_st_nodemo,2,neighborhood,LA MATANZA,overall,0.5,IT50,24.512107570850826,53,23.0,0.4339622641509434,19.0,1.0,4.0,29.0,0.8260869565217391,0.05,0.95,0.03333333333333333,0.7916666666666666,0.8837209302325582,0.7927536231884058,0.8050036791758646,0.810570535958299,0.9056603773584906,0.8695652173913043,0.1071687403658774,0.24563901744393019,0.5637145048003629,,,,,False
gnn_st_nodemo,post_covid,gnn_st_nodemo,2,neighborhood,LA MATANZA,overall,0.9,IT90,49.0533041651205,53,2.0,0.03773584905660377,0.0,0.0,2.0,51.0,0.0,,,0.0,0.0,0.0,0.0,0.0,,0.9622641509433962,0.0,0.03699788431769052,0.03631185475258099,-0.01889271616071264,,,,,True
gnn_st_nodemo,post_covid,gnn_st_nodemo,2,neighborhood,LA MATANZA,overall,0.98,IT98,76.45298521130762,53,0.0,0.0,0.0,0.0,0.0,53.0,,,,0.0,,,,,,1.0,,1.1645335183895807e-05,0.0,,,,,,True
gnn_st_nodemo,post_covid,gnn_st_nodemo,2,neighborhood,LA MATANZA,flu_season,,bands,,26,,,,,,,,,,,,,,,,,,,,,0.8076923076923077,1.0,0.5695364238410596,-0.11538461538461539,False
gnn_st_nodemo,post_covid,gnn_st_nodemo,2,neighborhood,LA MATANZA,flu_season,0.5,IT50,24.512107570850826,26,21.0,0.8076923076923077,19.0,1.0,2.0,4.0,0.9047619047619048,0.05,0.95,0.2,0.8636363636363636,0.926829268292683,0.7047619047619047,0.6548672566371682,0.6592443967173135,0.8846153846153846,0.9523809523809523,0.14957897950010932,0.15532544378698226,0.03699628436120106,,,,,False
gnn_st_nodemo,post_covid,gnn_st_nodemo,2,neighborhood,LA MATANZA,flu_season,0.9,IT90,49.0533041651205,26,2.0,0.07692307692307693,0.0,0.0,2.0,24.0,0.0,,,0.0,0.0,0.0,0.0,0.0,,0.9230769230769231,0.0,0.0754180426197823,0.07100591715976333,-0.0621374335619338,,,,,True
gnn_st_nodemo,post_covid,gnn_st_nodemo,2,neighborhood,LA MATANZA,flu_season,0.98,IT98,76.45298521130762,26,0.0,0.0,0.0,0.0,0.0,26.0,,,,0.0,,,,,,1.0,,2.3738567874636155e-05,0.0,,,,,,True
gnn_st_nodemo,post_covid,gnn_st_nodemo,2,neighborhood,LANÚS,overall,,bands,,53,,,,,,,,,,,,,,,,,,,,,0.9622641509433962,1.0,0.7295918367346939,0.0,False
gnn_st_nodemo,post_covid,gnn_st_nodemo,2,neighborhood,LANÚS,overall,0.5,IT50,132.6029855198303,53,4.0,0.07547169811320754,3.0,1.0,1.0,48.0,0.75,0.25,0.75,0.02040816326530612,0.6,0.75,0.7295918367346939,0.7295918367346939,0.7295918367346939,0.9622641509433962,1.0,0.03890532260415558,0.06977572089711641,0.44242320818840297,,,,,True
gnn_st_nodemo,post_covid,gnn_st_nodemo,2,neighborhood,LANÚS,overall,0.9,IT90,190.48996986250967,53,0.0,0.0,0.0,0.0,0.0,53.0,,,,0.0,,,,,,1.0,,0.00025249811781703866,0.0,,,,,,True
gnn_st_nodemo,post_covid,gnn_st_nodemo,2,neighborhood,LANÚS,overall,0.98,IT98,240.1624128185746,53,0.0,0.0,0.0,0.0,0.0,53.0,,,,0.0,,,,,,1.0,,2.9288772448886217e-08,0.0,,,,,,True
gnn_st_nodemo,post_covid,gnn_st_nodemo,2,neighborhood,LANÚS,flu_season,,bands,,26,,,,,,,,,,,,,,,,,,,,,0.9230769230769231,1.0,0.7045454545454546,0.0,False
gnn_st_nodemo,post_covid,gnn_st_nodemo,2,neighborhood,LANÚS,flu_season,0.5,IT50,132.6029855198303,26,4.0,0.15384615384615385,3.0,1.0,1.0,21.0,0.75,0.25,0.75,0.045454545454545456,0.6,0.75,0.7045454545454546,0.7045454545454546,0.7045454545454546,0.9230769230769231,1.0,0.07926735008802413,0.13017751479289943,0.39108262886926926,,,,,True
gnn_st_nodemo,post_covid,gnn_st_nodemo,2,neighborhood,LANÚS,flu_season,0.9,IT90,190.48996986250967,26,0.0,0.0,0.0,0.0,0.0,26.0,,,,0.0,,,,,,1.0,,0.0005147077014606356,0.0,,,,,,True
gnn_st_nodemo,post_covid,gnn_st_nodemo,2,neighborhood,LANÚS,flu_season,0.98,IT98,240.1624128185746,26,0.0,0.0,0.0,0.0,0.0,26.0,,,,0.0,,,,,,1.0,,5.970403614580653e-08,0.0,,,,,,True
gnn_st_nodemo,post_covid,gnn_st_nodemo,2,neighborhood,LOMAS DE ZAMORA,overall,,bands,,41,,,,,,,,,,,,,,,,,,,,,1.0,1.0,,0.0,False
gnn_st_nodemo,post_covid,gnn_st_nodemo,2,neighborhood,LOMAS DE ZAMORA,overall,0.5,IT50,8.281330480989212,41,0.0,0.0,0.0,0.0,0.0,41.0,,,,0.0,,,,,,1.0,,0.0021049950007400956,0.0,,,,,,True
gnn_st_nodemo,post_covid,gnn_st_nodemo,2,neighborhood,LOMAS DE ZAMORA,overall,0.9,IT90,13.281987582112178,41,0.0,0.0,0.0,0.0,0.0,41.0,,,,0.0,,,,,,1.0,,1.5094394139441916e-05,0.0,,,,,,True
gnn_st_nodemo,post_covid,gnn_st_nodemo,2,neighborhood,LOMAS DE ZAMORA,overall,0.98,IT98,17.968039817353144,41,0.0,0.0,0.0,0.0,0.0,41.0,,,,0.0,,,,,,1.0,,2.6793727295679985e-08,0.0,,,,,,True
gnn_st_nodemo,post_covid,gnn_st_nodemo,2,neighborhood,LOMAS DE ZAMORA,flu_season,,bands,,26,,,,,,,,,,,,,,,,,,,,,1.0,1.0,,0.0,False
gnn_st_nodemo,post_covid,gnn_st_nodemo,2,neighborhood,LOMAS DE ZAMORA,flu_season,0.5,IT50,8.281330480989212,26,0.0,0.0,0.0,0.0,0.0,26.0,,,,0.0,,,,,,1.0,,0.0032726086007634635,0.0,,,,,,True
gnn_st_nodemo,post_covid,gnn_st_nodemo,2,neighborhood,LOMAS DE ZAMORA,flu_season,0.9,IT90,13.281987582112178,26,0.0,0.0,0.0,0.0,0.0,26.0,,,,0.0,,,,,,1.0,,2.3798248981253754e-05,0.0,,,,,,True
gnn_st_nodemo,post_covid,gnn_st_nodemo,2,neighborhood,LOMAS DE ZAMORA,flu_season,0.98,IT98,17.968039817353144,26,0.0,0.0,0.0,0.0,0.0,26.0,,,,0.0,,,,,,1.0,,4.2251628578178404e-08,0.0,,,,,,True
gnn_st_nodemo,post_covid,gnn_st_nodemo,2,neighborhood,MALVINAS ARGENTINAS,overall,,bands,,53,,,,,,,,,,,,,,,,,,,,,0.8301886792452831,0.9245283018867925,0.6134074331365058,-0.09433962264150944,False
gnn_st_nodemo,post_covid,gnn_st_nodemo,2,neighborhood,MALVINAS ARGENTINAS,overall,0.5,IT50,19.75908456675979,53,12.0,0.22641509433962265,8.0,2.0,4.0,39.0,0.6666666666666666,0.2,0.8,0.04878048780487805,0.5714285714285714,0.7272727272727273,0.6178861788617885,0.6565874730021598,0.6609320381168282,0.8867924528301887,0.8333333333333334,0.10422833361286597,0.17515129939480242,0.404924005856625,,,,,False
gnn_st_nodemo,post_covid,gnn_st_nodemo,2,neighborhood,MALVINAS ARGENTINAS,overall,0.9,IT90,75.76432319476002,53,9.0,0.16981132075471697,4.0,2.0,5.0,42.0,0.4444444444444444,0.3333333333333333,0.6666666666666666,0.045454545454545456,0.36363636363636365,0.5333333333333333,0.39898989898989895,0.45997088791848617,0.47280813450930637,0.8679245283018868,0.6666666666666666,0.10187228295939728,0.14097543609825564,0.2773756494117503,,,,,False
gnn_st_nodemo,post_covid,gnn_st_nodemo,2,neighborhood,MALVINAS ARGENTINAS,overall,0.98,IT98,178.99536057166898,53,0.0,0.0,0.0,0.0,0.0,53.0,,,,0.0,,,,,,1.0,,3.8518130431806295e-08,0.0,,,,,,True
gnn_st_nodemo,post_covid,gnn_st_nodemo,2,neighborhood,MALVINAS ARGENTINAS,flu_season,,bands,,26,,,,,,,,,,,,,,,,,,,,,0.6538461538461539,0.8461538461538461,0.4897196261682243,-0.19230769230769232,False
gnn_st_nodemo,post_covid,gnn_st_nodemo,2,neighborhood,MALVINAS ARGENTINAS,flu_season,0.5,IT50,19.75908456675979,26,12.0,0.46153846153846156,8.0,2.0,4.0,12.0,0.6666666666666666,0.2,0.8,0.14285714285714285,0.5714285714285714,0.7272727272727273,0.5238095238095237,0.5301204819277109,0.5367450401216932,0.7692307692307693,0.8333333333333334,0.20961335039878357,0.24852071005917165,0.15655580434775196,,,,,False
gnn_st_nodemo,post_covid,gnn_st_nodemo,2,neighborhood,MALVINAS ARGENTINAS,flu_season,0.9,IT90,75.76432319476002,26,9.0,0.34615384615384615,4.0,2.0,5.0,15.0,0.4444444444444444,0.3333333333333333,0.6666666666666666,0.11764705882352941,0.36363636363636365,0.5333333333333333,0.326797385620915,0.3546099290780142,0.36900620230837305,0.7307692307692307,0.6666666666666666,0.20766273064800214,0.22633136094674555,0.08248362145065713,,,,,False
gnn_st_nodemo,post_covid,gnn_st_nodemo,2,neighborhood,MALVINAS ARGENTINAS,flu_season,0.98,IT98,178.99536057166898,26,0.0,0.0,0.0,0.0,0.0,26.0,,,,0.0,,,,,,1.0,,7.851772741868205e-08,0.0,,,,,,True
gnn_st_nodemo,post_covid,gnn_st_nodemo,2,neighborhood,MERLO,overall,,bands,,53,,,,,,,,,,,,,,,,,,,,,1.0,1.0,,0.0,False
gnn_st_nodemo,post_covid,gnn_st_nodemo,2,neighborhood,MERLO,overall,0.5,IT50,93.32449393075508,53,0.0,0.0,0.0,0.0,0.0,53.0,,,,0.0,,,,,,1.0,,2.5607200941088486e-05,0.0,,,,,,True
gnn_st_nodemo,post_covid,gnn_st_nodemo,2,neighborhood,MERLO,overall,0.9,IT90,164.5170716895135,53,0.0,0.0,0.0,0.0,0.0,53.0,,,,0.0,,,,,,1.0,,2.594339903441419e-19,0.0,,,,,,True
gnn_st_nodemo,post_covid,gnn_st_nodemo,2,neighborhood,MERLO,overall,0.98,IT98,236.4333757518645,53,0.0,0.0,0.0,0.0,0.0,53.0,,,,0.0,,,,,,1.0,,0.0,0.0,,,,,,True
gnn_st_nodemo,post_covid,gnn_st_nodemo,2,neighborhood,MERLO,flu_season,,bands,,26,,,,,,,,,,,,,,,,,,,,,1.0,1.0,,0.0,False
gnn_st_nodemo,post_covid,gnn_st_nodemo,2,neighborhood,MERLO,flu_season,0.5,IT50,93.32449393075508,26,0.0,0.0,0.0,0.0,0.0,26.0,,,,0.0,,,,,,1.0,,5.2199294226064986e-05,0.0,,,,,,True
gnn_st_nodemo,post_covid,gnn_st_nodemo,2,neighborhood,MERLO,flu_season,0.9,IT90,164.5170716895135,26,0.0,0.0,0.0,0.0,0.0,26.0,,,,0.0,,,,,,1.0,,5.288462110861354e-19,0.0,,,,,,True
gnn_st_nodemo,post_covid,gnn_st_nodemo,2,neighborhood,MERLO,flu_season,0.98,IT98,236.4333757518645,26,0.0,0.0,0.0,0.0,0.0,26.0,,,,0.0,,,,,,1.0,,0.0,0.0,,,,,,True
gnn_st_nodemo,post_covid,gnn_st_nodemo,2,neighborhood,MORENO,overall,,bands,,53,,,,,,,,,,,,,,,,,,,,,0.8679245283018868,1.0,0.6690454950936664,-0.05660377358490566,False
gnn_st_nodemo,post_covid,gnn_st_nodemo,2,neighborhood,MORENO,overall,0.5,IT50,101.79720605127496,53,16.0,0.3018867924528302,11.0,2.0,5.0,35.0,0.6875,0.15384615384615385,0.8461538461538461,0.05405405405405406,0.6111111111111112,0.7586206896551724,0.6334459459459459,0.6690454950936664,0.6758786727286786,0.8679245283018868,0.8125,0.09390464368980223,0.21075115699537209,0.554428810600246,,,,,False
gnn_st_nodemo,post_covid,gnn_st_nodemo,2,neighborhood,MORENO,overall,0.9,IT90,214.46725243408844,53,0.0,0.0,0.0,0.0,0.0,53.0,,,,0.0,,,,,,1.0,,1.803678390258312e-06,0.0,,,,,,True
gnn_st_nodemo,post_covid,gnn_st_nodemo,2,neighborhood,MORENO,overall,0.98,IT98,345.44262322711484,53,0.0,0.0,0.0,0.0,0.0,53.0,,,,0.0,,,,,,1.0,,1.876315268007854e-26,0.0,,,,,,True
gnn_st_nodemo,post_covid,gnn_st_nodemo,2,neighborhood,MORENO,flu_season,,bands,,26,,,,,,,,,,,,,,,,,,,,,0.7307692307692307,1.0,0.46153846153846156,-0.11538461538461539,False
gnn_st_nodemo,post_covid,gnn_st_nodemo,2,neighborhood,MORENO,flu_season,0.5,IT50,101.79720605127496,26,16.0,0.6153846153846154,11.0,2.0,5.0,8.0,0.6875,0.15384615384615385,0.8461538461538461,0.2,0.6111111111111112,0.7586206896551724,0.4875,0.46153846153846156,0.4743416490252569,0.7307692307692307,0.8125,0.1914118455807496,0.2366863905325444,0.19128495242133292,,,,,False
gnn_st_nodemo,post_covid,gnn_st_nodemo,2,neighborhood,MORENO,flu_season,0.9,IT90,214.46725243408844,26,0.0,0.0,0.0,0.0,0.0,26.0,,,,0.0,,,,,,1.0,,3.67672902629579e-06,0.0,,,,,,True
gnn_st_nodemo,post_covid,gnn_st_nodemo,2,neighborhood,MORENO,flu_season,0.98,IT98,345.44262322711484,26,0.0,0.0,0.0,0.0,0.0,26.0,,,,0.0,,,,,,1.0,,3.824796507862164e-26,0.0,,,,,,True
gnn_st_nodemo,post_covid,gnn_st_nodemo,2,neighborhood,MORÓN,overall,,bands,,53,,,,,,,,,,,,,,,,,,,,,0.9056603773584906,1.0,0.5619834710743803,-0.018867924528301886,False
gnn_st_nodemo,post_covid,gnn_st_nodemo,2,neighborhood,MORÓN,overall,0.5,IT50,28.847000469649124,53,7.0,0.1320754716981132,4.0,2.0,3.0,44.0,0.5714285714285714,0.3333333333333333,0.6666666666666666,0.043478260869565216,0.4444444444444444,0.6153846153846154,0.5279503105590062,0.5619834710743802,0.5641523887327573,0.9056603773584906,0.8571428571428571,0.08256798212849302,0.1146315414738341,0.2797097459660345,,,,,False
gnn_st_nodemo,post_covid,gnn_st_nodemo,2,neighborhood,MORÓN,overall,0.9,IT90,57.29975452086349,53,0.0,0.0,0.0,0.0,0.0,53.0,,,,0.0,,,,,,1.0,,0.0006430764511791066,0.0,,,,,,True
gnn_st_nodemo,post_covid,gnn_st_nodemo,2,neighborhood,MORÓN,overall,0.98,IT98,88.88106833465432,53,0.0,0.0,0.0,0.0,0.0,53.0,,,,0.0,,,,,,1.0,,2.3103318739034914e-08,0.0,,,,,,True
gnn_st_nodemo,post_covid,gnn_st_nodemo,2,neighborhood,MORÓN,flu_season,,bands,,26,,,,,,,,,,,,,,,,,,,,,0.8076923076923077,1.0,0.4881889763779528,-0.038461538461538464,False
gnn_st_nodemo,post_covid,gnn_st_nodemo,2,neighborhood,MORÓN,flu_season,0.5,IT50,28.847000469649124,26,7.0,0.2692307692307692,4.0,2.0,3.0,17.0,0.5714285714285714,0.3333333333333333,0.6666666666666666,0.10526315789473684,0.4444444444444444,0.6153846153846154,0.46616541353383456,0.4881889763779528,0.49076687981751027,0.8076923076923077,0.8571428571428571,0.16181799909188832,0.19674556213017758,0.1775265610066431,,,,,False
gnn_st_nodemo,post_covid,gnn_st_nodemo,2,neighborhood,MORÓN,flu_season,0.9,IT90,57.29975452086349,26,0.0,0.0,0.0,0.0,0.0,26.0,,,,0.0,,,,,,1.0,,0.0013108856558461596,0.0,,,,,,True
gnn_st_nodemo,post_covid,gnn_st_nodemo,2,neighborhood,MORÓN,flu_season,0.98,IT98,88.88106833465432,26,0.0,0.0,0.0,0.0,0.0,26.0,,,,0.0,,,,,,1.0,,4.70952266603404e-08,0.0,,,,,,True
gnn_st_nodemo,post_covid,gnn_st_nodemo,2,neighborhood,QUILMES,overall,,bands,,53,,,,,,,,,,,,,,,,,,,,,1.0,1.0,,0.0,False
gnn_st_nodemo,post_covid,gnn_st_nodemo,2,neighborhood,QUILMES,overall,0.5,IT50,46.34689792435932,53,0.0,0.0,0.0,0.0,0.0,53.0,,,,0.0,,,,,,1.0,,0.012347246713085467,0.0,,,,,,True
gnn_st_nodemo,post_covid,gnn_st_nodemo,2,neighborhood,QUILMES,overall,0.9,IT90,80.98262048145082,53,0.0,0.0,0.0,0.0,0.0,53.0,,,,0.0,,,,,,1.0,,9.615833886707657e-08,0.0,,,,,,True
gnn_st_nodemo,post_covid,gnn_st_nodemo,2,neighborhood,QUILMES,overall,0.98,IT98,115.72591322033615,53,0.0,0.0,0.0,0.0,0.0,53.0,,,,0.0,,,,,,1.0,,1.747166381394047e-17,0.0,,,,,,True
gnn_st_nodemo,post_covid,gnn_st_nodemo,2,neighborhood,QUILMES,flu_season,,bands,,26,,,,,,,,,,,,,,,,,,,,,1.0,1.0,,0.0,False
gnn_st_nodemo,post_covid,gnn_st_nodemo,2,neighborhood,QUILMES,flu_season,0.5,IT50,46.34689792435932,26,0.0,0.0,0.0,0.0,0.0,26.0,,,,0.0,,,,,,1.0,,0.023568037724071494,0.0,,,,,,True
gnn_st_nodemo,post_covid,gnn_st_nodemo,2,neighborhood,QUILMES,flu_season,0.9,IT90,80.98262048145082,26,0.0,0.0,0.0,0.0,0.0,26.0,,,,0.0,,,,,,1.0,,1.9458843907079912e-07,0.0,,,,,,True
gnn_st_nodemo,post_covid,gnn_st_nodemo,2,neighborhood,QUILMES,flu_season,0.98,IT98,115.72591322033615,26,0.0,0.0,0.0,0.0,0.0,26.0,,,,0.0,,,,,,1.0,,3.561189292818163e-17,0.0,,,,,,True
gnn_st_nodemo,post_covid,gnn_st_nodemo,2,neighborhood,SAN ISIDRO,overall,,bands,,50,,,,,,,,,,,,,,,,,,,,,1.0,1.0,,0.0,False
gnn_st_nodemo,post_covid,gnn_st_nodemo,2,neighborhood,SAN ISIDRO,overall,0.5,IT50,31.02709117627285,50,0.0,0.0,0.0,0.0,0.0,50.0,,,,0.0,,,,,,1.0,,0.006654564682957966,0.0,,,,,,True
gnn_st_nodemo,post_covid,gnn_st_nodemo,2,neighborhood,SAN ISIDRO,overall,0.9,IT90,61.06994953059092,50,0.0,0.0,0.0,0.0,0.0,50.0,,,,0.0,,,,,,1.0,,1.4396059186205328e-07,0.0,,,,,,True
gnn_st_nodemo,post_covid,gnn_st_nodemo,2,neighborhood,SAN ISIDRO,overall,0.98,IT98,94.17754601713678,50,0.0,0.0,0.0,0.0,0.0,50.0,,,,0.0,,,,,,1.0,,1.8566994596759198e-18,0.0,,,,,,True
gnn_st_nodemo,post_covid,gnn_st_nodemo,2,neighborhood,SAN ISIDRO,flu_season,,bands,,26,,,,,,,,,,,,,,,,,,,,,1.0,1.0,,0.0,False
gnn_st_nodemo,post_covid,gnn_st_nodemo,2,neighborhood,SAN ISIDRO,flu_season,0.5,IT50,31.02709117627285,26,0.0,0.0,0.0,0.0,0.0,26.0,,,,0.0,,,,,,1.0,,0.010175484847857887,0.0,,,,,,True
gnn_st_nodemo,post_covid,gnn_st_nodemo,2,neighborhood,SAN ISIDRO,flu_season,0.9,IT90,61.06994953059092,26,0.0,0.0,0.0,0.0,0.0,26.0,,,,0.0,,,,,,1.0,,2.7449541045195206e-07,0.0,,,,,,True
gnn_st_nodemo,post_covid,gnn_st_nodemo,2,neighborhood,SAN ISIDRO,flu_season,0.98,IT98,94.17754601713678,26,0.0,0.0,0.0,0.0,0.0,26.0,,,,0.0,,,,,,1.0,,3.570538302002333e-18,0.0,,,,,,True
gnn_st_nodemo,post_covid,gnn_st_nodemo,2,neighborhood,SAN MIGUEL,overall,,bands,,53,,,,,,,,,,,,,,,,,,,,,0.7924528301886793,0.9433962264150944,0.8329129886506936,-0.22641509433962265,False
gnn_st_nodemo,post_covid,gnn_st_nodemo,2,neighborhood,SAN MIGUEL,overall,0.5,IT50,41.72536470891113,53,21.0,0.39622641509433965,17.0,1.0,4.0,31.0,0.8095238095238095,0.05555555555555555,0.9444444444444444,0.03125,0.7727272727272727,0.8717948717948718,0.7782738095238095,0.7978642257818459,0.8037977341533646,0.9056603773584906,0.8571428571428571,0.08384297439306686,0.2392310430758277,0.6495313763837429,,,,,False
gnn_st_nodemo,post_covid,gnn_st_nodemo,2,neighborhood,SAN MIGUEL,overall,0.9,IT90,54.8832873966512,53,13.0,0.24528301886792453,9.0,0.0,4.0,40.0,0.6923076923076923,0.0,1.0,0.0,0.6923076923076923,0.8181818181818182,0.6923076923076923,0.7725321888412017,0.7933288280219176,0.9245283018867925,0.6923076923076923,0.07444543589663997,0.18511925952296196,0.597851481858343,,,,,False
gnn_st_nodemo,post_covid,gnn_st_nodemo,2,neighborhood,SAN MIGUEL,overall,0.98,IT98,65.40139686030513,53,9.0,0.16981132075471697,4.0,0.0,5.0,44.0,0.4444444444444444,0.0,1.0,0.0,0.4444444444444444,0.6153846153846154,0.4444444444444444,0.5705024311183144,0.6317380553057905,0.9056603773584906,0.4444444444444444,0.0727161106414629,0.14097543609825564,0.4841930434548757,,,,,False
gnn_st_nodemo,post_covid,gnn_st_nodemo,2,neighborhood,SAN MIGUEL,flu_season,,bands,,26,,,,,,,,,,,,,,,,,,,,,0.6153846153846154,0.8846153846153846,0.7676387582314206,-0.4230769230769231,False
gnn_st_nodemo,post_covid,gnn_st_nodemo,2,neighborhood,SAN MIGUEL,flu_season,0.5,IT50,41.72536470891113,26,16.0,0.6153846153846154,12.0,1.0,4.0,9.0,0.75,0.07692307692307693,0.9230769230769231,0.1,0.7058823529411765,0.8275862068965517,0.65,0.6153846153846154,0.6324555320336759,0.8076923076923077,0.8125,0.15352547002645373,0.2366863905325444,0.3513548891382331,,,,,False
gnn_st_nodemo,post_covid,gnn_st_nodemo,2,neighborhood,SAN MIGUEL,flu_season,0.9,IT90,54.8832873966512,26,11.0,0.4230769230769231,8.0,0.0,3.0,15.0,0.7272727272727273,0.0,1.0,0.0,0.7272727272727273,0.8421052631578947,0.7272727272727273,0.7547169811320755,0.778498944161523,0.8846153846153846,0.7272727272727273,0.11271350862494461,0.24408284023668633,0.5382161707244693,,,,,False
gnn_st_nodemo,post_covid,gnn_st_nodemo,2,neighborhood,SAN MIGUEL,flu_season,0.98,IT98,65.40139686030513,26,9.0,0.34615384615384615,4.0,0.0,5.0,17.0,0.4444444444444444,0.0,1.0,0.0,0.4444444444444444,0.6153846153846154,0.4444444444444444,0.5112781954887218,0.5860327153276884,0.8076923076923077,0.4444444444444444,0.13736183753616169,0.22633136094674558,0.39309410343499807,,,,,False
gnn_st_nodemo,post_covid,gnn_st_nodemo,2,neighborhood,TIGRE,overall,,bands,,53,,,,,,,,,,,,,,,,,,,,,0.9056603773584906,1.0,0.49715370018975336,-0.05660377358490566,False
gnn_st_nodemo,post_covid,gnn_st_nodemo,2,neighborhood,TIGRE,overall,0.5,IT50,22.292181427607932,53,7.0,0.1320754716981132,3.0,1.0,4.0,45.0,0.42857142857142855,0.25,0.75,0.021739130434782608,0.375,0.5454545454545454,0.40683229813664595,0.4971537001897533,0.5214531846240801,0.9056603773584906,0.5714285714285714,0.0486565583735254,0.1146315414738341,0.5755395264868545,,,,,False
gnn_st_nodemo,post_covid,gnn_st_nodemo,2,neighborhood,TIGRE,overall,0.9,IT90,51.59902428823632,53,0.0,0.0,0.0,0.0,0.0,53.0,,,,0.0,,,,,,1.0,,4.662194900188873e-05,0.0,,,,,,True
gnn_st_nodemo,post_covid,gnn_st_nodemo,2,neighborhood,TIGRE,overall,0.98,IT98,88.26651373174553,53,0.0,0.0,0.0,0.0,0.0,53.0,,,,0.0,,,,,,1.0,,8.084713835331298e-14,0.0,,,,,,True
gnn_st_nodemo,post_covid,gnn_st_nodemo,2,neighborhood,TIGRE,flu_season,,bands,,26,,,,,,,,,,,,,,,,,,,,,0.8076923076923077,1.0,0.4347826086956522,-0.11538461538461539,False
gnn_st_nodemo,post_covid,gnn_st_nodemo,2,neighborhood,TIGRE,flu_season,0.5,IT50,22.292181427607932,26,7.0,0.2692307692307692,3.0,1.0,4.0,18.0,0.42857142857142855,0.25,0.75,0.05263157894736842,0.375,0.5454545454545454,0.37593984962406013,0.43478260869565216,0.46217116665408475,0.8076923076923077,0.5714285714285714,0.09918266676380226,0.19674556213017758,0.4958835884787195,,,,,False
gnn_st_nodemo,post_covid,gnn_st_nodemo,2,neighborhood,TIGRE,flu_season,0.9,IT90,51.59902428823632,26,0.0,0.0,0.0,0.0,0.0,26.0,,,,0.0,,,,,,1.0,,9.503704988846549e-05,0.0,,,,,,True
gnn_st_nodemo,post_covid,gnn_st_nodemo,2,neighborhood,TIGRE,flu_season,0.98,IT98,88.26651373174553,26,0.0,0.0,0.0,0.0,0.0,26.0,,,,0.0,,,,,,1.0,,1.6480378202790723e-13,0.0,,,,,,True
gnn_st_nodemo,post_covid,gnn_st_nodemo,2,neighborhood,TRES DE FEBRERO,overall,,bands,,53,,,,,,,,,,,,,,,,,,,,,0.9433962264150944,1.0,-0.025806451612902848,-0.018867924528301886,False
gnn_st_nodemo,post_covid,gnn_st_nodemo,2,neighborhood,TRES DE FEBRERO,overall,0.5,IT50,92.40050209783404,53,2.0,0.03773584905660377,0.0,1.0,2.0,50.0,0.0,1.0,0.0,0.0196078431372549,0.0,0.0,-0.0196078431372549,-0.025806451612903226,-0.027461751819054487,0.9433962264150944,0.5,0.03504054704847178,0.03631185475258099,0.035010817067085975,,,,,True
gnn_st_nodemo,post_covid,gnn_st_nodemo,2,neighborhood,TRES DE FEBRERO,overall,0.9,IT90,150.5622822202344,53,0.0,0.0,0.0,0.0,0.0,53.0,,,,0.0,,,,,,1.0,,2.3735743978666873e-06,0.0,,,,,,True
gnn_st_nodemo,post_covid,gnn_st_nodemo,2,neighborhood,TRES DE FEBRERO,overall,0.98,IT98,205.7567466717726,53,0.0,0.0,0.0,0.0,0.0,53.0,,,,0.0,,,,,,1.0,,2.222938747717736e-14,0.0,,,,,,True
gnn_st_nodemo,post_covid,gnn_st_nodemo,2,neighborhood,TRES DE FEBRERO,flu_season,,bands,,26,,,,,,,,,,,,,,,,,,,,,0.8846153846153846,1.0,-0.05405405405405417,-0.038461538461538464,False
gnn_st_nodemo,post_covid,gnn_st_nodemo,2,neighborhood,TRES DE FEBRERO,flu_season,0.5,IT50,92.40050209783404,26,2.0,0.07692307692307693,0.0,1.0,2.0,23.0,0.0,1.0,0.0,0.041666666666666664,0.0,0.0,-0.041666666666666664,-0.05405405405405406,-0.05773502691896257,0.8846153846153846,0.5,0.07142794972413098,0.07100591715976333,-0.005943625281511045,,,,,True
gnn_st_nodemo,post_covid,gnn_st_nodemo,2,neighborhood,TRES DE FEBRERO,flu_season,0.9,IT90,150.5622822202344,26,0.0,0.0,0.0,0.0,0.0,26.0,,,,0.0,,,,,,1.0,,4.838440118728246e-06,0.0,,,,,,True
gnn_st_nodemo,post_covid,gnn_st_nodemo,2,neighborhood,TRES DE FEBRERO,flu_season,0.98,IT98,205.7567466717726,26,0.0,0.0,0.0,0.0,0.0,26.0,,,,0.0,,,,,,1.0,,4.531375139578462e-14,0.0,,,,,,True
gnn_st_nodemo,post_covid,gnn_st_nodemo,2,neighborhood,VICENTE LÓPEZ,overall,,bands,,53,,,,,,,,,,,,,,,,,,,,,0.9622641509433962,1.0,-0.01923076923076894,0.0,False
gnn_st_nodemo,post_covid,gnn_st_nodemo,2,neighborhood,VICENTE LÓPEZ,overall,0.5,IT50,105.82113989675452,53,1.0,0.018867924528301886,0.0,1.0,1.0,51.0,0.0,1.0,0.0,0.019230769230769232,0.0,0.0,-0.019230769230769232,-0.019230769230769232,-0.019230769230769232,0.9622641509433962,1.0,0.027316025265630945,0.018511925952296185,-0.47559067252225673,,,,,True
gnn_st_nodemo,post_covid,gnn_st_nodemo,2,neighborhood,VICENTE LÓPEZ,overall,0.9,IT90,168.616011392644,53,0.0,0.0,0.0,0.0,0.0,53.0,,,,0.0,,,,,,1.0,,2.454550296217502e-06,0.0,,,,,,True
gnn_st_nodemo,post_covid,gnn_st_nodemo,2,neighborhood,VICENTE LÓPEZ,overall,0.98,IT98,227.1548194913809,53,0.0,0.0,0.0,0.0,0.0,53.0,,,,0.0,,,,,,1.0,,2.8849101916807324e-14,0.0,,,,,,True
gnn_st_nodemo,post_covid,gnn_st_nodemo,2,neighborhood,VICENTE LÓPEZ,flu_season,,bands,,26,,,,,,,,,,,,,,,,,,,,,0.9230769230769231,1.0,-0.040000000000000036,0.0,False
gnn_st_nodemo,post_covid,gnn_st_nodemo,2,neighborhood,VICENTE LÓPEZ,flu_season,0.5,IT50,105.82113989675452,26,1.0,0.038461538461538464,0.0,1.0,1.0,24.0,0.0,1.0,0.0,0.04,0.0,0.0,-0.04,-0.04,-0.04,0.9230769230769231,1.0,0.05568266688763228,0.036982248520710054,-0.5056593126415772,,,,,True
gnn_st_nodemo,post_covid,gnn_st_nodemo,2,neighborhood,VICENTE LÓPEZ,flu_season,0.9,IT90,168.616011392644,26,0.0,0.0,0.0,0.0,0.0,26.0,,,,0.0,,,,,,1.0,,5.003506373058753e-06,0.0,,,,,,True
gnn_st_nodemo,post_covid,gnn_st_nodemo,2,neighborhood,VICENTE LÓPEZ,flu_season,0.98,IT98,227.1548194913809,26,0.0,0.0,0.0,0.0,0.0,26.0,,,,0.0,,,,,,1.0,,5.880778467656878e-14,0.0,,,,,,True
lstm,post_covid,lstm,2,citywide,CITYWIDE,overall,,bands,,53,,,,,,,,,,,,,,,,,,,,,0.8490566037735849,0.9433962264150944,0.0,-0.22641509433962265,False
lstm,post_covid,lstm,2,citywide,CITYWIDE,overall,0.5,IT50,77.06642887231719,53,8.0,0.1509433962264151,0.0,0.0,8.0,45.0,0.0,,,0.0,0.0,0.0,0.0,0.0,,0.8490566037735849,0.0,0.11228753687534634,0.12815948736205057,0.12384530254764492,,,,,False
lstm,post_covid,lstm,2,citywide,CITYWIDE,overall,0.9,IT90,97.46007981062509,53,3.0,0.05660377358490566,0.0,0.0,3.0,50.0,0.0,,,0.0,0.0,0.0,0.0,0.0,,0.9433962264150944,0.0,0.05494061796807163,0.05339978640085441,-0.028854639148754302,,,,,True
lstm,post_covid,lstm,2,citywide,CITYWIDE,overall,0.98,IT98,113.25281678189309,53,1.0,0.018867924528301886,0.0,0.0,1.0,52.0,0.0,,,0.0,0.0,0.0,0.0,0.0,,0.9811320754716981,0.0,0.018993969668961788,0.018511925952296185,-0.02603963077141702,,,,,True
lstm,post_covid,lstm,2,citywide,CITYWIDE,flu_season,,bands,,26,,,,,,,,,,,,,,,,,,,,,0.6923076923076923,0.8846153846153846,0.0,-0.46153846153846156,False
lstm,post_covid,lstm,2,citywide,CITYWIDE,flu_season,0.5,IT50,77.06642887231719,26,8.0,0.3076923076923077,0.0,0.0,8.0,18.0,0.0,,,0.0,0.0,0.0,0.0,0.0,,0.6923076923076923,0.0,0.21234453007957768,0.21301775147928986,0.00316040045975996,,,,,False
lstm,post_covid,lstm,2,citywide,CITYWIDE,flu_season,0.9,IT90,97.46007981062509,26,3.0,0.11538461538461539,0.0,0.0,3.0,23.0,0.0,,,0.0,0.0,0.0,0.0,0.0,,0.8846153846153846,0.0,0.10909687544962916,0.10207100591715977,-0.06883315657897549,,,,,True
lstm,post_covid,lstm,2,citywide,CITYWIDE,flu_season,0.98,IT98,113.25281678189309,26,1.0,0.038461538461538464,0.0,0.0,1.0,25.0,0.0,,,0.0,0.0,0.0,0.0,0.0,,0.9615384615384616,0.0,0.03813830011963747,0.036982248520710054,-0.031259635234997196,,,,,True
lstm,post_covid,lstm,2,pooled,ALL,overall,,bands,,992,,,,,,,,,,,,,,,,,,,,,0.8639112903225806,0.9627016129032258,0.0960548885077187,-0.1532258064516129,False
lstm,post_covid,lstm,2,pooled,ALL,overall,0.5,IT50,,992,143.0,0.14415322580645162,24.0,16.0,119.0,833.0,0.16783216783216784,0.4,0.6,0.01884570082449941,0.1509433962264151,0.26229508196721313,0.14898646700766843,0.21267989841030946,0.26602363020724773,0.8639112903225806,0.27972027972027974,0.13491426494020703,0.12337307329604581,-0.09354708718706384,,,,,False
lstm,post_covid,lstm,2,pooled,ALL,overall,0.9,IT90,,992,37.0,0.037298387096774195,0.0,0.0,37.0,955.0,0.0,,,0.0,0.0,0.0,0.0,0.0,,0.9627016129032258,0.0,0.04611979449255956,0.03590721741675338,-0.28441571947151933,,,,,False
lstm,post_covid,lstm,2,pooled,ALL,overall,0.98,IT98,,992,12.0,0.012096774193548387,0.0,0.0,12.0,980.0,0.0,,,0.0,0.0,0.0,0.0,0.0,,0.9879032258064516,0.0,0.016609176374238494,0.011950442247658686,-0.38983780098117626,,,,,False
lstm,post_covid,lstm,2,pooled,ALL,flu_season,,bands,,494,,,,,,,,,,,,,,,,,,,,,0.7550607287449392,0.9291497975708503,0.06552020636285483,-0.2793522267206478,False
lstm,post_covid,lstm,2,pooled,ALL,flu_season,0.5,IT50,,494,130.0,0.2631578947368421,24.0,15.0,106.0,349.0,0.18461538461538463,0.38461538461538464,0.6153846153846154,0.04120879120879121,0.16551724137931034,0.28402366863905326,0.14340659340659342,0.18504076568592698,0.23418198639795218,0.7550607287449392,0.3,0.20429126042332016,0.19390581717451527,-0.0535592144688366,,,,,False
lstm,post_covid,lstm,2,pooled,ALL,flu_season,0.9,IT90,,494,35.0,0.0708502024291498,0.0,0.0,35.0,459.0,0.0,,,0.0,0.0,0.0,0.0,0.0,,0.9291497975708503,0.0,0.07890690736030635,0.06583045124489831,-0.19863840924865972,,,,,False
lstm,post_covid,lstm,2,pooled,ALL,flu_season,0.98,IT98,,494,12.0,0.024291497975708502,0.0,0.0,12.0,482.0,0.0,,,0.0,0.0,0.0,0.0,0.0,,0.9757085020242915,0.0,0.02768948382698825,0.02370142110180466,-0.16826259944725153,,,,,False
lstm,post_covid,lstm,2,neighborhood,ALMIRANTE BROWN,overall,,bands,,53,,,,,,,,,,,,,,,,,,,,,1.0,1.0,,0.0,False
lstm,post_covid,lstm,2,neighborhood,ALMIRANTE BROWN,overall,0.5,IT50,45.51198712694632,53,0.0,0.0,0.0,0.0,0.0,53.0,,,,0.0,,,,,,1.0,,0.10766239290829882,0.0,,,,,,True
lstm,post_covid,lstm,2,neighborhood,ALMIRANTE BROWN,overall,0.9,IT90,59.3327355509796,53,0.0,0.0,0.0,0.0,0.0,53.0,,,,0.0,,,,,,1.0,,0.04942064271109545,0.0,,,,,,True
lstm,post_covid,lstm,2,neighborhood,ALMIRANTE BROWN,overall,0.98,IT98,70.30154029606965,53,0.0,0.0,0.0,0.0,0.0,53.0,,,,0.0,,,,,,1.0,,0.02379833575805243,0.0,,,,,,True
lstm,post_covid,lstm,2,neighborhood,ALMIRANTE BROWN,flu_season,,bands,,26,,,,,,,,,,,,,,,,,,,,,1.0,1.0,,0.0,False
lstm,post_covid,lstm,2,neighborhood,ALMIRANTE BROWN,flu_season,0.5,IT50,45.51198712694632,26,0.0,0.0,0.0,0.0,0.0,26.0,,,,0.0,,,,,,1.0,,0.16572135804477653,0.0,,,,,,True
lstm,post_covid,lstm,2,neighborhood,ALMIRANTE BROWN,flu_season,0.9,IT90,59.3327355509796,26,0.0,0.0,0.0,0.0,0.0,26.0,,,,0.0,,,,,,1.0,,0.08028817654433117,0.0,,,,,,True
lstm,post_covid,lstm,2,neighborhood,ALMIRANTE BROWN,flu_season,0.98,IT98,70.30154029606965,26,0.0,0.0,0.0,0.0,0.0,26.0,,,,0.0,,,,,,1.0,,0.04009800833732347,0.0,,,,,,True
lstm,post_covid,lstm,2,neighborhood,AVELLANEDA,overall,,bands,,53,,,,,,,,,,,,,,,,,,,,,0.9056603773584906,1.0,-0.04743083003952542,-0.018867924528301886,False
lstm,post_covid,lstm,2,neighborhood,AVELLANEDA,overall,0.5,IT50,245.84106655843968,53,3.0,0.05660377358490566,0.0,2.0,3.0,48.0,0.0,1.0,0.0,0.04,0.0,0.0,-0.04,-0.04743083003952569,-0.048507125007266595,0.9056603773584906,0.6666666666666666,0.0796820206081858,0.05339978640085441,-0.49217863925595906,,,,,True
lstm,post_covid,lstm,2,neighborhood,AVELLANEDA,overall,0.9,IT90,374.7741671132419,53,0.0,0.0,0.0,0.0,0.0,53.0,,,,0.0,,,,,,1.0,,3.057214732211615e-06,0.0,,,,,,True
lstm,post_covid,lstm,2,neighborhood,AVELLANEDA,overall,0.98,IT98,490.7992503428019,53,0.0,0.0,0.0,0.0,0.0,53.0,,,,0.0,,,,,,1.0,,3.858687392053591e-14,0.0,,,,,,True
lstm,post_covid,lstm,2,neighborhood,AVELLANEDA,flu_season,,bands,,26,,,,,,,,,,,,,,,,,,,,,0.8076923076923077,1.0,-0.10169491525423724,-0.038461538461538464,False
lstm,post_covid,lstm,2,neighborhood,AVELLANEDA,flu_season,0.5,IT50,245.84106655843968,26,3.0,0.11538461538461539,0.0,2.0,3.0,21.0,0.0,1.0,0.0,0.08695652173913043,0.0,0.0,-0.08695652173913043,-0.1016949152542373,-0.10425720702853737,0.8076923076923077,0.6666666666666666,0.16120081800658587,0.10207100591715977,-0.5793007677166961,,,,,True
lstm,post_covid,lstm,2,neighborhood,AVELLANEDA,flu_season,0.9,IT90,374.7741671132419,26,0.0,0.0,0.0,0.0,0.0,26.0,,,,0.0,,,,,,1.0,,6.2318534611706975e-06,0.0,,,,,,True
lstm,post_covid,lstm,2,neighborhood,AVELLANEDA,flu_season,0.98,IT98,490.7992503428019,26,0.0,0.0,0.0,0.0,0.0,26.0,,,,0.0,,,,,,1.0,,7.865785765171e-14,0.0,,,,,,True
lstm,post_covid,lstm,2,neighborhood,EZEIZA,overall,,bands,,53,,,,,,,,,,,,,,,,,,,,,0.9056603773584906,0.9811320754716981,0.0,-0.11320754716981132,False
lstm,post_covid,lstm,2,neighborhood,EZEIZA,overall,0.5,IT50,139.80229436412165,53,5.0,0.09433962264150944,0.0,0.0,5.0,48.0,0.0,,,0.0,0.0,0.0,0.0,0.0,,0.9056603773584906,0.0,0.08155379086539474,0.08543965824136704,0.04548083941294245,,,,,False
lstm,post_covid,lstm,2,neighborhood,EZEIZA,overall,0.9,IT90,180.23131160603506,53,1.0,0.018867924528301886,0.0,0.0,1.0,52.0,0.0,,,0.0,0.0,0.0,0.0,0.0,,0.9811320754716981,0.0,0.01841283458606656,0.018511925952296185,0.005352839379596519,,,,,True
lstm,post_covid,lstm,2,neighborhood,EZEIZA,overall,0.98,IT98,212.02965427114694,53,0.0,0.0,0.0,0.0,0.0,53.0,,,,0.0,,,,,,1.0,,5.841273684921335e-06,0.0,,,,,,True
lstm,post_covid,lstm,2,neighborhood,EZEIZA,flu_season,,bands,,26,,,,,,,,,,,,,,,,,,,,,0.8076923076923077,0.9615384615384616,0.0,-0.23076923076923078,False
lstm,post_covid,lstm,2,neighborhood,EZEIZA,flu_season,0.5,IT50,139.80229436412165,26,5.0,0.19230769230769232,0.0,0.0,5.0,21.0,0.0,,,0.0,0.0,0.0,0.0,0.0,,0.8076923076923077,0.0,0.16490357716618634,0.15532544378698226,-0.06166493489849478,,,,,False
lstm,post_covid,lstm,2,neighborhood,EZEIZA,flu_season,0.9,IT90,180.23131160603506,26,1.0,0.038461538461538464,0.0,0.0,1.0,25.0,0.0,,,0.0,0.0,0.0,0.0,0.0,,0.9615384615384616,0.0,0.03751947378082819,0.036982248520710054,-0.014526571033594449,,,,,True
lstm,post_covid,lstm,2,neighborhood,EZEIZA,flu_season,0.98,IT98,212.02965427114694,26,0.0,0.0,0.0,0.0,0.0,26.0,,,,0.0,,,,,,1.0,,1.1767513848056147e-05,0.0,,,,,,True
lstm,post_covid,lstm,2,neighborhood,FLORENCIO VARELA,overall,,bands,,53,,,,,,,,,,,,,,,,,,,,,0.8490566037735849,0.9811320754716981,0.0,-0.16981132075471697,False
lstm,post_covid,lstm,2,neighborhood,FLORENCIO VARELA,overall,0.5,IT50,92.52865090835965,53,8.0,0.1509433962264151,0.0,0.0,8.0,45.0,0.0,,,0.0,0.0,0.0,0.0,0.0,,0.8490566037735849,0.0,0.1025523475075122,0.12815948736205057,0.19980682180943965,,,,,False
lstm,post_covid,lstm,2,neighborhood,FLORENCIO VARELA,overall,0.9,IT90,129.20404508235538,53,1.0,0.018867924528301886,0.0,0.0,1.0,52.0,0.0,,,0.0,0.0,0.0,0.0,0.0,,0.9811320754716981,0.0,0.0187069340789183,0.018511925952296185,-0.010534188993875482,,,,,True
lstm,post_covid,lstm,2,neighborhood,FLORENCIO VARELA,overall,0.98,IT98,159.96645580277627,53,0.0,0.0,0.0,0.0,0.0,53.0,,,,0.0,,,,,,1.0,,0.00011200150225049118,0.0,,,,,,True
lstm,post_covid,lstm,2,neighborhood,FLORENCIO VARELA,flu_season,,bands,,26,,,,,,,,,,,,,,,,,,,,,0.6923076923076923,0.9615384615384616,-2.220446049250313e-16,-0.34615384615384615,False
lstm,post_covid,lstm,2,neighborhood,FLORENCIO VARELA,flu_season,0.5,IT50,92.52865090835965,26,8.0,0.3076923076923077,0.0,0.0,8.0,18.0,0.0,,,0.0,0.0,0.0,0.0,0.0,,0.6923076923076923,0.0,0.19858247392411663,0.21301775147928986,0.06776560852289659,,,,,False
lstm,post_covid,lstm,2,neighborhood,FLORENCIO VARELA,flu_season,0.9,IT90,129.20404508235538,26,1.0,0.038461538461538464,0.0,0.0,1.0,25.0,0.0,,,0.0,0.0,0.0,0.0,0.0,,0.9615384615384616,0.0,0.03767486211363414,0.036982248520710054,-0.01872827155266732,,,,,True
lstm,post_covid,lstm,2,neighborhood,FLORENCIO VARELA,flu_season,0.98,IT98,159.96645580277627,26,0.0,0.0,0.0,0.0,0.0,26.0,,,,0.0,,,,,,1.0,,0.00021519146620945192,0.0,,,,,,True
lstm,post_covid,lstm,2,neighborhood,GENERAL SAN MARTÍN,overall,,bands,,53,,,,,,,,,,,,,,,,,,,,,0.9245283018867925,1.0,0.0,-0.07547169811320754,False
lstm,post_covid,lstm,2,neighborhood,GENERAL SAN MARTÍN,overall,0.5,IT50,77.94711365203958,53,4.0,0.07547169811320754,0.0,0.0,4.0,49.0,0.0,,,0.0,0.0,0.0,0.0,0.0,,0.9245283018867925,0.0,0.08413257617313258,0.0697757208971164,-0.20575717586902798,,,,,True
lstm,post_covid,lstm,2,neighborhood,GENERAL SAN MARTÍN,overall,0.9,IT90,119.50868958439348,53,0.0,0.0,0.0,0.0,0.0,53.0,,,,0.0,,,,,,1.0,,0.0032244940697681106,0.0,,,,,,True
lstm,post_covid,lstm,2,neighborhood,GENERAL SAN MARTÍN,overall,0.98,IT98,157.08069982681235,53,0.0,0.0,0.0,0.0,0.0,53.0,,,,0.0,,,,,,1.0,,6.24582542477077e-05,0.0,,,,,,True
lstm,post_covid,lstm,2,neighborhood,GENERAL SAN MARTÍN,flu_season,,bands,,26,,,,,,,,,,,,,,,,,,,,,0.8461538461538461,1.0,0.0,-0.15384615384615385,False
lstm,post_covid,lstm,2,neighborhood,GENERAL SAN MARTÍN,flu_season,0.5,IT50,77.94711365203958,26,4.0,0.15384615384615385,0.0,0.0,4.0,22.0,0.0,,,0.0,0.0,0.0,0.0,0.0,,0.8461538461538461,0.0,0.15368980201741536,0.13017751479289943,-0.18061711549741766,,,,,True
lstm,post_covid,lstm,2,neighborhood,GENERAL SAN MARTÍN,flu_season,0.9,IT90,119.50868958439348,26,0.0,0.0,0.0,0.0,0.0,26.0,,,,0.0,,,,,,1.0,,0.006205058059323746,0.0,,,,,,True
lstm,post_covid,lstm,2,neighborhood,GENERAL SAN MARTÍN,flu_season,0.98,IT98,157.08069982681235,26,0.0,0.0,0.0,0.0,0.0,26.0,,,,0.0,,,,,,1.0,,0.0001247253319679868,0.0,,,,,,True
lstm,post_covid,lstm,2,neighborhood,JOSÉ C. PAZ,overall,,bands,,53,,,,,,,,,,,,,,,,,,,,,0.4339622641509434,0.7924528301886793,0.0,-0.8301886792452831,False
lstm,post_covid,lstm,2,neighborhood,JOSÉ C. PAZ,overall,0.5,IT50,222.17859568980776,53,30.0,0.5660377358490566,0.0,0.0,30.0,23.0,0.0,,,0.0,0.0,0.0,0.0,0.0,,0.4339622641509434,0.0,0.5657567666532133,0.2456390174439302,-1.3032039964186612,,,,,False
lstm,post_covid,lstm,2,neighborhood,JOSÉ C. PAZ,overall,0.9,IT90,355.8888420506266,53,11.0,0.20754716981132076,0.0,0.0,11.0,42.0,0.0,,,0.0,0.0,0.0,0.0,0.0,,0.7924528301886793,0.0,0.2075471697979434,0.1644713421146316,-0.26190476182342604,,,,,False
lstm,post_covid,lstm,2,neighborhood,JOSÉ C. PAZ,overall,0.98,IT98,481.06046989083103,53,3.0,0.05660377358490566,0.0,0.0,3.0,50.0,0.0,,,0.0,0.0,0.0,0.0,0.0,,0.9433962264150944,0.0,0.05660377358490566,0.05339978640085441,-0.05999999999999983,,,,,True
lstm,post_covid,lstm,2,neighborhood,JOSÉ C. PAZ,flu_season,,bands,,26,,,,,,,,,,,,,,,,,,,,,0.07692307692307693,0.5769230769230769,0.0,-1.4615384615384615,False
lstm,post_covid,lstm,2,neighborhood,JOSÉ C. PAZ,flu_season,0.5,IT50,222.17859568980776,26,24.0,0.9230769230769231,0.0,0.0,24.0,2.0,0.0,,,0.0,0.0,0.0,0.0,0.0,,0.07692307692307693,0.0,0.922510790422376,0.07100591715976333,-11.992026965115127,,,,,False
lstm,post_covid,lstm,2,neighborhood,JOSÉ C. PAZ,flu_season,0.9,IT90,355.8888420506266,26,11.0,0.4230769230769231,0.0,0.0,11.0,15.0,0.0,,,0.0,0.0,0.0,0.0,0.0,,0.5769230769230769,0.0,0.4230769230496539,0.24408284023668633,-0.7333333332216128,,,,,False
lstm,post_covid,lstm,2,neighborhood,JOSÉ C. PAZ,flu_season,0.98,IT98,481.06046989083103,26,3.0,0.11538461538461539,0.0,0.0,3.0,23.0,0.0,,,0.0,0.0,0.0,0.0,0.0,,0.8846153846153846,0.0,0.11538461538461539,0.10207100591715977,-0.13043478260869557,,,,,True
lstm,post_covid,lstm,2,neighborhood,LA MATANZA,overall,,bands,,53,,,,,,,,,,,,,,,,,,,,,0.6226415094339622,0.9622641509433962,0.10866752910737398,-0.41509433962264153,False
lstm,post_covid,lstm,2,neighborhood,LA MATANZA,overall,0.5,IT50,24.512107570850826,53,23.0,0.4339622641509434,3.0,0.0,20.0,30.0,0.13043478260869565,0.0,1.0,0.0,0.13043478260869565,0.23076923076923078,0.13043478260869565,0.14516129032258066,0.2797514424720941,0.6226415094339622,0.13043478260869565,0.2053393991500551,0.24563901744393019,0.16406033012680443,,,,,False
lstm,post_covid,lstm,2,neighborhood,LA MATANZA,overall,0.9,IT90,49.0533041651205,53,2.0,0.03773584905660377,0.0,0.0,2.0,51.0,0.0,,,0.0,0.0,0.0,0.0,0.0,,0.9622641509433962,0.0,0.05569742431316635,0.03631185475258099,-0.533863381330238,,,,,True
lstm,post_covid,lstm,2,neighborhood,LA MATANZA,overall,0.98,IT98,76.45298521130762,53,0.0,0.0,0.0,0.0,0.0,53.0,,,,0.0,,,,,,1.0,,0.003526460888208402,0.0,,,,,,True
lstm,post_covid,lstm,2,neighborhood,LA MATANZA,flu_season,,bands,,26,,,,,,,,,,,,,,,,,,,,,0.3076923076923077,0.9230769230769231,0.028037383177569986,-0.7692307692307693,False
lstm,post_covid,lstm,2,neighborhood,LA MATANZA,flu_season,0.5,IT50,24.512107570850826,26,21.0,0.8076923076923077,3.0,0.0,18.0,5.0,0.14285714285714285,0.0,1.0,0.0,0.14285714285714285,0.25,0.14285714285714285,0.060240963855421686,0.17622684421256035,0.3076923076923077,0.14285714285714285,0.2769056455633705,0.15532544378698226,-0.7827449181032231,,,,,False
lstm,post_covid,lstm,2,neighborhood,LA MATANZA,flu_season,0.9,IT90,49.0533041651205,26,2.0,0.07692307692307693,0.0,0.0,2.0,24.0,0.0,,,0.0,0.0,0.0,0.0,0.0,,0.9230769230769231,0.0,0.09287641922664158,0.07100591715976333,-0.30800957077520197,,,,,True
lstm,post_covid,lstm,2,neighborhood,LA MATANZA,flu_season,0.98,IT98,76.45298521130762,26,0.0,0.0,0.0,0.0,0.0,26.0,,,,0.0,,,,,,1.0,,0.005674295151306566,0.0,,,,,,True
lstm,post_covid,lstm,2,neighborhood,LANÚS,overall,,bands,,53,,,,,,,,,,,,,,,,,,,,,0.9245283018867925,1.0,0.0,-0.07547169811320754,False
lstm,post_covid,lstm,2,neighborhood,LANÚS,overall,0.5,IT50,132.6029855198303,53,4.0,0.07547169811320754,0.0,0.0,4.0,49.0,0.0,,,0.0,0.0,0.0,0.0,0.0,,0.9245283018867925,0.0,0.07677440756368238,0.06977572089711641,-0.10030260635910104,,,,,True
lstm,post_covid,lstm,2,neighborhood,LANÚS,overall,0.9,IT90,190.48996986250967,53,0.0,0.0,0.0,0.0,0.0,53.0,,,,0.0,,,,,,1.0,,6.931147317937845e-05,0.0,,,,,,True
lstm,post_covid,lstm,2,neighborhood,LANÚS,overall,0.98,IT98,240.1624128185746,53,0.0,0.0,0.0,0.0,0.0,53.0,,,,0.0,,,,,,1.0,,7.534258924335719e-08,0.0,,,,,,True
lstm,post_covid,lstm,2,neighborhood,LANÚS,flu_season,,bands,,26,,,,,,,,,,,,,,,,,,,,,0.8461538461538461,1.0,0.0,-0.15384615384615385,False
lstm,post_covid,lstm,2,neighborhood,LANÚS,flu_season,0.5,IT50,132.6029855198303,26,4.0,0.15384615384615385,0.0,0.0,4.0,22.0,0.0,,,0.0,0.0,0.0,0.0,0.0,,0.8461538461538461,0.0,0.1540069318196669,0.13017751479289943,-0.18305324897835007,,,,,True
lstm,post_covid,lstm,2,neighborhood,LANÚS,flu_season,0.9,IT90,190.48996986250967,26,0.0,0.0,0.0,0.0,0.0,26.0,,,,0.0,,,,,,1.0,,0.00013745796646819124,0.0,,,,,,True
lstm,post_covid,lstm,2,neighborhood,LANÚS,flu_season,0.98,IT98,240.1624128185746,26,0.0,0.0,0.0,0.0,0.0,26.0,,,,0.0,,,,,,1.0,,1.5242709065199633e-07,0.0,,,,,,True
lstm,post_covid,lstm,2,neighborhood,LOMAS DE ZAMORA,overall,,bands,,41,,,,,,,,,,,,,,,,,,,,,1.0,1.0,,0.0,False
lstm,post_covid,lstm,2,neighborhood,LOMAS DE ZAMORA,overall,0.5,IT50,8.281330480989212,41,0.0,0.0,0.0,0.0,0.0,41.0,,,,0.0,,,,,,1.0,,0.2087479857219599,0.0,,,,,,True
lstm,post_covid,lstm,2,neighborhood,LOMAS DE ZAMORA,overall,0.9,IT90,13.281987582112178,41,0.0,0.0,0.0,0.0,0.0,41.0,,,,0.0,,,,,,1.0,,0.16479658639824446,0.0,,,,,,True
lstm,post_covid,lstm,2,neighborhood,LOMAS DE ZAMORA,overall,0.98,IT98,17.968039817353144,41,0.0,0.0,0.0,0.0,0.0,41.0,,,,0.0,,,,,,1.0,,0.12931747465494034,0.0,,,,,,True
lstm,post_covid,lstm,2,neighborhood,LOMAS DE ZAMORA,flu_season,,bands,,26,,,,,,,,,,,,,,,,,,,,,1.0,1.0,,0.0,False
lstm,post_covid,lstm,2,neighborhood,LOMAS DE ZAMORA,flu_season,0.5,IT50,8.281330480989212,26,0.0,0.0,0.0,0.0,0.0,26.0,,,,0.0,,,,,,1.0,,0.21408150852482943,0.0,,,,,,True
lstm,post_covid,lstm,2,neighborhood,LOMAS DE ZAMORA,flu_season,0.9,IT90,13.281987582112178,26,0.0,0.0,0.0,0.0,0.0,26.0,,,,0.0,,,,,,1.0,,0.16945232438217855,0.0,,,,,,True
lstm,post_covid,lstm,2,neighborhood,LOMAS DE ZAMORA,flu_season,0.98,IT98,17.968039817353144,26,0.0,0.0,0.0,0.0,0.0,26.0,,,,0.0,,,,,,1.0,,0.13331205192048484,0.0,,,,,,True
lstm,post_covid,lstm,2,neighborhood,MALVINAS ARGENTINAS,overall,,bands,,53,,,,,,,,,,,,,,,,,,,,,0.7735849056603774,0.8301886792452831,0.0,-0.39622641509433965,False
lstm,post_covid,lstm,2,neighborhood,MALVINAS ARGENTINAS,overall,0.5,IT50,19.75908456675979,53,12.0,0.22641509433962265,0.0,0.0,12.0,41.0,0.0,,,0.0,0.0,0.0,0.0,0.0,,0.7735849056603774,0.0,0.18339571694989132,0.17515129939480242,-0.04707026201675757,,,,,False
lstm,post_covid,lstm,2,neighborhood,MALVINAS ARGENTINAS,overall,0.9,IT90,75.76432319476002,53,9.0,0.16981132075471697,0.0,0.0,9.0,44.0,0.0,,,0.0,0.0,0.0,0.0,0.0,,0.8301886792452831,0.0,0.15756499765592058,0.14097543609825564,-0.11767696569565866,,,,,False
lstm,post_covid,lstm,2,neighborhood,MALVINAS ARGENTINAS,overall,0.98,IT98,178.99536057166898,53,0.0,0.0,0.0,0.0,0.0,53.0,,,,0.0,,,,,,1.0,,2.1218540804938523e-11,0.0,,,,,,True
lstm,post_covid,lstm,2,neighborhood,MALVINAS ARGENTINAS,flu_season,,bands,,26,,,,,,,,,,,,,,,,,,,,,0.5384615384615384,0.6538461538461539,0.0,-0.8076923076923077,False
lstm,post_covid,lstm,2,neighborhood,MALVINAS ARGENTINAS,flu_season,0.5,IT50,19.75908456675979,26,12.0,0.46153846153846156,0.0,0.0,12.0,14.0,0.0,,,0.0,0.0,0.0,0.0,0.0,,0.5384615384615384,0.0,0.2581331017350942,0.24852071005917165,-0.03867843317216457,,,,,False
lstm,post_covid,lstm,2,neighborhood,MALVINAS ARGENTINAS,flu_season,0.9,IT90,75.76432319476002,26,9.0,0.34615384615384615,0.0,0.0,9.0,17.0,0.0,,,0.0,0.0,0.0,0.0,0.0,,0.6538461538461539,0.0,0.32024915421762523,0.22633136094674555,-0.4149570473929063,,,,,False
lstm,post_covid,lstm,2,neighborhood,MALVINAS ARGENTINAS,flu_season,0.98,IT98,178.99536057166898,26,0.0,0.0,0.0,0.0,0.0,26.0,,,,0.0,,,,,,1.0,,3.543618456019389e-11,0.0,,,,,,True
lstm,post_covid,lstm,2,neighborhood,MERLO,overall,,bands,,53,,,,,,,,,,,,,,,,,,,,,1.0,1.0,,0.0,False
lstm,post_covid,lstm,2,neighborhood,MERLO,overall,0.5,IT50,93.32449393075508,53,0.0,0.0,0.0,0.0,0.0,53.0,,,,0.0,,,,,,1.0,,0.004773460198450177,0.0,,,,,,True
lstm,post_covid,lstm,2,neighborhood,MERLO,overall,0.9,IT90,164.5170716895135,53,0.0,0.0,0.0,0.0,0.0,53.0,,,,0.0,,,,,,1.0,,6.670138213792787e-07,0.0,,,,,,True
lstm,post_covid,lstm,2,neighborhood,MERLO,overall,0.98,IT98,236.4333757518645,53,0.0,0.0,0.0,0.0,0.0,53.0,,,,0.0,,,,,,1.0,,3.500759048881107e-13,0.0,,,,,,True
lstm,post_covid,lstm,2,neighborhood,MERLO,flu_season,,bands,,26,,,,,,,,,,,,,,,,,,,,,1.0,1.0,,0.0,False
lstm,post_covid,lstm,2,neighborhood,MERLO,flu_season,0.5,IT50,93.32449393075508,26,0.0,0.0,0.0,0.0,0.0,26.0,,,,0.0,,,,,,1.0,,0.008379044683075572,0.0,,,,,,True
lstm,post_covid,lstm,2,neighborhood,MERLO,flu_season,0.9,IT90,164.5170716895135,26,0.0,0.0,0.0,0.0,0.0,26.0,,,,0.0,,,,,,1.0,,1.3058081431626433e-06,0.0,,,,,,True
lstm,post_covid,lstm,2,neighborhood,MERLO,flu_season,0.98,IT98,236.4333757518645,26,0.0,0.0,0.0,0.0,0.0,26.0,,,,0.0,,,,,,1.0,,7.073846102410687e-13,0.0,,,,,,True
lstm,post_covid,lstm,2,neighborhood,MORENO,overall,,bands,,53,,,,,,,,,,,,,,,,,,,,,0.8867924528301887,1.0,0.7406199021207178,0.03773584905660377,False
lstm,post_covid,lstm,2,neighborhood,MORENO,overall,0.5,IT50,101.79720605127496,53,16.0,0.3018867924528302,14.0,4.0,2.0,33.0,0.875,0.2222222222222222,0.7777777777777778,0.10810810810810811,0.7,0.8235294117647058,0.7668918918918919,0.7406199021207178,0.7434037110810502,0.8867924528301887,1.125,0.10302265708159948,0.21075115699537209,0.511164453138154,,,,,False
lstm,post_covid,lstm,2,neighborhood,MORENO,overall,0.9,IT90,214.46725243408844,53,0.0,0.0,0.0,0.0,0.0,53.0,,,,0.0,,,,,,1.0,,4.769565868425327e-05,0.0,,,,,,True
lstm,post_covid,lstm,2,neighborhood,MORENO,overall,0.98,IT98,345.44262322711484,53,0.0,0.0,0.0,0.0,0.0,53.0,,,,0.0,,,,,,1.0,,3.268092335781823e-15,0.0,,,,,,True
lstm,post_covid,lstm,2,neighborhood,MORENO,flu_season,,bands,,26,,,,,,,,,,,,,,,,,,,,,0.8076923076923077,1.0,0.5859872611464968,0.038461538461538464,False
lstm,post_covid,lstm,2,neighborhood,MORENO,flu_season,0.5,IT50,101.79720605127496,26,16.0,0.6153846153846154,14.0,3.0,2.0,7.0,0.875,0.17647058823529413,0.8235294117647058,0.3,0.7368421052631579,0.8484848484848485,0.575,0.5859872611464968,0.5880064914496507,0.8076923076923077,1.0625,0.1704836421472,0.2366863905325444,0.2797066119280801,,,,,False
lstm,post_covid,lstm,2,neighborhood,MORENO,flu_season,0.9,IT90,214.46725243408844,26,0.0,0.0,0.0,0.0,0.0,26.0,,,,0.0,,,,,,1.0,,9.543857219044705e-05,0.0,,,,,,True
lstm,post_covid,lstm,2,neighborhood,MORENO,flu_season,0.98,IT98,345.44262322711484,26,0.0,0.0,0.0,0.0,0.0,26.0,,,,0.0,,,,,,1.0,,6.656411940833569e-15,0.0,,,,,,True
lstm,post_covid,lstm,2,neighborhood,MORÓN,overall,,bands,,53,,,,,,,,,,,,,,,,,,,,,0.9245283018867925,1.0,0.7350000000000001,0.07547169811320754,False
lstm,post_covid,lstm,2,neighborhood,MORÓN,overall,0.5,IT50,28.847000469649124,53,7.0,0.1320754716981132,7.0,4.0,0.0,42.0,1.0,0.36363636363636365,0.6363636363636364,0.08695652173913043,0.6363636363636364,0.7777777777777778,0.9130434782608696,0.735,0.762251709072659,0.9245283018867925,1.5714285714285714,0.14904113471134442,0.1146315414738341,-0.3001756130564177,,,,,False
lstm,post_covid,lstm,2,neighborhood,MORÓN,overall,0.9,IT90,57.29975452086349,53,0.0,0.0,0.0,0.0,0.0,53.0,,,,0.0,,,,,,1.0,,0.03186404325886114,0.0,,,,,,True
lstm,post_covid,lstm,2,neighborhood,MORÓN,overall,0.98,IT98,88.88106833465432,53,0.0,0.0,0.0,0.0,0.0,53.0,,,,0.0,,,,,,1.0,,0.0022843100098351287,0.0,,,,,,True
lstm,post_covid,lstm,2,neighborhood,MORÓN,flu_season,,bands,,26,,,,,,,,,,,,,,,,,,,,,0.8461538461538461,1.0,0.6687898089171973,0.15384615384615385,False
lstm,post_covid,lstm,2,neighborhood,MORÓN,flu_season,0.5,IT50,28.847000469649124,26,7.0,0.2692307692307692,7.0,4.0,0.0,15.0,1.0,0.36363636363636365,0.6363636363636364,0.21052631578947367,0.6363636363636364,0.7777777777777778,0.7894736842105263,0.6687898089171974,0.7087964055337806,0.8461538461538461,1.5714285714285714,0.19107905703223504,0.19674556213017758,0.028801183806083874,,,,,False
lstm,post_covid,lstm,2,neighborhood,MORÓN,flu_season,0.9,IT90,57.29975452086349,26,0.0,0.0,0.0,0.0,0.0,26.0,,,,0.0,,,,,,1.0,,0.04958687687520943,0.0,,,,,,True
lstm,post_covid,lstm,2,neighborhood,MORÓN,flu_season,0.98,IT98,88.88106833465432,26,0.0,0.0,0.0,0.0,0.0,26.0,,,,0.0,,,,,,1.0,,0.004039042850707523,0.0,,,,,,True
lstm,post_covid,lstm,2,neighborhood,QUILMES,overall,,bands,,53,,,,,,,,,,,,,,,,,,,,,1.0,1.0,,0.0,False
lstm,post_covid,lstm,2,neighborhood,QUILMES,overall,0.5,IT50,46.34689792435932,53,0.0,0.0,0.0,0.0,0.0,53.0,,,,0.0,,,,,,1.0,,0.06254196166099638,0.0,,,,,,True
lstm,post_covid,lstm,2,neighborhood,QUILMES,overall,0.9,IT90,80.98262048145082,53,0.0,0.0,0.0,0.0,0.0,53.0,,,,0.0,,,,,,1.0,,0.0038598490619952083,0.0,,,,,,True
lstm,post_covid,lstm,2,neighborhood,QUILMES,overall,0.98,IT98,115.72591322033615,53,0.0,0.0,0.0,0.0,0.0,53.0,,,,0.0,,,,,,1.0,,6.704353618894263e-05,0.0,,,,,,True
lstm,post_covid,lstm,2,neighborhood,QUILMES,flu_season,,bands,,26,,,,,,,,,,,,,,,,,,,,,1.0,1.0,,0.0,False
lstm,post_covid,lstm,2,neighborhood,QUILMES,flu_season,0.5,IT50,46.34689792435932,26,0.0,0.0,0.0,0.0,0.0,26.0,,,,0.0,,,,,,1.0,,0.0809257100774511,0.0,,,,,,True
lstm,post_covid,lstm,2,neighborhood,QUILMES,flu_season,0.9,IT90,80.98262048145082,26,0.0,0.0,0.0,0.0,0.0,26.0,,,,0.0,,,,,,1.0,,0.005593691046542535,0.0,,,,,,True
lstm,post_covid,lstm,2,neighborhood,QUILMES,flu_season,0.98,IT98,115.72591322033615,26,0.0,0.0,0.0,0.0,0.0,26.0,,,,0.0,,,,,,1.0,,0.00010711799037845889,0.0,,,,,,True
lstm,post_covid,lstm,2,neighborhood,SAN ISIDRO,overall,,bands,,50,,,,,,,,,,,,,,,,,,,,,1.0,1.0,,0.0,False
lstm,post_covid,lstm,2,neighborhood,SAN ISIDRO,overall,0.5,IT50,31.02709117627285,50,0.0,0.0,0.0,0.0,0.0,50.0,,,,0.0,,,,,,1.0,,0.09914000696156312,0.0,,,,,,True
lstm,post_covid,lstm,2,neighborhood,SAN ISIDRO,overall,0.9,IT90,61.06994953059092,50,0.0,0.0,0.0,0.0,0.0,50.0,,,,0.0,,,,,,1.0,,0.012484303870504442,0.0,,,,,,True
lstm,post_covid,lstm,2,neighborhood,SAN ISIDRO,overall,0.98,IT98,94.17754601713678,50,0.0,0.0,0.0,0.0,0.0,50.0,,,,0.0,,,,,,1.0,,0.0004676797964479279,0.0,,,,,,True
lstm,post_covid,lstm,2,neighborhood,SAN ISIDRO,flu_season,,bands,,26,,,,,,,,,,,,,,,,,,,,,1.0,1.0,,0.0,False
lstm,post_covid,lstm,2,neighborhood,SAN ISIDRO,flu_season,0.5,IT50,31.02709117627285,26,0.0,0.0,0.0,0.0,0.0,26.0,,,,0.0,,,,,,1.0,,0.08073416514856492,0.0,,,,,,True
lstm,post_covid,lstm,2,neighborhood,SAN ISIDRO,flu_season,0.9,IT90,61.06994953059092,26,0.0,0.0,0.0,0.0,0.0,26.0,,,,0.0,,,,,,1.0,,0.00968404355690301,0.0,,,,,,True
lstm,post_covid,lstm,2,neighborhood,SAN ISIDRO,flu_season,0.98,IT98,94.17754601713678,26,0.0,0.0,0.0,0.0,0.0,26.0,,,,0.0,,,,,,1.0,,0.00037581971317063783,0.0,,,,,,True
lstm,post_covid,lstm,2,neighborhood,SAN MIGUEL,overall,,bands,,53,,,,,,,,,,,,,,,,,,,,,0.5471698113207547,0.7547169811320755,-0.047200878155872594,-0.7547169811320755,False
lstm,post_covid,lstm,2,neighborhood,SAN MIGUEL,overall,0.5,IT50,41.72536470891113,53,21.0,0.39622641509433965,0.0,3.0,21.0,29.0,0.0,1.0,0.0,0.09375,0.0,0.0,-0.09375,-0.1099476439790576,-0.1984313483298443,0.5471698113207547,0.14285714285714285,0.19001903472148735,0.2392310430758277,0.20570912420735432,,,,,False
lstm,post_covid,lstm,2,neighborhood,SAN MIGUEL,overall,0.9,IT90,54.8832873966512,53,13.0,0.24528301886792453,0.0,0.0,13.0,40.0,0.0,,,0.0,0.0,0.0,0.0,0.0,,0.7547169811320755,0.0,0.15610420366322678,0.18511925952296196,0.15673709982691564,,,,,False
lstm,post_covid,lstm,2,neighborhood,SAN MIGUEL,overall,0.98,IT98,65.40139686030513,53,9.0,0.16981132075471697,0.0,0.0,9.0,44.0,0.0,,,0.0,0.0,0.0,0.0,0.0,,0.8301886792452831,0.0,0.12340753520698614,0.14097543609825564,0.12461675152418183,,,,,False
lstm,post_covid,lstm,2,neighborhood,SAN MIGUEL,flu_season,,bands,,26,,,,,,,,,,,,,,,,,,,,,0.2692307692307692,0.5769230769230769,-0.09366869037294001,-1.2692307692307692,False
lstm,post_covid,lstm,2,neighborhood,SAN MIGUEL,flu_season,0.5,IT50,41.72536470891113,26,16.0,0.6153846153846154,0.0,3.0,16.0,7.0,0.0,1.0,0.0,0.3,0.0,0.0,-0.3,-0.24120603015075376,-0.45683219257612856,0.2692307692307692,0.1875,0.24378018063910686,0.2366863905325444,-0.029971263200226472,,,,,False
lstm,post_covid,lstm,2,neighborhood,SAN MIGUEL,flu_season,0.9,IT90,54.8832873966512,26,11.0,0.4230769230769231,0.0,0.0,11.0,15.0,0.0,,,0.0,0.0,0.0,0.0,0.0,,0.5769230769230769,0.0,0.23673779575209303,0.24408284023668633,0.030092424676273155,,,,,False
lstm,post_covid,lstm,2,neighborhood,SAN MIGUEL,flu_season,0.98,IT98,65.40139686030513,26,9.0,0.34615384615384615,0.0,0.0,9.0,17.0,0.0,,,0.0,0.0,0.0,0.0,0.0,,0.6538461538461539,0.0,0.22595247375626012,0.22633136094674558,0.0016740375213605274,,,,,False
lstm,post_covid,lstm,2,neighborhood,TIGRE,overall,,bands,,53,,,,,,,,,,,,,,,,,,,,,0.8679245283018868,1.0,0.0,-0.1320754716981132,False
lstm,post_covid,lstm,2,neighborhood,TIGRE,overall,0.5,IT50,22.292181427607932,53,7.0,0.1320754716981132,0.0,0.0,7.0,46.0,0.0,,,0.0,0.0,0.0,0.0,0.0,,0.8679245283018868,0.0,0.15889480539266557,0.1146315414738341,-0.38613511909316034,,,,,False
lstm,post_covid,lstm,2,neighborhood,TIGRE,overall,0.9,IT90,51.59902428823632,53,0.0,0.0,0.0,0.0,0.0,53.0,,,,0.0,,,,,,1.0,,0.020307188671030752,0.0,,,,,,True
lstm,post_covid,lstm,2,neighborhood,TIGRE,overall,0.98,IT98,88.26651373174553,53,0.0,0.0,0.0,0.0,0.0,53.0,,,,0.0,,,,,,1.0,,0.0005253290217153437,0.0,,,,,,True
lstm,post_covid,lstm,2,neighborhood,TIGRE,flu_season,,bands,,26,,,,,,,,,,,,,,,,,,,,,0.7307692307692307,1.0,0.0,-0.2692307692307692,False
lstm,post_covid,lstm,2,neighborhood,TIGRE,flu_season,0.5,IT50,22.292181427607932,26,7.0,0.2692307692307692,0.0,0.0,7.0,19.0,0.0,,,0.0,0.0,0.0,0.0,0.0,,0.7307692307692307,0.0,0.2131110955983632,0.19674556213017758,-0.08318120770295834,,,,,False
lstm,post_covid,lstm,2,neighborhood,TIGRE,flu_season,0.9,IT90,51.59902428823632,26,0.0,0.0,0.0,0.0,0.0,26.0,,,,0.0,,,,,,1.0,,0.027751867910335792,0.0,,,,,,True
lstm,post_covid,lstm,2,neighborhood,TIGRE,flu_season,0.98,IT98,88.26651373174553,26,0.0,0.0,0.0,0.0,0.0,26.0,,,,0.0,,,,,,1.0,,0.0008024391558959908,0.0,,,,,,True
lstm,post_covid,lstm,2,neighborhood,TRES DE FEBRERO,overall,,bands,,53,,,,,,,,,,,,,,,,,,,,,0.9622641509433962,1.0,0.0,-0.03773584905660377,False
lstm,post_covid,lstm,2,neighborhood,TRES DE FEBRERO,overall,0.5,IT50,92.40050209783404,53,2.0,0.03773584905660377,0.0,0.0,2.0,51.0,0.0,,,0.0,0.0,0.0,0.0,0.0,,0.9622641509433962,0.0,0.04279866938185283,0.03631185475258099,-0.1786417871923982,,,,,True
lstm,post_covid,lstm,2,neighborhood,TRES DE FEBRERO,overall,0.9,IT90,150.5622822202344,53,0.0,0.0,0.0,0.0,0.0,53.0,,,,0.0,,,,,,1.0,,0.00011705261368172531,0.0,,,,,,True
lstm,post_covid,lstm,2,neighborhood,TRES DE FEBRERO,overall,0.98,IT98,205.7567466717726,53,0.0,0.0,0.0,0.0,0.0,53.0,,,,0.0,,,,,,1.0,,4.127363046638167e-08,0.0,,,,,,True
lstm,post_covid,lstm,2,neighborhood,TRES DE FEBRERO,flu_season,,bands,,26,,,,,,,,,,,,,,,,,,,,,0.9230769230769231,1.0,0.0,-0.07692307692307693,False
lstm,post_covid,lstm,2,neighborhood,TRES DE FEBRERO,flu_season,0.5,IT50,92.40050209783404,26,2.0,0.07692307692307693,0.0,0.0,2.0,24.0,0.0,,,0.0,0.0,0.0,0.0,0.0,,0.9230769230769231,0.0,0.08183482246620691,0.07100591715976333,-0.15250708306574712,,,,,True
lstm,post_covid,lstm,2,neighborhood,TRES DE FEBRERO,flu_season,0.9,IT90,150.5622822202344,26,0.0,0.0,0.0,0.0,0.0,26.0,,,,0.0,,,,,,1.0,,0.00023319091344237332,0.0,,,,,,True
lstm,post_covid,lstm,2,neighborhood,TRES DE FEBRERO,flu_season,0.98,IT98,205.7567466717726,26,0.0,0.0,0.0,0.0,0.0,26.0,,,,0.0,,,,,,1.0,,8.385575972828588e-08,0.0,,,,,,True
lstm,post_covid,lstm,2,neighborhood,VICENTE LÓPEZ,overall,,bands,,53,,,,,,,,,,,,,,,,,,,,,0.9245283018867925,1.0,-0.029126213592232775,0.03773584905660377,False
lstm,post_covid,lstm,2,neighborhood,VICENTE LÓPEZ,overall,0.5,IT50,105.82113989675452,53,1.0,0.018867924528301886,0.0,3.0,1.0,49.0,0.0,1.0,0.0,0.057692307692307696,0.0,0.0,-0.057692307692307696,-0.02912621359223301,-0.03396831102433787,0.9245283018867925,3.0,0.07223401051010304,0.018511925952296185,-2.9020256831322984,,,,,True
lstm,post_covid,lstm,2,neighborhood,VICENTE LÓPEZ,overall,0.9,IT90,168.616011392644,53,0.0,0.0,0.0,0.0,0.0,53.0,,,,0.0,,,,,,1.0,,0.0010139605874524972,0.0,,,,,,True
lstm,post_covid,lstm,2,neighborhood,VICENTE LÓPEZ,overall,0.98,IT98,227.1548194913809,53,0.0,0.0,0.0,0.0,0.0,53.0,,,,0.0,,,,,,1.0,,1.1813557103387868e-06,0.0,,,,,,True
lstm,post_covid,lstm,2,neighborhood,VICENTE LÓPEZ,flu_season,,bands,,26,,,,,,,,,,,,,,,,,,,,,0.8461538461538461,1.0,-0.061224489795918435,0.07692307692307693,False
lstm,post_covid,lstm,2,neighborhood,VICENTE LÓPEZ,flu_season,0.5,IT50,105.82113989675452,26,1.0,0.038461538461538464,0.0,3.0,1.0,22.0,0.0,1.0,0.0,0.12,0.0,0.0,-0.12,-0.061224489795918366,-0.07223151185146152,0.8461538461538461,3.0,0.14147022302646117,0.036982248520710054,-2.8253548306355105,,,,,True
lstm,post_covid,lstm,2,neighborhood,VICENTE LÓPEZ,flu_season,0.9,IT90,168.616011392644,26,0.0,0.0,0.0,0.0,0.0,26.0,,,,0.0,,,,,,1.0,,0.002060948216815122,0.0,,,,,,True
lstm,post_covid,lstm,2,neighborhood,VICENTE LÓPEZ,flu_season,0.98,IT98,227.1548194913809,26,0.0,0.0,0.0,0.0,0.0,26.0,,,,0.0,,,,,,1.0,,2.407821528947804e-06,0.0,,,,,,True
persistence,post_covid,persistence,2,citywide,CITYWIDE,overall,,bands,,53,,,,,,,,,,,,,,,,,,,,,0.8113207547169812,0.9622641509433962,0.5851272015655578,0.0,False
persistence,post_covid,persistence,2,citywide,CITYWIDE,overall,0.5,IT50,77.06642887231719,53,8.0,0.1509433962264151,5.0,3.0,3.0,42.0,0.625,0.375,0.625,0.06666666666666667,0.45454545454545453,0.625,0.5583333333333333,0.5583333333333333,0.5583333333333333,0.8867924528301887,1.0,0.06522933748272713,0.12815948736205057,0.49102997503060974,,,,,False
persistence,post_covid,persistence,2,citywide,CITYWIDE,overall,0.9,IT90,97.46007981062509,53,3.0,0.05660377358490566,1.0,2.0,2.0,48.0,0.3333333333333333,0.6666666666666666,0.3333333333333333,0.04,0.2,0.3333333333333333,0.29333333333333333,0.29333333333333333,0.29333333333333333,0.9245283018867925,1.0,0.05660509824278971,0.05339978640085441,-0.060024806426641764,,,,,True
persistence,post_covid,persistence,2,citywide,CITYWIDE,overall,0.98,IT98,113.25281678189309,53,1.0,0.018867924528301886,0.0,1.0,1.0,51.0,0.0,1.0,0.0,0.019230769230769232,0.0,0.0,-0.019230769230769232,-0.019230769230769232,-0.019230769230769232,0.9622641509433962,1.0,0.016699355813212323,0.018511925952296185,0.09791364462858787,,,,,True
persistence,post_covid,persistence,2,citywide,CITYWIDE,flu_season,,bands,,26,,,,,,,,,,,,,,,,,,,,,0.6153846153846154,0.9230769230769231,0.514018691588785,0.0,False
persistence,post_covid,persistence,2,citywide,CITYWIDE,flu_season,0.5,IT50,77.06642887231719,26,8.0,0.3076923076923077,5.0,3.0,3.0,15.0,0.625,0.375,0.625,0.16666666666666666,0.45454545454545453,0.625,0.45833333333333337,0.4583333333333333,0.4583333333333333,0.7692307692307693,1.0,0.13223455329222827,0.21301775147928986,0.3792322359337059,,,,,False
persistence,post_covid,persistence,2,citywide,CITYWIDE,flu_season,0.9,IT90,97.46007981062509,26,3.0,0.11538461538461539,1.0,2.0,2.0,21.0,0.3333333333333333,0.6666666666666666,0.3333333333333333,0.08695652173913043,0.2,0.3333333333333333,0.24637681159420288,0.2463768115942029,0.2463768115942029,0.8461538461538461,1.0,0.11538501538442104,0.10207100591715977,-0.13043870144737135,,,,,True
persistence,post_covid,persistence,2,citywide,CITYWIDE,flu_season,0.98,IT98,113.25281678189309,26,1.0,0.038461538461538464,0.0,1.0,1.0,24.0,0.0,1.0,0.0,0.04,0.0,0.0,-0.04,-0.04,-0.04,0.9230769230769231,1.0,0.03404098966504201,0.036982248520710054,0.07953163945726394,,,,,True
persistence,post_covid,persistence,2,pooled,ALL,overall,,bands,,992,,,,,,,,,,,,,,,,,,,,,0.9012096774193549,0.9939516129032258,0.7895599250936329,-0.004032258064516129,False
persistence,post_covid,persistence,2,pooled,ALL,overall,0.5,IT50,,992,143.0,0.14415322580645162,105.0,34.0,38.0,815.0,0.7342657342657343,0.2446043165467626,0.7553956834532374,0.04004711425206125,0.5932203389830508,0.7446808510638298,0.6942186200136731,0.7023875994833118,0.7024836263880062,0.9274193548387096,0.972027972027972,0.05487490363861921,0.12337307329604581,0.5552116667553423,,,,,False
persistence,post_covid,persistence,2,pooled,ALL,overall,0.9,IT90,,992,37.0,0.037298387096774195,25.0,12.0,12.0,943.0,0.6756756756756757,0.32432432432432434,0.6756756756756757,0.012565445026178011,0.5102040816326531,0.6756756756756757,0.6631102306494977,0.6631102306494977,0.6631102306494977,0.9758064516129032,1.0,0.019727093168056178,0.03590721741675338,0.45060924829970184,,,,,False
persistence,post_covid,persistence,2,pooled,ALL,overall,0.98,IT98,,992,12.0,0.012096774193548387,8.0,4.0,4.0,976.0,0.6666666666666666,0.3333333333333333,0.6666666666666666,0.004081632653061225,0.5,0.6666666666666666,0.6625850340136054,0.6625850340136055,0.6625850340136055,0.9919354838709677,1.0,0.0070267168307549715,0.011950442247658686,0.4120119837295866,,,,,False
persistence,post_covid,persistence,2,pooled,ALL,flu_season,,bands,,494,,,,,,,,,,,,,,,,,,,,,0.8238866396761133,0.9878542510121457,0.7685924604059782,-0.010121457489878543,False
persistence,post_covid,persistence,2,pooled,ALL,flu_season,0.5,IT50,,494,130.0,0.2631578947368421,97.0,31.0,33.0,333.0,0.7461538461538462,0.2421875,0.7578125,0.08516483516483517,0.6024844720496895,0.751937984496124,0.660989010989011,0.6642738818332413,0.6643104432769655,0.8704453441295547,0.9846153846153847,0.09524705604677818,0.19390581717451527,0.5087973252444726,,,,,False
persistence,post_covid,persistence,2,pooled,ALL,flu_season,0.9,IT90,,494,35.0,0.0708502024291498,23.0,10.0,12.0,449.0,0.6571428571428571,0.30303030303030304,0.696969696969697,0.02178649237472767,0.5111111111111111,0.6764705882352942,0.6353563647681295,0.6525797583274726,0.6529054851577093,0.9554655870445344,0.9428571428571428,0.03710799067318023,0.06583045124489831,0.4363096413370552,,,,,False
persistence,post_covid,persistence,2,pooled,ALL,flu_season,0.98,IT98,,494,12.0,0.024291497975708502,8.0,3.0,4.0,479.0,0.6666666666666666,0.2727272727272727,0.7272727272727273,0.006224066390041493,0.5333333333333333,0.6956521739130435,0.6604426002766252,0.6884123265453235,0.6890953396840197,0.9858299595141701,0.9166666666666666,0.012178808134530112,0.02370142110180466,0.4861570501524568,,,,,False
persistence,post_covid,persistence,2,neighborhood,ALMIRANTE BROWN,overall,,bands,,53,,,,,,,,,,,,,,,,,,,,,1.0,1.0,,0.0,False
persistence,post_covid,persistence,2,neighborhood,ALMIRANTE BROWN,overall,0.5,IT50,45.51198712694632,53,0.0,0.0,0.0,0.0,0.0,53.0,,,,0.0,,,,,,1.0,,0.011505780374627747,0.0,,,,,,True
persistence,post_covid,persistence,2,neighborhood,ALMIRANTE BROWN,overall,0.9,IT90,59.3327355509796,53,0.0,0.0,0.0,0.0,0.0,53.0,,,,0.0,,,,,,1.0,,0.000995069564024732,0.0,,,,,,True
persistence,post_covid,persistence,2,neighborhood,ALMIRANTE BROWN,overall,0.98,IT98,70.30154029606965,53,0.0,0.0,0.0,0.0,0.0,53.0,,,,0.0,,,,,,1.0,,7.769811433309844e-05,0.0,,,,,,True
persistence,post_covid,persistence,2,neighborhood,ALMIRANTE BROWN,flu_season,,bands,,26,,,,,,,,,,,,,,,,,,,,,1.0,1.0,,0.0,False
persistence,post_covid,persistence,2,neighborhood,ALMIRANTE BROWN,flu_season,0.5,IT50,45.51198712694632,26,0.0,0.0,0.0,0.0,0.0,26.0,,,,0.0,,,,,,1.0,,0.022282149849901695,0.0,,,,,,True
persistence,post_covid,persistence,2,neighborhood,ALMIRANTE BROWN,flu_season,0.9,IT90,59.3327355509796,26,0.0,0.0,0.0,0.0,0.0,26.0,,,,0.0,,,,,,1.0,,0.002008100773166937,0.0,,,,,,True
persistence,post_covid,persistence,2,neighborhood,ALMIRANTE BROWN,flu_season,0.98,IT98,70.30154029606965,26,0.0,0.0,0.0,0.0,0.0,26.0,,,,0.0,,,,,,1.0,,0.00015812221655156543,0.0,,,,,,True
persistence,post_covid,persistence,2,neighborhood,AVELLANEDA,overall,,bands,,53,,,,,,,,,,,,,,,,,,,,,0.9245283018867925,1.0,0.29333333333333333,0.0,False
persistence,post_covid,persistence,2,neighborhood,AVELLANEDA,overall,0.5,IT50,245.84106655843968,53,3.0,0.05660377358490566,1.0,2.0,2.0,48.0,0.3333333333333333,0.6666666666666666,0.3333333333333333,0.04,0.2,0.3333333333333333,0.29333333333333333,0.29333333333333333,0.29333333333333333,0.9245283018867925,1.0,0.06022577136925224,0.05339978640085441,-0.12782794517486318,,,,,True
persistence,post_covid,persistence,2,neighborhood,AVELLANEDA,overall,0.9,IT90,374.7741671132419,53,0.0,0.0,0.0,0.0,0.0,53.0,,,,0.0,,,,,,1.0,,0.0003902820340852595,0.0,,,,,,True
persistence,post_covid,persistence,2,neighborhood,AVELLANEDA,overall,0.98,IT98,490.7992503428019,53,0.0,0.0,0.0,0.0,0.0,53.0,,,,0.0,,,,,,1.0,,1.1223829330003183e-09,0.0,,,,,,True
persistence,post_covid,persistence,2,neighborhood,AVELLANEDA,flu_season,,bands,,26,,,,,,,,,,,,,,,,,,,,,0.8461538461538461,1.0,0.24637681159420288,0.0,False
persistence,post_covid,persistence,2,neighborhood,AVELLANEDA,flu_season,0.5,IT50,245.84106655843968,26,3.0,0.11538461538461539,1.0,2.0,2.0,21.0,0.3333333333333333,0.6666666666666666,0.3333333333333333,0.08695652173913043,0.2,0.3333333333333333,0.24637681159420288,0.2463768115942029,0.2463768115942029,0.8461538461538461,1.0,0.12263394429149752,0.10207100591715977,-0.20145719334858425,,,,,True
persistence,post_covid,persistence,2,neighborhood,AVELLANEDA,flu_season,0.9,IT90,374.7741671132419,26,0.0,0.0,0.0,0.0,0.0,26.0,,,,0.0,,,,,,1.0,,0.0007955749156345153,0.0,,,,,,True
persistence,post_covid,persistence,2,neighborhood,AVELLANEDA,flu_season,0.98,IT98,490.7992503428019,26,0.0,0.0,0.0,0.0,0.0,26.0,,,,0.0,,,,,,1.0,,2.287934440346803e-09,0.0,,,,,,True
persistence,post_covid,persistence,2,neighborhood,EZEIZA,overall,,bands,,53,,,,,,,,,,,,,,,,,,,,,0.8867924528301887,1.0,0.5902061855670104,0.0,False
persistence,post_covid,persistence,2,neighborhood,EZEIZA,overall,0.5,IT50,139.80229436412165,53,5.0,0.09433962264150944,3.0,2.0,2.0,46.0,0.6,0.4,0.6,0.041666666666666664,0.42857142857142855,0.6,0.5583333333333333,0.5583333333333333,0.5583333333333333,0.9245283018867925,1.0,0.05774879083101596,0.08543965824136704,0.3240985273153174,,,,,False
persistence,post_covid,persistence,2,neighborhood,EZEIZA,overall,0.9,IT90,180.23131160603506,53,1.0,0.018867924528301886,0.0,1.0,1.0,51.0,0.0,1.0,0.0,0.019230769230769232,0.0,0.0,-0.019230769230769232,-0.019230769230769232,-0.019230769230769232,0.9622641509433962,1.0,0.021413558019973442,0.018511925952296185,-0.15674393227125805,,,,,True
persistence,post_covid,persistence,2,neighborhood,EZEIZA,overall,0.98,IT98,212.02965427114694,53,0.0,0.0,0.0,0.0,0.0,53.0,,,,0.0,,,,,,1.0,,0.0012685909109485174,0.0,,,,,,True
persistence,post_covid,persistence,2,neighborhood,EZEIZA,flu_season,,bands,,26,,,,,,,,,,,,,,,,,,,,,0.7692307692307693,1.0,0.5465116279069767,0.0,False
persistence,post_covid,persistence,2,neighborhood,EZEIZA,flu_season,0.5,IT50,139.80229436412165,26,5.0,0.19230769230769232,3.0,2.0,2.0,19.0,0.6,0.4,0.6,0.09523809523809523,0.42857142857142855,0.6,0.5047619047619047,0.5047619047619047,0.5047619047619047,0.8461538461538461,1.0,0.11737964014087592,0.15532544378698226,0.24429869775969415,,,,,False
persistence,post_covid,persistence,2,neighborhood,EZEIZA,flu_season,0.9,IT90,180.23131160603506,26,1.0,0.038461538461538464,0.0,1.0,1.0,24.0,0.0,1.0,0.0,0.04,0.0,0.0,-0.04,-0.04,-0.04,0.9230769230769231,1.0,0.04365058815213092,0.036982248520710054,-0.18031190363362026,,,,,True
persistence,post_covid,persistence,2,neighborhood,EZEIZA,flu_season,0.98,IT98,212.02965427114694,26,0.0,0.0,0.0,0.0,0.0,26.0,,,,0.0,,,,,,1.0,,0.002585973766143641,0.0,,,,,,True
persistence,post_covid,persistence,2,neighborhood,FLORENCIO VARELA,overall,,bands,,53,,,,,,,,,,,,,,,,,,,,,0.8490566037735849,1.0,0.5776892430278884,0.0,False
persistence,post_covid,persistence,2,neighborhood,FLORENCIO VARELA,overall,0.5,IT50,92.52865090835965,53,8.0,0.1509433962264151,5.0,3.0,3.0,42.0,0.625,0.375,0.625,0.06666666666666667,0.45454545454545453,0.625,0.5583333333333333,0.5583333333333333,0.5583333333333333,0.8867924528301887,1.0,0.07920862369317386,0.12815948736205057,0.3819527112385408,,,,,False
persistence,post_covid,persistence,2,neighborhood,FLORENCIO VARELA,overall,0.9,IT90,129.20404508235538,53,1.0,0.018867924528301886,0.0,1.0,1.0,51.0,0.0,1.0,0.0,0.019230769230769232,0.0,0.0,-0.019230769230769232,-0.019230769230769232,-0.019230769230769232,0.9622641509433962,1.0,0.02801590117700878,0.018511925952296185,-0.5133974308888016,,,,,True
persistence,post_covid,persistence,2,neighborhood,FLORENCIO VARELA,overall,0.98,IT98,159.96645580277627,53,0.0,0.0,0.0,0.0,0.0,53.0,,,,0.0,,,,,,1.0,,0.0023829814111845354,0.0,,,,,,True
persistence,post_covid,persistence,2,neighborhood,FLORENCIO VARELA,flu_season,,bands,,26,,,,,,,,,,,,,,,,,,,,,0.6923076923076923,1.0,0.4926829268292683,0.0,False
persistence,post_covid,persistence,2,neighborhood,FLORENCIO VARELA,flu_season,0.5,IT50,92.52865090835965,26,8.0,0.3076923076923077,5.0,3.0,3.0,15.0,0.625,0.375,0.625,0.16666666666666666,0.45454545454545453,0.625,0.45833333333333337,0.4583333333333333,0.4583333333333333,0.7692307692307693,1.0,0.16075064434608735,0.21301775147928986,0.24536503070864524,,,,,False
persistence,post_covid,persistence,2,neighborhood,FLORENCIO VARELA,flu_season,0.9,IT90,129.20404508235538,26,1.0,0.038461538461538464,0.0,1.0,1.0,24.0,0.0,1.0,0.0,0.04,0.0,0.0,-0.04,-0.04,-0.04,0.9230769230769231,1.0,0.057109149683326026,0.036982248520710054,-0.5442314074371359,,,,,True
persistence,post_covid,persistence,2,neighborhood,FLORENCIO VARELA,flu_season,0.98,IT98,159.96645580277627,26,0.0,0.0,0.0,0.0,0.0,26.0,,,,0.0,,,,,,1.0,,0.00485761594956586,0.0,,,,,,True
persistence,post_covid,persistence,2,neighborhood,GENERAL SAN MARTÍN,overall,,bands,,53,,,,,,,,,,,,,,,,,,,,,0.9245283018867925,1.0,0.4591836734693878,0.0,False
persistence,post_covid,persistence,2,neighborhood,GENERAL SAN MARTÍN,overall,0.5,IT50,77.94711365203958,53,4.0,0.07547169811320754,2.0,2.0,2.0,47.0,0.5,0.5,0.5,0.04081632653061224,0.3333333333333333,0.5,0.45918367346938777,0.45918367346938777,0.45918367346938777,0.9245283018867925,1.0,0.05674957978638365,0.0697757208971164,0.18668586928596065,,,,,True
persistence,post_covid,persistence,2,neighborhood,GENERAL SAN MARTÍN,overall,0.9,IT90,119.50868958439348,53,0.0,0.0,0.0,0.0,0.0,53.0,,,,0.0,,,,,,1.0,,0.00128933246130902,0.0,,,,,,True
persistence,post_covid,persistence,2,neighborhood,GENERAL SAN MARTÍN,overall,0.98,IT98,157.08069982681235,53,0.0,0.0,0.0,0.0,0.0,53.0,,,,0.0,,,,,,1.0,,4.0052375698840775e-06,0.0,,,,,,True
persistence,post_covid,persistence,2,neighborhood,GENERAL SAN MARTÍN,flu_season,,bands,,26,,,,,,,,,,,,,,,,,,,,,0.8461538461538461,1.0,0.40909090909090906,0.0,False
persistence,post_covid,persistence,2,neighborhood,GENERAL SAN MARTÍN,flu_season,0.5,IT50,77.94711365203958,26,4.0,0.15384615384615385,2.0,2.0,2.0,20.0,0.5,0.5,0.5,0.09090909090909091,0.3333333333333333,0.5,0.40909090909090906,0.4090909090909091,0.4090909090909091,0.8461538461538461,1.0,0.11326437585333944,0.13017751479289943,0.12992365821752905,,,,,True
persistence,post_covid,persistence,2,neighborhood,GENERAL SAN MARTÍN,flu_season,0.9,IT90,119.50868958439348,26,0.0,0.0,0.0,0.0,0.0,26.0,,,,0.0,,,,,,1.0,,0.0026280275057837294,0.0,,,,,,True
persistence,post_covid,persistence,2,neighborhood,GENERAL SAN MARTÍN,flu_season,0.98,IT98,157.08069982681235,26,0.0,0.0,0.0,0.0,0.0,26.0,,,,0.0,,,,,,1.0,,8.164522617524288e-06,0.0,,,,,,True
persistence,post_covid,persistence,2,neighborhood,JOSÉ C. PAZ,overall,,bands,,53,,,,,,,,,,,,,,,,,,,,,0.6226415094339622,1.0,0.7626511419614869,-0.03773584905660377,False
persistence,post_covid,persistence,2,neighborhood,JOSÉ C. PAZ,overall,0.5,IT50,222.17859568980776,53,30.0,0.5660377358490566,25.0,3.0,5.0,20.0,0.8333333333333334,0.10714285714285714,0.8928571428571429,0.13043478260869565,0.7575757575757576,0.8620689655172413,0.7028985507246377,0.6958393113342898,0.6978597864711069,0.8490566037735849,0.9333333333333333,0.11069446612541747,0.2456390174439302,0.5493612241358005,,,,,False
persistence,post_covid,persistence,2,neighborhood,JOSÉ C. PAZ,overall,0.9,IT90,355.8888420506266,53,11.0,0.20754716981132076,7.0,4.0,4.0,38.0,0.6363636363636364,0.36363636363636365,0.6363636363636364,0.09523809523809523,0.4666666666666667,0.6363636363636364,0.5411255411255411,0.5411255411255411,0.5411255411255411,0.8490566037735849,1.0,0.10523715059107881,0.1644713421146316,0.3601490129646314,,,,,False
persistence,post_covid,persistence,2,neighborhood,JOSÉ C. PAZ,overall,0.98,IT98,481.06046989083103,53,3.0,0.05660377358490566,1.0,2.0,2.0,48.0,0.3333333333333333,0.6666666666666666,0.3333333333333333,0.04,0.2,0.3333333333333333,0.29333333333333333,0.29333333333333333,0.29333333333333333,0.9245283018867925,1.0,0.06810241874930985,0.05339978640085441,-0.27533129511207544,,,,,True
persistence,post_covid,persistence,2,neighborhood,JOSÉ C. PAZ,flu_season,,bands,,26,,,,,,,,,,,,,,,,,,,,,0.4230769230769231,1.0,0.5695364238410596,-0.038461538461538464,False
persistence,post_covid,persistence,2,neighborhood,JOSÉ C. PAZ,flu_season,0.5,IT50,222.17859568980776,26,24.0,0.9230769230769231,22.0,1.0,2.0,1.0,0.9166666666666666,0.043478260869565216,0.9565217391304348,0.5,0.88,0.9361702127659575,0.41666666666666663,0.3389830508474576,0.34752402342845795,0.8846153846153846,0.9583333333333334,0.08924288689195742,0.07100591715976333,-0.25683732372840007,,,,,False
persistence,post_covid,persistence,2,neighborhood,JOSÉ C. PAZ,flu_season,0.9,IT90,355.8888420506266,26,11.0,0.4230769230769231,7.0,4.0,4.0,11.0,0.6363636363636364,0.36363636363636365,0.6363636363636364,0.26666666666666666,0.4666666666666667,0.6363636363636364,0.3696969696969697,0.3696969696969697,0.3696969696969697,0.6923076923076923,1.0,0.21449242233798893,0.24408284023668633,0.12123104545163299,,,,,False
persistence,post_covid,persistence,2,neighborhood,JOSÉ C. PAZ,flu_season,0.98,IT98,481.06046989083103,26,3.0,0.11538461538461539,1.0,2.0,2.0,21.0,0.3333333333333333,0.6666666666666666,0.3333333333333333,0.08695652173913043,0.2,0.3333333333333333,0.24637681159420288,0.2463768115942029,0.2463768115942029,0.8461538461538461,1.0,0.13882416129664205,0.10207100591715977,-0.3600743918337683,,,,,True
persistence,post_covid,persistence,2,neighborhood,LA MATANZA,overall,,bands,,53,,,,,,,,,,,,,,,,,,,,,0.7735849056603774,1.0,0.6513157894736843,0.0,False
persistence,post_covid,persistence,2,neighborhood,LA MATANZA,overall,0.5,IT50,24.512107570850826,53,23.0,0.4339622641509434,19.0,4.0,4.0,26.0,0.8260869565217391,0.17391304347826086,0.8260869565217391,0.13333333333333333,0.7037037037037037,0.8260869565217391,0.6927536231884058,0.6927536231884058,0.6927536231884058,0.8490566037735849,1.0,0.11114444953539424,0.24563901744393019,0.5475293351522863,,,,,False
persistence,post_covid,persistence,2,neighborhood,LA MATANZA,overall,0.9,IT90,49.0533041651205,53,2.0,0.03773584905660377,0.0,2.0,2.0,49.0,0.0,1.0,0.0,0.0392156862745098,0.0,0.0,-0.0392156862745098,-0.0392156862745098,-0.0392156862745098,0.9245283018867925,1.0,0.05568028360387247,0.03631185475258099,-0.5333913396399781,,,,,True
persistence,post_covid,persistence,2,neighborhood,LA MATANZA,overall,0.98,IT98,76.45298521130762,53,0.0,0.0,0.0,0.0,0.0,53.0,,,,0.0,,,,,,1.0,,0.0005122798104437902,0.0,,,,,,True
persistence,post_covid,persistence,2,neighborhood,LA MATANZA,flu_season,,bands,,26,,,,,,,,,,,,,,,,,,,,,0.6538461538461539,1.0,0.28220858895705503,0.038461538461538464,False
persistence,post_covid,persistence,2,neighborhood,LA MATANZA,flu_season,0.5,IT50,24.512107570850826,26,21.0,0.8076923076923077,19.0,3.0,2.0,2.0,0.9047619047619048,0.13636363636363635,0.8636363636363636,0.6,0.7916666666666666,0.8837209302325582,0.3047619047619048,0.32989690721649484,0.3329001514305916,0.8076923076923077,1.0476190476190477,0.14221866846161366,0.15532544378698226,0.0843826678090398,,,,,False
persistence,post_covid,persistence,2,neighborhood,LA MATANZA,flu_season,0.9,IT90,49.0533041651205,26,2.0,0.07692307692307693,0.0,2.0,2.0,22.0,0.0,1.0,0.0,0.08333333333333333,0.0,0.0,-0.08333333333333333,-0.08333333333333333,-0.08333333333333333,0.8461538461538461,1.0,0.1134561279091805,0.07100591715976333,-0.5978404680542917,,,,,True
persistence,post_covid,persistence,2,neighborhood,LA MATANZA,flu_season,0.98,IT98,76.45298521130762,26,0.0,0.0,0.0,0.0,0.0,26.0,,,,0.0,,,,,,1.0,,0.0010442625898238714,0.0,,,,,,True
persistence,post_covid,persistence,2,neighborhood,LANÚS,overall,,bands,,53,,,,,,,,,,,,,,,,,,,,,0.9245283018867925,1.0,0.4591836734693878,0.0,False
persistence,post_covid,persistence,2,neighborhood,LANÚS,overall,0.5,IT50,132.6029855198303,53,4.0,0.07547169811320754,2.0,2.0,2.0,47.0,0.5,0.5,0.5,0.04081632653061224,0.3333333333333333,0.5,0.45918367346938777,0.45918367346938777,0.45918367346938777,0.9245283018867925,1.0,0.060387395661621934,0.06977572089711641,0.13455002850257136,,,,,True
persistence,post_covid,persistence,2,neighborhood,LANÚS,overall,0.9,IT90,190.48996986250967,53,0.0,0.0,0.0,0.0,0.0,53.0,,,,0.0,,,,,,1.0,,0.0021983518893017666,0.0,,,,,,True
persistence,post_covid,persistence,2,neighborhood,LANÚS,overall,0.98,IT98,240.1624128185746,53,0.0,0.0,0.0,0.0,0.0,53.0,,,,0.0,,,,,,1.0,,1.1791797606871435e-05,0.0,,,,,,True
persistence,post_covid,persistence,2,neighborhood,LANÚS,flu_season,,bands,,26,,,,,,,,,,,,,,,,,,,,,0.8461538461538461,1.0,0.40909090909090906,0.0,False
persistence,post_covid,persistence,2,neighborhood,LANÚS,flu_season,0.5,IT50,132.6029855198303,26,4.0,0.15384615384615385,2.0,2.0,2.0,20.0,0.5,0.5,0.5,0.09090909090909091,0.3333333333333333,0.5,0.40909090909090906,0.4090909090909091,0.4090909090909091,0.8461538461538461,1.0,0.12288516133963466,0.13017751479289943,0.05601853334553397,,,,,True
persistence,post_covid,persistence,2,neighborhood,LANÚS,flu_season,0.9,IT90,190.48996986250967,26,0.0,0.0,0.0,0.0,0.0,26.0,,,,0.0,,,,,,1.0,,0.0044812554260331375,0.0,,,,,,True
persistence,post_covid,persistence,2,neighborhood,LANÚS,flu_season,0.98,IT98,240.1624128185746,26,0.0,0.0,0.0,0.0,0.0,26.0,,,,0.0,,,,,,1.0,,2.4037125890927955e-05,0.0,,,,,,True
persistence,post_covid,persistence,2,neighborhood,LOMAS DE ZAMORA,overall,,bands,,41,,,,,,,,,,,,,,,,,,,,,1.0,1.0,,0.0,False
persistence,post_covid,persistence,2,neighborhood,LOMAS DE ZAMORA,overall,0.5,IT50,8.281330480989212,41,0.0,0.0,0.0,0.0,0.0,41.0,,,,0.0,,,,,,1.0,,3.5037452950301856e-05,0.0,,,,,,True
persistence,post_covid,persistence,2,neighborhood,LOMAS DE ZAMORA,overall,0.9,IT90,13.281987582112178,41,0.0,0.0,0.0,0.0,0.0,41.0,,,,0.0,,,,,,1.0,,2.1960717059628112e-09,0.0,,,,,,True
persistence,post_covid,persistence,2,neighborhood,LOMAS DE ZAMORA,overall,0.98,IT98,17.968039817353144,41,0.0,0.0,0.0,0.0,0.0,41.0,,,,0.0,,,,,,1.0,,8.097745643610628e-15,0.0,,,,,,True
persistence,post_covid,persistence,2,neighborhood,LOMAS DE ZAMORA,flu_season,,bands,,26,,,,,,,,,,,,,,,,,,,,,1.0,1.0,,0.0,False
persistence,post_covid,persistence,2,neighborhood,LOMAS DE ZAMORA,flu_season,0.5,IT50,8.281330480989212,26,0.0,0.0,0.0,0.0,0.0,26.0,,,,0.0,,,,,,1.0,,3.971196420711832e-05,0.0,,,,,,True
persistence,post_covid,persistence,2,neighborhood,LOMAS DE ZAMORA,flu_season,0.9,IT90,13.281987582112178,26,0.0,0.0,0.0,0.0,0.0,26.0,,,,0.0,,,,,,1.0,,2.9310839491512066e-09,0.0,,,,,,True
persistence,post_covid,persistence,2,neighborhood,LOMAS DE ZAMORA,flu_season,0.98,IT98,17.968039817353144,26,0.0,0.0,0.0,0.0,0.0,26.0,,,,0.0,,,,,,1.0,,1.214575513922013e-14,0.0,,,,,,True
persistence,post_covid,persistence,2,neighborhood,MALVINAS ARGENTINAS,overall,,bands,,53,,,,,,,,,,,,,,,,,,,,,0.8867924528301887,0.9245283018867925,0.7066420664206642,0.0,False
persistence,post_covid,persistence,2,neighborhood,MALVINAS ARGENTINAS,overall,0.5,IT50,19.75908456675979,53,12.0,0.22641509433962265,9.0,3.0,3.0,38.0,0.75,0.25,0.75,0.07317073170731707,0.6,0.75,0.676829268292683,0.676829268292683,0.676829268292683,0.8867924528301887,1.0,0.11087295123567559,0.17515129939480242,0.36698756093290097,,,,,False
persistence,post_covid,persistence,2,neighborhood,MALVINAS ARGENTINAS,overall,0.9,IT90,75.76432319476002,53,9.0,0.16981132075471697,7.0,2.0,2.0,42.0,0.7777777777777778,0.2222222222222222,0.7777777777777778,0.045454545454545456,0.6363636363636364,0.7777777777777778,0.7323232323232324,0.7323232323232324,0.7323232323232324,0.9245283018867925,1.0,0.08279359208462343,0.14097543609825564,0.4127090904906384,,,,,False
persistence,post_covid,persistence,2,neighborhood,MALVINAS ARGENTINAS,overall,0.98,IT98,178.99536057166898,53,0.0,0.0,0.0,0.0,0.0,53.0,,,,0.0,,,,,,1.0,,0.0002974926547198153,0.0,,,,,,True
persistence,post_covid,persistence,2,neighborhood,MALVINAS ARGENTINAS,flu_season,,bands,,26,,,,,,,,,,,,,,,,,,,,,0.7692307692307693,0.8461538461538461,0.5916230366492147,0.0,False
persistence,post_covid,persistence,2,neighborhood,MALVINAS ARGENTINAS,flu_season,0.5,IT50,19.75908456675979,26,12.0,0.46153846153846156,9.0,3.0,3.0,11.0,0.75,0.25,0.75,0.21428571428571427,0.6,0.75,0.5357142857142857,0.5357142857142857,0.5357142857142857,0.7692307692307693,1.0,0.20959591289137547,0.24852071005917165,0.15662596955613217,,,,,False
persistence,post_covid,persistence,2,neighborhood,MALVINAS ARGENTINAS,flu_season,0.9,IT90,75.76432319476002,26,9.0,0.34615384615384615,7.0,2.0,2.0,15.0,0.7777777777777778,0.2222222222222222,0.7777777777777778,0.11764705882352941,0.6363636363636364,0.7777777777777778,0.6601307189542484,0.6601307189542484,0.6601307189542484,0.8461538461538461,1.0,0.1687715530955785,0.22633136094674555,0.25431653664960086,,,,,False
persistence,post_covid,persistence,2,neighborhood,MALVINAS ARGENTINAS,flu_season,0.98,IT98,178.99536057166898,26,0.0,0.0,0.0,0.0,0.0,26.0,,,,0.0,,,,,,1.0,,0.000606427334621162,0.0,,,,,,True
persistence,post_covid,persistence,2,neighborhood,MERLO,overall,,bands,,53,,,,,,,,,,,,,,,,,,,,,1.0,1.0,,0.0,False
persistence,post_covid,persistence,2,neighborhood,MERLO,overall,0.5,IT50,93.32449393075508,53,0.0,0.0,0.0,0.0,0.0,53.0,,,,0.0,,,,,,1.0,,6.714330193318823e-05,0.0,,,,,,True
persistence,post_covid,persistence,2,neighborhood,MERLO,overall,0.9,IT90,164.5170716895135,53,0.0,0.0,0.0,0.0,0.0,53.0,,,,0.0,,,,,,1.0,,8.240702665600241e-16,0.0,,,,,,True
persistence,post_covid,persistence,2,neighborhood,MERLO,overall,0.98,IT98,236.4333757518645,53,0.0,0.0,0.0,0.0,0.0,53.0,,,,0.0,,,,,,1.0,,0.0,0.0,,,,,,True
persistence,post_covid,persistence,2,neighborhood,MERLO,flu_season,,bands,,26,,,,,,,,,,,,,,,,,,,,,1.0,1.0,,0.0,False
persistence,post_covid,persistence,2,neighborhood,MERLO,flu_season,0.5,IT50,93.32449393075508,26,0.0,0.0,0.0,0.0,0.0,26.0,,,,0.0,,,,,,1.0,,0.00013686903855603046,0.0,,,,,,True
persistence,post_covid,persistence,2,neighborhood,MERLO,flu_season,0.9,IT90,164.5170716895135,26,0.0,0.0,0.0,0.0,0.0,26.0,,,,0.0,,,,,,1.0,,1.6798355433723566e-15,0.0,,,,,,True
persistence,post_covid,persistence,2,neighborhood,MERLO,flu_season,0.98,IT98,236.4333757518645,26,0.0,0.0,0.0,0.0,0.0,26.0,,,,0.0,,,,,,1.0,,0.0,0.0,,,,,,True
persistence,post_covid,persistence,2,neighborhood,MORENO,overall,,bands,,53,,,,,,,,,,,,,,,,,,,,,0.8867924528301887,1.0,0.7314189189189189,0.0,False
persistence,post_covid,persistence,2,neighborhood,MORENO,overall,0.5,IT50,101.79720605127496,53,16.0,0.3018867924528302,13.0,3.0,3.0,34.0,0.8125,0.1875,0.8125,0.08108108108108109,0.6842105263157895,0.8125,0.7314189189189189,0.731418918918919,0.731418918918919,0.8867924528301887,1.0,0.061413934740341125,0.21075115699537209,0.7085950292472667,,,,,False
persistence,post_covid,persistence,2,neighborhood,MORENO,overall,0.9,IT90,214.46725243408844,53,0.0,0.0,0.0,0.0,0.0,53.0,,,,0.0,,,,,,1.0,,0.0026250985537234805,0.0,,,,,,True
persistence,post_covid,persistence,2,neighborhood,MORENO,overall,0.98,IT98,345.44262322711484,53,0.0,0.0,0.0,0.0,0.0,53.0,,,,0.0,,,,,,1.0,,2.3935800567739623e-11,0.0,,,,,,True
persistence,post_covid,persistence,2,neighborhood,MORENO,flu_season,,bands,,26,,,,,,,,,,,,,,,,,,,,,0.7692307692307693,1.0,0.5125,0.0,False
persistence,post_covid,persistence,2,neighborhood,MORENO,flu_season,0.5,IT50,101.79720605127496,26,16.0,0.6153846153846154,13.0,3.0,3.0,7.0,0.8125,0.1875,0.8125,0.3,0.6842105263157895,0.8125,0.5125,0.5125,0.5125,0.7692307692307693,1.0,0.12272290307075087,0.2366863905325444,0.48149573452607763,,,,,False
persistence,post_covid,persistence,2,neighborhood,MORENO,flu_season,0.9,IT90,214.46725243408844,26,0.0,0.0,0.0,0.0,0.0,26.0,,,,0.0,,,,,,1.0,,0.005351162436436325,0.0,,,,,,True
persistence,post_covid,persistence,2,neighborhood,MORENO,flu_season,0.98,IT98,345.44262322711484,26,0.0,0.0,0.0,0.0,0.0,26.0,,,,0.0,,,,,,1.0,,4.879220884962308e-11,0.0,,,,,,True
persistence,post_covid,persistence,2,neighborhood,MORÓN,overall,,bands,,53,,,,,,,,,,,,,,,,,,,,,0.8867924528301887,1.0,0.5062111801242236,0.0,False
persistence,post_covid,persistence,2,neighborhood,MORÓN,overall,0.5,IT50,28.847000469649124,53,7.0,0.1320754716981132,4.0,3.0,3.0,43.0,0.5714285714285714,0.42857142857142855,0.5714285714285714,0.06521739130434782,0.4,0.5714285714285714,0.5062111801242236,0.5062111801242236,0.5062111801242236,0.8867924528301887,1.0,0.09474199596982047,0.1146315414738341,0.17350848857383316,,,,,False
persistence,post_covid,persistence,2,neighborhood,MORÓN,overall,0.9,IT90,57.29975452086349,53,0.0,0.0,0.0,0.0,0.0,53.0,,,,0.0,,,,,,1.0,,0.004970646804613514,0.0,,,,,,True
persistence,post_covid,persistence,2,neighborhood,MORÓN,overall,0.98,IT98,88.88106833465432,53,0.0,0.0,0.0,0.0,0.0,53.0,,,,0.0,,,,,,1.0,,2.674204193851599e-05,0.0,,,,,,True
persistence,post_covid,persistence,2,neighborhood,MORÓN,flu_season,,bands,,26,,,,,,,,,,,,,,,,,,,,,0.7692307692307693,1.0,0.4135338345864663,0.0,False
persistence,post_covid,persistence,2,neighborhood,MORÓN,flu_season,0.5,IT50,28.847000469649124,26,7.0,0.2692307692307692,4.0,3.0,3.0,16.0,0.5714285714285714,0.42857142857142855,0.5714285714285714,0.15789473684210525,0.4,0.5714285714285714,0.41353383458646614,0.41353383458646614,0.41353383458646614,0.7692307692307693,1.0,0.1714993922314008,0.19674556213017758,0.1283188785832564,,,,,False
persistence,post_covid,persistence,2,neighborhood,MORÓN,flu_season,0.9,IT90,57.29975452086349,26,0.0,0.0,0.0,0.0,0.0,26.0,,,,0.0,,,,,,1.0,,0.010129802829521833,0.0,,,,,,True
persistence,post_covid,persistence,2,neighborhood,MORÓN,flu_season,0.98,IT98,88.88106833465432,26,0.0,0.0,0.0,0.0,0.0,26.0,,,,0.0,,,,,,1.0,,5.4512623941099405e-05,0.0,,,,,,True
persistence,post_covid,persistence,2,neighborhood,QUILMES,overall,,bands,,53,,,,,,,,,,,,,,,,,,,,,1.0,1.0,,0.0,False
persistence,post_covid,persistence,2,neighborhood,QUILMES,overall,0.5,IT50,46.34689792435932,53,0.0,0.0,0.0,0.0,0.0,53.0,,,,0.0,,,,,,1.0,,0.0134748335312134,0.0,,,,,,True
persistence,post_covid,persistence,2,neighborhood,QUILMES,overall,0.9,IT90,80.98262048145082,53,0.0,0.0,0.0,0.0,0.0,53.0,,,,0.0,,,,,,1.0,,1.6772211460192713e-06,0.0,,,,,,True
persistence,post_covid,persistence,2,neighborhood,QUILMES,overall,0.98,IT98,115.72591322033615,53,0.0,0.0,0.0,0.0,0.0,53.0,,,,0.0,,,,,,1.0,,1.7338991744768812e-13,0.0,,,,,,True
persistence,post_covid,persistence,2,neighborhood,QUILMES,flu_season,,bands,,26,,,,,,,,,,,,,,,,,,,,,1.0,1.0,,0.0,False
persistence,post_covid,persistence,2,neighborhood,QUILMES,flu_season,0.5,IT50,46.34689792435932,26,0.0,0.0,0.0,0.0,0.0,26.0,,,,0.0,,,,,,1.0,,0.02451979922188379,0.0,,,,,,True
persistence,post_covid,persistence,2,neighborhood,QUILMES,flu_season,0.9,IT90,80.98262048145082,26,0.0,0.0,0.0,0.0,0.0,26.0,,,,0.0,,,,,,1.0,,3.3200361090644943e-06,0.0,,,,,,True
persistence,post_covid,persistence,2,neighborhood,QUILMES,flu_season,0.98,IT98,115.72591322033615,26,0.0,0.0,0.0,0.0,0.0,26.0,,,,0.0,,,,,,1.0,,3.5287813563348335e-13,0.0,,,,,,True
persistence,post_covid,persistence,2,neighborhood,SAN ISIDRO,overall,,bands,,50,,,,,,,,,,,,,,,,,,,,,1.0,1.0,,0.0,False
persistence,post_covid,persistence,2,neighborhood,SAN ISIDRO,overall,0.5,IT50,31.02709117627285,50,0.0,0.0,0.0,0.0,0.0,50.0,,,,0.0,,,,,,1.0,,0.009550153888194562,0.0,,,,,,True
persistence,post_covid,persistence,2,neighborhood,SAN ISIDRO,overall,0.9,IT90,61.06994953059092,50,0.0,0.0,0.0,0.0,0.0,50.0,,,,0.0,,,,,,1.0,,6.535800408429667e-06,0.0,,,,,,True
persistence,post_covid,persistence,2,neighborhood,SAN ISIDRO,overall,0.98,IT98,94.17754601713678,50,0.0,0.0,0.0,0.0,0.0,50.0,,,,0.0,,,,,,1.0,,5.423858608897744e-13,0.0,,,,,,True
persistence,post_covid,persistence,2,neighborhood,SAN ISIDRO,flu_season,,bands,,26,,,,,,,,,,,,,,,,,,,,,1.0,1.0,,0.0,False
persistence,post_covid,persistence,2,neighborhood,SAN ISIDRO,flu_season,0.5,IT50,31.02709117627285,26,0.0,0.0,0.0,0.0,0.0,26.0,,,,0.0,,,,,,1.0,,0.014467797836032149,0.0,,,,,,True
persistence,post_covid,persistence,2,neighborhood,SAN ISIDRO,flu_season,0.9,IT90,61.06994953059092,26,0.0,0.0,0.0,0.0,0.0,26.0,,,,0.0,,,,,,1.0,,1.2337099769929013e-05,0.0,,,,,,True
persistence,post_covid,persistence,2,neighborhood,SAN ISIDRO,flu_season,0.98,IT98,94.17754601713678,26,0.0,0.0,0.0,0.0,0.0,26.0,,,,0.0,,,,,,1.0,,1.0429668041129364e-12,0.0,,,,,,True
persistence,post_covid,persistence,2,neighborhood,SAN MIGUEL,overall,,bands,,53,,,,,,,,,,,,,,,,,,,,,0.7735849056603774,0.9622641509433962,0.8727660709522539,-0.03773584905660377,False
persistence,post_covid,persistence,2,neighborhood,SAN MIGUEL,overall,0.5,IT50,41.72536470891113,53,21.0,0.39622641509433965,17.0,2.0,4.0,30.0,0.8095238095238095,0.10526315789473684,0.8947368421052632,0.0625,0.7391304347826086,0.85,0.7470238095238095,0.7594553706505295,0.7619085051691918,0.8867924528301887,0.9047619047619048,0.07754408126954926,0.2392310430758277,0.6758611245741609,,,,,False
persistence,post_covid,persistence,2,neighborhood,SAN MIGUEL,overall,0.9,IT90,54.8832873966512,53,13.0,0.24528301886792453,11.0,2.0,2.0,38.0,0.8461538461538461,0.15384615384615385,0.8461538461538461,0.05,0.7333333333333333,0.8461538461538461,0.7961538461538461,0.7961538461538461,0.7961538461538461,0.9245283018867925,1.0,0.061286336217460415,0.18511925952296196,0.6689359260868342,,,,,False
persistence,post_covid,persistence,2,neighborhood,SAN MIGUEL,overall,0.98,IT98,65.40139686030513,53,9.0,0.16981132075471697,7.0,2.0,2.0,42.0,0.7777777777777778,0.2222222222222222,0.7777777777777778,0.045454545454545456,0.6363636363636364,0.7777777777777778,0.7323232323232324,0.7323232323232324,0.7323232323232324,0.9245283018867925,1.0,0.058834790017100236,0.14097543609825564,0.5826592799039532,,,,,False
persistence,post_covid,persistence,2,neighborhood,SAN MIGUEL,flu_season,,bands,,26,,,,,,,,,,,,,,,,,,,,,0.6538461538461539,0.9230769230769231,0.8317515099223468,-0.19230769230769232,False
persistence,post_covid,persistence,2,neighborhood,SAN MIGUEL,flu_season,0.5,IT50,41.72536470891113,26,16.0,0.6153846153846154,12.0,2.0,4.0,8.0,0.75,0.14285714285714285,0.8571428571428571,0.2,0.6666666666666666,0.8,0.55,0.5301204819277109,0.5367450401216932,0.7692307692307693,0.875,0.14742481351900008,0.2366863905325444,0.3771301628822247,,,,,False
persistence,post_covid,persistence,2,neighborhood,SAN MIGUEL,flu_season,0.9,IT90,54.8832873966512,26,11.0,0.4230769230769231,9.0,0.0,2.0,15.0,0.8181818181818182,0.0,1.0,0.0,0.8181818181818182,0.9,0.8181818181818182,0.8385093167701864,0.8496617760555311,0.9230769230769231,0.8181818181818182,0.07741648647501632,0.24408284023668633,0.6828270008659936,,,,,False
persistence,post_covid,persistence,2,neighborhood,SAN MIGUEL,flu_season,0.98,IT98,65.40139686030513,26,9.0,0.34615384615384615,7.0,1.0,2.0,16.0,0.7777777777777778,0.125,0.875,0.058823529411764705,0.7,0.8235294117647058,0.7189542483660131,0.738255033557047,0.7410810764999063,0.8846153846153846,0.8888888888888888,0.08323380072197918,0.22633136094674558,0.6322480438689024,,,,,False
persistence,post_covid,persistence,2,neighborhood,TIGRE,overall,,bands,,53,,,,,,,,,,,,,,,,,,,,,0.9245283018867925,1.0,0.6708074534161491,0.0,False
persistence,post_covid,persistence,2,neighborhood,TIGRE,overall,0.5,IT50,22.292181427607932,53,7.0,0.1320754716981132,5.0,2.0,2.0,44.0,0.7142857142857143,0.2857142857142857,0.7142857142857143,0.043478260869565216,0.5555555555555556,0.7142857142857143,0.6708074534161491,0.6708074534161491,0.6708074534161491,0.9245283018867925,1.0,0.04128544052033626,0.1146315414738341,0.6398422285042715,,,,,False
persistence,post_covid,persistence,2,neighborhood,TIGRE,overall,0.9,IT90,51.59902428823632,53,0.0,0.0,0.0,0.0,0.0,53.0,,,,0.0,,,,,,1.0,,0.002103418332212934,0.0,,,,,,True
persistence,post_covid,persistence,2,neighborhood,TIGRE,overall,0.98,IT98,88.26651373174553,53,0.0,0.0,0.0,0.0,0.0,53.0,,,,0.0,,,,,,1.0,,1.2571725190804158e-07,0.0,,,,,,True
persistence,post_covid,persistence,2,neighborhood,TIGRE,flu_season,,bands,,26,,,,,,,,,,,,,,,,,,,,,0.8461538461538461,1.0,0.6090225563909775,0.0,False
persistence,post_covid,persistence,2,neighborhood,TIGRE,flu_season,0.5,IT50,22.292181427607932,26,7.0,0.2692307692307692,5.0,2.0,2.0,17.0,0.7142857142857143,0.2857142857142857,0.7142857142857143,0.10526315789473684,0.5555555555555556,0.7142857142857143,0.6090225563909775,0.6090225563909775,0.6090225563909775,0.8461538461538461,1.0,0.08412905248858943,0.19674556213017758,0.5723966956219064,,,,,False
persistence,post_covid,persistence,2,neighborhood,TIGRE,flu_season,0.9,IT90,51.59902428823632,26,0.0,0.0,0.0,0.0,0.0,26.0,,,,0.0,,,,,,1.0,,0.004287737369510981,0.0,,,,,,True
persistence,post_covid,persistence,2,neighborhood,TIGRE,flu_season,0.98,IT98,88.26651373174553,26,0.0,0.0,0.0,0.0,0.0,26.0,,,,0.0,,,,,,1.0,,2.562697827356232e-07,0.0,,,,,,True
persistence,post_covid,persistence,2,neighborhood,TRES DE FEBRERO,overall,,bands,,53,,,,,,,,,,,,,,,,,,,,,0.9245283018867925,1.0,-0.03921568627450989,0.0,False
persistence,post_covid,persistence,2,neighborhood,TRES DE FEBRERO,overall,0.5,IT50,92.40050209783404,53,2.0,0.03773584905660377,0.0,2.0,2.0,49.0,0.0,1.0,0.0,0.0392156862745098,0.0,0.0,-0.0392156862745098,-0.0392156862745098,-0.0392156862745098,0.9245283018867925,1.0,0.04365728719693574,0.03631185475258099,-0.20228744839404422,,,,,True
persistence,post_covid,persistence,2,neighborhood,TRES DE FEBRERO,overall,0.9,IT90,150.5622822202344,53,0.0,0.0,0.0,0.0,0.0,53.0,,,,0.0,,,,,,1.0,,0.00020830343643266408,0.0,,,,,,True
persistence,post_covid,persistence,2,neighborhood,TRES DE FEBRERO,overall,0.98,IT98,205.7567466717726,53,0.0,0.0,0.0,0.0,0.0,53.0,,,,0.0,,,,,,1.0,,8.701036237165641e-09,0.0,,,,,,True
persistence,post_covid,persistence,2,neighborhood,TRES DE FEBRERO,flu_season,,bands,,26,,,,,,,,,,,,,,,,,,,,,0.8461538461538461,1.0,-0.08333333333333348,0.0,False
persistence,post_covid,persistence,2,neighborhood,TRES DE FEBRERO,flu_season,0.5,IT50,92.40050209783404,26,2.0,0.07692307692307693,0.0,2.0,2.0,22.0,0.0,1.0,0.0,0.08333333333333333,0.0,0.0,-0.08333333333333333,-0.08333333333333333,-0.08333333333333333,0.8461538461538461,1.0,0.0887824050302788,0.07100591715976333,-0.2503522041764261,,,,,True
persistence,post_covid,persistence,2,neighborhood,TRES DE FEBRERO,flu_season,0.9,IT90,150.5622822202344,26,0.0,0.0,0.0,0.0,0.0,26.0,,,,0.0,,,,,,1.0,,0.0004246185396745953,0.0,,,,,,True
persistence,post_covid,persistence,2,neighborhood,TRES DE FEBRERO,flu_season,0.98,IT98,205.7567466717726,26,0.0,0.0,0.0,0.0,0.0,26.0,,,,0.0,,,,,,1.0,,1.7736727714222265e-08,0.0,,,,,,True
persistence,post_covid,persistence,2,neighborhood,VICENTE LÓPEZ,overall,,bands,,53,,,,,,,,,,,,,,,,,,,,,0.9622641509433962,1.0,-0.01923076923076894,0.0,False
persistence,post_covid,persistence,2,neighborhood,VICENTE LÓPEZ,overall,0.5,IT50,105.82113989675452,53,1.0,0.018867924528301886,0.0,1.0,1.0,51.0,0.0,1.0,0.0,0.019230769230769232,0.0,0.0,-0.019230769230769232,-0.019230769230769232,-0.019230769230769232,0.9622641509433962,1.0,0.027333327301262,0.018511925952296185,-0.4765253151777882,,,,,True
persistence,post_covid,persistence,2,neighborhood,VICENTE LÓPEZ,overall,0.9,IT90,168.616011392644,53,0.0,0.0,0.0,0.0,0.0,53.0,,,,0.0,,,,,,1.0,,1.6461078045041692e-05,0.0,,,,,,True
persistence,post_covid,persistence,2,neighborhood,VICENTE LÓPEZ,overall,0.98,IT98,227.1548194913809,53,0.0,0.0,0.0,0.0,0.0,53.0,,,,0.0,,,,,,1.0,,3.1224604964477445e-11,0.0,,,,,,True
persistence,post_covid,persistence,2,neighborhood,VICENTE LÓPEZ,flu_season,,bands,,26,,,,,,,,,,,,,,,,,,,,,0.9230769230769231,1.0,-0.040000000000000036,0.0,False
persistence,post_covid,persistence,2,neighborhood,VICENTE LÓPEZ,flu_season,0.5,IT50,105.82113989675452,26,1.0,0.038461538461538464,0.0,1.0,1.0,24.0,0.0,1.0,0.0,0.04,0.0,0.0,-0.04,-0.04,-0.04,0.9230769230769231,1.0,0.0557179364218033,0.036982248520710054,-0.5066130008455616,,,,,True
persistence,post_covid,persistence,2,neighborhood,VICENTE LÓPEZ,flu_season,0.9,IT90,168.616011392644,26,0.0,0.0,0.0,0.0,0.0,26.0,,,,0.0,,,,,,1.0,,3.355527447643114e-05,0.0,,,,,,True
persistence,post_covid,persistence,2,neighborhood,VICENTE LÓPEZ,flu_season,0.98,IT98,227.1548194913809,26,0.0,0.0,0.0,0.0,0.0,26.0,,,,0.0,,,,,,1.0,,6.365015627374248e-11,0.0,,,,,,True
seasonal_naive,post_covid,seasonal_naive,2,citywide,CITYWIDE,overall,,bands,,53,,,,,,,,,,,,,,,,,,,,,0.9056603773584906,0.9811320754716981,0.7268041237113403,-0.11320754716981132,False
seasonal_naive,post_covid,seasonal_naive,2,citywide,CITYWIDE,overall,0.5,IT50,77.06642887231719,53,8.0,0.1509433962264151,4.0,0.0,4.0,45.0,0.5,0.0,1.0,0.0,0.5,0.6666666666666666,0.5,0.6293706293706294,0.6776309271789385,0.9245283018867925,0.5,0.06968526833908832,0.12815948736205057,0.45626133676528036,,,,,False
seasonal_naive,post_covid,seasonal_naive,2,citywide,CITYWIDE,overall,0.9,IT90,97.46007981062509,53,3.0,0.05660377358490566,2.0,0.0,1.0,50.0,0.6666666666666666,0.0,1.0,0.0,0.6666666666666666,0.8,0.6666666666666666,0.7905138339920948,0.8084520834544433,0.9811320754716981,0.6666666666666666,0.03249624897302983,0.05339978640085441,0.3914535775650616,,,,,True
seasonal_naive,post_covid,seasonal_naive,2,citywide,CITYWIDE,overall,0.98,IT98,113.25281678189309,53,1.0,0.018867924528301886,0.0,0.0,1.0,52.0,0.0,,,0.0,0.0,0.0,0.0,0.0,,0.9811320754716981,0.0,0.021793070917322455,0.018511925952296185,-0.17724492705305384,,,,,True
seasonal_naive,post_covid,seasonal_naive,2,citywide,CITYWIDE,flu_season,,bands,,26,,,,,,,,,,,,,,,,,,,,,0.8076923076923077,0.9615384615384616,0.6976744186046511,-0.23076923076923078,False
seasonal_naive,post_covid,seasonal_naive,2,citywide,CITYWIDE,flu_season,0.5,IT50,77.06642887231719,26,8.0,0.3076923076923077,4.0,0.0,4.0,18.0,0.5,0.0,1.0,0.0,0.5,0.6666666666666666,0.5,0.5806451612903226,0.6396021490668313,0.8461538461538461,0.5,0.12765674653662457,0.21301775147928986,0.40072249542529004,,,,,False
seasonal_naive,post_covid,seasonal_naive,2,citywide,CITYWIDE,flu_season,0.9,IT90,97.46007981062509,26,3.0,0.11538461538461539,2.0,0.0,1.0,23.0,0.6666666666666666,0.0,1.0,0.0,0.6666666666666666,0.8,0.6666666666666666,0.7796610169491526,0.7993052538854533,0.9615384615384616,0.6666666666666666,0.0639366610152286,0.10207100591715977,0.3736060457058763,,,,,True
seasonal_naive,post_covid,seasonal_naive,2,citywide,CITYWIDE,flu_season,0.98,IT98,113.25281678189309,26,1.0,0.038461538461538464,0.0,0.0,1.0,25.0,0.0,,,0.0,0.0,0.0,0.0,0.0,,0.9615384615384616,0.0,0.04399060638227114,0.036982248520710054,-0.1895059965766117,,,,,True
seasonal_naive,post_covid,seasonal_naive,2,pooled,ALL,overall,,bands,,992,,,,,,,,,,,,,,,,,,,,,0.8477822580645161,0.9627016129032258,0.2904464031845321,-0.05241935483870968,False
seasonal_naive,post_covid,seasonal_naive,2,pooled,ALL,overall,0.5,IT50,,992,143.0,0.14415322580645162,65.0,50.0,78.0,799.0,0.45454545454545453,0.43478260869565216,0.5652173913043478,0.05889281507656066,0.33678756476683935,0.5038759689922481,0.39565263946889384,0.4307183271612134,0.434097429643811,0.8709677419354839,0.8041958041958042,0.12291585270858106,0.12337307329604581,0.003705999820297956,,,,,False
seasonal_naive,post_covid,seasonal_naive,2,pooled,ALL,overall,0.9,IT90,,992,37.0,0.037298387096774195,1.0,22.0,36.0,933.0,0.02702702702702703,0.9565217391304348,0.043478260869565216,0.023036649214659685,0.01694915254237288,0.03333333333333333,0.003990377812367343,0.004877373828219586,0.005024475793931611,0.9415322580645161,0.6216216216216216,0.05723358813501953,0.03590721741675338,-0.5939299186217593,,,,,False
seasonal_naive,post_covid,seasonal_naive,2,pooled,ALL,overall,0.98,IT98,,992,12.0,0.012096774193548387,0.0,2.0,12.0,978.0,0.0,1.0,0.0,0.0020408163265306124,0.0,0.0,-0.0020408163265306124,-0.003468208092485549,-0.004973647313019938,0.9858870967741935,0.16666666666666666,0.020975969305617216,0.011950442247658686,-0.7552462805070499,,,,,False
seasonal_naive,post_covid,seasonal_naive,2,pooled,ALL,flu_season,,bands,,494,,,,,,,,,,,,,,,,,,,,,0.7206477732793523,0.9291497975708503,0.21815028780961732,-0.08299595141700405,False
seasonal_naive,post_covid,seasonal_naive,2,pooled,ALL,flu_season,0.5,IT50,,494,130.0,0.2631578947368421,63.0,48.0,67.0,316.0,0.4846153846153846,0.43243243243243246,0.5675675675675675,0.13186813186813187,0.3539325842696629,0.5228215767634855,0.3527472527472527,0.37013548573075816,0.372156091250332,0.7672064777327935,0.8538461538461538,0.18784862073494438,0.19390581717451527,0.031237827352644132,,,,,False
seasonal_naive,post_covid,seasonal_naive,2,pooled,ALL,flu_season,0.9,IT90,,494,35.0,0.0708502024291498,1.0,22.0,34.0,437.0,0.02857142857142857,0.9565217391304348,0.043478260869565216,0.04793028322440087,0.017543859649122806,0.034482758620689655,-0.0193588546529723,-0.023001257303453888,-0.02357467164718977,0.8866396761133604,0.6571428571428571,0.10209486818791678,0.06583045124489831,-0.5508760194899753,,,,,False
seasonal_naive,post_covid,seasonal_naive,2,pooled,ALL,flu_season,0.98,IT98,,494,12.0,0.024291497975708502,0.0,2.0,12.0,480.0,0.0,1.0,0.0,0.004149377593360996,0.0,0.0,-0.004149377593360996,-0.006988934187536401,-0.010060036359049113,0.97165991902834,0.16666666666666666,0.03745725086231035,0.02370142110180466,-0.5803799570253745,,,,,False
seasonal_naive,post_covid,seasonal_naive,2,neighborhood,ALMIRANTE BROWN,overall,,bands,,53,,,,,,,,,,,,,,,,,,,,,0.9245283018867925,0.9811320754716981,0.0,0.11320754716981132,False
seasonal_naive,post_covid,seasonal_naive,2,neighborhood,ALMIRANTE BROWN,overall,0.5,IT50,45.51198712694632,53,0.0,0.0,0.0,4.0,0.0,49.0,,1.0,0.0,0.07547169811320754,0.0,0.0,,0.0,,0.9245283018867925,,0.10303336040581064,0.0,,,,,,True
seasonal_naive,post_covid,seasonal_naive,2,neighborhood,ALMIRANTE BROWN,overall,0.9,IT90,59.3327355509796,53,0.0,0.0,0.0,1.0,0.0,52.0,,1.0,0.0,0.018867924528301886,0.0,0.0,,0.0,,0.9811320754716981,,0.05206307941030831,0.0,,,,,,True
seasonal_naive,post_covid,seasonal_naive,2,neighborhood,ALMIRANTE BROWN,overall,0.98,IT98,70.30154029606965,53,0.0,0.0,0.0,1.0,0.0,52.0,,1.0,0.0,0.018867924528301886,0.0,0.0,,0.0,,0.9811320754716981,,0.028636629726473736,0.0,,,,,,True
seasonal_naive,post_covid,seasonal_naive,2,neighborhood,ALMIRANTE BROWN,flu_season,,bands,,26,,,,,,,,,,,,,,,,,,,,,0.8461538461538461,0.9615384615384616,0.0,0.23076923076923078,False
seasonal_naive,post_covid,seasonal_naive,2,neighborhood,ALMIRANTE BROWN,flu_season,0.5,IT50,45.51198712694632,26,0.0,0.0,0.0,4.0,0.0,22.0,,1.0,0.0,0.15384615384615385,0.0,0.0,,0.0,,0.8461538461538461,,0.17291240371931277,0.0,,,,,,True
seasonal_naive,post_covid,seasonal_naive,2,neighborhood,ALMIRANTE BROWN,flu_season,0.9,IT90,59.3327355509796,26,0.0,0.0,0.0,1.0,0.0,25.0,,1.0,0.0,0.038461538461538464,0.0,0.0,,0.0,,0.9615384615384616,,0.09316293788582423,0.0,,,,,,True
seasonal_naive,post_covid,seasonal_naive,2,neighborhood,ALMIRANTE BROWN,flu_season,0.98,IT98,70.30154029606965,26,0.0,0.0,0.0,1.0,0.0,25.0,,1.0,0.0,0.038461538461538464,0.0,0.0,,0.0,,0.9615384615384616,,0.053294245235325194,0.0,,,,,,True
seasonal_naive,post_covid,seasonal_naive,2,neighborhood,AVELLANEDA,overall,,bands,,53,,,,,,,,,,,,,,,,,,,,,0.9245283018867925,1.0,0.6430976430976432,0.07547169811320754,False
seasonal_naive,post_covid,seasonal_naive,2,neighborhood,AVELLANEDA,overall,0.5,IT50,245.84106655843968,53,3.0,0.05660377358490566,3.0,3.0,0.0,47.0,1.0,0.5,0.5,0.06,0.5,0.6666666666666666,0.94,0.6394557823129252,0.6855654600401044,0.9433962264150944,2.0,0.05020178063162801,0.05339978640085441,0.05988798803837969,,,,,True
seasonal_naive,post_covid,seasonal_naive,2,neighborhood,AVELLANEDA,overall,0.9,IT90,374.7741671132419,53,0.0,0.0,0.0,1.0,0.0,52.0,,1.0,0.0,0.018867924528301886,0.0,0.0,,0.0,,0.9811320754716981,,0.014107977689065467,0.0,,,,,,True
seasonal_naive,post_covid,seasonal_naive,2,neighborhood,AVELLANEDA,overall,0.98,IT98,490.7992503428019,53,0.0,0.0,0.0,0.0,0.0,53.0,,,,0.0,,,,,,1.0,,0.0001388546014240991,0.0,,,,,,True
seasonal_naive,post_covid,seasonal_naive,2,neighborhood,AVELLANEDA,flu_season,,bands,,26,,,,,,,,,,,,,,,,,,,,,0.8461538461538461,1.0,0.6148148148148148,0.15384615384615385,False
seasonal_naive,post_covid,seasonal_naive,2,neighborhood,AVELLANEDA,flu_season,0.5,IT50,245.84106655843968,26,3.0,0.11538461538461539,3.0,3.0,0.0,20.0,1.0,0.5,0.5,0.13043478260869565,0.5,0.6666666666666666,0.8695652173913043,0.6060606060606061,0.6593804733957871,0.8846153846153846,2.0,0.10062854272572043,0.10207100591715977,0.014131958223376762,,,,,True
seasonal_naive,post_covid,seasonal_naive,2,neighborhood,AVELLANEDA,flu_season,0.9,IT90,374.7741671132419,26,0.0,0.0,0.0,1.0,0.0,25.0,,1.0,0.0,0.038461538461538464,0.0,0.0,,0.0,,0.9615384615384616,,0.02875856771373694,0.0,,,,,,True
seasonal_naive,post_covid,seasonal_naive,2,neighborhood,AVELLANEDA,flu_season,0.98,IT98,490.7992503428019,26,0.0,0.0,0.0,0.0,0.0,26.0,,,,0.0,,,,,,1.0,,0.0002830497644414316,0.0,,,,,,True
seasonal_naive,post_covid,seasonal_naive,2,neighborhood,EZEIZA,overall,,bands,,53,,,,,,,,,,,,,,,,,,,,,0.9056603773584906,0.9811320754716981,0.5601659751037344,0.03773584905660377,False
seasonal_naive,post_covid,seasonal_naive,2,neighborhood,EZEIZA,overall,0.5,IT50,139.80229436412165,53,5.0,0.09433962264150944,4.0,2.0,1.0,46.0,0.8,0.3333333333333333,0.6666666666666666,0.041666666666666664,0.5714285714285714,0.7272727272727273,0.7583333333333334,0.6959847036328872,0.6995861660885712,0.9433962264150944,1.2,0.055550736591239214,0.08543965824136704,0.34982492048003777,,,,,False
seasonal_naive,post_covid,seasonal_naive,2,neighborhood,EZEIZA,overall,0.9,IT90,180.23131160603506,53,1.0,0.018867924528301886,0.0,2.0,1.0,50.0,0.0,1.0,0.0,0.038461538461538464,0.0,0.0,-0.038461538461538464,-0.025806451612903226,-0.027461751819054487,0.9433962264150944,2.0,0.03158670849786822,0.018511925952296185,-0.7062896955867664,,,,,True
seasonal_naive,post_covid,seasonal_naive,2,neighborhood,EZEIZA,overall,0.98,IT98,212.02965427114694,53,0.0,0.0,0.0,0.0,0.0,53.0,,,,0.0,,,,,,1.0,,0.011586878261427763,0.0,,,,,,True
seasonal_naive,post_covid,seasonal_naive,2,neighborhood,EZEIZA,flu_season,,bands,,26,,,,,,,,,,,,,,,,,,,,,0.8076923076923077,0.9615384615384616,0.5094339622641509,0.07692307692307693,False
seasonal_naive,post_covid,seasonal_naive,2,neighborhood,EZEIZA,flu_season,0.5,IT50,139.80229436412165,26,5.0,0.19230769230769232,4.0,2.0,1.0,19.0,0.8,0.3333333333333333,0.6666666666666666,0.09523809523809523,0.5714285714285714,0.7272727272727273,0.7047619047619048,0.6548672566371682,0.6592443967173135,0.8846153846153846,1.2,0.10862521815724838,0.15532544378698226,0.3006605002447629,,,,,False
seasonal_naive,post_covid,seasonal_naive,2,neighborhood,EZEIZA,flu_season,0.9,IT90,180.23131160603506,26,1.0,0.038461538461538464,0.0,2.0,1.0,23.0,0.0,1.0,0.0,0.08,0.0,0.0,-0.08,-0.05405405405405406,-0.05773502691896257,0.8846153846153846,2.0,0.06418794477995218,0.036982248520710054,-0.7356420268499073,,,,,True
seasonal_naive,post_covid,seasonal_naive,2,neighborhood,EZEIZA,flu_season,0.98,IT98,212.02965427114694,26,0.0,0.0,0.0,0.0,0.0,26.0,,,,0.0,,,,,,1.0,,0.02361095773989815,0.0,,,,,,True
seasonal_naive,post_covid,seasonal_naive,2,neighborhood,FLORENCIO VARELA,overall,,bands,,53,,,,,,,,,,,,,,,,,,,,,0.8490566037735849,1.0,0.44063324538258564,-0.07547169811320754,False
seasonal_naive,post_covid,seasonal_naive,2,neighborhood,FLORENCIO VARELA,overall,0.5,IT50,92.52865090835965,53,8.0,0.1509433962264151,3.0,2.0,5.0,43.0,0.375,0.4,0.6,0.044444444444444446,0.3,0.46153846153846156,0.33055555555555555,0.39080459770114945,0.40484622137666415,0.8679245283018868,0.625,0.08928509744682843,0.12815948736205057,0.3033282257551638,,,,,False
seasonal_naive,post_covid,seasonal_naive,2,neighborhood,FLORENCIO VARELA,overall,0.9,IT90,129.20404508235538,53,1.0,0.018867924528301886,0.0,0.0,1.0,52.0,0.0,,,0.0,0.0,0.0,0.0,0.0,,0.9811320754716981,0.0,0.017981598432024654,0.018511925952296185,0.028647884700821802,,,,,True
seasonal_naive,post_covid,seasonal_naive,2,neighborhood,FLORENCIO VARELA,overall,0.98,IT98,159.96645580277627,53,0.0,0.0,0.0,0.0,0.0,53.0,,,,0.0,,,,,,1.0,,0.002850412302836063,0.0,,,,,,True
seasonal_naive,post_covid,seasonal_naive,2,neighborhood,FLORENCIO VARELA,flu_season,,bands,,26,,,,,,,,,,,,,,,,,,,,,0.6923076923076923,1.0,0.361963190184049,-0.15384615384615385,False
seasonal_naive,post_covid,seasonal_naive,2,neighborhood,FLORENCIO VARELA,flu_season,0.5,IT50,92.52865090835965,26,8.0,0.3076923076923077,3.0,2.0,5.0,16.0,0.375,0.4,0.6,0.1111111111111111,0.3,0.46153846153846156,0.2638888888888889,0.29457364341085274,0.30903502310036884,0.7307692307692307,0.625,0.1798231935395811,0.21301775147928986,0.15583000810585512,,,,,False
seasonal_naive,post_covid,seasonal_naive,2,neighborhood,FLORENCIO VARELA,flu_season,0.9,IT90,129.20404508235538,26,1.0,0.038461538461538464,0.0,0.0,1.0,25.0,0.0,,,0.0,0.0,0.0,0.0,0.0,,0.9615384615384616,0.0,0.03661816852891314,0.036982248520710054,0.009844722978188503,,,,,True
seasonal_naive,post_covid,seasonal_naive,2,neighborhood,FLORENCIO VARELA,flu_season,0.98,IT98,159.96645580277627,26,0.0,0.0,0.0,0.0,0.0,26.0,,,,0.0,,,,,,1.0,,0.00581000310609433,0.0,,,,,,True
seasonal_naive,post_covid,seasonal_naive,2,neighborhood,GENERAL SAN MARTÍN,overall,,bands,,53,,,,,,,,,,,,,,,,,,,,,0.8867924528301887,1.0,0.6755102040816326,0.11320754716981132,False
seasonal_naive,post_covid,seasonal_naive,2,neighborhood,GENERAL SAN MARTÍN,overall,0.5,IT50,77.94711365203958,53,4.0,0.07547169811320754,4.0,3.0,0.0,46.0,1.0,0.42857142857142855,0.5714285714285714,0.061224489795918366,0.5714285714285714,0.7272727272727273,0.9387755102040817,0.698292220113852,0.7324227936704637,0.9433962264150944,1.75,0.08127199716438237,0.0697757208971164,-0.16476040834056183,,,,,True
seasonal_naive,post_covid,seasonal_naive,2,neighborhood,GENERAL SAN MARTÍN,overall,0.9,IT90,119.50868958439348,53,0.0,0.0,0.0,3.0,0.0,50.0,,1.0,0.0,0.05660377358490566,0.0,0.0,,0.0,,0.9433962264150944,,0.038772476544364276,0.0,,,,,,True
seasonal_naive,post_covid,seasonal_naive,2,neighborhood,GENERAL SAN MARTÍN,overall,0.98,IT98,157.08069982681235,53,0.0,0.0,0.0,0.0,0.0,53.0,,,,0.0,,,,,,1.0,,0.010406784212522606,0.0,,,,,,True
seasonal_naive,post_covid,seasonal_naive,2,neighborhood,GENERAL SAN MARTÍN,flu_season,,bands,,26,,,,,,,,,,,,,,,,,,,,,0.7692307692307693,1.0,0.6454545454545455,0.23076923076923078,False
seasonal_naive,post_covid,seasonal_naive,2,neighborhood,GENERAL SAN MARTÍN,flu_season,0.5,IT50,77.94711365203958,26,4.0,0.15384615384615385,4.0,3.0,0.0,19.0,1.0,0.42857142857142855,0.5714285714285714,0.13636363636363635,0.5714285714285714,0.7272727272727273,0.8636363636363636,0.6608695652173913,0.7025001733142089,0.8846153846153846,1.75,0.14910018107640238,0.13017751479289943,-0.14536048190509088,,,,,True
seasonal_naive,post_covid,seasonal_naive,2,neighborhood,GENERAL SAN MARTÍN,flu_season,0.9,IT90,119.50868958439348,26,0.0,0.0,0.0,3.0,0.0,23.0,,1.0,0.0,0.11538461538461539,0.0,0.0,,0.0,,0.8846153846153846,,0.07874590387239011,0.0,,,,,,True
seasonal_naive,post_covid,seasonal_naive,2,neighborhood,GENERAL SAN MARTÍN,flu_season,0.98,IT98,157.08069982681235,26,0.0,0.0,0.0,0.0,0.0,26.0,,,,0.0,,,,,,1.0,,0.02121206335892602,0.0,,,,,,True
seasonal_naive,post_covid,seasonal_naive,2,neighborhood,JOSÉ C. PAZ,overall,,bands,,53,,,,,,,,,,,,,,,,,,,,,0.5660377358490566,0.8490566037735849,0.17062089853609297,-0.5660377358490566,False
seasonal_naive,post_covid,seasonal_naive,2,neighborhood,JOSÉ C. PAZ,overall,0.5,IT50,222.17859568980776,53,30.0,0.5660377358490566,11.0,0.0,19.0,23.0,0.36666666666666664,0.0,1.0,0.0,0.36666666666666664,0.5365853658536586,0.36666666666666664,0.33443489755452743,0.44810004551846544,0.6415094339622641,0.36666666666666664,0.31345721896639783,0.2456390174439302,-0.2760888812704516,,,,,False
seasonal_naive,post_covid,seasonal_naive,2,neighborhood,JOSÉ C. PAZ,overall,0.9,IT90,355.8888420506266,53,11.0,0.20754716981132076,1.0,2.0,10.0,40.0,0.09090909090909091,0.6666666666666666,0.3333333333333333,0.047619047619047616,0.07692307692307693,0.14285714285714285,0.043290043290043295,0.05917159763313609,0.07597371763975863,0.7735849056603774,0.2727272727272727,0.2185822921392113,0.1644713421146316,-0.3289992610801824,,,,,False
seasonal_naive,post_covid,seasonal_naive,2,neighborhood,JOSÉ C. PAZ,overall,0.98,IT98,481.06046989083103,53,3.0,0.05660377358490566,0.0,0.0,3.0,50.0,0.0,,,0.0,0.0,0.0,0.0,0.0,,0.9433962264150944,0.0,0.060176351529844345,0.05339978640085441,-0.12690247631555152,,,,,True
seasonal_naive,post_covid,seasonal_naive,2,neighborhood,JOSÉ C. PAZ,flu_season,,bands,,26,,,,,,,,,,,,,,,,,,,,,0.2692307692307692,0.6923076923076923,-0.056022408963585235,-1.0,False
seasonal_naive,post_covid,seasonal_naive,2,neighborhood,JOSÉ C. PAZ,flu_season,0.5,IT50,222.17859568980776,26,24.0,0.9230769230769231,9.0,0.0,15.0,2.0,0.375,0.0,1.0,0.0,0.375,0.5454545454545454,0.375,0.08450704225352113,0.21004201260420147,0.4230769230769231,0.375,0.5159752730695194,0.07100591715976333,-6.26665176239573,,,,,False
seasonal_naive,post_covid,seasonal_naive,2,neighborhood,JOSÉ C. PAZ,flu_season,0.9,IT90,355.8888420506266,26,11.0,0.4230769230769231,1.0,2.0,10.0,13.0,0.09090909090909091,0.6666666666666666,0.3333333333333333,0.13333333333333333,0.07692307692307693,0.14285714285714285,-0.04242424242424242,-0.04697986577181208,-0.06560418166347888,0.5384615384615384,0.2727272727272727,0.44520421516439623,0.24408284023668633,-0.8239881784917087,,,,,False
seasonal_naive,post_covid,seasonal_naive,2,neighborhood,JOSÉ C. PAZ,flu_season,0.98,IT98,481.06046989083103,26,3.0,0.11538461538461539,0.0,0.0,3.0,23.0,0.0,,,0.0,0.0,0.0,0.0,0.0,,0.8846153846153846,0.0,0.12266717628517348,0.10207100591715977,-0.20178277056198946,,,,,True
seasonal_naive,post_covid,seasonal_naive,2,neighborhood,LA MATANZA,overall,,bands,,53,,,,,,,,,,,,,,,,,,,,,0.7924528301886793,1.0,0.677722498618021,-0.09433962264150944,False
seasonal_naive,post_covid,seasonal_naive,2,neighborhood,LA MATANZA,overall,0.5,IT50,24.512107570850826,53,23.0,0.4339622641509434,17.0,1.0,6.0,29.0,0.7391304347826086,0.05555555555555555,0.9444444444444444,0.03333333333333333,0.7083333333333334,0.8292682926829268,0.7057971014492753,0.7241635687732342,0.7386422425971075,0.8679245283018868,0.782608695652174,0.1703904216120051,0.24563901744393019,0.30633812419112694,,,,,False
seasonal_naive,post_covid,seasonal_naive,2,neighborhood,LA MATANZA,overall,0.9,IT90,49.0533041651205,53,2.0,0.03773584905660377,0.0,2.0,2.0,49.0,0.0,1.0,0.0,0.0392156862745098,0.0,0.0,-0.0392156862745098,-0.0392156862745098,-0.0392156862745098,0.9245283018867925,1.0,0.0644441485305117,0.03631185475258099,-0.7747413061000723,,,,,True
seasonal_naive,post_covid,seasonal_naive,2,neighborhood,LA MATANZA,overall,0.98,IT98,76.45298521130762,53,0.0,0.0,0.0,0.0,0.0,53.0,,,,0.0,,,,,,1.0,,0.01096026729275226,0.0,,,,,,True
seasonal_naive,post_covid,seasonal_naive,2,neighborhood,LA MATANZA,flu_season,,bands,,26,,,,,,,,,,,,,,,,,,,,,0.6538461538461539,1.0,0.4236453201970444,-0.11538461538461539,False
seasonal_naive,post_covid,seasonal_naive,2,neighborhood,LA MATANZA,flu_season,0.5,IT50,24.512107570850826,26,21.0,0.8076923076923077,17.0,1.0,4.0,4.0,0.8095238095238095,0.05555555555555555,0.9444444444444444,0.2,0.7727272727272727,0.8717948717948718,0.6095238095238096,0.49612403100775193,0.5204800389058843,0.8076923076923077,0.8571428571428571,0.207959856502027,0.15532544378698226,-0.33886536186066896,,,,,False
seasonal_naive,post_covid,seasonal_naive,2,neighborhood,LA MATANZA,flu_season,0.9,IT90,49.0533041651205,26,2.0,0.07692307692307693,0.0,2.0,2.0,22.0,0.0,1.0,0.0,0.08333333333333333,0.0,0.0,-0.08333333333333333,-0.08333333333333333,-0.08333333333333333,0.8461538461538461,1.0,0.11306423377056228,0.07100591715976333,-0.5923212922687517,,,,,True
seasonal_naive,post_covid,seasonal_naive,2,neighborhood,LA MATANZA,flu_season,0.98,IT98,76.45298521130762,26,0.0,0.0,0.0,0.0,0.0,26.0,,,,0.0,,,,,,1.0,,0.021185684100790223,0.0,,,,,,True
seasonal_naive,post_covid,seasonal_naive,2,neighborhood,LANÚS,overall,,bands,,53,,,,,,,,,,,,,,,,,,,,,0.9433962264150944,1.0,0.5417867435158502,-0.018867924528301886,False
seasonal_naive,post_covid,seasonal_naive,2,neighborhood,LANÚS,overall,0.5,IT50,132.6029855198303,53,4.0,0.07547169811320754,2.0,1.0,2.0,48.0,0.5,0.3333333333333333,0.6666666666666666,0.02040816326530612,0.4,0.5714285714285714,0.47959183673469385,0.5417867435158501,0.548219132908616,0.9433962264150944,0.75,0.03834691196535941,0.06977572089711641,0.45042614433319095,,,,,True
seasonal_naive,post_covid,seasonal_naive,2,neighborhood,LANÚS,overall,0.9,IT90,190.48996986250967,53,0.0,0.0,0.0,0.0,0.0,53.0,,,,0.0,,,,,,1.0,,0.0038634820924542328,0.0,,,,,,True
seasonal_naive,post_covid,seasonal_naive,2,neighborhood,LANÚS,overall,0.98,IT98,240.1624128185746,53,0.0,0.0,0.0,0.0,0.0,53.0,,,,0.0,,,,,,1.0,,0.0001516428869365593,0.0,,,,,,True
seasonal_naive,post_covid,seasonal_naive,2,neighborhood,LANÚS,flu_season,,bands,,26,,,,,,,,,,,,,,,,,,,,,0.8846153846153846,1.0,0.5063291139240506,-0.038461538461538464,False
seasonal_naive,post_covid,seasonal_naive,2,neighborhood,LANÚS,flu_season,0.5,IT50,132.6029855198303,26,4.0,0.15384615384615385,2.0,1.0,2.0,21.0,0.5,0.3333333333333333,0.6666666666666666,0.045454545454545456,0.4,0.5714285714285714,0.45454545454545453,0.5063291139240507,0.5133270023393454,0.8846153846153846,0.75,0.07770272817213372,0.13017751479289943,0.40310176995042746,,,,,True
seasonal_naive,post_covid,seasonal_naive,2,neighborhood,LANÚS,flu_season,0.9,IT90,190.48996986250967,26,0.0,0.0,0.0,0.0,0.0,26.0,,,,0.0,,,,,,1.0,,0.007875351253648811,0.0,,,,,,True
seasonal_naive,post_covid,seasonal_naive,2,neighborhood,LANÚS,flu_season,0.98,IT98,240.1624128185746,26,0.0,0.0,0.0,0.0,0.0,26.0,,,,0.0,,,,,,1.0,,0.0003091181717781167,0.0,,,,,,True
seasonal_naive,post_covid,seasonal_naive,2,neighborhood,LOMAS DE ZAMORA,overall,,bands,,41,,,,,,,,,,,,,,,,,,,,,0.9512195121951219,1.0,0.0,0.04878048780487805,False
seasonal_naive,post_covid,seasonal_naive,2,neighborhood,LOMAS DE ZAMORA,overall,0.5,IT50,8.281330480989212,41,0.0,0.0,0.0,2.0,0.0,39.0,,1.0,0.0,0.04878048780487805,0.0,0.0,,0.0,,0.9512195121951219,,0.19247796662339225,0.0,,,,,,True
seasonal_naive,post_covid,seasonal_naive,2,neighborhood,LOMAS DE ZAMORA,overall,0.9,IT90,13.281987582112178,41,0.0,0.0,0.0,0.0,0.0,41.0,,,,0.0,,,,,,1.0,,0.14800720110324148,0.0,,,,,,True
seasonal_naive,post_covid,seasonal_naive,2,neighborhood,LOMAS DE ZAMORA,overall,0.98,IT98,17.968039817353144,41,0.0,0.0,0.0,0.0,0.0,41.0,,,,0.0,,,,,,1.0,,0.11293752641277671,0.0,,,,,,True
seasonal_naive,post_covid,seasonal_naive,2,neighborhood,LOMAS DE ZAMORA,flu_season,,bands,,26,,,,,,,,,,,,,,,,,,,,,0.9230769230769231,1.0,0.0,0.07692307692307693,False
seasonal_naive,post_covid,seasonal_naive,2,neighborhood,LOMAS DE ZAMORA,flu_season,0.5,IT50,8.281330480989212,26,0.0,0.0,0.0,2.0,0.0,24.0,,1.0,0.0,0.07692307692307693,0.0,0.0,,0.0,,0.9230769230769231,,0.19676452711882167,0.0,,,,,,True
seasonal_naive,post_covid,seasonal_naive,2,neighborhood,LOMAS DE ZAMORA,flu_season,0.9,IT90,13.281987582112178,26,0.0,0.0,0.0,0.0,0.0,26.0,,,,0.0,,,,,,1.0,,0.15176898408952233,0.0,,,,,,True
seasonal_naive,post_covid,seasonal_naive,2,neighborhood,LOMAS DE ZAMORA,flu_season,0.98,IT98,17.968039817353144,26,0.0,0.0,0.0,0.0,0.0,26.0,,,,0.0,,,,,,1.0,,0.11616967314670795,0.0,,,,,,True
seasonal_naive,post_covid,seasonal_naive,2,neighborhood,MALVINAS ARGENTINAS,overall,,bands,,53,,,,,,,,,,,,,,,,,,,,,0.7735849056603774,0.8490566037735849,0.08180943214629477,-0.37735849056603776,False
seasonal_naive,post_covid,seasonal_naive,2,neighborhood,MALVINAS ARGENTINAS,overall,0.5,IT50,19.75908456675979,53,12.0,0.22641509433962265,1.0,0.0,11.0,41.0,0.08333333333333333,0.0,1.0,0.0,0.08333333333333333,0.15384615384615385,0.08333333333333333,0.12330827067669173,0.2563301156811821,0.7924528301886793,0.08333333333333333,0.1764796075732534,0.17515129939480242,-0.007583775758676303,,,,,False
seasonal_naive,post_covid,seasonal_naive,2,neighborhood,MALVINAS ARGENTINAS,overall,0.9,IT90,75.76432319476002,53,9.0,0.16981132075471697,0.0,0.0,9.0,44.0,0.0,,,0.0,0.0,0.0,0.0,0.0,,0.8301886792452831,0.0,0.15672970690755186,0.14097543609825564,-0.11175188561442706,,,,,False
seasonal_naive,post_covid,seasonal_naive,2,neighborhood,MALVINAS ARGENTINAS,overall,0.98,IT98,178.99536057166898,53,0.0,0.0,0.0,0.0,0.0,53.0,,,,0.0,,,,,,1.0,,1.8384259946497573e-11,0.0,,,,,,True
seasonal_naive,post_covid,seasonal_naive,2,neighborhood,MALVINAS ARGENTINAS,flu_season,,bands,,26,,,,,,,,,,,,,,,,,,,,,0.5384615384615384,0.6923076923076923,0.06212424849699372,-0.7692307692307693,False
seasonal_naive,post_covid,seasonal_naive,2,neighborhood,MALVINAS ARGENTINAS,flu_season,0.5,IT50,19.75908456675979,26,12.0,0.46153846153846156,1.0,0.0,11.0,14.0,0.08333333333333333,0.0,1.0,0.0,0.08333333333333333,0.15384615384615385,0.08333333333333333,0.08917197452229299,0.2160246899469287,0.5769230769230769,0.08333333333333333,0.24477749843135693,0.24852071005917165,0.015061970597635366,,,,,False
seasonal_naive,post_covid,seasonal_naive,2,neighborhood,MALVINAS ARGENTINAS,flu_season,0.9,IT90,75.76432319476002,26,9.0,0.34615384615384615,0.0,0.0,9.0,17.0,0.0,,,0.0,0.0,0.0,0.0,0.0,,0.6538461538461539,0.0,0.31887658790366064,0.22633136094674555,-0.40889263675081433,,,,,False
seasonal_naive,post_covid,seasonal_naive,2,neighborhood,MALVINAS ARGENTINAS,flu_season,0.98,IT98,178.99536057166898,26,0.0,0.0,0.0,0.0,0.0,26.0,,,,0.0,,,,,,1.0,,3.669946365474488e-11,0.0,,,,,,True
seasonal_naive,post_covid,seasonal_naive,2,neighborhood,MERLO,overall,,bands,,53,,,,,,,,,,,,,,,,,,,,,1.0,1.0,,0.0,False
seasonal_naive,post_covid,seasonal_naive,2,neighborhood,MERLO,overall,0.5,IT50,93.32449393075508,53,0.0,0.0,0.0,0.0,0.0,53.0,,,,0.0,,,,,,1.0,,0.017850026871481788,0.0,,,,,,True
seasonal_naive,post_covid,seasonal_naive,2,neighborhood,MERLO,overall,0.9,IT90,164.5170716895135,53,0.0,0.0,0.0,0.0,0.0,53.0,,,,0.0,,,,,,1.0,,6.934420656108094e-05,0.0,,,,,,True
seasonal_naive,post_covid,seasonal_naive,2,neighborhood,MERLO,overall,0.98,IT98,236.4333757518645,53,0.0,0.0,0.0,0.0,0.0,53.0,,,,0.0,,,,,,1.0,,4.9826769796285775e-09,0.0,,,,,,True
seasonal_naive,post_covid,seasonal_naive,2,neighborhood,MERLO,flu_season,,bands,,26,,,,,,,,,,,,,,,,,,,,,1.0,1.0,,0.0,False
seasonal_naive,post_covid,seasonal_naive,2,neighborhood,MERLO,flu_season,0.5,IT50,93.32449393075508,26,0.0,0.0,0.0,0.0,0.0,26.0,,,,0.0,,,,,,1.0,,0.032602765640471106,0.0,,,,,,True
seasonal_naive,post_covid,seasonal_naive,2,neighborhood,MERLO,flu_season,0.9,IT90,164.5170716895135,26,0.0,0.0,0.0,0.0,0.0,26.0,,,,0.0,,,,,,1.0,,0.00014050137044288106,0.0,,,,,,True
seasonal_naive,post_covid,seasonal_naive,2,neighborhood,MERLO,flu_season,0.98,IT98,236.4333757518645,26,0.0,0.0,0.0,0.0,0.0,26.0,,,,0.0,,,,,,1.0,,1.0155868456687554e-08,0.0,,,,,,True
seasonal_naive,post_covid,seasonal_naive,2,neighborhood,MORENO,overall,,bands,,53,,,,,,,,,,,,,,,,,,,,,0.7735849056603774,1.0,0.39886578449905474,-0.11320754716981132,False
seasonal_naive,post_covid,seasonal_naive,2,neighborhood,MORENO,overall,0.5,IT50,101.79720605127496,53,16.0,0.3018867924528302,7.0,3.0,9.0,34.0,0.4375,0.3,0.7,0.08108108108108109,0.3684210526315789,0.5384615384615384,0.3564189189189189,0.3988657844990548,0.4182032216904919,0.7735849056603774,0.625,0.17157827615279167,0.21075115699537209,0.1858726727817709,,,,,False
seasonal_naive,post_covid,seasonal_naive,2,neighborhood,MORENO,overall,0.9,IT90,214.46725243408844,53,0.0,0.0,0.0,0.0,0.0,53.0,,,,0.0,,,,,,1.0,,0.007574298591509866,0.0,,,,,,True
seasonal_naive,post_covid,seasonal_naive,2,neighborhood,MORENO,overall,0.98,IT98,345.44262322711484,53,0.0,0.0,0.0,0.0,0.0,53.0,,,,0.0,,,,,,1.0,,6.562331770405078e-07,0.0,,,,,,True
seasonal_naive,post_covid,seasonal_naive,2,neighborhood,MORENO,flu_season,,bands,,26,,,,,,,,,,,,,,,,,,,,,0.5384615384615384,1.0,0.1235955056179775,-0.23076923076923078,False
seasonal_naive,post_covid,seasonal_naive,2,neighborhood,MORENO,flu_season,0.5,IT50,101.79720605127496,26,16.0,0.6153846153846154,7.0,3.0,9.0,7.0,0.4375,0.3,0.7,0.3,0.3684210526315789,0.5384615384615384,0.1375,0.12359550561797752,0.1375,0.5384615384615384,0.625,0.3378598253387631,0.2366863905325444,-0.42745776205627384,,,,,False
seasonal_naive,post_covid,seasonal_naive,2,neighborhood,MORENO,flu_season,0.9,IT90,214.46725243408844,26,0.0,0.0,0.0,0.0,0.0,26.0,,,,0.0,,,,,,1.0,,0.015439910184736309,0.0,,,,,,True
seasonal_naive,post_covid,seasonal_naive,2,neighborhood,MORENO,flu_season,0.98,IT98,345.44262322711484,26,0.0,0.0,0.0,0.0,0.0,26.0,,,,0.0,,,,,,1.0,,1.337706091659497e-06,0.0,,,,,,True
seasonal_naive,post_covid,seasonal_naive,2,neighborhood,MORÓN,overall,,bands,,53,,,,,,,,,,,,,,,,,,,,,0.6981132075471698,0.9811320754716981,0.3718028696194636,0.20754716981132076,False
seasonal_naive,post_covid,seasonal_naive,2,neighborhood,MORÓN,overall,0.5,IT50,28.847000469649124,53,7.0,0.1320754716981132,4.0,10.0,3.0,36.0,0.5714285714285714,0.7142857142857143,0.2857142857142857,0.21739130434782608,0.23529411764705882,0.38095238095238093,0.35403726708074534,0.24863685932388221,0.2718820864840581,0.7547169811320755,2.0,0.1801897372574942,0.1146315414738341,-0.5719036396158423,,,,,False
seasonal_naive,post_covid,seasonal_naive,2,neighborhood,MORÓN,overall,0.9,IT90,57.29975452086349,53,0.0,0.0,0.0,3.0,0.0,50.0,,1.0,0.0,0.05660377358490566,0.0,0.0,,0.0,,0.9433962264150944,,0.06693697928777582,0.0,,,,,,True
seasonal_naive,post_covid,seasonal_naive,2,neighborhood,MORÓN,overall,0.98,IT98,88.88106833465432,53,0.0,0.0,0.0,1.0,0.0,52.0,,1.0,0.0,0.018867924528301886,0.0,0.0,,0.0,,0.9811320754716981,,0.016334556640907473,0.0,,,,,,True
seasonal_naive,post_covid,seasonal_naive,2,neighborhood,MORÓN,flu_season,,bands,,26,,,,,,,,,,,,,,,,,,,,,0.38461538461538464,0.9615384615384616,0.2492401215805471,0.4230769230769231,False
seasonal_naive,post_covid,seasonal_naive,2,neighborhood,MORÓN,flu_season,0.5,IT50,28.847000469649124,26,7.0,0.2692307692307692,4.0,10.0,3.0,9.0,0.5714285714285714,0.7142857142857143,0.2857142857142857,0.5263157894736842,0.23529411764705882,0.38095238095238093,0.045112781954887216,0.03428571428571429,0.04013939192492974,0.5,2.0,0.2451145935618969,0.19674556213017758,-0.24584560336723493,,,,,False
seasonal_naive,post_covid,seasonal_naive,2,neighborhood,MORÓN,flu_season,0.9,IT90,57.29975452086349,26,0.0,0.0,0.0,3.0,0.0,23.0,,1.0,0.0,0.11538461538461539,0.0,0.0,,0.0,,0.8846153846153846,,0.12019775657088341,0.0,,,,,,True
seasonal_naive,post_covid,seasonal_naive,2,neighborhood,MORÓN,flu_season,0.98,IT98,88.88106833465432,26,0.0,0.0,0.0,1.0,0.0,25.0,,1.0,0.0,0.038461538461538464,0.0,0.0,,0.0,,0.9615384615384616,,0.032674094053069196,0.0,,,,,,True
seasonal_naive,post_covid,seasonal_naive,2,neighborhood,QUILMES,overall,,bands,,53,,,,,,,,,,,,,,,,,,,,,1.0,1.0,,0.0,False
seasonal_naive,post_covid,seasonal_naive,2,neighborhood,QUILMES,overall,0.5,IT50,46.34689792435932,53,0.0,0.0,0.0,0.0,0.0,53.0,,,,0.0,,,,,,1.0,,0.054982471200455976,0.0,,,,,,True
seasonal_naive,post_covid,seasonal_naive,2,neighborhood,QUILMES,overall,0.9,IT90,80.98262048145082,53,0.0,0.0,0.0,0.0,0.0,53.0,,,,0.0,,,,,,1.0,,0.0034655482935788714,0.0,,,,,,True
seasonal_naive,post_covid,seasonal_naive,2,neighborhood,QUILMES,overall,0.98,IT98,115.72591322033615,53,0.0,0.0,0.0,0.0,0.0,53.0,,,,0.0,,,,,,1.0,,8.465590390745234e-05,0.0,,,,,,True
seasonal_naive,post_covid,seasonal_naive,2,neighborhood,QUILMES,flu_season,,bands,,26,,,,,,,,,,,,,,,,,,,,,1.0,1.0,,0.0,False
seasonal_naive,post_covid,seasonal_naive,2,neighborhood,QUILMES,flu_season,0.5,IT50,46.34689792435932,26,0.0,0.0,0.0,0.0,0.0,26.0,,,,0.0,,,,,,1.0,,0.07400937632302837,0.0,,,,,,True
seasonal_naive,post_covid,seasonal_naive,2,neighborhood,QUILMES,flu_season,0.9,IT90,80.98262048145082,26,0.0,0.0,0.0,0.0,0.0,26.0,,,,0.0,,,,,,1.0,,0.005603706794591685,0.0,,,,,,True
seasonal_naive,post_covid,seasonal_naive,2,neighborhood,QUILMES,flu_season,0.98,IT98,115.72591322033615,26,0.0,0.0,0.0,0.0,0.0,26.0,,,,0.0,,,,,,1.0,,0.00015810145669141533,0.0,,,,,,True
seasonal_naive,post_covid,seasonal_naive,2,neighborhood,SAN ISIDRO,overall,,bands,,50,,,,,,,,,,,,,,,,,,,,,0.96,1.0,0.0,0.04,False
seasonal_naive,post_covid,seasonal_naive,2,neighborhood,SAN ISIDRO,overall,0.5,IT50,31.02709117627285,50,0.0,0.0,0.0,2.0,0.0,48.0,,1.0,0.0,0.04,0.0,0.0,,0.0,,0.96,,0.07867079408923307,0.0,,,,,,True
seasonal_naive,post_covid,seasonal_naive,2,neighborhood,SAN ISIDRO,overall,0.9,IT90,61.06994953059092,50,0.0,0.0,0.0,0.0,0.0,50.0,,,,0.0,,,,,,1.0,,0.009632912232236036,0.0,,,,,,True
seasonal_naive,post_covid,seasonal_naive,2,neighborhood,SAN ISIDRO,overall,0.98,IT98,94.17754601713678,50,0.0,0.0,0.0,0.0,0.0,50.0,,,,0.0,,,,,,1.0,,0.00040818313380054324,0.0,,,,,,True
seasonal_naive,post_covid,seasonal_naive,2,neighborhood,SAN ISIDRO,flu_season,,bands,,26,,,,,,,,,,,,,,,,,,,,,1.0,1.0,,0.0,False
seasonal_naive,post_covid,seasonal_naive,2,neighborhood,SAN ISIDRO,flu_season,0.5,IT50,31.02709117627285,26,0.0,0.0,0.0,0.0,0.0,26.0,,,,0.0,,,,,,1.0,,0.04402364473952962,0.0,,,,,,True
seasonal_naive,post_covid,seasonal_naive,2,neighborhood,SAN ISIDRO,flu_season,0.9,IT90,61.06994953059092,26,0.0,0.0,0.0,0.0,0.0,26.0,,,,0.0,,,,,,1.0,,0.002516511644451459,0.0,,,,,,True
seasonal_naive,post_covid,seasonal_naive,2,neighborhood,SAN ISIDRO,flu_season,0.98,IT98,94.17754601713678,26,0.0,0.0,0.0,0.0,0.0,26.0,,,,0.0,,,,,,1.0,,2.7012812209136273e-05,0.0,,,,,,True
seasonal_naive,post_covid,seasonal_naive,2,neighborhood,SAN MIGUEL,overall,,bands,,53,,,,,,,,,,,,,,,,,,,,,0.6037735849056604,0.7169811320754716,-0.030069673634030236,-0.5660377358490566,False
seasonal_naive,post_covid,seasonal_naive,2,neighborhood,SAN MIGUEL,overall,0.5,IT50,41.72536470891113,53,21.0,0.39622641509433965,6.0,4.0,15.0,28.0,0.2857142857142857,0.4,0.6,0.125,0.24,0.3870967741935484,0.1607142857142857,0.17661488143908421,0.20091154398138347,0.6415094339622641,0.47619047619047616,0.23805489110940797,0.2392310430758277,0.004916385228680098,,,,,False
seasonal_naive,post_covid,seasonal_naive,2,neighborhood,SAN MIGUEL,overall,0.9,IT90,54.8832873966512,53,13.0,0.24528301886792453,0.0,3.0,13.0,37.0,0.0,1.0,0.0,0.075,0.0,0.0,-0.075,-0.1012987012987013,-0.1396424004376894,0.6981132075471698,0.23076923076923078,0.20839643872275834,0.18511925952296196,-0.12574153148505385,,,,,False
seasonal_naive,post_covid,seasonal_naive,2,neighborhood,SAN MIGUEL,overall,0.98,IT98,65.40139686030513,53,9.0,0.16981132075471697,0.0,0.0,9.0,44.0,0.0,,,0.0,0.0,0.0,0.0,0.0,,0.8301886792452831,0.0,0.15691278561686856,0.14097543609825564,-0.11305054241864565,,,,,False
seasonal_naive,post_covid,seasonal_naive,2,neighborhood,SAN MIGUEL,flu_season,,bands,,26,,,,,,,,,,,,,,,,,,,,,0.38461538461538464,0.5,-0.23376623376623384,-0.8846153846153846,False
seasonal_naive,post_covid,seasonal_naive,2,neighborhood,SAN MIGUEL,flu_season,0.5,IT50,41.72536470891113,26,16.0,0.6153846153846154,6.0,4.0,10.0,6.0,0.375,0.4,0.6,0.4,0.3,0.46153846153846156,-0.025000000000000022,-0.02247191011235955,-0.025,0.46153846153846156,0.625,0.29918886422405894,0.2366863905325444,-0.2640729513466489,,,,,False
seasonal_naive,post_covid,seasonal_naive,2,neighborhood,SAN MIGUEL,flu_season,0.9,IT90,54.8832873966512,26,11.0,0.4230769230769231,0.0,3.0,11.0,12.0,0.0,1.0,0.0,0.2,0.0,0.0,-0.2,-0.2214765100671141,-0.3092768564135433,0.46153846153846156,0.2727272727272727,0.3366916178574367,0.24408284023668633,-0.3794153555856197,,,,,False
seasonal_naive,post_covid,seasonal_naive,2,neighborhood,SAN MIGUEL,flu_season,0.98,IT98,65.40139686030513,26,9.0,0.34615384615384615,0.0,0.0,9.0,17.0,0.0,,,0.0,0.0,0.0,0.0,0.0,,0.6538461538461539,0.0,0.3008760564280887,0.22633136094674558,-0.32936087676724135,,,,,False
seasonal_naive,post_covid,seasonal_naive,2,neighborhood,TIGRE,overall,,bands,,53,,,,,,,,,,,,,,,,,,,,,0.8679245283018868,1.0,0.0,-0.1320754716981132,False
seasonal_naive,post_covid,seasonal_naive,2,neighborhood,TIGRE,overall,0.5,IT50,22.292181427607932,53,7.0,0.1320754716981132,0.0,0.0,7.0,46.0,0.0,,,0.0,0.0,0.0,0.0,0.0,,0.8679245283018868,0.0,0.1484496091352173,0.1146315414738341,-0.29501537907088626,,,,,False
seasonal_naive,post_covid,seasonal_naive,2,neighborhood,TIGRE,overall,0.9,IT90,51.59902428823632,53,0.0,0.0,0.0,0.0,0.0,53.0,,,,0.0,,,,,,1.0,,0.010606980081039852,0.0,,,,,,True
seasonal_naive,post_covid,seasonal_naive,2,neighborhood,TIGRE,overall,0.98,IT98,88.26651373174553,53,0.0,0.0,0.0,0.0,0.0,53.0,,,,0.0,,,,,,1.0,,0.00015245459980378436,0.0,,,,,,True
seasonal_naive,post_covid,seasonal_naive,2,neighborhood,TIGRE,flu_season,,bands,,26,,,,,,,,,,,,,,,,,,,,,0.7307692307692307,1.0,0.0,-0.2692307692307692,False
seasonal_naive,post_covid,seasonal_naive,2,neighborhood,TIGRE,flu_season,0.5,IT50,22.292181427607932,26,7.0,0.2692307692307692,0.0,0.0,7.0,19.0,0.0,,,0.0,0.0,0.0,0.0,0.0,,0.7307692307692307,0.0,0.21509059339199035,0.19674556213017758,-0.09324241453372517,,,,,False
seasonal_naive,post_covid,seasonal_naive,2,neighborhood,TIGRE,flu_season,0.9,IT90,51.59902428823632,26,0.0,0.0,0.0,0.0,0.0,26.0,,,,0.0,,,,,,1.0,,0.01402377080054165,0.0,,,,,,True
seasonal_naive,post_covid,seasonal_naive,2,neighborhood,TIGRE,flu_season,0.98,IT98,88.26651373174553,26,0.0,0.0,0.0,0.0,0.0,26.0,,,,0.0,,,,,,1.0,,0.00023656517073426299,0.0,,,,,,True
seasonal_naive,post_covid,seasonal_naive,2,neighborhood,TRES DE FEBRERO,overall,,bands,,53,,,,,,,,,,,,,,,,,,,,,0.9245283018867925,0.9811320754716981,0.4387291981845689,0.09433962264150944,False
seasonal_naive,post_covid,seasonal_naive,2,neighborhood,TRES DE FEBRERO,overall,0.5,IT50,92.40050209783404,53,2.0,0.03773584905660377,2.0,3.0,0.0,48.0,1.0,0.6,0.4,0.058823529411764705,0.4,0.5714285714285714,0.9411764705882353,0.5470085470085471,0.6135719910778964,0.9433962264150944,2.5,0.06203844020858206,0.03631185475258099,-0.7084899857441864,,,,,True
seasonal_naive,post_covid,seasonal_naive,2,neighborhood,TRES DE FEBRERO,overall,0.9,IT90,150.5622822202344,53,0.0,0.0,0.0,2.0,0.0,51.0,,1.0,0.0,0.03773584905660377,0.0,0.0,,0.0,,0.9622641509433962,,0.01805757124277027,0.0,,,,,,True
seasonal_naive,post_covid,seasonal_naive,2,neighborhood,TRES DE FEBRERO,overall,0.98,IT98,205.7567466717726,53,0.0,0.0,0.0,0.0,0.0,53.0,,,,0.0,,,,,,1.0,,0.001957888010054042,0.0,,,,,,True
seasonal_naive,post_covid,seasonal_naive,2,neighborhood,TRES DE FEBRERO,flu_season,,bands,,26,,,,,,,,,,,,,,,,,,,,,0.8461538461538461,0.9615384615384616,0.41290322580645156,0.19230769230769232,False
seasonal_naive,post_covid,seasonal_naive,2,neighborhood,TRES DE FEBRERO,flu_season,0.5,IT50,92.40050209783404,26,2.0,0.07692307692307693,2.0,3.0,0.0,21.0,1.0,0.6,0.4,0.125,0.4,0.5714285714285714,0.875,0.5185185185185185,0.5916079783099616,0.8846153846153846,2.5,0.11656618046517592,0.07100591715976333,-0.6416403748845605,,,,,True
seasonal_naive,post_covid,seasonal_naive,2,neighborhood,TRES DE FEBRERO,flu_season,0.9,IT90,150.5622822202344,26,0.0,0.0,0.0,2.0,0.0,24.0,,1.0,0.0,0.07692307692307693,0.0,0.0,,0.0,,0.9230769230769231,,0.03678041062775474,0.0,,,,,,True
seasonal_naive,post_covid,seasonal_naive,2,neighborhood,TRES DE FEBRERO,flu_season,0.98,IT98,205.7567466717726,26,0.0,0.0,0.0,0.0,0.0,26.0,,,,0.0,,,,,,1.0,,0.003991073074235501,0.0,,,,,,True
seasonal_naive,post_covid,seasonal_naive,2,neighborhood,VICENTE LÓPEZ,overall,,bands,,53,,,,,,,,,,,,,,,,,,,,,0.7924528301886793,0.9622641509433962,0.16958525345622133,0.24528301886792453,False
seasonal_naive,post_covid,seasonal_naive,2,neighborhood,VICENTE LÓPEZ,overall,0.5,IT50,105.82113989675452,53,1.0,0.018867924528301886,1.0,10.0,0.0,42.0,1.0,0.9090909090909091,0.09090909090909091,0.19230769230769232,0.09090909090909091,0.16666666666666666,0.8076923076923077,0.13680781758957655,0.2709733813985673,0.8113207547169812,11.0,0.1263373317622245,0.018511925952296185,-5.824645479232476,,,,,True
seasonal_naive,post_covid,seasonal_naive,2,neighborhood,VICENTE LÓPEZ,overall,0.9,IT90,168.616011392644,53,0.0,0.0,0.0,3.0,0.0,50.0,,1.0,0.0,0.05660377358490566,0.0,0.0,,0.0,,0.9433962264150944,,0.034417568822998325,0.0,,,,,,True
seasonal_naive,post_covid,seasonal_naive,2,neighborhood,VICENTE LÓPEZ,overall,0.98,IT98,227.1548194913809,53,0.0,0.0,0.0,0.0,0.0,53.0,,,,0.0,,,,,,1.0,,0.004504154756576697,0.0,,,,,,True
seasonal_naive,post_covid,seasonal_naive,2,neighborhood,VICENTE LÓPEZ,flu_season,,bands,,26,,,,,,,,,,,,,,,,,,,,,0.5769230769230769,0.9230769230769231,0.14671814671814665,0.5,False
seasonal_naive,post_covid,seasonal_naive,2,neighborhood,VICENTE LÓPEZ,flu_season,0.5,IT50,105.82113989675452,26,1.0,0.038461538461538464,1.0,10.0,0.0,15.0,1.0,0.9090909090909091,0.09090909090909091,0.4,0.09090909090909091,0.16666666666666666,0.6,0.10344827586206896,0.23354968324845687,0.6153846153846154,11.0,0.25039852776690497,0.036982248520710054,-5.770776190817111,,,,,True
seasonal_naive,post_covid,seasonal_naive,2,neighborhood,VICENTE LÓPEZ,flu_season,0.9,IT90,168.616011392644,26,0.0,0.0,0.0,3.0,0.0,23.0,,1.0,0.0,0.11538461538461539,0.0,0.0,,0.0,,0.8846153846153846,,0.07014541475697346,0.0,,,,,,True
seasonal_naive,post_covid,seasonal_naive,2,neighborhood,VICENTE LÓPEZ,flu_season,0.98,IT98,227.1548194913809,26,0.0,0.0,0.0,0.0,0.0,26.0,,,,0.0,,,,,,1.0,,0.009181544581074015,0.0,,,,,,True
xgboost,post_covid,xgboost,2,citywide,CITYWIDE,overall,,bands,,53,,,,,,,,,,,,,,,,,,,,,0.8867924528301887,0.9811320754716981,0.6361556064073226,-0.1320754716981132,False
xgboost,post_covid,xgboost,2,citywide,CITYWIDE,overall,0.5,IT50,77.06642887231719,53,8.0,0.1509433962264151,5.0,0.0,3.0,45.0,0.625,0.0,1.0,0.0,0.625,0.7692307692307693,0.625,0.7389162561576355,0.7654655446197431,0.9433962264150944,0.625,0.04657700264582939,0.12815948736205057,0.6365699987996257,,,,,False
xgboost,post_covid,xgboost,2,citywide,CITYWIDE,overall,0.9,IT90,97.46007981062509,53,3.0,0.05660377358490566,0.0,0.0,3.0,50.0,0.0,,,0.0,0.0,0.0,0.0,0.0,,0.9433962264150944,0.0,0.030000571602872957,0.05339978640085441,0.4381892957835326,,,,,True
xgboost,post_covid,xgboost,2,citywide,CITYWIDE,overall,0.98,IT98,113.25281678189309,53,1.0,0.018867924528301886,0.0,0.0,1.0,52.0,0.0,,,0.0,0.0,0.0,0.0,0.0,,0.9811320754716981,0.0,0.01419045999048633,0.018511925952296185,0.23344226705238236,,,,,True
xgboost,post_covid,xgboost,2,citywide,CITYWIDE,flu_season,,bands,,26,,,,,,,,,,,,,,,,,,,,,0.7692307692307693,0.9615384615384616,0.5979381443298969,-0.2692307692307692,False
xgboost,post_covid,xgboost,2,citywide,CITYWIDE,flu_season,0.5,IT50,77.06642887231719,26,8.0,0.3076923076923077,5.0,0.0,3.0,18.0,0.625,0.0,1.0,0.0,0.625,0.7692307692307693,0.625,0.6976744186046512,0.7319250547113999,0.8846153846153846,0.625,0.09442830824644612,0.21301775147928986,0.5567115529541833,,,,,False
xgboost,post_covid,xgboost,2,citywide,CITYWIDE,flu_season,0.9,IT90,97.46007981062509,26,3.0,0.11538461538461539,0.0,0.0,3.0,23.0,0.0,,,0.0,0.0,0.0,0.0,0.0,,0.8846153846153846,0.0,0.06114721644195515,0.10207100591715977,0.40093451717736694,,,,,True
xgboost,post_covid,xgboost,2,citywide,CITYWIDE,flu_season,0.98,IT98,113.25281678189309,26,1.0,0.038461538461538464,0.0,0.0,1.0,25.0,0.0,,,0.0,0.0,0.0,0.0,0.0,,0.9615384615384616,0.0,0.028926578223860404,0.036982248520710054,0.2178253248268146,,,,,True
xgboost,post_covid,xgboost,2,pooled,ALL,overall,,bands,,992,,,,,,,,,,,,,,,,,,,,,0.8719758064516129,0.96875,0.2978187919463088,-0.0907258064516129,False
xgboost,post_covid,xgboost,2,pooled,ALL,overall,0.5,IT50,,992,143.0,0.14415322580645162,63.0,35.0,80.0,814.0,0.4405594405594406,0.35714285714285715,0.6428571428571429,0.04122497055359246,0.3539325842696629,0.5228215767634855,0.3993344700058481,0.45944921438183506,0.47008551162941425,0.8840725806451613,0.6853146853146853,0.09828749557482927,0.12337307329604581,0.20333105961477704,,,,,False
xgboost,post_covid,xgboost,2,pooled,ALL,overall,0.9,IT90,,992,37.0,0.037298387096774195,0.0,4.0,37.0,951.0,0.0,1.0,0.0,0.004188481675392671,0.0,0.0,-0.004188481675392671,-0.007331087774915791,-0.012524220340248811,0.9586693548387096,0.10810810810810811,0.03641091888917968,0.03590721741675338,-0.01402786149035573,,,,,False
xgboost,post_covid,xgboost,2,pooled,ALL,overall,0.98,IT98,,992,12.0,0.012096774193548387,0.0,0.0,12.0,980.0,0.0,,,0.0,0.0,0.0,0.0,0.0,,0.9879032258064516,0.0,0.011514559055966048,0.011950442247658686,0.036474231050155015,,,,,False
xgboost,post_covid,xgboost,2,pooled,ALL,flu_season,,bands,,494,,,,,,,,,,,,,,,,,,,,,0.7672064777327935,0.9412955465587044,0.23285307566215152,-0.16194331983805668,False
xgboost,post_covid,xgboost,2,pooled,ALL,flu_season,0.5,IT50,,494,130.0,0.2631578947368421,60.0,34.0,70.0,330.0,0.46153846153846156,0.3617021276595745,0.6382978723404256,0.09340659340659341,0.36585365853658536,0.5357142857142857,0.36813186813186816,0.4041013268998794,0.412982700904288,0.7894736842105263,0.7230769230769231,0.16410164255709198,0.19390581717451527,0.15370438624128302,,,,,False
xgboost,post_covid,xgboost,2,pooled,ALL,flu_season,0.9,IT90,,494,35.0,0.0708502024291498,0.0,3.0,35.0,456.0,0.0,1.0,0.0,0.006535947712418301,0.0,0.0,-0.006535947712418301,-0.011313436052149553,-0.021584776728632838,0.9230769230769231,0.08571428571428572,0.06915839186479465,0.06583045124489831,-0.05055320990457668,,,,,False
xgboost,post_covid,xgboost,2,pooled,ALL,flu_season,0.98,IT98,,494,12.0,0.024291497975708502,0.0,0.0,12.0,482.0,0.0,,,0.0,0.0,0.0,0.0,0.0,,0.9757085020242915,0.0,0.022225504431234496,0.02370142110180466,0.06227123108908372,,,,,False
xgboost,post_covid,xgboost,2,neighborhood,ALMIRANTE BROWN,overall,,bands,,53,,,,,,,,,,,,,,,,,,,,,0.9245283018867925,0.9811320754716981,0.0,0.09433962264150944,False
xgboost,post_covid,xgboost,2,neighborhood,ALMIRANTE BROWN,overall,0.5,IT50,45.51198712694632,53,0.0,0.0,0.0,4.0,0.0,49.0,,1.0,0.0,0.07547169811320754,0.0,0.0,,0.0,,0.9245283018867925,,0.06883832146042049,0.0,,,,,,True
xgboost,post_covid,xgboost,2,neighborhood,ALMIRANTE BROWN,overall,0.9,IT90,59.3327355509796,53,0.0,0.0,0.0,1.0,0.0,52.0,,1.0,0.0,0.018867924528301886,0.0,0.0,,0.0,,0.9811320754716981,,0.02172342986055296,0.0,,,,,,True
xgboost,post_covid,xgboost,2,neighborhood,ALMIRANTE BROWN,overall,0.98,IT98,70.30154029606965,53,0.0,0.0,0.0,0.0,0.0,53.0,,,,0.0,,,,,,1.0,,0.007494045517525864,0.0,,,,,,True
xgboost,post_covid,xgboost,2,neighborhood,ALMIRANTE BROWN,flu_season,,bands,,26,,,,,,,,,,,,,,,,,,,,,0.8461538461538461,0.9615384615384616,0.0,0.19230769230769232,False
xgboost,post_covid,xgboost,2,neighborhood,ALMIRANTE BROWN,flu_season,0.5,IT50,45.51198712694632,26,0.0,0.0,0.0,4.0,0.0,22.0,,1.0,0.0,0.15384615384615385,0.0,0.0,,0.0,,0.8461538461538461,,0.1344587404742388,0.0,,,,,,True
xgboost,post_covid,xgboost,2,neighborhood,ALMIRANTE BROWN,flu_season,0.9,IT90,59.3327355509796,26,0.0,0.0,0.0,1.0,0.0,25.0,,1.0,0.0,0.038461538461538464,0.0,0.0,,0.0,,0.9615384615384616,,0.04375188311189995,0.0,,,,,,True
xgboost,post_covid,xgboost,2,neighborhood,ALMIRANTE BROWN,flu_season,0.98,IT98,70.30154029606965,26,0.0,0.0,0.0,0.0,0.0,26.0,,,,0.0,,,,,,1.0,,0.015224924714756567,0.0,,,,,,True
xgboost,post_covid,xgboost,2,neighborhood,AVELLANEDA,overall,,bands,,53,,,,,,,,,,,,,,,,,,,,,0.9245283018867925,1.0,0.5655737704918034,0.07547169811320754,False
xgboost,post_covid,xgboost,2,neighborhood,AVELLANEDA,overall,0.5,IT50,245.84106655843968,53,3.0,0.05660377358490566,3.0,4.0,0.0,46.0,1.0,0.5714285714285714,0.42857142857142855,0.08,0.42857142857142855,0.6,0.92,0.5655737704918032,0.6279217421667403,0.9245283018867925,2.3333333333333335,0.05659978361451126,0.05339978640085441,-0.05992528115441398,,,,,True
xgboost,post_covid,xgboost,2,neighborhood,AVELLANEDA,overall,0.9,IT90,374.7741671132419,53,0.0,0.0,0.0,0.0,0.0,53.0,,,,0.0,,,,,,1.0,,0.0018616369488535503,0.0,,,,,,True
xgboost,post_covid,xgboost,2,neighborhood,AVELLANEDA,overall,0.98,IT98,490.7992503428019,53,0.0,0.0,0.0,0.0,0.0,53.0,,,,0.0,,,,,,1.0,,3.5391082910165953e-07,0.0,,,,,,True
xgboost,post_covid,xgboost,2,neighborhood,AVELLANEDA,flu_season,,bands,,26,,,,,,,,,,,,,,,,,,,,,0.8461538461538461,1.0,0.5229357798165137,0.15384615384615385,False
xgboost,post_covid,xgboost,2,neighborhood,AVELLANEDA,flu_season,0.5,IT50,245.84106655843968,26,3.0,0.11538461538461539,3.0,4.0,0.0,19.0,1.0,0.5714285714285714,0.42857142857142855,0.17391304347826086,0.42857142857142855,0.6,0.8260869565217391,0.5229357798165137,0.5950103083819182,0.8461538461538461,2.3333333333333335,0.11532667922668832,0.10207100591715977,-0.1298671761919028,,,,,True
xgboost,post_covid,xgboost,2,neighborhood,AVELLANEDA,flu_season,0.9,IT90,374.7741671132419,26,0.0,0.0,0.0,0.0,0.0,26.0,,,,0.0,,,,,,1.0,,0.0037948753184470266,0.0,,,,,,True
xgboost,post_covid,xgboost,2,neighborhood,AVELLANEDA,flu_season,0.98,IT98,490.7992503428019,26,0.0,0.0,0.0,0.0,0.0,26.0,,,,0.0,,,,,,1.0,,7.214336131687676e-07,0.0,,,,,,True
xgboost,post_covid,xgboost,2,neighborhood,EZEIZA,overall,,bands,,53,,,,,,,,,,,,,,,,,,,,,0.9245283018867925,1.0,0.6835820895522389,0.0,False
xgboost,post_covid,xgboost,2,neighborhood,EZEIZA,overall,0.5,IT50,139.80229436412165,53,5.0,0.09433962264150944,4.0,2.0,1.0,46.0,0.8,0.3333333333333333,0.6666666666666666,0.041666666666666664,0.5714285714285714,0.7272727272727273,0.7583333333333334,0.6959847036328872,0.6995861660885712,0.9433962264150944,1.2,0.04483982434612243,0.08543965824136704,0.4751872225489254,,,,,False
xgboost,post_covid,xgboost,2,neighborhood,EZEIZA,overall,0.9,IT90,180.23131160603506,53,1.0,0.018867924528301886,0.0,0.0,1.0,52.0,0.0,,,0.0,0.0,0.0,0.0,0.0,,0.9811320754716981,0.0,0.016678578172363536,0.018511925952296185,0.09903603680443873,,,,,True
xgboost,post_covid,xgboost,2,neighborhood,EZEIZA,overall,0.98,IT98,212.02965427114694,53,0.0,0.0,0.0,0.0,0.0,53.0,,,,0.0,,,,,,1.0,,0.0017208843103920842,0.0,,,,,,True
xgboost,post_covid,xgboost,2,neighborhood,EZEIZA,flu_season,,bands,,26,,,,,,,,,,,,,,,,,,,,,0.8461538461538461,1.0,0.6438356164383562,0.0,False
xgboost,post_covid,xgboost,2,neighborhood,EZEIZA,flu_season,0.5,IT50,139.80229436412165,26,5.0,0.19230769230769232,4.0,2.0,1.0,19.0,0.8,0.3333333333333333,0.6666666666666666,0.09523809523809523,0.5714285714285714,0.7272727272727273,0.7047619047619048,0.6548672566371682,0.6592443967173135,0.8846153846153846,1.2,0.09110347665283204,0.15532544378698226,0.41346714078748137,,,,,False
xgboost,post_covid,xgboost,2,neighborhood,EZEIZA,flu_season,0.9,IT90,180.23131160603506,26,1.0,0.038461538461538464,0.0,0.0,1.0,25.0,0.0,,,0.0,0.0,0.0,0.0,0.0,,0.9615384615384616,0.0,0.033997811894251134,0.036982248520710054,0.08069916637944918,,,,,True
xgboost,post_covid,xgboost,2,neighborhood,EZEIZA,flu_season,0.98,IT98,212.02965427114694,26,0.0,0.0,0.0,0.0,0.0,26.0,,,,0.0,,,,,,1.0,,0.00350795487525122,0.0,,,,,,True
xgboost,post_covid,xgboost,2,neighborhood,FLORENCIO VARELA,overall,,bands,,53,,,,,,,,,,,,,,,,,,,,,0.8867924528301887,1.0,0.6159420289855073,-0.03773584905660377,False
xgboost,post_covid,xgboost,2,neighborhood,FLORENCIO VARELA,overall,0.5,IT50,92.52865090835965,53,8.0,0.1509433962264151,5.0,2.0,3.0,43.0,0.625,0.2857142857142857,0.7142857142857143,0.044444444444444446,0.5,0.6666666666666666,0.5805555555555556,0.6120058565153733,0.6138568406737519,0.9056603773584906,0.875,0.07293157743284587,0.12815948736205057,0.43093110830871106,,,,,False
xgboost,post_covid,xgboost,2,neighborhood,FLORENCIO VARELA,overall,0.9,IT90,129.20404508235538,53,1.0,0.018867924528301886,0.0,0.0,1.0,52.0,0.0,,,0.0,0.0,0.0,0.0,0.0,,0.9811320754716981,0.0,0.016271717918736765,0.018511925952296185,0.12101431473593094,,,,,True
xgboost,post_covid,xgboost,2,neighborhood,FLORENCIO VARELA,overall,0.98,IT98,159.96645580277627,53,0.0,0.0,0.0,0.0,0.0,53.0,,,,0.0,,,,,,1.0,,0.0014580583828680857,0.0,,,,,,True
xgboost,post_covid,xgboost,2,neighborhood,FLORENCIO VARELA,flu_season,,bands,,26,,,,,,,,,,,,,,,,,,,,,0.7692307692307693,1.0,0.5438596491228072,-0.07692307692307693,False
xgboost,post_covid,xgboost,2,neighborhood,FLORENCIO VARELA,flu_season,0.5,IT50,92.52865090835965,26,8.0,0.3076923076923077,5.0,2.0,3.0,16.0,0.625,0.2857142857142857,0.7142857142857143,0.1111111111111111,0.5,0.6666666666666666,0.5138888888888888,0.5323741007194245,0.534717814539874,0.8076923076923077,0.875,0.14713003644643388,0.21301775147928986,0.3093062177931296,,,,,False
xgboost,post_covid,xgboost,2,neighborhood,FLORENCIO VARELA,flu_season,0.9,IT90,129.20404508235538,26,1.0,0.038461538461538464,0.0,0.0,1.0,25.0,0.0,,,0.0,0.0,0.0,0.0,0.0,,0.9615384615384616,0.0,0.033160741476825656,0.036982248520710054,0.10333355046663417,,,,,True
xgboost,post_covid,xgboost,2,neighborhood,FLORENCIO VARELA,flu_season,0.98,IT98,159.96645580277627,26,0.0,0.0,0.0,0.0,0.0,26.0,,,,0.0,,,,,,1.0,,0.002972180760785152,0.0,,,,,,True
xgboost,post_covid,xgboost,2,neighborhood,GENERAL SAN MARTÍN,overall,,bands,,53,,,,,,,,,,,,,,,,,,,,,0.9811320754716981,1.0,0.8787185354691076,0.018867924528301886,False
xgboost,post_covid,xgboost,2,neighborhood,GENERAL SAN MARTÍN,overall,0.5,IT50,77.94711365203958,53,4.0,0.07547169811320754,4.0,1.0,0.0,48.0,1.0,0.2,0.8,0.02040816326530612,0.8,0.8888888888888888,0.9795918367346939,0.8787185354691075,0.885253336275981,0.9811320754716981,1.25,0.03893403490928722,0.0697757208971164,0.4420117139786335,,,,,True
xgboost,post_covid,xgboost,2,neighborhood,GENERAL SAN MARTÍN,overall,0.9,IT90,119.50868958439348,53,0.0,0.0,0.0,0.0,0.0,53.0,,,,0.0,,,,,,1.0,,0.00592085198783022,0.0,,,,,,True
xgboost,post_covid,xgboost,2,neighborhood,GENERAL SAN MARTÍN,overall,0.98,IT98,157.08069982681235,53,0.0,0.0,0.0,0.0,0.0,53.0,,,,0.0,,,,,,1.0,,0.00020804129763448418,0.0,,,,,,True
xgboost,post_covid,xgboost,2,neighborhood,GENERAL SAN MARTÍN,flu_season,,bands,,26,,,,,,,,,,,,,,,,,,,,,0.9615384615384616,1.0,0.865979381443299,0.038461538461538464,False
xgboost,post_covid,xgboost,2,neighborhood,GENERAL SAN MARTÍN,flu_season,0.5,IT50,77.94711365203958,26,4.0,0.15384615384615385,4.0,1.0,0.0,21.0,1.0,0.2,0.8,0.045454545454545456,0.8,0.8888888888888888,0.9545454545454546,0.865979381443299,0.873862897505303,0.9615384615384616,1.25,0.06938886618338932,0.13017751479289943,0.4669673461366912,,,,,True
xgboost,post_covid,xgboost,2,neighborhood,GENERAL SAN MARTÍN,flu_season,0.9,IT90,119.50868958439348,26,0.0,0.0,0.0,0.0,0.0,26.0,,,,0.0,,,,,,1.0,,0.012006543262201762,0.0,,,,,,True
xgboost,post_covid,xgboost,2,neighborhood,GENERAL SAN MARTÍN,flu_season,0.98,IT98,157.08069982681235,26,0.0,0.0,0.0,0.0,0.0,26.0,,,,0.0,,,,,,1.0,,0.0004240416235603259,0.0,,,,,,True
xgboost,post_covid,xgboost,2,neighborhood,JOSÉ C. PAZ,overall,,bands,,53,,,,,,,,,,,,,,,,,,,,,0.4339622641509434,0.7924528301886793,0.0,-0.8301886792452831,False
xgboost,post_covid,xgboost,2,neighborhood,JOSÉ C. PAZ,overall,0.5,IT50,222.17859568980776,53,30.0,0.5660377358490566,0.0,0.0,30.0,23.0,0.0,,,0.0,0.0,0.0,0.0,0.0,,0.4339622641509434,0.0,0.524236439598755,0.2456390174439302,-1.1341741432360912,,,,,False
xgboost,post_covid,xgboost,2,neighborhood,JOSÉ C. PAZ,overall,0.9,IT90,355.8888420506266,53,11.0,0.20754716981132076,0.0,0.0,11.0,42.0,0.0,,,0.0,0.0,0.0,0.0,0.0,,0.7924528301886793,0.0,0.2075296813725281,0.1644713421146316,-0.26179843068275166,,,,,False
xgboost,post_covid,xgboost,2,neighborhood,JOSÉ C. PAZ,overall,0.98,IT98,481.06046989083103,53,3.0,0.05660377358490566,0.0,0.0,3.0,50.0,0.0,,,0.0,0.0,0.0,0.0,0.0,,0.9433962264150944,0.0,0.056603773567290586,0.05339978640085441,-0.059999999670128146,,,,,True
xgboost,post_covid,xgboost,2,neighborhood,JOSÉ C. PAZ,flu_season,,bands,,26,,,,,,,,,,,,,,,,,,,,,0.07692307692307693,0.5769230769230769,0.0,-1.4615384615384615,False
xgboost,post_covid,xgboost,2,neighborhood,JOSÉ C. PAZ,flu_season,0.5,IT50,222.17859568980776,26,24.0,0.9230769230769231,0.0,0.0,24.0,2.0,0.0,,,0.0,0.0,0.0,0.0,0.0,,0.07692307692307693,0.0,0.8378665884139066,0.07100591715976333,-10.799954453495848,,,,,False
xgboost,post_covid,xgboost,2,neighborhood,JOSÉ C. PAZ,flu_season,0.9,IT90,355.8888420506266,26,11.0,0.4230769230769231,0.0,0.0,11.0,15.0,0.0,,,0.0,0.0,0.0,0.0,0.0,,0.5769230769230769,0.0,0.4230412735670765,0.24408284023668633,-0.7331872783717805,,,,,False
xgboost,post_covid,xgboost,2,neighborhood,JOSÉ C. PAZ,flu_season,0.98,IT98,481.06046989083103,26,3.0,0.11538461538461539,0.0,0.0,3.0,23.0,0.0,,,0.0,0.0,0.0,0.0,0.0,,0.8846153846153846,0.0,0.11538461534870773,0.10207100591715977,-0.13043478225690452,,,,,True
xgboost,post_covid,xgboost,2,neighborhood,LA MATANZA,overall,,bands,,53,,,,,,,,,,,,,,,,,,,,,0.7358490566037735,1.0,0.5309734513274337,-0.18867924528301888,False
xgboost,post_covid,xgboost,2,neighborhood,LA MATANZA,overall,0.5,IT50,24.512107570850826,53,23.0,0.4339622641509434,13.0,2.0,10.0,28.0,0.5652173913043478,0.13333333333333333,0.8666666666666667,0.06666666666666667,0.52,0.6842105263157895,0.49855072463768113,0.5196374622356495,0.548525054642731,0.7735849056603774,0.6521739130434783,0.1566329198878741,0.24563901744393019,0.3623451130941473,,,,,False
xgboost,post_covid,xgboost,2,neighborhood,LA MATANZA,overall,0.9,IT90,49.0533041651205,53,2.0,0.03773584905660377,0.0,0.0,2.0,51.0,0.0,,,0.0,0.0,0.0,0.0,0.0,,0.9622641509433962,0.0,0.03467792414840137,0.03631185475258099,0.04499716732490722,,,,,True
xgboost,post_covid,xgboost,2,neighborhood,LA MATANZA,overall,0.98,IT98,76.45298521130762,53,0.0,0.0,0.0,0.0,0.0,53.0,,,,0.0,,,,,,1.0,,0.0012516206071768456,0.0,,,,,,True
xgboost,post_covid,xgboost,2,neighborhood,LA MATANZA,flu_season,,bands,,26,,,,,,,,,,,,,,,,,,,,,0.5384615384615384,1.0,0.22388059701492535,-0.3076923076923077,False
xgboost,post_covid,xgboost,2,neighborhood,LA MATANZA,flu_season,0.5,IT50,24.512107570850826,26,21.0,0.8076923076923077,13.0,2.0,8.0,3.0,0.6190476190476191,0.13333333333333333,0.8666666666666667,0.4,0.5652173913043478,0.7222222222222222,0.21904761904761905,0.1503267973856209,0.17473955057144483,0.6153846153846154,0.7142857142857143,0.2230250501934367,0.15532544378698226,-0.43585651362631617,,,,,False
xgboost,post_covid,xgboost,2,neighborhood,LA MATANZA,flu_season,0.9,IT90,49.0533041651205,26,2.0,0.07692307692307693,0.0,0.0,2.0,24.0,0.0,,,0.0,0.0,0.0,0.0,0.0,,0.9230769230769231,0.0,0.07047803989182908,0.07100591715976333,0.007434271523407365,,,,,True
xgboost,post_covid,xgboost,2,neighborhood,LA MATANZA,flu_season,0.98,IT98,76.45298521130762,26,0.0,0.0,0.0,0.0,0.0,26.0,,,,0.0,,,,,,1.0,,0.002551346752093455,0.0,,,,,,True
xgboost,post_covid,xgboost,2,neighborhood,LANÚS,overall,,bands,,53,,,,,,,,,,,,,,,,,,,,,0.9433962264150944,1.0,0.6361556064073228,0.018867924528301886,False
xgboost,post_covid,xgboost,2,neighborhood,LANÚS,overall,0.5,IT50,132.6029855198303,53,4.0,0.07547169811320754,3.0,2.0,1.0,47.0,0.75,0.4,0.6,0.04081632653061224,0.5,0.6666666666666666,0.7091836734693877,0.6361556064073226,0.6408865299081321,0.9433962264150944,1.25,0.05016174294715891,0.06977572089711641,0.28110032684403374,,,,,True
xgboost,post_covid,xgboost,2,neighborhood,LANÚS,overall,0.9,IT90,190.48996986250967,53,0.0,0.0,0.0,0.0,0.0,53.0,,,,0.0,,,,,,1.0,,0.005596483616060227,0.0,,,,,,True
xgboost,post_covid,xgboost,2,neighborhood,LANÚS,overall,0.98,IT98,240.1624128185746,53,0.0,0.0,0.0,0.0,0.0,53.0,,,,0.0,,,,,,1.0,,0.00017766187962718407,0.0,,,,,,True
xgboost,post_covid,xgboost,2,neighborhood,LANÚS,flu_season,,bands,,26,,,,,,,,,,,,,,,,,,,,,0.8846153846153846,1.0,0.5979381443298969,0.038461538461538464,False
xgboost,post_covid,xgboost,2,neighborhood,LANÚS,flu_season,0.5,IT50,132.6029855198303,26,4.0,0.15384615384615385,3.0,2.0,1.0,20.0,0.75,0.4,0.6,0.09090909090909091,0.5,0.6666666666666666,0.6590909090909091,0.5979381443298969,0.6033815244679472,0.8846153846153846,1.25,0.09837262233500232,0.13017751479289943,0.24431940115384598,,,,,True
xgboost,post_covid,xgboost,2,neighborhood,LANÚS,flu_season,0.9,IT90,190.48996986250967,26,0.0,0.0,0.0,0.0,0.0,26.0,,,,0.0,,,,,,1.0,,0.011402781957701688,0.0,,,,,,True
xgboost,post_covid,xgboost,2,neighborhood,LANÚS,flu_season,0.98,IT98,240.1624128185746,26,0.0,0.0,0.0,0.0,0.0,26.0,,,,0.0,,,,,,1.0,,0.0003621561434519316,0.0,,,,,,True
xgboost,post_covid,xgboost,2,neighborhood,LOMAS DE ZAMORA,overall,,bands,,41,,,,,,,,,,,,,,,,,,,,,0.9512195121951219,0.9512195121951219,0.0,0.0975609756097561,False
xgboost,post_covid,xgboost,2,neighborhood,LOMAS DE ZAMORA,overall,0.5,IT50,8.281330480989212,41,0.0,0.0,0.0,2.0,0.0,39.0,,1.0,0.0,0.04878048780487805,0.0,0.0,,0.0,,0.9512195121951219,,0.07528704453436731,0.0,,,,,,True
xgboost,post_covid,xgboost,2,neighborhood,LOMAS DE ZAMORA,overall,0.9,IT90,13.281987582112178,41,0.0,0.0,0.0,2.0,0.0,39.0,,1.0,0.0,0.04878048780487805,0.0,0.0,,0.0,,0.9512195121951219,,0.02976223117578709,0.0,,,,,,True
xgboost,post_covid,xgboost,2,neighborhood,LOMAS DE ZAMORA,overall,0.98,IT98,17.968039817353144,41,0.0,0.0,0.0,0.0,0.0,41.0,,,,0.0,,,,,,1.0,,0.013426300106450509,0.0,,,,,,True
xgboost,post_covid,xgboost,2,neighborhood,LOMAS DE ZAMORA,flu_season,,bands,,26,,,,,,,,,,,,,,,,,,,,,0.9615384615384616,0.9615384615384616,0.0,0.07692307692307693,False
xgboost,post_covid,xgboost,2,neighborhood,LOMAS DE ZAMORA,flu_season,0.5,IT50,8.281330480989212,26,0.0,0.0,0.0,1.0,0.0,25.0,,1.0,0.0,0.038461538461538464,0.0,0.0,,0.0,,0.9615384615384616,,0.06535497193303824,0.0,,,,,,True
xgboost,post_covid,xgboost,2,neighborhood,LOMAS DE ZAMORA,flu_season,0.9,IT90,13.281987582112178,26,0.0,0.0,0.0,1.0,0.0,25.0,,1.0,0.0,0.038461538461538464,0.0,0.0,,0.0,,0.9615384615384616,,0.02521625907392514,0.0,,,,,,True
xgboost,post_covid,xgboost,2,neighborhood,LOMAS DE ZAMORA,flu_season,0.98,IT98,17.968039817353144,26,0.0,0.0,0.0,0.0,0.0,26.0,,,,0.0,,,,,,1.0,,0.011777315676669196,0.0,,,,,,True
xgboost,post_covid,xgboost,2,neighborhood,MALVINAS ARGENTINAS,overall,,bands,,53,,,,,,,,,,,,,,,,,,,,,0.7735849056603774,0.9056603773584906,0.33596287703016237,-0.24528301886792453,False
xgboost,post_covid,xgboost,2,neighborhood,MALVINAS ARGENTINAS,overall,0.5,IT50,19.75908456675979,53,12.0,0.22641509433962265,6.0,2.0,6.0,39.0,0.5,0.25,0.75,0.04878048780487805,0.42857142857142855,0.6,0.45121951219512196,0.511520737327189,0.527496002373786,0.8490566037735849,0.6666666666666666,0.12193732004393369,0.17515129939480242,0.30381721137518347,,,,,False
xgboost,post_covid,xgboost,2,neighborhood,MALVINAS ARGENTINAS,overall,0.9,IT90,75.76432319476002,53,9.0,0.16981132075471697,0.0,0.0,9.0,44.0,0.0,,,0.0,0.0,0.0,0.0,0.0,,0.8301886792452831,0.0,0.16868139505932594,0.14097543609825564,-0.1965304008122386,,,,,False
xgboost,post_covid,xgboost,2,neighborhood,MALVINAS ARGENTINAS,overall,0.98,IT98,178.99536057166898,53,0.0,0.0,0.0,0.0,0.0,53.0,,,,0.0,,,,,,1.0,,5.244578467643894e-28,0.0,,,,,,True
xgboost,post_covid,xgboost,2,neighborhood,MALVINAS ARGENTINAS,flu_season,,bands,,26,,,,,,,,,,,,,,,,,,,,,0.5384615384615384,0.8076923076923077,0.20767494356659122,-0.5,False
xgboost,post_covid,xgboost,2,neighborhood,MALVINAS ARGENTINAS,flu_season,0.5,IT50,19.75908456675979,26,12.0,0.46153846153846156,6.0,2.0,6.0,12.0,0.5,0.25,0.75,0.14285714285714285,0.42857142857142855,0.6,0.35714285714285715,0.36585365853658536,0.38575837490522974,0.6923076923076923,0.6666666666666666,0.19964886554681227,0.24852071005917165,0.19665099339496983,,,,,False
xgboost,post_covid,xgboost,2,neighborhood,MALVINAS ARGENTINAS,flu_season,0.9,IT90,75.76432319476002,26,9.0,0.34615384615384615,0.0,0.0,9.0,17.0,0.0,,,0.0,0.0,0.0,0.0,0.0,,0.6538461538461539,0.0,0.3438505144656705,0.22633136094674555,-0.5192349528025704,,,,,False
xgboost,post_covid,xgboost,2,neighborhood,MALVINAS ARGENTINAS,flu_season,0.98,IT98,178.99536057166898,26,0.0,0.0,0.0,0.0,0.0,26.0,,,,0.0,,,,,,1.0,,1.069087149173563e-27,0.0,,,,,,True
xgboost,post_covid,xgboost,2,neighborhood,MERLO,overall,,bands,,53,,,,,,,,,,,,,,,,,,,,,1.0,1.0,,0.0,False
xgboost,post_covid,xgboost,2,neighborhood,MERLO,overall,0.5,IT50,93.32449393075508,53,0.0,0.0,0.0,0.0,0.0,53.0,,,,0.0,,,,,,1.0,,0.01827099054839681,0.0,,,,,,True
xgboost,post_covid,xgboost,2,neighborhood,MERLO,overall,0.9,IT90,164.5170716895135,53,0.0,0.0,0.0,0.0,0.0,53.0,,,,0.0,,,,,,1.0,,1.2591619464543055e-05,0.0,,,,,,True
xgboost,post_covid,xgboost,2,neighborhood,MERLO,overall,0.98,IT98,236.4333757518645,53,0.0,0.0,0.0,0.0,0.0,53.0,,,,0.0,,,,,,1.0,,1.1055160819167276e-11,0.0,,,,,,True
xgboost,post_covid,xgboost,2,neighborhood,MERLO,flu_season,,bands,,26,,,,,,,,,,,,,,,,,,,,,1.0,1.0,,0.0,False
xgboost,post_covid,xgboost,2,neighborhood,MERLO,flu_season,0.5,IT50,93.32449393075508,26,0.0,0.0,0.0,0.0,0.0,26.0,,,,0.0,,,,,,1.0,,0.03724470863468273,0.0,,,,,,True
xgboost,post_covid,xgboost,2,neighborhood,MERLO,flu_season,0.9,IT90,164.5170716895135,26,0.0,0.0,0.0,0.0,0.0,26.0,,,,0.0,,,,,,1.0,,2.5667531985414688e-05,0.0,,,,,,True
xgboost,post_covid,xgboost,2,neighborhood,MERLO,flu_season,0.98,IT98,236.4333757518645,26,0.0,0.0,0.0,0.0,0.0,26.0,,,,0.0,,,,,,1.0,,2.2535520131379448e-11,0.0,,,,,,True
xgboost,post_covid,xgboost,2,neighborhood,MORENO,overall,,bands,,53,,,,,,,,,,,,,,,,,,,,,0.7358490566037735,1.0,0.2986767485822308,-0.11320754716981132,False
xgboost,post_covid,xgboost,2,neighborhood,MORENO,overall,0.5,IT50,101.79720605127496,53,16.0,0.3018867924528302,6.0,4.0,10.0,33.0,0.375,0.4,0.6,0.10810810810810811,0.3,0.46153846153846156,0.2668918918918919,0.29867674858223064,0.31315691482036834,0.7358490566037735,0.625,0.18455329663979692,0.21075115699537209,0.12430707726150447,,,,,False
xgboost,post_covid,xgboost,2,neighborhood,MORENO,overall,0.9,IT90,214.46725243408844,53,0.0,0.0,0.0,0.0,0.0,53.0,,,,0.0,,,,,,1.0,,0.00241471877005751,0.0,,,,,,True
xgboost,post_covid,xgboost,2,neighborhood,MORENO,overall,0.98,IT98,345.44262322711484,53,0.0,0.0,0.0,0.0,0.0,53.0,,,,0.0,,,,,,1.0,,2.8210133041894454e-09,0.0,,,,,,True
xgboost,post_covid,xgboost,2,neighborhood,MORENO,flu_season,,bands,,26,,,,,,,,,,,,,,,,,,,,,0.46153846153846156,1.0,-0.022471910112359605,-0.23076923076923078,False
xgboost,post_covid,xgboost,2,neighborhood,MORENO,flu_season,0.5,IT50,101.79720605127496,26,16.0,0.6153846153846154,6.0,4.0,10.0,6.0,0.375,0.4,0.6,0.4,0.3,0.46153846153846156,-0.025000000000000022,-0.02247191011235955,-0.025,0.46153846153846156,0.625,0.3745280801326082,0.2366863905325444,-0.5823811385602695,,,,,False
xgboost,post_covid,xgboost,2,neighborhood,MORENO,flu_season,0.9,IT90,214.46725243408844,26,0.0,0.0,0.0,0.0,0.0,26.0,,,,0.0,,,,,,1.0,,0.00492231133876239,0.0,,,,,,True
xgboost,post_covid,xgboost,2,neighborhood,MORENO,flu_season,0.98,IT98,345.44262322711484,26,0.0,0.0,0.0,0.0,0.0,26.0,,,,0.0,,,,,,1.0,,5.750527120078485e-09,0.0,,,,,,True
xgboost,post_covid,xgboost,2,neighborhood,MORÓN,overall,,bands,,53,,,,,,,,,,,,,,,,,,,,,0.9433962264150944,1.0,0.767203513909224,0.018867924528301886,False
xgboost,post_covid,xgboost,2,neighborhood,MORÓN,overall,0.5,IT50,28.847000469649124,53,7.0,0.1320754716981132,6.0,2.0,1.0,44.0,0.8571428571428571,0.25,0.75,0.043478260869565216,0.6666666666666666,0.8,0.8136645962732919,0.767203513909224,0.7695238863948468,0.9433962264150944,1.1428571428571428,0.0988103104714151,0.1146315414738341,0.13801813008010866,,,,,False
xgboost,post_covid,xgboost,2,neighborhood,MORÓN,overall,0.9,IT90,57.29975452086349,53,0.0,0.0,0.0,0.0,0.0,53.0,,,,0.0,,,,,,1.0,,0.012304538884002424,0.0,,,,,,True
xgboost,post_covid,xgboost,2,neighborhood,MORÓN,overall,0.98,IT98,88.88106833465432,53,0.0,0.0,0.0,0.0,0.0,53.0,,,,0.0,,,,,,1.0,,0.00035844143812248716,0.0,,,,,,True
xgboost,post_covid,xgboost,2,neighborhood,MORÓN,flu_season,,bands,,26,,,,,,,,,,,,,,,,,,,,,0.8846153846153846,1.0,0.7194244604316546,0.038461538461538464,False
xgboost,post_covid,xgboost,2,neighborhood,MORÓN,flu_season,0.5,IT50,28.847000469649124,26,7.0,0.2692307692307692,6.0,2.0,1.0,17.0,0.8571428571428571,0.25,0.75,0.10526315789473684,0.6666666666666666,0.8,0.7518796992481203,0.7194244604316546,0.7225916412701,0.8846153846153846,1.1428571428571428,0.15300843500177108,0.19674556213017758,0.2223029920210735,,,,,False
xgboost,post_covid,xgboost,2,neighborhood,MORÓN,flu_season,0.9,IT90,57.29975452086349,26,0.0,0.0,0.0,0.0,0.0,26.0,,,,0.0,,,,,,1.0,,0.024891756688608675,0.0,,,,,,True
xgboost,post_covid,xgboost,2,neighborhood,MORÓN,flu_season,0.98,IT98,88.88106833465432,26,0.0,0.0,0.0,0.0,0.0,26.0,,,,0.0,,,,,,1.0,,0.0007306593589377331,0.0,,,,,,True
xgboost,post_covid,xgboost,2,neighborhood,QUILMES,overall,,bands,,53,,,,,,,,,,,,,,,,,,,,,0.9622641509433962,1.0,0.0,0.03773584905660377,False
xgboost,post_covid,xgboost,2,neighborhood,QUILMES,overall,0.5,IT50,46.34689792435932,53,0.0,0.0,0.0,2.0,0.0,51.0,,1.0,0.0,0.03773584905660377,0.0,0.0,,0.0,,0.9622641509433962,,0.039335905657271825,0.0,,,,,,True
xgboost,post_covid,xgboost,2,neighborhood,QUILMES,overall,0.9,IT90,80.98262048145082,53,0.0,0.0,0.0,0.0,0.0,53.0,,,,0.0,,,,,,1.0,,0.000804656108546783,0.0,,,,,,True
xgboost,post_covid,xgboost,2,neighborhood,QUILMES,overall,0.98,IT98,115.72591322033615,53,0.0,0.0,0.0,0.0,0.0,53.0,,,,0.0,,,,,,1.0,,3.359809662098588e-06,0.0,,,,,,True
xgboost,post_covid,xgboost,2,neighborhood,QUILMES,flu_season,,bands,,26,,,,,,,,,,,,,,,,,,,,,0.9230769230769231,1.0,0.0,0.07692307692307693,False
xgboost,post_covid,xgboost,2,neighborhood,QUILMES,flu_season,0.5,IT50,46.34689792435932,26,0.0,0.0,0.0,2.0,0.0,24.0,,1.0,0.0,0.07692307692307693,0.0,0.0,,0.0,,0.9230769230769231,,0.07337458986976782,0.0,,,,,,True
xgboost,post_covid,xgboost,2,neighborhood,QUILMES,flu_season,0.9,IT90,80.98262048145082,26,0.0,0.0,0.0,0.0,0.0,26.0,,,,0.0,,,,,,1.0,,0.0016340022610260732,0.0,,,,,,True
xgboost,post_covid,xgboost,2,neighborhood,QUILMES,flu_season,0.98,IT98,115.72591322033615,26,0.0,0.0,0.0,0.0,0.0,26.0,,,,0.0,,,,,,1.0,,6.848762860692029e-06,0.0,,,,,,True
xgboost,post_covid,xgboost,2,neighborhood,SAN ISIDRO,overall,,bands,,50,,,,,,,,,,,,,,,,,,,,,1.0,1.0,,0.0,False
xgboost,post_covid,xgboost,2,neighborhood,SAN ISIDRO,overall,0.5,IT50,31.02709117627285,50,0.0,0.0,0.0,0.0,0.0,50.0,,,,0.0,,,,,,1.0,,0.024368977706471052,0.0,,,,,,True
xgboost,post_covid,xgboost,2,neighborhood,SAN ISIDRO,overall,0.9,IT90,61.06994953059092,50,0.0,0.0,0.0,0.0,0.0,50.0,,,,0.0,,,,,,1.0,,9.733283545676273e-05,0.0,,,,,,True
xgboost,post_covid,xgboost,2,neighborhood,SAN ISIDRO,overall,0.98,IT98,94.17754601713678,50,0.0,0.0,0.0,0.0,0.0,50.0,,,,0.0,,,,,,1.0,,3.572953269241906e-09,0.0,,,,,,True
xgboost,post_covid,xgboost,2,neighborhood,SAN ISIDRO,flu_season,,bands,,26,,,,,,,,,,,,,,,,,,,,,1.0,1.0,,0.0,False
xgboost,post_covid,xgboost,2,neighborhood,SAN ISIDRO,flu_season,0.5,IT50,31.02709117627285,26,0.0,0.0,0.0,0.0,0.0,26.0,,,,0.0,,,,,,1.0,,0.013836282615377267,0.0,,,,,,True
xgboost,post_covid,xgboost,2,neighborhood,SAN ISIDRO,flu_season,0.9,IT90,61.06994953059092,26,0.0,0.0,0.0,0.0,0.0,26.0,,,,0.0,,,,,,1.0,,2.304360852914576e-05,0.0,,,,,,True
xgboost,post_covid,xgboost,2,neighborhood,SAN ISIDRO,flu_season,0.98,IT98,94.17754601713678,26,0.0,0.0,0.0,0.0,0.0,26.0,,,,0.0,,,,,,1.0,,1.6388687871350688e-10,0.0,,,,,,True
xgboost,post_covid,xgboost,2,neighborhood,SAN MIGUEL,overall,,bands,,53,,,,,,,,,,,,,,,,,,,,,0.660377358490566,0.7735849056603774,0.10578199052132686,-0.5849056603773585,False
xgboost,post_covid,xgboost,2,neighborhood,SAN MIGUEL,overall,0.5,IT50,41.72536470891113,53,21.0,0.39622641509433965,9.0,2.0,12.0,30.0,0.42857142857142855,0.18181818181818182,0.8181818181818182,0.0625,0.391304347826087,0.5625,0.36607142857142855,0.3987034035656402,0.44149875456029675,0.7358490566037735,0.5238095238095238,0.14290277789715225,0.2392310430758277,0.4026578822721717,,,,,False
xgboost,post_covid,xgboost,2,neighborhood,SAN MIGUEL,overall,0.9,IT90,54.8832873966512,53,13.0,0.24528301886792453,0.0,1.0,13.0,39.0,0.0,1.0,0.0,0.025,0.0,0.0,-0.025,-0.036312849162011177,-0.07905694150420949,0.7358490566037735,0.07692307692307693,0.1613347044839479,0.18511925952296196,0.12848233673959708,,,,,False
xgboost,post_covid,xgboost,2,neighborhood,SAN MIGUEL,overall,0.98,IT98,65.40139686030513,53,9.0,0.16981132075471697,0.0,0.0,9.0,44.0,0.0,,,0.0,0.0,0.0,0.0,0.0,,0.8301886792452831,0.0,0.1358537643089848,0.14097543609825564,0.03633024256581252,,,,,False
xgboost,post_covid,xgboost,2,neighborhood,SAN MIGUEL,flu_season,,bands,,26,,,,,,,,,,,,,,,,,,,,,0.4230769230769231,0.5769230769230769,-0.036503362151777186,-1.0384615384615385,False
xgboost,post_covid,xgboost,2,neighborhood,SAN MIGUEL,flu_season,0.5,IT50,41.72536470891113,26,16.0,0.6153846153846154,6.0,2.0,10.0,8.0,0.375,0.25,0.75,0.2,0.3333333333333333,0.5,0.175,0.15217391304347827,0.18446619684315546,0.5384615384615384,0.5,0.21680989806325193,0.2366863905325444,0.08397818068276064,,,,,False
xgboost,post_covid,xgboost,2,neighborhood,SAN MIGUEL,flu_season,0.9,IT90,54.8832873966512,26,11.0,0.4230769230769231,0.0,1.0,11.0,14.0,0.0,1.0,0.0,0.06666666666666667,0.0,0.0,-0.06666666666666667,-0.07586206896551724,-0.17126976771553504,0.5384615384615384,0.09090909090909091,0.27656640692651013,0.24408284023668633,-0.1330841883777023,,,,,False
xgboost,post_covid,xgboost,2,neighborhood,SAN MIGUEL,flu_season,0.98,IT98,65.40139686030513,26,9.0,0.34615384615384615,0.0,0.0,9.0,17.0,0.0,,,0.0,0.0,0.0,0.0,0.0,,0.6538461538461539,0.0,0.2693389788131245,0.22633136094674558,-0.1900205861285762,,,,,False
xgboost,post_covid,xgboost,2,neighborhood,TIGRE,overall,,bands,,53,,,,,,,,,,,,,,,,,,,,,0.8679245283018868,1.0,0.4568081991215227,0.018867924528301886,False
xgboost,post_covid,xgboost,2,neighborhood,TIGRE,overall,0.5,IT50,22.292181427607932,53,7.0,0.1320754716981132,4.0,4.0,3.0,42.0,0.5714285714285714,0.5,0.5,0.08695652173913043,0.36363636363636365,0.5333333333333333,0.48447204968944096,0.4568081991215227,0.4581897949526569,0.8679245283018868,1.1428571428571428,0.07970963249273398,0.1146315414738341,0.30464485195003177,,,,,False
xgboost,post_covid,xgboost,2,neighborhood,TIGRE,overall,0.9,IT90,51.59902428823632,53,0.0,0.0,0.0,0.0,0.0,53.0,,,,0.0,,,,,,1.0,,0.002423320396804618,0.0,,,,,,True
xgboost,post_covid,xgboost,2,neighborhood,TIGRE,overall,0.98,IT98,88.26651373174553,53,0.0,0.0,0.0,0.0,0.0,53.0,,,,0.0,,,,,,1.0,,1.3754622756442864e-06,0.0,,,,,,True
xgboost,post_covid,xgboost,2,neighborhood,TIGRE,flu_season,,bands,,26,,,,,,,,,,,,,,,,,,,,,0.7307692307692307,1.0,0.3453237410071942,0.038461538461538464,False
xgboost,post_covid,xgboost,2,neighborhood,TIGRE,flu_season,0.5,IT50,22.292181427607932,26,7.0,0.2692307692307692,4.0,4.0,3.0,15.0,0.5714285714285714,0.5,0.5,0.21052631578947367,0.36363636363636365,0.5333333333333333,0.3609022556390977,0.34532374100719426,0.34684398780964804,0.7307692307692307,1.1428571428571428,0.1460879646512177,0.19674556213017758,0.2574777135020817,,,,,False
xgboost,post_covid,xgboost,2,neighborhood,TIGRE,flu_season,0.9,IT90,51.59902428823632,26,0.0,0.0,0.0,0.0,0.0,26.0,,,,0.0,,,,,,1.0,,0.004938103008571536,0.0,,,,,,True
xgboost,post_covid,xgboost,2,neighborhood,TIGRE,flu_season,0.98,IT98,88.26651373174553,26,0.0,0.0,0.0,0.0,0.0,26.0,,,,0.0,,,,,,1.0,,2.803826927905191e-06,0.0,,,,,,True
xgboost,post_covid,xgboost,2,neighborhood,TRES DE FEBRERO,overall,,bands,,53,,,,,,,,,,,,,,,,,,,,,0.9622641509433962,1.0,0.0,-0.03773584905660377,False
xgboost,post_covid,xgboost,2,neighborhood,TRES DE FEBRERO,overall,0.5,IT50,92.40050209783404,53,2.0,0.03773584905660377,0.0,0.0,2.0,51.0,0.0,,,0.0,0.0,0.0,0.0,0.0,,0.9622641509433962,0.0,0.034653684402497165,0.03631185475258099,0.045664710915543694,,,,,True
xgboost,post_covid,xgboost,2,neighborhood,TRES DE FEBRERO,overall,0.9,IT90,150.5622822202344,53,0.0,0.0,0.0,0.0,0.0,53.0,,,,0.0,,,,,,1.0,,9.786024436086757e-05,0.0,,,,,,True
xgboost,post_covid,xgboost,2,neighborhood,TRES DE FEBRERO,overall,0.98,IT98,205.7567466717726,53,0.0,0.0,0.0,0.0,0.0,53.0,,,,0.0,,,,,,1.0,,9.469372352963554e-09,0.0,,,,,,True
xgboost,post_covid,xgboost,2,neighborhood,TRES DE FEBRERO,flu_season,,bands,,26,,,,,,,,,,,,,,,,,,,,,0.9230769230769231,1.0,0.0,-0.07692307692307693,False
xgboost,post_covid,xgboost,2,neighborhood,TRES DE FEBRERO,flu_season,0.5,IT50,92.40050209783404,26,2.0,0.07692307692307693,0.0,0.0,2.0,24.0,0.0,,,0.0,0.0,0.0,0.0,0.0,,0.9230769230769231,0.0,0.07027623612843913,0.07100591715976333,0.010276341191149174,,,,,True
xgboost,post_covid,xgboost,2,neighborhood,TRES DE FEBRERO,flu_season,0.9,IT90,150.5622822202344,26,0.0,0.0,0.0,0.0,0.0,26.0,,,,0.0,,,,,,1.0,,0.00019948121197974267,0.0,,,,,,True
xgboost,post_covid,xgboost,2,neighborhood,TRES DE FEBRERO,flu_season,0.98,IT98,205.7567466717726,26,0.0,0.0,0.0,0.0,0.0,26.0,,,,0.0,,,,,,1.0,,1.9302951291329457e-08,0.0,,,,,,True
xgboost,post_covid,xgboost,2,neighborhood,VICENTE LÓPEZ,overall,,bands,,53,,,,,,,,,,,,,,,,,,,,,0.9811320754716981,1.0,0.0,-0.018867924528301886,False
xgboost,post_covid,xgboost,2,neighborhood,VICENTE LÓPEZ,overall,0.5,IT50,105.82113989675452,53,1.0,0.018867924528301886,0.0,0.0,1.0,52.0,0.0,,,0.0,0.0,0.0,0.0,0.0,,0.9811320754716981,0.0,0.02506611498941241,0.018511925952296185,-0.35405225010114383,,,,,True
xgboost,post_covid,xgboost,2,neighborhood,VICENTE LÓPEZ,overall,0.9,IT90,168.616011392644,53,0.0,0.0,0.0,0.0,0.0,53.0,,,,0.0,,,,,,1.0,,5.2956032429339446e-05,0.0,,,,,,True
xgboost,post_covid,xgboost,2,neighborhood,VICENTE LÓPEZ,overall,0.98,IT98,227.1548194913809,53,0.0,0.0,0.0,0.0,0.0,53.0,,,,0.0,,,,,,1.0,,5.3289281323331695e-09,0.0,,,,,,True
xgboost,post_covid,xgboost,2,neighborhood,VICENTE LÓPEZ,flu_season,,bands,,26,,,,,,,,,,,,,,,,,,,,,0.9615384615384616,1.0,0.0,-0.038461538461538464,False
xgboost,post_covid,xgboost,2,neighborhood,VICENTE LÓPEZ,flu_season,0.5,IT50,105.82113989675452,26,1.0,0.038461538461538464,0.0,0.0,1.0,25.0,0.0,,,0.0,0.0,0.0,0.0,0.0,,0.9615384615384616,0.0,0.05108911608185306,0.036982248520710054,-0.38144969885330693,,,,,True
xgboost,post_covid,xgboost,2,neighborhood,VICENTE LÓPEZ,flu_season,0.9,IT90,168.616011392644,26,0.0,0.0,0.0,0.0,0.0,26.0,,,,0.0,,,,,,1.0,,0.00010794883529687806,0.0,,,,,,True
xgboost,post_covid,xgboost,2,neighborhood,VICENTE LÓPEZ,flu_season,0.98,IT98,227.1548194913809,26,0.0,0.0,0.0,0.0,0.0,26.0,,,,0.0,,,,,,1.0,,1.0862815038986844e-08,0.0,,,,,,True
xgboost_nodemo,post_covid,xgboost_nodemo,2,citywide,CITYWIDE,overall,,bands,,53,,,,,,,,,,,,,,,,,,,,,0.8867924528301887,0.9811320754716981,0.6361556064073226,-0.1320754716981132,False
xgboost_nodemo,post_covid,xgboost_nodemo,2,citywide,CITYWIDE,overall,0.5,IT50,77.06642887231719,53,8.0,0.1509433962264151,5.0,0.0,3.0,45.0,0.625,0.0,1.0,0.0,0.625,0.7692307692307693,0.625,0.7389162561576355,0.7654655446197431,0.9433962264150944,0.625,0.048326817941980585,0.12815948736205057,0.6229165788916016,,,,,False
xgboost_nodemo,post_covid,xgboost_nodemo,2,citywide,CITYWIDE,overall,0.9,IT90,97.46007981062509,53,3.0,0.05660377358490566,0.0,0.0,3.0,50.0,0.0,,,0.0,0.0,0.0,0.0,0.0,,0.9433962264150944,0.0,0.03063007375882143,0.05339978640085441,0.4264008187431375,,,,,True
xgboost_nodemo,post_covid,xgboost_nodemo,2,citywide,CITYWIDE,overall,0.98,IT98,113.25281678189309,53,1.0,0.018867924528301886,0.0,0.0,1.0,52.0,0.0,,,0.0,0.0,0.0,0.0,0.0,,0.9811320754716981,0.0,0.014720063785645967,0.018511925952296185,0.2048334774253936,,,,,True
xgboost_nodemo,post_covid,xgboost_nodemo,2,citywide,CITYWIDE,flu_season,,bands,,26,,,,,,,,,,,,,,,,,,,,,0.7692307692307693,0.9615384615384616,0.5979381443298969,-0.2692307692307692,False
xgboost_nodemo,post_covid,xgboost_nodemo,2,citywide,CITYWIDE,flu_season,0.5,IT50,77.06642887231719,26,8.0,0.3076923076923077,5.0,0.0,3.0,18.0,0.625,0.0,1.0,0.0,0.625,0.7692307692307693,0.625,0.6976744186046512,0.7319250547113999,0.8846153846153846,0.625,0.0974296291812024,0.21301775147928986,0.5426220185660219,,,,,False
xgboost_nodemo,post_covid,xgboost_nodemo,2,citywide,CITYWIDE,flu_season,0.9,IT90,97.46007981062509,26,3.0,0.11538461538461539,0.0,0.0,3.0,23.0,0.0,,,0.0,0.0,0.0,0.0,0.0,,0.8846153846153846,0.0,0.062408409500167045,0.10207100591715977,0.3885784808389432,,,,,True
xgboost_nodemo,post_covid,xgboost_nodemo,2,citywide,CITYWIDE,flu_season,0.98,IT98,113.25281678189309,26,1.0,0.038461538461538464,0.0,0.0,1.0,25.0,0.0,,,0.0,0.0,0.0,0.0,0.0,,0.9615384615384616,0.0,0.03000535615601718,0.036982248520710054,0.18865516954129535,,,,,True
xgboost_nodemo,post_covid,xgboost_nodemo,2,pooled,ALL,overall,,bands,,992,,,,,,,,,,,,,,,,,,,,,0.8588709677419355,0.9758064516129032,0.4563048079830663,-0.04435483870967742,False
xgboost_nodemo,post_covid,xgboost_nodemo,2,pooled,ALL,overall,0.5,IT50,,992,143.0,0.14415322580645162,86.0,52.0,57.0,797.0,0.6013986013986014,0.37681159420289856,0.6231884057971014,0.061248527679623084,0.441025641025641,0.6120996441281139,0.5401500737189783,0.5481185536851607,0.5482363469667229,0.8901209677419355,0.965034965034965,0.10669602065891655,0.12337307329604581,0.13517578991577062,,,,,False
xgboost_nodemo,post_covid,xgboost_nodemo,2,pooled,ALL,overall,0.9,IT90,,992,37.0,0.037298387096774195,0.0,9.0,37.0,946.0,0.0,1.0,0.0,0.009424083769633508,0.0,0.0,-0.009424083769633508,-0.014811190677400703,-0.018834047962170603,0.9536290322580645,0.24324324324324326,0.03797722395116154,0.03590721741675338,-0.05764875931161262,,,,,False
xgboost_nodemo,post_covid,xgboost_nodemo,2,pooled,ALL,overall,0.98,IT98,,992,12.0,0.012096774193548387,0.0,1.0,12.0,979.0,0.0,1.0,0.0,0.0010204081632653062,0.0,0.0,-0.0010204081632653062,-0.0018645121193287756,-0.0035151248747590782,0.9868951612903226,0.08333333333333333,0.011762039754553363,0.011950442247658686,0.01576531555911531,,,,,False
xgboost_nodemo,post_covid,xgboost_nodemo,2,pooled,ALL,flu_season,,bands,,494,,,,,,,,,,,,,,,,,,,,,0.7530364372469636,0.951417004048583,0.3907631308998283,-0.08502024291497975,False
xgboost_nodemo,post_covid,xgboost_nodemo,2,pooled,ALL,flu_season,0.5,IT50,,494,130.0,0.2631578947368421,81.0,46.0,49.0,318.0,0.6230769230769231,0.36220472440944884,0.6377952755905512,0.12637362637362637,0.4602272727272727,0.6303501945525292,0.4967032967032967,0.5004151674508719,0.5004774541528806,0.8076923076923077,0.9769230769230769,0.16834232520395745,0.19390581717451527,0.13183458001959103,,,,,False
xgboost_nodemo,post_covid,xgboost_nodemo,2,pooled,ALL,flu_season,0.9,IT90,,494,35.0,0.0708502024291498,0.0,7.0,35.0,452.0,0.0,1.0,0.0,0.015250544662309368,0.0,0.0,-0.015250544662309368,-0.024187975120939877,-0.033106419880927856,0.9149797570850202,0.2,0.07052408993257266,0.06583045124489831,-0.07129889889731067,,,,,False
xgboost_nodemo,post_covid,xgboost_nodemo,2,pooled,ALL,flu_season,0.98,IT98,,494,12.0,0.024291497975708502,0.0,1.0,12.0,481.0,0.0,1.0,0.0,0.002074688796680498,0.0,0.0,-0.002074688796680498,-0.003751172241325414,-0.007106301743017342,0.9736842105263158,0.08333333333333333,0.02132674492084459,0.02370142110180466,0.10019129953263683,,,,,False
xgboost_nodemo,post_covid,xgboost_nodemo,2,neighborhood,ALMIRANTE BROWN,overall,,bands,,53,,,,,,,,,,,,,,,,,,,,,0.8679245283018868,0.9811320754716981,0.0,0.1509433962264151,False
xgboost_nodemo,post_covid,xgboost_nodemo,2,neighborhood,ALMIRANTE BROWN,overall,0.5,IT50,45.51198712694632,53,0.0,0.0,0.0,7.0,0.0,46.0,,1.0,0.0,0.1320754716981132,0.0,0.0,,0.0,,0.8679245283018868,,0.0855642301259113,0.0,,,,,,True
xgboost_nodemo,post_covid,xgboost_nodemo,2,neighborhood,ALMIRANTE BROWN,overall,0.9,IT90,59.3327355509796,53,0.0,0.0,0.0,1.0,0.0,52.0,,1.0,0.0,0.018867924528301886,0.0,0.0,,0.0,,0.9811320754716981,,0.031493714199610834,0.0,,,,,,True
xgboost_nodemo,post_covid,xgboost_nodemo,2,neighborhood,ALMIRANTE BROWN,overall,0.98,IT98,70.30154029606965,53,0.0,0.0,0.0,0.0,0.0,53.0,,,,0.0,,,,,,1.0,,0.012513992528381188,0.0,,,,,,True
xgboost_nodemo,post_covid,xgboost_nodemo,2,neighborhood,ALMIRANTE BROWN,flu_season,,bands,,26,,,,,,,,,,,,,,,,,,,,,0.7307692307692307,0.9615384615384616,-2.220446049250313e-16,0.3076923076923077,False
xgboost_nodemo,post_covid,xgboost_nodemo,2,neighborhood,ALMIRANTE BROWN,flu_season,0.5,IT50,45.51198712694632,26,0.0,0.0,0.0,7.0,0.0,19.0,,1.0,0.0,0.2692307692307692,0.0,0.0,,0.0,,0.7307692307692307,,0.1602025897467221,0.0,,,,,,True
xgboost_nodemo,post_covid,xgboost_nodemo,2,neighborhood,ALMIRANTE BROWN,flu_season,0.9,IT90,59.3327355509796,26,0.0,0.0,0.0,1.0,0.0,25.0,,1.0,0.0,0.038461538461538464,0.0,0.0,,0.0,,0.9615384615384616,,0.06218615720404133,0.0,,,,,,True
xgboost_nodemo,post_covid,xgboost_nodemo,2,neighborhood,ALMIRANTE BROWN,flu_season,0.98,IT98,70.30154029606965,26,0.0,0.0,0.0,0.0,0.0,26.0,,,,0.0,,,,,,1.0,,0.02518063709381496,0.0,,,,,,True
xgboost_nodemo,post_covid,xgboost_nodemo,2,neighborhood,AVELLANEDA,overall,,bands,,53,,,,,,,,,,,,,,,,,,,,,0.9245283018867925,1.0,0.5655737704918034,0.07547169811320754,False
xgboost_nodemo,post_covid,xgboost_nodemo,2,neighborhood,AVELLANEDA,overall,0.5,IT50,245.84106655843968,53,3.0,0.05660377358490566,3.0,4.0,0.0,46.0,1.0,0.5714285714285714,0.42857142857142855,0.08,0.42857142857142855,0.6,0.92,0.5655737704918032,0.6279217421667403,0.9245283018867925,2.3333333333333335,0.05922589311483499,0.05339978640085441,-0.10910355839714292,,,,,True
xgboost_nodemo,post_covid,xgboost_nodemo,2,neighborhood,AVELLANEDA,overall,0.9,IT90,374.7741671132419,53,0.0,0.0,0.0,0.0,0.0,53.0,,,,0.0,,,,,,1.0,,0.0018577842055799189,0.0,,,,,,True
xgboost_nodemo,post_covid,xgboost_nodemo,2,neighborhood,AVELLANEDA,overall,0.98,IT98,490.7992503428019,53,0.0,0.0,0.0,0.0,0.0,53.0,,,,0.0,,,,,,1.0,,2.594473015353252e-07,0.0,,,,,,True
xgboost_nodemo,post_covid,xgboost_nodemo,2,neighborhood,AVELLANEDA,flu_season,,bands,,26,,,,,,,,,,,,,,,,,,,,,0.8461538461538461,1.0,0.5229357798165137,0.15384615384615385,False
xgboost_nodemo,post_covid,xgboost_nodemo,2,neighborhood,AVELLANEDA,flu_season,0.5,IT50,245.84106655843968,26,3.0,0.11538461538461539,3.0,4.0,0.0,19.0,1.0,0.5714285714285714,0.42857142857142855,0.17391304347826086,0.42857142857142855,0.6,0.8260869565217391,0.5229357798165137,0.5950103083819182,0.8461538461538461,2.3333333333333335,0.12066790810408051,0.10207100591715977,-0.18219573736751338,,,,,True
xgboost_nodemo,post_covid,xgboost_nodemo,2,neighborhood,AVELLANEDA,flu_season,0.9,IT90,374.7741671132419,26,0.0,0.0,0.0,0.0,0.0,26.0,,,,0.0,,,,,,1.0,,0.003787021649421736,0.0,,,,,,True
xgboost_nodemo,post_covid,xgboost_nodemo,2,neighborhood,AVELLANEDA,flu_season,0.98,IT98,490.7992503428019,26,0.0,0.0,0.0,0.0,0.0,26.0,,,,0.0,,,,,,1.0,,5.288733454373937e-07,0.0,,,,,,True
xgboost_nodemo,post_covid,xgboost_nodemo,2,neighborhood,EZEIZA,overall,,bands,,53,,,,,,,,,,,,,,,,,,,,,0.9433962264150944,1.0,0.7763713080168777,0.018867924528301886,False
xgboost_nodemo,post_covid,xgboost_nodemo,2,neighborhood,EZEIZA,overall,0.5,IT50,139.80229436412165,53,5.0,0.09433962264150944,5.0,2.0,0.0,46.0,1.0,0.2857142857142857,0.7142857142857143,0.041666666666666664,0.7142857142857143,0.8333333333333334,0.9583333333333334,0.8127208480565371,0.8273595406616217,0.9622641509433962,1.4,0.04591635539776915,0.08543965824136704,0.4625873236986102,,,,,False
xgboost_nodemo,post_covid,xgboost_nodemo,2,neighborhood,EZEIZA,overall,0.9,IT90,180.23131160603506,53,1.0,0.018867924528301886,0.0,0.0,1.0,52.0,0.0,,,0.0,0.0,0.0,0.0,0.0,,0.9811320754716981,0.0,0.016610005653634238,0.018511925952296185,0.10274027151810405,,,,,True
xgboost_nodemo,post_covid,xgboost_nodemo,2,neighborhood,EZEIZA,overall,0.98,IT98,212.02965427114694,53,0.0,0.0,0.0,0.0,0.0,53.0,,,,0.0,,,,,,1.0,,0.002024978207673726,0.0,,,,,,True
xgboost_nodemo,post_covid,xgboost_nodemo,2,neighborhood,EZEIZA,flu_season,,bands,,26,,,,,,,,,,,,,,,,,,,,,0.8846153846153846,1.0,0.7450980392156863,0.038461538461538464,False
xgboost_nodemo,post_covid,xgboost_nodemo,2,neighborhood,EZEIZA,flu_season,0.5,IT50,139.80229436412165,26,5.0,0.19230769230769232,5.0,2.0,0.0,19.0,1.0,0.2857142857142857,0.7142857142857143,0.09523809523809523,0.7142857142857143,0.8333333333333334,0.9047619047619048,0.7851239669421488,0.8039020483873396,0.9230769230769231,1.4,0.09304922064537444,0.15532544378698226,0.40094025565454183,,,,,False
xgboost_nodemo,post_covid,xgboost_nodemo,2,neighborhood,EZEIZA,flu_season,0.9,IT90,180.23131160603506,26,1.0,0.038461538461538464,0.0,0.0,1.0,25.0,0.0,,,0.0,0.0,0.0,0.0,0.0,,0.9615384615384616,0.0,0.03385621591147959,0.036982248520710054,0.0845279217535918,,,,,True
xgboost_nodemo,post_covid,xgboost_nodemo,2,neighborhood,EZEIZA,flu_season,0.98,IT98,212.02965427114694,26,0.0,0.0,0.0,0.0,0.0,26.0,,,,0.0,,,,,,1.0,,0.0041278309234376205,0.0,,,,,,True
xgboost_nodemo,post_covid,xgboost_nodemo,2,neighborhood,FLORENCIO VARELA,overall,,bands,,53,,,,,,,,,,,,,,,,,,,,,0.9056603773584906,1.0,0.6658259773013872,-0.05660377358490566,False
xgboost_nodemo,post_covid,xgboost_nodemo,2,neighborhood,FLORENCIO VARELA,overall,0.5,IT50,92.52865090835965,53,8.0,0.1509433962264151,5.0,1.0,3.0,44.0,0.625,0.16666666666666666,0.8333333333333334,0.022222222222222223,0.5555555555555556,0.7142857142857143,0.6027777777777777,0.6718266253869969,0.6810577343440497,0.9245283018867925,0.75,0.06215268078317175,0.12815948736205057,0.5150364435557516,,,,,False
xgboost_nodemo,post_covid,xgboost_nodemo,2,neighborhood,FLORENCIO VARELA,overall,0.9,IT90,129.20404508235538,53,1.0,0.018867924528301886,0.0,0.0,1.0,52.0,0.0,,,0.0,0.0,0.0,0.0,0.0,,0.9811320754716981,0.0,0.015009508007517458,0.018511925952296185,0.18919792320929707,,,,,True
xgboost_nodemo,post_covid,xgboost_nodemo,2,neighborhood,FLORENCIO VARELA,overall,0.98,IT98,159.96645580277627,53,0.0,0.0,0.0,0.0,0.0,53.0,,,,0.0,,,,,,1.0,,0.0010317017591293894,0.0,,,,,,True
xgboost_nodemo,post_covid,xgboost_nodemo,2,neighborhood,FLORENCIO VARELA,flu_season,,bands,,26,,,,,,,,,,,,,,,,,,,,,0.8076923076923077,1.0,0.6107784431137724,-0.11538461538461539,False
xgboost_nodemo,post_covid,xgboost_nodemo,2,neighborhood,FLORENCIO VARELA,flu_season,0.5,IT50,92.52865090835965,26,8.0,0.3076923076923077,5.0,1.0,3.0,17.0,0.625,0.16666666666666666,0.8333333333333334,0.05555555555555555,0.5555555555555556,0.7142857142857143,0.5694444444444444,0.6119402985074627,0.6237951349364392,0.8461538461538461,0.75,0.12635497900147455,0.21301775147928986,0.40683357079863314,,,,,False
xgboost_nodemo,post_covid,xgboost_nodemo,2,neighborhood,FLORENCIO VARELA,flu_season,0.9,IT90,129.20404508235538,26,1.0,0.038461538461538464,0.0,0.0,1.0,25.0,0.0,,,0.0,0.0,0.0,0.0,0.0,,0.9615384615384616,0.0,0.030595736159106275,0.036982248520710054,0.1726912942577662,,,,,True
xgboost_nodemo,post_covid,xgboost_nodemo,2,neighborhood,FLORENCIO VARELA,flu_season,0.98,IT98,159.96645580277627,26,0.0,0.0,0.0,0.0,0.0,26.0,,,,0.0,,,,,,1.0,,0.002103084064797477,0.0,,,,,,True
xgboost_nodemo,post_covid,xgboost_nodemo,2,neighborhood,GENERAL SAN MARTÍN,overall,,bands,,53,,,,,,,,,,,,,,,,,,,,,0.9622641509433962,1.0,0.7800829875518672,0.03773584905660377,False
xgboost_nodemo,post_covid,xgboost_nodemo,2,neighborhood,GENERAL SAN MARTÍN,overall,0.5,IT50,77.94711365203958,53,4.0,0.07547169811320754,4.0,2.0,0.0,47.0,1.0,0.3333333333333333,0.6666666666666666,0.04081632653061224,0.6666666666666666,0.8,0.9591836734693877,0.7800829875518672,0.7996597916069841,0.9622641509433962,1.5,0.04828663882351692,0.0697757208971164,0.3079736303303109,,,,,True
xgboost_nodemo,post_covid,xgboost_nodemo,2,neighborhood,GENERAL SAN MARTÍN,overall,0.9,IT90,119.50868958439348,53,0.0,0.0,0.0,0.0,0.0,53.0,,,,0.0,,,,,,1.0,,0.006671968206345664,0.0,,,,,,True
xgboost_nodemo,post_covid,xgboost_nodemo,2,neighborhood,GENERAL SAN MARTÍN,overall,0.98,IT98,157.08069982681235,53,0.0,0.0,0.0,0.0,0.0,53.0,,,,0.0,,,,,,1.0,,0.000239024964093636,0.0,,,,,,True
xgboost_nodemo,post_covid,xgboost_nodemo,2,neighborhood,GENERAL SAN MARTÍN,flu_season,,bands,,26,,,,,,,,,,,,,,,,,,,,,0.9230769230769231,1.0,0.7547169811320755,0.07692307692307693,False
xgboost_nodemo,post_covid,xgboost_nodemo,2,neighborhood,GENERAL SAN MARTÍN,flu_season,0.5,IT50,77.94711365203958,26,4.0,0.15384615384615385,4.0,2.0,0.0,20.0,1.0,0.3333333333333333,0.6666666666666666,0.09090909090909091,0.6666666666666666,0.8,0.9090909090909091,0.7547169811320755,0.778498944161523,0.9230769230769231,1.5,0.08087793378003888,0.13017751479289943,0.37871041778061054,,,,,True
xgboost_nodemo,post_covid,xgboost_nodemo,2,neighborhood,GENERAL SAN MARTÍN,flu_season,0.9,IT90,119.50868958439348,26,0.0,0.0,0.0,0.0,0.0,26.0,,,,0.0,,,,,,1.0,,0.013351007910692657,0.0,,,,,,True
xgboost_nodemo,post_covid,xgboost_nodemo,2,neighborhood,GENERAL SAN MARTÍN,flu_season,0.98,IT98,157.08069982681235,26,0.0,0.0,0.0,0.0,0.0,26.0,,,,0.0,,,,,,1.0,,0.00048676261612196845,0.0,,,,,,True
xgboost_nodemo,post_covid,xgboost_nodemo,2,neighborhood,JOSÉ C. PAZ,overall,,bands,,53,,,,,,,,,,,,,,,,,,,,,0.4339622641509434,0.7924528301886793,0.0,-0.8301886792452831,False
xgboost_nodemo,post_covid,xgboost_nodemo,2,neighborhood,JOSÉ C. PAZ,overall,0.5,IT50,222.17859568980776,53,30.0,0.5660377358490566,0.0,0.0,30.0,23.0,0.0,,,0.0,0.0,0.0,0.0,0.0,,0.4339622641509434,0.0,0.5265554921731168,0.2456390174439302,-1.1436150398757756,,,,,False
xgboost_nodemo,post_covid,xgboost_nodemo,2,neighborhood,JOSÉ C. PAZ,overall,0.9,IT90,355.8888420506266,53,11.0,0.20754716981132076,0.0,0.0,11.0,42.0,0.0,,,0.0,0.0,0.0,0.0,0.0,,0.7924528301886793,0.0,0.20753502522361528,0.1644713421146316,-0.26183092176003275,,,,,False
xgboost_nodemo,post_covid,xgboost_nodemo,2,neighborhood,JOSÉ C. PAZ,overall,0.98,IT98,481.06046989083103,53,3.0,0.05660377358490566,0.0,0.0,3.0,50.0,0.0,,,0.0,0.0,0.0,0.0,0.0,,0.9433962264150944,0.0,0.0566037735763647,0.05339978640085441,-0.059999999840055995,,,,,True
xgboost_nodemo,post_covid,xgboost_nodemo,2,neighborhood,JOSÉ C. PAZ,flu_season,,bands,,26,,,,,,,,,,,,,,,,,,,,,0.07692307692307693,0.5769230769230769,0.0,-1.4615384615384615,False
xgboost_nodemo,post_covid,xgboost_nodemo,2,neighborhood,JOSÉ C. PAZ,flu_season,0.5,IT50,222.17859568980776,26,24.0,0.9230769230769231,0.0,0.0,24.0,2.0,0.0,,,0.0,0.0,0.0,0.0,0.0,,0.07692307692307693,0.0,0.8425938878914372,0.07100591715976333,-10.866530587804405,,,,,False
xgboost_nodemo,post_covid,xgboost_nodemo,2,neighborhood,JOSÉ C. PAZ,flu_season,0.9,IT90,355.8888420506266,26,11.0,0.4230769230769231,0.0,0.0,11.0,15.0,0.0,,,0.0,0.0,0.0,0.0,0.0,,0.5769230769230769,0.0,0.423052166801985,0.24408284023668633,-0.7332319076251026,,,,,False
xgboost_nodemo,post_covid,xgboost_nodemo,2,neighborhood,JOSÉ C. PAZ,flu_season,0.98,IT98,481.06046989083103,26,3.0,0.11538461538461539,0.0,0.0,3.0,23.0,0.0,,,0.0,0.0,0.0,0.0,0.0,,0.8846153846153846,0.0,0.11538461536720497,0.10207100591715977,-0.130434782438124,,,,,True
xgboost_nodemo,post_covid,xgboost_nodemo,2,neighborhood,LA MATANZA,overall,,bands,,53,,,,,,,,,,,,,,,,,,,,,0.7169811320754716,1.0,0.5887221934816347,0.018867924528301886,False
xgboost_nodemo,post_covid,xgboost_nodemo,2,neighborhood,LA MATANZA,overall,0.5,IT50,24.512107570850826,53,23.0,0.4339622641509434,18.0,5.0,5.0,25.0,0.782608695652174,0.21739130434782608,0.782608695652174,0.16666666666666666,0.6428571428571429,0.782608695652174,0.6159420289855073,0.6159420289855072,0.6159420289855072,0.8113207547169812,1.0,0.16967689606747818,0.24563901744393019,0.309242897023846,,,,,False
xgboost_nodemo,post_covid,xgboost_nodemo,2,neighborhood,LA MATANZA,overall,0.9,IT90,49.0533041651205,53,2.0,0.03773584905660377,0.0,3.0,2.0,48.0,0.0,1.0,0.0,0.058823529411764705,0.0,0.0,-0.058823529411764705,-0.04743083003952569,-0.048507125007266595,0.9056603773584906,1.5,0.05420572156755912,0.03631185475258099,-0.49278305767915276,,,,,True
xgboost_nodemo,post_covid,xgboost_nodemo,2,neighborhood,LA MATANZA,overall,0.98,IT98,76.45298521130762,53,0.0,0.0,0.0,0.0,0.0,53.0,,,,0.0,,,,,,1.0,,0.00400220640500967,0.0,,,,,,True
xgboost_nodemo,post_covid,xgboost_nodemo,2,neighborhood,LA MATANZA,flu_season,,bands,,26,,,,,,,,,,,,,,,,,,,,,0.5384615384615384,1.0,0.12849162011173199,0.07692307692307693,False
xgboost_nodemo,post_covid,xgboost_nodemo,2,neighborhood,LA MATANZA,flu_season,0.5,IT50,24.512107570850826,26,21.0,0.8076923076923077,18.0,4.0,3.0,1.0,0.8571428571428571,0.18181818181818182,0.8181818181818182,0.8,0.72,0.8372093023255814,0.05714285714285705,0.061855670103092786,0.062418778393235924,0.7307692307692307,1.0476190476190477,0.19299894245125504,0.15532544378698226,-0.2425455723528418,,,,,False
xgboost_nodemo,post_covid,xgboost_nodemo,2,neighborhood,LA MATANZA,flu_season,0.9,IT90,49.0533041651205,26,2.0,0.07692307692307693,0.0,3.0,2.0,21.0,0.0,1.0,0.0,0.125,0.0,0.0,-0.125,-0.1016949152542373,-0.10425720702853737,0.8076923076923077,1.5,0.1065445321752586,0.07100591715976333,-0.500502161468225,,,,,True
xgboost_nodemo,post_covid,xgboost_nodemo,2,neighborhood,LA MATANZA,flu_season,0.98,IT98,76.45298521130762,26,0.0,0.0,0.0,0.0,0.0,26.0,,,,0.0,,,,,,1.0,,0.008137688441200242,0.0,,,,,,True
xgboost_nodemo,post_covid,xgboost_nodemo,2,neighborhood,LANÚS,overall,,bands,,53,,,,,,,,,,,,,,,,,,,,,0.9245283018867925,1.0,0.5601659751037344,0.03773584905660377,False
xgboost_nodemo,post_covid,xgboost_nodemo,2,neighborhood,LANÚS,overall,0.5,IT50,132.6029855198303,53,4.0,0.07547169811320754,3.0,3.0,1.0,46.0,0.75,0.5,0.5,0.061224489795918366,0.42857142857142855,0.6,0.6887755102040817,0.5601659751037344,0.5742237865262918,0.9245283018867925,1.5,0.05223677180180988,0.06977572089711641,0.25136177555467376,,,,,True
xgboost_nodemo,post_covid,xgboost_nodemo,2,neighborhood,LANÚS,overall,0.9,IT90,190.48996986250967,53,0.0,0.0,0.0,0.0,0.0,53.0,,,,0.0,,,,,,1.0,,0.005635373136600822,0.0,,,,,,True
xgboost_nodemo,post_covid,xgboost_nodemo,2,neighborhood,LANÚS,overall,0.98,IT98,240.1624128185746,53,0.0,0.0,0.0,0.0,0.0,53.0,,,,0.0,,,,,,1.0,,0.0001539794819144729,0.0,,,,,,True
xgboost_nodemo,post_covid,xgboost_nodemo,2,neighborhood,LANÚS,flu_season,,bands,,26,,,,,,,,,,,,,,,,,,,,,0.8461538461538461,1.0,0.5094339622641509,0.07692307692307693,False
xgboost_nodemo,post_covid,xgboost_nodemo,2,neighborhood,LANÚS,flu_season,0.5,IT50,132.6029855198303,26,4.0,0.15384615384615385,3.0,3.0,1.0,19.0,0.75,0.5,0.5,0.13636363636363635,0.42857142857142855,0.6,0.6136363636363636,0.5094339622641509,0.525486787309028,0.8461538461538461,1.5,0.10010489666802232,0.13017751479289943,0.23101238468655605,,,,,True
xgboost_nodemo,post_covid,xgboost_nodemo,2,neighborhood,LANÚS,flu_season,0.9,IT90,190.48996986250967,26,0.0,0.0,0.0,0.0,0.0,26.0,,,,0.0,,,,,,1.0,,0.011468575423483968,0.0,,,,,,True
xgboost_nodemo,post_covid,xgboost_nodemo,2,neighborhood,LANÚS,flu_season,0.98,IT98,240.1624128185746,26,0.0,0.0,0.0,0.0,0.0,26.0,,,,0.0,,,,,,1.0,,0.0003138742842997283,0.0,,,,,,True
xgboost_nodemo,post_covid,xgboost_nodemo,2,neighborhood,LOMAS DE ZAMORA,overall,,bands,,41,,,,,,,,,,,,,,,,,,,,,0.9512195121951219,0.975609756097561,0.0,0.0975609756097561,False
xgboost_nodemo,post_covid,xgboost_nodemo,2,neighborhood,LOMAS DE ZAMORA,overall,0.5,IT50,8.281330480989212,41,0.0,0.0,0.0,2.0,0.0,39.0,,1.0,0.0,0.04878048780487805,0.0,0.0,,0.0,,0.9512195121951219,,0.12180419103649266,0.0,,,,,,True
xgboost_nodemo,post_covid,xgboost_nodemo,2,neighborhood,LOMAS DE ZAMORA,overall,0.9,IT90,13.281987582112178,41,0.0,0.0,0.0,1.0,0.0,40.0,,1.0,0.0,0.024390243902439025,0.0,0.0,,0.0,,0.975609756097561,,0.06202788945168395,0.0,,,,,,True
xgboost_nodemo,post_covid,xgboost_nodemo,2,neighborhood,LOMAS DE ZAMORA,overall,0.98,IT98,17.968039817353144,41,0.0,0.0,0.0,1.0,0.0,40.0,,1.0,0.0,0.024390243902439025,0.0,0.0,,0.0,,0.975609756097561,,0.030720192494819054,0.0,,,,,,True
xgboost_nodemo,post_covid,xgboost_nodemo,2,neighborhood,LOMAS DE ZAMORA,flu_season,,bands,,26,,,,,,,,,,,,,,,,,,,,,0.9230769230769231,0.9615384615384616,0.0,0.15384615384615385,False
xgboost_nodemo,post_covid,xgboost_nodemo,2,neighborhood,LOMAS DE ZAMORA,flu_season,0.5,IT50,8.281330480989212,26,0.0,0.0,0.0,2.0,0.0,24.0,,1.0,0.0,0.07692307692307693,0.0,0.0,,0.0,,0.9230769230769231,,0.11905773948730262,0.0,,,,,,True
xgboost_nodemo,post_covid,xgboost_nodemo,2,neighborhood,LOMAS DE ZAMORA,flu_season,0.9,IT90,13.281987582112178,26,0.0,0.0,0.0,1.0,0.0,25.0,,1.0,0.0,0.038461538461538464,0.0,0.0,,0.0,,0.9615384615384616,,0.06151095040694044,0.0,,,,,,True
xgboost_nodemo,post_covid,xgboost_nodemo,2,neighborhood,LOMAS DE ZAMORA,flu_season,0.98,IT98,17.968039817353144,26,0.0,0.0,0.0,1.0,0.0,25.0,,1.0,0.0,0.038461538461538464,0.0,0.0,,0.0,,0.9615384615384616,,0.031557416979904634,0.0,,,,,,True
xgboost_nodemo,post_covid,xgboost_nodemo,2,neighborhood,MALVINAS ARGENTINAS,overall,,bands,,53,,,,,,,,,,,,,,,,,,,,,0.6226415094339622,0.9811320754716981,0.4720658293633607,0.018867924528301886,False
xgboost_nodemo,post_covid,xgboost_nodemo,2,neighborhood,MALVINAS ARGENTINAS,overall,0.5,IT50,19.75908456675979,53,12.0,0.22641509433962265,11.0,11.0,1.0,30.0,0.9166666666666666,0.5,0.5,0.2682926829268293,0.4782608695652174,0.6470588235294118,0.6483739837398373,0.5007849293563579,0.5507011004817944,0.7735849056603774,1.8333333333333333,0.1789847738330056,0.17515129939480242,-0.021886645725432308,,,,,False
xgboost_nodemo,post_covid,xgboost_nodemo,2,neighborhood,MALVINAS ARGENTINAS,overall,0.9,IT90,75.76432319476002,53,9.0,0.16981132075471697,0.0,0.0,9.0,44.0,0.0,,,0.0,0.0,0.0,0.0,0.0,,0.8301886792452831,0.0,0.16548110824263598,0.14097543609825564,-0.17382937639788976,,,,,False
xgboost_nodemo,post_covid,xgboost_nodemo,2,neighborhood,MALVINAS ARGENTINAS,overall,0.98,IT98,178.99536057166898,53,0.0,0.0,0.0,0.0,0.0,53.0,,,,0.0,,,,,,1.0,,4.594890212824932e-21,0.0,,,,,,True
xgboost_nodemo,post_covid,xgboost_nodemo,2,neighborhood,MALVINAS ARGENTINAS,flu_season,,bands,,26,,,,,,,,,,,,,,,,,,,,,0.38461538461538464,0.9615384615384616,0.31955922865013775,-0.11538461538461539,False
xgboost_nodemo,post_covid,xgboost_nodemo,2,neighborhood,MALVINAS ARGENTINAS,flu_season,0.5,IT50,19.75908456675979,26,12.0,0.46153846153846156,11.0,7.0,1.0,7.0,0.9166666666666666,0.3888888888888889,0.6111111111111112,0.5,0.5789473684210527,0.7333333333333333,0.41666666666666663,0.40229885057471265,0.4500514373894347,0.6923076923076923,1.5,0.22150636053734152,0.24852071005917165,0.1087005968854593,,,,,False
xgboost_nodemo,post_covid,xgboost_nodemo,2,neighborhood,MALVINAS ARGENTINAS,flu_season,0.9,IT90,75.76432319476002,26,9.0,0.34615384615384615,0.0,0.0,9.0,17.0,0.0,,,0.0,0.0,0.0,0.0,0.0,,0.6538461538461539,0.0,0.3373025777144243,0.22633136094674555,-0.49030419957484206,,,,,False
xgboost_nodemo,post_covid,xgboost_nodemo,2,neighborhood,MALVINAS ARGENTINAS,flu_season,0.98,IT98,178.99536057166898,26,0.0,0.0,0.0,0.0,0.0,26.0,,,,0.0,,,,,,1.0,,9.329632548220433e-21,0.0,,,,,,True
xgboost_nodemo,post_covid,xgboost_nodemo,2,neighborhood,MERLO,overall,,bands,,53,,,,,,,,,,,,,,,,,,,,,1.0,1.0,,0.0,False
xgboost_nodemo,post_covid,xgboost_nodemo,2,neighborhood,MERLO,overall,0.5,IT50,93.32449393075508,53,0.0,0.0,0.0,0.0,0.0,53.0,,,,0.0,,,,,,1.0,,0.012177268975346527,0.0,,,,,,True
xgboost_nodemo,post_covid,xgboost_nodemo,2,neighborhood,MERLO,overall,0.9,IT90,164.5170716895135,53,0.0,0.0,0.0,0.0,0.0,53.0,,,,0.0,,,,,,1.0,,2.815314762298546e-06,0.0,,,,,,True
xgboost_nodemo,post_covid,xgboost_nodemo,2,neighborhood,MERLO,overall,0.98,IT98,236.4333757518645,53,0.0,0.0,0.0,0.0,0.0,53.0,,,,0.0,,,,,,1.0,,2.6764733480479944e-13,0.0,,,,,,True
xgboost_nodemo,post_covid,xgboost_nodemo,2,neighborhood,MERLO,flu_season,,bands,,26,,,,,,,,,,,,,,,,,,,,,1.0,1.0,,0.0,False
xgboost_nodemo,post_covid,xgboost_nodemo,2,neighborhood,MERLO,flu_season,0.5,IT50,93.32449393075508,26,0.0,0.0,0.0,0.0,0.0,26.0,,,,0.0,,,,,,1.0,,0.024822878499081005,0.0,,,,,,True
xgboost_nodemo,post_covid,xgboost_nodemo,2,neighborhood,MERLO,flu_season,0.9,IT90,164.5170716895135,26,0.0,0.0,0.0,0.0,0.0,26.0,,,,0.0,,,,,,1.0,,5.738910861608574e-06,0.0,,,,,,True
xgboost_nodemo,post_covid,xgboost_nodemo,2,neighborhood,MERLO,flu_season,0.98,IT98,236.4333757518645,26,0.0,0.0,0.0,0.0,0.0,26.0,,,,0.0,,,,,,1.0,,5.45588797871322e-13,0.0,,,,,,True
xgboost_nodemo,post_covid,xgboost_nodemo,2,neighborhood,MORENO,overall,,bands,,53,,,,,,,,,,,,,,,,,,,,,0.6981132075471698,1.0,0.16535433070866146,-0.1509433962264151,False
xgboost_nodemo,post_covid,xgboost_nodemo,2,neighborhood,MORENO,overall,0.5,IT50,101.79720605127496,53,16.0,0.3018867924528302,4.0,4.0,12.0,33.0,0.25,0.5,0.5,0.10810810810810811,0.2,0.3333333333333333,0.14189189189189189,0.16535433070866143,0.18195633571851272,0.6981132075471698,0.5,0.19504102067429677,0.21075115699537209,0.074543535347805,,,,,False
xgboost_nodemo,post_covid,xgboost_nodemo,2,neighborhood,MORENO,overall,0.9,IT90,214.46725243408844,53,0.0,0.0,0.0,0.0,0.0,53.0,,,,0.0,,,,,,1.0,,0.0027064183320795617,0.0,,,,,,True
xgboost_nodemo,post_covid,xgboost_nodemo,2,neighborhood,MORENO,overall,0.98,IT98,345.44262322711484,53,0.0,0.0,0.0,0.0,0.0,53.0,,,,0.0,,,,,,1.0,,5.137584316742372e-09,0.0,,,,,,True
xgboost_nodemo,post_covid,xgboost_nodemo,2,neighborhood,MORENO,flu_season,,bands,,26,,,,,,,,,,,,,,,,,,,,,0.38461538461538464,1.0,-0.1304347826086958,-0.3076923076923077,False
xgboost_nodemo,post_covid,xgboost_nodemo,2,neighborhood,MORENO,flu_season,0.5,IT50,101.79720605127496,26,16.0,0.6153846153846154,4.0,4.0,12.0,6.0,0.25,0.5,0.5,0.4,0.2,0.3333333333333333,-0.15000000000000002,-0.13043478260869565,-0.15811388300841897,0.38461538461538464,0.5,0.3974277632862345,0.2366863905325444,-0.6791322998843408,,,,,False
xgboost_nodemo,post_covid,xgboost_nodemo,2,neighborhood,MORENO,flu_season,0.9,IT90,214.46725243408844,26,0.0,0.0,0.0,0.0,0.0,26.0,,,,0.0,,,,,,1.0,,0.005516929676931386,0.0,,,,,,True
xgboost_nodemo,post_covid,xgboost_nodemo,2,neighborhood,MORENO,flu_season,0.98,IT98,345.44262322711484,26,0.0,0.0,0.0,0.0,0.0,26.0,,,,0.0,,,,,,1.0,,1.0472768030282527e-08,0.0,,,,,,True
xgboost_nodemo,post_covid,xgboost_nodemo,2,neighborhood,MORÓN,overall,,bands,,53,,,,,,,,,,,,,,,,,,,,,0.9245283018867925,1.0,0.7063711911357342,0.03773584905660377,False
xgboost_nodemo,post_covid,xgboost_nodemo,2,neighborhood,MORÓN,overall,0.5,IT50,28.847000469649124,53,7.0,0.1320754716981132,6.0,3.0,1.0,43.0,0.8571428571428571,0.3333333333333333,0.6666666666666666,0.06521739130434782,0.6,0.75,0.7919254658385093,0.7063711911357341,0.7141092385043215,0.9245283018867925,1.2857142857142858,0.12927447449083046,0.1146315414738341,-0.12773912684702715,,,,,False
xgboost_nodemo,post_covid,xgboost_nodemo,2,neighborhood,MORÓN,overall,0.9,IT90,57.29975452086349,53,0.0,0.0,0.0,0.0,0.0,53.0,,,,0.0,,,,,,1.0,,0.01233723048950631,0.0,,,,,,True
xgboost_nodemo,post_covid,xgboost_nodemo,2,neighborhood,MORÓN,overall,0.98,IT98,88.88106833465432,53,0.0,0.0,0.0,0.0,0.0,53.0,,,,0.0,,,,,,1.0,,0.00025037837676493386,0.0,,,,,,True
xgboost_nodemo,post_covid,xgboost_nodemo,2,neighborhood,MORÓN,flu_season,,bands,,26,,,,,,,,,,,,,,,,,,,,,0.8846153846153846,1.0,0.7194244604316546,0.038461538461538464,False
xgboost_nodemo,post_covid,xgboost_nodemo,2,neighborhood,MORÓN,flu_season,0.5,IT50,28.847000469649124,26,7.0,0.2692307692307692,6.0,2.0,1.0,17.0,0.8571428571428571,0.25,0.75,0.10526315789473684,0.6666666666666666,0.8,0.7518796992481203,0.7194244604316546,0.7225916412701,0.8846153846153846,1.1428571428571428,0.1731548758043452,0.19674556213017758,0.11990454102453152,,,,,False
xgboost_nodemo,post_covid,xgboost_nodemo,2,neighborhood,MORÓN,flu_season,0.9,IT90,57.29975452086349,26,0.0,0.0,0.0,0.0,0.0,26.0,,,,0.0,,,,,,1.0,,0.02339654748449938,0.0,,,,,,True
xgboost_nodemo,post_covid,xgboost_nodemo,2,neighborhood,MORÓN,flu_season,0.98,IT98,88.88106833465432,26,0.0,0.0,0.0,0.0,0.0,26.0,,,,0.0,,,,,,1.0,,0.000508095016139596,0.0,,,,,,True
xgboost_nodemo,post_covid,xgboost_nodemo,2,neighborhood,QUILMES,overall,,bands,,53,,,,,,,,,,,,,,,,,,,,,0.9622641509433962,1.0,0.0,0.03773584905660377,False
xgboost_nodemo,post_covid,xgboost_nodemo,2,neighborhood,QUILMES,overall,0.5,IT50,46.34689792435932,53,0.0,0.0,0.0,2.0,0.0,51.0,,1.0,0.0,0.03773584905660377,0.0,0.0,,0.0,,0.9622641509433962,,0.050329890904689076,0.0,,,,,,True
xgboost_nodemo,post_covid,xgboost_nodemo,2,neighborhood,QUILMES,overall,0.9,IT90,80.98262048145082,53,0.0,0.0,0.0,0.0,0.0,53.0,,,,0.0,,,,,,1.0,,0.0016739433567443227,0.0,,,,,,True
xgboost_nodemo,post_covid,xgboost_nodemo,2,neighborhood,QUILMES,overall,0.98,IT98,115.72591322033615,53,0.0,0.0,0.0,0.0,0.0,53.0,,,,0.0,,,,,,1.0,,1.3638920367419632e-05,0.0,,,,,,True
xgboost_nodemo,post_covid,xgboost_nodemo,2,neighborhood,QUILMES,flu_season,,bands,,26,,,,,,,,,,,,,,,,,,,,,0.9230769230769231,1.0,0.0,0.07692307692307693,False
xgboost_nodemo,post_covid,xgboost_nodemo,2,neighborhood,QUILMES,flu_season,0.5,IT50,46.34689792435932,26,0.0,0.0,0.0,2.0,0.0,24.0,,1.0,0.0,0.07692307692307693,0.0,0.0,,0.0,,0.9230769230769231,,0.09228685387834354,0.0,,,,,,True
xgboost_nodemo,post_covid,xgboost_nodemo,2,neighborhood,QUILMES,flu_season,0.9,IT90,80.98262048145082,26,0.0,0.0,0.0,0.0,0.0,26.0,,,,0.0,,,,,,1.0,,0.003387255491052638,0.0,,,,,,True
xgboost_nodemo,post_covid,xgboost_nodemo,2,neighborhood,QUILMES,flu_season,0.98,IT98,115.72591322033615,26,0.0,0.0,0.0,0.0,0.0,26.0,,,,0.0,,,,,,1.0,,2.780039428330913e-05,0.0,,,,,,True
xgboost_nodemo,post_covid,xgboost_nodemo,2,neighborhood,SAN ISIDRO,overall,,bands,,50,,,,,,,,,,,,,,,,,,,,,1.0,1.0,,0.0,False
xgboost_nodemo,post_covid,xgboost_nodemo,2,neighborhood,SAN ISIDRO,overall,0.5,IT50,31.02709117627285,50,0.0,0.0,0.0,0.0,0.0,50.0,,,,0.0,,,,,,1.0,,0.027668082673981197,0.0,,,,,,True
xgboost_nodemo,post_covid,xgboost_nodemo,2,neighborhood,SAN ISIDRO,overall,0.9,IT90,61.06994953059092,50,0.0,0.0,0.0,0.0,0.0,50.0,,,,0.0,,,,,,1.0,,0.00031267786917801263,0.0,,,,,,True
xgboost_nodemo,post_covid,xgboost_nodemo,2,neighborhood,SAN ISIDRO,overall,0.98,IT98,94.17754601713678,50,0.0,0.0,0.0,0.0,0.0,50.0,,,,0.0,,,,,,1.0,,1.6112146390937043e-07,0.0,,,,,,True
xgboost_nodemo,post_covid,xgboost_nodemo,2,neighborhood,SAN ISIDRO,flu_season,,bands,,26,,,,,,,,,,,,,,,,,,,,,1.0,1.0,,0.0,False
xgboost_nodemo,post_covid,xgboost_nodemo,2,neighborhood,SAN ISIDRO,flu_season,0.5,IT50,31.02709117627285,26,0.0,0.0,0.0,0.0,0.0,26.0,,,,0.0,,,,,,1.0,,0.025804382272599315,0.0,,,,,,True
xgboost_nodemo,post_covid,xgboost_nodemo,2,neighborhood,SAN ISIDRO,flu_season,0.9,IT90,61.06994953059092,26,0.0,0.0,0.0,0.0,0.0,26.0,,,,0.0,,,,,,1.0,,0.00040387090912064516,0.0,,,,,,True
xgboost_nodemo,post_covid,xgboost_nodemo,2,neighborhood,SAN ISIDRO,flu_season,0.98,IT98,94.17754601713678,26,0.0,0.0,0.0,0.0,0.0,26.0,,,,0.0,,,,,,1.0,,2.774538117600206e-07,0.0,,,,,,True
xgboost_nodemo,post_covid,xgboost_nodemo,2,neighborhood,SAN MIGUEL,overall,,bands,,53,,,,,,,,,,,,,,,,,,,,,0.6792452830188679,0.8113207547169812,0.5145195868251802,-0.32075471698113206,False
xgboost_nodemo,post_covid,xgboost_nodemo,2,neighborhood,SAN MIGUEL,overall,0.5,IT50,41.72536470891113,53,21.0,0.39622641509433965,21.0,1.0,0.0,31.0,1.0,0.045454545454545456,0.9545454545454546,0.03125,0.9545454545454546,0.9767441860465116,0.96875,0.9608856088560885,0.9616214999109105,0.9811320754716981,1.0476190476190477,0.10355196897080618,0.2392310430758277,0.5671466058943533,,,,,False
xgboost_nodemo,post_covid,xgboost_nodemo,2,neighborhood,SAN MIGUEL,overall,0.9,IT90,54.8832873966512,53,13.0,0.24528301886792453,0.0,4.0,13.0,36.0,0.0,1.0,0.0,0.1,0.0,0.0,-0.1,-0.13048933500627352,-0.16288220358559113,0.6792452830188679,0.3076923076923077,0.13421785552954535,0.18511925952296196,0.27496546887982154,,,,,False
xgboost_nodemo,post_covid,xgboost_nodemo,2,neighborhood,SAN MIGUEL,overall,0.98,IT98,65.40139686030513,53,9.0,0.16981132075471697,0.0,0.0,9.0,44.0,0.0,,,0.0,0.0,0.0,0.0,0.0,,0.8301886792452831,0.0,0.11951686506638097,0.14097543609825564,0.15221496471852503,,,,,False
xgboost_nodemo,post_covid,xgboost_nodemo,2,neighborhood,SAN MIGUEL,flu_season,,bands,,26,,,,,,,,,,,,,,,,,,,,,0.5,0.6153846153846154,0.3321385902031063,-0.6538461538461539,False
xgboost_nodemo,post_covid,xgboost_nodemo,2,neighborhood,SAN MIGUEL,flu_season,0.5,IT50,41.72536470891113,26,16.0,0.6153846153846154,16.0,1.0,0.0,9.0,1.0,0.058823529411764705,0.9411764705882353,0.1,0.9411764705882353,0.9696969696969697,0.9,0.9171974522292994,0.9203579866168445,0.9615384615384616,1.0625,0.15152623200457202,0.2366863905325444,0.3598016697806833,,,,,False
xgboost_nodemo,post_covid,xgboost_nodemo,2,neighborhood,SAN MIGUEL,flu_season,0.9,IT90,54.8832873966512,26,11.0,0.4230769230769231,0.0,2.0,11.0,13.0,0.0,1.0,0.0,0.13333333333333333,0.0,0.0,-0.13333333333333333,-0.14965986394557823,-0.2472066162365221,0.5,0.18181818181818182,0.2092124733483625,0.24408284023668633,0.14286283646367837,,,,,False
xgboost_nodemo,post_covid,xgboost_nodemo,2,neighborhood,SAN MIGUEL,flu_season,0.98,IT98,65.40139686030513,26,9.0,0.34615384615384615,0.0,0.0,9.0,17.0,0.0,,,0.0,0.0,0.0,0.0,0.0,,0.6538461538461539,0.0,0.21730972892713776,0.22633136094674558,0.039860282648724765,,,,,False
xgboost_nodemo,post_covid,xgboost_nodemo,2,neighborhood,TIGRE,overall,,bands,,53,,,,,,,,,,,,,,,,,,,,,0.8867924528301887,1.0,0.6025,0.07547169811320754,False
xgboost_nodemo,post_covid,xgboost_nodemo,2,neighborhood,TIGRE,overall,0.5,IT50,22.292181427607932,53,7.0,0.1320754716981132,6.0,5.0,1.0,41.0,0.8571428571428571,0.45454545454545453,0.5454545454545454,0.10869565217391304,0.5,0.6666666666666666,0.748447204968944,0.6025,0.6248389860085403,0.8867924528301887,1.5714285714285714,0.09590682668868936,0.1146315414738341,0.16334696842071927,,,,,False
xgboost_nodemo,post_covid,xgboost_nodemo,2,neighborhood,TIGRE,overall,0.9,IT90,51.59902428823632,53,0.0,0.0,0.0,0.0,0.0,53.0,,,,0.0,,,,,,1.0,,0.006987734360073476,0.0,,,,,,True
xgboost_nodemo,post_covid,xgboost_nodemo,2,neighborhood,TIGRE,overall,0.98,IT98,88.26651373174553,53,0.0,0.0,0.0,0.0,0.0,53.0,,,,0.0,,,,,,1.0,,3.423313092609996e-05,0.0,,,,,,True
xgboost_nodemo,post_covid,xgboost_nodemo,2,neighborhood,TIGRE,flu_season,,bands,,26,,,,,,,,,,,,,,,,,,,,,0.7692307692307693,1.0,0.5031847133757963,0.15384615384615385,False
xgboost_nodemo,post_covid,xgboost_nodemo,2,neighborhood,TIGRE,flu_season,0.5,IT50,22.292181427607932,26,7.0,0.2692307692307692,6.0,5.0,1.0,14.0,0.8571428571428571,0.45454545454545453,0.5454545454545454,0.2631578947368421,0.5,0.6666666666666666,0.593984962406015,0.5031847133757962,0.5332849146397016,0.7692307692307693,1.5714285714285714,0.15067156996788628,0.19674556213017758,0.2341805917421722,,,,,False
xgboost_nodemo,post_covid,xgboost_nodemo,2,neighborhood,TIGRE,flu_season,0.9,IT90,51.59902428823632,26,0.0,0.0,0.0,0.0,0.0,26.0,,,,0.0,,,,,,1.0,,0.014147666966206649,0.0,,,,,,True
xgboost_nodemo,post_covid,xgboost_nodemo,2,neighborhood,TIGRE,flu_season,0.98,IT98,88.26651373174553,26,0.0,0.0,0.0,0.0,0.0,26.0,,,,0.0,,,,,,1.0,,6.978231640152076e-05,0.0,,,,,,True
xgboost_nodemo,post_covid,xgboost_nodemo,2,neighborhood,TRES DE FEBRERO,overall,,bands,,53,,,,,,,,,,,,,,,,,,,,,0.9622641509433962,1.0,0.0,-0.03773584905660377,False
xgboost_nodemo,post_covid,xgboost_nodemo,2,neighborhood,TRES DE FEBRERO,overall,0.5,IT50,92.40050209783404,53,2.0,0.03773584905660377,0.0,0.0,2.0,51.0,0.0,,,0.0,0.0,0.0,0.0,0.0,,0.9622641509433962,0.0,0.03581127031258146,0.03631185475258099,0.013785702862339932,,,,,True
xgboost_nodemo,post_covid,xgboost_nodemo,2,neighborhood,TRES DE FEBRERO,overall,0.9,IT90,150.5622822202344,53,0.0,0.0,0.0,0.0,0.0,53.0,,,,0.0,,,,,,1.0,,5.826224177422944e-05,0.0,,,,,,True
xgboost_nodemo,post_covid,xgboost_nodemo,2,neighborhood,TRES DE FEBRERO,overall,0.98,IT98,205.7567466717726,53,0.0,0.0,0.0,0.0,0.0,53.0,,,,0.0,,,,,,1.0,,4.73338377346937e-09,0.0,,,,,,True
xgboost_nodemo,post_covid,xgboost_nodemo,2,neighborhood,TRES DE FEBRERO,flu_season,,bands,,26,,,,,,,,,,,,,,,,,,,,,0.9230769230769231,1.0,0.0,-0.07692307692307693,False
xgboost_nodemo,post_covid,xgboost_nodemo,2,neighborhood,TRES DE FEBRERO,flu_season,0.5,IT50,92.40050209783404,26,2.0,0.07692307692307693,0.0,0.0,2.0,24.0,0.0,,,0.0,0.0,0.0,0.0,0.0,,0.9230769230769231,0.0,0.07239754915493449,0.07100591715976333,-0.019598817265327195,,,,,True
xgboost_nodemo,post_covid,xgboost_nodemo,2,neighborhood,TRES DE FEBRERO,flu_season,0.9,IT90,150.5622822202344,26,0.0,0.0,0.0,0.0,0.0,26.0,,,,0.0,,,,,,1.0,,0.00011874646144022738,0.0,,,,,,True
xgboost_nodemo,post_covid,xgboost_nodemo,2,neighborhood,TRES DE FEBRERO,flu_season,0.98,IT98,205.7567466717726,26,0.0,0.0,0.0,0.0,0.0,26.0,,,,0.0,,,,,,1.0,,9.648818879701067e-09,0.0,,,,,,True
xgboost_nodemo,post_covid,xgboost_nodemo,2,neighborhood,VICENTE LÓPEZ,overall,,bands,,53,,,,,,,,,,,,,,,,,,,,,0.9811320754716981,1.0,0.0,-0.018867924528301886,False
xgboost_nodemo,post_covid,xgboost_nodemo,2,neighborhood,VICENTE LÓPEZ,overall,0.5,IT50,105.82113989675452,53,1.0,0.018867924528301886,0.0,0.0,1.0,52.0,0.0,,,0.0,0.0,0.0,0.0,0.0,,0.9811320754716981,0.0,0.026007103983842886,0.018511925952296185,-0.4048837517425903,,,,,True
xgboost_nodemo,post_covid,xgboost_nodemo,2,neighborhood,VICENTE LÓPEZ,overall,0.9,IT90,168.616011392644,53,0.0,0.0,0.0,0.0,0.0,53.0,,,,0.0,,,,,,1.0,,5.5697943251100076e-05,0.0,,,,,,True
xgboost_nodemo,post_covid,xgboost_nodemo,2,neighborhood,VICENTE LÓPEZ,overall,0.98,IT98,227.1548194913809,53,0.0,0.0,0.0,0.0,0.0,53.0,,,,0.0,,,,,,1.0,,5.2107991376178565e-09,0.0,,,,,,True
xgboost_nodemo,post_covid,xgboost_nodemo,2,neighborhood,VICENTE LÓPEZ,flu_season,,bands,,26,,,,,,,,,,,,,,,,,,,,,0.9615384615384616,1.0,0.0,-0.038461538461538464,False
xgboost_nodemo,post_covid,xgboost_nodemo,2,neighborhood,VICENTE LÓPEZ,flu_season,0.5,IT50,105.82113989675452,26,1.0,0.038461538461538464,0.0,0.0,1.0,25.0,0.0,,,0.0,0.0,0.0,0.0,0.0,,0.9615384615384616,0.0,0.05299761569414637,0.036982248520710054,-0.43305552836971817,,,,,True
xgboost_nodemo,post_covid,xgboost_nodemo,2,neighborhood,VICENTE LÓPEZ,flu_season,0.9,IT90,168.616011392644,26,0.0,0.0,0.0,0.0,0.0,26.0,,,,0.0,,,,,,1.0,,0.0001135381135714544,0.0,,,,,,True
xgboost_nodemo,post_covid,xgboost_nodemo,2,neighborhood,VICENTE LÓPEZ,flu_season,0.98,IT98,227.1548194913809,26,0.0,0.0,0.0,0.0,0.0,26.0,,,,0.0,,,,,,1.0,,1.0622013626682458e-08,0.0,,,,,,True
