model,variant,neighborhood,CI_coverage_flu_season,CI_coverage_off_season,CI_coverage_overall,Corr_flu_season,Corr_off_season,Corr_overall,MAE_flu_season,MAE_off_season,MAE_overall,MAPE_flu_season,MAPE_off_season,MAPE_overall,RMSE_flu_season,RMSE_off_season,RMSE_overall,target_kind,normalize,n_params,git_sha,kg_co2,kwh,runtime_s,mean_rank
gnn_multiedge_season_level,post_covid,Allston/Brighton,100.0,100.0,100.0,0.5929287259928624,0.5761510630692656,0.6999253361735309,14.943347619130062,4.420259483482527,10.003938902397543,95.9305379351146,101.37833453309824,98.48766695049468,18.43951738050824,5.388401673276554,13.930009377428318,level,train,4865,8dd9348,,,,3.0
gnn_multiedge_season,post_covid,Allston/Brighton,100.0,82.6086956521739,91.83673469387756,0.5721099081082748,0.3383020059761931,0.668074470762041,14.343753337860107,5.215545021969339,10.05908412836036,90.67588990635514,170.49966768325734,128.14419376081943,18.16239557660403,7.548956425520118,14.20504583513672,delta,train,4865,8dd9348,,,,3.3333333333333335
gnn_multiedge_level,post_covid,Allston/Brighton,100.0,100.0,100.0,0.5822739679383748,0.632006523027344,0.7026750293469565,15.52814454298753,4.29272751186205,10.254377365112305,101.38338946114509,127.67496276221246,113.72433203103388,18.961612995932583,5.194934889424463,14.263426162111816,level,train,4801,8dd9348,,,,4.0
gnn_multiedge_covid_rsv,post_covid,Allston/Brighton,100.0,73.91304347826086,87.75510204081633,0.5637898673167419,0.4666258162933592,0.6577399173935198,15.829670869387114,5.120378042692724,10.802859950734645,107.64898453071648,153.41839879591535,129.1325871449935,18.97327810928722,6.946026900143054,14.617088825268764,delta,train,6337,8dd9348,,,,5.333333333333333
gnn_multiedge_leaknorm,post_covid,Allston/Brighton,100.0,91.30434782608695,95.91836734693877,0.5745034276463732,0.2420140462535544,0.6672415675117415,15.078040178005512,6.138759533024353,10.882051303830682,94.30659790365485,199.2823613154274,143.58093583162972,18.481145630061288,8.680949020741958,14.717493051623316,delta,all,4801,8dd9348,,,,6.666666666666667
gnn_uniform,post_covid,Allston/Brighton,100.0,91.30434782608695,95.91836734693877,0.5893571580911857,0.1682496185616334,0.6635983502047832,14.698861048771786,6.962357821671859,11.067441166663656,90.98468383276906,209.6146993843223,146.66816052023285,18.21251660800953,9.7586659104549,14.856054684885914,delta,train,4801,8dd9348,,,,6.666666666666667
gnn_multiedge,post_covid,Allston/Brighton,100.0,91.30434782608695,95.91836734693877,0.5801961186314432,0.3031280964345188,0.6805556637889963,15.34481169627263,6.081293882883114,10.996629865497958,94.09401521575286,184.80083111532983,136.6706839033094,19.032583313358156,8.013427394752638,14.911415531931356,delta,train,4801,8dd9348,,,,7.666666666666667
lstm,exclude_covid,Allston/Brighton,96.15384615384616,100.0,97.95918367346938,0.4608621458022352,0.6506141401311479,0.5926175316083954,14.502256290729228,6.437251978335174,10.716642021646305,81.89262160006014,154.81542401766976,116.1216921226116,19.140809544192237,8.439428621721218,15.09411719152902,level,train,21390,8dd9348,,,,8.666666666666666
gnn_multiedge_full,full,Allston/Brighton,100.0,95.65217391304348,97.95918367346938,0.4414922644527781,0.298372843021078,0.542693574416021,14.853462017499483,8.841323189113451,12.03143766948155,84.09540112145109,253.17762818266672,163.46052810936865,19.293386697047676,10.958778429383278,15.933717934482294,delta,train,4801,8dd9348,,,,11.0
gnn_geo,post_covid,Allston/Brighton,100.0,91.30434782608695,95.91836734693877,0.6188736078183101,0.1311769706468498,0.6824044862223739,16.898800996633675,7.87102168539296,12.661271932173747,121.169402470545,247.2407472378308,180.3457479735567,19.572050934642665,10.412386889942113,15.942053256517712,delta,train,4801,8dd9348,,,,11.0
gnn_multiedge_rt,post_covid,Allston/Brighton,100.0,86.95652173913044,93.87755102040816,0.4299555865304149,0.3384368341190285,0.5661815320436596,16.38708466749925,7.371246006177819,12.155160397899394,99.23495365271503,219.42979619592657,155.65294096891634,20.517889101179097,10.426429379310548,16.56521926970423,delta,train,5313,8dd9348,,,,12.333333333333334
gnn_multiedge_covid_rsv_full,full,Allston/Brighton,100.0,95.65217391304348,97.95918367346938,0.3694222433114409,0.129760640427559,0.4160680642803364,14.082646681712223,8.547020538993504,11.484291553497314,78.65551628046762,267.54000551837,167.3155826574423,20.191442687985905,11.499626301523968,16.685326328718705,delta,train,6337,8dd9348,,,,13.333333333333334
arima,exclude_covid,Allston/Brighton,100.0,100.0,100.0,,,,13.81417692535159,10.468273940042804,12.243651034288284,65.74558018384748,300.9064845008146,176.12722914895446,22.62272203355613,11.20147060120849,18.178454426163,level,none,,8dd9348,,,,15.0
arima,post_covid,Allston/Brighton,100.0,100.0,100.0,,,,13.929267014486744,11.092041120746917,12.597507921506825,68.94313889784104,316.13912290946945,184.9739069032993,22.42142475062977,11.80313117460395,18.224757388225804,level,none,,8dd9348,,,,15.666666666666666
dualtopo_fullhistory,full,Allston/Brighton,76.92307692307693,100.0,87.75510204081633,0.0840708565188875,0.6254113118504501,0.2529560055942762,15.34782103391794,2.969625182773756,9.537647471135976,48.52251907621478,86.55601435214702,66.37497604246867,25.61564481896569,3.6024532885274194,18.821762886586303,level,train,479905,8dd9348,,,,11.333333333333334
dualtopo_no_bg,post_covid,Allston/Brighton,84.61538461538461,100.0,91.83673469387756,0.3192259417506208,0.643466434567393,0.4154710580327127,15.000788725339447,14.801964054936947,14.907462859640315,89.72934595327682,404.5105282499312,237.4837784598697,21.59459650323489,15.338331710287378,18.917421623744996,level,train,479905,8dd9348,,,,16.333333333333332
dualtopo,post_covid,Allston/Brighton,84.61538461538461,100.0,91.83673469387756,0.2447116902880023,0.6334726998448851,0.4152045971560745,15.03860778074998,14.901781496794328,14.974383198485082,90.3274926664233,406.9140755247583,238.92935808972345,21.581346277868928,15.435078520693883,18.94631250101359,level,train,479905,8dd9348,,,,16.666666666666668
gnn_corrbinary,post_covid,Allston/Brighton,100.0,82.6086956521739,91.83673469387756,0.5523850450379337,0.4824259330593644,0.6666082649933069,21.96459751862746,5.866693745488706,14.408438604705188,168.10649683391452,167.55459045042323,167.84743873554106,25.065964599937256,7.841190008361725,19.032735018342887,delta,train,4801,8dd9348,,,,14.333333333333334
seasonal_naive,exclude_covid,Allston/Brighton,96.15384615384616,100.0,97.95918367346938,0.0330273076450547,0.6129804020469202,0.3017583216912435,22.473076923076924,3.639130434782609,13.632653061224488,152.37160767446832,96.1814588608294,125.99663986398475,31.451653986102837,4.549773047373758,23.12145394764484,level,none,0,8dd9348,,,,14.333333333333334
seasonal_naive,post_covid,Allston/Brighton,100.0,100.0,100.0,0.0330273076450547,0.6129804020469202,0.3017583216912435,22.473076923076924,3.639130434782609,13.632653061224488,152.37160767446832,96.1814588608294,125.99663986398475,31.451653986102837,4.549773047373758,23.12145394764484,level,none,0,8dd9348,,,,14.333333333333334
lstm,post_covid,Allston/Brighton,96.15384615384616,100.0,97.95918367346938,0.3558572394671207,0.5847287212348615,0.5335290353021666,23.304005820934588,10.096075456038768,17.10436503741206,159.51262644642338,201.9479840470095,179.43126368751484,28.100095066809708,15.8152773691914,23.15997068833393,level,train,21390,8dd9348,,,,20.333333333333332
persistence,exclude_covid,Allston/Brighton,100.0,100.0,100.0,-0.3661502259181158,-0.4575695969721077,-0.3918382181720197,19.480769230769234,26.965217391304343,22.993877551020407,71.47920609650201,852.262309764763,437.9692343489512,29.158525603751215,36.14350624217663,32.623964523406556,level,none,0,8dd9348,,,,21.333333333333332
persistence,post_covid,Allston/Brighton,100.0,100.0,100.0,-0.3661502259181158,-0.4575695969721077,-0.3918382181720197,19.480769230769234,26.965217391304343,22.993877551020407,71.47920609650201,852.262309764763,437.9692343489512,29.158525603751215,36.14350624217663,32.623964523406556,level,none,0,8dd9348,,,,21.333333333333332
gnn_multiedge_season_level,post_covid,Back Bay/Beacon Hill/Downtown/North End/West End,100.0,90.0,95.65217391304348,0.6185869431878083,0.5583520157339767,0.7293205420985172,8.146513613370749,2.9539884880185125,5.888893993652386,68.50301273277701,92.13250362644143,78.77670442567462,11.428004225500707,3.934786895895886,8.974883132764473,level,train,4865,8dd9348,,,,3.3333333333333335
gnn_multiedge_level,post_covid,Back Bay/Beacon Hill/Downtown/North End/West End,100.0,100.0,100.0,0.6154351325721933,0.4807368099314464,0.7309710352816102,8.704117408165565,3.0159507393836975,6.231001465216927,77.5396122420615,118.5292347193554,95.36118723218932,11.65076173113274,3.7546795574089606,9.10231557183068,level,train,4801,8dd9348,,,,3.6666666666666665
gnn_multiedge_covid_rsv,post_covid,Back Bay/Beacon Hill/Downtown/North End/West End,100.0,80.0,91.30434782608695,0.6541407033791499,0.3100685357818925,0.6878813781713247,8.748574935472929,5.138842618465423,7.179126101991405,85.4283603088703,208.74118166026875,139.04263046165224,11.396089424911423,7.363795919435714,9.8479218902054,delta,train,6337,8dd9348,,,,4.666666666666667
gnn_multiedge_season,post_covid,Back Bay/Beacon Hill/Downtown/North End/West End,100.0,75.0,89.13043478260869,0.6365220748345414,0.2452114836662338,0.6596661225080296,7.635242132040171,5.950941583514213,6.902937545724537,71.59364163316138,245.38622397165307,147.1556339542447,10.985064768495445,8.58148091865686,10.011188460824254,delta,train,4865,8dd9348,,,,5.0
gnn_multiedge_leaknorm,post_covid,Back Bay/Beacon Hill/Downtown/North End/West End,100.0,90.0,95.65217391304348,0.6471603080207059,0.1714254181426167,0.6507894330829247,8.24490473820613,6.500336945056915,7.486397002054297,73.87137938826469,264.5782471873001,156.78740886610618,11.102579248268071,9.8858259884137,10.590746601478807,delta,all,4801,8dd9348,,,,7.0
gnn_multiedge_covid_rsv_full,full,Back Bay/Beacon Hill/Downtown/North End/West End,100.0,85.0,93.47826086956522,0.5722197315256813,0.3218407135916875,0.5521636829130013,8.184324704683744,6.295370873063803,7.363040430066378,78.3703858138244,252.05965647769065,153.8874600155053,12.073964878051545,8.474680987820223,10.65945251234322,delta,train,6337,8dd9348,,,,8.0
gnn_multiedge,post_covid,Back Bay/Beacon Hill/Downtown/North End/West End,100.0,75.0,89.13043478260869,0.6576964183656209,0.1101198054248609,0.6627564470719567,8.645673751831055,7.074924409389496,7.962739255117333,70.75886335561499,281.3072677754971,162.30164788599848,11.214157087272389,10.066062367243134,10.730090289191349,delta,train,4801,8dd9348,,,,8.333333333333334
gnn_multiedge_full,full,Back Bay/Beacon Hill/Downtown/North End/West End,100.0,95.0,97.82608695652172,0.5968843735533618,0.3277760124048512,0.6121554769623629,9.394989343789907,7.190440726280213,8.43648994487265,96.0518131048257,277.5786132034017,174.9765087998587,11.855737585975051,9.836358706218888,11.023295893483356,delta,train,4801,8dd9348,,,,9.666666666666666
gnn_uniform,post_covid,Back Bay/Beacon Hill/Downtown/North End/West End,100.0,80.0,91.30434782608695,0.656967429454771,0.0974743782195695,0.6407076910389167,8.636295795440674,7.394972383975983,8.09658996436907,73.51966947609803,299.8404717525775,171.92001829195866,11.22560990449744,10.95085827177657,11.106987810948285,delta,train,4801,8dd9348,,,,11.0
gnn_geo,post_covid,Back Bay/Beacon Hill/Downtown/North End/West End,100.0,90.0,95.65217391304348,0.6590177228954155,0.1073635481556204,0.6902619355446838,10.408373722663292,6.141735064983368,8.553313436715499,96.56018030608018,257.10367694111767,166.3617005821834,12.484938329967504,9.667143757092978,11.346124775222693,delta,train,4801,8dd9348,,,,11.0
gnn_multiedge_rt,post_covid,Back Bay/Beacon Hill/Downtown/North End/West End,100.0,85.0,93.47826086956522,0.4967261694626929,0.2586680288300543,0.5437780361500012,9.114710496022152,7.451064763218165,8.391386264368244,78.92342450922781,288.85393610965593,170.19755998767482,12.387865493467846,10.46006401148022,11.589161241619546,delta,train,5313,8dd9348,,,,12.666666666666666
arima,post_covid,Back Bay/Beacon Hill/Downtown/North End/West End,100.0,100.0,100.0,,,,9.36254429302551,6.941731047667092,8.31001679504359,76.74152281973156,315.2483602952295,180.44014780907847,15.13162847838311,7.676179384182293,12.451292310584096,level,none,,8dd9348,,,,11.666666666666666
gnn_corrbinary,post_covid,Back Bay/Beacon Hill/Downtown/North End/West End,100.0,85.0,93.47826086956522,0.6460026950452964,0.2220740442924357,0.6902129360682724,13.145790503575252,6.184443072974682,10.11911770766196,118.61323750977574,251.4969709742732,176.3887737986877,14.630711944627368,9.61806916623482,12.696838122234752,delta,train,4801,8dd9348,,,,12.666666666666666
dualtopo_no_bg,post_covid,Back Bay/Beacon Hill/Downtown/North End/West End,92.3076923076923,100.0,95.65217391304348,0.3490961921169605,0.7499273183343359,0.4819454694441266,8.99586743574876,10.094675016403198,9.473609862120256,94.50888429356694,429.1947928283417,240.02449669999072,14.169927123228428,10.610296815922228,12.745012385121235,level,train,479905,8dd9348,,,,15.0
dualtopo_fullhistory,full,Back Bay/Beacon Hill/Downtown/North End/West End,84.61538461538461,100.0,91.30434782608695,0.1979347754673071,0.4820757013267009,0.4388531998687162,10.792615175247192,2.835817551612854,7.333137947580089,56.71130824327132,104.20406343712064,77.3603322405971,16.746760243846246,3.07119358274698,12.752193371219407,level,train,479905,8dd9348,,,,11.0
dualtopo,post_covid,Back Bay/Beacon Hill/Downtown/North End/West End,92.3076923076923,100.0,95.65217391304348,0.6087950189781209,0.7460543490625848,0.490925832621822,8.99185507114117,10.158060932159424,9.498901097670846,94.86663050642576,431.5374092029291,241.2452299396881,14.15810982609529,10.671359612059645,12.759746691843176,level,train,479905,8dd9348,,,,15.666666666666666
lstm,exclude_covid,Back Bay/Beacon Hill/Downtown/North End/West End,100.0,100.0,100.0,0.5083914058870107,0.6742097764595012,0.6370208914799553,12.892562624124382,7.824645671844482,10.689120470959208,116.7309494874588,227.7170812137749,164.98578936846582,15.486496729445996,10.392015895042684,13.50965917890352,level,train,21390,8dd9348,,,,16.333333333333332
lstm,post_covid,Back Bay/Beacon Hill/Downtown/North End/West End,100.0,100.0,100.0,0.4657283460470545,0.7126856270522404,0.5980502929405845,13.685281874583318,7.811676807403563,11.131540541026904,112.0359072139522,194.2278506517821,147.77153479561736,16.85718826438166,11.704091235553294,14.838258228459182,level,train,21390,8dd9348,,,,19.0
arima,exclude_covid,Back Bay/Beacon Hill/Downtown/North End/West End,80.76923076923077,75.0,78.26086956521739,-0.2742787107120396,0.1873139610646253,-0.2756163102867009,14.884615384615383,5.951054687685518,11.000458559863269,88.00695190914743,226.48269044611263,148.21379475130624,20.242130474676973,7.604794648227355,16.023079843472903,level,none,,8dd9348,,,,15.0
seasonal_naive,exclude_covid,Back Bay/Beacon Hill/Downtown/North End/West End,96.15384615384616,100.0,97.82608695652172,0.0267565355216629,0.231517140305807,0.2657656464926163,16.11923076923077,3.94,10.823913043478262,145.3626361606654,133.68421256513446,140.2850606843476,23.641789923126183,4.997599423723354,18.077015192250897,level,none,0,8dd9348,,,,15.333333333333334
seasonal_naive,post_covid,Back Bay/Beacon Hill/Downtown/North End/West End,96.15384615384616,100.0,97.82608695652172,0.0267565355216629,0.231517140305807,0.2657656464926163,16.11923076923077,3.94,10.823913043478262,145.3626361606654,133.68421256513446,140.2850606843476,23.641789923126183,4.997599423723354,18.077015192250897,level,none,0,8dd9348,,,,15.333333333333334
persistence,exclude_covid,Back Bay/Beacon Hill/Downtown/North End/West End,100.0,100.0,100.0,-0.2742787107120396,-0.4197659682789504,-0.3972151486899802,14.884615384615383,21.05,17.565217391304344,88.00695190914743,942.6461401901018,459.58920768347537,20.242130474676973,29.63737505245699,24.768853161915303,level,none,0,8dd9348,,,,21.0
persistence,post_covid,Back Bay/Beacon Hill/Downtown/North End/West End,100.0,100.0,100.0,-0.2742787107120396,-0.4197659682789504,-0.3972151486899802,14.884615384615383,21.05,17.565217391304344,88.00695190914743,942.6461401901018,459.58920768347537,20.242130474676973,29.63737505245699,24.768853161915303,level,none,0,8dd9348,,,,21.0
gnn_multiedge_level,post_covid,Charlestown,95.23809523809524,100.0,97.14285714285714,0.4647555736803891,0.4970301572058372,0.5272813456858806,21.507117589314777,4.431069237845285,14.67669824872698,176.70443248296505,53.67967390316595,127.49452905104546,24.87324688419497,5.094151254820913,19.534257015306885,level,train,4801,8dd9348,,,,2.6666666666666665
gnn_geo,post_covid,Charlestown,95.23809523809524,85.71428571428571,91.42857142857144,0.592238055719675,0.1200003322693021,0.5376270502718732,19.378922962007067,10.593262246676854,15.864658675874985,161.31230005599494,124.23527113140234,146.48148848615787,22.763596620176713,13.64368182653301,19.6308130286328,delta,train,4801,8dd9348,,,,6.333333333333333
gnn_multiedge_season_level,post_covid,Charlestown,95.23809523809524,100.0,97.14285714285714,0.4644104175835216,0.5683708879237527,0.5238261202068883,21.501240412394207,4.882400691509247,14.85370452404022,170.81304075529852,54.71791045957232,124.37498863700802,24.836830784589207,6.364824761365553,19.655159519844855,level,train,4865,8dd9348,,,,3.6666666666666665
gnn_multiedge_season,post_covid,Charlestown,100.0,78.57142857142857,91.42857142857144,0.5352955009831883,0.2702663855225906,0.5205697191682445,20.355901763552712,9.905876900468554,16.175891818319048,163.69808671020044,116.336343115951,144.75338927250064,23.725975884485003,12.183511669502067,19.92807922613355,delta,train,4865,8dd9348,,,,5.333333333333333
gnn_multiedge_leaknorm,post_covid,Charlestown,95.23809523809524,85.71428571428571,91.42857142857144,0.5151175482793816,0.1846325850635414,0.5067136103888973,20.525591441563197,10.828846335411072,16.646893399102346,168.92143523664964,127.2307840855532,152.24517477621106,24.03952590093883,13.460343103120085,20.474657943580656,delta,all,4801,8dd9348,,,,7.333333333333333
gnn_multiedge_covid_rsv,post_covid,Charlestown,95.23809523809524,71.42857142857143,85.71428571428571,0.540734260937186,0.3612960103094466,0.5179519203124406,22.84918907710484,9.321208357810974,17.437996789387295,195.4196123541636,104.92847349709346,159.22315681133549,25.18010747358861,11.033252377885509,20.71510923559252,delta,train,6337,8dd9348,,,,7.333333333333333
gnn_multiedge_covid_rsv_full,full,Charlestown,100.0,85.71428571428571,94.28571428571428,0.4507579338548221,0.4029393810268652,0.4273822036027135,21.73598021552676,9.737599045038223,16.936627747331347,178.1454004492697,109.40605567693476,150.6496625403357,25.033249860903748,12.130866319154606,20.85332890021021,delta,train,6337,8dd9348,,,,7.666666666666667
gnn_multiedge,post_covid,Charlestown,100.0,85.71428571428571,94.28571428571428,0.4923767333602166,0.1286947199215555,0.498814892560799,20.50199590410505,11.254153830664498,16.80285907472883,170.02130564142456,125.55323721849508,152.23407827225273,24.51911392322394,13.8327372179903,20.910524051893347,delta,train,4801,8dd9348,,,,10.666666666666666
gnn_corrbinary,post_covid,Charlestown,100.0,85.71428571428571,94.28571428571428,0.5000149393311133,0.2094961490863613,0.5093808636439509,22.231149355570476,10.43262583868844,17.511739948817663,194.19299117705305,115.64892329714928,162.7753640250915,25.12968199007181,12.721725340216064,21.062703254949064,delta,train,4801,8dd9348,,,,10.0
gnn_multiedge_rt,post_covid,Charlestown,100.0,78.57142857142857,91.42857142857144,0.4199610864903683,0.3180718428425644,0.4471617916862386,22.064862841651554,10.82849566425596,17.570315970693315,170.25188898964143,131.95414657267415,154.93279202285453,25.31670718926248,13.534422416841332,21.397047315158037,delta,train,5313,8dd9348,,,,11.666666666666666
lstm,post_covid,Charlestown,85.71428571428571,100.0,91.42857142857144,0.3076866501638543,0.4957981990633294,0.4078645722881354,23.24262445540655,9.020559951237267,17.553798653738838,182.79812396939585,116.0644123219228,156.1046393104066,26.28121706549123,11.243852161503249,21.563652446605072,level,train,21390,8dd9348,,,,10.333333333333334
dualtopo_fullhistory,full,Charlestown,80.95238095238095,100.0,88.57142857142857,0.0087001515910204,0.525180748439129,0.2150869871592523,16.6240934190296,4.439062663487026,11.75008111681257,90.8617439568784,59.7488610839372,78.41659080770192,27.653090432249027,5.114269633940685,21.66283332872099,level,train,479905,8dd9348,,,,10.666666666666666
arima,post_covid,Charlestown,100.0,100.0,100.0,,,,17.18916436771768,8.546064531724479,13.7319244333204,103.7919887770911,126.05471455554826,112.69707908847396,27.22470045625818,9.601023606909038,21.944986914554324,level,none,,8dd9348,,,,12.0
arima,exclude_covid,Charlestown,100.0,100.0,100.0,,,,18.308507522635892,11.177929945811371,15.456276491906078,127.23472178010528,161.37074526477824,140.8891311739745,26.662409520966516,12.373343860154776,22.08552250210277,level,none,,8dd9348,,,,13.333333333333334
gnn_uniform,post_covid,Charlestown,100.0,85.71428571428571,94.28571428571428,0.5205723021059621,0.1328808374467403,0.5143070965632327,22.79769250324794,11.987639384610311,18.47367125579289,197.51186141058764,136.86648766792894,173.2537119135241,25.890621336428453,14.925095391592508,22.16524199937932,delta,train,4801,8dd9348,,,,15.666666666666666
dualtopo_no_bg,post_covid,Charlestown,80.95238095238095,100.0,88.57142857142857,0.3894814129670687,0.491982421631126,0.311475179568709,19.05832817440941,12.579463481903076,16.466782297406876,138.99431467857482,178.08472498150067,154.6304787997452,26.528671856050412,13.648161166729125,22.28836421904501,level,train,479905,8dd9348,,,,15.666666666666666
dualtopo,post_covid,Charlestown,80.95238095238095,100.0,88.57142857142857,0.553857263758866,0.4651365743080449,0.3268849500013674,19.06284686497279,12.607277257101876,16.480619021824428,139.06412065465318,178.44056695695548,154.81469917557408,26.52856279806324,13.676799457087624,22.295307215515734,level,train,479905,8dd9348,,,,16.0
gnn_multiedge_full,full,Charlestown,100.0,85.71428571428571,94.28571428571428,0.3962647844132194,0.3184385494906919,0.4417239436180673,24.408180872599285,10.7592955998012,18.94862676348005,216.0872125610092,128.15876209021627,180.915832372692,27.07282481794156,13.728539237226467,22.696956227851302,delta,train,4801,8dd9348,,,,17.666666666666668
lstm,exclude_covid,Charlestown,100.0,100.0,100.0,0.3494603895039354,0.5830108115149244,0.4441960583321397,25.32020672389439,9.00349404471261,18.79352165222168,208.94437663074365,107.66174882690478,168.4313255092081,27.937979610203268,12.529320663990736,23.045866730078128,level,train,21390,8dd9348,,,,16.666666666666668
seasonal_naive,exclude_covid,Charlestown,90.47619047619048,100.0,94.28571428571428,0.0719051359378256,0.4615981405055105,0.2205765812220839,26.738095238095237,6.235714285714286,18.537142857142857,191.21899068230292,61.37329081817023,139.28071073664984,35.86212353949365,8.798660612356212,28.330579137845277,level,none,0,8dd9348,,,,15.333333333333334
seasonal_naive,post_covid,Charlestown,95.23809523809524,100.0,97.14285714285714,0.0719051359378256,0.4615981405055105,0.2205765812220839,26.738095238095237,6.235714285714286,18.537142857142857,191.21899068230292,61.37329081817023,139.28071073664984,35.86212353949365,8.798660612356212,28.330579137845277,level,none,0,8dd9348,,,,15.333333333333334
persistence,exclude_covid,Charlestown,100.0,100.0,100.0,0.1840554508215512,-0.1909334210718751,-0.1659629523944448,17.909523809523808,22.43571428571429,19.72,54.756812674304314,272.32575207442096,141.78438843435097,30.572700240574108,32.44220135211895,31.333888546246083,level,none,0,8dd9348,,,,21.333333333333332
persistence,post_covid,Charlestown,100.0,100.0,100.0,0.1840554508215512,-0.1909334210718751,-0.1659629523944448,17.909523809523808,22.43571428571429,19.72,54.756812674304314,272.32575207442096,141.78438843435097,30.572700240574108,32.44220135211895,31.333888546246083,level,none,0,8dd9348,,,,21.333333333333332
gnn_multiedge_season,post_covid,Dorchester,100.0,69.56521739130434,85.71428571428571,0.6124946643088417,0.6855073340395992,0.7349903936912682,50.98392758002648,12.328921494276628,32.83974104998063,97.77733834303284,99.31355555154065,98.49841988988344,60.20495894676841,15.006350898587678,45.044184016983856,delta,train,4865,8dd9348,,,,3.0
gnn_multiedge_full,full,Dorchester,100.0,100.0,100.0,0.5135239327457659,0.8193195423312587,0.6768335802582122,52.3451970907358,17.79659379046896,36.128505745712594,101.21196129896325,124.39425503068271,112.09344611181116,59.40751316849222,21.618043234984075,45.73869513246332,delta,train,4801,8dd9348,,,,5.0
gnn_uniform,post_covid,Dorchester,100.0,95.65217391304348,97.95918367346938,0.6401876772214866,0.331881664631292,0.7385591711975708,49.38742142457228,17.801654826039854,34.56144934771012,88.30301044354734,172.43212857960134,127.79218834414412,58.9021573575371,23.407781323000176,45.805338982186505,delta,train,4801,8dd9348,,,,5.333333333333333
gnn_multiedge_covid_rsv_full,full,Dorchester,100.0,100.0,100.0,0.4714030275566932,0.3840707578401112,0.5837130253000555,45.32408875685472,20.78860566797464,33.80743342942121,84.98512904100775,188.58485616040724,133.6135723827667,56.60029943416879,29.18105641744099,45.82101926788529,delta,train,6337,8dd9348,,,,6.333333333333333
gnn_multiedge_covid_rsv,post_covid,Dorchester,96.15384615384616,56.52173913043478,77.55102040816327,0.6135568250716869,0.7545462805244003,0.7267943973906429,56.8802736722506,12.159845061924146,35.88905207964839,111.0422796212238,89.5545647914397,100.95620939499864,63.805780088774895,15.33244814684588,47.65041664447398,delta,train,6337,8dd9348,,,,7.0
gnn_multiedge_leaknorm,post_covid,Dorchester,100.0,91.30434782608695,95.91836734693877,0.6176491814083833,0.395173228295724,0.7226507845093518,50.62997663938082,18.494052710740466,35.545767448386364,94.55034076406442,168.81166960128647,129.4076991978625,61.082479045348215,25.34643516536192,47.763012169369176,delta,all,4801,8dd9348,,,,8.0
gnn_multiedge_season_level,post_covid,Dorchester,96.15384615384616,91.30434782608695,93.87755102040816,0.6349485584127961,0.7219087452338361,0.7469395658025105,54.447081309098465,15.139379200728044,35.996527258230714,99.14977583095204,112.66720676457184,105.49469239163072,64.50072903554269,18.930489370775604,48.7415725921051,level,train,4865,8dd9348,,,,8.333333333333334
gnn_geo,post_covid,Dorchester,96.15384615384616,82.6086956521739,89.79591836734694,0.6630478503968272,0.271580629445549,0.7409804748161246,52.241204922015854,20.516853721245475,37.350182929817514,103.0732918432009,201.19351889361047,149.12972494849518,61.56619635670644,28.075799457790893,48.797806852924296,delta,train,4801,8dd9348,,,,9.333333333333334
arima,post_covid,Dorchester,96.15384615384616,78.26086956521739,87.75510204081633,0.3459329365745731,0.7192487147379372,0.4694133117358169,47.57482304095238,32.14006251493417,40.3299354471071,99.866929544696,225.92327557767433,159.03623482548173,60.5040083886139,37.517744006901864,51.020899371623386,level,none,,8dd9348,,,,10.0
gnn_multiedge_level,post_covid,Dorchester,96.15384615384616,100.0,97.95918367346938,0.633351405222941,0.6900934049245361,0.7495798604909146,58.3095032618596,16.58494746166727,38.72450768217749,112.27655267383616,156.98533351993254,133.26230694853447,67.57262858662145,19.70304597896879,51.0394793105434,level,train,4801,8dd9348,,,,10.0
gnn_multiedge,post_covid,Dorchester,100.0,82.6086956521739,91.83673469387756,0.6290258492758541,0.5268857807111105,0.7424800194646095,55.62532375409053,15.716394217117973,36.892560910205454,102.9665536261807,130.88378313534636,116.07055931415644,70.452797834893,20.04297693303519,53.12539960025464,delta,train,4801,8dd9348,,,,11.333333333333334
dualtopo_fullhistory,full,Dorchester,73.07692307692307,100.0,85.71428571428571,0.0285274727046322,0.7625083245183606,0.2452102489831602,44.36810757563664,9.276471677033795,27.896523378333267,43.84991586332998,99.99879592084262,70.2055126250196,76.19122361123475,10.560646835385084,55.96970635726157,level,train,479905,8dd9348,,,,10.333333333333334
gnn_multiedge_rt,post_covid,Dorchester,100.0,73.91304347826086,87.75510204081633,0.4895890078987294,0.5681952476378613,0.6447360529844911,58.627687160785385,25.95575200993082,43.2918808654863,103.1180728559344,185.3175968060723,141.7015228733461,71.8742375435498,33.136722318833314,57.065757094015865,delta,train,5313,8dd9348,,,,14.333333333333334
arima,exclude_covid,Dorchester,92.3076923076923,100.0,95.91836734693877,,,,42.02390051052245,49.479532631706206,45.52348293475157,87.18085820192611,483.1554587022962,273.04648700822224,63.291967802781755,50.96234691923393,57.83286993092789,level,none,,8dd9348,,,,14.0
dualtopo_no_bg,post_covid,Dorchester,65.38461538461539,21.73913043478261,44.89795918367347,0.254055025858855,0.7011645701197026,0.4347872838802465,45.8333854675293,57.729000589121945,51.41704154501156,103.51601708365554,553.7442359200123,314.84763000684336,62.78600170696559,58.9895556654018,61.03341153456978,level,train,479905,8dd9348,,,,14.333333333333334
dualtopo,post_covid,Dorchester,65.38461538461539,21.73913043478261,44.89795918367347,0.2065611175848393,0.6762073300414919,0.4354312882252841,45.905370272122894,57.89917522927989,51.535115456094545,103.79601799826077,555.3207246967298,315.7361864485626,62.78779901866079,59.16117303092015,61.11231236660375,level,train,479905,8dd9348,,,,15.333333333333334
lstm,exclude_covid,Dorchester,88.46153846153845,91.30434782608695,89.79591836734694,0.5208471350178804,0.7774997425717322,0.6539502513211951,67.72171871478741,35.759011840820314,52.71881548823142,129.7362814360006,248.06477852912937,185.27822905114263,76.36550965259532,48.15113551793112,64.6734655656569,level,train,21390,8dd9348,,,,17.0
gnn_corrbinary,post_covid,Dorchester,65.38461538461539,69.56521739130434,67.3469387755102,0.639643388349119,0.715022045024351,0.7430449887506605,77.63093750293439,13.686099858549628,47.61601371067215,158.18306697633716,98.7385833276975,130.28055424330222,91.94923932252895,20.019321866760414,68.3686007139956,delta,train,4801,8dd9348,,,,15.333333333333334
seasonal_naive,exclude_covid,Dorchester,80.76923076923077,100.0,89.79591836734694,0.0764592166143762,0.7769960324618469,0.3343259309906929,72.6,7.830434782608696,42.197959183673476,107.20791438287398,75.50633971718045,92.32758341734436,106.11332113866251,9.265832513806464,77.55651527257069,level,none,0,8dd9348,,,,14.0
seasonal_naive,post_covid,Dorchester,80.76923076923077,100.0,89.79591836734694,0.0764592166143762,0.7769960324618469,0.3343259309906929,72.6,7.830434782608696,42.197959183673476,107.20791438287398,75.50633971718045,92.32758341734436,106.11332113866251,9.265832513806464,77.55651527257069,level,none,0,8dd9348,,,,14.0
lstm,post_covid,Dorchester,46.15384615384615,78.26086956521739,61.224489795918366,0.3827726673897145,0.6954455084322113,0.5709307925414174,84.36718488839958,41.223306274414064,64.11597655938596,150.26583031833266,270.84589593982327,206.8646366304609,103.49893312830235,57.94726087020296,85.20612631279683,level,train,21390,8dd9348,,,,20.333333333333332
persistence,exclude_covid,Dorchester,84.61538461538461,73.91304347826086,79.59183673469387,-0.5372097821624919,-0.5804464864889808,-0.4206758689913966,62.70192307692309,94.38695652173917,77.57448979591837,73.88742809053966,1104.6013347046269,557.6919148685805,90.18162496190249,131.66269320733454,111.589385101572,level,none,0,8dd9348,,,,20.666666666666668
persistence,post_covid,Dorchester,84.61538461538461,73.91304347826086,79.59183673469387,-0.5372097821624919,-0.5804464864889808,-0.4206758689913966,62.70192307692309,94.38695652173917,77.57448979591837,73.88742809053966,1104.6013347046269,557.6919148685805,90.18162496190249,131.66269320733454,111.589385101572,level,none,0,8dd9348,,,,20.666666666666668
gnn_geo,post_covid,East Boston,100.0,94.73684210526316,97.72727272727272,0.6899692833657782,-0.0661032209396729,0.5650260237003912,8.330403428077698,6.965951819168894,7.741208415139805,108.89912337163176,275.7468785610416,180.9470176579679,11.43064224103608,9.876462194268822,10.787024144234971,delta,train,4801,8dd9348,,,,5.666666666666667
gnn_multiedge_season_level,post_covid,East Boston,100.0,84.21052631578947,93.18181818181816,0.5637744426907066,0.482108741896082,0.666494015695252,12.17273272037506,3.566272148372311,8.456306564282965,202.14051453061637,95.22706396696256,155.9733426963113,13.780318528999665,4.584316622391603,10.815322346317986,level,train,4865,8dd9348,,,,4.333333333333333
gnn_multiedge_season,post_covid,East Boston,100.0,89.47368421052632,95.45454545454544,0.6053120895505342,0.257174429803669,0.650237346647516,10.665349597930907,5.277057934748499,8.338587288829414,162.2848840868194,183.4057793249277,171.40527066691163,12.736662646419584,7.596950201101365,10.82098527170466,delta,train,4865,8dd9348,,,,4.0
gnn_multiedge_level,post_covid,East Boston,100.0,100.0,100.0,0.5723422568167638,0.378594245649372,0.6762170764226829,12.305942916870118,3.494033851121601,8.50080036575144,211.393663932252,119.74135991555434,171.8165326523144,13.904828840215965,4.336745570350064,10.861678368957207,level,train,4801,8dd9348,,,,5.333333333333333
gnn_multiedge_leaknorm,post_covid,East Boston,100.0,89.47368421052632,95.45454545454544,0.5998440485696432,0.1336978645523415,0.6353985358433429,10.860661821365357,6.139737333122053,8.822080792351203,176.08269525038898,227.4980044047603,198.28476056704932,12.948292023748513,8.606418853234906,11.280307783494129,delta,all,4801,8dd9348,,,,6.0
gnn_multiedge,post_covid,East Boston,96.0,89.47368421052632,93.18181818181816,0.5992893338524832,0.0430793620219119,0.644113040449595,11.517738359458743,6.033459205376475,9.149526906559585,185.6875222976477,223.0228968455743,201.80961585243415,13.642034937433086,8.698878668224836,11.765094021239914,delta,train,4801,8dd9348,,,,7.333333333333333
gnn_multiedge_covid_rsv,post_covid,East Boston,100.0,68.42105263157895,86.36363636363636,0.5383512976393466,0.304864116505938,0.6097748742911907,12.118134441375732,5.564820044919064,9.2882941338149,217.21535635649488,175.49076150861438,199.19791767218285,14.25276813291836,7.418446101012362,11.797696707781578,delta,train,6337,8dd9348,,,,7.666666666666667
gnn_uniform,post_covid,East Boston,100.0,89.47368421052632,95.45454545454544,0.5975665709783637,0.0519003115530399,0.6339209196657325,11.795053176879884,6.446024875891836,9.485245501453226,192.70776141439848,233.372456848195,210.26751626081065,13.832618002067612,9.334313018670976,12.09713678638857,delta,train,4801,8dd9348,,,,9.666666666666666
gnn_multiedge_full,full,East Boston,100.0,94.73684210526316,97.72727272727272,0.4342596282186479,0.2063470558029989,0.4846026563120744,10.774665298461914,7.702194376995689,9.447916491465136,178.11993396873376,286.1861535091928,224.78489240665925,13.760892013429803,10.229897102667149,12.36051155993434,delta,train,4801,8dd9348,,,,10.333333333333334
gnn_multiedge_covid_rsv_full,full,East Boston,100.0,94.73684210526316,97.72727272727272,0.4124772235286035,0.076508832249832,0.3778323996272082,10.211058559417724,7.1065461133655745,8.87047363953157,153.90934049660436,281.9100284449357,209.18236483792936,13.746638154231098,10.432917036955256,12.42460984725283,delta,train,6337,8dd9348,,,,10.666666666666666
lstm,exclude_covid,East Boston,100.0,100.0,100.0,0.4009177856961439,0.6592991816179808,0.5521506221781478,12.9839700088501,6.3168264338844695,10.104976192387667,220.53744376159256,170.1497003205167,198.7791000029462,14.971688900625402,8.311627584677785,12.537549621445264,level,train,21390,8dd9348,,,,11.0
gnn_multiedge_rt,post_covid,East Boston,100.0,89.47368421052632,95.45454545454544,0.468417508269308,0.2671674595053498,0.5291508181978111,11.554117498397828,6.760309630318692,9.4840641008182,174.1175563977314,228.82763341554937,197.74236238269827,14.336722234660522,10.71887487957946,12.899551970587222,delta,train,5313,8dd9348,,,,13.666666666666666
arima,exclude_covid,East Boston,100.0,100.0,100.0,,,,10.337856752624909,8.200572638653336,9.414938612500825,132.83072087214663,313.36559297676615,210.78896109914143,15.464501890997834,8.691936301400217,12.980943939886782,level,none,,8dd9348,,,,13.333333333333334
dualtopo_fullhistory,full,East Boston,84.0,100.0,90.9090909090909,-0.0534571910632343,0.6754032529893439,0.1413776699838683,11.19655471801758,4.186581812406841,8.169520963322032,104.52474964812907,137.35885378147304,118.70311279661853,16.908182010460617,4.794086490982788,13.128601248669613,level,train,479905,8dd9348,,,,12.333333333333334
arima,post_covid,East Boston,100.0,100.0,100.0,-0.0984236188951909,-0.3274201959384967,-0.2287492571769707,10.449550093304984,9.208321163598674,9.913564873659077,139.45578112622115,351.06841040863077,230.8339619527162,15.396700669628178,9.824792767118504,13.280594432524536,level,none,,8dd9348,,,,14.666666666666666
dualtopo_no_bg,post_covid,East Boston,88.0,100.0,93.18181818181816,0.3234213888034188,0.5205647675093171,0.3783626779535048,10.602707710266111,10.872618273684854,10.719259999015115,164.02920044713605,402.9494011039958,267.19928709441643,14.967909304635794,11.339821972459482,13.521193304628287,level,train,479905,8dd9348,,,,16.333333333333332
dualtopo,post_covid,East Boston,88.0,100.0,93.18181818181816,0.2608023840208092,0.5183620414483523,0.3752873429860991,10.616318740844726,10.93311595916748,10.753117539665917,164.70798992063894,404.9384960548572,268.44389029677865,14.963436791037552,11.39848652403178,13.53966850399608,level,train,479905,8dd9348,,,,16.666666666666668
gnn_corrbinary,post_covid,East Boston,100.0,73.68421052631578,88.63636363636364,0.5780499876355547,0.1467007445970515,0.6395862222094724,14.449689936637878,5.986535249964187,10.79514586739242,260.09998985408896,206.84425473355097,237.10319514294756,16.85627095080775,8.560389899789575,13.89544725037346,delta,train,4801,8dd9348,,,,14.666666666666666
lstm,post_covid,East Boston,100.0,100.0,100.0,0.3386413651386493,0.6725227520463891,0.5234047769212143,17.80964312362671,8.004355766898708,13.575541765039617,287.24595655094845,187.0399020778376,243.975160301196,20.372906014692106,11.300002751929163,17.05771863993586,level,train,21390,8dd9348,,,,19.666666666666668
seasonal_naive,exclude_covid,East Boston,96.0,100.0,97.72727272727272,0.1024809041368482,0.3520756402496167,0.3077668948713468,16.724,3.1052631578947367,10.843181818181815,164.5230675906358,108.16429371300592,140.1863243252956,24.457873987736544,3.672515271724902,18.59310111549198,level,none,0,8dd9348,,,,14.333333333333334
seasonal_naive,post_covid,East Boston,100.0,100.0,100.0,0.1024809041368482,0.3520756402496167,0.3077668948713468,16.724,3.1052631578947367,10.843181818181815,164.5230675906358,108.16429371300592,140.1863243252956,24.457873987736544,3.672515271724902,18.59310111549198,level,none,0,8dd9348,,,,14.333333333333334
persistence,exclude_covid,East Boston,100.0,100.0,100.0,-0.1635865119498895,-0.3373011374675019,-0.3162996949068442,13.528000000000002,18.289473684210527,15.584090909090907,62.617006045027566,747.0780804103601,358.17974270278484,20.289268099170062,27.55114860534283,23.699640388526035,level,none,0,8dd9348,,,,21.0
persistence,post_covid,East Boston,100.0,100.0,100.0,-0.1635865119498895,-0.3373011374675019,-0.3162996949068442,13.528000000000002,18.289473684210527,15.584090909090907,62.617006045027566,747.0780804103601,358.17974270278484,20.289268099170062,27.55114860534283,23.699640388526035,level,none,0,8dd9348,,,,21.0
gnn_multiedge_season,post_covid,Fenway,100.0,83.33333333333334,93.02325581395348,0.67959521443429,0.194585730123345,0.7782993802560487,4.070918511152268,2.4831798341539173,3.4062837161297024,59.10552159728155,112.07410554875987,81.27841720487713,4.826219847320645,2.875661794020946,4.1235559951233,delta,train,4865,8dd9348,,,,2.3333333333333335
gnn_multiedge_rt,post_covid,Fenway,96.0,88.88888888888889,93.02325581395348,0.6833286413823764,0.2362292137199201,0.7568921947660779,3.924682445526123,3.1776300138897366,3.611962822980659,52.60382677455547,153.12711926548286,94.6833445614553,4.667669630383489,3.706737628082484,4.291681417233225,delta,train,5313,8dd9348,,,,5.666666666666667
gnn_multiedge_covid_rsv_full,full,Fenway,100.0,83.33333333333334,93.02325581395348,0.566642254131259,0.3067887682170583,0.7101552116246885,4.219985861778259,2.9288692275683084,3.6795184335043265,68.92172728182034,136.77308998188252,97.32462329579988,4.928832639273013,3.2346050241045554,4.301602820702886,delta,train,6337,8dd9348,,,,6.333333333333333
gnn_multiedge_covid_rsv,post_covid,Fenway,96.0,66.66666666666666,83.72093023255815,0.654608506843839,0.3465610507098163,0.7695307311176419,4.696858084201812,2.617952310376697,3.8266184579494382,74.34009310126395,115.5834214717268,91.604742186574,5.390705945179191,2.9454157766447224,4.530648340164949,delta,train,6337,8dd9348,,,,4.333333333333333
gnn_multiedge_leaknorm,post_covid,Fenway,100.0,83.33333333333334,93.02325581395348,0.6097445843390283,0.2188912857057158,0.7434212627560373,4.555284910202026,2.684525383843316,3.772176271261171,63.92891902707315,136.7274140995162,94.40270766204932,5.4710943805068695,2.9525141020147316,4.588240668088804,delta,all,4801,8dd9348,,,,6.666666666666667
dualtopo_fullhistory,full,Fenway,100.0,100.0,100.0,0.3170779940869729,-0.0341579736210762,0.5820721060634199,4.262978477478027,1.781366957558526,3.2241643528605617,46.31928833911431,96.64514646727284,67.38592662532021,6.133843326156075,2.19706876211031,4.8882603776891225,level,train,479905,8dd9348,,,,6.666666666666667
gnn_multiedge,post_covid,Fenway,96.0,83.33333333333334,90.69767441860463,0.6080858131061523,0.3562924796892067,0.7509398115509268,5.0061151313781735,2.4219292203585305,3.9243628895559977,66.61575145444694,114.85467431221888,86.80878892979335,6.122068021874294,2.6835983823441865,4.980481733051958,delta,train,4801,8dd9348,,,,7.0
gnn_uniform,post_covid,Fenway,96.0,83.33333333333334,90.69767441860463,0.6686950401543759,0.2324450334423327,0.7774659739544604,4.974956288337707,2.646284752421909,4.000163552372954,68.6718049195038,130.86058647515827,94.70431812884752,6.1175788852470125,2.951723741212312,5.040412036106695,delta,train,4801,8dd9348,,,,8.333333333333334
gnn_multiedge_season_level,post_covid,Fenway,100.0,100.0,100.0,0.6884579987236487,0.4875520738278185,0.7990558813888493,5.203566169738769,2.2926548851860895,3.985045166902764,80.66872237575531,126.0375514287723,99.66032523515776,6.083148794569725,3.137262405892898,5.063046602552514,level,train,4865,8dd9348,,,,10.0
gnn_multiedge_level,post_covid,Fenway,100.0,100.0,100.0,0.661819089914076,0.6251830473267349,0.8000262779629964,5.507999267578125,2.6025220420625477,4.291752987129744,90.7351525763705,148.5935026975034,114.95492704568191,6.414240729056138,3.0816379037185366,5.281602475091735,level,train,4801,8dd9348,,,,11.0
gnn_multiedge_full,full,Fenway,100.0,94.44444444444444,97.67441860465117,0.6115697033242373,0.286286257984915,0.7304758555273734,5.47664402961731,3.666165891620848,4.718769460223442,90.9778402279184,183.03252499662,129.51235943342138,6.354251720646431,4.074381728908233,5.515777433122474,delta,train,4801,8dd9348,,,,13.333333333333334
arima,post_covid,Fenway,100.0,100.0,100.0,,,,4.360787728642097,5.560272696842299,4.862897715330553,73.91788578931805,299.936028243013,168.53013146760898,5.56184106964592,5.822407501442046,5.672372101587387,level,none,,8dd9348,,,,12.333333333333334
arima,exclude_covid,Fenway,100.0,100.0,100.0,,,,4.334565293871327,6.14299346952606,5.091581739494239,79.32281171396434,329.99371449924905,184.25481753106027,5.460504987356431,6.443255273885951,5.891869765536541,level,none,,8dd9348,,,,11.666666666666666
gnn_geo,post_covid,Fenway,100.0,88.88888888888889,95.34883720930232,0.6510833723992686,0.3947680090251573,0.7818907355933303,6.425902367830276,2.463668439951208,4.767292816625085,93.2541400264184,118.333831078031,103.75261535034926,7.824029344817467,2.77538063083197,6.230150166808053,delta,train,4801,8dd9348,,,,11.0
dualtopo,post_covid,Fenway,100.0,100.0,100.0,0.5742143327084951,0.2050502996117915,0.5010629232697693,4.543606986999512,7.254062864515516,5.678216424099235,91.33927827653808,382.5235542414846,213.23037054093425,5.467958558145045,7.515672945611706,6.405303737505143,level,train,479905,8dd9348,,,,13.333333333333334
dualtopo_no_bg,post_covid,Fenway,100.0,100.0,100.0,0.0626595144651159,0.2069950494990716,0.4416383980642218,4.545645294189453,7.256143358018663,5.680272390676099,91.44340040067092,382.5971738374201,213.3217241648915,5.469064775522964,7.517350334418158,6.406676653410793,level,train,479905,8dd9348,,,,14.333333333333334
gnn_corrbinary,post_covid,Fenway,96.0,83.33333333333334,90.69767441860463,0.607783225672631,0.387618534925569,0.7578495084809457,7.176032676696777,2.8031882180107965,5.34553964747939,108.06100916090354,134.5827188436146,119.16312019087565,8.333201311728136,3.2006566524708364,6.6829386320529585,delta,train,4801,8dd9348,,,,15.333333333333334
lstm,exclude_covid,Fenway,100.0,100.0,100.0,0.6764016423464727,0.2871157432103195,0.7182561434570188,7.182648033142089,5.241299178865221,6.369990373212237,108.2238355852563,276.40673520379096,178.62597961161967,8.415400487686926,7.381025976128636,7.998700380612969,level,train,21390,8dd9348,,,,18.0
lstm,post_covid,Fenway,100.0,100.0,100.0,0.5454387634882109,0.1957314871162661,0.6115069914283386,7.521460563659668,5.4974685245090065,6.67420808215474,101.62196395494844,295.07842273865543,182.6037373992909,8.699755973837723,8.161498547974023,8.478598096030623,level,train,21390,8dd9348,,,,19.666666666666668
seasonal_naive,exclude_covid,Fenway,100.0,100.0,100.0,0.2144308654919174,-0.0603618213425522,0.4392433815792449,8.396,2.288888888888889,5.83953488372093,103.33098347593165,107.72583138764436,105.17068725292766,12.572652862463036,3.110555505943521,9.795525794024297,level,none,0,8dd9348,,,,17.0
seasonal_naive,post_covid,Fenway,100.0,100.0,100.0,0.2144308654919174,-0.0603618213425522,0.4392433815792449,8.396,2.288888888888889,5.83953488372093,103.33098347593165,107.72583138764436,105.17068725292766,12.572652862463036,3.110555505943521,9.795525794024297,level,none,0,8dd9348,,,,17.0
persistence,exclude_covid,Fenway,100.0,100.0,100.0,0.1101597444268673,-0.3165915405181356,-0.3900445955021077,7.239999999999998,8.216666666666667,7.648837209302325,65.9722843530008,450.88721664808634,227.09946531373427,8.972357549719025,11.846917086079587,10.274001960242648,level,none,0,8dd9348,,,,21.333333333333332
persistence,post_covid,Fenway,100.0,100.0,100.0,0.1101597444268673,-0.3165915405181356,-0.3900445955021077,7.239999999999998,8.216666666666667,7.648837209302325,65.9722843530008,450.88721664808634,227.09946531373427,8.972357549719025,11.846917086079587,10.274001960242648,level,none,0,8dd9348,,,,21.333333333333332
gnn_multiedge_covid_rsv_full,full,Hyde Park,100.0,100.0,100.0,0.3104236650396108,0.0503979429862523,0.4355696133912997,20.47507339477539,9.983454840523857,15.685421446095342,155.1079975039818,265.3397302827771,205.4311798595188,24.05381828198735,13.549675591376465,19.956540951164975,delta,train,6337,8dd9348,,,,5.0
gnn_multiedge_season,post_covid,Hyde Park,100.0,85.71428571428571,93.47826086956522,0.4957032420652815,0.1878965515547114,0.6031580949577465,22.935156173706055,7.546545289811634,15.909920770189036,175.8575098105079,189.4419726738927,182.05911242205312,26.043971015398245,9.416915867628584,20.226680104285467,delta,train,4865,8dd9348,,,,5.333333333333333
gnn_multiedge_leaknorm,post_covid,Hyde Park,100.0,100.0,100.0,0.5275516345253719,-0.1267400957525598,0.6072980999524498,22.575440254211426,9.56219542594183,16.634611093479656,165.27717014730783,266.6544404861683,211.5580979107007,25.63158374767223,12.3906438967178,20.667418864014724,delta,all,4801,8dd9348,,,,6.666666666666667
arima,post_covid,Hyde Park,100.0,100.0,100.0,,,,16.086694992007676,15.00486306669407,15.59281520001668,105.8162622998452,409.9645389259989,244.6665624987415,24.42818248101467,15.692607616034673,20.898210393919015,level,none,,8dd9348,,,,8.333333333333334
gnn_multiedge_season_level,post_covid,Hyde Park,100.0,85.71428571428571,93.47826086956522,0.5006592506373748,0.5974810052350749,0.6228803199836718,23.801335334777832,5.91969832777977,15.637979309843931,180.264769161146,94.45496220755652,141.09072685624642,27.518493863374974,7.474867223480932,20.906122492506316,level,train,4865,8dd9348,,,,6.0
gnn_geo,post_covid,Hyde Park,100.0,100.0,100.0,0.5809612520689121,-0.1190949594073512,0.6433247999058823,23.28453498840332,9.172945385887507,16.84228756116784,181.51706859722697,248.63065807037145,212.1558811827929,26.37832974390992,11.403637869154496,20.9171809408834,delta,train,4801,8dd9348,,,,8.0
gnn_multiedge_level,post_covid,Hyde Park,100.0,100.0,100.0,0.5180360196985659,0.4444898244727403,0.6338313540083266,24.432251358032225,6.740852787381127,16.3557433149089,190.80242885558297,161.2673280025702,177.31901324877276,27.91640350593353,7.812858472140104,21.2464807956886,level,train,4801,8dd9348,,,,8.0
gnn_multiedge_full,full,Hyde Park,100.0,100.0,100.0,0.3937865110290349,0.1558483418852287,0.5112855998144472,23.233124084472657,10.89967291695731,17.602635507998258,163.23711600729968,283.75367978100917,218.25554729529753,25.83513987899096,14.359889170809568,21.374861337527527,delta,train,4801,8dd9348,,,,9.666666666666666
arima,exclude_covid,Hyde Park,100.0,100.0,100.0,,,,16.914159678973977,17.240406196802343,17.063098306678224,120.21027251606702,461.4946566248368,276.01401308746193,24.24941122541472,17.842186636489657,21.561874930009772,level,none,,8dd9348,,,,9.666666666666666
dualtopo_fullhistory,full,Hyde Park,76.0,100.0,86.95652173913044,-0.1128793312931132,0.6417461052449848,0.0677684065738171,17.10479778289795,6.390436444963727,12.213458911232326,65.38835638439377,130.6699831177729,95.19083815397993,28.431540644173076,7.558476199013526,21.573209229174367,level,train,479905,8dd9348,,,,9.666666666666666
gnn_multiedge_covid_rsv,post_covid,Hyde Park,100.0,76.19047619047619,89.13043478260869,0.4835913833087336,0.2710860661994466,0.5789349520159796,25.536931533813476,7.76596394606999,17.424098504626233,216.806633418288,165.91692800841352,193.57437660073657,28.12974420375257,9.97640563484605,21.805546154005093,delta,train,6337,8dd9348,,,,10.666666666666666
gnn_uniform,post_covid,Hyde Park,100.0,95.23809523809524,97.82608695652172,0.522929883963217,-0.1775684393234926,0.6029624333906838,23.85466941833496,10.074857916150776,17.56388590646827,173.72761257237494,276.9391648065262,220.84592989666135,27.532308205915427,12.858527461824274,22.078356594901113,delta,train,4801,8dd9348,,,,11.666666666666666
gnn_multiedge,post_covid,Hyde Park,100.0,90.47619047619048,95.65217391304348,0.5386105764709084,-0.1069821367472399,0.6207797762229291,23.559623413085937,9.499651107560132,17.140940404041547,168.40100944834805,237.8748938996426,200.11734800219983,28.074984354595333,11.945907636756637,22.215308840954528,delta,train,4801,8dd9348,,,,12.0
dualtopo_no_bg,post_covid,Hyde Park,84.0,100.0,91.30434782608695,0.3468771739132638,0.7889195278928827,0.3938767041514805,18.418476104736328,20.597272509620304,19.413144028705094,143.14511624679898,538.5076740207452,323.63671870881785,24.370175443305673,21.097087378237426,22.933962517734027,level,train,479905,8dd9348,,,,12.333333333333334
dualtopo,post_covid,Hyde Park,84.0,100.0,91.30434782608695,0.3237007175353096,0.7722305619831213,0.3946441602018345,18.448156433105467,20.660771233694895,19.458263189896293,143.5162267831484,540.1057548928225,324.56796787669526,24.37570556431332,21.1614183774871,22.9641941171186,level,train,479905,8dd9348,,,,13.333333333333334
gnn_multiedge_rt,post_covid,Hyde Park,100.0,100.0,100.0,0.3387026924343042,0.1960349038938751,0.4934688728724322,24.669455108642577,10.574344833691915,18.23473085268684,179.21007656341132,255.02544594416085,213.8214408459274,29.213005991200472,14.43566441888206,23.641870340725912,delta,train,5313,8dd9348,,,,15.666666666666666
lstm,exclude_covid,Hyde Park,100.0,100.0,100.0,0.3807643270977268,0.6472410939658794,0.5325017983705685,27.313595245361327,13.816786339169456,21.152008570795477,206.75377962768252,261.27530835759154,231.64404274351057,30.984053142376293,17.723006452682476,25.79033052724044,level,train,21390,8dd9348,,,,17.0
gnn_corrbinary,post_covid,Hyde Park,100.0,85.71428571428571,93.47826086956522,0.5501345476412549,0.1525421061987947,0.6226227129268586,31.73145706176758,8.153170869463967,20.967456843542017,260.79935165280756,171.04114548617449,219.82277927238815,36.75092706559079,10.813543269905878,28.061017786385964,delta,train,4801,8dd9348,,,,15.333333333333334
lstm,post_covid,Hyde Park,76.0,100.0,86.95652173913044,0.2529447419461745,0.661193390554675,0.4658692806616858,34.243661163330074,15.35009286971319,25.61833650754846,272.35492814321105,257.5565742245207,265.5991578759829,39.90568421731313,21.033423357026475,32.67165161371681,level,train,21390,8dd9348,,,,19.666666666666668
seasonal_naive,exclude_covid,Hyde Park,96.0,100.0,97.82608695652172,-0.0909193520802895,0.3993158305112032,0.1744586714370355,31.396000000000004,4.942857142857142,19.319565217391304,213.3898396667773,115.3485162180814,168.63184417932925,44.872276519026755,6.61650173717919,33.38099237850656,level,none,0,8dd9348,,,,14.333333333333334
seasonal_naive,post_covid,Hyde Park,96.0,100.0,97.82608695652172,-0.0909193520802895,0.3993158305112032,0.1744586714370355,31.396000000000004,4.942857142857142,19.319565217391304,213.3898396667773,115.3485162180814,168.63184417932925,44.872276519026755,6.61650173717919,33.38099237850656,level,none,0,8dd9348,,,,14.333333333333334
persistence,exclude_covid,Hyde Park,100.0,100.0,100.0,-0.3079160395658237,-0.7036014962865377,-0.3975908709716867,19.768000000000004,34.52857142857143,26.506521739130427,67.15014415848314,1120.6073153899245,548.0762440684889,31.93023645386924,46.68148914260801,39.35647839053118,level,none,0,8dd9348,,,,20.666666666666668
persistence,post_covid,Hyde Park,100.0,100.0,100.0,-0.3079160395658237,-0.7036014962865377,-0.3975908709716867,19.768000000000004,34.52857142857143,26.506521739130427,67.15014415848314,1120.6073153899245,548.0762440684889,31.93023645386924,46.68148914260801,39.35647839053118,level,none,0,8dd9348,,,,20.666666666666668
gnn_multiedge_season,post_covid,Jamaica Plain,100.0,77.27272727272727,89.13043478260869,0.6040768060728031,0.1818228985916195,0.6465451918497027,11.080693225065868,4.517171832648191,7.941617776518283,148.0975397625162,149.166341375581,148.60870575137324,13.830453312244709,6.069229611637233,10.835866961829336,delta,train,4865,8dd9348,,,,4.0
gnn_multiedge_season_level,post_covid,Jamaica Plain,100.0,100.0,100.0,0.5976607792238091,0.5777551337212887,0.6765699163287586,12.19607009490331,2.8544076572765005,7.728318494299184,170.85137358301273,90.03091946567244,132.19811291819784,14.679449800061851,3.8467253443465834,10.931814781941767,level,train,4865,8dd9348,,,,4.0
gnn_multiedge_covid_rsv,post_covid,Jamaica Plain,100.0,68.18181818181817,84.78260869565217,0.5593911551159914,0.3607354895580151,0.6271033694659809,12.403367400169373,3.8161501329053538,8.296437402782233,173.5244525556811,111.87449894684846,144.03969213406546,14.745159832098803,4.695471260309677,11.134667398265684,delta,train,6337,8dd9348,,,,5.333333333333333
gnn_multiedge_level,post_covid,Jamaica Plain,100.0,100.0,100.0,0.5883349931622484,0.4102678408433927,0.6777380930236161,12.656697372595469,3.368112173947421,8.214330538459446,183.9132530464909,134.8679429381325,160.45680038597166,14.983268658418732,4.391049123078711,11.24059899513798,level,train,4801,8dd9348,,,,5.666666666666667
gnn_multiedge_leaknorm,post_covid,Jamaica Plain,100.0,81.81818181818183,91.30434782608695,0.6164528961216269,0.1597429565865054,0.663964252096816,12.130849162737528,4.774446124380285,8.612569448740587,170.29195470602872,155.72100137828608,163.32323789710827,14.359863548018389,6.367772042399312,11.268466779770252,delta,all,4801,8dd9348,,,,6.666666666666667
gnn_multiedge,post_covid,Jamaica Plain,100.0,81.81818181818183,91.30434782608695,0.627665648806127,-0.0476457571591555,0.6617577132650212,11.744943092266718,5.435005312616175,8.727146762868632,147.59021630028056,180.76701673638885,163.45738172624536,13.98958557948584,7.218748755588429,11.270808245753434,delta,train,4801,8dd9348,,,,6.666666666666667
gnn_geo,post_covid,Jamaica Plain,100.0,86.36363636363636,93.47826086956522,0.6530497314847953,-0.0262153623386213,0.652431160117778,12.043305476506552,5.909412039951845,9.109704267719518,181.56731797086908,199.5112529300125,190.14919990785071,14.1088938121774,7.965828371820421,11.584714917176637,delta,train,4801,8dd9348,,,,8.333333333333334
gnn_uniform,post_covid,Jamaica Plain,100.0,90.9090909090909,95.65217391304348,0.6153565228654103,-0.0798903839960691,0.616968167457301,11.411812335252762,5.998438140208071,8.822807285448778,148.6110936863727,202.94280930247,174.5958272418975,13.825226285303597,8.624389475315555,11.631710058059362,delta,train,4801,8dd9348,,,,8.666666666666666
gnn_multiedge_covid_rsv_full,full,Jamaica Plain,100.0,86.36363636363636,93.47826086956522,0.4478547269990482,0.3228190672633928,0.5350846409876259,12.04528566201528,4.005378225056285,8.200112539991412,156.45272253652553,131.90604689482117,144.71300809918867,15.343742597259734,5.299952987931342,11.673362022903593,delta,train,6337,8dd9348,,,,8.333333333333334
gnn_multiedge_full,full,Jamaica Plain,100.0,95.45454545454544,97.82608695652172,0.455871998556949,0.4333607422772127,0.5740613454017313,13.316361844539642,4.544232606887817,9.120995687401813,172.87655710432475,155.23025824731826,164.4370228683652,15.4298425230869,5.873428668116237,11.862306563156576,delta,train,4801,8dd9348,,,,9.333333333333334
gnn_multiedge_rt,post_covid,Jamaica Plain,100.0,81.81818181818183,91.30434782608695,0.43111856634525,0.2407169300685824,0.5369336558651263,12.620920181274414,5.631267395886508,9.27804276217585,146.60858757124907,185.3197408137543,165.122617382882,15.530432447324182,7.911241057123848,12.480936889502187,delta,train,5313,8dd9348,,,,11.666666666666666
gnn_corrbinary,post_covid,Jamaica Plain,100.0,77.27272727272727,89.13043478260869,0.5810860729075427,0.119402658905005,0.6187257148416577,15.248437454303106,5.312831529670141,10.496625925130818,239.96873841997945,169.58411105551468,206.30652533262673,16.965629828150334,7.387225938991203,13.276774954458338,delta,train,4801,8dd9348,,,,13.0
lstm,exclude_covid,Jamaica Plain,100.0,100.0,100.0,0.4202813811552035,0.7586774797077154,0.5589542066760254,14.694802331924436,6.28838940967213,10.674343977803767,205.61923051480235,169.6578595302534,188.42031395697455,16.823010210475076,8.549922261462843,13.513724019208448,level,train,21390,8dd9348,,,,14.333333333333334
arima,post_covid,Jamaica Plain,100.0,100.0,100.0,,,,11.106536018580456,8.064216111482738,9.651513454316332,131.2403711820757,309.92510852395753,216.6982890412366,17.34500355014151,8.473299756613423,13.831210255877568,level,none,,8dd9348,,,,15.0
dualtopo_fullhistory,full,Jamaica Plain,79.16666666666666,100.0,89.13043478260869,-0.074763498730961,0.7198390769720625,0.175150909098516,11.814139087994894,2.6838387792760674,7.447473722955455,83.58741406040977,104.74610417651446,93.706787594199,18.96270482105848,3.1937825648284024,13.87398693105751,level,train,479905,8dd9348,,,,11.0
dualtopo_no_bg,post_covid,Jamaica Plain,87.5,100.0,93.47826086956522,0.238917698579269,0.6214607690785157,0.3842530559185926,11.675166686375936,10.75254761088978,11.23391408505647,164.58008507900084,399.2707139099168,276.8234293024824,16.796204958757233,11.0608079882613,14.342254717963868,level,train,479905,8dd9348,,,,16.0
dualtopo,post_covid,Jamaica Plain,87.5,100.0,93.47826086956522,0.5509299130036232,0.6141492863549198,0.4021166768728868,11.683715144793192,10.791860060258346,11.257175756537396,165.0246261534923,400.6236019159953,277.70239717034167,16.791748504317496,11.099600799268629,14.35386076063549,level,train,479905,8dd9348,,,,16.333333333333332
lstm,post_covid,Jamaica Plain,100.0,100.0,100.0,0.2869337239450726,0.7436509949515008,0.4978085554549756,16.49829102754593,6.5315460898659445,11.73158692691637,234.37087456152855,169.4669322534041,203.32985867503425,19.27510624879549,9.467779256536108,15.385458882226525,level,train,21390,8dd9348,,,,18.0
seasonal_naive,exclude_covid,Jamaica Plain,100.0,100.0,100.0,0.0327261887642756,0.0785412550904486,0.2767333693141691,17.679166666666667,3.0136363636363637,10.665217391304347,195.6040610258869,92.57575757575758,146.32965502799897,24.059362349544237,3.532640012022942,17.549321800348125,level,none,0,8dd9348,,,,14.333333333333334
seasonal_naive,post_covid,Jamaica Plain,100.0,100.0,100.0,0.0327261887642756,0.0785412550904486,0.2767333693141691,17.679166666666667,3.0136363636363637,10.665217391304347,195.6040610258869,92.57575757575758,146.32965502799897,24.059362349544237,3.532640012022942,17.549321800348125,level,none,0,8dd9348,,,,14.333333333333334
arima,exclude_covid,Jamaica Plain,83.33333333333334,100.0,91.30434782608695,-0.0226794283225565,-0.5082443771371032,-0.2867176799004664,13.768670266186186,18.54445889498379,16.05274308865461,94.73380864275674,782.1733977207896,423.5092642887725,20.7802272556099,25.92063066952006,23.38011434392002,level,none,,8dd9348,,,,21.0
persistence,exclude_covid,Jamaica Plain,100.0,100.0,100.0,-0.3166896509947298,-0.4773836202146552,-0.32796562413373,14.508333333333336,18.295454545454543,16.319565217391307,86.72327892237402,770.8645276292334,413.9212674343502,22.056234946155246,25.91618483426209,23.979941799254895,level,none,0,8dd9348,,,,21.0
persistence,post_covid,Jamaica Plain,100.0,100.0,100.0,-0.3166896509947298,-0.4773836202146552,-0.32796562413373,14.508333333333336,18.295454545454543,16.319565217391307,86.72327892237402,770.8645276292334,413.9212674343502,22.056234946155246,25.91618483426209,23.979941799254895,level,none,0,8dd9348,,,,21.0
gnn_multiedge_season,post_covid,Mattapan,100.0,71.42857142857143,87.2340425531915,0.6846076758615214,0.1028435431852137,0.707133965659929,21.95923478786762,10.328989255995978,16.762742103414332,136.48047728405157,252.8250805537065,188.46423619176977,25.818223421272968,14.702351042536655,21.57147388711537,delta,train,4865,8dd9348,,,,3.3333333333333335
dualtopo_fullhistory,full,Mattapan,84.61538461538461,100.0,91.48936170212764,0.030690173687223,0.6174339954612561,0.2291285048725803,17.953190033252422,6.015072913396926,12.619137703104222,70.16923030379189,140.82567309574978,101.73913027466668,29.357556138896484,6.724575433155984,22.293084928004895,level,train,479905,8dd9348,,,,5.333333333333333
gnn_multiedge_covid_rsv_full,full,Mattapan,100.0,90.47619047619048,95.74468085106383,0.607387818390488,-0.0153111647717145,0.4722286949605407,19.89277509542612,14.740129226729984,17.59052906898742,125.21047710286804,355.15378557732527,227.95110429358297,23.37332962106143,21.618289039759517,22.60600787122976,delta,train,6337,8dd9348,,,,6.0
gnn_multiedge_full,full,Mattapan,100.0,100.0,100.0,0.5892539427138607,0.1851374975693082,0.5973170377867447,23.127354328448956,14.557300415777023,19.298181303638092,145.4752492064384,317.4136969684695,222.29881097245232,25.83685646873835,19.3811239272037,23.17569765993195,delta,train,4801,8dd9348,,,,6.666666666666667
gnn_multiedge_leaknorm,post_covid,Mattapan,100.0,80.95238095238095,91.48936170212764,0.6621536096175268,0.0157953304881949,0.6668837464062507,22.021900250361515,12.95272180083252,17.969714134614517,133.73386366121426,325.2369514005888,219.29907307667943,26.13488402350828,19.184580254329607,23.287219920408457,delta,all,4801,8dd9348,,,,7.0
gnn_multiedge_covid_rsv,post_covid,Mattapan,100.0,57.14285714285714,80.85106382978722,0.6551655964494594,0.2490087295534893,0.6806572434476437,26.089162037922787,10.056686719258629,18.925715618945183,170.622555518037,212.3004573062316,189.2445967425495,29.133607186498025,13.79983247948612,23.550347454556544,delta,train,6337,8dd9348,,,,7.666666666666667
gnn_multiedge_season_level,post_covid,Mattapan,100.0,100.0,100.0,0.6532701243046568,0.6551699485355166,0.7184100171266299,27.21776008605957,8.103309602964492,18.677260934038365,171.10337716689776,134.01976246891354,154.53410251460693,31.23385349772156,11.017487921237116,24.37014198364081,level,train,4865,8dd9348,,,,8.666666666666666
gnn_uniform,post_covid,Mattapan,100.0,85.71428571428571,93.61702127659576,0.6834090286304066,0.0132250473502729,0.6995641186767627,23.64199730066153,12.350037665594192,18.59665363392931,137.02172453313867,315.3329021460568,216.6926762325276,28.34986146369345,18.31659126508157,24.38260131222331,delta,train,4801,8dd9348,,,,9.333333333333334
gnn_multiedge,post_covid,Mattapan,100.0,85.71428571428571,93.61702127659576,0.6754425116118062,0.1153614050958376,0.7089149380713076,24.02882180764125,10.76649262223925,18.103100256716953,138.20356502986155,258.5828600067108,191.99005853015584,29.28675958708803,16.48551697318109,24.41127622778051,delta,train,4801,8dd9348,,,,10.0
gnn_geo,post_covid,Mattapan,100.0,85.71428571428571,93.61702127659576,0.7106142997978335,0.0043517697616304,0.7099336422258898,24.257935047149655,13.372833530108132,19.394379050173654,151.11170892595186,329.6229058786463,230.87203096864508,28.29591249532077,18.968402927497735,24.569888059276217,delta,train,4801,8dd9348,,,,10.0
arima,post_covid,Mattapan,100.0,100.0,100.0,,,,19.666121838792353,21.313502079288188,20.40218535050326,137.43918906145456,465.4611390283883,284.00218798285044,26.7218712522756,21.680430403795015,24.59734495107093,level,none,,8dd9348,,,,10.333333333333334
arima,exclude_covid,Mattapan,100.0,100.0,100.0,,,,20.15702395814385,22.377123337883106,21.14898325547416,144.3025455544712,486.6000748030918,297.2439947932164,26.749518178276137,22.726885851097375,25.032189039987745,level,none,,8dd9348,,,,11.666666666666666
gnn_multiedge_level,post_covid,Mattapan,100.0,100.0,100.0,0.6346209590279865,0.7253636020134849,0.7179120077188769,28.6049836232112,9.838325182596842,20.219880915702657,198.0737786099013,191.63756731251743,195.19802462596385,32.56331790555619,11.181067865859973,25.346514867870106,level,train,4801,8dd9348,,,,11.333333333333334
gnn_multiedge_rt,post_covid,Mattapan,100.0,71.42857142857143,87.2340425531915,0.5293381462129985,0.1464134858167168,0.5696222861015441,24.569022325369023,16.404319842656452,20.92096376926341,147.5239112238475,363.6756145517145,244.10233185970296,29.53449781630706,22.164681445455525,26.496160206735432,delta,train,5313,8dd9348,,,,14.666666666666666
dualtopo_no_bg,post_covid,Mattapan,88.46153846153845,100.0,93.61702127659576,0.1163443059127458,0.3160686962306143,0.3477929929644228,22.96576067117544,28.190556299118768,25.30024382408629,182.4045123535604,602.0300621361791,369.8967792777092,27.644054142652784,28.467452469570752,28.014946549382085,level,train,479905,8dd9348,,,,13.666666666666666
dualtopo,post_covid,Mattapan,88.46153846153845,100.0,93.61702127659576,0.4120491868783277,0.2952717137363299,0.371501297469583,22.99738700573261,28.265226273309615,25.351102423160633,182.80252662449996,603.5591621312976,370.80017227647335,27.659005714713153,28.542030959151067,28.056983687847193,level,train,479905,8dd9348,,,,14.666666666666666
lstm,exclude_covid,Mattapan,100.0,100.0,100.0,0.4900939644032562,0.5913248124814039,0.5819976968804303,30.27249587132381,17.751313872564406,24.677925191027057,202.9300916981568,303.32539055639194,247.78756565609163,34.001630620309264,23.156735702909717,29.650376045314182,level,train,21390,8dd9348,,,,17.333333333333332
gnn_corrbinary,post_covid,Mattapan,100.0,71.42857142857143,87.2340425531915,0.6343225309067462,0.1870584768198141,0.682988673046363,34.11604309082031,11.731848359107971,24.114594380906286,212.28710919711432,261.6500537180742,234.3428929192453,38.62330882122887,16.45151845722102,30.7596935913945,delta,train,4801,8dd9348,,,,15.333333333333334
seasonal_naive,exclude_covid,Mattapan,100.0,100.0,100.0,0.3145326404619222,-0.0468516003647358,0.4588919815769804,31.77307692307692,6.871428571428571,20.646808510638294,148.8011835143687,162.22603899501112,154.7995231972089,48.0618071621564,8.075211924095095,36.15209007818603,level,none,0,8dd9348,,,,14.0
seasonal_naive,post_covid,Mattapan,100.0,100.0,100.0,0.3145326404619222,-0.0468516003647358,0.4588919815769804,31.77307692307692,6.871428571428571,20.646808510638294,148.8011835143687,162.22603899501112,154.7995231972089,48.0618071621564,8.075211924095095,36.15209007818603,level,none,0,8dd9348,,,,14.0
persistence,exclude_covid,Mattapan,100.0,85.71428571428571,93.61702127659576,-0.1019914528392901,-0.3669717758992591,-0.3047975857791846,22.73076923076923,44.46190476190476,32.44042553191488,67.08416900628666,1119.4099813500934,537.2722979258597,34.83161693722441,64.51896362052528,50.30987171012625,level,none,0,8dd9348,,,,20.333333333333332
persistence,post_covid,Mattapan,100.0,90.47619047619048,95.74468085106383,-0.1019914528392901,-0.3669717758992591,-0.3047975857791846,22.73076923076923,44.46190476190476,32.44042553191488,67.08416900628666,1119.4099813500934,537.2722979258597,34.83161693722441,64.51896362052528,50.30987171012625,level,none,0,8dd9348,,,,20.333333333333332
lstm,post_covid,Mattapan,57.692307692307686,76.19047619047619,65.95744680851064,0.4488841505129955,0.5633434769484797,0.56178034348117,50.07515905820407,22.957960110618952,37.95896378375115,300.91877860938195,342.85328333820473,319.65547221162194,60.0980224672232,35.36876367870226,50.56616020991183,level,train,21390,8dd9348,,,,22.333333333333332
gnn_multiedge_season_level,post_covid,Roslindale,96.15384615384616,100.0,97.61904761904762,0.588277486033434,0.6560598078427704,0.6374054786893011,31.515250866229717,7.241859674453735,22.268244697934104,165.41559637813248,60.71673425223214,125.5303155682657,39.25978797151178,8.984839942973926,31.383284268321407,level,train,4865,8dd9348,,,,3.0
gnn_multiedge_level,post_covid,Roslindale,100.0,100.0,100.0,0.5817641263753817,0.7184379924280079,0.6371746112007678,33.047335331256576,7.753125131130219,23.41144573120844,181.61551080883092,76.85586290145201,141.7070735107818,40.03426538018504,8.369434248124364,31.91956460495923,level,train,4801,8dd9348,,,,3.3333333333333335
gnn_multiedge_season,post_covid,Roslindale,100.0,87.5,95.23809523809524,0.5653312935713425,0.3318898137653353,0.6075067603648378,31.15352355516874,10.722708642482758,23.370355969383603,166.75522416637952,116.88184143799796,147.75584026985322,39.11616235254171,15.042624097615082,32.146397533051385,delta,train,4865,8dd9348,,,,4.333333333333333
gnn_multiedge,post_covid,Roslindale,100.0,93.75,97.61904761904762,0.598351458436327,0.245350108322357,0.6318851945315294,32.19760432610145,14.302243530750276,25.380324023110525,171.37791845635314,142.92855304211307,160.5400649652141,38.88351989352465,18.14439253751955,32.57870864425796,delta,train,4801,8dd9348,,,,5.666666666666667
gnn_geo,post_covid,Roslindale,100.0,93.75,97.61904761904762,0.6277992040642184,0.1063716405058548,0.6405174392205505,32.86672870929424,15.043439388275146,26.076904206048873,184.60251271291077,174.75356769471034,180.85053365835824,38.79295050457398,20.146868356499876,32.957967135390675,delta,train,4801,8dd9348,,,,6.333333333333333
gnn_multiedge_leaknorm,post_covid,Roslindale,100.0,93.75,97.61904761904762,0.5804537250072964,0.2981695224875868,0.6219841752661317,32.8808670777541,11.954331815242767,24.90885364441645,182.0210064332815,131.30363858623437,162.70010439631122,39.85655461543964,16.848201124921463,33.038202522838716,delta,all,4801,8dd9348,,,,7.333333333333333
gnn_multiedge_covid_rsv,post_covid,Roslindale,92.3076923076923,87.5,90.47619047619048,0.5524327304605505,0.5720910783899844,0.5936891286689717,34.691186061272255,8.609001129865646,24.755115611212595,184.51583329147607,76.01877046971829,143.1836188831874,41.08730456685068,11.85493549232782,33.14505042386884,delta,train,6337,8dd9348,,,,6.333333333333333
gnn_uniform,post_covid,Roslindale,100.0,93.75,97.61904761904762,0.5872169898601639,0.1542336250727078,0.610242225079107,32.45200945780827,14.28244611620903,25.530271041960944,169.9660279051312,153.73844063650043,163.7840898980338,39.244173691735426,20.18147332105316,33.295003283761396,delta,train,4801,8dd9348,,,,8.666666666666666
gnn_multiedge_full,full,Roslindale,100.0,100.0,100.0,0.460509196969451,0.2781129551390768,0.5226020153585469,33.50944860164936,14.643386483192444,26.322377318427677,170.39328762223062,163.80683536360507,167.88416295227802,41.83549649184043,18.85192327190903,34.91204871547375,delta,train,4801,8dd9348,,,,10.0
gnn_multiedge_covid_rsv_full,full,Roslindale,100.0,100.0,100.0,0.4312740835285509,0.1455131158082554,0.4283110091283466,30.52719673743615,15.210242222994566,24.692166446220305,144.54055437572924,180.04251761104464,158.0651117987065,42.090518536747865,21.186327711822745,35.60486631688085,delta,train,6337,8dd9348,,,,11.666666666666666
gnn_multiedge_rt,post_covid,Roslindale,100.0,93.75,97.61904761904762,0.4482932842524898,0.2228844088872348,0.4945016561588229,33.113964374248795,16.24473405443132,26.687590919080236,172.03233846589376,179.47118966046384,174.8661865400157,42.218868523535264,22.95936168228246,36.114029382578835,delta,train,5313,8dd9348,,,,13.333333333333334
arima,post_covid,Roslindale,92.3076923076923,93.75,92.85714285714286,0.2885424992976623,0.4519426384351403,0.3055576639396271,31.045229353466254,12.664738415067122,24.043137567409445,127.8947988995364,152.13569339734525,137.12942537489218,45.46057890440933,15.401304991462403,37.00980346941083,level,none,,8dd9348,,,,11.0
gnn_corrbinary,post_covid,Roslindale,100.0,93.75,97.61904761904762,0.5805827272102451,0.3901182465720219,0.612138143753286,41.500832044161285,12.441017419099808,30.430426472709293,237.78693094509285,121.9975557670806,193.6766927820406,46.40623177151838,16.737210727681727,37.94549493151927,delta,train,4801,8dd9348,,,,13.0
lstm,exclude_covid,Roslindale,92.3076923076923,100.0,95.23809523809524,0.4434116952996244,0.5842196485891422,0.5170231291777109,38.50438537597656,18.62179777622223,30.930066290355864,207.0385260921407,162.85983833221522,190.2085498026453,44.925211763868745,22.786212813345173,38.042121036062056,level,train,21390,8dd9348,,,,14.333333333333334
arima,exclude_covid,Roslindale,88.46153846153845,100.0,92.85714285714286,,,,30.84225847622995,19.99112203819788,26.708492214122497,125.86857414912532,254.83308157096292,174.99791030982533,46.28402039746744,22.077298493783623,38.88199114552865,level,none,,8dd9348,,,,15.666666666666666
dualtopo_no_bg,post_covid,Roslindale,84.61538461538461,100.0,90.47619047619048,0.2566853902617701,0.5193828516931008,0.3073144787565754,32.55569010514479,24.395082592964172,29.4468872433617,146.63478501493057,299.03670087611823,204.6926577239545,45.70473967812668,26.123336642056536,39.40959015271414,level,train,479905,8dd9348,,,,16.666666666666668
dualtopo,post_covid,Roslindale,84.61538461538461,100.0,90.47619047619048,0.3616514088903892,0.5080344529966371,0.3175608254986442,32.58707288595346,24.4943128824234,29.504116694132488,147.01727990218544,300.07613241032357,205.3254141909999,45.69806107253388,26.219089763097777,39.42901491426774,level,train,479905,8dd9348,,,,17.0
dualtopo_fullhistory,full,Roslindale,80.76923076923077,100.0,88.09523809523809,-0.0583501964613014,0.5879765044546266,0.0836126988786512,28.548773068648117,7.440712213516235,20.50760702859788,82.48844302275457,80.71945227118135,81.81454178406,51.159192817679006,8.840933467235967,40.62002553480401,level,train,479905,8dd9348,,,,12.666666666666666
lstm,post_covid,Roslindale,69.23076923076923,87.5,76.19047619047619,0.3451635782058362,0.5786163855969769,0.4568475115942241,49.1391876220703,22.126923179626463,38.84880116780599,274.58727167627256,166.22185015300087,233.30520633407383,59.35262554779041,30.330151738556552,50.31088536399114,level,train,21390,8dd9348,,,,20.333333333333332
seasonal_naive,exclude_covid,Roslindale,84.61538461538461,93.75,88.09523809523809,0.0654104056221757,0.1152543748801436,0.21057239278526,45.30384615384616,8.98125,31.466666666666665,227.28736642954308,88.00438778599265,174.22718408914295,66.56396865479795,12.465627741914965,52.93438885837376,level,none,0,8dd9348,,,,15.666666666666666
seasonal_naive,post_covid,Roslindale,92.3076923076923,100.0,95.23809523809524,0.0654104056221757,0.1152543748801436,0.21057239278526,45.30384615384616,8.98125,31.466666666666665,227.28736642954308,88.00438778599265,174.22718408914295,66.56396865479795,12.465627741914965,52.93438885837376,level,none,0,8dd9348,,,,15.666666666666666
persistence,exclude_covid,Roslindale,88.46153846153845,81.25,85.71428571428571,-0.2014414431407644,-0.4044868226709558,-0.2887812745163464,34.907692307692315,47.1625,39.57619047619047,71.4051504882806,584.2838890055216,266.7875270662771,57.10258649671996,67.14839908739448,61.12455277857624,level,none,0,8dd9348,,,,21.0
persistence,post_covid,Roslindale,92.3076923076923,93.75,92.85714285714286,-0.2014414431407644,-0.4044868226709558,-0.2887812745163464,34.907692307692315,47.1625,39.57619047619047,71.4051504882806,584.2838890055216,266.7875270662771,57.10258649671996,67.14839908739448,61.12455277857624,level,none,0,8dd9348,,,,21.0
gnn_multiedge_season,post_covid,Roxbury,100.0,86.95652173913044,93.87755102040816,0.5922648617343896,0.38414095433005,0.6947265854032441,46.87034584925725,13.575804389041403,31.24229577609471,105.27425237160784,155.03111233845908,128.62951317237471,56.22021177757392,17.050320035575105,42.58602962131156,delta,train,4865,8dd9348,,,,4.0
gnn_multiedge_covid_rsv_full,full,Roxbury,100.0,95.65217391304348,97.95918367346938,0.4207738928892277,0.3772566940135589,0.5734236243740368,43.612389491154595,16.88892564566239,31.068722788168454,96.86849912177516,212.34015405530548,151.06948000894246,54.80240127275125,22.179270805645206,42.714057344483685,delta,train,6337,8dd9348,,,,5.333333333333333
gnn_multiedge_season_level,post_covid,Roxbury,96.15384615384616,91.30434782608695,93.87755102040816,0.6119113282525951,0.6490893748433223,0.712345977801443,49.800996413597694,13.187667794849562,32.615148286430205,115.2307845757099,102.60676515300062,109.30522443851989,58.11554375782772,16.039062316761694,43.73613180617533,level,train,4865,8dd9348,,,,4.666666666666667
gnn_multiedge_leaknorm,post_covid,Roxbury,100.0,95.65217391304348,97.95918367346938,0.6278437187751995,0.2646483530271231,0.7139874788732249,46.85179805755615,16.445975386578105,32.579677211995026,103.70944547751635,213.03893532406505,155.0273692830392,56.876105412613704,21.455155856873365,43.96070159115867,delta,all,4801,8dd9348,,,,6.666666666666667
gnn_uniform,post_covid,Roxbury,100.0,95.65217391304348,97.95918367346938,0.6137768427211644,0.0738609906990408,0.695476452581849,46.55318527955275,19.35688377463299,33.78757436908021,98.15132950852896,242.18594192343917,165.75941288695617,56.091075209223746,24.339381881995212,44.13031569656392,delta,train,4801,8dd9348,,,,7.0
gnn_multiedge_covid_rsv,post_covid,Roxbury,84.61538461538461,69.56521739130434,77.55102040816327,0.5628875521095277,0.6003014956476121,0.6780207984873139,52.05661230820875,13.692435022281565,34.04893725563069,117.7448983330473,119.73565299337184,118.67933419401596,59.5828208728032,15.692718942653842,44.71381536993069,delta,train,6337,8dd9348,,,,6.333333333333333
gnn_multiedge_level,post_covid,Roxbury,96.15384615384616,100.0,97.95918367346938,0.6282265233947953,0.6467992435057331,0.7247089345737507,51.702944608835075,14.012279966603154,34.01140814411397,124.58392522698696,146.35448895002412,134.80276126024927,59.72918727928963,15.921775437567256,44.85521802059836,level,train,4801,8dd9348,,,,7.333333333333333
gnn_multiedge_full,full,Roxbury,100.0,95.65217391304348,97.95918367346938,0.4452139529253153,0.6272720296793992,0.6152352626548417,51.66242041954627,16.564257093097854,35.187772327539875,126.4662406749926,162.63995769774547,143.44574050199904,60.83805292212302,20.93103264496693,46.57876206539264,delta,train,4801,8dd9348,,,,10.0
gnn_multiedge,post_covid,Roxbury,100.0,95.65217391304348,97.95918367346938,0.6335499783535384,0.4796991584641321,0.7284480576832181,51.21303484990047,13.561903725499691,33.54005493436541,110.86577707085976,160.81802180748215,134.31274909009065,63.321635839474226,16.87859425820736,47.55292828064089,delta,train,4801,8dd9348,,,,9.666666666666666
gnn_geo,post_covid,Roxbury,96.15384615384616,86.95652173913044,91.83673469387756,0.6752328499661157,0.3370549685791109,0.7414497788061356,54.91930037278395,16.773987749348517,37.014357712804056,128.03952780730225,197.90952269836689,160.8356478582101,64.8704053783131,20.982985596397935,49.39201323253904,delta,train,4801,8dd9348,,,,11.666666666666666
arima,post_covid,Roxbury,92.3076923076923,100.0,95.91836734693877,0.1696316741028419,0.5002013588359088,0.3365654908274594,39.0773937536212,36.81232496349413,38.01419819907176,92.67558033476374,394.1998799502659,234.20739443999935,59.98539467714271,38.791045931288,51.142772857289465,level,none,,8dd9348,,,,12.666666666666666
dualtopo_fullhistory,full,Roxbury,69.23076923076923,100.0,83.6734693877551,-0.0517463766925751,0.6671119545238683,0.1942741861316629,41.81874840076153,9.712509072345236,26.74847279762735,51.30801285635577,105.48349401730457,76.73732034006639,70.00097907489435,11.148086072960956,51.55975328636927,level,train,479905,8dd9348,,,,10.333333333333334
gnn_multiedge_rt,post_covid,Roxbury,100.0,78.26086956521739,89.79591836734694,0.4244610794452172,0.2827988817770517,0.5723136373195681,52.31492145244892,24.92640349139338,39.459086491137136,110.98542498541562,254.50419550344884,178.35137849388022,65.72388131619219,30.319547321675152,52.18758684256986,delta,train,5313,8dd9348,,,,14.333333333333334
arima,exclude_covid,Roxbury,92.3076923076923,100.0,95.91836734693877,,,,41.242161140162594,43.47787983398795,42.291580118896945,106.37747632981836,458.2288244683596,271.5321907621949,59.18591571101396,45.45894369944053,53.18568666100301,level,none,,8dd9348,,,,13.0
dualtopo_no_bg,post_covid,Roxbury,69.23076923076923,43.47826086956522,57.14285714285714,0.2489971795663711,0.6486410932262823,0.4192851242862067,42.4633731842041,46.54929020093835,44.38125260022222,113.74080881999473,485.33343945563274,288.16183952651875,59.003487602386215,48.38922313012737,54.2803736712292,level,train,479905,8dd9348,,,,13.666666666666666
dualtopo,post_covid,Roxbury,69.23076923076923,43.47826086956522,57.14285714285714,0.4119698424760796,0.6327520557036007,0.4320789567003295,42.48794306241549,46.65315047554348,44.44304041959801,113.89118841610475,486.3899343035582,288.73753852654204,59.00135691432111,48.495359523090855,54.32358841433754,level,train,479905,8dd9348,,,,14.0
gnn_corrbinary,post_covid,Roxbury,84.61538461538461,86.95652173913044,85.71428571428571,0.6120418730914305,0.6459704250182412,0.7064978707963945,72.59214030779324,12.90948436571204,44.577832416612274,174.79335520230353,119.09172301883704,148.6476911161866,83.53909773362687,17.4544765737774,62.01636607734835,delta,train,4801,8dd9348,,,,15.333333333333334
lstm,exclude_covid,Roxbury,69.23076923076923,91.30434782608695,79.59183673469387,0.4445992642607858,0.6209295072867109,0.5871379679549198,68.24186239976149,33.226984670887816,51.80630754743304,167.483187251981,246.29041202383956,204.4743335734656,77.47908615774944,46.26173063989242,64.72888926825392,level,train,21390,8dd9348,,,,17.666666666666668
seasonal_naive,exclude_covid,Roxbury,84.61538461538461,100.0,91.83673469387756,0.0602686472155075,0.7925572977935645,0.317048732445728,66.95,6.530434782608695,38.589795918367344,128.74620432511767,47.793736981752666,90.74810740884428,96.45987806815369,8.50764362206128,70.50574589408748,level,none,0,8dd9348,,,,14.0
seasonal_naive,post_covid,Roxbury,88.46153846153845,100.0,93.87755102040816,0.0602686472155075,0.7925572977935645,0.317048732445728,66.95,6.530434782608695,38.589795918367344,128.74620432511767,47.793736981752666,90.74810740884428,96.45987806815369,8.50764362206128,70.50574589408748,level,none,0,8dd9348,,,,14.0
lstm,post_covid,Roxbury,53.84615384615385,82.6086956521739,67.3469387755102,0.2895413512899314,0.5319553367860095,0.4924581552081721,78.03479570242075,34.67941979118015,57.68431313183842,176.964783143168,244.53140065284697,208.67972605587445,91.60519482086366,49.66664780957725,74.90335957140981,level,train,21390,8dd9348,,,,21.0
persistence,exclude_covid,Roxbury,88.46153846153845,73.91304347826086,81.63265306122449,-0.2594482797653403,-0.586636237136802,-0.3968460160607102,52.392307692307696,83.79999999999998,67.13469387755102,63.00391508620591,1053.594030570602,527.9747856196979,80.88094764719125,116.30011402289824,99.09554243563252,level,none,0,8dd9348,,,,20.666666666666668
persistence,post_covid,Roxbury,88.46153846153845,78.26086956521739,83.6734693877551,-0.2594482797653403,-0.586636237136802,-0.3968460160607102,52.392307692307696,83.79999999999998,67.13469387755102,63.00391508620591,1053.594030570602,527.9747856196979,80.88094764719125,116.30011402289824,99.09554243563252,level,none,0,8dd9348,,,,20.666666666666668
gnn_multiedge_level,post_covid,South Boston,100.0,100.0,100.0,0.652643441739743,0.2541147037751866,0.7155158116565126,11.481466732025147,3.099013693192426,8.088569073449998,142.9462052511737,90.85641570226908,121.86224281471227,13.194344023189249,4.427874451602379,10.562254315837924,level,train,4801,8dd9348,,,,3.0
gnn_multiedge_season_level,post_covid,South Boston,100.0,88.23529411764706,95.23809523809524,0.6383744825409509,0.1431367165502596,0.6949319067036115,11.23064884185791,3.953474248156828,8.28512579202652,135.26409295704966,98.60119276003688,120.42434763921112,13.028833654817973,5.2795897928480775,10.598317277257712,level,train,4865,8dd9348,,,,2.6666666666666665
gnn_multiedge_season,post_covid,South Boston,100.0,88.23529411764706,95.23809523809524,0.6226402287176304,-0.0433011758482132,0.6234900968662516,11.025899047851562,6.008237446055693,8.994940780457997,138.91600816916633,141.6449909032275,140.02059641866725,13.118578180204535,9.737975265963604,11.86682660625458,delta,train,4865,8dd9348,,,,5.0
gnn_multiedge_covid_rsv,post_covid,South Boston,100.0,82.35294117647058,92.85714285714286,0.6023213073426152,0.0415518418636177,0.6322088579371967,12.32871835708618,5.804429503048167,9.687934773308893,167.54369687643944,138.33758611681532,155.7221758546868,13.995065851058476,7.893592304243566,11.90817675791163,delta,train,6337,8dd9348,,,,6.0
gnn_multiedge_covid_rsv_full,full,South Boston,100.0,94.11764705882352,97.61904761904762,0.5007865577433187,0.0495845840379594,0.5010525435299834,11.09771203994751,5.908166576834286,8.9971817334493,161.33668942509556,151.5645165032143,157.38128609957218,13.616523571772028,9.381604785400722,12.082542992007989,delta,train,6337,8dd9348,,,,6.666666666666667
gnn_multiedge_full,full,South Boston,100.0,94.11764705882352,97.61904761904762,0.5354520846585342,0.0428770297421944,0.6044372780292013,12.932880249023436,6.073680372799144,10.156537441980271,176.17527772904688,158.11109075954676,168.86358300329684,14.591265943271306,7.931018047927638,12.336496231549186,delta,train,4801,8dd9348,,,,8.0
gnn_geo,post_covid,South Boston,100.0,94.11764705882352,97.61904761904762,0.663170581759535,-0.1782065696249848,0.611244973008496,11.23696325302124,8.381525933742523,10.08119100474176,149.95943761479077,215.28097363436385,176.39910695604658,13.142548787909064,12.327883262630976,12.81904155988848,delta,train,4801,8dd9348,,,,9.333333333333334
gnn_multiedge_leaknorm,post_covid,South Boston,100.0,88.23529411764706,95.23809523809524,0.6242986338901407,-0.0661949716416827,0.645791618093867,12.733781127929689,6.6946257002213425,10.28936107385726,151.46879034430603,166.06704346969943,157.3776070855367,14.645009097076374,9.786115471001512,12.90068680207193,delta,all,4801,8dd9348,,,,10.0
gnn_multiedge,post_covid,South Boston,100.0,82.35294117647058,92.85714285714286,0.6389284775797472,-0.1388424277206084,0.6352643543553453,12.065136947631837,7.76200868101681,10.323394554001943,128.7027567562923,186.64180272850123,152.15427536409118,14.139912873272928,11.33560602077495,13.077479540164452,delta,train,4801,8dd9348,,,,11.0
gnn_uniform,post_covid,South Boston,100.0,88.23529411764706,95.23809523809524,0.6420789618193676,-0.1357930708665103,0.6006755923380471,11.26787805557251,8.091850687475766,9.982343168485732,128.6490973132436,194.6893394447369,155.37967150932425,13.372803440242093,12.720896153949427,13.112841015218253,delta,train,4801,8dd9348,,,,11.666666666666666
arima,post_covid,South Boston,100.0,100.0,100.0,,,,10.327014335857722,7.274683767844373,9.091547201185652,125.98395705242604,232.85156579022188,169.23989392248632,15.84798146852135,7.753056116570782,13.18443423958969,level,none,,8dd9348,,,,10.333333333333334
dualtopo_fullhistory,full,South Boston,80.0,100.0,88.09523809523809,0.0590489423755731,0.3797479419799102,0.1778488039549446,10.123891296386718,3.1065626705394074,7.283543995448521,57.08386748808121,85.72916120725793,68.67839113631939,17.385961190567258,4.124827546849385,13.66785645397274,level,train,479905,8dd9348,,,,10.666666666666666
dualtopo_no_bg,post_covid,South Boston,84.0,100.0,90.47619047619048,0.317146966590496,0.4230209690211851,0.3649190032387608,10.83410270690918,10.955472721773036,10.883228665306454,169.3732308213843,335.9543186708323,236.79890923663712,15.119317353032296,11.327450076187336,13.711424728364443,level,train,479905,8dd9348,,,,13.666666666666666
dualtopo,post_covid,South Boston,84.0,100.0,90.47619047619048,0.3533506232634832,0.4274168059553282,0.373946040270227,10.842587814331054,10.993508338928224,10.90367469333467,169.76147673975055,337.06036107175106,237.4776918265126,15.117301745976713,11.364985735902549,13.722669474429397,level,train,479905,8dd9348,,,,14.333333333333334
gnn_multiedge_rt,post_covid,South Boston,100.0,82.35294117647058,92.85714285714286,0.5240288640660224,0.0251789751369635,0.5316795023678171,12.269201107025149,7.816126332563512,10.466766079266868,130.2520704632507,192.73779390506192,155.54391090398377,14.58074989637186,12.632703171809586,13.825360504017103,delta,train,5313,8dd9348,,,,14.333333333333334
lstm,exclude_covid,South Boston,100.0,100.0,100.0,0.5351981062942336,0.3740830211137618,0.5960166390019317,15.14807406616211,7.712479288437788,12.13842856089274,187.0034386786991,186.96965161659057,186.9897629630837,16.648780213940316,11.240644177563368,14.701419150199884,level,train,21390,8dd9348,,,,15.0
lstm,post_covid,South Boston,100.0,100.0,100.0,0.4565893179476028,0.3968524592820341,0.5511923448872169,14.64279738998413,7.076106946608599,11.58008935337975,163.83434909370737,165.19540443026895,164.38525244422038,17.000391951443937,11.049291595022936,14.881123808168258,level,train,21390,8dd9348,,,,15.333333333333334
gnn_corrbinary,post_covid,South Boston,100.0,82.35294117647058,92.85714285714286,0.6180380948803247,-0.021489721653265,0.6416420160446838,17.379266967773436,7.321019347976236,13.308071502617429,234.83866296879933,184.9605606475097,214.64990726732495,19.07619599126621,10.639307442184938,16.199532625436678,delta,train,4801,8dd9348,,,,16.333333333333332
arima,exclude_covid,South Boston,88.0,94.11764705882352,90.47619047619048,-0.3522121505064923,-0.1315338973408683,-0.2559818914242746,12.798578456802808,16.298485758504402,14.215207602729643,142.1481097259991,499.4640595464473,286.7759941771329,18.591690943456125,25.061036254761756,21.446621696549943,level,none,,8dd9348,,,,19.333333333333332
seasonal_naive,exclude_covid,South Boston,92.0,100.0,95.23809523809524,0.0580505922678397,0.2228506126056317,0.2328833620136306,18.064,2.611764705882353,11.80952380952381,147.16677792728404,55.67560852895608,110.13463793272274,28.340656308561385,3.295451410656816,21.965579133422978,level,none,0,8dd9348,,,,14.333333333333334
seasonal_naive,post_covid,South Boston,96.0,100.0,97.61904761904762,0.0580505922678397,0.2228506126056317,0.2328833620136306,18.064,2.611764705882353,11.80952380952381,147.16677792728404,55.67560852895608,110.13463793272274,28.340656308561385,3.295451410656816,21.965579133422978,level,none,0,8dd9348,,,,14.333333333333334
persistence,exclude_covid,South Boston,100.0,100.0,100.0,-0.2364258651372885,-0.2910860242802597,-0.2709459811228517,13.616,20.011764705882353,16.204761904761906,79.93647484863003,603.8412027020485,291.993150408347,20.03814362659375,30.850245494303984,24.98462384290443,level,none,0,8dd9348,,,,21.333333333333332
persistence,post_covid,South Boston,100.0,100.0,100.0,-0.2364258651372885,-0.2910860242802597,-0.2709459811228517,13.616,20.011764705882353,16.204761904761906,79.93647484863003,603.8412027020485,291.993150408347,20.03814362659375,30.850245494303984,24.98462384290443,level,none,0,8dd9348,,,,21.333333333333332
gnn_multiedge_season,post_covid,South End,100.0,91.30434782608695,95.91836734693877,0.6559728683707913,0.1566392022264542,0.7125301152629925,27.219421790196343,9.916256614353346,19.09752793214759,141.045696320641,144.49902703704026,142.6666474732366,32.07209891534243,12.184170464122191,24.80888171166888,delta,train,4865,8dd9348,,,,3.0
gnn_multiedge_season_level,post_covid,South End,100.0,100.0,100.0,0.638881794829106,0.4746870532203308,0.7104114038293501,29.669504972604607,7.59569037478903,19.308326691997294,143.77082855664656,82.73536550675455,115.12152957404416,34.18097959756004,10.81633233870641,25.97788052951429,level,train,4865,8dd9348,,,,3.0
gnn_uniform,post_covid,South End,100.0,95.65217391304348,97.95918367346938,0.6595064512097171,-0.1045281041786885,0.6947299175450812,27.140479436287514,14.559115637903629,21.234941326842016,124.9500829079658,221.09489679103183,170.0792812612417,32.031766503117765,18.110188665625746,26.426795758368463,delta,train,4801,8dd9348,,,,6.0
gnn_multiedge_covid_rsv,post_covid,South End,100.0,78.26086956521739,89.79591836734694,0.6064349088364174,0.3473646109565799,0.6682433739288755,30.212321208073543,8.73848947753077,20.132767538635097,182.90262985163463,90.13066122346704,139.35660376086207,34.759297081798444,12.200203270763913,26.66376473818163,delta,train,6337,8dd9348,,,,5.666666666666667
gnn_multiedge_level,post_covid,South End,100.0,100.0,100.0,0.6256851639457303,0.3671366204113256,0.7076421406831161,31.552603501539963,9.175839631453805,21.04922454211177,166.72242969918517,125.37705633291056,147.3154177109338,35.67309426077768,11.225836388604794,27.099686445938968,level,train,4801,8dd9348,,,,6.333333333333333
gnn_multiedge_leaknorm,post_covid,South End,100.0,91.30434782608695,95.91836734693877,0.629763410088671,0.0736662844442417,0.6914681480556387,28.89759745964637,11.937974162723709,20.93695795292757,142.96720861335285,171.15259127697362,156.19708210852176,34.3362532180371,15.636306349106942,27.20924181416144,delta,all,4801,8dd9348,,,,6.0
gnn_multiedge_covid_rsv_full,full,South End,100.0,95.65217391304348,97.95918367346938,0.4986257121016932,0.2038817429986061,0.5521298097467973,27.9625674027663,11.43910903516023,20.206658373073655,160.42403002810138,179.87723198649735,169.5551248248995,34.37894787078147,16.17830039664669,27.386006317805343,delta,train,6337,8dd9348,,,,7.333333333333333
gnn_multiedge_full,full,South End,100.0,100.0,100.0,0.5519215023009338,0.2764786348552801,0.6202807240269873,30.878919197962833,13.451603080915367,22.69875040832831,149.60056830809697,167.64168005068825,158.06884524849693,34.88414823370979,17.140759987214174,27.993085430987215,delta,train,4801,8dd9348,,,,9.0
gnn_multiedge,post_covid,South End,100.0,91.30434782608695,95.91836734693877,0.6471911998092644,-0.0131140150206948,0.6992713100889922,29.453768510084885,13.14112144967784,21.79681172662852,132.19576116746927,180.25594628334883,154.75462356880047,35.33864360646397,16.884965402722514,28.221666424690167,delta,train,4801,8dd9348,,,,9.333333333333334
gnn_geo,post_covid,South End,100.0,95.65217391304348,97.95918367346938,0.681455393926771,0.0478852185627722,0.7145147355597137,30.84265723595252,13.118672754453575,22.523235948718323,168.33350475378077,183.4480233775543,175.42807472004182,35.7299589822598,17.420893792504366,28.63300244541098,delta,train,4801,8dd9348,,,,11.0
gnn_multiedge_rt,post_covid,South End,100.0,91.30434782608695,95.91836734693877,0.5008808698029952,0.2663109855917362,0.6019503392813929,30.697307797578667,13.890872488851132,22.808572856747375,147.50186791047096,202.5645868690472,173.34763395225167,37.083799598245115,18.807087417218344,29.928712363271117,delta,train,5313,8dd9348,,,,12.333333333333334
arima,post_covid,South End,100.0,100.0,100.0,-0.2317267360837315,-0.2341550219488991,-0.3050907645195854,25.944556402084483,21.37713628612719,23.800665327247387,128.7426753105935,315.24340580784144,216.28383452358744,39.2730933000268,22.318041504956145,32.43768177672557,level,none,,8dd9348,,,,14.333333333333334
dualtopo_fullhistory,full,South End,73.07692307692307,100.0,85.71428571428571,0.0578770400250593,0.6069986059884683,0.2695688133841185,27.003252066098728,4.899582075036091,16.62806002947749,60.99301136380315,67.43895309358273,64.01865748186295,44.621262109177046,5.448077512235259,32.7171422505013,level,train,479905,8dd9348,,,,10.0
arima,exclude_covid,South End,96.15384615384616,100.0,97.95918367346938,,,,26.24891172583414,23.476443565571135,24.947549119996403,138.3667205276814,341.9323331745887,233.91792646398483,38.83145923089627,24.330474403884317,32.83237996201477,level,none,,8dd9348,,,,15.0
dualtopo_no_bg,post_covid,South End,76.92307692307693,95.65217391304348,85.71428571428571,0.2629731529798575,0.3134263434671392,0.3604284502781184,27.943757864145137,28.10985200301461,28.02172041912468,162.06472673122713,401.2915825502015,274.3548835442152,38.29249801674698,28.82366618605615,34.17621990977578,level,train,479905,8dd9348,,,,15.666666666666666
dualtopo,post_covid,South End,76.92307692307693,95.65217391304348,85.71428571428571,0.4673786062725867,0.2996905922661047,0.37588975163237,27.957870923555813,28.165035911228347,28.05511163205517,162.2424942131692,402.05123435294104,274.80578040122543,38.2907411369582,28.87893551859473,34.197069739922966,level,train,479905,8dd9348,,,,16.0
gnn_corrbinary,post_covid,South End,100.0,86.95652173913044,93.87755102040816,0.6278840342705355,0.2390557928609201,0.6834165454170115,42.50728203700139,10.940460785575535,27.690202674087217,242.2790830632254,127.85933115547378,188.57185257591345,47.190634710305275,16.066689459275818,36.094558877514785,delta,train,4801,8dd9348,,,,14.666666666666666
lstm,exclude_covid,South End,100.0,100.0,100.0,0.4865050357132557,0.533487959024864,0.5836052109903883,40.08977749164288,18.060716761713444,29.749606128614776,207.86211350666724,195.38436727404303,202.00521221380288,44.83856367397134,27.804605050147867,37.81105713100515,level,train,21390,8dd9348,,,,17.666666666666668
seasonal_naive,exclude_covid,South End,96.15384615384616,100.0,97.95918367346938,0.0825917923049159,0.265922004366789,0.3487161945537034,39.95,6.317391304347825,24.163265306122447,182.7412819742256,79.6087995950464,134.3321575921619,55.55261885400598,7.865140480792997,40.82346764061184,level,none,0,8dd9348,,,,14.333333333333334
seasonal_naive,post_covid,South End,96.15384615384616,100.0,97.95918367346938,0.0825917923049159,0.265922004366789,0.3487161945537034,39.95,6.317391304347825,24.163265306122447,182.7412819742256,79.6087995950464,134.3321575921619,55.55261885400598,7.865140480792997,40.82346764061184,level,none,0,8dd9348,,,,14.333333333333334
lstm,post_covid,South End,69.23076923076923,82.6086956521739,75.51020408163265,0.3773262831865536,0.4638896155763698,0.5114505162494248,44.60494450789231,21.740456921121353,33.872634007979414,229.1399568279602,242.49457318236605,235.40845021880372,51.54503101841339,33.49860838315819,44.00573973530245,level,train,21390,8dd9348,,,,21.0
persistence,exclude_covid,South End,92.3076923076923,91.30434782608695,91.83673469387756,-0.2828009150594372,-0.3406778512796567,-0.3455317011860644,33.37692307692308,50.13043478260869,41.24081632653061,80.3485901889872,825.6561768437944,430.1868451494069,50.42450564190758,66.26169461999174,58.395638640611665,level,none,0,8dd9348,,,,21.0
persistence,post_covid,South End,100.0,91.30434782608695,95.91836734693877,-0.2828009150594372,-0.3406778512796567,-0.3455317011860644,33.37692307692308,50.13043478260869,41.24081632653061,80.3485901889872,825.6561768437944,430.1868451494069,50.42450564190758,66.26169461999174,58.395638640611665,level,none,0,8dd9348,,,,21.0
gnn_geo,post_covid,West Roxbury,100.0,93.33333333333331,97.5,0.6770591291660216,0.313129120405098,0.662375495313152,14.472266654968262,5.363643157482147,11.056532843410968,124.24193032458402,82.26523327887533,108.50066893244326,18.158656879023447,7.748278970807838,15.119488993013771,delta,train,4801,8dd9348,,,,3.3333333333333335
gnn_multiedge_season,post_covid,West Roxbury,100.0,80.0,92.5,0.6340828298145975,0.3374688356365085,0.6290713583498111,14.33806833267212,5.587620381514231,11.056650350987912,112.72978215833903,93.72354310695108,105.60244251406856,18.57405504469552,7.283469784649195,15.34651589257554,delta,train,4865,8dd9348,,,,3.6666666666666665
gnn_multiedge,post_covid,West Roxbury,100.0,93.33333333333331,97.5,0.6306688302273621,0.3182322648274648,0.6359700186820546,14.045025768280029,5.721582221984863,10.92373443841934,108.95134713906464,86.5768008509481,100.56089228102095,18.271762606422687,8.52558290223319,15.35961927911905,delta,train,4801,8dd9348,,,,6.0
gnn_multiedge_leaknorm,post_covid,West Roxbury,100.0,86.66666666666667,95.0,0.6262939611149223,0.3355546995857418,0.6283939673022977,14.52712413787842,5.632326936721801,11.191575187444688,116.68967256288066,90.6728271822853,106.9333555451574,18.61510357401097,7.820269028315576,15.476111544819146,delta,all,4801,8dd9348,,,,5.666666666666667
gnn_multiedge_level,post_covid,West Roxbury,100.0,100.0,100.0,0.518208918112959,0.2448177095927493,0.5718067467135284,15.272080364227294,3.726475524902344,10.942478549480438,121.29640625182712,66.90250160683753,100.89869200995602,20.041794338125616,4.848403885976914,16.120207280705515,level,train,4801,8dd9348,,,,5.666666666666667
gnn_multiedge_season_level,post_covid,West Roxbury,100.0,93.33333333333331,97.5,0.5161391258805585,0.1925979443169854,0.5588912564061067,15.112352514266968,5.2027514179547625,11.396252103149893,115.4549014074219,81.998309368385,102.90867939278306,19.9489644783744,6.43553379693524,16.255976610741147,level,train,4865,8dd9348,,,,6.666666666666667
gnn_uniform,post_covid,West Roxbury,100.0,93.33333333333331,97.5,0.611854739834342,0.2367472021311577,0.6256327350228783,15.994884071350098,5.421592815717061,12.029899850487707,130.4245967811452,82.68392266620798,112.52184398804376,19.668384254935052,8.38242542107639,16.37460634572099,delta,train,4801,8dd9348,,,,8.0
gnn_multiedge_covid_rsv_full,full,West Roxbury,100.0,100.0,100.0,0.607198298606463,0.4477870360626574,0.5512479694843935,14.258695678710938,5.606091611584028,11.013969153538346,112.06896829196124,95.0300146439379,105.67936067395247,19.766654331098703,8.029434957424975,16.382225865371097,delta,train,6337,8dd9348,,,,8.666666666666666
gnn_multiedge_covid_rsv,post_covid,West Roxbury,100.0,73.33333333333333,90.0,0.6154217091312634,0.3635532675560722,0.5914306660836062,16.559965400695802,6.125067975123724,12.646878866106272,139.87912046161966,102.05061012560176,125.69342908561296,19.745956494396506,8.181933627214814,16.394915763101086,delta,train,6337,8dd9348,,,,8.666666666666666
gnn_multiedge_rt,post_covid,West Roxbury,100.0,86.66666666666667,95.0,0.5272116107482077,0.3693042003539939,0.5527629728610515,15.05327154159546,6.256229543685913,11.75438079237938,109.43545007391188,105.85395033770372,108.09238767283382,19.7618320092188,8.535282173722406,16.47423422787124,delta,train,5313,8dd9348,,,,10.333333333333334
gnn_multiedge_full,full,West Roxbury,100.0,100.0,100.0,0.557572860964425,0.3471827663784684,0.5626396432710116,15.890245666503906,7.126742299397787,12.603931903839111,131.12882200194312,132.07918743243226,131.48520903837655,20.053246124278783,9.898408357978193,16.972768132616096,delta,train,4801,8dd9348,,,,13.0
gnn_corrbinary,post_covid,West Roxbury,100.0,86.66666666666667,95.0,0.6076644285348202,0.3148545019481767,0.6033455768908632,17.72842014312744,5.773893626530965,13.245472699403765,154.26095274722044,84.73540367789646,128.18887184622398,20.675663615953788,8.547836799834505,17.163230580481457,delta,train,4801,8dd9348,,,,13.0
lstm,exclude_covid,West Roxbury,96.0,100.0,97.5,0.3924762607148423,0.2848737811495303,0.4486517889579502,17.41563374328613,7.842631810506185,13.825758018493651,138.13282495384553,134.06384077408475,136.60695588643526,21.92689743024351,10.87877275110584,18.570767499933552,level,train,21390,8dd9348,,,,14.666666666666666
arima,exclude_covid,West Roxbury,92.0,100.0,95.0,,,,13.14398428721407,8.397734131150196,11.364140478690116,84.1433342806024,182.1855477850108,120.90916434475557,23.324017327171756,9.207701165856069,19.282097278531975,level,none,,8dd9348,,,,15.333333333333334
arima,post_covid,West Roxbury,96.0,100.0,97.5,,,,12.740468281053676,6.756812756163009,10.496597459219675,72.41971376645506,151.75492765366633,102.17041897415926,23.751413379551263,7.660455940629278,19.354249996081617,level,none,,8dd9348,,,,13.0
dualtopo_no_bg,post_covid,West Roxbury,88.0,100.0,92.5,0.2734769992962082,0.4196457723540123,0.2918788595970509,13.89066234588623,10.460395050048827,12.604312109947204,99.97343328730764,219.11218541048973,144.65046533350093,22.97380232055769,11.119557878541697,19.396880121436492,level,train,479905,8dd9348,,,,16.666666666666668
dualtopo,post_covid,West Roxbury,88.0,100.0,92.5,0.5613093840355063,0.4264016127611077,0.3126459966167716,13.912806282043457,10.52438507080078,12.642148327827451,100.445111351433,220.26892012845036,145.3790396428145,22.966211168005877,11.180155595951804,19.404322696619257,level,train,479905,8dd9348,,,,17.0
dualtopo_fullhistory,full,West Roxbury,84.0,100.0,90.0,-0.0988846647854092,0.3513208064511604,0.100178480862279,12.91248306274414,3.330839888254802,9.319366872310638,52.71155774351238,59.18465234156559,55.13896821778233,25.204595868490305,3.564670437590505,20.04519546691765,level,train,479905,8dd9348,,,,12.333333333333334
seasonal_naive,exclude_covid,West Roxbury,96.0,100.0,97.5,0.1158358097306122,0.1821556403018292,0.253221790574122,20.532000000000004,3.66,14.204999999999998,143.49957615861115,57.30835941794844,111.17786988086264,29.094377463695626,4.909514572066502,23.196777793478127,level,none,0,8dd9348,,,,14.666666666666666
seasonal_naive,post_covid,West Roxbury,96.0,100.0,97.5,0.1158358097306122,0.1821556403018292,0.253221790574122,20.532000000000004,3.66,14.204999999999998,143.49957615861115,57.30835941794844,111.17786988086264,29.094377463695626,4.909514572066502,23.196777793478127,level,none,0,8dd9348,,,,14.666666666666666
lstm,post_covid,West Roxbury,96.0,100.0,97.5,0.3391778612941184,0.3071222926097853,0.4213517837092885,23.24375598144531,10.190032189687091,18.34860955953598,191.2992859042254,161.16630193228144,179.99941691474643,28.13664700745496,15.557036804113771,24.198188740286614,level,train,21390,8dd9348,,,,21.0
persistence,exclude_covid,West Roxbury,100.0,100.0,100.0,0.0670383900679755,-0.1671160712511442,-0.1847098075667165,14.952,14.906666666666665,14.935000000000002,57.47683969817026,304.6803139327601,150.17814253614142,26.801223852652697,22.412823710248254,25.245128242890743,level,none,0,8dd9348,,,,21.0
persistence,post_covid,West Roxbury,100.0,100.0,100.0,0.0670383900679755,-0.1671160712511442,-0.1847098075667165,14.952,14.906666666666665,14.935000000000002,57.47683969817026,304.6803139327601,150.17814253614142,26.801223852652697,22.412823710248254,25.245128242890743,level,none,0,8dd9348,,,,21.0
