model,variant,series,horizon,scope,indicator,segment,level,label,threshold,n_obs,n_events,base_rate,hits,false_alarms,misses,correct_neg,POD,FAR,precision,FPR,CSI,F1,PSS,HSS,MCC,accuracy,frequency_bias,brier,brier_ref,BSS,exact_band,within_one_band,kappa_quadratic,mean_band_error,underpowered
arima,post_covid,arima,1,citywide,CITYWIDE,overall,,bands,,53,,,,,,,,,,,,,,,,,,,,,0.9056603773584906,1.0,0.5046728971962617,-0.09433962264150944,False
arima,post_covid,arima,1,citywide,CITYWIDE,overall,0.5,IT50,35.19412725226089,53,8.0,0.1509433962264151,3.0,0.0,5.0,45.0,0.375,0.0,1.0,0.0,0.375,0.5454545454545454,0.375,0.5046728971962616,0.5809475019311126,0.9056603773584906,0.375,0.06696964440739299,0.12815948736205057,0.47745074683231425,,,,,False
arima,post_covid,arima,1,citywide,CITYWIDE,overall,0.9,IT90,56.071415152332634,53,0.0,0.0,0.0,0.0,0.0,53.0,,,,0.0,,,,,,1.0,,0.00013193382503070913,0.0,,,,,,True
arima,post_covid,arima,1,citywide,CITYWIDE,overall,0.98,IT98,75.53173152268305,53,0.0,0.0,0.0,0.0,0.0,53.0,,,,0.0,,,,,,1.0,,4.5381571734335545e-10,0.0,,,,,,True
arima,post_covid,arima,1,citywide,CITYWIDE,flu_season,,bands,,26,,,,,,,,,,,,,,,,,,,,,0.8076923076923077,1.0,0.45378151260504207,-0.19230769230769232,False
arima,post_covid,arima,1,citywide,CITYWIDE,flu_season,0.5,IT50,35.19412725226089,26,8.0,0.3076923076923077,3.0,0.0,5.0,18.0,0.375,0.0,1.0,0.0,0.375,0.5454545454545454,0.375,0.453781512605042,0.5417363388859614,0.8076923076923077,0.375,0.1364738878640037,0.2130177514792899,0.35933091530509365,,,,,False
arima,post_covid,arima,1,citywide,CITYWIDE,flu_season,0.9,IT90,56.071415152332634,26,0.0,0.0,0.0,0.0,0.0,26.0,,,,0.0,,,,,,1.0,,0.00026894202794597603,0.0,,,,,,True
arima,post_covid,arima,1,citywide,CITYWIDE,flu_season,0.98,IT98,75.53173152268305,26,0.0,0.0,0.0,0.0,0.0,26.0,,,,0.0,,,,,,1.0,,9.25085885353763e-10,0.0,,,,,,True
arima,post_covid,arima,1,pooled,ALL,overall,,bands,,901,,,,,,,,,,,,,,,,,,,,,0.8779134295227525,0.9922308546059934,0.46246709949113896,-0.06437291897891231,False
arima,post_covid,arima,1,pooled,ALL,overall,0.5,IT50,,901,118.0,0.1309655937846837,49.0,28.0,69.0,755.0,0.4152542372881356,0.36363636363636365,0.6363636363636364,0.035759897828863345,0.3356164383561644,0.5025641025641026,0.37949433945927225,0.4451794341143833,0.457950163687964,0.8923418423973363,0.652542372881356,0.07814229652055335,0.11381360702930893,0.31341868024242137,,,,,False
arima,post_covid,arima,1,pooled,ALL,overall,0.9,IT90,,901,17.0,0.018867924528301886,2.0,2.0,15.0,882.0,0.11764705882352941,0.5,0.5,0.0022624434389140274,0.10526315789473684,0.19047619047619047,0.11538461538461538,0.18461538461538463,0.23614148105285496,0.9811320754716981,0.23529411764705882,0.01574346401088096,0.01851192595229619,0.1495501844891418,,,,,False
arima,post_covid,arima,1,pooled,ALL,overall,0.98,IT98,,901,4.0,0.004439511653718091,0.0,0.0,4.0,897.0,0.0,,,0.0,0.0,0.0,0.0,0.0,,0.9955604883462819,0.0,0.0037389253497424287,0.004419802389994593,0.15405146659803426,,,,,True
arima,post_covid,arima,1,pooled,ALL,flu_season,,bands,,442,,,,,,,,,,,,,,,,,,,,,0.7624434389140271,0.9841628959276018,0.41552096582076603,-0.1244343891402715,False
arima,post_covid,arima,1,pooled,ALL,flu_season,0.5,IT50,,442,114.0,0.2579185520361991,49.0,27.0,65.0,301.0,0.4298245614035088,0.35526315789473684,0.6447368421052632,0.08231707317073171,0.3475177304964539,0.5157894736842106,0.34750748823277705,0.3899057792714397,0.4029082647693019,0.7918552036199095,0.6666666666666666,0.14727715800589547,0.19139657255174955,0.23051308577600116,,,,,False
arima,post_covid,arima,1,pooled,ALL,flu_season,0.9,IT90,,442,17.0,0.038461538461538464,2.0,2.0,15.0,423.0,0.11764705882352941,0.5,0.5,0.004705882352941176,0.10526315789473684,0.19047619047619047,0.11294117647058824,0.17843866171003717,0.22935287163239834,0.9615384615384616,0.23529411764705882,0.032060369852181185,0.03698224852071006,0.13308759919702084,,,,,False
arima,post_covid,arima,1,pooled,ALL,flu_season,0.98,IT98,,442,4.0,0.00904977375565611,0.0,0.0,4.0,438.0,0.0,,,0.0,0.0,0.0,0.0,0.0,,0.9909502262443439,0.0,0.007621619264185435,0.008967875350627548,0.15011984821442748,,,,,True
arima,post_covid,arima,1,neighborhood,Agler/Cassidy,overall,,bands,,53,,,,,,,,,,,,,,,,,,,,,0.9056603773584906,1.0,0.4933078393881454,-0.018867924528301886,False
arima,post_covid,arima,1,neighborhood,Agler/Cassidy,overall,0.5,IT50,51.74083078339265,53,6.0,0.11320754716981132,3.0,2.0,3.0,45.0,0.5,0.4,0.6,0.0425531914893617,0.375,0.5454545454545454,0.4574468085106383,0.4933078393881453,0.49586052431552574,0.9056603773584906,0.8333333333333334,0.07520248948652279,0.10039159843360627,0.2509085355757358,,,,,False
arima,post_covid,arima,1,neighborhood,Agler/Cassidy,overall,0.9,IT90,88.48740693700204,53,0.0,0.0,0.0,0.0,0.0,53.0,,,,0.0,,,,,,1.0,,0.0013378340530164872,0.0,,,,,,True
arima,post_covid,arima,1,neighborhood,Agler/Cassidy,overall,0.98,IT98,124.72586226376617,53,0.0,0.0,0.0,0.0,0.0,53.0,,,,0.0,,,,,,1.0,,6.415096342417232e-10,0.0,,,,,,True
arima,post_covid,arima,1,neighborhood,Agler/Cassidy,flu_season,,bands,,26,,,,,,,,,,,,,,,,,,,,,0.8076923076923077,1.0,0.4247787610619469,-0.038461538461538464,False
arima,post_covid,arima,1,neighborhood,Agler/Cassidy,flu_season,0.5,IT50,51.74083078339265,26,6.0,0.23076923076923078,3.0,2.0,3.0,18.0,0.5,0.4,0.6,0.1,0.375,0.5454545454545454,0.4,0.4247787610619469,0.42761798705987897,0.8076923076923077,0.8333333333333334,0.1518219546955169,0.17751479289940827,0.14473632188192143,,,,,False
arima,post_covid,arima,1,neighborhood,Agler/Cassidy,flu_season,0.9,IT90,88.48740693700204,26,0.0,0.0,0.0,0.0,0.0,26.0,,,,0.0,,,,,,1.0,,0.0027271232619107593,0.0,,,,,,True
arima,post_covid,arima,1,neighborhood,Agler/Cassidy,flu_season,0.98,IT98,124.72586226376617,26,0.0,0.0,0.0,0.0,0.0,26.0,,,,0.0,,,,,,1.0,,1.307692715954282e-09,0.0,,,,,,True
arima,post_covid,arima,1,neighborhood,Bexley,overall,,bands,,53,,,,,,,,,,,,,,,,,,,,,0.8490566037735849,0.9622641509433962,0.05799812909260982,-0.16981132075471697,False
arima,post_covid,arima,1,neighborhood,Bexley,overall,0.5,IT50,24.605454693531783,53,8.0,0.1509433962264151,1.0,1.0,7.0,44.0,0.125,0.5,0.5,0.022222222222222223,0.1111111111111111,0.2,0.10277777777777777,0.14859437751004015,0.19308582308458774,0.8490566037735849,0.25,0.11880612836135505,0.12815948736205057,0.0729821817582047,,,,,False
arima,post_covid,arima,1,neighborhood,Bexley,overall,0.9,IT90,37.5430295506582,53,2.0,0.03773584905660377,0.0,0.0,2.0,51.0,0.0,,,0.0,0.0,0.0,0.0,0.0,,0.9622641509433962,0.0,0.038430323947245514,0.03631185475258099,-0.058340980076594606,,,,,True
arima,post_covid,arima,1,neighborhood,Bexley,overall,0.98,IT98,49.19357270883574,53,1.0,0.018867924528301886,0.0,0.0,1.0,52.0,0.0,,,0.0,0.0,0.0,0.0,0.0,,0.9811320754716981,0.0,0.018870296241368816,0.018511925952296185,-0.019358887346250464,,,,,True
arima,post_covid,arima,1,neighborhood,Bexley,flu_season,,bands,,26,,,,,,,,,,,,,,,,,,,,,0.7307692307692307,0.9230769230769231,0.02499999999999991,-0.3076923076923077,False
arima,post_covid,arima,1,neighborhood,Bexley,flu_season,0.5,IT50,24.605454693531783,26,7.0,0.2692307692307692,1.0,1.0,6.0,18.0,0.14285714285714285,0.5,0.5,0.05263157894736842,0.125,0.2222222222222222,0.09022556390977443,0.11650485436893204,0.15018785229652767,0.7307692307692307,0.2857142857142857,0.20229464488815135,0.19674556213017758,-0.028204360484137325,,,,,False
arima,post_covid,arima,1,neighborhood,Bexley,flu_season,0.9,IT90,37.5430295506582,26,2.0,0.07692307692307693,0.0,0.0,2.0,24.0,0.0,,,0.0,0.0,0.0,0.0,0.0,,0.9230769230769231,0.0,0.07833870500327343,0.07100591715976333,-0.10327009546276722,,,,,True
arima,post_covid,arima,1,neighborhood,Bexley,flu_season,0.98,IT98,49.19357270883574,26,1.0,0.038461538461538464,0.0,0.0,1.0,25.0,0.0,,,0.0,0.0,0.0,0.0,0.0,,0.9615384615384616,0.0,0.03846637310740209,0.036982248520710054,-0.040130728824152806,,,,,True
arima,post_covid,arima,1,neighborhood,Clintonville/Near North,overall,,bands,,53,,,,,,,,,,,,,,,,,,,,,0.8113207547169812,0.9811320754716981,0.6500761808024378,-0.05660377358490566,False
arima,post_covid,arima,1,neighborhood,Clintonville/Near North,overall,0.5,IT50,15.728895715230147,53,11.0,0.20754716981132076,8.0,3.0,3.0,39.0,0.7272727272727273,0.2727272727272727,0.7272727272727273,0.07142857142857142,0.5714285714285714,0.7272727272727273,0.6558441558441559,0.6558441558441559,0.6558441558441559,0.8867924528301887,1.0,0.06717959063524594,0.1644713421146316,0.5915422725229312,,,,,False
arima,post_covid,arima,1,neighborhood,Clintonville/Near North,overall,0.9,IT90,22.099499115677975,53,4.0,0.07547169811320754,1.0,1.0,3.0,48.0,0.25,0.5,0.5,0.02040816326530612,0.2,0.3333333333333333,0.22959183673469388,0.2980132450331126,0.31826171024250244,0.9245283018867925,0.5,0.05120570162138824,0.06977572089711641,0.26613869462000217,,,,,True
arima,post_covid,arima,1,neighborhood,Clintonville/Near North,overall,0.98,IT98,27.469599865392972,53,1.0,0.018867924528301886,0.0,0.0,1.0,52.0,0.0,,,0.0,0.0,0.0,0.0,0.0,,0.9811320754716981,0.0,0.01929133786194527,0.018511925952296185,-0.04210323181162079,,,,,True
arima,post_covid,arima,1,neighborhood,Clintonville/Near North,flu_season,,bands,,26,,,,,,,,,,,,,,,,,,,,,0.6153846153846154,0.9615384615384616,0.5517241379310346,-0.11538461538461539,False
arima,post_covid,arima,1,neighborhood,Clintonville/Near North,flu_season,0.5,IT50,15.728895715230147,26,11.0,0.4230769230769231,8.0,3.0,3.0,12.0,0.7272727272727273,0.2727272727272727,0.7272727272727273,0.2,0.5714285714285714,0.7272727272727273,0.5272727272727273,0.5272727272727272,0.5272727272727272,0.7692307692307693,1.0,0.12997568819591973,0.24408284023668633,0.46749354411853483,,,,,False
arima,post_covid,arima,1,neighborhood,Clintonville/Near North,flu_season,0.9,IT90,22.099499115677975,26,4.0,0.15384615384615385,1.0,1.0,3.0,21.0,0.25,0.5,0.5,0.045454545454545456,0.2,0.3333333333333333,0.20454545454545453,0.2571428571428571,0.27695585470349865,0.8461538461538461,0.5,0.10430506680035961,0.13017751479289943,0.19874744139723766,,,,,True
arima,post_covid,arima,1,neighborhood,Clintonville/Near North,flu_season,0.98,IT98,27.469599865392972,26,1.0,0.038461538461538464,0.0,0.0,1.0,25.0,0.0,,,0.0,0.0,0.0,0.0,0.0,,0.9615384615384616,0.0,0.03932430942239944,0.036982248520710054,-0.06332932678168102,,,,,True
arima,post_covid,arima,1,neighborhood,Dublin,overall,,bands,,53,,,,,,,,,,,,,,,,,,,,,0.8679245283018868,1.0,0.5720876585928489,-0.05660377358490566,False
arima,post_covid,arima,1,neighborhood,Dublin,overall,0.5,IT50,8.038849454818003,53,9.0,0.16981132075471697,5.0,2.0,4.0,42.0,0.5555555555555556,0.2857142857142857,0.7142857142857143,0.045454545454545456,0.45454545454545453,0.625,0.5101010101010102,0.5595567867036011,0.5656865340308743,0.8867924528301887,0.7777777777777778,0.08946747690642219,0.14097543609825564,0.36536832669156594,,,,,False
arima,post_covid,arima,1,neighborhood,Dublin,overall,0.9,IT90,14.1626396504559,53,1.0,0.018867924528301886,0.0,0.0,1.0,52.0,0.0,,,0.0,0.0,0.0,0.0,0.0,,0.9811320754716981,0.0,0.01717752223070453,0.018511925952296185,0.07208346257598008,,,,,True
arima,post_covid,arima,1,neighborhood,Dublin,overall,0.98,IT98,20.345693253667104,53,0.0,0.0,0.0,0.0,0.0,53.0,,,,0.0,,,,,,1.0,,0.00017159765127207658,0.0,,,,,,True
arima,post_covid,arima,1,neighborhood,Dublin,flu_season,,bands,,26,,,,,,,,,,,,,,,,,,,,,0.7692307692307693,1.0,0.5438596491228072,-0.07692307692307693,False
arima,post_covid,arima,1,neighborhood,Dublin,flu_season,0.5,IT50,8.038849454818003,26,8.0,0.3076923076923077,5.0,2.0,3.0,16.0,0.625,0.2857142857142857,0.7142857142857143,0.1111111111111111,0.5,0.6666666666666666,0.5138888888888888,0.5323741007194245,0.534717814539874,0.8076923076923077,0.875,0.13788324478595465,0.21301775147928986,0.35271476753260156,,,,,False
arima,post_covid,arima,1,neighborhood,Dublin,flu_season,0.9,IT90,14.1626396504559,26,1.0,0.038461538461538464,0.0,0.0,1.0,25.0,0.0,,,0.0,0.0,0.0,0.0,0.0,,0.9615384615384616,0.0,0.034717038990800565,0.036982248520710054,0.06125126568875261,,,,,True
arima,post_covid,arima,1,neighborhood,Dublin,flu_season,0.98,IT98,20.345693253667104,26,0.0,0.0,0.0,0.0,0.0,26.0,,,,0.0,,,,,,1.0,,0.00034955361712556463,0.0,,,,,,True
arima,post_covid,arima,1,neighborhood,Eastside,overall,,bands,,53,,,,,,,,,,,,,,,,,,,,,0.8867924528301887,0.9811320754716981,0.24644549763033186,-0.05660377358490566,False
arima,post_covid,arima,1,neighborhood,Eastside,overall,0.5,IT50,53.89825474693718,53,6.0,0.11320754716981132,2.0,2.0,4.0,45.0,0.3333333333333333,0.5,0.5,0.0425531914893617,0.25,0.4,0.2907801418439716,0.34024896265560167,0.3487877814455994,0.8867924528301887,0.6666666666666666,0.10374406863933325,0.10039159843360627,-0.033393931942862,,,,,False
arima,post_covid,arima,1,neighborhood,Eastside,overall,0.9,IT90,89.53274062296502,53,1.0,0.018867924528301886,0.0,0.0,1.0,52.0,0.0,,,0.0,0.0,0.0,0.0,0.0,,0.9811320754716981,0.0,0.018988704720957476,0.018511925952296185,-0.025755222330184013,,,,,True
arima,post_covid,arima,1,neighborhood,Eastside,overall,0.98,IT98,123.87134674281285,53,0.0,0.0,0.0,0.0,0.0,53.0,,,,0.0,,,,,,1.0,,7.491392971973928e-13,0.0,,,,,,True
arima,post_covid,arima,1,neighborhood,Eastside,flu_season,,bands,,26,,,,,,,,,,,,,,,,,,,,,0.7692307692307693,0.9615384615384616,0.17021276595744683,-0.11538461538461539,False
arima,post_covid,arima,1,neighborhood,Eastside,flu_season,0.5,IT50,53.89825474693718,26,6.0,0.23076923076923078,2.0,2.0,4.0,18.0,0.3333333333333333,0.5,0.5,0.1,0.25,0.4,0.2333333333333333,0.2641509433962264,0.27247463045653303,0.7692307692307693,0.6666666666666666,0.2112839849916604,0.17751479289940827,-0.19023311545302035,,,,,False
arima,post_covid,arima,1,neighborhood,Eastside,flu_season,0.9,IT90,89.53274062296502,26,1.0,0.038461538461538464,0.0,0.0,1.0,25.0,0.0,,,0.0,0.0,0.0,0.0,0.0,,0.9615384615384616,0.0,0.03870774423887484,0.036982248520710054,-0.04665740421917586,,,,,True
arima,post_covid,arima,1,neighborhood,Eastside,flu_season,0.98,IT98,123.87134674281285,26,0.0,0.0,0.0,0.0,0.0,26.0,,,,0.0,,,,,,1.0,,1.527091644286993e-12,0.0,,,,,,True
arima,post_covid,arima,1,neighborhood,Far East,overall,,bands,,53,,,,,,,,,,,,,,,,,,,,,0.9056603773584906,1.0,0.5155393053016454,-0.05660377358490566,False
arima,post_covid,arima,1,neighborhood,Far East,overall,0.5,IT50,76.01095931639992,53,5.0,0.09433962264150944,2.0,1.0,3.0,47.0,0.4,0.3333333333333333,0.6666666666666666,0.020833333333333332,0.3333333333333333,0.5,0.3791666666666667,0.4619289340101523,0.47961211179220425,0.9245283018867925,0.6,0.04461180169049688,0.08543965824136704,0.47785603771414276,,,,,False
arima,post_covid,arima,1,neighborhood,Far East,overall,0.9,IT90,119.58175049878095,53,1.0,0.018867924528301886,0.0,0.0,1.0,52.0,0.0,,,0.0,0.0,0.0,0.0,0.0,,0.9811320754716981,0.0,0.011663343067005795,0.018511925952296185,0.36995517932270605,,,,,True
arima,post_covid,arima,1,neighborhood,Far East,overall,0.98,IT98,159.7885780471188,53,0.0,0.0,0.0,0.0,0.0,53.0,,,,0.0,,,,,,1.0,,6.484660002888724e-10,0.0,,,,,,True
arima,post_covid,arima,1,neighborhood,Far East,flu_season,,bands,,26,,,,,,,,,,,,,,,,,,,,,0.8076923076923077,1.0,0.4800000000000001,-0.11538461538461539,False
arima,post_covid,arima,1,neighborhood,Far East,flu_season,0.5,IT50,76.01095931639992,26,5.0,0.19230769230769232,2.0,1.0,3.0,20.0,0.4,0.3333333333333333,0.6666666666666666,0.047619047619047616,0.3333333333333333,0.5,0.3523809523809524,0.4157303370786517,0.4346928823909822,0.8461538461538461,0.6,0.0909202622670846,0.15532544378698226,0.41464669245191255,,,,,False
arima,post_covid,arima,1,neighborhood,Far East,flu_season,0.9,IT90,119.58175049878095,26,1.0,0.038461538461538464,0.0,0.0,1.0,25.0,0.0,,,0.0,0.0,0.0,0.0,0.0,,0.9615384615384616,0.0,0.02377527625197335,0.036982248520710054,0.3571165301466406,,,,,True
arima,post_covid,arima,1,neighborhood,Far East,flu_season,0.98,IT98,159.7885780471188,26,0.0,0.0,0.0,0.0,0.0,26.0,,,,0.0,,,,,,1.0,,1.3218730005888552e-09,0.0,,,,,,True
arima,post_covid,arima,1,neighborhood,Far South,overall,,bands,,53,,,,,,,,,,,,,,,,,,,,,0.8301886792452831,1.0,0.09487666034155595,-0.05660377358490566,False
arima,post_covid,arima,1,neighborhood,Far South,overall,0.5,IT50,69.7066330370401,53,7.0,0.1320754716981132,1.0,3.0,6.0,43.0,0.14285714285714285,0.75,0.25,0.06521739130434782,0.1,0.18181818181818182,0.07763975155279502,0.09487666034155598,0.099513966531313,0.8301886792452831,0.5714285714285714,0.14069139263871078,0.11463154147383411,-0.22733578236688978,,,,,False
arima,post_covid,arima,1,neighborhood,Far South,overall,0.9,IT90,121.95949130896,53,0.0,0.0,0.0,0.0,0.0,53.0,,,,0.0,,,,,,1.0,,2.2213617157370575e-08,0.0,,,,,,True
arima,post_covid,arima,1,neighborhood,Far South,overall,0.98,IT98,174.42921640712913,53,0.0,0.0,0.0,0.0,0.0,53.0,,,,0.0,,,,,,1.0,,3.938992738641837e-28,0.0,,,,,,True
arima,post_covid,arima,1,neighborhood,Far South,flu_season,,bands,,26,,,,,,,,,,,,,,,,,,,,,0.6538461538461539,1.0,-0.017391304347825987,-0.11538461538461539,False
arima,post_covid,arima,1,neighborhood,Far South,flu_season,0.5,IT50,69.7066330370401,26,7.0,0.2692307692307692,1.0,3.0,6.0,16.0,0.14285714285714285,0.75,0.25,0.15789473684210525,0.1,0.18181818181818182,-0.015037593984962405,-0.017391304347826087,-0.01848684666616339,0.6538461538461539,0.5714285714285714,0.2867937388823202,0.19674556213017758,-0.4576884773266796,,,,,False
arima,post_covid,arima,1,neighborhood,Far South,flu_season,0.9,IT90,121.95949130896,26,0.0,0.0,0.0,0.0,0.0,26.0,,,,0.0,,,,,,1.0,,4.528160420540925e-08,0.0,,,,,,True
arima,post_covid,arima,1,neighborhood,Far South,flu_season,0.98,IT98,174.42921640712913,26,0.0,0.0,0.0,0.0,0.0,26.0,,,,0.0,,,,,,1.0,,8.029485198000669e-28,0.0,,,,,,True
arima,post_covid,arima,1,neighborhood,Far Southeast,overall,,bands,,53,,,,,,,,,,,,,,,,,,,,,0.9056603773584906,1.0,0.24501424501424507,-0.05660377358490566,False
arima,post_covid,arima,1,neighborhood,Far Southeast,overall,0.5,IT50,10.956265259525463,53,5.0,0.09433962264150944,1.0,1.0,4.0,47.0,0.2,0.5,0.5,0.020833333333333332,0.16666666666666666,0.2857142857142857,0.17916666666666667,0.245014245014245,0.2748291210036411,0.9056603773584906,0.4,0.07231607044026037,0.08543965824136704,0.15360065888878605,,,,,False
arima,post_covid,arima,1,neighborhood,Far Southeast,overall,0.9,IT90,18.40391015194404,53,0.0,0.0,0.0,0.0,0.0,53.0,,,,0.0,,,,,,1.0,,0.00046520628348819285,0.0,,,,,,True
arima,post_covid,arima,1,neighborhood,Far Southeast,overall,0.98,IT98,25.644566505740826,53,0.0,0.0,0.0,0.0,0.0,53.0,,,,0.0,,,,,,1.0,,4.808515366712007e-07,0.0,,,,,,True
arima,post_covid,arima,1,neighborhood,Far Southeast,flu_season,,bands,,26,,,,,,,,,,,,,,,,,,,,,0.8076923076923077,1.0,0.19753086419753085,-0.11538461538461539,False
arima,post_covid,arima,1,neighborhood,Far Southeast,flu_season,0.5,IT50,10.956265259525463,26,5.0,0.19230769230769232,1.0,1.0,4.0,20.0,0.2,0.5,0.5,0.047619047619047616,0.16666666666666666,0.2857142857142857,0.1523809523809524,0.19753086419753085,0.2253744679276044,0.8076923076923077,0.4,0.13875426839844648,0.15532544378698226,0.10668680535857322,,,,,False
arima,post_covid,arima,1,neighborhood,Far Southeast,flu_season,0.9,IT90,18.40391015194404,26,0.0,0.0,0.0,0.0,0.0,26.0,,,,0.0,,,,,,1.0,,0.0009429224587314168,0.0,,,,,,True
arima,post_covid,arima,1,neighborhood,Far Southeast,flu_season,0.98,IT98,25.644566505740826,26,0.0,0.0,0.0,0.0,0.0,26.0,,,,0.0,,,,,,1.0,,9.801495031711623e-07,0.0,,,,,,True
arima,post_covid,arima,1,neighborhood,Far Southwest,overall,,bands,,53,,,,,,,,,,,,,,,,,,,,,0.9433962264150944,1.0,0.6361556064073228,-0.018867924528301886,False
arima,post_covid,arima,1,neighborhood,Far Southwest,overall,0.5,IT50,34.041053932580134,53,5.0,0.09433962264150944,3.0,1.0,2.0,47.0,0.6,0.25,0.75,0.020833333333333332,0.5,0.6666666666666666,0.5791666666666666,0.6361556064073226,0.6408865299081321,0.9433962264150944,0.8,0.030650480253093193,0.08543965824136704,0.6412616707044217,,,,,False
arima,post_covid,arima,1,neighborhood,Far Southwest,overall,0.9,IT90,54.68112356483704,53,0.0,0.0,0.0,0.0,0.0,53.0,,,,0.0,,,,,,1.0,,0.0004418862631416149,0.0,,,,,,True
arima,post_covid,arima,1,neighborhood,Far Southwest,overall,0.98,IT98,74.04650918881951,53,0.0,0.0,0.0,0.0,0.0,53.0,,,,0.0,,,,,,1.0,,4.357769264222883e-09,0.0,,,,,,True
arima,post_covid,arima,1,neighborhood,Far Southwest,flu_season,,bands,,26,,,,,,,,,,,,,,,,,,,,,0.8846153846153846,1.0,0.5979381443298969,-0.038461538461538464,False
arima,post_covid,arima,1,neighborhood,Far Southwest,flu_season,0.5,IT50,34.041053932580134,26,5.0,0.19230769230769232,3.0,1.0,2.0,20.0,0.6,0.25,0.75,0.047619047619047616,0.5,0.6666666666666666,0.5523809523809524,0.5979381443298969,0.6033815244679472,0.8846153846153846,0.8,0.06247662026549731,0.15532544378698226,0.5977695685764174,,,,,False
arima,post_covid,arima,1,neighborhood,Far Southwest,flu_season,0.9,IT90,54.68112356483704,26,0.0,0.0,0.0,0.0,0.0,26.0,,,,0.0,,,,,,1.0,,0.0009007681517886741,0.0,,,,,,True
arima,post_covid,arima,1,neighborhood,Far Southwest,flu_season,0.98,IT98,74.04650918881951,26,0.0,0.0,0.0,0.0,0.0,26.0,,,,0.0,,,,,,1.0,,8.883145038608184e-09,0.0,,,,,,True
arima,post_covid,arima,1,neighborhood,Hilliard,overall,,bands,,53,,,,,,,,,,,,,,,,,,,,,0.8679245283018868,1.0,0.1952277657266811,-0.1320754716981132,False
arima,post_covid,arima,1,neighborhood,Hilliard,overall,0.5,IT50,19.24134804712757,53,8.0,0.1509433962264151,1.0,0.0,7.0,45.0,0.125,0.0,1.0,0.0,0.125,0.2222222222222222,0.125,0.19522776572668113,0.3288967572401359,0.8679245283018868,0.125,0.08780660392419545,0.12815948736205057,0.31486458215815283,,,,,False
arima,post_covid,arima,1,neighborhood,Hilliard,overall,0.9,IT90,34.52709434950146,53,0.0,0.0,0.0,0.0,0.0,53.0,,,,0.0,,,,,,1.0,,3.383938484894054e-05,0.0,,,,,,True
arima,post_covid,arima,1,neighborhood,Hilliard,overall,0.98,IT98,50.186768532537315,53,0.0,0.0,0.0,0.0,0.0,53.0,,,,0.0,,,,,,1.0,,1.767476249109521e-11,0.0,,,,,,True
arima,post_covid,arima,1,neighborhood,Hilliard,flu_season,,bands,,26,,,,,,,,,,,,,,,,,,,,,0.7307692307692307,1.0,0.1651376146788992,-0.2692307692307692,False
arima,post_covid,arima,1,neighborhood,Hilliard,flu_season,0.5,IT50,19.24134804712757,26,8.0,0.3076923076923077,1.0,0.0,7.0,18.0,0.125,0.0,1.0,0.0,0.125,0.2222222222222222,0.125,0.1651376146788991,0.3,0.7307692307692307,0.125,0.1748148994590068,0.21301775147928986,0.17934116642855114,,,,,False
arima,post_covid,arima,1,neighborhood,Hilliard,flu_season,0.9,IT90,34.52709434950146,26,0.0,0.0,0.0,0.0,0.0,26.0,,,,0.0,,,,,,1.0,,6.897269849027002e-05,0.0,,,,,,True
arima,post_covid,arima,1,neighborhood,Hilliard,flu_season,0.98,IT98,50.186768532537315,26,0.0,0.0,0.0,0.0,0.0,26.0,,,,0.0,,,,,,1.0,,3.602932350724717e-11,0.0,,,,,,True
arima,post_covid,arima,1,neighborhood,Linden,overall,,bands,,53,,,,,,,,,,,,,,,,,,,,,0.9056603773584906,1.0,0.49715370018975336,-0.05660377358490566,False
arima,post_covid,arima,1,neighborhood,Linden,overall,0.5,IT50,53.62727596624066,53,7.0,0.1320754716981132,3.0,1.0,4.0,45.0,0.42857142857142855,0.25,0.75,0.021739130434782608,0.375,0.5454545454545454,0.40683229813664595,0.4971537001897533,0.5214531846240801,0.9056603773584906,0.5714285714285714,0.05692648310049261,0.1146315414738341,0.5033959905922865,,,,,False
arima,post_covid,arima,1,neighborhood,Linden,overall,0.9,IT90,82.61523156370409,53,0.0,0.0,0.0,0.0,0.0,53.0,,,,0.0,,,,,,1.0,,9.911951172094036e-05,0.0,,,,,,True
arima,post_covid,arima,1,neighborhood,Linden,overall,0.98,IT98,108.92078323683364,53,0.0,0.0,0.0,0.0,0.0,53.0,,,,0.0,,,,,,1.0,,9.523239256948358e-11,0.0,,,,,,True
arima,post_covid,arima,1,neighborhood,Linden,flu_season,,bands,,26,,,,,,,,,,,,,,,,,,,,,0.8076923076923077,1.0,0.4347826086956522,-0.11538461538461539,False
arima,post_covid,arima,1,neighborhood,Linden,flu_season,0.5,IT50,53.62727596624066,26,7.0,0.2692307692307692,3.0,1.0,4.0,18.0,0.42857142857142855,0.25,0.75,0.05263157894736842,0.375,0.5454545454545454,0.37593984962406013,0.43478260869565216,0.46217116665408475,0.8076923076923077,0.5714285714285714,0.11603620803414073,0.19674556213017758,0.41022198021745027,,,,,False
arima,post_covid,arima,1,neighborhood,Linden,flu_season,0.9,IT90,82.61523156370409,26,0.0,0.0,0.0,0.0,0.0,26.0,,,,0.0,,,,,,1.0,,0.0002020513123542243,0.0,,,,,,True
arima,post_covid,arima,1,neighborhood,Linden,flu_season,0.98,IT98,108.92078323683364,26,0.0,0.0,0.0,0.0,0.0,26.0,,,,0.0,,,,,,1.0,,1.9412756946856265e-10,0.0,,,,,,True
arima,post_covid,arima,1,neighborhood,NE Suburban,overall,,bands,,53,,,,,,,,,,,,,,,,,,,,,0.9245283018867925,0.9811320754716981,0.41017488076311626,-0.018867924528301886,False
arima,post_covid,arima,1,neighborhood,NE Suburban,overall,0.5,IT50,27.312493683860776,53,5.0,0.09433962264150944,3.0,2.0,2.0,46.0,0.6,0.4,0.6,0.041666666666666664,0.42857142857142855,0.6,0.5583333333333333,0.5583333333333333,0.5583333333333333,0.9245283018867925,1.0,0.04592992051182547,0.08543965824136704,0.4624285553428428,,,,,False
arima,post_covid,arima,1,neighborhood,NE Suburban,overall,0.9,IT90,41.22759712033061,53,1.0,0.018867924528301886,0.0,0.0,1.0,52.0,0.0,,,0.0,0.0,0.0,0.0,0.0,,0.9811320754716981,0.0,0.02198487988575127,0.018511925952296185,-0.18760629998221812,,,,,True
arima,post_covid,arima,1,neighborhood,NE Suburban,overall,0.98,IT98,53.6511443833241,53,0.0,0.0,0.0,0.0,0.0,53.0,,,,0.0,,,,,,1.0,,3.69628873216995e-05,0.0,,,,,,True
arima,post_covid,arima,1,neighborhood,NE Suburban,flu_season,,bands,,26,,,,,,,,,,,,,,,,,,,,,0.8461538461538461,0.9615384615384616,0.3453237410071942,-0.038461538461538464,False
arima,post_covid,arima,1,neighborhood,NE Suburban,flu_season,0.5,IT50,27.312493683860776,26,5.0,0.19230769230769232,3.0,2.0,2.0,19.0,0.6,0.4,0.6,0.09523809523809523,0.42857142857142855,0.6,0.5047619047619047,0.5047619047619047,0.5047619047619047,0.8461538461538461,1.0,0.09343154528262364,0.15532544378698226,0.3984788132280612,,,,,False
arima,post_covid,arima,1,neighborhood,NE Suburban,flu_season,0.9,IT90,41.22759712033061,26,1.0,0.038461538461538464,0.0,0.0,1.0,25.0,0.0,,,0.0,0.0,0.0,0.0,0.0,,0.9615384615384616,0.0,0.04481533195522588,0.036982248520710054,-0.21180657606930797,,,,,True
arima,post_covid,arima,1,neighborhood,NE Suburban,flu_season,0.98,IT98,53.6511443833241,26,0.0,0.0,0.0,0.0,0.0,26.0,,,,0.0,,,,,,1.0,,7.534742415577192e-05,0.0,,,,,,True
arima,post_covid,arima,1,neighborhood,Northland,overall,,bands,,53,,,,,,,,,,,,,,,,,,,,,0.9245283018867925,1.0,0.46192893401015245,-0.03773584905660377,False
arima,post_covid,arima,1,neighborhood,Northland,overall,0.5,IT50,56.127661353876796,53,5.0,0.09433962264150944,2.0,1.0,3.0,47.0,0.4,0.3333333333333333,0.6666666666666666,0.020833333333333332,0.3333333333333333,0.5,0.3791666666666667,0.4619289340101523,0.47961211179220425,0.9245283018867925,0.6,0.05895405711443916,0.08543965824136704,0.30999188985641846,,,,,False
arima,post_covid,arima,1,neighborhood,Northland,overall,0.9,IT90,89.91407794411414,53,0.0,0.0,0.0,0.0,0.0,53.0,,,,0.0,,,,,,1.0,,6.111151368364146e-07,0.0,,,,,,True
arima,post_covid,arima,1,neighborhood,Northland,overall,0.98,IT98,121.54516325409915,53,0.0,0.0,0.0,0.0,0.0,53.0,,,,0.0,,,,,,1.0,,5.054169267580008e-18,0.0,,,,,,True
arima,post_covid,arima,1,neighborhood,Northland,flu_season,,bands,,26,,,,,,,,,,,,,,,,,,,,,0.8461538461538461,1.0,0.4157303370786516,-0.07692307692307693,False
arima,post_covid,arima,1,neighborhood,Northland,flu_season,0.5,IT50,56.127661353876796,26,5.0,0.19230769230769232,2.0,1.0,3.0,20.0,0.4,0.3333333333333333,0.6666666666666666,0.047619047619047616,0.3333333333333333,0.5,0.3523809523809524,0.4157303370786517,0.4346928823909822,0.8461538461538461,0.6,0.12015335838236729,0.15532544378698226,0.22644123555733064,,,,,False
arima,post_covid,arima,1,neighborhood,Northland,flu_season,0.9,IT90,89.91407794411414,26,0.0,0.0,0.0,0.0,0.0,26.0,,,,0.0,,,,,,1.0,,1.245734702012676e-06,0.0,,,,,,True
arima,post_covid,arima,1,neighborhood,Northland,flu_season,0.98,IT98,121.54516325409915,26,0.0,0.0,0.0,0.0,0.0,26.0,,,,0.0,,,,,,1.0,,1.0302729660836171e-17,0.0,,,,,,True
arima,post_covid,arima,1,neighborhood,UA/Grandview,overall,,bands,,53,,,,,,,,,,,,,,,,,,,,,0.9056603773584906,1.0,0.39359267734553793,-0.018867924528301886,False
arima,post_covid,arima,1,neighborhood,UA/Grandview,overall,0.5,IT50,8.143164584776198,53,5.0,0.09433962264150944,2.0,2.0,3.0,46.0,0.4,0.5,0.5,0.041666666666666664,0.2857142857142857,0.4444444444444444,0.35833333333333334,0.39359267734553777,0.3965197235402832,0.9056603773584906,0.8,0.07301557181739697,0.08543965824136704,0.14541357818721634,,,,,False
arima,post_covid,arima,1,neighborhood,UA/Grandview,overall,0.9,IT90,16.706142473783938,53,0.0,0.0,0.0,0.0,0.0,53.0,,,,0.0,,,,,,1.0,,0.0008598210694549367,0.0,,,,,,True
arima,post_covid,arima,1,neighborhood,UA/Grandview,overall,0.98,IT98,26.455007113900507,53,0.0,0.0,0.0,0.0,0.0,53.0,,,,0.0,,,,,,1.0,,1.5417411176284136e-07,0.0,,,,,,True
arima,post_covid,arima,1,neighborhood,UA/Grandview,flu_season,,bands,,26,,,,,,,,,,,,,,,,,,,,,0.8076923076923077,1.0,0.3298969072164949,-0.038461538461538464,False
arima,post_covid,arima,1,neighborhood,UA/Grandview,flu_season,0.5,IT50,8.143164584776198,26,5.0,0.19230769230769232,2.0,2.0,3.0,19.0,0.4,0.5,0.5,0.09523809523809523,0.2857142857142857,0.4444444444444444,0.3047619047619048,0.32989690721649484,0.3329001514305916,0.8076923076923077,0.8,0.13323443683812985,0.15532544378698226,0.14222400664213553,,,,,False
arima,post_covid,arima,1,neighborhood,UA/Grandview,flu_season,0.9,IT90,16.706142473783938,26,0.0,0.0,0.0,0.0,0.0,26.0,,,,0.0,,,,,,1.0,,0.0017517677426469767,0.0,,,,,,True
arima,post_covid,arima,1,neighborhood,UA/Grandview,flu_season,0.98,IT98,26.455007113900507,26,0.0,0.0,0.0,0.0,0.0,26.0,,,,0.0,,,,,,1.0,,3.1427799485421315e-07,0.0,,,,,,True
arima,post_covid,arima,1,neighborhood,West,overall,,bands,,53,,,,,,,,,,,,,,,,,,,,,0.9245283018867925,1.0,-0.029126213592232775,-0.03773584905660377,False
arima,post_covid,arima,1,neighborhood,West,overall,0.5,IT50,73.15037971354549,53,3.0,0.05660377358490566,0.0,1.0,3.0,49.0,0.0,1.0,0.0,0.02,0.0,0.0,-0.02,-0.02912621359223301,-0.03396831102433787,0.9245283018867925,0.3333333333333333,0.05728215165599587,0.05339978640085441,-0.07270376001128254,,,,,True
arima,post_covid,arima,1,neighborhood,West,overall,0.9,IT90,114.1022318647041,53,0.0,0.0,0.0,0.0,0.0,53.0,,,,0.0,,,,,,1.0,,1.8171432123390983e-09,0.0,,,,,,True
arima,post_covid,arima,1,neighborhood,West,overall,0.98,IT98,151.63555393306305,53,0.0,0.0,0.0,0.0,0.0,53.0,,,,0.0,,,,,,1.0,,7.112905417092822e-24,0.0,,,,,,True
arima,post_covid,arima,1,neighborhood,West,flu_season,,bands,,26,,,,,,,,,,,,,,,,,,,,,0.8461538461538461,1.0,-0.061224489795918435,-0.07692307692307693,False
arima,post_covid,arima,1,neighborhood,West,flu_season,0.5,IT50,73.15037971354549,26,3.0,0.11538461538461539,0.0,1.0,3.0,22.0,0.0,1.0,0.0,0.043478260869565216,0.0,0.0,-0.043478260869565216,-0.061224489795918366,-0.07223151185146152,0.8461538461538461,0.3333333333333333,0.1167674290496464,0.10207100591715977,-0.14398234837044876,,,,,True
arima,post_covid,arima,1,neighborhood,West,flu_season,0.9,IT90,114.1022318647041,26,0.0,0.0,0.0,0.0,0.0,26.0,,,,0.0,,,,,,1.0,,3.7041765482297e-09,0.0,,,,,,True
arima,post_covid,arima,1,neighborhood,West,flu_season,0.98,IT98,151.63555393306305,26,0.0,0.0,0.0,0.0,0.0,26.0,,,,0.0,,,,,,1.0,,1.4499384119458443e-23,0.0,,,,,,True
arima,post_covid,arima,1,neighborhood,Westerville,overall,,bands,,53,,,,,,,,,,,,,,,,,,,,,0.8490566037735849,0.9811320754716981,0.29674306393244876,-0.09433962264150944,False
arima,post_covid,arima,1,neighborhood,Westerville,overall,0.5,IT50,24.33364195874595,53,7.0,0.1320754716981132,2.0,2.0,5.0,44.0,0.2857142857142857,0.5,0.5,0.043478260869565216,0.2222222222222222,0.36363636363636365,0.24223602484472048,0.29601518026565465,0.31048357557769657,0.8679245283018868,0.5714285714285714,0.07552749673297432,0.1146315414738341,0.34112814185427054,,,,,False
arima,post_covid,arima,1,neighborhood,Westerville,overall,0.9,IT90,36.408491039457616,53,2.0,0.03773584905660377,0.0,0.0,2.0,51.0,0.0,,,0.0,0.0,0.0,0.0,0.0,,0.9622641509433962,0.0,0.033359116590877036,0.03631185475258099,0.08131609310025889,,,,,True
arima,post_covid,arima,1,neighborhood,Westerville,overall,0.98,IT98,47.11324141772458,53,0.0,0.0,0.0,0.0,0.0,53.0,,,,0.0,,,,,,1.0,,0.0002055334675128392,0.0,,,,,,True
arima,post_covid,arima,1,neighborhood,Westerville,flu_season,,bands,,26,,,,,,,,,,,,,,,,,,,,,0.6923076923076923,0.9615384615384616,0.22702702702702693,-0.19230769230769232,False
arima,post_covid,arima,1,neighborhood,Westerville,flu_season,0.5,IT50,24.33364195874595,26,7.0,0.2692307692307692,2.0,2.0,5.0,17.0,0.2857142857142857,0.5,0.5,0.10526315789473684,0.2222222222222222,0.36363636363636365,0.18045112781954886,0.20869565217391303,0.2218421599939607,0.7307692307692307,0.5714285714285714,0.1532472798144484,0.19674556213017758,0.22108901387543534,,,,,False
arima,post_covid,arima,1,neighborhood,Westerville,flu_season,0.9,IT90,36.408491039457616,26,2.0,0.07692307692307693,0.0,0.0,2.0,24.0,0.0,,,0.0,0.0,0.0,0.0,0.0,,0.9230769230769231,0.0,0.06800126416138483,0.07100591715976333,0.0423155297271639,,,,,True
arima,post_covid,arima,1,neighborhood,Westerville,flu_season,0.98,IT98,47.11324141772458,26,0.0,0.0,0.0,0.0,0.0,26.0,,,,0.0,,,,,,1.0,,0.00041897206838933015,0.0,,,,,,True
arima,post_covid,arima,1,neighborhood,Worthington,overall,,bands,,53,,,,,,,,,,,,,,,,,,,,,0.7169811320754716,0.9811320754716981,0.616867469879518,-0.1509433962264151,False
arima,post_covid,arima,1,neighborhood,Worthington,overall,0.5,IT50,13.721631551906164,53,16.0,0.3018867924528302,10.0,3.0,6.0,34.0,0.625,0.23076923076923078,0.7692307692307693,0.08108108108108109,0.5263157894736842,0.6896551724137931,0.5439189189189189,0.5744870651204282,0.5803544869830254,0.8301886792452831,0.8125,0.13030725694064685,0.21075115699537203,0.38170087036101863,,,,,False
arima,post_covid,arima,1,neighborhood,Worthington,overall,0.9,IT90,22.978569674557114,53,5.0,0.09433962264150944,1.0,1.0,4.0,47.0,0.2,0.5,0.5,0.020833333333333332,0.16666666666666666,0.2857142857142857,0.17916666666666667,0.245014245014245,0.2748291210036411,0.9056603773584906,0.4,0.07159095440947809,0.08543965824136704,0.1620875377657336,,,,,False
arima,post_covid,arima,1,neighborhood,Worthington,overall,0.98,IT98,31.956357603850087,53,2.0,0.03773584905660377,0.0,0.0,2.0,51.0,0.0,,,0.0,0.0,0.0,0.0,0.0,,0.9622641509433962,0.0,0.02498536204915096,0.03631185475258099,0.311922725528774,,,,,True
arima,post_covid,arima,1,neighborhood,Worthington,flu_season,,bands,,26,,,,,,,,,,,,,,,,,,,,,0.5384615384615384,0.9615384615384616,0.563758389261745,-0.2692307692307692,False
arima,post_covid,arima,1,neighborhood,Worthington,flu_season,0.5,IT50,13.721631551906164,26,14.0,0.5384615384615384,10.0,2.0,4.0,10.0,0.7142857142857143,0.16666666666666666,0.8333333333333334,0.16666666666666666,0.625,0.7692307692307693,0.5476190476190477,0.5411764705882353,0.5476190476190477,0.7692307692307693,0.8571428571428571,0.18382212186930857,0.24852071005917165,0.2603347953354014,,,,,False
arima,post_covid,arima,1,neighborhood,Worthington,flu_season,0.9,IT90,22.978569674557114,26,5.0,0.19230769230769232,1.0,1.0,4.0,20.0,0.2,0.5,0.5,0.047619047619047616,0.16666666666666666,0.2857142857142857,0.1523809523809524,0.19753086419753085,0.2253744679276044,0.8076923076923077,0.4,0.14577095973878254,0.15532544378698226,0.06151267825317153,,,,,False
arima,post_covid,arima,1,neighborhood,Worthington,flu_season,0.98,IT98,31.956357603850087,26,2.0,0.07692307692307693,0.0,0.0,2.0,24.0,0.0,,,0.0,0.0,0.0,0.0,0.0,,0.9230769230769231,0.0,0.05093166567978742,0.07100591715976333,0.2827123750096606,,,,,True
dualtopo,post_covid,dualtopo,1,citywide,CITYWIDE,overall,,bands,,53,,,,,,,,,,,,,,,,,,,,,0.8490566037735849,1.0,0.0,-0.1509433962264151,False
dualtopo,post_covid,dualtopo,1,citywide,CITYWIDE,overall,0.5,IT50,35.19412725226089,53,8.0,0.1509433962264151,0.0,0.0,8.0,45.0,0.0,,,0.0,0.0,0.0,0.0,0.0,,0.8490566037735849,0.0,0.15084932142676855,0.12815948736205057,-0.17704373302164655,,,,,False
dualtopo,post_covid,dualtopo,1,citywide,CITYWIDE,overall,0.9,IT90,56.071415152332634,53,0.0,0.0,0.0,0.0,0.0,53.0,,,,0.0,,,,,,1.0,,3.647877017321244e-29,0.0,,,,,,True
dualtopo,post_covid,dualtopo,1,citywide,CITYWIDE,overall,0.98,IT98,75.53173152268305,53,0.0,0.0,0.0,0.0,0.0,53.0,,,,0.0,,,,,,1.0,,0.0,0.0,,,,,,True
dualtopo,post_covid,dualtopo,1,citywide,CITYWIDE,flu_season,,bands,,26,,,,,,,,,,,,,,,,,,,,,0.6923076923076923,1.0,0.0,-0.3076923076923077,False
dualtopo,post_covid,dualtopo,1,citywide,CITYWIDE,flu_season,0.5,IT50,35.19412725226089,26,8.0,0.3076923076923077,0.0,0.0,8.0,18.0,0.0,,,0.0,0.0,0.0,0.0,0.0,,0.6923076923076923,0.0,0.3075004477363081,0.2130177514792899,-0.4435437685398911,,,,,False
dualtopo,post_covid,dualtopo,1,citywide,CITYWIDE,flu_season,0.9,IT90,56.071415152332634,26,0.0,0.0,0.0,0.0,0.0,26.0,,,,0.0,,,,,,1.0,,4.0191135710833496e-29,0.0,,,,,,True
dualtopo,post_covid,dualtopo,1,citywide,CITYWIDE,flu_season,0.98,IT98,75.53173152268305,26,0.0,0.0,0.0,0.0,0.0,26.0,,,,0.0,,,,,,1.0,,0.0,0.0,,,,,,True
dualtopo,post_covid,dualtopo,1,pooled,ALL,overall,,bands,,901,,,,,,,,,,,,,,,,,,,,,0.8690344062153164,0.9811320754716981,0.0,-0.15427302996670367,False
dualtopo,post_covid,dualtopo,1,pooled,ALL,overall,0.5,IT50,,901,118.0,0.1309655937846837,0.0,0.0,118.0,783.0,0.0,,,0.0,0.0,0.0,0.0,0.0,,0.8690344062153164,0.0,0.1290500402025205,0.11381360702930893,-0.13387180646412467,,,,,False
dualtopo,post_covid,dualtopo,1,pooled,ALL,overall,0.9,IT90,,901,17.0,0.018867924528301886,0.0,0.0,17.0,884.0,0.0,,,0.0,0.0,0.0,0.0,0.0,,0.9811320754716981,0.0,0.018867856797193234,0.01851192595229619,-0.01922711044838077,,,,,False
dualtopo,post_covid,dualtopo,1,pooled,ALL,overall,0.98,IT98,,901,4.0,0.004439511653718091,0.0,0.0,4.0,897.0,0.0,,,0.0,0.0,0.0,0.0,0.0,,0.9955604883462819,0.0,0.004439511651046262,0.004419802389994593,-0.004459308202621637,,,,,True
dualtopo,post_covid,dualtopo,1,pooled,ALL,flu_season,,bands,,442,,,,,,,,,,,,,,,,,,,,,0.7420814479638009,0.9615384615384616,0.0,-0.3054298642533937,False
dualtopo,post_covid,dualtopo,1,pooled,ALL,flu_season,0.5,IT50,,442,114.0,0.2579185520361991,0.0,0.0,114.0,328.0,0.0,,,0.0,0.0,0.0,0.0,0.0,,0.7420814479638009,0.0,0.25415461154176566,0.19139657255174955,-0.32789531261354066,,,,,False
dualtopo,post_covid,dualtopo,1,pooled,ALL,flu_season,0.9,IT90,,442,17.0,0.038461538461538464,0.0,0.0,17.0,425.0,0.0,,,0.0,0.0,0.0,0.0,0.0,,0.9615384615384616,0.0,0.03846140039167563,0.03698224852071006,-0.039996266590909046,,,,,False
dualtopo,post_covid,dualtopo,1,pooled,ALL,flu_season,0.98,IT98,,442,4.0,0.00904977375565611,0.0,0.0,4.0,438.0,0.0,,,0.0,0.0,0.0,0.0,0.0,,0.9909502262443439,0.0,0.009049773750209688,0.008967875350627548,-0.009132419483998344,,,,,True
dualtopo,post_covid,dualtopo,1,neighborhood,Agler/Cassidy,overall,,bands,,53,,,,,,,,,,,,,,,,,,,,,0.8867924528301887,1.0,0.0,-0.11320754716981132,False
dualtopo,post_covid,dualtopo,1,neighborhood,Agler/Cassidy,overall,0.5,IT50,51.74083078339265,53,6.0,0.11320754716981132,0.0,0.0,6.0,47.0,0.0,,,0.0,0.0,0.0,0.0,0.0,,0.8867924528301887,0.0,0.11320153720525614,0.10039159843360627,-0.12759970925377462,,,,,False
dualtopo,post_covid,dualtopo,1,neighborhood,Agler/Cassidy,overall,0.9,IT90,88.48740693700204,53,0.0,0.0,0.0,0.0,0.0,53.0,,,,0.0,,,,,,1.0,,0.0,0.0,,,,,,True
dualtopo,post_covid,dualtopo,1,neighborhood,Agler/Cassidy,overall,0.98,IT98,124.72586226376617,53,0.0,0.0,0.0,0.0,0.0,53.0,,,,0.0,,,,,,1.0,,0.0,0.0,,,,,,True
dualtopo,post_covid,dualtopo,1,neighborhood,Agler/Cassidy,flu_season,,bands,,26,,,,,,,,,,,,,,,,,,,,,0.7692307692307693,1.0,0.0,-0.23076923076923078,False
dualtopo,post_covid,dualtopo,1,neighborhood,Agler/Cassidy,flu_season,0.5,IT50,51.74083078339265,26,6.0,0.23076923076923078,0.0,0.0,6.0,20.0,0.0,,,0.0,0.0,0.0,0.0,0.0,,0.7692307692307693,0.0,0.2307569790260624,0.17751479289940827,-0.2999309818468183,,,,,False
dualtopo,post_covid,dualtopo,1,neighborhood,Agler/Cassidy,flu_season,0.9,IT90,88.48740693700204,26,0.0,0.0,0.0,0.0,0.0,26.0,,,,0.0,,,,,,1.0,,0.0,0.0,,,,,,True
dualtopo,post_covid,dualtopo,1,neighborhood,Agler/Cassidy,flu_season,0.98,IT98,124.72586226376617,26,0.0,0.0,0.0,0.0,0.0,26.0,,,,0.0,,,,,,1.0,,0.0,0.0,,,,,,True
dualtopo,post_covid,dualtopo,1,neighborhood,Bexley,overall,,bands,,53,,,,,,,,,,,,,,,,,,,,,0.8490566037735849,0.9622641509433962,0.0,-0.20754716981132076,False
dualtopo,post_covid,dualtopo,1,neighborhood,Bexley,overall,0.5,IT50,24.605454693531783,53,8.0,0.1509433962264151,0.0,0.0,8.0,45.0,0.0,,,0.0,0.0,0.0,0.0,0.0,,0.8490566037735849,0.0,0.15082799145743142,0.12815948736205057,-0.1768773000109023,,,,,False
dualtopo,post_covid,dualtopo,1,neighborhood,Bexley,overall,0.9,IT90,37.5430295506582,53,2.0,0.03773584905660377,0.0,0.0,2.0,51.0,0.0,,,0.0,0.0,0.0,0.0,0.0,,0.9622641509433962,0.0,0.03773584905489615,0.03631185475258099,-0.03921568622748328,,,,,True
dualtopo,post_covid,dualtopo,1,neighborhood,Bexley,overall,0.98,IT98,49.19357270883574,53,1.0,0.018867924528301886,0.0,0.0,1.0,52.0,0.0,,,0.0,0.0,0.0,0.0,0.0,,0.9811320754716981,0.0,0.018867924528301886,0.018511925952296185,-0.019230769230769607,,,,,True
dualtopo,post_covid,dualtopo,1,neighborhood,Bexley,flu_season,,bands,,26,,,,,,,,,,,,,,,,,,,,,0.7307692307692307,0.9230769230769231,-2.220446049250313e-16,-0.38461538461538464,False
dualtopo,post_covid,dualtopo,1,neighborhood,Bexley,flu_season,0.5,IT50,24.605454693531783,26,7.0,0.2692307692307692,0.0,0.0,7.0,19.0,0.0,,,0.0,0.0,0.0,0.0,0.0,,0.7307692307692307,0.0,0.269024105127185,0.19674556213017758,-0.3673706395938121,,,,,False
dualtopo,post_covid,dualtopo,1,neighborhood,Bexley,flu_season,0.9,IT90,37.5430295506582,26,2.0,0.07692307692307693,0.0,0.0,2.0,24.0,0.0,,,0.0,0.0,0.0,0.0,0.0,,0.9230769230769231,0.0,0.076923076919596,0.07100591715976333,-0.08333333328431025,,,,,True
dualtopo,post_covid,dualtopo,1,neighborhood,Bexley,flu_season,0.98,IT98,49.19357270883574,26,1.0,0.038461538461538464,0.0,0.0,1.0,25.0,0.0,,,0.0,0.0,0.0,0.0,0.0,,0.9615384615384616,0.0,0.038461538461538464,0.036982248520710054,-0.04000000000000026,,,,,True
dualtopo,post_covid,dualtopo,1,neighborhood,Clintonville/Near North,overall,,bands,,53,,,,,,,,,,,,,,,,,,,,,0.7924528301886793,0.9245283018867925,0.0,-0.3018867924528302,False
dualtopo,post_covid,dualtopo,1,neighborhood,Clintonville/Near North,overall,0.5,IT50,15.728895715230147,53,11.0,0.20754716981132076,0.0,0.0,11.0,42.0,0.0,,,0.0,0.0,0.0,0.0,0.0,,0.7924528301886793,0.0,0.2045340397181083,0.1644713421146316,-0.2435846700609654,,,,,False
dualtopo,post_covid,dualtopo,1,neighborhood,Clintonville/Near North,overall,0.9,IT90,22.099499115677975,53,4.0,0.07547169811320754,0.0,0.0,4.0,49.0,0.0,,,0.0,0.0,0.0,0.0,0.0,,0.9245283018867925,0.0,0.07547068337270309,0.06977572089711641,-0.08161811017307641,,,,,True
dualtopo,post_covid,dualtopo,1,neighborhood,Clintonville/Near North,overall,0.98,IT98,27.469599865392972,53,1.0,0.018867924528301886,0.0,0.0,1.0,52.0,0.0,,,0.0,0.0,0.0,0.0,0.0,,0.9811320754716981,0.0,0.018867924482881278,0.018511925952296185,-0.01923076677718316,,,,,True
dualtopo,post_covid,dualtopo,1,neighborhood,Clintonville/Near North,flu_season,,bands,,26,,,,,,,,,,,,,,,,,,,,,0.5769230769230769,0.8461538461538461,-4.440892098500626e-16,-0.6153846153846154,False
dualtopo,post_covid,dualtopo,1,neighborhood,Clintonville/Near North,flu_season,0.5,IT50,15.728895715230147,26,11.0,0.4230769230769231,0.0,0.0,11.0,15.0,0.0,,,0.0,0.0,0.0,0.0,0.0,,0.5769230769230769,0.0,0.4168812757751388,0.24408284023668633,-0.7079499540848113,,,,,False
dualtopo,post_covid,dualtopo,1,neighborhood,Clintonville/Near North,flu_season,0.9,IT90,22.099499115677975,26,4.0,0.15384615384615385,0.0,0.0,4.0,22.0,0.0,,,0.0,0.0,0.0,0.0,0.0,,0.8461538461538461,0.0,0.15384408529502408,0.13017751479289943,-0.181802291584503,,,,,True
dualtopo,post_covid,dualtopo,1,neighborhood,Clintonville/Near North,flu_season,0.98,IT98,27.469599865392972,26,1.0,0.038461538461538464,0.0,0.0,1.0,25.0,0.0,,,0.0,0.0,0.0,0.0,0.0,,0.9615384615384616,0.0,0.03846153836895029,0.036982248520710054,-0.03999999749641603,,,,,True
dualtopo,post_covid,dualtopo,1,neighborhood,Dublin,overall,,bands,,53,,,,,,,,,,,,,,,,,,,,,0.8301886792452831,0.9811320754716981,0.0,-0.18867924528301888,False
dualtopo,post_covid,dualtopo,1,neighborhood,Dublin,overall,0.5,IT50,8.038849454818003,53,9.0,0.16981132075471697,0.0,0.0,9.0,44.0,0.0,,,0.0,0.0,0.0,0.0,0.0,,0.8301886792452831,0.0,0.16227756981525002,0.14097543609825564,-0.15110528689655855,,,,,False
dualtopo,post_covid,dualtopo,1,neighborhood,Dublin,overall,0.9,IT90,14.1626396504559,53,1.0,0.018867924528301886,0.0,0.0,1.0,52.0,0.0,,,0.0,0.0,0.0,0.0,0.0,,0.9811320754716981,0.0,0.018867870136780755,0.018511925952296185,-0.0192278310426377,,,,,True
dualtopo,post_covid,dualtopo,1,neighborhood,Dublin,overall,0.98,IT98,20.345693253667104,53,0.0,0.0,0.0,0.0,0.0,53.0,,,,0.0,,,,,,1.0,,4.018866765816468e-27,0.0,,,,,,True
dualtopo,post_covid,dualtopo,1,neighborhood,Dublin,flu_season,,bands,,26,,,,,,,,,,,,,,,,,,,,,0.6923076923076923,0.9615384615384616,-2.220446049250313e-16,-0.34615384615384615,False
dualtopo,post_covid,dualtopo,1,neighborhood,Dublin,flu_season,0.5,IT50,8.038849454818003,26,8.0,0.3076923076923077,0.0,0.0,8.0,18.0,0.0,,,0.0,0.0,0.0,0.0,0.0,,0.6923076923076923,0.0,0.29356827526640805,0.21301775147928986,-0.3781399588895271,,,,,False
dualtopo,post_covid,dualtopo,1,neighborhood,Dublin,flu_season,0.9,IT90,14.1626396504559,26,1.0,0.038461538461538464,0.0,0.0,1.0,25.0,0.0,,,0.0,0.0,0.0,0.0,0.0,,0.9615384615384616,0.0,0.03846142758452124,0.036982248520710054,-0.03999700188545452,,,,,True
dualtopo,post_covid,dualtopo,1,neighborhood,Dublin,flu_season,0.98,IT98,20.345693253667104,26,0.0,0.0,0.0,0.0,0.0,26.0,,,,0.0,,,,,,1.0,,4.3187498703498815e-27,0.0,,,,,,True
dualtopo,post_covid,dualtopo,1,neighborhood,Eastside,overall,,bands,,53,,,,,,,,,,,,,,,,,,,,,0.8867924528301887,0.9811320754716981,0.0,-0.1320754716981132,False
dualtopo,post_covid,dualtopo,1,neighborhood,Eastside,overall,0.5,IT50,53.89825474693718,53,6.0,0.11320754716981132,0.0,0.0,6.0,47.0,0.0,,,0.0,0.0,0.0,0.0,0.0,,0.8867924528301887,0.0,0.11320714221181588,0.10039159843360627,-0.12765554068436447,,,,,False
dualtopo,post_covid,dualtopo,1,neighborhood,Eastside,overall,0.9,IT90,89.53274062296502,53,1.0,0.018867924528301886,0.0,0.0,1.0,52.0,0.0,,,0.0,0.0,0.0,0.0,0.0,,0.9811320754716981,0.0,0.018867924528301886,0.018511925952296185,-0.019230769230769607,,,,,True
dualtopo,post_covid,dualtopo,1,neighborhood,Eastside,overall,0.98,IT98,123.87134674281285,53,0.0,0.0,0.0,0.0,0.0,53.0,,,,0.0,,,,,,1.0,,0.0,0.0,,,,,,True
dualtopo,post_covid,dualtopo,1,neighborhood,Eastside,flu_season,,bands,,26,,,,,,,,,,,,,,,,,,,,,0.7692307692307693,0.9615384615384616,0.0,-0.2692307692307692,False
dualtopo,post_covid,dualtopo,1,neighborhood,Eastside,flu_season,0.5,IT50,53.89825474693718,26,6.0,0.23076923076923078,0.0,0.0,6.0,20.0,0.0,,,0.0,0.0,0.0,0.0,0.0,,0.7692307692307693,0.0,0.23076840527511872,0.17751479289940827,-0.2999953497165022,,,,,False
dualtopo,post_covid,dualtopo,1,neighborhood,Eastside,flu_season,0.9,IT90,89.53274062296502,26,1.0,0.038461538461538464,0.0,0.0,1.0,25.0,0.0,,,0.0,0.0,0.0,0.0,0.0,,0.9615384615384616,0.0,0.038461538461538464,0.036982248520710054,-0.04000000000000026,,,,,True
dualtopo,post_covid,dualtopo,1,neighborhood,Eastside,flu_season,0.98,IT98,123.87134674281285,26,0.0,0.0,0.0,0.0,0.0,26.0,,,,0.0,,,,,,1.0,,0.0,0.0,,,,,,True
dualtopo,post_covid,dualtopo,1,neighborhood,Far East,overall,,bands,,53,,,,,,,,,,,,,,,,,,,,,0.9056603773584906,0.9811320754716981,0.0,-0.11320754716981132,False
dualtopo,post_covid,dualtopo,1,neighborhood,Far East,overall,0.5,IT50,76.01095931639992,53,5.0,0.09433962264150944,0.0,0.0,5.0,48.0,0.0,,,0.0,0.0,0.0,0.0,0.0,,0.9056603773584906,0.0,0.09433887703365823,0.08543965824136704,-0.10415793994810807,,,,,False
dualtopo,post_covid,dualtopo,1,neighborhood,Far East,overall,0.9,IT90,119.58175049878095,53,1.0,0.018867924528301886,0.0,0.0,1.0,52.0,0.0,,,0.0,0.0,0.0,0.0,0.0,,0.9811320754716981,0.0,0.018867924528301886,0.018511925952296185,-0.019230769230769607,,,,,True
dualtopo,post_covid,dualtopo,1,neighborhood,Far East,overall,0.98,IT98,159.7885780471188,53,0.0,0.0,0.0,0.0,0.0,53.0,,,,0.0,,,,,,1.0,,0.0,0.0,,,,,,True
dualtopo,post_covid,dualtopo,1,neighborhood,Far East,flu_season,,bands,,26,,,,,,,,,,,,,,,,,,,,,0.8076923076923077,0.9615384615384616,0.0,-0.23076923076923078,False
dualtopo,post_covid,dualtopo,1,neighborhood,Far East,flu_season,0.5,IT50,76.01095931639992,26,5.0,0.19230769230769232,0.0,0.0,5.0,21.0,0.0,,,0.0,0.0,0.0,0.0,0.0,,0.8076923076923077,0.0,0.19230617240093176,0.15532544378698226,-0.23808545279076054,,,,,False
dualtopo,post_covid,dualtopo,1,neighborhood,Far East,flu_season,0.9,IT90,119.58175049878095,26,1.0,0.038461538461538464,0.0,0.0,1.0,25.0,0.0,,,0.0,0.0,0.0,0.0,0.0,,0.9615384615384616,0.0,0.038461538461538464,0.036982248520710054,-0.04000000000000026,,,,,True
dualtopo,post_covid,dualtopo,1,neighborhood,Far East,flu_season,0.98,IT98,159.7885780471188,26,0.0,0.0,0.0,0.0,0.0,26.0,,,,0.0,,,,,,1.0,,0.0,0.0,,,,,,True
dualtopo,post_covid,dualtopo,1,neighborhood,Far South,overall,,bands,,53,,,,,,,,,,,,,,,,,,,,,0.8679245283018868,1.0,0.0,-0.1320754716981132,False
dualtopo,post_covid,dualtopo,1,neighborhood,Far South,overall,0.5,IT50,69.7066330370401,53,7.0,0.1320754716981132,0.0,0.0,7.0,46.0,0.0,,,0.0,0.0,0.0,0.0,0.0,,0.8679245283018868,0.0,0.13207542488937296,0.11463154147383411,-0.15217350470263535,,,,,False
dualtopo,post_covid,dualtopo,1,neighborhood,Far South,overall,0.9,IT90,121.95949130896,53,0.0,0.0,0.0,0.0,0.0,53.0,,,,0.0,,,,,,1.0,,0.0,0.0,,,,,,True
dualtopo,post_covid,dualtopo,1,neighborhood,Far South,overall,0.98,IT98,174.42921640712913,53,0.0,0.0,0.0,0.0,0.0,53.0,,,,0.0,,,,,,1.0,,0.0,0.0,,,,,,True
dualtopo,post_covid,dualtopo,1,neighborhood,Far South,flu_season,,bands,,26,,,,,,,,,,,,,,,,,,,,,0.7307692307692307,1.0,0.0,-0.2692307692307692,False
dualtopo,post_covid,dualtopo,1,neighborhood,Far South,flu_season,0.5,IT50,69.7066330370401,26,7.0,0.2692307692307692,0.0,0.0,7.0,19.0,0.0,,,0.0,0.0,0.0,0.0,0.0,,0.7307692307692307,0.0,0.2692306738129268,0.19674556213017758,-0.3684205676506651,,,,,False
dualtopo,post_covid,dualtopo,1,neighborhood,Far South,flu_season,0.9,IT90,121.95949130896,26,0.0,0.0,0.0,0.0,0.0,26.0,,,,0.0,,,,,,1.0,,0.0,0.0,,,,,,True
dualtopo,post_covid,dualtopo,1,neighborhood,Far South,flu_season,0.98,IT98,174.42921640712913,26,0.0,0.0,0.0,0.0,0.0,26.0,,,,0.0,,,,,,1.0,,0.0,0.0,,,,,,True
dualtopo,post_covid,dualtopo,1,neighborhood,Far Southeast,overall,,bands,,53,,,,,,,,,,,,,,,,,,,,,0.9056603773584906,1.0,0.0,-0.09433962264150944,False
dualtopo,post_covid,dualtopo,1,neighborhood,Far Southeast,overall,0.5,IT50,10.956265259525463,53,5.0,0.09433962264150944,0.0,0.0,5.0,48.0,0.0,,,0.0,0.0,0.0,0.0,0.0,,0.9056603773584906,0.0,0.09138879662566735,0.08543965824136704,-0.06962970717291483,,,,,False
dualtopo,post_covid,dualtopo,1,neighborhood,Far Southeast,overall,0.9,IT90,18.40391015194404,53,0.0,0.0,0.0,0.0,0.0,53.0,,,,0.0,,,,,,1.0,,4.2999938982094963e-13,0.0,,,,,,True
dualtopo,post_covid,dualtopo,1,neighborhood,Far Southeast,overall,0.98,IT98,25.644566505740826,53,0.0,0.0,0.0,0.0,0.0,53.0,,,,0.0,,,,,,1.0,,1.3286966557695783e-27,0.0,,,,,,True
dualtopo,post_covid,dualtopo,1,neighborhood,Far Southeast,flu_season,,bands,,26,,,,,,,,,,,,,,,,,,,,,0.8076923076923077,1.0,0.0,-0.19230769230769232,False
dualtopo,post_covid,dualtopo,1,neighborhood,Far Southeast,flu_season,0.5,IT50,10.956265259525463,26,5.0,0.19230769230769232,0.0,0.0,5.0,21.0,0.0,,,0.0,0.0,0.0,0.0,0.0,,0.8076923076923077,0.0,0.18599134355664096,0.15532544378698226,-0.19742998327894545,,,,,False
dualtopo,post_covid,dualtopo,1,neighborhood,Far Southeast,flu_season,0.9,IT90,18.40391015194404,26,0.0,0.0,0.0,0.0,0.0,26.0,,,,0.0,,,,,,1.0,,4.402105659571598e-13,0.0,,,,,,True
dualtopo,post_covid,dualtopo,1,neighborhood,Far Southeast,flu_season,0.98,IT98,25.644566505740826,26,0.0,0.0,0.0,0.0,0.0,26.0,,,,0.0,,,,,,1.0,,1.390818664912232e-27,0.0,,,,,,True
dualtopo,post_covid,dualtopo,1,neighborhood,Far Southwest,overall,,bands,,53,,,,,,,,,,,,,,,,,,,,,0.9056603773584906,1.0,0.0,-0.09433962264150944,False
dualtopo,post_covid,dualtopo,1,neighborhood,Far Southwest,overall,0.5,IT50,34.041053932580134,53,5.0,0.09433962264150944,0.0,0.0,5.0,48.0,0.0,,,0.0,0.0,0.0,0.0,0.0,,0.9056603773584906,0.0,0.0942668572872749,0.08543965824136704,-0.10331500883314648,,,,,False
dualtopo,post_covid,dualtopo,1,neighborhood,Far Southwest,overall,0.9,IT90,54.68112356483704,53,0.0,0.0,0.0,0.0,0.0,53.0,,,,0.0,,,,,,1.0,,1.0676971879225992e-27,0.0,,,,,,True
dualtopo,post_covid,dualtopo,1,neighborhood,Far Southwest,overall,0.98,IT98,74.04650918881951,53,0.0,0.0,0.0,0.0,0.0,53.0,,,,0.0,,,,,,1.0,,0.0,0.0,,,,,,True
dualtopo,post_covid,dualtopo,1,neighborhood,Far Southwest,flu_season,,bands,,26,,,,,,,,,,,,,,,,,,,,,0.8076923076923077,1.0,0.0,-0.19230769230769232,False
dualtopo,post_covid,dualtopo,1,neighborhood,Far Southwest,flu_season,0.5,IT50,34.041053932580134,26,5.0,0.19230769230769232,0.0,0.0,5.0,21.0,0.0,,,0.0,0.0,0.0,0.0,0.0,,0.8076923076923077,0.0,0.19215921933053898,0.15532544378698226,-0.2371393549280414,,,,,False
dualtopo,post_covid,dualtopo,1,neighborhood,Far Southwest,flu_season,0.9,IT90,54.68112356483704,26,0.0,0.0,0.0,0.0,0.0,26.0,,,,0.0,,,,,,1.0,,1.1669144347721068e-27,0.0,,,,,,True
dualtopo,post_covid,dualtopo,1,neighborhood,Far Southwest,flu_season,0.98,IT98,74.04650918881951,26,0.0,0.0,0.0,0.0,0.0,26.0,,,,0.0,,,,,,1.0,,0.0,0.0,,,,,,True
dualtopo,post_covid,dualtopo,1,neighborhood,Hilliard,overall,,bands,,53,,,,,,,,,,,,,,,,,,,,,0.8490566037735849,1.0,0.0,-0.1509433962264151,False
dualtopo,post_covid,dualtopo,1,neighborhood,Hilliard,overall,0.5,IT50,19.24134804712757,53,8.0,0.1509433962264151,0.0,0.0,8.0,45.0,0.0,,,0.0,0.0,0.0,0.0,0.0,,0.8490566037735849,0.0,0.1502476057980835,0.12815948736205057,-0.1723486796856013,,,,,False
dualtopo,post_covid,dualtopo,1,neighborhood,Hilliard,overall,0.9,IT90,34.52709434950146,53,0.0,0.0,0.0,0.0,0.0,53.0,,,,0.0,,,,,,1.0,,6.4734617554375565e-25,0.0,,,,,,True
dualtopo,post_covid,dualtopo,1,neighborhood,Hilliard,overall,0.98,IT98,50.186768532537315,53,0.0,0.0,0.0,0.0,0.0,53.0,,,,0.0,,,,,,1.0,,0.0,0.0,,,,,,True
dualtopo,post_covid,dualtopo,1,neighborhood,Hilliard,flu_season,,bands,,26,,,,,,,,,,,,,,,,,,,,,0.6923076923076923,1.0,0.0,-0.3076923076923077,False
dualtopo,post_covid,dualtopo,1,neighborhood,Hilliard,flu_season,0.5,IT50,19.24134804712757,26,8.0,0.3076923076923077,0.0,0.0,8.0,18.0,0.0,,,0.0,0.0,0.0,0.0,0.0,,0.6923076923076923,0.0,0.3062686577111197,0.21301775147928986,-0.43776119869942365,,,,,False
dualtopo,post_covid,dualtopo,1,neighborhood,Hilliard,flu_season,0.9,IT90,34.52709434950146,26,0.0,0.0,0.0,0.0,0.0,26.0,,,,0.0,,,,,,1.0,,6.9581223937085705e-25,0.0,,,,,,True
dualtopo,post_covid,dualtopo,1,neighborhood,Hilliard,flu_season,0.98,IT98,50.186768532537315,26,0.0,0.0,0.0,0.0,0.0,26.0,,,,0.0,,,,,,1.0,,0.0,0.0,,,,,,True
dualtopo,post_covid,dualtopo,1,neighborhood,Linden,overall,,bands,,53,,,,,,,,,,,,,,,,,,,,,0.8679245283018868,1.0,0.0,-0.1320754716981132,False
dualtopo,post_covid,dualtopo,1,neighborhood,Linden,overall,0.5,IT50,53.62727596624066,53,7.0,0.1320754716981132,0.0,0.0,7.0,46.0,0.0,,,0.0,0.0,0.0,0.0,0.0,,0.8679245283018868,0.0,0.13206915525763438,0.1146315414738341,-0.15211881092762414,,,,,False
dualtopo,post_covid,dualtopo,1,neighborhood,Linden,overall,0.9,IT90,82.61523156370409,53,0.0,0.0,0.0,0.0,0.0,53.0,,,,0.0,,,,,,1.0,,0.0,0.0,,,,,,True
dualtopo,post_covid,dualtopo,1,neighborhood,Linden,overall,0.98,IT98,108.92078323683364,53,0.0,0.0,0.0,0.0,0.0,53.0,,,,0.0,,,,,,1.0,,0.0,0.0,,,,,,True
dualtopo,post_covid,dualtopo,1,neighborhood,Linden,flu_season,,bands,,26,,,,,,,,,,,,,,,,,,,,,0.7307692307692307,1.0,0.0,-0.2692307692307692,False
dualtopo,post_covid,dualtopo,1,neighborhood,Linden,flu_season,0.5,IT50,53.62727596624066,26,7.0,0.2692307692307692,0.0,0.0,7.0,19.0,0.0,,,0.0,0.0,0.0,0.0,0.0,,0.7307692307692307,0.0,0.26921789288126174,0.19674556213017758,-0.3683556059228037,,,,,False
dualtopo,post_covid,dualtopo,1,neighborhood,Linden,flu_season,0.9,IT90,82.61523156370409,26,0.0,0.0,0.0,0.0,0.0,26.0,,,,0.0,,,,,,1.0,,0.0,0.0,,,,,,True
dualtopo,post_covid,dualtopo,1,neighborhood,Linden,flu_season,0.98,IT98,108.92078323683364,26,0.0,0.0,0.0,0.0,0.0,26.0,,,,0.0,,,,,,1.0,,0.0,0.0,,,,,,True
dualtopo,post_covid,dualtopo,1,neighborhood,NE Suburban,overall,,bands,,53,,,,,,,,,,,,,,,,,,,,,0.9056603773584906,0.9811320754716981,0.0,-0.11320754716981132,False
dualtopo,post_covid,dualtopo,1,neighborhood,NE Suburban,overall,0.5,IT50,27.312493683860776,53,5.0,0.09433962264150944,0.0,0.0,5.0,48.0,0.0,,,0.0,0.0,0.0,0.0,0.0,,0.9056603773584906,0.0,0.09398418448032608,0.08543965824136704,-0.10000655918848311,,,,,False
dualtopo,post_covid,dualtopo,1,neighborhood,NE Suburban,overall,0.9,IT90,41.22759712033061,53,1.0,0.018867924528301886,0.0,0.0,1.0,52.0,0.0,,,0.0,0.0,0.0,0.0,0.0,,0.9811320754716981,0.0,0.01886792448154046,0.018511925952296185,-0.01923076670475332,,,,,True
dualtopo,post_covid,dualtopo,1,neighborhood,NE Suburban,overall,0.98,IT98,53.6511443833241,53,0.0,0.0,0.0,0.0,0.0,53.0,,,,0.0,,,,,,1.0,,0.0,0.0,,,,,,True
dualtopo,post_covid,dualtopo,1,neighborhood,NE Suburban,flu_season,,bands,,26,,,,,,,,,,,,,,,,,,,,,0.8076923076923077,0.9615384615384616,0.0,-0.23076923076923078,False
dualtopo,post_covid,dualtopo,1,neighborhood,NE Suburban,flu_season,0.5,IT50,27.312493683860776,26,5.0,0.19230769230769232,0.0,0.0,5.0,21.0,0.0,,,0.0,0.0,0.0,0.0,0.0,,0.8076923076923077,0.0,0.19157960741489136,0.15532544378698226,-0.2334077582139671,,,,,False
dualtopo,post_covid,dualtopo,1,neighborhood,NE Suburban,flu_season,0.9,IT90,41.22759712033061,26,1.0,0.038461538461538464,0.0,0.0,1.0,25.0,0.0,,,0.0,0.0,0.0,0.0,0.0,,0.9615384615384616,0.0,0.038461538366217095,0.036982248520710054,-0.03999999742251048,,,,,True
dualtopo,post_covid,dualtopo,1,neighborhood,NE Suburban,flu_season,0.98,IT98,53.6511443833241,26,0.0,0.0,0.0,0.0,0.0,26.0,,,,0.0,,,,,,1.0,,0.0,0.0,,,,,,True
dualtopo,post_covid,dualtopo,1,neighborhood,Northland,overall,,bands,,53,,,,,,,,,,,,,,,,,,,,,0.9056603773584906,1.0,0.0,-0.09433962264150944,False
dualtopo,post_covid,dualtopo,1,neighborhood,Northland,overall,0.5,IT50,56.127661353876796,53,5.0,0.09433962264150944,0.0,0.0,5.0,48.0,0.0,,,0.0,0.0,0.0,0.0,0.0,,0.9056603773584906,0.0,0.09432355308170215,0.08543965824136704,-0.10397858586042208,,,,,False
dualtopo,post_covid,dualtopo,1,neighborhood,Northland,overall,0.9,IT90,89.91407794411414,53,0.0,0.0,0.0,0.0,0.0,53.0,,,,0.0,,,,,,1.0,,0.0,0.0,,,,,,True
dualtopo,post_covid,dualtopo,1,neighborhood,Northland,overall,0.98,IT98,121.54516325409915,53,0.0,0.0,0.0,0.0,0.0,53.0,,,,0.0,,,,,,1.0,,0.0,0.0,,,,,,True
dualtopo,post_covid,dualtopo,1,neighborhood,Northland,flu_season,,bands,,26,,,,,,,,,,,,,,,,,,,,,0.8076923076923077,1.0,0.0,-0.19230769230769232,False
dualtopo,post_covid,dualtopo,1,neighborhood,Northland,flu_season,0.5,IT50,56.127661353876796,26,5.0,0.19230769230769232,0.0,0.0,5.0,21.0,0.0,,,0.0,0.0,0.0,0.0,0.0,,0.8076923076923077,0.0,0.19227492823776088,0.15532544378698226,-0.23788429989263182,,,,,False
dualtopo,post_covid,dualtopo,1,neighborhood,Northland,flu_season,0.9,IT90,89.91407794411414,26,0.0,0.0,0.0,0.0,0.0,26.0,,,,0.0,,,,,,1.0,,0.0,0.0,,,,,,True
dualtopo,post_covid,dualtopo,1,neighborhood,Northland,flu_season,0.98,IT98,121.54516325409915,26,0.0,0.0,0.0,0.0,0.0,26.0,,,,0.0,,,,,,1.0,,0.0,0.0,,,,,,True
dualtopo,post_covid,dualtopo,1,neighborhood,UA/Grandview,overall,,bands,,53,,,,,,,,,,,,,,,,,,,,,0.9056603773584906,1.0,0.0,-0.09433962264150944,False
dualtopo,post_covid,dualtopo,1,neighborhood,UA/Grandview,overall,0.5,IT50,8.143164584776198,53,5.0,0.09433962264150944,0.0,0.0,5.0,48.0,0.0,,,0.0,0.0,0.0,0.0,0.0,,0.9056603773584906,0.0,0.08905861304413107,0.08543965824136704,-0.04235685017068391,,,,,False
dualtopo,post_covid,dualtopo,1,neighborhood,UA/Grandview,overall,0.9,IT90,16.706142473783938,53,0.0,0.0,0.0,0.0,0.0,53.0,,,,0.0,,,,,,1.0,,6.005541484143332e-16,0.0,,,,,,True
dualtopo,post_covid,dualtopo,1,neighborhood,UA/Grandview,overall,0.98,IT98,26.455007113900507,53,0.0,0.0,0.0,0.0,0.0,53.0,,,,0.0,,,,,,1.0,,0.0,0.0,,,,,,True
dualtopo,post_covid,dualtopo,1,neighborhood,UA/Grandview,flu_season,,bands,,26,,,,,,,,,,,,,,,,,,,,,0.8076923076923077,1.0,0.0,-0.19230769230769232,False
dualtopo,post_covid,dualtopo,1,neighborhood,UA/Grandview,flu_season,0.5,IT50,8.143164584776198,26,5.0,0.19230769230769232,0.0,0.0,5.0,21.0,0.0,,,0.0,0.0,0.0,0.0,0.0,,0.8076923076923077,0.0,0.18036251072903756,0.15532544378698226,-0.1611910214555179,,,,,False
dualtopo,post_covid,dualtopo,1,neighborhood,UA/Grandview,flu_season,0.9,IT90,16.706142473783938,26,0.0,0.0,0.0,0.0,0.0,26.0,,,,0.0,,,,,,1.0,,6.284447436922302e-16,0.0,,,,,,True
dualtopo,post_covid,dualtopo,1,neighborhood,UA/Grandview,flu_season,0.98,IT98,26.455007113900507,26,0.0,0.0,0.0,0.0,0.0,26.0,,,,0.0,,,,,,1.0,,0.0,0.0,,,,,,True
dualtopo,post_covid,dualtopo,1,neighborhood,West,overall,,bands,,53,,,,,,,,,,,,,,,,,,,,,0.9433962264150944,1.0,0.0,-0.05660377358490566,False
dualtopo,post_covid,dualtopo,1,neighborhood,West,overall,0.5,IT50,73.15037971354549,53,3.0,0.05660377358490566,0.0,0.0,3.0,50.0,0.0,,,0.0,0.0,0.0,0.0,0.0,,0.9433962264150944,0.0,0.05660370394083051,0.05339978640085441,-0.05999869579861916,,,,,True
dualtopo,post_covid,dualtopo,1,neighborhood,West,overall,0.9,IT90,114.1022318647041,53,0.0,0.0,0.0,0.0,0.0,53.0,,,,0.0,,,,,,1.0,,0.0,0.0,,,,,,True
dualtopo,post_covid,dualtopo,1,neighborhood,West,overall,0.98,IT98,151.63555393306305,53,0.0,0.0,0.0,0.0,0.0,53.0,,,,0.0,,,,,,1.0,,0.0,0.0,,,,,,True
dualtopo,post_covid,dualtopo,1,neighborhood,West,flu_season,,bands,,26,,,,,,,,,,,,,,,,,,,,,0.8846153846153846,1.0,0.0,-0.11538461538461539,False
dualtopo,post_covid,dualtopo,1,neighborhood,West,flu_season,0.5,IT50,73.15037971354549,26,3.0,0.11538461538461539,0.0,0.0,3.0,23.0,0.0,,,0.0,0.0,0.0,0.0,0.0,,0.8846153846153846,0.0,0.11538447341751931,0.10207100591715977,-0.13043339174265278,,,,,True
dualtopo,post_covid,dualtopo,1,neighborhood,West,flu_season,0.9,IT90,114.1022318647041,26,0.0,0.0,0.0,0.0,0.0,26.0,,,,0.0,,,,,,1.0,,0.0,0.0,,,,,,True
dualtopo,post_covid,dualtopo,1,neighborhood,West,flu_season,0.98,IT98,151.63555393306305,26,0.0,0.0,0.0,0.0,0.0,26.0,,,,0.0,,,,,,1.0,,0.0,0.0,,,,,,True
dualtopo,post_covid,dualtopo,1,neighborhood,Westerville,overall,,bands,,53,,,,,,,,,,,,,,,,,,,,,0.8679245283018868,0.9622641509433962,0.0,-0.16981132075471697,False
dualtopo,post_covid,dualtopo,1,neighborhood,Westerville,overall,0.5,IT50,24.33364195874595,53,7.0,0.1320754716981132,0.0,0.0,7.0,46.0,0.0,,,0.0,0.0,0.0,0.0,0.0,,0.8679245283018868,0.0,0.13145246498203986,0.1146315414738341,-0.14673905010729804,,,,,False
dualtopo,post_covid,dualtopo,1,neighborhood,Westerville,overall,0.9,IT90,36.408491039457616,53,2.0,0.03773584905660377,0.0,0.0,2.0,51.0,0.0,,,0.0,0.0,0.0,0.0,0.0,,0.9622641509433962,0.0,0.037735848526323994,0.03631185475258099,-0.03921567167102058,,,,,True
dualtopo,post_covid,dualtopo,1,neighborhood,Westerville,overall,0.98,IT98,47.11324141772458,53,0.0,0.0,0.0,0.0,0.0,53.0,,,,0.0,,,,,,1.0,,1.232595164407831e-32,0.0,,,,,,True
dualtopo,post_covid,dualtopo,1,neighborhood,Westerville,flu_season,,bands,,26,,,,,,,,,,,,,,,,,,,,,0.7307692307692307,0.9230769230769231,0.0,-0.34615384615384615,False
dualtopo,post_covid,dualtopo,1,neighborhood,Westerville,flu_season,0.5,IT50,24.33364195874595,26,7.0,0.2692307692307692,0.0,0.0,7.0,19.0,0.0,,,0.0,0.0,0.0,0.0,0.0,,0.7307692307692307,0.0,0.2679551645453381,0.19674556213017758,-0.3619375280650261,,,,,False
dualtopo,post_covid,dualtopo,1,neighborhood,Westerville,flu_season,0.9,IT90,36.408491039457616,26,2.0,0.07692307692307693,0.0,0.0,2.0,24.0,0.0,,,0.0,0.0,0.0,0.0,0.0,,0.9230769230769231,0.0,0.07692307584212194,0.07100591715976333,-0.08333331810988365,,,,,True
dualtopo,post_covid,dualtopo,1,neighborhood,Westerville,flu_season,0.98,IT98,47.11324141772458,26,0.0,0.0,0.0,0.0,0.0,26.0,,,,0.0,,,,,,1.0,,1.232595164407831e-32,0.0,,,,,,True
dualtopo,post_covid,dualtopo,1,neighborhood,Worthington,overall,,bands,,53,,,,,,,,,,,,,,,,,,,,,0.6981132075471698,0.9056603773584906,0.0,-0.4339622641509434,False
dualtopo,post_covid,dualtopo,1,neighborhood,Worthington,overall,0.5,IT50,13.721631551906164,53,16.0,0.3018867924528302,0.0,0.0,16.0,37.0,0.0,,,0.0,0.0,0.0,0.0,0.0,,0.6981132075471698,0.0,0.289993166614266,0.21075115699537203,-0.3759979814518126,,,,,False
dualtopo,post_covid,dualtopo,1,neighborhood,Worthington,overall,0.9,IT90,22.978569674557114,53,5.0,0.09433962264150944,0.0,0.0,5.0,48.0,0.0,,,0.0,0.0,0.0,0.0,0.0,,0.9056603773584906,0.0,0.09433954092300617,0.08543965824136704,-0.10416571021968468,,,,,False
dualtopo,post_covid,dualtopo,1,neighborhood,Worthington,overall,0.98,IT98,31.956357603850087,53,2.0,0.03773584905660377,0.0,0.0,2.0,51.0,0.0,,,0.0,0.0,0.0,0.0,0.0,,0.9622641509433962,0.0,0.03773584905660329,0.03631185475258099,-0.039215686274496564,,,,,True
dualtopo,post_covid,dualtopo,1,neighborhood,Worthington,flu_season,,bands,,26,,,,,,,,,,,,,,,,,,,,,0.46153846153846156,0.8076923076923077,0.0,-0.8076923076923077,False
dualtopo,post_covid,dualtopo,1,neighborhood,Worthington,flu_season,0.5,IT50,13.721631551906164,26,14.0,0.5384615384615384,0.0,0.0,14.0,12.0,0.0,,,0.0,0.0,0.0,0.0,0.0,,0.46153846153846156,0.0,0.5168987117021365,0.24852071005917165,-1.0799019589919299,,,,,False
dualtopo,post_covid,dualtopo,1,neighborhood,Worthington,flu_season,0.9,IT90,22.978569674557114,26,5.0,0.19230769230769232,0.0,0.0,5.0,21.0,0.0,,,0.0,0.0,0.0,0.0,0.0,,0.8076923076923077,0.0,0.19230752572748747,0.15532544378698226,-0.2380941656360145,,,,,False
dualtopo,post_covid,dualtopo,1,neighborhood,Worthington,flu_season,0.98,IT98,31.956357603850087,26,2.0,0.07692307692307693,0.0,0.0,2.0,24.0,0.0,,,0.0,0.0,0.0,0.0,0.0,,0.9230769230769231,0.0,0.07692307692307596,0.07100591715976333,-0.08333333333331949,,,,,True
gat,post_covid,gat,1,citywide,CITYWIDE,overall,,bands,,53,,,,,,,,,,,,,,,,,,,,,0.8490566037735849,1.0,0.4111111111111112,0.0,False
gat,post_covid,gat,1,citywide,CITYWIDE,overall,0.5,IT50,35.19412725226089,53,8.0,0.1509433962264151,4.0,4.0,4.0,41.0,0.5,0.5,0.5,0.08888888888888889,0.3333333333333333,0.5,0.4111111111111111,0.4111111111111111,0.4111111111111111,0.8490566037735849,1.0,0.09871306904517219,0.12815948736205057,0.2297638584780871,,,,,False
gat,post_covid,gat,1,citywide,CITYWIDE,overall,0.9,IT90,56.071415152332634,53,0.0,0.0,0.0,0.0,0.0,53.0,,,,0.0,,,,,,1.0,,4.597070856674699e-05,0.0,,,,,,True
gat,post_covid,gat,1,citywide,CITYWIDE,overall,0.98,IT98,75.53173152268305,53,0.0,0.0,0.0,0.0,0.0,53.0,,,,0.0,,,,,,1.0,,1.0657017854425215e-11,0.0,,,,,,True
gat,post_covid,gat,1,citywide,CITYWIDE,flu_season,,bands,,26,,,,,,,,,,,,,,,,,,,,,0.6923076923076923,1.0,0.2777777777777777,0.0,False
gat,post_covid,gat,1,citywide,CITYWIDE,flu_season,0.5,IT50,35.19412725226089,26,8.0,0.3076923076923077,4.0,4.0,4.0,14.0,0.5,0.5,0.5,0.2222222222222222,0.3333333333333333,0.5,0.2777777777777778,0.2777777777777778,0.2777777777777778,0.6923076923076923,1.0,0.20115822225116892,0.2130177514792899,0.05567390109867898,,,,,False
gat,post_covid,gat,1,citywide,CITYWIDE,flu_season,0.9,IT90,56.071415152332634,26,0.0,0.0,0.0,0.0,0.0,26.0,,,,0.0,,,,,,1.0,,9.370952130796524e-05,0.0,,,,,,True
gat,post_covid,gat,1,citywide,CITYWIDE,flu_season,0.98,IT98,75.53173152268305,26,0.0,0.0,0.0,0.0,0.0,26.0,,,,0.0,,,,,,1.0,,2.172392101094371e-11,0.0,,,,,,True
gat,post_covid,gat,1,pooled,ALL,overall,,bands,,901,,,,,,,,,,,,,,,,,,,,,0.8357380688124306,0.9855715871254163,0.2153936352741348,-0.04439511653718091,False
gat,post_covid,gat,1,pooled,ALL,overall,0.5,IT50,,901,118.0,0.1309655937846837,37.0,62.0,81.0,721.0,0.3135593220338983,0.6262626262626263,0.37373737373737376,0.07918263090676884,0.20555555555555555,0.34101382488479265,0.23437669112712944,0.25157853769611915,0.25283169833665126,0.8412874583795783,0.8389830508474576,0.09769374717827056,0.11381360702930893,0.14163385443787246,,,,,False
gat,post_covid,gat,1,pooled,ALL,overall,0.9,IT90,,901,17.0,0.018867924528301886,0.0,0.0,17.0,884.0,0.0,,,0.0,0.0,0.0,0.0,0.0,,0.9811320754716981,0.0,0.01771657849425494,0.01851192595229619,0.04296405787765134,,,,,False
gat,post_covid,gat,1,pooled,ALL,overall,0.98,IT98,,901,4.0,0.004439511653718091,0.0,0.0,4.0,897.0,0.0,,,0.0,0.0,0.0,0.0,0.0,,0.9955604883462819,0.0,0.004433581654866422,0.004419802389994593,-0.0031176201232485656,,,,,True
gat,post_covid,gat,1,pooled,ALL,flu_season,,bands,,442,,,,,,,,,,,,,,,,,,,,,0.6742081447963801,0.9705882352941176,0.11419259499180134,-0.08144796380090498,False
gat,post_covid,gat,1,pooled,ALL,flu_season,0.5,IT50,,442,114.0,0.2579185520361991,37.0,62.0,77.0,266.0,0.32456140350877194,0.6262626262626263,0.37373737373737376,0.18902439024390244,0.21022727272727273,0.3474178403755869,0.1355370132648695,0.14161567049487245,0.1422271807166419,0.6855203619909502,0.868421052631579,0.19017959445708096,0.19139657255174955,0.006358411116999196,,,,,False
gat,post_covid,gat,1,pooled,ALL,flu_season,0.9,IT90,,442,17.0,0.038461538461538464,0.0,0.0,17.0,425.0,0.0,,,0.0,0.0,0.0,0.0,0.0,,0.9615384615384616,0.0,0.03611455185165111,0.03698224852071006,0.02346251793135401,,,,,False
gat,post_covid,gat,1,pooled,ALL,flu_season,0.98,IT98,,442,4.0,0.00904977375565611,0.0,0.0,4.0,438.0,0.0,,,0.0,0.0,0.0,0.0,0.0,,0.9909502262443439,0.0,0.009037685680625148,0.008967875350627548,-0.007784489331992717,,,,,True
gat,post_covid,gat,1,neighborhood,Agler/Cassidy,overall,,bands,,53,,,,,,,,,,,,,,,,,,,,,0.8113207547169812,1.0,0.06028368794326244,0.0,False
gat,post_covid,gat,1,neighborhood,Agler/Cassidy,overall,0.5,IT50,51.74083078339265,53,6.0,0.11320754716981132,1.0,5.0,5.0,42.0,0.16666666666666666,0.8333333333333334,0.16666666666666666,0.10638297872340426,0.09090909090909091,0.16666666666666666,0.0602836879432624,0.06028368794326241,0.06028368794326241,0.8113207547169812,1.0,0.10962755597034482,0.10039159843360627,-0.09199930752020768,,,,,False
gat,post_covid,gat,1,neighborhood,Agler/Cassidy,overall,0.9,IT90,88.48740693700204,53,0.0,0.0,0.0,0.0,0.0,53.0,,,,0.0,,,,,,1.0,,3.9939267829561297e-07,0.0,,,,,,True
gat,post_covid,gat,1,neighborhood,Agler/Cassidy,overall,0.98,IT98,124.72586226376617,53,0.0,0.0,0.0,0.0,0.0,53.0,,,,0.0,,,,,,1.0,,5.2010571609394096e-20,0.0,,,,,,True
gat,post_covid,gat,1,neighborhood,Agler/Cassidy,flu_season,,bands,,26,,,,,,,,,,,,,,,,,,,,,0.6153846153846154,1.0,-0.08333333333333348,0.0,False
gat,post_covid,gat,1,neighborhood,Agler/Cassidy,flu_season,0.5,IT50,51.74083078339265,26,6.0,0.23076923076923078,1.0,5.0,5.0,15.0,0.16666666666666666,0.8333333333333334,0.16666666666666666,0.25,0.09090909090909091,0.16666666666666666,-0.08333333333333334,-0.08333333333333333,-0.08333333333333333,0.6153846153846154,1.0,0.22345596828151532,0.17751479289940827,-0.2588019546525364,,,,,False
gat,post_covid,gat,1,neighborhood,Agler/Cassidy,flu_season,0.9,IT90,88.48740693700204,26,0.0,0.0,0.0,0.0,0.0,26.0,,,,0.0,,,,,,1.0,,8.141466134487494e-07,0.0,,,,,,True
gat,post_covid,gat,1,neighborhood,Agler/Cassidy,flu_season,0.98,IT98,124.72586226376617,26,0.0,0.0,0.0,0.0,0.0,26.0,,,,0.0,,,,,,1.0,,1.060215498191495e-19,0.0,,,,,,True
gat,post_covid,gat,1,neighborhood,Bexley,overall,,bands,,53,,,,,,,,,,,,,,,,,,,,,0.8301886792452831,0.9622641509433962,0.036363636363636376,-0.1509433962264151,False
gat,post_covid,gat,1,neighborhood,Bexley,overall,0.5,IT50,24.605454693531783,53,8.0,0.1509433962264151,1.0,2.0,7.0,43.0,0.125,0.6666666666666666,0.3333333333333333,0.044444444444444446,0.1,0.18181818181818182,0.08055555555555555,0.10841121495327102,0.12479613004446122,0.8301886792452831,0.375,0.11713186749843618,0.12815948736205057,0.0860460672135912,,,,,False
gat,post_covid,gat,1,neighborhood,Bexley,overall,0.9,IT90,37.5430295506582,53,2.0,0.03773584905660377,0.0,0.0,2.0,51.0,0.0,,,0.0,0.0,0.0,0.0,0.0,,0.9622641509433962,0.0,0.037402395161737115,0.03631185475258099,-0.03003262754234859,,,,,True
gat,post_covid,gat,1,neighborhood,Bexley,overall,0.98,IT98,49.19357270883574,53,1.0,0.018867924528301886,0.0,0.0,1.0,52.0,0.0,,,0.0,0.0,0.0,0.0,0.0,,0.9811320754716981,0.0,0.01886624476215821,0.018511925952296185,-0.01914002955581595,,,,,True
gat,post_covid,gat,1,neighborhood,Bexley,flu_season,,bands,,26,,,,,,,,,,,,,,,,,,,,,0.6923076923076923,0.9230769230769231,-0.016460905349794164,-0.2692307692307692,False
gat,post_covid,gat,1,neighborhood,Bexley,flu_season,0.5,IT50,24.605454693531783,26,7.0,0.2692307692307692,1.0,2.0,6.0,17.0,0.14285714285714285,0.6666666666666666,0.3333333333333333,0.10526315789473684,0.1111111111111111,0.2,0.03759398496240601,0.045871559633027525,0.052193886700168265,0.6923076923076923,0.42857142857142855,0.20067133555370212,0.19674556213017758,-0.019953555145132196,,,,,False
gat,post_covid,gat,1,neighborhood,Bexley,flu_season,0.9,IT90,37.5430295506582,26,2.0,0.07692307692307693,0.0,0.0,2.0,24.0,0.0,,,0.0,0.0,0.0,0.0,0.0,,0.9230769230769231,0.0,0.07624334396198179,0.07100591715976333,-0.07376042746457667,,,,,True
gat,post_covid,gat,1,neighborhood,Bexley,flu_season,0.98,IT98,49.19357270883574,26,1.0,0.038461538461538464,0.0,0.0,1.0,25.0,0.0,,,0.0,0.0,0.0,0.0,0.0,,0.9615384615384616,0.0,0.03845811432286096,0.036982248520710054,-0.03990741129016051,,,,,True
gat,post_covid,gat,1,neighborhood,Clintonville/Near North,overall,,bands,,53,,,,,,,,,,,,,,,,,,,,,0.8490566037735849,0.9433962264150944,0.25637755102040816,-0.22641509433962265,False
gat,post_covid,gat,1,neighborhood,Clintonville/Near North,overall,0.5,IT50,15.728895715230147,53,11.0,0.20754716981132076,4.0,0.0,7.0,42.0,0.36363636363636365,0.0,1.0,0.0,0.36363636363636365,0.5333333333333333,0.36363636363636365,0.4752475247524752,0.5582905262390826,0.8679245283018868,0.36363636363636365,0.09849392765672037,0.1644713421146316,0.4011483922343563,,,,,False
gat,post_covid,gat,1,neighborhood,Clintonville/Near North,overall,0.9,IT90,22.099499115677975,53,4.0,0.07547169811320754,0.0,0.0,4.0,49.0,0.0,,,0.0,0.0,0.0,0.0,0.0,,0.9245283018867925,0.0,0.06465459705366346,0.06977572089711641,0.07339406569520068,,,,,True
gat,post_covid,gat,1,neighborhood,Clintonville/Near North,overall,0.98,IT98,27.469599865392972,53,1.0,0.018867924528301886,0.0,0.0,1.0,52.0,0.0,,,0.0,0.0,0.0,0.0,0.0,,0.9811320754716981,0.0,0.018784828578061068,0.018511925952296185,-0.01474198991872222,,,,,True
gat,post_covid,gat,1,neighborhood,Clintonville/Near North,flu_season,,bands,,26,,,,,,,,,,,,,,,,,,,,,0.6923076923076923,0.8846153846153846,0.1875,-0.46153846153846156,False
gat,post_covid,gat,1,neighborhood,Clintonville/Near North,flu_season,0.5,IT50,15.728895715230147,26,11.0,0.4230769230769231,4.0,0.0,7.0,15.0,0.36363636363636365,0.0,1.0,0.0,0.36363636363636365,0.5333333333333333,0.36363636363636365,0.3973509933774834,0.49792959773196915,0.7307692307692307,0.36363636363636365,0.20028097705319683,0.24408284023668633,0.17945490613356918,,,,,False
gat,post_covid,gat,1,neighborhood,Clintonville/Near North,flu_season,0.9,IT90,22.099499115677975,26,4.0,0.15384615384615385,0.0,0.0,4.0,22.0,0.0,,,0.0,0.0,0.0,0.0,0.0,,0.8461538461538461,0.0,0.1317957734380129,0.13017751479289943,-0.012431168682917049,,,,,True
gat,post_covid,gat,1,neighborhood,Clintonville/Near North,flu_season,0.98,IT98,27.469599865392972,26,1.0,0.038461538461538464,0.0,0.0,1.0,25.0,0.0,,,0.0,0.0,0.0,0.0,0.0,,0.9615384615384616,0.0,0.0382921505553447,0.036982248520710054,-0.03541975101652084,,,,,True
gat,post_covid,gat,1,neighborhood,Dublin,overall,,bands,,53,,,,,,,,,,,,,,,,,,,,,0.8113207547169812,0.9811320754716981,0.2615219721329046,-0.018867924528301886,False
gat,post_covid,gat,1,neighborhood,Dublin,overall,0.5,IT50,8.038849454818003,53,9.0,0.16981132075471697,4.0,5.0,5.0,39.0,0.4444444444444444,0.5555555555555556,0.4444444444444444,0.11363636363636363,0.2857142857142857,0.4444444444444444,0.3308080808080808,0.33080808080808083,0.33080808080808083,0.8113207547169812,1.0,0.10130327215305134,0.14097543609825564,0.28141189020726987,,,,,False
gat,post_covid,gat,1,neighborhood,Dublin,overall,0.9,IT90,14.1626396504559,53,1.0,0.018867924528301886,0.0,0.0,1.0,52.0,0.0,,,0.0,0.0,0.0,0.0,0.0,,0.9811320754716981,0.0,0.019902452526199845,0.018511925952296185,-0.07511517588644967,,,,,True
gat,post_covid,gat,1,neighborhood,Dublin,overall,0.98,IT98,20.345693253667104,53,0.0,0.0,0.0,0.0,0.0,53.0,,,,0.0,,,,,,1.0,,8.245477925544712e-07,0.0,,,,,,True
gat,post_covid,gat,1,neighborhood,Dublin,flu_season,,bands,,26,,,,,,,,,,,,,,,,,,,,,0.6538461538461539,0.9615384615384616,0.12849162011173199,0.0,False
gat,post_covid,gat,1,neighborhood,Dublin,flu_season,0.5,IT50,8.038849454818003,26,8.0,0.3076923076923077,4.0,5.0,4.0,13.0,0.5,0.5555555555555556,0.4444444444444444,0.2777777777777778,0.3076923076923077,0.47058823529411764,0.2222222222222222,0.21476510067114093,0.21558722225451818,0.6538461538461539,1.125,0.1707339831707326,0.21301775147928986,0.19849880122628283,,,,,False
gat,post_covid,gat,1,neighborhood,Dublin,flu_season,0.9,IT90,14.1626396504559,26,1.0,0.038461538461538464,0.0,0.0,1.0,25.0,0.0,,,0.0,0.0,0.0,0.0,0.0,,0.9615384615384616,0.0,0.040570370802748716,0.036982248520710054,-0.09702282650632554,,,,,True
gat,post_covid,gat,1,neighborhood,Dublin,flu_season,0.98,IT98,20.345693253667104,26,0.0,0.0,0.0,0.0,0.0,26.0,,,,0.0,,,,,,1.0,,1.6808089617366288e-06,0.0,,,,,,True
gat,post_covid,gat,1,neighborhood,Eastside,overall,,bands,,53,,,,,,,,,,,,,,,,,,,,,0.8679245283018868,0.9811320754716981,0.10774410774410781,-0.07547169811320754,False
gat,post_covid,gat,1,neighborhood,Eastside,overall,0.5,IT50,53.89825474693718,53,6.0,0.11320754716981132,1.0,2.0,5.0,45.0,0.16666666666666666,0.6666666666666666,0.3333333333333333,0.0425531914893617,0.125,0.2222222222222222,0.12411347517730495,0.15873015873015872,0.1701758234142103,0.8679245283018868,0.5,0.08441174535618476,0.10039159843360627,0.15917520317190437,,,,,False
gat,post_covid,gat,1,neighborhood,Eastside,overall,0.9,IT90,89.53274062296502,53,1.0,0.018867924528301886,0.0,0.0,1.0,52.0,0.0,,,0.0,0.0,0.0,0.0,0.0,,0.9811320754716981,0.0,0.018869246916820657,0.018511925952296185,-0.019302203641331506,,,,,True
gat,post_covid,gat,1,neighborhood,Eastside,overall,0.98,IT98,123.87134674281285,53,0.0,0.0,0.0,0.0,0.0,53.0,,,,0.0,,,,,,1.0,,1.0173152231109579e-17,0.0,,,,,,True
gat,post_covid,gat,1,neighborhood,Eastside,flu_season,,bands,,26,,,,,,,,,,,,,,,,,,,,,0.7307692307692307,0.9615384615384616,0.03703703703703687,-0.15384615384615385,False
gat,post_covid,gat,1,neighborhood,Eastside,flu_season,0.5,IT50,53.89825474693718,26,6.0,0.23076923076923078,1.0,2.0,5.0,18.0,0.16666666666666666,0.6666666666666666,0.3333333333333333,0.1,0.125,0.2222222222222222,0.06666666666666665,0.08080808080808081,0.0879173964527716,0.7307692307692307,0.5,0.1720662004396233,0.17751479289940827,0.030693737523455278,,,,,False
gat,post_covid,gat,1,neighborhood,Eastside,flu_season,0.9,IT90,89.53274062296502,26,1.0,0.038461538461538464,0.0,0.0,1.0,25.0,0.0,,,0.0,0.0,0.0,0.0,0.0,,0.9615384615384616,0.0,0.038464234099672874,0.036982248520710054,-0.040072890055154575,,,,,True
gat,post_covid,gat,1,neighborhood,Eastside,flu_season,0.98,IT98,123.87134674281285,26,0.0,0.0,0.0,0.0,0.0,26.0,,,,0.0,,,,,,1.0,,2.0737579548031066e-17,0.0,,,,,,True
gat,post_covid,gat,1,neighborhood,Far East,overall,,bands,,53,,,,,,,,,,,,,,,,,,,,,0.8490566037735849,0.9811320754716981,-0.06581352833638032,-0.05660377358490566,False
gat,post_covid,gat,1,neighborhood,Far East,overall,0.5,IT50,76.01095931639992,53,5.0,0.09433962264150944,0.0,3.0,5.0,45.0,0.0,1.0,0.0,0.0625,0.0,0.0,-0.0625,-0.07614213197969544,-0.07905694150420949,0.8490566037735849,0.6,0.09323505701207689,0.08543965824136704,-0.0912386464455166,,,,,False
gat,post_covid,gat,1,neighborhood,Far East,overall,0.9,IT90,119.58175049878095,53,1.0,0.018867924528301886,0.0,0.0,1.0,52.0,0.0,,,0.0,0.0,0.0,0.0,0.0,,0.9811320754716981,0.0,0.018868501147899352,0.018511925952296185,-0.019261917777871007,,,,,True
gat,post_covid,gat,1,neighborhood,Far East,overall,0.98,IT98,159.7885780471188,53,0.0,0.0,0.0,0.0,0.0,53.0,,,,0.0,,,,,,1.0,,2.7619361643145355e-18,0.0,,,,,,True
gat,post_covid,gat,1,neighborhood,Far East,flu_season,,bands,,26,,,,,,,,,,,,,,,,,,,,,0.6923076923076923,0.9615384615384616,-0.14400000000000013,-0.11538461538461539,False
gat,post_covid,gat,1,neighborhood,Far East,flu_season,0.5,IT50,76.01095931639992,26,5.0,0.19230769230769232,0.0,3.0,5.0,18.0,0.0,1.0,0.0,0.14285714285714285,0.0,0.0,-0.14285714285714285,-0.16853932584269662,-0.17622684421256035,0.6923076923076923,0.6,0.19005142314794496,0.15532544378698226,-0.22356916236200752,,,,,False
gat,post_covid,gat,1,neighborhood,Far East,flu_season,0.9,IT90,119.58175049878095,26,1.0,0.038461538461538464,0.0,0.0,1.0,25.0,0.0,,,0.0,0.0,0.0,0.0,0.0,,0.9615384615384616,0.0,0.03846271387841022,0.036982248520710054,-0.04003178327221257,,,,,True
gat,post_covid,gat,1,neighborhood,Far East,flu_season,0.98,IT98,159.7885780471188,26,0.0,0.0,0.0,0.0,0.0,26.0,,,,0.0,,,,,,1.0,,5.630100642641168e-18,0.0,,,,,,True
gat,post_covid,gat,1,neighborhood,Far South,overall,,bands,,53,,,,,,,,,,,,,,,,,,,,,0.8679245283018868,1.0,0.4568081991215227,0.018867924528301886,False
gat,post_covid,gat,1,neighborhood,Far South,overall,0.5,IT50,69.7066330370401,53,7.0,0.1320754716981132,4.0,4.0,3.0,42.0,0.5714285714285714,0.5,0.5,0.08695652173913043,0.36363636363636365,0.5333333333333333,0.48447204968944096,0.4568081991215227,0.4581897949526569,0.8679245283018868,1.1428571428571428,0.09770393581243639,0.11463154147383411,0.14766970280393232,,,,,False
gat,post_covid,gat,1,neighborhood,Far South,overall,0.9,IT90,121.95949130896,53,0.0,0.0,0.0,0.0,0.0,53.0,,,,0.0,,,,,,1.0,,2.825790153047335e-08,0.0,,,,,,True
gat,post_covid,gat,1,neighborhood,Far South,overall,0.98,IT98,174.42921640712913,53,0.0,0.0,0.0,0.0,0.0,53.0,,,,0.0,,,,,,1.0,,1.4946604549678223e-26,0.0,,,,,,True
gat,post_covid,gat,1,neighborhood,Far South,flu_season,,bands,,26,,,,,,,,,,,,,,,,,,,,,0.7307692307692307,1.0,0.3453237410071942,0.038461538461538464,False
gat,post_covid,gat,1,neighborhood,Far South,flu_season,0.5,IT50,69.7066330370401,26,7.0,0.2692307692307692,4.0,4.0,3.0,15.0,0.5714285714285714,0.5,0.5,0.21052631578947367,0.36363636363636365,0.5333333333333333,0.3609022556390977,0.34532374100719426,0.34684398780964804,0.7307692307692307,1.1428571428571428,0.19916451091240966,0.19674556213017758,-0.012294807344277459,,,,,False
gat,post_covid,gat,1,neighborhood,Far South,flu_season,0.9,IT90,121.95949130896,26,0.0,0.0,0.0,0.0,0.0,26.0,,,,0.0,,,,,,1.0,,5.760264542750337e-08,0.0,,,,,,True
gat,post_covid,gat,1,neighborhood,Far South,flu_season,0.98,IT98,174.42921640712913,26,0.0,0.0,0.0,0.0,0.0,26.0,,,,0.0,,,,,,1.0,,3.0468078505113305e-26,0.0,,,,,,True
gat,post_covid,gat,1,neighborhood,Far Southeast,overall,,bands,,53,,,,,,,,,,,,,,,,,,,,,0.8490566037735849,1.0,-0.07614213197969533,-0.03773584905660377,False
gat,post_covid,gat,1,neighborhood,Far Southeast,overall,0.5,IT50,10.956265259525463,53,5.0,0.09433962264150944,0.0,3.0,5.0,45.0,0.0,1.0,0.0,0.0625,0.0,0.0,-0.0625,-0.07614213197969544,-0.07905694150420949,0.8490566037735849,0.6,0.08374189980869505,0.08543965824136704,0.01987084765573177,,,,,False
gat,post_covid,gat,1,neighborhood,Far Southeast,overall,0.9,IT90,18.40391015194404,53,0.0,0.0,0.0,0.0,0.0,53.0,,,,0.0,,,,,,1.0,,0.0003279739051749568,0.0,,,,,,True
gat,post_covid,gat,1,neighborhood,Far Southeast,overall,0.98,IT98,25.644566505740826,53,0.0,0.0,0.0,0.0,0.0,53.0,,,,0.0,,,,,,1.0,,7.437000918048762e-08,0.0,,,,,,True
gat,post_covid,gat,1,neighborhood,Far Southeast,flu_season,,bands,,26,,,,,,,,,,,,,,,,,,,,,0.6923076923076923,1.0,-0.16853932584269682,-0.07692307692307693,False
gat,post_covid,gat,1,neighborhood,Far Southeast,flu_season,0.5,IT50,10.956265259525463,26,5.0,0.19230769230769232,0.0,3.0,5.0,18.0,0.0,1.0,0.0,0.14285714285714285,0.0,0.0,-0.14285714285714285,-0.16853932584269662,-0.17622684421256035,0.6923076923076923,0.6,0.16914595021451892,0.15532544378698226,-0.0889777366191884,,,,,False
gat,post_covid,gat,1,neighborhood,Far Southeast,flu_season,0.9,IT90,18.40391015194404,26,0.0,0.0,0.0,0.0,0.0,26.0,,,,0.0,,,,,,1.0,,0.0006685099169686398,0.0,,,,,,True
gat,post_covid,gat,1,neighborhood,Far Southeast,flu_season,0.98,IT98,25.644566505740826,26,0.0,0.0,0.0,0.0,0.0,26.0,,,,0.0,,,,,,1.0,,1.5160040118415037e-07,0.0,,,,,,True
gat,post_covid,gat,1,neighborhood,Far Southwest,overall,,bands,,53,,,,,,,,,,,,,,,,,,,,,0.8490566037735849,1.0,-0.07614213197969533,-0.03773584905660377,False
gat,post_covid,gat,1,neighborhood,Far Southwest,overall,0.5,IT50,34.041053932580134,53,5.0,0.09433962264150944,0.0,3.0,5.0,45.0,0.0,1.0,0.0,0.0625,0.0,0.0,-0.0625,-0.07614213197969544,-0.07905694150420949,0.8490566037735849,0.6,0.09707910675058817,0.08543965824136704,-0.13623004526000893,,,,,False
gat,post_covid,gat,1,neighborhood,Far Southwest,overall,0.9,IT90,54.68112356483704,53,0.0,0.0,0.0,0.0,0.0,53.0,,,,0.0,,,,,,1.0,,6.554590093864322e-06,0.0,,,,,,True
gat,post_covid,gat,1,neighborhood,Far Southwest,overall,0.98,IT98,74.04650918881951,53,0.0,0.0,0.0,0.0,0.0,53.0,,,,0.0,,,,,,1.0,,2.2548798245670735e-13,0.0,,,,,,True
gat,post_covid,gat,1,neighborhood,Far Southwest,flu_season,,bands,,26,,,,,,,,,,,,,,,,,,,,,0.6923076923076923,1.0,-0.16853932584269682,-0.07692307692307693,False
gat,post_covid,gat,1,neighborhood,Far Southwest,flu_season,0.5,IT50,34.041053932580134,26,5.0,0.19230769230769232,0.0,3.0,5.0,18.0,0.0,1.0,0.0,0.14285714285714285,0.0,0.0,-0.14285714285714285,-0.16853932584269662,-0.17622684421256035,0.6923076923076923,0.6,0.19785142456977933,0.15532544378698226,-0.27378631437305545,,,,,False
gat,post_covid,gat,1,neighborhood,Far Southwest,flu_season,0.9,IT90,54.68112356483704,26,0.0,0.0,0.0,0.0,0.0,26.0,,,,0.0,,,,,,1.0,,1.3361279805798233e-05,0.0,,,,,,True
gat,post_covid,gat,1,neighborhood,Far Southwest,flu_season,0.98,IT98,74.04650918881951,26,0.0,0.0,0.0,0.0,0.0,26.0,,,,0.0,,,,,,1.0,,4.596485796232881e-13,0.0,,,,,,True
gat,post_covid,gat,1,neighborhood,Hilliard,overall,,bands,,53,,,,,,,,,,,,,,,,,,,,,0.8113207547169812,1.0,0.26388888888888884,0.0,False
gat,post_covid,gat,1,neighborhood,Hilliard,overall,0.5,IT50,19.24134804712757,53,8.0,0.1509433962264151,3.0,5.0,5.0,40.0,0.375,0.625,0.375,0.1111111111111111,0.23076923076923078,0.375,0.2638888888888889,0.2638888888888889,0.2638888888888889,0.8113207547169812,1.0,0.11256684402005192,0.12815948736205057,0.12166593096576173,,,,,False
gat,post_covid,gat,1,neighborhood,Hilliard,overall,0.9,IT90,34.52709434950146,53,0.0,0.0,0.0,0.0,0.0,53.0,,,,0.0,,,,,,1.0,,6.794207579795614e-05,0.0,,,,,,True
gat,post_covid,gat,1,neighborhood,Hilliard,overall,0.98,IT98,50.186768532537315,53,0.0,0.0,0.0,0.0,0.0,53.0,,,,0.0,,,,,,1.0,,6.125901556401029e-12,0.0,,,,,,True
gat,post_covid,gat,1,neighborhood,Hilliard,flu_season,,bands,,26,,,,,,,,,,,,,,,,,,,,,0.6153846153846154,1.0,0.09722222222222221,0.0,False
gat,post_covid,gat,1,neighborhood,Hilliard,flu_season,0.5,IT50,19.24134804712757,26,8.0,0.3076923076923077,3.0,5.0,5.0,13.0,0.375,0.625,0.375,0.2777777777777778,0.23076923076923078,0.375,0.09722222222222221,0.09722222222222222,0.09722222222222222,0.6153846153846154,1.0,0.22926521996672364,0.21301775147928986,-0.0762728381771196,,,,,False
gat,post_covid,gat,1,neighborhood,Hilliard,flu_season,0.9,IT90,34.52709434950146,26,0.0,0.0,0.0,0.0,0.0,26.0,,,,0.0,,,,,,1.0,,0.00013849730835077226,0.0,,,,,,True
gat,post_covid,gat,1,neighborhood,Hilliard,flu_season,0.98,IT98,50.186768532537315,26,0.0,0.0,0.0,0.0,0.0,26.0,,,,0.0,,,,,,1.0,,1.2487414711125174e-11,0.0,,,,,,True
gat,post_covid,gat,1,neighborhood,Linden,overall,,bands,,53,,,,,,,,,,,,,,,,,,,,,0.8113207547169812,1.0,-0.08606557377049162,-0.07547169811320754,False
gat,post_covid,gat,1,neighborhood,Linden,overall,0.5,IT50,53.62727596624066,53,7.0,0.1320754716981132,0.0,3.0,7.0,43.0,0.0,1.0,0.0,0.06521739130434782,0.0,0.0,-0.06521739130434782,-0.0860655737704918,-0.09555330859059091,0.8113207547169812,0.42857142857142855,0.10983118105783338,0.1146315414738341,0.041876436051385246,,,,,False
gat,post_covid,gat,1,neighborhood,Linden,overall,0.9,IT90,82.61523156370409,53,0.0,0.0,0.0,0.0,0.0,53.0,,,,0.0,,,,,,1.0,,8.02225190474972e-06,0.0,,,,,,True
gat,post_covid,gat,1,neighborhood,Linden,overall,0.98,IT98,108.92078323683364,53,0.0,0.0,0.0,0.0,0.0,53.0,,,,0.0,,,,,,1.0,,2.5065493334166857e-13,0.0,,,,,,True
gat,post_covid,gat,1,neighborhood,Linden,flu_season,,bands,,26,,,,,,,,,,,,,,,,,,,,,0.6153846153846154,1.0,-0.19266055045871577,-0.15384615384615385,False
gat,post_covid,gat,1,neighborhood,Linden,flu_season,0.5,IT50,53.62727596624066,26,7.0,0.2692307692307692,0.0,3.0,7.0,16.0,0.0,1.0,0.0,0.15789473684210525,0.0,0.0,-0.15789473684210525,-0.1926605504587156,-0.2192143241407067,0.6153846153846154,0.42857142857142855,0.2238777780257145,0.19674556213017758,-0.1379050973337066,,,,,False
gat,post_covid,gat,1,neighborhood,Linden,flu_season,0.9,IT90,82.61523156370409,26,0.0,0.0,0.0,0.0,0.0,26.0,,,,0.0,,,,,,1.0,,1.6353051959681167e-05,0.0,,,,,,True
gat,post_covid,gat,1,neighborhood,Linden,flu_season,0.98,IT98,108.92078323683364,26,0.0,0.0,0.0,0.0,0.0,26.0,,,,0.0,,,,,,1.0,,5.109504410426321e-13,0.0,,,,,,True
gat,post_covid,gat,1,neighborhood,NE Suburban,overall,,bands,,53,,,,,,,,,,,,,,,,,,,,,0.8679245283018868,0.9811320754716981,0.09863945578231303,-0.03773584905660377,False
gat,post_covid,gat,1,neighborhood,NE Suburban,overall,0.5,IT50,27.312493683860776,53,5.0,0.09433962264150944,1.0,3.0,4.0,45.0,0.2,0.75,0.25,0.0625,0.125,0.2222222222222222,0.1375,0.15102974828375287,0.15215291717243423,0.8679245283018868,0.8,0.06969375796345435,0.08543965824136704,0.18429264116940303,,,,,False
gat,post_covid,gat,1,neighborhood,NE Suburban,overall,0.9,IT90,41.22759712033061,53,1.0,0.018867924528301886,0.0,0.0,1.0,52.0,0.0,,,0.0,0.0,0.0,0.0,0.0,,0.9811320754716981,0.0,0.01903464432077001,0.018511925952296185,-0.028236844173903375,,,,,True
gat,post_covid,gat,1,neighborhood,NE Suburban,overall,0.98,IT98,53.6511443833241,53,0.0,0.0,0.0,0.0,0.0,53.0,,,,0.0,,,,,,1.0,,1.6966677197141233e-08,0.0,,,,,,True
gat,post_covid,gat,1,neighborhood,NE Suburban,flu_season,,bands,,26,,,,,,,,,,,,,,,,,,,,,0.7307692307692307,0.9615384615384616,0.015151515151515138,-0.07692307692307693,False
gat,post_covid,gat,1,neighborhood,NE Suburban,flu_season,0.5,IT50,27.312493683860776,26,5.0,0.19230769230769232,1.0,3.0,4.0,18.0,0.2,0.75,0.25,0.14285714285714285,0.125,0.2222222222222222,0.05714285714285716,0.061855670103092786,0.062418778393235924,0.7307692307692307,0.8,0.14191420300878035,0.15532544378698226,0.08634284539109038,,,,,False
gat,post_covid,gat,1,neighborhood,NE Suburban,flu_season,0.9,IT90,41.22759712033061,26,1.0,0.038461538461538464,0.0,0.0,1.0,25.0,0.0,,,0.0,0.0,0.0,0.0,0.0,,0.9615384615384616,0.0,0.038801390313730415,0.036982248520710054,-0.049189594083270505,,,,,True
gat,post_covid,gat,1,neighborhood,NE Suburban,flu_season,0.98,IT98,53.6511443833241,26,0.0,0.0,0.0,0.0,0.0,26.0,,,,0.0,,,,,,1.0,,3.458591890186118e-08,0.0,,,,,,True
gat,post_covid,gat,1,neighborhood,Northland,overall,,bands,,53,,,,,,,,,,,,,,,,,,,,,0.8301886792452831,1.0,0.21674876847290658,0.05660377358490566,False
gat,post_covid,gat,1,neighborhood,Northland,overall,0.5,IT50,56.127661353876796,53,5.0,0.09433962264150944,2.0,6.0,3.0,42.0,0.4,0.75,0.25,0.125,0.18181818181818182,0.3076923076923077,0.275,0.21674876847290642,0.22453655975512465,0.8301886792452831,1.6,0.09341477178591406,0.08543965824136704,-0.09334205811096918,,,,,False
gat,post_covid,gat,1,neighborhood,Northland,overall,0.9,IT90,89.91407794411414,53,0.0,0.0,0.0,0.0,0.0,53.0,,,,0.0,,,,,,1.0,,9.118485922471215e-07,0.0,,,,,,True
gat,post_covid,gat,1,neighborhood,Northland,overall,0.98,IT98,121.54516325409915,53,0.0,0.0,0.0,0.0,0.0,53.0,,,,0.0,,,,,,1.0,,2.5799987789214373e-17,0.0,,,,,,True
gat,post_covid,gat,1,neighborhood,Northland,flu_season,,bands,,26,,,,,,,,,,,,,,,,,,,,,0.6538461538461539,1.0,0.09302325581395343,0.11538461538461539,False
gat,post_covid,gat,1,neighborhood,Northland,flu_season,0.5,IT50,56.127661353876796,26,5.0,0.19230769230769232,2.0,6.0,3.0,15.0,0.4,0.75,0.25,0.2857142857142857,0.18181818181818182,0.3076923076923077,0.11428571428571432,0.09302325581395349,0.09759000729485331,0.6538461538461539,1.6,0.1904037058906008,0.15532544378698226,-0.22583719220996312,,,,,False
gat,post_covid,gat,1,neighborhood,Northland,flu_season,0.9,IT90,89.91407794411414,26,0.0,0.0,0.0,0.0,0.0,26.0,,,,0.0,,,,,,1.0,,1.8587682841960304e-06,0.0,,,,,,True
gat,post_covid,gat,1,neighborhood,Northland,flu_season,0.98,IT98,121.54516325409915,26,0.0,0.0,0.0,0.0,0.0,26.0,,,,0.0,,,,,,1.0,,5.2592282801090844e-17,0.0,,,,,,True
gat,post_covid,gat,1,neighborhood,UA/Grandview,overall,,bands,,53,,,,,,,,,,,,,,,,,,,,,0.7924528301886793,1.0,0.1611510791366908,0.09433962264150944,False
gat,post_covid,gat,1,neighborhood,UA/Grandview,overall,0.5,IT50,8.143164584776198,53,5.0,0.09433962264150944,2.0,8.0,3.0,40.0,0.4,0.8,0.2,0.16666666666666666,0.15384615384615385,0.26666666666666666,0.23333333333333336,0.16115107913669063,0.17432038578211329,0.7924528301886793,2.0,0.11442341014438007,0.08543965824136704,-0.3392306628981816,,,,,False
gat,post_covid,gat,1,neighborhood,UA/Grandview,overall,0.9,IT90,16.706142473783938,53,0.0,0.0,0.0,0.0,0.0,53.0,,,,0.0,,,,,,1.0,,0.0006335736518776795,0.0,,,,,,True
gat,post_covid,gat,1,neighborhood,UA/Grandview,overall,0.98,IT98,26.455007113900507,53,0.0,0.0,0.0,0.0,0.0,53.0,,,,0.0,,,,,,1.0,,1.0879744493562577e-09,0.0,,,,,,True
gat,post_covid,gat,1,neighborhood,UA/Grandview,flu_season,,bands,,26,,,,,,,,,,,,,,,,,,,,,0.5769230769230769,1.0,0.013793103448276,0.19230769230769232,False
gat,post_covid,gat,1,neighborhood,UA/Grandview,flu_season,0.5,IT50,8.143164584776198,26,5.0,0.19230769230769232,2.0,8.0,3.0,13.0,0.4,0.8,0.2,0.38095238095238093,0.15384615384615385,0.26666666666666666,0.01904761904761909,0.013793103448275862,0.015430334996209192,0.5769230769230769,2.0,0.22893369817938375,0.15532544378698226,-0.4738969520882228,,,,,False
gat,post_covid,gat,1,neighborhood,UA/Grandview,flu_season,0.9,IT90,16.706142473783938,26,0.0,0.0,0.0,0.0,0.0,26.0,,,,0.0,,,,,,1.0,,0.0012915151627213538,0.0,,,,,,True
gat,post_covid,gat,1,neighborhood,UA/Grandview,flu_season,0.98,IT98,26.455007113900507,26,0.0,0.0,0.0,0.0,0.0,26.0,,,,0.0,,,,,,1.0,,2.217794069841602e-09,0.0,,,,,,True
gat,post_covid,gat,1,neighborhood,West,overall,,bands,,53,,,,,,,,,,,,,,,,,,,,,0.8490566037735849,1.0,0.1311475409836067,0.07547169811320754,False
gat,post_covid,gat,1,neighborhood,West,overall,0.5,IT50,73.15037971354549,53,3.0,0.05660377358490566,1.0,6.0,2.0,44.0,0.3333333333333333,0.8571428571428571,0.14285714285714285,0.12,0.1111111111111111,0.2,0.21333333333333332,0.13114754098360656,0.14560504166185284,0.8490566037735849,2.3333333333333335,0.07258089372310769,0.05339978640085441,-0.3591982031213963,,,,,True
gat,post_covid,gat,1,neighborhood,West,overall,0.9,IT90,114.1022318647041,53,0.0,0.0,0.0,0.0,0.0,53.0,,,,0.0,,,,,,1.0,,9.501993380626795e-07,0.0,,,,,,True
gat,post_covid,gat,1,neighborhood,West,overall,0.98,IT98,151.63555393306305,53,0.0,0.0,0.0,0.0,0.0,53.0,,,,0.0,,,,,,1.0,,3.2956942388640363e-17,0.0,,,,,,True
gat,post_covid,gat,1,neighborhood,West,flu_season,,bands,,26,,,,,,,,,,,,,,,,,,,,,0.6923076923076923,1.0,0.04587155963302747,0.15384615384615385,False
gat,post_covid,gat,1,neighborhood,West,flu_season,0.5,IT50,73.15037971354549,26,3.0,0.11538461538461539,1.0,6.0,2.0,17.0,0.3333333333333333,0.8571428571428571,0.14285714285714285,0.2608695652173913,0.1111111111111111,0.2,0.07246376811594202,0.045871559633027525,0.052193886700168265,0.6923076923076923,2.3333333333333335,0.14795272595594183,0.10207100591715977,-0.44950786588719804,,,,,True
gat,post_covid,gat,1,neighborhood,West,flu_season,0.9,IT90,114.1022318647041,26,0.0,0.0,0.0,0.0,0.0,26.0,,,,0.0,,,,,,1.0,,1.936944804512385e-06,0.0,,,,,,True
gat,post_covid,gat,1,neighborhood,West,flu_season,0.98,IT98,151.63555393306305,26,0.0,0.0,0.0,0.0,0.0,26.0,,,,0.0,,,,,,1.0,,6.718145948453612e-17,0.0,,,,,,True
gat,post_covid,gat,1,neighborhood,Westerville,overall,,bands,,53,,,,,,,,,,,,,,,,,,,,,0.8867924528301887,0.9622641509433962,0.3190578158458245,-0.03773584905660377,False
gat,post_covid,gat,1,neighborhood,Westerville,overall,0.5,IT50,24.33364195874595,53,7.0,0.1320754716981132,4.0,3.0,3.0,43.0,0.5714285714285714,0.42857142857142855,0.5714285714285714,0.06521739130434782,0.4,0.5714285714285714,0.5062111801242236,0.5062111801242236,0.5062111801242236,0.8867924528301887,1.0,0.07302252795726387,0.1146315414738341,0.3629804936895832,,,,,False
gat,post_covid,gat,1,neighborhood,Westerville,overall,0.9,IT90,36.408491039457616,53,2.0,0.03773584905660377,0.0,0.0,2.0,51.0,0.0,,,0.0,0.0,0.0,0.0,0.0,,0.9622641509433962,0.0,0.03675289387343875,0.03631185475258099,-0.012145871475386594,,,,,True
gat,post_covid,gat,1,neighborhood,Westerville,overall,0.98,IT98,47.11324141772458,53,0.0,0.0,0.0,0.0,0.0,53.0,,,,0.0,,,,,,1.0,,1.343651941941815e-07,0.0,,,,,,True
gat,post_covid,gat,1,neighborhood,Westerville,flu_season,,bands,,26,,,,,,,,,,,,,,,,,,,,,0.7692307692307693,0.9230769230769231,0.20812182741116758,-0.07692307692307693,False
gat,post_covid,gat,1,neighborhood,Westerville,flu_season,0.5,IT50,24.33364195874595,26,7.0,0.2692307692307692,4.0,3.0,3.0,16.0,0.5714285714285714,0.42857142857142855,0.5714285714285714,0.15789473684210525,0.4,0.5714285714285714,0.41353383458646614,0.41353383458646614,0.41353383458646614,0.7692307692307693,1.0,0.14866821950869838,0.19674556213017758,0.24436303467759346,,,,,False
gat,post_covid,gat,1,neighborhood,Westerville,flu_season,0.9,IT90,36.408491039457616,26,2.0,0.07692307692307693,0.0,0.0,2.0,24.0,0.0,,,0.0,0.0,0.0,0.0,0.0,,0.9230769230769231,0.0,0.0749193605633594,0.07100591715976333,-0.05511432793397808,,,,,True
gat,post_covid,gat,1,neighborhood,Westerville,flu_season,0.98,IT98,47.11324141772458,26,0.0,0.0,0.0,0.0,0.0,26.0,,,,0.0,,,,,,1.0,,2.738982804727501e-07,0.0,,,,,,True
gat,post_covid,gat,1,neighborhood,Worthington,overall,,bands,,53,,,,,,,,,,,,,,,,,,,,,0.7735849056603774,0.9622641509433962,0.45653143111903693,-0.24528301886792453,False
gat,post_covid,gat,1,neighborhood,Worthington,overall,0.5,IT50,13.721631551906164,53,16.0,0.3018867924528302,9.0,1.0,7.0,36.0,0.5625,0.1,0.9,0.02702702702702703,0.5294117647058824,0.6923076923076923,0.535472972972973,0.5992438563327032,0.628295835430739,0.8490566037735849,0.625,0.13253194736006027,0.21075115699537203,0.37114486463782215,,,,,False
gat,post_covid,gat,1,neighborhood,Worthington,overall,0.9,IT90,22.978569674557114,53,5.0,0.09433962264150944,0.0,0.0,5.0,48.0,0.0,,,0.0,0.0,0.0,0.0,0.0,,0.9056603773584906,0.0,0.08465074722844546,0.08543965824136704,0.009233545980403046,,,,,False
gat,post_covid,gat,1,neighborhood,Worthington,overall,0.98,IT98,31.956357603850087,53,2.0,0.03773584905660377,0.0,0.0,2.0,51.0,0.0,,,0.0,0.0,0.0,0.0,0.0,,0.9622641509433962,0.0,0.037718763448260195,0.03631185475258099,-0.038745162021204926,,,,,True
gat,post_covid,gat,1,neighborhood,Worthington,flu_season,,bands,,26,,,,,,,,,,,,,,,,,,,,,0.6153846153846154,0.9230769230769231,0.360655737704918,-0.4230769230769231,False
gat,post_covid,gat,1,neighborhood,Worthington,flu_season,0.5,IT50,13.721631551906164,26,14.0,0.5384615384615384,9.0,1.0,5.0,11.0,0.6428571428571429,0.1,0.9,0.08333333333333333,0.6,0.75,0.5595238095238095,0.5465116279069767,0.5733412928572633,0.7692307692307693,0.7142857142857143,0.19861578189111043,0.24852071005917165,0.20080792524767488,,,,,False
gat,post_covid,gat,1,neighborhood,Worthington,flu_season,0.9,IT90,22.978569674557114,26,5.0,0.19230769230769232,0.0,0.0,5.0,21.0,0.0,,,0.0,0.0,0.0,0.0,0.0,,0.8076923076923077,0.0,0.17255729023799876,0.15532544378698226,-0.11094026857987771,,,,,False
gat,post_covid,gat,1,neighborhood,Worthington,flu_season,0.98,IT98,31.956357603850087,26,2.0,0.07692307692307693,0.0,0.0,2.0,24.0,0.0,,,0.0,0.0,0.0,0.0,0.0,,0.9230769230769231,0.0,0.07688824856760733,0.07100591715976333,-0.08284283399380299,,,,,True
gnn_st,post_covid,gnn_st,1,citywide,CITYWIDE,overall,,bands,,53,,,,,,,,,,,,,,,,,,,,,0.9245283018867925,1.0,0.6718266253869969,-0.03773584905660377,False
gnn_st,post_covid,gnn_st,1,citywide,CITYWIDE,overall,0.5,IT50,35.19412725226089,53,8.0,0.1509433962264151,5.0,1.0,3.0,44.0,0.625,0.16666666666666666,0.8333333333333334,0.022222222222222223,0.5555555555555556,0.7142857142857143,0.6027777777777777,0.6718266253869969,0.6810577343440497,0.9245283018867925,0.75,0.04081101797880637,0.12815948736205057,0.6815606958264804,,,,,False
gnn_st,post_covid,gnn_st,1,citywide,CITYWIDE,overall,0.9,IT90,56.071415152332634,53,0.0,0.0,0.0,0.0,0.0,53.0,,,,0.0,,,,,,1.0,,0.002228109664255109,0.0,,,,,,True
gnn_st,post_covid,gnn_st,1,citywide,CITYWIDE,overall,0.98,IT98,75.53173152268305,53,0.0,0.0,0.0,0.0,0.0,53.0,,,,0.0,,,,,,1.0,,1.2659253955267295e-06,0.0,,,,,,True
gnn_st,post_covid,gnn_st,1,citywide,CITYWIDE,flu_season,,bands,,26,,,,,,,,,,,,,,,,,,,,,0.8461538461538461,1.0,0.6119402985074627,-0.07692307692307693,False
gnn_st,post_covid,gnn_st,1,citywide,CITYWIDE,flu_season,0.5,IT50,35.19412725226089,26,8.0,0.3076923076923077,5.0,1.0,3.0,17.0,0.625,0.16666666666666666,0.8333333333333334,0.05555555555555555,0.5555555555555556,0.7142857142857143,0.5694444444444444,0.6119402985074627,0.6237951349364392,0.8461538461538461,0.75,0.08298118303487413,0.2130177514792899,0.6104494463085075,,,,,False
gnn_st,post_covid,gnn_st,1,citywide,CITYWIDE,flu_season,0.9,IT90,56.071415152332634,26,0.0,0.0,0.0,0.0,0.0,26.0,,,,0.0,,,,,,1.0,,0.004541915852062509,0.0,,,,,,True
gnn_st,post_covid,gnn_st,1,citywide,CITYWIDE,flu_season,0.98,IT98,75.53173152268305,26,0.0,0.0,0.0,0.0,0.0,26.0,,,,0.0,,,,,,1.0,,2.5805402293429486e-06,0.0,,,,,,True
gnn_st,post_covid,gnn_st,1,pooled,ALL,overall,,bands,,901,,,,,,,,,,,,,,,,,,,,,0.902330743618202,0.9955604883462819,0.6423496161510309,-0.03773584905660377,False
gnn_st,post_covid,gnn_st,1,pooled,ALL,overall,0.5,IT50,,901,118.0,0.1309655937846837,71.0,26.0,47.0,757.0,0.6016949152542372,0.26804123711340205,0.7319587628865979,0.033205619412515965,0.4930555555555556,0.6604651162790698,0.5684892958417213,0.6149640270923704,0.618771475169914,0.9189789123196448,0.8220338983050848,0.055989314309489384,0.11381360702930893,0.5080613314094229,,,,,False
gnn_st,post_covid,gnn_st,1,pooled,ALL,overall,0.9,IT90,,901,17.0,0.018867924528301886,4.0,3.0,13.0,881.0,0.23529411764705882,0.42857142857142855,0.5714285714285714,0.003393665158371041,0.2,0.3333333333333333,0.2319004524886878,0.32591414944356123,0.35936386859063935,0.9822419533851277,0.4117647058823529,0.01472630941367326,0.01851192595229619,0.20449609340368857,,,,,False
gnn_st,post_covid,gnn_st,1,pooled,ALL,overall,0.98,IT98,,901,4.0,0.004439511653718091,1.0,0.0,3.0,897.0,0.25,0.0,1.0,0.0,0.25,0.4,0.25,0.3989326217478319,0.4991659710623979,0.9966703662597114,0.25,0.0032908586357227225,0.004419802389994593,0.25542855871283676,,,,,True
gnn_st,post_covid,gnn_st,1,pooled,ALL,flu_season,,bands,,442,,,,,,,,,,,,,,,,,,,,,0.8099547511312217,0.9909502262443439,0.6063310634034105,-0.06787330316742081,False
gnn_st,post_covid,gnn_st,1,pooled,ALL,flu_season,0.5,IT50,,442,114.0,0.2579185520361991,71.0,26.0,43.0,302.0,0.6228070175438597,0.26804123711340205,0.7319587628865979,0.07926829268292683,0.5071428571428571,0.6729857819905213,0.5435387248609329,0.5713321901442105,0.5745454954511022,0.8438914027149321,0.8508771929824561,0.10475676340621559,0.19139657255174955,0.45267168575920236,,,,,False
gnn_st,post_covid,gnn_st,1,pooled,ALL,flu_season,0.9,IT90,,442,17.0,0.038461538461538464,4.0,3.0,13.0,422.0,0.23529411764705882,0.42857142857142855,0.5714285714285714,0.007058823529411765,0.2,0.3333333333333333,0.22823529411764706,0.3180327868852459,0.35156698250198365,0.9638009049773756,0.4117647058823529,0.030018074568701408,0.03698224852071006,0.188311263662314,,,,,False
gnn_st,post_covid,gnn_st,1,pooled,ALL,flu_season,0.98,IT98,,442,4.0,0.00904977375565611,1.0,0.0,3.0,438.0,0.25,0.0,1.0,0.0,0.25,0.4,0.25,0.3978201634877384,0.49829641753467496,0.9932126696832579,0.25,0.006708288723155134,0.008967875350627548,0.25196454445748895,,,,,True
gnn_st,post_covid,gnn_st,1,neighborhood,Agler/Cassidy,overall,,bands,,53,,,,,,,,,,,,,,,,,,,,,0.9433962264150944,1.0,0.6959847036328872,-0.018867924528301886,False
gnn_st,post_covid,gnn_st,1,neighborhood,Agler/Cassidy,overall,0.5,IT50,51.74083078339265,53,6.0,0.11320754716981132,4.0,1.0,2.0,46.0,0.6666666666666666,0.2,0.8,0.02127659574468085,0.5714285714285714,0.7272727272727273,0.6453900709219857,0.6959847036328872,0.6995861660885712,0.9433962264150944,0.8333333333333334,0.029695817063354765,0.10039159843360627,0.7042001768405548,,,,,False
gnn_st,post_covid,gnn_st,1,neighborhood,Agler/Cassidy,overall,0.9,IT90,88.48740693700204,53,0.0,0.0,0.0,0.0,0.0,53.0,,,,0.0,,,,,,1.0,,0.0009180608416073773,0.0,,,,,,True
gnn_st,post_covid,gnn_st,1,neighborhood,Agler/Cassidy,overall,0.98,IT98,124.72586226376617,53,0.0,0.0,0.0,0.0,0.0,53.0,,,,0.0,,,,,,1.0,,1.417264126955055e-09,0.0,,,,,,True
gnn_st,post_covid,gnn_st,1,neighborhood,Agler/Cassidy,flu_season,,bands,,26,,,,,,,,,,,,,,,,,,,,,0.8846153846153846,1.0,0.654867256637168,-0.038461538461538464,False
gnn_st,post_covid,gnn_st,1,neighborhood,Agler/Cassidy,flu_season,0.5,IT50,51.74083078339265,26,6.0,0.23076923076923078,4.0,1.0,2.0,19.0,0.6666666666666666,0.2,0.8,0.05,0.5714285714285714,0.7272727272727273,0.6166666666666666,0.6548672566371682,0.6592443967173135,0.8846153846153846,0.8333333333333334,0.0605131058759308,0.17751479289940827,0.6591095035655898,,,,,False
gnn_st,post_covid,gnn_st,1,neighborhood,Agler/Cassidy,flu_season,0.9,IT90,88.48740693700204,26,0.0,0.0,0.0,0.0,0.0,26.0,,,,0.0,,,,,,1.0,,0.0018714317155842685,0.0,,,,,,True
gnn_st,post_covid,gnn_st,1,neighborhood,Agler/Cassidy,flu_season,0.98,IT98,124.72586226376617,26,0.0,0.0,0.0,0.0,0.0,26.0,,,,0.0,,,,,,1.0,,2.8890384126391507e-09,0.0,,,,,,True
gnn_st,post_covid,gnn_st,1,neighborhood,Bexley,overall,,bands,,53,,,,,,,,,,,,,,,,,,,,,0.8301886792452831,0.9811320754716981,0.45266781411359724,-0.11320754716981132,False
gnn_st,post_covid,gnn_st,1,neighborhood,Bexley,overall,0.5,IT50,24.605454693531783,53,8.0,0.1509433962264151,3.0,2.0,5.0,43.0,0.375,0.4,0.6,0.044444444444444446,0.3,0.46153846153846156,0.33055555555555555,0.39080459770114945,0.40484622137666415,0.8679245283018868,0.625,0.07355264351401233,0.12815948736205057,0.4260850676920539,,,,,False
gnn_st,post_covid,gnn_st,1,neighborhood,Bexley,overall,0.9,IT90,37.5430295506582,53,2.0,0.03773584905660377,0.0,0.0,2.0,51.0,0.0,,,0.0,0.0,0.0,0.0,0.0,,0.9622641509433962,0.0,0.03021446175819591,0.03631185475258099,0.16791742079634986,,,,,True
gnn_st,post_covid,gnn_st,1,neighborhood,Bexley,overall,0.98,IT98,49.19357270883574,53,1.0,0.018867924528301886,0.0,0.0,1.0,52.0,0.0,,,0.0,0.0,0.0,0.0,0.0,,0.9811320754716981,0.0,0.018513464999209472,0.018511925952296185,-8.313813037363893e-05,,,,,True
gnn_st,post_covid,gnn_st,1,neighborhood,Bexley,flu_season,,bands,,26,,,,,,,,,,,,,,,,,,,,,0.6923076923076923,0.9615384615384616,0.4257028112449799,-0.19230769230769232,False
gnn_st,post_covid,gnn_st,1,neighborhood,Bexley,flu_season,0.5,IT50,24.605454693531783,26,7.0,0.2692307692307692,3.0,2.0,4.0,17.0,0.42857142857142855,0.4,0.6,0.10526315789473684,0.3333333333333333,0.5,0.3233082706766917,0.35537190082644626,0.3638714534805853,0.7692307692307693,0.7142857142857143,0.11139306043109082,0.19674556213017758,0.43382173795926793,,,,,False
gnn_st,post_covid,gnn_st,1,neighborhood,Bexley,flu_season,0.9,IT90,37.5430295506582,26,2.0,0.07692307692307693,0.0,0.0,2.0,24.0,0.0,,,0.0,0.0,0.0,0.0,0.0,,0.9230769230769231,0.0,0.06159101813771058,0.07100591715976333,0.13259316122724285,,,,,True
gnn_st,post_covid,gnn_st,1,neighborhood,Bexley,flu_season,0.98,IT98,49.19357270883574,26,1.0,0.038461538461538464,0.0,0.0,1.0,25.0,0.0,,,0.0,0.0,0.0,0.0,0.0,,0.9615384615384616,0.0,0.03773898634454239,0.036982248520710054,-0.020462190756426413,,,,,True
gnn_st,post_covid,gnn_st,1,neighborhood,Clintonville/Near North,overall,,bands,,53,,,,,,,,,,,,,,,,,,,,,0.8679245283018868,0.9811320754716981,0.7279260780287475,-0.07547169811320754,False
gnn_st,post_covid,gnn_st,1,neighborhood,Clintonville/Near North,overall,0.5,IT50,15.728895715230147,53,11.0,0.20754716981132076,8.0,2.0,3.0,40.0,0.7272727272727273,0.2,0.8,0.047619047619047616,0.6153846153846154,0.7619047619047619,0.6796536796536796,0.7032474804031354,0.7044893506238787,0.9056603773584906,0.9090909090909091,0.05655714377363076,0.1644713421146316,0.6561276691339204,,,,,False
gnn_st,post_covid,gnn_st,1,neighborhood,Clintonville/Near North,overall,0.9,IT90,22.099499115677975,53,4.0,0.07547169811320754,2.0,0.0,2.0,49.0,0.5,0.0,1.0,0.0,0.5,0.6666666666666666,0.5,0.6490066225165563,0.6931032800836721,0.9622641509433962,0.5,0.042865490330896344,0.06977572089711641,0.3856675390842458,,,,,True
gnn_st,post_covid,gnn_st,1,neighborhood,Clintonville/Near North,overall,0.98,IT98,27.469599865392972,53,1.0,0.018867924528301886,0.0,0.0,1.0,52.0,0.0,,,0.0,0.0,0.0,0.0,0.0,,0.9811320754716981,0.0,0.013159141407716792,0.018511925952296185,0.2891533035716062,,,,,True
gnn_st,post_covid,gnn_st,1,neighborhood,Clintonville/Near North,flu_season,,bands,,26,,,,,,,,,,,,,,,,,,,,,0.7307692307692307,0.9615384615384616,0.6578947368421052,-0.15384615384615385,False
gnn_st,post_covid,gnn_st,1,neighborhood,Clintonville/Near North,flu_season,0.5,IT50,15.728895715230147,26,11.0,0.4230769230769231,8.0,2.0,3.0,13.0,0.7272727272727273,0.2,0.8,0.13333333333333333,0.6153846153846154,0.7619047619047619,0.593939393939394,0.6012269938650306,0.6031483057987304,0.8076923076923077,0.9090909090909091,0.11437759941871854,0.24408284023668633,0.5313984411693712,,,,,False
gnn_st,post_covid,gnn_st,1,neighborhood,Clintonville/Near North,flu_season,0.9,IT90,22.099499115677975,26,4.0,0.15384615384615385,2.0,0.0,2.0,22.0,0.5,0.0,1.0,0.0,0.5,0.6666666666666666,0.5,0.6285714285714286,0.67700320038633,0.9230769230769231,0.5,0.08737864116220426,0.13017751479289943,0.32877316561761294,,,,,True
gnn_st,post_covid,gnn_st,1,neighborhood,Clintonville/Near North,flu_season,0.98,IT98,27.469599865392972,26,1.0,0.038461538461538464,0.0,0.0,1.0,25.0,0.0,,,0.0,0.0,0.0,0.0,0.0,,0.9615384615384616,0.0,0.02682440327766534,0.036982248520710054,0.27466813537192913,,,,,True
gnn_st,post_covid,gnn_st,1,neighborhood,Dublin,overall,,bands,,53,,,,,,,,,,,,,,,,,,,,,0.8867924528301887,1.0,0.6838966202783301,-0.03773584905660377,False
gnn_st,post_covid,gnn_st,1,neighborhood,Dublin,overall,0.5,IT50,8.038849454818003,53,9.0,0.16981132075471697,6.0,1.0,3.0,43.0,0.6666666666666666,0.14285714285714285,0.8571428571428571,0.022727272727272728,0.6,0.75,0.6439393939393939,0.7063711911357341,0.7141092385043215,0.9245283018867925,0.7777777777777778,0.0771950759680112,0.14097543609825564,0.45242179698448637,,,,,False
gnn_st,post_covid,gnn_st,1,neighborhood,Dublin,overall,0.9,IT90,14.1626396504559,53,1.0,0.018867924528301886,0.0,1.0,1.0,51.0,0.0,1.0,0.0,0.019230769230769232,0.0,0.0,-0.019230769230769232,-0.019230769230769232,-0.019230769230769232,0.9622641509433962,1.0,0.01853032059996263,0.018511925952296185,-0.0009936647172124058,,,,,True
gnn_st,post_covid,gnn_st,1,neighborhood,Dublin,overall,0.98,IT98,20.345693253667104,53,0.0,0.0,0.0,0.0,0.0,53.0,,,,0.0,,,,,,1.0,,0.00047242228161321236,0.0,,,,,,True
gnn_st,post_covid,gnn_st,1,neighborhood,Dublin,flu_season,,bands,,26,,,,,,,,,,,,,,,,,,,,,0.8076923076923077,1.0,0.6766169154228856,-0.038461538461538464,False
gnn_st,post_covid,gnn_st,1,neighborhood,Dublin,flu_season,0.5,IT50,8.038849454818003,26,8.0,0.3076923076923077,6.0,1.0,2.0,17.0,0.75,0.14285714285714285,0.8571428571428571,0.05555555555555555,0.6666666666666666,0.8,0.6944444444444444,0.7194244604316546,0.7225916412701,0.8846153846153846,0.875,0.1187071123532619,0.21301775147928986,0.442736055897187,,,,,False
gnn_st,post_covid,gnn_st,1,neighborhood,Dublin,flu_season,0.9,IT90,14.1626396504559,26,1.0,0.038461538461538464,0.0,1.0,1.0,24.0,0.0,1.0,0.0,0.04,0.0,0.0,-0.04,-0.04,-0.04,0.9230769230769231,1.0,0.03776925788847514,0.036982248520710054,-0.02128073330436786,,,,,True
gnn_st,post_covid,gnn_st,1,neighborhood,Dublin,flu_season,0.98,IT98,20.345693253667104,26,0.0,0.0,0.0,0.0,0.0,26.0,,,,0.0,,,,,,1.0,,0.0009630146113769587,0.0,,,,,,True
gnn_st,post_covid,gnn_st,1,neighborhood,Eastside,overall,,bands,,53,,,,,,,,,,,,,,,,,,,,,0.8867924528301887,1.0,0.5267857142857144,-0.03773584905660377,False
gnn_st,post_covid,gnn_st,1,neighborhood,Eastside,overall,0.5,IT50,53.89825474693718,53,6.0,0.11320754716981132,3.0,2.0,3.0,45.0,0.5,0.4,0.6,0.0425531914893617,0.375,0.5454545454545454,0.4574468085106383,0.4933078393881453,0.49586052431552574,0.9056603773584906,0.8333333333333334,0.07291541832346059,0.10039159843360627,0.2736900352106355,,,,,False
gnn_st,post_covid,gnn_st,1,neighborhood,Eastside,overall,0.9,IT90,89.53274062296502,53,1.0,0.018867924528301886,0.0,0.0,1.0,52.0,0.0,,,0.0,0.0,0.0,0.0,0.0,,0.9811320754716981,0.0,0.020054055961815316,0.018511925952296185,-0.08330467686037002,,,,,True
gnn_st,post_covid,gnn_st,1,neighborhood,Eastside,overall,0.98,IT98,123.87134674281285,53,0.0,0.0,0.0,0.0,0.0,53.0,,,,0.0,,,,,,1.0,,2.0341940197569203e-08,0.0,,,,,,True
gnn_st,post_covid,gnn_st,1,neighborhood,Eastside,flu_season,,bands,,26,,,,,,,,,,,,,,,,,,,,,0.7692307692307693,1.0,0.4693877551020408,-0.07692307692307693,False
gnn_st,post_covid,gnn_st,1,neighborhood,Eastside,flu_season,0.5,IT50,53.89825474693718,26,6.0,0.23076923076923078,3.0,2.0,3.0,18.0,0.5,0.4,0.6,0.1,0.375,0.5454545454545454,0.4,0.4247787610619469,0.42761798705987897,0.8076923076923077,0.8333333333333334,0.14861591384060532,0.17751479289940827,0.1627970186979233,,,,,False
gnn_st,post_covid,gnn_st,1,neighborhood,Eastside,flu_season,0.9,IT90,89.53274062296502,26,1.0,0.038461538461538464,0.0,0.0,1.0,25.0,0.0,,,0.0,0.0,0.0,0.0,0.0,,0.9615384615384616,0.0,0.040879421768315834,0.036982248520710054,-0.10537956461526021,,,,,True
gnn_st,post_covid,gnn_st,1,neighborhood,Eastside,flu_season,0.98,IT98,123.87134674281285,26,0.0,0.0,0.0,0.0,0.0,26.0,,,,0.0,,,,,,1.0,,4.146626271042952e-08,0.0,,,,,,True
gnn_st,post_covid,gnn_st,1,neighborhood,Far East,overall,,bands,,53,,,,,,,,,,,,,,,,,,,,,0.9245283018867925,1.0,0.6835820895522389,0.0,False
gnn_st,post_covid,gnn_st,1,neighborhood,Far East,overall,0.5,IT50,76.01095931639992,53,5.0,0.09433962264150944,4.0,2.0,1.0,46.0,0.8,0.3333333333333333,0.6666666666666666,0.041666666666666664,0.5714285714285714,0.7272727272727273,0.7583333333333334,0.6959847036328872,0.6995861660885712,0.9433962264150944,1.2,0.037395953211617906,0.08543965824136704,0.5623115309523554,,,,,False
gnn_st,post_covid,gnn_st,1,neighborhood,Far East,overall,0.9,IT90,119.58175049878095,53,1.0,0.018867924528301886,0.0,0.0,1.0,52.0,0.0,,,0.0,0.0,0.0,0.0,0.0,,0.9811320754716981,0.0,0.013180862649220674,0.018511925952296185,0.2879799388142138,,,,,True
gnn_st,post_covid,gnn_st,1,neighborhood,Far East,overall,0.98,IT98,159.7885780471188,53,0.0,0.0,0.0,0.0,0.0,53.0,,,,0.0,,,,,,1.0,,1.2817366789318287e-08,0.0,,,,,,True
gnn_st,post_covid,gnn_st,1,neighborhood,Far East,flu_season,,bands,,26,,,,,,,,,,,,,,,,,,,,,0.8461538461538461,1.0,0.6438356164383562,0.0,False
gnn_st,post_covid,gnn_st,1,neighborhood,Far East,flu_season,0.5,IT50,76.01095931639992,26,5.0,0.19230769230769232,4.0,2.0,1.0,19.0,0.8,0.3333333333333333,0.6666666666666666,0.09523809523809523,0.5714285714285714,0.7272727272727273,0.7047619047619048,0.6548672566371682,0.6592443967173135,0.8846153846153846,1.2,0.07614957410302135,0.15532544378698226,0.5097417895843579,,,,,False
gnn_st,post_covid,gnn_st,1,neighborhood,Far East,flu_season,0.9,IT90,119.58175049878095,26,1.0,0.038461538461538464,0.0,0.0,1.0,25.0,0.0,,,0.0,0.0,0.0,0.0,0.0,,0.9615384615384616,0.0,0.026868681554180544,0.036982248520710054,0.27347085077495803,,,,,True
gnn_st,post_covid,gnn_st,1,neighborhood,Far East,flu_season,0.98,IT98,159.7885780471188,26,0.0,0.0,0.0,0.0,0.0,26.0,,,,0.0,,,,,,1.0,,2.6127709224379588e-08,0.0,,,,,,True
gnn_st,post_covid,gnn_st,1,neighborhood,Far South,overall,,bands,,53,,,,,,,,,,,,,,,,,,,,,0.8490566037735849,1.0,0.2508833922261484,-0.03773584905660377,False
gnn_st,post_covid,gnn_st,1,neighborhood,Far South,overall,0.5,IT50,69.7066330370401,53,7.0,0.1320754716981132,2.0,3.0,5.0,43.0,0.2857142857142857,0.6,0.4,0.06521739130434782,0.2,0.3333333333333333,0.22049689440993786,0.2508833922261484,0.2554022929868484,0.8490566037735849,0.7142857142857143,0.07781641935416513,0.11463154147383411,0.3211604907892863,,,,,False
gnn_st,post_covid,gnn_st,1,neighborhood,Far South,overall,0.9,IT90,121.95949130896,53,0.0,0.0,0.0,0.0,0.0,53.0,,,,0.0,,,,,,1.0,,3.453365527007567e-07,0.0,,,,,,True
gnn_st,post_covid,gnn_st,1,neighborhood,Far South,overall,0.98,IT98,174.42921640712913,53,0.0,0.0,0.0,0.0,0.0,53.0,,,,0.0,,,,,,1.0,,3.898215143851533e-21,0.0,,,,,,True
gnn_st,post_covid,gnn_st,1,neighborhood,Far South,flu_season,,bands,,26,,,,,,,,,,,,,,,,,,,,,0.6923076923076923,1.0,0.1404958677685949,-0.07692307692307693,False
gnn_st,post_covid,gnn_st,1,neighborhood,Far South,flu_season,0.5,IT50,69.7066330370401,26,7.0,0.2692307692307692,2.0,3.0,5.0,16.0,0.2857142857142857,0.6,0.4,0.15789473684210525,0.2,0.3333333333333333,0.12781954887218044,0.14049586776859505,0.14385615602720814,0.6923076923076923,0.7142857142857143,0.15860761143440774,0.19674556213017758,0.19384402007774737,,,,,False
gnn_st,post_covid,gnn_st,1,neighborhood,Far South,flu_season,0.9,IT90,121.95949130896,26,0.0,0.0,0.0,0.0,0.0,26.0,,,,0.0,,,,,,1.0,,7.039552805053885e-07,0.0,,,,,,True
gnn_st,post_covid,gnn_st,1,neighborhood,Far South,flu_season,0.98,IT98,174.42921640712913,26,0.0,0.0,0.0,0.0,0.0,26.0,,,,0.0,,,,,,1.0,,7.946361639389664e-21,0.0,,,,,,True
gnn_st,post_covid,gnn_st,1,neighborhood,Far Southeast,overall,,bands,,53,,,,,,,,,,,,,,,,,,,,,0.9433962264150944,1.0,0.5470085470085471,-0.05660377358490566,False
gnn_st,post_covid,gnn_st,1,neighborhood,Far Southeast,overall,0.5,IT50,10.956265259525463,53,5.0,0.09433962264150944,2.0,0.0,3.0,48.0,0.4,0.0,1.0,0.0,0.4,0.5714285714285714,0.4,0.5470085470085471,0.6135719910778964,0.9433962264150944,0.4,0.05689317865295109,0.08543965824136704,0.33411275484941827,,,,,False
gnn_st,post_covid,gnn_st,1,neighborhood,Far Southeast,overall,0.9,IT90,18.40391015194404,53,0.0,0.0,0.0,0.0,0.0,53.0,,,,0.0,,,,,,1.0,,0.0013622149732545258,0.0,,,,,,True
gnn_st,post_covid,gnn_st,1,neighborhood,Far Southeast,overall,0.98,IT98,25.644566505740826,53,0.0,0.0,0.0,0.0,0.0,53.0,,,,0.0,,,,,,1.0,,6.482575764777623e-06,0.0,,,,,,True
gnn_st,post_covid,gnn_st,1,neighborhood,Far Southeast,flu_season,,bands,,26,,,,,,,,,,,,,,,,,,,,,0.8846153846153846,1.0,0.5185185185185186,-0.11538461538461539,False
gnn_st,post_covid,gnn_st,1,neighborhood,Far Southeast,flu_season,0.5,IT50,10.956265259525463,26,5.0,0.19230769230769232,2.0,0.0,3.0,21.0,0.4,0.0,1.0,0.0,0.4,0.5714285714285714,0.4,0.5185185185185185,0.5916079783099616,0.8846153846153846,0.4,0.11332784809657791,0.15532544378698226,0.2703845208258414,,,,,False
gnn_st,post_covid,gnn_st,1,neighborhood,Far Southeast,flu_season,0.9,IT90,18.40391015194404,26,0.0,0.0,0.0,0.0,0.0,26.0,,,,0.0,,,,,,1.0,,0.00277564679964153,0.0,,,,,,True
gnn_st,post_covid,gnn_st,1,neighborhood,Far Southeast,flu_season,0.98,IT98,25.644566505740826,26,0.0,0.0,0.0,0.0,0.0,26.0,,,,0.0,,,,,,1.0,,1.321447340905748e-05,0.0,,,,,,True
gnn_st,post_covid,gnn_st,1,neighborhood,Far Southwest,overall,,bands,,53,,,,,,,,,,,,,,,,,,,,,0.9811320754716981,1.0,0.8787185354691076,-0.018867924528301886,False
gnn_st,post_covid,gnn_st,1,neighborhood,Far Southwest,overall,0.5,IT50,34.041053932580134,53,5.0,0.09433962264150944,4.0,0.0,1.0,48.0,0.8,0.0,1.0,0.0,0.8,0.8888888888888888,0.8,0.8787185354691075,0.885253336275981,0.9811320754716981,0.8,0.02479971346422654,0.08543965824136704,0.7097400203291152,,,,,False
gnn_st,post_covid,gnn_st,1,neighborhood,Far Southwest,overall,0.9,IT90,54.68112356483704,53,0.0,0.0,0.0,0.0,0.0,53.0,,,,0.0,,,,,,1.0,,0.0016960474311936982,0.0,,,,,,True
gnn_st,post_covid,gnn_st,1,neighborhood,Far Southwest,overall,0.98,IT98,74.04650918881951,53,0.0,0.0,0.0,0.0,0.0,53.0,,,,0.0,,,,,,1.0,,5.47218542378264e-07,0.0,,,,,,True
gnn_st,post_covid,gnn_st,1,neighborhood,Far Southwest,flu_season,,bands,,26,,,,,,,,,,,,,,,,,,,,,0.9615384615384616,1.0,0.865979381443299,-0.038461538461538464,False
gnn_st,post_covid,gnn_st,1,neighborhood,Far Southwest,flu_season,0.5,IT50,34.041053932580134,26,5.0,0.19230769230769232,4.0,0.0,1.0,21.0,0.8,0.0,1.0,0.0,0.8,0.8888888888888888,0.8,0.865979381443299,0.873862897505303,0.9615384615384616,0.8,0.05046069939167808,0.15532544378698226,0.6751292115354821,,,,,False
gnn_st,post_covid,gnn_st,1,neighborhood,Far Southwest,flu_season,0.9,IT90,54.68112356483704,26,0.0,0.0,0.0,0.0,0.0,26.0,,,,0.0,,,,,,1.0,,0.0034573274554019684,0.0,,,,,,True
gnn_st,post_covid,gnn_st,1,neighborhood,Far Southwest,flu_season,0.98,IT98,74.04650918881951,26,0.0,0.0,0.0,0.0,0.0,26.0,,,,0.0,,,,,,1.0,,1.1154839517710766e-06,0.0,,,,,,True
gnn_st,post_covid,gnn_st,1,neighborhood,Hilliard,overall,,bands,,53,,,,,,,,,,,,,,,,,,,,,0.9056603773584906,1.0,0.6120058565153734,-0.018867924528301886,False
gnn_st,post_covid,gnn_st,1,neighborhood,Hilliard,overall,0.5,IT50,19.24134804712757,53,8.0,0.1509433962264151,5.0,2.0,3.0,43.0,0.625,0.2857142857142857,0.7142857142857143,0.044444444444444446,0.5,0.6666666666666666,0.5805555555555556,0.6120058565153733,0.6138568406737519,0.9056603773584906,0.875,0.0513602518656107,0.12815948736205057,0.5992473680819432,,,,,False
gnn_st,post_covid,gnn_st,1,neighborhood,Hilliard,overall,0.9,IT90,34.52709434950146,53,0.0,0.0,0.0,0.0,0.0,53.0,,,,0.0,,,,,,1.0,,0.0022684449383004505,0.0,,,,,,True
gnn_st,post_covid,gnn_st,1,neighborhood,Hilliard,overall,0.98,IT98,50.186768532537315,53,0.0,0.0,0.0,0.0,0.0,53.0,,,,0.0,,,,,,1.0,,1.40433416459547e-06,0.0,,,,,,True
gnn_st,post_covid,gnn_st,1,neighborhood,Hilliard,flu_season,,bands,,26,,,,,,,,,,,,,,,,,,,,,0.8076923076923077,1.0,0.5323741007194245,-0.038461538461538464,False
gnn_st,post_covid,gnn_st,1,neighborhood,Hilliard,flu_season,0.5,IT50,19.24134804712757,26,8.0,0.3076923076923077,5.0,2.0,3.0,16.0,0.625,0.2857142857142857,0.7142857142857143,0.1111111111111111,0.5,0.6666666666666666,0.5138888888888888,0.5323741007194245,0.534717814539874,0.8076923076923077,0.875,0.10437967471129773,0.21301775147928986,0.50999541593863,,,,,False
gnn_st,post_covid,gnn_st,1,neighborhood,Hilliard,flu_season,0.9,IT90,34.52709434950146,26,0.0,0.0,0.0,0.0,0.0,26.0,,,,0.0,,,,,,1.0,,0.0046241377541517015,0.0,,,,,,True
gnn_st,post_covid,gnn_st,1,neighborhood,Hilliard,flu_season,0.98,IT98,50.186768532537315,26,0.0,0.0,0.0,0.0,0.0,26.0,,,,0.0,,,,,,1.0,,2.8626811816753817e-06,0.0,,,,,,True
gnn_st,post_covid,gnn_st,1,neighborhood,Linden,overall,,bands,,53,,,,,,,,,,,,,,,,,,,,,0.9245283018867925,1.0,0.6254416961130742,-0.03773584905660377,False
gnn_st,post_covid,gnn_st,1,neighborhood,Linden,overall,0.5,IT50,53.62727596624066,53,7.0,0.1320754716981132,4.0,1.0,3.0,45.0,0.5714285714285714,0.2,0.8,0.021739130434782608,0.5,0.6666666666666666,0.5496894409937888,0.6254416961130742,0.6367071247700306,0.9245283018867925,0.7142857142857143,0.042953685543377876,0.1146315414738341,0.6252891220765575,,,,,False
gnn_st,post_covid,gnn_st,1,neighborhood,Linden,overall,0.9,IT90,82.61523156370409,53,0.0,0.0,0.0,0.0,0.0,53.0,,,,0.0,,,,,,1.0,,0.00019729297708763206,0.0,,,,,,True
gnn_st,post_covid,gnn_st,1,neighborhood,Linden,overall,0.98,IT98,108.92078323683364,53,0.0,0.0,0.0,0.0,0.0,53.0,,,,0.0,,,,,,1.0,,1.2138653197113356e-09,0.0,,,,,,True
gnn_st,post_covid,gnn_st,1,neighborhood,Linden,flu_season,,bands,,26,,,,,,,,,,,,,,,,,,,,,0.8461538461538461,1.0,0.5702479338842974,-0.07692307692307693,False
gnn_st,post_covid,gnn_st,1,neighborhood,Linden,flu_season,0.5,IT50,53.62727596624066,26,7.0,0.2692307692307692,4.0,1.0,3.0,18.0,0.5714285714285714,0.2,0.8,0.05263157894736842,0.5,0.6666666666666666,0.518796992481203,0.5702479338842975,0.5838867509339625,0.8461538461538461,0.7142857142857143,0.08750577839643835,0.19674556213017758,0.5552337880000578,,,,,False
gnn_st,post_covid,gnn_st,1,neighborhood,Linden,flu_season,0.9,IT90,82.61523156370409,26,0.0,0.0,0.0,0.0,0.0,26.0,,,,0.0,,,,,,1.0,,0.000402174145581603,0.0,,,,,,True
gnn_st,post_covid,gnn_st,1,neighborhood,Linden,flu_season,0.98,IT98,108.92078323683364,26,0.0,0.0,0.0,0.0,0.0,26.0,,,,0.0,,,,,,1.0,,2.474417767103877e-09,0.0,,,,,,True
gnn_st,post_covid,gnn_st,1,neighborhood,NE Suburban,overall,,bands,,53,,,,,,,,,,,,,,,,,,,,,0.9056603773584906,0.9811320754716981,0.4536082474226806,0.0,False
gnn_st,post_covid,gnn_st,1,neighborhood,NE Suburban,overall,0.5,IT50,27.312493683860776,53,5.0,0.09433962264150944,3.0,2.0,2.0,46.0,0.6,0.4,0.6,0.041666666666666664,0.42857142857142855,0.6,0.5583333333333333,0.5583333333333333,0.5583333333333333,0.9245283018867925,1.0,0.043013123754601354,0.08543965824136704,0.49656723072218667,,,,,False
gnn_st,post_covid,gnn_st,1,neighborhood,NE Suburban,overall,0.9,IT90,41.22759712033061,53,1.0,0.018867924528301886,0.0,1.0,1.0,51.0,0.0,1.0,0.0,0.019230769230769232,0.0,0.0,-0.019230769230769232,-0.019230769230769232,-0.019230769230769232,0.9622641509433962,1.0,0.025541013814842573,0.018511925952296185,-0.3797059193440926,,,,,True
gnn_st,post_covid,gnn_st,1,neighborhood,NE Suburban,overall,0.98,IT98,53.6511443833241,53,0.0,0.0,0.0,0.0,0.0,53.0,,,,0.0,,,,,,1.0,,0.0003905243123766275,0.0,,,,,,True
gnn_st,post_covid,gnn_st,1,neighborhood,NE Suburban,flu_season,,bands,,26,,,,,,,,,,,,,,,,,,,,,0.8076923076923077,0.9615384615384616,0.39534883720930225,0.0,False
gnn_st,post_covid,gnn_st,1,neighborhood,NE Suburban,flu_season,0.5,IT50,27.312493683860776,26,5.0,0.19230769230769232,3.0,2.0,2.0,19.0,0.6,0.4,0.6,0.09523809523809523,0.42857142857142855,0.6,0.5047619047619047,0.5047619047619047,0.5047619047619047,0.8461538461538461,1.0,0.08736366826741229,0.15532544378698226,0.43754438334504087,,,,,False
gnn_st,post_covid,gnn_st,1,neighborhood,NE Suburban,flu_season,0.9,IT90,41.22759712033061,26,1.0,0.038461538461538464,0.0,1.0,1.0,24.0,0.0,1.0,0.0,0.04,0.0,0.0,-0.04,-0.04,-0.04,0.9230769230769231,1.0,0.05206437266765474,0.036982248520710054,-0.40782063693338433,,,,,True
gnn_st,post_covid,gnn_st,1,neighborhood,NE Suburban,flu_season,0.98,IT98,53.6511443833241,26,0.0,0.0,0.0,0.0,0.0,26.0,,,,0.0,,,,,,1.0,,0.0007960687906138614,0.0,,,,,,True
gnn_st,post_covid,gnn_st,1,neighborhood,Northland,overall,,bands,,53,,,,,,,,,,,,,,,,,,,,,0.9056603773584906,1.0,0.4933078393881454,0.018867924528301886,False
gnn_st,post_covid,gnn_st,1,neighborhood,Northland,overall,0.5,IT50,56.127661353876796,53,5.0,0.09433962264150944,3.0,3.0,2.0,45.0,0.6,0.5,0.5,0.0625,0.375,0.5454545454545454,0.5375,0.4933078393881453,0.49586052431552574,0.9056603773584906,1.2,0.04812990189164466,0.08543965824136704,0.4366796066098757,,,,,False
gnn_st,post_covid,gnn_st,1,neighborhood,Northland,overall,0.9,IT90,89.91407794411414,53,0.0,0.0,0.0,0.0,0.0,53.0,,,,0.0,,,,,,1.0,,0.0005104804406264518,0.0,,,,,,True
gnn_st,post_covid,gnn_st,1,neighborhood,Northland,overall,0.98,IT98,121.54516325409915,53,0.0,0.0,0.0,0.0,0.0,53.0,,,,0.0,,,,,,1.0,,1.1916538001992104e-09,0.0,,,,,,True
gnn_st,post_covid,gnn_st,1,neighborhood,Northland,flu_season,,bands,,26,,,,,,,,,,,,,,,,,,,,,0.8076923076923077,1.0,0.4247787610619469,0.038461538461538464,False
gnn_st,post_covid,gnn_st,1,neighborhood,Northland,flu_season,0.5,IT50,56.127661353876796,26,5.0,0.19230769230769232,3.0,3.0,2.0,18.0,0.6,0.5,0.5,0.14285714285714285,0.375,0.5454545454545454,0.45714285714285713,0.4247787610619469,0.42761798705987897,0.8076923076923077,1.2,0.0980329051128099,0.15532544378698226,0.36885482041657636,,,,,False
gnn_st,post_covid,gnn_st,1,neighborhood,Northland,flu_season,0.9,IT90,89.91407794411414,26,0.0,0.0,0.0,0.0,0.0,26.0,,,,0.0,,,,,,1.0,,0.0010405947443533473,0.0,,,,,,True
gnn_st,post_covid,gnn_st,1,neighborhood,Northland,flu_season,0.98,IT98,121.54516325409915,26,0.0,0.0,0.0,0.0,0.0,26.0,,,,0.0,,,,,,1.0,,2.4291404388676212e-09,0.0,,,,,,True
gnn_st,post_covid,gnn_st,1,neighborhood,UA/Grandview,overall,,bands,,53,,,,,,,,,,,,,,,,,,,,,0.9245283018867925,1.0,0.5583333333333333,0.0,False
gnn_st,post_covid,gnn_st,1,neighborhood,UA/Grandview,overall,0.5,IT50,8.143164584776198,53,5.0,0.09433962264150944,3.0,2.0,2.0,46.0,0.6,0.4,0.6,0.041666666666666664,0.42857142857142855,0.6,0.5583333333333333,0.5583333333333333,0.5583333333333333,0.9245283018867925,1.0,0.06286623065665073,0.08543965824136704,0.26420315868945043,,,,,False
gnn_st,post_covid,gnn_st,1,neighborhood,UA/Grandview,overall,0.9,IT90,16.706142473783938,53,0.0,0.0,0.0,0.0,0.0,53.0,,,,0.0,,,,,,1.0,,0.0036203063399892557,0.0,,,,,,True
gnn_st,post_covid,gnn_st,1,neighborhood,UA/Grandview,overall,0.98,IT98,26.455007113900507,53,0.0,0.0,0.0,0.0,0.0,53.0,,,,0.0,,,,,,1.0,,5.284243731871815e-06,0.0,,,,,,True
gnn_st,post_covid,gnn_st,1,neighborhood,UA/Grandview,flu_season,,bands,,26,,,,,,,,,,,,,,,,,,,,,0.8461538461538461,1.0,0.5047619047619047,0.0,False
gnn_st,post_covid,gnn_st,1,neighborhood,UA/Grandview,flu_season,0.5,IT50,8.143164584776198,26,5.0,0.19230769230769232,3.0,2.0,2.0,19.0,0.6,0.4,0.6,0.09523809523809523,0.42857142857142855,0.6,0.5047619047619047,0.5047619047619047,0.5047619047619047,0.8461538461538461,1.0,0.12412443624621773,0.15532544378698226,0.2008750580719697,,,,,False
gnn_st,post_covid,gnn_st,1,neighborhood,UA/Grandview,flu_season,0.9,IT90,16.706142473783938,26,0.0,0.0,0.0,0.0,0.0,26.0,,,,0.0,,,,,,1.0,,0.0073797393253676215,0.0,,,,,,True
gnn_st,post_covid,gnn_st,1,neighborhood,UA/Grandview,flu_season,0.98,IT98,26.455007113900507,26,0.0,0.0,0.0,0.0,0.0,26.0,,,,0.0,,,,,,1.0,,1.0771727607226364e-05,0.0,,,,,,True
gnn_st,post_covid,gnn_st,1,neighborhood,West,overall,,bands,,53,,,,,,,,,,,,,,,,,,,,,0.9622641509433962,1.0,0.6466666666666667,0.0,False
gnn_st,post_covid,gnn_st,1,neighborhood,West,overall,0.5,IT50,73.15037971354549,53,3.0,0.05660377358490566,2.0,1.0,1.0,49.0,0.6666666666666666,0.3333333333333333,0.6666666666666666,0.02,0.5,0.6666666666666666,0.6466666666666666,0.6466666666666666,0.6466666666666666,0.9622641509433962,1.0,0.046772379685391594,0.05339978640085441,0.12410923642490035,,,,,True
gnn_st,post_covid,gnn_st,1,neighborhood,West,overall,0.9,IT90,114.1022318647041,53,0.0,0.0,0.0,0.0,0.0,53.0,,,,0.0,,,,,,1.0,,1.929970140994773e-05,0.0,,,,,,True
gnn_st,post_covid,gnn_st,1,neighborhood,West,overall,0.98,IT98,151.63555393306305,53,0.0,0.0,0.0,0.0,0.0,53.0,,,,0.0,,,,,,1.0,,4.3989858385704465e-13,0.0,,,,,,True
gnn_st,post_covid,gnn_st,1,neighborhood,West,flu_season,,bands,,26,,,,,,,,,,,,,,,,,,,,,0.9230769230769231,1.0,0.6231884057971014,0.0,False
gnn_st,post_covid,gnn_st,1,neighborhood,West,flu_season,0.5,IT50,73.15037971354549,26,3.0,0.11538461538461539,2.0,1.0,1.0,22.0,0.6666666666666666,0.3333333333333333,0.6666666666666666,0.043478260869565216,0.5,0.6666666666666666,0.6231884057971014,0.6231884057971014,0.6231884057971014,0.9230769230769231,1.0,0.09532591296506553,0.10207100591715977,0.0660823599364595,,,,,True
gnn_st,post_covid,gnn_st,1,neighborhood,West,flu_season,0.9,IT90,114.1022318647041,26,0.0,0.0,0.0,0.0,0.0,26.0,,,,0.0,,,,,,1.0,,3.934169902796446e-05,0.0,,,,,,True
gnn_st,post_covid,gnn_st,1,neighborhood,West,flu_season,0.98,IT98,151.63555393306305,26,0.0,0.0,0.0,0.0,0.0,26.0,,,,0.0,,,,,,1.0,,8.967163440162832e-13,0.0,,,,,,True
gnn_st,post_covid,gnn_st,1,neighborhood,Westerville,overall,,bands,,53,,,,,,,,,,,,,,,,,,,,,0.9056603773584906,1.0,0.736318407960199,-0.05660377358490566,False
gnn_st,post_covid,gnn_st,1,neighborhood,Westerville,overall,0.5,IT50,24.33364195874595,53,7.0,0.1320754716981132,4.0,1.0,3.0,45.0,0.5714285714285714,0.2,0.8,0.021739130434782608,0.5,0.6666666666666666,0.5496894409937888,0.6254416961130742,0.6367071247700306,0.9245283018867925,0.7142857142857143,0.04772794678058501,0.1146315414738341,0.5836403648861388,,,,,False
gnn_st,post_covid,gnn_st,1,neighborhood,Westerville,overall,0.9,IT90,36.408491039457616,53,2.0,0.03773584905660377,1.0,0.0,1.0,51.0,0.5,0.0,1.0,0.0,0.5,0.6666666666666666,0.5,0.6580645161290323,0.7002746713858894,0.9811320754716981,0.5,0.018726390026783928,0.03631185475258099,0.48428990602709754,,,,,True
gnn_st,post_covid,gnn_st,1,neighborhood,Westerville,overall,0.98,IT98,47.11324141772458,53,0.0,0.0,0.0,0.0,0.0,53.0,,,,0.0,,,,,,1.0,,0.0010056455738624512,0.0,,,,,,True
gnn_st,post_covid,gnn_st,1,neighborhood,Westerville,flu_season,,bands,,26,,,,,,,,,,,,,,,,,,,,,0.8076923076923077,1.0,0.7031963470319635,-0.11538461538461539,False
gnn_st,post_covid,gnn_st,1,neighborhood,Westerville,flu_season,0.5,IT50,24.33364195874595,26,7.0,0.2692307692307692,4.0,1.0,3.0,18.0,0.5714285714285714,0.2,0.8,0.05263157894736842,0.5,0.6666666666666666,0.518796992481203,0.5702479338842975,0.5838867509339625,0.8461538461538461,0.7142857142857143,0.0966053289674443,0.19674556213017758,0.5089834407368998,,,,,False
gnn_st,post_covid,gnn_st,1,neighborhood,Westerville,flu_season,0.9,IT90,36.408491039457616,26,2.0,0.07692307692307693,1.0,0.0,1.0,24.0,0.5,0.0,1.0,0.0,0.5,0.6666666666666666,0.5,0.6486486486486487,0.6928203230275508,0.9615384615384616,0.5,0.03817300387207503,0.07100591715976333,0.46239686213494346,,,,,True
gnn_st,post_covid,gnn_st,1,neighborhood,Westerville,flu_season,0.98,IT98,47.11324141772458,26,0.0,0.0,0.0,0.0,0.0,26.0,,,,0.0,,,,,,1.0,,0.0020499698236340963,0.0,,,,,,True
gnn_st,post_covid,gnn_st,1,neighborhood,Worthington,overall,,bands,,53,,,,,,,,,,,,,,,,,,,,,0.7924528301886793,0.9811320754716981,0.7253886010362693,-0.1509433962264151,False
gnn_st,post_covid,gnn_st,1,neighborhood,Worthington,overall,0.5,IT50,13.721631551906164,53,16.0,0.3018867924528302,11.0,1.0,5.0,36.0,0.6875,0.08333333333333333,0.9166666666666666,0.02702702702702703,0.6470588235294118,0.7857142857142857,0.660472972972973,0.7109090909090909,0.7244915969489636,0.8867924528301887,0.75,0.10217345975802737,0.21075115699537203,0.515193837060306,,,,,False
gnn_st,post_covid,gnn_st,1,neighborhood,Worthington,overall,0.9,IT90,22.978569674557114,53,5.0,0.09433962264150944,1.0,1.0,4.0,47.0,0.2,0.5,0.5,0.020833333333333332,0.16666666666666666,0.2857142857142857,0.17916666666666667,0.245014245014245,0.2748291210036411,0.9056603773584906,0.4,0.07064217191070601,0.08543965824136704,0.17319224626177843,,,,,False
gnn_st,post_covid,gnn_st,1,neighborhood,Worthington,overall,0.98,IT98,31.956357603850087,53,2.0,0.03773584905660377,1.0,0.0,1.0,51.0,0.5,0.0,1.0,0.0,0.5,0.6666666666666666,0.5,0.6580645161290323,0.7002746713858894,0.9811320754716981,0.5,0.02238964287777397,0.03631185475258099,0.38340679565032276,,,,,True
gnn_st,post_covid,gnn_st,1,neighborhood,Worthington,flu_season,,bands,,26,,,,,,,,,,,,,,,,,,,,,0.6538461538461539,0.9615384615384616,0.6822810590631363,-0.23076923076923078,False
gnn_st,post_covid,gnn_st,1,neighborhood,Worthington,flu_season,0.5,IT50,13.721631551906164,26,14.0,0.5384615384615384,11.0,1.0,3.0,11.0,0.7857142857142857,0.08333333333333333,0.9166666666666666,0.08333333333333333,0.7333333333333333,0.8461538461538461,0.7023809523809523,0.6941176470588235,0.7023809523809523,0.8461538461538461,0.8571428571428571,0.1353747482936867,0.24852071005917165,0.45527779853254646,,,,,False
gnn_st,post_covid,gnn_st,1,neighborhood,Worthington,flu_season,0.9,IT90,22.978569674557114,26,5.0,0.19230769230769232,1.0,1.0,4.0,20.0,0.2,0.5,0.5,0.047619047619047616,0.16666666666666666,0.2857142857142857,0.1523809523809524,0.19753086419753085,0.2253744679276044,0.8076923076923077,0.4,0.14399177302291727,0.15532544378698226,0.07296725177626606,,,,,False
gnn_st,post_covid,gnn_st,1,neighborhood,Worthington,flu_season,0.98,IT98,31.956357603850087,26,2.0,0.07692307692307693,1.0,0.0,1.0,24.0,0.5,0.0,1.0,0.0,0.5,0.6666666666666666,0.5,0.6486486486486487,0.6928203230275508,0.9615384615384616,0.5,0.04564042569218963,0.07100591715976333,0.3572306715016629,,,,,True
gnn_st_v2,post_covid,gnn_st_v2,1,citywide,CITYWIDE,overall,,bands,,53,,,,,,,,,,,,,,,,,,,,,0.9245283018867925,1.0,0.6718266253869969,-0.03773584905660377,False
gnn_st_v2,post_covid,gnn_st_v2,1,citywide,CITYWIDE,overall,0.5,IT50,35.19412725226089,53,8.0,0.1509433962264151,5.0,1.0,3.0,44.0,0.625,0.16666666666666666,0.8333333333333334,0.022222222222222223,0.5555555555555556,0.7142857142857143,0.6027777777777777,0.6718266253869969,0.6810577343440497,0.9245283018867925,0.75,0.04075698770581598,0.12815948736205057,0.6819822820398971,,,,,False
gnn_st_v2,post_covid,gnn_st_v2,1,citywide,CITYWIDE,overall,0.9,IT90,56.071415152332634,53,0.0,0.0,0.0,0.0,0.0,53.0,,,,0.0,,,,,,1.0,,0.0022006051814315985,0.0,,,,,,True
gnn_st_v2,post_covid,gnn_st_v2,1,citywide,CITYWIDE,overall,0.98,IT98,75.53173152268305,53,0.0,0.0,0.0,0.0,0.0,53.0,,,,0.0,,,,,,1.0,,1.143962469010568e-06,0.0,,,,,,True
gnn_st_v2,post_covid,gnn_st_v2,1,citywide,CITYWIDE,flu_season,,bands,,26,,,,,,,,,,,,,,,,,,,,,0.8461538461538461,1.0,0.6119402985074627,-0.07692307692307693,False
gnn_st_v2,post_covid,gnn_st_v2,1,citywide,CITYWIDE,flu_season,0.5,IT50,35.19412725226089,26,8.0,0.3076923076923077,5.0,1.0,3.0,17.0,0.625,0.16666666666666666,0.8333333333333334,0.05555555555555555,0.5555555555555556,0.7142857142857143,0.5694444444444444,0.6119402985074627,0.6237951349364392,0.8461538461538461,0.75,0.0828783954663451,0.2130177514792899,0.6109319768385466,,,,,False
gnn_st_v2,post_covid,gnn_st_v2,1,citywide,CITYWIDE,flu_season,0.9,IT90,56.071415152332634,26,0.0,0.0,0.0,0.0,0.0,26.0,,,,0.0,,,,,,1.0,,0.004485849022078549,0.0,,,,,,True
gnn_st_v2,post_covid,gnn_st_v2,1,citywide,CITYWIDE,flu_season,0.98,IT98,75.53173152268305,26,0.0,0.0,0.0,0.0,0.0,26.0,,,,0.0,,,,,,1.0,,2.331923494521543e-06,0.0,,,,,,True
gnn_st_v2,post_covid,gnn_st_v2,1,pooled,ALL,overall,,bands,,901,,,,,,,,,,,,,,,,,,,,,0.9012208657047724,0.9955604883462819,0.6396642182581322,-0.03662597114317425,False
gnn_st_v2,post_covid,gnn_st_v2,1,pooled,ALL,overall,0.5,IT50,,901,118.0,0.1309655937846837,71.0,27.0,47.0,756.0,0.6016949152542372,0.2755102040816326,0.7244897959183674,0.034482758620689655,0.4896551724137931,0.6574074074074074,0.5672121566335476,0.6112031162530323,0.6146057292800827,0.9178690344062154,0.8305084745762712,0.056096224025711315,0.11381360702930893,0.5071219910351704,,,,,False
gnn_st_v2,post_covid,gnn_st_v2,1,pooled,ALL,overall,0.9,IT90,,901,17.0,0.018867924528301886,4.0,3.0,13.0,881.0,0.23529411764705882,0.42857142857142855,0.5714285714285714,0.003393665158371041,0.2,0.3333333333333333,0.2319004524886878,0.32591414944356123,0.35936386859063935,0.9822419533851277,0.4117647058823529,0.014739068463841208,0.01851192595229619,0.20380685932827003,,,,,False
gnn_st_v2,post_covid,gnn_st_v2,1,pooled,ALL,overall,0.98,IT98,,901,4.0,0.004439511653718091,1.0,0.0,3.0,897.0,0.25,0.0,1.0,0.0,0.25,0.4,0.25,0.3989326217478319,0.4991659710623979,0.9966703662597114,0.25,0.003289685381823094,0.004419802389994593,0.2556940126395292,,,,,True
gnn_st_v2,post_covid,gnn_st_v2,1,pooled,ALL,flu_season,,bands,,442,,,,,,,,,,,,,,,,,,,,,0.8076923076923077,0.9909502262443439,0.602864076770596,-0.06561085972850679,False
gnn_st_v2,post_covid,gnn_st_v2,1,pooled,ALL,flu_season,0.5,IT50,,442,114.0,0.2579185520361991,71.0,27.0,43.0,301.0,0.6228070175438597,0.2755102040816326,0.7244897959183674,0.08231707317073171,0.5035460992907801,0.6698113207547169,0.540489944373128,0.5664237668161435,0.5692259713401842,0.8416289592760181,0.8596491228070176,0.1049589719491454,0.19139657255174955,0.4516151958741752,,,,,False
gnn_st_v2,post_covid,gnn_st_v2,1,pooled,ALL,flu_season,0.9,IT90,,442,17.0,0.038461538461538464,4.0,3.0,13.0,422.0,0.23529411764705882,0.42857142857142855,0.5714285714285714,0.007058823529411765,0.2,0.3333333333333333,0.22823529411764706,0.3180327868852459,0.35156698250198365,0.9638009049773756,0.4117647058823529,0.03004411138678975,0.03698224852071006,0.18760722810120511,,,,,False
gnn_st_v2,post_covid,gnn_st_v2,1,pooled,ALL,flu_season,0.98,IT98,,442,4.0,0.00904977375565611,1.0,0.0,3.0,438.0,0.25,0.0,1.0,0.0,0.25,0.4,0.25,0.3978201634877384,0.49829641753467496,0.9932126696832579,0.25,0.0067058970924461295,0.008967875350627548,0.2522312331229193,,,,,True
gnn_st_v2,post_covid,gnn_st_v2,1,neighborhood,Agler/Cassidy,overall,,bands,,53,,,,,,,,,,,,,,,,,,,,,0.9433962264150944,1.0,0.6959847036328872,-0.018867924528301886,False
gnn_st_v2,post_covid,gnn_st_v2,1,neighborhood,Agler/Cassidy,overall,0.5,IT50,51.74083078339265,53,6.0,0.11320754716981132,4.0,1.0,2.0,46.0,0.6666666666666666,0.2,0.8,0.02127659574468085,0.5714285714285714,0.7272727272727273,0.6453900709219857,0.6959847036328872,0.6995861660885712,0.9433962264150944,0.8333333333333334,0.029927308406783065,0.10039159843360627,0.7018942932104482,,,,,False
gnn_st_v2,post_covid,gnn_st_v2,1,neighborhood,Agler/Cassidy,overall,0.9,IT90,88.48740693700204,53,0.0,0.0,0.0,0.0,0.0,53.0,,,,0.0,,,,,,1.0,,0.0008792210975605076,0.0,,,,,,True
gnn_st_v2,post_covid,gnn_st_v2,1,neighborhood,Agler/Cassidy,overall,0.98,IT98,124.72586226376617,53,0.0,0.0,0.0,0.0,0.0,53.0,,,,0.0,,,,,,1.0,,1.1154930276586966e-09,0.0,,,,,,True
gnn_st_v2,post_covid,gnn_st_v2,1,neighborhood,Agler/Cassidy,flu_season,,bands,,26,,,,,,,,,,,,,,,,,,,,,0.8846153846153846,1.0,0.654867256637168,-0.038461538461538464,False
gnn_st_v2,post_covid,gnn_st_v2,1,neighborhood,Agler/Cassidy,flu_season,0.5,IT50,51.74083078339265,26,6.0,0.23076923076923078,4.0,1.0,2.0,19.0,0.6666666666666666,0.2,0.8,0.05,0.5714285714285714,0.7272727272727273,0.6166666666666666,0.6548672566371682,0.6592443967173135,0.8846153846153846,0.8333333333333334,0.06098681028697092,0.17751479289940827,0.6564409687167305,,,,,False
gnn_st_v2,post_covid,gnn_st_v2,1,neighborhood,Agler/Cassidy,flu_season,0.9,IT90,88.48740693700204,26,0.0,0.0,0.0,0.0,0.0,26.0,,,,0.0,,,,,,1.0,,0.0017922583911810347,0.0,,,,,,True
gnn_st_v2,post_covid,gnn_st_v2,1,neighborhood,Agler/Cassidy,flu_season,0.98,IT98,124.72586226376617,26,0.0,0.0,0.0,0.0,0.0,26.0,,,,0.0,,,,,,1.0,,2.273889633304266e-09,0.0,,,,,,True
gnn_st_v2,post_covid,gnn_st_v2,1,neighborhood,Bexley,overall,,bands,,53,,,,,,,,,,,,,,,,,,,,,0.8301886792452831,0.9811320754716981,0.45266781411359724,-0.11320754716981132,False
gnn_st_v2,post_covid,gnn_st_v2,1,neighborhood,Bexley,overall,0.5,IT50,24.605454693531783,53,8.0,0.1509433962264151,3.0,2.0,5.0,43.0,0.375,0.4,0.6,0.044444444444444446,0.3,0.46153846153846156,0.33055555555555555,0.39080459770114945,0.40484622137666415,0.8679245283018868,0.625,0.07361590368092452,0.12815948736205057,0.42559146266745296,,,,,False
gnn_st_v2,post_covid,gnn_st_v2,1,neighborhood,Bexley,overall,0.9,IT90,37.5430295506582,53,2.0,0.03773584905660377,0.0,0.0,2.0,51.0,0.0,,,0.0,0.0,0.0,0.0,0.0,,0.9622641509433962,0.0,0.030322935850731838,0.03631185475258099,0.16493012936563,,,,,True
gnn_st_v2,post_covid,gnn_st_v2,1,neighborhood,Bexley,overall,0.98,IT98,49.19357270883574,53,1.0,0.018867924528301886,0.0,0.0,1.0,52.0,0.0,,,0.0,0.0,0.0,0.0,0.0,,0.9811320754716981,0.0,0.018528781183546953,0.018511925952296185,-0.0009105066266039685,,,,,True
gnn_st_v2,post_covid,gnn_st_v2,1,neighborhood,Bexley,flu_season,,bands,,26,,,,,,,,,,,,,,,,,,,,,0.6923076923076923,0.9615384615384616,0.4257028112449799,-0.19230769230769232,False
gnn_st_v2,post_covid,gnn_st_v2,1,neighborhood,Bexley,flu_season,0.5,IT50,24.605454693531783,26,7.0,0.2692307692307692,3.0,2.0,4.0,17.0,0.42857142857142855,0.4,0.6,0.10526315789473684,0.3333333333333333,0.5,0.3233082706766917,0.35537190082644626,0.3638714534805853,0.7692307692307693,0.7142857142857143,0.11152261269601968,0.19674556213017758,0.43316326178564446,,,,,False
gnn_st_v2,post_covid,gnn_st_v2,1,neighborhood,Bexley,flu_season,0.9,IT90,37.5430295506582,26,2.0,0.07692307692307693,0.0,0.0,2.0,24.0,0.0,,,0.0,0.0,0.0,0.0,0.0,,0.9230769230769231,0.0,0.06181213840921833,0.07100591715976333,0.12947905073684207,,,,,True
gnn_st_v2,post_covid,gnn_st_v2,1,neighborhood,Bexley,flu_season,0.98,IT98,49.19357270883574,26,1.0,0.038461538461538464,0.0,0.0,1.0,25.0,0.0,,,0.0,0.0,0.0,0.0,0.0,,0.9615384615384616,0.0,0.037770207797230324,0.036982248520710054,-0.021306418837108154,,,,,True
gnn_st_v2,post_covid,gnn_st_v2,1,neighborhood,Clintonville/Near North,overall,,bands,,53,,,,,,,,,,,,,,,,,,,,,0.8679245283018868,0.9811320754716981,0.7279260780287475,-0.07547169811320754,False
gnn_st_v2,post_covid,gnn_st_v2,1,neighborhood,Clintonville/Near North,overall,0.5,IT50,15.728895715230147,53,11.0,0.20754716981132076,8.0,2.0,3.0,40.0,0.7272727272727273,0.2,0.8,0.047619047619047616,0.6153846153846154,0.7619047619047619,0.6796536796536796,0.7032474804031354,0.7044893506238787,0.9056603773584906,0.9090909090909091,0.05673035135393706,0.1644713421146316,0.6550745520493308,,,,,False
gnn_st_v2,post_covid,gnn_st_v2,1,neighborhood,Clintonville/Near North,overall,0.9,IT90,22.099499115677975,53,4.0,0.07547169811320754,2.0,0.0,2.0,49.0,0.5,0.0,1.0,0.0,0.5,0.6666666666666666,0.5,0.6490066225165563,0.6931032800836721,0.9622641509433962,0.5,0.04291307858811988,0.06977572089711641,0.3849855216631186,,,,,True
gnn_st_v2,post_covid,gnn_st_v2,1,neighborhood,Clintonville/Near North,overall,0.98,IT98,27.469599865392972,53,1.0,0.018867924528301886,0.0,0.0,1.0,52.0,0.0,,,0.0,0.0,0.0,0.0,0.0,,0.9811320754716981,0.0,0.013187749885344335,0.018511925952296185,0.28760789561668754,,,,,True
gnn_st_v2,post_covid,gnn_st_v2,1,neighborhood,Clintonville/Near North,flu_season,,bands,,26,,,,,,,,,,,,,,,,,,,,,0.7307692307692307,0.9615384615384616,0.6578947368421052,-0.15384615384615385,False
gnn_st_v2,post_covid,gnn_st_v2,1,neighborhood,Clintonville/Near North,flu_season,0.5,IT50,15.728895715230147,26,11.0,0.4230769230769231,8.0,2.0,3.0,13.0,0.7272727272727273,0.2,0.8,0.13333333333333333,0.6153846153846154,0.7619047619047619,0.593939393939394,0.6012269938650306,0.6031483057987304,0.8076923076923077,0.9090909090909091,0.11474181174214,0.24408284023668633,0.5299062743170506,,,,,False
gnn_st_v2,post_covid,gnn_st_v2,1,neighborhood,Clintonville/Near North,flu_season,0.9,IT90,22.099499115677975,26,4.0,0.15384615384615385,2.0,0.0,2.0,22.0,0.5,0.0,1.0,0.0,0.5,0.6666666666666666,0.5,0.6285714285714286,0.67700320038633,0.9230769230769231,0.5,0.08747567879564906,0.13017751479289943,0.328027740160696,,,,,True
gnn_st_v2,post_covid,gnn_st_v2,1,neighborhood,Clintonville/Near North,flu_season,0.98,IT98,27.469599865392972,26,1.0,0.038461538461538464,0.0,0.0,1.0,25.0,0.0,,,0.0,0.0,0.0,0.0,0.0,,0.9615384615384616,0.0,0.02688272057519862,0.036982248520710054,0.2730912356466292,,,,,True
gnn_st_v2,post_covid,gnn_st_v2,1,neighborhood,Dublin,overall,,bands,,53,,,,,,,,,,,,,,,,,,,,,0.8867924528301887,1.0,0.6838966202783301,-0.03773584905660377,False
gnn_st_v2,post_covid,gnn_st_v2,1,neighborhood,Dublin,overall,0.5,IT50,8.038849454818003,53,9.0,0.16981132075471697,6.0,1.0,3.0,43.0,0.6666666666666666,0.14285714285714285,0.8571428571428571,0.022727272727272728,0.6,0.75,0.6439393939393939,0.7063711911357341,0.7141092385043215,0.9245283018867925,0.7777777777777778,0.07709464920754214,0.14097543609825564,0.4531341676161974,,,,,False
gnn_st_v2,post_covid,gnn_st_v2,1,neighborhood,Dublin,overall,0.9,IT90,14.1626396504559,53,1.0,0.018867924528301886,0.0,1.0,1.0,51.0,0.0,1.0,0.0,0.019230769230769232,0.0,0.0,-0.019230769230769232,-0.019230769230769232,-0.019230769230769232,0.9622641509433962,1.0,0.018578587605753483,0.018511925952296185,-0.003601011241568308,,,,,True
gnn_st_v2,post_covid,gnn_st_v2,1,neighborhood,Dublin,overall,0.98,IT98,20.345693253667104,53,0.0,0.0,0.0,0.0,0.0,53.0,,,,0.0,,,,,,1.0,,0.0004643729050221849,0.0,,,,,,True
gnn_st_v2,post_covid,gnn_st_v2,1,neighborhood,Dublin,flu_season,,bands,,26,,,,,,,,,,,,,,,,,,,,,0.8076923076923077,1.0,0.6766169154228856,-0.038461538461538464,False
gnn_st_v2,post_covid,gnn_st_v2,1,neighborhood,Dublin,flu_season,0.5,IT50,8.038849454818003,26,8.0,0.3076923076923077,6.0,1.0,2.0,17.0,0.75,0.14285714285714285,0.8571428571428571,0.05555555555555555,0.6666666666666666,0.8,0.6944444444444444,0.7194244604316546,0.7225916412701,0.8846153846153846,0.875,0.11856589332532998,0.21301775147928986,0.44339900077831185,,,,,False
gnn_st_v2,post_covid,gnn_st_v2,1,neighborhood,Dublin,flu_season,0.9,IT90,14.1626396504559,26,1.0,0.038461538461538464,0.0,1.0,1.0,24.0,0.0,1.0,0.0,0.04,0.0,0.0,-0.04,-0.04,-0.04,0.9230769230769231,1.0,0.03786757634349435,0.036982248520710054,-0.02393926432808735,,,,,True
gnn_st_v2,post_covid,gnn_st_v2,1,neighborhood,Dublin,flu_season,0.98,IT98,20.345693253667104,26,0.0,0.0,0.0,0.0,0.0,26.0,,,,0.0,,,,,,1.0,,0.0009466062648226912,0.0,,,,,,True
gnn_st_v2,post_covid,gnn_st_v2,1,neighborhood,Eastside,overall,,bands,,53,,,,,,,,,,,,,,,,,,,,,0.8867924528301887,1.0,0.5267857142857144,-0.03773584905660377,False
gnn_st_v2,post_covid,gnn_st_v2,1,neighborhood,Eastside,overall,0.5,IT50,53.89825474693718,53,6.0,0.11320754716981132,3.0,2.0,3.0,45.0,0.5,0.4,0.6,0.0425531914893617,0.375,0.5454545454545454,0.4574468085106383,0.4933078393881453,0.49586052431552574,0.9056603773584906,0.8333333333333334,0.07383826600349973,0.10039159843360627,0.26449755601478464,,,,,False
gnn_st_v2,post_covid,gnn_st_v2,1,neighborhood,Eastside,overall,0.9,IT90,89.53274062296502,53,1.0,0.018867924528301886,0.0,0.0,1.0,52.0,0.0,,,0.0,0.0,0.0,0.0,0.0,,0.9811320754716981,0.0,0.020045284987903027,0.018511925952296185,-0.08283087559653124,,,,,True
gnn_st_v2,post_covid,gnn_st_v2,1,neighborhood,Eastside,overall,0.98,IT98,123.87134674281285,53,0.0,0.0,0.0,0.0,0.0,53.0,,,,0.0,,,,,,1.0,,1.7560537725806726e-08,0.0,,,,,,True
gnn_st_v2,post_covid,gnn_st_v2,1,neighborhood,Eastside,flu_season,,bands,,26,,,,,,,,,,,,,,,,,,,,,0.7692307692307693,1.0,0.4693877551020408,-0.07692307692307693,False
gnn_st_v2,post_covid,gnn_st_v2,1,neighborhood,Eastside,flu_season,0.5,IT50,53.89825474693718,26,6.0,0.23076923076923078,3.0,2.0,3.0,18.0,0.5,0.4,0.6,0.1,0.375,0.5454545454545454,0.4,0.4247787610619469,0.42761798705987897,0.8076923076923077,0.8333333333333334,0.15049941800858652,0.17751479289940827,0.15218661188496263,,,,,False
gnn_st_v2,post_covid,gnn_st_v2,1,neighborhood,Eastside,flu_season,0.9,IT90,89.53274062296502,26,1.0,0.038461538461538464,0.0,0.0,1.0,25.0,0.0,,,0.0,0.0,0.0,0.0,0.0,,0.9615384615384616,0.0,0.04086154247534079,0.036982248520710054,-0.10489610853321518,,,,,True
gnn_st_v2,post_covid,gnn_st_v2,1,neighborhood,Eastside,flu_season,0.98,IT98,123.87134674281285,26,0.0,0.0,0.0,0.0,0.0,26.0,,,,0.0,,,,,,1.0,,3.579648074875986e-08,0.0,,,,,,True
gnn_st_v2,post_covid,gnn_st_v2,1,neighborhood,Far East,overall,,bands,,53,,,,,,,,,,,,,,,,,,,,,0.9245283018867925,1.0,0.6835820895522389,0.0,False
gnn_st_v2,post_covid,gnn_st_v2,1,neighborhood,Far East,overall,0.5,IT50,76.01095931639992,53,5.0,0.09433962264150944,4.0,2.0,1.0,46.0,0.8,0.3333333333333333,0.6666666666666666,0.041666666666666664,0.5714285714285714,0.7272727272727273,0.7583333333333334,0.6959847036328872,0.6995861660885712,0.9433962264150944,1.2,0.037240721457157545,0.08543965824136704,0.5641283892785186,,,,,False
gnn_st_v2,post_covid,gnn_st_v2,1,neighborhood,Far East,overall,0.9,IT90,119.58175049878095,53,1.0,0.018867924528301886,0.0,0.0,1.0,52.0,0.0,,,0.0,0.0,0.0,0.0,0.0,,0.9811320754716981,0.0,0.013324509158324041,0.018511925952296185,0.2802202648897645,,,,,True
gnn_st_v2,post_covid,gnn_st_v2,1,neighborhood,Far East,overall,0.98,IT98,159.7885780471188,53,0.0,0.0,0.0,0.0,0.0,53.0,,,,0.0,,,,,,1.0,,1.1684424242907113e-08,0.0,,,,,,True
gnn_st_v2,post_covid,gnn_st_v2,1,neighborhood,Far East,flu_season,,bands,,26,,,,,,,,,,,,,,,,,,,,,0.8461538461538461,1.0,0.6438356164383562,0.0,False
gnn_st_v2,post_covid,gnn_st_v2,1,neighborhood,Far East,flu_season,0.5,IT50,76.01095931639992,26,5.0,0.19230769230769232,4.0,2.0,1.0,19.0,0.8,0.3333333333333333,0.6666666666666666,0.09523809523809523,0.5714285714285714,0.7272727272727273,0.7047619047619048,0.6548672566371682,0.6592443967173135,0.8846153846153846,1.2,0.07583730226815735,0.15532544378698226,0.511752225397387,,,,,False
gnn_st_v2,post_covid,gnn_st_v2,1,neighborhood,Far East,flu_season,0.9,IT90,119.58175049878095,26,1.0,0.038461538461538464,0.0,0.0,1.0,25.0,0.0,,,0.0,0.0,0.0,0.0,0.0,,0.9615384615384616,0.0,0.027161499438122048,0.036982248520710054,0.26555305519317973,,,,,True
gnn_st_v2,post_covid,gnn_st_v2,1,neighborhood,Far East,flu_season,0.98,IT98,159.7885780471188,26,0.0,0.0,0.0,0.0,0.0,26.0,,,,0.0,,,,,,1.0,,2.381824941823373e-08,0.0,,,,,,True
gnn_st_v2,post_covid,gnn_st_v2,1,neighborhood,Far South,overall,,bands,,53,,,,,,,,,,,,,,,,,,,,,0.8490566037735849,1.0,0.2508833922261484,-0.03773584905660377,False
gnn_st_v2,post_covid,gnn_st_v2,1,neighborhood,Far South,overall,0.5,IT50,69.7066330370401,53,7.0,0.1320754716981132,2.0,3.0,5.0,43.0,0.2857142857142857,0.6,0.4,0.06521739130434782,0.2,0.3333333333333333,0.22049689440993786,0.2508833922261484,0.2554022929868484,0.8490566037735849,0.7142857142857143,0.07779329634755669,0.11463154147383411,0.3213622067071841,,,,,False
gnn_st_v2,post_covid,gnn_st_v2,1,neighborhood,Far South,overall,0.9,IT90,121.95949130896,53,0.0,0.0,0.0,0.0,0.0,53.0,,,,0.0,,,,,,1.0,,3.8034377347062194e-07,0.0,,,,,,True
gnn_st_v2,post_covid,gnn_st_v2,1,neighborhood,Far South,overall,0.98,IT98,174.42921640712913,53,0.0,0.0,0.0,0.0,0.0,53.0,,,,0.0,,,,,,1.0,,3.852210383456171e-21,0.0,,,,,,True
gnn_st_v2,post_covid,gnn_st_v2,1,neighborhood,Far South,flu_season,,bands,,26,,,,,,,,,,,,,,,,,,,,,0.6923076923076923,1.0,0.1404958677685949,-0.07692307692307693,False
gnn_st_v2,post_covid,gnn_st_v2,1,neighborhood,Far South,flu_season,0.5,IT50,69.7066330370401,26,7.0,0.2692307692307692,2.0,3.0,5.0,16.0,0.2857142857142857,0.6,0.4,0.15789473684210525,0.2,0.3333333333333333,0.12781954887218044,0.14049586776859505,0.14385615602720814,0.6923076923076923,0.7142857142857143,0.15856035441766603,0.19674556213017758,0.19408421363652484,,,,,False
gnn_st_v2,post_covid,gnn_st_v2,1,neighborhood,Far South,flu_season,0.9,IT90,121.95949130896,26,0.0,0.0,0.0,0.0,0.0,26.0,,,,0.0,,,,,,1.0,,7.753161536131909e-07,0.0,,,,,,True
gnn_st_v2,post_covid,gnn_st_v2,1,neighborhood,Far South,flu_season,0.98,IT98,174.42921640712913,26,0.0,0.0,0.0,0.0,0.0,26.0,,,,0.0,,,,,,1.0,,7.852582704737578e-21,0.0,,,,,,True
gnn_st_v2,post_covid,gnn_st_v2,1,neighborhood,Far Southeast,overall,,bands,,53,,,,,,,,,,,,,,,,,,,,,0.9433962264150944,1.0,0.5470085470085471,-0.05660377358490566,False
gnn_st_v2,post_covid,gnn_st_v2,1,neighborhood,Far Southeast,overall,0.5,IT50,10.956265259525463,53,5.0,0.09433962264150944,2.0,0.0,3.0,48.0,0.4,0.0,1.0,0.0,0.4,0.5714285714285714,0.4,0.5470085470085471,0.6135719910778964,0.9433962264150944,0.4,0.056803741381675044,0.08543965824136704,0.3351595435786451,,,,,False
gnn_st_v2,post_covid,gnn_st_v2,1,neighborhood,Far Southeast,overall,0.9,IT90,18.40391015194404,53,0.0,0.0,0.0,0.0,0.0,53.0,,,,0.0,,,,,,1.0,,0.0013411727743071517,0.0,,,,,,True
gnn_st_v2,post_covid,gnn_st_v2,1,neighborhood,Far Southeast,overall,0.98,IT98,25.644566505740826,53,0.0,0.0,0.0,0.0,0.0,53.0,,,,0.0,,,,,,1.0,,6.164154597863338e-06,0.0,,,,,,True
gnn_st_v2,post_covid,gnn_st_v2,1,neighborhood,Far Southeast,flu_season,,bands,,26,,,,,,,,,,,,,,,,,,,,,0.8846153846153846,1.0,0.5185185185185186,-0.11538461538461539,False
gnn_st_v2,post_covid,gnn_st_v2,1,neighborhood,Far Southeast,flu_season,0.5,IT50,10.956265259525463,26,5.0,0.19230769230769232,2.0,0.0,3.0,21.0,0.4,0.0,1.0,0.0,0.4,0.5714285714285714,0.4,0.5185185185185185,0.5916079783099616,0.8846153846153846,0.4,0.11313949296101947,0.15532544378698226,0.27159716912715093,,,,,False
gnn_st_v2,post_covid,gnn_st_v2,1,neighborhood,Far Southeast,flu_season,0.9,IT90,18.40391015194404,26,0.0,0.0,0.0,0.0,0.0,26.0,,,,0.0,,,,,,1.0,,0.002732751919547354,0.0,,,,,,True
gnn_st_v2,post_covid,gnn_st_v2,1,neighborhood,Far Southeast,flu_season,0.98,IT98,25.644566505740826,26,0.0,0.0,0.0,0.0,0.0,26.0,,,,0.0,,,,,,1.0,,1.2565384091108827e-05,0.0,,,,,,True
gnn_st_v2,post_covid,gnn_st_v2,1,neighborhood,Far Southwest,overall,,bands,,53,,,,,,,,,,,,,,,,,,,,,0.9811320754716981,1.0,0.8787185354691076,-0.018867924528301886,False
gnn_st_v2,post_covid,gnn_st_v2,1,neighborhood,Far Southwest,overall,0.5,IT50,34.041053932580134,53,5.0,0.09433962264150944,4.0,0.0,1.0,48.0,0.8,0.0,1.0,0.0,0.8,0.8888888888888888,0.8,0.8787185354691075,0.885253336275981,0.9811320754716981,0.8,0.024739812536568886,0.08543965824136704,0.7104411107699083,,,,,False
gnn_st_v2,post_covid,gnn_st_v2,1,neighborhood,Far Southwest,overall,0.9,IT90,54.68112356483704,53,0.0,0.0,0.0,0.0,0.0,53.0,,,,0.0,,,,,,1.0,,0.0016514471478457217,0.0,,,,,,True
gnn_st_v2,post_covid,gnn_st_v2,1,neighborhood,Far Southwest,overall,0.98,IT98,74.04650918881951,53,0.0,0.0,0.0,0.0,0.0,53.0,,,,0.0,,,,,,1.0,,4.825291126872787e-07,0.0,,,,,,True
gnn_st_v2,post_covid,gnn_st_v2,1,neighborhood,Far Southwest,flu_season,,bands,,26,,,,,,,,,,,,,,,,,,,,,0.9615384615384616,1.0,0.865979381443299,-0.038461538461538464,False
gnn_st_v2,post_covid,gnn_st_v2,1,neighborhood,Far Southwest,flu_season,0.5,IT50,34.041053932580134,26,5.0,0.19230769230769232,4.0,0.0,1.0,21.0,0.8,0.0,1.0,0.0,0.8,0.8888888888888888,0.8,0.865979381443299,0.873862897505303,0.9615384615384616,0.8,0.05033505740605258,0.15532544378698226,0.6759381066048424,,,,,False
gnn_st_v2,post_covid,gnn_st_v2,1,neighborhood,Far Southwest,flu_season,0.9,IT90,54.68112356483704,26,0.0,0.0,0.0,0.0,0.0,26.0,,,,0.0,,,,,,1.0,,0.0033664114931428834,0.0,,,,,,True
gnn_st_v2,post_covid,gnn_st_v2,1,neighborhood,Far Southwest,flu_season,0.98,IT98,74.04650918881951,26,0.0,0.0,0.0,0.0,0.0,26.0,,,,0.0,,,,,,1.0,,9.836170374009912e-07,0.0,,,,,,True
gnn_st_v2,post_covid,gnn_st_v2,1,neighborhood,Hilliard,overall,,bands,,53,,,,,,,,,,,,,,,,,,,,,0.9056603773584906,1.0,0.6120058565153734,-0.018867924528301886,False
gnn_st_v2,post_covid,gnn_st_v2,1,neighborhood,Hilliard,overall,0.5,IT50,19.24134804712757,53,8.0,0.1509433962264151,5.0,2.0,3.0,43.0,0.625,0.2857142857142857,0.7142857142857143,0.044444444444444446,0.5,0.6666666666666666,0.5805555555555556,0.6120058565153733,0.6138568406737519,0.9056603773584906,0.875,0.051296353800256746,0.12815948736205057,0.5997459504863301,,,,,False
gnn_st_v2,post_covid,gnn_st_v2,1,neighborhood,Hilliard,overall,0.9,IT90,34.52709434950146,53,0.0,0.0,0.0,0.0,0.0,53.0,,,,0.0,,,,,,1.0,,0.0022233364640911017,0.0,,,,,,True
gnn_st_v2,post_covid,gnn_st_v2,1,neighborhood,Hilliard,overall,0.98,IT98,50.186768532537315,53,0.0,0.0,0.0,0.0,0.0,53.0,,,,0.0,,,,,,1.0,,1.2382980735790374e-06,0.0,,,,,,True
gnn_st_v2,post_covid,gnn_st_v2,1,neighborhood,Hilliard,flu_season,,bands,,26,,,,,,,,,,,,,,,,,,,,,0.8076923076923077,1.0,0.5323741007194245,-0.038461538461538464,False
gnn_st_v2,post_covid,gnn_st_v2,1,neighborhood,Hilliard,flu_season,0.5,IT50,19.24134804712757,26,8.0,0.3076923076923077,5.0,2.0,3.0,16.0,0.625,0.2857142857142857,0.7142857142857143,0.1111111111111111,0.5,0.6666666666666666,0.5138888888888888,0.5323741007194245,0.534717814539874,0.8076923076923077,0.875,0.10427462904710433,0.21301775147928986,0.5104885469733156,,,,,False
gnn_st_v2,post_covid,gnn_st_v2,1,neighborhood,Hilliard,flu_season,0.9,IT90,34.52709434950146,26,0.0,0.0,0.0,0.0,0.0,26.0,,,,0.0,,,,,,1.0,,0.0045321858659419356,0.0,,,,,,True
gnn_st_v2,post_covid,gnn_st_v2,1,neighborhood,Hilliard,flu_season,0.98,IT98,50.186768532537315,26,0.0,0.0,0.0,0.0,0.0,26.0,,,,0.0,,,,,,1.0,,2.524222996141884e-06,0.0,,,,,,True
gnn_st_v2,post_covid,gnn_st_v2,1,neighborhood,Linden,overall,,bands,,53,,,,,,,,,,,,,,,,,,,,,0.9245283018867925,1.0,0.6254416961130742,-0.03773584905660377,False
gnn_st_v2,post_covid,gnn_st_v2,1,neighborhood,Linden,overall,0.5,IT50,53.62727596624066,53,7.0,0.1320754716981132,4.0,1.0,3.0,45.0,0.5714285714285714,0.2,0.8,0.021739130434782608,0.5,0.6666666666666666,0.5496894409937888,0.6254416961130742,0.6367071247700306,0.9245283018867925,0.7142857142857143,0.04299509114856208,0.1146315414738341,0.6249279160363016,,,,,False
gnn_st_v2,post_covid,gnn_st_v2,1,neighborhood,Linden,overall,0.9,IT90,82.61523156370409,53,0.0,0.0,0.0,0.0,0.0,53.0,,,,0.0,,,,,,1.0,,0.00018711876118695077,0.0,,,,,,True
gnn_st_v2,post_covid,gnn_st_v2,1,neighborhood,Linden,overall,0.98,IT98,108.92078323683364,53,0.0,0.0,0.0,0.0,0.0,53.0,,,,0.0,,,,,,1.0,,9.725423931878543e-10,0.0,,,,,,True
gnn_st_v2,post_covid,gnn_st_v2,1,neighborhood,Linden,flu_season,,bands,,26,,,,,,,,,,,,,,,,,,,,,0.8461538461538461,1.0,0.5702479338842974,-0.07692307692307693,False
gnn_st_v2,post_covid,gnn_st_v2,1,neighborhood,Linden,flu_season,0.5,IT50,53.62727596624066,26,7.0,0.2692307692307692,4.0,1.0,3.0,18.0,0.5714285714285714,0.2,0.8,0.05263157894736842,0.5,0.6666666666666666,0.518796992481203,0.5702479338842975,0.5838867509339625,0.8461538461538461,0.7142857142857143,0.08759648763282771,0.19674556213017758,0.5547727395504398,,,,,False
gnn_st_v2,post_covid,gnn_st_v2,1,neighborhood,Linden,flu_season,0.9,IT90,82.61523156370409,26,0.0,0.0,0.0,0.0,0.0,26.0,,,,0.0,,,,,,1.0,,0.0003814343977942249,0.0,,,,,,True
gnn_st_v2,post_covid,gnn_st_v2,1,neighborhood,Linden,flu_season,0.98,IT98,108.92078323683364,26,0.0,0.0,0.0,0.0,0.0,26.0,,,,0.0,,,,,,1.0,,1.98249026303678e-09,0.0,,,,,,True
gnn_st_v2,post_covid,gnn_st_v2,1,neighborhood,NE Suburban,overall,,bands,,53,,,,,,,,,,,,,,,,,,,,,0.9056603773584906,0.9811320754716981,0.4536082474226806,0.0,False
gnn_st_v2,post_covid,gnn_st_v2,1,neighborhood,NE Suburban,overall,0.5,IT50,27.312493683860776,53,5.0,0.09433962264150944,3.0,2.0,2.0,46.0,0.6,0.4,0.6,0.041666666666666664,0.42857142857142855,0.6,0.5583333333333333,0.5583333333333333,0.5583333333333333,0.9245283018867925,1.0,0.04283090581835498,0.08543965824136704,0.49869993981767025,,,,,False
gnn_st_v2,post_covid,gnn_st_v2,1,neighborhood,NE Suburban,overall,0.9,IT90,41.22759712033061,53,1.0,0.018867924528301886,0.0,1.0,1.0,51.0,0.0,1.0,0.0,0.019230769230769232,0.0,0.0,-0.019230769230769232,-0.019230769230769232,-0.019230769230769232,0.9622641509433962,1.0,0.02553552111450997,0.018511925952296185,-0.3794092078972793,,,,,True
gnn_st_v2,post_covid,gnn_st_v2,1,neighborhood,NE Suburban,overall,0.98,IT98,53.6511443833241,53,0.0,0.0,0.0,0.0,0.0,53.0,,,,0.0,,,,,,1.0,,0.00037999326372490657,0.0,,,,,,True
gnn_st_v2,post_covid,gnn_st_v2,1,neighborhood,NE Suburban,flu_season,,bands,,26,,,,,,,,,,,,,,,,,,,,,0.8076923076923077,0.9615384615384616,0.39534883720930225,0.0,False
gnn_st_v2,post_covid,gnn_st_v2,1,neighborhood,NE Suburban,flu_season,0.5,IT50,27.312493683860776,26,5.0,0.19230769230769232,3.0,2.0,2.0,19.0,0.6,0.4,0.6,0.09523809523809523,0.42857142857142855,0.6,0.5047619047619047,0.5047619047619047,0.5047619047619047,0.8461538461538461,1.0,0.08699696443987784,0.15532544378698226,0.43990525751088183,,,,,False
gnn_st_v2,post_covid,gnn_st_v2,1,neighborhood,NE Suburban,flu_season,0.9,IT90,41.22759712033061,26,1.0,0.038461538461538464,0.0,1.0,1.0,24.0,0.0,1.0,0.0,0.04,0.0,0.0,-0.04,-0.04,-0.04,0.9230769230769231,1.0,0.05205317618147923,0.036982248520710054,-0.40751788394719846,,,,,True
gnn_st_v2,post_covid,gnn_st_v2,1,neighborhood,NE Suburban,flu_season,0.98,IT98,53.6511443833241,26,0.0,0.0,0.0,0.0,0.0,26.0,,,,0.0,,,,,,1.0,,0.0007746016529776688,0.0,,,,,,True
gnn_st_v2,post_covid,gnn_st_v2,1,neighborhood,Northland,overall,,bands,,53,,,,,,,,,,,,,,,,,,,,,0.9056603773584906,1.0,0.4933078393881454,0.018867924528301886,False
gnn_st_v2,post_covid,gnn_st_v2,1,neighborhood,Northland,overall,0.5,IT50,56.127661353876796,53,5.0,0.09433962264150944,3.0,3.0,2.0,45.0,0.6,0.5,0.5,0.0625,0.375,0.5454545454545454,0.5375,0.4933078393881453,0.49586052431552574,0.9056603773584906,1.2,0.04850883357650616,0.08543965824136704,0.43224452701497584,,,,,False
gnn_st_v2,post_covid,gnn_st_v2,1,neighborhood,Northland,overall,0.9,IT90,89.91407794411414,53,0.0,0.0,0.0,0.0,0.0,53.0,,,,0.0,,,,,,1.0,,0.0004935367475702318,0.0,,,,,,True
gnn_st_v2,post_covid,gnn_st_v2,1,neighborhood,Northland,overall,0.98,IT98,121.54516325409915,53,0.0,0.0,0.0,0.0,0.0,53.0,,,,0.0,,,,,,1.0,,1.0012578867303598e-09,0.0,,,,,,True
gnn_st_v2,post_covid,gnn_st_v2,1,neighborhood,Northland,flu_season,,bands,,26,,,,,,,,,,,,,,,,,,,,,0.8076923076923077,1.0,0.4247787610619469,0.038461538461538464,False
gnn_st_v2,post_covid,gnn_st_v2,1,neighborhood,Northland,flu_season,0.5,IT50,56.127661353876796,26,5.0,0.19230769230769232,3.0,3.0,2.0,18.0,0.6,0.5,0.5,0.14285714285714285,0.375,0.5454545454545454,0.45714285714285713,0.4247787610619469,0.42761798705987897,0.8076923076923077,1.2,0.09881269228682316,0.15532544378698226,0.3638344763248338,,,,,False
gnn_st_v2,post_covid,gnn_st_v2,1,neighborhood,Northland,flu_season,0.9,IT90,89.91407794411414,26,0.0,0.0,0.0,0.0,0.0,26.0,,,,0.0,,,,,,1.0,,0.0010060556777390368,0.0,,,,,,True
gnn_st_v2,post_covid,gnn_st_v2,1,neighborhood,Northland,flu_season,0.98,IT98,121.54516325409915,26,0.0,0.0,0.0,0.0,0.0,26.0,,,,0.0,,,,,,1.0,,2.041025692181118e-09,0.0,,,,,,True
gnn_st_v2,post_covid,gnn_st_v2,1,neighborhood,UA/Grandview,overall,,bands,,53,,,,,,,,,,,,,,,,,,,,,0.9245283018867925,1.0,0.5583333333333333,0.0,False
gnn_st_v2,post_covid,gnn_st_v2,1,neighborhood,UA/Grandview,overall,0.5,IT50,8.143164584776198,53,5.0,0.09433962264150944,3.0,2.0,2.0,46.0,0.6,0.4,0.6,0.041666666666666664,0.42857142857142855,0.6,0.5583333333333333,0.5583333333333333,0.5583333333333333,0.9245283018867925,1.0,0.06328829434432151,0.08543965824136704,0.2592632549450037,,,,,False
gnn_st_v2,post_covid,gnn_st_v2,1,neighborhood,UA/Grandview,overall,0.9,IT90,16.706142473783938,53,0.0,0.0,0.0,0.0,0.0,53.0,,,,0.0,,,,,,1.0,,0.0035896822189358927,0.0,,,,,,True
gnn_st_v2,post_covid,gnn_st_v2,1,neighborhood,UA/Grandview,overall,0.98,IT98,26.455007113900507,53,0.0,0.0,0.0,0.0,0.0,53.0,,,,0.0,,,,,,1.0,,5.016350194744976e-06,0.0,,,,,,True
gnn_st_v2,post_covid,gnn_st_v2,1,neighborhood,UA/Grandview,flu_season,,bands,,26,,,,,,,,,,,,,,,,,,,,,0.8461538461538461,1.0,0.5047619047619047,0.0,False
gnn_st_v2,post_covid,gnn_st_v2,1,neighborhood,UA/Grandview,flu_season,0.5,IT50,8.143164584776198,26,5.0,0.19230769230769232,3.0,2.0,2.0,19.0,0.6,0.4,0.6,0.09523809523809523,0.42857142857142855,0.6,0.5047619047619047,0.5047619047619047,0.5047619047619047,0.8461538461538461,1.0,0.12479655677551271,0.15532544378698226,0.19654788209288965,,,,,False
gnn_st_v2,post_covid,gnn_st_v2,1,neighborhood,UA/Grandview,flu_season,0.9,IT90,16.706142473783938,26,0.0,0.0,0.0,0.0,0.0,26.0,,,,0.0,,,,,,1.0,,0.007317295213687676,0.0,,,,,,True
gnn_st_v2,post_covid,gnn_st_v2,1,neighborhood,UA/Grandview,flu_season,0.98,IT98,26.455007113900507,26,0.0,0.0,0.0,0.0,0.0,26.0,,,,0.0,,,,,,1.0,,1.0225636935367485e-05,0.0,,,,,,True
gnn_st_v2,post_covid,gnn_st_v2,1,neighborhood,West,overall,,bands,,53,,,,,,,,,,,,,,,,,,,,,0.9433962264150944,1.0,0.5417867435158502,0.018867924528301886,False
gnn_st_v2,post_covid,gnn_st_v2,1,neighborhood,West,overall,0.5,IT50,73.15037971354549,53,3.0,0.05660377358490566,2.0,2.0,1.0,48.0,0.6666666666666666,0.5,0.5,0.04,0.4,0.5714285714285714,0.6266666666666666,0.5417867435158501,0.548219132908616,0.9433962264150944,1.3333333333333333,0.04722120262368119,0.05339978640085441,0.11570427886719714,,,,,True
gnn_st_v2,post_covid,gnn_st_v2,1,neighborhood,West,overall,0.9,IT90,114.1022318647041,53,0.0,0.0,0.0,0.0,0.0,53.0,,,,0.0,,,,,,1.0,,1.862951936495552e-05,0.0,,,,,,True
gnn_st_v2,post_covid,gnn_st_v2,1,neighborhood,West,overall,0.98,IT98,151.63555393306305,53,0.0,0.0,0.0,0.0,0.0,53.0,,,,0.0,,,,,,1.0,,3.4938915427480766e-13,0.0,,,,,,True
gnn_st_v2,post_covid,gnn_st_v2,1,neighborhood,West,flu_season,,bands,,26,,,,,,,,,,,,,,,,,,,,,0.8846153846153846,1.0,0.5063291139240506,0.038461538461538464,False
gnn_st_v2,post_covid,gnn_st_v2,1,neighborhood,West,flu_season,0.5,IT50,73.15037971354549,26,3.0,0.11538461538461539,2.0,2.0,1.0,21.0,0.6666666666666666,0.5,0.5,0.08695652173913043,0.4,0.5714285714285714,0.5797101449275361,0.5063291139240507,0.5133270023393454,0.8846153846153846,1.3333333333333333,0.09624220105366733,0.10207100591715977,0.05710539257566505,,,,,True
gnn_st_v2,post_covid,gnn_st_v2,1,neighborhood,West,flu_season,0.9,IT90,114.1022318647041,26,0.0,0.0,0.0,0.0,0.0,26.0,,,,0.0,,,,,,1.0,,3.797555870548262e-05,0.0,,,,,,True
gnn_st_v2,post_covid,gnn_st_v2,1,neighborhood,West,flu_season,0.98,IT98,151.63555393306305,26,0.0,0.0,0.0,0.0,0.0,26.0,,,,0.0,,,,,,1.0,,7.122163529448004e-13,0.0,,,,,,True
gnn_st_v2,post_covid,gnn_st_v2,1,neighborhood,Westerville,overall,,bands,,53,,,,,,,,,,,,,,,,,,,,,0.9056603773584906,1.0,0.736318407960199,-0.05660377358490566,False
gnn_st_v2,post_covid,gnn_st_v2,1,neighborhood,Westerville,overall,0.5,IT50,24.33364195874595,53,7.0,0.1320754716981132,4.0,1.0,3.0,45.0,0.5714285714285714,0.2,0.8,0.021739130434782608,0.5,0.6666666666666666,0.5496894409937888,0.6254416961130742,0.6367071247700306,0.9245283018867925,0.7142857142857143,0.047445677328701905,0.1146315414738341,0.5861027713778768,,,,,False
gnn_st_v2,post_covid,gnn_st_v2,1,neighborhood,Westerville,overall,0.9,IT90,36.408491039457616,53,2.0,0.03773584905660377,1.0,0.0,1.0,51.0,0.5,0.0,1.0,0.0,0.5,0.6666666666666666,0.5,0.6580645161290323,0.7002746713858894,0.9811320754716981,0.5,0.018715976240142186,0.03631185475258099,0.4845766935435353,,,,,True
gnn_st_v2,post_covid,gnn_st_v2,1,neighborhood,Westerville,overall,0.98,IT98,47.11324141772458,53,0.0,0.0,0.0,0.0,0.0,53.0,,,,0.0,,,,,,1.0,,0.0009849800862974263,0.0,,,,,,True
gnn_st_v2,post_covid,gnn_st_v2,1,neighborhood,Westerville,flu_season,,bands,,26,,,,,,,,,,,,,,,,,,,,,0.8076923076923077,1.0,0.7031963470319635,-0.11538461538461539,False
gnn_st_v2,post_covid,gnn_st_v2,1,neighborhood,Westerville,flu_season,0.5,IT50,24.33364195874595,26,7.0,0.2692307692307692,4.0,1.0,3.0,18.0,0.5714285714285714,0.2,0.8,0.05263157894736842,0.5,0.6666666666666666,0.518796992481203,0.5702479338842975,0.5838867509339625,0.8461538461538461,0.7142857142857143,0.09602458518075062,0.19674556213017758,0.511935191111373,,,,,False
gnn_st_v2,post_covid,gnn_st_v2,1,neighborhood,Westerville,flu_season,0.9,IT90,36.408491039457616,26,2.0,0.07692307692307693,1.0,0.0,1.0,24.0,0.5,0.0,1.0,0.0,0.5,0.6666666666666666,0.5,0.6486486486486487,0.6928203230275508,0.9615384615384616,0.5,0.03815177604252942,0.07100591715976333,0.4626958207343774,,,,,True
gnn_st_v2,post_covid,gnn_st_v2,1,neighborhood,Westerville,flu_season,0.98,IT98,47.11324141772458,26,0.0,0.0,0.0,0.0,0.0,26.0,,,,0.0,,,,,,1.0,,0.002007844022059846,0.0,,,,,,True
gnn_st_v2,post_covid,gnn_st_v2,1,neighborhood,Worthington,overall,,bands,,53,,,,,,,,,,,,,,,,,,,,,0.7924528301886793,0.9811320754716981,0.7253886010362693,-0.1509433962264151,False
gnn_st_v2,post_covid,gnn_st_v2,1,neighborhood,Worthington,overall,0.5,IT50,13.721631551906164,53,16.0,0.3018867924528302,11.0,1.0,5.0,36.0,0.6875,0.08333333333333333,0.9166666666666666,0.02702702702702703,0.6470588235294118,0.7857142857142857,0.660472972972973,0.7109090909090909,0.7244915969489636,0.8867924528301887,0.75,0.1022653994210631,0.21075115699537203,0.5147575895713409,,,,,False
gnn_st_v2,post_covid,gnn_st_v2,1,neighborhood,Worthington,overall,0.9,IT90,22.978569674557114,53,5.0,0.09433962264150944,1.0,1.0,4.0,47.0,0.2,0.5,0.5,0.020833333333333332,0.16666666666666666,0.2857142857142857,0.17916666666666667,0.245014245014245,0.2748291210036411,0.9056603773584906,0.4,0.07074374526518008,0.08543965824136704,0.17200341479212145,,,,,False
gnn_st_v2,post_covid,gnn_st_v2,1,neighborhood,Worthington,overall,0.98,IT98,31.956357603850087,53,2.0,0.03773584905660377,1.0,0.0,1.0,51.0,0.5,0.0,1.0,0.0,0.5,0.6666666666666666,0.5,0.6580645161290323,0.7002746713858894,0.9811320754716981,0.5,0.02236584050047326,0.03631185475258099,0.38406229445265305,,,,,True
gnn_st_v2,post_covid,gnn_st_v2,1,neighborhood,Worthington,flu_season,,bands,,26,,,,,,,,,,,,,,,,,,,,,0.6538461538461539,0.9615384615384616,0.6822810590631363,-0.23076923076923078,False
gnn_st_v2,post_covid,gnn_st_v2,1,neighborhood,Worthington,flu_season,0.5,IT50,13.721631551906164,26,14.0,0.5384615384615384,11.0,1.0,3.0,11.0,0.7857142857142857,0.08333333333333333,0.9166666666666666,0.08333333333333333,0.7333333333333333,0.8461538461538461,0.7023809523809523,0.6941176470588235,0.7023809523809523,0.8461538461538461,0.8571428571428571,0.13536965360696582,0.24852071005917165,0.45529829858149484,,,,,False
gnn_st_v2,post_covid,gnn_st_v2,1,neighborhood,Worthington,flu_season,0.9,IT90,22.978569674557114,26,5.0,0.19230769230769232,1.0,1.0,4.0,20.0,0.2,0.5,0.5,0.047619047619047616,0.16666666666666666,0.2857142857142857,0.1523809523809524,0.19753086419753085,0.2253744679276044,0.8076923076923077,0.4,0.14419936205569925,0.15532544378698226,0.07163077381283156,,,,,False
gnn_st_v2,post_covid,gnn_st_v2,1,neighborhood,Worthington,flu_season,0.98,IT98,31.956357603850087,26,2.0,0.07692307692307693,1.0,0.0,1.0,24.0,0.5,0.0,1.0,0.0,0.5,0.6666666666666666,0.5,0.6486486486486487,0.6928203230275508,0.9615384615384616,0.5,0.045591905485387045,0.07100591715976333,0.3579139977474659,,,,,True
lstm,post_covid,lstm,1,citywide,CITYWIDE,overall,,bands,,53,,,,,,,,,,,,,,,,,,,,,0.9056603773584906,1.0,0.6499339498018495,0.018867924528301886,False
lstm,post_covid,lstm,1,citywide,CITYWIDE,overall,0.5,IT50,35.19412725226089,53,8.0,0.1509433962264151,6.0,3.0,2.0,42.0,0.75,0.3333333333333333,0.6666666666666666,0.06666666666666667,0.5454545454545454,0.7058823529411765,0.6833333333333333,0.6499339498018494,0.6515327693178214,0.9056603773584906,1.125,0.06125820495643606,0.12815948736205057,0.5220158396593643,,,,,False
lstm,post_covid,lstm,1,citywide,CITYWIDE,overall,0.9,IT90,56.071415152332634,53,0.0,0.0,0.0,0.0,0.0,53.0,,,,0.0,,,,,,1.0,,0.002136253046312985,0.0,,,,,,True
lstm,post_covid,lstm,1,citywide,CITYWIDE,overall,0.98,IT98,75.53173152268305,53,0.0,0.0,0.0,0.0,0.0,53.0,,,,0.0,,,,,,1.0,,7.548754664615914e-07,0.0,,,,,,True
lstm,post_covid,lstm,1,citywide,CITYWIDE,flu_season,,bands,,26,,,,,,,,,,,,,,,,,,,,,0.8076923076923077,1.0,0.5637583892617449,0.038461538461538464,False
lstm,post_covid,lstm,1,citywide,CITYWIDE,flu_season,0.5,IT50,35.19412725226089,26,8.0,0.3076923076923077,6.0,3.0,2.0,15.0,0.75,0.3333333333333333,0.6666666666666666,0.16666666666666666,0.5454545454545454,0.7058823529411765,0.5833333333333334,0.5637583892617449,0.5659164584181102,0.8076923076923077,1.125,0.12441436484930943,0.2130177514792899,0.415943676124075,,,,,False
lstm,post_covid,lstm,1,citywide,CITYWIDE,flu_season,0.9,IT90,56.071415152332634,26,0.0,0.0,0.0,0.0,0.0,26.0,,,,0.0,,,,,,1.0,,0.004354669640585436,0.0,,,,,,True
lstm,post_covid,lstm,1,citywide,CITYWIDE,flu_season,0.98,IT98,75.53173152268305,26,0.0,0.0,0.0,0.0,0.0,26.0,,,,0.0,,,,,,1.0,,1.5387846047101669e-06,0.0,,,,,,True
lstm,post_covid,lstm,1,pooled,ALL,overall,,bands,,901,,,,,,,,,,,,,,,,,,,,,0.8701442841287459,0.9900110987791343,0.48494255702614497,-0.008879023307436182,False
lstm,post_covid,lstm,1,pooled,ALL,overall,0.5,IT50,,901,118.0,0.1309655937846837,72.0,59.0,46.0,724.0,0.6101694915254238,0.45038167938931295,0.549618320610687,0.07535121328224777,0.4067796610169492,0.5783132530120482,0.534818278243176,0.510915924376916,0.5118551954057199,0.8834628190899001,1.1101694915254237,0.07446039003390546,0.11381360702930893,0.34576899917836135,,,,,False
lstm,post_covid,lstm,1,pooled,ALL,overall,0.9,IT90,,901,17.0,0.018867924528301886,0.0,0.0,17.0,884.0,0.0,,,0.0,0.0,0.0,0.0,0.0,,0.9811320754716981,0.0,0.016057769108323995,0.01851192595229619,0.13257166489842098,,,,,False
lstm,post_covid,lstm,1,pooled,ALL,overall,0.98,IT98,,901,4.0,0.004439511653718091,0.0,0.0,4.0,897.0,0.0,,,0.0,0.0,0.0,0.0,0.0,,0.9955604883462819,0.0,0.004187202093457713,0.004419802389994593,0.052626854328019945,,,,,True
lstm,post_covid,lstm,1,pooled,ALL,flu_season,,bands,,442,,,,,,,,,,,,,,,,,,,,,0.744343891402715,0.9796380090497737,0.4067227857567447,-0.00904977375565611,False
lstm,post_covid,lstm,1,pooled,ALL,flu_season,0.5,IT50,,442,114.0,0.2579185520361991,72.0,59.0,42.0,269.0,0.631578947368421,0.45038167938931295,0.549618320610687,0.1798780487804878,0.4161849710982659,0.5877551020408164,0.4517008985879332,0.43074647420366735,0.4327374282101023,0.7714932126696833,1.1491228070175439,0.14163831723799605,0.19139657255174955,0.259974641396987,,,,,False
lstm,post_covid,lstm,1,pooled,ALL,flu_season,0.9,IT90,,442,17.0,0.038461538461538464,0.0,0.0,17.0,425.0,0.0,,,0.0,0.0,0.0,0.0,0.0,,0.9615384615384616,0.0,0.0327318178484492,0.03698224852071006,0.11493164537793354,,,,,False
lstm,post_covid,lstm,1,pooled,ALL,flu_season,0.98,IT98,,442,4.0,0.00904977375565611,0.0,0.0,4.0,438.0,0.0,,,0.0,0.0,0.0,0.0,0.0,,0.9909502262443439,0.0,0.008535448523146022,0.008967875350627548,0.048219540367637426,,,,,True
lstm,post_covid,lstm,1,neighborhood,Agler/Cassidy,overall,,bands,,53,,,,,,,,,,,,,,,,,,,,,0.9245283018867925,1.0,0.6718266253869969,0.03773584905660377,False
lstm,post_covid,lstm,1,neighborhood,Agler/Cassidy,overall,0.5,IT50,51.74083078339265,53,6.0,0.11320754716981132,5.0,3.0,1.0,44.0,0.8333333333333334,0.375,0.625,0.06382978723404255,0.5555555555555556,0.7142857142857143,0.7695035460992908,0.6718266253869969,0.6810577343440497,0.9245283018867925,1.3333333333333333,0.051377115857884334,0.10039159843360627,0.48823291331632246,,,,,False
lstm,post_covid,lstm,1,neighborhood,Agler/Cassidy,overall,0.9,IT90,88.48740693700204,53,0.0,0.0,0.0,0.0,0.0,53.0,,,,0.0,,,,,,1.0,,0.00018853660914322406,0.0,,,,,,True
lstm,post_covid,lstm,1,neighborhood,Agler/Cassidy,overall,0.98,IT98,124.72586226376617,53,0.0,0.0,0.0,0.0,0.0,53.0,,,,0.0,,,,,,1.0,,1.462281744162419e-11,0.0,,,,,,True
lstm,post_covid,lstm,1,neighborhood,Agler/Cassidy,flu_season,,bands,,26,,,,,,,,,,,,,,,,,,,,,0.8461538461538461,1.0,0.6119402985074627,0.07692307692307693,False
lstm,post_covid,lstm,1,neighborhood,Agler/Cassidy,flu_season,0.5,IT50,51.74083078339265,26,6.0,0.23076923076923078,5.0,3.0,1.0,17.0,0.8333333333333334,0.375,0.625,0.15,0.5555555555555556,0.7142857142857143,0.6833333333333333,0.6119402985074627,0.6237951349364392,0.8461538461538461,1.3333333333333333,0.1046152425242654,0.17751479289940827,0.4106674671133048,,,,,False
lstm,post_covid,lstm,1,neighborhood,Agler/Cassidy,flu_season,0.9,IT90,88.48740693700204,26,0.0,0.0,0.0,0.0,0.0,26.0,,,,0.0,,,,,,1.0,,0.00038432462633031114,0.0,,,,,,True
lstm,post_covid,lstm,1,neighborhood,Agler/Cassidy,flu_season,0.98,IT98,124.72586226376617,26,0.0,0.0,0.0,0.0,0.0,26.0,,,,0.0,,,,,,1.0,,2.9808050938695465e-11,0.0,,,,,,True
lstm,post_covid,lstm,1,neighborhood,Bexley,overall,,bands,,53,,,,,,,,,,,,,,,,,,,,,0.8490566037735849,0.9811320754716981,0.484526967285588,-0.1320754716981132,False
lstm,post_covid,lstm,1,neighborhood,Bexley,overall,0.5,IT50,24.605454693531783,53,8.0,0.1509433962264151,3.0,1.0,5.0,44.0,0.375,0.25,0.75,0.022222222222222223,0.3333333333333333,0.5,0.3527777777777778,0.44405594405594406,0.4781062652873621,0.8867924528301887,0.5,0.08589804760084843,0.12815948736205057,0.32975662302560216,,,,,False
lstm,post_covid,lstm,1,neighborhood,Bexley,overall,0.9,IT90,37.5430295506582,53,2.0,0.03773584905660377,0.0,0.0,2.0,51.0,0.0,,,0.0,0.0,0.0,0.0,0.0,,0.9622641509433962,0.0,0.025889352866964914,0.03631185475258099,0.28702752741858384,,,,,True
lstm,post_covid,lstm,1,neighborhood,Bexley,overall,0.98,IT98,49.19357270883574,53,1.0,0.018867924528301886,0.0,0.0,1.0,52.0,0.0,,,0.0,0.0,0.0,0.0,0.0,,0.9811320754716981,0.0,0.018121140073216663,0.018511925952296185,0.021109952583353464,,,,,True
lstm,post_covid,lstm,1,neighborhood,Bexley,flu_season,,bands,,26,,,,,,,,,,,,,,,,,,,,,0.7307692307692307,0.9615384615384616,0.4715447154471545,-0.23076923076923078,False
lstm,post_covid,lstm,1,neighborhood,Bexley,flu_season,0.5,IT50,24.605454693531783,26,7.0,0.2692307692307692,3.0,1.0,4.0,18.0,0.42857142857142855,0.25,0.75,0.05263157894736842,0.375,0.5454545454545454,0.37593984962406013,0.43478260869565216,0.46217116665408475,0.8076923076923077,0.5714285714285714,0.13647791922708513,0.19674556213017758,0.30632275640970286,,,,,False
lstm,post_covid,lstm,1,neighborhood,Bexley,flu_season,0.9,IT90,37.5430295506582,26,2.0,0.07692307692307693,0.0,0.0,2.0,24.0,0.0,,,0.0,0.0,0.0,0.0,0.0,,0.9230769230769231,0.0,0.0527744333224955,0.07100591715976333,0.25676006404152185,,,,,True
lstm,post_covid,lstm,1,neighborhood,Bexley,flu_season,0.98,IT98,49.19357270883574,26,1.0,0.038461538461538464,0.0,0.0,1.0,25.0,0.0,,,0.0,0.0,0.0,0.0,0.0,,0.9615384615384616,0.0,0.03693924707231951,0.036982248520710054,0.001162759164480276,,,,,True
lstm,post_covid,lstm,1,neighborhood,Clintonville/Near North,overall,,bands,,53,,,,,,,,,,,,,,,,,,,,,0.8301886792452831,0.9622641509433962,0.5248057381948597,-0.1320754716981132,False
lstm,post_covid,lstm,1,neighborhood,Clintonville/Near North,overall,0.5,IT50,15.728895715230147,53,11.0,0.20754716981132076,7.0,2.0,4.0,40.0,0.6363636363636364,0.2222222222222222,0.7777777777777778,0.047619047619047616,0.5384615384615384,0.7,0.5887445887445888,0.6310904872389791,0.6359168362074091,0.8867924528301887,0.8181818181818182,0.0789206953870102,0.1644713421146316,0.5201553390863386,,,,,False
lstm,post_covid,lstm,1,neighborhood,Clintonville/Near North,overall,0.9,IT90,22.099499115677975,53,4.0,0.07547169811320754,0.0,0.0,4.0,49.0,0.0,,,0.0,0.0,0.0,0.0,0.0,,0.9245283018867925,0.0,0.05113692125668306,0.06977572089711641,0.26712442954070037,,,,,True
lstm,post_covid,lstm,1,neighborhood,Clintonville/Near North,overall,0.98,IT98,27.469599865392972,53,1.0,0.018867924528301886,0.0,0.0,1.0,52.0,0.0,,,0.0,0.0,0.0,0.0,0.0,,0.9811320754716981,0.0,0.015987360368585144,0.018511925952296185,0.1363750908585445,,,,,True
lstm,post_covid,lstm,1,neighborhood,Clintonville/Near North,flu_season,,bands,,26,,,,,,,,,,,,,,,,,,,,,0.6538461538461539,0.9230769230769231,0.42136498516320464,-0.2692307692307692,False
lstm,post_covid,lstm,1,neighborhood,Clintonville/Near North,flu_season,0.5,IT50,15.728895715230147,26,11.0,0.4230769230769231,7.0,2.0,4.0,13.0,0.6363636363636364,0.2222222222222222,0.7777777777777778,0.13333333333333333,0.5384615384615384,0.7,0.503030303030303,0.515527950310559,0.522384647500808,0.7692307692307693,0.8181818181818182,0.1577925731384463,0.24408284023668633,0.3535286094449107,,,,,False
lstm,post_covid,lstm,1,neighborhood,Clintonville/Near North,flu_season,0.9,IT90,22.099499115677975,26,4.0,0.15384615384615385,0.0,0.0,4.0,22.0,0.0,,,0.0,0.0,0.0,0.0,0.0,,0.8461538461538461,0.0,0.10422468476476224,0.13017751479289943,0.19936492157978114,,,,,True
lstm,post_covid,lstm,1,neighborhood,Clintonville/Near North,flu_season,0.98,IT98,27.469599865392972,26,1.0,0.038461538461538464,0.0,0.0,1.0,25.0,0.0,,,0.0,0.0,0.0,0.0,0.0,,0.9615384615384616,0.0,0.03258958697487873,0.036982248520710054,0.11877756819927898,,,,,True
lstm,post_covid,lstm,1,neighborhood,Dublin,overall,,bands,,53,,,,,,,,,,,,,,,,,,,,,0.8490566037735849,0.9811320754716981,0.3275663206459054,-0.05660377358490566,False
lstm,post_covid,lstm,1,neighborhood,Dublin,overall,0.5,IT50,8.038849454818003,53,9.0,0.16981132075471697,4.0,3.0,5.0,41.0,0.4444444444444444,0.42857142857142855,0.5714285714285714,0.06818181818181818,0.3333333333333333,0.5,0.37626262626262624,0.41274238227146814,0.4172638295574271,0.8490566037735849,0.7777777777777778,0.09289386361909635,0.14097543609825564,0.341063477509996,,,,,False
lstm,post_covid,lstm,1,neighborhood,Dublin,overall,0.9,IT90,14.1626396504559,53,1.0,0.018867924528301886,0.0,0.0,1.0,52.0,0.0,,,0.0,0.0,0.0,0.0,0.0,,0.9811320754716981,0.0,0.019051398236615315,0.018511925952296185,-0.029141877820239248,,,,,True
lstm,post_covid,lstm,1,neighborhood,Dublin,overall,0.98,IT98,20.345693253667104,53,0.0,0.0,0.0,0.0,0.0,53.0,,,,0.0,,,,,,1.0,,3.877250077729419e-05,0.0,,,,,,True
lstm,post_covid,lstm,1,neighborhood,Dublin,flu_season,,bands,,26,,,,,,,,,,,,,,,,,,,,,0.7307692307692307,0.9615384615384616,0.23976608187134507,-0.07692307692307693,False
lstm,post_covid,lstm,1,neighborhood,Dublin,flu_season,0.5,IT50,8.038849454818003,26,8.0,0.3076923076923077,4.0,3.0,4.0,15.0,0.5,0.42857142857142855,0.5714285714285714,0.16666666666666666,0.36363636363636365,0.5333333333333333,0.33333333333333337,0.34532374100719426,0.34684398780964804,0.7307692307692307,0.875,0.15143363759693132,0.21301775147928986,0.28910320128107214,,,,,False
lstm,post_covid,lstm,1,neighborhood,Dublin,flu_season,0.9,IT90,14.1626396504559,26,1.0,0.038461538461538464,0.0,0.0,1.0,25.0,0.0,,,0.0,0.0,0.0,0.0,0.0,,0.9615384615384616,0.0,0.03883320698940033,0.036982248520710054,-0.05004991699338501,,,,,True
lstm,post_covid,lstm,1,neighborhood,Dublin,flu_season,0.98,IT98,20.345693253667104,26,0.0,0.0,0.0,0.0,0.0,26.0,,,,0.0,,,,,,1.0,,7.903624199349465e-05,0.0,,,,,,True
lstm,post_covid,lstm,1,neighborhood,Eastside,overall,,bands,,53,,,,,,,,,,,,,,,,,,,,,0.8679245283018868,1.0,0.5720876585928489,0.05660377358490566,False
lstm,post_covid,lstm,1,neighborhood,Eastside,overall,0.5,IT50,53.89825474693718,53,6.0,0.11320754716981132,5.0,5.0,1.0,42.0,0.8333333333333334,0.5,0.5,0.10638297872340426,0.45454545454545453,0.625,0.7269503546099291,0.5631868131868132,0.5887014142200897,0.8867924528301887,1.6666666666666667,0.06679716036080248,0.10039159843360627,0.3346339593847725,,,,,False
lstm,post_covid,lstm,1,neighborhood,Eastside,overall,0.9,IT90,89.53274062296502,53,1.0,0.018867924528301886,0.0,0.0,1.0,52.0,0.0,,,0.0,0.0,0.0,0.0,0.0,,0.9811320754716981,0.0,0.019370573607931037,0.018511925952296185,-0.04638348585919805,,,,,True
lstm,post_covid,lstm,1,neighborhood,Eastside,overall,0.98,IT98,123.87134674281285,53,0.0,0.0,0.0,0.0,0.0,53.0,,,,0.0,,,,,,1.0,,3.5436925357681195e-09,0.0,,,,,,True
lstm,post_covid,lstm,1,neighborhood,Eastside,flu_season,,bands,,26,,,,,,,,,,,,,,,,,,,,,0.7307692307692307,1.0,0.48587570621468923,0.11538461538461539,False
lstm,post_covid,lstm,1,neighborhood,Eastside,flu_season,0.5,IT50,53.89825474693718,26,6.0,0.23076923076923078,5.0,5.0,1.0,15.0,0.8333333333333334,0.5,0.5,0.25,0.45454545454545453,0.625,0.5833333333333334,0.47297297297297297,0.5051814855409225,0.7692307692307693,1.6666666666666667,0.13609844389635536,0.17751479289940827,0.23331209938386477,,,,,False
lstm,post_covid,lstm,1,neighborhood,Eastside,flu_season,0.9,IT90,89.53274062296502,26,1.0,0.038461538461538464,0.0,0.0,1.0,25.0,0.0,,,0.0,0.0,0.0,0.0,0.0,,0.9615384615384616,0.0,0.039486169277705506,0.036982248520710054,-0.06770601726915704,,,,,True
lstm,post_covid,lstm,1,neighborhood,Eastside,flu_season,0.98,IT98,123.87134674281285,26,0.0,0.0,0.0,0.0,0.0,26.0,,,,0.0,,,,,,1.0,,7.223680938296553e-09,0.0,,,,,,True
lstm,post_covid,lstm,1,neighborhood,Far East,overall,,bands,,53,,,,,,,,,,,,,,,,,,,,,0.8867924528301887,1.0,0.5771276595744681,0.03773584905660377,False
lstm,post_covid,lstm,1,neighborhood,Far East,overall,0.5,IT50,76.01095931639992,53,5.0,0.09433962264150944,4.0,4.0,1.0,44.0,0.8,0.5,0.5,0.08333333333333333,0.4444444444444444,0.6153846153846154,0.7166666666666667,0.5648604269293924,0.5851558829982036,0.9056603773584906,1.6,0.06021621322224814,0.08543965824136704,0.2952194044112707,,,,,False
lstm,post_covid,lstm,1,neighborhood,Far East,overall,0.9,IT90,119.58175049878095,53,1.0,0.018867924528301886,0.0,0.0,1.0,52.0,0.0,,,0.0,0.0,0.0,0.0,0.0,,0.9811320754716981,0.0,0.017495485946259524,0.018511925952296185,0.0549073072491727,,,,,True
lstm,post_covid,lstm,1,neighborhood,Far East,overall,0.98,IT98,159.7885780471188,53,0.0,0.0,0.0,0.0,0.0,53.0,,,,0.0,,,,,,1.0,,1.5969236838314166e-11,0.0,,,,,,True
lstm,post_covid,lstm,1,neighborhood,Far East,flu_season,,bands,,26,,,,,,,,,,,,,,,,,,,,,0.7692307692307693,1.0,0.5125000000000001,0.07692307692307693,False
lstm,post_covid,lstm,1,neighborhood,Far East,flu_season,0.5,IT50,76.01095931639992,26,5.0,0.19230769230769232,4.0,4.0,1.0,17.0,0.8,0.5,0.5,0.19047619047619047,0.4444444444444444,0.6153846153846154,0.6095238095238096,0.49612403100775193,0.5204800389058843,0.8076923076923077,1.6,0.12270673365249414,0.15532544378698226,0.21000236238965686,,,,,False
lstm,post_covid,lstm,1,neighborhood,Far East,flu_season,0.9,IT90,119.58175049878095,26,1.0,0.038461538461538464,0.0,0.0,1.0,25.0,0.0,,,0.0,0.0,0.0,0.0,0.0,,0.9615384615384616,0.0,0.0356638751981444,0.036982248520710054,0.035648814642175286,,,,,True
lstm,post_covid,lstm,1,neighborhood,Far East,flu_season,0.98,IT98,159.7885780471188,26,0.0,0.0,0.0,0.0,0.0,26.0,,,,0.0,,,,,,1.0,,3.255267509348656e-11,0.0,,,,,,True
lstm,post_covid,lstm,1,neighborhood,Far South,overall,,bands,,53,,,,,,,,,,,,,,,,,,,,,0.8867924528301887,1.0,0.5595567867036013,0.03773584905660377,False
lstm,post_covid,lstm,1,neighborhood,Far South,overall,0.5,IT50,69.7066330370401,53,7.0,0.1320754716981132,5.0,4.0,2.0,42.0,0.7142857142857143,0.4444444444444444,0.5555555555555556,0.08695652173913043,0.45454545454545453,0.625,0.6273291925465838,0.5595567867036011,0.5656865340308743,0.8867924528301887,1.2857142857142858,0.06819046690047093,0.11463154147383411,0.4051334735297428,,,,,False
lstm,post_covid,lstm,1,neighborhood,Far South,overall,0.9,IT90,121.95949130896,53,0.0,0.0,0.0,0.0,0.0,53.0,,,,0.0,,,,,,1.0,,0.00015314696398264856,0.0,,,,,,True
lstm,post_covid,lstm,1,neighborhood,Far South,overall,0.98,IT98,174.42921640712913,53,0.0,0.0,0.0,0.0,0.0,53.0,,,,0.0,,,,,,1.0,,8.383662850111273e-14,0.0,,,,,,True
lstm,post_covid,lstm,1,neighborhood,Far South,flu_season,,bands,,26,,,,,,,,,,,,,,,,,,,,,0.7692307692307693,1.0,0.4620689655172413,0.07692307692307693,False
lstm,post_covid,lstm,1,neighborhood,Far South,flu_season,0.5,IT50,69.7066330370401,26,7.0,0.2692307692307692,5.0,4.0,2.0,15.0,0.7142857142857143,0.4444444444444444,0.5555555555555556,0.21052631578947367,0.45454545454545453,0.625,0.5037593984962406,0.46206896551724136,0.46968129716874873,0.7692307692307693,1.2857142857142858,0.13899956456482337,0.19674556213017758,0.2935059725878153,,,,,False
lstm,post_covid,lstm,1,neighborhood,Far South,flu_season,0.9,IT90,121.95949130896,26,0.0,0.0,0.0,0.0,0.0,26.0,,,,0.0,,,,,,1.0,,0.0003121841958107835,0.0,,,,,,True
lstm,post_covid,lstm,1,neighborhood,Far South,flu_season,0.98,IT98,174.42921640712913,26,0.0,0.0,0.0,0.0,0.0,26.0,,,,0.0,,,,,,1.0,,1.708977427138067e-13,0.0,,,,,,True
lstm,post_covid,lstm,1,neighborhood,Far Southeast,overall,,bands,,53,,,,,,,,,,,,,,,,,,,,,0.9056603773584906,1.0,0.39359267734553793,-0.018867924528301886,False
lstm,post_covid,lstm,1,neighborhood,Far Southeast,overall,0.5,IT50,10.956265259525463,53,5.0,0.09433962264150944,2.0,2.0,3.0,46.0,0.4,0.5,0.5,0.041666666666666664,0.2857142857142857,0.4444444444444444,0.35833333333333334,0.39359267734553777,0.3965197235402832,0.9056603773584906,0.8,0.07107960022506526,0.08543965824136704,0.16807251236579868,,,,,False
lstm,post_covid,lstm,1,neighborhood,Far Southeast,overall,0.9,IT90,18.40391015194404,53,0.0,0.0,0.0,0.0,0.0,53.0,,,,0.0,,,,,,1.0,,0.0016768990466840407,0.0,,,,,,True
lstm,post_covid,lstm,1,neighborhood,Far Southeast,overall,0.98,IT98,25.644566505740826,53,0.0,0.0,0.0,0.0,0.0,53.0,,,,0.0,,,,,,1.0,,7.950228808893656e-06,0.0,,,,,,True
lstm,post_covid,lstm,1,neighborhood,Far Southeast,flu_season,,bands,,26,,,,,,,,,,,,,,,,,,,,,0.8076923076923077,1.0,0.3298969072164949,-0.038461538461538464,False
lstm,post_covid,lstm,1,neighborhood,Far Southeast,flu_season,0.5,IT50,10.956265259525463,26,5.0,0.19230769230769232,2.0,2.0,3.0,19.0,0.4,0.5,0.5,0.09523809523809523,0.2857142857142857,0.4444444444444444,0.3047619047619048,0.32989690721649484,0.3329001514305916,0.8076923076923077,0.8,0.14038228032205383,0.15532544378698226,0.09620550954563456,,,,,False
lstm,post_covid,lstm,1,neighborhood,Far Southeast,flu_season,0.9,IT90,18.40391015194404,26,0.0,0.0,0.0,0.0,0.0,26.0,,,,0.0,,,,,,1.0,,0.003416908218450382,0.0,,,,,,True
lstm,post_covid,lstm,1,neighborhood,Far Southeast,flu_season,0.98,IT98,25.644566505740826,26,0.0,0.0,0.0,0.0,0.0,26.0,,,,0.0,,,,,,1.0,,1.620622871640896e-05,0.0,,,,,,True
lstm,post_covid,lstm,1,neighborhood,Far Southwest,overall,,bands,,53,,,,,,,,,,,,,,,,,,,,,0.8867924528301887,1.0,0.5122699386503067,0.07547169811320754,False
lstm,post_covid,lstm,1,neighborhood,Far Southwest,overall,0.5,IT50,34.041053932580134,53,5.0,0.09433962264150944,4.0,5.0,1.0,43.0,0.8,0.5555555555555556,0.4444444444444444,0.10416666666666667,0.4,0.5714285714285714,0.6958333333333334,0.5122699386503068,0.5417055153123931,0.8867924528301887,1.8,0.057951323489151677,0.08543965824136704,0.3217280513290539,,,,,False
lstm,post_covid,lstm,1,neighborhood,Far Southwest,overall,0.9,IT90,54.68112356483704,53,0.0,0.0,0.0,0.0,0.0,53.0,,,,0.0,,,,,,1.0,,0.002069871670730426,0.0,,,,,,True
lstm,post_covid,lstm,1,neighborhood,Far Southwest,overall,0.98,IT98,74.04650918881951,53,0.0,0.0,0.0,0.0,0.0,53.0,,,,0.0,,,,,,1.0,,1.1555105506157656e-06,0.0,,,,,,True
lstm,post_covid,lstm,1,neighborhood,Far Southwest,flu_season,,bands,,26,,,,,,,,,,,,,,,,,,,,,0.7692307692307693,1.0,0.43065693430656937,0.15384615384615385,False
lstm,post_covid,lstm,1,neighborhood,Far Southwest,flu_season,0.5,IT50,34.041053932580134,26,5.0,0.19230769230769232,4.0,5.0,1.0,16.0,0.8,0.5555555555555556,0.4444444444444444,0.23809523809523808,0.4,0.5714285714285714,0.5619047619047619,0.4306569343065693,0.46549138385896505,0.7692307692307693,1.8,0.11778015917721005,0.15532544378698226,0.24172011805910487,,,,,False
lstm,post_covid,lstm,1,neighborhood,Far Southwest,flu_season,0.9,IT90,54.68112356483704,26,0.0,0.0,0.0,0.0,0.0,26.0,,,,0.0,,,,,,1.0,,0.004219353754553832,0.0,,,,,,True
lstm,post_covid,lstm,1,neighborhood,Far Southwest,flu_season,0.98,IT98,74.04650918881951,26,0.0,0.0,0.0,0.0,0.0,26.0,,,,0.0,,,,,,1.0,,2.3554638147167525e-06,0.0,,,,,,True
lstm,post_covid,lstm,1,neighborhood,Hilliard,overall,,bands,,53,,,,,,,,,,,,,,,,,,,,,0.8490566037735849,1.0,0.46599496221662473,0.03773584905660377,False
lstm,post_covid,lstm,1,neighborhood,Hilliard,overall,0.5,IT50,19.24134804712757,53,8.0,0.1509433962264151,5.0,5.0,3.0,40.0,0.625,0.5,0.5,0.1111111111111111,0.38461538461538464,0.5555555555555556,0.5138888888888888,0.4659949622166247,0.4702039251921977,0.8490566037735849,1.25,0.08203969016459407,0.12815948736205057,0.35986252868793134,,,,,False
lstm,post_covid,lstm,1,neighborhood,Hilliard,overall,0.9,IT90,34.52709434950146,53,0.0,0.0,0.0,0.0,0.0,53.0,,,,0.0,,,,,,1.0,,0.002471878116838363,0.0,,,,,,True
lstm,post_covid,lstm,1,neighborhood,Hilliard,overall,0.98,IT98,50.186768532537315,53,0.0,0.0,0.0,0.0,0.0,53.0,,,,0.0,,,,,,1.0,,8.846393863550368e-07,0.0,,,,,,True
lstm,post_covid,lstm,1,neighborhood,Hilliard,flu_season,,bands,,26,,,,,,,,,,,,,,,,,,,,,0.6923076923076923,1.0,0.32467532467532456,0.07692307692307693,False
lstm,post_covid,lstm,1,neighborhood,Hilliard,flu_season,0.5,IT50,19.24134804712757,26,8.0,0.3076923076923077,5.0,5.0,3.0,13.0,0.625,0.5,0.5,0.2777777777777778,0.38461538461538464,0.5555555555555556,0.3472222222222222,0.3246753246753247,0.3294039229342062,0.6923076923076923,1.25,0.1643215720432771,0.21301775147928986,0.22860150901905996,,,,,False
lstm,post_covid,lstm,1,neighborhood,Hilliard,flu_season,0.9,IT90,34.52709434950146,26,0.0,0.0,0.0,0.0,0.0,26.0,,,,0.0,,,,,,1.0,,0.005038825849118254,0.0,,,,,,True
lstm,post_covid,lstm,1,neighborhood,Hilliard,flu_season,0.98,IT98,50.186768532537315,26,0.0,0.0,0.0,0.0,0.0,26.0,,,,0.0,,,,,,1.0,,1.8033033644929443e-06,0.0,,,,,,True
lstm,post_covid,lstm,1,neighborhood,Linden,overall,,bands,,53,,,,,,,,,,,,,,,,,,,,,0.8867924528301887,1.0,0.5062111801242236,0.0,False
lstm,post_covid,lstm,1,neighborhood,Linden,overall,0.5,IT50,53.62727596624066,53,7.0,0.1320754716981132,4.0,3.0,3.0,43.0,0.5714285714285714,0.42857142857142855,0.5714285714285714,0.06521739130434782,0.4,0.5714285714285714,0.5062111801242236,0.5062111801242236,0.5062111801242236,0.8867924528301887,1.0,0.06192426064514124,0.1146315414738341,0.4597973659869511,,,,,False
lstm,post_covid,lstm,1,neighborhood,Linden,overall,0.9,IT90,82.61523156370409,53,0.0,0.0,0.0,0.0,0.0,53.0,,,,0.0,,,,,,1.0,,0.00023057496023180818,0.0,,,,,,True
lstm,post_covid,lstm,1,neighborhood,Linden,overall,0.98,IT98,108.92078323683364,53,0.0,0.0,0.0,0.0,0.0,53.0,,,,0.0,,,,,,1.0,,3.251506686292162e-09,0.0,,,,,,True
lstm,post_covid,lstm,1,neighborhood,Linden,flu_season,,bands,,26,,,,,,,,,,,,,,,,,,,,,0.7692307692307693,1.0,0.4135338345864663,0.0,False
lstm,post_covid,lstm,1,neighborhood,Linden,flu_season,0.5,IT50,53.62727596624066,26,7.0,0.2692307692307692,4.0,3.0,3.0,16.0,0.5714285714285714,0.42857142857142855,0.5714285714285714,0.15789473684210525,0.4,0.5714285714285714,0.41353383458646614,0.41353383458646614,0.41353383458646614,0.7692307692307693,1.0,0.12616411047889517,0.19674556213017758,0.3587448219268188,,,,,False
lstm,post_covid,lstm,1,neighborhood,Linden,flu_season,0.9,IT90,82.61523156370409,26,0.0,0.0,0.0,0.0,0.0,26.0,,,,0.0,,,,,,1.0,,0.00047001818811605534,0.0,,,,,,True
lstm,post_covid,lstm,1,neighborhood,Linden,flu_season,0.98,IT98,108.92078323683364,26,0.0,0.0,0.0,0.0,0.0,26.0,,,,0.0,,,,,,1.0,,6.6280713220571e-09,0.0,,,,,,True
lstm,post_covid,lstm,1,neighborhood,NE Suburban,overall,,bands,,53,,,,,,,,,,,,,,,,,,,,,0.8679245283018868,1.0,0.532156368221942,0.05660377358490566,False
lstm,post_covid,lstm,1,neighborhood,NE Suburban,overall,0.5,IT50,27.312493683860776,53,5.0,0.09433962264150944,4.0,5.0,1.0,43.0,0.8,0.5555555555555556,0.4444444444444444,0.10416666666666667,0.4,0.5714285714285714,0.6958333333333334,0.5122699386503068,0.5417055153123931,0.8867924528301887,1.8,0.07152499298844103,0.08543965824136704,0.16285956123112144,,,,,False
lstm,post_covid,lstm,1,neighborhood,NE Suburban,overall,0.9,IT90,41.22759712033061,53,1.0,0.018867924528301886,0.0,0.0,1.0,52.0,0.0,,,0.0,0.0,0.0,0.0,0.0,,0.9811320754716981,0.0,0.0202787080400886,0.018511925952296185,-0.09544020931940178,,,,,True
lstm,post_covid,lstm,1,neighborhood,NE Suburban,overall,0.98,IT98,53.6511443833241,53,0.0,0.0,0.0,0.0,0.0,53.0,,,,0.0,,,,,,1.0,,5.9715332785899376e-05,0.0,,,,,,True
lstm,post_covid,lstm,1,neighborhood,NE Suburban,flu_season,,bands,,26,,,,,,,,,,,,,,,,,,,,,0.7307692307692307,1.0,0.45508982035928136,0.11538461538461539,False
lstm,post_covid,lstm,1,neighborhood,NE Suburban,flu_season,0.5,IT50,27.312493683860776,26,5.0,0.19230769230769232,4.0,5.0,1.0,16.0,0.8,0.5555555555555556,0.4444444444444444,0.23809523809523808,0.4,0.5714285714285714,0.5619047619047619,0.4306569343065693,0.46549138385896505,0.7692307692307693,1.8,0.1445811295578208,0.15532544378698226,0.06917291827536343,,,,,False
lstm,post_covid,lstm,1,neighborhood,NE Suburban,flu_season,0.9,IT90,41.22759712033061,26,1.0,0.038461538461538464,0.0,0.0,1.0,25.0,0.0,,,0.0,0.0,0.0,0.0,0.0,,0.9615384615384616,0.0,0.041337310972373816,0.036982248520710054,-0.11776088869298817,,,,,True
lstm,post_covid,lstm,1,neighborhood,NE Suburban,flu_season,0.98,IT98,53.6511443833241,26,0.0,0.0,0.0,0.0,0.0,26.0,,,,0.0,,,,,,1.0,,0.00012172740910447764,0.0,,,,,,True
lstm,post_covid,lstm,1,neighborhood,Northland,overall,,bands,,53,,,,,,,,,,,,,,,,,,,,,0.9056603773584906,1.0,0.5648604269293924,0.05660377358490566,False
lstm,post_covid,lstm,1,neighborhood,Northland,overall,0.5,IT50,56.127661353876796,53,5.0,0.09433962264150944,4.0,4.0,1.0,44.0,0.8,0.5,0.5,0.08333333333333333,0.4444444444444444,0.6153846153846154,0.7166666666666667,0.5648604269293924,0.5851558829982036,0.9056603773584906,1.6,0.06188367247379649,0.08543965824136704,0.27570318342127365,,,,,False
lstm,post_covid,lstm,1,neighborhood,Northland,overall,0.9,IT90,89.91407794411414,53,0.0,0.0,0.0,0.0,0.0,53.0,,,,0.0,,,,,,1.0,,0.0003117354103424698,0.0,,,,,,True
lstm,post_covid,lstm,1,neighborhood,Northland,overall,0.98,IT98,121.54516325409915,53,0.0,0.0,0.0,0.0,0.0,53.0,,,,0.0,,,,,,1.0,,9.447172633107298e-10,0.0,,,,,,True
lstm,post_covid,lstm,1,neighborhood,Northland,flu_season,,bands,,26,,,,,,,,,,,,,,,,,,,,,0.8076923076923077,1.0,0.49612403100775193,0.11538461538461539,False
lstm,post_covid,lstm,1,neighborhood,Northland,flu_season,0.5,IT50,56.127661353876796,26,5.0,0.19230769230769232,4.0,4.0,1.0,17.0,0.8,0.5,0.5,0.19047619047619047,0.4444444444444444,0.6153846153846154,0.6095238095238096,0.49612403100775193,0.5204800389058843,0.8076923076923077,1.6,0.1257844592406186,0.15532544378698226,0.19018767193658892,,,,,False
lstm,post_covid,lstm,1,neighborhood,Northland,flu_season,0.9,IT90,89.91407794411414,26,0.0,0.0,0.0,0.0,0.0,26.0,,,,0.0,,,,,,1.0,,0.0006354606435443258,0.0,,,,,,True
lstm,post_covid,lstm,1,neighborhood,Northland,flu_season,0.98,IT98,121.54516325409915,26,0.0,0.0,0.0,0.0,0.0,26.0,,,,0.0,,,,,,1.0,,1.925769805979565e-09,0.0,,,,,,True
lstm,post_covid,lstm,1,neighborhood,UA/Grandview,overall,,bands,,53,,,,,,,,,,,,,,,,,,,,,0.8679245283018868,1.0,0.3908045977011495,0.05660377358490566,False
lstm,post_covid,lstm,1,neighborhood,UA/Grandview,overall,0.5,IT50,8.143164584776198,53,5.0,0.09433962264150944,3.0,5.0,2.0,43.0,0.6,0.625,0.375,0.10416666666666667,0.3,0.46153846153846156,0.4958333333333333,0.39080459770114945,0.40484622137666415,0.8679245283018868,1.6,0.08557003555178708,0.08543965824136704,-0.001525957770707853,,,,,False
lstm,post_covid,lstm,1,neighborhood,UA/Grandview,overall,0.9,IT90,16.706142473783938,53,0.0,0.0,0.0,0.0,0.0,53.0,,,,0.0,,,,,,1.0,,0.0014499127314462948,0.0,,,,,,True
lstm,post_covid,lstm,1,neighborhood,UA/Grandview,overall,0.98,IT98,26.455007113900507,53,0.0,0.0,0.0,0.0,0.0,53.0,,,,0.0,,,,,,1.0,,3.0706458515287087e-07,0.0,,,,,,True
lstm,post_covid,lstm,1,neighborhood,UA/Grandview,flu_season,,bands,,26,,,,,,,,,,,,,,,,,,,,,0.7307692307692307,1.0,0.2945736434108527,0.11538461538461539,False
lstm,post_covid,lstm,1,neighborhood,UA/Grandview,flu_season,0.5,IT50,8.143164584776198,26,5.0,0.19230769230769232,3.0,5.0,2.0,16.0,0.6,0.625,0.375,0.23809523809523808,0.3,0.46153846153846156,0.3619047619047619,0.29457364341085274,0.30903502310036884,0.7307692307692307,1.6,0.16649411875649148,0.15532544378698226,-0.0719049931370308,,,,,False
lstm,post_covid,lstm,1,neighborhood,UA/Grandview,flu_season,0.9,IT90,16.706142473783938,26,0.0,0.0,0.0,0.0,0.0,26.0,,,,0.0,,,,,,1.0,,0.002955336720846885,0.0,,,,,,True
lstm,post_covid,lstm,1,neighborhood,UA/Grandview,flu_season,0.98,IT98,26.455007113900507,26,0.0,0.0,0.0,0.0,0.0,26.0,,,,0.0,,,,,,1.0,,6.259393465010065e-07,0.0,,,,,,True
lstm,post_covid,lstm,1,neighborhood,West,overall,,bands,,53,,,,,,,,,,,,,,,,,,,,,0.9056603773584906,1.0,0.5046728971962617,0.09433962264150944,False
lstm,post_covid,lstm,1,neighborhood,West,overall,0.5,IT50,73.15037971354549,53,3.0,0.05660377358490566,3.0,5.0,0.0,45.0,1.0,0.625,0.375,0.1,0.375,0.5454545454545454,0.9,0.5046728971962616,0.5809475019311126,0.9056603773584906,2.6666666666666665,0.07120130673148788,0.05339978640085441,-0.33336313739166257,,,,,True
lstm,post_covid,lstm,1,neighborhood,West,overall,0.9,IT90,114.1022318647041,53,0.0,0.0,0.0,0.0,0.0,53.0,,,,0.0,,,,,,1.0,,0.0005921388331322004,0.0,,,,,,True
lstm,post_covid,lstm,1,neighborhood,West,overall,0.98,IT98,151.63555393306305,53,0.0,0.0,0.0,0.0,0.0,53.0,,,,0.0,,,,,,1.0,,2.2080211789209767e-09,0.0,,,,,,True
lstm,post_covid,lstm,1,neighborhood,West,flu_season,,bands,,26,,,,,,,,,,,,,,,,,,,,,0.8076923076923077,1.0,0.45378151260504207,0.19230769230769232,False
lstm,post_covid,lstm,1,neighborhood,West,flu_season,0.5,IT50,73.15037971354549,26,3.0,0.11538461538461539,3.0,5.0,0.0,18.0,1.0,0.625,0.375,0.21739130434782608,0.375,0.5454545454545454,0.782608695652174,0.453781512605042,0.5417363388859614,0.8076923076923077,2.6666666666666665,0.1451158798087593,0.10207100591715977,-0.42171499638726506,,,,,True
lstm,post_covid,lstm,1,neighborhood,West,flu_season,0.9,IT90,114.1022318647041,26,0.0,0.0,0.0,0.0,0.0,26.0,,,,0.0,,,,,,1.0,,0.0012070522367694622,0.0,,,,,,True
lstm,post_covid,lstm,1,neighborhood,West,flu_season,0.98,IT98,151.63555393306305,26,0.0,0.0,0.0,0.0,0.0,26.0,,,,0.0,,,,,,1.0,,4.500966249338914e-09,0.0,,,,,,True
lstm,post_covid,lstm,1,neighborhood,Westerville,overall,,bands,,53,,,,,,,,,,,,,,,,,,,,,0.8679245283018868,1.0,0.5873192436040044,-0.05660377358490566,False
lstm,post_covid,lstm,1,neighborhood,Westerville,overall,0.5,IT50,24.33364195874595,53,7.0,0.1320754716981132,4.0,2.0,3.0,44.0,0.5714285714285714,0.3333333333333333,0.6666666666666666,0.043478260869565216,0.4444444444444444,0.6153846153846154,0.5279503105590062,0.5619834710743802,0.5641523887327573,0.9056603773584906,0.8571428571428571,0.06674495541395602,0.1146315414738341,0.41774354112483714,,,,,False
lstm,post_covid,lstm,1,neighborhood,Westerville,overall,0.9,IT90,36.408491039457616,53,2.0,0.03773584905660377,0.0,0.0,2.0,51.0,0.0,,,0.0,0.0,0.0,0.0,0.0,,0.9622641509433962,0.0,0.028770843310705257,0.03631185475258099,0.2076735405904797,,,,,True
lstm,post_covid,lstm,1,neighborhood,Westerville,overall,0.98,IT98,47.11324141772458,53,0.0,0.0,0.0,0.0,0.0,53.0,,,,0.0,,,,,,1.0,,7.281641683901803e-05,0.0,,,,,,True
lstm,post_covid,lstm,1,neighborhood,Westerville,flu_season,,bands,,26,,,,,,,,,,,,,,,,,,,,,0.7307692307692307,1.0,0.5284974093264247,-0.11538461538461539,False
lstm,post_covid,lstm,1,neighborhood,Westerville,flu_season,0.5,IT50,24.33364195874595,26,7.0,0.2692307692307692,4.0,2.0,3.0,17.0,0.5714285714285714,0.3333333333333333,0.6666666666666666,0.10526315789473684,0.4444444444444444,0.6153846153846154,0.46616541353383456,0.4881889763779528,0.49076687981751027,0.8076923076923077,0.8571428571428571,0.13471782516685463,0.19674556213017758,0.3152687984000474,,,,,False
lstm,post_covid,lstm,1,neighborhood,Westerville,flu_season,0.9,IT90,36.408491039457616,26,2.0,0.07692307692307693,0.0,0.0,2.0,24.0,0.0,,,0.0,0.0,0.0,0.0,0.0,,0.9230769230769231,0.0,0.058648003617442816,0.07100591715976333,0.1740406157210138,,,,,True
lstm,post_covid,lstm,1,neighborhood,Westerville,flu_season,0.98,IT98,47.11324141772458,26,0.0,0.0,0.0,0.0,0.0,26.0,,,,0.0,,,,,,1.0,,0.0001484334632315727,0.0,,,,,,True
lstm,post_covid,lstm,1,neighborhood,Worthington,overall,,bands,,53,,,,,,,,,,,,,,,,,,,,,0.7547169811320755,0.9056603773584906,0.33213321332133217,-0.3018867924528302,False
lstm,post_covid,lstm,1,neighborhood,Worthington,overall,0.5,IT50,13.721631551906164,53,16.0,0.3018867924528302,6.0,1.0,10.0,36.0,0.375,0.14285714285714285,0.8571428571428571,0.02702702702702703,0.35294117647058826,0.5217391304347826,0.34797297297297297,0.414070351758794,0.47182226504284724,0.7924528301886793,0.4375,0.13161322994461128,0.21075115699537203,0.3755041166986266,,,,,False
lstm,post_covid,lstm,1,neighborhood,Worthington,overall,0.9,IT90,22.978569674557114,53,5.0,0.09433962264150944,0.0,0.0,5.0,48.0,0.0,,,0.0,0.0,0.0,0.0,0.0,,0.9056603773584906,0.0,0.0818440972337288,0.08543965824136704,0.04208304529356588,,,,,False
lstm,post_covid,lstm,1,neighborhood,Worthington,overall,0.98,IT98,31.956357603850087,53,2.0,0.03773584905660377,0.0,0.0,2.0,51.0,0.0,,,0.0,0.0,0.0,0.0,0.0,,0.9622641509433962,0.0,0.03689232347463253,0.03631185475258099,-0.015985653335713668,,,,,True
lstm,post_covid,lstm,1,neighborhood,Worthington,flu_season,,bands,,26,,,,,,,,,,,,,,,,,,,,,0.5769230769230769,0.8076923076923077,0.2505543237250555,-0.5384615384615384,False
lstm,post_covid,lstm,1,neighborhood,Worthington,flu_season,0.5,IT50,13.721631551906164,26,14.0,0.5384615384615384,6.0,1.0,8.0,11.0,0.42857142857142855,0.14285714285714285,0.8571428571428571,0.08333333333333333,0.4,0.5714285714285714,0.34523809523809523,0.3314285714285714,0.3880141219409875,0.6538461538461539,0.5,0.19438574389355107,0.24852071005917165,0.21782879242833042,,,,,False
lstm,post_covid,lstm,1,neighborhood,Worthington,flu_season,0.9,IT90,22.978569674557114,26,5.0,0.19230769230769232,0.0,0.0,5.0,21.0,0.0,,,0.0,0.0,0.0,0.0,0.0,,0.8076923076923077,0.0,0.16683375484777166,0.15532544378698226,-0.07409160263898684,,,,,False
lstm,post_covid,lstm,1,neighborhood,Worthington,flu_season,0.98,IT98,31.956357603850087,26,2.0,0.07692307692307693,0.0,0.0,2.0,24.0,0.0,,,0.0,0.0,0.0,0.0,0.0,,0.9230769230769231,0.0,0.0752035824556925,0.07100591715976333,-0.05911711958433585,,,,,True
persistence,post_covid,persistence,1,citywide,CITYWIDE,overall,,bands,,53,,,,,,,,,,,,,,,,,,,,,0.9245283018867925,1.0,0.7055555555555556,0.0,False
persistence,post_covid,persistence,1,citywide,CITYWIDE,overall,0.5,IT50,35.19412725226089,53,8.0,0.1509433962264151,6.0,2.0,2.0,43.0,0.75,0.25,0.75,0.044444444444444446,0.6,0.75,0.7055555555555556,0.7055555555555556,0.7055555555555556,0.9245283018867925,1.0,0.05167698123405383,0.12815948736205057,0.5967759992042856,,,,,False
persistence,post_covid,persistence,1,citywide,CITYWIDE,overall,0.9,IT90,56.071415152332634,53,0.0,0.0,0.0,0.0,0.0,53.0,,,,0.0,,,,,,1.0,,0.006421808162201865,0.0,,,,,,True
persistence,post_covid,persistence,1,citywide,CITYWIDE,overall,0.98,IT98,75.53173152268305,53,0.0,0.0,0.0,0.0,0.0,53.0,,,,0.0,,,,,,1.0,,7.899883587396487e-05,0.0,,,,,,True
persistence,post_covid,persistence,1,citywide,CITYWIDE,flu_season,,bands,,26,,,,,,,,,,,,,,,,,,,,,0.8461538461538461,1.0,0.6388888888888888,0.0,False
persistence,post_covid,persistence,1,citywide,CITYWIDE,flu_season,0.5,IT50,35.19412725226089,26,8.0,0.3076923076923077,6.0,2.0,2.0,16.0,0.75,0.25,0.75,0.1111111111111111,0.6,0.75,0.6388888888888888,0.6388888888888888,0.6388888888888888,0.8461538461538461,1.0,0.10453803749531204,0.2130177514792899,0.5092519906470072,,,,,False
persistence,post_covid,persistence,1,citywide,CITYWIDE,flu_season,0.9,IT90,56.071415152332634,26,0.0,0.0,0.0,0.0,0.0,26.0,,,,0.0,,,,,,1.0,,0.01309060622540895,0.0,,,,,,True
persistence,post_covid,persistence,1,citywide,CITYWIDE,flu_season,0.98,IT98,75.53173152268305,26,0.0,0.0,0.0,0.0,0.0,26.0,,,,0.0,,,,,,1.0,,0.00016103608851230684,0.0,,,,,,True
persistence,post_covid,persistence,1,pooled,ALL,overall,,bands,,901,,,,,,,,,,,,,,,,,,,,,0.8657047724750278,0.9944506104328524,0.5941656509988872,0.0,False
persistence,post_covid,persistence,1,pooled,ALL,overall,0.5,IT50,,901,118.0,0.1309655937846837,69.0,49.0,49.0,734.0,0.5847457627118644,0.4152542372881356,0.5847457627118644,0.06257982120051085,0.41317365269461076,0.5847457627118644,0.5221659415113535,0.5221659415113535,0.5221659415113535,0.8912319644839067,1.0,0.07708162804694525,0.11381360702930893,0.32273802703489196,,,,,False
persistence,post_covid,persistence,1,pooled,ALL,overall,0.9,IT90,,901,17.0,0.018867924528301886,6.0,11.0,11.0,873.0,0.35294117647058826,0.6470588235294118,0.35294117647058826,0.012443438914027148,0.21428571428571427,0.35294117647058826,0.3404977375565611,0.3404977375565611,0.3404977375565611,0.9755826859045506,1.0,0.019936646343230252,0.01851192595229619,-0.07696229957949585,,,,,False
persistence,post_covid,persistence,1,pooled,ALL,overall,0.98,IT98,,901,4.0,0.004439511653718091,1.0,3.0,3.0,894.0,0.25,0.75,0.25,0.0033444816053511705,0.14285714285714285,0.25,0.24665551839464883,0.24665551839464883,0.24665551839464883,0.9933407325194229,1.0,0.005014546192868049,0.004419802389994593,-0.13456343754639755,,,,,True
persistence,post_covid,persistence,1,pooled,ALL,flu_season,,bands,,442,,,,,,,,,,,,,,,,,,,,,0.744343891402715,0.9886877828054299,0.5548351561885279,0.0,False
persistence,post_covid,persistence,1,pooled,ALL,flu_season,0.5,IT50,,442,114.0,0.2579185520361991,69.0,45.0,45.0,283.0,0.6052631578947368,0.39473684210526316,0.6052631578947368,0.13719512195121952,0.4339622641509434,0.6052631578947368,0.4680680359435173,0.4680680359435173,0.4680680359435173,0.7963800904977375,1.0,0.13826181373959426,0.19139657255174955,0.2776160414146851,,,,,False
persistence,post_covid,persistence,1,pooled,ALL,flu_season,0.9,IT90,,442,17.0,0.038461538461538464,6.0,11.0,11.0,414.0,0.35294117647058826,0.6470588235294118,0.35294117647058826,0.02588235294117647,0.21428571428571427,0.35294117647058826,0.3270588235294118,0.3270588235294118,0.3270588235294118,0.9502262443438914,1.0,0.03994111186282209,0.03698224852071006,-0.08000766477070931,,,,,False
persistence,post_covid,persistence,1,pooled,ALL,flu_season,0.98,IT98,,442,4.0,0.00904977375565611,1.0,3.0,3.0,435.0,0.25,0.75,0.25,0.00684931506849315,0.14285714285714285,0.25,0.24315068493150685,0.24315068493150685,0.24315068493150685,0.9864253393665159,1.0,0.010195986646295523,0.008967875350627548,-0.1369456250952501,,,,,True
persistence,post_covid,persistence,1,neighborhood,Agler/Cassidy,overall,,bands,,53,,,,,,,,,,,,,,,,,,,,,0.9622641509433962,1.0,0.8120567375886525,0.0,False
persistence,post_covid,persistence,1,neighborhood,Agler/Cassidy,overall,0.5,IT50,51.74083078339265,53,6.0,0.11320754716981132,5.0,1.0,1.0,46.0,0.8333333333333334,0.16666666666666666,0.8333333333333334,0.02127659574468085,0.7142857142857143,0.8333333333333334,0.8120567375886525,0.8120567375886525,0.8120567375886525,0.9622641509433962,1.0,0.054650574385821805,0.10039159843360627,0.4556260161355552,,,,,False
persistence,post_covid,persistence,1,neighborhood,Agler/Cassidy,overall,0.9,IT90,88.48740693700204,53,0.0,0.0,0.0,0.0,0.0,53.0,,,,0.0,,,,,,1.0,,0.008177677954986655,0.0,,,,,,True
persistence,post_covid,persistence,1,neighborhood,Agler/Cassidy,overall,0.98,IT98,124.72586226376617,53,0.0,0.0,0.0,0.0,0.0,53.0,,,,0.0,,,,,,1.0,,2.0435006719872854e-05,0.0,,,,,,True
persistence,post_covid,persistence,1,neighborhood,Agler/Cassidy,flu_season,,bands,,26,,,,,,,,,,,,,,,,,,,,,0.9230769230769231,1.0,0.7833333333333332,0.0,False
persistence,post_covid,persistence,1,neighborhood,Agler/Cassidy,flu_season,0.5,IT50,51.74083078339265,26,6.0,0.23076923076923078,5.0,1.0,1.0,19.0,0.8333333333333334,0.16666666666666666,0.8333333333333334,0.05,0.7142857142857143,0.8333333333333334,0.7833333333333333,0.7833333333333333,0.7833333333333333,0.9230769230769231,1.0,0.10671191568196366,0.17751479289940827,0.39885620832493807,,,,,False
persistence,post_covid,persistence,1,neighborhood,Agler/Cassidy,flu_season,0.9,IT90,88.48740693700204,26,0.0,0.0,0.0,0.0,0.0,26.0,,,,0.0,,,,,,1.0,,0.0166698735161915,0.0,,,,,,True
persistence,post_covid,persistence,1,neighborhood,Agler/Cassidy,flu_season,0.98,IT98,124.72586226376617,26,0.0,0.0,0.0,0.0,0.0,26.0,,,,0.0,,,,,,1.0,,4.1655975236663825e-05,0.0,,,,,,True
persistence,post_covid,persistence,1,neighborhood,Bexley,overall,,bands,,53,,,,,,,,,,,,,,,,,,,,,0.7547169811320755,0.9811320754716981,0.5214446952595937,0.0,False
persistence,post_covid,persistence,1,neighborhood,Bexley,overall,0.5,IT50,24.605454693531783,53,8.0,0.1509433962264151,3.0,5.0,5.0,40.0,0.375,0.625,0.375,0.1111111111111111,0.23076923076923078,0.375,0.2638888888888889,0.2638888888888889,0.2638888888888889,0.8113207547169812,1.0,0.12349373732402107,0.12815948736205057,0.03640581071340243,,,,,False
persistence,post_covid,persistence,1,neighborhood,Bexley,overall,0.9,IT90,37.5430295506582,53,2.0,0.03773584905660377,1.0,1.0,1.0,50.0,0.5,0.5,0.5,0.0196078431372549,0.3333333333333333,0.5,0.4803921568627451,0.4803921568627451,0.4803921568627451,0.9622641509433962,1.0,0.03575682715733528,0.03631185475258099,0.015285024657305746,,,,,True
persistence,post_covid,persistence,1,neighborhood,Bexley,overall,0.98,IT98,49.19357270883574,53,1.0,0.018867924528301886,0.0,1.0,1.0,51.0,0.0,1.0,0.0,0.019230769230769232,0.0,0.0,-0.019230769230769232,-0.019230769230769232,-0.019230769230769232,0.9622641509433962,1.0,0.016855511211570112,0.018511925952296185,0.08947825012883726,,,,,True
persistence,post_covid,persistence,1,neighborhood,Bexley,flu_season,,bands,,26,,,,,,,,,,,,,,,,,,,,,0.5769230769230769,0.9615384615384616,0.5054347826086956,0.0,False
persistence,post_covid,persistence,1,neighborhood,Bexley,flu_season,0.5,IT50,24.605454693531783,26,7.0,0.2692307692307692,3.0,4.0,4.0,15.0,0.42857142857142855,0.5714285714285714,0.42857142857142855,0.21052631578947367,0.2727272727272727,0.42857142857142855,0.21804511278195488,0.21804511278195488,0.21804511278195488,0.6923076923076923,1.0,0.1989021015365276,0.19674556213017758,-0.010961057433779064,,,,,False
persistence,post_covid,persistence,1,neighborhood,Bexley,flu_season,0.9,IT90,37.5430295506582,26,2.0,0.07692307692307693,1.0,1.0,1.0,23.0,0.5,0.5,0.5,0.041666666666666664,0.3333333333333333,0.5,0.4583333333333333,0.4583333333333333,0.4583333333333333,0.9230769230769231,1.0,0.07237621589240004,0.07100591715976333,-0.019298373817967063,,,,,True
persistence,post_covid,persistence,1,neighborhood,Bexley,flu_season,0.98,IT98,49.19357270883574,26,1.0,0.038461538461538464,0.0,1.0,1.0,24.0,0.0,1.0,0.0,0.04,0.0,0.0,-0.04,-0.04,-0.04,0.9230769230769231,1.0,0.034356066139771234,0.036982248520710054,0.0710119715805857,,,,,True
persistence,post_covid,persistence,1,neighborhood,Clintonville/Near North,overall,,bands,,53,,,,,,,,,,,,,,,,,,,,,0.8113207547169812,1.0,0.7842019543973942,0.0,False
persistence,post_covid,persistence,1,neighborhood,Clintonville/Near North,overall,0.5,IT50,15.728895715230147,53,11.0,0.20754716981132076,9.0,2.0,2.0,40.0,0.8181818181818182,0.18181818181818182,0.8181818181818182,0.047619047619047616,0.6923076923076923,0.8181818181818182,0.7705627705627707,0.7705627705627706,0.7705627705627706,0.9245283018867925,1.0,0.06925118593248727,0.1644713421146316,0.5789467937568037,,,,,False
persistence,post_covid,persistence,1,neighborhood,Clintonville/Near North,overall,0.9,IT90,22.099499115677975,53,4.0,0.07547169811320754,2.0,2.0,2.0,47.0,0.5,0.5,0.5,0.04081632653061224,0.3333333333333333,0.5,0.45918367346938777,0.45918367346938777,0.45918367346938777,0.9245283018867925,1.0,0.051862469081764666,0.06977572089711641,0.25672614463940335,,,,,True
persistence,post_covid,persistence,1,neighborhood,Clintonville/Near North,overall,0.98,IT98,27.469599865392972,53,1.0,0.018867924528301886,0.0,1.0,1.0,51.0,0.0,1.0,0.0,0.019230769230769232,0.0,0.0,-0.019230769230769232,-0.019230769230769232,-0.019230769230769232,0.9622641509433962,1.0,0.022025017136773208,0.018511925952296185,-0.1897744834076147,,,,,True
persistence,post_covid,persistence,1,neighborhood,Clintonville/Near North,flu_season,,bands,,26,,,,,,,,,,,,,,,,,,,,,0.6153846153846154,1.0,0.7245762711864406,0.0,False
persistence,post_covid,persistence,1,neighborhood,Clintonville/Near North,flu_season,0.5,IT50,15.728895715230147,26,11.0,0.4230769230769231,9.0,2.0,2.0,13.0,0.8181818181818182,0.18181818181818182,0.8181818181818182,0.13333333333333333,0.6923076923076923,0.8181818181818182,0.6848484848484849,0.6848484848484848,0.6848484848484848,0.8461538461538461,1.0,0.11700919052099838,0.24408284023668633,0.5206168921685156,,,,,False
persistence,post_covid,persistence,1,neighborhood,Clintonville/Near North,flu_season,0.9,IT90,22.099499115677975,26,4.0,0.15384615384615385,2.0,2.0,2.0,20.0,0.5,0.5,0.5,0.09090909090909091,0.3333333333333333,0.5,0.40909090909090906,0.4090909090909091,0.4090909090909091,0.8461538461538461,1.0,0.10310109128562443,0.13017751479289943,0.2079961623967943,,,,,True
persistence,post_covid,persistence,1,neighborhood,Clintonville/Near North,flu_season,0.98,IT98,27.469599865392972,26,1.0,0.038461538461538464,0.0,1.0,1.0,24.0,0.0,1.0,0.0,0.04,0.0,0.0,-0.04,-0.04,-0.04,0.9230769230769231,1.0,0.0446878295009637,0.036982248520710054,-0.20835890970605853,,,,,True
persistence,post_covid,persistence,1,neighborhood,Dublin,overall,,bands,,53,,,,,,,,,,,,,,,,,,,,,0.8113207547169812,1.0,0.5055970149253732,0.0,False
persistence,post_covid,persistence,1,neighborhood,Dublin,overall,0.5,IT50,8.038849454818003,53,9.0,0.16981132075471697,5.0,4.0,4.0,40.0,0.5555555555555556,0.4444444444444444,0.5555555555555556,0.09090909090909091,0.38461538461538464,0.5555555555555556,0.46464646464646464,0.46464646464646464,0.46464646464646464,0.8490566037735849,1.0,0.10134489370387684,0.14097543609825564,0.2811166504692172,,,,,False
persistence,post_covid,persistence,1,neighborhood,Dublin,overall,0.9,IT90,14.1626396504559,53,1.0,0.018867924528301886,0.0,1.0,1.0,51.0,0.0,1.0,0.0,0.019230769230769232,0.0,0.0,-0.019230769230769232,-0.019230769230769232,-0.019230769230769232,0.9622641509433962,1.0,0.028353873283669923,0.018511925952296185,-0.5316544241120931,,,,,True
persistence,post_covid,persistence,1,neighborhood,Dublin,overall,0.98,IT98,20.345693253667104,53,0.0,0.0,0.0,0.0,0.0,53.0,,,,0.0,,,,,,1.0,,0.0037098763357213244,0.0,,,,,,True
persistence,post_covid,persistence,1,neighborhood,Dublin,flu_season,,bands,,26,,,,,,,,,,,,,,,,,,,,,0.6923076923076923,1.0,0.4926829268292683,0.0,False
persistence,post_covid,persistence,1,neighborhood,Dublin,flu_season,0.5,IT50,8.038849454818003,26,8.0,0.3076923076923077,5.0,3.0,3.0,15.0,0.625,0.375,0.625,0.16666666666666666,0.45454545454545453,0.625,0.45833333333333337,0.4583333333333333,0.4583333333333333,0.7692307692307693,1.0,0.1506470491298651,0.21301775147928986,0.2927957971403553,,,,,False
persistence,post_covid,persistence,1,neighborhood,Dublin,flu_season,0.9,IT90,14.1626396504559,26,1.0,0.038461538461538464,0.0,1.0,1.0,24.0,0.0,1.0,0.0,0.04,0.0,0.0,-0.04,-0.04,-0.04,0.9230769230769231,1.0,0.05483810384655438,0.036982248520710054,-0.4828223280108306,,,,,True
persistence,post_covid,persistence,1,neighborhood,Dublin,flu_season,0.98,IT98,20.345693253667104,26,0.0,0.0,0.0,0.0,0.0,26.0,,,,0.0,,,,,,1.0,,0.007496104215731493,0.0,,,,,,True
persistence,post_covid,persistence,1,neighborhood,Eastside,overall,,bands,,53,,,,,,,,,,,,,,,,,,,,,0.8301886792452831,0.9811320754716981,0.2570093457943926,0.0,False
persistence,post_covid,persistence,1,neighborhood,Eastside,overall,0.5,IT50,53.89825474693718,53,6.0,0.11320754716981132,2.0,4.0,4.0,43.0,0.3333333333333333,0.6666666666666666,0.3333333333333333,0.0851063829787234,0.2,0.3333333333333333,0.2482269503546099,0.24822695035460993,0.24822695035460993,0.8490566037735849,1.0,0.09980776321690248,0.10039159843360627,0.005815578452911252,,,,,False
persistence,post_covid,persistence,1,neighborhood,Eastside,overall,0.9,IT90,89.53274062296502,53,1.0,0.018867924528301886,0.0,1.0,1.0,51.0,0.0,1.0,0.0,0.019230769230769232,0.0,0.0,-0.019230769230769232,-0.019230769230769232,-0.019230769230769232,0.9622641509433962,1.0,0.027088865471734728,0.018511925952296185,-0.4633196751942861,,,,,True
persistence,post_covid,persistence,1,neighborhood,Eastside,overall,0.98,IT98,123.87134674281285,53,0.0,0.0,0.0,0.0,0.0,53.0,,,,0.0,,,,,,1.0,,5.9752675856676735e-05,0.0,,,,,,True
persistence,post_covid,persistence,1,neighborhood,Eastside,flu_season,,bands,,26,,,,,,,,,,,,,,,,,,,,,0.6538461538461539,0.9615384615384616,0.1567567567567567,0.0,False
persistence,post_covid,persistence,1,neighborhood,Eastside,flu_season,0.5,IT50,53.89825474693718,26,6.0,0.23076923076923078,2.0,4.0,4.0,16.0,0.3333333333333333,0.6666666666666666,0.3333333333333333,0.2,0.2,0.3333333333333333,0.1333333333333333,0.13333333333333333,0.13333333333333333,0.6923076923076923,1.0,0.19833812258978983,0.17751479289940827,-0.11730475725581613,,,,,False
persistence,post_covid,persistence,1,neighborhood,Eastside,flu_season,0.9,IT90,89.53274062296502,26,1.0,0.038461538461538464,0.0,1.0,1.0,24.0,0.0,1.0,0.0,0.04,0.0,0.0,-0.04,-0.04,-0.04,0.9230769230769231,1.0,0.05521941183017501,0.036982248520710054,-0.4931328958879324,,,,,True
persistence,post_covid,persistence,1,neighborhood,Eastside,flu_season,0.98,IT98,123.87134674281285,26,0.0,0.0,0.0,0.0,0.0,26.0,,,,0.0,,,,,,1.0,,0.00012180353155360603,0.0,,,,,,True
persistence,post_covid,persistence,1,neighborhood,Far East,overall,,bands,,53,,,,,,,,,,,,,,,,,,,,,0.8867924528301887,1.0,0.5902061855670104,0.0,False
persistence,post_covid,persistence,1,neighborhood,Far East,overall,0.5,IT50,76.01095931639992,53,5.0,0.09433962264150944,3.0,2.0,2.0,46.0,0.6,0.4,0.6,0.041666666666666664,0.42857142857142855,0.6,0.5583333333333333,0.5583333333333333,0.5583333333333333,0.9245283018867925,1.0,0.04808816397947427,0.08543965824136704,0.4371681140902366,,,,,False
persistence,post_covid,persistence,1,neighborhood,Far East,overall,0.9,IT90,119.58175049878095,53,1.0,0.018867924528301886,0.0,1.0,1.0,51.0,0.0,1.0,0.0,0.019230769230769232,0.0,0.0,-0.019230769230769232,-0.019230769230769232,-0.019230769230769232,0.9622641509433962,1.0,0.013239565514719207,0.018511925952296185,0.2848088551760334,,,,,True
persistence,post_covid,persistence,1,neighborhood,Far East,overall,0.98,IT98,159.7885780471188,53,0.0,0.0,0.0,0.0,0.0,53.0,,,,0.0,,,,,,1.0,,7.884073225740739e-05,0.0,,,,,,True
persistence,post_covid,persistence,1,neighborhood,Far East,flu_season,,bands,,26,,,,,,,,,,,,,,,,,,,,,0.7692307692307693,1.0,0.5465116279069767,0.0,False
persistence,post_covid,persistence,1,neighborhood,Far East,flu_season,0.5,IT50,76.01095931639992,26,5.0,0.19230769230769232,3.0,2.0,2.0,19.0,0.6,0.4,0.6,0.09523809523809523,0.42857142857142855,0.6,0.5047619047619047,0.5047619047619047,0.5047619047619047,0.8461538461538461,1.0,0.09785740381412858,0.15532544378698226,0.36998471449189607,,,,,False
persistence,post_covid,persistence,1,neighborhood,Far East,flu_season,0.9,IT90,119.58175049878095,26,1.0,0.038461538461538464,0.0,1.0,1.0,24.0,0.0,1.0,0.0,0.04,0.0,0.0,-0.04,-0.04,-0.04,0.9230769230769231,1.0,0.026988345087641877,0.036982248520710054,0.27023514883016353,,,,,True
persistence,post_covid,persistence,1,neighborhood,Far East,flu_season,0.98,IT98,159.7885780471188,26,0.0,0.0,0.0,0.0,0.0,26.0,,,,0.0,,,,,,1.0,,0.0001607138003708689,0.0,,,,,,True
persistence,post_covid,persistence,1,neighborhood,Far South,overall,,bands,,53,,,,,,,,,,,,,,,,,,,,,0.8490566037735849,1.0,0.3416149068322982,0.0,False
persistence,post_covid,persistence,1,neighborhood,Far South,overall,0.5,IT50,69.7066330370401,53,7.0,0.1320754716981132,3.0,4.0,4.0,42.0,0.42857142857142855,0.5714285714285714,0.42857142857142855,0.08695652173913043,0.2727272727272727,0.42857142857142855,0.3416149068322981,0.3416149068322981,0.3416149068322981,0.8490566037735849,1.0,0.1234628522678363,0.11463154147383411,-0.07704084478370232,,,,,False
persistence,post_covid,persistence,1,neighborhood,Far South,overall,0.9,IT90,121.95949130896,53,0.0,0.0,0.0,0.0,0.0,53.0,,,,0.0,,,,,,1.0,,0.0004882858653805597,0.0,,,,,,True
persistence,post_covid,persistence,1,neighborhood,Far South,overall,0.98,IT98,174.42921640712913,53,0.0,0.0,0.0,0.0,0.0,53.0,,,,0.0,,,,,,1.0,,8.2865879984092e-10,0.0,,,,,,True
persistence,post_covid,persistence,1,neighborhood,Far South,flu_season,,bands,,26,,,,,,,,,,,,,,,,,,,,,0.6923076923076923,1.0,0.21804511278195493,0.0,False
persistence,post_covid,persistence,1,neighborhood,Far South,flu_season,0.5,IT50,69.7066330370401,26,7.0,0.2692307692307692,3.0,4.0,4.0,15.0,0.42857142857142855,0.5714285714285714,0.42857142857142855,0.21052631578947367,0.2727272727272727,0.42857142857142855,0.21804511278195488,0.21804511278195488,0.21804511278195488,0.6923076923076923,1.0,0.2515175066222909,0.19674556213017758,-0.27838973290728264,,,,,False
persistence,post_covid,persistence,1,neighborhood,Far South,flu_season,0.9,IT90,121.95949130896,26,0.0,0.0,0.0,0.0,0.0,26.0,,,,0.0,,,,,,1.0,,0.0009953519563523764,0.0,,,,,,True
persistence,post_covid,persistence,1,neighborhood,Far South,flu_season,0.98,IT98,174.42921640712913,26,0.0,0.0,0.0,0.0,0.0,26.0,,,,0.0,,,,,,1.0,,1.6891890919834138e-09,0.0,,,,,,True
persistence,post_covid,persistence,1,neighborhood,Far Southeast,overall,,bands,,53,,,,,,,,,,,,,,,,,,,,,0.8867924528301887,1.0,0.33750000000000013,0.0,False
persistence,post_covid,persistence,1,neighborhood,Far Southeast,overall,0.5,IT50,10.956265259525463,53,5.0,0.09433962264150944,2.0,3.0,3.0,45.0,0.4,0.6,0.4,0.0625,0.25,0.4,0.3375,0.3375,0.3375,0.8867924528301887,1.0,0.0807902411152051,0.08543965824136704,0.05441755294745376,,,,,False
persistence,post_covid,persistence,1,neighborhood,Far Southeast,overall,0.9,IT90,18.40391015194404,53,0.0,0.0,0.0,0.0,0.0,53.0,,,,0.0,,,,,,1.0,,0.007225715581919111,0.0,,,,,,True
persistence,post_covid,persistence,1,neighborhood,Far Southeast,overall,0.98,IT98,25.644566505740826,53,0.0,0.0,0.0,0.0,0.0,53.0,,,,0.0,,,,,,1.0,,0.00031885934887364607,0.0,,,,,,True
persistence,post_covid,persistence,1,neighborhood,Far Southeast,flu_season,,bands,,26,,,,,,,,,,,,,,,,,,,,,0.7692307692307693,1.0,0.25714285714285723,0.0,False
persistence,post_covid,persistence,1,neighborhood,Far Southeast,flu_season,0.5,IT50,10.956265259525463,26,5.0,0.19230769230769232,2.0,3.0,3.0,18.0,0.4,0.6,0.4,0.14285714285714285,0.25,0.4,0.2571428571428572,0.2571428571428571,0.2571428571428571,0.7692307692307693,1.0,0.13900137463141818,0.15532544378698226,0.10509591189677447,,,,,False
persistence,post_covid,persistence,1,neighborhood,Far Southeast,flu_season,0.9,IT90,18.40391015194404,26,0.0,0.0,0.0,0.0,0.0,26.0,,,,0.0,,,,,,1.0,,0.014020660381112984,0.0,,,,,,True
persistence,post_covid,persistence,1,neighborhood,Far Southeast,flu_season,0.98,IT98,25.644566505740826,26,0.0,0.0,0.0,0.0,0.0,26.0,,,,0.0,,,,,,1.0,,0.0006441985623390444,0.0,,,,,,True
persistence,post_covid,persistence,1,neighborhood,Far Southwest,overall,,bands,,53,,,,,,,,,,,,,,,,,,,,,0.9622641509433962,1.0,0.7791666666666667,0.0,False
persistence,post_covid,persistence,1,neighborhood,Far Southwest,overall,0.5,IT50,34.041053932580134,53,5.0,0.09433962264150944,4.0,1.0,1.0,47.0,0.8,0.2,0.8,0.020833333333333332,0.6666666666666666,0.8,0.7791666666666667,0.7791666666666667,0.7791666666666667,0.9622641509433962,1.0,0.037373146117871126,0.08543965824136704,0.5625784689787501,,,,,False
persistence,post_covid,persistence,1,neighborhood,Far Southwest,overall,0.9,IT90,54.68112356483704,53,0.0,0.0,0.0,0.0,0.0,53.0,,,,0.0,,,,,,1.0,,0.004669169137048587,0.0,,,,,,True
persistence,post_covid,persistence,1,neighborhood,Far Southwest,overall,0.98,IT98,74.04650918881951,53,0.0,0.0,0.0,0.0,0.0,53.0,,,,0.0,,,,,,1.0,,3.999626531391907e-05,0.0,,,,,,True
persistence,post_covid,persistence,1,neighborhood,Far Southwest,flu_season,,bands,,26,,,,,,,,,,,,,,,,,,,,,0.9230769230769231,1.0,0.7523809523809524,0.0,False
persistence,post_covid,persistence,1,neighborhood,Far Southwest,flu_season,0.5,IT50,34.041053932580134,26,5.0,0.19230769230769232,4.0,1.0,1.0,20.0,0.8,0.2,0.8,0.047619047619047616,0.6666666666666666,0.8,0.7523809523809524,0.7523809523809524,0.7523809523809524,0.9230769230769231,1.0,0.07604264782400263,0.15532544378698226,0.5104301911521354,,,,,False
persistence,post_covid,persistence,1,neighborhood,Far Southwest,flu_season,0.9,IT90,54.68112356483704,26,0.0,0.0,0.0,0.0,0.0,26.0,,,,0.0,,,,,,1.0,,0.009517921637709868,0.0,,,,,,True
persistence,post_covid,persistence,1,neighborhood,Far Southwest,flu_season,0.98,IT98,74.04650918881951,26,0.0,0.0,0.0,0.0,0.0,26.0,,,,0.0,,,,,,1.0,,8.153084852452732e-05,0.0,,,,,,True
persistence,post_covid,persistence,1,neighborhood,Hilliard,overall,,bands,,53,,,,,,,,,,,,,,,,,,,,,0.8867924528301887,1.0,0.5583333333333333,0.0,False
persistence,post_covid,persistence,1,neighborhood,Hilliard,overall,0.5,IT50,19.24134804712757,53,8.0,0.1509433962264151,5.0,3.0,3.0,42.0,0.625,0.375,0.625,0.06666666666666667,0.45454545454545453,0.625,0.5583333333333333,0.5583333333333333,0.5583333333333333,0.8867924528301887,1.0,0.08609527553190822,0.12815948736205057,0.3282176973079718,,,,,False
persistence,post_covid,persistence,1,neighborhood,Hilliard,overall,0.9,IT90,34.52709434950146,53,0.0,0.0,0.0,0.0,0.0,53.0,,,,0.0,,,,,,1.0,,0.00861769605289528,0.0,,,,,,True
persistence,post_covid,persistence,1,neighborhood,Hilliard,overall,0.98,IT98,50.186768532537315,53,0.0,0.0,0.0,0.0,0.0,53.0,,,,0.0,,,,,,1.0,,0.00018850264884178217,0.0,,,,,,True
persistence,post_covid,persistence,1,neighborhood,Hilliard,flu_season,,bands,,26,,,,,,,,,,,,,,,,,,,,,0.7692307692307693,1.0,0.45833333333333337,0.0,False
persistence,post_covid,persistence,1,neighborhood,Hilliard,flu_season,0.5,IT50,19.24134804712757,26,8.0,0.3076923076923077,5.0,3.0,3.0,15.0,0.625,0.375,0.625,0.16666666666666666,0.45454545454545453,0.625,0.45833333333333337,0.4583333333333333,0.4583333333333333,0.7692307692307693,1.0,0.1597868688376482,0.21301775147928986,0.24988942128992897,,,,,False
persistence,post_covid,persistence,1,neighborhood,Hilliard,flu_season,0.9,IT90,34.52709434950146,26,0.0,0.0,0.0,0.0,0.0,26.0,,,,0.0,,,,,,1.0,,0.01754449473230358,0.0,,,,,,True
persistence,post_covid,persistence,1,neighborhood,Hilliard,flu_season,0.98,IT98,50.186768532537315,26,0.0,0.0,0.0,0.0,0.0,26.0,,,,0.0,,,,,,1.0,,0.000384255247962948,0.0,,,,,,True
persistence,post_covid,persistence,1,neighborhood,Linden,overall,,bands,,53,,,,,,,,,,,,,,,,,,,,,0.9245283018867925,1.0,0.6708074534161491,0.0,False
persistence,post_covid,persistence,1,neighborhood,Linden,overall,0.5,IT50,53.62727596624066,53,7.0,0.1320754716981132,5.0,2.0,2.0,44.0,0.7142857142857143,0.2857142857142857,0.7142857142857143,0.043478260869565216,0.5555555555555556,0.7142857142857143,0.6708074534161491,0.6708074534161491,0.6708074534161491,0.9245283018867925,1.0,0.04780229473227493,0.1146315414738341,0.5829917829100613,,,,,False
persistence,post_covid,persistence,1,neighborhood,Linden,overall,0.9,IT90,82.61523156370409,53,0.0,0.0,0.0,0.0,0.0,53.0,,,,0.0,,,,,,1.0,,0.0032864170922834125,0.0,,,,,,True
persistence,post_covid,persistence,1,neighborhood,Linden,overall,0.98,IT98,108.92078323683364,53,0.0,0.0,0.0,0.0,0.0,53.0,,,,0.0,,,,,,1.0,,2.4505339374988412e-05,0.0,,,,,,True
persistence,post_covid,persistence,1,neighborhood,Linden,flu_season,,bands,,26,,,,,,,,,,,,,,,,,,,,,0.8461538461538461,1.0,0.6090225563909775,0.0,False
persistence,post_covid,persistence,1,neighborhood,Linden,flu_season,0.5,IT50,53.62727596624066,26,7.0,0.2692307692307692,5.0,2.0,2.0,17.0,0.7142857142857143,0.2857142857142857,0.7142857142857143,0.10526315789473684,0.5555555555555556,0.7142857142857143,0.6090225563909775,0.6090225563909775,0.6090225563909775,0.8461538461538461,1.0,0.09694275079956846,0.19674556213017758,0.5072684245074567,,,,,False
persistence,post_covid,persistence,1,neighborhood,Linden,flu_season,0.9,IT90,82.61523156370409,26,0.0,0.0,0.0,0.0,0.0,26.0,,,,0.0,,,,,,1.0,,0.006699234393173252,0.0,,,,,,True
persistence,post_covid,persistence,1,neighborhood,Linden,flu_season,0.98,IT98,108.92078323683364,26,0.0,0.0,0.0,0.0,0.0,26.0,,,,0.0,,,,,,1.0,,4.995319180286071e-05,0.0,,,,,,True
persistence,post_covid,persistence,1,neighborhood,NE Suburban,overall,,bands,,53,,,,,,,,,,,,,,,,,,,,,0.9056603773584906,0.9811320754716981,0.4536082474226806,0.0,False
persistence,post_covid,persistence,1,neighborhood,NE Suburban,overall,0.5,IT50,27.312493683860776,53,5.0,0.09433962264150944,3.0,2.0,2.0,46.0,0.6,0.4,0.6,0.041666666666666664,0.42857142857142855,0.6,0.5583333333333333,0.5583333333333333,0.5583333333333333,0.9245283018867925,1.0,0.04449198947164913,0.08543965824136704,0.47925833989224,,,,,False
persistence,post_covid,persistence,1,neighborhood,NE Suburban,overall,0.9,IT90,41.22759712033061,53,1.0,0.018867924528301886,0.0,1.0,1.0,51.0,0.0,1.0,0.0,0.019230769230769232,0.0,0.0,-0.019230769230769232,-0.019230769230769232,-0.019230769230769232,0.9622641509433962,1.0,0.03658255143496998,0.018511925952296185,-0.9761612880928983,,,,,True
persistence,post_covid,persistence,1,neighborhood,NE Suburban,overall,0.98,IT98,53.6511443833241,53,0.0,0.0,0.0,0.0,0.0,53.0,,,,0.0,,,,,,1.0,,0.0037959222923251517,0.0,,,,,,True
persistence,post_covid,persistence,1,neighborhood,NE Suburban,flu_season,,bands,,26,,,,,,,,,,,,,,,,,,,,,0.8076923076923077,0.9615384615384616,0.39534883720930225,0.0,False
persistence,post_covid,persistence,1,neighborhood,NE Suburban,flu_season,0.5,IT50,27.312493683860776,26,5.0,0.19230769230769232,3.0,2.0,2.0,19.0,0.6,0.4,0.6,0.09523809523809523,0.42857142857142855,0.6,0.5047619047619047,0.5047619047619047,0.5047619047619047,0.8461538461538461,1.0,0.08970902508056701,0.15532544378698226,0.42244475281463534,,,,,False
persistence,post_covid,persistence,1,neighborhood,NE Suburban,flu_season,0.9,IT90,41.22759712033061,26,1.0,0.038461538461538464,0.0,1.0,1.0,24.0,0.0,1.0,0.0,0.04,0.0,0.0,-0.04,-0.04,-0.04,0.9230769230769231,1.0,0.07457198090752494,0.036982248520710054,-1.0164263637394746,,,,,True
persistence,post_covid,persistence,1,neighborhood,NE Suburban,flu_season,0.98,IT98,53.6511443833241,26,0.0,0.0,0.0,0.0,0.0,26.0,,,,0.0,,,,,,1.0,,0.007737841594926851,0.0,,,,,,True
persistence,post_covid,persistence,1,neighborhood,Northland,overall,,bands,,53,,,,,,,,,,,,,,,,,,,,,0.9245283018867925,1.0,0.5583333333333333,0.0,False
persistence,post_covid,persistence,1,neighborhood,Northland,overall,0.5,IT50,56.127661353876796,53,5.0,0.09433962264150944,3.0,2.0,2.0,46.0,0.6,0.4,0.6,0.041666666666666664,0.42857142857142855,0.6,0.5583333333333333,0.5583333333333333,0.5583333333333333,0.9245283018867925,1.0,0.05139264481535372,0.08543965824136704,0.3984919196402975,,,,,False
persistence,post_covid,persistence,1,neighborhood,Northland,overall,0.9,IT90,89.91407794411414,53,0.0,0.0,0.0,0.0,0.0,53.0,,,,0.0,,,,,,1.0,,0.006584232273907943,0.0,,,,,,True
persistence,post_covid,persistence,1,neighborhood,Northland,overall,0.98,IT98,121.54516325409915,53,0.0,0.0,0.0,0.0,0.0,53.0,,,,0.0,,,,,,1.0,,3.337847418963885e-05,0.0,,,,,,True
persistence,post_covid,persistence,1,neighborhood,Northland,flu_season,,bands,,26,,,,,,,,,,,,,,,,,,,,,0.8461538461538461,1.0,0.5047619047619047,0.0,False
persistence,post_covid,persistence,1,neighborhood,Northland,flu_season,0.5,IT50,56.127661353876796,26,5.0,0.19230769230769232,3.0,2.0,2.0,19.0,0.6,0.4,0.6,0.09523809523809523,0.42857142857142855,0.6,0.5047619047619047,0.5047619047619047,0.5047619047619047,0.8461538461538461,1.0,0.10305359773427608,0.15532544378698226,0.33653112315837497,,,,,False
persistence,post_covid,persistence,1,neighborhood,Northland,flu_season,0.9,IT90,89.91407794411414,26,0.0,0.0,0.0,0.0,0.0,26.0,,,,0.0,,,,,,1.0,,0.013421703536926354,0.0,,,,,,True
persistence,post_covid,persistence,1,neighborhood,Northland,flu_season,0.98,IT98,121.54516325409915,26,0.0,0.0,0.0,0.0,0.0,26.0,,,,0.0,,,,,,1.0,,6.804073584810995e-05,0.0,,,,,,True
persistence,post_covid,persistence,1,neighborhood,UA/Grandview,overall,,bands,,53,,,,,,,,,,,,,,,,,,,,,0.9245283018867925,1.0,0.5583333333333333,0.0,False
persistence,post_covid,persistence,1,neighborhood,UA/Grandview,overall,0.5,IT50,8.143164584776198,53,5.0,0.09433962264150944,3.0,2.0,2.0,46.0,0.6,0.4,0.6,0.041666666666666664,0.42857142857142855,0.6,0.5583333333333333,0.5583333333333333,0.5583333333333333,0.9245283018867925,1.0,0.08452140152873955,0.08543965824136704,0.010747429607377623,,,,,False
persistence,post_covid,persistence,1,neighborhood,UA/Grandview,overall,0.9,IT90,16.706142473783938,53,0.0,0.0,0.0,0.0,0.0,53.0,,,,0.0,,,,,,1.0,,0.012294096261267066,0.0,,,,,,True
persistence,post_covid,persistence,1,neighborhood,UA/Grandview,overall,0.98,IT98,26.455007113900507,53,0.0,0.0,0.0,0.0,0.0,53.0,,,,0.0,,,,,,1.0,,0.0005140443069987067,0.0,,,,,,True
persistence,post_covid,persistence,1,neighborhood,UA/Grandview,flu_season,,bands,,26,,,,,,,,,,,,,,,,,,,,,0.8461538461538461,1.0,0.5047619047619047,0.0,False
persistence,post_covid,persistence,1,neighborhood,UA/Grandview,flu_season,0.5,IT50,8.143164584776198,26,5.0,0.19230769230769232,3.0,2.0,2.0,19.0,0.6,0.4,0.6,0.09523809523809523,0.42857142857142855,0.6,0.5047619047619047,0.5047619047619047,0.5047619047619047,0.8461538461538461,1.0,0.15562736909338312,0.15532544378698226,-0.0019438238773998862,,,,,False
persistence,post_covid,persistence,1,neighborhood,UA/Grandview,flu_season,0.9,IT90,16.706142473783938,26,0.0,0.0,0.0,0.0,0.0,26.0,,,,0.0,,,,,,1.0,,0.025045263415492333,0.0,,,,,,True
persistence,post_covid,persistence,1,neighborhood,UA/Grandview,flu_season,0.98,IT98,26.455007113900507,26,0.0,0.0,0.0,0.0,0.0,26.0,,,,0.0,,,,,,1.0,,0.001047859528691692,0.0,,,,,,True
persistence,post_covid,persistence,1,neighborhood,West,overall,,bands,,53,,,,,,,,,,,,,,,,,,,,,0.8867924528301887,1.0,-0.06000000000000005,0.0,False
persistence,post_covid,persistence,1,neighborhood,West,overall,0.5,IT50,73.15037971354549,53,3.0,0.05660377358490566,0.0,3.0,3.0,47.0,0.0,1.0,0.0,0.06,0.0,0.0,-0.06,-0.06,-0.06,0.8867924528301887,1.0,0.0487987519926072,0.05339978640085441,0.08616203768510944,,,,,True
persistence,post_covid,persistence,1,neighborhood,West,overall,0.9,IT90,114.1022318647041,53,0.0,0.0,0.0,0.0,0.0,53.0,,,,0.0,,,,,,1.0,,9.133595268755305e-05,0.0,,,,,,True
persistence,post_covid,persistence,1,neighborhood,West,overall,0.98,IT98,151.63555393306305,53,0.0,0.0,0.0,0.0,0.0,53.0,,,,0.0,,,,,,1.0,,1.1671107858227645e-09,0.0,,,,,,True
persistence,post_covid,persistence,1,neighborhood,West,flu_season,,bands,,26,,,,,,,,,,,,,,,,,,,,,0.7692307692307693,1.0,-0.13043478260869557,0.0,False
persistence,post_covid,persistence,1,neighborhood,West,flu_season,0.5,IT50,73.15037971354549,26,3.0,0.11538461538461539,0.0,3.0,3.0,20.0,0.0,1.0,0.0,0.13043478260869565,0.0,0.0,-0.13043478260869565,-0.13043478260869565,-0.13043478260869565,0.7692307692307693,1.0,0.09946512299326675,0.10207100591715977,0.025530099370314252,,,,,True
persistence,post_covid,persistence,1,neighborhood,West,flu_season,0.9,IT90,114.1022318647041,26,0.0,0.0,0.0,0.0,0.0,26.0,,,,0.0,,,,,,1.0,,0.00018618482663199925,0.0,,,,,,True
persistence,post_covid,persistence,1,neighborhood,West,flu_season,0.98,IT98,151.63555393306305,26,0.0,0.0,0.0,0.0,0.0,26.0,,,,0.0,,,,,,1.0,,2.3791104480233272e-09,0.0,,,,,,True
persistence,post_covid,persistence,1,neighborhood,Westerville,overall,,bands,,53,,,,,,,,,,,,,,,,,,,,,0.8490566037735849,1.0,0.6513157894736843,0.0,False
persistence,post_covid,persistence,1,neighborhood,Westerville,overall,0.5,IT50,24.33364195874595,53,7.0,0.1320754716981132,4.0,3.0,3.0,43.0,0.5714285714285714,0.42857142857142855,0.5714285714285714,0.06521739130434782,0.4,0.5714285714285714,0.5062111801242236,0.5062111801242236,0.5062111801242236,0.8867924528301887,1.0,0.07262876665498573,0.1146315414738341,0.3664155107644257,,,,,False
persistence,post_covid,persistence,1,neighborhood,Westerville,overall,0.9,IT90,36.408491039457616,53,2.0,0.03773584905660377,1.0,1.0,1.0,50.0,0.5,0.5,0.5,0.0196078431372549,0.3333333333333333,0.5,0.4803921568627451,0.4803921568627451,0.4803921568627451,0.9622641509433962,1.0,0.022197644790700403,0.03631185475258099,0.3886942723815938,,,,,True
persistence,post_covid,persistence,1,neighborhood,Westerville,overall,0.98,IT98,47.11324141772458,53,0.0,0.0,0.0,0.0,0.0,53.0,,,,0.0,,,,,,1.0,,0.006962252896152597,0.0,,,,,,True
persistence,post_covid,persistence,1,neighborhood,Westerville,flu_season,,bands,,26,,,,,,,,,,,,,,,,,,,,,0.6923076923076923,1.0,0.5953307392996109,0.0,False
persistence,post_covid,persistence,1,neighborhood,Westerville,flu_season,0.5,IT50,24.33364195874595,26,7.0,0.2692307692307692,4.0,3.0,3.0,16.0,0.5714285714285714,0.42857142857142855,0.5714285714285714,0.15789473684210525,0.4,0.5714285714285714,0.41353383458646614,0.41353383458646614,0.41353383458646614,0.7692307692307693,1.0,0.13388134529347784,0.19674556213017758,0.3195203803128497,,,,,False
persistence,post_covid,persistence,1,neighborhood,Westerville,flu_season,0.9,IT90,36.408491039457616,26,2.0,0.07692307692307693,1.0,1.0,1.0,23.0,0.5,0.5,0.5,0.041666666666666664,0.3333333333333333,0.5,0.4583333333333333,0.4583333333333333,0.4583333333333333,0.9230769230769231,1.0,0.04502111683195619,0.07100591715976333,0.36595260461661716,,,,,True
persistence,post_covid,persistence,1,neighborhood,Westerville,flu_season,0.98,IT98,47.11324141772458,26,0.0,0.0,0.0,0.0,0.0,26.0,,,,0.0,,,,,,1.0,,0.014191364631851,0.0,,,,,,True
persistence,post_covid,persistence,1,neighborhood,Worthington,overall,,bands,,53,,,,,,,,,,,,,,,,,,,,,0.660377358490566,0.9622641509433962,0.613138686131387,0.0,False
persistence,post_covid,persistence,1,neighborhood,Worthington,overall,0.5,IT50,13.721631551906164,53,16.0,0.3018867924528302,10.0,6.0,6.0,31.0,0.625,0.375,0.625,0.16216216216216217,0.45454545454545453,0.625,0.46283783783783783,0.46283783783783783,0.46283783783783783,0.7735849056603774,1.0,0.13639399402705435,0.21075115699537203,0.3528197141520344,,,,,False
persistence,post_covid,persistence,1,neighborhood,Worthington,overall,0.9,IT90,22.978569674557114,53,5.0,0.09433962264150944,2.0,3.0,3.0,45.0,0.4,0.6,0.4,0.0625,0.25,0.4,0.3375,0.3375,0.3375,0.8867924528301887,1.0,0.07240656492764394,0.08543965824136704,0.1525414963260341,,,,,False
persistence,post_covid,persistence,1,neighborhood,Worthington,overall,0.98,IT98,31.956357603850087,53,2.0,0.03773584905660377,1.0,1.0,1.0,50.0,0.5,0.5,0.5,0.0196078431372549,0.3333333333333333,0.5,0.4803921568627451,0.4803921568627451,0.4803921568627451,0.9622641509433962,1.0,0.03062038861201821,0.03631185475258099,0.1567385136160867,,,,,True
persistence,post_covid,persistence,1,neighborhood,Worthington,flu_season,,bands,,26,,,,,,,,,,,,,,,,,,,,,0.46153846153846156,0.9230769230769231,0.5462478184991273,0.0,False
persistence,post_covid,persistence,1,neighborhood,Worthington,flu_season,0.5,IT50,13.721631551906164,26,14.0,0.5384615384615384,10.0,4.0,4.0,8.0,0.7142857142857143,0.2857142857142857,0.7142857142857143,0.3333333333333333,0.5555555555555556,0.7142857142857143,0.380952380952381,0.38095238095238093,0.38095238095238093,0.6923076923076923,1.0,0.17595744138993,0.24852071005917165,0.29198077155004376,,,,,False
persistence,post_covid,persistence,1,neighborhood,Worthington,flu_season,0.9,IT90,22.978569674557114,26,5.0,0.19230769230769232,2.0,3.0,3.0,18.0,0.4,0.6,0.4,0.14285714285714285,0.25,0.4,0.2571428571428572,0.2571428571428571,0.2571428571428571,0.7692307692307693,1.0,0.14278194759020446,0.15532544378698226,0.08075622313354092,,,,,False
persistence,post_covid,persistence,1,neighborhood,Worthington,flu_season,0.98,IT98,31.956357603850087,26,2.0,0.07692307692307693,1.0,1.0,1.0,23.0,0.5,0.5,0.5,0.041666666666666664,0.3333333333333333,0.5,0.4583333333333333,0.4583333333333333,0.4583333333333333,0.9230769230769231,1.0,0.062262551413149736,0.07100591715976333,0.12313573426480806,,,,,True
seasonal_naive,post_covid,seasonal_naive,1,citywide,CITYWIDE,overall,,bands,,53,,,,,,,,,,,,,,,,,,,,,0.8301886792452831,0.9433962264150944,0.20895522388059706,0.09433962264150944,False
seasonal_naive,post_covid,seasonal_naive,1,citywide,CITYWIDE,overall,0.5,IT50,35.19412725226089,53,8.0,0.1509433962264151,4.0,4.0,4.0,41.0,0.5,0.5,0.5,0.08888888888888889,0.3333333333333333,0.5,0.4111111111111111,0.4111111111111111,0.4111111111111111,0.8490566037735849,1.0,0.0983176976088063,0.12815948736205057,0.23284885393573096,,,,,False
seasonal_naive,post_covid,seasonal_naive,1,citywide,CITYWIDE,overall,0.9,IT90,56.071415152332634,53,0.0,0.0,0.0,4.0,0.0,49.0,,1.0,0.0,0.07547169811320754,0.0,0.0,,0.0,,0.9245283018867925,,0.039585261782329295,0.0,,,,,,True
seasonal_naive,post_covid,seasonal_naive,1,citywide,CITYWIDE,overall,0.98,IT98,75.53173152268305,53,0.0,0.0,0.0,1.0,0.0,52.0,,1.0,0.0,0.018867924528301886,0.0,0.0,,0.0,,0.9811320754716981,,0.013253098947801757,0.0,,,,,,True
seasonal_naive,post_covid,seasonal_naive,1,citywide,CITYWIDE,flu_season,,bands,,26,,,,,,,,,,,,,,,,,,,,,0.6538461538461539,0.8846153846153846,0.07999999999999974,0.19230769230769232,False
seasonal_naive,post_covid,seasonal_naive,1,citywide,CITYWIDE,flu_season,0.5,IT50,35.19412725226089,26,8.0,0.3076923076923077,4.0,4.0,4.0,14.0,0.5,0.5,0.5,0.2222222222222222,0.3333333333333333,0.5,0.2777777777777778,0.2777777777777778,0.2777777777777778,0.6923076923076923,1.0,0.19195812033459242,0.2130177514792899,0.09886326842927429,,,,,False
seasonal_naive,post_covid,seasonal_naive,1,citywide,CITYWIDE,flu_season,0.9,IT90,56.071415152332634,26,0.0,0.0,0.0,4.0,0.0,22.0,,1.0,0.0,0.15384615384615385,0.0,0.0,,0.0,,0.8461538461538461,,0.08064708239968994,0.0,,,,,,True
seasonal_naive,post_covid,seasonal_naive,1,citywide,CITYWIDE,flu_season,0.98,IT98,75.53173152268305,26,0.0,0.0,0.0,1.0,0.0,25.0,,1.0,0.0,0.038461538461538464,0.0,0.0,,0.0,,0.9615384615384616,,0.027015885950112006,0.0,,,,,,True
seasonal_naive,post_covid,seasonal_naive,1,pooled,ALL,overall,,bands,,901,,,,,,,,,,,,,,,,,,,,,0.8168701442841287,0.9433962264150944,0.2463335909442197,0.08213096559378469,False
seasonal_naive,post_covid,seasonal_naive,1,pooled,ALL,overall,0.5,IT50,,901,118.0,0.1309655937846837,62.0,87.0,56.0,696.0,0.5254237288135594,0.5838926174496645,0.4161073825503356,0.1111111111111111,0.3024390243902439,0.46441947565543074,0.41431261770244826,0.3727306806619183,0.3762252937191083,0.8412874583795783,1.2627118644067796,0.12218058785333455,0.11381360702930893,-0.07351476719186123,,,,,False
seasonal_naive,post_covid,seasonal_naive,1,pooled,ALL,overall,0.9,IT90,,901,17.0,0.018867924528301886,1.0,51.0,16.0,833.0,0.058823529411764705,0.9807692307692307,0.019230769230769232,0.057692307692307696,0.014705882352941176,0.028985507246376812,0.0011312217194570096,0.0005629045876723895,0.0006599982913986348,0.925638179800222,3.0588235294117645,0.048671586968756446,0.01851192595229619,-1.6292016883699398,,,,,False
seasonal_naive,post_covid,seasonal_naive,1,pooled,ALL,overall,0.98,IT98,,901,4.0,0.004439511653718091,0.0,12.0,4.0,885.0,0.0,1.0,0.0,0.013377926421404682,0.0,0.0,-0.013377926421404682,-0.0067039106145251395,-0.007758424115323092,0.9822419533851277,3.0,0.017634333775390847,0.004419802389994593,-2.9898466536220916,,,,,True
seasonal_naive,post_covid,seasonal_naive,1,pooled,ALL,flu_season,,bands,,442,,,,,,,,,,,,,,,,,,,,,0.6357466063348416,0.8846153846153846,0.1330998437415809,0.17647058823529413,False
seasonal_naive,post_covid,seasonal_naive,1,pooled,ALL,flu_season,0.5,IT50,,442,114.0,0.2579185520361991,62.0,87.0,52.0,241.0,0.543859649122807,0.5838926174496645,0.4161073825503356,0.2652439024390244,0.30845771144278605,0.4714828897338403,0.27861574668378264,0.2532513309186377,0.25785054945823604,0.6855203619909502,1.3070175438596492,0.2204757797606609,0.19139657255174955,-0.15193170296217806,,,,,False
seasonal_naive,post_covid,seasonal_naive,1,pooled,ALL,flu_season,0.9,IT90,,442,17.0,0.038461538461538464,1.0,51.0,16.0,374.0,0.058823529411764705,0.9807692307692307,0.019230769230769232,0.12,0.014705882352941176,0.028985507246376812,-0.06117647058823529,-0.03076923076923077,-0.03651483716701108,0.8484162895927602,3.0588235294117645,0.09659752103493992,0.03698224852071006,-1.611996968784775,,,,,False
seasonal_naive,post_covid,seasonal_naive,1,pooled,ALL,flu_season,0.98,IT98,,442,4.0,0.00904977375565611,0.0,12.0,4.0,426.0,0.0,1.0,0.0,0.0273972602739726,0.0,0.0,-0.0273972602739726,-0.013761467889908258,-0.015964279974578305,0.9638009049773756,3.0,0.03567049579622293,0.008967875350627548,-2.977586039231333,,,,,True
seasonal_naive,post_covid,seasonal_naive,1,neighborhood,Agler/Cassidy,overall,,bands,,53,,,,,,,,,,,,,,,,,,,,,0.8301886792452831,0.9811320754716981,0.30567685589519655,0.11320754716981132,False
seasonal_naive,post_covid,seasonal_naive,1,neighborhood,Agler/Cassidy,overall,0.5,IT50,51.74083078339265,53,6.0,0.11320754716981132,4.0,7.0,2.0,40.0,0.6666666666666666,0.6363636363636364,0.36363636363636365,0.14893617021276595,0.3076923076923077,0.47058823529411764,0.5177304964539007,0.37971391417425226,0.4044895572319194,0.8301886792452831,1.8333333333333333,0.12672272822102507,0.10039159843360627,-0.2622841970668772,,,,,False
seasonal_naive,post_covid,seasonal_naive,1,neighborhood,Agler/Cassidy,overall,0.9,IT90,88.48740693700204,53,0.0,0.0,0.0,1.0,0.0,52.0,,1.0,0.0,0.018867924528301886,0.0,0.0,,0.0,,0.9811320754716981,,0.025276122708744346,0.0,,,,,,True
seasonal_naive,post_covid,seasonal_naive,1,neighborhood,Agler/Cassidy,overall,0.98,IT98,124.72586226376617,53,0.0,0.0,0.0,0.0,0.0,53.0,,,,0.0,,,,,,1.0,,0.003496483935080538,0.0,,,,,,True
seasonal_naive,post_covid,seasonal_naive,1,neighborhood,Agler/Cassidy,flu_season,,bands,,26,,,,,,,,,,,,,,,,,,,,,0.6538461538461539,0.9615384615384616,0.17021276595744683,0.23076923076923078,False
seasonal_naive,post_covid,seasonal_naive,1,neighborhood,Agler/Cassidy,flu_season,0.5,IT50,51.74083078339265,26,6.0,0.23076923076923078,4.0,7.0,2.0,13.0,0.6666666666666666,0.6363636363636364,0.36363636363636365,0.35,0.3076923076923077,0.47058823529411764,0.31666666666666665,0.24516129032258063,0.2700542407171066,0.6538461538461539,1.8333333333333333,0.24337273238259896,0.17751479289940827,-0.3709997257553075,,,,,False
seasonal_naive,post_covid,seasonal_naive,1,neighborhood,Agler/Cassidy,flu_season,0.9,IT90,88.48740693700204,26,0.0,0.0,0.0,1.0,0.0,25.0,,1.0,0.0,0.038461538461538464,0.0,0.0,,0.0,,0.9615384615384616,,0.05122890611199709,0.0,,,,,,True
seasonal_naive,post_covid,seasonal_naive,1,neighborhood,Agler/Cassidy,flu_season,0.98,IT98,124.72586226376617,26,0.0,0.0,0.0,0.0,0.0,26.0,,,,0.0,,,,,,1.0,,0.007126722649600191,0.0,,,,,,True
seasonal_naive,post_covid,seasonal_naive,1,neighborhood,Bexley,overall,,bands,,53,,,,,,,,,,,,,,,,,,,,,0.7735849056603774,0.9056603773584906,-0.027239392352016667,0.018867924528301886,False
seasonal_naive,post_covid,seasonal_naive,1,neighborhood,Bexley,overall,0.5,IT50,24.605454693531783,53,8.0,0.1509433962264151,2.0,6.0,6.0,39.0,0.25,0.75,0.25,0.13333333333333333,0.14285714285714285,0.25,0.11666666666666667,0.11666666666666667,0.11666666666666667,0.7735849056603774,1.0,0.14651548396385394,0.12815948736205057,-0.14322776237351564,,,,,False
seasonal_naive,post_covid,seasonal_naive,1,neighborhood,Bexley,overall,0.9,IT90,37.5430295506582,53,2.0,0.03773584905660377,0.0,3.0,2.0,48.0,0.0,1.0,0.0,0.058823529411764705,0.0,0.0,-0.058823529411764705,-0.04743083003952569,-0.048507125007266595,0.9056603773584906,1.5,0.07166845913042313,0.03631185475258099,-0.9736931538956726,,,,,True
seasonal_naive,post_covid,seasonal_naive,1,neighborhood,Bexley,overall,0.98,IT98,49.19357270883574,53,1.0,0.018867924528301886,0.0,1.0,1.0,51.0,0.0,1.0,0.0,0.019230769230769232,0.0,0.0,-0.019230769230769232,-0.019230769230769232,-0.019230769230769232,0.9622641509433962,1.0,0.03339748555293645,0.018511925952296185,-0.8041064791961254,,,,,True
seasonal_naive,post_covid,seasonal_naive,1,neighborhood,Bexley,flu_season,,bands,,26,,,,,,,,,,,,,,,,,,,,,0.5769230769230769,0.8076923076923077,-0.16999999999999993,0.07692307692307693,False
seasonal_naive,post_covid,seasonal_naive,1,neighborhood,Bexley,flu_season,0.5,IT50,24.605454693531783,26,7.0,0.2692307692307692,2.0,6.0,5.0,13.0,0.2857142857142857,0.75,0.25,0.3157894736842105,0.15384615384615385,0.26666666666666666,-0.03007518796992481,-0.02877697841726619,-0.028903665650804,0.5769230769230769,1.1428571428571428,0.25344048014159304,0.19674556213017758,-0.2881636434264425,,,,,False
seasonal_naive,post_covid,seasonal_naive,1,neighborhood,Bexley,flu_season,0.9,IT90,37.5430295506582,26,2.0,0.07692307692307693,0.0,3.0,2.0,21.0,0.0,1.0,0.0,0.125,0.0,0.0,-0.125,-0.1016949152542373,-0.10425720702853737,0.8076923076923077,1.5,0.14252135063508498,0.07100591715976333,-1.0071756881107796,,,,,True
seasonal_naive,post_covid,seasonal_naive,1,neighborhood,Bexley,flu_season,0.98,IT98,49.19357270883574,26,1.0,0.038461538461538464,0.0,1.0,1.0,24.0,0.0,1.0,0.0,0.04,0.0,0.0,-0.04,-0.04,-0.04,0.9230769230769231,1.0,0.06778615640231286,0.036982248520710054,-0.8329376691185402,,,,,True
seasonal_naive,post_covid,seasonal_naive,1,neighborhood,Clintonville/Near North,overall,,bands,,53,,,,,,,,,,,,,,,,,,,,,0.8867924528301887,0.9811320754716981,0.721865889212828,-0.09433962264150944,False
seasonal_naive,post_covid,seasonal_naive,1,neighborhood,Clintonville/Near North,overall,0.5,IT50,15.728895715230147,53,11.0,0.20754716981132076,10.0,1.0,1.0,41.0,0.9090909090909091,0.09090909090909091,0.9090909090909091,0.023809523809523808,0.8333333333333334,0.9090909090909091,0.8852813852813852,0.8852813852813853,0.8852813852813853,0.9622641509433962,1.0,0.08970325537165012,0.1644713421146316,0.4545964408247508,,,,,False
seasonal_naive,post_covid,seasonal_naive,1,neighborhood,Clintonville/Near North,overall,0.9,IT90,22.099499115677975,53,4.0,0.07547169811320754,0.0,0.0,4.0,49.0,0.0,,,0.0,0.0,0.0,0.0,0.0,,0.9245283018867925,0.0,0.06727092864496594,0.06977572089711641,0.03589776243005449,,,,,True
seasonal_naive,post_covid,seasonal_naive,1,neighborhood,Clintonville/Near North,overall,0.98,IT98,27.469599865392972,53,1.0,0.018867924528301886,0.0,0.0,1.0,52.0,0.0,,,0.0,0.0,0.0,0.0,0.0,,0.9811320754716981,0.0,0.032979515893473095,0.018511925952296185,-0.7815280797070376,,,,,True
seasonal_naive,post_covid,seasonal_naive,1,neighborhood,Clintonville/Near North,flu_season,,bands,,26,,,,,,,,,,,,,,,,,,,,,0.7692307692307693,0.9615384615384616,0.6465256797583081,-0.19230769230769232,False
seasonal_naive,post_covid,seasonal_naive,1,neighborhood,Clintonville/Near North,flu_season,0.5,IT50,15.728895715230147,26,11.0,0.4230769230769231,10.0,1.0,1.0,14.0,0.9090909090909091,0.09090909090909091,0.9090909090909091,0.06666666666666667,0.8333333333333334,0.9090909090909091,0.8424242424242424,0.8424242424242424,0.8424242424242424,0.9230769230769231,1.0,0.16091566282498349,0.24408284023668633,0.3407334056382493,,,,,False
seasonal_naive,post_covid,seasonal_naive,1,neighborhood,Clintonville/Near North,flu_season,0.9,IT90,22.099499115677975,26,4.0,0.15384615384615385,0.0,0.0,4.0,22.0,0.0,,,0.0,0.0,0.0,0.0,0.0,,0.8461538461538461,0.0,0.13296760097621374,0.13017751479289943,-0.02143293477182362,,,,,True
seasonal_naive,post_covid,seasonal_naive,1,neighborhood,Clintonville/Near North,flu_season,0.98,IT98,27.469599865392972,26,1.0,0.038461538461538464,0.0,0.0,1.0,25.0,0.0,,,0.0,0.0,0.0,0.0,0.0,,0.9615384615384616,0.0,0.06638738802072396,0.036982248520710054,-0.7951149720803761,,,,,True
seasonal_naive,post_covid,seasonal_naive,1,neighborhood,Dublin,overall,,bands,,53,,,,,,,,,,,,,,,,,,,,,0.7924528301886793,0.9622641509433962,0.39489590329079927,0.05660377358490566,False
seasonal_naive,post_covid,seasonal_naive,1,neighborhood,Dublin,overall,0.5,IT50,8.038849454818003,53,9.0,0.16981132075471697,5.0,4.0,4.0,40.0,0.5555555555555556,0.4444444444444444,0.5555555555555556,0.09090909090909091,0.38461538461538464,0.5555555555555556,0.46464646464646464,0.46464646464646464,0.46464646464646464,0.8490566037735849,1.0,0.12107546732157153,0.14097543609825564,0.1411591219538022,,,,,False
seasonal_naive,post_covid,seasonal_naive,1,neighborhood,Dublin,overall,0.9,IT90,14.1626396504559,53,1.0,0.018867924528301886,0.0,4.0,1.0,48.0,0.0,1.0,0.0,0.07692307692307693,0.0,0.0,-0.07692307692307693,-0.0311284046692607,-0.03962144258751637,0.9056603773584906,4.0,0.05421464195417085,0.018511925952296185,-1.928633254793576,,,,,True
seasonal_naive,post_covid,seasonal_naive,1,neighborhood,Dublin,overall,0.98,IT98,20.345693253667104,53,0.0,0.0,0.0,0.0,0.0,53.0,,,,0.0,,,,,,1.0,,0.020199682070279088,0.0,,,,,,True
seasonal_naive,post_covid,seasonal_naive,1,neighborhood,Dublin,flu_season,,bands,,26,,,,,,,,,,,,,,,,,,,,,0.6153846153846154,0.9230769230769231,0.30434782608695654,0.15384615384615385,False
seasonal_naive,post_covid,seasonal_naive,1,neighborhood,Dublin,flu_season,0.5,IT50,8.038849454818003,26,8.0,0.3076923076923077,5.0,4.0,3.0,14.0,0.625,0.4444444444444444,0.5555555555555556,0.2222222222222222,0.4166666666666667,0.5882352941176471,0.4027777777777778,0.38926174496644295,0.3907518403363142,0.7307692307692307,1.125,0.18401812462840342,0.21301775147928986,0.13613713716110587,,,,,False
seasonal_naive,post_covid,seasonal_naive,1,neighborhood,Dublin,flu_season,0.9,IT90,14.1626396504559,26,1.0,0.038461538461538464,0.0,4.0,1.0,21.0,0.0,1.0,0.0,0.16,0.0,0.0,-0.16,-0.06557377049180328,-0.08528028654224416,0.8076923076923077,4.0,0.1039591166698192,0.036982248520710054,-1.8110545147519117,,,,,True
seasonal_naive,post_covid,seasonal_naive,1,neighborhood,Dublin,flu_season,0.98,IT98,20.345693253667104,26,0.0,0.0,0.0,0.0,0.0,26.0,,,,0.0,,,,,,1.0,,0.04050068531228097,0.0,,,,,,True
seasonal_naive,post_covid,seasonal_naive,1,neighborhood,Eastside,overall,,bands,,53,,,,,,,,,,,,,,,,,,,,,0.8490566037735849,0.9622641509433962,0.4073482428115016,0.03773584905660377,False
seasonal_naive,post_covid,seasonal_naive,1,neighborhood,Eastside,overall,0.5,IT50,53.89825474693718,53,6.0,0.11320754716981132,3.0,3.0,3.0,44.0,0.5,0.5,0.5,0.06382978723404255,0.3333333333333333,0.5,0.43617021276595747,0.43617021276595747,0.43617021276595747,0.8867924528301887,1.0,0.07824926283959144,0.10039159843360627,0.22055964781414072,,,,,False
seasonal_naive,post_covid,seasonal_naive,1,neighborhood,Eastside,overall,0.9,IT90,89.53274062296502,53,1.0,0.018867924528301886,0.0,2.0,1.0,50.0,0.0,1.0,0.0,0.038461538461538464,0.0,0.0,-0.038461538461538464,-0.025806451612903226,-0.027461751819054487,0.9433962264150944,2.0,0.03870933924178156,0.018511925952296185,-1.0910487294262392,,,,,True
seasonal_naive,post_covid,seasonal_naive,1,neighborhood,Eastside,overall,0.98,IT98,123.87134674281285,53,0.0,0.0,0.0,1.0,0.0,52.0,,1.0,0.0,0.018867924528301886,0.0,0.0,,0.0,,0.9811320754716981,,0.01094056571054803,0.0,,,,,,True
seasonal_naive,post_covid,seasonal_naive,1,neighborhood,Eastside,flu_season,,bands,,26,,,,,,,,,,,,,,,,,,,,,0.6923076923076923,0.9230769230769231,0.33818181818181814,0.07692307692307693,False
seasonal_naive,post_covid,seasonal_naive,1,neighborhood,Eastside,flu_season,0.5,IT50,53.89825474693718,26,6.0,0.23076923076923078,3.0,3.0,3.0,17.0,0.5,0.5,0.5,0.15,0.3333333333333333,0.5,0.35,0.35,0.35,0.7692307692307693,1.0,0.15241559777560781,0.17751479289940827,0.14139213253074256,,,,,False
seasonal_naive,post_covid,seasonal_naive,1,neighborhood,Eastside,flu_season,0.9,IT90,89.53274062296502,26,1.0,0.038461538461538464,0.0,2.0,1.0,23.0,0.0,1.0,0.0,0.08,0.0,0.0,-0.08,-0.05405405405405406,-0.05773502691896257,0.8846153846153846,2.0,0.07877472731503107,0.036982248520710054,-1.1300686265984403,,,,,True
seasonal_naive,post_covid,seasonal_naive,1,neighborhood,Eastside,flu_season,0.98,IT98,123.87134674281285,26,0.0,0.0,0.0,1.0,0.0,25.0,,1.0,0.0,0.038461538461538464,0.0,0.0,,0.0,,0.9615384615384616,,0.02230167055319978,0.0,,,,,,True
seasonal_naive,post_covid,seasonal_naive,1,neighborhood,Far East,overall,,bands,,53,,,,,,,,,,,,,,,,,,,,,0.8113207547169812,0.9622641509433962,0.25151311365164775,0.1320754716981132,False
seasonal_naive,post_covid,seasonal_naive,1,neighborhood,Far East,overall,0.5,IT50,76.01095931639992,53,5.0,0.09433962264150944,3.0,6.0,2.0,42.0,0.6,0.6666666666666666,0.3333333333333333,0.125,0.2727272727272727,0.42857142857142855,0.475,0.3496932515337423,0.3697869984767234,0.8490566037735849,1.8,0.11167465482620294,0.08543965824136704,-0.30705877252835023,,,,,False
seasonal_naive,post_covid,seasonal_naive,1,neighborhood,Far East,overall,0.9,IT90,119.58175049878095,53,1.0,0.018867924528301886,0.0,3.0,1.0,49.0,0.0,1.0,0.0,0.057692307692307696,0.0,0.0,-0.057692307692307696,-0.02912621359223301,-0.03396831102433787,0.9245283018867925,3.0,0.04926258862665663,0.018511925952296185,-1.6611271433130486,,,,,True
seasonal_naive,post_covid,seasonal_naive,1,neighborhood,Far East,overall,0.98,IT98,159.7885780471188,53,0.0,0.0,0.0,1.0,0.0,52.0,,1.0,0.0,0.018867924528301886,0.0,0.0,,0.0,,0.9811320754716981,,0.009510344272771871,0.0,,,,,,True
seasonal_naive,post_covid,seasonal_naive,1,neighborhood,Far East,flu_season,,bands,,26,,,,,,,,,,,,,,,,,,,,,0.6153846153846154,0.9230769230769231,0.15999999999999992,0.2692307692307692,False
seasonal_naive,post_covid,seasonal_naive,1,neighborhood,Far East,flu_season,0.5,IT50,76.01095931639992,26,5.0,0.19230769230769232,3.0,6.0,2.0,15.0,0.6,0.6666666666666666,0.3333333333333333,0.2857142857142857,0.2727272727272727,0.42857142857142855,0.3142857142857143,0.24087591240875914,0.26035958758213296,0.6923076923076923,1.8,0.2228706211310843,0.15532544378698226,-0.4348622846153616,,,,,False
seasonal_naive,post_covid,seasonal_naive,1,neighborhood,Far East,flu_season,0.9,IT90,119.58175049878095,26,1.0,0.038461538461538464,0.0,3.0,1.0,22.0,0.0,1.0,0.0,0.12,0.0,0.0,-0.12,-0.061224489795918366,-0.07223151185146152,0.8461538461538461,3.0,0.10041426083539566,0.036982248520710054,-1.715201612989099,,,,,True
seasonal_naive,post_covid,seasonal_naive,1,neighborhood,Far East,flu_season,0.98,IT98,159.7885780471188,26,0.0,0.0,0.0,1.0,0.0,25.0,,1.0,0.0,0.038461538461538464,0.0,0.0,,0.0,,0.9615384615384616,,0.019386470556205817,0.0,,,,,,True
seasonal_naive,post_covid,seasonal_naive,1,neighborhood,Far South,overall,,bands,,53,,,,,,,,,,,,,,,,,,,,,0.8490566037735849,0.9433962264150944,0.2675879396984926,0.1509433962264151,False
seasonal_naive,post_covid,seasonal_naive,1,neighborhood,Far South,overall,0.5,IT50,69.7066330370401,53,7.0,0.1320754716981132,5.0,5.0,2.0,41.0,0.7142857142857143,0.5,0.5,0.10869565217391304,0.4166666666666667,0.5882352941176471,0.6055900621118012,0.5124835742444153,0.524049665034521,0.8679245283018868,1.4285714285714286,0.11930823947350218,0.11463154147383411,-0.04079765428902982,,,,,False
seasonal_naive,post_covid,seasonal_naive,1,neighborhood,Far South,overall,0.9,IT90,121.95949130896,53,0.0,0.0,0.0,4.0,0.0,49.0,,1.0,0.0,0.07547169811320754,0.0,0.0,,0.0,,0.9245283018867925,,0.0444804305055485,0.0,,,,,,True
seasonal_naive,post_covid,seasonal_naive,1,neighborhood,Far South,overall,0.98,IT98,174.42921640712913,53,0.0,0.0,0.0,1.0,0.0,52.0,,1.0,0.0,0.018867924528301886,0.0,0.0,,0.0,,0.9811320754716981,,0.01002707307502342,0.0,,,,,,True
seasonal_naive,post_covid,seasonal_naive,1,neighborhood,Far South,flu_season,,bands,,26,,,,,,,,,,,,,,,,,,,,,0.6923076923076923,0.8846153846153846,0.1513353115727003,0.3076923076923077,False
seasonal_naive,post_covid,seasonal_naive,1,neighborhood,Far South,flu_season,0.5,IT50,69.7066330370401,26,7.0,0.2692307692307692,5.0,5.0,2.0,14.0,0.7142857142857143,0.5,0.5,0.2631578947368421,0.4166666666666667,0.5882352941176471,0.4511278195488722,0.3973509933774834,0.4113063728303113,0.7307692307692307,1.4285714285714286,0.2399965555640317,0.19674556213017758,-0.21983211700214578,,,,,False
seasonal_naive,post_covid,seasonal_naive,1,neighborhood,Far South,flu_season,0.9,IT90,121.95949130896,26,0.0,0.0,0.0,4.0,0.0,22.0,,1.0,0.0,0.15384615384615385,0.0,0.0,,0.0,,0.8461538461538461,,0.0906713765918029,0.0,,,,,,True
seasonal_naive,post_covid,seasonal_naive,1,neighborhood,Far South,flu_season,0.98,IT98,174.42921640712913,26,0.0,0.0,0.0,1.0,0.0,25.0,,1.0,0.0,0.038461538461538464,0.0,0.0,,0.0,,0.9615384615384616,,0.02043980280672042,0.0,,,,,,True
seasonal_naive,post_covid,seasonal_naive,1,neighborhood,Far Southeast,overall,,bands,,53,,,,,,,,,,,,,,,,,,,,,0.8301886792452831,0.9433962264150944,0.1996060407091268,0.1320754716981132,False
seasonal_naive,post_covid,seasonal_naive,1,neighborhood,Far Southeast,overall,0.5,IT50,10.956265259525463,53,5.0,0.09433962264150944,2.0,5.0,3.0,43.0,0.4,0.7142857142857143,0.2857142857142857,0.10416666666666667,0.2,0.3333333333333333,0.29583333333333334,0.2508833922261484,0.2554022929868484,0.8490566037735849,1.4,0.1373547708621066,0.08543965824136704,-0.6076231306319058,,,,,False
seasonal_naive,post_covid,seasonal_naive,1,neighborhood,Far Southeast,overall,0.9,IT90,18.40391015194404,53,0.0,0.0,0.0,3.0,0.0,50.0,,1.0,0.0,0.05660377358490566,0.0,0.0,,0.0,,0.9433962264150944,,0.05273512886952382,0.0,,,,,,True
seasonal_naive,post_covid,seasonal_naive,1,neighborhood,Far Southeast,overall,0.98,IT98,25.644566505740826,53,0.0,0.0,0.0,2.0,0.0,51.0,,1.0,0.0,0.03773584905660377,0.0,0.0,,0.0,,0.9622641509433962,,0.023025225022500123,0.0,,,,,,True
seasonal_naive,post_covid,seasonal_naive,1,neighborhood,Far Southeast,flu_season,,bands,,26,,,,,,,,,,,,,,,,,,,,,0.6538461538461539,0.8846153846153846,0.1282798833819241,0.2692307692307692,False
seasonal_naive,post_covid,seasonal_naive,1,neighborhood,Far Southeast,flu_season,0.5,IT50,10.956265259525463,26,5.0,0.19230769230769232,2.0,5.0,3.0,16.0,0.4,0.7142857142857143,0.2857142857142857,0.23809523809523808,0.2,0.3333333333333333,0.16190476190476194,0.14049586776859505,0.14385615602720814,0.6923076923076923,1.4,0.2188666258534784,0.15532544378698226,-0.4090841816852513,,,,,False
seasonal_naive,post_covid,seasonal_naive,1,neighborhood,Far Southeast,flu_season,0.9,IT90,18.40391015194404,26,0.0,0.0,0.0,3.0,0.0,23.0,,1.0,0.0,0.11538461538461539,0.0,0.0,,0.0,,0.8846153846153846,,0.09660987583210391,0.0,,,,,,True
seasonal_naive,post_covid,seasonal_naive,1,neighborhood,Far Southeast,flu_season,0.98,IT98,25.644566505740826,26,0.0,0.0,0.0,2.0,0.0,24.0,,1.0,0.0,0.07692307692307693,0.0,0.0,,0.0,,0.9230769230769231,,0.045337086312319703,0.0,,,,,,True
seasonal_naive,post_covid,seasonal_naive,1,neighborhood,Far Southwest,overall,,bands,,53,,,,,,,,,,,,,,,,,,,,,0.7924528301886793,0.9245283018867925,0.05577072037180508,0.16981132075471697,False
seasonal_naive,post_covid,seasonal_naive,1,neighborhood,Far Southwest,overall,0.5,IT50,34.041053932580134,53,5.0,0.09433962264150944,2.0,8.0,3.0,40.0,0.4,0.8,0.2,0.16666666666666666,0.15384615384615385,0.26666666666666666,0.23333333333333336,0.16115107913669063,0.17432038578211329,0.7924528301886793,2.0,0.12315773158365714,0.08543965824136704,-0.44145861674372044,,,,,False
seasonal_naive,post_covid,seasonal_naive,1,neighborhood,Far Southwest,overall,0.9,IT90,54.68112356483704,53,0.0,0.0,0.0,4.0,0.0,49.0,,1.0,0.0,0.07547169811320754,0.0,0.0,,0.0,,0.9245283018867925,,0.03956300796349506,0.0,,,,,,True
seasonal_naive,post_covid,seasonal_naive,1,neighborhood,Far Southwest,overall,0.98,IT98,74.04650918881951,53,0.0,0.0,0.0,0.0,0.0,53.0,,,,0.0,,,,,,1.0,,0.011845209865896919,0.0,,,,,,True
seasonal_naive,post_covid,seasonal_naive,1,neighborhood,Far Southwest,flu_season,,bands,,26,,,,,,,,,,,,,,,,,,,,,0.5769230769230769,0.8461538461538461,-0.06405693950177938,0.34615384615384615,False
seasonal_naive,post_covid,seasonal_naive,1,neighborhood,Far Southwest,flu_season,0.5,IT50,34.041053932580134,26,5.0,0.19230769230769232,2.0,8.0,3.0,13.0,0.4,0.8,0.2,0.38095238095238093,0.15384615384615385,0.26666666666666666,0.01904761904761909,0.013793103448275862,0.015430334996209192,0.5769230769230769,2.0,0.24491026708938152,0.15532544378698226,-0.5767556243087799,,,,,False
seasonal_naive,post_covid,seasonal_naive,1,neighborhood,Far Southwest,flu_season,0.9,IT90,54.68112356483704,26,0.0,0.0,0.0,4.0,0.0,22.0,,1.0,0.0,0.15384615384615385,0.0,0.0,,0.0,,0.8461538461538461,,0.08061265289823648,0.0,,,,,,True
seasonal_naive,post_covid,seasonal_naive,1,neighborhood,Far Southwest,flu_season,0.98,IT98,74.04650918881951,26,0.0,0.0,0.0,0.0,0.0,26.0,,,,0.0,,,,,,1.0,,0.02414596063592819,0.0,,,,,,True
seasonal_naive,post_covid,seasonal_naive,1,neighborhood,Hilliard,overall,,bands,,53,,,,,,,,,,,,,,,,,,,,,0.7924528301886793,0.9433962264150944,0.07665505226480829,0.09433962264150944,False
seasonal_naive,post_covid,seasonal_naive,1,neighborhood,Hilliard,overall,0.5,IT50,19.24134804712757,53,8.0,0.1509433962264151,3.0,6.0,5.0,39.0,0.375,0.6666666666666666,0.3333333333333333,0.13333333333333333,0.21428571428571427,0.35294117647058826,0.24166666666666667,0.22985468956406868,0.2304201257343515,0.7924528301886793,1.125,0.13495385406614474,0.12815948736205057,-0.053014933532779196,,,,,False
seasonal_naive,post_covid,seasonal_naive,1,neighborhood,Hilliard,overall,0.9,IT90,34.52709434950146,53,0.0,0.0,0.0,3.0,0.0,50.0,,1.0,0.0,0.05660377358490566,0.0,0.0,,0.0,,0.9433962264150944,,0.0391506150965233,0.0,,,,,,True
seasonal_naive,post_covid,seasonal_naive,1,neighborhood,Hilliard,overall,0.98,IT98,50.186768532537315,53,0.0,0.0,0.0,1.0,0.0,52.0,,1.0,0.0,0.018867924528301886,0.0,0.0,,0.0,,0.9811320754716981,,0.011019644473004877,0.0,,,,,,True
seasonal_naive,post_covid,seasonal_naive,1,neighborhood,Hilliard,flu_season,,bands,,26,,,,,,,,,,,,,,,,,,,,,0.5769230769230769,0.8846153846153846,-0.08695652173913038,0.19230769230769232,False
seasonal_naive,post_covid,seasonal_naive,1,neighborhood,Hilliard,flu_season,0.5,IT50,19.24134804712757,26,8.0,0.3076923076923077,3.0,6.0,5.0,12.0,0.375,0.6666666666666666,0.3333333333333333,0.3333333333333333,0.21428571428571427,0.35294117647058826,0.041666666666666685,0.040268456375838924,0.040422604172722164,0.5769230769230769,1.125,0.2371628484770113,0.21301775147928986,-0.11334781646152559,,,,,False
seasonal_naive,post_covid,seasonal_naive,1,neighborhood,Hilliard,flu_season,0.9,IT90,34.52709434950146,26,0.0,0.0,0.0,3.0,0.0,23.0,,1.0,0.0,0.11538461538461539,0.0,0.0,,0.0,,0.8846153846153846,,0.07764593095166215,0.0,,,,,,True
seasonal_naive,post_covid,seasonal_naive,1,neighborhood,Hilliard,flu_season,0.98,IT98,50.186768532537315,26,0.0,0.0,0.0,1.0,0.0,25.0,,1.0,0.0,0.038461538461538464,0.0,0.0,,0.0,,0.9615384615384616,,0.022405257703905727,0.0,,,,,,True
seasonal_naive,post_covid,seasonal_naive,1,neighborhood,Linden,overall,,bands,,53,,,,,,,,,,,,,,,,,,,,,0.8301886792452831,0.9433962264150944,0.15756738078783705,0.1320754716981132,False
seasonal_naive,post_covid,seasonal_naive,1,neighborhood,Linden,overall,0.5,IT50,53.62727596624066,53,7.0,0.1320754716981132,4.0,6.0,3.0,40.0,0.5714285714285714,0.6,0.4,0.13043478260869565,0.3076923076923077,0.47058823529411764,0.4409937888198757,0.3731931668856767,0.38161565351231785,0.8301886792452831,1.4285714285714286,0.10912714418436963,0.1146315414738341,0.04801817386989349,,,,,False
seasonal_naive,post_covid,seasonal_naive,1,neighborhood,Linden,overall,0.9,IT90,82.61523156370409,53,0.0,0.0,0.0,3.0,0.0,50.0,,1.0,0.0,0.05660377358490566,0.0,0.0,,0.0,,0.9433962264150944,,0.03168332873074105,0.0,,,,,,True
seasonal_naive,post_covid,seasonal_naive,1,neighborhood,Linden,overall,0.98,IT98,108.92078323683364,53,0.0,0.0,0.0,1.0,0.0,52.0,,1.0,0.0,0.018867924528301886,0.0,0.0,,0.0,,0.9811320754716981,,0.010109153634951303,0.0,,,,,,True
seasonal_naive,post_covid,seasonal_naive,1,neighborhood,Linden,flu_season,,bands,,26,,,,,,,,,,,,,,,,,,,,,0.6538461538461539,0.8846153846153846,0.01967213114754096,0.2692307692307692,False
seasonal_naive,post_covid,seasonal_naive,1,neighborhood,Linden,flu_season,0.5,IT50,53.62727596624066,26,7.0,0.2692307692307692,4.0,6.0,3.0,13.0,0.5714285714285714,0.6,0.4,0.3157894736842105,0.3076923076923077,0.47058823529411764,0.2556390977443609,0.2251655629139073,0.23307361127050974,0.6538461538461539,1.4285714285714286,0.21524104165757024,0.19674556213017758,-0.09400709895125892,,,,,False
seasonal_naive,post_covid,seasonal_naive,1,neighborhood,Linden,flu_season,0.9,IT90,82.61523156370409,26,0.0,0.0,0.0,3.0,0.0,23.0,,1.0,0.0,0.11538461538461539,0.0,0.0,,0.0,,0.8846153846153846,,0.06450597067052734,0.0,,,,,,True
seasonal_naive,post_covid,seasonal_naive,1,neighborhood,Linden,flu_season,0.98,IT98,108.92078323683364,26,0.0,0.0,0.0,1.0,0.0,25.0,,1.0,0.0,0.038461538461538464,0.0,0.0,,0.0,,0.9615384615384616,,0.02060690311513398,0.0,,,,,,True
seasonal_naive,post_covid,seasonal_naive,1,neighborhood,NE Suburban,overall,,bands,,53,,,,,,,,,,,,,,,,,,,,,0.8301886792452831,0.9056603773584906,0.14847645429362888,0.1320754716981132,False
seasonal_naive,post_covid,seasonal_naive,1,neighborhood,NE Suburban,overall,0.5,IT50,27.312493683860776,53,5.0,0.09433962264150944,2.0,5.0,3.0,43.0,0.4,0.7142857142857143,0.2857142857142857,0.10416666666666667,0.2,0.3333333333333333,0.29583333333333334,0.2508833922261484,0.2554022929868484,0.8490566037735849,1.4,0.10478788800754471,0.08543965824136704,-0.22645490588830453,,,,,False
seasonal_naive,post_covid,seasonal_naive,1,neighborhood,NE Suburban,overall,0.9,IT90,41.22759712033061,53,1.0,0.018867924528301886,0.0,4.0,1.0,48.0,0.0,1.0,0.0,0.07692307692307693,0.0,0.0,-0.07692307692307693,-0.0311284046692607,-0.03962144258751637,0.9056603773584906,4.0,0.05358505633659471,0.018511925952296185,-1.894623524028742,,,,,True
seasonal_naive,post_covid,seasonal_naive,1,neighborhood,NE Suburban,overall,0.98,IT98,53.6511443833241,53,0.0,0.0,0.0,2.0,0.0,51.0,,1.0,0.0,0.03773584905660377,0.0,0.0,,0.0,,0.9622641509433962,,0.01938021268055968,0.0,,,,,,True
seasonal_naive,post_covid,seasonal_naive,1,neighborhood,NE Suburban,flu_season,,bands,,26,,,,,,,,,,,,,,,,,,,,,0.6538461538461539,0.8076923076923077,0.0645161290322579,0.2692307692307692,False
seasonal_naive,post_covid,seasonal_naive,1,neighborhood,NE Suburban,flu_season,0.5,IT50,27.312493683860776,26,5.0,0.19230769230769232,2.0,5.0,3.0,16.0,0.4,0.7142857142857143,0.2857142857142857,0.23809523809523808,0.2,0.3333333333333333,0.16190476190476194,0.14049586776859505,0.14385615602720814,0.6923076923076923,1.4,0.19665197652606242,0.15532544378698226,-0.2660641536344588,,,,,False
seasonal_naive,post_covid,seasonal_naive,1,neighborhood,NE Suburban,flu_season,0.9,IT90,41.22759712033061,26,1.0,0.038461538461538464,0.0,4.0,1.0,21.0,0.0,1.0,0.0,0.16,0.0,0.0,-0.16,-0.06557377049180328,-0.08528028654224416,0.8076923076923077,4.0,0.10846459112105591,0.036982248520710054,-1.9328825439133523,,,,,True
seasonal_naive,post_covid,seasonal_naive,1,neighborhood,NE Suburban,flu_season,0.98,IT98,53.6511443833241,26,0.0,0.0,0.0,2.0,0.0,24.0,,1.0,0.0,0.07692307692307693,0.0,0.0,,0.0,,0.9230769230769231,,0.03948308053551476,0.0,,,,,,True
seasonal_naive,post_covid,seasonal_naive,1,neighborhood,Northland,overall,,bands,,53,,,,,,,,,,,,,,,,,,,,,0.7924528301886793,0.9433962264150944,-0.0037878787878786735,0.11320754716981132,False
seasonal_naive,post_covid,seasonal_naive,1,neighborhood,Northland,overall,0.5,IT50,56.127661353876796,53,5.0,0.09433962264150944,1.0,7.0,4.0,41.0,0.2,0.875,0.125,0.14583333333333334,0.08333333333333333,0.15384615384615385,0.05416666666666667,0.042692939244663386,0.04422689813358516,0.7924528301886793,1.6,0.13723614533769501,0.08543965824136704,-0.6062347177232721,,,,,False
seasonal_naive,post_covid,seasonal_naive,1,neighborhood,Northland,overall,0.9,IT90,89.91407794411414,53,0.0,0.0,0.0,3.0,0.0,50.0,,1.0,0.0,0.05660377358490566,0.0,0.0,,0.0,,0.9433962264150944,,0.03642441196474344,0.0,,,,,,True
seasonal_naive,post_covid,seasonal_naive,1,neighborhood,Northland,overall,0.98,IT98,121.54516325409915,53,0.0,0.0,0.0,0.0,0.0,53.0,,,,0.0,,,,,,1.0,,0.007900873325067129,0.0,,,,,,True
seasonal_naive,post_covid,seasonal_naive,1,neighborhood,Northland,flu_season,,bands,,26,,,,,,,,,,,,,,,,,,,,,0.5769230769230769,0.8846153846153846,-0.12554112554112562,0.23076923076923078,False
seasonal_naive,post_covid,seasonal_naive,1,neighborhood,Northland,flu_season,0.5,IT50,56.127661353876796,26,5.0,0.19230769230769232,1.0,7.0,4.0,14.0,0.2,0.875,0.125,0.3333333333333333,0.08333333333333333,0.15384615384615385,-0.1333333333333333,-0.10852713178294573,-0.1138550085106622,0.5769230769230769,1.6,0.26340798671125254,0.15532544378698226,-0.6958457049219686,,,,,False
seasonal_naive,post_covid,seasonal_naive,1,neighborhood,Northland,flu_season,0.9,IT90,89.91407794411414,26,0.0,0.0,0.0,3.0,0.0,23.0,,1.0,0.0,0.11538461538461539,0.0,0.0,,0.0,,0.8846153846153846,,0.07395343382325971,0.0,,,,,,True
seasonal_naive,post_covid,seasonal_naive,1,neighborhood,Northland,flu_season,0.98,IT98,121.54516325409915,26,0.0,0.0,0.0,0.0,0.0,26.0,,,,0.0,,,,,,1.0,,0.016104129907625615,0.0,,,,,,True
seasonal_naive,post_covid,seasonal_naive,1,neighborhood,UA/Grandview,overall,,bands,,53,,,,,,,,,,,,,,,,,,,,,0.7735849056603774,0.9245283018867925,-0.09466437177280529,0.11320754716981132,False
seasonal_naive,post_covid,seasonal_naive,1,neighborhood,UA/Grandview,overall,0.5,IT50,8.143164584776198,53,5.0,0.09433962264150944,0.0,7.0,5.0,41.0,0.0,1.0,0.0,0.14583333333333334,0.0,0.0,-0.14583333333333334,-0.12367491166077739,-0.12590253879633373,0.7735849056603774,1.4,0.1622078962059315,0.08543965824136704,-0.8985082518435901,,,,,False
seasonal_naive,post_covid,seasonal_naive,1,neighborhood,UA/Grandview,overall,0.9,IT90,16.706142473783938,53,0.0,0.0,0.0,4.0,0.0,49.0,,1.0,0.0,0.07547169811320754,0.0,0.0,,0.0,,0.9245283018867925,,0.04254383559044036,0.0,,,,,,True
seasonal_naive,post_covid,seasonal_naive,1,neighborhood,UA/Grandview,overall,0.98,IT98,26.455007113900507,53,0.0,0.0,0.0,0.0,0.0,53.0,,,,0.0,,,,,,1.0,,0.014097578824116542,0.0,,,,,,True
seasonal_naive,post_covid,seasonal_naive,1,neighborhood,UA/Grandview,flu_season,,bands,,26,,,,,,,,,,,,,,,,,,,,,0.5384615384615384,0.8461538461538461,-0.21400778210116722,0.23076923076923078,False
seasonal_naive,post_covid,seasonal_naive,1,neighborhood,UA/Grandview,flu_season,0.5,IT50,8.143164584776198,26,5.0,0.19230769230769232,0.0,7.0,5.0,14.0,0.0,1.0,0.0,0.3333333333333333,0.0,0.0,-0.3333333333333333,-0.2892561983471074,-0.2961744388795462,0.5384615384615384,1.4,0.27953191027280966,0.15532544378698226,-0.799653060423041,,,,,False
seasonal_naive,post_covid,seasonal_naive,1,neighborhood,UA/Grandview,flu_season,0.9,IT90,16.706142473783938,26,0.0,0.0,0.0,4.0,0.0,22.0,,1.0,0.0,0.15384615384615385,0.0,0.0,,0.0,,0.8461538461538461,,0.08338319435100573,0.0,,,,,,True
seasonal_naive,post_covid,seasonal_naive,1,neighborhood,UA/Grandview,flu_season,0.98,IT98,26.455007113900507,26,0.0,0.0,0.0,0.0,0.0,26.0,,,,0.0,,,,,,1.0,,0.02866825875497767,0.0,,,,,,True
seasonal_naive,post_covid,seasonal_naive,1,neighborhood,West,overall,,bands,,53,,,,,,,,,,,,,,,,,,,,,0.8490566037735849,0.9245283018867925,0.025018395879323085,0.16981132075471697,False
seasonal_naive,post_covid,seasonal_naive,1,neighborhood,West,overall,0.5,IT50,73.15037971354549,53,3.0,0.05660377358490566,1.0,6.0,2.0,44.0,0.3333333333333333,0.8571428571428571,0.14285714285714285,0.12,0.1111111111111111,0.2,0.21333333333333332,0.13114754098360656,0.14560504166185284,0.8490566037735849,2.3333333333333335,0.11273629043273292,0.05339978640085441,-1.1111749321703113,,,,,True
seasonal_naive,post_covid,seasonal_naive,1,neighborhood,West,overall,0.9,IT90,114.1022318647041,53,0.0,0.0,0.0,4.0,0.0,49.0,,1.0,0.0,0.07547169811320754,0.0,0.0,,0.0,,0.9245283018867925,,0.0407443273589136,0.0,,,,,,True
seasonal_naive,post_covid,seasonal_naive,1,neighborhood,West,overall,0.98,IT98,151.63555393306305,53,0.0,0.0,0.0,1.0,0.0,52.0,,1.0,0.0,0.018867924528301886,0.0,0.0,,0.0,,0.9811320754716981,,0.014594890487525413,0.0,,,,,,True
seasonal_naive,post_covid,seasonal_naive,1,neighborhood,West,flu_season,,bands,,26,,,,,,,,,,,,,,,,,,,,,0.6923076923076923,0.8461538461538461,-0.03174603174603163,0.34615384615384615,False
seasonal_naive,post_covid,seasonal_naive,1,neighborhood,West,flu_season,0.5,IT50,73.15037971354549,26,3.0,0.11538461538461539,1.0,6.0,2.0,17.0,0.3333333333333333,0.8571428571428571,0.14285714285714285,0.2608695652173913,0.1111111111111111,0.2,0.07246376811594202,0.045871559633027525,0.052193886700168265,0.6923076923076923,2.3333333333333335,0.2276811003757813,0.10207100591715977,-1.230614838464176,,,,,True
seasonal_naive,post_covid,seasonal_naive,1,neighborhood,West,flu_season,0.9,IT90,114.1022318647041,26,0.0,0.0,0.0,4.0,0.0,22.0,,1.0,0.0,0.15384615384615385,0.0,0.0,,0.0,,0.8461538461538461,,0.08304833412557236,0.0,,,,,,True
seasonal_naive,post_covid,seasonal_naive,1,neighborhood,West,flu_season,0.98,IT98,151.63555393306305,26,0.0,0.0,0.0,1.0,0.0,25.0,,1.0,0.0,0.038461538461538464,0.0,0.0,,0.0,,0.9615384615384616,,0.029751120711076433,0.0,,,,,,True
seasonal_naive,post_covid,seasonal_naive,1,neighborhood,Westerville,overall,,bands,,53,,,,,,,,,,,,,,,,,,,,,0.8490566037735849,0.9433962264150944,0.4727911059098888,0.09433962264150944,False
seasonal_naive,post_covid,seasonal_naive,1,neighborhood,Westerville,overall,0.5,IT50,24.33364195874595,53,7.0,0.1320754716981132,6.0,4.0,1.0,42.0,0.8571428571428571,0.4,0.6,0.08695652173913043,0.5454545454545454,0.7058823529411765,0.7701863354037266,0.6517739816031537,0.6664836765567241,0.9056603773584906,1.4285714285714286,0.10594037304374682,0.1146315414738341,0.07581829850967448,,,,,False
seasonal_naive,post_covid,seasonal_naive,1,neighborhood,Westerville,overall,0.9,IT90,36.408491039457616,53,2.0,0.03773584905660377,0.0,3.0,2.0,48.0,0.0,1.0,0.0,0.058823529411764705,0.0,0.0,-0.058823529411764705,-0.04743083003952569,-0.048507125007266595,0.9056603773584906,1.5,0.060219185880499265,0.03631185475258099,-0.658389148414926,,,,,True
seasonal_naive,post_covid,seasonal_naive,1,neighborhood,Westerville,overall,0.98,IT98,47.11324141772458,53,0.0,0.0,0.0,1.0,0.0,52.0,,1.0,0.0,0.018867924528301886,0.0,0.0,,0.0,,0.9811320754716981,,0.019054339259879562,0.0,,,,,,True
seasonal_naive,post_covid,seasonal_naive,1,neighborhood,Westerville,flu_season,,bands,,26,,,,,,,,,,,,,,,,,,,,,0.6923076923076923,0.8846153846153846,0.3774647887323942,0.19230769230769232,False
seasonal_naive,post_covid,seasonal_naive,1,neighborhood,Westerville,flu_season,0.5,IT50,24.33364195874595,26,7.0,0.2692307692307692,6.0,4.0,1.0,15.0,0.8571428571428571,0.4,0.6,0.21052631578947367,0.5454545454545454,0.7058823529411765,0.6466165413533834,0.5695364238410596,0.5895391343901129,0.8076923076923077,1.4285714285714286,0.18104598524636512,0.19674556213017758,0.07979634566509186,,,,,False
seasonal_naive,post_covid,seasonal_naive,1,neighborhood,Westerville,flu_season,0.9,IT90,36.408491039457616,26,2.0,0.07692307692307693,0.0,3.0,2.0,21.0,0.0,1.0,0.0,0.125,0.0,0.0,-0.125,-0.1016949152542373,-0.10425720702853737,0.8076923076923077,1.5,0.11915587386520757,0.07100591715976333,-0.6781118902683396,,,,,True
seasonal_naive,post_covid,seasonal_naive,1,neighborhood,Westerville,flu_season,0.98,IT98,47.11324141772458,26,0.0,0.0,0.0,1.0,0.0,25.0,,1.0,0.0,0.038461538461538464,0.0,0.0,,0.0,,0.9615384615384616,,0.03854764902767938,0.0,,,,,,True
seasonal_naive,post_covid,seasonal_naive,1,neighborhood,Worthington,overall,,bands,,53,,,,,,,,,,,,,,,,,,,,,0.7547169811320755,0.9433962264150944,0.46901669758812614,-0.16981132075471697,False
seasonal_naive,post_covid,seasonal_naive,1,neighborhood,Worthington,overall,0.5,IT50,13.721631551906164,53,16.0,0.3018867924528302,9.0,1.0,7.0,36.0,0.5625,0.1,0.9,0.02702702702702703,0.5294117647058824,0.6923076923076923,0.535472972972973,0.5992438563327032,0.628295835430739,0.8490566037735849,0.625,0.156318807765361,0.21075115699537203,0.25827781923496784,,,,,False
seasonal_naive,post_covid,seasonal_naive,1,neighborhood,Worthington,overall,0.9,IT90,22.978569674557114,53,5.0,0.09433962264150944,1.0,3.0,4.0,45.0,0.2,0.75,0.25,0.0625,0.125,0.2222222222222222,0.1375,0.15102974828375287,0.15215291717243423,0.8679245283018868,0.8,0.07988556986509407,0.08543965824136704,0.06500597603729485,,,,,False
seasonal_naive,post_covid,seasonal_naive,1,neighborhood,Worthington,overall,0.98,IT98,31.956357603850087,53,2.0,0.03773584905660377,0.0,0.0,2.0,51.0,0.0,,,0.0,0.0,0.0,0.0,0.0,,0.9622641509433962,0.0,0.04820539609803038,0.03631185475258099,-0.3275388003859543,,,,,True
seasonal_naive,post_covid,seasonal_naive,1,neighborhood,Worthington,flu_season,,bands,,26,,,,,,,,,,,,,,,,,,,,,0.5769230769230769,0.8846153846153846,0.3486973947895792,-0.2692307692307692,False
seasonal_naive,post_covid,seasonal_naive,1,neighborhood,Worthington,flu_season,0.5,IT50,13.721631551906164,26,14.0,0.5384615384615384,9.0,1.0,5.0,11.0,0.6428571428571429,0.1,0.9,0.08333333333333333,0.6,0.75,0.5595238095238095,0.5465116279069767,0.5733412928572633,0.7692307692307693,0.7142857142857143,0.22655873927321996,0.24852071005917165,0.08837078721013891,,,,,False
seasonal_naive,post_covid,seasonal_naive,1,neighborhood,Worthington,flu_season,0.9,IT90,22.978569674557114,26,5.0,0.19230769230769232,1.0,3.0,4.0,18.0,0.2,0.75,0.25,0.14285714285714285,0.125,0.2222222222222222,0.05714285714285716,0.061855670103092786,0.062418778393235924,0.7307692307692307,0.8,0.15424066082000254,0.15532544378698226,0.006983936054078987,,,,,False
seasonal_naive,post_covid,seasonal_naive,1,neighborhood,Worthington,flu_season,0.98,IT98,31.956357603850087,26,2.0,0.07692307692307693,0.0,0.0,2.0,24.0,0.0,,,0.0,0.0,0.0,0.0,0.0,,0.9230769230769231,0.0,0.09742008553058445,0.07100591715976333,-0.37199953788906415,,,,,True
xgboost,post_covid,xgboost,1,citywide,CITYWIDE,overall,,bands,,53,,,,,,,,,,,,,,,,,,,,,0.9056603773584906,1.0,0.5648604269293924,-0.05660377358490566,False
xgboost,post_covid,xgboost,1,citywide,CITYWIDE,overall,0.5,IT50,35.19412725226089,53,8.0,0.1509433962264151,4.0,1.0,4.0,44.0,0.5,0.2,0.8,0.022222222222222223,0.4444444444444444,0.6153846153846154,0.4777777777777778,0.5648604269293924,0.5851558829982036,0.9056603773584906,0.625,0.06551012863291052,0.12815948736205057,0.48883902408376223,,,,,False
xgboost,post_covid,xgboost,1,citywide,CITYWIDE,overall,0.9,IT90,56.071415152332634,53,0.0,0.0,0.0,0.0,0.0,53.0,,,,0.0,,,,,,1.0,,0.0005763771731890581,0.0,,,,,,True
xgboost,post_covid,xgboost,1,citywide,CITYWIDE,overall,0.98,IT98,75.53173152268305,53,0.0,0.0,0.0,0.0,0.0,53.0,,,,0.0,,,,,,1.0,,1.9660070810262426e-07,0.0,,,,,,True
xgboost,post_covid,xgboost,1,citywide,CITYWIDE,flu_season,,bands,,26,,,,,,,,,,,,,,,,,,,,,0.8076923076923077,1.0,0.49612403100775193,-0.11538461538461539,False
xgboost,post_covid,xgboost,1,citywide,CITYWIDE,flu_season,0.5,IT50,35.19412725226089,26,8.0,0.3076923076923077,4.0,1.0,4.0,17.0,0.5,0.2,0.8,0.05555555555555555,0.4444444444444444,0.6153846153846154,0.4444444444444444,0.49612403100775193,0.5204800389058843,0.8076923076923077,0.625,0.13353386969451694,0.2130177514792899,0.37313266726740646,,,,,False
xgboost,post_covid,xgboost,1,citywide,CITYWIDE,flu_season,0.9,IT90,56.071415152332634,26,0.0,0.0,0.0,0.0,0.0,26.0,,,,0.0,,,,,,1.0,,0.0011749226991872646,0.0,,,,,,True
xgboost,post_covid,xgboost,1,citywide,CITYWIDE,flu_season,0.98,IT98,75.53173152268305,26,0.0,0.0,0.0,0.0,0.0,26.0,,,,0.0,,,,,,1.0,,4.007629819015033e-07,0.0,,,,,,True
xgboost,post_covid,xgboost,1,pooled,ALL,overall,,bands,,901,,,,,,,,,,,,,,,,,,,,,0.8801331853496115,0.9877913429522752,0.44108766293787316,-0.07214206437291898,False
xgboost,post_covid,xgboost,1,pooled,ALL,overall,0.5,IT50,,901,118.0,0.1309655937846837,43.0,20.0,75.0,763.0,0.3644067796610169,0.31746031746031744,0.6825396825396826,0.02554278416347382,0.3115942028985507,0.47513812154696133,0.3388639954975431,0.4224865565098878,0.4482858470733836,0.8945615982241953,0.5338983050847458,0.07446226404900437,0.11381360702930893,0.34575253352765567,,,,,False
xgboost,post_covid,xgboost,1,pooled,ALL,overall,0.9,IT90,,901,17.0,0.018867924528301886,2.0,5.0,15.0,879.0,0.11764705882352941,0.7142857142857143,0.2857142857142857,0.005656108597285068,0.09090909090909091,0.16666666666666666,0.11199095022624435,0.1573926868044515,0.17354645361206486,0.9778024417314095,0.4117647058823529,0.017324904812906345,0.01851192595229619,0.06412196885665522,,,,,False
xgboost,post_covid,xgboost,1,pooled,ALL,overall,0.98,IT98,,901,4.0,0.004439511653718091,1.0,3.0,3.0,894.0,0.25,0.75,0.25,0.0033444816053511705,0.14285714285714285,0.25,0.24665551839464883,0.24665551839464883,0.24665551839464883,0.9933407325194229,1.0,0.006496086884777515,0.004419802389994593,-0.46976862573836975,,,,,True
xgboost,post_covid,xgboost,1,pooled,ALL,flu_season,,bands,,442,,,,,,,,,,,,,,,,,,,,,0.7647058823529411,0.9751131221719457,0.3970378069377678,-0.13800904977375567,False
xgboost,post_covid,xgboost,1,pooled,ALL,flu_season,0.5,IT50,,442,114.0,0.2579185520361991,43.0,20.0,71.0,308.0,0.37719298245614036,0.31746031746031744,0.6825396825396826,0.06097560975609756,0.3208955223880597,0.4858757062146893,0.3162173727000428,0.3702520745263817,0.39571744270290277,0.7941176470588235,0.5526315789473685,0.14048170062251691,0.19139657255174955,0.26601767863667647,,,,,False
xgboost,post_covid,xgboost,1,pooled,ALL,flu_season,0.9,IT90,,442,17.0,0.038461538461538464,2.0,5.0,15.0,420.0,0.11764705882352941,0.7142857142857143,0.2857142857142857,0.011764705882352941,0.09090909090909091,0.16666666666666666,0.10588235294117647,0.14754098360655737,0.1630980846658687,0.9547511312217195,0.4117647058823529,0.0352959267840352,0.03698224852071006,0.04559813975968818,,,,,False
xgboost,post_covid,xgboost,1,pooled,ALL,flu_season,0.98,IT98,,442,4.0,0.00904977375565611,1.0,3.0,3.0,435.0,0.25,0.75,0.25,0.00684931506849315,0.14285714285714285,0.25,0.24315068493150685,0.24315068493150685,0.24315068493150685,0.9864253393665159,1.0,0.013241993330032781,0.008967875350627548,-0.4766031877445913,,,,,True
xgboost,post_covid,xgboost,1,neighborhood,Agler/Cassidy,overall,,bands,,53,,,,,,,,,,,,,,,,,,,,,0.9433962264150944,1.0,0.6394557823129252,-0.05660377358490566,False
xgboost,post_covid,xgboost,1,neighborhood,Agler/Cassidy,overall,0.5,IT50,51.74083078339265,53,6.0,0.11320754716981132,3.0,0.0,3.0,47.0,0.5,0.0,1.0,0.0,0.5,0.6666666666666666,0.5,0.6394557823129252,0.6855654600401044,0.9433962264150944,0.5,0.045805204846989925,0.10039159843360627,0.5437346793787423,,,,,False
xgboost,post_covid,xgboost,1,neighborhood,Agler/Cassidy,overall,0.9,IT90,88.48740693700204,53,0.0,0.0,0.0,0.0,0.0,53.0,,,,0.0,,,,,,1.0,,0.00022367810962983174,0.0,,,,,,True
xgboost,post_covid,xgboost,1,neighborhood,Agler/Cassidy,overall,0.98,IT98,124.72586226376617,53,0.0,0.0,0.0,0.0,0.0,53.0,,,,0.0,,,,,,1.0,,7.286235770411884e-10,0.0,,,,,,True
xgboost,post_covid,xgboost,1,neighborhood,Agler/Cassidy,flu_season,,bands,,26,,,,,,,,,,,,,,,,,,,,,0.8846153846153846,1.0,0.6060606060606061,-0.11538461538461539,False
xgboost,post_covid,xgboost,1,neighborhood,Agler/Cassidy,flu_season,0.5,IT50,51.74083078339265,26,6.0,0.23076923076923078,3.0,0.0,3.0,20.0,0.5,0.0,1.0,0.0,0.5,0.6666666666666666,0.5,0.6060606060606061,0.6593804733957871,0.8846153846153846,0.5,0.09337073606065467,0.17751479289940827,0.4740115201916453,,,,,False
xgboost,post_covid,xgboost,1,neighborhood,Agler/Cassidy,flu_season,0.9,IT90,88.48740693700204,26,0.0,0.0,0.0,0.0,0.0,26.0,,,,0.0,,,,,,1.0,,0.00045595922347619553,0.0,,,,,,True
xgboost,post_covid,xgboost,1,neighborhood,Agler/Cassidy,flu_season,0.98,IT98,124.72586226376617,26,0.0,0.0,0.0,0.0,0.0,26.0,,,,0.0,,,,,,1.0,,1.4852711378147302e-09,0.0,,,,,,True
xgboost,post_covid,xgboost,1,neighborhood,Bexley,overall,,bands,,53,,,,,,,,,,,,,,,,,,,,,0.8679245283018868,0.9622641509433962,0.08092485549132944,-0.18867924528301888,False
xgboost,post_covid,xgboost,1,neighborhood,Bexley,overall,0.5,IT50,24.605454693531783,53,8.0,0.1509433962264151,1.0,0.0,7.0,45.0,0.125,0.0,1.0,0.0,0.125,0.2222222222222222,0.125,0.19522776572668113,0.3288967572401359,0.8679245283018868,0.125,0.10091303937576798,0.12815948736205057,0.21259797887074383,,,,,False
xgboost,post_covid,xgboost,1,neighborhood,Bexley,overall,0.9,IT90,37.5430295506582,53,2.0,0.03773584905660377,0.0,0.0,2.0,51.0,0.0,,,0.0,0.0,0.0,0.0,0.0,,0.9622641509433962,0.0,0.03462924812036701,0.03631185475258099,0.046337666959696766,,,,,True
xgboost,post_covid,xgboost,1,neighborhood,Bexley,overall,0.98,IT98,49.19357270883574,53,1.0,0.018867924528301886,0.0,0.0,1.0,52.0,0.0,,,0.0,0.0,0.0,0.0,0.0,,0.9811320754716981,0.0,0.018689899190677668,0.018511925952296185,-0.009613977434876686,,,,,True
xgboost,post_covid,xgboost,1,neighborhood,Bexley,flu_season,,bands,,26,,,,,,,,,,,,,,,,,,,,,0.7692307692307693,0.9230769230769231,0.06751054852320659,-0.34615384615384615,False
xgboost,post_covid,xgboost,1,neighborhood,Bexley,flu_season,0.5,IT50,24.605454693531783,26,7.0,0.2692307692307692,1.0,0.0,6.0,19.0,0.14285714285714285,0.0,1.0,0.0,0.14285714285714285,0.25,0.14285714285714285,0.1958762886597938,0.3295017884191656,0.7692307692307693,0.14285714285714285,0.16724656556981282,0.19674556213017758,0.1499347494346358,,,,,False
xgboost,post_covid,xgboost,1,neighborhood,Bexley,flu_season,0.9,IT90,37.5430295506582,26,2.0,0.07692307692307693,0.0,0.0,2.0,24.0,0.0,,,0.0,0.0,0.0,0.0,0.0,,0.9230769230769231,0.0,0.07059039039900357,0.07100591715976333,0.0058520018807000085,,,,,True
xgboost,post_covid,xgboost,1,neighborhood,Bexley,flu_season,0.98,IT98,49.19357270883574,26,1.0,0.038461538461538464,0.0,0.0,1.0,25.0,0.0,,,0.0,0.0,0.0,0.0,0.0,,0.9615384615384616,0.0,0.03809864065791987,0.036982248520710054,-0.03018724339015333,,,,,True
xgboost,post_covid,xgboost,1,neighborhood,Clintonville/Near North,overall,,bands,,53,,,,,,,,,,,,,,,,,,,,,0.8301886792452831,0.9433962264150944,0.718417945690673,0.07547169811320754,False
xgboost,post_covid,xgboost,1,neighborhood,Clintonville/Near North,overall,0.5,IT50,15.728895715230147,53,11.0,0.20754716981132076,9.0,1.0,2.0,41.0,0.8181818181818182,0.1,0.9,0.023809523809523808,0.75,0.8571428571428571,0.7943722943722944,0.8219484882418813,0.8233999734998838,0.9433962264150944,0.9090909090909091,0.05678978520644256,0.1644713421146316,0.6547131890803093,,,,,False
xgboost,post_covid,xgboost,1,neighborhood,Clintonville/Near North,overall,0.9,IT90,22.099499115677975,53,4.0,0.07547169811320754,2.0,4.0,2.0,45.0,0.5,0.6666666666666666,0.3333333333333333,0.08163265306122448,0.25,0.4,0.41836734693877553,0.34024896265560167,0.3487877814455994,0.8867924528301887,1.5,0.07157992983293957,0.06977572089711641,-0.025857259697587898,,,,,True
xgboost,post_covid,xgboost,1,neighborhood,Clintonville/Near North,overall,0.98,IT98,27.469599865392972,53,1.0,0.018867924528301886,1.0,3.0,0.0,49.0,1.0,0.75,0.25,0.057692307692307696,0.25,0.4,0.9423076923076923,0.38132295719844356,0.4853626716970755,0.9433962264150944,4.0,0.05308291831201432,0.018511925952296185,-1.867498414200928,,,,,True
xgboost,post_covid,xgboost,1,neighborhood,Clintonville/Near North,flu_season,,bands,,26,,,,,,,,,,,,,,,,,,,,,0.6538461538461539,0.8846153846153846,0.6497005988023952,0.15384615384615385,False
xgboost,post_covid,xgboost,1,neighborhood,Clintonville/Near North,flu_season,0.5,IT50,15.728895715230147,26,11.0,0.4230769230769231,9.0,1.0,2.0,14.0,0.8181818181818182,0.1,0.9,0.06666666666666667,0.75,0.8571428571428571,0.7515151515151516,0.7607361963190185,0.7631672440718629,0.8846153846153846,0.9090909090909091,0.11452918491141896,0.24408284023668633,0.5307773999992773,,,,,False
xgboost,post_covid,xgboost,1,neighborhood,Clintonville/Near North,flu_season,0.9,IT90,22.099499115677975,26,4.0,0.15384615384615385,2.0,4.0,2.0,18.0,0.5,0.6666666666666666,0.3333333333333333,0.18181818181818182,0.25,0.4,0.3181818181818182,0.2641509433962264,0.27247463045653303,0.7692307692307693,1.5,0.14590573547590646,0.13017751479289943,-0.12082133161037212,,,,,True
xgboost,post_covid,xgboost,1,neighborhood,Clintonville/Near North,flu_season,0.98,IT98,27.469599865392972,26,1.0,0.038461538461538464,1.0,3.0,0.0,22.0,1.0,0.75,0.25,0.12,0.25,0.4,0.88,0.36065573770491804,0.4690415759823429,0.8846153846153846,4.0,0.1082074638761826,0.036982248520710054,-1.9259298232119781,,,,,True
xgboost,post_covid,xgboost,1,neighborhood,Dublin,overall,,bands,,53,,,,,,,,,,,,,,,,,,,,,0.7735849056603774,1.0,0.40671641791044755,0.0,False
xgboost,post_covid,xgboost,1,neighborhood,Dublin,overall,0.5,IT50,8.038849454818003,53,9.0,0.16981132075471697,4.0,5.0,5.0,39.0,0.4444444444444444,0.5555555555555556,0.4444444444444444,0.11363636363636363,0.2857142857142857,0.4444444444444444,0.3308080808080808,0.33080808080808083,0.33080808080808083,0.8113207547169812,1.0,0.11696595729820397,0.14097543609825564,0.17030966148824522,,,,,False
xgboost,post_covid,xgboost,1,neighborhood,Dublin,overall,0.9,IT90,14.1626396504559,53,1.0,0.018867924528301886,0.0,1.0,1.0,51.0,0.0,1.0,0.0,0.019230769230769232,0.0,0.0,-0.019230769230769232,-0.019230769230769232,-0.019230769230769232,0.9622641509433962,1.0,0.023327315264068164,0.018511925952296185,-0.26012362647629805,,,,,True
xgboost,post_covid,xgboost,1,neighborhood,Dublin,overall,0.98,IT98,20.345693253667104,53,0.0,0.0,0.0,0.0,0.0,53.0,,,,0.0,,,,,,1.0,,0.0023532864881092306,0.0,,,,,,True
xgboost,post_covid,xgboost,1,neighborhood,Dublin,flu_season,,bands,,26,,,,,,,,,,,,,,,,,,,,,0.5769230769230769,1.0,0.3157894736842105,0.038461538461538464,False
xgboost,post_covid,xgboost,1,neighborhood,Dublin,flu_season,0.5,IT50,8.038849454818003,26,8.0,0.3076923076923077,4.0,5.0,4.0,13.0,0.5,0.5555555555555556,0.4444444444444444,0.2777777777777778,0.3076923076923077,0.47058823529411764,0.2222222222222222,0.21476510067114093,0.21558722225451818,0.6538461538461539,1.125,0.1857749741984856,0.21301775147928986,0.127889704457109,,,,,False
xgboost,post_covid,xgboost,1,neighborhood,Dublin,flu_season,0.9,IT90,14.1626396504559,26,1.0,0.038461538461538464,0.0,1.0,1.0,24.0,0.0,1.0,0.0,0.04,0.0,0.0,-0.04,-0.04,-0.04,0.9230769230769231,1.0,0.047266036935840056,0.036982248520710054,-0.27807363874511526,,,,,True
xgboost,post_covid,xgboost,1,neighborhood,Dublin,flu_season,0.98,IT98,20.345693253667104,26,0.0,0.0,0.0,0.0,0.0,26.0,,,,0.0,,,,,,1.0,,0.004796603192347198,0.0,,,,,,True
xgboost,post_covid,xgboost,1,neighborhood,Eastside,overall,,bands,,53,,,,,,,,,,,,,,,,,,,,,0.8867924528301887,0.9811320754716981,0.24644549763033186,-0.05660377358490566,False
xgboost,post_covid,xgboost,1,neighborhood,Eastside,overall,0.5,IT50,53.89825474693718,53,6.0,0.11320754716981132,2.0,2.0,4.0,45.0,0.3333333333333333,0.5,0.5,0.0425531914893617,0.25,0.4,0.2907801418439716,0.34024896265560167,0.3487877814455994,0.8867924528301887,0.6666666666666666,0.07123835544341746,0.10039159843360627,0.2903952466646822,,,,,False
xgboost,post_covid,xgboost,1,neighborhood,Eastside,overall,0.9,IT90,89.53274062296502,53,1.0,0.018867924528301886,0.0,0.0,1.0,52.0,0.0,,,0.0,0.0,0.0,0.0,0.0,,0.9811320754716981,0.0,0.019228346504921782,0.018511925952296185,-0.03870048716010199,,,,,True
xgboost,post_covid,xgboost,1,neighborhood,Eastside,overall,0.98,IT98,123.87134674281285,53,0.0,0.0,0.0,0.0,0.0,53.0,,,,0.0,,,,,,1.0,,3.31022719333761e-09,0.0,,,,,,True
xgboost,post_covid,xgboost,1,neighborhood,Eastside,flu_season,,bands,,26,,,,,,,,,,,,,,,,,,,,,0.7692307692307693,0.9615384615384616,0.17021276595744683,-0.11538461538461539,False
xgboost,post_covid,xgboost,1,neighborhood,Eastside,flu_season,0.5,IT50,53.89825474693718,26,6.0,0.23076923076923078,2.0,2.0,4.0,18.0,0.3333333333333333,0.5,0.5,0.1,0.25,0.4,0.2333333333333333,0.2641509433962264,0.27247463045653303,0.7692307692307693,0.6666666666666666,0.14521662227298915,0.17751479289940827,0.18194636119549445,,,,,False
xgboost,post_covid,xgboost,1,neighborhood,Eastside,flu_season,0.9,IT90,89.53274062296502,26,1.0,0.038461538461538464,0.0,0.0,1.0,25.0,0.0,,,0.0,0.0,0.0,0.0,0.0,,0.9615384615384616,0.0,0.0391962447984944,0.036982248520710054,-0.05986645935128876,,,,,True
xgboost,post_covid,xgboost,1,neighborhood,Eastside,flu_season,0.98,IT98,123.87134674281285,26,0.0,0.0,0.0,0.0,0.0,26.0,,,,0.0,,,,,,1.0,,6.747770817188206e-09,0.0,,,,,,True
xgboost,post_covid,xgboost,1,neighborhood,Far East,overall,,bands,,53,,,,,,,,,,,,,,,,,,,,,0.9433962264150944,1.0,0.7093235831809872,-0.05660377358490566,False
xgboost,post_covid,xgboost,1,neighborhood,Far East,overall,0.5,IT50,76.01095931639992,53,5.0,0.09433962264150944,3.0,0.0,2.0,48.0,0.6,0.0,1.0,0.0,0.6,0.75,0.6,0.7309644670050761,0.7589466384404111,0.9622641509433962,0.6,0.037116045055954,0.08543965824136704,0.5655876226576051,,,,,False
xgboost,post_covid,xgboost,1,neighborhood,Far East,overall,0.9,IT90,119.58175049878095,53,1.0,0.018867924528301886,0.0,0.0,1.0,52.0,0.0,,,0.0,0.0,0.0,0.0,0.0,,0.9811320754716981,0.0,0.017215082145359124,0.018511925952296185,0.07005450487858089,,,,,True
xgboost,post_covid,xgboost,1,neighborhood,Far East,overall,0.98,IT98,159.7885780471188,53,0.0,0.0,0.0,0.0,0.0,53.0,,,,0.0,,,,,,1.0,,9.127322109660411e-08,0.0,,,,,,True
xgboost,post_covid,xgboost,1,neighborhood,Far East,flu_season,,bands,,26,,,,,,,,,,,,,,,,,,,,,0.8846153846153846,1.0,0.688,-0.11538461538461539,False
xgboost,post_covid,xgboost,1,neighborhood,Far East,flu_season,0.5,IT50,76.01095931639992,26,5.0,0.19230769230769232,3.0,0.0,2.0,21.0,0.6,0.0,1.0,0.0,0.6,0.75,0.6,0.7078651685393258,0.7401527456927535,0.9230769230769231,0.6,0.07565961435056831,0.15532544378698226,0.512896197133484,,,,,False
xgboost,post_covid,xgboost,1,neighborhood,Far East,flu_season,0.9,IT90,119.58175049878095,26,1.0,0.038461538461538464,0.0,0.0,1.0,25.0,0.0,,,0.0,0.0,0.0,0.0,0.0,,0.9615384615384616,0.0,0.03509228283477052,0.036982248520710054,0.05110467214780501,,,,,True
xgboost,post_covid,xgboost,1,neighborhood,Far East,flu_season,0.98,IT98,159.7885780471188,26,0.0,0.0,0.0,0.0,0.0,26.0,,,,0.0,,,,,,1.0,,1.8605695069692374e-07,0.0,,,,,,True
xgboost,post_covid,xgboost,1,neighborhood,Far South,overall,,bands,,53,,,,,,,,,,,,,,,,,,,,,0.8490566037735849,1.0,-0.034146341463414664,-0.11320754716981132,False
xgboost,post_covid,xgboost,1,neighborhood,Far South,overall,0.5,IT50,69.7066330370401,53,7.0,0.1320754716981132,0.0,1.0,7.0,45.0,0.0,1.0,0.0,0.021739130434782608,0.0,0.0,-0.021739130434782608,-0.03414634146341464,-0.0540964084268288,0.8490566037735849,0.14285714285714285,0.0972924700376718,0.11463154147383411,0.1512591666589439,,,,,False
xgboost,post_covid,xgboost,1,neighborhood,Far South,overall,0.9,IT90,121.95949130896,53,0.0,0.0,0.0,0.0,0.0,53.0,,,,0.0,,,,,,1.0,,1.4096590860769037e-07,0.0,,,,,,True
xgboost,post_covid,xgboost,1,neighborhood,Far South,overall,0.98,IT98,174.42921640712913,53,0.0,0.0,0.0,0.0,0.0,53.0,,,,0.0,,,,,,1.0,,1.0442114045224168e-19,0.0,,,,,,True
xgboost,post_covid,xgboost,1,neighborhood,Far South,flu_season,,bands,,26,,,,,,,,,,,,,,,,,,,,,0.6923076923076923,1.0,-0.07216494845360844,-0.23076923076923078,False
xgboost,post_covid,xgboost,1,neighborhood,Far South,flu_season,0.5,IT50,69.7066330370401,26,7.0,0.2692307692307692,0.0,1.0,7.0,18.0,0.0,1.0,0.0,0.05263157894736842,0.0,0.0,-0.05263157894736842,-0.07216494845360824,-0.12139539573337679,0.6923076923076923,0.14285714285714285,0.1983269581112623,0.19674556213017758,-0.00803777205423506,,,,,False
xgboost,post_covid,xgboost,1,neighborhood,Far South,flu_season,0.9,IT90,121.95949130896,26,0.0,0.0,0.0,0.0,0.0,26.0,,,,0.0,,,,,,1.0,,2.8735358293106117e-07,0.0,,,,,,True
xgboost,post_covid,xgboost,1,neighborhood,Far South,flu_season,0.98,IT98,174.42921640712913,26,0.0,0.0,0.0,0.0,0.0,26.0,,,,0.0,,,,,,1.0,,2.1285847861418496e-19,0.0,,,,,,True
xgboost,post_covid,xgboost,1,neighborhood,Far Southeast,overall,,bands,,53,,,,,,,,,,,,,,,,,,,,,0.8867924528301887,1.0,0.19289340101522856,-0.03773584905660377,False
xgboost,post_covid,xgboost,1,neighborhood,Far Southeast,overall,0.5,IT50,10.956265259525463,53,5.0,0.09433962264150944,1.0,2.0,4.0,46.0,0.2,0.6666666666666666,0.3333333333333333,0.041666666666666664,0.14285714285714285,0.25,0.15833333333333335,0.19289340101522842,0.20027758514399738,0.8867924528301887,0.6,0.07621391210588392,0.08543965824136704,0.10797967039405032,,,,,False
xgboost,post_covid,xgboost,1,neighborhood,Far Southeast,overall,0.9,IT90,18.40391015194404,53,0.0,0.0,0.0,0.0,0.0,53.0,,,,0.0,,,,,,1.0,,0.0031278322576697593,0.0,,,,,,True
xgboost,post_covid,xgboost,1,neighborhood,Far Southeast,overall,0.98,IT98,25.644566505740826,53,0.0,0.0,0.0,0.0,0.0,53.0,,,,0.0,,,,,,1.0,,8.916432367303622e-05,0.0,,,,,,True
xgboost,post_covid,xgboost,1,neighborhood,Far Southeast,flu_season,,bands,,26,,,,,,,,,,,,,,,,,,,,,0.7692307692307693,1.0,0.12359550561797739,-0.07692307692307693,False
xgboost,post_covid,xgboost,1,neighborhood,Far Southeast,flu_season,0.5,IT50,10.956265259525463,26,5.0,0.19230769230769232,1.0,2.0,4.0,19.0,0.2,0.6666666666666666,0.3333333333333333,0.09523809523809523,0.14285714285714285,0.25,0.10476190476190478,0.12359550561797752,0.12923301908921092,0.7692307692307693,0.6,0.14615152800674672,0.15532544378698226,0.059062543499421194,,,,,False
xgboost,post_covid,xgboost,1,neighborhood,Far Southeast,flu_season,0.9,IT90,18.40391015194404,26,0.0,0.0,0.0,0.0,0.0,26.0,,,,0.0,,,,,,1.0,,0.006361010640889481,0.0,,,,,,True
xgboost,post_covid,xgboost,1,neighborhood,Far Southeast,flu_season,0.98,IT98,25.644566505740826,26,0.0,0.0,0.0,0.0,0.0,26.0,,,,0.0,,,,,,1.0,,0.0001817565104821769,0.0,,,,,,True
xgboost,post_covid,xgboost,1,neighborhood,Far Southwest,overall,,bands,,53,,,,,,,,,,,,,,,,,,,,,0.9056603773584906,1.0,0.0,-0.09433962264150944,False
xgboost,post_covid,xgboost,1,neighborhood,Far Southwest,overall,0.5,IT50,34.041053932580134,53,5.0,0.09433962264150944,0.0,0.0,5.0,48.0,0.0,,,0.0,0.0,0.0,0.0,0.0,,0.9056603773584906,0.0,0.04380743324553062,0.08543965824136704,0.4872705000554354,,,,,False
xgboost,post_covid,xgboost,1,neighborhood,Far Southwest,overall,0.9,IT90,54.68112356483704,53,0.0,0.0,0.0,0.0,0.0,53.0,,,,0.0,,,,,,1.0,,5.714170116924974e-05,0.0,,,,,,True
xgboost,post_covid,xgboost,1,neighborhood,Far Southwest,overall,0.98,IT98,74.04650918881951,53,0.0,0.0,0.0,0.0,0.0,53.0,,,,0.0,,,,,,1.0,,1.4929914461598869e-09,0.0,,,,,,True
xgboost,post_covid,xgboost,1,neighborhood,Far Southwest,flu_season,,bands,,26,,,,,,,,,,,,,,,,,,,,,0.8076923076923077,1.0,0.0,-0.19230769230769232,False
xgboost,post_covid,xgboost,1,neighborhood,Far Southwest,flu_season,0.5,IT50,34.041053932580134,26,5.0,0.19230769230769232,0.0,0.0,5.0,21.0,0.0,,,0.0,0.0,0.0,0.0,0.0,,0.8076923076923077,0.0,0.08929540803728875,0.15532544378698226,0.42510765873136014,,,,,False
xgboost,post_covid,xgboost,1,neighborhood,Far Southwest,flu_season,0.9,IT90,54.68112356483704,26,0.0,0.0,0.0,0.0,0.0,26.0,,,,0.0,,,,,,1.0,,0.0001164811600734377,0.0,,,,,,True
xgboost,post_covid,xgboost,1,neighborhood,Far Southwest,flu_season,0.98,IT98,74.04650918881951,26,0.0,0.0,0.0,0.0,0.0,26.0,,,,0.0,,,,,,1.0,,3.0434056402490003e-09,0.0,,,,,,True
xgboost,post_covid,xgboost,1,neighborhood,Hilliard,overall,,bands,,53,,,,,,,,,,,,,,,,,,,,,0.8679245283018868,1.0,0.3908045977011495,-0.05660377358490566,False
xgboost,post_covid,xgboost,1,neighborhood,Hilliard,overall,0.5,IT50,19.24134804712757,53,8.0,0.1509433962264151,3.0,2.0,5.0,43.0,0.375,0.4,0.6,0.044444444444444446,0.3,0.46153846153846156,0.33055555555555555,0.39080459770114945,0.40484622137666415,0.8679245283018868,0.625,0.07302053036306877,0.12815948736205057,0.4302370283614996,,,,,False
xgboost,post_covid,xgboost,1,neighborhood,Hilliard,overall,0.9,IT90,34.52709434950146,53,0.0,0.0,0.0,0.0,0.0,53.0,,,,0.0,,,,,,1.0,,0.0012408179296571314,0.0,,,,,,True
xgboost,post_covid,xgboost,1,neighborhood,Hilliard,overall,0.98,IT98,50.186768532537315,53,0.0,0.0,0.0,0.0,0.0,53.0,,,,0.0,,,,,,1.0,,2.70697301173498e-06,0.0,,,,,,True
xgboost,post_covid,xgboost,1,neighborhood,Hilliard,flu_season,,bands,,26,,,,,,,,,,,,,,,,,,,,,0.7307692307692307,1.0,0.2945736434108527,-0.11538461538461539,False
xgboost,post_covid,xgboost,1,neighborhood,Hilliard,flu_season,0.5,IT50,19.24134804712757,26,8.0,0.3076923076923077,3.0,2.0,5.0,16.0,0.375,0.4,0.6,0.1111111111111111,0.3,0.46153846153846156,0.2638888888888889,0.29457364341085274,0.30903502310036884,0.7307692307692307,0.625,0.14881221175664336,0.21301775147928986,0.3014093392535351,,,,,False
xgboost,post_covid,xgboost,1,neighborhood,Hilliard,flu_season,0.9,IT90,34.52709434950146,26,0.0,0.0,0.0,0.0,0.0,26.0,,,,0.0,,,,,,1.0,,0.002529359625699585,0.0,,,,,,True
xgboost,post_covid,xgboost,1,neighborhood,Hilliard,flu_season,0.98,IT98,50.186768532537315,26,0.0,0.0,0.0,0.0,0.0,26.0,,,,0.0,,,,,,1.0,,5.518060370075151e-06,0.0,,,,,,True
xgboost,post_covid,xgboost,1,neighborhood,Linden,overall,,bands,,53,,,,,,,,,,,,,,,,,,,,,0.8490566037735849,1.0,0.1311475409836067,-0.07547169811320754,False
xgboost,post_covid,xgboost,1,neighborhood,Linden,overall,0.5,IT50,53.62727596624066,53,7.0,0.1320754716981132,1.0,2.0,6.0,44.0,0.14285714285714285,0.6666666666666666,0.3333333333333333,0.043478260869565216,0.1111111111111111,0.2,0.09937888198757763,0.13114754098360656,0.14560504166185284,0.8490566037735849,0.42857142857142855,0.0869710183113667,0.1146315414738341,0.24129940858189736,,,,,False
xgboost,post_covid,xgboost,1,neighborhood,Linden,overall,0.9,IT90,82.61523156370409,53,0.0,0.0,0.0,0.0,0.0,53.0,,,,0.0,,,,,,1.0,,7.305952126910062e-05,0.0,,,,,,True
xgboost,post_covid,xgboost,1,neighborhood,Linden,overall,0.98,IT98,108.92078323683364,53,0.0,0.0,0.0,0.0,0.0,53.0,,,,0.0,,,,,,1.0,,1.5669793169965959e-09,0.0,,,,,,True
xgboost,post_covid,xgboost,1,neighborhood,Linden,flu_season,,bands,,26,,,,,,,,,,,,,,,,,,,,,0.6923076923076923,1.0,0.04587155963302747,-0.15384615384615385,False
xgboost,post_covid,xgboost,1,neighborhood,Linden,flu_season,0.5,IT50,53.62727596624066,26,7.0,0.2692307692307692,1.0,2.0,6.0,17.0,0.14285714285714285,0.6666666666666666,0.3333333333333333,0.10526315789473684,0.1111111111111111,0.2,0.03759398496240601,0.045871559633027525,0.052193886700168265,0.6923076923076923,0.42857142857142855,0.17728677482018065,0.19674556213017758,0.09890330993652563,,,,,False
xgboost,post_covid,xgboost,1,neighborhood,Linden,flu_season,0.9,IT90,82.61523156370409,26,0.0,0.0,0.0,0.0,0.0,26.0,,,,0.0,,,,,,1.0,,0.00014892902412547146,0.0,,,,,,True
xgboost,post_covid,xgboost,1,neighborhood,Linden,flu_season,0.98,IT98,108.92078323683364,26,0.0,0.0,0.0,0.0,0.0,26.0,,,,0.0,,,,,,1.0,,3.194227069262292e-09,0.0,,,,,,True
xgboost,post_covid,xgboost,1,neighborhood,NE Suburban,overall,,bands,,53,,,,,,,,,,,,,,,,,,,,,0.9433962264150944,0.9811320754716981,0.37154150197628466,-0.07547169811320754,False
xgboost,post_covid,xgboost,1,neighborhood,NE Suburban,overall,0.5,IT50,27.312493683860776,53,5.0,0.09433962264150944,2.0,0.0,3.0,48.0,0.4,0.0,1.0,0.0,0.4,0.5714285714285714,0.4,0.5470085470085471,0.6135719910778964,0.9433962264150944,0.4,0.05605458288464397,0.08543965824136704,0.3439278194876463,,,,,False
xgboost,post_covid,xgboost,1,neighborhood,NE Suburban,overall,0.9,IT90,41.22759712033061,53,1.0,0.018867924528301886,0.0,0.0,1.0,52.0,0.0,,,0.0,0.0,0.0,0.0,0.0,,0.9811320754716981,0.0,0.01963730589365535,0.018511925952296185,-0.06079215875534416,,,,,True
xgboost,post_covid,xgboost,1,neighborhood,NE Suburban,overall,0.98,IT98,53.6511443833241,53,0.0,0.0,0.0,0.0,0.0,53.0,,,,0.0,,,,,,1.0,,2.3686006930685274e-05,0.0,,,,,,True
xgboost,post_covid,xgboost,1,neighborhood,NE Suburban,flu_season,,bands,,26,,,,,,,,,,,,,,,,,,,,,0.8846153846153846,0.9615384615384616,0.3389830508474576,-0.15384615384615385,False
xgboost,post_covid,xgboost,1,neighborhood,NE Suburban,flu_season,0.5,IT50,27.312493683860776,26,5.0,0.19230769230769232,2.0,0.0,3.0,21.0,0.4,0.0,1.0,0.0,0.4,0.5714285714285714,0.4,0.5185185185185185,0.5916079783099616,0.8846153846153846,0.4,0.11421283472071339,0.15532544378698226,0.2646868926552167,,,,,False
xgboost,post_covid,xgboost,1,neighborhood,NE Suburban,flu_season,0.9,IT90,41.22759712033061,26,1.0,0.038461538461538464,0.0,0.0,1.0,25.0,0.0,,,0.0,0.0,0.0,0.0,0.0,,0.9615384615384616,0.0,0.0400298925883435,0.036982248520710054,-0.08240829558880858,,,,,True
xgboost,post_covid,xgboost,1,neighborhood,NE Suburban,flu_season,0.98,IT98,53.6511443833241,26,0.0,0.0,0.0,0.0,0.0,26.0,,,,0.0,,,,,,1.0,,4.828301412792105e-05,0.0,,,,,,True
xgboost,post_covid,xgboost,1,neighborhood,Northland,overall,,bands,,53,,,,,,,,,,,,,,,,,,,,,0.9056603773584906,1.0,0.24501424501424507,-0.05660377358490566,False
xgboost,post_covid,xgboost,1,neighborhood,Northland,overall,0.5,IT50,56.127661353876796,53,5.0,0.09433962264150944,1.0,1.0,4.0,47.0,0.2,0.5,0.5,0.020833333333333332,0.16666666666666666,0.2857142857142857,0.17916666666666667,0.245014245014245,0.2748291210036411,0.9056603773584906,0.4,0.0705901583326935,0.08543965824136704,0.17380102184776658,,,,,False
xgboost,post_covid,xgboost,1,neighborhood,Northland,overall,0.9,IT90,89.91407794411414,53,0.0,0.0,0.0,0.0,0.0,53.0,,,,0.0,,,,,,1.0,,0.00045874982530626923,0.0,,,,,,True
xgboost,post_covid,xgboost,1,neighborhood,Northland,overall,0.98,IT98,121.54516325409915,53,0.0,0.0,0.0,0.0,0.0,53.0,,,,0.0,,,,,,1.0,,6.637686566003089e-08,0.0,,,,,,True
xgboost,post_covid,xgboost,1,neighborhood,Northland,flu_season,,bands,,26,,,,,,,,,,,,,,,,,,,,,0.8076923076923077,1.0,0.19753086419753085,-0.11538461538461539,False
xgboost,post_covid,xgboost,1,neighborhood,Northland,flu_season,0.5,IT50,56.127661353876796,26,5.0,0.19230769230769232,1.0,1.0,4.0,20.0,0.2,0.5,0.5,0.047619047619047616,0.16666666666666666,0.2857142857142857,0.1523809523809524,0.19753086419753085,0.2253744679276044,0.8076923076923077,0.4,0.14389080107251578,0.15532544378698226,0.07361731880932709,,,,,False
xgboost,post_covid,xgboost,1,neighborhood,Northland,flu_season,0.9,IT90,89.91407794411414,26,0.0,0.0,0.0,0.0,0.0,26.0,,,,0.0,,,,,,1.0,,0.0009351438746627582,0.0,,,,,,True
xgboost,post_covid,xgboost,1,neighborhood,Northland,flu_season,0.98,IT98,121.54516325409915,26,0.0,0.0,0.0,0.0,0.0,26.0,,,,0.0,,,,,,1.0,,1.353066876916014e-07,0.0,,,,,,True
xgboost,post_covid,xgboost,1,neighborhood,UA/Grandview,overall,,bands,,53,,,,,,,,,,,,,,,,,,,,,0.8867924528301887,1.0,0.33750000000000013,0.0,False
xgboost,post_covid,xgboost,1,neighborhood,UA/Grandview,overall,0.5,IT50,8.143164584776198,53,5.0,0.09433962264150944,2.0,3.0,3.0,45.0,0.4,0.6,0.4,0.0625,0.25,0.4,0.3375,0.3375,0.3375,0.8867924528301887,1.0,0.09547568273306353,0.08543965824136704,-0.1174633033215644,,,,,False
xgboost,post_covid,xgboost,1,neighborhood,UA/Grandview,overall,0.9,IT90,16.706142473783938,53,0.0,0.0,0.0,0.0,0.0,53.0,,,,0.0,,,,,,1.0,,0.004086097230908131,0.0,,,,,,True
xgboost,post_covid,xgboost,1,neighborhood,UA/Grandview,overall,0.98,IT98,26.455007113900507,53,0.0,0.0,0.0,0.0,0.0,53.0,,,,0.0,,,,,,1.0,,1.8801345510015057e-05,0.0,,,,,,True
xgboost,post_covid,xgboost,1,neighborhood,UA/Grandview,flu_season,,bands,,26,,,,,,,,,,,,,,,,,,,,,0.7692307692307693,1.0,0.25714285714285723,0.0,False
xgboost,post_covid,xgboost,1,neighborhood,UA/Grandview,flu_season,0.5,IT50,8.143164584776198,26,5.0,0.19230769230769232,2.0,3.0,3.0,18.0,0.4,0.6,0.4,0.14285714285714285,0.25,0.4,0.2571428571428572,0.2571428571428571,0.2571428571428571,0.7692307692307693,1.0,0.1726179046192216,0.15532544378698226,-0.1113305097389885,,,,,False
xgboost,post_covid,xgboost,1,neighborhood,UA/Grandview,flu_season,0.9,IT90,16.706142473783938,26,0.0,0.0,0.0,0.0,0.0,26.0,,,,0.0,,,,,,1.0,,0.008315247879080378,0.0,,,,,,True
xgboost,post_covid,xgboost,1,neighborhood,UA/Grandview,flu_season,0.98,IT98,26.455007113900507,26,0.0,0.0,0.0,0.0,0.0,26.0,,,,0.0,,,,,,1.0,,3.832578813474619e-05,0.0,,,,,,True
xgboost,post_covid,xgboost,1,neighborhood,West,overall,,bands,,53,,,,,,,,,,,,,,,,,,,,,0.9433962264150944,1.0,0.0,-0.05660377358490566,False
xgboost,post_covid,xgboost,1,neighborhood,West,overall,0.5,IT50,73.15037971354549,53,3.0,0.05660377358490566,0.0,0.0,3.0,50.0,0.0,,,0.0,0.0,0.0,0.0,0.0,,0.9433962264150944,0.0,0.03925295105694604,0.05339978640085441,0.2649230698735907,,,,,True
xgboost,post_covid,xgboost,1,neighborhood,West,overall,0.9,IT90,114.1022318647041,53,0.0,0.0,0.0,0.0,0.0,53.0,,,,0.0,,,,,,1.0,,6.381647258979246e-07,0.0,,,,,,True
xgboost,post_covid,xgboost,1,neighborhood,West,overall,0.98,IT98,151.63555393306305,53,0.0,0.0,0.0,0.0,0.0,53.0,,,,0.0,,,,,,1.0,,3.8312328682928695e-15,0.0,,,,,,True
xgboost,post_covid,xgboost,1,neighborhood,West,flu_season,,bands,,26,,,,,,,,,,,,,,,,,,,,,0.8846153846153846,1.0,0.0,-0.11538461538461539,False
xgboost,post_covid,xgboost,1,neighborhood,West,flu_season,0.5,IT50,73.15037971354549,26,3.0,0.11538461538461539,0.0,0.0,3.0,23.0,0.0,,,0.0,0.0,0.0,0.0,0.0,,0.8846153846153846,0.0,0.08001563059099631,0.10207100591715977,0.21607874957226803,,,,,True
xgboost,post_covid,xgboost,1,neighborhood,West,flu_season,0.9,IT90,114.1022318647041,26,0.0,0.0,0.0,0.0,0.0,26.0,,,,0.0,,,,,,1.0,,1.3008742489457693e-06,0.0,,,,,,True
xgboost,post_covid,xgboost,1,neighborhood,West,flu_season,0.98,IT98,151.63555393306305,26,0.0,0.0,0.0,0.0,0.0,26.0,,,,0.0,,,,,,1.0,,7.809820846904695e-15,0.0,,,,,,True
xgboost,post_covid,xgboost,1,neighborhood,Westerville,overall,,bands,,53,,,,,,,,,,,,,,,,,,,,,0.8867924528301887,0.9811320754716981,0.37154150197628466,-0.1320754716981132,False
xgboost,post_covid,xgboost,1,neighborhood,Westerville,overall,0.5,IT50,24.33364195874595,53,7.0,0.1320754716981132,2.0,0.0,5.0,46.0,0.2857142857142857,0.0,1.0,0.0,0.2857142857142857,0.4444444444444444,0.2857142857142857,0.40979955456570155,0.5076446407010449,0.9056603773584906,0.2857142857142857,0.07265172742186858,0.1146315414738341,0.36621521016140113,,,,,False
xgboost,post_covid,xgboost,1,neighborhood,Westerville,overall,0.9,IT90,36.408491039457616,53,2.0,0.03773584905660377,0.0,0.0,2.0,51.0,0.0,,,0.0,0.0,0.0,0.0,0.0,,0.9622641509433962,0.0,0.02993784408568907,0.03631185475258099,0.17553525454215102,,,,,True
xgboost,post_covid,xgboost,1,neighborhood,Westerville,overall,0.98,IT98,47.11324141772458,53,0.0,0.0,0.0,0.0,0.0,53.0,,,,0.0,,,,,,1.0,,4.1839083781212284e-05,0.0,,,,,,True
xgboost,post_covid,xgboost,1,neighborhood,Westerville,flu_season,,bands,,26,,,,,,,,,,,,,,,,,,,,,0.7692307692307693,0.9615384615384616,0.3389830508474576,-0.2692307692307692,False
xgboost,post_covid,xgboost,1,neighborhood,Westerville,flu_season,0.5,IT50,24.33364195874595,26,7.0,0.2692307692307692,2.0,0.0,5.0,19.0,0.2857142857142857,0.0,1.0,0.0,0.2857142857142857,0.4444444444444444,0.2857142857142857,0.36893203883495146,0.47559486560567094,0.8076923076923077,0.2857142857142857,0.14800261558160238,0.19674556213017758,0.247746104261931,,,,,False
xgboost,post_covid,xgboost,1,neighborhood,Westerville,flu_season,0.9,IT90,36.408491039457616,26,2.0,0.07692307692307693,0.0,0.0,2.0,24.0,0.0,,,0.0,0.0,0.0,0.0,0.0,,0.9230769230769231,0.0,0.0610271424251799,0.07100591715976333,0.14053441084538332,,,,,True
xgboost,post_covid,xgboost,1,neighborhood,Westerville,flu_season,0.98,IT98,47.11324141772458,26,0.0,0.0,0.0,0.0,0.0,26.0,,,,0.0,,,,,,1.0,,8.528736309173685e-05,0.0,,,,,,True
xgboost,post_covid,xgboost,1,neighborhood,Worthington,overall,,bands,,53,,,,,,,,,,,,,,,,,,,,,0.7924528301886793,0.9433962264150944,0.4092732946946054,-0.24528301886792453,False
xgboost,post_covid,xgboost,1,neighborhood,Worthington,overall,0.5,IT50,13.721631551906164,53,16.0,0.3018867924528302,9.0,1.0,7.0,36.0,0.5625,0.1,0.9,0.02702702702702703,0.5294117647058824,0.6923076923076923,0.535472972972973,0.5992438563327032,0.628295835430739,0.8490566037735849,0.625,0.12569963511356094,0.21075115699537203,0.4035637246047421,,,,,False
xgboost,post_covid,xgboost,1,neighborhood,Worthington,overall,0.9,IT90,22.978569674557114,53,5.0,0.09433962264150944,0.0,0.0,5.0,48.0,0.0,,,0.0,0.0,0.0,0.0,0.0,,0.9056603773584906,0.0,0.06970015426616381,0.08543965824136704,0.1842177777764411,,,,,False
xgboost,post_covid,xgboost,1,neighborhood,Worthington,overall,0.98,IT98,31.956357603850087,53,2.0,0.03773584905660377,0.0,0.0,2.0,51.0,0.0,,,0.0,0.0,0.0,0.0,0.0,,0.9622641509433962,0.0,0.03613101056859772,0.03631185475258099,0.004980306988323413,,,,,True
xgboost,post_covid,xgboost,1,neighborhood,Worthington,flu_season,,bands,,26,,,,,,,,,,,,,,,,,,,,,0.6538461538461539,0.8846153846153846,0.2997658079625293,-0.4230769230769231,False
xgboost,post_covid,xgboost,1,neighborhood,Worthington,flu_season,0.5,IT50,13.721631551906164,26,14.0,0.5384615384615384,9.0,1.0,5.0,11.0,0.6428571428571429,0.1,0.9,0.08333333333333333,0.6,0.75,0.5595238095238095,0.5465116279069767,0.5733412928572633,0.7692307692307693,0.7142857142857143,0.1877785459016866,0.24852071005917165,0.2444148986336897,,,,,False
xgboost,post_covid,xgboost,1,neighborhood,Worthington,flu_season,0.9,IT90,22.978569674557114,26,5.0,0.19230769230769232,0.0,0.0,5.0,21.0,0.0,,,0.0,0.0,0.0,0.0,0.0,,0.8076923076923077,0.0,0.14205931021522092,0.15532544378698226,0.08540863137629207,,,,,False
xgboost,post_covid,xgboost,1,neighborhood,Worthington,flu_season,0.98,IT98,31.956357603850087,26,2.0,0.07692307692307693,0.0,0.0,2.0,24.0,0.0,,,0.0,0.0,0.0,0.0,0.0,,0.9230769230769231,0.0,0.07365167231358012,0.07100591715976333,-0.03726105174958638,,,,,True
