model,variant,horizon,indicator,season,level,label,threshold,n_weeks,onset_actual,onset_pred,onset_error_weeks,lead_time_weeks,first_alert_week,peak_week_actual,peak_week_pred,peak_week_error_weeks,peak_actual,peak_pred,peak_error,series
arima,post_covid,1,Agler/Cassidy,2024-25,0.5,IT50,51.74083078339265,9,,,,,,2025-06-08,2025-06-01,-1.0,30.73424101791806,30.26429360479222,-0.46994741312584054,arima
arima,post_covid,1,Agler/Cassidy,2024-25,0.9,IT90,88.48740693700204,9,,,,,,2025-06-08,2025-06-01,-1.0,30.73424101791806,30.26429360479222,-0.46994741312584054,arima
arima,post_covid,1,Agler/Cassidy,2024-25,0.98,IT98,124.72586226376617,9,,,,,,2025-06-08,2025-06-01,-1.0,30.73424101791806,30.26429360479222,-0.46994741312584054,arima
arima,post_covid,1,Agler/Cassidy,2025-26,0.5,IT50,51.74083078339265,44,2025-12-14,2025-12-21,1.0,-1.0,2025-12-21,2025-12-14,2025-12-28,2.0,86.05587485017058,80.78674856880585,-5.269126281364734,arima
arima,post_covid,1,Agler/Cassidy,2025-26,0.9,IT90,88.48740693700204,44,,,,,,2025-12-14,2025-12-28,2.0,86.05587485017058,80.78674856880585,-5.269126281364734,arima
arima,post_covid,1,Agler/Cassidy,2025-26,0.98,IT98,124.72586226376617,44,,,,,,2025-12-14,2025-12-28,2.0,86.05587485017058,80.78674856880585,-5.269126281364734,arima
arima,post_covid,1,Bexley,2024-25,0.5,IT50,24.605454693531783,9,,,,,,2025-06-08,2025-06-01,-1.0,7.034574935809503,15.972319431096595,8.937744495287092,arima
arima,post_covid,1,Bexley,2024-25,0.9,IT90,37.5430295506582,9,,,,,,2025-06-08,2025-06-01,-1.0,7.034574935809503,15.972319431096595,8.937744495287092,arima
arima,post_covid,1,Bexley,2024-25,0.98,IT98,49.19357270883574,9,,,,,,2025-06-08,2025-06-01,-1.0,7.034574935809503,15.972319431096595,8.937744495287092,arima
arima,post_covid,1,Bexley,2025-26,0.5,IT50,24.605454693531783,44,2025-12-07,2026-01-11,5.0,-5.0,2026-01-11,2026-01-04,2026-01-11,1.0,49.24202455066653,31.10713563123376,-18.13488891943277,arima
arima,post_covid,1,Bexley,2025-26,0.9,IT90,37.5430295506582,44,2025-12-28,,,,,2026-01-04,2026-01-11,1.0,49.24202455066653,31.10713563123376,-18.13488891943277,arima
arima,post_covid,1,Bexley,2025-26,0.98,IT98,49.19357270883574,44,2026-01-04,,,,,2026-01-04,2026-01-11,1.0,49.24202455066653,31.10713563123376,-18.13488891943277,arima
arima,post_covid,1,Clintonville/Near North,2024-25,0.5,IT50,15.728895715230147,9,,,,,,2025-07-13,2025-06-01,-6.0,5.136054072377274,5.944650839597577,0.8085967672203029,arima
arima,post_covid,1,Clintonville/Near North,2024-25,0.9,IT90,22.099499115677975,9,,,,,,2025-07-13,2025-06-01,-6.0,5.136054072377274,5.944650839597577,0.8085967672203029,arima
arima,post_covid,1,Clintonville/Near North,2024-25,0.98,IT98,27.469599865392972,9,,,,,,2025-07-13,2025-06-01,-6.0,5.136054072377274,5.944650839597577,0.8085967672203029,arima
arima,post_covid,1,Clintonville/Near North,2025-26,0.5,IT50,15.728895715230147,44,2025-12-07,2025-12-21,2.0,-2.0,2025-12-21,2025-12-28,2026-01-04,1.0,27.73469199083728,23.89331647108651,-3.8413755197507697,arima
arima,post_covid,1,Clintonville/Near North,2025-26,0.9,IT90,22.099499115677975,44,2025-12-21,2026-01-04,2.0,-2.0,2026-01-04,2025-12-28,2026-01-04,1.0,27.73469199083728,23.89331647108651,-3.8413755197507697,arima
arima,post_covid,1,Clintonville/Near North,2025-26,0.98,IT98,27.469599865392972,44,2025-12-28,,,,,2025-12-28,2026-01-04,1.0,27.73469199083728,23.89331647108651,-3.8413755197507697,arima
arima,post_covid,1,Dublin,2024-25,0.5,IT50,8.038849454818003,9,,,,,,2025-07-13,2025-06-01,-6.0,3.8103947568968146,3.7638125550488386,-0.04658220184797601,arima
arima,post_covid,1,Dublin,2024-25,0.9,IT90,14.1626396504559,9,,,,,,2025-07-13,2025-06-01,-6.0,3.8103947568968146,3.7638125550488386,-0.04658220184797601,arima
arima,post_covid,1,Dublin,2024-25,0.98,IT98,20.345693253667104,9,,,,,,2025-07-13,2025-06-01,-6.0,3.8103947568968146,3.7638125550488386,-0.04658220184797601,arima
arima,post_covid,1,Dublin,2025-26,0.5,IT50,8.038849454818003,44,2025-12-14,2025-12-21,1.0,-1.0,2025-12-21,2025-12-21,2025-12-28,1.0,16.765736930345984,12.946811268925094,-3.8189256614208897,arima
arima,post_covid,1,Dublin,2025-26,0.9,IT90,14.1626396504559,44,2025-12-21,,,,,2025-12-21,2025-12-28,1.0,16.765736930345984,12.946811268925094,-3.8189256614208897,arima
arima,post_covid,1,Dublin,2025-26,0.98,IT98,20.345693253667104,44,,,,,,2025-12-21,2025-12-28,1.0,16.765736930345984,12.946811268925094,-3.8189256614208897,arima
arima,post_covid,1,Eastside,2024-25,0.5,IT50,53.89825474693718,9,,,,,,2025-06-01,2025-06-01,0.0,18.38277533950688,22.91566816287652,4.532892823369643,arima
arima,post_covid,1,Eastside,2024-25,0.9,IT90,89.53274062296502,9,,,,,,2025-06-01,2025-06-01,0.0,18.38277533950688,22.91566816287652,4.532892823369643,arima
arima,post_covid,1,Eastside,2024-25,0.98,IT98,123.87134674281285,9,,,,,,2025-06-01,2025-06-01,0.0,18.38277533950688,22.91566816287652,4.532892823369643,arima
arima,post_covid,1,Eastside,2025-26,0.5,IT50,53.89825474693718,44,2025-12-21,2025-12-28,1.0,-1.0,2025-12-28,2025-12-21,2025-12-28,1.0,91.91387669753442,72.64558212523121,-19.268294572303205,arima
arima,post_covid,1,Eastside,2025-26,0.9,IT90,89.53274062296502,44,2025-12-21,,,,,2025-12-21,2025-12-28,1.0,91.91387669753442,72.64558212523121,-19.268294572303205,arima
arima,post_covid,1,Eastside,2025-26,0.98,IT98,123.87134674281285,44,,,,,,2025-12-21,2025-12-28,1.0,91.91387669753442,72.64558212523121,-19.268294572303205,arima
arima,post_covid,1,Far East,2024-25,0.5,IT50,76.01095931639992,9,,,,,,2025-06-01,2025-06-08,1.0,31.653696614248943,33.97628657614243,2.3225899618934847,arima
arima,post_covid,1,Far East,2024-25,0.9,IT90,119.58175049878095,9,,,,,,2025-06-01,2025-06-08,1.0,31.653696614248943,33.97628657614243,2.3225899618934847,arima
arima,post_covid,1,Far East,2024-25,0.98,IT98,159.7885780471188,9,,,,,,2025-06-01,2025-06-08,1.0,31.653696614248943,33.97628657614243,2.3225899618934847,arima
arima,post_covid,1,Far East,2025-26,0.5,IT50,76.01095931639992,44,2025-12-21,2025-12-28,1.0,-1.0,2025-12-28,2025-12-28,2025-12-28,0.0,123.03134910443929,108.96832210352926,-14.063027000910026,arima
arima,post_covid,1,Far East,2025-26,0.9,IT90,119.58175049878095,44,2025-12-28,,,,,2025-12-28,2025-12-28,0.0,123.03134910443929,108.96832210352926,-14.063027000910026,arima
arima,post_covid,1,Far East,2025-26,0.98,IT98,159.7885780471188,44,,,,,,2025-12-28,2025-12-28,0.0,123.03134910443929,108.96832210352926,-14.063027000910026,arima
arima,post_covid,1,Far South,2024-25,0.5,IT50,69.7066330370401,9,,,,,,2025-06-01,2025-07-20,7.0,27.771843623157444,32.94144327788272,5.169599654725275,arima
arima,post_covid,1,Far South,2024-25,0.9,IT90,121.95949130896,9,,,,,,2025-06-01,2025-07-20,7.0,27.771843623157444,32.94144327788272,5.169599654725275,arima
arima,post_covid,1,Far South,2024-25,0.98,IT98,174.42921640712913,9,,,,,,2025-06-01,2025-07-20,7.0,27.771843623157444,32.94144327788272,5.169599654725275,arima
arima,post_covid,1,Far South,2025-26,0.5,IT50,69.7066330370401,44,2025-12-14,2025-12-21,1.0,-1.0,2025-12-21,2026-01-18,2026-02-22,5.0,100.40589617603077,83.11217856902354,-17.293717607007224,arima
arima,post_covid,1,Far South,2025-26,0.9,IT90,121.95949130896,44,,,,,,2026-01-18,2026-02-22,5.0,100.40589617603077,83.11217856902354,-17.293717607007224,arima
arima,post_covid,1,Far South,2025-26,0.98,IT98,174.42921640712913,44,,,,,,2026-01-18,2026-02-22,5.0,100.40589617603077,83.11217856902354,-17.293717607007224,arima
arima,post_covid,1,Far Southeast,2024-25,0.5,IT50,10.956265259525463,9,,,,,,2025-06-01,2025-06-01,0.0,6.616319624949195,7.353794865159475,0.73747524021028,arima
arima,post_covid,1,Far Southeast,2024-25,0.9,IT90,18.40391015194404,9,,,,,,2025-06-01,2025-06-01,0.0,6.616319624949195,7.353794865159475,0.73747524021028,arima
arima,post_covid,1,Far Southeast,2024-25,0.98,IT98,25.644566505740826,9,,,,,,2025-06-01,2025-06-01,0.0,6.616319624949195,7.353794865159475,0.73747524021028,arima
arima,post_covid,1,Far Southeast,2025-26,0.5,IT50,10.956265259525463,44,2025-12-07,2026-01-04,4.0,-4.0,2026-01-04,2025-12-21,2026-01-04,2.0,14.177827767748276,11.614480288821635,-2.563347478926641,arima
arima,post_covid,1,Far Southeast,2025-26,0.9,IT90,18.40391015194404,44,,,,,,2025-12-21,2026-01-04,2.0,14.177827767748276,11.614480288821635,-2.563347478926641,arima
arima,post_covid,1,Far Southeast,2025-26,0.98,IT98,25.644566505740826,44,,,,,,2025-12-21,2026-01-04,2.0,14.177827767748276,11.614480288821635,-2.563347478926641,arima
arima,post_covid,1,Far Southwest,2024-25,0.5,IT50,34.041053932580134,9,,,,,,2025-07-06,2025-06-01,-5.0,13.571495683220412,14.15057358905947,0.5790779058390569,arima
arima,post_covid,1,Far Southwest,2024-25,0.9,IT90,54.68112356483704,9,,,,,,2025-07-06,2025-06-01,-5.0,13.571495683220412,14.15057358905947,0.5790779058390569,arima
arima,post_covid,1,Far Southwest,2024-25,0.98,IT98,74.04650918881951,9,,,,,,2025-07-06,2025-06-01,-5.0,13.571495683220412,14.15057358905947,0.5790779058390569,arima
arima,post_covid,1,Far Southwest,2025-26,0.5,IT50,34.041053932580134,44,2025-12-14,2025-12-21,1.0,-1.0,2025-12-21,2025-12-14,2025-12-28,2.0,46.97825428807066,42.826560312295705,-4.151693975774954,arima
arima,post_covid,1,Far Southwest,2025-26,0.9,IT90,54.68112356483704,44,,,,,,2025-12-14,2025-12-28,2.0,46.97825428807066,42.826560312295705,-4.151693975774954,arima
arima,post_covid,1,Far Southwest,2025-26,0.98,IT98,74.04650918881951,44,,,,,,2025-12-14,2025-12-28,2.0,46.97825428807066,42.826560312295705,-4.151693975774954,arima
arima,post_covid,1,Hilliard,2024-25,0.5,IT50,19.24134804712757,9,,,,,,2025-06-01,2025-06-01,0.0,10.828537838005074,10.665850366403475,-0.1626874716015987,arima
arima,post_covid,1,Hilliard,2024-25,0.9,IT90,34.52709434950146,9,,,,,,2025-06-01,2025-06-01,0.0,10.828537838005074,10.665850366403475,-0.1626874716015987,arima
arima,post_covid,1,Hilliard,2024-25,0.98,IT98,50.186768532537315,9,,,,,,2025-06-01,2025-06-01,0.0,10.828537838005074,10.665850366403475,-0.1626874716015987,arima
arima,post_covid,1,Hilliard,2025-26,0.5,IT50,19.24134804712757,44,2025-12-07,2025-12-28,3.0,-3.0,2025-12-28,2025-12-21,2025-12-28,1.0,34.032547490873085,22.546562564734444,-11.485984926138642,arima
arima,post_covid,1,Hilliard,2025-26,0.9,IT90,34.52709434950146,44,,,,,,2025-12-21,2025-12-28,1.0,34.032547490873085,22.546562564734444,-11.485984926138642,arima
arima,post_covid,1,Hilliard,2025-26,0.98,IT98,50.186768532537315,44,,,,,,2025-12-21,2025-12-28,1.0,34.032547490873085,22.546562564734444,-11.485984926138642,arima
arima,post_covid,1,Linden,2024-25,0.5,IT50,53.62727596624066,9,,,,,,2025-06-08,2025-06-01,-1.0,23.845362822098693,25.96362090819888,2.1182580861001874,arima
arima,post_covid,1,Linden,2024-25,0.9,IT90,82.61523156370409,9,,,,,,2025-06-08,2025-06-01,-1.0,23.845362822098693,25.96362090819888,2.1182580861001874,arima
arima,post_covid,1,Linden,2024-25,0.98,IT98,108.92078323683364,9,,,,,,2025-06-08,2025-06-01,-1.0,23.845362822098693,25.96362090819888,2.1182580861001874,arima
arima,post_covid,1,Linden,2025-26,0.5,IT50,53.62727596624066,44,2025-12-14,2025-12-28,2.0,-2.0,2025-12-28,2026-01-04,2026-01-11,1.0,76.00709399543958,66.2119457355455,-9.795148259894077,arima
arima,post_covid,1,Linden,2025-26,0.9,IT90,82.61523156370409,44,,,,,,2026-01-04,2026-01-11,1.0,76.00709399543958,66.2119457355455,-9.795148259894077,arima
arima,post_covid,1,Linden,2025-26,0.98,IT98,108.92078323683364,44,,,,,,2026-01-04,2026-01-11,1.0,76.00709399543958,66.2119457355455,-9.795148259894077,arima
arima,post_covid,1,NE Suburban,2024-25,0.5,IT50,27.312493683860776,9,,,,,,2025-06-01,2025-06-08,1.0,9.26979311507184,11.490488892463125,2.2206957773912848,arima
arima,post_covid,1,NE Suburban,2024-25,0.9,IT90,41.22759712033061,9,,,,,,2025-06-01,2025-06-08,1.0,9.26979311507184,11.490488892463125,2.2206957773912848,arima
arima,post_covid,1,NE Suburban,2024-25,0.98,IT98,53.6511443833241,9,,,,,,2025-06-01,2025-06-08,1.0,9.26979311507184,11.490488892463125,2.2206957773912848,arima
arima,post_covid,1,NE Suburban,2025-26,0.5,IT50,27.312493683860776,44,2025-12-21,2025-12-28,1.0,-1.0,2025-12-28,2025-12-21,2025-12-28,1.0,50.562507900391864,38.7325126327308,-11.829995267661062,arima
arima,post_covid,1,NE Suburban,2025-26,0.9,IT90,41.22759712033061,44,2025-12-21,,,,,2025-12-21,2025-12-28,1.0,50.562507900391864,38.7325126327308,-11.829995267661062,arima
arima,post_covid,1,NE Suburban,2025-26,0.98,IT98,53.6511443833241,44,,,,,,2025-12-21,2025-12-28,1.0,50.562507900391864,38.7325126327308,-11.829995267661062,arima
arima,post_covid,1,Northland,2024-25,0.5,IT50,56.127661353876796,9,,,,,,2025-07-06,2025-06-01,-5.0,20.79029093413376,30.947755936864382,10.157465002730621,arima
arima,post_covid,1,Northland,2024-25,0.9,IT90,89.91407794411414,9,,,,,,2025-07-06,2025-06-01,-5.0,20.79029093413376,30.947755936864382,10.157465002730621,arima
arima,post_covid,1,Northland,2024-25,0.98,IT98,121.54516325409915,9,,,,,,2025-07-06,2025-06-01,-5.0,20.79029093413376,30.947755936864382,10.157465002730621,arima
arima,post_covid,1,Northland,2025-26,0.5,IT50,56.127661353876796,44,2025-12-14,2025-12-28,2.0,-2.0,2025-12-28,2026-01-04,2026-01-11,1.0,87.05934328668512,61.19200178136444,-25.86734150532068,arima
arima,post_covid,1,Northland,2025-26,0.9,IT90,89.91407794411414,44,,,,,,2026-01-04,2026-01-11,1.0,87.05934328668512,61.19200178136444,-25.86734150532068,arima
arima,post_covid,1,Northland,2025-26,0.98,IT98,121.54516325409915,44,,,,,,2026-01-04,2026-01-11,1.0,87.05934328668512,61.19200178136444,-25.86734150532068,arima
arima,post_covid,1,UA/Grandview,2024-25,0.5,IT50,8.143164584776198,9,,,,,,2025-07-06,2025-06-08,-4.0,5.691908383042667,5.48997362192632,-0.20193476111634645,arima
arima,post_covid,1,UA/Grandview,2024-25,0.9,IT90,16.706142473783938,9,,,,,,2025-07-06,2025-06-08,-4.0,5.691908383042667,5.48997362192632,-0.20193476111634645,arima
arima,post_covid,1,UA/Grandview,2024-25,0.98,IT98,26.455007113900507,9,,,,,,2025-07-06,2025-06-08,-4.0,5.691908383042667,5.48997362192632,-0.20193476111634645,arima
arima,post_covid,1,UA/Grandview,2025-26,0.5,IT50,8.143164584776198,44,2025-12-07,2025-12-14,1.0,-1.0,2025-12-14,2025-12-07,2025-12-21,2.0,15.937343472519466,11.745626077559171,-4.191717394960294,arima
arima,post_covid,1,UA/Grandview,2025-26,0.9,IT90,16.706142473783938,44,,,,,,2025-12-07,2025-12-21,2.0,15.937343472519466,11.745626077559171,-4.191717394960294,arima
arima,post_covid,1,UA/Grandview,2025-26,0.98,IT98,26.455007113900507,44,,,,,,2025-12-07,2025-12-21,2.0,15.937343472519466,11.745626077559171,-4.191717394960294,arima
arima,post_covid,1,West,2024-25,0.5,IT50,73.15037971354549,9,,,,,,2025-06-01,2025-06-01,0.0,26.185844680532696,36.151971995167024,9.966127314634328,arima
arima,post_covid,1,West,2024-25,0.9,IT90,114.1022318647041,9,,,,,,2025-06-01,2025-06-01,0.0,26.185844680532696,36.151971995167024,9.966127314634328,arima
arima,post_covid,1,West,2024-25,0.98,IT98,151.63555393306305,9,,,,,,2025-06-01,2025-06-01,0.0,26.185844680532696,36.151971995167024,9.966127314634328,arima
arima,post_covid,1,West,2025-26,0.5,IT50,73.15037971354549,44,2025-12-21,2026-01-11,3.0,-3.0,2026-01-11,2026-01-04,2026-01-11,1.0,84.542869968577,73.62573313195068,-10.917136836626312,arima
arima,post_covid,1,West,2025-26,0.9,IT90,114.1022318647041,44,,,,,,2026-01-04,2026-01-11,1.0,84.542869968577,73.62573313195068,-10.917136836626312,arima
arima,post_covid,1,West,2025-26,0.98,IT98,151.63555393306305,44,,,,,,2026-01-04,2026-01-11,1.0,84.542869968577,73.62573313195068,-10.917136836626312,arima
arima,post_covid,1,Westerville,2024-25,0.5,IT50,24.33364195874595,9,,,,,,2025-06-01,2025-06-01,0.0,9.329228472805298,11.817557720811994,2.4883292480066963,arima
arima,post_covid,1,Westerville,2024-25,0.9,IT90,36.408491039457616,9,,,,,,2025-06-01,2025-06-01,0.0,9.329228472805298,11.817557720811994,2.4883292480066963,arima
arima,post_covid,1,Westerville,2024-25,0.98,IT98,47.11324141772458,9,,,,,,2025-06-01,2025-06-01,0.0,9.329228472805298,11.817557720811994,2.4883292480066963,arima
arima,post_covid,1,Westerville,2025-26,0.5,IT50,24.33364195874595,44,2025-12-14,2025-12-28,2.0,-2.0,2025-12-28,2025-12-21,2026-01-04,2.0,45.09127095189228,36.02246363593945,-9.068807315952824,arima
arima,post_covid,1,Westerville,2025-26,0.9,IT90,36.408491039457616,44,2025-12-21,,,,,2025-12-21,2026-01-04,2.0,45.09127095189228,36.02246363593945,-9.068807315952824,arima
arima,post_covid,1,Westerville,2025-26,0.98,IT98,47.11324141772458,44,,,,,,2025-12-21,2026-01-04,2.0,45.09127095189228,36.02246363593945,-9.068807315952824,arima
arima,post_covid,1,Worthington,2024-25,0.5,IT50,13.721631551906164,9,,,,,,2025-06-08,2025-06-22,2.0,11.21626358219418,9.775621721563274,-1.4406418606309064,arima
arima,post_covid,1,Worthington,2024-25,0.9,IT90,22.978569674557114,9,,,,,,2025-06-08,2025-06-22,2.0,11.21626358219418,9.775621721563274,-1.4406418606309064,arima
arima,post_covid,1,Worthington,2024-25,0.98,IT98,31.956357603850087,9,,,,,,2025-06-08,2025-06-22,2.0,11.21626358219418,9.775621721563274,-1.4406418606309064,arima
arima,post_covid,1,Worthington,2025-26,0.5,IT50,13.721631551906164,44,2025-08-31,2025-12-21,16.0,-16.0,2025-12-21,2025-12-21,2025-12-28,1.0,44.86505432877672,31.056110157398003,-13.80894417137872,arima
arima,post_covid,1,Worthington,2025-26,0.9,IT90,22.978569674557114,44,2025-12-21,2025-12-28,1.0,-1.0,2025-12-28,2025-12-21,2025-12-28,1.0,44.86505432877672,31.056110157398003,-13.80894417137872,arima
arima,post_covid,1,Worthington,2025-26,0.98,IT98,31.956357603850087,44,2025-12-21,,,,,2025-12-21,2025-12-28,1.0,44.86505432877672,31.056110157398003,-13.80894417137872,arima
arima,post_covid,1,CITYWIDE,2024-25,0.5,IT50,35.19412725226089,9,,,,,,2025-06-01,2025-06-01,0.0,13.228462952536946,17.652972480753586,4.424509528216641,arima
arima,post_covid,1,CITYWIDE,2024-25,0.9,IT90,56.071415152332634,9,,,,,,2025-06-01,2025-06-01,0.0,13.228462952536946,17.652972480753586,4.424509528216641,arima
arima,post_covid,1,CITYWIDE,2024-25,0.98,IT98,75.53173152268305,9,,,,,,2025-06-01,2025-06-01,0.0,13.228462952536946,17.652972480753586,4.424509528216641,arima
arima,post_covid,1,CITYWIDE,2025-26,0.5,IT50,35.19412725226089,44,2025-12-14,2025-12-28,2.0,-2.0,2025-12-28,2025-12-21,2025-12-28,1.0,52.20358501211178,43.693208054365265,-8.510376957746516,arima
arima,post_covid,1,CITYWIDE,2025-26,0.9,IT90,56.071415152332634,44,,,,,,2025-12-21,2025-12-28,1.0,52.20358501211178,43.693208054365265,-8.510376957746516,arima
arima,post_covid,1,CITYWIDE,2025-26,0.98,IT98,75.53173152268305,44,,,,,,2025-12-21,2025-12-28,1.0,52.20358501211178,43.693208054365265,-8.510376957746516,arima
dualtopo,post_covid,1,Agler/Cassidy,2024-25,0.5,IT50,51.74083078339265,9,,,,,,2025-06-08,2025-06-01,-1.0,30.734241485595703,26.55497932434082,-4.179262161254883,dualtopo
dualtopo,post_covid,1,Agler/Cassidy,2024-25,0.9,IT90,88.48740693700204,9,,,,,,2025-06-08,2025-06-01,-1.0,30.734241485595703,26.55497932434082,-4.179262161254883,dualtopo
dualtopo,post_covid,1,Agler/Cassidy,2024-25,0.98,IT98,124.72586226376617,9,,,,,,2025-06-08,2025-06-01,-1.0,30.734241485595703,26.55497932434082,-4.179262161254883,dualtopo
dualtopo,post_covid,1,Agler/Cassidy,2025-26,0.5,IT50,51.74083078339265,44,2025-12-14,,,,,2025-12-14,2026-01-25,6.0,86.05587768554688,26.62710189819336,-59.428775787353516,dualtopo
dualtopo,post_covid,1,Agler/Cassidy,2025-26,0.9,IT90,88.48740693700204,44,,,,,,2025-12-14,2026-01-25,6.0,86.05587768554688,26.62710189819336,-59.428775787353516,dualtopo
dualtopo,post_covid,1,Agler/Cassidy,2025-26,0.98,IT98,124.72586226376617,44,,,,,,2025-12-14,2026-01-25,6.0,86.05587768554688,26.62710189819336,-59.428775787353516,dualtopo
dualtopo,post_covid,1,Bexley,2024-25,0.5,IT50,24.605454693531783,9,,,,,,2025-06-08,2025-06-01,-1.0,7.03457498550415,11.07164478302002,4.037069797515869,dualtopo
dualtopo,post_covid,1,Bexley,2024-25,0.9,IT90,37.5430295506582,9,,,,,,2025-06-08,2025-06-01,-1.0,7.03457498550415,11.07164478302002,4.037069797515869,dualtopo
dualtopo,post_covid,1,Bexley,2024-25,0.98,IT98,49.19357270883574,9,,,,,,2025-06-08,2025-06-01,-1.0,7.03457498550415,11.07164478302002,4.037069797515869,dualtopo
dualtopo,post_covid,1,Bexley,2025-26,0.5,IT50,24.605454693531783,44,2025-12-07,,,,,2026-01-04,2026-02-01,4.0,49.24202346801758,11.10451316833496,-38.13751029968262,dualtopo
dualtopo,post_covid,1,Bexley,2025-26,0.9,IT90,37.5430295506582,44,2025-12-28,,,,,2026-01-04,2026-02-01,4.0,49.24202346801758,11.10451316833496,-38.13751029968262,dualtopo
dualtopo,post_covid,1,Bexley,2025-26,0.98,IT98,49.19357270883574,44,2026-01-04,,,,,2026-01-04,2026-02-01,4.0,49.24202346801758,11.10451316833496,-38.13751029968262,dualtopo
dualtopo,post_covid,1,Clintonville/Near North,2024-25,0.5,IT50,15.728895715230147,9,,,,,,2025-07-13,2025-06-01,-6.0,5.136054039001465,7.594518661499023,2.4584646224975586,dualtopo
dualtopo,post_covid,1,Clintonville/Near North,2024-25,0.9,IT90,22.099499115677975,9,,,,,,2025-07-13,2025-06-01,-6.0,5.136054039001465,7.594518661499023,2.4584646224975586,dualtopo
dualtopo,post_covid,1,Clintonville/Near North,2024-25,0.98,IT98,27.469599865392972,9,,,,,,2025-07-13,2025-06-01,-6.0,5.136054039001465,7.594518661499023,2.4584646224975586,dualtopo
dualtopo,post_covid,1,Clintonville/Near North,2025-26,0.5,IT50,15.728895715230147,44,2025-12-07,,,,,2025-12-28,2026-01-25,4.0,27.734691619873047,7.621701240539551,-20.112990379333496,dualtopo
dualtopo,post_covid,1,Clintonville/Near North,2025-26,0.9,IT90,22.099499115677975,44,2025-12-21,,,,,2025-12-28,2026-01-25,4.0,27.734691619873047,7.621701240539551,-20.112990379333496,dualtopo
dualtopo,post_covid,1,Clintonville/Near North,2025-26,0.98,IT98,27.469599865392972,44,2025-12-28,,,,,2025-12-28,2026-01-25,4.0,27.734691619873047,7.621701240539551,-20.112990379333496,dualtopo
dualtopo,post_covid,1,Dublin,2024-25,0.5,IT50,8.038849454818003,9,,,,,,2025-07-13,2025-06-01,-6.0,3.810394763946533,3.5372095108032227,-0.27318525314331055,dualtopo
dualtopo,post_covid,1,Dublin,2024-25,0.9,IT90,14.1626396504559,9,,,,,,2025-07-13,2025-06-01,-6.0,3.810394763946533,3.5372095108032227,-0.27318525314331055,dualtopo
dualtopo,post_covid,1,Dublin,2024-25,0.98,IT98,20.345693253667104,9,,,,,,2025-07-13,2025-06-01,-6.0,3.810394763946533,3.5372095108032227,-0.27318525314331055,dualtopo
dualtopo,post_covid,1,Dublin,2025-26,0.5,IT50,8.038849454818003,44,2025-12-14,,,,,2025-12-21,2026-01-25,5.0,16.765737533569336,3.548635482788086,-13.21710205078125,dualtopo
dualtopo,post_covid,1,Dublin,2025-26,0.9,IT90,14.1626396504559,44,2025-12-21,,,,,2025-12-21,2026-01-25,5.0,16.765737533569336,3.548635482788086,-13.21710205078125,dualtopo
dualtopo,post_covid,1,Dublin,2025-26,0.98,IT98,20.345693253667104,44,,,,,,2025-12-21,2026-01-25,5.0,16.765737533569336,3.548635482788086,-13.21710205078125,dualtopo
dualtopo,post_covid,1,Eastside,2024-25,0.5,IT50,53.89825474693718,9,,,,,,2025-06-01,2025-06-01,0.0,18.382776260375977,25.5479736328125,7.165197372436523,dualtopo
dualtopo,post_covid,1,Eastside,2024-25,0.9,IT90,89.53274062296502,9,,,,,,2025-06-01,2025-06-01,0.0,18.382776260375977,25.5479736328125,7.165197372436523,dualtopo
dualtopo,post_covid,1,Eastside,2024-25,0.98,IT98,123.87134674281285,9,,,,,,2025-06-01,2025-06-01,0.0,18.382776260375977,25.5479736328125,7.165197372436523,dualtopo
dualtopo,post_covid,1,Eastside,2025-26,0.5,IT50,53.89825474693718,44,2025-12-21,,,,,2025-12-21,2026-02-01,6.0,91.91387939453124,25.63323211669922,-66.28064727783202,dualtopo
dualtopo,post_covid,1,Eastside,2025-26,0.9,IT90,89.53274062296502,44,2025-12-21,,,,,2025-12-21,2026-02-01,6.0,91.91387939453124,25.63323211669922,-66.28064727783202,dualtopo
dualtopo,post_covid,1,Eastside,2025-26,0.98,IT98,123.87134674281285,44,,,,,,2025-12-21,2026-02-01,6.0,91.91387939453124,25.63323211669922,-66.28064727783202,dualtopo
dualtopo,post_covid,1,Far East,2024-25,0.5,IT50,76.01095931639992,9,,,,,,2025-06-01,2025-06-01,0.0,31.653696060180664,41.270267486572266,9.616571426391602,dualtopo
dualtopo,post_covid,1,Far East,2024-25,0.9,IT90,119.58175049878095,9,,,,,,2025-06-01,2025-06-01,0.0,31.653696060180664,41.270267486572266,9.616571426391602,dualtopo
dualtopo,post_covid,1,Far East,2024-25,0.98,IT98,159.7885780471188,9,,,,,,2025-06-01,2025-06-01,0.0,31.653696060180664,41.270267486572266,9.616571426391602,dualtopo
dualtopo,post_covid,1,Far East,2025-26,0.5,IT50,76.01095931639992,44,2025-12-21,,,,,2025-12-28,2026-02-01,5.0,123.03134155273438,41.39397430419922,-81.63736724853516,dualtopo
dualtopo,post_covid,1,Far East,2025-26,0.9,IT90,119.58175049878095,44,2025-12-28,,,,,2025-12-28,2026-02-01,5.0,123.03134155273438,41.39397430419922,-81.63736724853516,dualtopo
dualtopo,post_covid,1,Far East,2025-26,0.98,IT98,159.7885780471188,44,,,,,,2025-12-28,2026-02-01,5.0,123.03134155273438,41.39397430419922,-81.63736724853516,dualtopo
dualtopo,post_covid,1,Far South,2024-25,0.5,IT50,69.7066330370401,9,,,,,,2025-06-01,2025-06-01,0.0,27.77184295654297,33.83585739135742,6.064014434814453,dualtopo
dualtopo,post_covid,1,Far South,2024-25,0.9,IT90,121.95949130896,9,,,,,,2025-06-01,2025-06-01,0.0,27.77184295654297,33.83585739135742,6.064014434814453,dualtopo
dualtopo,post_covid,1,Far South,2024-25,0.98,IT98,174.42921640712913,9,,,,,,2025-06-01,2025-06-01,0.0,27.77184295654297,33.83585739135742,6.064014434814453,dualtopo
dualtopo,post_covid,1,Far South,2025-26,0.5,IT50,69.7066330370401,44,2025-12-14,,,,,2026-01-18,2026-02-01,2.0,100.40589904785156,33.96882629394531,-66.43707275390625,dualtopo
dualtopo,post_covid,1,Far South,2025-26,0.9,IT90,121.95949130896,44,,,,,,2026-01-18,2026-02-01,2.0,100.40589904785156,33.96882629394531,-66.43707275390625,dualtopo
dualtopo,post_covid,1,Far South,2025-26,0.98,IT98,174.42921640712913,44,,,,,,2026-01-18,2026-02-01,2.0,100.40589904785156,33.96882629394531,-66.43707275390625,dualtopo
dualtopo,post_covid,1,Far Southeast,2024-25,0.5,IT50,10.956265259525463,9,,,,,,2025-06-01,2025-06-01,0.0,6.61631965637207,5.154342174530029,-1.461977481842041,dualtopo
dualtopo,post_covid,1,Far Southeast,2024-25,0.9,IT90,18.40391015194404,9,,,,,,2025-06-01,2025-06-01,0.0,6.61631965637207,5.154342174530029,-1.461977481842041,dualtopo
dualtopo,post_covid,1,Far Southeast,2024-25,0.98,IT98,25.644566505740826,9,,,,,,2025-06-01,2025-06-01,0.0,6.61631965637207,5.154342174530029,-1.461977481842041,dualtopo
dualtopo,post_covid,1,Far Southeast,2025-26,0.5,IT50,10.956265259525463,44,2025-12-07,,,,,2025-12-21,2026-02-08,7.0,14.177827835083008,5.167266368865967,-9.010561466217041,dualtopo
dualtopo,post_covid,1,Far Southeast,2025-26,0.9,IT90,18.40391015194404,44,,,,,,2025-12-21,2026-02-08,7.0,14.177827835083008,5.167266368865967,-9.010561466217041,dualtopo
dualtopo,post_covid,1,Far Southeast,2025-26,0.98,IT98,25.644566505740826,44,,,,,,2025-12-21,2026-02-08,7.0,14.177827835083008,5.167266368865967,-9.010561466217041,dualtopo
dualtopo,post_covid,1,Far Southwest,2024-25,0.5,IT50,34.041053932580134,9,,,,,,2025-07-06,2025-06-01,-5.0,13.57149600982666,17.18209457397461,3.610598564147949,dualtopo
dualtopo,post_covid,1,Far Southwest,2024-25,0.9,IT90,54.68112356483704,9,,,,,,2025-07-06,2025-06-01,-5.0,13.57149600982666,17.18209457397461,3.610598564147949,dualtopo
dualtopo,post_covid,1,Far Southwest,2024-25,0.98,IT98,74.04650918881951,9,,,,,,2025-07-06,2025-06-01,-5.0,13.57149600982666,17.18209457397461,3.610598564147949,dualtopo
dualtopo,post_covid,1,Far Southwest,2025-26,0.5,IT50,34.041053932580134,44,2025-12-14,,,,,2025-12-14,2026-02-01,7.0,46.97825241088867,17.23699951171875,-29.741252899169922,dualtopo
dualtopo,post_covid,1,Far Southwest,2025-26,0.9,IT90,54.68112356483704,44,,,,,,2025-12-14,2026-02-01,7.0,46.97825241088867,17.23699951171875,-29.741252899169922,dualtopo
dualtopo,post_covid,1,Far Southwest,2025-26,0.98,IT98,74.04650918881951,44,,,,,,2025-12-14,2026-02-01,7.0,46.97825241088867,17.23699951171875,-29.741252899169922,dualtopo
dualtopo,post_covid,1,Hilliard,2024-25,0.5,IT50,19.24134804712757,9,,,,,,2025-06-01,2025-06-01,0.0,10.828537940979004,8.981096267700195,-1.8474416732788086,dualtopo
dualtopo,post_covid,1,Hilliard,2024-25,0.9,IT90,34.52709434950146,9,,,,,,2025-06-01,2025-06-01,0.0,10.828537940979004,8.981096267700195,-1.8474416732788086,dualtopo
dualtopo,post_covid,1,Hilliard,2024-25,0.98,IT98,50.186768532537315,9,,,,,,2025-06-01,2025-06-01,0.0,10.828537940979004,8.981096267700195,-1.8474416732788086,dualtopo
dualtopo,post_covid,1,Hilliard,2025-26,0.5,IT50,19.24134804712757,44,2025-12-07,,,,,2025-12-21,2026-01-25,5.0,34.03254699707031,9.010542869567873,-25.02200412750244,dualtopo
dualtopo,post_covid,1,Hilliard,2025-26,0.9,IT90,34.52709434950146,44,,,,,,2025-12-21,2026-01-25,5.0,34.03254699707031,9.010542869567873,-25.02200412750244,dualtopo
dualtopo,post_covid,1,Hilliard,2025-26,0.98,IT98,50.186768532537315,44,,,,,,2025-12-21,2026-01-25,5.0,34.03254699707031,9.010542869567873,-25.02200412750244,dualtopo
dualtopo,post_covid,1,Linden,2024-25,0.5,IT50,53.62727596624066,9,,,,,,2025-06-08,2025-06-01,-1.0,23.84536361694336,27.72624397277832,3.880880355834961,dualtopo
dualtopo,post_covid,1,Linden,2024-25,0.9,IT90,82.61523156370409,9,,,,,,2025-06-08,2025-06-01,-1.0,23.84536361694336,27.72624397277832,3.880880355834961,dualtopo
dualtopo,post_covid,1,Linden,2024-25,0.98,IT98,108.92078323683364,9,,,,,,2025-06-08,2025-06-01,-1.0,23.84536361694336,27.72624397277832,3.880880355834961,dualtopo
dualtopo,post_covid,1,Linden,2025-26,0.5,IT50,53.62727596624066,44,2025-12-14,,,,,2026-01-04,2026-01-25,3.0,76.00709533691406,27.809349060058594,-48.19774627685547,dualtopo
dualtopo,post_covid,1,Linden,2025-26,0.9,IT90,82.61523156370409,44,,,,,,2026-01-04,2026-01-25,3.0,76.00709533691406,27.809349060058594,-48.19774627685547,dualtopo
dualtopo,post_covid,1,Linden,2025-26,0.98,IT98,108.92078323683364,44,,,,,,2026-01-04,2026-01-25,3.0,76.00709533691406,27.809349060058594,-48.19774627685547,dualtopo
dualtopo,post_covid,1,NE Suburban,2024-25,0.5,IT50,27.312493683860776,9,,,,,,2025-06-01,2025-06-01,0.0,9.269793510437012,14.145550727844238,4.875757217407227,dualtopo
dualtopo,post_covid,1,NE Suburban,2024-25,0.9,IT90,41.22759712033061,9,,,,,,2025-06-01,2025-06-01,0.0,9.269793510437012,14.145550727844238,4.875757217407227,dualtopo
dualtopo,post_covid,1,NE Suburban,2024-25,0.98,IT98,53.6511443833241,9,,,,,,2025-06-01,2025-06-01,0.0,9.269793510437012,14.145550727844238,4.875757217407227,dualtopo
dualtopo,post_covid,1,NE Suburban,2025-26,0.5,IT50,27.312493683860776,44,2025-12-21,,,,,2025-12-21,2026-02-01,6.0,50.56250762939453,14.185818672180176,-36.376688957214355,dualtopo
dualtopo,post_covid,1,NE Suburban,2025-26,0.9,IT90,41.22759712033061,44,2025-12-21,,,,,2025-12-21,2026-02-01,6.0,50.56250762939453,14.185818672180176,-36.376688957214355,dualtopo
dualtopo,post_covid,1,NE Suburban,2025-26,0.98,IT98,53.6511443833241,44,,,,,,2025-12-21,2026-02-01,6.0,50.56250762939453,14.185818672180176,-36.376688957214355,dualtopo
dualtopo,post_covid,1,Northland,2024-25,0.5,IT50,56.127661353876796,9,,,,,,2025-07-06,2025-06-01,-5.0,20.79029083251953,30.86830711364746,10.07801628112793,dualtopo
dualtopo,post_covid,1,Northland,2024-25,0.9,IT90,89.91407794411414,9,,,,,,2025-07-06,2025-06-01,-5.0,20.79029083251953,30.86830711364746,10.07801628112793,dualtopo
dualtopo,post_covid,1,Northland,2024-25,0.98,IT98,121.54516325409915,9,,,,,,2025-07-06,2025-06-01,-5.0,20.79029083251953,30.86830711364746,10.07801628112793,dualtopo
dualtopo,post_covid,1,Northland,2025-26,0.5,IT50,56.127661353876796,44,2025-12-14,,,,,2026-01-04,2026-02-01,4.0,87.05934143066406,30.951412200927734,-56.10792922973633,dualtopo
dualtopo,post_covid,1,Northland,2025-26,0.9,IT90,89.91407794411414,44,,,,,,2026-01-04,2026-02-01,4.0,87.05934143066406,30.951412200927734,-56.10792922973633,dualtopo
dualtopo,post_covid,1,Northland,2025-26,0.98,IT98,121.54516325409915,44,,,,,,2026-01-04,2026-02-01,4.0,87.05934143066406,30.951412200927734,-56.10792922973633,dualtopo
dualtopo,post_covid,1,UA/Grandview,2024-25,0.5,IT50,8.143164584776198,9,,,,,,2025-07-06,2025-06-01,-5.0,5.691908359527588,3.8281304836273193,-1.8637778759002686,dualtopo
dualtopo,post_covid,1,UA/Grandview,2024-25,0.9,IT90,16.706142473783938,9,,,,,,2025-07-06,2025-06-01,-5.0,5.691908359527588,3.8281304836273193,-1.8637778759002686,dualtopo
dualtopo,post_covid,1,UA/Grandview,2024-25,0.98,IT98,26.455007113900507,9,,,,,,2025-07-06,2025-06-01,-5.0,5.691908359527588,3.8281304836273193,-1.8637778759002686,dualtopo
dualtopo,post_covid,1,UA/Grandview,2025-26,0.5,IT50,8.143164584776198,44,2025-12-07,,,,,2025-12-07,2026-02-01,8.0,15.93734359741211,3.842515468597412,-12.094828128814697,dualtopo
dualtopo,post_covid,1,UA/Grandview,2025-26,0.9,IT90,16.706142473783938,44,,,,,,2025-12-07,2026-02-01,8.0,15.93734359741211,3.842515468597412,-12.094828128814697,dualtopo
dualtopo,post_covid,1,UA/Grandview,2025-26,0.98,IT98,26.455007113900507,44,,,,,,2025-12-07,2026-02-01,8.0,15.93734359741211,3.842515468597412,-12.094828128814697,dualtopo
dualtopo,post_covid,1,West,2024-25,0.5,IT50,73.15037971354549,9,,,,,,2025-06-01,2025-06-01,0.0,26.18584442138672,37.29596328735352,11.110118865966804,dualtopo
dualtopo,post_covid,1,West,2024-25,0.9,IT90,114.1022318647041,9,,,,,,2025-06-01,2025-06-01,0.0,26.18584442138672,37.29596328735352,11.110118865966804,dualtopo
dualtopo,post_covid,1,West,2024-25,0.98,IT98,151.63555393306305,9,,,,,,2025-06-01,2025-06-01,0.0,26.18584442138672,37.29596328735352,11.110118865966804,dualtopo
dualtopo,post_covid,1,West,2025-26,0.5,IT50,73.15037971354549,44,2025-12-21,,,,,2026-01-04,2026-02-01,4.0,84.5428695678711,37.41728591918945,-47.12558364868164,dualtopo
dualtopo,post_covid,1,West,2025-26,0.9,IT90,114.1022318647041,44,,,,,,2026-01-04,2026-02-01,4.0,84.5428695678711,37.41728591918945,-47.12558364868164,dualtopo
dualtopo,post_covid,1,West,2025-26,0.98,IT98,151.63555393306305,44,,,,,,2026-01-04,2026-02-01,4.0,84.5428695678711,37.41728591918945,-47.12558364868164,dualtopo
dualtopo,post_covid,1,Westerville,2024-25,0.5,IT50,24.33364195874595,9,,,,,,2025-06-01,2025-06-01,0.0,9.329228401184082,12.347579956054688,3.0183515548706055,dualtopo
dualtopo,post_covid,1,Westerville,2024-25,0.9,IT90,36.408491039457616,9,,,,,,2025-06-01,2025-06-01,0.0,9.329228401184082,12.347579956054688,3.0183515548706055,dualtopo
dualtopo,post_covid,1,Westerville,2024-25,0.98,IT98,47.11324141772458,9,,,,,,2025-06-01,2025-06-01,0.0,9.329228401184082,12.347579956054688,3.0183515548706055,dualtopo
dualtopo,post_covid,1,Westerville,2025-26,0.5,IT50,24.33364195874595,44,2025-12-14,,,,,2025-12-21,2026-01-25,5.0,45.091270446777344,12.37395191192627,-32.717318534851074,dualtopo
dualtopo,post_covid,1,Westerville,2025-26,0.9,IT90,36.408491039457616,44,2025-12-21,,,,,2025-12-21,2026-01-25,5.0,45.091270446777344,12.37395191192627,-32.717318534851074,dualtopo
dualtopo,post_covid,1,Westerville,2025-26,0.98,IT98,47.11324141772458,44,,,,,,2025-12-21,2026-01-25,5.0,45.091270446777344,12.37395191192627,-32.717318534851074,dualtopo
dualtopo,post_covid,1,Worthington,2024-25,0.5,IT50,13.721631551906164,9,,,,,,2025-06-08,2025-06-01,-1.0,11.216263771057127,7.125657081604004,-4.090606689453123,dualtopo
dualtopo,post_covid,1,Worthington,2024-25,0.9,IT90,22.978569674557114,9,,,,,,2025-06-08,2025-06-01,-1.0,11.216263771057127,7.125657081604004,-4.090606689453123,dualtopo
dualtopo,post_covid,1,Worthington,2024-25,0.98,IT98,31.956357603850087,9,,,,,,2025-06-08,2025-06-01,-1.0,11.216263771057127,7.125657081604004,-4.090606689453123,dualtopo
dualtopo,post_covid,1,Worthington,2025-26,0.5,IT50,13.721631551906164,44,2025-08-31,,,,,2025-12-21,2026-01-25,5.0,44.86505508422851,7.139743328094482,-37.725311756134026,dualtopo
dualtopo,post_covid,1,Worthington,2025-26,0.9,IT90,22.978569674557114,44,2025-12-21,,,,,2025-12-21,2026-01-25,5.0,44.86505508422851,7.139743328094482,-37.725311756134026,dualtopo
dualtopo,post_covid,1,Worthington,2025-26,0.98,IT98,31.956357603850087,44,2025-12-21,,,,,2025-12-21,2026-01-25,5.0,44.86505508422851,7.139743328094482,-37.725311756134026,dualtopo
dualtopo,post_covid,1,CITYWIDE,2024-25,0.5,IT50,35.19412725226089,9,,,,,,2025-06-01,2025-06-01,0.0,13.228462934494019,18.4745539076188,5.246090973124783,dualtopo
dualtopo,post_covid,1,CITYWIDE,2024-25,0.9,IT90,56.071415152332634,9,,,,,,2025-06-01,2025-06-01,0.0,13.228462934494019,18.4745539076188,5.246090973124783,dualtopo
dualtopo,post_covid,1,CITYWIDE,2024-25,0.98,IT98,75.53173152268305,9,,,,,,2025-06-01,2025-06-01,0.0,13.228462934494019,18.4745539076188,5.246090973124783,dualtopo
dualtopo,post_covid,1,CITYWIDE,2025-26,0.5,IT50,35.19412725226089,44,2025-12-14,,,,,2025-12-21,2026-02-01,6.0,52.20358455882353,18.531233198502484,-33.672351360321045,dualtopo
dualtopo,post_covid,1,CITYWIDE,2025-26,0.9,IT90,56.071415152332634,44,,,,,,2025-12-21,2026-02-01,6.0,52.20358455882353,18.531233198502484,-33.672351360321045,dualtopo
dualtopo,post_covid,1,CITYWIDE,2025-26,0.98,IT98,75.53173152268305,44,,,,,,2025-12-21,2026-02-01,6.0,52.20358455882353,18.531233198502484,-33.672351360321045,dualtopo
gat,post_covid,1,Agler/Cassidy,2024-25,0.5,IT50,51.74083078339265,9,,,,,,2025-06-08,2025-06-01,-1.0,30.734241485595703,25.598434448242188,-5.135807037353516,gat
gat,post_covid,1,Agler/Cassidy,2024-25,0.9,IT90,88.48740693700204,9,,,,,,2025-06-08,2025-06-01,-1.0,30.734241485595703,25.598434448242188,-5.135807037353516,gat
gat,post_covid,1,Agler/Cassidy,2024-25,0.98,IT98,124.72586226376617,9,,,,,,2025-06-08,2025-06-01,-1.0,30.734241485595703,25.598434448242188,-5.135807037353516,gat
gat,post_covid,1,Agler/Cassidy,2025-26,0.5,IT50,51.74083078339265,44,2025-12-14,2026-01-18,5.0,-5.0,2026-01-18,2025-12-14,2026-02-01,7.0,86.05587768554688,59.540260314941406,-26.51561737060547,gat
gat,post_covid,1,Agler/Cassidy,2025-26,0.9,IT90,88.48740693700204,44,,,,,,2025-12-14,2026-02-01,7.0,86.05587768554688,59.540260314941406,-26.51561737060547,gat
gat,post_covid,1,Agler/Cassidy,2025-26,0.98,IT98,124.72586226376617,44,,,,,,2025-12-14,2026-02-01,7.0,86.05587768554688,59.540260314941406,-26.51561737060547,gat
gat,post_covid,1,Bexley,2024-25,0.5,IT50,24.605454693531783,9,,,,,,2025-06-08,2025-06-01,-1.0,7.03457498550415,10.580279350280762,3.5457043647766113,gat
gat,post_covid,1,Bexley,2024-25,0.9,IT90,37.5430295506582,9,,,,,,2025-06-08,2025-06-01,-1.0,7.03457498550415,10.580279350280762,3.5457043647766113,gat
gat,post_covid,1,Bexley,2024-25,0.98,IT98,49.19357270883574,9,,,,,,2025-06-08,2025-06-01,-1.0,7.03457498550415,10.580279350280762,3.5457043647766113,gat
gat,post_covid,1,Bexley,2025-26,0.5,IT50,24.605454693531783,44,2025-12-07,2026-01-25,7.0,-7.0,2026-01-25,2026-01-04,2026-02-01,4.0,49.24202346801758,28.114160537719727,-21.12786293029785,gat
gat,post_covid,1,Bexley,2025-26,0.9,IT90,37.5430295506582,44,2025-12-28,,,,,2026-01-04,2026-02-01,4.0,49.24202346801758,28.114160537719727,-21.12786293029785,gat
gat,post_covid,1,Bexley,2025-26,0.98,IT98,49.19357270883574,44,2026-01-04,,,,,2026-01-04,2026-02-01,4.0,49.24202346801758,28.114160537719727,-21.12786293029785,gat
gat,post_covid,1,Clintonville/Near North,2024-25,0.5,IT50,15.728895715230147,9,,,,,,2025-07-13,2025-06-01,-6.0,5.136054039001465,7.304483413696289,2.168429374694824,gat
gat,post_covid,1,Clintonville/Near North,2024-25,0.9,IT90,22.099499115677975,9,,,,,,2025-07-13,2025-06-01,-6.0,5.136054039001465,7.304483413696289,2.168429374694824,gat
gat,post_covid,1,Clintonville/Near North,2024-25,0.98,IT98,27.469599865392972,9,,,,,,2025-07-13,2025-06-01,-6.0,5.136054039001465,7.304483413696289,2.168429374694824,gat
gat,post_covid,1,Clintonville/Near North,2025-26,0.5,IT50,15.728895715230147,44,2025-12-07,2026-01-18,6.0,-6.0,2026-01-18,2025-12-28,2026-02-01,5.0,27.734691619873047,17.046358108520508,-10.688333511352539,gat
gat,post_covid,1,Clintonville/Near North,2025-26,0.9,IT90,22.099499115677975,44,2025-12-21,,,,,2025-12-28,2026-02-01,5.0,27.734691619873047,17.046358108520508,-10.688333511352539,gat
gat,post_covid,1,Clintonville/Near North,2025-26,0.98,IT98,27.469599865392972,44,2025-12-28,,,,,2025-12-28,2026-02-01,5.0,27.734691619873047,17.046358108520508,-10.688333511352539,gat
gat,post_covid,1,Dublin,2024-25,0.5,IT50,8.038849454818003,9,,,,,,2025-07-13,2025-06-15,-4.0,3.810394763946533,3.7812716960906982,-0.02912306785583496,gat
gat,post_covid,1,Dublin,2024-25,0.9,IT90,14.1626396504559,9,,,,,,2025-07-13,2025-06-15,-4.0,3.810394763946533,3.7812716960906982,-0.02912306785583496,gat
gat,post_covid,1,Dublin,2024-25,0.98,IT98,20.345693253667104,9,,,,,,2025-07-13,2025-06-15,-4.0,3.810394763946533,3.7812716960906982,-0.02912306785583496,gat
gat,post_covid,1,Dublin,2025-26,0.5,IT50,8.038849454818003,44,2025-12-14,2025-12-28,2.0,-2.0,2025-12-28,2025-12-21,2026-01-18,4.0,16.765737533569336,9.157572746276855,-7.6081647872924805,gat
gat,post_covid,1,Dublin,2025-26,0.9,IT90,14.1626396504559,44,2025-12-21,,,,,2025-12-21,2026-01-18,4.0,16.765737533569336,9.157572746276855,-7.6081647872924805,gat
gat,post_covid,1,Dublin,2025-26,0.98,IT98,20.345693253667104,44,,,,,,2025-12-21,2026-01-18,4.0,16.765737533569336,9.157572746276855,-7.6081647872924805,gat
gat,post_covid,1,Eastside,2024-25,0.5,IT50,53.89825474693718,9,,,,,,2025-06-01,2025-06-01,0.0,18.382776260375977,24.8642635345459,6.481487274169922,gat
gat,post_covid,1,Eastside,2024-25,0.9,IT90,89.53274062296502,9,,,,,,2025-06-01,2025-06-01,0.0,18.382776260375977,24.8642635345459,6.481487274169922,gat
gat,post_covid,1,Eastside,2024-25,0.98,IT98,123.87134674281285,9,,,,,,2025-06-01,2025-06-01,0.0,18.382776260375977,24.8642635345459,6.481487274169922,gat
gat,post_covid,1,Eastside,2025-26,0.5,IT50,53.89825474693718,44,2025-12-21,2026-01-25,5.0,-5.0,2026-01-25,2025-12-21,2026-02-01,6.0,91.91387939453124,62.533016204833984,-29.38086318969725,gat
gat,post_covid,1,Eastside,2025-26,0.9,IT90,89.53274062296502,44,2025-12-21,,,,,2025-12-21,2026-02-01,6.0,91.91387939453124,62.533016204833984,-29.38086318969725,gat
gat,post_covid,1,Eastside,2025-26,0.98,IT98,123.87134674281285,44,,,,,,2025-12-21,2026-02-01,6.0,91.91387939453124,62.533016204833984,-29.38086318969725,gat
gat,post_covid,1,Far East,2024-25,0.5,IT50,76.01095931639992,9,,,,,,2025-06-01,2025-06-01,0.0,31.653696060180664,40.51182556152344,8.858129501342773,gat
gat,post_covid,1,Far East,2024-25,0.9,IT90,119.58175049878095,9,,,,,,2025-06-01,2025-06-01,0.0,31.653696060180664,40.51182556152344,8.858129501342773,gat
gat,post_covid,1,Far East,2024-25,0.98,IT98,159.7885780471188,9,,,,,,2025-06-01,2025-06-01,0.0,31.653696060180664,40.51182556152344,8.858129501342773,gat
gat,post_covid,1,Far East,2025-26,0.5,IT50,76.01095931639992,44,2025-12-21,2026-01-25,5.0,-5.0,2026-01-25,2025-12-28,2026-02-01,5.0,123.03134155273438,85.63556671142578,-37.395774841308594,gat
gat,post_covid,1,Far East,2025-26,0.9,IT90,119.58175049878095,44,2025-12-28,,,,,2025-12-28,2026-02-01,5.0,123.03134155273438,85.63556671142578,-37.395774841308594,gat
gat,post_covid,1,Far East,2025-26,0.98,IT98,159.7885780471188,44,,,,,,2025-12-28,2026-02-01,5.0,123.03134155273438,85.63556671142578,-37.395774841308594,gat
gat,post_covid,1,Far South,2024-25,0.5,IT50,69.7066330370401,9,,,,,,2025-06-01,2025-06-01,0.0,27.77184295654297,33.14682388305664,5.374980926513672,gat
gat,post_covid,1,Far South,2024-25,0.9,IT90,121.95949130896,9,,,,,,2025-06-01,2025-06-01,0.0,27.77184295654297,33.14682388305664,5.374980926513672,gat
gat,post_covid,1,Far South,2024-25,0.98,IT98,174.42921640712913,9,,,,,,2025-06-01,2025-06-01,0.0,27.77184295654297,33.14682388305664,5.374980926513672,gat
gat,post_covid,1,Far South,2025-26,0.5,IT50,69.7066330370401,44,2025-12-14,2026-01-04,3.0,-3.0,2026-01-04,2026-01-18,2026-02-01,2.0,100.40589904785156,81.9749526977539,-18.430946350097656,gat
gat,post_covid,1,Far South,2025-26,0.9,IT90,121.95949130896,44,,,,,,2026-01-18,2026-02-01,2.0,100.40589904785156,81.9749526977539,-18.430946350097656,gat
gat,post_covid,1,Far South,2025-26,0.98,IT98,174.42921640712913,44,,,,,,2026-01-18,2026-02-01,2.0,100.40589904785156,81.9749526977539,-18.430946350097656,gat
gat,post_covid,1,Far Southeast,2024-25,0.5,IT50,10.956265259525463,9,,,,,,2025-06-01,2025-06-22,3.0,6.61631965637207,5.060008525848389,-1.5563111305236816,gat
gat,post_covid,1,Far Southeast,2024-25,0.9,IT90,18.40391015194404,9,,,,,,2025-06-01,2025-06-22,3.0,6.61631965637207,5.060008525848389,-1.5563111305236816,gat
gat,post_covid,1,Far Southeast,2024-25,0.98,IT98,25.644566505740826,9,,,,,,2025-06-01,2025-06-22,3.0,6.61631965637207,5.060008525848389,-1.5563111305236816,gat
gat,post_covid,1,Far Southeast,2025-26,0.5,IT50,10.956265259525463,44,2025-12-07,2026-01-25,7.0,-7.0,2026-01-25,2025-12-21,2026-02-01,6.0,14.177827835083008,11.861236572265623,-2.3165912628173846,gat
gat,post_covid,1,Far Southeast,2025-26,0.9,IT90,18.40391015194404,44,,,,,,2025-12-21,2026-02-01,6.0,14.177827835083008,11.861236572265623,-2.3165912628173846,gat
gat,post_covid,1,Far Southeast,2025-26,0.98,IT98,25.644566505740826,44,,,,,,2025-12-21,2026-02-01,6.0,14.177827835083008,11.861236572265623,-2.3165912628173846,gat
gat,post_covid,1,Far Southwest,2024-25,0.5,IT50,34.041053932580134,9,,,,,,2025-07-06,2025-06-01,-5.0,13.57149600982666,16.53444480895996,2.962948799133301,gat
gat,post_covid,1,Far Southwest,2024-25,0.9,IT90,54.68112356483704,9,,,,,,2025-07-06,2025-06-01,-5.0,13.57149600982666,16.53444480895996,2.962948799133301,gat
gat,post_covid,1,Far Southwest,2024-25,0.98,IT98,74.04650918881951,9,,,,,,2025-07-06,2025-06-01,-5.0,13.57149600982666,16.53444480895996,2.962948799133301,gat
gat,post_covid,1,Far Southwest,2025-26,0.5,IT50,34.041053932580134,44,2025-12-14,2026-01-25,6.0,-6.0,2026-01-25,2025-12-14,2026-02-01,7.0,46.97825241088867,36.44173049926758,-10.536521911621094,gat
gat,post_covid,1,Far Southwest,2025-26,0.9,IT90,54.68112356483704,44,,,,,,2025-12-14,2026-02-01,7.0,46.97825241088867,36.44173049926758,-10.536521911621094,gat
gat,post_covid,1,Far Southwest,2025-26,0.98,IT98,74.04650918881951,44,,,,,,2025-12-14,2026-02-01,7.0,46.97825241088867,36.44173049926758,-10.536521911621094,gat
gat,post_covid,1,Hilliard,2024-25,0.5,IT50,19.24134804712757,9,,,,,,2025-06-01,2025-06-01,0.0,10.828537940979004,9.335886001586914,-1.4926519393920898,gat
gat,post_covid,1,Hilliard,2024-25,0.9,IT90,34.52709434950146,9,,,,,,2025-06-01,2025-06-01,0.0,10.828537940979004,9.335886001586914,-1.4926519393920898,gat
gat,post_covid,1,Hilliard,2024-25,0.98,IT98,50.186768532537315,9,,,,,,2025-06-01,2025-06-01,0.0,10.828537940979004,9.335886001586914,-1.4926519393920898,gat
gat,post_covid,1,Hilliard,2025-26,0.5,IT50,19.24134804712757,44,2025-12-07,2025-12-28,3.0,-3.0,2025-12-28,2025-12-21,2026-02-08,7.0,34.03254699707031,22.891799926757812,-11.1407470703125,gat
gat,post_covid,1,Hilliard,2025-26,0.9,IT90,34.52709434950146,44,,,,,,2025-12-21,2026-02-08,7.0,34.03254699707031,22.891799926757812,-11.1407470703125,gat
gat,post_covid,1,Hilliard,2025-26,0.98,IT98,50.186768532537315,44,,,,,,2025-12-21,2026-02-08,7.0,34.03254699707031,22.891799926757812,-11.1407470703125,gat
gat,post_covid,1,Linden,2024-25,0.5,IT50,53.62727596624066,9,,,,,,2025-06-08,2025-06-01,-1.0,23.84536361694336,26.960956573486328,3.1155929565429688,gat
gat,post_covid,1,Linden,2024-25,0.9,IT90,82.61523156370409,9,,,,,,2025-06-08,2025-06-01,-1.0,23.84536361694336,26.960956573486328,3.1155929565429688,gat
gat,post_covid,1,Linden,2024-25,0.98,IT98,108.92078323683364,9,,,,,,2025-06-08,2025-06-01,-1.0,23.84536361694336,26.960956573486328,3.1155929565429688,gat
gat,post_covid,1,Linden,2025-26,0.5,IT50,53.62727596624066,44,2025-12-14,2026-01-25,6.0,-6.0,2026-01-25,2026-01-04,2026-02-01,4.0,76.00709533691406,59.469970703125,-16.537124633789062,gat
gat,post_covid,1,Linden,2025-26,0.9,IT90,82.61523156370409,44,,,,,,2026-01-04,2026-02-01,4.0,76.00709533691406,59.469970703125,-16.537124633789062,gat
gat,post_covid,1,Linden,2025-26,0.98,IT98,108.92078323683364,44,,,,,,2026-01-04,2026-02-01,4.0,76.00709533691406,59.469970703125,-16.537124633789062,gat
gat,post_covid,1,NE Suburban,2024-25,0.5,IT50,27.312493683860776,9,,,,,,2025-06-01,2025-06-01,0.0,9.269793510437012,13.701249122619627,4.431455612182615,gat
gat,post_covid,1,NE Suburban,2024-25,0.9,IT90,41.22759712033061,9,,,,,,2025-06-01,2025-06-01,0.0,9.269793510437012,13.701249122619627,4.431455612182615,gat
gat,post_covid,1,NE Suburban,2024-25,0.98,IT98,53.6511443833241,9,,,,,,2025-06-01,2025-06-01,0.0,9.269793510437012,13.701249122619627,4.431455612182615,gat
gat,post_covid,1,NE Suburban,2025-26,0.5,IT50,27.312493683860776,44,2025-12-21,2026-01-25,5.0,-5.0,2026-01-25,2025-12-21,2026-02-01,6.0,50.56250762939453,30.01255798339844,-20.54994964599609,gat
gat,post_covid,1,NE Suburban,2025-26,0.9,IT90,41.22759712033061,44,2025-12-21,,,,,2025-12-21,2026-02-01,6.0,50.56250762939453,30.01255798339844,-20.54994964599609,gat
gat,post_covid,1,NE Suburban,2025-26,0.98,IT98,53.6511443833241,44,,,,,,2025-12-21,2026-02-01,6.0,50.56250762939453,30.01255798339844,-20.54994964599609,gat
gat,post_covid,1,Northland,2024-25,0.5,IT50,56.127661353876796,9,,,,,,2025-07-06,2025-06-01,-5.0,20.79029083251953,30.128681182861328,9.338390350341797,gat
gat,post_covid,1,Northland,2024-25,0.9,IT90,89.91407794411414,9,,,,,,2025-07-06,2025-06-01,-5.0,20.79029083251953,30.128681182861328,9.338390350341797,gat
gat,post_covid,1,Northland,2024-25,0.98,IT98,121.54516325409915,9,,,,,,2025-07-06,2025-06-01,-5.0,20.79029083251953,30.128681182861328,9.338390350341797,gat
gat,post_covid,1,Northland,2025-26,0.5,IT50,56.127661353876796,44,2025-12-14,2026-01-04,3.0,-3.0,2026-01-04,2026-01-04,2026-02-01,4.0,87.05934143066406,61.377410888671875,-25.681930541992188,gat
gat,post_covid,1,Northland,2025-26,0.9,IT90,89.91407794411414,44,,,,,,2026-01-04,2026-02-01,4.0,87.05934143066406,61.377410888671875,-25.681930541992188,gat
gat,post_covid,1,Northland,2025-26,0.98,IT98,121.54516325409915,44,,,,,,2026-01-04,2026-02-01,4.0,87.05934143066406,61.377410888671875,-25.681930541992188,gat
gat,post_covid,1,UA/Grandview,2024-25,0.5,IT50,8.143164584776198,9,,,,,,2025-07-06,2025-06-15,-3.0,5.691908359527588,3.915948867797851,-1.7759594917297368,gat
gat,post_covid,1,UA/Grandview,2024-25,0.9,IT90,16.706142473783938,9,,,,,,2025-07-06,2025-06-15,-3.0,5.691908359527588,3.915948867797851,-1.7759594917297368,gat
gat,post_covid,1,UA/Grandview,2024-25,0.98,IT98,26.455007113900507,9,,,,,,2025-07-06,2025-06-15,-3.0,5.691908359527588,3.915948867797851,-1.7759594917297368,gat
gat,post_covid,1,UA/Grandview,2025-26,0.5,IT50,8.143164584776198,44,2025-12-07,2025-12-28,3.0,-3.0,2025-12-28,2025-12-07,2026-02-08,9.0,15.93734359741211,10.431499481201172,-5.5058441162109375,gat
gat,post_covid,1,UA/Grandview,2025-26,0.9,IT90,16.706142473783938,44,,,,,,2025-12-07,2026-02-08,9.0,15.93734359741211,10.431499481201172,-5.5058441162109375,gat
gat,post_covid,1,UA/Grandview,2025-26,0.98,IT98,26.455007113900507,44,,,,,,2025-12-07,2026-02-08,9.0,15.93734359741211,10.431499481201172,-5.5058441162109375,gat
gat,post_covid,1,West,2024-25,0.5,IT50,73.15037971354549,9,,,,,,2025-06-01,2025-06-15,2.0,26.18584442138672,36.166282653808594,9.980438232421875,gat
gat,post_covid,1,West,2024-25,0.9,IT90,114.1022318647041,9,,,,,,2025-06-01,2025-06-15,2.0,26.18584442138672,36.166282653808594,9.980438232421875,gat
gat,post_covid,1,West,2024-25,0.98,IT98,151.63555393306305,9,,,,,,2025-06-01,2025-06-15,2.0,26.18584442138672,36.166282653808594,9.980438232421875,gat
gat,post_covid,1,West,2025-26,0.5,IT50,73.15037971354549,44,2025-12-21,2026-01-18,4.0,-4.0,2026-01-18,2026-01-04,2026-02-01,4.0,84.5428695678711,81.01897430419922,-3.523895263671875,gat
gat,post_covid,1,West,2025-26,0.9,IT90,114.1022318647041,44,,,,,,2026-01-04,2026-02-01,4.0,84.5428695678711,81.01897430419922,-3.523895263671875,gat
gat,post_covid,1,West,2025-26,0.98,IT98,151.63555393306305,44,,,,,,2026-01-04,2026-02-01,4.0,84.5428695678711,81.01897430419922,-3.523895263671875,gat
gat,post_covid,1,Westerville,2024-25,0.5,IT50,24.33364195874595,9,,,,,,2025-06-01,2025-06-15,2.0,9.329228401184082,11.856274604797363,2.5270462036132812,gat
gat,post_covid,1,Westerville,2024-25,0.9,IT90,36.408491039457616,9,,,,,,2025-06-01,2025-06-15,2.0,9.329228401184082,11.856274604797363,2.5270462036132812,gat
gat,post_covid,1,Westerville,2024-25,0.98,IT98,47.11324141772458,9,,,,,,2025-06-01,2025-06-15,2.0,9.329228401184082,11.856274604797363,2.5270462036132812,gat
gat,post_covid,1,Westerville,2025-26,0.5,IT50,24.33364195874595,44,2025-12-14,2026-01-04,3.0,-3.0,2026-01-04,2025-12-21,2026-01-18,4.0,45.091270446777344,26.56597137451172,-18.525299072265625,gat
gat,post_covid,1,Westerville,2025-26,0.9,IT90,36.408491039457616,44,2025-12-21,,,,,2025-12-21,2026-01-18,4.0,45.091270446777344,26.56597137451172,-18.525299072265625,gat
gat,post_covid,1,Westerville,2025-26,0.98,IT98,47.11324141772458,44,,,,,,2025-12-21,2026-01-18,4.0,45.091270446777344,26.56597137451172,-18.525299072265625,gat
gat,post_covid,1,Worthington,2024-25,0.5,IT50,13.721631551906164,9,,,,,,2025-06-08,2025-06-15,1.0,11.216263771057127,7.368072509765625,-3.848191261291502,gat
gat,post_covid,1,Worthington,2024-25,0.9,IT90,22.978569674557114,9,,,,,,2025-06-08,2025-06-15,1.0,11.216263771057127,7.368072509765625,-3.848191261291502,gat
gat,post_covid,1,Worthington,2024-25,0.98,IT98,31.956357603850087,9,,,,,,2025-06-08,2025-06-15,1.0,11.216263771057127,7.368072509765625,-3.848191261291502,gat
gat,post_covid,1,Worthington,2025-26,0.5,IT50,13.721631551906164,44,2025-08-31,2025-12-28,17.0,-17.0,2025-12-28,2025-12-21,2026-01-18,4.0,44.86505508422851,16.280195236206055,-28.584859848022454,gat
gat,post_covid,1,Worthington,2025-26,0.9,IT90,22.978569674557114,44,2025-12-21,,,,,2025-12-21,2026-01-18,4.0,44.86505508422851,16.280195236206055,-28.584859848022454,gat
gat,post_covid,1,Worthington,2025-26,0.98,IT98,31.956357603850087,44,2025-12-21,,,,,2025-12-21,2026-01-18,4.0,44.86505508422851,16.280195236206055,-28.584859848022454,gat
gat,post_covid,1,CITYWIDE,2024-25,0.5,IT50,35.19412725226089,9,,,,,,2025-06-01,2025-06-01,0.0,13.228462934494019,18.00100284464219,4.772539910148172,gat
gat,post_covid,1,CITYWIDE,2024-25,0.9,IT90,56.071415152332634,9,,,,,,2025-06-01,2025-06-01,0.0,13.228462934494019,18.00100284464219,4.772539910148172,gat
gat,post_covid,1,CITYWIDE,2024-25,0.98,IT98,75.53173152268305,9,,,,,,2025-06-01,2025-06-01,0.0,13.228462934494019,18.00100284464219,4.772539910148172,gat
gat,post_covid,1,CITYWIDE,2025-26,0.5,IT50,35.19412725226089,44,2025-12-14,2026-01-04,3.0,-3.0,2026-01-04,2025-12-21,2026-02-01,6.0,52.20358455882353,40.91360428754021,-11.28998027128332,gat
gat,post_covid,1,CITYWIDE,2025-26,0.9,IT90,56.071415152332634,44,,,,,,2025-12-21,2026-02-01,6.0,52.20358455882353,40.91360428754021,-11.28998027128332,gat
gat,post_covid,1,CITYWIDE,2025-26,0.98,IT98,75.53173152268305,44,,,,,,2025-12-21,2026-02-01,6.0,52.20358455882353,40.91360428754021,-11.28998027128332,gat
gnn_st,post_covid,1,Agler/Cassidy,2024-25,0.5,IT50,51.74083078339265,9,,,,,,2025-06-08,2025-06-08,0.0,30.734241485595703,19.583908081054688,-11.150333404541016,gnn_st
gnn_st,post_covid,1,Agler/Cassidy,2024-25,0.9,IT90,88.48740693700204,9,,,,,,2025-06-08,2025-06-08,0.0,30.734241485595703,19.583908081054688,-11.150333404541016,gnn_st
gnn_st,post_covid,1,Agler/Cassidy,2024-25,0.98,IT98,124.72586226376617,9,,,,,,2025-06-08,2025-06-08,0.0,30.734241485595703,19.583908081054688,-11.150333404541016,gnn_st
gnn_st,post_covid,1,Agler/Cassidy,2025-26,0.5,IT50,51.74083078339265,44,2025-12-14,2025-12-21,1.0,-1.0,2025-12-21,2025-12-14,2025-12-28,2.0,86.05587768554688,75.82665252685547,-10.229225158691406,gnn_st
gnn_st,post_covid,1,Agler/Cassidy,2025-26,0.9,IT90,88.48740693700204,44,,,,,,2025-12-14,2025-12-28,2.0,86.05587768554688,75.82665252685547,-10.229225158691406,gnn_st
gnn_st,post_covid,1,Agler/Cassidy,2025-26,0.98,IT98,124.72586226376617,44,,,,,,2025-12-14,2025-12-28,2.0,86.05587768554688,75.82665252685547,-10.229225158691406,gnn_st
gnn_st,post_covid,1,Bexley,2024-25,0.5,IT50,24.605454693531783,9,,,,,,2025-06-08,2025-06-01,-1.0,7.03457498550415,11.013341903686523,3.978766918182373,gnn_st
gnn_st,post_covid,1,Bexley,2024-25,0.9,IT90,37.5430295506582,9,,,,,,2025-06-08,2025-06-01,-1.0,7.03457498550415,11.013341903686523,3.978766918182373,gnn_st
gnn_st,post_covid,1,Bexley,2024-25,0.98,IT98,49.19357270883574,9,,,,,,2025-06-08,2025-06-01,-1.0,7.03457498550415,11.013341903686523,3.978766918182373,gnn_st
gnn_st,post_covid,1,Bexley,2025-26,0.5,IT50,24.605454693531783,44,2025-12-07,2025-12-14,1.0,-1.0,2025-12-14,2026-01-04,2026-01-11,1.0,49.24202728271485,36.353145599365234,-12.888881683349616,gnn_st
gnn_st,post_covid,1,Bexley,2025-26,0.9,IT90,37.5430295506582,44,2025-12-28,,,,,2026-01-04,2026-01-11,1.0,49.24202728271485,36.353145599365234,-12.888881683349616,gnn_st
gnn_st,post_covid,1,Bexley,2025-26,0.98,IT98,49.19357270883574,44,2026-01-04,,,,,2026-01-04,2026-01-11,1.0,49.24202728271485,36.353145599365234,-12.888881683349616,gnn_st
gnn_st,post_covid,1,Clintonville/Near North,2024-25,0.5,IT50,15.728895715230147,9,,,,,,2025-07-13,2025-06-01,-6.0,5.136054039001465,5.063642978668213,-0.07241106033325195,gnn_st
gnn_st,post_covid,1,Clintonville/Near North,2024-25,0.9,IT90,22.099499115677975,9,,,,,,2025-07-13,2025-06-01,-6.0,5.136054039001465,5.063642978668213,-0.07241106033325195,gnn_st
gnn_st,post_covid,1,Clintonville/Near North,2024-25,0.98,IT98,27.469599865392972,9,,,,,,2025-07-13,2025-06-01,-6.0,5.136054039001465,5.063642978668213,-0.07241106033325195,gnn_st
gnn_st,post_covid,1,Clintonville/Near North,2025-26,0.5,IT50,15.728895715230147,44,2025-12-07,2025-12-14,1.0,-1.0,2025-12-14,2025-12-28,2026-01-04,1.0,27.734691619873047,23.10900115966797,-4.625690460205078,gnn_st
gnn_st,post_covid,1,Clintonville/Near North,2025-26,0.9,IT90,22.099499115677975,44,2025-12-21,2025-12-28,1.0,-1.0,2025-12-28,2025-12-28,2026-01-04,1.0,27.734691619873047,23.10900115966797,-4.625690460205078,gnn_st
gnn_st,post_covid,1,Clintonville/Near North,2025-26,0.98,IT98,27.469599865392972,44,2025-12-28,,,,,2025-12-28,2026-01-04,1.0,27.734691619873047,23.10900115966797,-4.625690460205078,gnn_st
gnn_st,post_covid,1,Dublin,2024-25,0.5,IT50,8.038849454818003,9,,,,,,2025-07-13,2025-06-01,-6.0,3.810394763946533,2.4748830795288086,-1.3355116844177246,gnn_st
gnn_st,post_covid,1,Dublin,2024-25,0.9,IT90,14.1626396504559,9,,,,,,2025-07-13,2025-06-01,-6.0,3.810394763946533,2.4748830795288086,-1.3355116844177246,gnn_st
gnn_st,post_covid,1,Dublin,2024-25,0.98,IT98,20.345693253667104,9,,,,,,2025-07-13,2025-06-01,-6.0,3.810394763946533,2.4748830795288086,-1.3355116844177246,gnn_st
gnn_st,post_covid,1,Dublin,2025-26,0.5,IT50,8.038849454818003,44,2025-12-14,2025-12-14,0.0,0.0,2025-12-14,2025-12-21,2025-12-28,1.0,16.765737533569336,14.302742958068848,-2.4629945755004883,gnn_st
gnn_st,post_covid,1,Dublin,2025-26,0.9,IT90,14.1626396504559,44,2025-12-21,2025-12-28,1.0,-1.0,2025-12-28,2025-12-21,2025-12-28,1.0,16.765737533569336,14.302742958068848,-2.4629945755004883,gnn_st
gnn_st,post_covid,1,Dublin,2025-26,0.98,IT98,20.345693253667104,44,,,,,,2025-12-21,2025-12-28,1.0,16.765737533569336,14.302742958068848,-2.4629945755004883,gnn_st
gnn_st,post_covid,1,Eastside,2024-25,0.5,IT50,53.89825474693718,9,,,,,,2025-06-01,2025-06-01,0.0,18.382776260375977,18.492738723754883,0.10996246337890625,gnn_st
gnn_st,post_covid,1,Eastside,2024-25,0.9,IT90,89.53274062296502,9,,,,,,2025-06-01,2025-06-01,0.0,18.382776260375977,18.492738723754883,0.10996246337890625,gnn_st
gnn_st,post_covid,1,Eastside,2024-25,0.98,IT98,123.87134674281285,9,,,,,,2025-06-01,2025-06-01,0.0,18.382776260375977,18.492738723754883,0.10996246337890625,gnn_st
gnn_st,post_covid,1,Eastside,2025-26,0.5,IT50,53.89825474693718,44,2025-12-21,2025-12-21,0.0,0.0,2025-12-21,2025-12-21,2025-12-28,1.0,91.91387939453124,79.7697982788086,-12.144081115722642,gnn_st
gnn_st,post_covid,1,Eastside,2025-26,0.9,IT90,89.53274062296502,44,2025-12-21,,,,,2025-12-21,2025-12-28,1.0,91.91387939453124,79.7697982788086,-12.144081115722642,gnn_st
gnn_st,post_covid,1,Eastside,2025-26,0.98,IT98,123.87134674281285,44,,,,,,2025-12-21,2025-12-28,1.0,91.91387939453124,79.7697982788086,-12.144081115722642,gnn_st
gnn_st,post_covid,1,Far East,2024-25,0.5,IT50,76.01095931639992,9,,,,,,2025-06-01,2025-06-01,0.0,31.653696060180664,33.08601379394531,1.4323177337646484,gnn_st
gnn_st,post_covid,1,Far East,2024-25,0.9,IT90,119.58175049878095,9,,,,,,2025-06-01,2025-06-01,0.0,31.653696060180664,33.08601379394531,1.4323177337646484,gnn_st
gnn_st,post_covid,1,Far East,2024-25,0.98,IT98,159.7885780471188,9,,,,,,2025-06-01,2025-06-01,0.0,31.653696060180664,33.08601379394531,1.4323177337646484,gnn_st
gnn_st,post_covid,1,Far East,2025-26,0.5,IT50,76.01095931639992,44,2025-12-21,2025-12-21,0.0,0.0,2025-12-21,2025-12-28,2026-01-04,1.0,123.03134155273438,106.62603759765624,-16.40530395507814,gnn_st
gnn_st,post_covid,1,Far East,2025-26,0.9,IT90,119.58175049878095,44,2025-12-28,,,,,2025-12-28,2026-01-04,1.0,123.03134155273438,106.62603759765624,-16.40530395507814,gnn_st
gnn_st,post_covid,1,Far East,2025-26,0.98,IT98,159.7885780471188,44,,,,,,2025-12-28,2026-01-04,1.0,123.03134155273438,106.62603759765624,-16.40530395507814,gnn_st
gnn_st,post_covid,1,Far South,2024-25,0.5,IT50,69.7066330370401,9,,,,,,2025-06-01,2025-06-01,0.0,27.77184295654297,27.97455787658691,0.20271492004394176,gnn_st
gnn_st,post_covid,1,Far South,2024-25,0.9,IT90,121.95949130896,9,,,,,,2025-06-01,2025-06-01,0.0,27.77184295654297,27.97455787658691,0.20271492004394176,gnn_st
gnn_st,post_covid,1,Far South,2024-25,0.98,IT98,174.42921640712913,9,,,,,,2025-06-01,2025-06-01,0.0,27.77184295654297,27.97455787658691,0.20271492004394176,gnn_st
gnn_st,post_covid,1,Far South,2025-26,0.5,IT50,69.7066330370401,44,2025-12-14,2025-12-21,1.0,-1.0,2025-12-21,2026-01-18,2026-01-04,-2.0,100.40589904785156,79.9658432006836,-20.44005584716797,gnn_st
gnn_st,post_covid,1,Far South,2025-26,0.9,IT90,121.95949130896,44,,,,,,2026-01-18,2026-01-04,-2.0,100.40589904785156,79.9658432006836,-20.44005584716797,gnn_st
gnn_st,post_covid,1,Far South,2025-26,0.98,IT98,174.42921640712913,44,,,,,,2026-01-18,2026-01-04,-2.0,100.40589904785156,79.9658432006836,-20.44005584716797,gnn_st
gnn_st,post_covid,1,Far Southeast,2024-25,0.5,IT50,10.956265259525463,9,,,,,,2025-06-01,2025-06-01,0.0,6.61631965637207,4.868007659912109,-1.748311996459961,gnn_st
gnn_st,post_covid,1,Far Southeast,2024-25,0.9,IT90,18.40391015194404,9,,,,,,2025-06-01,2025-06-01,0.0,6.61631965637207,4.868007659912109,-1.748311996459961,gnn_st
gnn_st,post_covid,1,Far Southeast,2024-25,0.98,IT98,25.644566505740826,9,,,,,,2025-06-01,2025-06-01,0.0,6.61631965637207,4.868007659912109,-1.748311996459961,gnn_st
gnn_st,post_covid,1,Far Southeast,2025-26,0.5,IT50,10.956265259525463,44,2025-12-07,2025-12-28,3.0,-3.0,2025-12-28,2025-12-21,2025-12-28,1.0,14.177827835083008,13.079489707946776,-1.0983381271362322,gnn_st
gnn_st,post_covid,1,Far Southeast,2025-26,0.9,IT90,18.40391015194404,44,,,,,,2025-12-21,2025-12-28,1.0,14.177827835083008,13.079489707946776,-1.0983381271362322,gnn_st
gnn_st,post_covid,1,Far Southeast,2025-26,0.98,IT98,25.644566505740826,44,,,,,,2025-12-21,2025-12-28,1.0,14.177827835083008,13.079489707946776,-1.0983381271362322,gnn_st
gnn_st,post_covid,1,Far Southwest,2024-25,0.5,IT50,34.041053932580134,9,,,,,,2025-07-06,2025-06-01,-5.0,13.57149600982666,12.512560844421388,-1.0589351654052717,gnn_st
gnn_st,post_covid,1,Far Southwest,2024-25,0.9,IT90,54.68112356483704,9,,,,,,2025-07-06,2025-06-01,-5.0,13.57149600982666,12.512560844421388,-1.0589351654052717,gnn_st
gnn_st,post_covid,1,Far Southwest,2024-25,0.98,IT98,74.04650918881951,9,,,,,,2025-07-06,2025-06-01,-5.0,13.57149600982666,12.512560844421388,-1.0589351654052717,gnn_st
gnn_st,post_covid,1,Far Southwest,2025-26,0.5,IT50,34.041053932580134,44,2025-12-14,2025-12-21,1.0,-1.0,2025-12-21,2025-12-14,2025-12-28,2.0,46.97825241088867,46.557952880859375,-0.4202995300292969,gnn_st
gnn_st,post_covid,1,Far Southwest,2025-26,0.9,IT90,54.68112356483704,44,,,,,,2025-12-14,2025-12-28,2.0,46.97825241088867,46.557952880859375,-0.4202995300292969,gnn_st
gnn_st,post_covid,1,Far Southwest,2025-26,0.98,IT98,74.04650918881951,44,,,,,,2025-12-14,2025-12-28,2.0,46.97825241088867,46.557952880859375,-0.4202995300292969,gnn_st
gnn_st,post_covid,1,Hilliard,2024-25,0.5,IT50,19.24134804712757,9,,,,,,2025-06-01,2025-06-15,2.0,10.828537940979004,7.523958206176758,-3.304579734802246,gnn_st
gnn_st,post_covid,1,Hilliard,2024-25,0.9,IT90,34.52709434950146,9,,,,,,2025-06-01,2025-06-15,2.0,10.828537940979004,7.523958206176758,-3.304579734802246,gnn_st
gnn_st,post_covid,1,Hilliard,2024-25,0.98,IT98,50.186768532537315,9,,,,,,2025-06-01,2025-06-15,2.0,10.828537940979004,7.523958206176758,-3.304579734802246,gnn_st
gnn_st,post_covid,1,Hilliard,2025-26,0.5,IT50,19.24134804712757,44,2025-12-07,2025-12-14,1.0,-1.0,2025-12-14,2025-12-21,2025-12-28,1.0,34.03254699707031,30.04791831970215,-3.984628677368164,gnn_st
gnn_st,post_covid,1,Hilliard,2025-26,0.9,IT90,34.52709434950146,44,,,,,,2025-12-21,2025-12-28,1.0,34.03254699707031,30.04791831970215,-3.984628677368164,gnn_st
gnn_st,post_covid,1,Hilliard,2025-26,0.98,IT98,50.186768532537315,44,,,,,,2025-12-21,2025-12-28,1.0,34.03254699707031,30.04791831970215,-3.984628677368164,gnn_st
gnn_st,post_covid,1,Linden,2024-25,0.5,IT50,53.62727596624066,9,,,,,,2025-06-08,2025-06-15,1.0,23.84536361694336,18.611438751220703,-5.233924865722656,gnn_st
gnn_st,post_covid,1,Linden,2024-25,0.9,IT90,82.61523156370409,9,,,,,,2025-06-08,2025-06-15,1.0,23.84536361694336,18.611438751220703,-5.233924865722656,gnn_st
gnn_st,post_covid,1,Linden,2024-25,0.98,IT98,108.92078323683364,9,,,,,,2025-06-08,2025-06-15,1.0,23.84536361694336,18.611438751220703,-5.233924865722656,gnn_st
gnn_st,post_covid,1,Linden,2025-26,0.5,IT50,53.62727596624066,44,2025-12-14,2025-12-21,1.0,-1.0,2025-12-21,2026-01-04,2025-12-28,-1.0,76.00709533691406,64.24636840820312,-11.760726928710938,gnn_st
gnn_st,post_covid,1,Linden,2025-26,0.9,IT90,82.61523156370409,44,,,,,,2026-01-04,2025-12-28,-1.0,76.00709533691406,64.24636840820312,-11.760726928710938,gnn_st
gnn_st,post_covid,1,Linden,2025-26,0.98,IT98,108.92078323683364,44,,,,,,2026-01-04,2025-12-28,-1.0,76.00709533691406,64.24636840820312,-11.760726928710938,gnn_st
gnn_st,post_covid,1,NE Suburban,2024-25,0.5,IT50,27.312493683860776,9,,,,,,2025-06-01,2025-06-01,0.0,9.269793510437012,12.046643257141112,2.7768497467041,gnn_st
gnn_st,post_covid,1,NE Suburban,2024-25,0.9,IT90,41.22759712033061,9,,,,,,2025-06-01,2025-06-01,0.0,9.269793510437012,12.046643257141112,2.7768497467041,gnn_st
gnn_st,post_covid,1,NE Suburban,2024-25,0.98,IT98,53.6511443833241,9,,,,,,2025-06-01,2025-06-01,0.0,9.269793510437012,12.046643257141112,2.7768497467041,gnn_st
gnn_st,post_covid,1,NE Suburban,2025-26,0.5,IT50,27.312493683860776,44,2025-12-21,2025-12-28,1.0,-1.0,2025-12-28,2025-12-21,2025-12-28,1.0,50.56250762939453,43.126949310302734,-7.435558319091797,gnn_st
gnn_st,post_covid,1,NE Suburban,2025-26,0.9,IT90,41.22759712033061,44,2025-12-21,2025-12-28,1.0,-1.0,2025-12-28,2025-12-21,2025-12-28,1.0,50.56250762939453,43.126949310302734,-7.435558319091797,gnn_st
gnn_st,post_covid,1,NE Suburban,2025-26,0.98,IT98,53.6511443833241,44,,,,,,2025-12-21,2025-12-28,1.0,50.56250762939453,43.126949310302734,-7.435558319091797,gnn_st
gnn_st,post_covid,1,Northland,2024-25,0.5,IT50,56.127661353876796,9,,,,,,2025-07-06,2025-06-01,-5.0,20.79029083251953,24.37555503845215,3.585264205932617,gnn_st
gnn_st,post_covid,1,Northland,2024-25,0.9,IT90,89.91407794411414,9,,,,,,2025-07-06,2025-06-01,-5.0,20.79029083251953,24.37555503845215,3.585264205932617,gnn_st
gnn_st,post_covid,1,Northland,2024-25,0.98,IT98,121.54516325409915,9,,,,,,2025-07-06,2025-06-01,-5.0,20.79029083251953,24.37555503845215,3.585264205932617,gnn_st
gnn_st,post_covid,1,Northland,2025-26,0.5,IT50,56.127661353876796,44,2025-12-14,2025-12-21,1.0,-1.0,2025-12-21,2026-01-04,2026-01-04,0.0,87.05934143066406,73.82201385498047,-13.237327575683594,gnn_st
gnn_st,post_covid,1,Northland,2025-26,0.9,IT90,89.91407794411414,44,,,,,,2026-01-04,2026-01-04,0.0,87.05934143066406,73.82201385498047,-13.237327575683594,gnn_st
gnn_st,post_covid,1,Northland,2025-26,0.98,IT98,121.54516325409915,44,,,,,,2026-01-04,2026-01-04,0.0,87.05934143066406,73.82201385498047,-13.237327575683594,gnn_st
gnn_st,post_covid,1,UA/Grandview,2024-25,0.5,IT50,8.143164584776198,9,,,,,,2025-07-06,2025-06-15,-3.0,5.691908359527588,2.861625909805298,-2.83028244972229,gnn_st
gnn_st,post_covid,1,UA/Grandview,2024-25,0.9,IT90,16.706142473783938,9,,,,,,2025-07-06,2025-06-15,-3.0,5.691908359527588,2.861625909805298,-2.83028244972229,gnn_st
gnn_st,post_covid,1,UA/Grandview,2024-25,0.98,IT98,26.455007113900507,9,,,,,,2025-07-06,2025-06-15,-3.0,5.691908359527588,2.861625909805298,-2.83028244972229,gnn_st
gnn_st,post_covid,1,UA/Grandview,2025-26,0.5,IT50,8.143164584776198,44,2025-12-07,2025-12-14,1.0,-1.0,2025-12-14,2025-12-07,2025-12-28,3.0,15.93734359741211,13.79538917541504,-2.1419544219970685,gnn_st
gnn_st,post_covid,1,UA/Grandview,2025-26,0.9,IT90,16.706142473783938,44,,,,,,2025-12-07,2025-12-28,3.0,15.93734359741211,13.79538917541504,-2.1419544219970685,gnn_st
gnn_st,post_covid,1,UA/Grandview,2025-26,0.98,IT98,26.455007113900507,44,,,,,,2025-12-07,2025-12-28,3.0,15.93734359741211,13.79538917541504,-2.1419544219970685,gnn_st
gnn_st,post_covid,1,West,2024-25,0.5,IT50,73.15037971354549,9,,,,,,2025-06-01,2025-06-01,0.0,26.18584442138672,27.1025390625,0.9166946411132812,gnn_st
gnn_st,post_covid,1,West,2024-25,0.9,IT90,114.1022318647041,9,,,,,,2025-06-01,2025-06-01,0.0,26.18584442138672,27.1025390625,0.9166946411132812,gnn_st
gnn_st,post_covid,1,West,2024-25,0.98,IT98,151.63555393306305,9,,,,,,2025-06-01,2025-06-01,0.0,26.18584442138672,27.1025390625,0.9166946411132812,gnn_st
gnn_st,post_covid,1,West,2025-26,0.5,IT50,73.15037971354549,44,2025-12-21,2025-12-21,0.0,0.0,2025-12-21,2026-01-04,2025-12-28,-1.0,84.5428695678711,85.58782196044922,1.044952392578125,gnn_st
gnn_st,post_covid,1,West,2025-26,0.9,IT90,114.1022318647041,44,,,,,,2026-01-04,2025-12-28,-1.0,84.5428695678711,85.58782196044922,1.044952392578125,gnn_st
gnn_st,post_covid,1,West,2025-26,0.98,IT98,151.63555393306305,44,,,,,,2026-01-04,2025-12-28,-1.0,84.5428695678711,85.58782196044922,1.044952392578125,gnn_st
gnn_st,post_covid,1,Westerville,2024-25,0.5,IT50,24.33364195874595,9,,,,,,2025-06-01,2025-06-01,0.0,9.329228401184082,10.261638641357422,0.9324102401733398,gnn_st
gnn_st,post_covid,1,Westerville,2024-25,0.9,IT90,36.408491039457616,9,,,,,,2025-06-01,2025-06-01,0.0,9.329228401184082,10.261638641357422,0.9324102401733398,gnn_st
gnn_st,post_covid,1,Westerville,2024-25,0.98,IT98,47.11324141772458,9,,,,,,2025-06-01,2025-06-01,0.0,9.329228401184082,10.261638641357422,0.9324102401733398,gnn_st
gnn_st,post_covid,1,Westerville,2025-26,0.5,IT50,24.33364195874595,44,2025-12-14,2025-12-21,1.0,-1.0,2025-12-21,2025-12-21,2025-12-28,1.0,45.091270446777344,39.41217041015625,-5.679100036621094,gnn_st
gnn_st,post_covid,1,Westerville,2025-26,0.9,IT90,36.408491039457616,44,2025-12-21,2025-12-28,1.0,-1.0,2025-12-28,2025-12-21,2025-12-28,1.0,45.091270446777344,39.41217041015625,-5.679100036621094,gnn_st
gnn_st,post_covid,1,Westerville,2025-26,0.98,IT98,47.11324141772458,44,,,,,,2025-12-21,2025-12-28,1.0,45.091270446777344,39.41217041015625,-5.679100036621094,gnn_st
gnn_st,post_covid,1,Worthington,2024-25,0.5,IT50,13.721631551906164,9,,,,,,2025-06-08,2025-06-01,-1.0,11.216263771057127,6.8477935791015625,-4.368470191955565,gnn_st
gnn_st,post_covid,1,Worthington,2024-25,0.9,IT90,22.978569674557114,9,,,,,,2025-06-08,2025-06-01,-1.0,11.216263771057127,6.8477935791015625,-4.368470191955565,gnn_st
gnn_st,post_covid,1,Worthington,2024-25,0.98,IT98,31.956357603850087,9,,,,,,2025-06-08,2025-06-01,-1.0,11.216263771057127,6.8477935791015625,-4.368470191955565,gnn_st
gnn_st,post_covid,1,Worthington,2025-26,0.5,IT50,13.721631551906164,44,2025-08-31,2025-12-14,15.0,-15.0,2025-12-14,2025-12-21,2025-12-28,1.0,44.86505508422851,36.68488693237305,-8.180168151855462,gnn_st
gnn_st,post_covid,1,Worthington,2025-26,0.9,IT90,22.978569674557114,44,2025-12-21,2025-12-28,1.0,-1.0,2025-12-28,2025-12-21,2025-12-28,1.0,44.86505508422851,36.68488693237305,-8.180168151855462,gnn_st
gnn_st,post_covid,1,Worthington,2025-26,0.98,IT98,31.956357603850087,44,2025-12-21,2025-12-28,1.0,-1.0,2025-12-28,2025-12-21,2025-12-28,1.0,44.86505508422851,36.68488693237305,-8.180168151855462,gnn_st
gnn_st,post_covid,1,CITYWIDE,2024-25,0.5,IT50,35.19412725226089,9,,,,,,2025-06-01,2025-06-01,0.0,13.228462962543263,14.121834642746869,0.8933716802036056,gnn_st
gnn_st,post_covid,1,CITYWIDE,2024-25,0.9,IT90,56.071415152332634,9,,,,,,2025-06-01,2025-06-01,0.0,13.228462962543263,14.121834642746869,0.8933716802036056,gnn_st
gnn_st,post_covid,1,CITYWIDE,2024-25,0.98,IT98,75.53173152268305,9,,,,,,2025-06-01,2025-06-01,0.0,13.228462962543263,14.121834642746869,0.8933716802036056,gnn_st
gnn_st,post_covid,1,CITYWIDE,2025-26,0.5,IT50,35.19412725226089,44,2025-12-14,2025-12-21,1.0,-1.0,2025-12-21,2025-12-21,2025-12-28,1.0,52.203583997838635,49.862389508415674,-2.3411944894229606,gnn_st
gnn_st,post_covid,1,CITYWIDE,2025-26,0.9,IT90,56.071415152332634,44,,,,,,2025-12-21,2025-12-28,1.0,52.203583997838635,49.862389508415674,-2.3411944894229606,gnn_st
gnn_st,post_covid,1,CITYWIDE,2025-26,0.98,IT98,75.53173152268305,44,,,,,,2025-12-21,2025-12-28,1.0,52.203583997838635,49.862389508415674,-2.3411944894229606,gnn_st
gnn_st_v2,post_covid,1,Agler/Cassidy,2024-25,0.5,IT50,51.74083078339265,9,,,,,,2025-06-08,2025-06-08,0.0,30.734241485595703,19.583606719970703,-11.150634765625,gnn_st_v2
gnn_st_v2,post_covid,1,Agler/Cassidy,2024-25,0.9,IT90,88.48740693700204,9,,,,,,2025-06-08,2025-06-08,0.0,30.734241485595703,19.583606719970703,-11.150634765625,gnn_st_v2
gnn_st_v2,post_covid,1,Agler/Cassidy,2024-25,0.98,IT98,124.72586226376617,9,,,,,,2025-06-08,2025-06-08,0.0,30.734241485595703,19.583606719970703,-11.150634765625,gnn_st_v2
gnn_st_v2,post_covid,1,Agler/Cassidy,2025-26,0.5,IT50,51.74083078339265,44,2025-12-14,2025-12-21,1.0,-1.0,2025-12-21,2025-12-14,2025-12-28,2.0,86.05587768554688,75.76014709472656,-10.295730590820312,gnn_st_v2
gnn_st_v2,post_covid,1,Agler/Cassidy,2025-26,0.9,IT90,88.48740693700204,44,,,,,,2025-12-14,2025-12-28,2.0,86.05587768554688,75.76014709472656,-10.295730590820312,gnn_st_v2
gnn_st_v2,post_covid,1,Agler/Cassidy,2025-26,0.98,IT98,124.72586226376617,44,,,,,,2025-12-14,2025-12-28,2.0,86.05587768554688,75.76014709472656,-10.295730590820312,gnn_st_v2
gnn_st_v2,post_covid,1,Bexley,2024-25,0.5,IT50,24.605454693531783,9,,,,,,2025-06-08,2025-06-01,-1.0,7.03457498550415,11.022727966308594,3.9881529808044434,gnn_st_v2
gnn_st_v2,post_covid,1,Bexley,2024-25,0.9,IT90,37.5430295506582,9,,,,,,2025-06-08,2025-06-01,-1.0,7.03457498550415,11.022727966308594,3.9881529808044434,gnn_st_v2
gnn_st_v2,post_covid,1,Bexley,2024-25,0.98,IT98,49.19357270883574,9,,,,,,2025-06-08,2025-06-01,-1.0,7.03457498550415,11.022727966308594,3.9881529808044434,gnn_st_v2
gnn_st_v2,post_covid,1,Bexley,2025-26,0.5,IT50,24.605454693531783,44,2025-12-07,2025-12-14,1.0,-1.0,2025-12-14,2026-01-04,2026-01-11,1.0,49.24202728271485,36.36335754394531,-12.878669738769538,gnn_st_v2
gnn_st_v2,post_covid,1,Bexley,2025-26,0.9,IT90,37.5430295506582,44,2025-12-28,,,,,2026-01-04,2026-01-11,1.0,49.24202728271485,36.36335754394531,-12.878669738769538,gnn_st_v2
gnn_st_v2,post_covid,1,Bexley,2025-26,0.98,IT98,49.19357270883574,44,2026-01-04,,,,,2026-01-04,2026-01-11,1.0,49.24202728271485,36.36335754394531,-12.878669738769538,gnn_st_v2
gnn_st_v2,post_covid,1,Clintonville/Near North,2024-25,0.5,IT50,15.728895715230147,9,,,,,,2025-07-13,2025-06-01,-6.0,5.136054039001465,5.081935405731201,-0.05411863327026367,gnn_st_v2
gnn_st_v2,post_covid,1,Clintonville/Near North,2024-25,0.9,IT90,22.099499115677975,9,,,,,,2025-07-13,2025-06-01,-6.0,5.136054039001465,5.081935405731201,-0.05411863327026367,gnn_st_v2
gnn_st_v2,post_covid,1,Clintonville/Near North,2024-25,0.98,IT98,27.469599865392972,9,,,,,,2025-07-13,2025-06-01,-6.0,5.136054039001465,5.081935405731201,-0.05411863327026367,gnn_st_v2
gnn_st_v2,post_covid,1,Clintonville/Near North,2025-26,0.5,IT50,15.728895715230147,44,2025-12-07,2025-12-14,1.0,-1.0,2025-12-14,2025-12-28,2026-01-04,1.0,27.734691619873047,23.120027542114254,-4.614664077758793,gnn_st_v2
gnn_st_v2,post_covid,1,Clintonville/Near North,2025-26,0.9,IT90,22.099499115677975,44,2025-12-21,2025-12-28,1.0,-1.0,2025-12-28,2025-12-28,2026-01-04,1.0,27.734691619873047,23.120027542114254,-4.614664077758793,gnn_st_v2
gnn_st_v2,post_covid,1,Clintonville/Near North,2025-26,0.98,IT98,27.469599865392972,44,2025-12-28,,,,,2025-12-28,2026-01-04,1.0,27.734691619873047,23.120027542114254,-4.614664077758793,gnn_st_v2
gnn_st_v2,post_covid,1,Dublin,2024-25,0.5,IT50,8.038849454818003,9,,,,,,2025-07-13,2025-06-01,-6.0,3.810394763946533,2.4238529205322266,-1.3865418434143066,gnn_st_v2
gnn_st_v2,post_covid,1,Dublin,2024-25,0.9,IT90,14.1626396504559,9,,,,,,2025-07-13,2025-06-01,-6.0,3.810394763946533,2.4238529205322266,-1.3865418434143066,gnn_st_v2
gnn_st_v2,post_covid,1,Dublin,2024-25,0.98,IT98,20.345693253667104,9,,,,,,2025-07-13,2025-06-01,-6.0,3.810394763946533,2.4238529205322266,-1.3865418434143066,gnn_st_v2
gnn_st_v2,post_covid,1,Dublin,2025-26,0.5,IT50,8.038849454818003,44,2025-12-14,2025-12-14,0.0,0.0,2025-12-14,2025-12-21,2025-12-28,1.0,16.765737533569336,14.295663833618164,-2.470073699951172,gnn_st_v2
gnn_st_v2,post_covid,1,Dublin,2025-26,0.9,IT90,14.1626396504559,44,2025-12-21,2025-12-28,1.0,-1.0,2025-12-28,2025-12-21,2025-12-28,1.0,16.765737533569336,14.295663833618164,-2.470073699951172,gnn_st_v2
gnn_st_v2,post_covid,1,Dublin,2025-26,0.98,IT98,20.345693253667104,44,,,,,,2025-12-21,2025-12-28,1.0,16.765737533569336,14.295663833618164,-2.470073699951172,gnn_st_v2
gnn_st_v2,post_covid,1,Eastside,2024-25,0.5,IT50,53.89825474693718,9,,,,,,2025-06-01,2025-06-01,0.0,18.382776260375977,18.547637939453125,0.16486167907714844,gnn_st_v2
gnn_st_v2,post_covid,1,Eastside,2024-25,0.9,IT90,89.53274062296502,9,,,,,,2025-06-01,2025-06-01,0.0,18.382776260375977,18.547637939453125,0.16486167907714844,gnn_st_v2
gnn_st_v2,post_covid,1,Eastside,2024-25,0.98,IT98,123.87134674281285,9,,,,,,2025-06-01,2025-06-01,0.0,18.382776260375977,18.547637939453125,0.16486167907714844,gnn_st_v2
gnn_st_v2,post_covid,1,Eastside,2025-26,0.5,IT50,53.89825474693718,44,2025-12-21,2025-12-21,0.0,0.0,2025-12-21,2025-12-21,2025-12-28,1.0,91.91387939453124,79.76241302490234,-12.151466369628892,gnn_st_v2
gnn_st_v2,post_covid,1,Eastside,2025-26,0.9,IT90,89.53274062296502,44,2025-12-21,,,,,2025-12-21,2025-12-28,1.0,91.91387939453124,79.76241302490234,-12.151466369628892,gnn_st_v2
gnn_st_v2,post_covid,1,Eastside,2025-26,0.98,IT98,123.87134674281285,44,,,,,,2025-12-21,2025-12-28,1.0,91.91387939453124,79.76241302490234,-12.151466369628892,gnn_st_v2
gnn_st_v2,post_covid,1,Far East,2024-25,0.5,IT50,76.01095931639992,9,,,,,,2025-06-01,2025-06-01,0.0,31.653696060180664,33.09700393676758,1.443307876586914,gnn_st_v2
gnn_st_v2,post_covid,1,Far East,2024-25,0.9,IT90,119.58175049878095,9,,,,,,2025-06-01,2025-06-01,0.0,31.653696060180664,33.09700393676758,1.443307876586914,gnn_st_v2
gnn_st_v2,post_covid,1,Far East,2024-25,0.98,IT98,159.7885780471188,9,,,,,,2025-06-01,2025-06-01,0.0,31.653696060180664,33.09700393676758,1.443307876586914,gnn_st_v2
gnn_st_v2,post_covid,1,Far East,2025-26,0.5,IT50,76.01095931639992,44,2025-12-21,2025-12-21,0.0,0.0,2025-12-21,2025-12-28,2026-01-04,1.0,123.03134155273438,106.77072143554688,-16.2606201171875,gnn_st_v2
gnn_st_v2,post_covid,1,Far East,2025-26,0.9,IT90,119.58175049878095,44,2025-12-28,,,,,2025-12-28,2026-01-04,1.0,123.03134155273438,106.77072143554688,-16.2606201171875,gnn_st_v2
gnn_st_v2,post_covid,1,Far East,2025-26,0.98,IT98,159.7885780471188,44,,,,,,2025-12-28,2026-01-04,1.0,123.03134155273438,106.77072143554688,-16.2606201171875,gnn_st_v2
gnn_st_v2,post_covid,1,Far South,2024-25,0.5,IT50,69.7066330370401,9,,,,,,2025-06-01,2025-06-01,0.0,27.77184295654297,27.868486404418945,0.09664344787597656,gnn_st_v2
gnn_st_v2,post_covid,1,Far South,2024-25,0.9,IT90,121.95949130896,9,,,,,,2025-06-01,2025-06-01,0.0,27.77184295654297,27.868486404418945,0.09664344787597656,gnn_st_v2
gnn_st_v2,post_covid,1,Far South,2024-25,0.98,IT98,174.42921640712913,9,,,,,,2025-06-01,2025-06-01,0.0,27.77184295654297,27.868486404418945,0.09664344787597656,gnn_st_v2
gnn_st_v2,post_covid,1,Far South,2025-26,0.5,IT50,69.7066330370401,44,2025-12-14,2025-12-21,1.0,-1.0,2025-12-21,2026-01-18,2026-01-04,-2.0,100.40589904785156,80.153076171875,-20.252822875976562,gnn_st_v2
gnn_st_v2,post_covid,1,Far South,2025-26,0.9,IT90,121.95949130896,44,,,,,,2026-01-18,2026-01-04,-2.0,100.40589904785156,80.153076171875,-20.252822875976562,gnn_st_v2
gnn_st_v2,post_covid,1,Far South,2025-26,0.98,IT98,174.42921640712913,44,,,,,,2026-01-18,2026-01-04,-2.0,100.40589904785156,80.153076171875,-20.252822875976562,gnn_st_v2
gnn_st_v2,post_covid,1,Far Southeast,2024-25,0.5,IT50,10.956265259525463,9,,,,,,2025-06-01,2025-06-01,0.0,6.61631965637207,4.8624587059021,-1.7538609504699707,gnn_st_v2
gnn_st_v2,post_covid,1,Far Southeast,2024-25,0.9,IT90,18.40391015194404,9,,,,,,2025-06-01,2025-06-01,0.0,6.61631965637207,4.8624587059021,-1.7538609504699707,gnn_st_v2
gnn_st_v2,post_covid,1,Far Southeast,2024-25,0.98,IT98,25.644566505740826,9,,,,,,2025-06-01,2025-06-01,0.0,6.61631965637207,4.8624587059021,-1.7538609504699707,gnn_st_v2
gnn_st_v2,post_covid,1,Far Southeast,2025-26,0.5,IT50,10.956265259525463,44,2025-12-07,2025-12-28,3.0,-3.0,2025-12-28,2025-12-21,2025-12-28,1.0,14.177827835083008,13.0612154006958,-1.116612434387207,gnn_st_v2
gnn_st_v2,post_covid,1,Far Southeast,2025-26,0.9,IT90,18.40391015194404,44,,,,,,2025-12-21,2025-12-28,1.0,14.177827835083008,13.0612154006958,-1.116612434387207,gnn_st_v2
gnn_st_v2,post_covid,1,Far Southeast,2025-26,0.98,IT98,25.644566505740826,44,,,,,,2025-12-21,2025-12-28,1.0,14.177827835083008,13.0612154006958,-1.116612434387207,gnn_st_v2
gnn_st_v2,post_covid,1,Far Southwest,2024-25,0.5,IT50,34.041053932580134,9,,,,,,2025-07-06,2025-06-01,-5.0,13.57149600982666,12.59101676940918,-0.9804792404174805,gnn_st_v2
gnn_st_v2,post_covid,1,Far Southwest,2024-25,0.9,IT90,54.68112356483704,9,,,,,,2025-07-06,2025-06-01,-5.0,13.57149600982666,12.59101676940918,-0.9804792404174805,gnn_st_v2
gnn_st_v2,post_covid,1,Far Southwest,2024-25,0.98,IT98,74.04650918881951,9,,,,,,2025-07-06,2025-06-01,-5.0,13.57149600982666,12.59101676940918,-0.9804792404174805,gnn_st_v2
gnn_st_v2,post_covid,1,Far Southwest,2025-26,0.5,IT50,34.041053932580134,44,2025-12-14,2025-12-21,1.0,-1.0,2025-12-21,2025-12-14,2025-12-28,2.0,46.97825241088867,46.5006103515625,-0.4776420593261719,gnn_st_v2
gnn_st_v2,post_covid,1,Far Southwest,2025-26,0.9,IT90,54.68112356483704,44,,,,,,2025-12-14,2025-12-28,2.0,46.97825241088867,46.5006103515625,-0.4776420593261719,gnn_st_v2
gnn_st_v2,post_covid,1,Far Southwest,2025-26,0.98,IT98,74.04650918881951,44,,,,,,2025-12-14,2025-12-28,2.0,46.97825241088867,46.5006103515625,-0.4776420593261719,gnn_st_v2
gnn_st_v2,post_covid,1,Hilliard,2024-25,0.5,IT50,19.24134804712757,9,,,,,,2025-06-01,2025-06-15,2.0,10.828537940979004,7.508350849151611,-3.3201870918273926,gnn_st_v2
gnn_st_v2,post_covid,1,Hilliard,2024-25,0.9,IT90,34.52709434950146,9,,,,,,2025-06-01,2025-06-15,2.0,10.828537940979004,7.508350849151611,-3.3201870918273926,gnn_st_v2
gnn_st_v2,post_covid,1,Hilliard,2024-25,0.98,IT98,50.186768532537315,9,,,,,,2025-06-01,2025-06-15,2.0,10.828537940979004,7.508350849151611,-3.3201870918273926,gnn_st_v2
gnn_st_v2,post_covid,1,Hilliard,2025-26,0.5,IT50,19.24134804712757,44,2025-12-07,2025-12-14,1.0,-1.0,2025-12-14,2025-12-21,2025-12-28,1.0,34.03254699707031,30.004159927368164,-4.028387069702148,gnn_st_v2
gnn_st_v2,post_covid,1,Hilliard,2025-26,0.9,IT90,34.52709434950146,44,,,,,,2025-12-21,2025-12-28,1.0,34.03254699707031,30.004159927368164,-4.028387069702148,gnn_st_v2
gnn_st_v2,post_covid,1,Hilliard,2025-26,0.98,IT98,50.186768532537315,44,,,,,,2025-12-21,2025-12-28,1.0,34.03254699707031,30.004159927368164,-4.028387069702148,gnn_st_v2
gnn_st_v2,post_covid,1,Linden,2024-25,0.5,IT50,53.62727596624066,9,,,,,,2025-06-08,2025-06-15,1.0,23.84536361694336,18.61675262451172,-5.228610992431641,gnn_st_v2
gnn_st_v2,post_covid,1,Linden,2024-25,0.9,IT90,82.61523156370409,9,,,,,,2025-06-08,2025-06-15,1.0,23.84536361694336,18.61675262451172,-5.228610992431641,gnn_st_v2
gnn_st_v2,post_covid,1,Linden,2024-25,0.98,IT98,108.92078323683364,9,,,,,,2025-06-08,2025-06-15,1.0,23.84536361694336,18.61675262451172,-5.228610992431641,gnn_st_v2
gnn_st_v2,post_covid,1,Linden,2025-26,0.5,IT50,53.62727596624066,44,2025-12-14,2025-12-21,1.0,-1.0,2025-12-21,2026-01-04,2025-12-28,-1.0,76.00709533691406,64.1828384399414,-11.824256896972656,gnn_st_v2
gnn_st_v2,post_covid,1,Linden,2025-26,0.9,IT90,82.61523156370409,44,,,,,,2026-01-04,2025-12-28,-1.0,76.00709533691406,64.1828384399414,-11.824256896972656,gnn_st_v2
gnn_st_v2,post_covid,1,Linden,2025-26,0.98,IT98,108.92078323683364,44,,,,,,2026-01-04,2025-12-28,-1.0,76.00709533691406,64.1828384399414,-11.824256896972656,gnn_st_v2
gnn_st_v2,post_covid,1,NE Suburban,2024-25,0.5,IT50,27.312493683860776,9,,,,,,2025-06-01,2025-06-01,0.0,9.269793510437012,12.010536193847656,2.7407426834106445,gnn_st_v2
gnn_st_v2,post_covid,1,NE Suburban,2024-25,0.9,IT90,41.22759712033061,9,,,,,,2025-06-01,2025-06-01,0.0,9.269793510437012,12.010536193847656,2.7407426834106445,gnn_st_v2
gnn_st_v2,post_covid,1,NE Suburban,2024-25,0.98,IT98,53.6511443833241,9,,,,,,2025-06-01,2025-06-01,0.0,9.269793510437012,12.010536193847656,2.7407426834106445,gnn_st_v2
gnn_st_v2,post_covid,1,NE Suburban,2025-26,0.5,IT50,27.312493683860776,44,2025-12-21,2025-12-28,1.0,-1.0,2025-12-28,2025-12-21,2025-12-28,1.0,50.56250762939453,43.122283935546875,-7.440223693847656,gnn_st_v2
gnn_st_v2,post_covid,1,NE Suburban,2025-26,0.9,IT90,41.22759712033061,44,2025-12-21,2025-12-28,1.0,-1.0,2025-12-28,2025-12-21,2025-12-28,1.0,50.56250762939453,43.122283935546875,-7.440223693847656,gnn_st_v2
gnn_st_v2,post_covid,1,NE Suburban,2025-26,0.98,IT98,53.6511443833241,44,,,,,,2025-12-21,2025-12-28,1.0,50.56250762939453,43.122283935546875,-7.440223693847656,gnn_st_v2
gnn_st_v2,post_covid,1,Northland,2024-25,0.5,IT50,56.127661353876796,9,,,,,,2025-07-06,2025-06-01,-5.0,20.79029083251953,24.32931137084961,3.539020538330078,gnn_st_v2
gnn_st_v2,post_covid,1,Northland,2024-25,0.9,IT90,89.91407794411414,9,,,,,,2025-07-06,2025-06-01,-5.0,20.79029083251953,24.32931137084961,3.539020538330078,gnn_st_v2
gnn_st_v2,post_covid,1,Northland,2024-25,0.98,IT98,121.54516325409915,9,,,,,,2025-07-06,2025-06-01,-5.0,20.79029083251953,24.32931137084961,3.539020538330078,gnn_st_v2
gnn_st_v2,post_covid,1,Northland,2025-26,0.5,IT50,56.127661353876796,44,2025-12-14,2025-12-21,1.0,-1.0,2025-12-21,2026-01-04,2026-01-04,0.0,87.05934143066406,73.75627899169922,-13.303062438964844,gnn_st_v2
gnn_st_v2,post_covid,1,Northland,2025-26,0.9,IT90,89.91407794411414,44,,,,,,2026-01-04,2026-01-04,0.0,87.05934143066406,73.75627899169922,-13.303062438964844,gnn_st_v2
gnn_st_v2,post_covid,1,Northland,2025-26,0.98,IT98,121.54516325409915,44,,,,,,2026-01-04,2026-01-04,0.0,87.05934143066406,73.75627899169922,-13.303062438964844,gnn_st_v2
gnn_st_v2,post_covid,1,UA/Grandview,2024-25,0.5,IT50,8.143164584776198,9,,,,,,2025-07-06,2025-06-15,-3.0,5.691908359527588,2.8618323802948,-2.830075979232788,gnn_st_v2
gnn_st_v2,post_covid,1,UA/Grandview,2024-25,0.9,IT90,16.706142473783938,9,,,,,,2025-07-06,2025-06-15,-3.0,5.691908359527588,2.8618323802948,-2.830075979232788,gnn_st_v2
gnn_st_v2,post_covid,1,UA/Grandview,2024-25,0.98,IT98,26.455007113900507,9,,,,,,2025-07-06,2025-06-15,-3.0,5.691908359527588,2.8618323802948,-2.830075979232788,gnn_st_v2
gnn_st_v2,post_covid,1,UA/Grandview,2025-26,0.5,IT50,8.143164584776198,44,2025-12-07,2025-12-14,1.0,-1.0,2025-12-14,2025-12-07,2025-12-28,3.0,15.93734359741211,13.773947715759276,-2.163395881652834,gnn_st_v2
gnn_st_v2,post_covid,1,UA/Grandview,2025-26,0.9,IT90,16.706142473783938,44,,,,,,2025-12-07,2025-12-28,3.0,15.93734359741211,13.773947715759276,-2.163395881652834,gnn_st_v2
gnn_st_v2,post_covid,1,UA/Grandview,2025-26,0.98,IT98,26.455007113900507,44,,,,,,2025-12-07,2025-12-28,3.0,15.93734359741211,13.773947715759276,-2.163395881652834,gnn_st_v2
gnn_st_v2,post_covid,1,West,2024-25,0.5,IT50,73.15037971354549,9,,,,,,2025-06-01,2025-06-01,0.0,26.18584442138672,27.221206665039062,1.0353622436523438,gnn_st_v2
gnn_st_v2,post_covid,1,West,2024-25,0.9,IT90,114.1022318647041,9,,,,,,2025-06-01,2025-06-01,0.0,26.18584442138672,27.221206665039062,1.0353622436523438,gnn_st_v2
gnn_st_v2,post_covid,1,West,2024-25,0.98,IT98,151.63555393306305,9,,,,,,2025-06-01,2025-06-01,0.0,26.18584442138672,27.221206665039062,1.0353622436523438,gnn_st_v2
gnn_st_v2,post_covid,1,West,2025-26,0.5,IT50,73.15037971354549,44,2025-12-21,2025-12-21,0.0,0.0,2025-12-21,2026-01-04,2025-12-28,-1.0,84.5428695678711,85.6321792602539,1.0893096923828125,gnn_st_v2
gnn_st_v2,post_covid,1,West,2025-26,0.9,IT90,114.1022318647041,44,,,,,,2026-01-04,2025-12-28,-1.0,84.5428695678711,85.6321792602539,1.0893096923828125,gnn_st_v2
gnn_st_v2,post_covid,1,West,2025-26,0.98,IT98,151.63555393306305,44,,,,,,2026-01-04,2025-12-28,-1.0,84.5428695678711,85.6321792602539,1.0893096923828125,gnn_st_v2
gnn_st_v2,post_covid,1,Westerville,2024-25,0.5,IT50,24.33364195874595,9,,,,,,2025-06-01,2025-06-01,0.0,9.329228401184082,10.292527198791504,0.9632987976074219,gnn_st_v2
gnn_st_v2,post_covid,1,Westerville,2024-25,0.9,IT90,36.408491039457616,9,,,,,,2025-06-01,2025-06-01,0.0,9.329228401184082,10.292527198791504,0.9632987976074219,gnn_st_v2
gnn_st_v2,post_covid,1,Westerville,2024-25,0.98,IT98,47.11324141772458,9,,,,,,2025-06-01,2025-06-01,0.0,9.329228401184082,10.292527198791504,0.9632987976074219,gnn_st_v2
gnn_st_v2,post_covid,1,Westerville,2025-26,0.5,IT50,24.33364195874595,44,2025-12-14,2025-12-21,1.0,-1.0,2025-12-21,2025-12-21,2025-12-28,1.0,45.091270446777344,39.4072380065918,-5.684032440185547,gnn_st_v2
gnn_st_v2,post_covid,1,Westerville,2025-26,0.9,IT90,36.408491039457616,44,2025-12-21,2025-12-28,1.0,-1.0,2025-12-28,2025-12-21,2025-12-28,1.0,45.091270446777344,39.4072380065918,-5.684032440185547,gnn_st_v2
gnn_st_v2,post_covid,1,Westerville,2025-26,0.98,IT98,47.11324141772458,44,,,,,,2025-12-21,2025-12-28,1.0,45.091270446777344,39.4072380065918,-5.684032440185547,gnn_st_v2
gnn_st_v2,post_covid,1,Worthington,2024-25,0.5,IT50,13.721631551906164,9,,,,,,2025-06-08,2025-06-01,-1.0,11.216263771057127,6.841770648956299,-4.374493122100828,gnn_st_v2
gnn_st_v2,post_covid,1,Worthington,2024-25,0.9,IT90,22.978569674557114,9,,,,,,2025-06-08,2025-06-01,-1.0,11.216263771057127,6.841770648956299,-4.374493122100828,gnn_st_v2
gnn_st_v2,post_covid,1,Worthington,2024-25,0.98,IT98,31.956357603850087,9,,,,,,2025-06-08,2025-06-01,-1.0,11.216263771057127,6.841770648956299,-4.374493122100828,gnn_st_v2
gnn_st_v2,post_covid,1,Worthington,2025-26,0.5,IT50,13.721631551906164,44,2025-08-31,2025-12-14,15.0,-15.0,2025-12-14,2025-12-21,2025-12-28,1.0,44.86505508422851,36.675655364990234,-8.189399719238274,gnn_st_v2
gnn_st_v2,post_covid,1,Worthington,2025-26,0.9,IT90,22.978569674557114,44,2025-12-21,2025-12-28,1.0,-1.0,2025-12-28,2025-12-21,2025-12-28,1.0,44.86505508422851,36.675655364990234,-8.189399719238274,gnn_st_v2
gnn_st_v2,post_covid,1,Worthington,2025-26,0.98,IT98,31.956357603850087,44,2025-12-21,2025-12-28,1.0,-1.0,2025-12-28,2025-12-21,2025-12-28,1.0,44.86505508422851,36.675655364990234,-8.189399719238274,gnn_st_v2
gnn_st_v2,post_covid,1,CITYWIDE,2024-25,0.5,IT50,35.19412725226089,9,,,,,,2025-06-01,2025-06-01,0.0,13.228462962543263,14.111995654947618,0.883532692404355,gnn_st_v2
gnn_st_v2,post_covid,1,CITYWIDE,2024-25,0.9,IT90,56.071415152332634,9,,,,,,2025-06-01,2025-06-01,0.0,13.228462962543263,14.111995654947618,0.883532692404355,gnn_st_v2
gnn_st_v2,post_covid,1,CITYWIDE,2024-25,0.98,IT98,75.53173152268305,9,,,,,,2025-06-01,2025-06-01,0.0,13.228462962543263,14.111995654947618,0.883532692404355,gnn_st_v2
gnn_st_v2,post_covid,1,CITYWIDE,2025-26,0.5,IT50,35.19412725226089,44,2025-12-14,2025-12-21,1.0,-1.0,2025-12-21,2025-12-21,2025-12-28,1.0,52.203583997838635,49.84275582257439,-2.3608281752642455,gnn_st_v2
gnn_st_v2,post_covid,1,CITYWIDE,2025-26,0.9,IT90,56.071415152332634,44,,,,,,2025-12-21,2025-12-28,1.0,52.203583997838635,49.84275582257439,-2.3608281752642455,gnn_st_v2
gnn_st_v2,post_covid,1,CITYWIDE,2025-26,0.98,IT98,75.53173152268305,44,,,,,,2025-12-21,2025-12-28,1.0,52.203583997838635,49.84275582257439,-2.3608281752642455,gnn_st_v2
lstm,post_covid,1,Agler/Cassidy,2024-25,0.5,IT50,51.74083078339265,9,,,,,,2025-06-08,2025-06-01,-1.0,30.73424101791806,24.24063491821289,-6.493606099705168,lstm
lstm,post_covid,1,Agler/Cassidy,2024-25,0.9,IT90,88.48740693700204,9,,,,,,2025-06-08,2025-06-01,-1.0,30.73424101791806,24.24063491821289,-6.493606099705168,lstm
lstm,post_covid,1,Agler/Cassidy,2024-25,0.98,IT98,124.72586226376617,9,,,,,,2025-06-08,2025-06-01,-1.0,30.73424101791806,24.24063491821289,-6.493606099705168,lstm
lstm,post_covid,1,Agler/Cassidy,2025-26,0.5,IT50,51.74083078339265,44,2025-12-14,2025-12-21,1.0,-1.0,2025-12-21,2025-12-14,2026-01-04,3.0,86.05587485017058,66.8765640258789,-19.179310824291676,lstm
lstm,post_covid,1,Agler/Cassidy,2025-26,0.9,IT90,88.48740693700204,44,,,,,,2025-12-14,2026-01-04,3.0,86.05587485017058,66.8765640258789,-19.179310824291676,lstm
lstm,post_covid,1,Agler/Cassidy,2025-26,0.98,IT98,124.72586226376617,44,,,,,,2025-12-14,2026-01-04,3.0,86.05587485017058,66.8765640258789,-19.179310824291676,lstm
lstm,post_covid,1,Bexley,2024-25,0.5,IT50,24.605454693531783,9,,,,,,2025-06-08,2025-06-01,-1.0,7.034574935809503,10.298216819763184,3.2636418839536807,lstm
lstm,post_covid,1,Bexley,2024-25,0.9,IT90,37.5430295506582,9,,,,,,2025-06-08,2025-06-01,-1.0,7.034574935809503,10.298216819763184,3.2636418839536807,lstm
lstm,post_covid,1,Bexley,2024-25,0.98,IT98,49.19357270883574,9,,,,,,2025-06-08,2025-06-01,-1.0,7.034574935809503,10.298216819763184,3.2636418839536807,lstm
lstm,post_covid,1,Bexley,2025-26,0.5,IT50,24.605454693531783,44,2025-12-07,2025-12-28,3.0,-3.0,2025-12-28,2026-01-04,2026-01-04,0.0,49.24202455066653,29.82476234436035,-19.417262206306177,lstm
lstm,post_covid,1,Bexley,2025-26,0.9,IT90,37.5430295506582,44,2025-12-28,,,,,2026-01-04,2026-01-04,0.0,49.24202455066653,29.82476234436035,-19.417262206306177,lstm
lstm,post_covid,1,Bexley,2025-26,0.98,IT98,49.19357270883574,44,2026-01-04,,,,,2026-01-04,2026-01-04,0.0,49.24202455066653,29.82476234436035,-19.417262206306177,lstm
lstm,post_covid,1,Clintonville/Near North,2024-25,0.5,IT50,15.728895715230147,9,,,,,,2025-07-13,2025-06-01,-6.0,5.136054072377274,6.918412685394287,1.7823586130170135,lstm
lstm,post_covid,1,Clintonville/Near North,2024-25,0.9,IT90,22.099499115677975,9,,,,,,2025-07-13,2025-06-01,-6.0,5.136054072377274,6.918412685394287,1.7823586130170135,lstm
lstm,post_covid,1,Clintonville/Near North,2024-25,0.98,IT98,27.469599865392972,9,,,,,,2025-07-13,2025-06-01,-6.0,5.136054072377274,6.918412685394287,1.7823586130170135,lstm
lstm,post_covid,1,Clintonville/Near North,2025-26,0.5,IT50,15.728895715230147,44,2025-12-07,2025-12-21,2.0,-2.0,2025-12-21,2025-12-28,2026-01-04,1.0,27.73469199083728,19.261499404907227,-8.473192585930054,lstm
lstm,post_covid,1,Clintonville/Near North,2025-26,0.9,IT90,22.099499115677975,44,2025-12-21,,,,,2025-12-28,2026-01-04,1.0,27.73469199083728,19.261499404907227,-8.473192585930054,lstm
lstm,post_covid,1,Clintonville/Near North,2025-26,0.98,IT98,27.469599865392972,44,2025-12-28,,,,,2025-12-28,2026-01-04,1.0,27.73469199083728,19.261499404907227,-8.473192585930054,lstm
lstm,post_covid,1,Dublin,2024-25,0.5,IT50,8.038849454818003,9,,,,,,2025-07-13,2025-06-01,-6.0,3.8103947568968146,3.0483641624450684,-0.7620305944517463,lstm
lstm,post_covid,1,Dublin,2024-25,0.9,IT90,14.1626396504559,9,,,,,,2025-07-13,2025-06-01,-6.0,3.8103947568968146,3.0483641624450684,-0.7620305944517463,lstm
lstm,post_covid,1,Dublin,2024-25,0.98,IT98,20.345693253667104,9,,,,,,2025-07-13,2025-06-01,-6.0,3.8103947568968146,3.0483641624450684,-0.7620305944517463,lstm
lstm,post_covid,1,Dublin,2025-26,0.5,IT50,8.038849454818003,44,2025-12-14,2025-12-28,2.0,-2.0,2025-12-28,2025-12-21,2026-01-04,2.0,16.765736930345984,9.772632598876951,-6.993104331469032,lstm
lstm,post_covid,1,Dublin,2025-26,0.9,IT90,14.1626396504559,44,2025-12-21,,,,,2025-12-21,2026-01-04,2.0,16.765736930345984,9.772632598876951,-6.993104331469032,lstm
lstm,post_covid,1,Dublin,2025-26,0.98,IT98,20.345693253667104,44,,,,,,2025-12-21,2026-01-04,2.0,16.765736930345984,9.772632598876951,-6.993104331469032,lstm
lstm,post_covid,1,Eastside,2024-25,0.5,IT50,53.89825474693718,9,,,,,,2025-06-01,2025-06-01,0.0,18.38277533950688,23.354522705078125,4.971747365571247,lstm
lstm,post_covid,1,Eastside,2024-25,0.9,IT90,89.53274062296502,9,,,,,,2025-06-01,2025-06-01,0.0,18.38277533950688,23.354522705078125,4.971747365571247,lstm
lstm,post_covid,1,Eastside,2024-25,0.98,IT98,123.87134674281285,9,,,,,,2025-06-01,2025-06-01,0.0,18.38277533950688,23.354522705078125,4.971747365571247,lstm
lstm,post_covid,1,Eastside,2025-26,0.5,IT50,53.89825474693718,44,2025-12-21,2025-12-21,0.0,0.0,2025-12-21,2025-12-21,2026-01-04,2.0,91.91387669753442,73.23616027832031,-18.677716419214107,lstm
lstm,post_covid,1,Eastside,2025-26,0.9,IT90,89.53274062296502,44,2025-12-21,,,,,2025-12-21,2026-01-04,2.0,91.91387669753442,73.23616027832031,-18.677716419214107,lstm
lstm,post_covid,1,Eastside,2025-26,0.98,IT98,123.87134674281285,44,,,,,,2025-12-21,2026-01-04,2.0,91.91387669753442,73.23616027832031,-18.677716419214107,lstm
lstm,post_covid,1,Far East,2024-25,0.5,IT50,76.01095931639992,9,,,,,,2025-06-01,2025-06-01,0.0,31.653696614248943,38.394630432128906,6.740933817879963,lstm
lstm,post_covid,1,Far East,2024-25,0.9,IT90,119.58175049878095,9,,,,,,2025-06-01,2025-06-01,0.0,31.653696614248943,38.394630432128906,6.740933817879963,lstm
lstm,post_covid,1,Far East,2024-25,0.98,IT98,159.7885780471188,9,,,,,,2025-06-01,2025-06-01,0.0,31.653696614248943,38.394630432128906,6.740933817879963,lstm
lstm,post_covid,1,Far East,2025-26,0.5,IT50,76.01095931639992,44,2025-12-21,2025-12-21,0.0,0.0,2025-12-21,2025-12-28,2026-01-04,1.0,123.03134910443929,92.01873779296876,-31.012611311470522,lstm
lstm,post_covid,1,Far East,2025-26,0.9,IT90,119.58175049878095,44,2025-12-28,,,,,2025-12-28,2026-01-04,1.0,123.03134910443929,92.01873779296876,-31.012611311470522,lstm
lstm,post_covid,1,Far East,2025-26,0.98,IT98,159.7885780471188,44,,,,,,2025-12-28,2026-01-04,1.0,123.03134910443929,92.01873779296876,-31.012611311470522,lstm
lstm,post_covid,1,Far South,2024-25,0.5,IT50,69.7066330370401,9,,,,,,2025-06-01,2025-06-01,0.0,27.771843623157444,29.61296844482422,1.8411248216667744,lstm
lstm,post_covid,1,Far South,2024-25,0.9,IT90,121.95949130896,9,,,,,,2025-06-01,2025-06-01,0.0,27.771843623157444,29.61296844482422,1.8411248216667744,lstm
lstm,post_covid,1,Far South,2024-25,0.98,IT98,174.42921640712913,9,,,,,,2025-06-01,2025-06-01,0.0,27.771843623157444,29.61296844482422,1.8411248216667744,lstm
lstm,post_covid,1,Far South,2025-26,0.5,IT50,69.7066330370401,44,2025-12-14,2025-12-21,1.0,-1.0,2025-12-21,2026-01-18,2026-01-04,-2.0,100.40589617603077,95.91195678710938,-4.49393938892139,lstm
lstm,post_covid,1,Far South,2025-26,0.9,IT90,121.95949130896,44,,,,,,2026-01-18,2026-01-04,-2.0,100.40589617603077,95.91195678710938,-4.49393938892139,lstm
lstm,post_covid,1,Far South,2025-26,0.98,IT98,174.42921640712913,44,,,,,,2026-01-18,2026-01-04,-2.0,100.40589617603077,95.91195678710938,-4.49393938892139,lstm
lstm,post_covid,1,Far Southeast,2024-25,0.5,IT50,10.956265259525463,9,,,,,,2025-06-01,2025-06-01,0.0,6.616319624949195,4.81592321395874,-1.800396410990455,lstm
lstm,post_covid,1,Far Southeast,2024-25,0.9,IT90,18.40391015194404,9,,,,,,2025-06-01,2025-06-01,0.0,6.616319624949195,4.81592321395874,-1.800396410990455,lstm
lstm,post_covid,1,Far Southeast,2024-25,0.98,IT98,25.644566505740826,9,,,,,,2025-06-01,2025-06-01,0.0,6.616319624949195,4.81592321395874,-1.800396410990455,lstm
lstm,post_covid,1,Far Southeast,2025-26,0.5,IT50,10.956265259525463,44,2025-12-07,2025-12-28,3.0,-3.0,2025-12-28,2025-12-21,2026-01-04,2.0,14.177827767748276,12.073476791381836,-2.1043509763664403,lstm
lstm,post_covid,1,Far Southeast,2025-26,0.9,IT90,18.40391015194404,44,,,,,,2025-12-21,2026-01-04,2.0,14.177827767748276,12.073476791381836,-2.1043509763664403,lstm
lstm,post_covid,1,Far Southeast,2025-26,0.98,IT98,25.644566505740826,44,,,,,,2025-12-21,2026-01-04,2.0,14.177827767748276,12.073476791381836,-2.1043509763664403,lstm
lstm,post_covid,1,Far Southwest,2024-25,0.5,IT50,34.041053932580134,9,,,,,,2025-07-06,2025-06-01,-5.0,13.571495683220412,15.476887702941896,1.905392019721484,lstm
lstm,post_covid,1,Far Southwest,2024-25,0.9,IT90,54.68112356483704,9,,,,,,2025-07-06,2025-06-01,-5.0,13.571495683220412,15.476887702941896,1.905392019721484,lstm
lstm,post_covid,1,Far Southwest,2024-25,0.98,IT98,74.04650918881951,9,,,,,,2025-07-06,2025-06-01,-5.0,13.571495683220412,15.476887702941896,1.905392019721484,lstm
lstm,post_covid,1,Far Southwest,2025-26,0.5,IT50,34.041053932580134,44,2025-12-14,2025-12-21,1.0,-1.0,2025-12-21,2025-12-14,2026-01-04,3.0,46.97825428807066,44.69107818603515,-2.2871761020355095,lstm
lstm,post_covid,1,Far Southwest,2025-26,0.9,IT90,54.68112356483704,44,,,,,,2025-12-14,2026-01-04,3.0,46.97825428807066,44.69107818603515,-2.2871761020355095,lstm
lstm,post_covid,1,Far Southwest,2025-26,0.98,IT98,74.04650918881951,44,,,,,,2025-12-14,2026-01-04,3.0,46.97825428807066,44.69107818603515,-2.2871761020355095,lstm
lstm,post_covid,1,Hilliard,2024-25,0.5,IT50,19.24134804712757,9,,,,,,2025-06-01,2025-06-01,0.0,10.828537838005074,8.674880981445312,-2.1536568565597616,lstm
lstm,post_covid,1,Hilliard,2024-25,0.9,IT90,34.52709434950146,9,,,,,,2025-06-01,2025-06-01,0.0,10.828537838005074,8.674880981445312,-2.1536568565597616,lstm
lstm,post_covid,1,Hilliard,2024-25,0.98,IT98,50.186768532537315,9,,,,,,2025-06-01,2025-06-01,0.0,10.828537838005074,8.674880981445312,-2.1536568565597616,lstm
lstm,post_covid,1,Hilliard,2025-26,0.5,IT50,19.24134804712757,44,2025-12-07,2025-12-21,2.0,-2.0,2025-12-21,2025-12-21,2026-01-04,2.0,34.032547490873085,26.81032943725586,-7.222218053617226,lstm
lstm,post_covid,1,Hilliard,2025-26,0.9,IT90,34.52709434950146,44,,,,,,2025-12-21,2026-01-04,2.0,34.032547490873085,26.81032943725586,-7.222218053617226,lstm
lstm,post_covid,1,Hilliard,2025-26,0.98,IT98,50.186768532537315,44,,,,,,2025-12-21,2026-01-04,2.0,34.032547490873085,26.81032943725586,-7.222218053617226,lstm
lstm,post_covid,1,Linden,2024-25,0.5,IT50,53.62727596624066,9,,,,,,2025-06-08,2025-06-01,-1.0,23.845362822098693,25.116764068603516,1.2714012465048228,lstm
lstm,post_covid,1,Linden,2024-25,0.9,IT90,82.61523156370409,9,,,,,,2025-06-08,2025-06-01,-1.0,23.845362822098693,25.116764068603516,1.2714012465048228,lstm
lstm,post_covid,1,Linden,2024-25,0.98,IT98,108.92078323683364,9,,,,,,2025-06-08,2025-06-01,-1.0,23.845362822098693,25.116764068603516,1.2714012465048228,lstm
lstm,post_covid,1,Linden,2025-26,0.5,IT50,53.62727596624066,44,2025-12-14,2025-12-28,2.0,-2.0,2025-12-28,2026-01-04,2026-01-04,0.0,76.00709399543958,62.098846435546875,-13.9082475598927,lstm
lstm,post_covid,1,Linden,2025-26,0.9,IT90,82.61523156370409,44,,,,,,2026-01-04,2026-01-04,0.0,76.00709399543958,62.098846435546875,-13.9082475598927,lstm
lstm,post_covid,1,Linden,2025-26,0.98,IT98,108.92078323683364,44,,,,,,2026-01-04,2026-01-04,0.0,76.00709399543958,62.098846435546875,-13.9082475598927,lstm
lstm,post_covid,1,NE Suburban,2024-25,0.5,IT50,27.312493683860776,9,,,,,,2025-06-01,2025-06-01,0.0,9.26979311507184,13.031540870666504,3.761747755594664,lstm
lstm,post_covid,1,NE Suburban,2024-25,0.9,IT90,41.22759712033061,9,,,,,,2025-06-01,2025-06-01,0.0,9.26979311507184,13.031540870666504,3.761747755594664,lstm
lstm,post_covid,1,NE Suburban,2024-25,0.98,IT98,53.6511443833241,9,,,,,,2025-06-01,2025-06-01,0.0,9.26979311507184,13.031540870666504,3.761747755594664,lstm
lstm,post_covid,1,NE Suburban,2025-26,0.5,IT50,27.312493683860776,44,2025-12-21,2025-12-21,0.0,0.0,2025-12-21,2025-12-21,2026-01-04,2.0,50.562507900391864,35.11289978027344,-15.449608120118427,lstm
lstm,post_covid,1,NE Suburban,2025-26,0.9,IT90,41.22759712033061,44,2025-12-21,,,,,2025-12-21,2026-01-04,2.0,50.562507900391864,35.11289978027344,-15.449608120118427,lstm
lstm,post_covid,1,NE Suburban,2025-26,0.98,IT98,53.6511443833241,44,,,,,,2025-12-21,2026-01-04,2.0,50.562507900391864,35.11289978027344,-15.449608120118427,lstm
lstm,post_covid,1,Northland,2024-25,0.5,IT50,56.127661353876796,9,,,,,,2025-07-06,2025-06-01,-5.0,20.79029093413376,29.910158157348633,9.119867223214872,lstm
lstm,post_covid,1,Northland,2024-25,0.9,IT90,89.91407794411414,9,,,,,,2025-07-06,2025-06-01,-5.0,20.79029093413376,29.910158157348633,9.119867223214872,lstm
lstm,post_covid,1,Northland,2024-25,0.98,IT98,121.54516325409915,9,,,,,,2025-07-06,2025-06-01,-5.0,20.79029093413376,29.910158157348633,9.119867223214872,lstm
lstm,post_covid,1,Northland,2025-26,0.5,IT50,56.127661353876796,44,2025-12-14,2025-12-21,1.0,-1.0,2025-12-21,2026-01-04,2026-01-04,0.0,87.05934328668512,69.6334228515625,-17.42592043512262,lstm
lstm,post_covid,1,Northland,2025-26,0.9,IT90,89.91407794411414,44,,,,,,2026-01-04,2026-01-04,0.0,87.05934328668512,69.6334228515625,-17.42592043512262,lstm
lstm,post_covid,1,Northland,2025-26,0.98,IT98,121.54516325409915,44,,,,,,2026-01-04,2026-01-04,0.0,87.05934328668512,69.6334228515625,-17.42592043512262,lstm
lstm,post_covid,1,UA/Grandview,2024-25,0.5,IT50,8.143164584776198,9,,,,,,2025-07-06,2025-06-01,-5.0,5.691908383042667,3.5261600017547607,-2.165748381287906,lstm
lstm,post_covid,1,UA/Grandview,2024-25,0.9,IT90,16.706142473783938,9,,,,,,2025-07-06,2025-06-01,-5.0,5.691908383042667,3.5261600017547607,-2.165748381287906,lstm
lstm,post_covid,1,UA/Grandview,2024-25,0.98,IT98,26.455007113900507,9,,,,,,2025-07-06,2025-06-01,-5.0,5.691908383042667,3.5261600017547607,-2.165748381287906,lstm
lstm,post_covid,1,UA/Grandview,2025-26,0.5,IT50,8.143164584776198,44,2025-12-07,2025-12-21,2.0,-2.0,2025-12-21,2025-12-07,2026-01-04,4.0,15.937343472519466,10.638694763183594,-5.298648709335872,lstm
lstm,post_covid,1,UA/Grandview,2025-26,0.9,IT90,16.706142473783938,44,,,,,,2025-12-07,2026-01-04,4.0,15.937343472519466,10.638694763183594,-5.298648709335872,lstm
lstm,post_covid,1,UA/Grandview,2025-26,0.98,IT98,26.455007113900507,44,,,,,,2025-12-07,2026-01-04,4.0,15.937343472519466,10.638694763183594,-5.298648709335872,lstm
lstm,post_covid,1,West,2024-25,0.5,IT50,73.15037971354549,9,,,,,,2025-06-01,2025-06-01,0.0,26.185844680532696,34.5982666015625,8.412421921029804,lstm
lstm,post_covid,1,West,2024-25,0.9,IT90,114.1022318647041,9,,,,,,2025-06-01,2025-06-01,0.0,26.185844680532696,34.5982666015625,8.412421921029804,lstm
lstm,post_covid,1,West,2024-25,0.98,IT98,151.63555393306305,9,,,,,,2025-06-01,2025-06-01,0.0,26.185844680532696,34.5982666015625,8.412421921029804,lstm
lstm,post_covid,1,West,2025-26,0.5,IT50,73.15037971354549,44,2025-12-21,2025-12-21,0.0,0.0,2025-12-21,2026-01-04,2026-01-04,0.0,84.542869968577,93.41970825195312,8.87683828337613,lstm
lstm,post_covid,1,West,2025-26,0.9,IT90,114.1022318647041,44,,,,,,2026-01-04,2026-01-04,0.0,84.542869968577,93.41970825195312,8.87683828337613,lstm
lstm,post_covid,1,West,2025-26,0.98,IT98,151.63555393306305,44,,,,,,2026-01-04,2026-01-04,0.0,84.542869968577,93.41970825195312,8.87683828337613,lstm
lstm,post_covid,1,Westerville,2024-25,0.5,IT50,24.33364195874595,9,,,,,,2025-06-01,2025-06-01,0.0,9.329228472805298,11.386882781982422,2.057654309177124,lstm
lstm,post_covid,1,Westerville,2024-25,0.9,IT90,36.408491039457616,9,,,,,,2025-06-01,2025-06-01,0.0,9.329228472805298,11.386882781982422,2.057654309177124,lstm
lstm,post_covid,1,Westerville,2024-25,0.98,IT98,47.11324141772458,9,,,,,,2025-06-01,2025-06-01,0.0,9.329228472805298,11.386882781982422,2.057654309177124,lstm
lstm,post_covid,1,Westerville,2025-26,0.5,IT50,24.33364195874595,44,2025-12-14,2025-12-21,1.0,-1.0,2025-12-21,2025-12-21,2026-01-04,2.0,45.09127095189228,30.19355010986328,-14.897720842028995,lstm
lstm,post_covid,1,Westerville,2025-26,0.9,IT90,36.408491039457616,44,2025-12-21,,,,,2025-12-21,2026-01-04,2.0,45.09127095189228,30.19355010986328,-14.897720842028995,lstm
lstm,post_covid,1,Westerville,2025-26,0.98,IT98,47.11324141772458,44,,,,,,2025-12-21,2026-01-04,2.0,45.09127095189228,30.19355010986328,-14.897720842028995,lstm
lstm,post_covid,1,Worthington,2024-25,0.5,IT50,13.721631551906164,9,,,,,,2025-06-08,2025-06-01,-1.0,11.21626358219418,7.038401126861572,-4.177862455332608,lstm
lstm,post_covid,1,Worthington,2024-25,0.9,IT90,22.978569674557114,9,,,,,,2025-06-08,2025-06-01,-1.0,11.21626358219418,7.038401126861572,-4.177862455332608,lstm
lstm,post_covid,1,Worthington,2024-25,0.98,IT98,31.956357603850087,9,,,,,,2025-06-08,2025-06-01,-1.0,11.21626358219418,7.038401126861572,-4.177862455332608,lstm
lstm,post_covid,1,Worthington,2025-26,0.5,IT50,13.721631551906164,44,2025-08-31,2025-12-21,16.0,-16.0,2025-12-21,2025-12-21,2025-12-28,1.0,44.86505432877672,17.03429412841797,-27.830760200358753,lstm
lstm,post_covid,1,Worthington,2025-26,0.9,IT90,22.978569674557114,44,2025-12-21,,,,,2025-12-21,2025-12-28,1.0,44.86505432877672,17.03429412841797,-27.830760200358753,lstm
lstm,post_covid,1,Worthington,2025-26,0.98,IT98,31.956357603850087,44,2025-12-21,,,,,2025-12-21,2025-12-28,1.0,44.86505432877672,17.03429412841797,-27.830760200358753,lstm
lstm,post_covid,1,CITYWIDE,2024-25,0.5,IT50,35.19412725226089,9,,,,,,2025-06-01,2025-06-01,0.0,13.228462952536946,17.026095039704266,3.7976320871673206,lstm
lstm,post_covid,1,CITYWIDE,2024-25,0.9,IT90,56.071415152332634,9,,,,,,2025-06-01,2025-06-01,0.0,13.228462952536946,17.026095039704266,3.7976320871673206,lstm
lstm,post_covid,1,CITYWIDE,2024-25,0.98,IT98,75.53173152268305,9,,,,,,2025-06-01,2025-06-01,0.0,13.228462952536946,17.026095039704266,3.7976320871673206,lstm
lstm,post_covid,1,CITYWIDE,2025-26,0.5,IT50,35.19412725226089,44,2025-12-14,2025-12-21,1.0,-1.0,2025-12-21,2025-12-21,2026-01-04,2.0,52.20358501211178,46.385772817275104,-5.8178121948366766,lstm
lstm,post_covid,1,CITYWIDE,2025-26,0.9,IT90,56.071415152332634,44,,,,,,2025-12-21,2026-01-04,2.0,52.20358501211178,46.385772817275104,-5.8178121948366766,lstm
lstm,post_covid,1,CITYWIDE,2025-26,0.98,IT98,75.53173152268305,44,,,,,,2025-12-21,2026-01-04,2.0,52.20358501211178,46.385772817275104,-5.8178121948366766,lstm
persistence,post_covid,1,Agler/Cassidy,2024-25,0.5,IT50,51.74083078339265,9,,,,,,2025-06-08,2025-06-01,-1.0,30.73424101791806,30.73424101791806,0.0,persistence
persistence,post_covid,1,Agler/Cassidy,2024-25,0.9,IT90,88.48740693700204,9,,,,,,2025-06-08,2025-06-01,-1.0,30.73424101791806,30.73424101791806,0.0,persistence
persistence,post_covid,1,Agler/Cassidy,2024-25,0.98,IT98,124.72586226376617,9,,,,,,2025-06-08,2025-06-01,-1.0,30.73424101791806,30.73424101791806,0.0,persistence
persistence,post_covid,1,Agler/Cassidy,2025-26,0.5,IT50,51.74083078339265,44,2025-12-14,2025-12-21,1.0,-1.0,2025-12-21,2025-12-14,2025-12-21,1.0,86.05587485017058,86.05587485017058,0.0,persistence
persistence,post_covid,1,Agler/Cassidy,2025-26,0.9,IT90,88.48740693700204,44,,,,,,2025-12-14,2025-12-21,1.0,86.05587485017058,86.05587485017058,0.0,persistence
persistence,post_covid,1,Agler/Cassidy,2025-26,0.98,IT98,124.72586226376617,44,,,,,,2025-12-14,2025-12-21,1.0,86.05587485017058,86.05587485017058,0.0,persistence
persistence,post_covid,1,Bexley,2024-25,0.5,IT50,24.605454693531783,9,,,,,,2025-06-08,2025-06-01,-1.0,7.034574935809503,10.551862403714257,3.5172874679047537,persistence
persistence,post_covid,1,Bexley,2024-25,0.9,IT90,37.5430295506582,9,,,,,,2025-06-08,2025-06-01,-1.0,7.034574935809503,10.551862403714257,3.5172874679047537,persistence
persistence,post_covid,1,Bexley,2024-25,0.98,IT98,49.19357270883574,9,,,,,,2025-06-08,2025-06-01,-1.0,7.034574935809503,10.551862403714257,3.5172874679047537,persistence
persistence,post_covid,1,Bexley,2025-26,0.5,IT50,24.605454693531783,44,2025-12-07,2025-12-14,1.0,-1.0,2025-12-14,2026-01-04,2026-01-11,1.0,49.24202455066653,49.24202455066653,0.0,persistence
persistence,post_covid,1,Bexley,2025-26,0.9,IT90,37.5430295506582,44,2025-12-28,2026-01-04,1.0,-1.0,2026-01-04,2026-01-04,2026-01-11,1.0,49.24202455066653,49.24202455066653,0.0,persistence
persistence,post_covid,1,Bexley,2025-26,0.98,IT98,49.19357270883574,44,2026-01-04,2026-01-11,1.0,-1.0,2026-01-11,2026-01-04,2026-01-11,1.0,49.24202455066653,49.24202455066653,0.0,persistence
persistence,post_covid,1,Clintonville/Near North,2024-25,0.5,IT50,15.728895715230147,9,,,,,,2025-07-13,2025-07-20,1.0,5.136054072377274,5.136054072377274,0.0,persistence
persistence,post_covid,1,Clintonville/Near North,2024-25,0.9,IT90,22.099499115677975,9,,,,,,2025-07-13,2025-07-20,1.0,5.136054072377274,5.136054072377274,0.0,persistence
persistence,post_covid,1,Clintonville/Near North,2024-25,0.98,IT98,27.469599865392972,9,,,,,,2025-07-13,2025-07-20,1.0,5.136054072377274,5.136054072377274,0.0,persistence
persistence,post_covid,1,Clintonville/Near North,2025-26,0.5,IT50,15.728895715230147,44,2025-12-07,2025-12-14,1.0,-1.0,2025-12-14,2025-12-28,2026-01-04,1.0,27.73469199083728,27.73469199083728,0.0,persistence
persistence,post_covid,1,Clintonville/Near North,2025-26,0.9,IT90,22.099499115677975,44,2025-12-21,2025-12-28,1.0,-1.0,2025-12-28,2025-12-28,2026-01-04,1.0,27.73469199083728,27.73469199083728,0.0,persistence
persistence,post_covid,1,Clintonville/Near North,2025-26,0.98,IT98,27.469599865392972,44,2025-12-28,2026-01-04,1.0,-1.0,2026-01-04,2025-12-28,2026-01-04,1.0,27.73469199083728,27.73469199083728,0.0,persistence
persistence,post_covid,1,Dublin,2024-25,0.5,IT50,8.038849454818003,9,,,,,,2025-07-13,2025-06-01,-6.0,3.8103947568968146,3.8103947568968146,0.0,persistence
persistence,post_covid,1,Dublin,2024-25,0.9,IT90,14.1626396504559,9,,,,,,2025-07-13,2025-06-01,-6.0,3.8103947568968146,3.8103947568968146,0.0,persistence
persistence,post_covid,1,Dublin,2024-25,0.98,IT98,20.345693253667104,9,,,,,,2025-07-13,2025-06-01,-6.0,3.8103947568968146,3.8103947568968146,0.0,persistence
persistence,post_covid,1,Dublin,2025-26,0.5,IT50,8.038849454818003,44,2025-12-14,2025-12-21,1.0,-1.0,2025-12-21,2025-12-21,2025-12-28,1.0,16.765736930345984,16.765736930345984,0.0,persistence
persistence,post_covid,1,Dublin,2025-26,0.9,IT90,14.1626396504559,44,2025-12-21,2025-12-28,1.0,-1.0,2025-12-28,2025-12-21,2025-12-28,1.0,16.765736930345984,16.765736930345984,0.0,persistence
persistence,post_covid,1,Dublin,2025-26,0.98,IT98,20.345693253667104,44,,,,,,2025-12-21,2025-12-28,1.0,16.765736930345984,16.765736930345984,0.0,persistence
persistence,post_covid,1,Eastside,2024-25,0.5,IT50,53.89825474693718,9,,,,,,2025-06-01,2025-06-08,1.0,18.38277533950688,18.38277533950688,0.0,persistence
persistence,post_covid,1,Eastside,2024-25,0.9,IT90,89.53274062296502,9,,,,,,2025-06-01,2025-06-08,1.0,18.38277533950688,18.38277533950688,0.0,persistence
persistence,post_covid,1,Eastside,2024-25,0.98,IT98,123.87134674281285,9,,,,,,2025-06-01,2025-06-08,1.0,18.38277533950688,18.38277533950688,0.0,persistence
persistence,post_covid,1,Eastside,2025-26,0.5,IT50,53.89825474693718,44,2025-12-21,2025-12-28,1.0,-1.0,2025-12-28,2025-12-21,2025-12-28,1.0,91.91387669753442,91.91387669753442,0.0,persistence
persistence,post_covid,1,Eastside,2025-26,0.9,IT90,89.53274062296502,44,2025-12-21,2025-12-28,1.0,-1.0,2025-12-28,2025-12-21,2025-12-28,1.0,91.91387669753442,91.91387669753442,0.0,persistence
persistence,post_covid,1,Eastside,2025-26,0.98,IT98,123.87134674281285,44,,,,,,2025-12-21,2025-12-28,1.0,91.91387669753442,91.91387669753442,0.0,persistence
persistence,post_covid,1,Far East,2024-25,0.5,IT50,76.01095931639992,9,,,,,,2025-06-01,2025-06-01,0.0,31.653696614248943,34.63989440804601,2.986197793797068,persistence
persistence,post_covid,1,Far East,2024-25,0.9,IT90,119.58175049878095,9,,,,,,2025-06-01,2025-06-01,0.0,31.653696614248943,34.63989440804601,2.986197793797068,persistence
persistence,post_covid,1,Far East,2024-25,0.98,IT98,159.7885780471188,9,,,,,,2025-06-01,2025-06-01,0.0,31.653696614248943,34.63989440804601,2.986197793797068,persistence
persistence,post_covid,1,Far East,2025-26,0.5,IT50,76.01095931639992,44,2025-12-21,2025-12-28,1.0,-1.0,2025-12-28,2025-12-28,2026-01-04,1.0,123.03134910443929,123.03134910443929,0.0,persistence
persistence,post_covid,1,Far East,2025-26,0.9,IT90,119.58175049878095,44,2025-12-28,2026-01-04,1.0,-1.0,2026-01-04,2025-12-28,2026-01-04,1.0,123.03134910443929,123.03134910443929,0.0,persistence
persistence,post_covid,1,Far East,2025-26,0.98,IT98,159.7885780471188,44,,,,,,2025-12-28,2026-01-04,1.0,123.03134910443929,123.03134910443929,0.0,persistence
persistence,post_covid,1,Far South,2024-25,0.5,IT50,69.7066330370401,9,,,,,,2025-06-01,2025-06-08,1.0,27.771843623157444,27.771843623157444,0.0,persistence
persistence,post_covid,1,Far South,2024-25,0.9,IT90,121.95949130896,9,,,,,,2025-06-01,2025-06-08,1.0,27.771843623157444,27.771843623157444,0.0,persistence
persistence,post_covid,1,Far South,2024-25,0.98,IT98,174.42921640712913,9,,,,,,2025-06-01,2025-06-08,1.0,27.771843623157444,27.771843623157444,0.0,persistence
persistence,post_covid,1,Far South,2025-26,0.5,IT50,69.7066330370401,44,2025-12-14,2025-12-21,1.0,-1.0,2025-12-21,2026-01-18,2026-01-25,1.0,100.40589617603077,100.40589617603077,0.0,persistence
persistence,post_covid,1,Far South,2025-26,0.9,IT90,121.95949130896,44,,,,,,2026-01-18,2026-01-25,1.0,100.40589617603077,100.40589617603077,0.0,persistence
persistence,post_covid,1,Far South,2025-26,0.98,IT98,174.42921640712913,44,,,,,,2026-01-18,2026-01-25,1.0,100.40589617603077,100.40589617603077,0.0,persistence
persistence,post_covid,1,Far Southeast,2024-25,0.5,IT50,10.956265259525463,9,,,,,,2025-06-01,2025-06-01,0.0,6.616319624949195,10.397073696348738,3.7807540713995422,persistence
persistence,post_covid,1,Far Southeast,2024-25,0.9,IT90,18.40391015194404,9,,,,,,2025-06-01,2025-06-01,0.0,6.616319624949195,10.397073696348738,3.7807540713995422,persistence
persistence,post_covid,1,Far Southeast,2024-25,0.98,IT98,25.644566505740826,9,,,,,,2025-06-01,2025-06-01,0.0,6.616319624949195,10.397073696348738,3.7807540713995422,persistence
persistence,post_covid,1,Far Southeast,2025-26,0.5,IT50,10.956265259525463,44,2025-12-07,2025-12-14,1.0,-1.0,2025-12-14,2025-12-21,2025-12-28,1.0,14.177827767748276,14.177827767748276,0.0,persistence
persistence,post_covid,1,Far Southeast,2025-26,0.9,IT90,18.40391015194404,44,,,,,,2025-12-21,2025-12-28,1.0,14.177827767748276,14.177827767748276,0.0,persistence
persistence,post_covid,1,Far Southeast,2025-26,0.98,IT98,25.644566505740826,44,,,,,,2025-12-21,2025-12-28,1.0,14.177827767748276,14.177827767748276,0.0,persistence
persistence,post_covid,1,Far Southwest,2024-25,0.5,IT50,34.041053932580134,9,,,,,,2025-07-06,2025-06-01,-5.0,13.571495683220412,13.571495683220412,0.0,persistence
persistence,post_covid,1,Far Southwest,2024-25,0.9,IT90,54.68112356483704,9,,,,,,2025-07-06,2025-06-01,-5.0,13.571495683220412,13.571495683220412,0.0,persistence
persistence,post_covid,1,Far Southwest,2024-25,0.98,IT98,74.04650918881951,9,,,,,,2025-07-06,2025-06-01,-5.0,13.571495683220412,13.571495683220412,0.0,persistence
persistence,post_covid,1,Far Southwest,2025-26,0.5,IT50,34.041053932580134,44,2025-12-14,2025-12-21,1.0,-1.0,2025-12-21,2025-12-14,2025-12-21,1.0,46.97825428807066,46.97825428807066,0.0,persistence
persistence,post_covid,1,Far Southwest,2025-26,0.9,IT90,54.68112356483704,44,,,,,,2025-12-14,2025-12-21,1.0,46.97825428807066,46.97825428807066,0.0,persistence
persistence,post_covid,1,Far Southwest,2025-26,0.98,IT98,74.04650918881951,44,,,,,,2025-12-14,2025-12-21,1.0,46.97825428807066,46.97825428807066,0.0,persistence
persistence,post_covid,1,Hilliard,2024-25,0.5,IT50,19.24134804712757,9,,,,,,2025-06-01,2025-06-01,0.0,10.828537838005074,12.37547181486294,1.5469339768578667,persistence
persistence,post_covid,1,Hilliard,2024-25,0.9,IT90,34.52709434950146,9,,,,,,2025-06-01,2025-06-01,0.0,10.828537838005074,12.37547181486294,1.5469339768578667,persistence
persistence,post_covid,1,Hilliard,2024-25,0.98,IT98,50.186768532537315,9,,,,,,2025-06-01,2025-06-01,0.0,10.828537838005074,12.37547181486294,1.5469339768578667,persistence
persistence,post_covid,1,Hilliard,2025-26,0.5,IT50,19.24134804712757,44,2025-12-07,2025-12-14,1.0,-1.0,2025-12-14,2025-12-21,2025-12-28,1.0,34.032547490873085,34.032547490873085,0.0,persistence
persistence,post_covid,1,Hilliard,2025-26,0.9,IT90,34.52709434950146,44,,,,,,2025-12-21,2025-12-28,1.0,34.032547490873085,34.032547490873085,0.0,persistence
persistence,post_covid,1,Hilliard,2025-26,0.98,IT98,50.186768532537315,44,,,,,,2025-12-21,2025-12-28,1.0,34.032547490873085,34.032547490873085,0.0,persistence
persistence,post_covid,1,Linden,2024-25,0.5,IT50,53.62727596624066,9,,,,,,2025-06-08,2025-06-01,-1.0,23.845362822098693,25.33569799847986,1.4903351763811656,persistence
persistence,post_covid,1,Linden,2024-25,0.9,IT90,82.61523156370409,9,,,,,,2025-06-08,2025-06-01,-1.0,23.845362822098693,25.33569799847986,1.4903351763811656,persistence
persistence,post_covid,1,Linden,2024-25,0.98,IT98,108.92078323683364,9,,,,,,2025-06-08,2025-06-01,-1.0,23.845362822098693,25.33569799847986,1.4903351763811656,persistence
persistence,post_covid,1,Linden,2025-26,0.5,IT50,53.62727596624066,44,2025-12-14,2025-12-21,1.0,-1.0,2025-12-21,2026-01-04,2026-01-11,1.0,76.00709399543958,76.00709399543958,0.0,persistence
persistence,post_covid,1,Linden,2025-26,0.9,IT90,82.61523156370409,44,,,,,,2026-01-04,2026-01-11,1.0,76.00709399543958,76.00709399543958,0.0,persistence
persistence,post_covid,1,Linden,2025-26,0.98,IT98,108.92078323683364,44,,,,,,2026-01-04,2026-01-11,1.0,76.00709399543958,76.00709399543958,0.0,persistence
persistence,post_covid,1,NE Suburban,2024-25,0.5,IT50,27.312493683860776,9,,,,,,2025-06-01,2025-06-01,0.0,9.26979311507184,10.955210045084902,1.6854169300130621,persistence
persistence,post_covid,1,NE Suburban,2024-25,0.9,IT90,41.22759712033061,9,,,,,,2025-06-01,2025-06-01,0.0,9.26979311507184,10.955210045084902,1.6854169300130621,persistence
persistence,post_covid,1,NE Suburban,2024-25,0.98,IT98,53.6511443833241,9,,,,,,2025-06-01,2025-06-01,0.0,9.26979311507184,10.955210045084902,1.6854169300130621,persistence
persistence,post_covid,1,NE Suburban,2025-26,0.5,IT50,27.312493683860776,44,2025-12-21,2025-12-28,1.0,-1.0,2025-12-28,2025-12-21,2025-12-28,1.0,50.562507900391864,50.562507900391864,0.0,persistence
persistence,post_covid,1,NE Suburban,2025-26,0.9,IT90,41.22759712033061,44,2025-12-21,2025-12-28,1.0,-1.0,2025-12-28,2025-12-21,2025-12-28,1.0,50.562507900391864,50.562507900391864,0.0,persistence
persistence,post_covid,1,NE Suburban,2025-26,0.98,IT98,53.6511443833241,44,,,,,,2025-12-21,2025-12-28,1.0,50.562507900391864,50.562507900391864,0.0,persistence
persistence,post_covid,1,Northland,2024-25,0.5,IT50,56.127661353876796,9,,,,,,2025-07-06,2025-06-01,-5.0,20.79029093413376,36.38300913473408,15.59271820060032,persistence
persistence,post_covid,1,Northland,2024-25,0.9,IT90,89.91407794411414,9,,,,,,2025-07-06,2025-06-01,-5.0,20.79029093413376,36.38300913473408,15.59271820060032,persistence
persistence,post_covid,1,Northland,2024-25,0.98,IT98,121.54516325409915,9,,,,,,2025-07-06,2025-06-01,-5.0,20.79029093413376,36.38300913473408,15.59271820060032,persistence
persistence,post_covid,1,Northland,2025-26,0.5,IT50,56.127661353876796,44,2025-12-14,2025-12-21,1.0,-1.0,2025-12-21,2026-01-04,2026-01-11,1.0,87.05934328668512,87.05934328668512,0.0,persistence
persistence,post_covid,1,Northland,2025-26,0.9,IT90,89.91407794411414,44,,,,,,2026-01-04,2026-01-11,1.0,87.05934328668512,87.05934328668512,0.0,persistence
persistence,post_covid,1,Northland,2025-26,0.98,IT98,121.54516325409915,44,,,,,,2026-01-04,2026-01-11,1.0,87.05934328668512,87.05934328668512,0.0,persistence
persistence,post_covid,1,UA/Grandview,2024-25,0.5,IT50,8.143164584776198,9,,,,,,2025-07-06,2025-07-13,1.0,5.691908383042667,5.691908383042667,0.0,persistence
persistence,post_covid,1,UA/Grandview,2024-25,0.9,IT90,16.706142473783938,9,,,,,,2025-07-06,2025-07-13,1.0,5.691908383042667,5.691908383042667,0.0,persistence
persistence,post_covid,1,UA/Grandview,2024-25,0.98,IT98,26.455007113900507,9,,,,,,2025-07-06,2025-07-13,1.0,5.691908383042667,5.691908383042667,0.0,persistence
persistence,post_covid,1,UA/Grandview,2025-26,0.5,IT50,8.143164584776198,44,2025-12-07,2025-12-14,1.0,-1.0,2025-12-14,2025-12-07,2025-12-14,1.0,15.937343472519466,15.937343472519466,0.0,persistence
persistence,post_covid,1,UA/Grandview,2025-26,0.9,IT90,16.706142473783938,44,,,,,,2025-12-07,2025-12-14,1.0,15.937343472519466,15.937343472519466,0.0,persistence
persistence,post_covid,1,UA/Grandview,2025-26,0.98,IT98,26.455007113900507,44,,,,,,2025-12-07,2025-12-14,1.0,15.937343472519466,15.937343472519466,0.0,persistence
persistence,post_covid,1,West,2024-25,0.5,IT50,73.15037971354549,9,,,,,,2025-06-01,2025-06-01,0.0,26.185844680532696,29.92667963489451,3.7408349543618122,persistence
persistence,post_covid,1,West,2024-25,0.9,IT90,114.1022318647041,9,,,,,,2025-06-01,2025-06-01,0.0,26.185844680532696,29.92667963489451,3.7408349543618122,persistence
persistence,post_covid,1,West,2024-25,0.98,IT98,151.63555393306305,9,,,,,,2025-06-01,2025-06-01,0.0,26.185844680532696,29.92667963489451,3.7408349543618122,persistence
persistence,post_covid,1,West,2025-26,0.5,IT50,73.15037971354549,44,2025-12-21,2025-12-28,1.0,-1.0,2025-12-28,2026-01-04,2026-01-11,1.0,84.542869968577,84.542869968577,0.0,persistence
persistence,post_covid,1,West,2025-26,0.9,IT90,114.1022318647041,44,,,,,,2026-01-04,2026-01-11,1.0,84.542869968577,84.542869968577,0.0,persistence
persistence,post_covid,1,West,2025-26,0.98,IT98,151.63555393306305,44,,,,,,2026-01-04,2026-01-11,1.0,84.542869968577,84.542869968577,0.0,persistence
persistence,post_covid,1,Westerville,2024-25,0.5,IT50,24.33364195874595,9,,,,,,2025-06-01,2025-06-08,1.0,9.329228472805298,9.329228472805298,0.0,persistence
persistence,post_covid,1,Westerville,2024-25,0.9,IT90,36.408491039457616,9,,,,,,2025-06-01,2025-06-08,1.0,9.329228472805298,9.329228472805298,0.0,persistence
persistence,post_covid,1,Westerville,2024-25,0.98,IT98,47.11324141772458,9,,,,,,2025-06-01,2025-06-08,1.0,9.329228472805298,9.329228472805298,0.0,persistence
persistence,post_covid,1,Westerville,2025-26,0.5,IT50,24.33364195874595,44,2025-12-14,2025-12-21,1.0,-1.0,2025-12-21,2025-12-21,2025-12-28,1.0,45.09127095189228,45.09127095189228,0.0,persistence
persistence,post_covid,1,Westerville,2025-26,0.9,IT90,36.408491039457616,44,2025-12-21,2025-12-28,1.0,-1.0,2025-12-28,2025-12-21,2025-12-28,1.0,45.09127095189228,45.09127095189228,0.0,persistence
persistence,post_covid,1,Westerville,2025-26,0.98,IT98,47.11324141772458,44,,,,,,2025-12-21,2025-12-28,1.0,45.09127095189228,45.09127095189228,0.0,persistence
persistence,post_covid,1,Worthington,2024-25,0.5,IT50,13.721631551906164,9,,,,,,2025-06-08,2025-06-15,1.0,11.21626358219418,11.21626358219418,0.0,persistence
persistence,post_covid,1,Worthington,2024-25,0.9,IT90,22.978569674557114,9,,,,,,2025-06-08,2025-06-15,1.0,11.21626358219418,11.21626358219418,0.0,persistence
persistence,post_covid,1,Worthington,2024-25,0.98,IT98,31.956357603850087,9,,,,,,2025-06-08,2025-06-15,1.0,11.21626358219418,11.21626358219418,0.0,persistence
persistence,post_covid,1,Worthington,2025-26,0.5,IT50,13.721631551906164,44,2025-08-31,2025-09-07,1.0,-1.0,2025-09-07,2025-12-21,2025-12-28,1.0,44.86505432877672,44.86505432877672,0.0,persistence
persistence,post_covid,1,Worthington,2025-26,0.9,IT90,22.978569674557114,44,2025-12-21,2025-12-28,1.0,-1.0,2025-12-28,2025-12-21,2025-12-28,1.0,44.86505432877672,44.86505432877672,0.0,persistence
persistence,post_covid,1,Worthington,2025-26,0.98,IT98,31.956357603850087,44,2025-12-21,2025-12-28,1.0,-1.0,2025-12-28,2025-12-21,2025-12-28,1.0,44.86505432877672,44.86505432877672,0.0,persistence
persistence,post_covid,1,CITYWIDE,2024-25,0.5,IT50,35.19412725226089,9,,,,,,2025-06-01,2025-06-01,0.0,13.228462952536946,16.30273903829975,3.074276085762806,persistence
persistence,post_covid,1,CITYWIDE,2024-25,0.9,IT90,56.071415152332634,9,,,,,,2025-06-01,2025-06-01,0.0,13.228462952536946,16.30273903829975,3.074276085762806,persistence
persistence,post_covid,1,CITYWIDE,2024-25,0.98,IT98,75.53173152268305,9,,,,,,2025-06-01,2025-06-01,0.0,13.228462952536946,16.30273903829975,3.074276085762806,persistence
persistence,post_covid,1,CITYWIDE,2025-26,0.5,IT50,35.19412725226089,44,2025-12-14,2025-12-21,1.0,-1.0,2025-12-21,2025-12-21,2025-12-28,1.0,52.20358501211178,52.20358501211178,0.0,persistence
persistence,post_covid,1,CITYWIDE,2025-26,0.9,IT90,56.071415152332634,44,,,,,,2025-12-21,2025-12-28,1.0,52.20358501211178,52.20358501211178,0.0,persistence
persistence,post_covid,1,CITYWIDE,2025-26,0.98,IT98,75.53173152268305,44,,,,,,2025-12-21,2025-12-28,1.0,52.20358501211178,52.20358501211178,0.0,persistence
seasonal_naive,post_covid,1,Agler/Cassidy,2024-25,0.5,IT50,51.74083078339265,9,,,,,,2025-06-08,2025-07-20,6.0,30.73424101791806,18.44054461075084,-12.293696407167218,seasonal_naive
seasonal_naive,post_covid,1,Agler/Cassidy,2024-25,0.9,IT90,88.48740693700204,9,,,,,,2025-06-08,2025-07-20,6.0,30.73424101791806,18.44054461075084,-12.293696407167218,seasonal_naive
seasonal_naive,post_covid,1,Agler/Cassidy,2024-25,0.98,IT98,124.72586226376617,9,,,,,,2025-06-08,2025-07-20,6.0,30.73424101791806,18.44054461075084,-12.293696407167218,seasonal_naive
seasonal_naive,post_covid,1,Agler/Cassidy,2025-26,0.5,IT50,51.74083078339265,44,2025-12-14,2025-11-30,-2.0,2.0,2025-11-30,2025-12-14,2026-02-08,8.0,86.05587485017058,110.64326766450502,24.587392814334436,seasonal_naive
seasonal_naive,post_covid,1,Agler/Cassidy,2025-26,0.9,IT90,88.48740693700204,44,,2026-02-08,,,2026-02-08,2025-12-14,2026-02-08,8.0,86.05587485017058,110.64326766450502,24.587392814334436,seasonal_naive
seasonal_naive,post_covid,1,Agler/Cassidy,2025-26,0.98,IT98,124.72586226376617,44,,,,,,2025-12-14,2026-02-08,8.0,86.05587485017058,110.64326766450502,24.587392814334436,seasonal_naive
seasonal_naive,post_covid,1,Bexley,2024-25,0.5,IT50,24.605454693531783,9,,,,,,2025-06-08,2025-06-08,0.0,7.034574935809503,14.069149871619006,7.034574935809503,seasonal_naive
seasonal_naive,post_covid,1,Bexley,2024-25,0.9,IT90,37.5430295506582,9,,,,,,2025-06-08,2025-06-08,0.0,7.034574935809503,14.069149871619006,7.034574935809503,seasonal_naive
seasonal_naive,post_covid,1,Bexley,2024-25,0.98,IT98,49.19357270883574,9,,,,,,2025-06-08,2025-06-08,0.0,7.034574935809503,14.069149871619006,7.034574935809503,seasonal_naive
seasonal_naive,post_covid,1,Bexley,2025-26,0.5,IT50,24.605454693531783,44,2025-12-07,2025-10-26,-6.0,6.0,2025-10-26,2026-01-04,2026-02-01,4.0,49.24202455066653,59.79388695438078,10.551862403714253,seasonal_naive
seasonal_naive,post_covid,1,Bexley,2025-26,0.9,IT90,37.5430295506582,44,2025-12-28,2026-02-01,5.0,-5.0,2026-02-01,2026-01-04,2026-02-01,4.0,49.24202455066653,59.79388695438078,10.551862403714253,seasonal_naive
seasonal_naive,post_covid,1,Bexley,2025-26,0.98,IT98,49.19357270883574,44,2026-01-04,2026-02-01,4.0,-4.0,2026-02-01,2026-01-04,2026-02-01,4.0,49.24202455066653,59.79388695438078,10.551862403714253,seasonal_naive
seasonal_naive,post_covid,1,Clintonville/Near North,2024-25,0.5,IT50,15.728895715230147,9,,,,,,2025-07-13,2025-07-20,1.0,5.136054072377274,6.163264886852729,1.0272108144754553,seasonal_naive
seasonal_naive,post_covid,1,Clintonville/Near North,2024-25,0.9,IT90,22.099499115677975,9,,,,,,2025-07-13,2025-07-20,1.0,5.136054072377274,6.163264886852729,1.0272108144754553,seasonal_naive
seasonal_naive,post_covid,1,Clintonville/Near North,2024-25,0.98,IT98,27.469599865392972,9,,,,,,2025-07-13,2025-07-20,1.0,5.136054072377274,6.163264886852729,1.0272108144754553,seasonal_naive
seasonal_naive,post_covid,1,Clintonville/Near North,2025-26,0.5,IT50,15.728895715230147,44,2025-12-07,2025-12-07,0.0,0.0,2025-12-07,2025-12-28,2026-01-18,3.0,27.73469199083728,21.57142710398455,-6.16326488685273,seasonal_naive
seasonal_naive,post_covid,1,Clintonville/Near North,2025-26,0.9,IT90,22.099499115677975,44,2025-12-21,,,,,2025-12-28,2026-01-18,3.0,27.73469199083728,21.57142710398455,-6.16326488685273,seasonal_naive
seasonal_naive,post_covid,1,Clintonville/Near North,2025-26,0.98,IT98,27.469599865392972,44,2025-12-28,,,,,2025-12-28,2026-01-18,3.0,27.73469199083728,21.57142710398455,-6.16326488685273,seasonal_naive
seasonal_naive,post_covid,1,Dublin,2024-25,0.5,IT50,8.038849454818003,9,,,,,,2025-07-13,2025-07-13,0.0,3.8103947568968146,3.0483158055174515,-0.7620789513793631,seasonal_naive
seasonal_naive,post_covid,1,Dublin,2024-25,0.9,IT90,14.1626396504559,9,,,,,,2025-07-13,2025-07-13,0.0,3.8103947568968146,3.0483158055174515,-0.7620789513793631,seasonal_naive
seasonal_naive,post_covid,1,Dublin,2024-25,0.98,IT98,20.345693253667104,9,,,,,,2025-07-13,2025-07-13,0.0,3.8103947568968146,3.0483158055174515,-0.7620789513793631,seasonal_naive
seasonal_naive,post_covid,1,Dublin,2025-26,0.5,IT50,8.038849454818003,44,2025-12-14,2025-12-21,1.0,-1.0,2025-12-21,2025-12-21,2026-02-15,8.0,16.765736930345984,19.81405273586343,3.048315805517447,seasonal_naive
seasonal_naive,post_covid,1,Dublin,2025-26,0.9,IT90,14.1626396504559,44,2025-12-21,2026-01-25,5.0,-5.0,2026-01-25,2025-12-21,2026-02-15,8.0,16.765736930345984,19.81405273586343,3.048315805517447,seasonal_naive
seasonal_naive,post_covid,1,Dublin,2025-26,0.98,IT98,20.345693253667104,44,,,,,,2025-12-21,2026-02-15,8.0,16.765736930345984,19.81405273586343,3.048315805517447,seasonal_naive
seasonal_naive,post_covid,1,Eastside,2024-25,0.5,IT50,53.89825474693718,9,,,,,,2025-06-01,2025-06-01,0.0,18.38277533950688,13.787081504630162,-4.595693834876716,seasonal_naive
seasonal_naive,post_covid,1,Eastside,2024-25,0.9,IT90,89.53274062296502,9,,,,,,2025-06-01,2025-06-01,0.0,18.38277533950688,13.787081504630162,-4.595693834876716,seasonal_naive
seasonal_naive,post_covid,1,Eastside,2024-25,0.98,IT98,123.87134674281285,9,,,,,,2025-06-01,2025-06-01,0.0,18.38277533950688,13.787081504630162,-4.595693834876716,seasonal_naive
seasonal_naive,post_covid,1,Eastside,2025-26,0.5,IT50,53.89825474693718,44,2025-12-21,2025-12-21,0.0,0.0,2025-12-21,2025-12-21,2026-02-01,6.0,91.91387669753442,135.57296812886324,43.65909143132882,seasonal_naive
seasonal_naive,post_covid,1,Eastside,2025-26,0.9,IT90,89.53274062296502,44,2025-12-21,2026-02-01,6.0,-6.0,2026-02-01,2025-12-21,2026-02-01,6.0,91.91387669753442,135.57296812886324,43.65909143132882,seasonal_naive
seasonal_naive,post_covid,1,Eastside,2025-26,0.98,IT98,123.87134674281285,44,,2026-02-01,,,2026-02-01,2025-12-21,2026-02-01,6.0,91.91387669753442,135.57296812886324,43.65909143132882,seasonal_naive
seasonal_naive,post_covid,1,Far East,2024-25,0.5,IT50,76.01095931639992,9,,,,,,2025-06-01,2025-07-27,8.0,31.653696614248943,28.070259261692456,-3.583437352556487,seasonal_naive
seasonal_naive,post_covid,1,Far East,2024-25,0.9,IT90,119.58175049878095,9,,,,,,2025-06-01,2025-07-27,8.0,31.653696614248943,28.070259261692456,-3.583437352556487,seasonal_naive
seasonal_naive,post_covid,1,Far East,2024-25,0.98,IT98,159.7885780471188,9,,,,,,2025-06-01,2025-07-27,8.0,31.653696614248943,28.070259261692456,-3.583437352556487,seasonal_naive
seasonal_naive,post_covid,1,Far East,2025-26,0.5,IT50,76.01095931639992,44,2025-12-21,2025-12-21,0.0,0.0,2025-12-21,2025-12-28,2026-02-01,5.0,123.03134910443929,160.65744130628238,37.62609220184309,seasonal_naive
seasonal_naive,post_covid,1,Far East,2025-26,0.9,IT90,119.58175049878095,44,2025-12-28,2026-02-01,5.0,-5.0,2026-02-01,2025-12-28,2026-02-01,5.0,123.03134910443929,160.65744130628238,37.62609220184309,seasonal_naive
seasonal_naive,post_covid,1,Far East,2025-26,0.98,IT98,159.7885780471188,44,,2026-02-01,,,2026-02-01,2025-12-28,2026-02-01,5.0,123.03134910443929,160.65744130628238,37.62609220184309,seasonal_naive
seasonal_naive,post_covid,1,Far South,2024-25,0.5,IT50,69.7066330370401,9,,,,,,2025-06-01,2025-07-27,8.0,27.771843623157444,23.49925229651784,-4.272591326639603,seasonal_naive
seasonal_naive,post_covid,1,Far South,2024-25,0.9,IT90,121.95949130896,9,,,,,,2025-06-01,2025-07-27,8.0,27.771843623157444,23.49925229651784,-4.272591326639603,seasonal_naive
seasonal_naive,post_covid,1,Far South,2024-25,0.98,IT98,174.42921640712913,9,,,,,,2025-06-01,2025-07-27,8.0,27.771843623157444,23.49925229651784,-4.272591326639603,seasonal_naive
seasonal_naive,post_covid,1,Far South,2025-26,0.5,IT50,69.7066330370401,44,2025-12-14,2025-12-21,1.0,-1.0,2025-12-21,2026-01-18,2026-02-01,2.0,100.40589617603077,185.8577227088229,85.45182653279214,seasonal_naive
seasonal_naive,post_covid,1,Far South,2025-26,0.9,IT90,121.95949130896,44,,2026-01-25,,,2026-01-25,2026-01-18,2026-02-01,2.0,100.40589617603077,185.8577227088229,85.45182653279214,seasonal_naive
seasonal_naive,post_covid,1,Far South,2025-26,0.98,IT98,174.42921640712913,44,,2026-02-01,,,2026-02-01,2026-01-18,2026-02-01,2.0,100.40589617603077,185.8577227088229,85.45182653279214,seasonal_naive
seasonal_naive,post_covid,1,Far Southeast,2024-25,0.5,IT50,10.956265259525463,9,,,,,,2025-06-01,2025-06-22,3.0,6.616319624949195,10.397073696348738,3.7807540713995422,seasonal_naive
seasonal_naive,post_covid,1,Far Southeast,2024-25,0.9,IT90,18.40391015194404,9,,,,,,2025-06-01,2025-06-22,3.0,6.616319624949195,10.397073696348738,3.7807540713995422,seasonal_naive
seasonal_naive,post_covid,1,Far Southeast,2024-25,0.98,IT98,25.644566505740826,9,,,,,,2025-06-01,2025-06-22,3.0,6.616319624949195,10.397073696348738,3.7807540713995422,seasonal_naive
seasonal_naive,post_covid,1,Far Southeast,2025-26,0.5,IT50,10.956265259525463,44,2025-12-07,2025-12-21,2.0,-2.0,2025-12-21,2025-12-21,2026-02-08,7.0,14.177827767748276,31.191221089046213,17.013393321297936,seasonal_naive
seasonal_naive,post_covid,1,Far Southeast,2025-26,0.9,IT90,18.40391015194404,44,,2026-02-01,,,2026-02-01,2025-12-21,2026-02-08,7.0,14.177827767748276,31.191221089046213,17.013393321297936,seasonal_naive
seasonal_naive,post_covid,1,Far Southeast,2025-26,0.98,IT98,25.644566505740826,44,,2026-02-08,,,2026-02-08,2025-12-21,2026-02-08,7.0,14.177827767748276,31.191221089046213,17.013393321297936,seasonal_naive
seasonal_naive,post_covid,1,Far Southwest,2024-25,0.5,IT50,34.041053932580134,9,,,,,,2025-07-06,2025-07-27,3.0,13.571495683220412,10.439612064015702,-3.131883619204711,seasonal_naive
seasonal_naive,post_covid,1,Far Southwest,2024-25,0.9,IT90,54.68112356483704,9,,,,,,2025-07-06,2025-07-27,3.0,13.571495683220412,10.439612064015702,-3.131883619204711,seasonal_naive
seasonal_naive,post_covid,1,Far Southwest,2024-25,0.98,IT98,74.04650918881951,9,,,,,,2025-07-06,2025-07-27,3.0,13.571495683220412,10.439612064015702,-3.131883619204711,seasonal_naive
seasonal_naive,post_covid,1,Far Southwest,2025-26,0.5,IT50,34.041053932580134,44,2025-12-14,2025-12-14,0.0,0.0,2025-12-14,2025-12-14,2026-02-01,7.0,46.97825428807066,65.76955600329892,18.791301715228258,seasonal_naive
seasonal_naive,post_covid,1,Far Southwest,2025-26,0.9,IT90,54.68112356483704,44,,2026-01-18,,,2026-01-18,2025-12-14,2026-02-01,7.0,46.97825428807066,65.76955600329892,18.791301715228258,seasonal_naive
seasonal_naive,post_covid,1,Far Southwest,2025-26,0.98,IT98,74.04650918881951,44,,,,,,2025-12-14,2026-02-01,7.0,46.97825428807066,65.76955600329892,18.791301715228258,seasonal_naive
seasonal_naive,post_covid,1,Hilliard,2024-25,0.5,IT50,19.24134804712757,9,,,,,,2025-06-01,2025-07-20,7.0,10.828537838005074,7.734669884289339,-3.093867953715735,seasonal_naive
seasonal_naive,post_covid,1,Hilliard,2024-25,0.9,IT90,34.52709434950146,9,,,,,,2025-06-01,2025-07-20,7.0,10.828537838005074,7.734669884289339,-3.093867953715735,seasonal_naive
seasonal_naive,post_covid,1,Hilliard,2024-25,0.98,IT98,50.186768532537315,9,,,,,,2025-06-01,2025-07-20,7.0,10.828537838005074,7.734669884289339,-3.093867953715735,seasonal_naive
seasonal_naive,post_covid,1,Hilliard,2025-26,0.5,IT50,19.24134804712757,44,2025-12-07,2025-11-09,-4.0,4.0,2025-11-09,2025-12-21,2026-02-01,6.0,34.032547490873085,51.04882123630963,17.016273745436543,seasonal_naive
seasonal_naive,post_covid,1,Hilliard,2025-26,0.9,IT90,34.52709434950146,44,,2026-01-25,,,2026-01-25,2025-12-21,2026-02-01,6.0,34.032547490873085,51.04882123630963,17.016273745436543,seasonal_naive
seasonal_naive,post_covid,1,Hilliard,2025-26,0.98,IT98,50.186768532537315,44,,2026-02-01,,,2026-02-01,2025-12-21,2026-02-01,6.0,34.032547490873085,51.04882123630963,17.016273745436543,seasonal_naive
seasonal_naive,post_covid,1,Linden,2024-25,0.5,IT50,53.62727596624066,9,,,,,,2025-06-08,2025-07-06,4.0,23.845362822098693,19.374357292955185,-4.471005529143508,seasonal_naive
seasonal_naive,post_covid,1,Linden,2024-25,0.9,IT90,82.61523156370409,9,,,,,,2025-06-08,2025-07-06,4.0,23.845362822098693,19.374357292955185,-4.471005529143508,seasonal_naive
seasonal_naive,post_covid,1,Linden,2024-25,0.98,IT98,108.92078323683364,9,,,,,,2025-06-08,2025-07-06,4.0,23.845362822098693,19.374357292955185,-4.471005529143508,seasonal_naive
seasonal_naive,post_covid,1,Linden,2025-26,0.5,IT50,53.62727596624066,44,2025-12-14,2025-12-28,2.0,-2.0,2025-12-28,2026-01-04,2026-02-08,5.0,76.00709399543958,110.28480305220646,34.27770905676688,seasonal_naive
seasonal_naive,post_covid,1,Linden,2025-26,0.9,IT90,82.61523156370409,44,,2026-02-01,,,2026-02-01,2026-01-04,2026-02-08,5.0,76.00709399543958,110.28480305220646,34.27770905676688,seasonal_naive
seasonal_naive,post_covid,1,Linden,2025-26,0.98,IT98,108.92078323683364,44,,2026-02-08,,,2026-02-08,2026-01-04,2026-02-08,5.0,76.00709399543958,110.28480305220646,34.27770905676688,seasonal_naive
seasonal_naive,post_covid,1,NE Suburban,2024-25,0.5,IT50,27.312493683860776,9,,,,,,2025-06-01,2025-06-01,0.0,9.26979311507184,11.797918510091431,2.5281253950195914,seasonal_naive
seasonal_naive,post_covid,1,NE Suburban,2024-25,0.9,IT90,41.22759712033061,9,,,,,,2025-06-01,2025-06-01,0.0,9.26979311507184,11.797918510091431,2.5281253950195914,seasonal_naive
seasonal_naive,post_covid,1,NE Suburban,2024-25,0.98,IT98,53.6511443833241,9,,,,,,2025-06-01,2025-06-01,0.0,9.26979311507184,11.797918510091431,2.5281253950195914,seasonal_naive
seasonal_naive,post_covid,1,NE Suburban,2025-26,0.5,IT50,27.312493683860776,44,2025-12-21,2026-01-04,2.0,-2.0,2026-01-04,2025-12-21,2026-02-08,7.0,50.562507900391864,60.67500948047022,10.112501580078359,seasonal_naive
seasonal_naive,post_covid,1,NE Suburban,2025-26,0.9,IT90,41.22759712033061,44,2025-12-21,2026-01-25,5.0,-5.0,2026-01-25,2025-12-21,2026-02-08,7.0,50.562507900391864,60.67500948047022,10.112501580078359,seasonal_naive
seasonal_naive,post_covid,1,NE Suburban,2025-26,0.98,IT98,53.6511443833241,44,,2026-02-08,,,2026-02-08,2025-12-21,2026-02-08,7.0,50.562507900391864,60.67500948047022,10.112501580078359,seasonal_naive
seasonal_naive,post_covid,1,Northland,2024-25,0.5,IT50,56.127661353876796,9,,,,,,2025-07-06,2025-06-01,-5.0,20.79029093413376,20.79029093413376,0.0,seasonal_naive
seasonal_naive,post_covid,1,Northland,2024-25,0.9,IT90,89.91407794411414,9,,,,,,2025-07-06,2025-06-01,-5.0,20.79029093413376,20.79029093413376,0.0,seasonal_naive
seasonal_naive,post_covid,1,Northland,2024-25,0.98,IT98,121.54516325409915,9,,,,,,2025-07-06,2025-06-01,-5.0,20.79029093413376,20.79029093413376,0.0,seasonal_naive
seasonal_naive,post_covid,1,Northland,2025-26,0.5,IT50,56.127661353876796,44,2025-12-14,2025-12-21,1.0,-1.0,2025-12-21,2026-01-04,2026-02-08,5.0,87.05934328668512,116.9453865045024,29.886043217817274,seasonal_naive
seasonal_naive,post_covid,1,Northland,2025-26,0.9,IT90,89.91407794411414,44,,2026-01-25,,,2026-01-25,2026-01-04,2026-02-08,5.0,87.05934328668512,116.9453865045024,29.886043217817274,seasonal_naive
seasonal_naive,post_covid,1,Northland,2025-26,0.98,IT98,121.54516325409915,44,,,,,,2026-01-04,2026-02-08,5.0,87.05934328668512,116.9453865045024,29.886043217817274,seasonal_naive
seasonal_naive,post_covid,1,UA/Grandview,2024-25,0.5,IT50,8.143164584776198,9,,,,,,2025-07-06,2025-06-08,-4.0,5.691908383042667,4.553526706434133,-1.1383816766085335,seasonal_naive
seasonal_naive,post_covid,1,UA/Grandview,2024-25,0.9,IT90,16.706142473783938,9,,,,,,2025-07-06,2025-06-08,-4.0,5.691908383042667,4.553526706434133,-1.1383816766085335,seasonal_naive
seasonal_naive,post_covid,1,UA/Grandview,2024-25,0.98,IT98,26.455007113900507,9,,,,,,2025-07-06,2025-06-08,-4.0,5.691908383042667,4.553526706434133,-1.1383816766085335,seasonal_naive
seasonal_naive,post_covid,1,UA/Grandview,2025-26,0.5,IT50,8.143164584776198,44,2025-12-07,2026-01-18,6.0,-6.0,2026-01-18,2025-12-07,2026-02-01,8.0,15.937343472519466,26.182778561996265,10.2454350894768,seasonal_naive
seasonal_naive,post_covid,1,UA/Grandview,2025-26,0.9,IT90,16.706142473783938,44,,2026-02-01,,,2026-02-01,2025-12-07,2026-02-01,8.0,15.937343472519466,26.182778561996265,10.2454350894768,seasonal_naive
seasonal_naive,post_covid,1,UA/Grandview,2025-26,0.98,IT98,26.455007113900507,44,,,,,,2025-12-07,2026-02-01,8.0,15.937343472519466,26.182778561996265,10.2454350894768,seasonal_naive
seasonal_naive,post_covid,1,West,2024-25,0.5,IT50,73.15037971354549,9,,,,,,2025-06-01,2025-07-06,5.0,26.185844680532696,24.689510698787966,-1.4963339817447299,seasonal_naive
seasonal_naive,post_covid,1,West,2024-25,0.9,IT90,114.1022318647041,9,,,,,,2025-06-01,2025-07-06,5.0,26.185844680532696,24.689510698787966,-1.4963339817447299,seasonal_naive
seasonal_naive,post_covid,1,West,2024-25,0.98,IT98,151.63555393306305,9,,,,,,2025-06-01,2025-07-06,5.0,26.185844680532696,24.689510698787966,-1.4963339817447299,seasonal_naive
seasonal_naive,post_covid,1,West,2025-26,0.5,IT50,73.15037971354549,44,2025-12-21,2025-12-28,1.0,-1.0,2025-12-28,2026-01-04,2026-02-08,5.0,84.542869968577,176.5674098458776,92.0245398773006,seasonal_naive
seasonal_naive,post_covid,1,West,2025-26,0.9,IT90,114.1022318647041,44,,2026-01-25,,,2026-01-25,2026-01-04,2026-02-08,5.0,84.542869968577,176.5674098458776,92.0245398773006,seasonal_naive
seasonal_naive,post_covid,1,West,2025-26,0.98,IT98,151.63555393306305,44,,2026-02-08,,,2026-02-08,2026-01-04,2026-02-08,5.0,84.542869968577,176.5674098458776,92.0245398773006,seasonal_naive
seasonal_naive,post_covid,1,Westerville,2024-25,0.5,IT50,24.33364195874595,9,,,,,,2025-06-01,2025-06-15,2.0,9.329228472805298,12.438971297073731,3.1097428242684337,seasonal_naive
seasonal_naive,post_covid,1,Westerville,2024-25,0.9,IT90,36.408491039457616,9,,,,,,2025-06-01,2025-06-15,2.0,9.329228472805298,12.438971297073731,3.1097428242684337,seasonal_naive
seasonal_naive,post_covid,1,Westerville,2024-25,0.98,IT98,47.11324141772458,9,,,,,,2025-06-01,2025-06-15,2.0,9.329228472805298,12.438971297073731,3.1097428242684337,seasonal_naive
seasonal_naive,post_covid,1,Westerville,2025-26,0.5,IT50,24.33364195874595,44,2025-12-14,2025-12-21,1.0,-1.0,2025-12-21,2025-12-21,2026-02-22,9.0,45.09127095189228,48.201013776160714,3.1097428242684373,seasonal_naive
seasonal_naive,post_covid,1,Westerville,2025-26,0.9,IT90,36.408491039457616,44,2025-12-21,2026-02-01,6.0,-6.0,2026-02-01,2025-12-21,2026-02-22,9.0,45.09127095189228,48.201013776160714,3.1097428242684373,seasonal_naive
seasonal_naive,post_covid,1,Westerville,2025-26,0.98,IT98,47.11324141772458,44,,2026-02-22,,,2026-02-22,2025-12-21,2026-02-22,9.0,45.09127095189228,48.201013776160714,3.1097428242684373,seasonal_naive
seasonal_naive,post_covid,1,Worthington,2024-25,0.5,IT50,13.721631551906164,9,,,,,,2025-06-08,2025-07-27,7.0,11.21626358219418,8.412197686645637,-2.8040658955485434,seasonal_naive
seasonal_naive,post_covid,1,Worthington,2024-25,0.9,IT90,22.978569674557114,9,,,,,,2025-06-08,2025-07-27,7.0,11.21626358219418,8.412197686645637,-2.8040658955485434,seasonal_naive
seasonal_naive,post_covid,1,Worthington,2024-25,0.98,IT98,31.956357603850087,9,,,,,,2025-06-08,2025-07-27,7.0,11.21626358219418,8.412197686645637,-2.8040658955485434,seasonal_naive
seasonal_naive,post_covid,1,Worthington,2025-26,0.5,IT50,13.721631551906164,44,2025-08-31,2025-12-21,16.0,-16.0,2025-12-21,2025-12-21,2026-01-18,4.0,44.86505432877672,26.63862600771118,-18.22642832106554,seasonal_naive
seasonal_naive,post_covid,1,Worthington,2025-26,0.9,IT90,22.978569674557114,44,2025-12-21,2026-01-18,4.0,-4.0,2026-01-18,2025-12-21,2026-01-18,4.0,44.86505432877672,26.63862600771118,-18.22642832106554,seasonal_naive
seasonal_naive,post_covid,1,Worthington,2025-26,0.98,IT98,31.956357603850087,44,2025-12-21,,,,,2025-12-21,2026-01-18,4.0,44.86505432877672,26.63862600771118,-18.22642832106554,seasonal_naive
seasonal_naive,post_covid,1,CITYWIDE,2024-25,0.5,IT50,35.19412725226089,9,,,,,,2025-06-01,2025-07-20,7.0,13.228462952536946,10.910343078642345,-2.3181198738946005,seasonal_naive
seasonal_naive,post_covid,1,CITYWIDE,2024-25,0.9,IT90,56.071415152332634,9,,,,,,2025-06-01,2025-07-20,7.0,13.228462952536946,10.910343078642345,-2.3181198738946005,seasonal_naive
seasonal_naive,post_covid,1,CITYWIDE,2024-25,0.98,IT98,75.53173152268305,9,,,,,,2025-06-01,2025-07-20,7.0,13.228462952536946,10.910343078642345,-2.3181198738946005,seasonal_naive
seasonal_naive,post_covid,1,CITYWIDE,2025-26,0.5,IT50,35.19412725226089,44,2025-12-14,2025-12-21,1.0,-1.0,2025-12-21,2025-12-21,2026-02-08,7.0,52.20358501211178,75.75240518570672,23.54882017359494,seasonal_naive
seasonal_naive,post_covid,1,CITYWIDE,2025-26,0.9,IT90,56.071415152332634,44,,2026-01-25,,,2026-01-25,2025-12-21,2026-02-08,7.0,52.20358501211178,75.75240518570672,23.54882017359494,seasonal_naive
seasonal_naive,post_covid,1,CITYWIDE,2025-26,0.98,IT98,75.53173152268305,44,,2026-02-08,,,2026-02-08,2025-12-21,2026-02-08,7.0,52.20358501211178,75.75240518570672,23.54882017359494,seasonal_naive
xgboost,post_covid,1,Agler/Cassidy,2024-25,0.5,IT50,51.74083078339265,9,,,,,,2025-06-08,2025-06-01,-1.0,30.734241485595703,13.440542957654268,-17.293698527941437,xgboost
xgboost,post_covid,1,Agler/Cassidy,2024-25,0.9,IT90,88.48740693700204,9,,,,,,2025-06-08,2025-06-01,-1.0,30.734241485595703,13.440542957654268,-17.293698527941437,xgboost
xgboost,post_covid,1,Agler/Cassidy,2024-25,0.98,IT98,124.72586226376617,9,,,,,,2025-06-08,2025-06-01,-1.0,30.734241485595703,13.440542957654268,-17.293698527941437,xgboost
xgboost,post_covid,1,Agler/Cassidy,2025-26,0.5,IT50,51.74083078339265,44,2025-12-14,2025-12-21,1.0,-1.0,2025-12-21,2025-12-14,2025-12-28,2.0,86.05587768554688,67.17259988675205,-18.883277798794822,xgboost
xgboost,post_covid,1,Agler/Cassidy,2025-26,0.9,IT90,88.48740693700204,44,,,,,,2025-12-14,2025-12-28,2.0,86.05587768554688,67.17259988675205,-18.883277798794822,xgboost
xgboost,post_covid,1,Agler/Cassidy,2025-26,0.98,IT98,124.72586226376617,44,,,,,,2025-12-14,2025-12-28,2.0,86.05587768554688,67.17259988675205,-18.883277798794822,xgboost
xgboost,post_covid,1,Bexley,2024-25,0.5,IT50,24.605454693531783,9,,,,,,2025-06-08,2025-06-29,3.0,7.03457498550415,4.674846804806448,-2.3597281806977026,xgboost
xgboost,post_covid,1,Bexley,2024-25,0.9,IT90,37.5430295506582,9,,,,,,2025-06-08,2025-06-29,3.0,7.03457498550415,4.674846804806448,-2.3597281806977026,xgboost
xgboost,post_covid,1,Bexley,2024-25,0.98,IT98,49.19357270883574,9,,,,,,2025-06-08,2025-06-29,3.0,7.03457498550415,4.674846804806448,-2.3597281806977026,xgboost
xgboost,post_covid,1,Bexley,2025-26,0.5,IT50,24.605454693531783,44,2025-12-07,2026-01-11,5.0,-5.0,2026-01-11,2026-01-04,2026-01-11,1.0,49.24202728271485,26.844099030483783,-22.39792825223107,xgboost
xgboost,post_covid,1,Bexley,2025-26,0.9,IT90,37.5430295506582,44,2025-12-28,,,,,2026-01-04,2026-01-11,1.0,49.24202728271485,26.844099030483783,-22.39792825223107,xgboost
xgboost,post_covid,1,Bexley,2025-26,0.98,IT98,49.19357270883574,44,2026-01-04,,,,,2026-01-04,2026-01-11,1.0,49.24202728271485,26.844099030483783,-22.39792825223107,xgboost
xgboost,post_covid,1,Clintonville/Near North,2024-25,0.5,IT50,15.728895715230147,9,,,,,,2025-07-13,2025-07-13,0.0,5.136054039001465,4.141800243734111,-0.9942537952673538,xgboost
xgboost,post_covid,1,Clintonville/Near North,2024-25,0.9,IT90,22.099499115677975,9,,,,,,2025-07-13,2025-07-13,0.0,5.136054039001465,4.141800243734111,-0.9942537952673538,xgboost
xgboost,post_covid,1,Clintonville/Near North,2024-25,0.98,IT98,27.469599865392972,9,,,,,,2025-07-13,2025-07-13,0.0,5.136054039001465,4.141800243734111,-0.9942537952673538,xgboost
xgboost,post_covid,1,Clintonville/Near North,2025-26,0.5,IT50,15.728895715230147,44,2025-12-07,2025-12-14,1.0,-1.0,2025-12-14,2025-12-28,2026-01-11,2.0,27.734691619873047,48.32580074662984,20.59110912675679,xgboost
xgboost,post_covid,1,Clintonville/Near North,2025-26,0.9,IT90,22.099499115677975,44,2025-12-21,2025-12-28,1.0,-1.0,2025-12-28,2025-12-28,2026-01-11,2.0,27.734691619873047,48.32580074662984,20.59110912675679,xgboost
xgboost,post_covid,1,Clintonville/Near North,2025-26,0.98,IT98,27.469599865392972,44,2025-12-28,2025-12-28,0.0,0.0,2025-12-28,2025-12-28,2026-01-11,2.0,27.734691619873047,48.32580074662984,20.59110912675679,xgboost
xgboost,post_covid,1,Dublin,2024-25,0.5,IT50,8.038849454818003,9,,,,,,2025-07-13,2025-06-01,-6.0,3.810394763946533,3.2536656543286893,-0.5567291096178439,xgboost
xgboost,post_covid,1,Dublin,2024-25,0.9,IT90,14.1626396504559,9,,,,,,2025-07-13,2025-06-01,-6.0,3.810394763946533,3.2536656543286893,-0.5567291096178439,xgboost
xgboost,post_covid,1,Dublin,2024-25,0.98,IT98,20.345693253667104,9,,,,,,2025-07-13,2025-06-01,-6.0,3.810394763946533,3.2536656543286893,-0.5567291096178439,xgboost
xgboost,post_covid,1,Dublin,2025-26,0.5,IT50,8.038849454818003,44,2025-12-14,2025-12-21,1.0,-1.0,2025-12-21,2025-12-21,2025-12-28,1.0,16.765737533569336,14.795116403365732,-1.9706211302036039,xgboost
xgboost,post_covid,1,Dublin,2025-26,0.9,IT90,14.1626396504559,44,2025-12-21,2025-12-28,1.0,-1.0,2025-12-28,2025-12-21,2025-12-28,1.0,16.765737533569336,14.795116403365732,-1.9706211302036039,xgboost
xgboost,post_covid,1,Dublin,2025-26,0.98,IT98,20.345693253667104,44,,,,,,2025-12-21,2025-12-28,1.0,16.765737533569336,14.795116403365732,-1.9706211302036039,xgboost
xgboost,post_covid,1,Eastside,2024-25,0.5,IT50,53.89825474693718,9,,,,,,2025-06-01,2025-07-27,8.0,18.382776260375977,11.779906756919765,-6.602869503456212,xgboost
xgboost,post_covid,1,Eastside,2024-25,0.9,IT90,89.53274062296502,9,,,,,,2025-06-01,2025-07-27,8.0,18.382776260375977,11.779906756919765,-6.602869503456212,xgboost
xgboost,post_covid,1,Eastside,2024-25,0.98,IT98,123.87134674281285,9,,,,,,2025-06-01,2025-07-27,8.0,18.382776260375977,11.779906756919765,-6.602869503456212,xgboost
xgboost,post_covid,1,Eastside,2025-26,0.5,IT50,53.89825474693718,44,2025-12-21,2025-12-28,1.0,-1.0,2025-12-28,2025-12-21,2025-12-28,1.0,91.91387939453124,68.74954240699752,-23.164336987533716,xgboost
xgboost,post_covid,1,Eastside,2025-26,0.9,IT90,89.53274062296502,44,2025-12-21,,,,,2025-12-21,2025-12-28,1.0,91.91387939453124,68.74954240699752,-23.164336987533716,xgboost
xgboost,post_covid,1,Eastside,2025-26,0.98,IT98,123.87134674281285,44,,,,,,2025-12-21,2025-12-28,1.0,91.91387939453124,68.74954240699752,-23.164336987533716,xgboost
xgboost,post_covid,1,Far East,2024-25,0.5,IT50,76.01095931639992,9,,,,,,2025-06-01,2025-06-01,0.0,31.653696060180664,18.800860521401972,-12.852835538778692,xgboost
xgboost,post_covid,1,Far East,2024-25,0.9,IT90,119.58175049878095,9,,,,,,2025-06-01,2025-06-01,0.0,31.653696060180664,18.800860521401972,-12.852835538778692,xgboost
xgboost,post_covid,1,Far East,2024-25,0.98,IT98,159.7885780471188,9,,,,,,2025-06-01,2025-06-01,0.0,31.653696060180664,18.800860521401972,-12.852835538778692,xgboost
xgboost,post_covid,1,Far East,2025-26,0.5,IT50,76.01095931639992,44,2025-12-21,2025-12-28,1.0,-1.0,2025-12-28,2025-12-28,2026-01-04,1.0,123.03134155273438,103.02602336481613,-20.00531818791825,xgboost
xgboost,post_covid,1,Far East,2025-26,0.9,IT90,119.58175049878095,44,2025-12-28,,,,,2025-12-28,2026-01-04,1.0,123.03134155273438,103.02602336481613,-20.00531818791825,xgboost
xgboost,post_covid,1,Far East,2025-26,0.98,IT98,159.7885780471188,44,,,,,,2025-12-28,2026-01-04,1.0,123.03134155273438,103.02602336481613,-20.00531818791825,xgboost
xgboost,post_covid,1,Far South,2024-25,0.5,IT50,69.7066330370401,9,,,,,,2025-06-01,2025-06-01,0.0,27.77184295654297,14.065023902822205,-13.706819053720764,xgboost
xgboost,post_covid,1,Far South,2024-25,0.9,IT90,121.95949130896,9,,,,,,2025-06-01,2025-06-01,0.0,27.77184295654297,14.065023902822205,-13.706819053720764,xgboost
xgboost,post_covid,1,Far South,2024-25,0.98,IT98,174.42921640712913,9,,,,,,2025-06-01,2025-06-01,0.0,27.77184295654297,14.065023902822205,-13.706819053720764,xgboost
xgboost,post_covid,1,Far South,2025-26,0.5,IT50,69.7066330370401,44,2025-12-14,2026-01-25,6.0,-6.0,2026-01-25,2026-01-18,2026-01-25,1.0,100.40589904785156,74.59985916432115,-25.806039883530417,xgboost
xgboost,post_covid,1,Far South,2025-26,0.9,IT90,121.95949130896,44,,,,,,2026-01-18,2026-01-25,1.0,100.40589904785156,74.59985916432115,-25.806039883530417,xgboost
xgboost,post_covid,1,Far South,2025-26,0.98,IT98,174.42921640712913,44,,,,,,2026-01-18,2026-01-25,1.0,100.40589904785156,74.59985916432115,-25.806039883530417,xgboost
xgboost,post_covid,1,Far Southeast,2024-25,0.5,IT50,10.956265259525463,9,,,,,,2025-06-01,2025-06-08,1.0,6.61631965637207,4.921010698452985,-1.6953089579190852,xgboost
xgboost,post_covid,1,Far Southeast,2024-25,0.9,IT90,18.40391015194404,9,,,,,,2025-06-01,2025-06-08,1.0,6.61631965637207,4.921010698452985,-1.6953089579190852,xgboost
xgboost,post_covid,1,Far Southeast,2024-25,0.98,IT98,25.644566505740826,9,,,,,,2025-06-01,2025-06-08,1.0,6.61631965637207,4.921010698452985,-1.6953089579190852,xgboost
xgboost,post_covid,1,Far Southeast,2025-26,0.5,IT50,10.956265259525463,44,2025-12-07,2026-01-04,4.0,-4.0,2026-01-04,2025-12-21,2026-01-04,2.0,14.177827835083008,13.108874351496578,-1.06895348358643,xgboost
xgboost,post_covid,1,Far Southeast,2025-26,0.9,IT90,18.40391015194404,44,,,,,,2025-12-21,2026-01-04,2.0,14.177827835083008,13.108874351496578,-1.06895348358643,xgboost
xgboost,post_covid,1,Far Southeast,2025-26,0.98,IT98,25.644566505740826,44,,,,,,2025-12-21,2026-01-04,2.0,14.177827835083008,13.108874351496578,-1.06895348358643,xgboost
xgboost,post_covid,1,Far Southwest,2024-25,0.5,IT50,34.041053932580134,9,,,,,,2025-07-06,2025-06-01,-5.0,13.57149600982666,8.3080634537349,-5.263432556091761,xgboost
xgboost,post_covid,1,Far Southwest,2024-25,0.9,IT90,54.68112356483704,9,,,,,,2025-07-06,2025-06-01,-5.0,13.57149600982666,8.3080634537349,-5.263432556091761,xgboost
xgboost,post_covid,1,Far Southwest,2024-25,0.98,IT98,74.04650918881951,9,,,,,,2025-07-06,2025-06-01,-5.0,13.57149600982666,8.3080634537349,-5.263432556091761,xgboost
xgboost,post_covid,1,Far Southwest,2025-26,0.5,IT50,34.041053932580134,44,2025-12-14,,,,,2025-12-14,2026-01-04,3.0,46.97825241088867,33.037871730403,-13.940380680485674,xgboost
xgboost,post_covid,1,Far Southwest,2025-26,0.9,IT90,54.68112356483704,44,,,,,,2025-12-14,2026-01-04,3.0,46.97825241088867,33.037871730403,-13.940380680485674,xgboost
xgboost,post_covid,1,Far Southwest,2025-26,0.98,IT98,74.04650918881951,44,,,,,,2025-12-14,2026-01-04,3.0,46.97825241088867,33.037871730403,-13.940380680485674,xgboost
xgboost,post_covid,1,Hilliard,2024-25,0.5,IT50,19.24134804712757,9,,,,,,2025-06-01,2025-06-01,0.0,10.828537940979004,4.368222952819266,-6.4603149881597375,xgboost
xgboost,post_covid,1,Hilliard,2024-25,0.9,IT90,34.52709434950146,9,,,,,,2025-06-01,2025-06-01,0.0,10.828537940979004,4.368222952819266,-6.4603149881597375,xgboost
xgboost,post_covid,1,Hilliard,2024-25,0.98,IT98,50.186768532537315,9,,,,,,2025-06-01,2025-06-01,0.0,10.828537940979004,4.368222952819266,-6.4603149881597375,xgboost
xgboost,post_covid,1,Hilliard,2025-26,0.5,IT50,19.24134804712757,44,2025-12-07,2025-12-21,2.0,-2.0,2025-12-21,2025-12-21,2025-12-28,1.0,34.03254699707031,26.47488943121054,-7.557657565859774,xgboost
xgboost,post_covid,1,Hilliard,2025-26,0.9,IT90,34.52709434950146,44,,,,,,2025-12-21,2025-12-28,1.0,34.03254699707031,26.47488943121054,-7.557657565859774,xgboost
xgboost,post_covid,1,Hilliard,2025-26,0.98,IT98,50.186768532537315,44,,,,,,2025-12-21,2025-12-28,1.0,34.03254699707031,26.47488943121054,-7.557657565859774,xgboost
xgboost,post_covid,1,Linden,2024-25,0.5,IT50,53.62727596624066,9,,,,,,2025-06-08,2025-06-01,-1.0,23.84536361694336,14.65809205543596,-9.1872715615074,xgboost
xgboost,post_covid,1,Linden,2024-25,0.9,IT90,82.61523156370409,9,,,,,,2025-06-08,2025-06-01,-1.0,23.84536361694336,14.65809205543596,-9.1872715615074,xgboost
xgboost,post_covid,1,Linden,2024-25,0.98,IT98,108.92078323683364,9,,,,,,2025-06-08,2025-06-01,-1.0,23.84536361694336,14.65809205543596,-9.1872715615074,xgboost
xgboost,post_covid,1,Linden,2025-26,0.5,IT50,53.62727596624066,44,2025-12-14,2026-01-11,4.0,-4.0,2026-01-11,2026-01-04,2026-01-11,1.0,76.00709533691406,56.47274186507258,-19.534353471841484,xgboost
xgboost,post_covid,1,Linden,2025-26,0.9,IT90,82.61523156370409,44,,,,,,2026-01-04,2026-01-11,1.0,76.00709533691406,56.47274186507258,-19.534353471841484,xgboost
xgboost,post_covid,1,Linden,2025-26,0.98,IT98,108.92078323683364,44,,,,,,2026-01-04,2026-01-11,1.0,76.00709533691406,56.47274186507258,-19.534353471841484,xgboost
xgboost,post_covid,1,NE Suburban,2024-25,0.5,IT50,27.312493683860776,9,,,,,,2025-06-01,2025-06-01,0.0,9.269793510437012,7.746792551966755,-1.5230009584702566,xgboost
xgboost,post_covid,1,NE Suburban,2024-25,0.9,IT90,41.22759712033061,9,,,,,,2025-06-01,2025-06-01,0.0,9.269793510437012,7.746792551966755,-1.5230009584702566,xgboost
xgboost,post_covid,1,NE Suburban,2024-25,0.98,IT98,53.6511443833241,9,,,,,,2025-06-01,2025-06-01,0.0,9.269793510437012,7.746792551966755,-1.5230009584702566,xgboost
xgboost,post_covid,1,NE Suburban,2025-26,0.5,IT50,27.312493683860776,44,2025-12-21,2025-12-28,1.0,-1.0,2025-12-28,2025-12-21,2025-12-28,1.0,50.56250762939453,32.57469337787853,-17.987814251516,xgboost
xgboost,post_covid,1,NE Suburban,2025-26,0.9,IT90,41.22759712033061,44,2025-12-21,,,,,2025-12-21,2025-12-28,1.0,50.56250762939453,32.57469337787853,-17.987814251516,xgboost
xgboost,post_covid,1,NE Suburban,2025-26,0.98,IT98,53.6511443833241,44,,,,,,2025-12-21,2025-12-28,1.0,50.56250762939453,32.57469337787853,-17.987814251516,xgboost
xgboost,post_covid,1,Northland,2024-25,0.5,IT50,56.127661353876796,9,,,,,,2025-07-06,2025-06-01,-5.0,20.79029083251953,17.54276909002339,-3.24752174249614,xgboost
xgboost,post_covid,1,Northland,2024-25,0.9,IT90,89.91407794411414,9,,,,,,2025-07-06,2025-06-01,-5.0,20.79029083251953,17.54276909002339,-3.24752174249614,xgboost
xgboost,post_covid,1,Northland,2024-25,0.98,IT98,121.54516325409915,9,,,,,,2025-07-06,2025-06-01,-5.0,20.79029083251953,17.54276909002339,-3.24752174249614,xgboost
xgboost,post_covid,1,Northland,2025-26,0.5,IT50,56.127661353876796,44,2025-12-14,2026-01-04,3.0,-3.0,2026-01-04,2026-01-04,2026-01-11,1.0,87.05934143066406,72.74209123356789,-14.317250197096172,xgboost
xgboost,post_covid,1,Northland,2025-26,0.9,IT90,89.91407794411414,44,,,,,,2026-01-04,2026-01-11,1.0,87.05934143066406,72.74209123356789,-14.317250197096172,xgboost
xgboost,post_covid,1,Northland,2025-26,0.98,IT98,121.54516325409915,44,,,,,,2026-01-04,2026-01-11,1.0,87.05934143066406,72.74209123356789,-14.317250197096172,xgboost
xgboost,post_covid,1,UA/Grandview,2024-25,0.5,IT50,8.143164584776198,9,,,,,,2025-07-06,2025-07-13,1.0,5.691908359527588,3.458887790538266,-2.233020568989322,xgboost
xgboost,post_covid,1,UA/Grandview,2024-25,0.9,IT90,16.706142473783938,9,,,,,,2025-07-06,2025-07-13,1.0,5.691908359527588,3.458887790538266,-2.233020568989322,xgboost
xgboost,post_covid,1,UA/Grandview,2024-25,0.98,IT98,26.455007113900507,9,,,,,,2025-07-06,2025-07-13,1.0,5.691908359527588,3.458887790538266,-2.233020568989322,xgboost
xgboost,post_covid,1,UA/Grandview,2025-26,0.5,IT50,8.143164584776198,44,2025-12-07,2025-12-14,1.0,-1.0,2025-12-14,2025-12-07,2025-12-14,1.0,15.93734359741211,11.745191951497956,-4.192151645914153,xgboost
xgboost,post_covid,1,UA/Grandview,2025-26,0.9,IT90,16.706142473783938,44,,,,,,2025-12-07,2025-12-14,1.0,15.93734359741211,11.745191951497956,-4.192151645914153,xgboost
xgboost,post_covid,1,UA/Grandview,2025-26,0.98,IT98,26.455007113900507,44,,,,,,2025-12-07,2025-12-14,1.0,15.93734359741211,11.745191951497956,-4.192151645914153,xgboost
xgboost,post_covid,1,West,2024-25,0.5,IT50,73.15037971354549,9,,,,,,2025-06-01,2025-06-01,0.0,26.18584442138672,16.069328470179222,-10.116515951207496,xgboost
xgboost,post_covid,1,West,2024-25,0.9,IT90,114.1022318647041,9,,,,,,2025-06-01,2025-06-01,0.0,26.18584442138672,16.069328470179222,-10.116515951207496,xgboost
xgboost,post_covid,1,West,2024-25,0.98,IT98,151.63555393306305,9,,,,,,2025-06-01,2025-06-01,0.0,26.18584442138672,16.069328470179222,-10.116515951207496,xgboost
xgboost,post_covid,1,West,2025-26,0.5,IT50,73.15037971354549,44,2025-12-21,,,,,2026-01-04,2026-01-25,3.0,84.5428695678711,69.94598645843864,-14.596883109432454,xgboost
xgboost,post_covid,1,West,2025-26,0.9,IT90,114.1022318647041,44,,,,,,2026-01-04,2026-01-25,3.0,84.5428695678711,69.94598645843864,-14.596883109432454,xgboost
xgboost,post_covid,1,West,2025-26,0.98,IT98,151.63555393306305,44,,,,,,2026-01-04,2026-01-25,3.0,84.5428695678711,69.94598645843864,-14.596883109432454,xgboost
xgboost,post_covid,1,Westerville,2024-25,0.5,IT50,24.33364195874595,9,,,,,,2025-06-01,2025-06-01,0.0,9.329228401184082,7.25156112610799,-2.0776672750760916,xgboost
xgboost,post_covid,1,Westerville,2024-25,0.9,IT90,36.408491039457616,9,,,,,,2025-06-01,2025-06-01,0.0,9.329228401184082,7.25156112610799,-2.0776672750760916,xgboost
xgboost,post_covid,1,Westerville,2024-25,0.98,IT98,47.11324141772458,9,,,,,,2025-06-01,2025-06-01,0.0,9.329228401184082,7.25156112610799,-2.0776672750760916,xgboost
xgboost,post_covid,1,Westerville,2025-26,0.5,IT50,24.33364195874595,44,2025-12-14,2025-12-28,2.0,-2.0,2025-12-28,2025-12-21,2026-01-04,2.0,45.091270446777344,27.799395825259932,-17.29187462151741,xgboost
xgboost,post_covid,1,Westerville,2025-26,0.9,IT90,36.408491039457616,44,2025-12-21,,,,,2025-12-21,2026-01-04,2.0,45.091270446777344,27.799395825259932,-17.29187462151741,xgboost
xgboost,post_covid,1,Westerville,2025-26,0.98,IT98,47.11324141772458,44,,,,,,2025-12-21,2026-01-04,2.0,45.091270446777344,27.799395825259932,-17.29187462151741,xgboost
xgboost,post_covid,1,Worthington,2024-25,0.5,IT50,13.721631551906164,9,,,,,,2025-06-08,2025-06-01,-1.0,11.216263771057127,4.596927051198797,-6.61933671985833,xgboost
xgboost,post_covid,1,Worthington,2024-25,0.9,IT90,22.978569674557114,9,,,,,,2025-06-08,2025-06-01,-1.0,11.216263771057127,4.596927051198797,-6.61933671985833,xgboost
xgboost,post_covid,1,Worthington,2024-25,0.98,IT98,31.956357603850087,9,,,,,,2025-06-08,2025-06-01,-1.0,11.216263771057127,4.596927051198797,-6.61933671985833,xgboost
xgboost,post_covid,1,Worthington,2025-26,0.5,IT50,13.721631551906164,44,2025-08-31,2025-12-28,17.0,-17.0,2025-12-28,2025-12-21,2026-02-15,8.0,44.86505508422851,20.1539935422484,-24.711061541980108,xgboost
xgboost,post_covid,1,Worthington,2025-26,0.9,IT90,22.978569674557114,44,2025-12-21,,,,,2025-12-21,2026-02-15,8.0,44.86505508422851,20.1539935422484,-24.711061541980108,xgboost
xgboost,post_covid,1,Worthington,2025-26,0.98,IT98,31.956357603850087,44,2025-12-21,,,,,2025-12-21,2026-02-15,8.0,44.86505508422851,20.1539935422484,-24.711061541980108,xgboost
xgboost,post_covid,1,CITYWIDE,2024-25,0.5,IT50,35.19412725226089,9,,,,,,2025-06-01,2025-06-01,0.0,13.228462962543263,9.275224595441786,-3.953238367101477,xgboost
xgboost,post_covid,1,CITYWIDE,2024-25,0.9,IT90,56.071415152332634,9,,,,,,2025-06-01,2025-06-01,0.0,13.228462962543263,9.275224595441786,-3.953238367101477,xgboost
xgboost,post_covid,1,CITYWIDE,2024-25,0.98,IT98,75.53173152268305,9,,,,,,2025-06-01,2025-06-01,0.0,13.228462962543263,9.275224595441786,-3.953238367101477,xgboost
xgboost,post_covid,1,CITYWIDE,2025-26,0.5,IT50,35.19412725226089,44,2025-12-14,2025-12-28,2.0,-2.0,2025-12-28,2025-12-21,2026-01-04,2.0,52.203583997838635,40.839932657031625,-11.36365134080701,xgboost
xgboost,post_covid,1,CITYWIDE,2025-26,0.9,IT90,56.071415152332634,44,,,,,,2025-12-21,2026-01-04,2.0,52.203583997838635,40.839932657031625,-11.36365134080701,xgboost
xgboost,post_covid,1,CITYWIDE,2025-26,0.98,IT98,75.53173152268305,44,,,,,,2025-12-21,2026-01-04,2.0,52.203583997838635,40.839932657031625,-11.36365134080701,xgboost
