origin_date,target_date,horizon,neighborhood,actual,predicted,error,lower,upper
2025-05-25,2025-06-01,1,Allston/Brighton,2.8000001907348633,9.839770317077637,7.039770126342773,0.0,25.919370401885896
2025-05-25,2025-06-01,1,Back Bay/Beacon Hill/Downtown/North End/West End,1.6999998092651367,6.747408390045166,5.047408580780029,0.0,20.909974096202287
2025-05-25,2025-06-01,1,Charlestown,10.300000190734863,5.121049404144287,-5.178950786590576,0.0,18.162844379545106
2025-05-25,2025-06-01,1,Dorchester,24.299999237060547,19.416641235351562,-4.883358001708984,0.0,40.34810471763558
2025-05-25,2025-06-01,1,East Boston,1.6000003814697266,3.050539255142212,1.4505388736724854,0.0,14.507865891597042
2025-05-25,2025-06-01,1,Fenway,5.300000190734863,3.9668636322021484,-1.3331365585327148,0.0,16.150830357328477
2025-05-25,2025-06-01,1,Hyde Park,4.600000381469727,6.813241958618164,2.2132415771484375,0.0,21.01938556785791
2025-05-25,2025-06-01,1,Jamaica Plain,3.40000057220459,1.654177188873291,-1.7458233833312988,0.0,11.905621061732148
2025-05-25,2025-06-01,1,Mattapan,5.69999885559082,11.192399024963379,5.492400169372559,0.0,28.042154762726827
2025-05-25,2025-06-01,1,Roslindale,13.100000381469727,4.276715278625488,-8.823285102844238,0.0,16.69690955913632
2025-05-25,2025-06-01,1,Roxbury,6.5,19.376060485839844,12.876060485839844,0.0,40.28924357434028
2025-05-25,2025-06-01,1,South Boston,2.1000003814697266,2.0456314086914062,-0.05436897277832031,0.0,12.64898783779306
2025-05-25,2025-06-01,1,South End,10.19999885559082,12.577892303466797,2.3778934478759766,0.0,30.181657695779773
2025-05-25,2025-06-01,1,West Roxbury,3.6999998092651367,7.242215156555176,3.542215347290039,0.0,21.728581811195077
2025-06-01,2025-06-08,1,Allston/Brighton,2.8000001907348633,2.7153992652893066,-0.08460092544555664,0.0,13.89523287646056
2025-06-01,2025-06-08,1,Back Bay/Beacon Hill/Downtown/North End/West End,3.3999996185302734,1.6273647546768188,-1.7726348638534546,0.0,11.85428705584711
2025-06-01,2025-06-08,1,Charlestown,,10.187874794006348,,0.0,26.46915736911255
2025-06-01,2025-06-08,1,Dorchester,14.5,23.942148208618164,9.442148208618164,1.0725403203368025,46.81175609689953
2025-06-01,2025-06-08,1,East Boston,,1.533218264579773,,0.0,11.673449427316879
2025-06-01,2025-06-08,1,Fenway,1.3000001907348633,5.255251884460449,3.955251693725586,0.0,18.393130263828056
2025-06-01,2025-06-08,1,Hyde Park,,4.470483779907227,,0.0,17.03614800407074
2025-06-01,2025-06-08,1,Jamaica Plain,6.800000190734863,3.329962968826294,-3.4700372219085693,0.0,15.013713578889895
2025-06-01,2025-06-08,1,Mattapan,8.5,5.548659801483154,-2.9513401985168457,0.0,18.894429593356172
2025-06-01,2025-06-08,1,Roslindale,4.399999618530273,12.93210220336914,8.532102584838867,0.0,30.72352955119806
2025-06-01,2025-06-08,1,Roxbury,22.89999771118164,6.154667854309082,-16.745330810546875,0.0,19.920780365717913
2025-06-01,2025-06-08,1,South Boston,2.1000003814697266,2.016580820083618,-0.0834195613861084,0.0,12.594267096156251
2025-06-01,2025-06-08,1,South End,15.300000190734863,10.013126373291016,-5.286873817443848,0.0,26.193892995104793
2025-06-01,2025-06-08,1,West Roxbury,3.6999998092651367,3.6235949993133545,-0.07640480995178223,0.0,15.540589315941684
2025-06-08,2025-06-15,1,Allston/Brighton,5.699999809265137,2.727538824081421,-2.972460985183716,0.0,13.91755865999123
2025-06-08,2025-06-15,1,Back Bay/Beacon Hill/Downtown/North End/West End,1.6999998092651367,3.333750009536743,1.6337502002716064,0.0,15.020522806168014
2025-06-08,2025-06-15,1,Charlestown,,10.203871726989746,,0.0,26.494381251278845
2025-06-08,2025-06-15,1,Dorchester,6.700000762939453,14.17455768585205,7.474556922912598,0.0,32.61024257401897
2025-06-08,2025-06-15,1,East Boston,3.09999942779541,1.5393850803375244,-1.5606143474578857,0.0,11.685328733374083
2025-06-08,2025-06-15,1,Fenway,4.0,1.2586978673934937,-2.741302013397217,0.0,11.141880236595222
2025-06-08,2025-06-15,1,Hyde Park,4.600000381469727,4.48874568939209,-0.11125469207763672,0.0,17.06802622899002
2025-06-08,2025-06-15,1,Jamaica Plain,,6.739599227905273,,0.0,20.897056782137703
2025-06-08,2025-06-15,1,Mattapan,2.799999237060547,8.369976043701172,5.569976806640625,0.0,23.56872566416804
2025-06-08,2025-06-15,1,Roslindale,13.100000381469727,4.232550144195557,-8.867450714111328,0.0,16.61960265878506
2025-06-08,2025-06-15,1,Roxbury,9.799999237060547,22.59069061279297,12.790691375732422,0.28253863536620827,44.89884259021973
2025-06-08,2025-06-15,1,South Boston,6.300000190734863,2.0300679206848145,-4.269932270050049,0.0,12.619720632178202
2025-06-08,2025-06-15,1,South End,17.799999237060547,15.143611907958984,-2.6563873291015625,0.0,34.06457579226704
2025-06-08,2025-06-15,1,West Roxbury,,3.625236749649048,,0.0,15.54349320509666
2025-06-15,2025-06-22,1,Allston/Brighton,4.199999809265137,5.606931686401367,1.4069318771362305,0.0,18.993417513100816
2025-06-15,2025-06-22,1,Back Bay/Beacon Hill/Downtown/North End/West End,1.6999998092651367,1.6172000169754028,-0.08279979228973389,0.0,11.834784265848842
2025-06-15,2025-06-22,1,Charlestown,10.300000190734863,10.176979064941406,-0.12302112579345703,0.0,26.451979976020212
2025-06-15,2025-06-22,1,Dorchester,9.5,6.284284591674805,-3.2157154083251953,0.0,20.137760940875765
2025-06-15,2025-06-22,1,East Boston,1.6000003814697266,3.026902437210083,1.4269020557403564,0.0,14.464868568045546
2025-06-15,2025-06-22,1,Fenway,,3.9489481449127197,,0.0,16.119124063314114
2025-06-15,2025-06-22,1,Hyde Park,6.899999618530273,4.457318305969238,-2.442681312561035,0.0,17.013083797408683
2025-06-15,2025-06-22,1,Jamaica Plain,1.6999998092651367,6.720916748046875,5.020916938781738,0.0,20.86594257359056
2025-06-15,2025-06-22,1,Mattapan,11.300000190734863,2.6372451782226562,-8.662755012512207,0.0,13.751406219252575
2025-06-15,2025-06-22,1,Roslindale,26.200000762939453,12.913460731506348,-13.286540031433105,0.0,30.69490027813156
2025-06-15,2025-06-22,1,Roxbury,29.399999618530273,9.441075325012207,-19.95892333984375,0.0,25.28753687473914
2025-06-15,2025-06-22,1,South Boston,2.1000003814697266,6.209117412567139,4.109117031097412,0.0,20.010825372975503
2025-06-15,2025-06-22,1,South End,10.19999885559082,17.5885009765625,7.38850212097168,0.0,37.68403463872714
2025-06-15,2025-06-22,1,West Roxbury,11.0,3.609551429748535,-7.390448570251465,0.0,15.515457334755325
2025-06-22,2025-06-29,1,Allston/Brighton,1.3999996185302734,4.090404510498047,2.6904048919677734,0.0,16.369172596820874
2025-06-22,2025-06-29,1,Back Bay/Beacon Hill/Downtown/North End/West End,,1.6085325479507446,,0.0,11.818196614720428
2025-06-22,2025-06-29,1,Charlestown,,10.155065536499023,,0.0,26.417599308903913
2025-06-22,2025-06-29,1,Dorchester,5.75,8.939226150512695,3.1892261505126953,0.0,24.50121909851091
2025-06-22,2025-06-29,1,East Boston,3.09999942779541,1.5096899271011353,-1.590309500694275,0.0,11.628272925871972
2025-06-22,2025-06-29,1,Fenway,4.0,3.9452805519104004,-0.05471944808959961,0.0,16.112658300903824
2025-06-22,2025-06-29,1,Hyde Park,2.299999237060547,6.710046291351318,4.4100470542907715,0.0,20.849212682575228
2025-06-22,2025-06-29,1,Jamaica Plain,1.6999998092651367,1.6037651300430298,-0.09623467922210693,0.0,11.809211185981155
2025-06-22,2025-06-29,1,Mattapan,,11.102977752685547,,0.0,27.903128476795523
2025-06-22,2025-06-29,1,Roslindale,8.700000762939453,25.9677734375,17.267772674560547,2.2835503899093332,49.65199648509066
2025-06-22,2025-06-29,1,Roxbury,3.299999237060547,28.945650100708008,25.64565086364746,4.107570240848219,53.7837299605678
2025-06-22,2025-06-29,1,South Boston,,1.9915454387664795,,0.0,12.547474591041176
2025-06-22,2025-06-29,1,South End,7.600000381469727,9.952446937561035,2.3524465560913086,0.0,26.0999816474907
2025-06-22,2025-06-29,1,West Roxbury,,10.896758079528809,,0.0,27.581248016910507
2025-06-29,2025-07-06,1,Allston/Brighton,2.8000001907348633,1.2848187685012817,-1.5151814222335815,0.0,11.192800124725064
2025-06-29,2025-07-06,1,Back Bay/Beacon Hill/Downtown/North End/West End,1.6999998092651367,1.599096417427063,-0.10090339183807373,0.0,11.800057255821285
2025-06-29,2025-07-06,1,Charlestown,,10.150453567504883,,0.0,26.410206947239928
2025-06-29,2025-07-06,1,Dorchester,10.049999237060547,5.220245838165283,-4.829753398895264,0.0,18.335102312903523
2025-06-29,2025-07-06,1,East Boston,,3.0078792572021484,,0.0,14.430275764686815
2025-06-29,2025-07-06,1,Fenway,1.3000001907348633,3.937384843826294,2.6373846530914307,0.0,16.098656158988547
2025-06-29,2025-07-06,1,Hyde Park,2.299999237060547,2.122410535812378,-0.17758870124816895,0.0,12.793607368708939
2025-06-29,2025-07-06,1,Jamaica Plain,1.6999998092651367,1.6023586988449097,-0.09764111042022705,0.0,11.806334483988449
2025-06-29,2025-07-06,1,Mattapan,2.799999237060547,11.09866714477539,8.298667907714844,0.0,27.896239057659763
2025-06-29,2025-07-06,1,Roslindale,4.399999618530273,8.458751678466797,4.058752059936523,0.0,23.712234652987796
2025-06-29,2025-07-06,1,Roxbury,6.5,2.811702013015747,-3.688297986984253,0.0,14.074426492017297
2025-06-29,2025-07-06,1,South Boston,2.1000003814697266,1.9914478063583374,-0.10855257511138916,0.0,12.546821737929315
2025-06-29,2025-07-06,1,South End,7.600000381469727,7.333468437194824,-0.26653194427490234,0.0,21.879137607031403
2025-06-29,2025-07-06,1,West Roxbury,,10.893011093139648,,0.0,27.575313863024068
2025-07-06,2025-07-13,1,Allston/Brighton,1.3999996185302734,2.686474084854126,1.2864744663238525,0.0,13.842136830387203
2025-07-06,2025-07-13,1,Back Bay/Beacon Hill/Downtown/North End/West End,1.6999998092651367,1.6090809106826782,-0.0909188985824585,0.0,11.819373257616354
2025-07-06,2025-07-13,1,Charlestown,,10.165962219238281,,0.0,26.43471581312488
2025-07-06,2025-07-13,1,Dorchester,11.900001525878906,9.564614295959473,-2.3353872299194336,0.0,25.488041908751836
2025-07-06,2025-07-13,1,East Boston,1.6000003814697266,3.012603998184204,1.4126036167144775,0.0,14.438918472324985
2025-07-06,2025-07-13,1,Fenway,2.5999999046325684,1.2459321022033691,-1.3540678024291992,0.0,11.117003975073622
2025-07-06,2025-07-13,1,Hyde Park,4.600000381469727,2.1430776119232178,-2.456922769546509,0.0,12.833037420482166
2025-07-06,2025-07-13,1,Jamaica Plain,1.6999998092651367,1.6206409931182861,-0.07935881614685059,0.0,11.841540471537451
2025-07-06,2025-07-13,1,Mattapan,8.5,2.617581367492676,-5.882418632507324,0.0,13.715976714726812
2025-07-06,2025-07-13,1,Roslindale,8.69999885559082,4.182771682739258,-4.5172271728515625,0.0,16.53222406480028
2025-07-06,2025-07-13,1,Roxbury,9.799999237060547,6.061739921569824,-3.7382593154907227,0.0,19.76630920255458
2025-07-06,2025-07-13,1,South Boston,4.199999809265137,2.002037763595581,-2.1979620456695557,0.0,12.56703956792886
2025-07-06,2025-07-13,1,South End,2.5,7.367560863494873,4.867560863494873,0.0,21.93565525802931
2025-07-06,2025-07-13,1,West Roxbury,,10.902153015136719,,0.0,27.589611688899208
2025-07-13,2025-07-20,1,Allston/Brighton,5.699999809265137,1.2944494485855103,-4.405550479888916,0.0,11.21175811961481
2025-07-13,2025-07-20,1,Back Bay/Beacon Hill/Downtown/North End/West End,3.3999996185302734,1.609237551689148,-1.7907620668411255,0.0,11.819594540871904
2025-07-13,2025-07-20,1,Charlestown,,10.164793968200684,,0.0,26.432896877708387
2025-07-13,2025-07-20,1,Dorchester,8.900001525878906,11.403014183044434,2.5030126571655273,0.0,28.372299429193372
2025-07-13,2025-07-20,1,East Boston,3.09999942779541,1.516219973564148,-1.5837794542312622,0.0,11.64073318744974
2025-07-13,2025-07-20,1,Fenway,,2.5420191287994385,,0.0,13.575467122629533
2025-07-13,2025-07-20,1,Hyde Park,,4.439482688903809,,0.0,16.982245329731526
2025-07-13,2025-07-20,1,Jamaica Plain,3.40000057220459,1.6120672225952148,-1.787933349609375,0.0,11.825120934622344
2025-07-13,2025-07-20,1,Mattapan,2.799999237060547,8.322436332702637,5.52243709564209,0.0,23.492305753981167
2025-07-13,2025-07-20,1,Roslindale,,8.479902267456055,,0.0,23.746513583251858
2025-07-13,2025-07-20,1,Roxbury,9.799999237060547,9.350573539733887,-0.44942569732666016,0.0,25.145947500659354
2025-07-13,2025-07-20,1,South Boston,,4.104325294494629,,0.0,16.393774963876353
2025-07-13,2025-07-20,1,South End,17.799999237060547,2.2726335525512695,-15.527365684509277,0.0,13.076363959171939
2025-07-13,2025-07-20,1,West Roxbury,3.6999998092651367,10.899504661560059,7.199504852294922,0.0,27.585501917786544
2025-07-20,2025-07-27,1,Allston/Brighton,4.199999809265137,5.597674369812012,1.397674560546875,0.0,18.977789488903987
2025-07-20,2025-07-27,1,Back Bay/Beacon Hill/Downtown/North End/West End,1.6999998092651367,3.3075921535491943,1.6075923442840576,0.0,14.973370213015738
2025-07-20,2025-07-27,1,Charlestown,10.300000190734863,10.167825698852539,-0.13217449188232422,0.0,26.43764796863192
2025-07-20,2025-07-27,1,Dorchester,3.549999237060547,8.434728622436523,4.884729385375977,0.0,23.675032471405967
2025-07-20,2025-07-27,1,East Boston,,3.0161216259002686,,0.0,14.44526946806833
2025-07-20,2025-07-27,1,Fenway,1.3000001907348633,2.5409135818481445,1.2409133911132812,0.0,13.573416837887645
2025-07-20,2025-07-27,1,Hyde Park,2.299999237060547,4.440725326538086,2.140726089477539,0.0,16.984325904680368
2025-07-20,2025-07-27,1,Jamaica Plain,3.40000057220459,3.307236671447754,-0.09276390075683594,0.0,14.972760910514356
2025-07-20,2025-07-27,1,Mattapan,2.799999237060547,2.613124370574951,-0.1868748664855957,0.0,13.70721940348373
2025-07-20,2025-07-27,1,Roslindale,,8.491660118103027,,0.0,23.765623768851846
2025-07-20,2025-07-27,1,Roxbury,6.5,9.366006851196289,2.866006851196289,0.0,25.169146170509002
2025-07-20,2025-07-27,1,South Boston,4.199999809265137,4.101944446563721,-0.09805536270141602,0.0,16.38954152774643
2025-07-20,2025-07-27,1,South End,5.100000381469727,17.561248779296875,12.461248397827148,0.0,37.64420754054042
2025-07-20,2025-07-27,1,West Roxbury,,3.604142189025879,,0.0,15.50584800178258
2025-07-27,2025-08-03,1,Allston/Brighton,7.099999904632568,4.090755462646484,-3.009244441986084,0.0,16.369923926596872
2025-07-27,2025-08-03,1,Back Bay/Beacon Hill/Downtown/North End/West End,5.099999904632568,1.6018644571304321,-3.498135566711426,0.0,11.805464370170597
2025-07-27,2025-08-03,1,Charlestown,5.199999809265137,10.146513938903809,4.946514129638672,0.0,26.404017086469892
2025-07-27,2025-08-03,1,Dorchester,13.5,3.048168420791626,-10.451831817626953,0.0,14.50766405604376
2025-07-27,2025-08-03,1,East Boston,4.700000286102295,3.012511968612671,-1.687488317489624,0.0,14.438717365822008
2025-07-27,2025-08-03,1,Fenway,,1.2384568452835083,,0.0,11.102429632806999
2025-07-27,2025-08-03,1,Hyde Park,2.299999237060547,2.117976188659668,-0.1820230484008789,0.0,12.785332771648903
2025-07-27,2025-08-03,1,Jamaica Plain,1.6999998092651367,3.30210542678833,1.6021056175231934,0.0,14.963512525001658
2025-07-27,2025-08-03,1,Mattapan,8.5,2.594721794128418,-5.905278205871582,0.0,13.673077308739495
2025-07-27,2025-08-03,1,Roslindale,13.100000381469727,8.458069801330566,-4.64193058013916,0.0,23.711282831744057
2025-07-27,2025-08-03,1,Roxbury,16.299999237060547,6.045319080352783,-10.254680633544922,0.0,19.73868146405772
2025-07-27,2025-08-03,1,South Boston,,4.084924697875977,,0.0,16.359480587485734
2025-07-27,2025-08-03,1,South End,5.100000381469727,4.8532328605651855,-0.24676752090454102,0.0,17.702105857063145
2025-07-27,2025-08-03,1,West Roxbury,,3.5918238162994385,,0.0,15.483806123382855
2025-08-03,2025-08-10,1,Allston/Brighton,8.5,6.999387741088867,-1.5006122589111328,0.0,21.327880231250028
2025-08-03,2025-08-10,1,Back Bay/Beacon Hill/Downtown/North End/West End,1.6999998092651367,5.011788368225098,3.311788558959961,0.0,17.974845803169906
2025-08-03,2025-08-10,1,Charlestown,,5.077859878540039,,0.0,18.088810270339238
2025-08-03,2025-08-10,1,Dorchester,10.799999237060547,13.087362289428711,2.287363052368164,0.0,30.96376736181161
2025-08-03,2025-08-10,1,East Boston,4.700000286102295,4.624316215515137,-0.0756840705871582,0.0,17.30406693388015
2025-08-03,2025-08-10,1,Fenway,,1.2460355758666992,,0.0,11.117215107620302
2025-08-03,2025-08-10,1,Hyde Park,6.899999618530273,2.143467664718628,-4.756531715393066,0.0,12.833105200762784
2025-08-03,2025-08-10,1,Jamaica Plain,1.6999998092651367,1.6188452243804932,-0.08115458488464355,0.0,11.838096410300638
2025-08-03,2025-08-10,1,Mattapan,11.300000190734863,8.32264232635498,-2.977357864379883,0.0,23.49243090011182
2025-08-03,2025-08-10,1,Roslindale,,12.898743629455566,,0.0,30.67267375340008
2025-08-03,2025-08-10,1,Roxbury,6.5,15.908499717712402,9.408499717712402,0.0,35.20603251005385
2025-08-03,2025-08-10,1,South Boston,2.1000003814697266,4.099393844604492,1.9993934631347656,0.0,16.38498595024196
2025-08-03,2025-08-10,1,South End,5.100000381469727,4.882017612457275,-0.21798276901245117,0.0,17.75128367458973
2025-08-03,2025-08-10,1,West Roxbury,3.6999998092651367,3.6073453426361084,-0.09265446662902832,0.0,15.511584935281828
2025-08-10,2025-08-17,1,Allston/Brighton,2.8000001907348633,8.392910957336426,5.5929107666015625,0.0,23.605998298032244
2025-08-10,2025-08-17,1,Back Bay/Beacon Hill/Downtown/North End/West End,,1.6049667596817017,,0.0,11.811452161669173
2025-08-10,2025-08-17,1,Charlestown,5.199999809265137,5.063305377960205,-0.13669443130493164,0.0,18.06382747172704
2025-08-10,2025-08-17,1,Dorchester,22.849998474121094,10.30702018737793,-12.542978286743164,0.0,26.659483291698898
2025-08-10,2025-08-17,1,East Boston,3.09999942779541,4.613446235656738,1.5134468078613281,0.0,17.28517109141832
2025-08-10,2025-08-17,1,Fenway,1.3000001907348633,1.243941068649292,-0.05605912208557129,0.0,11.11316156819148
2025-08-10,2025-08-17,1,Hyde Park,2.299999237060547,6.736954212188721,4.436954975128174,0.0,20.89316945571344
2025-08-10,2025-08-17,1,Jamaica Plain,5.099999904632568,1.6090658903121948,-3.490933895111084,0.0,11.819374168490466
2025-08-10,2025-08-17,1,Mattapan,8.5,11.098428726196289,2.598428726196289,0.0,27.895931546074934
2025-08-10,2025-08-17,1,Roslindale,,12.87544059753418,,0.0,30.637325692014095
2025-08-10,2025-08-17,1,Roxbury,16.299999237060547,6.031917095184326,-10.268081665039062,0.0,19.717876763739312
2025-08-10,2025-08-17,1,South Boston,10.600000381469727,1.993924617767334,-8.606075286865234,0.0,12.551748855752457
2025-08-10,2025-08-17,1,South End,10.19999885559082,4.8558454513549805,-5.34415340423584,0.0,17.706610267951646
2025-08-10,2025-08-17,1,West Roxbury,3.6999998092651367,3.5996615886688232,-0.10033822059631348,0.0,15.497804804045636
2025-08-17,2025-08-24,1,Allston/Brighton,7.099999904632568,2.7218308448791504,-4.378169059753418,0.0,13.907159092088975
2025-08-17,2025-08-24,1,Back Bay/Beacon Hill/Downtown/North End/West End,1.6999998092651367,1.6366358995437622,-0.06336390972137451,0.0,11.872190693594884
2025-08-17,2025-08-24,1,Charlestown,10.300000190734863,5.10060977935791,-5.199390411376953,0.0,18.127828354240286
2025-08-17,2025-08-24,1,Dorchester,13.400001525878906,22.564069747924805,9.164068222045898,0.26339725436575634,44.86474224148385
2025-08-17,2025-08-24,1,East Boston,,3.0445079803466797,,0.0,14.496976544168383
2025-08-17,2025-08-24,1,Fenway,,1.2573151588439941,,0.0,11.139218140881377
2025-08-17,2025-08-24,1,Hyde Park,2.299999237060547,2.196124792098999,-0.10387444496154785,0.0,12.932323919349322
2025-08-17,2025-08-24,1,Jamaica Plain,5.099999904632568,5.043450832366943,-0.056549072265625,0.0,18.0294764939243
2025-08-17,2025-08-24,1,Mattapan,2.799999237060547,8.369671821594238,5.569672584533691,0.0,23.568610867545132
2025-08-17,2025-08-24,1,Roslindale,8.69999885559082,12.936917304992676,4.2369184494018555,0.0,30.73119115298856
2025-08-17,2025-08-24,1,Roxbury,6.5,16.044292449951172,9.544292449951172,0.0,35.40903924591314
2025-08-17,2025-08-24,1,South Boston,4.199999809265137,10.529202461242676,6.329202651977539,0.0,27.005954736025277
2025-08-17,2025-08-24,1,South End,5.100000381469727,10.037174224853516,4.937173843383789,0.0,26.23268320142206
2025-08-17,2025-08-24,1,West Roxbury,11.0,3.6170337200164795,-7.382966041564941,0.0,15.528898743681676
2025-08-24,2025-08-31,1,Allston/Brighton,4.199999809265137,7.012584209442139,2.812584400177002,0.0,21.34965815786515
2025-08-24,2025-08-31,1,Back Bay/Beacon Hill/Downtown/North End/West End,,1.6297273635864258,,0.0,11.858879395065577
2025-08-24,2025-08-31,1,Charlestown,5.199999809265137,10.194683074951172,4.994683265686035,0.0,26.47997872703234
2025-08-24,2025-08-31,1,Dorchester,11.150001525878906,13.042123794555664,1.8921222686767578,0.0,30.894003477640858
2025-08-24,2025-08-31,1,East Boston,9.399999618530273,3.0374534130096436,-6.362545967102051,0.0,14.484117440223281
2025-08-24,2025-08-31,1,Fenway,4.0,1.2521787881851196,-2.74782133102417,0.0,11.129193072541078
2025-08-24,2025-08-31,1,Hyde Park,2.299999237060547,2.166005849838257,-0.13399338722229004,0.0,12.875700867186548
2025-08-24,2025-08-31,1,Jamaica Plain,3.40000057220459,5.032512664794922,1.632512092590332,0.0,18.010571460565558
2025-08-24,2025-08-31,1,Mattapan,2.799999237060547,2.650630235671997,-0.1493690013885498,0.0,13.776404208348485
2025-08-24,2025-08-31,1,Roslindale,,8.521966934204102,,0.0,23.814449474054342
2025-08-24,2025-08-31,1,Roxbury,16.299999237060547,6.147805690765381,-10.152193069458008,0.0,19.91024010061916
2025-08-24,2025-08-31,1,South Boston,,4.123167037963867,,0.0,16.426928716050078
2025-08-24,2025-08-31,1,South End,5.100000381469727,4.903787136077881,-0.1962132453918457,0.0,17.789146220994574
2025-08-24,2025-08-31,1,West Roxbury,11.0,10.921106338500977,-0.07889366149902344,0.0,27.61921718110722
2025-08-31,2025-09-07,1,Allston/Brighton,5.699999809265137,4.108078479766846,-1.591921329498291,0.0,16.400421373549865
2025-08-31,2025-09-07,1,Back Bay/Beacon Hill/Downtown/North End/West End,8.600000381469727,1.6217026710510254,-6.978297710418701,0.0,11.843523518827352
2025-08-31,2025-09-07,1,Charlestown,10.300000190734863,5.085841178894043,-5.21415901184082,0.0,18.102498758315114
2025-08-31,2025-09-07,1,Dorchester,5.0,10.765294075012207,5.765294075012207,0.0,27.38017030071734
2025-08-31,2025-09-07,1,East Boston,3.09999942779541,9.333267211914062,6.233267784118652,0.0,25.11488833999041
2025-08-31,2025-09-07,1,Fenway,2.5999999046325684,3.9489905834198,1.3489906787872314,0.0,16.119220038944157
2025-08-31,2025-09-07,1,Hyde Park,11.5,2.1644845008850098,-9.335515975952148,0.0,12.872972353283869
2025-08-31,2025-09-07,1,Jamaica Plain,1.6999998092651367,3.32321834564209,1.6232185363769531,0.0,15.001608834543433
2025-08-31,2025-09-07,1,Mattapan,5.69999885559082,2.63834285736084,-3.0616559982299805,0.0,13.753646942516797
2025-08-31,2025-09-07,1,Roslindale,,8.493782043457031,,0.0,23.768820487934903
2025-08-31,2025-09-07,1,Roxbury,29.399999618530273,15.93194580078125,-13.468053817749023,0.0,35.24260084080425
2025-08-31,2025-09-07,1,South Boston,,4.111261367797852,,0.0,16.405945044911977
2025-08-31,2025-09-07,1,South End,17.799999237060547,4.891693115234375,-12.908306121826172,0.0,17.768301761456947
2025-08-31,2025-09-07,1,West Roxbury,7.300000190734863,10.915366172790527,3.615365982055664,0.0,27.610257584674194
2025-09-07,2025-09-14,1,Allston/Brighton,7.099999904632568,5.672197341918945,-1.427802562713623,0.0,19.105101647620216
2025-09-07,2025-09-14,1,Back Bay/Beacon Hill/Downtown/North End/West End,1.6999998092651367,8.560340881347656,6.8603410720825195,0.0,23.8762739196388
2025-09-07,2025-09-14,1,Charlestown,5.199999809265137,10.260580062866211,5.060580253601074,0.0,26.584638941257747
2025-09-07,2025-09-14,1,Dorchester,24.650001525878906,4.9285664558410645,-19.721435546875,0.0,17.856791981312707
2025-09-07,2025-09-14,1,East Boston,4.700000286102295,3.0718822479248047,-1.6281180381774902,0.0,14.547102412062182
2025-09-07,2025-09-14,1,Fenway,1.3000001907348633,2.5805933475494385,1.2805931568145752,0.0,13.646993443535226
2025-09-07,2025-09-14,1,Hyde Park,11.5,11.48459243774414,-0.015407562255859375,0.0,28.498260049186005
2025-09-07,2025-09-14,1,Jamaica Plain,5.099999904632568,1.6777846813201904,-3.422215223312378,0.0,11.95181194582608
2025-09-07,2025-09-14,1,Mattapan,5.69999885559082,5.662207126617432,-0.03779172897338867,0.0,19.090887198851334
2025-09-07,2025-09-14,1,Roslindale,4.399999618530273,8.652159690856934,4.25216007232666,0.0,24.0275309337407
2025-09-07,2025-09-14,1,Roxbury,6.5,29.291236877441406,22.791236877441406,4.316581939249673,54.26589181563314
2025-09-07,2025-09-14,1,South Boston,4.199999809265137,4.170014381408691,-0.029985427856445312,0.0,16.51018006907177
2025-09-07,2025-09-14,1,South End,5.100000381469727,17.75324249267578,12.653242111206055,0.0,37.92889020880127
2025-09-07,2025-09-14,1,West Roxbury,3.6999998092651367,7.272226333618164,3.5722265243530273,0.0,21.77845404468103
2025-09-14,2025-09-21,1,Allston/Brighton,5.699999809265137,7.058107852935791,1.3581080436706543,0.0,21.425711444910583
2025-09-14,2025-09-21,1,Back Bay/Beacon Hill/Downtown/North End/West End,5.099999904632568,1.6685672998428345,-3.4314327239990234,0.0,11.934088236408908
2025-09-14,2025-09-21,1,Charlestown,,5.142144680023193,,0.0,18.200455612931925
2025-09-14,2025-09-21,1,Dorchester,28.950000762939453,24.532739639282227,-4.417261123657227,1.4087930447508548,47.6566862338136
2025-09-14,2025-09-21,1,East Boston,1.6000003814697266,4.677149772644043,3.0771493911743164,0.0,17.39647227715332
2025-09-14,2025-09-21,1,Fenway,4.0,1.2741272449493408,-2.725872755050659,0.0,11.172183735112988
2025-09-14,2025-09-21,1,Hyde Park,4.600000381469727,11.454337120056152,6.854336738586426,0.0,28.450645359699315
2025-09-14,2025-09-21,1,Jamaica Plain,3.40000057220459,5.062252998352051,1.662252426147461,0.0,18.062188625043028
2025-09-14,2025-09-21,1,Mattapan,2.799999237060547,5.622020244598389,2.822021007537842,0.0,19.021979883264063
2025-09-14,2025-09-21,1,Roslindale,8.69999885559082,4.343029022216797,-4.356969833374023,0.0,16.81844988406546
2025-09-14,2025-09-21,1,Roxbury,35.900001525878906,6.267858505249023,-29.632143020629883,0.0,20.121685243732436
2025-09-14,2025-09-21,1,South Boston,4.199999809265137,4.156455993652344,-0.04354381561279297,0.0,16.48617037557341
2025-09-14,2025-09-21,1,South End,12.69999885559082,4.969606399536133,-7.7303924560546875,0.0,17.90484295272158
2025-09-14,2025-09-21,1,West Roxbury,,3.6563844680786133,,0.0,15.59977625813154
2025-09-21,2025-09-28,1,Allston/Brighton,11.300000190734863,5.668234825134277,-5.631765365600586,0.0,19.09836834577458
2025-09-21,2025-09-28,1,Back Bay/Beacon Hill/Downtown/North End/West End,6.800000190734863,5.068634510040283,-1.73136568069458,0.0,18.073233544954213
2025-09-21,2025-09-28,1,Charlestown,15.5,5.148122787475586,-10.351877212524414,0.0,18.210114498463515
2025-09-21,2025-09-28,1,Dorchester,15.950000762939453,28.741989135742188,12.791988372802734,3.9798224093102696,53.5041558621741
2025-09-21,2025-09-28,1,East Boston,1.6000003814697266,1.5818469524383545,-0.01815342903137207,0.0,11.767552201942118
2025-09-21,2025-09-28,1,Fenway,2.5999999046325684,3.979402542114258,1.3794026374816895,0.0,16.1731956002898
2025-09-21,2025-09-28,1,Hyde Park,13.800000190734863,4.546083450317383,-9.25391674041748,0.0,17.17003355819294
2025-09-21,2025-09-28,1,Jamaica Plain,3.40000057220459,3.368973731994629,-0.031026840209960938,0.0,15.084505109772214
2025-09-21,2025-09-28,1,Mattapan,,2.7229671478271484,,0.0,13.91147543121308
2025-09-21,2025-09-28,1,Roslindale,30.5,8.652878761291504,-21.847122192382812,0.0,24.0281043814011
2025-09-21,2025-09-28,1,Roxbury,26.100000381469727,35.73157501220703,9.631574630737305,8.449654696960078,63.01349532745398
2025-09-21,2025-09-28,1,South Boston,6.300000190734863,4.1748046875,-2.1251955032348633,0.0,16.518584736968613
2025-09-21,2025-09-28,1,South End,7.600000381469727,12.580970764160156,4.98097038269043,0.0,30.188162833500954
2025-09-21,2025-09-28,1,West Roxbury,11.0,3.6761810779571533,-7.323819160461426,0.0,15.635187583993167
2025-09-28,2025-10-05,1,Allston/Brighton,8.5,11.305852890014648,2.8058528900146484,0.0,28.21928254430212
2025-09-28,2025-10-05,1,Back Bay/Beacon Hill/Downtown/North End/West End,3.3999996185302734,6.7917890548706055,3.391789436340332,0.0,20.98417939938068
2025-09-28,2025-10-05,1,Charlestown,,15.471407890319824,,0.0,34.554207063001314
2025-09-28,2025-10-05,1,Dorchester,13.5,15.955906867980957,2.455906867980957,0.0,35.28944927866674
2025-09-28,2025-10-05,1,East Boston,3.09999942779541,1.5906704664230347,-1.5093289613723755,0.0,11.784436993117383
2025-09-28,2025-10-05,1,Fenway,4.0,2.5900466442108154,-1.4099533557891846,0.0,13.664405852604608
2025-09-28,2025-10-05,1,Hyde Park,,13.801105499267578,,0.0,32.04600020755329
2025-09-28,2025-10-05,1,Jamaica Plain,1.6999998092651367,3.394183397293091,1.694183588027954,0.0,15.129852854133192
2025-09-28,2025-10-05,1,Mattapan,5.69999885559082,2.806130886077881,-2.8938679695129395,0.0,14.065356305636959
2025-09-28,2025-10-05,1,Roslindale,8.69999885559082,30.469741821289062,21.769742965698242,5.064776854971367,55.874706787606755
2025-09-28,2025-10-05,1,Roxbury,39.20000076293945,26.08132553100586,-13.118675231933594,2.3445889907477557,49.81806207126397
2025-09-28,2025-10-05,1,South Boston,6.300000190734863,6.284888744354248,-0.015111446380615234,0.0,20.138531941286715
2025-09-28,2025-10-05,1,South End,7.600000381469727,7.568525314331055,-0.031475067138671875,0.0,22.268888011305734
2025-09-28,2025-10-05,1,West Roxbury,7.300000190734863,10.99426555633545,3.694265365600586,0.0,27.733825047583544
2025-10-05,2025-10-12,1,Allston/Brighton,7.099999904632568,8.482574462890625,1.3825745582580566,0.0,23.751088314674224
2025-10-05,2025-10-12,1,Back Bay/Beacon Hill/Downtown/North End/West End,1.6999998092651367,3.38655424118042,1.6865544319152832,0.0,15.116062726017491
2025-10-05,2025-10-12,1,Charlestown,5.199999809265137,15.499964714050293,10.299964904785156,0.0,34.597175130394604
2025-10-05,2025-10-12,1,Dorchester,12.099998474121094,13.48989486694336,1.3898963928222656,0.0,31.582661405863227
2025-10-05,2025-10-12,1,East Boston,,3.0868043899536133,,0.0,14.574108991014391
2025-10-05,2025-10-12,1,Fenway,1.3000001907348633,3.993196487426758,2.6931962966918945,0.0,16.197594305915366
2025-10-05,2025-10-12,1,Hyde Park,6.899999618530273,13.789175987243652,6.889176368713379,0.0,32.02752051991526
2025-10-05,2025-10-12,1,Jamaica Plain,,1.6801315546035767,,0.0,11.955617488859572
2025-10-05,2025-10-12,1,Mattapan,5.69999885559082,5.672808647155762,-0.027190208435058594,0.0,19.106959871612865
2025-10-05,2025-10-12,1,Roslindale,8.69999885559082,8.664670944213867,-0.035327911376953125,0.0,24.045904582148907
2025-10-05,2025-10-12,1,Roxbury,6.5,39.23161315917969,32.73161315917969,10.771754969732154,67.69147134862722
2025-10-05,2025-10-12,1,South Boston,2.1000003814697266,6.286846160888672,4.186845779418945,0.0,20.14179233017671
2025-10-05,2025-10-12,1,South End,10.19999885559082,7.570814609527588,-2.6291842460632324,0.0,22.271518375974356
2025-10-05,2025-10-12,1,West Roxbury,7.300000190734863,7.272892951965332,-0.02710723876953125,0.0,21.779367002911812
2025-10-12,2025-10-19,1,Allston/Brighton,4.199999809265137,7.202678680419922,3.002678871154785,0.0,21.664333078711557
2025-10-12,2025-10-19,1,Back Bay/Beacon Hill/Downtown/North End/West End,5.099999904632568,1.778266191482544,-3.3217337131500244,0.0,12.143690444295107
2025-10-12,2025-10-19,1,Charlestown,5.199999809265137,5.299208164215088,0.09920835494995117,0.0,18.46967296467688
2025-10-12,2025-10-19,1,Dorchester,19.450000762939453,12.690936088562012,-6.759064674377441,0.0,30.37671627045637
2025-10-12,2025-10-19,1,East Boston,12.5,3.1615920066833496,-9.338407516479492,0.0,14.709973233373786
2025-10-12,2025-10-19,1,Fenway,2.5999999046325684,1.329157829284668,-1.2708420753479004,0.0,11.279218229859884
2025-10-12,2025-10-19,1,Hyde Park,9.199999809265137,7.085367202758789,-2.1146326065063477,0.0,21.473258482428136
2025-10-12,2025-10-19,1,Jamaica Plain,1.6999998092651367,1.7925386428833008,0.09253883361816406,0.0,12.170727579443609
2025-10-12,2025-10-19,1,Mattapan,8.5,5.869380474090576,-2.630619525909424,0.0,19.441995872575347
2025-10-12,2025-10-19,1,Roslindale,13.100000381469727,8.913816452026367,-4.186183929443359,0.0,24.448057884487476
2025-10-12,2025-10-19,1,Roxbury,16.299999237060547,6.99195671081543,-9.308042526245117,0.0,21.33608191603878
2025-10-12,2025-10-19,1,South Boston,2.1000003814697266,2.1930551528930664,0.09305477142333984,0.0,12.927206828965405
2025-10-12,2025-10-19,1,South End,17.799999237060547,10.458853721618652,-7.3411455154418945,0.0,26.90033481031112
2025-10-12,2025-10-19,1,West Roxbury,11.0,7.363006114959717,-3.636993885040283,0.0,21.928088649917946
2025-10-19,2025-10-26,1,Allston/Brighton,9.899999618530273,4.205674648284912,-5.694324970245361,0.0,16.57277620431779
2025-10-19,2025-10-26,1,Back Bay/Beacon Hill/Downtown/North End/West End,3.3999996185302734,5.10719108581543,1.7071914672851562,0.0,18.139572896077862
2025-10-19,2025-10-26,1,Charlestown,5.199999809265137,5.208548545837402,0.008548736572265625,0.0,18.314477218437183
2025-10-19,2025-10-26,1,Dorchester,24.700000762939453,19.52525520324707,-5.174745559692383,0.0,40.515985490539144
2025-10-19,2025-10-26,1,East Boston,14.0,12.509861946105957,-1.490138053894043,0.0,30.077590257276103
2025-10-19,2025-10-26,1,Fenway,2.5999999046325684,2.606987237930298,0.006987333297729492,0.0,13.695771856036064
2025-10-19,2025-10-26,1,Hyde Park,13.800000190734863,9.215956687927246,-4.584043502807617,0.0,24.92933949850252
2025-10-19,2025-10-26,1,Jamaica Plain,,1.7086777687072754,,0.0,12.01052505517824
2025-10-19,2025-10-26,1,Mattapan,2.799999237060547,8.531366348266602,5.731367111206055,0.0,23.831848329634227
2025-10-19,2025-10-26,1,Roslindale,8.69999885559082,13.115854263305664,4.415855407714844,0.0,31.0060987770775
2025-10-19,2025-10-26,1,Roxbury,16.299999237060547,16.306201934814453,0.00620269775390625,0.0,35.80189934347601
2025-10-19,2025-10-26,1,South Boston,2.1000003814697266,2.1102399826049805,0.010239601135253906,0.0,12.771523462841273
2025-10-19,2025-10-26,1,South End,7.600000381469727,17.835609436035156,10.23560905456543,0.0,38.048568465500566
2025-10-19,2025-10-26,1,West Roxbury,3.6999998092651367,11.00748062133789,7.307480812072754,0.0,27.75453150990629
2025-10-26,2025-11-02,1,Allston/Brighton,12.699999809265137,10.380404472351074,-2.3195953369140625,0.0,26.773592619441576
2025-10-26,2025-11-02,1,Back Bay/Beacon Hill/Downtown/North End/West End,12.0,3.7824273109436035,-8.217573165893555,0.0,15.825311357536425
2025-10-26,2025-11-02,1,Charlestown,,5.767711639404297,,0.0,19.269306567745474
2025-10-26,2025-11-02,1,Dorchester,25.049999237060547,26.96221160888672,1.9122123718261719,2.8615326872262123,51.06289053054722
2025-10-26,2025-11-02,1,East Boston,3.09999942779541,14.339153289794922,11.239153861999512,0.0,32.857766752099145
2025-10-26,2025-11-02,1,Fenway,,2.8282058238983154,,0.0,14.102734290449575
2025-10-26,2025-11-02,1,Hyde Park,6.899999618530273,14.541938781738281,7.641939163208008,0.0,33.16523051309465
2025-10-26,2025-11-02,1,Jamaica Plain,8.5,2.1005818843841553,-6.399417877197266,0.0,12.754269937648187
2025-10-26,2025-11-02,1,Mattapan,11.300000190734863,3.6274938583374023,-7.672506332397461,0.0,15.55394004480729
2025-10-26,2025-11-02,1,Roslindale,13.100000381469727,9.659385681152344,-3.440614700317383,0.0,25.6408107697822
2025-10-26,2025-11-02,1,Roxbury,19.60000228881836,18.19217872619629,-1.4078235626220703,0.0,38.597217837599544
2025-10-26,2025-11-02,1,South Boston,2.1000003814697266,2.541421413421631,0.4414210319519043,0.0,13.57681061635446
2025-10-26,2025-11-02,1,South End,7.600000381469727,8.663558006286621,1.0635576248168945,0.0,24.051844155164915
2025-10-26,2025-11-02,1,West Roxbury,3.6999998092651367,4.112032413482666,0.4120326042175293,0.0,16.4091041360249
2025-11-02,2025-11-09,1,Allston/Brighton,4.199999809265137,12.941893577575684,8.741893768310547,0.0,30.738759847383225
2025-11-02,2025-11-09,1,Back Bay/Beacon Hill/Downtown/North End/West End,10.300000190734863,12.21258544921875,1.9125852584838867,0.0,29.621017774287022
2025-11-02,2025-11-09,1,Charlestown,15.5,5.5242438316345215,-9.97575569152832,0.0,18.853481776522703
2025-11-02,2025-11-09,1,Dorchester,30.10000228881836,26.078096389770508,-4.021905899047852,2.3421955302804385,49.81399724926058
2025-11-02,2025-11-09,1,East Boston,3.09999942779541,3.290933132171631,0.1909337043762207,0.0,14.943710440308132
2025-11-02,2025-11-09,1,Fenway,6.59999942779541,2.721980333328247,-3.878019094467163,0.0,13.907435829181997
2025-11-02,2025-11-09,1,Hyde Park,2.299999237060547,7.2776570320129395,4.977657794952393,0.0,21.788878626301013
2025-11-02,2025-11-09,1,Jamaica Plain,3.40000057220459,8.696554183959961,5.296553611755371,0.0,24.095710254049685
2025-11-02,2025-11-09,1,Mattapan,11.300000190734863,11.72160530090332,0.42160511016845703,0.0,28.86520397037869
2025-11-02,2025-11-09,1,Roslindale,17.5,13.596837997436523,-3.9031620025634766,0.0,31.73748450060257
2025-11-02,2025-11-09,1,Roxbury,26.100000381469727,20.53453826904297,-5.565462112426758,0.0,41.967663732731424
2025-11-02,2025-11-09,1,South Boston,6.300000190734863,2.319784641265869,-3.980215549468994,0.0,13.163552488292387
2025-11-02,2025-11-09,1,South End,2.5,8.118749618530273,5.618749618530273,0.0,23.164671078817012
2025-11-02,2025-11-09,1,West Roxbury,11.0,3.9263710975646973,-7.073628902435303,0.0,16.079770065958584
2025-11-09,2025-11-16,1,Allston/Brighton,15.600000381469727,4.837834358215332,-10.762166023254395,0.0,17.677691407907922
2025-11-09,2025-11-16,1,Back Bay/Beacon Hill/Downtown/North End/West End,10.300000190734863,10.807756423950195,0.507756233215332,0.0,27.444162284610638
2025-11-09,2025-11-16,1,Charlestown,,16.260282516479492,,0.0,35.72996565175339
2025-11-09,2025-11-16,1,Dorchester,38.04999923706055,32.89297103881836,-5.1570281982421875,6.56786309810316,59.21807897953356
2025-11-09,2025-11-16,1,East Boston,10.899999618530273,3.5512945652008057,-7.348705291748047,0.0,15.413305568313596
2025-11-09,2025-11-16,1,Fenway,5.300000190734863,6.880166530609131,1.5801663398742676,0.0,21.131256064500736
2025-11-09,2025-11-16,1,Hyde Park,13.80000114440918,3.221433162689209,-10.578567504882812,0.0,14.828000255382635
2025-11-09,2025-11-16,1,Jamaica Plain,1.6999998092651367,3.871067762374878,2.171067953109741,0.0,15.984835132816544
2025-11-09,2025-11-16,1,Mattapan,22.600000381469727,12.311867713928223,-10.288132667541504,0.0,29.78190465087323
2025-11-09,2025-11-16,1,Roslindale,21.799999237060547,18.67675018310547,-3.123249053955078,0.0,39.28280127330831
2025-11-09,2025-11-16,1,Roxbury,39.20000076293945,28.571826934814453,-10.628173828125,3.843989329290739,53.29966454033817
2025-11-09,2025-11-16,1,South Boston,2.1000003814697266,6.875014781951904,4.775014400482178,0.0,21.124925950988573
2025-11-09,2025-11-16,1,South End,17.799999237060547,3.8624093532562256,-13.937589645385742,0.0,15.987594125651373
2025-11-09,2025-11-16,1,West Roxbury,14.699999809265137,11.484148979187012,-3.215850830078125,0.0,28.49757464371103
2025-11-16,2025-11-23,1,Allston/Brighton,12.699999809265137,16.34186553955078,3.6418657302856445,0.0,35.850756314536255
2025-11-16,2025-11-23,1,Back Bay/Beacon Hill/Downtown/North End/West End,17.100000381469727,10.893636703491211,-6.206363677978516,0.0,27.57945585275063
2025-11-16,2025-11-23,1,Charlestown,5.199999809265137,16.371004104614258,11.171004295349121,0.0,35.89642053692709
2025-11-16,2025-11-23,1,Dorchester,44.5,41.161865234375,-3.338134765625,12.01057093228006,70.31315953646994
2025-11-16,2025-11-23,1,East Boston,1.6000003814697266,11.397337913513184,9.797337532043457,0.0,28.36325156181328
2025-11-16,2025-11-23,1,Fenway,4.0,5.629012584686279,1.6290125846862793,0.0,19.03258991490012
2025-11-16,2025-11-23,1,Hyde Park,13.800000190734863,14.801521301269531,1.001521110534668,0.0,33.563184565774876
2025-11-16,2025-11-23,1,Jamaica Plain,15.300000190734863,2.2818338871002197,-13.018166542053223,0.0,13.095722339982986
2025-11-16,2025-11-23,1,Mattapan,11.300000190734863,23.722978591918945,12.422978401184082,0.9326491810480562,46.513308002789834
2025-11-16,2025-11-23,1,Roslindale,13.100000381469727,23.119895935058594,10.019895553588867,0.5766519630471123,45.663139907070075
2025-11-16,2025-11-23,1,Roxbury,58.79999923706055,41.88968276977539,-16.910316467285156,12.51627147364595,71.26309406590482
2025-11-16,2025-11-23,1,South Boston,,2.7587780952453613,,0.0,13.980931216178002
2025-11-16,2025-11-23,1,South End,33.099998474121094,19.297075271606445,-13.802923202514648,0.0,40.194019287274585
2025-11-16,2025-11-23,1,West Roxbury,7.300000190734863,15.254158020019531,7.954157829284668,0.0,34.232430601457494
2025-11-23,2025-11-30,1,Allston/Brighton,11.300000190734863,13.31332778930664,2.0133275985717773,0.0,31.31040306585581
2025-11-23,2025-11-30,1,Back Bay/Beacon Hill/Downtown/North End/West End,15.399999618530273,17.615203857421875,2.2152042388916016,0.0,37.725680772435815
2025-11-23,2025-11-30,1,Charlestown,10.300000190734863,5.9105963706970215,-4.389403820037842,0.0,19.516451658732322
2025-11-23,2025-11-30,1,Dorchester,62.20000076293945,47.54931640625,-14.650684356689453,16.405881814247337,78.69275099825266
2025-11-23,2025-11-30,1,East Boston,4.700000286102295,2.0722033977508545,-2.6277968883514404,0.0,12.701472683509737
2025-11-23,2025-11-30,1,Fenway,6.599999904632568,4.299037933349609,-2.300961971282959,0.0,16.7376425219435
2025-11-23,2025-11-30,1,Hyde Park,27.700000762939453,14.719232559204102,-12.980768203735352,0.0,33.439116216992744
2025-11-23,2025-11-30,1,Jamaica Plain,11.899999618530273,15.846931457519531,3.946931838989258,0.0,35.11593222810585
2025-11-23,2025-11-30,1,Mattapan,19.799999237060547,12.339123725891113,-7.460875511169434,0.0,29.829288080283067
2025-11-23,2025-11-30,1,Roslindale,17.5,14.33125114440918,-3.1687488555908203,0.0,32.86079492009563
2025-11-23,2025-11-30,1,Roxbury,55.5,61.41061019897461,5.910610198974609,26.36358654124944,96.45763385669977
2025-11-23,2025-11-30,1,South Boston,19.0,2.6996548175811768,-16.300344467163086,0.0,13.873377832947273
2025-11-23,2025-11-30,1,South End,35.599998474121094,34.571563720703125,-1.0284347534179688,7.680748295690641,61.46237914571561
2025-11-23,2025-11-30,1,West Roxbury,3.6999998092651367,7.782516956329346,4.082517147064209,0.0,22.618545873321995
2025-11-30,2025-12-07,1,Allston/Brighton,25.5,17.912086486816406,-7.587913513183594,0.0,38.19564609586771
2025-11-30,2025-12-07,1,Back Bay/Beacon Hill/Downtown/North End/West End,10.300000190734863,21.15066909790039,10.850668907165527,0.0,42.86197375911945
2025-11-30,2025-12-07,1,Charlestown,15.5,19.23137664794922,3.7313766479492188,0.0,40.1187923148386
2025-11-30,2025-12-07,1,Dorchester,109.69999694824219,88.37312316894531,-21.326873779296875,46.358586870924604,130.38765946696603
2025-11-30,2025-12-07,1,East Boston,17.200000762939453,10.138653755187988,-7.061347007751465,0.0,26.40920896868353
2025-11-30,2025-12-07,1,Fenway,18.5,10.345288276672363,-8.154711723327637,0.0,26.724620993589713
2025-11-30,2025-12-07,1,Hyde Park,23.100000381469727,37.36982345581055,14.26982307434082,9.48925074736308,65.250396164258
2025-11-30,2025-12-07,1,Jamaica Plain,23.799999237060547,17.171829223632812,-6.628170013427734,0.0,37.094638735187175
2025-11-30,2025-12-07,1,Mattapan,22.600000381469727,31.468114852905273,8.868114471435547,5.628052573066164,57.30817713274438
2025-11-30,2025-12-07,1,Roslindale,56.70000076293945,31.225191116333008,-25.474809646606445,5.4504100588795446,56.999972173786475
2025-11-30,2025-12-07,1,Roxbury,114.30000305175781,80.58627319335938,-33.71372985839844,40.39403442606873,120.77851196065002
2025-11-30,2025-12-07,1,South Boston,14.800000190734863,25.147132873535156,10.347132682800293,1.7713781262646897,48.52288762080562
2025-11-30,2025-12-07,1,South End,40.70000076293945,49.53416442871094,8.834163665771484,17.759478194982226,81.30885066243965
2025-11-30,2025-12-07,1,West Roxbury,18.299999237060547,10.609930038452148,-7.690069198608398,0.0,27.155399829279208
2025-12-07,2025-12-14,1,Allston/Brighton,50.900001525878906,33.190547943115234,-17.709453582763672,6.7279957343369965,59.65310015189347
2025-12-07,2025-12-14,1,Back Bay/Beacon Hill/Downtown/North End/West End,25.700000762939453,17.46312713623047,-8.236873626708984,0.0,37.580868608626595
2025-12-07,2025-12-14,1,Charlestown,92.79999542236328,26.160993576049805,-66.63899993896484,2.302069576282257,50.01991757581735
2025-12-07,2025-12-14,1,Dorchester,194.6999969482422,140.98757934570312,-53.71241760253906,87.9143603681563,194.06079832324997
2025-12-07,2025-12-14,1,East Boston,40.5,23.948808670043945,-16.551191329956055,1.023186388115196,46.8744309519727
2025-12-07,2025-12-14,1,Fenway,19.799999237060547,23.1735782623291,3.3735790252685547,0.5969362379896275,45.75022028666858
2025-12-07,2025-12-14,1,Hyde Park,66.9000015258789,34.53981399536133,-32.36018753051758,7.5247781557330455,61.55484983498961
2025-12-07,2025-12-14,1,Jamaica Plain,30.599998474121094,29.959877014160156,-0.6401214599609375,4.700580008996852,55.21917401932346
2025-12-07,2025-12-14,1,Mattapan,59.400001525878906,36.42283630371094,-22.97716522216797,8.719789634115621,64.12588297330626
2025-12-07,2025-12-14,1,Roslindale,91.5999984741211,72.8730239868164,-18.726974487304688,34.72412915050736,111.02191882312545
2025-12-07,2025-12-14,1,Roxbury,156.8000030517578,142.44993591308594,-14.350067138671875,89.60646451409339,195.2934073120785
2025-12-07,2025-12-14,1,South Boston,50.70000076293945,22.34186363220215,-28.358137130737305,0.0456929697439179,44.63803429466038
2025-12-07,2025-12-14,1,South End,132.3000030517578,57.41786575317383,-74.88214111328125,23.116950544467116,91.71878096188054
2025-12-07,2025-12-14,1,West Roxbury,33.0,26.715167999267578,-6.284832000732422,2.6940445858103175,50.73629141272484
2025-12-14,2025-12-21,1,Allston/Brighton,80.5999984741211,62.981788635253906,-17.618209838867188,27.501499091066364,98.46207817944145
2025-12-14,2025-12-21,1,Back Bay/Beacon Hill/Downtown/North End/West End,58.099998474121094,36.56589889526367,-21.534099578857422,8.960467198994174,64.17133059153318
2025-12-14,2025-12-21,1,Charlestown,77.30000305175781,109.4580307006836,32.15802764892578,63.28086407204594,155.63519732932124
2025-12-14,2025-12-21,1,Dorchester,256.1499938964844,242.53594970703125,-13.614044189453125,173.86937128618075,311.20252812788175
2025-12-14,2025-12-21,1,East Boston,48.29999923706055,50.4239387512207,2.1239395141601562,18.471357022025156,82.37652048041625
2025-12-14,2025-12-21,1,Fenway,14.5,26.76324462890625,12.26324462890625,2.7518067970747566,50.77468246073774
2025-12-14,2025-12-21,1,Hyde Park,94.5999984741211,84.75247192382812,-9.847526550292969,43.85978241560238,125.64516143205387
2025-12-14,2025-12-21,1,Jamaica Plain,61.09999465942383,40.30622482299805,-20.79376983642578,11.450887378491636,69.16156226750445
2025-12-14,2025-12-21,1,Mattapan,82.0,81.12137603759766,-0.8786239624023438,41.04667053049374,121.19608154470157
2025-12-14,2025-12-21,1,Roslindale,157.10000610351562,116.82372283935547,-40.276283264160156,69.09547391648206,164.55197176222887
2025-12-14,2025-12-21,1,Roxbury,254.6999969482422,202.30934143066406,-52.390655517578125,139.4653243150879,265.1533585462402
2025-12-14,2025-12-21,1,South Boston,40.099998474121094,62.25364685058594,22.153648376464844,26.961596535010003,97.54569716616187
2025-12-14,2025-12-21,1,South End,114.5,158.12564086914062,43.625640869140625,102.79244578956929,213.45883594871196
2025-12-14,2025-12-21,1,West Roxbury,88.0,45.699485778808594,-42.300514221191406,15.158630209042894,76.24034134857429
2025-12-21,2025-12-28,1,Allston/Brighton,66.5,97.35958099365234,30.859580993652344,53.75255862554561,140.96660336175907
2025-12-21,2025-12-28,1,Back Bay/Beacon Hill/Downtown/North End/West End,32.5,72.96073913574219,40.46073913574219,34.969538813850825,110.95193945763356
2025-12-21,2025-12-28,1,Charlestown,77.30000305175781,100.13984680175781,22.83984375,55.924859493021096,144.35483411049452
2025-12-21,2025-12-28,1,Dorchester,216.14999389648438,322.76190185546875,106.61190795898438,244.22312375241387,401.30067995852363
2025-12-21,2025-12-28,1,East Boston,59.29999923706055,62.006202697753906,2.7062034606933594,26.830169441756162,97.18223595375164
2025-12-21,2025-12-28,1,Fenway,17.200000762939453,24.08987045288086,6.889869689941406,1.1522311526757996,47.02750975308592
2025-12-21,2025-12-28,1,Hyde Park,87.69999694824219,119.49514770507812,31.795150756835938,71.3249032640953,167.66539214606095
2025-12-21,2025-12-28,1,Jamaica Plain,56.0,74.57327270507812,18.573272705078125,36.18336638704003,112.96317902311623
2025-12-21,2025-12-28,1,Mattapan,110.30000305175781,111.64201354980469,1.342010498046875,65.03042008718853,158.25360701242084
2025-12-21,2025-12-28,1,Roslindale,170.10000610351562,191.4823760986328,21.382369995117188,130.8912091623554,252.07354303491022
2025-12-21,2025-12-28,1,Roxbury,212.3000030517578,317.57037353515625,105.27037048339844,239.7474239717463,395.3933230985662
2025-12-21,2025-12-28,1,South Boston,57.0,56.216007232666016,-0.7839927673339844,22.599001377903477,89.83301308742855
2025-12-21,2025-12-28,1,South End,127.19999694824219,150.16583251953125,22.965835571289062,96.31207115678052,204.01959388228198
2025-12-21,2025-12-28,1,West Roxbury,80.69999694824219,105.28529357910156,24.585296630859375,60.01310585784068,150.55748130036244
2025-12-28,2026-01-04,1,Allston/Brighton,77.80001068115234,77.422607421875,-0.37740325927734375,38.004521998555205,116.8406928451948
2025-12-28,2026-01-04,1,Back Bay/Beacon Hill/Downtown/North End/West End,58.099998474121094,42.27732467651367,-15.822673797607422,12.418304287017492,72.13634506600985
2025-12-28,2026-01-04,1,Charlestown,61.80000305175781,93.40979766845703,31.60979461669922,50.332648627015104,136.48694670989897
2025-12-28,2026-01-04,1,Dorchester,174.8000030517578,255.32843017578125,80.52842712402344,180.63443972152382,330.0224206300387
2025-12-28,2026-01-04,1,East Boston,37.400001525878906,69.23370361328125,31.833702087402344,32.03344751057033,106.43395971599216
2025-12-28,2026-01-04,1,Fenway,21.100000381469727,24.1077823638916,3.007781982421875,0.9884099255312115,47.22715480225199
2025-12-28,2026-01-04,1,Hyde Park,57.69999694824219,102.70609283447266,45.00609588623047,56.752099646559344,148.66008602238597
2025-12-28,2026-01-04,1,Jamaica Plain,49.20000076293945,64.36993408203125,15.169933319091797,28.16592404663396,100.57394411742854
2025-12-28,2026-01-04,1,Mattapan,84.9000015258789,129.09202575683594,44.19202423095703,77.79816757895038,180.3858839347215
2025-12-28,2026-01-04,1,Roslindale,139.60000610351562,188.59291076660156,48.99290466308594,126.74403584149931,250.4417856917038
2025-12-28,2026-01-04,1,Roxbury,101.19999694824219,248.38230895996094,147.18231201171875,174.22720442507182,322.53741349485006
2025-12-28,2026-01-04,1,South Boston,44.29999923706055,67.86077880859375,23.560779571533203,30.885421500583597,104.83613611660391
2025-12-28,2026-01-04,1,South End,117.0999984741211,149.411865234375,32.311866760253906,94.20162791587333,204.62210255287667
2025-12-28,2026-01-04,1,West Roxbury,69.69999694824219,90.9159164428711,21.215919494628906,48.27857671893229,133.5532561668099
2026-01-04,2026-01-11,1,Allston/Brighton,43.90000534057617,66.45769500732422,22.557689666748047,29.900732153630045,103.01465786101839
2026-01-04,2026-01-11,1,Back Bay/Beacon Hill/Downtown/North End/West End,29.100000381469727,49.226993560791016,20.12699317932129,17.479158429062526,80.97482869251951
2026-01-04,2026-01-11,1,Charlestown,15.499998092651367,49.05955505371094,33.55955505371094,17.152817509280982,80.9662925981409
2026-01-04,2026-01-11,1,Dorchester,96.34999084472656,122.83724975585938,26.487258911132812,70.81877802878236,174.8557214829364
2026-01-04,2026-01-11,1,East Boston,31.200000762939453,29.563695907592773,-1.6363048553466797,4.380397141882504,54.74699467330304
2026-01-04,2026-01-11,1,Fenway,6.600000381469727,15.832165718078613,9.232165336608887,0.0,35.1971626879061
2026-01-04,2026-01-11,1,Hyde Park,27.700000762939453,40.62551498413086,12.925514221191406,10.826806917875082,70.42422305038664
2026-01-04,2026-01-11,1,Jamaica Plain,34.0,39.83759689331055,5.837596893310547,10.913889894543356,68.76130389207773
2026-01-04,2026-01-11,1,Mattapan,45.29999923706055,65.16670227050781,19.866703033447266,28.465427583755293,101.86797695726034
2026-01-04,2026-01-11,1,Roslindale,61.099998474121094,116.04071044921875,54.940711975097656,67.98300332905251,164.098417569385
2026-01-04,2026-01-11,1,Roxbury,111.0,53.462669372558594,-57.537330627441406,15.631248866354952,91.29408987876224
2026-01-04,2026-01-11,1,South Boston,25.299999237060547,33.99833297729492,8.698333740234375,7.013603737071541,60.9830622175183
2026-01-04,2026-01-11,1,South End,76.30000305175781,91.04084777832031,14.7408447265625,47.97418799784567,134.10750755879496
2026-01-04,2026-01-11,1,West Roxbury,11.000000953674316,59.598140716552734,48.598140716552734,24.940015962762402,94.25626547034307
2026-01-11,2026-01-18,1,Allston/Brighton,12.700000762939453,36.471588134765625,23.771587371826172,8.687227169224467,64.25594910030678
2026-01-11,2026-01-18,1,Back Bay/Beacon Hill/Downtown/North End/West End,20.5,23.02307891845703,2.5230789184570312,0.4477911657128466,45.59836667120122
2026-01-11,2026-01-18,1,Charlestown,20.600000381469727,7.087368965148926,-13.5126314163208,0.0,21.782441037132443
2026-01-11,2026-01-18,1,Dorchester,60.54999923706055,62.196712493896484,1.6467132568359375,25.250776938368737,99.14264804942422
2026-01-11,2026-01-18,1,East Boston,18.700000762939453,26.220661163330078,7.520660400390625,2.3553143766140607,50.086007950046096
2026-01-11,2026-01-18,1,Fenway,11.899999618530273,2.9362497329711914,-8.963749885559082,0.0,14.359419385666055
2026-01-11,2026-01-18,1,Hyde Park,16.200000762939453,16.71063232421875,0.5106315612792969,0.0,36.806734396343984
2026-01-11,2026-01-18,1,Jamaica Plain,6.800000190734863,27.654550552368164,20.854549407958984,3.2423918530432587,52.06670925169307
2026-01-11,2026-01-18,1,Mattapan,36.79999923706055,32.50505447387695,-4.294944763183594,5.963022285942586,59.04708666181132
2026-01-11,2026-01-18,1,Roslindale,56.70000076293945,45.75529861450195,-10.9447021484375,14.911050668882396,76.59954656012151
2026-01-11,2026-01-18,1,Roxbury,78.4000015258789,80.66544342041016,2.26544189453125,39.573466992517446,121.75741984830287
2026-01-11,2026-01-18,1,South Boston,19.0,18.476821899414062,-0.5231781005859375,0.0,39.121962617604495
2026-01-11,2026-01-18,1,South End,56.0,59.164649963378906,3.1646499633789062,24.461671029356708,93.8676288974011
2026-01-11,2026-01-18,1,West Roxbury,22.0,4.519291877746582,-17.480709075927734,0.0,17.448819362022103
2026-01-18,2026-01-25,1,Allston/Brighton,17.0,19.783424377441406,2.7834243774414062,0.0,41.41694415921518
2026-01-18,2026-01-25,1,Back Bay/Beacon Hill/Downtown/North End/West End,10.300000190734863,27.228837966918945,16.928836822509766,2.809328313220135,51.648347620617756
2026-01-18,2026-01-25,1,Charlestown,15.5,31.276525497436523,15.776525497436523,5.113751560305648,57.4392994345674
2026-01-18,2026-01-25,1,Dorchester,50.29999923706055,85.47091674804688,35.17091751098633,40.38791501466344,130.55391848143032
2026-01-18,2026-01-25,1,East Boston,15.600000381469727,25.74616050720215,10.146160125732422,1.9110442205765565,49.58127679382774
2026-01-18,2026-01-25,1,Fenway,10.600000381469727,16.74721908569336,6.147218704223633,0.0,36.58497520793708
2026-01-18,2026-01-25,1,Hyde Park,6.899999618530273,26.814870834350586,19.914871215820312,1.7115625116317794,51.91817915706939
2026-01-18,2026-01-25,1,Jamaica Plain,11.899999618530273,12.344748497009277,0.4447488784790039,0.0,30.24774398508502
2026-01-18,2026-01-25,1,Mattapan,34.0,50.78852081298828,16.78852081298828,17.52798144894267,84.0490601770339
2026-01-18,2026-01-25,1,Roslindale,13.099998474121094,72.3381118774414,59.23811340332031,33.34044215000895,111.33578160487386
2026-01-18,2026-01-25,1,Roxbury,42.5,102.52639770507812,60.026397705078125,54.73139083972574,150.3214045704305
2026-01-18,2026-01-25,1,South Boston,10.600000381469727,25.934043884277344,15.334043502807617,1.8310129242854245,50.03707484426926
2026-01-18,2026-01-25,1,South End,35.599998474121094,70.56163787841797,34.961639404296875,31.647312865660354,109.47596289117558
2026-01-18,2026-01-25,1,West Roxbury,14.699999809265137,30.480728149414062,15.780728340148926,4.787208079024381,56.174248219803744
2026-01-25,2026-02-01,1,Allston/Brighton,8.5,21.560386657714844,13.060386657714844,0.0,44.73557494379937
2026-01-25,2026-02-01,1,Back Bay/Beacon Hill/Downtown/North End/West End,12.0,14.7461576461792,2.746157646179199,0.0,34.24786772539884
2026-01-25,2026-02-01,1,Charlestown,20.600000381469727,22.960569381713867,2.3605690002441406,0.0,46.85618357460937
2026-01-25,2026-02-01,1,Dorchester,55.349998474121094,62.98152160644531,7.631523132324219,14.846308364612817,111.11673484827782
2026-01-25,2026-02-01,1,East Boston,14.0,20.29314422607422,6.293144226074219,0.0,42.333689767999125
2026-01-25,2026-02-01,1,Fenway,11.899999618530273,13.790863037109375,1.8908634185791016,0.0,32.33692410141317
2026-01-25,2026-02-01,1,Hyde Park,11.5,13.50036907196045,2.000369071960449,0.0,35.1537062998579
2026-01-25,2026-02-01,1,Jamaica Plain,15.300000190734863,14.67752456665039,-0.6224756240844727,0.0,34.06903719331338
2026-01-25,2026-02-01,1,Mattapan,25.5,42.56437683105469,17.064376831054688,10.568628821372272,74.5601248407371
2026-01-25,2026-02-01,1,Roslindale,13.100000381469727,21.937711715698242,8.837711334228516,0.0,47.491311603145704
2026-01-25,2026-02-01,1,Roxbury,45.70000076293945,54.275390625,8.575389862060547,10.921481105571402,97.6293001444286
2026-01-25,2026-02-01,1,South Boston,10.600000381469727,14.552154541015625,3.9521541595458984,0.0,34.310689927066264
2026-01-25,2026-02-01,1,South End,17.799999237060547,45.07193374633789,27.271934509277344,10.331055427765264,79.81281206491052
2026-01-25,2026-02-01,1,West Roxbury,11.0,20.99343490600586,9.99343490600586,0.0,43.38621234495183
2026-02-01,2026-02-08,1,Allston/Brighton,15.600000381469727,11.879356384277344,-3.720643997192383,0.0,30.38044309532473
2026-02-01,2026-02-08,1,Back Bay/Beacon Hill/Downtown/North End/West End,5.099999904632568,15.998626708984375,10.898626327514648,0.0,36.51969741966823
2026-02-01,2026-02-08,1,Charlestown,20.600000381469727,27.151334762573242,6.551334381103516,1.2639578829152924,53.03871164223119
2026-02-01,2026-02-08,1,Dorchester,63.70000076293945,63.292686462402344,-0.4073143005371094,20.541592414250914,106.04378051055377
2026-02-01,2026-02-08,1,East Boston,6.199999809265137,17.655048370361328,11.455048561096191,0.0,38.39821744690736
2026-02-01,2026-02-08,1,Fenway,10.600000381469727,15.310168266296387,4.71016788482666,0.0,34.75560943550927
2026-02-01,2026-02-08,1,Hyde Park,11.5,16.41082191467285,4.910821914672852,0.0,38.863812019846804
2026-02-01,2026-02-08,1,Jamaica Plain,6.800000190734863,17.902935028076172,11.102934837341309,0.0,39.00580282945429
2026-02-01,2026-02-08,1,Mattapan,19.799999237060547,31.761598587036133,11.961599349975586,2.9426517651706483,60.580545408901614
2026-02-01,2026-02-08,1,Roslindale,30.5,21.160545349121094,-9.339454650878906,0.0,47.46052288090618
2026-02-01,2026-02-08,1,Roxbury,42.5,53.22441101074219,10.724411010742188,12.767885009164381,93.68093701231999
2026-02-01,2026-02-08,1,South Boston,10.600000381469727,14.191997528076172,3.5919971466064453,0.0,34.01170897546223
2026-02-01,2026-02-08,1,South End,20.399999618530273,23.608285903930664,3.2082862854003906,0.0,50.300888457475764
2026-02-01,2026-02-08,1,West Roxbury,22.0,15.8966064453125,-6.1033935546875,0.0,36.365002050494326
2026-02-08,2026-02-15,1,Allston/Brighton,19.799999237060547,19.411596298217773,-0.38840293884277344,0.0,41.472646996512594
2026-02-08,2026-02-15,1,Back Bay/Beacon Hill/Downtown/North End/West End,18.799999237060547,9.135337829589844,-9.664661407470703,0.0,25.953904440977546
2026-02-08,2026-02-15,1,Charlestown,5.199999809265137,27.16165542602539,21.961654663085938,1.5277823609776426,52.79552849107314
2026-02-08,2026-02-15,1,Dorchester,56.25,76.32266235351562,20.072662353515625,27.514405147365828,125.13091955966541
2026-02-08,2026-02-15,1,East Boston,12.5,10.030451774597168,-2.469548225402832,0.0,26.99502559660074
2026-02-08,2026-02-15,1,Fenway,9.199999809265137,13.88714599609375,4.687146186828613,0.0,32.48983926594897
2026-02-08,2026-02-15,1,Hyde Park,16.200000762939453,16.775249481201172,0.5752487182617188,0.0,38.66781890190955
2026-02-08,2026-02-15,1,Jamaica Plain,5.099999904632568,9.47194766998291,4.371947765350342,0.0,26.41697865144481
2026-02-08,2026-02-15,1,Mattapan,17.0,26.776559829711914,9.776559829711914,0.10238092639784213,53.450738733025986
2026-02-08,2026-02-15,1,Roslindale,56.70000076293945,38.035980224609375,-18.664020538330078,6.9682511894212915,69.10370925979745
2026-02-08,2026-02-15,1,Roxbury,39.20000076293945,54.51145935058594,15.311458587646484,11.699147920590292,97.32377078058158
2026-02-08,2026-02-15,1,South Boston,10.600000381469727,14.153820037841797,3.5538196563720703,0.0,33.529418871106344
2026-02-08,2026-02-15,1,South End,17.799999237060547,27.90087127685547,10.100872039794922,0.0,56.61298975856414
2026-02-08,2026-02-15,1,West Roxbury,14.699999809265137,27.723615646362305,13.023615837097168,2.346953878385378,53.10027741433923
2026-02-15,2026-02-22,1,Allston/Brighton,12.699999809265137,20.208105087280273,7.508105278015137,0.0,42.19828532472978
2026-02-15,2026-02-22,1,Back Bay/Beacon Hill/Downtown/North End/West End,15.399999618530273,20.337915420532227,4.937915802001953,0.0,42.17186347607101
2026-02-15,2026-02-22,1,Charlestown,25.799999237060547,8.617659568786621,-17.18233871459961,0.0,26.034325761624952
2026-02-15,2026-02-22,1,Dorchester,43.95000076293945,58.08021545410156,14.13021469116211,15.720938441212937,100.43949246699019
2026-02-15,2026-02-22,1,East Boston,4.700000286102295,14.833295822143555,10.133295059204102,0.0,34.45195005036136
2026-02-15,2026-02-22,1,Fenway,15.800000190734863,10.548657417297363,-5.2513427734375,0.0,27.341020002309797
2026-02-15,2026-02-22,1,Hyde Park,13.800000190734863,16.49981117248535,2.6998109817504883,0.0,37.272435753348134
2026-02-15,2026-02-22,1,Jamaica Plain,5.099999904632568,4.976341724395752,-0.1236581802368164,0.0,18.51828508628059
2026-02-15,2026-02-22,1,Mattapan,8.5,18.297819137573242,9.797819137573242,0.0,41.04739133760164
2026-02-15,2026-02-22,1,Roslindale,4.399997711181641,58.0629768371582,53.66297912597656,21.85512141359579,94.27083226072062
2026-02-15,2026-02-22,1,Roxbury,32.70000076293945,41.06049346923828,8.360492706298828,4.96183369592125,77.1591532425553
2026-02-15,2026-02-22,1,South Boston,14.800000190734863,11.358224868774414,-3.441775321960449,0.0,29.044453287089066
2026-02-15,2026-02-22,1,South End,17.799999237060547,19.316362380981445,1.5163631439208984,0.0,43.175047358154586
2026-02-15,2026-02-22,1,West Roxbury,7.300000190734863,16.762483596801758,9.462483406066895,0.0,37.3519957931194
2026-02-22,2026-03-01,1,Allston/Brighton,15.600000381469727,19.808856964111328,4.208856582641602,0.0,41.35467695843764
2026-02-22,2026-03-01,1,Back Bay/Beacon Hill/Downtown/North End/West End,18.799999237060547,22.310653686523438,3.5106544494628906,0.0,44.837018580266786
2026-02-22,2026-03-01,1,Charlestown,5.199999809265137,37.534793853759766,32.33479309082031,9.174548146280806,65.89503956123872
2026-02-22,2026-03-01,1,Dorchester,53.25,70.73628997802734,17.486289978027344,26.307976829217985,115.16460312683671
2026-02-22,2026-03-01,1,East Boston,10.899999618530273,11.935787200927734,1.035787582397461,0.0,29.545192412572376
2026-02-22,2026-03-01,1,Fenway,9.199999809265137,20.665184020996094,11.465184211730957,0.0,42.277512809923486
2026-02-22,2026-03-01,1,Hyde Park,23.100000381469727,24.595746994018555,1.4957466125488281,0.3959707633830476,48.79552322465406
2026-02-22,2026-03-01,1,Jamaica Plain,13.600000381469727,10.981247901916504,-2.6187524795532227,0.0,28.19147887890563
2026-02-22,2026-03-01,1,Mattapan,14.100000381469727,22.961042404174805,8.861042022705078,0.0,46.98084228925663
2026-02-22,2026-03-01,1,Roslindale,21.799999237060547,20.817611694335938,-0.9823875427246094,0.0,44.638519037638304
2026-02-22,2026-03-01,1,Roxbury,39.20000076293945,58.58722686767578,19.387226104736328,17.845435910963054,99.3290178243885
2026-02-22,2026-03-01,1,South Boston,12.699999809265137,22.144041061401367,9.44404125213623,0.0,44.866522066110974
2026-02-22,2026-03-01,1,South End,38.20000076293945,33.349605560302734,-4.850395202636719,4.867066377212748,61.83214474339272
2026-02-22,2026-03-01,1,West Roxbury,14.699999809265137,16.237157821655273,1.5371580123901367,0.0,36.07604588160383
2026-03-01,2026-03-08,1,Allston/Brighton,19.799999237060547,26.971965789794922,7.171966552734375,2.772523935361839,51.171407644228005
2026-03-01,2026-03-08,1,Back Bay/Beacon Hill/Downtown/North End/West End,15.399999618530273,29.051231384277344,13.65123176574707,4.099509259133079,54.00295350942161
2026-03-01,2026-03-08,1,Charlestown,,21.404747009277344,,0.0,43.379439891391314
2026-03-01,2026-03-08,1,Dorchester,57.45000076293945,97.716552734375,40.26655197143555,52.14240057370386,143.29070489504613
2026-03-01,2026-03-08,1,East Boston,18.700000762939453,20.59039878845215,1.8903980255126953,0.0,42.13058677067481
2026-03-01,2026-03-08,1,Fenway,9.199999809265137,15.765510559082031,6.5655107498168945,0.0,35.023353199066534
2026-03-01,2026-03-08,1,Hyde Park,13.799999237060547,40.50885009765625,26.708850860595703,11.359652062867568,69.65804813244493
2026-03-01,2026-03-08,1,Jamaica Plain,10.199999809265137,22.61172103881836,12.411721229553223,0.2081240339884296,45.01531804364829
2026-03-01,2026-03-08,1,Mattapan,22.600000381469727,34.67604446411133,12.076044082641602,7.374410868479924,61.97767805974273
2026-03-01,2026-03-08,1,Roslindale,34.900001525878906,45.21927261352539,10.319271087646484,14.44150173570753,75.99704349134325
2026-03-01,2026-03-08,1,Roxbury,35.900001525878906,80.08800506591797,44.18800354003906,38.85209829670528,121.32391183513066
2026-03-01,2026-03-08,1,South Boston,19.0,23.25933837890625,4.25933837890625,0.5470094035768653,45.971667354235635
2026-03-01,2026-03-08,1,South End,33.099998474121094,61.39204025268555,28.292041778564453,25.796130159608367,96.98795034576273
2026-03-01,2026-03-08,1,West Roxbury,11.0,27.122041702270508,16.122041702270508,2.8978567554226906,51.34622664911832
2026-03-08,2026-03-15,1,Allston/Brighton,34.0,34.977745056152344,0.9777450561523438,7.962321010777853,61.99316910152683
2026-03-08,2026-03-15,1,Back Bay/Beacon Hill/Downtown/North End/West End,18.799999237060547,28.72268295288086,9.922683715820312,3.972566685161283,53.472799220600436
2026-03-08,2026-03-15,1,Charlestown,15.5,25.531137466430664,10.031137466430664,2.0208720376115004,49.04140289524983
2026-03-08,2026-03-15,1,Dorchester,73.6500015258789,119.79927825927734,46.14927673339844,71.63207408900465,167.96648242955004
2026-03-08,2026-03-15,1,East Boston,14.0,31.011760711669922,17.011760711669922,5.409430364018668,56.614091059321176
2026-03-08,2026-03-15,1,Fenway,6.599999904632568,17.729557037353516,11.129556655883789,0.0,37.890629012107766
2026-03-08,2026-03-15,1,Hyde Park,13.800000190734863,36.57807540893555,22.778076171875,9.012814172406113,64.14333664546498
2026-03-08,2026-03-15,1,Jamaica Plain,15.300000190734863,22.542442321777344,7.2424421310424805,0.2557012558397176,44.82918338771497
2026-03-08,2026-03-15,1,Mattapan,14.100000381469727,49.457271575927734,35.357269287109375,17.81401417852329,81.10052897333217
2026-03-08,2026-03-15,1,Roslindale,30.5,66.21083068847656,35.71083068847656,29.94258003535164,102.47908134160149
2026-03-08,2026-03-15,1,Roxbury,71.80000305175781,94.07818603515625,22.278182983398438,51.208014973473155,136.94835709683935
2026-03-08,2026-03-15,1,South Boston,12.699999809265137,33.531986236572266,20.831985473632812,7.022958243786057,60.041014229358474
2026-03-08,2026-03-15,1,South End,33.099998474121094,65.84052276611328,32.74052429199219,29.668107196104863,102.01293833612169
2026-03-08,2026-03-15,1,West Roxbury,18.299999237060547,26.302412033081055,8.002412796020508,2.486622913078925,50.118201153083184
2026-03-15,2026-03-22,1,Allston/Brighton,24.100000381469727,49.82905578613281,25.729055404663086,18.06749159052462,81.590619981741
2026-03-15,2026-03-22,1,Back Bay/Beacon Hill/Downtown/North End/West End,15.399999618530273,32.743534088134766,17.343534469604492,6.506987720888937,58.980080455380595
2026-03-15,2026-03-22,1,Charlestown,10.300000190734863,36.8443489074707,26.544349670410156,9.177812477662929,64.51088533727848
2026-03-15,2026-03-22,1,Dorchester,71.05000305175781,137.9724884033203,66.9224853515625,86.29618283105032,189.6487939755903
2026-03-15,2026-03-22,1,East Boston,1.6000003814697266,26.9228572845459,25.322856903076172,2.8596949845487565,50.986019584543044
2026-03-15,2026-03-22,1,Fenway,7.900000095367432,15.576379776000977,7.676379680633545,0.0,34.71323666266939
2026-03-15,2026-03-22,1,Hyde Park,20.799999237060547,37.51484298706055,16.71484375,9.610118875186647,65.41956709893445
2026-03-15,2026-03-22,1,Jamaica Plain,10.199999809265137,28.150606155395508,17.950607299804688,3.611709393547841,52.689502917243175
2026-03-15,2026-03-22,1,Mattapan,28.299999237060547,42.152748107910156,13.85274887084961,12.727080356115035,71.57841585970527
2026-03-15,2026-03-22,1,Roslindale,34.900001525878906,63.24663543701172,28.346633911132812,27.724861001126726,98.76840987289671
2026-03-15,2026-03-22,1,Roxbury,55.5,132.17306518554688,76.67306518554688,81.5573951266305,182.78873524446325
2026-03-15,2026-03-22,1,South Boston,16.899999618530273,27.906362533569336,11.006362915039062,3.456903343461498,52.355821723677174
2026-03-15,2026-03-22,1,South End,22.899999618530273,67.05282592773438,44.15282440185547,30.541346294046896,103.56430556142186
2026-03-15,2026-03-22,1,West Roxbury,,34.40741729736328,,7.58336637682282,61.23146821790374
2026-03-22,2026-03-29,1,Allston/Brighton,17.0,39.988807678222656,22.988807678222656,11.275388006146144,68.70222735029917
2026-03-22,2026-03-29,1,Back Bay/Beacon Hill/Downtown/North End/West End,12.0,29.352556228637695,17.352556228637695,4.358782876249446,54.34632958102594
2026-03-22,2026-03-29,1,Charlestown,,31.67858123779297,,5.817255260306265,57.53990721527967
2026-03-22,2026-03-29,1,Dorchester,67.5999984741211,135.8558807373047,68.2558822631836,84.51670568608853,187.19505578852085
2026-03-22,2026-03-29,1,East Boston,17.200000762939453,14.53040885925293,-2.6695919036865234,0.0,33.149841053635704
2026-03-22,2026-03-29,1,Fenway,7.900000095367432,16.90874671936035,9.008747100830078,0.0,36.686966823058796
2026-03-22,2026-03-29,1,Hyde Park,30.0,44.62388610839844,14.623886108398438,14.41655161184353,74.83122060495334
2026-03-22,2026-03-29,1,Jamaica Plain,11.899999618530273,23.108610153198242,11.208610534667969,0.5761080528066955,45.64111225358979
2026-03-22,2026-03-29,1,Mattapan,11.300000190734863,56.264678955078125,44.96467971801758,22.645735211297648,89.8836226988586
2026-03-22,2026-03-29,1,Roslindale,34.900001525878906,67.6637954711914,32.7637939453125,30.992876637921,104.33471430446181
2026-03-22,2026-03-29,1,Roxbury,42.5,115.89395141601562,73.39395141601562,68.38587579304291,163.40202703898834
2026-03-22,2026-03-29,1,South Boston,10.600000381469727,32.14619445800781,21.546194076538086,6.121753496823477,58.17063541919215
2026-03-22,2026-03-29,1,South End,30.5,57.085693359375,26.585693359375,23.2163697828831,90.9550169358669
2026-03-22,2026-03-29,1,West Roxbury,11.0,34.40089797973633,23.400897979736328,7.578680128211786,61.22311583126087
2026-03-29,2026-04-05,1,Allston/Brighton,17.0,32.7846794128418,15.784679412841797,6.536358967188669,59.032999858494925
2026-03-29,2026-04-05,1,Back Bay/Beacon Hill/Downtown/North End/West End,8.600000381469727,25.81749725341797,17.217496871948242,2.1897686979915996,49.44522580884434
2026-03-29,2026-04-05,1,Charlestown,15.5,31.493314743041992,15.993314743041992,5.708935213876682,57.2776942722073
2026-03-29,2026-04-05,1,Dorchester,50.849998474121094,133.27320861816406,82.42321014404297,82.49415160191298,184.05226563441516
2026-03-29,2026-04-05,1,East Boston,6.1999993324279785,29.990137100219727,23.790138244628906,4.761314028412766,55.218960172026684
2026-03-29,2026-04-05,1,Fenway,9.199999809265137,16.723573684692383,7.523573875427246,0.0,36.412480997724536
2026-03-29,2026-04-05,1,Hyde Park,11.5,53.995994567871094,42.495994567871094,21.02423211949654,86.96775701624566
2026-03-29,2026-04-05,1,Jamaica Plain,5.099999904632568,24.810361862182617,19.71036148071289,1.584181923089158,48.03654180127607
2026-03-29,2026-04-05,1,Mattapan,17.0,39.47529602050781,22.475296020507812,10.924719126560312,68.0258729144553
2026-03-29,2026-04-05,1,Roslindale,30.5,67.59222412109375,37.09222412109375,30.950080906544272,104.23436733564323
2026-03-29,2026-04-05,1,Roxbury,58.79999923706055,103.66178894042969,44.86178970336914,58.69662217695081,148.62695570390855
2026-03-29,2026-04-05,1,South Boston,4.199999809265137,25.794605255126953,21.5946044921875,2.1749606956080356,49.41424981464587
2026-03-29,2026-04-05,1,South End,15.299999237060547,64.86493682861328,49.564937591552734,28.93278337332648,100.79709028390008
2026-03-29,2026-04-05,1,West Roxbury,7.300000190734863,26.894350051879883,19.594348907470703,2.842028520532093,50.94667158322767
2026-04-05,2026-04-12,1,Allston/Brighton,11.300000190734863,32.40394973754883,21.10395050048828,6.295606972827397,58.512292502270256
2026-04-05,2026-04-12,1,Back Bay/Beacon Hill/Downtown/North End/West End,10.300000190734863,22.018169403076172,11.718169212341309,0.0,44.08411792161365
2026-04-05,2026-04-12,1,Charlestown,20.600000381469727,36.194061279296875,15.594060897827148,8.757209236128311,63.63091332246544
2026-04-05,2026-04-12,1,Dorchester,45.099998474121094,114.51255798339844,69.41255950927734,67.36415109979168,161.6609648670052
2026-04-05,2026-04-12,1,East Boston,14.0,18.723657608032227,4.723657608032227,0.0,39.34303186571937
2026-04-05,2026-04-12,1,Fenway,1.3000006675720215,17.811330795288086,16.511329650878906,0.0,38.01097479233118
2026-04-05,2026-04-12,1,Hyde Park,13.800000190734863,34.87126159667969,21.07126235961914,7.887184567803779,61.855338625555596
2026-04-05,2026-04-12,1,Jamaica Plain,10.199999809265137,17.69413185119629,7.494132041931152,0.0,37.840366052214335
2026-04-05,2026-04-12,1,Mattapan,11.300000190734863,44.44508743286133,33.14508819580078,14.316974661757698,74.57320020396496
2026-04-05,2026-04-12,1,Roslindale,,62.54218292236328,,27.2262438538798,97.85812199084677
2026-04-05,2026-04-12,1,Roxbury,32.70000076293945,118.08728790283203,85.38728332519531,70.2369741434859,165.93760166217817
2026-04-05,2026-04-12,1,South Boston,12.699999809265137,18.91974639892578,6.2197465896606445,0.0,39.62853952134162
2026-04-05,2026-04-12,1,South End,28.0,48.498863220214844,20.498863220214844,17.134270310227794,79.8634561302019
2026-04-05,2026-04-12,1,West Roxbury,14.699999809265137,22.9290771484375,8.229077339172363,0.4779843686430958,45.38016992823191
2026-04-12,2026-04-19,1,Allston/Brighton,15.600000381469727,26.08753204345703,10.487531661987305,2.3520206147420097,49.82304347217205
2026-04-12,2026-04-19,1,Back Bay/Beacon Hill/Downtown/North End/West End,3.3999996185302734,23.065519332885742,19.66551971435547,0.5542838742888065,45.57675479148268
2026-04-12,2026-04-19,1,Charlestown,,40.59101486206055,,11.688523337190531,69.49350638693056
2026-04-12,2026-04-19,1,Dorchester,28.19999885559082,105.51966094970703,77.31966400146484,60.14862181119293,150.89070008822114
2026-04-12,2026-04-19,1,East Boston,6.199999809265137,26.10259437561035,19.90259552001953,2.3636183521144005,49.8415703991063
2026-04-12,2026-04-19,1,Fenway,2.5999999046325684,9.562458992004395,6.962459087371826,0.0,25.481529442546723
2026-04-12,2026-04-19,1,Hyde Park,11.5,36.03758239746094,24.537582397460938,8.646657289381174,63.4285075055407
2026-04-12,2026-04-19,1,Jamaica Plain,10.199999809265137,22.20455551147461,12.004555702209473,0.05678522072186354,44.352325802227355
2026-04-12,2026-04-19,1,Mattapan,5.69999885559082,37.60595703125,31.90595817565918,9.680008874169161,65.53190518833084
2026-04-12,2026-04-19,1,Roslindale,17.5,61.2895393371582,43.7895393371582,26.301733770424413,96.27734490389199
2026-04-12,2026-04-19,1,Roxbury,26.100000381469727,88.9916763305664,62.89167785644531,47.17777571549566,130.80557694563714
2026-04-12,2026-04-19,1,South Boston,6.300000190734863,26.821256637573242,20.521255493164062,2.7979230138782363,50.84459026126825
2026-04-12,2026-04-19,1,South End,22.899999618530273,59.659236907958984,36.759239196777344,25.106838627110534,94.21163518880743
2026-04-12,2026-04-19,1,West Roxbury,3.6999998092651367,29.827054977416992,26.127056121826172,4.66005515047166,54.99405480436232
2026-04-19,2026-04-26,1,Allston/Brighton,7.099999904632568,30.161523818969727,23.0615234375,4.863395734247099,55.459651903692354
2026-04-19,2026-04-26,1,Back Bay/Beacon Hill/Downtown/North End/West End,10.300000190734863,16.04096794128418,5.740967750549316,0.0,35.41315106573211
2026-04-19,2026-04-26,1,Charlestown,5.199999809265137,40.77428436279297,35.574283599853516,11.810603243036521,69.73796548254941
2026-04-19,2026-04-26,1,Dorchester,25.450000762939453,87.85881805419922,62.408817291259766,46.22781015151812,129.4898259568803
2026-04-19,2026-04-26,1,East Boston,9.399999618530273,18.239849090576172,8.839849472045898,0.0,38.64163370669314
2026-04-19,2026-04-26,1,Fenway,4.0,10.662558555603027,6.662558555603027,0.0,27.220381205241537
2026-04-19,2026-04-26,1,Hyde Park,13.800000190734863,33.68990707397461,19.889907836914062,7.10790339619469,60.27191075175453
2026-04-19,2026-04-26,1,Jamaica Plain,8.5,22.03716468811035,13.537164688110352,0.0,44.11984045486101
2026-04-19,2026-04-26,1,Mattapan,11.300000190734863,31.694801330566406,20.39480209350586,5.813648928931336,57.57595373220148
2026-04-19,2026-04-26,1,Roslindale,21.799999237060547,47.94135665893555,26.141357421875,16.722973727635686,79.1597395902354
2026-04-19,2026-04-26,1,Roxbury,32.70000076293945,81.21554565429688,48.51554489135742,41.12478901908617,121.30630228950758
2026-04-19,2026-04-26,1,South Boston,,20.093643188476562,,0.0,41.34108648773077
2026-04-19,2026-04-26,1,South End,7.600000381469727,53.69637680053711,46.09637451171875,20.780782455066394,86.61197114600782
2026-04-19,2026-04-26,1,West Roxbury,11.0,18.600893020629883,7.600893020629883,0.0,39.169370387772325
2025-05-25,2025-06-08,2,Allston/Brighton,2.8000001907348633,10.366153717041016,7.566153526306152,0.0,27.389377500584736
2025-05-25,2025-06-08,2,Back Bay/Beacon Hill/Downtown/North End/West End,3.3999996185302734,7.206631660461426,3.8066320419311523,0.0,21.54293881527439
2025-05-25,2025-06-08,2,Charlestown,,5.82112979888916,,0.0,18.80548574925249
2025-05-25,2025-06-08,2,Dorchester,14.5,21.650972366333008,7.150972366333008,0.0,45.963019887175534
2025-05-25,2025-06-08,2,East Boston,,3.4695732593536377,,0.0,13.759053185298502
2025-05-25,2025-06-08,2,Fenway,1.3000001907348633,4.263675689697266,2.9636754989624023,0.0,15.535078528702167
2025-05-25,2025-06-08,2,Hyde Park,,7.614202976226807,,0.0,22.3255871049218
2025-05-25,2025-06-08,2,Jamaica Plain,6.800000190734863,2.0921456813812256,-4.707854270935059,0.0,10.40750985408111
2025-05-25,2025-06-08,2,Mattapan,8.5,12.116406440734863,3.6164064407348633,0.0,30.46022998662953
2025-05-25,2025-06-08,2,Roslindale,4.399999618530273,5.350017070770264,0.9500174522399902,0.0,17.84259740164068
2025-05-25,2025-06-08,2,Roxbury,22.89999771118164,21.41901206970215,-1.4809856414794922,0.0,45.60240702009911
2025-05-25,2025-06-08,2,South Boston,2.1000003814697266,2.560609817504883,0.46060943603515625,0.0,11.596122930636017
2025-05-25,2025-06-08,2,South End,15.300000190734863,13.747200965881348,-1.5527992248535156,0.0,33.24142167208997
2025-05-25,2025-06-08,2,West Roxbury,3.6999998092651367,7.76816463470459,4.068164825439453,0.0,22.61750689098448
2025-06-01,2025-06-15,2,Allston/Brighton,5.699999809265137,3.1295688152313232,-2.5704309940338135,0.0,12.970062873361082
2025-06-01,2025-06-15,2,Back Bay/Beacon Hill/Downtown/North End/West End,1.6999998092651367,1.9926425218582153,0.2926427125930786,0.0,10.147841392065471
2025-06-01,2025-06-15,2,Charlestown,,10.744482040405273,,0.0,28.062364466095147
2025-06-01,2025-06-15,2,Dorchester,6.700000762939453,25.744752883911133,19.04475212097168,0.0,52.22012878640595
2025-06-01,2025-06-15,2,East Boston,3.09999942779541,1.8746037483215332,-1.225395679473877,0.0,9.833876207140971
2025-06-01,2025-06-15,2,Fenway,4.0,5.495599746704102,1.4955997467041016,0.0,18.14093625671077
2025-06-01,2025-06-15,2,Hyde Park,4.600000381469727,5.102308750152588,0.5023083686828613,0.0,17.329123340580246
2025-06-01,2025-06-15,2,Jamaica Plain,,3.6749467849731445,,0.0,14.228021441208968
2025-06-01,2025-06-15,2,Mattapan,2.799999237060547,6.302533149719238,3.5025339126586914,0.0,19.775326641036855
2025-06-01,2025-06-15,2,Roslindale,13.100000381469727,13.828875541687012,0.7288751602172852,0.0,33.38120670933763
2025-06-01,2025-06-15,2,Roxbury,9.799999237060547,7.784078598022461,-2.015920639038086,0.0,22.666948009349845
2025-06-01,2025-06-15,2,South Boston,6.300000190734863,2.4256927967071533,-3.87430739402771,0.0,11.26083494256526
2025-06-01,2025-06-15,2,South End,17.799999237060547,10.933568000793457,-6.86643123626709,0.0,28.401057988096337
2025-06-01,2025-06-15,2,West Roxbury,,4.0719523429870605,,0.0,15.115588789151413
2025-06-08,2025-06-22,2,Allston/Brighton,4.199999809265137,3.2173638343811035,-0.9826359748840332,0.0,13.175486361141882
2025-06-08,2025-06-22,2,Back Bay/Beacon Hill/Downtown/North End/West End,1.6999998092651367,3.749439001083374,2.0494391918182373,0.0,14.395818406150063
2025-06-08,2025-06-22,2,Charlestown,10.300000190734863,10.849791526794434,0.5497913360595703,0.0,28.248073241539185
2025-06-08,2025-06-22,2,Dorchester,9.5,16.220890045166016,6.720890045166016,0.0,37.350660379612144
2025-06-08,2025-06-22,2,East Boston,1.6000003814697266,1.9260727167129517,0.3260723352432251,0.0,9.970819691786799
2025-06-08,2025-06-22,2,Fenway,,1.52315354347229,,0.0,8.869339143899403
2025-06-08,2025-06-22,2,Hyde Park,6.899999618530273,5.2253828048706055,-1.674616813659668,0.0,17.58447765957296
2025-06-08,2025-06-22,2,Jamaica Plain,1.6999998092651367,7.1393585205078125,5.439358711242676,0.0,21.41347612849639
2025-06-08,2025-06-22,2,Mattapan,11.300000190734863,9.228165626525879,-2.0718345642089844,0.0,25.336880151682948
2025-06-08,2025-06-22,2,Roslindale,26.200000762939453,5.188644886016846,-21.011356353759766,0.0,17.50994222406751
2025-06-08,2025-06-22,2,Roxbury,29.399999618530273,24.45303726196289,-4.946962356567383,0.0,50.25909685221721
2025-06-08,2025-06-22,2,South Boston,2.1000003814697266,2.500729560852051,0.4007291793823242,0.0,11.448167577846032
2025-06-08,2025-06-22,2,South End,10.19999885559082,16.211742401123047,6.011743545532227,0.0,37.32661749929342
2025-06-08,2025-06-22,2,West Roxbury,11.0,4.092668056488037,-6.907331943511963,0.0,15.160306560696737
2025-06-15,2025-06-29,2,Allston/Brighton,1.3999996185302734,6.012835502624512,4.612835884094238,0.0,19.192660656713542
2025-06-15,2025-06-29,2,Back Bay/Beacon Hill/Downtown/North End/West End,,1.9690736532211304,,0.0,10.08473742875016
2025-06-15,2025-06-29,2,Charlestown,,10.7109956741333,,0.0,28.002282752156514
2025-06-15,2025-06-29,2,Dorchester,5.75,7.96144962310791,2.21144962310791,0.0,22.992349089832516
2025-06-15,2025-06-29,2,East Boston,3.09999942779541,3.34074068069458,0.24074125289916992,0.0,13.461813122309708
2025-06-15,2025-06-29,2,Fenway,4.0,4.167215824127197,0.16721582412719727,0.0,15.323888535494945
2025-06-15,2025-06-29,2,Hyde Park,2.299999237060547,5.06212043762207,2.7621212005615234,0.0,17.243172913758016
2025-06-15,2025-06-29,2,Jamaica Plain,1.6999998092651367,7.047021865844727,5.34702205657959,0.0,21.2340510706999
2025-06-15,2025-06-29,2,Mattapan,,3.360530376434326,,0.0,13.510266799505096
2025-06-15,2025-06-29,2,Roslindale,8.69999885559082,13.732834815979004,5.032835960388184,0.0,33.21647106751256
2025-06-15,2025-06-29,2,Roxbury,3.299999237060547,11.041953086853027,7.7419538497924805,0.0,28.5994681400302
2025-06-15,2025-06-29,2,South Boston,,6.591052055358887,,0.0,20.343094412557434
2025-06-15,2025-06-29,2,South End,7.600000381469727,18.453716278076172,10.853715896606445,0.0,40.93743057741102
2025-06-15,2025-06-29,2,West Roxbury,,4.003540515899658,,0.0,14.963259899444193
2025-06-22,2025-07-06,2,Allston/Brighton,2.8000001907348633,4.496260643005371,1.6962604522705078,0.0,16.04011386489393
2025-06-22,2025-07-06,2,Back Bay/Beacon Hill/Downtown/North End/West End,1.6999998092651367,1.9615685939788818,0.2615687847137451,0.0,10.064908622262838
2025-06-22,2025-07-06,2,Charlestown,,10.689621925354004,,0.0,27.964691961966892
2025-06-22,2025-07-06,2,Dorchester,10.049999237060547,10.590288162231445,0.5402889251708984,0.0,27.830757997600717
2025-06-22,2025-07-06,2,East Boston,,1.829979658126831,,0.0,9.71390725157848
2025-06-22,2025-07-06,2,Fenway,1.3000001907348633,4.173840045928955,2.873839855194092,0.0,15.338685520242432
2025-06-22,2025-07-06,2,Hyde Park,2.299999237060547,7.318782329559326,5.018783092498779,0.0,21.763760078839365
2025-06-22,2025-07-06,2,Jamaica Plain,1.6999998092651367,1.947911262512207,0.2479114532470703,0.0,10.029490775078404
2025-06-22,2025-07-06,2,Mattapan,2.799999237060547,11.846687316894531,9.046688079833984,0.0,29.993677883435282
2025-06-22,2025-07-06,2,Roslindale,4.400001525878906,26.780954360961914,22.380952835083008,0.0,53.75481240490845
2025-06-22,2025-07-06,2,Roxbury,6.5,30.5238094329834,24.0238094329834,1.7499701901299538,59.29764867583684
2025-06-22,2025-07-06,2,South Boston,2.1000003814697266,2.3787710666656494,0.27877068519592285,0.0,11.143389825216353
2025-06-22,2025-07-06,2,South End,7.600000381469727,10.871147155761719,3.271146774291992,0.0,28.29565838267225
2025-06-22,2025-07-06,2,West Roxbury,,11.305144309997559,,0.0,29.048762644004746
2025-06-29,2025-07-13,2,Allston/Brighton,1.3999996185302734,1.6817103624343872,0.28171074390411377,0.0,9.310030031053639
2025-06-29,2025-07-13,2,Back Bay/Beacon Hill/Downtown/North End/West End,1.6999998092651367,1.944718837738037,0.2447190284729004,0.0,10.019540111280373
2025-06-29,2025-07-13,2,Charlestown,,10.67470932006836,,0.0,27.937450820176355
2025-06-29,2025-07-13,2,Dorchester,11.900001525878906,6.888176441192627,-5.011825084686279,0.0,20.927129067198464
2025-06-29,2025-07-13,2,East Boston,1.6000003814697266,3.3277149200439453,1.7277145385742188,0.0,13.431305633855311
2025-06-29,2025-07-13,2,Fenway,2.5999999046325684,4.156100273132324,1.5561003684997559,0.0,15.29935302051889
2025-06-29,2025-07-13,2,Hyde Park,4.600000381469727,2.7180185317993164,-1.8819818496704102,0.0,11.982183486995599
2025-06-29,2025-07-13,2,Jamaica Plain,1.6999998092651367,1.9239387512207031,0.2239389419555664,0.0,9.96437489678806
2025-06-29,2025-07-13,2,Mattapan,8.5,11.794782638549805,3.2947826385498047,0.0,29.90210275552294
2025-06-29,2025-07-13,2,Roslindale,8.69999885559082,9.273866653442383,0.5738677978515625,0.0,25.418392435783893
2025-06-29,2025-07-13,2,Roxbury,9.799999237060547,4.368464946746826,-5.431534290313721,0.0,15.76657899269759
2025-06-29,2025-07-13,2,South Boston,4.199999809265137,2.369781494140625,-1.8302183151245117,0.0,11.118421661454699
2025-06-29,2025-07-13,2,South End,2.5,8.192564964294434,5.692564964294434,0.0,23.418355297881703
2025-06-29,2025-07-13,2,West Roxbury,,11.281366348266602,,0.0,29.00644024170915
2025-07-06,2025-07-20,2,Allston/Brighton,5.699999809265137,3.1111669540405273,-2.5888328552246094,0.0,12.926736379212148
2025-07-06,2025-07-20,2,Back Bay/Beacon Hill/Downtown/North End/West End,3.3999996185302734,1.992244839668274,-1.4077547788619995,0.0,10.147943905044855
2025-07-06,2025-07-20,2,Charlestown,,10.717074394226074,,0.0,28.014205949063598
2025-07-06,2025-07-20,2,Dorchester,8.900001525878906,11.333504676818848,2.4335031509399414,0.0,29.130223811301708
2025-07-06,2025-07-20,2,East Boston,3.09999942779541,3.3440287113189697,0.24402928352355957,0.0,13.46988095985845
2025-07-06,2025-07-20,2,Fenway,,1.4773874282836914,,0.0,8.740299951944706
2025-07-06,2025-07-20,2,Hyde Park,,2.7689695358276367,,0.0,12.114366081193262
2025-07-06,2025-07-20,2,Jamaica Plain,3.40000057220459,1.9774359464645386,-1.4225646257400513,0.0,10.109259715324724
2025-07-06,2025-07-20,2,Mattapan,2.799999237060547,3.4013445377349854,0.6013453006744385,0.0,13.613284289004758
2025-07-06,2025-07-20,2,Roslindale,,5.0618791580200195,,0.0,17.24711103934716
2025-07-06,2025-07-20,2,Roxbury,9.799999237060547,7.707296371459961,-2.092702865600586,0.0,22.523776189918536
2025-07-06,2025-07-20,2,South Boston,,2.4113314151763916,,0.0,11.226713156397178
2025-07-06,2025-07-20,2,South End,17.799999237060547,8.25423812866211,-9.545761108398438,0.0,23.53971119658545
2025-07-06,2025-07-20,2,West Roxbury,3.6999998092651367,11.308842658996582,7.608842849731445,0.0,29.055227877423313
2025-07-13,2025-07-27,2,Allston/Brighton,4.199999809265137,1.7160416841506958,-2.4839582443237305,0.0,9.407557536095297
2025-07-13,2025-07-27,2,Back Bay/Beacon Hill/Downtown/North End/West End,1.6999998092651367,1.9682285785675049,0.26822876930236816,0.0,10.08348394506648
2025-07-13,2025-07-27,2,Charlestown,10.300000190734863,10.730255126953125,0.4302549362182617,0.0,28.037774741215795
2025-07-13,2025-07-27,2,Dorchester,3.549999237060547,13.203271865844727,9.65327262878418,0.0,32.34027497047465
2025-07-13,2025-07-27,2,East Boston,,1.8581407070159912,,0.0,9.78968138050702
2025-07-13,2025-07-27,2,Fenway,1.3000001907348633,2.773458957672119,1.4734587669372559,0.0,12.117446955238572
2025-07-13,2025-07-27,2,Hyde Park,2.299999237060547,5.091497898101807,2.7914986610412598,0.0,17.307911988774226
2025-07-13,2025-07-27,2,Jamaica Plain,3.40000057220459,1.9740062952041626,-1.4259942770004272,0.0,10.099720739455483
2025-07-13,2025-07-27,2,Mattapan,2.799999237060547,9.094313621520996,6.294314384460449,0.0,25.096319750466446
2025-07-13,2025-07-27,2,Roslindale,,9.324136734008789,,0.0,25.513672958295437
2025-07-13,2025-07-27,2,Roxbury,6.5,10.940352439880371,4.440352439880371,0.0,28.42442966723693
2025-07-13,2025-07-27,2,South Boston,4.199999809265137,4.508638858795166,0.3086390495300293,0.0,16.068384451305644
2025-07-13,2025-07-27,2,South End,5.100000381469727,3.2181732654571533,-1.8818271160125732,0.0,13.193346810683687
2025-07-13,2025-07-27,2,West Roxbury,,11.321707725524902,,0.0,29.077967652317216
2025-07-20,2025-08-03,2,Allston/Brighton,7.099999904632568,6.0274786949157715,-1.0725212097167969,0.0,19.223174927795142
2025-07-20,2025-08-03,2,Back Bay/Beacon Hill/Downtown/North End/West End,5.099999904632568,3.6686532497406006,-1.4313466548919678,0.0,14.213235509382798
2025-07-20,2025-08-03,2,Charlestown,5.199999809265137,10.738975524902344,5.538975715637207,0.0,28.053201822252067
2025-07-20,2025-08-03,2,Dorchester,13.5,10.13887882232666,-3.36112117767334,0.0,26.99509424167851
2025-07-20,2025-08-03,2,East Boston,4.700000286102295,3.3441290855407715,-1.3558712005615234,0.0,13.469814336802573
2025-07-20,2025-08-03,2,Fenway,,2.7702744007110596,,0.0,12.109574659689297
2025-07-20,2025-08-03,2,Hyde Park,2.299999237060547,5.0651044845581055,2.7651052474975586,0.0,17.250953052588645
2025-07-20,2025-08-03,2,Jamaica Plain,1.6999998092651367,3.651273250579834,1.9512734413146973,0.0,14.173989651206128
2025-07-20,2025-08-03,2,Mattapan,8.5,3.358253240585327,-5.141746520996094,0.0,13.50701645237021
2025-07-20,2025-08-03,2,Roslindale,13.100000381469727,9.369209289550781,-3.7307910919189453,0.0,25.597700679020157
2025-07-20,2025-08-03,2,Roxbury,16.299999237060547,11.015158653259277,-5.2848405838012695,0.0,28.554002000963358
2025-07-20,2025-08-03,2,South Boston,,4.513188362121582,,0.0,16.07769259487974
2025-07-20,2025-08-03,2,South End,5.100000381469727,18.4471378326416,13.347137451171875,0.0,40.92769728420792
2025-07-20,2025-08-03,2,West Roxbury,,4.024310111999512,,0.0,15.01010880770229
2025-07-27,2025-08-10,2,Allston/Brighton,8.5,4.522805213928223,-3.9771947860717773,0.0,16.098764092328167
2025-07-27,2025-08-10,2,Back Bay/Beacon Hill/Downtown/North End/West End,1.6999998092651367,1.9791696071624756,0.27916979789733887,0.0,10.11208403423078
2025-07-27,2025-08-10,2,Charlestown,,10.702812194824219,,0.0,27.9878020466863
2025-07-27,2025-08-10,2,Dorchester,10.799999237060547,4.82076358795166,-5.979235649108887,0.0,16.758193497036046
2025-07-27,2025-08-10,2,East Boston,4.700000286102295,3.349879503250122,-1.3501207828521729,0.0,13.483245660317246
2025-07-27,2025-08-10,2,Fenway,,1.4656245708465576,,0.0,8.706486944454564
2025-07-27,2025-08-10,2,Hyde Park,6.899999618530273,2.74832820892334,-4.151671409606934,0.0,12.057363968627659
2025-07-27,2025-08-10,2,Jamaica Plain,1.6999998092651367,3.6499555110931396,1.949955701828003,0.0,14.17089453332489
2025-07-27,2025-08-10,2,Mattapan,11.300000190734863,3.321376323699951,-7.978623867034912,0.0,13.417755644418508
2025-07-27,2025-08-10,2,Roslindale,,9.32939624786377,,0.0,25.521971313677717
2025-07-27,2025-08-10,2,Roxbury,6.5,7.7487616539001465,1.2487616539001465,0.0,22.605886725730535
2025-07-27,2025-08-10,2,South Boston,2.1000003814697266,4.485449314117432,2.385448932647705,0.0,16.01657557406167
2025-07-27,2025-08-10,2,South End,5.100000381469727,5.784893035888672,0.6848926544189453,0.0,18.738992873712363
2025-07-27,2025-08-10,2,West Roxbury,3.6999998092651367,4.009967803955078,0.3099679946899414,0.0,14.977549041777078
2025-08-03,2025-08-17,2,Allston/Brighton,2.8000001907348633,7.412628173828125,4.612627983093262,0.0,21.940182791824412
2025-08-03,2025-08-17,2,Back Bay/Beacon Hill/Downtown/North End/West End,,5.368656635284424,,0.0,17.879682425626257
2025-08-03,2025-08-17,2,Charlestown,5.199999809265137,5.6596360206604,0.45963621139526367,0.0,18.480251914752216
2025-08-03,2025-08-17,2,Dorchester,22.849998474121094,14.863219261169434,-7.98677921295166,0.0,35.1347020363559
2025-08-03,2025-08-17,2,East Boston,3.09999942779541,4.958988666534424,1.8589892387390137,0.0,17.02567752700544
2025-08-03,2025-08-17,2,Fenway,1.3000001907348633,1.4832531213760376,0.18325293064117432,0.0,8.75696402842065
2025-08-03,2025-08-17,2,Hyde Park,2.299999237060547,2.7764892578125,0.4764900207519531,0.0,12.127511388412257
2025-08-03,2025-08-17,2,Jamaica Plain,5.099999904632568,1.965195655822754,-3.1348042488098145,0.0,10.076279327166452
2025-08-03,2025-08-17,2,Mattapan,8.5,9.070570945739746,0.5705709457397461,0.0,25.050432141447743
2025-08-03,2025-08-17,2,Roslindale,,13.742087364196777,,0.0,33.233871820292165
2025-08-03,2025-08-17,2,Roxbury,16.299999237060547,17.51836395263672,1.2183647155761719,0.0,39.454224850638866
2025-08-03,2025-08-17,2,South Boston,10.600000381469727,4.496854782104492,-6.103145599365234,0.0,16.041746644296296
2025-08-03,2025-08-17,2,South End,10.19999885559082,5.791111946105957,-4.408886909484863,0.0,18.750729560031218
2025-08-03,2025-08-17,2,West Roxbury,3.6999998092651367,4.016660690307617,0.31666088104248047,0.0,14.993292318489361
2025-08-10,2025-08-24,2,Allston/Brighton,7.099999904632568,8.821495056152344,1.7214951515197754,0.0,24.590773806194726
2025-08-10,2025-08-24,2,Back Bay/Beacon Hill/Downtown/North End/West End,1.6999998092651367,1.9860552549362183,0.28605544567108154,0.0,10.131032906352685
2025-08-10,2025-08-24,2,Charlestown,10.300000190734863,5.620452404022217,-4.6795477867126465,0.0,18.39957219817056
2025-08-10,2025-08-24,2,Dorchester,13.400001525878906,12.137054443359375,-1.2629470825195312,0.0,30.516459721709868
2025-08-10,2025-08-24,2,East Boston,,4.95079231262207,,0.0,17.008221886381325
2025-08-10,2025-08-24,2,Fenway,,1.4810563325881958,,0.0,8.7509965969193
2025-08-10,2025-08-24,2,Hyde Park,2.299999237060547,7.382681369781494,5.082682132720947,0.0,21.886324601701926
2025-08-10,2025-08-24,2,Jamaica Plain,5.099999904632568,1.958356499671936,-3.141643524169922,0.0,10.058210310582156
2025-08-10,2025-08-24,2,Mattapan,2.799999237060547,11.854389190673828,9.054389953613281,0.0,30.007168578360844
2025-08-10,2025-08-24,2,Roslindale,8.69999885559082,13.719865798950195,5.019866943359375,0.0,33.19727564109792
2025-08-10,2025-08-24,2,Roxbury,6.5,7.7066545486450195,1.2066545486450195,0.0,22.53507740612195
2025-08-10,2025-08-24,2,South Boston,4.199999809265137,2.4068503379821777,-1.793149471282959,0.0,11.214955218620247
2025-08-10,2025-08-24,2,South End,5.100000381469727,5.784112930297852,0.684112548828125,0.0,18.739000938196764
2025-08-10,2025-08-24,2,West Roxbury,11.0,4.011601448059082,-6.988398551940918,0.0,14.98147834173531
2025-08-17,2025-08-31,2,Allston/Brighton,4.199999809265137,3.2547130584716797,-0.945286750793457,0.0,13.263301895900145
2025-08-17,2025-08-31,2,Back Bay/Beacon Hill/Downtown/North End/West End,,2.0975255966186523,,0.0,10.423086240137673
2025-08-17,2025-08-31,2,Charlestown,5.199999809265137,5.788263320922852,0.5882635116577148,0.0,18.739773528799198
2025-08-17,2025-08-31,2,Dorchester,11.150001525878906,24.90286636352539,13.752864837646484,0.0,50.96021402219649
2025-08-17,2025-08-31,2,East Boston,9.399999618530273,3.470306634902954,-5.929693222045898,0.0,13.761382467231323
2025-08-17,2025-08-31,2,Fenway,4.0,1.543270468711853,-2.4567294120788574,0.0,8.926149357647574
2025-08-17,2025-08-31,2,Hyde Park,2.299999237060547,3.018075466156006,0.718076229095459,0.0,12.710460039817976
2025-08-17,2025-08-31,2,Jamaica Plain,3.40000057220459,5.49249267578125,2.09249210357666,0.0,18.135419577817103
2025-08-17,2025-08-31,2,Mattapan,2.799999237060547,9.304852485656738,6.504853248596191,0.0,25.479443163811037
2025-08-17,2025-08-31,2,Roslindale,,14.003876686096191,,0.0,33.67489683933283
2025-08-17,2025-08-31,2,Roxbury,16.299999237060547,18.208314895629883,1.908315658569336,0.0,40.56550666621599
2025-08-17,2025-08-31,2,South Boston,,11.050455093383789,,0.0,28.602257327979462
2025-08-17,2025-08-31,2,South End,5.100000381469727,11.216997146606445,6.116996765136719,0.0,28.90267412170155
2025-08-17,2025-08-31,2,West Roxbury,11.0,4.099091529846191,-6.900908470153809,0.0,15.175039450027409
2025-08-24,2025-09-07,2,Allston/Brighton,5.699999809265137,7.5004448890686035,1.8004450798034668,0.0,22.10822790565833
2025-08-24,2025-09-07,2,Back Bay/Beacon Hill/Downtown/North End/West End,8.600000381469727,2.0601367950439453,-6.539863586425781,0.0,10.325566184009421
2025-08-24,2025-09-07,2,Charlestown,10.300000190734863,10.846243858337402,0.5462436676025391,0.0,28.242706912290803
2025-08-24,2025-09-07,2,Dorchester,5.0,15.192910194396973,10.192910194396973,0.0,35.67448103944372
2025-08-24,2025-09-07,2,East Boston,3.09999942779541,3.4387009143829346,0.3387014865875244,0.0,13.688751504028657
2025-08-24,2025-09-07,2,Fenway,2.5999999046325684,1.5144157409667969,-1.0855841636657715,0.0,8.845063887934522
2025-08-24,2025-09-07,2,Hyde Park,11.5,2.910994052886963,-8.589006423950195,0.0,12.455012908215112
2025-08-24,2025-09-07,2,Jamaica Plain,1.6999998092651367,5.439519882202148,3.7395200729370117,0.0,18.026289663667526
2025-08-24,2025-09-07,2,Mattapan,5.69999885559082,3.5114471912384033,-2.188551664352417,0.0,13.86111036858157
2025-08-24,2025-09-07,2,Roslindale,,9.529662132263184,,0.0,25.88931175966047
2025-08-24,2025-09-07,2,Roxbury,29.399999618530273,8.000446319580078,-21.399553298950195,0.0,23.082893603737148
2025-08-24,2025-09-07,2,South Boston,,4.593441009521484,,0.0,16.250177954543545
2025-08-24,2025-09-07,2,South End,17.799999237060547,5.938197135925293,-11.861802101135254,0.0,19.049990325975543
2025-08-24,2025-09-07,2,West Roxbury,7.300000190734863,11.403541564941406,4.103541374206543,0.0,29.22105867989691
2025-08-31,2025-09-14,2,Allston/Brighton,7.099999904632568,4.569108963012695,-2.530890941619873,0.0,16.198239036945807
2025-08-31,2025-09-14,2,Back Bay/Beacon Hill/Downtown/North End/West End,1.6999998092651367,2.015669584274292,0.3156697750091553,0.0,10.208858066305323
2025-08-31,2025-09-14,2,Charlestown,5.199999809265137,5.697271823883057,0.4972720146179199,0.0,18.5556831979313
2025-08-31,2025-09-14,2,Dorchester,24.650001525878906,12.753875732421875,-11.896125793457031,0.0,31.5888863947764
2025-08-31,2025-09-14,2,East Boston,4.700000286102295,9.709128379821777,5.009128093719482,0.0,26.210126096025053
2025-08-31,2025-09-14,2,Fenway,1.3000001907348633,4.194556713104248,2.8945565223693848,0.0,15.384098196449484
2025-08-31,2025-09-14,2,Hyde Park,11.5,2.8609519004821777,-8.639047622680664,0.0,12.335308729002735
2025-08-31,2025-09-14,2,Jamaica Plain,5.099999904632568,3.6944491863250732,-1.4055507183074951,0.0,14.272292395318203
2025-08-31,2025-09-14,2,Mattapan,5.69999885559082,3.4311399459838867,-2.2688589096069336,0.0,13.674999759329294
2025-08-31,2025-09-14,2,Roslindale,4.399999618530273,9.383447647094727,4.983448028564453,0.0,25.621108664291672
2025-08-31,2025-09-14,2,Roxbury,6.5,17.725927352905273,11.225927352905273,0.0,39.796980637321596
2025-08-31,2025-09-14,2,South Boston,4.199999809265137,4.538198947906494,0.3381991386413574,0.0,16.131181448377227
2025-08-31,2025-09-14,2,South End,5.100000381469727,5.868978500366211,0.7689781188964844,0.0,18.90942304923899
2025-08-31,2025-09-14,2,West Roxbury,3.6999998092651367,11.368983268737793,7.668983459472656,0.0,29.16062286166557
2025-09-07,2025-09-21,2,Allston/Brighton,5.699999809265137,6.349404811859131,0.6494050025939941,0.0,19.87075175630605
2025-09-07,2025-09-21,2,Back Bay/Beacon Hill/Downtown/North End/West End,5.099999904632568,9.105968475341797,4.0059685707092285,0.0,25.114367346393692
2025-09-07,2025-09-21,2,Charlestown,,11.124580383300781,,0.0,28.738371908316196
2025-09-07,2025-09-21,2,Dorchester,28.950000762939453,7.89705753326416,-21.05294418334961,0.0,23.010508712626255
2025-09-07,2025-09-21,2,East Boston,1.6000003814697266,3.5930426120758057,1.993042230606079,0.0,14.044813150026823
2025-09-07,2025-09-21,2,Fenway,4.0,2.9347476959228516,-1.0652523040771484,0.0,12.508044710455861
2025-09-07,2025-09-21,2,Hyde Park,4.600000381469727,12.532015800476074,7.932015419006348,0.0,31.18777429038212
2025-09-07,2025-09-21,2,Jamaica Plain,3.40000057220459,2.2272472381591797,-1.1727533340454102,0.0,10.764993501152286
2025-09-07,2025-09-21,2,Mattapan,2.799999237060547,6.849874973297119,4.049875736236572,0.0,20.875257472341392
2025-09-07,2025-09-21,2,Roslindale,8.69999885559082,10.030278205871582,1.3302793502807617,0.0,26.812193478236317
2025-09-07,2025-09-21,2,Roxbury,35.900001525878906,31.906949996948242,-3.993051528930664,2.4446712331456695,61.369228760750815
2025-09-07,2025-09-21,2,South Boston,4.199999809265137,4.7918243408203125,0.5918245315551758,0.0,16.67874294460882
2025-09-07,2025-09-21,2,South End,12.69999885559082,19.224699020385742,6.524700164794922,0.0,42.18198198818259
2025-09-07,2025-09-21,2,West Roxbury,,7.9208245277404785,,0.0,22.90945126272394
2025-09-14,2025-09-28,2,Allston/Brighton,11.300000190734863,7.618748188018799,-3.6812520027160645,0.0,22.34150649446471
2025-09-14,2025-09-28,2,Back Bay/Beacon Hill/Downtown/North End/West End,6.800000190734863,2.1568405628204346,-4.643159866333008,0.0,10.586041609685171
2025-09-14,2025-09-28,2,Charlestown,15.5,5.8995442390441895,-9.600456237792969,0.0,18.975958958170015
2025-09-14,2025-09-28,2,Dorchester,15.950000762939453,27.009563446044922,11.059562683105469,0.0,54.21415362307917
2025-09-14,2025-09-28,2,East Boston,1.6000003814697266,5.169099807739258,3.5690994262695312,0.0,17.470691305169474
2025-09-14,2025-09-28,2,Fenway,2.5999999046325684,1.5760395526885986,-1.0239603519439697,0.0,9.02106023651869
2025-09-14,2025-09-28,2,Hyde Park,13.800000190734863,12.360207557678223,-1.4397926330566406,0.0,30.892220150617128
2025-09-14,2025-09-28,2,Jamaica Plain,3.40000057220459,5.525112152099609,2.1251115798950195,0.0,18.20629458595358
2025-09-14,2025-09-28,2,Mattapan,,6.600856304168701,,0.0,20.39007948057386
2025-09-14,2025-09-28,2,Roslindale,30.5,5.529020309448242,-24.970979690551758,0.0,18.258523382605276
2025-09-14,2025-09-28,2,Roxbury,26.100000381469727,8.292476654052734,-17.807523727416992,0.0,23.716238053269862
2025-09-14,2025-09-28,2,South Boston,6.300000190734863,4.677459239959717,-1.6225409507751465,0.0,16.436308160044106
2025-09-14,2025-09-28,2,South End,7.600000381469727,6.093780040740967,-1.5062203407287598,0.0,19.383085281459792
2025-09-14,2025-09-28,2,West Roxbury,11.0,4.23061990737915,-6.76938009262085,0.0,15.47009423467393
2025-09-21,2025-10-05,2,Allston/Brighton,8.5,6.273641586303711,-2.226358413696289,0.0,19.720550084906456
2025-09-21,2025-10-05,2,Back Bay/Beacon Hill/Downtown/North End/West End,3.3999996185302734,5.5944342613220215,2.194434642791748,0.0,18.34801196928371
2025-09-21,2025-10-05,2,Charlestown,,5.972470760345459,,0.0,19.117288923282697
2025-09-21,2025-10-05,2,Dorchester,13.5,31.26909637451172,17.76909637451172,2.1248939460395277,60.41329880298391
2025-09-21,2025-10-05,2,East Boston,3.09999942779541,2.0912017822265625,-1.0087976455688477,0.0,10.41037532459127
2025-09-21,2025-10-05,2,Fenway,4.0,4.310255527496338,0.3102555274963379,0.0,15.63819635021015
2025-09-21,2025-10-05,2,Hyde Park,,5.459185600280762,,0.0,18.083561760108637
2025-09-21,2025-10-05,2,Jamaica Plain,1.6999998092651367,3.864936113357544,2.1649363040924072,0.0,14.659251104721035
2025-09-21,2025-10-05,2,Mattapan,5.69999885559082,3.7570221424102783,-1.942976713180542,0.0,14.433475440727268
2025-09-21,2025-10-05,2,Roslindale,8.69999885559082,9.939104080200195,1.239105224609375,0.0,26.645860851790093
2025-09-21,2025-10-05,2,Roxbury,39.20000076293945,38.029693603515625,-1.1703071594238281,5.9308767210566415,70.1285104859746
2025-09-21,2025-10-05,2,South Boston,6.300000190734863,4.753278732299805,-1.5467214584350586,0.0,16.597094917923194
2025-09-21,2025-10-05,2,South End,7.600000381469727,13.824756622314453,6.224756240844727,0.0,33.3865146636205
2025-09-21,2025-10-05,2,West Roxbury,7.300000190734863,4.300787925720215,-2.9992122650146484,0.0,15.622187099545897
2025-09-28,2025-10-12,2,Allston/Brighton,7.099999904632568,12.067583084106445,4.967583179473877,0.0,30.37927755452011
2025-09-28,2025-10-12,2,Back Bay/Beacon Hill/Downtown/North End/West End,1.6999998092651367,7.42529296875,5.725293159484863,0.0,21.966817765190417
2025-09-28,2025-10-12,2,Charlestown,5.199999809265137,16.428308486938477,11.22830867767334,0.0,37.67900831909404
2025-09-28,2025-10-12,2,Dorchester,12.099998474121094,19.075439453125,6.975440979003906,0.0,42.01255390002271
2025-09-28,2025-10-12,2,East Boston,,2.1621360778808594,,0.0,10.593869625132884
2025-09-28,2025-10-12,2,Fenway,1.3000001907348633,2.977496862411499,1.6774966716766357,0.0,12.609777553420166
2025-09-28,2025-10-12,2,Hyde Park,6.899999618530273,14.9176025390625,8.017602920532227,0.0,35.204461209064476
2025-09-28,2025-10-12,2,Jamaica Plain,,3.9960567951202393,,0.0,14.95056809470932
2025-09-28,2025-10-12,2,Mattapan,5.69999885559082,4.128005504608154,-1.571993350982666,0.0,15.262898185992972
2025-09-28,2025-10-12,2,Roslindale,8.69999885559082,31.931556701660156,23.231557846069336,2.510801229212749,61.35231217410757
2025-09-28,2025-10-12,2,Roxbury,6.5,28.962303161621094,22.462303161621094,0.881031635554784,57.0435746876874
2025-09-28,2025-10-12,2,South Boston,2.1000003814697266,6.969298839569092,4.869298458099365,0.0,21.087389777956293
2025-09-28,2025-10-12,2,South End,10.19999885559082,9.111283302307129,-1.0887155532836914,0.0,25.152637733833085
2025-09-28,2025-10-12,2,West Roxbury,7.300000190734863,11.716034889221191,4.416034698486328,0.0,29.76822669692836
2025-10-05,2025-10-19,2,Allston/Brighton,4.199999809265137,9.171119689941406,4.9711198806762695,0.0,25.235216945888062
2025-10-05,2025-10-19,2,Back Bay/Beacon Hill/Downtown/North End/West End,5.099999904632568,3.9949769973754883,-1.10502290725708,0.0,14.94762907787365
2025-10-05,2025-10-19,2,Charlestown,5.199999809265137,16.435768127441406,11.23576831817627,0.0,37.69308731224068
2025-10-05,2025-10-19,2,Dorchester,19.450000762939453,16.54262351989746,-2.907377243041992,0.0,37.916251944384655
2025-10-05,2025-10-19,2,East Boston,12.5,3.6381542682647705,-8.861845970153809,0.0,14.146179840642517
2025-10-05,2025-10-19,2,Fenway,2.5999999046325684,4.374018669128418,1.7740187644958496,0.0,15.77651354295839
2025-10-05,2025-10-19,2,Hyde Park,9.199999809265137,14.851601600646973,5.651601791381836,0.0,35.09211850513054
2025-10-05,2025-10-19,2,Jamaica Plain,1.6999998092651367,2.24226713180542,0.5422673225402832,0.0,10.797856425164424
2025-10-05,2025-10-19,2,Mattapan,8.5,6.901223182678223,-1.5987768173217773,0.0,20.961417871400045
2025-10-05,2025-10-19,2,Roslindale,13.100000381469727,10.08230209350586,-3.017698287963867,0.0,26.894028404284867
2025-10-05,2025-10-19,2,Roxbury,16.299999237060547,42.11882781982422,25.818828582763672,8.371697623809837,75.8659580158386
2025-10-05,2025-10-19,2,South Boston,2.1000003814697266,6.953823089599609,4.853822708129883,0.0,21.056829458252714
2025-10-05,2025-10-19,2,South End,17.799999237060547,9.077428817749023,-8.722570419311523,0.0,25.081037804013214
2025-10-05,2025-10-19,2,West Roxbury,11.0,7.934779644012451,-3.065220355987549,0.0,22.934790660555223
2025-10-12,2025-10-26,2,Allston/Brighton,9.899999618530273,7.9854278564453125,-1.914571762084961,0.0,23.03520937025036
2025-10-12,2025-10-26,2,Back Bay/Beacon Hill/Downtown/North End/West End,3.3999996185302734,2.4500255584716797,-0.9499740600585938,0.0,11.331021479804663
2025-10-12,2025-10-26,2,Charlestown,5.199999809265137,6.292306900024414,1.0923070907592773,0.0,19.760535006985553
2025-10-12,2025-10-26,2,Dorchester,24.700000762939453,16.322437286376953,-8.3775634765625,0.0,37.63224908791547
2025-10-12,2025-10-26,2,East Boston,14.0,3.768472194671631,-10.231527328491211,0.0,14.442506648465917
2025-10-12,2025-10-26,2,Fenway,2.5999999046325684,1.722240924835205,-0.8777589797973633,0.0,9.423710684002646
2025-10-12,2025-10-26,2,Hyde Park,13.800000190734863,8.342967987060547,-5.457032203674316,0.0,23.723304025990327
2025-10-12,2025-10-26,2,Jamaica Plain,,2.4482991695404053,,0.0,11.325012408139107
2025-10-12,2025-10-26,2,Mattapan,2.799999237060547,7.254850387573242,4.454851150512695,0.0,21.660311560490207
2025-10-12,2025-10-26,2,Roslindale,8.69999885559082,10.574435234069824,1.874436378479004,0.0,27.784494279475883
2025-10-12,2025-10-26,2,Roxbury,16.299999237060547,10.223316192626953,-6.076683044433594,0.0,27.26305769268567
2025-10-12,2025-10-26,2,South Boston,2.1000003814697266,2.9524319171905518,0.8524315357208252,0.0,12.559058807131905
2025-10-12,2025-10-26,2,South End,7.600000381469727,12.231027603149414,4.6310272216796875,0.0,30.689260197554574
2025-10-12,2025-10-26,2,West Roxbury,3.6999998092651367,8.092878341674805,4.392878532409668,0.0,23.236266873212728
2025-10-19,2025-11-02,2,Allston/Brighton,12.699999809265137,4.966390609741211,-7.733609199523926,0.0,17.044780454926396
2025-10-19,2025-11-02,2,Back Bay/Beacon Hill/Downtown/North End/West End,12.0,5.7730889320373535,-6.2269110679626465,0.0,18.71041089358079
2025-10-19,2025-11-02,2,Charlestown,,6.199044704437256,,0.0,19.573033580804307
2025-10-19,2025-11-02,2,Dorchester,25.049999237060547,22.82091522216797,-2.229084014892578,0.0,47.811183937114464
2025-10-19,2025-11-02,2,East Boston,3.09999942779541,13.129188537597656,10.029189109802246,0.0,32.19537031546173
2025-10-19,2025-11-02,2,Fenway,,3.0314061641693115,,0.0,12.737840609090924
2025-10-19,2025-11-02,2,Hyde Park,6.899999618530273,10.352947235107422,3.4529476165771484,0.0,27.37465884525719
2025-10-19,2025-11-02,2,Jamaica Plain,8.5,2.3314943313598633,-6.168505668640137,0.0,11.026379830021158
2025-10-19,2025-11-02,2,Mattapan,11.300000190734863,9.901322364807129,-1.3986778259277344,0.0,26.569376264277626
2025-10-19,2025-11-02,2,Roslindale,13.100000381469727,14.699131965637207,1.5991315841674805,0.0,34.84362297729556
2025-10-19,2025-11-02,2,Roxbury,19.60000228881836,19.199325561523438,-0.4006767272949219,0.0,42.16510377611371
2025-10-19,2025-11-02,2,South Boston,2.1000003814697266,2.840778112411499,0.7407777309417725,0.0,12.28646582520145
2025-10-19,2025-11-02,2,South End,7.600000381469727,19.538480758666992,11.938480377197266,0.0,42.667215110397485
2025-10-19,2025-11-02,2,West Roxbury,3.6999998092651367,11.75711441040039,8.057114601135254,0.0,29.839069567324135
2025-10-26,2025-11-09,2,Allston/Brighton,4.199999809265137,11.618429183959961,7.418429374694824,0.0,29.603276304098635
2025-10-26,2025-11-09,2,Back Bay/Beacon Hill/Downtown/North End/West End,10.300000190734863,4.795358180999756,-5.504642009735107,0.0,16.68992328351041
2025-10-26,2025-11-09,2,Charlestown,15.5,7.292596817016602,-8.207403182983398,0.0,21.7270497288781
2025-10-26,2025-11-09,2,Dorchester,30.10000228881836,32.492366790771484,2.392364501953125,2.6877908773978234,62.296942704145145
2025-10-26,2025-11-09,2,East Boston,3.09999942779541,15.254704475402832,12.154705047607422,0.0,35.757237545210856
2025-10-26,2025-11-09,2,Fenway,6.59999942779541,3.4456775188446045,-3.1543219089508057,0.0,13.708061161066754
2025-10-26,2025-11-09,2,Hyde Park,2.299999237060547,16.403837203979492,14.103837966918945,0.0,37.653624781810336
2025-10-26,2025-11-09,2,Jamaica Plain,3.40000057220459,3.1230721473693848,-0.2769284248352051,0.0,12.965468693059318
2025-10-26,2025-11-09,2,Mattapan,11.300000190734863,5.771848678588867,-5.528151512145996,0.0,18.742392206525395
2025-10-26,2025-11-09,2,Roslindale,17.5,12.129925727844238,-5.370074272155762,0.0,30.524909978964708
2025-10-26,2025-11-09,2,Roxbury,26.100000381469727,22.99681854248047,-3.103181838989258,0.0,48.181383701320684
2025-10-26,2025-11-09,2,South Boston,6.300000190734863,3.691561698913574,-2.608438491821289,0.0,14.281723298812732
2025-10-26,2025-11-09,2,South End,2.5,11.400481224060059,8.900481224060059,0.0,29.26542039611264
2025-10-26,2025-11-09,2,West Roxbury,11.0,5.231817722320557,-5.768182277679443,0.0,17.6076345889751
2025-11-02,2025-11-16,2,Allston/Brighton,15.600000381469727,13.796728134155273,-1.8032722473144531,0.0,33.3254994208949
2025-11-02,2025-11-16,2,Back Bay/Beacon Hill/Downtown/North End/West End,10.300000190734863,12.964194297790527,2.664194107055664,0.0,31.91599848340484
2025-11-02,2025-11-16,2,Charlestown,,6.663005828857422,,0.0,20.489514461669327
2025-11-02,2025-11-16,2,Dorchester,38.04999923706055,29.67728042602539,-8.372718811035156,1.2574484001546047,58.09711245189618
2025-11-02,2025-11-16,2,East Boston,10.899999618530273,3.974510908126831,-6.925488471984863,0.0,14.901734784739872
2025-11-02,2025-11-16,2,Fenway,5.300000190734863,3.1739327907562256,-2.1260673999786377,0.0,13.073984597065813
2025-11-02,2025-11-16,2,Hyde Park,13.800000190734863,8.578598022460938,-5.221402168273926,0.0,24.151452682671184
2025-11-02,2025-11-16,2,Jamaica Plain,1.6999998092651367,9.385543823242188,7.685544013977051,0.0,25.625143771147133
2025-11-02,2025-11-16,2,Mattapan,22.600000381469727,13.217338562011719,-9.382661819458008,0.0,32.356729240588336
2025-11-02,2025-11-16,2,Roslindale,21.799999237060547,15.343796730041504,-6.456202507019043,0.0,35.915581066921575
2025-11-02,2025-11-16,2,Roxbury,39.20000076293945,23.8166446685791,-15.383356094360352,0.0,49.327562034651194
2025-11-02,2025-11-16,2,South Boston,2.1000003814697266,3.1162161827087402,1.0162158012390137,0.0,12.942787851483372
2025-11-02,2025-11-16,2,South End,17.799999237060547,9.956876754760742,-7.843122482299805,0.0,26.676711228002162
2025-11-02,2025-11-16,2,West Roxbury,14.699999809265137,4.752498626708984,-9.947501182556152,0.0,16.592516072686948
2025-11-09,2025-11-23,2,Allston/Brighton,12.699999809265137,6.273001194000244,-6.426998615264893,0.0,19.73219040711041
2025-11-09,2025-11-23,2,Back Bay/Beacon Hill/Downtown/North End/West End,17.100000381469727,11.996681213378906,-5.10331916809082,0.0,30.26325040402657
2025-11-09,2025-11-23,2,Charlestown,5.199999809265137,18.052595138549805,12.852595329284668,0.0,40.314533121158746
2025-11-09,2025-11-23,2,Dorchester,44.5,39.078041076660156,-5.421958923339844,6.392695911123873,71.76338624219645
2025-11-09,2025-11-23,2,East Boston,1.6000003814697266,4.608002185821533,3.0080018043518066,0.0,16.292928310656805
2025-11-09,2025-11-23,2,Fenway,4.0,7.575934410095215,3.575934410095215,0.0,22.25643440453014
2025-11-09,2025-11-23,2,Hyde Park,13.80000114440918,5.325819492340088,-8.47418212890625,0.0,17.846566151943556
2025-11-09,2025-11-23,2,Jamaica Plain,15.30000114440918,5.002437114715576,-10.297563552856445,0.0,17.135358233345766
2025-11-09,2025-11-23,2,Mattapan,11.300000190734863,14.687372207641602,3.3873720169067383,0.0,34.85381126210126
2025-11-09,2025-11-23,2,Roslindale,13.100000381469727,21.438255310058594,8.338254928588867,0.0,45.67132902873307
2025-11-09,2025-11-23,2,Roxbury,58.79999923706055,34.207489013671875,-24.592510223388672,3.640482364891959,64.77449566245178
2025-11-09,2025-11-23,2,South Boston,,8.187777519226074,,0.0,23.42721991803455
2025-11-09,2025-11-23,2,South End,33.099998474121094,6.971398830413818,-26.128599166870117,0.0,21.18621874949924
2025-11-09,2025-11-23,2,West Roxbury,7.300000190734863,12.690665245056152,5.390665054321289,0.0,31.45790642130239
2025-11-16,2025-11-30,2,Allston/Brighton,11.300000190734863,18.0241641998291,6.724164009094238,0.0,40.270931102909415
2025-11-16,2025-11-30,2,Back Bay/Beacon Hill/Downtown/North End/West End,15.399999618530273,12.295248985290527,-3.104750633239746,0.0,30.78521841847191
2025-11-16,2025-11-30,2,Charlestown,10.300000190734863,18.452608108520508,8.152607917785645,0.0,40.96502221683163
2025-11-16,2025-11-30,2,Dorchester,62.20000076293945,48.24653625488281,-13.95346450805664,11.872759296953767,84.62031321281185
2025-11-16,2025-11-30,2,East Boston,4.700000286102295,12.62136459350586,7.9213643074035645,0.0,31.33993240555977
2025-11-16,2025-11-30,2,Fenway,6.599999904632568,6.4618239402771,-0.13817596435546875,0.0,20.09574598469011
2025-11-16,2025-11-30,2,Hyde Park,27.700000762939453,17.202035903930664,-10.497964859008789,0.0,38.98245658847658
2025-11-16,2025-11-30,2,Jamaica Plain,11.899999618530273,3.5996150970458984,-8.300384521484375,0.0,14.081061494616122
2025-11-16,2025-11-30,2,Mattapan,19.799999237060547,26.446186065673828,6.646186828613281,0.0,53.31159360770364
2025-11-16,2025-11-30,2,Roslindale,17.5,26.305177688598633,8.805177688598633,0.0,53.11023718201159
2025-11-16,2025-11-30,2,Roxbury,55.5,48.29962921142578,-7.200370788574219,11.962337170676214,84.63692125217534
2025-11-16,2025-11-30,2,South Boston,19.0,4.284791469573975,-14.715208053588867,0.0,15.618129711432223
2025-11-16,2025-11-30,2,South End,35.599998474121094,22.846467971801758,-12.753530502319336,0.0,47.88322983860829
2025-11-16,2025-11-30,2,West Roxbury,3.6999998092651367,16.649751663208008,12.949751853942871,0.0,38.05134198792868
2025-11-23,2025-12-07,2,Allston/Brighton,25.5,14.759761810302734,-10.740238189697266,0.0,34.96530936337385
2025-11-23,2025-12-07,2,Back Bay/Beacon Hill/Downtown/North End/West End,10.300000190734863,18.812641143798828,8.512640953063965,0.0,41.52162101667739
2025-11-23,2025-12-07,2,Charlestown,15.5,7.6613850593566895,-7.8386149406433105,0.0,22.456540348512213
2025-11-23,2025-12-07,2,Dorchester,109.69999694824219,54.24091339111328,-55.459083557128906,15.676988018574427,92.80483876365213
2025-11-23,2025-12-07,2,East Boston,17.200000762939453,3.172931432723999,-14.027069091796875,0.0,13.086447998712522
2025-11-23,2025-12-07,2,Fenway,18.5,5.0304412841796875,-13.469558715820312,0.0,17.185208044682753
2025-11-23,2025-12-07,2,Hyde Park,23.100000381469727,16.867721557617188,-6.232278823852539,0.0,38.44272335579164
2025-11-23,2025-12-07,2,Jamaica Plain,23.799999237060547,17.091651916503906,-6.708347320556641,0.0,38.76723981449673
2025-11-23,2025-12-07,2,Mattapan,22.600000381469727,14.778448104858398,-7.821552276611328,0.0,35.03741026841624
2025-11-23,2025-12-07,2,Roslindale,56.70000457763672,17.24935531616211,-39.45064926147461,0.0,39.08215546228749
2025-11-23,2025-12-07,2,Roxbury,114.30000305175781,67.47565460205078,-46.82434844970703,24.73498526563727,110.21632393846428
2025-11-23,2025-12-07,2,South Boston,14.800000190734863,4.101945877075195,-10.698054313659668,0.0,15.21904814679061
2025-11-23,2025-12-07,2,South End,40.70000076293945,37.8648796081543,-2.8351211547851562,5.792791956111358,69.93696726019724
2025-11-23,2025-12-07,2,West Roxbury,18.299999237060547,9.000319480895996,-9.29967975616455,0.0,24.94187300771071
2025-11-30,2025-12-14,2,Allston/Brighton,50.900001525878906,25.932924270629883,-24.967077255249023,0.0,52.61319095983186
2025-11-30,2025-12-14,2,Back Bay/Beacon Hill/Downtown/North End/West End,25.700000762939453,28.094703674316406,2.394702911376953,0.4243073732693361,55.765099975363476
2025-11-30,2025-12-14,2,Charlestown,92.80001068115234,29.979503631591797,-62.82050704956055,1.3473555785819116,58.61165168460168
2025-11-30,2025-12-14,2,Dorchester,194.6999969482422,120.46664428710938,-74.23335266113281,62.418228958878544,178.5150596153402
2025-11-30,2025-12-14,2,East Boston,40.500003814697266,16.700908660888672,-23.799095153808594,0.0,38.178201603150924
2025-11-30,2025-12-14,2,Fenway,19.799999237060547,14.862548828125,-4.937450408935547,0.0,35.130821522482165
2025-11-30,2025-12-14,2,Hyde Park,66.9000015258789,49.14303207397461,-17.756969451904297,12.598225876003568,85.68783827194565
2025-11-30,2025-12-14,2,Jamaica Plain,30.599998474121094,23.581384658813477,-7.018613815307617,0.0,48.99735279059214
2025-11-30,2025-12-14,2,Mattapan,59.400001525878906,45.61155700683594,-13.788444519042969,10.313571934769236,80.90954207890263
2025-11-30,2025-12-14,2,Roslindale,91.60000610351562,47.79325866699219,-43.80674743652344,11.608587171647684,83.97793016233669
2025-11-30,2025-12-14,2,Roxbury,156.8000030517578,111.18721771240234,-45.61278533935547,55.40318949985845,166.97124592494623
2025-11-30,2025-12-14,2,South Boston,50.70000076293945,32.627498626708984,-18.07250213623047,2.836245141348794,62.41875211206917
2025-11-30,2025-12-14,2,South End,132.3000030517578,66.57046508789062,-65.72953796386719,23.920809303250003,109.22012087253125
2025-11-30,2025-12-14,2,West Roxbury,33.0,18.927688598632812,-14.072311401367188,0.0,41.762723548351644
2025-12-07,2025-12-21,2,Allston/Brighton,80.5999984741211,42.085906982421875,-38.51409149169922,8.242534562114727,75.92927940272902
2025-12-07,2025-12-21,2,Back Bay/Beacon Hill/Downtown/North End/West End,58.099998474121094,25.40955352783203,-32.69044494628906,0.0,51.85324524786661
2025-12-07,2025-12-21,2,Charlestown,77.30000305175781,38.15953063964844,-39.140472412109375,5.875289522435324,70.44377175686155
2025-12-07,2025-12-21,2,Dorchester,256.1500244140625,177.61111450195312,-78.53890991210938,106.78480368571891,248.43742531818734
2025-12-07,2025-12-21,2,East Boston,48.29999923706055,31.3441219329834,-16.95587730407715,2.0966150467073135,60.59162881925948
2025-12-07,2025-12-21,2,Fenway,14.5,28.273313522338867,13.773313522338867,0.5217974297759831,56.02482961490175
2025-12-07,2025-12-21,2,Hyde Park,94.5999984741211,47.919349670410156,-46.68064880371094,11.686017018765924,84.15268232205439
2025-12-07,2025-12-21,2,Jamaica Plain,61.09999465942383,37.16438293457031,-23.935611724853516,5.372966963313164,68.95579890582746
2025-12-07,2025-12-21,2,Mattapan,82.0,52.259334564208984,-29.740665435791016,14.382999503218826,90.13566962519914
2025-12-07,2025-12-21,2,Roslindale,157.10000610351562,91.43265533447266,-65.66735076904297,41.56376713015783,141.30154353878748
2025-12-07,2025-12-21,2,Roxbury,254.6999969482422,175.78375244140625,-78.91624450683594,106.28371035041567,245.28379453239683
2025-12-07,2025-12-21,2,South Boston,40.099998474121094,30.910812377929688,-9.189186096191406,1.7755881195134506,60.046036636345924
2025-12-07,2025-12-21,2,South End,114.5,76.8384780883789,-37.661521911621094,30.65389425986468,123.02306191689314
2025-12-07,2025-12-21,2,West Roxbury,88.0,35.87880325317383,-52.12119674682617,4.637975194047378,67.11963131230027
2025-12-14,2025-12-28,2,Allston/Brighton,66.5,73.88512420654297,7.385124206542969,29.252283448302173,118.51796496478377
2025-12-14,2025-12-28,2,Back Bay/Beacon Hill/Downtown/North End/West End,32.5,46.189849853515625,13.689849853515625,10.821781629397044,81.55791807763421
2025-12-14,2025-12-28,2,Charlestown,77.30000305175781,124.11437225341797,46.814369201660156,66.35780790282872,181.87093660400723
2025-12-14,2025-12-28,2,Dorchester,216.14999389648438,287.4842834472656,71.33428955078125,198.7600622239435,376.2085046705878
2025-12-14,2025-12-28,2,East Boston,59.29999923706055,59.307918548583984,0.0079193115234375,19.331636296405826,99.28420080076214
2025-12-14,2025-12-28,2,Fenway,17.200000762939453,32.915008544921875,15.715007781982422,3.04014583988749,62.78987124995626
2025-12-14,2025-12-28,2,Hyde Park,87.69999694824219,101.2372055053711,13.537208557128906,48.969694341183754,153.50471666955843
2025-12-14,2025-12-28,2,Jamaica Plain,56.000003814697266,49.062339782714844,-6.937664031982422,12.641332684192811,85.48334688123688
2025-12-14,2025-12-28,2,Mattapan,110.30000305175781,100.56818389892578,-9.731819152832031,48.36783734586266,152.7685304519889
2025-12-14,2025-12-28,2,Roslindale,170.10000610351562,139.26815795898438,-30.83184814453125,77.97646507038868,200.55985084758007
2025-12-14,2025-12-28,2,Roxbury,212.3000030517578,244.13858032226562,31.838577270507812,162.43029569079494,325.8468649537363
2025-12-14,2025-12-28,2,South Boston,57.0,72.58814239501953,15.588142395019531,28.366004877191052,116.81027991284802
2025-12-14,2025-12-28,2,South End,127.19999694824219,181.50567626953125,54.30567932128906,111.5086035309808,251.5027490080817
2025-12-14,2025-12-28,2,West Roxbury,80.69999694824219,56.55949783325195,-24.140499114990234,17.51417805205533,95.60481761444858
2025-12-21,2026-01-04,2,Allston/Brighton,77.80001068115234,109.06581115722656,31.26580047607422,54.847879937275124,163.283742377178
2025-12-21,2026-01-04,2,Back Bay/Beacon Hill/Downtown/North End/West End,58.099998474121094,82.89488983154297,24.794891357421875,35.54449001240622,130.24528965067972
2025-12-21,2026-01-04,2,Charlestown,61.80000305175781,115.3627700805664,53.562767028808594,59.460916834570526,171.2646233265623
2025-12-21,2026-01-04,2,Dorchester,174.8000030517578,373.43475341796875,198.63475036621094,272.5060278451358,474.3634789908017
2025-12-21,2026-01-04,2,East Boston,37.400001525878906,71.30708312988281,33.907081604003906,27.39888561983482,115.2152806399308
2025-12-21,2026-01-04,2,Fenway,21.100000381469727,30.410934448242188,9.310934066772461,1.5897183527184886,59.23215054376588
2025-12-21,2026-01-04,2,Hyde Park,57.69999694824219,137.48703002929688,79.78703308105469,76.48609704760999,198.48796301098378
2025-12-21,2026-01-04,2,Jamaica Plain,49.20000076293945,84.5239486694336,35.32394790649414,36.815137030877594,132.2327603079896
2025-12-21,2026-01-04,2,Mattapan,84.9000015258789,132.22825622558594,47.32825469970703,72.23523834139982,192.22127410977205
2025-12-21,2026-01-04,2,Roslindale,139.60000610351562,215.15167236328125,75.55166625976562,138.7370059793692,291.5663387471933
2025-12-21,2026-01-04,2,Roxbury,101.19999694824219,363.228271484375,262.02825927734375,263.7299512920134,462.7265916767366
2025-12-21,2026-01-04,2,South Boston,44.29999923706055,67.57559204101562,23.275592803955078,24.820919534361025,110.33026454767023
2025-12-21,2026-01-04,2,South End,117.0999984741211,176.31228637695312,59.21228790283203,107.19485541747011,245.42971733643614
2025-12-21,2026-01-04,2,West Roxbury,69.69999694824219,116.53628540039062,46.83628845214844,60.49634211673193,172.5762286840493
2025-12-28,2026-01-11,2,Allston/Brighton,43.90000534057617,85.91201782226562,42.01201248168945,36.70826162149019,135.11577402304107
2025-12-28,2026-01-11,2,Back Bay/Beacon Hill/Downtown/North End/West End,29.100000381469727,49.3237419128418,20.22374153137207,11.407662538572012,87.23982128711158
2025-12-28,2026-01-11,2,Charlestown,15.499998092651367,105.1216812133789,89.6216812133789,50.61149098882729,159.63187143793053
2025-12-28,2026-01-11,2,Dorchester,96.34999084472656,287.9096374511719,191.5596466064453,183.9860213897718,391.83325351257196
2025-12-28,2026-01-11,2,East Boston,31.20000457763672,76.59557342529297,45.39556884765625,30.62347668942062,122.56767016116532
2025-12-28,2026-01-11,2,Fenway,6.600000381469727,29.081275939941406,22.48127555847168,0.35442568394794804,57.80812619593486
2025-12-28,2026-01-11,2,Hyde Park,27.700000762939453,114.1813735961914,86.48136901855469,54.78549252604938,173.57725466633343
2025-12-28,2026-01-11,2,Jamaica Plain,34.0,70.74720001220703,36.74720001220703,25.770769917295063,115.72363010711899
2025-12-28,2026-01-11,2,Mattapan,45.29999542236328,143.25433349609375,97.95433807373047,76.94999689529105,209.55867009689644
2025-12-28,2026-01-11,2,Roslindale,61.099998474121094,202.21287536621094,141.11288452148438,122.84194976513093,281.5838009672909
2025-12-28,2026-01-11,2,Roxbury,111.0,276.1962890625,165.1962890625,173.49979099552368,378.89278712947635
2025-12-28,2026-01-11,2,South Boston,25.299999237060547,76.25198364257812,50.95198440551758,29.95951850871201,122.54444877644424
2025-12-28,2026-01-11,2,South End,76.30000305175781,166.6768035888672,90.37680053710938,94.4694432030556,238.88416397467876
2025-12-28,2026-01-11,2,West Roxbury,11.000000953674316,97.65760803222656,86.65760803222656,44.94013953093005,150.37507653352307
2026-01-04,2026-01-18,2,Allston/Brighton,12.700000762939453,54.53046798706055,41.830467224121094,15.497653560325219,93.56328241379587
2026-01-04,2026-01-18,2,Back Bay/Beacon Hill/Downtown/North End/West End,20.5,39.540992736816406,19.040992736816406,6.351051871703703,72.73093360192911
2026-01-04,2026-01-18,2,Charlestown,20.600000381469727,34.881919860839844,14.281919479370117,2.8641005722952,66.89973914938449
2026-01-04,2026-01-18,2,Dorchester,60.55000305175781,69.8862075805664,9.336204528808594,15.83391447305651,123.9385006880763
2026-01-04,2026-01-18,2,East Boston,18.700000762939453,20.935205459594727,2.2352046966552734,0.0,45.25227090478299
2026-01-04,2026-01-18,2,Fenway,11.899999618530273,9.927582740783691,-1.972416877746582,0.0,27.01053652693128
2026-01-04,2026-01-18,2,Hyde Park,16.200000762939453,22.61841583251953,6.418415069580078,0.0,50.61868247806605
2026-01-04,2026-01-18,2,Jamaica Plain,6.800000190734863,30.053457260131836,23.253456115722656,0.659694948664221,59.44721957159945
2026-01-04,2026-01-18,2,Mattapan,36.79999923706055,44.292903900146484,7.4929046630859375,7.3981765294374,81.18763127085558
2026-01-04,2026-01-18,2,Roslindale,56.70000457763672,91.21385955810547,34.51385498046875,39.806031405243075,142.62168771096788
2026-01-04,2026-01-18,2,Roxbury,78.4000015258789,4.221920967102051,-74.1780776977539,0.0,40.27167136985948
2026-01-04,2026-01-18,2,South Boston,19.0,22.932361602783203,3.932361602783203,0.0,49.051323572101126
2026-01-04,2026-01-18,2,South End,56.0,64.07955169677734,8.079551696777344,19.90720152844567,108.25190186510902
2026-01-04,2026-01-18,2,West Roxbury,22.0,48.37888717651367,26.378887176513672,11.863911945973172,84.89386240705417
2026-01-11,2026-01-25,2,Allston/Brighton,17.0,27.752185821533203,10.752185821533203,0.0,56.01033286727904
2026-01-11,2026-01-25,2,Back Bay/Beacon Hill/Downtown/North End/West End,10.300000190734863,15.724523544311523,5.42452335357666,0.0,36.82666051070056
2026-01-11,2026-01-25,2,Charlestown,15.5,0.0,-19.035858154296875,0.0,3.227366254221953
2026-01-11,2026-01-25,2,Dorchester,50.29999923706055,23.860252380371094,-26.439746856689453,0.0,56.48510088278404
2026-01-11,2026-01-25,2,East Boston,15.600000381469727,19.941936492919922,4.341936111450195,0.0,43.58868108594062
2026-01-11,2026-01-25,2,Fenway,10.600000381469727,0.0,-12.21875286102295,0.0,2.61277491746696
2026-01-11,2026-01-25,2,Hyde Park,6.899999618530273,3.6550889015197754,-3.244910717010498,0.0,16.254448957458123
2026-01-11,2026-01-25,2,Jamaica Plain,11.899999618530273,20.34706687927246,8.447067260742188,0.0,44.14457130544842
2026-01-11,2026-01-25,2,Mattapan,34.0,17.219959259033203,-16.780040740966797,0.0,40.36244417764007
2026-01-11,2026-01-25,2,Roslindale,13.10000228881836,27.834705352783203,14.734703063964844,0.0,56.424924180275646
2026-01-11,2026-01-25,2,Roxbury,42.5,45.57529830932617,3.075298309326172,6.218713742064395,84.93188287658795
2026-01-11,2026-01-25,2,South Boston,10.600000381469727,10.330523490905762,-0.26947689056396484,0.0,27.853957889195993
2026-01-11,2026-01-25,2,South End,35.599998474121094,39.53978729248047,3.939788818359375,5.890958459205592,73.18861612575535
2026-01-11,2026-01-25,2,West Roxbury,14.699999809265137,0.0,-18.281526565551758,0.0,2.91573620279964
2026-01-18,2026-02-01,2,Allston/Brighton,8.5,22.474382400512695,13.974382400512695,0.0,48.415482754712926
2026-01-18,2026-02-01,2,Back Bay/Beacon Hill/Downtown/North End/West End,12.0,29.848735809326172,17.848735809326172,0.8475684640899921,58.849903154562355
2026-01-18,2026-02-01,2,Charlestown,20.600000381469727,35.488807678222656,14.88880729675293,3.472121246189296,67.50549411025602
2026-01-18,2026-02-01,2,Dorchester,55.349998474121094,94.2223129272461,38.872314453125,35.84973000556506,152.59489584892714
2026-01-18,2026-02-01,2,East Boston,14.0,28.68187713623047,14.681877136230469,0.22508169818315693,57.13867257427778
2026-01-18,2026-02-01,2,Fenway,11.899999618530273,18.746095657348633,6.846096038818359,0.0,41.73229676705773
2026-01-18,2026-02-01,2,Hyde Park,11.5,30.86231231689453,19.36231231689453,0.0,62.100668876079894
2026-01-18,2026-02-01,2,Jamaica Plain,15.300000190734863,14.402804374694824,-0.8971958160400391,0.0,35.304871197529266
2026-01-18,2026-02-01,2,Mattapan,25.5,56.391082763671875,30.891082763671875,14.77280859644771,98.00935693089605
2026-01-18,2026-02-01,2,Roslindale,13.099998474121094,78.50904083251953,65.40904235839844,30.02805884983008,126.99002281520899
2026-01-18,2026-02-01,2,Roxbury,45.70000076293945,111.14529418945312,65.44529724121094,50.305429939784304,171.98515843912196
2026-01-18,2026-02-01,2,South Boston,10.600000381469727,28.599245071411133,17.999244689941406,0.0,57.43158016539898
2026-01-18,2026-02-01,2,South End,17.799999237060547,75.96345520019531,58.163455963134766,27.560921248377504,124.36598915201313
2026-01-18,2026-02-01,2,West Roxbury,11.0,33.91871643066406,22.918716430664062,2.9720479358466463,64.86538492548148
2026-01-25,2026-02-08,2,Allston/Brighton,15.600000381469727,22.835508346557617,7.235507965087891,0.0,50.80949270364246
2026-01-25,2026-02-08,2,Back Bay/Beacon Hill/Downtown/North End/West End,5.099999904632568,16.157371520996094,11.057371139526367,0.0,39.08941791185484
2026-01-25,2026-02-08,2,Charlestown,20.600000381469727,25.57976531982422,4.979764938354492,0.0,55.194547677817
2026-01-25,2026-02-08,2,Dorchester,63.70000076293945,64.37767791748047,0.6776771545410156,0.0,132.47251780417923
2026-01-25,2026-02-08,2,East Boston,6.199999809265137,22.004045486450195,15.804045677185059,0.0,48.18068273588658
2026-01-25,2026-02-08,2,Fenway,10.600000381469727,14.93358039855957,4.333580017089844,0.0,35.96432741600849
2026-01-25,2026-02-08,2,Hyde Park,11.5,15.337228775024414,3.837228775024414,0.0,43.837753943436304
2026-01-25,2026-02-08,2,Jamaica Plain,6.800000190734863,15.155097961425781,8.355097770690918,0.0,37.33201641828878
2026-01-25,2026-02-08,2,Mattapan,19.799999237060547,45.15940856933594,25.35940933227539,4.757216360111379,85.56160077856049
2026-01-25,2026-02-08,2,Roslindale,30.5,24.234420776367188,-6.2655792236328125,0.0,57.70535409335431
2026-01-25,2026-02-08,2,Roxbury,42.5,55.597965240478516,13.097965240478516,0.0,116.18819523855637
2026-01-25,2026-02-08,2,South Boston,10.600000381469727,15.556316375732422,4.956315994262695,0.0,38.97998848744797
2026-01-25,2026-02-08,2,South End,20.399999618530273,47.4568977355957,27.05689811706543,2.097609024728044,92.81618644646336
2026-01-25,2026-02-08,2,West Roxbury,22.0,23.434804916381836,1.434804916381836,0.0,50.44534483453529
2026-02-01,2026-02-15,2,Allston/Brighton,19.799999237060547,12.402962684631348,-7.397036552429199,0.0,34.07395338112726
2026-02-01,2026-02-15,2,Back Bay/Beacon Hill/Downtown/North End/West End,18.799999237060547,17.107030868530273,-1.6929683685302734,0.0,41.57820116943179
2026-02-01,2026-02-15,2,Charlestown,5.199999809265137,29.194772720336914,23.994773864746094,0.0,61.38876028697542
2026-02-01,2026-02-15,2,Dorchester,56.25,61.193538665771484,4.943538665771484,4.726743274433858,117.66033405710911
2026-02-01,2026-02-15,2,East Boston,12.5,18.69610023498535,6.196100234985352,0.0,42.825066603114166
2026-02-01,2026-02-15,2,Fenway,9.199999809265137,16.55121612548828,7.3512163162231445,0.0,38.94544648410972
2026-02-01,2026-02-15,2,Hyde Park,16.200000762939453,17.058116912841797,0.8581161499023438,0.0,45.40061103473026
2026-02-01,2026-02-15,2,Jamaica Plain,5.099999904632568,18.212932586669922,13.112932205200195,0.0,42.61400737083845
2026-02-01,2026-02-15,2,Mattapan,17.0,32.844627380371094,15.844627380371094,0.0,69.2548641443786
2026-02-01,2026-02-15,2,Roslindale,56.70000457763672,22.851905822753906,-33.84809875488281,0.0,57.79014390616874
2026-02-01,2026-02-15,2,Roxbury,39.20000076293945,51.74625015258789,12.546249389648438,0.0,106.3875772739004
2026-02-01,2026-02-15,2,South Boston,10.600000381469727,14.811849594116211,4.211849212646484,0.0,38.28323185404886
2026-02-01,2026-02-15,2,South End,17.799999237060547,23.60814666748047,5.808147430419922,0.0,58.05081156336706
2026-02-01,2026-02-15,2,West Roxbury,14.699999809265137,17.441905975341797,2.74190616607666,0.0,42.117893824469775
2026-02-08,2026-02-22,2,Allston/Brighton,12.699999809265137,20.24193572998047,7.541935920715332,0.0,46.46753599758837
2026-02-08,2026-02-22,2,Back Bay/Beacon Hill/Downtown/North End/West End,15.399999618530273,10.312431335449219,-5.087568283081055,0.0,30.151345019085845
2026-02-08,2026-02-22,2,Charlestown,25.799999237060547,29.230348587036133,3.430349349975586,0.0,60.835460272903475
2026-02-08,2026-02-22,2,Dorchester,43.94999694824219,77.84724426269531,33.897247314453125,10.791960247197466,144.90252827819316
2026-02-08,2026-02-22,2,East Boston,4.700000286102295,11.188348770141602,6.488348484039307,0.0,30.737980718202465
2026-02-08,2026-02-22,2,Fenway,15.800000190734863,15.111270904541016,-0.6887292861938477,0.0,36.282923219247486
2026-02-08,2026-02-22,2,Hyde Park,13.800000190734863,17.636117935180664,3.836117744445801,0.0,44.68483451373054
2026-02-08,2026-02-22,2,Jamaica Plain,5.099999904632568,9.875561714172363,4.775561809539795,0.0,29.23590199062823
2026-02-08,2026-02-22,2,Mattapan,8.5,28.32900619506836,19.82900619506836,0.0,62.15589489383851
2026-02-08,2026-02-22,2,Roslindale,4.399999618530273,39.581722259521484,35.181724548339844,0.0,79.20861393560378
2026-02-08,2026-02-22,2,Roxbury,32.70000076293945,56.24070358276367,23.54070281982422,0.0,115.9615987963874
2026-02-08,2026-02-22,2,South Boston,14.800000190734863,14.851109504699707,0.05110931396484375,0.0,37.42289318508634
2026-02-08,2026-02-22,2,South End,17.799999237060547,29.160175323486328,11.360176086425781,0.0,66.84605305511317
2026-02-08,2026-02-22,2,West Roxbury,7.299999713897705,29.83056640625,22.530567169189453,0.0,60.61107808514838
2026-02-15,2026-03-01,2,Allston/Brighton,15.600000381469727,18.403602600097656,2.8036022186279297,0.0,42.527172169674174
2026-02-15,2026-03-01,2,Back Bay/Beacon Hill/Downtown/North End/West End,18.799999237060547,19.4467830657959,0.6467838287353516,0.0,43.68120358142425
2026-02-15,2026-03-01,2,Charlestown,5.199999809265137,7.912466049194336,2.712466239929199,0.0,27.993692498920122
2026-02-15,2026-03-01,2,Dorchester,53.25,51.015953063964844,-2.2340469360351562,0.0,105.82336843484637
2026-02-15,2026-03-01,2,East Boston,10.899999618530273,14.569533348083496,3.6695337295532227,0.0,36.649812871836275
2026-02-15,2026-03-01,2,Fenway,9.199999809265137,10.177868843078613,0.9778690338134766,0.0,27.816527688501267
2026-02-15,2026-03-01,2,Hyde Park,23.100000381469727,13.654099464416504,-9.445900917053223,0.0,35.99720144689638
2026-02-15,2026-03-01,2,Jamaica Plain,13.600000381469727,3.2010183334350586,-10.398982048034668,0.0,14.939722736548267
2026-02-15,2026-03-01,2,Mattapan,14.100000381469727,15.447591781616211,1.3475914001464844,0.0,41.54250824022136
2026-02-15,2026-03-01,2,Roslindale,21.799999237060547,54.68889236450195,32.888893127441406,11.591880278669976,97.78590445033393
2026-02-15,2026-03-01,2,Roxbury,39.20000076293945,34.34207534790039,-4.8579254150390625,0.0,79.80296255551299
2026-02-15,2026-03-01,2,South Boston,12.699999809265137,9.825516700744629,-2.874483108520508,0.0,28.253653395962566
2026-02-15,2026-03-01,2,South End,38.20000076293945,15.757331848144531,-22.442668914794922,0.0,43.50033565207912
2026-02-15,2026-03-01,2,West Roxbury,14.699999809265137,15.926422119140625,1.2264223098754883,0.0,38.93509730782715
2026-02-22,2026-03-08,2,Allston/Brighton,19.799999237060547,22.431720733642578,2.6317214965820312,0.0,48.14787160248423
2026-02-22,2026-03-08,2,Back Bay/Beacon Hill/Downtown/North End/West End,15.399999618530273,25.023386001586914,9.62338638305664,0.0,51.88577314377866
2026-02-22,2026-03-08,2,Charlestown,,42.47309875488281,,7.585789205319259,77.36040830444637
2026-02-22,2026-03-08,2,Dorchester,57.45000076293945,80.13105773925781,22.68105697631836,19.421567980883736,140.8405474976319
2026-02-22,2026-03-08,2,East Boston,18.700000762939453,15.044702529907227,-3.6552982330322266,0.0,36.20375749266269
2026-02-22,2026-03-08,2,Fenway,9.199999809265137,22.701438903808594,13.501439094543457,0.0,47.88096071936346
2026-02-22,2026-03-08,2,Hyde Park,13.800000190734863,28.740375518798828,14.940375328063965,0.0,58.959620803651646
2026-02-22,2026-03-08,2,Jamaica Plain,10.199999809265137,13.220942497253418,3.0209426879882812,0.0,33.45366468163669
2026-02-22,2026-03-08,2,Mattapan,22.600000381469727,28.922922134399414,6.3229217529296875,0.0,60.255037747953104
2026-02-22,2026-03-08,2,Roslindale,34.900001525878906,27.492277145385742,-7.407724380493164,0.0,59.54062696956207
2026-02-22,2026-03-08,2,Roxbury,35.900001525878906,68.09603881835938,32.19603729248047,11.992502001528237,124.19957563519051
2026-02-22,2026-03-08,2,South Boston,19.0,25.039011001586914,6.039011001586914,0.0,52.5012338400381
2026-02-22,2026-03-08,2,South End,33.099998474121094,39.0858268737793,5.985828399658203,2.2831761397411228,75.88847760781746
2026-02-22,2026-03-08,2,West Roxbury,11.0,20.011884689331055,9.011884689331055,0.0,44.25473942851002
2026-03-01,2026-03-15,2,Allston/Brighton,34.0,32.47724914550781,-1.5227508544921875,2.563892681151021,62.39060560986461
2026-03-01,2026-03-15,2,Back Bay/Beacon Hill/Downtown/North End/West End,18.799999237060547,34.043060302734375,15.243061065673828,3.5227539221365163,64.56336668333223
2026-03-01,2026-03-15,2,Charlestown,15.5,29.348966598510742,13.848966598510742,0.7767455403486601,57.92118765667283
2026-03-01,2026-03-15,2,Dorchester,73.6500015258789,119.03857421875,45.388572692871094,58.80455981253028,179.27258862496973
2026-03-01,2026-03-15,2,East Boston,14.0,25.326065063476562,11.326065063476562,0.0,51.769595767376366
2026-03-01,2026-03-15,2,Fenway,6.599999904632568,18.955461502075195,12.355461120605469,0.0,41.80453661451611
2026-03-01,2026-03-15,2,Hyde Park,13.799999237060547,49.018558502197266,35.21855926513672,12.097192026348047,85.93992497804649
2026-03-01,2026-03-15,2,Jamaica Plain,15.300000190734863,26.947988510131836,11.647988319396973,0.0,54.19106842399708
2026-03-01,2026-03-15,2,Mattapan,14.100000381469727,44.66973114013672,30.569730758666992,9.174351041912068,80.16511123836136
2026-03-01,2026-03-15,2,Roslindale,30.5,56.55828094482422,26.05828094482422,16.701497074563534,96.4150648150849
2026-03-01,2026-03-15,2,Roxbury,71.80000305175781,99.60604858398438,27.806045532226562,44.88404033056739,154.32805683740136
2026-03-01,2026-03-15,2,South Boston,12.699999809265137,28.334617614746094,15.634617805480957,0.33144051671794017,56.33779471277425
2026-03-01,2026-03-15,2,South End,33.099998474121094,72.44229125976562,39.34229278564453,27.120924426075653,117.7636580934556
2026-03-01,2026-03-15,2,West Roxbury,18.299999237060547,33.247501373291016,14.947502136230469,3.0550379350862578,63.43996481149577
2026-03-08,2026-03-22,2,Allston/Brighton,24.100000381469727,43.07001876831055,18.97001838684082,8.98329003442889,77.1567475021922
2026-03-08,2026-03-22,2,Back Bay/Beacon Hill/Downtown/North End/West End,15.399999618530273,35.819847106933594,20.41984748840332,4.69755925084484,66.94213496302234
2026-03-08,2026-03-22,2,Charlestown,10.300000190734863,36.407325744628906,26.10732650756836,5.033847328018073,67.78080416123974
2026-03-08,2026-03-22,2,Dorchester,71.05000305175781,153.10043334960938,82.05043029785156,89.09155186884645,217.10931483037228
2026-03-08,2026-03-22,2,East Boston,1.5999994277954102,37.56883239746094,35.968833923339844,5.706860658953801,69.43080413596807
2026-03-08,2026-03-22,2,Fenway,7.900000095367432,22.26632308959961,14.366323471069336,0.0,46.90605021129926
2026-03-08,2026-03-22,2,Hyde Park,20.799999237060547,48.764015197753906,27.96401596069336,12.516045466250496,85.01198492925732
2026-03-08,2026-03-22,2,Jamaica Plain,10.199999809265137,29.113872528076172,18.91387176513672,1.0119655150505267,57.21577954110182
2026-03-08,2026-03-22,2,Mattapan,28.299999237060547,63.7669792175293,35.46697998046875,22.3676878888594,105.1662705461992
2026-03-08,2026-03-22,2,Roslindale,34.900001525878906,82.87848663330078,47.978485107421875,35.72464498476315,130.0323282818384
2026-03-08,2026-03-22,2,Roxbury,55.5,125.06904602050781,69.56904602050781,67.19829480131978,182.93979723969585
2026-03-08,2026-03-22,2,South Boston,16.899999618530273,41.26921844482422,24.369218826293945,7.894532393445516,74.64390449620292
2026-03-08,2026-03-22,2,South End,22.899999618530273,83.27197265625,60.371971130371094,36.0065293413977,130.5374159711023
2026-03-08,2026-03-22,2,West Roxbury,,34.44180679321289,,3.9163890734416107,64.96722451298417
2026-03-15,2026-03-29,2,Allston/Brighton,17.0,62.03689956665039,45.03689956665039,21.154718154063808,102.91908097923698
2026-03-15,2026-03-29,2,Back Bay/Beacon Hill/Downtown/North End/West End,12.0,43.20726013183594,31.207260131835938,9.000157682281525,77.41436258139035
2026-03-15,2026-03-29,2,Charlestown,,52.76163101196289,,14.989251088386169,90.53401093553961
2026-03-15,2026-03-29,2,Dorchester,67.5999984741211,187.97967529296875,120.37967681884766,116.42717842337626,259.5321721625612
2026-03-15,2026-03-29,2,East Boston,17.200000762939453,36.3182487487793,19.118247985839844,4.9219639019187404,67.71453359563985
2026-03-15,2026-03-29,2,Fenway,7.900000095367432,22.00006675720215,14.100067138671875,0.0,46.53436124593324
2026-03-15,2026-03-29,2,Hyde Park,30.0,55.5293083190918,25.529308319091797,16.73528093266973,94.32333570551387
2026-03-15,2026-03-29,2,Jamaica Plain,11.899999618530273,37.9024772644043,26.002477645874023,5.836022043947693,69.9689324848609
2026-03-15,2026-03-29,2,Mattapan,11.300000190734863,62.5762939453125,51.27629470825195,21.28364847190685,103.86893941871816
2026-03-15,2026-03-29,2,Roslindale,34.900001525878906,87.64990234375,52.749900817871094,38.90655197174259,136.3932527157574
2026-03-15,2026-03-29,2,Roxbury,42.5,178.50714111328125,136.00714111328125,108.77158606532726,248.24269616123524
2026-03-15,2026-03-29,2,South Boston,10.600000381469727,39.189212799072266,28.58921241760254,6.5734397780567235,71.80498582008781
2026-03-15,2026-03-29,2,South End,30.5,93.41974639892578,62.91974639892578,43.16473149964493,143.67476129820665
2026-03-15,2026-03-29,2,West Roxbury,11.0,45.94644546508789,34.94644546508789,10.663081496453565,81.22980943372221
2026-03-22,2026-04-05,2,Allston/Brighton,17.0,51.98100280761719,34.98100280761719,14.494703009767576,89.4673026054668
2026-03-22,2026-04-05,2,Back Bay/Beacon Hill/Downtown/North End/West End,8.600000381469727,39.67961502075195,31.079614639282227,6.872401187722517,72.48682885378139
2026-03-22,2026-04-05,2,Charlestown,15.5,47.323970794677734,31.823970794677734,11.479570543725472,83.16837104563
2026-03-22,2026-04-05,2,Dorchester,50.849998474121094,187.26121520996094,136.41122436523438,116.32604006212145,258.1963903578004
2026-03-22,2026-04-05,2,East Boston,6.199999809265137,24.160850524902344,17.96084976196289,0.0,49.86846973068541
2026-03-22,2026-04-05,2,Fenway,9.199999809265137,23.41952896118164,14.219529151916504,0.0,48.70580314852798
2026-03-22,2026-04-05,2,Hyde Park,11.5,62.9235725402832,51.4235725402832,21.70235122094042,104.14479385962599
2026-03-22,2026-04-05,2,Jamaica Plain,5.099999904632568,33.01740264892578,27.917402267456055,3.0772075382916597,62.9575977595599
2026-03-22,2026-04-05,2,Mattapan,17.0,77.82601165771484,60.826011657714844,32.004199813872496,123.64782350155718
2026-03-22,2026-04-05,2,Roslindale,30.5,92.755859375,62.255859375,42.72546450949051,142.7862542405095
2026-03-22,2026-04-05,2,Roxbury,58.79999923706055,162.7583465576172,103.95834350585938,96.31404445422235,229.202648661012
2026-03-22,2026-04-05,2,South Boston,4.19999885559082,43.702842712402344,39.502845764160156,9.31721799680934,78.08846742799534
2026-03-22,2026-04-05,2,South End,15.300000190734863,83.43356323242188,68.13356018066406,35.91879602296535,130.9483304418784
2026-03-22,2026-04-05,2,West Roxbury,7.299999713897705,46.02775955200195,38.727760314941406,10.697179434126795,81.35833966987711
2026-03-29,2026-04-12,2,Allston/Brighton,11.300000190734863,42.828155517578125,31.528156280517578,8.780037128856726,76.87627390629953
2026-03-29,2026-04-12,2,Back Bay/Beacon Hill/Downtown/North End/West End,10.300000190734863,34.4807243347168,24.18072509765625,3.8960174564971126,65.06543121293649
2026-03-29,2026-04-12,2,Charlestown,20.600000381469727,45.07547378540039,24.475473403930664,10.138828726195179,80.0121188446056
2026-03-29,2026-04-12,2,Dorchester,45.099998474121094,177.99478149414062,132.894775390625,108.34188688476341,247.64767610351782
2026-03-29,2026-04-12,2,East Boston,14.0,38.150238037109375,24.150238037109375,6.005667751116363,70.29480832310239
2026-03-29,2026-04-12,2,Fenway,1.3000001907348633,22.169231414794922,20.869232177734375,0.0,46.76878148453198
2026-03-29,2026-04-12,2,Hyde Park,13.799999237060547,70.1491470336914,56.34914779663086,26.60952962177346,113.68876444560935
2026-03-29,2026-04-12,2,Jamaica Plain,10.199999809265137,33.301700592041016,23.101699829101562,3.2216210752712513,63.38178010881078
2026-03-29,2026-04-12,2,Mattapan,11.300000190734863,58.09925842285156,46.799259185791016,18.36680937741371,97.83170746828941
2026-03-29,2026-04-12,2,Roslindale,,88.76530456542969,,39.769748582851186,137.7608605480082
2026-03-29,2026-04-12,2,Roxbury,32.70000076293945,144.44215393066406,111.74215698242188,81.73690470051058,207.14740316081753
2026-03-29,2026-04-12,2,South Boston,12.699999809265137,35.689727783203125,22.989727020263672,4.56847538957539,66.81098017683087
2026-03-29,2026-04-12,2,South End,28.0,87.51274108886719,59.51274108886719,38.896487167571266,136.12899501016312
2026-03-29,2026-04-12,2,West Roxbury,14.699999809265137,36.8433723449707,22.14337158203125,5.233331454946757,68.45341323499466
2026-04-05,2026-04-19,2,Allston/Brighton,15.600000381469727,41.324649810791016,25.72464942932129,7.909434857511393,74.73986476407063
2026-04-05,2026-04-19,2,Back Bay/Beacon Hill/Downtown/North End/West End,3.3999996185302734,29.504846572875977,26.104846954345703,1.2063031936403448,57.80338995211161
2026-04-05,2026-04-19,2,Charlestown,,48.33189010620117,,12.209268530565147,84.4545116818372
2026-04-05,2026-04-19,2,Dorchester,28.19999885559082,152.45985412597656,124.25985717773438,88.25803996704238,216.66166828491075
2026-04-05,2026-04-19,2,East Boston,6.199999809265137,26.02819061279297,19.828189849853516,0.0,52.6434101028623
2026-04-05,2026-04-19,2,Fenway,2.5999999046325684,22.6580753326416,20.058074951171875,0.0,47.517167223497054
2026-04-05,2026-04-19,2,Hyde Park,11.5,49.117977142333984,37.617977142333984,12.672029883638615,85.56392440102935
2026-04-05,2026-04-19,2,Jamaica Plain,10.199999809265137,25.175451278686523,14.975451469421387,0.0,51.36528793780366
2026-04-05,2026-04-19,2,Mattapan,5.69999885559082,60.8188591003418,55.118858337402344,20.29472940515206,101.34298879553154
2026-04-05,2026-04-19,2,Roslindale,17.5,81.71021270751953,64.21021270751953,34.76445447992967,128.6559709351094
2026-04-05,2026-04-19,2,Roxbury,26.100000381469727,153.0731964111328,126.97319793701172,88.82078362832335,217.32560919394228
2026-04-05,2026-04-19,2,South Boston,6.300000190734863,27.370098114013672,21.070098876953125,0.08248014284074401,54.6577160851866
2026-04-05,2026-04-19,2,South End,22.899999618530273,67.67076110839844,44.77075958251953,24.945019028762317,110.39650318803456
2026-04-05,2026-04-19,2,West Roxbury,3.6999998092651367,32.127864837646484,28.42786407470703,2.6003088562566674,61.6554208190363
2026-04-12,2026-04-26,2,Allston/Brighton,7.099999904632568,34.80784225463867,27.707841873168945,4.106974941967472,65.50870956730986
2026-04-12,2026-04-26,2,Back Bay/Beacon Hill/Downtown/North End/West End,10.300000190734863,30.227949142456055,19.927947998046875,1.5875846740217057,58.868313610890404
2026-04-12,2026-04-26,2,Charlestown,5.199999809265137,52.39801788330078,47.19801712036133,14.812178922458578,89.98385684414299
2026-04-12,2026-04-26,2,Dorchester,25.450000762939453,142.31349182128906,116.86349487304688,80.30981303452938,204.31717060804874
2026-04-12,2026-04-26,2,East Boston,9.399999618530273,33.2628288269043,23.862829208374023,3.2447554143631727,63.280902239445425
2026-04-12,2026-04-26,2,Fenway,4.0,14.2194185256958,10.2194185256958,0.0,34.03785430560164
2026-04-12,2026-04-26,2,Hyde Park,13.800000190734863,49.59360885620117,35.793609619140625,12.979462315006337,86.207755397396
2026-04-12,2026-04-26,2,Jamaica Plain,8.5,29.49639892578125,20.99639892578125,1.197398724010256,57.795399127552244
2026-04-12,2026-04-26,2,Mattapan,11.300000190734863,53.63260269165039,42.332603454589844,15.575862764398984,91.6893426189018
2026-04-12,2026-04-26,2,Roslindale,21.799999237060547,80.20867919921875,58.4086799621582,33.74940803928474,126.66795035915277
2026-04-12,2026-04-26,2,Roxbury,32.70000076293945,122.95155334472656,90.25155639648438,65.33662638520246,180.56648030425066
2026-04-12,2026-04-26,2,South Boston,,35.1573371887207,,4.3060810004378105,66.00859337700359
2026-04-12,2026-04-26,2,South End,7.600000381469727,78.48285675048828,70.88285827636719,32.533908163647496,124.43180533732907
2026-04-12,2026-04-26,2,West Roxbury,11.0,38.83144760131836,27.83144760131836,6.430669243018791,71.23222595961792
2026-04-19,2026-05-03,2,Allston/Brighton,4.199999809265137,38.48783493041992,34.28783416748047,6.2099751270838155,70.76569473375602
2026-04-19,2026-05-03,2,Back Bay/Beacon Hill/Downtown/North End/West End,10.300000190734863,23.081836700439453,12.78183650970459,0.0,48.195193112369495
2026-04-19,2026-05-03,2,Charlestown,20.600000381469727,52.719215393066406,32.11921691894531,15.00694440751753,90.43148637861529
2026-04-19,2026-05-03,2,Dorchester,30.650001525878906,122.45873260498047,91.80873107910156,64.75269997495484,180.1647652350061
2026-04-19,2026-05-03,2,East Boston,6.199999809265137,25.206073760986328,19.006072998046875,0.0,51.40977378293316
2026-04-19,2026-05-03,2,Fenway,1.3000001907348633,15.100366592407227,13.800366401672363,0.0,35.51509378814583
2026-04-19,2026-05-03,2,Hyde Park,13.800000190734863,46.64503860473633,32.84503936767578,11.099225124467814,82.19085208500485
2026-04-19,2026-05-03,2,Jamaica Plain,5.099999904632568,28.808692932128906,23.70869255065918,0.8190314952625606,56.79835436899525
2026-04-19,2026-05-03,2,Mattapan,11.300000190734863,46.65007019042969,35.35007095336914,11.081156590336072,82.21898379052331
2026-04-19,2026-05-03,2,Roslindale,30.5,65.47949981689453,34.97949981689453,23.413899896961468,107.5450997368276
2026-04-19,2026-05-03,2,Roxbury,22.89999771118164,112.7863540649414,89.8863525390625,57.38919773258178,168.18351039730103
2026-04-19,2026-05-03,2,South Boston,4.199999809265137,27.887916564941406,23.687915802001953,0.32104416696345695,55.45478896291935
2026-04-19,2026-05-03,2,South End,10.19999885559082,71.29415130615234,61.094154357910156,27.39980076561202,115.18850184669267
2026-04-19,2026-05-03,2,West Roxbury,,26.997055053710938,,0.0,54.103319254711025
