model,variant,horizon,indicator,season,level,label,threshold,n_weeks,onset_actual,onset_pred,onset_error_weeks,lead_time_weeks,first_alert_week,peak_week_actual,peak_week_pred,peak_week_error_weeks,peak_actual,peak_pred,peak_error,series
arima,post_covid,4,ALMIRANTE BROWN,2024-25,0.5,IT50,45.51198712694632,13,,,,,,2024-12-01,2024-11-03,-4.0,20.860869966673903,33.376094276607105,12.515224309933203,arima
arima,post_covid,4,ALMIRANTE BROWN,2024-25,0.9,IT90,59.3327355509796,13,,,,,,2024-12-01,2024-11-03,-4.0,20.860869966673903,33.376094276607105,12.515224309933203,arima
arima,post_covid,4,ALMIRANTE BROWN,2024-25,0.98,IT98,70.30154029606965,13,,,,,,2024-12-01,2024-11-03,-4.0,20.860869966673903,33.376094276607105,12.515224309933203,arima
arima,post_covid,4,ALMIRANTE BROWN,2025-26,0.5,IT50,45.51198712694632,40,,,,,,2025-06-08,2025-07-06,4.0,41.550749195916055,34.51088761975575,-7.039861576160305,arima
arima,post_covid,4,ALMIRANTE BROWN,2025-26,0.9,IT90,59.3327355509796,40,,,,,,2025-06-08,2025-07-06,4.0,41.550749195916055,34.51088761975575,-7.039861576160305,arima
arima,post_covid,4,ALMIRANTE BROWN,2025-26,0.98,IT98,70.30154029606965,40,,,,,,2025-06-08,2025-07-06,4.0,41.550749195916055,34.51088761975575,-7.039861576160305,arima
arima,post_covid,4,AVELLANEDA,2024-25,0.5,IT50,245.84106655843968,13,,,,,,2024-11-24,2024-11-03,-3.0,130.04891798211963,170.20751428317277,40.15859630105314,arima
arima,post_covid,4,AVELLANEDA,2024-25,0.9,IT90,374.7741671132419,13,,,,,,2024-11-24,2024-11-03,-3.0,130.04891798211963,170.20751428317277,40.15859630105314,arima
arima,post_covid,4,AVELLANEDA,2024-25,0.98,IT98,490.7992503428019,13,,,,,,2024-11-24,2024-11-03,-3.0,130.04891798211963,170.20751428317277,40.15859630105314,arima
arima,post_covid,4,AVELLANEDA,2025-26,0.5,IT50,245.84106655843968,40,2025-05-25,,,,,2025-06-01,2025-06-29,4.0,323.7619506249422,240.73624018621751,-83.02571043872467,arima
arima,post_covid,4,AVELLANEDA,2025-26,0.9,IT90,374.7741671132419,40,,,,,,2025-06-01,2025-06-29,4.0,323.7619506249422,240.73624018621751,-83.02571043872467,arima
arima,post_covid,4,AVELLANEDA,2025-26,0.98,IT98,490.7992503428019,40,,,,,,2025-06-01,2025-06-29,4.0,323.7619506249422,240.73624018621751,-83.02571043872467,arima
arima,post_covid,4,EZEIZA,2024-25,0.5,IT50,139.80229436412165,13,,,,,,2024-11-03,2024-11-03,0.0,44.6625742515297,84.36309033962348,39.700516088093785,arima
arima,post_covid,4,EZEIZA,2024-25,0.9,IT90,180.23131160603506,13,,,,,,2024-11-03,2024-11-03,0.0,44.6625742515297,84.36309033962348,39.700516088093785,arima
arima,post_covid,4,EZEIZA,2024-25,0.98,IT98,212.02965427114694,13,,,,,,2024-11-03,2024-11-03,0.0,44.6625742515297,84.36309033962348,39.700516088093785,arima
arima,post_covid,4,EZEIZA,2025-26,0.5,IT50,139.80229436412165,40,2025-05-25,,,,,2025-06-08,2025-02-02,-18.0,186.09405938137377,84.36309033962348,-101.73096904175028,arima
arima,post_covid,4,EZEIZA,2025-26,0.9,IT90,180.23131160603506,40,2025-06-08,,,,,2025-06-08,2025-02-02,-18.0,186.09405938137377,84.36309033962348,-101.73096904175028,arima
arima,post_covid,4,EZEIZA,2025-26,0.98,IT98,212.02965427114694,40,,,,,,2025-06-08,2025-02-02,-18.0,186.09405938137377,84.36309033962348,-101.73096904175028,arima
arima,post_covid,4,FLORENCIO VARELA,2024-25,0.5,IT50,92.52865090835965,13,,,,,,2024-11-10,2024-11-03,-1.0,47.539144255116,46.1000750632257,-1.4390691918902974,arima
arima,post_covid,4,FLORENCIO VARELA,2024-25,0.9,IT90,129.20404508235538,13,,,,,,2024-11-10,2024-11-03,-1.0,47.539144255116,46.1000750632257,-1.4390691918902974,arima
arima,post_covid,4,FLORENCIO VARELA,2024-25,0.98,IT98,159.96645580277627,13,,,,,,2024-11-10,2024-11-03,-1.0,47.539144255116,46.1000750632257,-1.4390691918902974,arima
arima,post_covid,4,FLORENCIO VARELA,2025-26,0.5,IT50,92.52865090835965,40,2025-05-25,,,,,2025-06-08,2025-02-02,-18.0,146.4447367519887,46.1000750632257,-100.344661688763,arima
arima,post_covid,4,FLORENCIO VARELA,2025-26,0.9,IT90,129.20404508235538,40,2025-06-08,,,,,2025-06-08,2025-02-02,-18.0,146.4447367519887,46.1000750632257,-100.344661688763,arima
arima,post_covid,4,FLORENCIO VARELA,2025-26,0.98,IT98,159.96645580277627,40,,,,,,2025-06-08,2025-02-02,-18.0,146.4447367519887,46.1000750632257,-100.344661688763,arima
arima,post_covid,4,GENERAL SAN MARTÍN,2024-25,0.5,IT50,77.94711365203958,13,,,,,,2024-11-17,2024-11-03,-2.0,38.622208213656286,46.2021621866804,7.579953973024111,arima
arima,post_covid,4,GENERAL SAN MARTÍN,2024-25,0.9,IT90,119.50868958439348,13,,,,,,2024-11-17,2024-11-03,-2.0,38.622208213656286,46.2021621866804,7.579953973024111,arima
arima,post_covid,4,GENERAL SAN MARTÍN,2024-25,0.98,IT98,157.08069982681235,13,,,,,,2024-11-17,2024-11-03,-2.0,38.622208213656286,46.2021621866804,7.579953973024111,arima
arima,post_covid,4,GENERAL SAN MARTÍN,2025-26,0.5,IT50,77.94711365203958,40,2025-05-18,,,,,2025-06-01,2025-06-29,4.0,98.99715438672816,72.5765720378484,-26.420582348879762,arima
arima,post_covid,4,GENERAL SAN MARTÍN,2025-26,0.9,IT90,119.50868958439348,40,,,,,,2025-06-01,2025-06-29,4.0,98.99715438672816,72.5765720378484,-26.420582348879762,arima
arima,post_covid,4,GENERAL SAN MARTÍN,2025-26,0.98,IT98,157.08069982681235,40,,,,,,2025-06-01,2025-06-29,4.0,98.99715438672816,72.5765720378484,-26.420582348879762,arima
arima,post_covid,4,JOSÉ C. PAZ,2024-25,0.5,IT50,222.17859568980776,13,,2024-11-03,,,2024-11-03,2024-11-03,2024-11-03,0.0,178.59764153251456,273.7222654253664,95.12462389285184,arima
arima,post_covid,4,JOSÉ C. PAZ,2024-25,0.9,IT90,355.8888420506266,13,,,,,,2024-11-03,2024-11-03,0.0,178.59764153251456,273.7222654253664,95.12462389285184,arima
arima,post_covid,4,JOSÉ C. PAZ,2024-25,0.98,IT98,481.06046989083103,13,,,,,,2024-11-03,2024-11-03,0.0,178.59764153251456,273.7222654253664,95.12462389285184,arima
arima,post_covid,4,JOSÉ C. PAZ,2025-26,0.5,IT50,222.17859568980776,40,2025-03-16,2025-04-13,4.0,-4.0,2025-04-13,2025-05-25,2025-07-06,6.0,740.690903752997,671.9290521504624,-68.76185160253453,arima
arima,post_covid,4,JOSÉ C. PAZ,2025-26,0.9,IT90,355.8888420506266,40,2025-05-04,2025-06-08,5.0,-5.0,2025-06-08,2025-05-25,2025-07-06,6.0,740.690903752997,671.9290521504624,-68.76185160253453,arima
arima,post_covid,4,JOSÉ C. PAZ,2025-26,0.98,IT98,481.06046989083103,40,2025-05-25,2025-06-22,4.0,-4.0,2025-06-22,2025-05-25,2025-07-06,6.0,740.690903752997,671.9290521504624,-68.76185160253453,arima
arima,post_covid,4,LA MATANZA,2024-25,0.5,IT50,24.512107570850826,13,,,,,,2024-11-10,2024-11-03,-1.0,16.401927606670913,18.08953314876305,1.687605542092136,arima
arima,post_covid,4,LA MATANZA,2024-25,0.9,IT90,49.0533041651205,13,,,,,,2024-11-10,2024-11-03,-1.0,16.401927606670913,18.08953314876305,1.687605542092136,arima
arima,post_covid,4,LA MATANZA,2024-25,0.98,IT98,76.45298521130762,13,,,,,,2024-11-10,2024-11-03,-1.0,16.401927606670913,18.08953314876305,1.687605542092136,arima
arima,post_covid,4,LA MATANZA,2025-26,0.5,IT50,24.512107570850826,40,2025-03-16,2025-05-25,10.0,-10.0,2025-05-25,2025-06-01,2025-06-29,4.0,53.170487175267624,43.94026656820646,-9.230220607061163,arima
arima,post_covid,4,LA MATANZA,2025-26,0.9,IT90,49.0533041651205,40,2025-06-01,,,,,2025-06-01,2025-06-29,4.0,53.170487175267624,43.94026656820646,-9.230220607061163,arima
arima,post_covid,4,LA MATANZA,2025-26,0.98,IT98,76.45298521130762,40,,,,,,2025-06-01,2025-06-29,4.0,53.170487175267624,43.94026656820646,-9.230220607061163,arima
arima,post_covid,4,LANÚS,2024-25,0.5,IT50,132.6029855198303,13,,,,,,2024-11-03,2024-12-15,6.0,51.81380848835923,56.49100484275913,4.6771963543999036,arima
arima,post_covid,4,LANÚS,2024-25,0.9,IT90,190.48996986250967,13,,,,,,2024-11-03,2024-12-15,6.0,51.81380848835923,56.49100484275913,4.6771963543999036,arima
arima,post_covid,4,LANÚS,2024-25,0.98,IT98,240.1624128185746,13,,,,,,2024-11-03,2024-12-15,6.0,51.81380848835923,56.49100484275913,4.6771963543999036,arima
arima,post_covid,4,LANÚS,2025-26,0.5,IT50,132.6029855198303,40,2025-05-25,2025-06-22,4.0,-4.0,2025-06-22,2025-06-01,2025-06-29,4.0,171.48419462046925,197.0524527149622,25.568258094492933,arima
arima,post_covid,4,LANÚS,2025-26,0.9,IT90,190.48996986250967,40,,2025-06-29,,,2025-06-29,2025-06-01,2025-06-29,4.0,171.48419462046925,197.0524527149622,25.568258094492933,arima
arima,post_covid,4,LANÚS,2025-26,0.98,IT98,240.1624128185746,40,,,,,,2025-06-01,2025-06-29,4.0,171.48419462046925,197.0524527149622,25.568258094492933,arima
arima,post_covid,4,LOMAS DE ZAMORA,2024-25,0.5,IT50,8.281330480989212,10,,,,,,2024-11-10,2024-12-08,4.0,1.448267871625536,1.448267871625536,0.0,arima
arima,post_covid,4,LOMAS DE ZAMORA,2024-25,0.9,IT90,13.281987582112178,10,,,,,,2024-11-10,2024-12-08,4.0,1.448267871625536,1.448267871625536,0.0,arima
arima,post_covid,4,LOMAS DE ZAMORA,2024-25,0.98,IT98,17.968039817353144,10,,,,,,2024-11-10,2024-12-08,4.0,1.448267871625536,1.448267871625536,0.0,arima
arima,post_covid,4,LOMAS DE ZAMORA,2025-26,0.5,IT50,8.281330480989212,31,,,,,,2025-06-15,2025-07-13,4.0,1.5930946587880896,1.5930946587880896,0.0,arima
arima,post_covid,4,LOMAS DE ZAMORA,2025-26,0.9,IT90,13.281987582112178,31,,,,,,2025-06-15,2025-07-13,4.0,1.5930946587880896,1.5930946587880896,0.0,arima
arima,post_covid,4,LOMAS DE ZAMORA,2025-26,0.98,IT98,17.968039817353144,31,,,,,,2025-06-15,2025-07-13,4.0,1.5930946587880896,1.5930946587880896,0.0,arima
arima,post_covid,4,MALVINAS ARGENTINAS,2024-25,0.5,IT50,19.75908456675979,13,,,,,,2024-11-17,2024-11-17,0.0,9.125284452226284,8.52832333945894,-0.5969611127673442,arima
arima,post_covid,4,MALVINAS ARGENTINAS,2024-25,0.9,IT90,75.76432319476002,13,,,,,,2024-11-17,2024-11-17,0.0,9.125284452226284,8.52832333945894,-0.5969611127673442,arima
arima,post_covid,4,MALVINAS ARGENTINAS,2024-25,0.98,IT98,178.99536057166898,13,,,,,,2024-11-17,2024-11-17,0.0,9.125284452226284,8.52832333945894,-0.5969611127673442,arima
arima,post_covid,4,MALVINAS ARGENTINAS,2025-26,0.5,IT50,19.75908456675979,40,2025-04-27,2025-05-25,4.0,-4.0,2025-05-25,2025-06-08,2025-07-20,6.0,137.4495970616584,122.71655147529776,-14.733045586360646,arima
arima,post_covid,4,MALVINAS ARGENTINAS,2025-26,0.9,IT90,75.76432319476002,40,2025-04-27,2025-06-08,6.0,-6.0,2025-06-08,2025-06-08,2025-07-20,6.0,137.4495970616584,122.71655147529776,-14.733045586360646,arima
arima,post_covid,4,MALVINAS ARGENTINAS,2025-26,0.98,IT98,178.99536057166898,40,,,,,,2025-06-08,2025-07-20,6.0,137.4495970616584,122.71655147529776,-14.733045586360646,arima
arima,post_covid,4,MERLO,2024-25,0.5,IT50,93.32449393075508,13,,,,,,2024-12-15,2025-01-12,4.0,23.86323448117208,27.979205847000294,4.115971365828216,arima
arima,post_covid,4,MERLO,2024-25,0.9,IT90,164.5170716895135,13,,,,,,2024-12-15,2025-01-12,4.0,23.86323448117208,27.979205847000294,4.115971365828216,arima
arima,post_covid,4,MERLO,2024-25,0.98,IT98,236.4333757518645,13,,,,,,2024-12-15,2025-01-12,4.0,23.86323448117208,27.979205847000294,4.115971365828216,arima
arima,post_covid,4,MERLO,2025-26,0.5,IT50,93.32449393075508,40,,,,,,2025-06-15,2025-07-13,4.0,60.087281067699486,32.728800764364266,-27.35848030333522,arima
arima,post_covid,4,MERLO,2025-26,0.9,IT90,164.5170716895135,40,,,,,,2025-06-15,2025-07-13,4.0,60.087281067699486,32.728800764364266,-27.35848030333522,arima
arima,post_covid,4,MERLO,2025-26,0.98,IT98,236.4333757518645,40,,,,,,2025-06-15,2025-07-13,4.0,60.087281067699486,32.728800764364266,-27.35848030333522,arima
arima,post_covid,4,MORENO,2024-25,0.5,IT50,101.79720605127496,13,,,,,,2024-11-24,2024-11-10,-2.0,51.15914482720349,60.19466864397618,9.035523816772688,arima
arima,post_covid,4,MORENO,2024-25,0.9,IT90,214.46725243408844,13,,,,,,2024-11-24,2024-11-10,-2.0,51.15914482720349,60.19466864397618,9.035523816772688,arima
arima,post_covid,4,MORENO,2024-25,0.98,IT98,345.44262322711484,13,,,,,,2024-11-24,2024-11-10,-2.0,51.15914482720349,60.19466864397618,9.035523816772688,arima
arima,post_covid,4,MORENO,2025-26,0.5,IT50,101.79720605127496,40,2025-05-25,2025-06-29,5.0,-5.0,2025-06-29,2025-07-13,2025-08-10,4.0,197.0060627922141,164.5293408285288,-32.47672196368529,arima
arima,post_covid,4,MORENO,2025-26,0.9,IT90,214.46725243408844,40,,,,,,2025-07-13,2025-08-10,4.0,197.0060627922141,164.5293408285288,-32.47672196368529,arima
arima,post_covid,4,MORENO,2025-26,0.98,IT98,345.44262322711484,40,,,,,,2025-07-13,2025-08-10,4.0,197.0060627922141,164.5293408285288,-32.47672196368529,arima
arima,post_covid,4,MORÓN,2024-25,0.5,IT50,28.847000469649124,13,,,,,,2024-11-03,2024-12-01,4.0,24.45777712020243,20.003138438859366,-4.454638681343063,arima
arima,post_covid,4,MORÓN,2024-25,0.9,IT90,57.29975452086349,13,,,,,,2024-11-03,2024-12-01,4.0,24.45777712020243,20.003138438859366,-4.454638681343063,arima
arima,post_covid,4,MORÓN,2024-25,0.98,IT98,88.88106833465432,13,,,,,,2024-11-03,2024-12-01,4.0,24.45777712020243,20.003138438859366,-4.454638681343063,arima
arima,post_covid,4,MORÓN,2025-26,0.5,IT50,28.847000469649124,40,2025-05-25,2025-07-06,6.0,-6.0,2025-07-06,2025-06-08,2025-07-06,4.0,54.04866795699054,30.747471634009653,-23.30119632298089,arima
arima,post_covid,4,MORÓN,2025-26,0.9,IT90,57.29975452086349,40,,,,,,2025-06-08,2025-07-06,4.0,54.04866795699054,30.747471634009653,-23.30119632298089,arima
arima,post_covid,4,MORÓN,2025-26,0.98,IT98,88.88106833465432,40,,,,,,2025-06-08,2025-07-06,4.0,54.04866795699054,30.747471634009653,-23.30119632298089,arima
arima,post_covid,4,QUILMES,2024-25,0.5,IT50,46.34689792435932,13,,,,,,2024-11-24,2024-12-29,5.0,14.99863433487372,14.825151374441992,-0.17348296043172873,arima
arima,post_covid,4,QUILMES,2024-25,0.9,IT90,80.98262048145082,13,,,,,,2024-11-24,2024-12-29,5.0,14.99863433487372,14.825151374441992,-0.17348296043172873,arima
arima,post_covid,4,QUILMES,2024-25,0.98,IT98,115.72591322033615,13,,,,,,2024-11-24,2024-12-29,5.0,14.99863433487372,14.825151374441992,-0.17348296043172873,arima
arima,post_covid,4,QUILMES,2025-26,0.5,IT50,46.34689792435932,40,,,,,,2025-06-08,2025-07-06,4.0,39.62797071635056,38.93131445395866,-0.6966562623918975,arima
arima,post_covid,4,QUILMES,2025-26,0.9,IT90,80.98262048145082,40,,,,,,2025-06-08,2025-07-06,4.0,39.62797071635056,38.93131445395866,-0.6966562623918975,arima
arima,post_covid,4,QUILMES,2025-26,0.98,IT98,115.72591322033615,40,,,,,,2025-06-08,2025-07-06,4.0,39.62797071635056,38.93131445395866,-0.6966562623918975,arima
arima,post_covid,4,SAN ISIDRO,2024-25,0.5,IT50,31.02709117627285,13,,,,,,2024-12-15,2025-01-12,4.0,9.082285506690615,5.574462238975785,-3.50782326771483,arima
arima,post_covid,4,SAN ISIDRO,2024-25,0.9,IT90,61.06994953059092,13,,,,,,2024-12-15,2025-01-12,4.0,9.082285506690615,5.574462238975785,-3.50782326771483,arima
arima,post_covid,4,SAN ISIDRO,2024-25,0.98,IT98,94.17754601713678,13,,,,,,2024-12-15,2025-01-12,4.0,9.082285506690615,5.574462238975785,-3.50782326771483,arima
arima,post_covid,4,SAN ISIDRO,2025-26,0.5,IT50,31.02709117627285,37,,,,,,2025-03-30,2025-04-27,4.0,29.93790407760981,26.409905033221296,-3.5279990443885154,arima
arima,post_covid,4,SAN ISIDRO,2025-26,0.9,IT90,61.06994953059092,37,,,,,,2025-03-30,2025-04-27,4.0,29.93790407760981,26.409905033221296,-3.5279990443885154,arima
arima,post_covid,4,SAN ISIDRO,2025-26,0.98,IT98,94.17754601713678,37,,,,,,2025-03-30,2025-04-27,4.0,29.93790407760981,26.409905033221296,-3.5279990443885154,arima
arima,post_covid,4,SAN MIGUEL,2024-25,0.5,IT50,41.72536470891113,13,,,,,,2024-11-10,2024-12-15,5.0,21.89547949579576,22.905990366222746,1.0105108704269838,arima
arima,post_covid,4,SAN MIGUEL,2024-25,0.9,IT90,54.8832873966512,13,,,,,,2024-11-10,2024-12-15,5.0,21.89547949579576,22.905990366222746,1.0105108704269838,arima
arima,post_covid,4,SAN MIGUEL,2024-25,0.98,IT98,65.40139686030513,13,,,,,,2024-11-10,2024-12-15,5.0,21.89547949579576,22.905990366222746,1.0105108704269838,arima
arima,post_covid,4,SAN MIGUEL,2025-26,0.5,IT50,41.72536470891113,40,2025-05-18,2025-06-01,2.0,-2.0,2025-06-01,2025-07-27,2025-08-31,5.0,93.35989173901804,55.74265381294978,-37.617237926068256,arima
arima,post_covid,4,SAN MIGUEL,2025-26,0.9,IT90,54.8832873966512,40,2025-07-20,2025-08-31,6.0,-6.0,2025-08-31,2025-07-27,2025-08-31,5.0,93.35989173901804,55.74265381294978,-37.617237926068256,arima
arima,post_covid,4,SAN MIGUEL,2025-26,0.98,IT98,65.40139686030513,40,2025-07-27,,,,,2025-07-27,2025-08-31,5.0,93.35989173901804,55.74265381294978,-37.617237926068256,arima
arima,post_covid,4,TIGRE,2024-25,0.5,IT50,22.292181427607932,13,,,,,,2024-11-17,2024-11-10,-1.0,3.579826781131628,6.181575430028643,2.6017486488970154,arima
arima,post_covid,4,TIGRE,2024-25,0.9,IT90,51.59902428823632,13,,,,,,2024-11-17,2024-11-10,-1.0,3.579826781131628,6.181575430028643,2.6017486488970154,arima
arima,post_covid,4,TIGRE,2024-25,0.98,IT98,88.26651373174553,13,,,,,,2024-11-17,2024-11-10,-1.0,3.579826781131628,6.181575430028643,2.6017486488970154,arima
arima,post_covid,4,TIGRE,2025-26,0.5,IT50,22.292181427607932,40,2025-07-06,2025-07-13,1.0,-1.0,2025-07-13,2025-07-13,2025-08-10,4.0,40.72052963537227,45.056179024677895,4.3356493893056225,arima
arima,post_covid,4,TIGRE,2025-26,0.9,IT90,51.59902428823632,40,,,,,,2025-07-13,2025-08-10,4.0,40.72052963537227,45.056179024677895,4.3356493893056225,arima
arima,post_covid,4,TIGRE,2025-26,0.98,IT98,88.26651373174553,40,,,,,,2025-07-13,2025-08-10,4.0,40.72052963537227,45.056179024677895,4.3356493893056225,arima
arima,post_covid,4,TRES DE FEBRERO,2024-25,0.5,IT50,92.40050209783404,13,,,,,,2024-11-10,2024-11-24,2.0,49.97583585958438,53.98089930491848,4.005063445334102,arima
arima,post_covid,4,TRES DE FEBRERO,2024-25,0.9,IT90,150.5622822202344,13,,,,,,2024-11-10,2024-11-24,2.0,49.97583585958438,53.98089930491848,4.005063445334102,arima
arima,post_covid,4,TRES DE FEBRERO,2024-25,0.98,IT98,205.7567466717726,13,,,,,,2024-11-10,2024-11-24,2.0,49.97583585958438,53.98089930491848,4.005063445334102,arima
arima,post_covid,4,TRES DE FEBRERO,2025-26,0.5,IT50,92.40050209783404,40,2025-06-01,,,,,2025-06-01,2025-06-29,4.0,114.50507446948728,81.05212088478115,-33.45295358470614,arima
arima,post_covid,4,TRES DE FEBRERO,2025-26,0.9,IT90,150.5622822202344,40,,,,,,2025-06-01,2025-06-29,4.0,114.50507446948728,81.05212088478115,-33.45295358470614,arima
arima,post_covid,4,TRES DE FEBRERO,2025-26,0.98,IT98,205.7567466717726,40,,,,,,2025-06-01,2025-06-29,4.0,114.50507446948728,81.05212088478115,-33.45295358470614,arima
arima,post_covid,4,VICENTE LÓPEZ,2024-25,0.5,IT50,105.82113989675452,13,,,,,,2024-11-10,2024-12-08,4.0,15.233101884653536,31.312447437932637,16.0793455532791,arima
arima,post_covid,4,VICENTE LÓPEZ,2024-25,0.9,IT90,168.616011392644,13,,,,,,2024-11-10,2024-12-08,4.0,15.233101884653536,31.312447437932637,16.0793455532791,arima
arima,post_covid,4,VICENTE LÓPEZ,2024-25,0.98,IT98,227.1548194913809,13,,,,,,2024-11-10,2024-12-08,4.0,15.233101884653536,31.312447437932637,16.0793455532791,arima
arima,post_covid,4,VICENTE LÓPEZ,2025-26,0.5,IT50,105.82113989675452,40,2025-05-25,,,,,2025-05-25,2025-06-22,4.0,114.77965140994756,97.65990189957074,-17.11974951037682,arima
arima,post_covid,4,VICENTE LÓPEZ,2025-26,0.9,IT90,168.616011392644,40,,,,,,2025-05-25,2025-06-22,4.0,114.77965140994756,97.65990189957074,-17.11974951037682,arima
arima,post_covid,4,VICENTE LÓPEZ,2025-26,0.98,IT98,227.1548194913809,40,,,,,,2025-05-25,2025-06-22,4.0,114.77965140994756,97.65990189957074,-17.11974951037682,arima
arima,post_covid,4,CITYWIDE,2024-25,0.5,IT50,77.06642887231719,13,,,,,,2024-11-10,2024-11-03,-1.0,33.76782494046754,49.3223139671698,15.554489026702257,arima
arima,post_covid,4,CITYWIDE,2024-25,0.9,IT90,97.46007981062509,13,,,,,,2024-11-10,2024-11-03,-1.0,33.76782494046754,49.3223139671698,15.554489026702257,arima
arima,post_covid,4,CITYWIDE,2024-25,0.98,IT98,113.25281678189309,13,,,,,,2024-11-10,2024-11-03,-1.0,33.76782494046754,49.3223139671698,15.554489026702257,arima
arima,post_covid,4,CITYWIDE,2025-26,0.5,IT50,77.06642887231719,40,2025-05-18,2025-06-22,5.0,-5.0,2025-06-22,2025-06-08,2025-07-06,4.0,119.66687929898744,97.21737224180171,-22.449507057185727,arima
arima,post_covid,4,CITYWIDE,2025-26,0.9,IT90,97.46007981062509,40,2025-05-25,,,,,2025-06-08,2025-07-06,4.0,119.66687929898744,97.21737224180171,-22.449507057185727,arima
arima,post_covid,4,CITYWIDE,2025-26,0.98,IT98,113.25281678189309,40,2025-06-08,,,,,2025-06-08,2025-07-06,4.0,119.66687929898744,97.21737224180171,-22.449507057185727,arima
dualtopo,post_covid,4,ALMIRANTE BROWN,2024-25,0.5,IT50,45.51198712694632,13,,,,,,2024-12-01,2024-11-03,-4.0,20.860870361328125,18.441804885864254,-2.4190654754638707,dualtopo
dualtopo,post_covid,4,ALMIRANTE BROWN,2024-25,0.9,IT90,59.3327355509796,13,,,,,,2024-12-01,2024-11-03,-4.0,20.860870361328125,18.441804885864254,-2.4190654754638707,dualtopo
dualtopo,post_covid,4,ALMIRANTE BROWN,2024-25,0.98,IT98,70.30154029606965,13,,,,,,2024-12-01,2024-11-03,-4.0,20.860870361328125,18.441804885864254,-2.4190654754638707,dualtopo
dualtopo,post_covid,4,ALMIRANTE BROWN,2025-26,0.5,IT50,45.51198712694632,40,,,,,,2025-06-08,2025-05-25,-2.0,41.550750732421875,38.585933685302734,-2.9648170471191406,dualtopo
dualtopo,post_covid,4,ALMIRANTE BROWN,2025-26,0.9,IT90,59.3327355509796,40,,,,,,2025-06-08,2025-05-25,-2.0,41.550750732421875,38.585933685302734,-2.9648170471191406,dualtopo
dualtopo,post_covid,4,ALMIRANTE BROWN,2025-26,0.98,IT98,70.30154029606965,40,,,,,,2025-06-08,2025-05-25,-2.0,41.550750732421875,38.585933685302734,-2.9648170471191406,dualtopo
dualtopo,post_covid,4,AVELLANEDA,2024-25,0.5,IT50,245.84106655843968,13,,,,,,2024-11-24,2024-11-03,-3.0,130.04891967773438,107.76306915283205,-22.28585052490233,dualtopo
dualtopo,post_covid,4,AVELLANEDA,2024-25,0.9,IT90,374.7741671132419,13,,,,,,2024-11-24,2024-11-03,-3.0,130.04891967773438,107.76306915283205,-22.28585052490233,dualtopo
dualtopo,post_covid,4,AVELLANEDA,2024-25,0.98,IT98,490.7992503428019,13,,,,,,2024-11-24,2024-11-03,-3.0,130.04891967773438,107.76306915283205,-22.28585052490233,dualtopo
dualtopo,post_covid,4,AVELLANEDA,2025-26,0.5,IT50,245.84106655843968,40,2025-05-25,,,,,2025-06-01,2025-06-01,0.0,323.761962890625,244.72769165039065,-79.03427124023435,dualtopo
dualtopo,post_covid,4,AVELLANEDA,2025-26,0.9,IT90,374.7741671132419,40,,,,,,2025-06-01,2025-06-01,0.0,323.761962890625,244.72769165039065,-79.03427124023435,dualtopo
dualtopo,post_covid,4,AVELLANEDA,2025-26,0.98,IT98,490.7992503428019,40,,,,,,2025-06-01,2025-06-01,0.0,323.761962890625,244.72769165039065,-79.03427124023435,dualtopo
dualtopo,post_covid,4,EZEIZA,2024-25,0.5,IT50,139.80229436412165,13,,,,,,2024-11-03,2024-11-03,0.0,44.662574768066406,58.98429489135742,14.321720123291016,dualtopo
dualtopo,post_covid,4,EZEIZA,2024-25,0.9,IT90,180.23131160603506,13,,,,,,2024-11-03,2024-11-03,0.0,44.662574768066406,58.98429489135742,14.321720123291016,dualtopo
dualtopo,post_covid,4,EZEIZA,2024-25,0.98,IT98,212.02965427114694,13,,,,,,2024-11-03,2024-11-03,0.0,44.662574768066406,58.98429489135742,14.321720123291016,dualtopo
dualtopo,post_covid,4,EZEIZA,2025-26,0.5,IT50,139.80229436412165,40,2025-05-25,2025-06-01,1.0,-1.0,2025-06-01,2025-06-08,2025-06-15,1.0,186.09405517578125,159.89723205566406,-26.196823120117188,dualtopo
dualtopo,post_covid,4,EZEIZA,2025-26,0.9,IT90,180.23131160603506,40,2025-06-08,,,,,2025-06-08,2025-06-15,1.0,186.09405517578125,159.89723205566406,-26.196823120117188,dualtopo
dualtopo,post_covid,4,EZEIZA,2025-26,0.98,IT98,212.02965427114694,40,,,,,,2025-06-08,2025-06-15,1.0,186.09405517578125,159.89723205566406,-26.196823120117188,dualtopo
dualtopo,post_covid,4,FLORENCIO VARELA,2024-25,0.5,IT50,92.52865090835965,13,,,,,,2024-11-10,2024-11-03,-1.0,47.53914260864258,33.37401580810547,-14.16512680053711,dualtopo
dualtopo,post_covid,4,FLORENCIO VARELA,2024-25,0.9,IT90,129.20404508235538,13,,,,,,2024-11-10,2024-11-03,-1.0,47.53914260864258,33.37401580810547,-14.16512680053711,dualtopo
dualtopo,post_covid,4,FLORENCIO VARELA,2024-25,0.98,IT98,159.96645580277627,13,,,,,,2024-11-10,2024-11-03,-1.0,47.53914260864258,33.37401580810547,-14.16512680053711,dualtopo
dualtopo,post_covid,4,FLORENCIO VARELA,2025-26,0.5,IT50,92.52865090835965,40,2025-05-25,2025-05-11,-2.0,2.0,2025-05-11,2025-06-08,2025-05-25,-2.0,146.44473266601562,109.01907348632812,-37.4256591796875,dualtopo
dualtopo,post_covid,4,FLORENCIO VARELA,2025-26,0.9,IT90,129.20404508235538,40,2025-06-08,,,,,2025-06-08,2025-05-25,-2.0,146.44473266601562,109.01907348632812,-37.4256591796875,dualtopo
dualtopo,post_covid,4,FLORENCIO VARELA,2025-26,0.98,IT98,159.96645580277627,40,,,,,,2025-06-08,2025-05-25,-2.0,146.44473266601562,109.01907348632812,-37.4256591796875,dualtopo
dualtopo,post_covid,4,GENERAL SAN MARTÍN,2024-25,0.5,IT50,77.94711365203958,13,,,,,,2024-11-17,2024-11-03,-2.0,38.62220764160156,25.737586975097656,-12.884620666503906,dualtopo
dualtopo,post_covid,4,GENERAL SAN MARTÍN,2024-25,0.9,IT90,119.50868958439348,13,,,,,,2024-11-17,2024-11-03,-2.0,38.62220764160156,25.737586975097656,-12.884620666503906,dualtopo
dualtopo,post_covid,4,GENERAL SAN MARTÍN,2024-25,0.98,IT98,157.08069982681235,13,,,,,,2024-11-17,2024-11-03,-2.0,38.62220764160156,25.737586975097656,-12.884620666503906,dualtopo
dualtopo,post_covid,4,GENERAL SAN MARTÍN,2025-26,0.5,IT50,77.94711365203958,40,2025-05-18,,,,,2025-06-01,2025-06-01,0.0,98.99715423583984,53.69270324707031,-45.30445098876953,dualtopo
dualtopo,post_covid,4,GENERAL SAN MARTÍN,2025-26,0.9,IT90,119.50868958439348,40,,,,,,2025-06-01,2025-06-01,0.0,98.99715423583984,53.69270324707031,-45.30445098876953,dualtopo
dualtopo,post_covid,4,GENERAL SAN MARTÍN,2025-26,0.98,IT98,157.08069982681235,40,,,,,,2025-06-01,2025-06-01,0.0,98.99715423583984,53.69270324707031,-45.30445098876953,dualtopo
dualtopo,post_covid,4,JOSÉ C. PAZ,2024-25,0.5,IT50,222.17859568980776,13,,,,,,2024-11-03,2024-11-03,0.0,178.59764099121094,48.02280044555664,-130.5748405456543,dualtopo
dualtopo,post_covid,4,JOSÉ C. PAZ,2024-25,0.9,IT90,355.8888420506266,13,,,,,,2024-11-03,2024-11-03,0.0,178.59764099121094,48.02280044555664,-130.5748405456543,dualtopo
dualtopo,post_covid,4,JOSÉ C. PAZ,2024-25,0.98,IT98,481.06046989083103,13,,,,,,2024-11-03,2024-11-03,0.0,178.59764099121094,48.02280044555664,-130.5748405456543,dualtopo
dualtopo,post_covid,4,JOSÉ C. PAZ,2025-26,0.5,IT50,222.17859568980776,40,2025-03-16,,,,,2025-05-25,2025-08-17,12.0,740.69091796875,89.7385482788086,-650.9523696899414,dualtopo
dualtopo,post_covid,4,JOSÉ C. PAZ,2025-26,0.9,IT90,355.8888420506266,40,2025-05-04,,,,,2025-05-25,2025-08-17,12.0,740.69091796875,89.7385482788086,-650.9523696899414,dualtopo
dualtopo,post_covid,4,JOSÉ C. PAZ,2025-26,0.98,IT98,481.06046989083103,40,2025-05-25,,,,,2025-05-25,2025-08-17,12.0,740.69091796875,89.7385482788086,-650.9523696899414,dualtopo
dualtopo,post_covid,4,LA MATANZA,2024-25,0.5,IT50,24.512107570850826,13,,,,,,2024-11-10,2024-11-03,-1.0,16.401927947998047,6.1385178565979,-10.263410091400146,dualtopo
dualtopo,post_covid,4,LA MATANZA,2024-25,0.9,IT90,49.0533041651205,13,,,,,,2024-11-10,2024-11-03,-1.0,16.401927947998047,6.1385178565979,-10.263410091400146,dualtopo
dualtopo,post_covid,4,LA MATANZA,2024-25,0.98,IT98,76.45298521130762,13,,,,,,2024-11-10,2024-11-03,-1.0,16.401927947998047,6.1385178565979,-10.263410091400146,dualtopo
dualtopo,post_covid,4,LA MATANZA,2025-26,0.5,IT50,24.512107570850826,40,2025-03-16,,,,,2025-06-01,2025-06-15,2.0,53.17048645019531,17.15848731994629,-36.01199913024902,dualtopo
dualtopo,post_covid,4,LA MATANZA,2025-26,0.9,IT90,49.0533041651205,40,2025-06-01,,,,,2025-06-01,2025-06-15,2.0,53.17048645019531,17.15848731994629,-36.01199913024902,dualtopo
dualtopo,post_covid,4,LA MATANZA,2025-26,0.98,IT98,76.45298521130762,40,,,,,,2025-06-01,2025-06-15,2.0,53.17048645019531,17.15848731994629,-36.01199913024902,dualtopo
dualtopo,post_covid,4,LANÚS,2024-25,0.5,IT50,132.6029855198303,13,,,,,,2024-11-03,2024-11-03,0.0,51.81380844116211,58.07863235473633,6.264823913574219,dualtopo
dualtopo,post_covid,4,LANÚS,2024-25,0.9,IT90,190.48996986250967,13,,,,,,2024-11-03,2024-11-03,0.0,51.81380844116211,58.07863235473633,6.264823913574219,dualtopo
dualtopo,post_covid,4,LANÚS,2024-25,0.98,IT98,240.1624128185746,13,,,,,,2024-11-03,2024-11-03,0.0,51.81380844116211,58.07863235473633,6.264823913574219,dualtopo
dualtopo,post_covid,4,LANÚS,2025-26,0.5,IT50,132.6029855198303,40,2025-05-25,2025-05-18,-1.0,1.0,2025-05-18,2025-06-01,2025-05-25,-1.0,171.48419189453125,148.88916015625,-22.59503173828125,dualtopo
dualtopo,post_covid,4,LANÚS,2025-26,0.9,IT90,190.48996986250967,40,,,,,,2025-06-01,2025-05-25,-1.0,171.48419189453125,148.88916015625,-22.59503173828125,dualtopo
dualtopo,post_covid,4,LANÚS,2025-26,0.98,IT98,240.1624128185746,40,,,,,,2025-06-01,2025-05-25,-1.0,171.48419189453125,148.88916015625,-22.59503173828125,dualtopo
dualtopo,post_covid,4,LOMAS DE ZAMORA,2024-25,0.5,IT50,8.281330480989212,10,,,,,,2024-11-10,2024-11-03,-1.0,1.448267936706543,3.1857657432556152,1.7374978065490723,dualtopo
dualtopo,post_covid,4,LOMAS DE ZAMORA,2024-25,0.9,IT90,13.281987582112178,10,,,,,,2024-11-10,2024-11-03,-1.0,1.448267936706543,3.1857657432556152,1.7374978065490723,dualtopo
dualtopo,post_covid,4,LOMAS DE ZAMORA,2024-25,0.98,IT98,17.968039817353144,10,,,,,,2024-11-10,2024-11-03,-1.0,1.448267936706543,3.1857657432556152,1.7374978065490723,dualtopo
dualtopo,post_covid,4,LOMAS DE ZAMORA,2025-26,0.5,IT50,8.281330480989212,31,,,,,,2025-06-15,2025-06-01,-2.0,1.593094825744629,5.9972991943359375,4.404204368591309,dualtopo
dualtopo,post_covid,4,LOMAS DE ZAMORA,2025-26,0.9,IT90,13.281987582112178,31,,,,,,2025-06-15,2025-06-01,-2.0,1.593094825744629,5.9972991943359375,4.404204368591309,dualtopo
dualtopo,post_covid,4,LOMAS DE ZAMORA,2025-26,0.98,IT98,17.968039817353144,31,,,,,,2025-06-15,2025-06-01,-2.0,1.593094825744629,5.9972991943359375,4.404204368591309,dualtopo
dualtopo,post_covid,4,MALVINAS ARGENTINAS,2024-25,0.5,IT50,19.75908456675979,13,,,,,,2024-11-17,2024-11-03,-2.0,9.125284194946287,1.5781621932983398,-7.547122001647947,dualtopo
dualtopo,post_covid,4,MALVINAS ARGENTINAS,2024-25,0.9,IT90,75.76432319476002,13,,,,,,2024-11-17,2024-11-03,-2.0,9.125284194946287,1.5781621932983398,-7.547122001647947,dualtopo
dualtopo,post_covid,4,MALVINAS ARGENTINAS,2024-25,0.98,IT98,178.99536057166898,13,,,,,,2024-11-17,2024-11-03,-2.0,9.125284194946287,1.5781621932983398,-7.547122001647947,dualtopo
dualtopo,post_covid,4,MALVINAS ARGENTINAS,2025-26,0.5,IT50,19.75908456675979,40,2025-04-27,,,,,2025-06-08,2025-08-10,9.0,137.44960021972656,13.14363956451416,-124.3059606552124,dualtopo
dualtopo,post_covid,4,MALVINAS ARGENTINAS,2025-26,0.9,IT90,75.76432319476002,40,2025-04-27,,,,,2025-06-08,2025-08-10,9.0,137.44960021972656,13.14363956451416,-124.3059606552124,dualtopo
dualtopo,post_covid,4,MALVINAS ARGENTINAS,2025-26,0.98,IT98,178.99536057166898,40,,,,,,2025-06-08,2025-08-10,9.0,137.44960021972656,13.14363956451416,-124.3059606552124,dualtopo
dualtopo,post_covid,4,MERLO,2024-25,0.5,IT50,93.32449393075508,13,,,,,,2024-12-15,2025-01-26,6.0,23.86323356628418,10.28091812133789,-13.582315444946289,dualtopo
dualtopo,post_covid,4,MERLO,2024-25,0.9,IT90,164.5170716895135,13,,,,,,2024-12-15,2025-01-26,6.0,23.86323356628418,10.28091812133789,-13.582315444946289,dualtopo
dualtopo,post_covid,4,MERLO,2024-25,0.98,IT98,236.4333757518645,13,,,,,,2024-12-15,2025-01-26,6.0,23.86323356628418,10.28091812133789,-13.582315444946289,dualtopo
dualtopo,post_covid,4,MERLO,2025-26,0.5,IT50,93.32449393075508,40,,2025-06-15,,,2025-06-15,2025-06-15,2025-06-22,1.0,60.0872802734375,103.21794128417967,43.13066101074217,dualtopo
dualtopo,post_covid,4,MERLO,2025-26,0.9,IT90,164.5170716895135,40,,,,,,2025-06-15,2025-06-22,1.0,60.0872802734375,103.21794128417967,43.13066101074217,dualtopo
dualtopo,post_covid,4,MERLO,2025-26,0.98,IT98,236.4333757518645,40,,,,,,2025-06-15,2025-06-22,1.0,60.0872802734375,103.21794128417967,43.13066101074217,dualtopo
dualtopo,post_covid,4,MORENO,2024-25,0.5,IT50,101.79720605127496,13,,,,,,2024-11-24,2024-11-03,-3.0,51.15914535522461,24.33761215209961,-26.821533203125,dualtopo
dualtopo,post_covid,4,MORENO,2024-25,0.9,IT90,214.46725243408844,13,,,,,,2024-11-24,2024-11-03,-3.0,51.15914535522461,24.33761215209961,-26.821533203125,dualtopo
dualtopo,post_covid,4,MORENO,2024-25,0.98,IT98,345.44262322711484,13,,,,,,2024-11-24,2024-11-03,-3.0,51.15914535522461,24.33761215209961,-26.821533203125,dualtopo
dualtopo,post_covid,4,MORENO,2025-26,0.5,IT50,101.79720605127496,40,2025-05-25,,,,,2025-07-13,2025-07-06,-1.0,197.00607299804688,94.82999420166016,-102.17607879638672,dualtopo
dualtopo,post_covid,4,MORENO,2025-26,0.9,IT90,214.46725243408844,40,,,,,,2025-07-13,2025-07-06,-1.0,197.00607299804688,94.82999420166016,-102.17607879638672,dualtopo
dualtopo,post_covid,4,MORENO,2025-26,0.98,IT98,345.44262322711484,40,,,,,,2025-07-13,2025-07-06,-1.0,197.00607299804688,94.82999420166016,-102.17607879638672,dualtopo
dualtopo,post_covid,4,MORÓN,2024-25,0.5,IT50,28.847000469649124,13,,,,,,2024-11-03,2024-11-03,0.0,24.45777702331543,6.432971954345703,-18.024805068969727,dualtopo
dualtopo,post_covid,4,MORÓN,2024-25,0.9,IT90,57.29975452086349,13,,,,,,2024-11-03,2024-11-03,0.0,24.45777702331543,6.432971954345703,-18.024805068969727,dualtopo
dualtopo,post_covid,4,MORÓN,2024-25,0.98,IT98,88.88106833465432,13,,,,,,2024-11-03,2024-11-03,0.0,24.45777702331543,6.432971954345703,-18.024805068969727,dualtopo
dualtopo,post_covid,4,MORÓN,2025-26,0.5,IT50,28.847000469649124,40,2025-05-25,2025-06-08,2.0,-2.0,2025-06-08,2025-06-08,2025-06-15,1.0,54.04866790771485,31.644163131713867,-22.404504776000984,dualtopo
dualtopo,post_covid,4,MORÓN,2025-26,0.9,IT90,57.29975452086349,40,,,,,,2025-06-08,2025-06-15,1.0,54.04866790771485,31.644163131713867,-22.404504776000984,dualtopo
dualtopo,post_covid,4,MORÓN,2025-26,0.98,IT98,88.88106833465432,40,,,,,,2025-06-08,2025-06-15,1.0,54.04866790771485,31.644163131713867,-22.404504776000984,dualtopo
dualtopo,post_covid,4,QUILMES,2024-25,0.5,IT50,46.34689792435932,13,,,,,,2024-11-24,2024-11-03,-3.0,14.998634338378906,19.11835670471191,4.119722366333004,dualtopo
dualtopo,post_covid,4,QUILMES,2024-25,0.9,IT90,80.98262048145082,13,,,,,,2024-11-24,2024-11-03,-3.0,14.998634338378906,19.11835670471191,4.119722366333004,dualtopo
dualtopo,post_covid,4,QUILMES,2024-25,0.98,IT98,115.72591322033615,13,,,,,,2024-11-24,2024-11-03,-3.0,14.998634338378906,19.11835670471191,4.119722366333004,dualtopo
dualtopo,post_covid,4,QUILMES,2025-26,0.5,IT50,46.34689792435932,40,,,,,,2025-06-08,2025-05-18,-3.0,39.62797164916992,45.68262481689453,6.054653167724609,dualtopo
dualtopo,post_covid,4,QUILMES,2025-26,0.9,IT90,80.98262048145082,40,,,,,,2025-06-08,2025-05-18,-3.0,39.62797164916992,45.68262481689453,6.054653167724609,dualtopo
dualtopo,post_covid,4,QUILMES,2025-26,0.98,IT98,115.72591322033615,40,,,,,,2025-06-08,2025-05-18,-3.0,39.62797164916992,45.68262481689453,6.054653167724609,dualtopo
dualtopo,post_covid,4,SAN ISIDRO,2024-25,0.5,IT50,31.02709117627285,13,,,,,,2024-12-15,2025-01-26,6.0,9.082284927368164,14.191876411437988,5.109591484069824,dualtopo
dualtopo,post_covid,4,SAN ISIDRO,2024-25,0.9,IT90,61.06994953059092,13,,,,,,2024-12-15,2025-01-26,6.0,9.082284927368164,14.191876411437988,5.109591484069824,dualtopo
dualtopo,post_covid,4,SAN ISIDRO,2024-25,0.98,IT98,94.17754601713678,13,,,,,,2024-12-15,2025-01-26,6.0,9.082284927368164,14.191876411437988,5.109591484069824,dualtopo
dualtopo,post_covid,4,SAN ISIDRO,2025-26,0.5,IT50,31.02709117627285,37,,2025-02-16,,,2025-02-16,2025-03-30,2025-03-16,-2.0,29.937904357910156,43.77264404296875,13.834739685058594,dualtopo
dualtopo,post_covid,4,SAN ISIDRO,2025-26,0.9,IT90,61.06994953059092,37,,,,,,2025-03-30,2025-03-16,-2.0,29.937904357910156,43.77264404296875,13.834739685058594,dualtopo
dualtopo,post_covid,4,SAN ISIDRO,2025-26,0.98,IT98,94.17754601713678,37,,,,,,2025-03-30,2025-03-16,-2.0,29.937904357910156,43.77264404296875,13.834739685058594,dualtopo
dualtopo,post_covid,4,SAN MIGUEL,2024-25,0.5,IT50,41.72536470891113,13,,,,,,2024-11-10,2024-11-03,-1.0,21.895479202270508,22.339527130126953,0.4440479278564453,dualtopo
dualtopo,post_covid,4,SAN MIGUEL,2024-25,0.9,IT90,54.8832873966512,13,,,,,,2024-11-10,2024-11-03,-1.0,21.895479202270508,22.339527130126953,0.4440479278564453,dualtopo
dualtopo,post_covid,4,SAN MIGUEL,2024-25,0.98,IT98,65.40139686030513,13,,,,,,2024-11-10,2024-11-03,-1.0,21.895479202270508,22.339527130126953,0.4440479278564453,dualtopo
dualtopo,post_covid,4,SAN MIGUEL,2025-26,0.5,IT50,41.72536470891113,40,2025-05-18,,,,,2025-07-27,2025-08-31,5.0,93.35989379882812,32.367095947265625,-60.9927978515625,dualtopo
dualtopo,post_covid,4,SAN MIGUEL,2025-26,0.9,IT90,54.8832873966512,40,2025-07-20,,,,,2025-07-27,2025-08-31,5.0,93.35989379882812,32.367095947265625,-60.9927978515625,dualtopo
dualtopo,post_covid,4,SAN MIGUEL,2025-26,0.98,IT98,65.40139686030513,40,2025-07-27,,,,,2025-07-27,2025-08-31,5.0,93.35989379882812,32.367095947265625,-60.9927978515625,dualtopo
dualtopo,post_covid,4,TIGRE,2024-25,0.5,IT50,22.292181427607932,13,,,,,,2024-11-17,2024-11-03,-2.0,3.579826831817627,4.780024528503418,1.200197696685791,dualtopo
dualtopo,post_covid,4,TIGRE,2024-25,0.9,IT90,51.59902428823632,13,,,,,,2024-11-17,2024-11-03,-2.0,3.579826831817627,4.780024528503418,1.200197696685791,dualtopo
dualtopo,post_covid,4,TIGRE,2024-25,0.98,IT98,88.26651373174553,13,,,,,,2024-11-17,2024-11-03,-2.0,3.579826831817627,4.780024528503418,1.200197696685791,dualtopo
dualtopo,post_covid,4,TIGRE,2025-26,0.5,IT50,22.292181427607932,40,2025-07-06,2025-05-11,-8.0,8.0,2025-05-11,2025-07-13,2025-06-01,-6.0,40.72052764892578,32.258602142333984,-8.461925506591797,dualtopo
dualtopo,post_covid,4,TIGRE,2025-26,0.9,IT90,51.59902428823632,40,,,,,,2025-07-13,2025-06-01,-6.0,40.72052764892578,32.258602142333984,-8.461925506591797,dualtopo
dualtopo,post_covid,4,TIGRE,2025-26,0.98,IT98,88.26651373174553,40,,,,,,2025-07-13,2025-06-01,-6.0,40.72052764892578,32.258602142333984,-8.461925506591797,dualtopo
dualtopo,post_covid,4,TRES DE FEBRERO,2024-25,0.5,IT50,92.40050209783404,13,,,,,,2024-11-10,2024-11-03,-1.0,49.97583770751953,29.621906280517575,-20.353931427001957,dualtopo
dualtopo,post_covid,4,TRES DE FEBRERO,2024-25,0.9,IT90,150.5622822202344,13,,,,,,2024-11-10,2024-11-03,-1.0,49.97583770751953,29.621906280517575,-20.353931427001957,dualtopo
dualtopo,post_covid,4,TRES DE FEBRERO,2024-25,0.98,IT98,205.7567466717726,13,,,,,,2024-11-10,2024-11-03,-1.0,49.97583770751953,29.621906280517575,-20.353931427001957,dualtopo
dualtopo,post_covid,4,TRES DE FEBRERO,2025-26,0.5,IT50,92.40050209783404,40,2025-06-01,,,,,2025-06-01,2025-06-08,1.0,114.50507354736328,79.60466003417969,-34.900413513183594,dualtopo
dualtopo,post_covid,4,TRES DE FEBRERO,2025-26,0.9,IT90,150.5622822202344,40,,,,,,2025-06-01,2025-06-08,1.0,114.50507354736328,79.60466003417969,-34.900413513183594,dualtopo
dualtopo,post_covid,4,TRES DE FEBRERO,2025-26,0.98,IT98,205.7567466717726,40,,,,,,2025-06-01,2025-06-08,1.0,114.50507354736328,79.60466003417969,-34.900413513183594,dualtopo
dualtopo,post_covid,4,VICENTE LÓPEZ,2024-25,0.5,IT50,105.82113989675452,13,,,,,,2024-11-10,2025-01-26,11.0,15.233097076416016,39.953006744384766,24.71990966796875,dualtopo
dualtopo,post_covid,4,VICENTE LÓPEZ,2024-25,0.9,IT90,168.616011392644,13,,,,,,2024-11-10,2025-01-26,11.0,15.233097076416016,39.953006744384766,24.71990966796875,dualtopo
dualtopo,post_covid,4,VICENTE LÓPEZ,2024-25,0.98,IT98,227.1548194913809,13,,,,,,2024-11-10,2025-01-26,11.0,15.233097076416016,39.953006744384766,24.71990966796875,dualtopo
dualtopo,post_covid,4,VICENTE LÓPEZ,2025-26,0.5,IT50,105.82113989675452,40,2025-05-25,,,,,2025-05-25,2025-02-23,-13.0,114.77964782714844,93.67479705810548,-21.104850769042955,dualtopo
dualtopo,post_covid,4,VICENTE LÓPEZ,2025-26,0.9,IT90,168.616011392644,40,,,,,,2025-05-25,2025-02-23,-13.0,114.77964782714844,93.67479705810548,-21.104850769042955,dualtopo
dualtopo,post_covid,4,VICENTE LÓPEZ,2025-26,0.98,IT98,227.1548194913809,40,,,,,,2025-05-25,2025-02-23,-13.0,114.77964782714844,93.67479705810548,-21.104850769042955,dualtopo
dualtopo,post_covid,4,CITYWIDE,2024-25,0.5,IT50,77.06642887231719,13,,,,,,2024-11-10,2024-11-03,-1.0,33.76782475019756,26.510411413092363,-7.2574133371051985,dualtopo
dualtopo,post_covid,4,CITYWIDE,2024-25,0.9,IT90,97.46007981062509,13,,,,,,2024-11-10,2024-11-03,-1.0,33.76782475019756,26.510411413092363,-7.2574133371051985,dualtopo
dualtopo,post_covid,4,CITYWIDE,2024-25,0.98,IT98,113.25281678189309,13,,,,,,2024-11-10,2024-11-03,-1.0,33.76782475019756,26.510411413092363,-7.2574133371051985,dualtopo
dualtopo,post_covid,4,CITYWIDE,2025-26,0.5,IT50,77.06642887231719,40,2025-05-18,,,,,2025-06-08,2025-06-01,-1.0,119.66687754580849,62.08669619811209,-57.5801813476964,dualtopo
dualtopo,post_covid,4,CITYWIDE,2025-26,0.9,IT90,97.46007981062509,40,2025-05-25,,,,,2025-06-08,2025-06-01,-1.0,119.66687754580849,62.08669619811209,-57.5801813476964,dualtopo
dualtopo,post_covid,4,CITYWIDE,2025-26,0.98,IT98,113.25281678189309,40,2025-06-08,,,,,2025-06-08,2025-06-01,-1.0,119.66687754580849,62.08669619811209,-57.5801813476964,dualtopo
gat,post_covid,4,ALMIRANTE BROWN,2024-25,0.5,IT50,45.51198712694632,13,,,,,,2024-12-01,2025-01-19,7.0,20.860870361328125,17.537141799926758,-3.323728561401367,gat
gat,post_covid,4,ALMIRANTE BROWN,2024-25,0.9,IT90,59.3327355509796,13,,,,,,2024-12-01,2025-01-19,7.0,20.860870361328125,17.537141799926758,-3.323728561401367,gat
gat,post_covid,4,ALMIRANTE BROWN,2024-25,0.98,IT98,70.30154029606965,13,,,,,,2024-12-01,2025-01-19,7.0,20.860870361328125,17.537141799926758,-3.323728561401367,gat
gat,post_covid,4,ALMIRANTE BROWN,2025-26,0.5,IT50,45.51198712694632,40,,2025-05-18,,,2025-05-18,2025-06-08,2025-05-18,-3.0,41.550750732421875,49.5372428894043,7.986492156982422,gat
gat,post_covid,4,ALMIRANTE BROWN,2025-26,0.9,IT90,59.3327355509796,40,,,,,,2025-06-08,2025-05-18,-3.0,41.550750732421875,49.5372428894043,7.986492156982422,gat
gat,post_covid,4,ALMIRANTE BROWN,2025-26,0.98,IT98,70.30154029606965,40,,,,,,2025-06-08,2025-05-18,-3.0,41.550750732421875,49.5372428894043,7.986492156982422,gat
gat,post_covid,4,AVELLANEDA,2024-25,0.5,IT50,245.84106655843968,13,,,,,,2024-11-24,2025-01-19,8.0,130.04891967773438,120.85218048095705,-9.19673919677733,gat
gat,post_covid,4,AVELLANEDA,2024-25,0.9,IT90,374.7741671132419,13,,,,,,2024-11-24,2025-01-19,8.0,130.04891967773438,120.85218048095705,-9.19673919677733,gat
gat,post_covid,4,AVELLANEDA,2024-25,0.98,IT98,490.7992503428019,13,,,,,,2024-11-24,2025-01-19,8.0,130.04891967773438,120.85218048095705,-9.19673919677733,gat
gat,post_covid,4,AVELLANEDA,2025-26,0.5,IT50,245.84106655843968,40,2025-05-25,2025-05-11,-2.0,2.0,2025-05-11,2025-06-01,2025-05-18,-2.0,323.761962890625,286.73321533203125,-37.02874755859375,gat
gat,post_covid,4,AVELLANEDA,2025-26,0.9,IT90,374.7741671132419,40,,,,,,2025-06-01,2025-05-18,-2.0,323.761962890625,286.73321533203125,-37.02874755859375,gat
gat,post_covid,4,AVELLANEDA,2025-26,0.98,IT98,490.7992503428019,40,,,,,,2025-06-01,2025-05-18,-2.0,323.761962890625,286.73321533203125,-37.02874755859375,gat
gat,post_covid,4,EZEIZA,2024-25,0.5,IT50,139.80229436412165,13,,,,,,2024-11-03,2024-11-03,0.0,44.662574768066406,67.2569580078125,22.594383239746094,gat
gat,post_covid,4,EZEIZA,2024-25,0.9,IT90,180.23131160603506,13,,,,,,2024-11-03,2024-11-03,0.0,44.662574768066406,67.2569580078125,22.594383239746094,gat
gat,post_covid,4,EZEIZA,2024-25,0.98,IT98,212.02965427114694,13,,,,,,2024-11-03,2024-11-03,0.0,44.662574768066406,67.2569580078125,22.594383239746094,gat
gat,post_covid,4,EZEIZA,2025-26,0.5,IT50,139.80229436412165,40,2025-05-25,2025-05-11,-2.0,2.0,2025-05-11,2025-06-08,2025-06-01,-1.0,186.09405517578125,203.57156372070312,17.477508544921875,gat
gat,post_covid,4,EZEIZA,2025-26,0.9,IT90,180.23131160603506,40,2025-06-08,2025-05-25,-2.0,2.0,2025-05-25,2025-06-08,2025-06-01,-1.0,186.09405517578125,203.57156372070312,17.477508544921875,gat
gat,post_covid,4,EZEIZA,2025-26,0.98,IT98,212.02965427114694,40,,,,,,2025-06-08,2025-06-01,-1.0,186.09405517578125,203.57156372070312,17.477508544921875,gat
gat,post_covid,4,FLORENCIO VARELA,2024-25,0.5,IT50,92.52865090835965,13,,,,,,2024-11-10,2025-01-12,9.0,47.53914260864258,35.86561584472656,-11.673526763916016,gat
gat,post_covid,4,FLORENCIO VARELA,2024-25,0.9,IT90,129.20404508235538,13,,,,,,2024-11-10,2025-01-12,9.0,47.53914260864258,35.86561584472656,-11.673526763916016,gat
gat,post_covid,4,FLORENCIO VARELA,2024-25,0.98,IT98,159.96645580277627,13,,,,,,2024-11-10,2025-01-12,9.0,47.53914260864258,35.86561584472656,-11.673526763916016,gat
gat,post_covid,4,FLORENCIO VARELA,2025-26,0.5,IT50,92.52865090835965,40,2025-05-25,2025-05-18,-1.0,1.0,2025-05-18,2025-06-08,2025-05-18,-3.0,146.44473266601562,93.0048599243164,-53.43987274169922,gat
gat,post_covid,4,FLORENCIO VARELA,2025-26,0.9,IT90,129.20404508235538,40,2025-06-08,,,,,2025-06-08,2025-05-18,-3.0,146.44473266601562,93.0048599243164,-53.43987274169922,gat
gat,post_covid,4,FLORENCIO VARELA,2025-26,0.98,IT98,159.96645580277627,40,,,,,,2025-06-08,2025-05-18,-3.0,146.44473266601562,93.0048599243164,-53.43987274169922,gat
gat,post_covid,4,GENERAL SAN MARTÍN,2024-25,0.5,IT50,77.94711365203958,13,,,,,,2024-11-17,2025-01-26,10.0,38.62220764160156,36.649269104003906,-1.9729385375976562,gat
gat,post_covid,4,GENERAL SAN MARTÍN,2024-25,0.9,IT90,119.50868958439348,13,,,,,,2024-11-17,2025-01-26,10.0,38.62220764160156,36.649269104003906,-1.9729385375976562,gat
gat,post_covid,4,GENERAL SAN MARTÍN,2024-25,0.98,IT98,157.08069982681235,13,,,,,,2024-11-17,2025-01-26,10.0,38.62220764160156,36.649269104003906,-1.9729385375976562,gat
gat,post_covid,4,GENERAL SAN MARTÍN,2025-26,0.5,IT50,77.94711365203958,40,2025-05-18,2025-05-11,-1.0,1.0,2025-05-11,2025-06-01,2025-05-25,-1.0,98.99715423583984,116.22391510009766,17.226760864257812,gat
gat,post_covid,4,GENERAL SAN MARTÍN,2025-26,0.9,IT90,119.50868958439348,40,,,,,,2025-06-01,2025-05-25,-1.0,98.99715423583984,116.22391510009766,17.226760864257812,gat
gat,post_covid,4,GENERAL SAN MARTÍN,2025-26,0.98,IT98,157.08069982681235,40,,,,,,2025-06-01,2025-05-25,-1.0,98.99715423583984,116.22391510009766,17.226760864257812,gat
gat,post_covid,4,JOSÉ C. PAZ,2024-25,0.5,IT50,222.17859568980776,13,,,,,,2024-11-03,2024-11-03,0.0,178.59764099121094,59.20640182495117,-119.39123916625977,gat
gat,post_covid,4,JOSÉ C. PAZ,2024-25,0.9,IT90,355.8888420506266,13,,,,,,2024-11-03,2024-11-03,0.0,178.59764099121094,59.20640182495117,-119.39123916625977,gat
gat,post_covid,4,JOSÉ C. PAZ,2024-25,0.98,IT98,481.06046989083103,13,,,,,,2024-11-03,2024-11-03,0.0,178.59764099121094,59.20640182495117,-119.39123916625977,gat
gat,post_covid,4,JOSÉ C. PAZ,2025-26,0.5,IT50,222.17859568980776,40,2025-03-16,2025-05-25,10.0,-10.0,2025-05-25,2025-05-25,2025-07-06,6.0,740.69091796875,404.943359375,-335.74755859375,gat
gat,post_covid,4,JOSÉ C. PAZ,2025-26,0.9,IT90,355.8888420506266,40,2025-05-04,2025-06-22,7.0,-7.0,2025-06-22,2025-05-25,2025-07-06,6.0,740.69091796875,404.943359375,-335.74755859375,gat
gat,post_covid,4,JOSÉ C. PAZ,2025-26,0.98,IT98,481.06046989083103,40,2025-05-25,,,,,2025-05-25,2025-07-06,6.0,740.69091796875,404.943359375,-335.74755859375,gat
gat,post_covid,4,LA MATANZA,2024-25,0.5,IT50,24.512107570850826,13,,,,,,2024-11-10,2024-11-03,-1.0,16.401927947998047,7.65439510345459,-8.747532844543457,gat
gat,post_covid,4,LA MATANZA,2024-25,0.9,IT90,49.0533041651205,13,,,,,,2024-11-10,2024-11-03,-1.0,16.401927947998047,7.65439510345459,-8.747532844543457,gat
gat,post_covid,4,LA MATANZA,2024-25,0.98,IT98,76.45298521130762,13,,,,,,2024-11-10,2024-11-03,-1.0,16.401927947998047,7.65439510345459,-8.747532844543457,gat
gat,post_covid,4,LA MATANZA,2025-26,0.5,IT50,24.512107570850826,40,2025-03-16,2025-05-11,8.0,-8.0,2025-05-11,2025-06-01,2025-06-08,1.0,53.17048645019531,42.455360412597656,-10.715126037597656,gat
gat,post_covid,4,LA MATANZA,2025-26,0.9,IT90,49.0533041651205,40,2025-06-01,,,,,2025-06-01,2025-06-08,1.0,53.17048645019531,42.455360412597656,-10.715126037597656,gat
gat,post_covid,4,LA MATANZA,2025-26,0.98,IT98,76.45298521130762,40,,,,,,2025-06-01,2025-06-08,1.0,53.17048645019531,42.455360412597656,-10.715126037597656,gat
gat,post_covid,4,LANÚS,2024-25,0.5,IT50,132.6029855198303,13,,,,,,2024-11-03,2025-01-19,11.0,51.81380844116211,59.59722137451172,7.783412933349609,gat
gat,post_covid,4,LANÚS,2024-25,0.9,IT90,190.48996986250967,13,,,,,,2024-11-03,2025-01-19,11.0,51.81380844116211,59.59722137451172,7.783412933349609,gat
gat,post_covid,4,LANÚS,2024-25,0.98,IT98,240.1624128185746,13,,,,,,2024-11-03,2025-01-19,11.0,51.81380844116211,59.59722137451172,7.783412933349609,gat
gat,post_covid,4,LANÚS,2025-26,0.5,IT50,132.6029855198303,40,2025-05-25,2025-05-18,-1.0,1.0,2025-05-18,2025-06-01,2025-05-18,-2.0,171.48419189453125,149.8037567138672,-21.680435180664062,gat
gat,post_covid,4,LANÚS,2025-26,0.9,IT90,190.48996986250967,40,,,,,,2025-06-01,2025-05-18,-2.0,171.48419189453125,149.8037567138672,-21.680435180664062,gat
gat,post_covid,4,LANÚS,2025-26,0.98,IT98,240.1624128185746,40,,,,,,2025-06-01,2025-05-18,-2.0,171.48419189453125,149.8037567138672,-21.680435180664062,gat
gat,post_covid,4,LOMAS DE ZAMORA,2024-25,0.5,IT50,8.281330480989212,10,,,,,,2024-11-10,2025-01-19,10.0,1.448267936706543,3.190295457839966,1.7420275211334229,gat
gat,post_covid,4,LOMAS DE ZAMORA,2024-25,0.9,IT90,13.281987582112178,10,,,,,,2024-11-10,2025-01-19,10.0,1.448267936706543,3.190295457839966,1.7420275211334229,gat
gat,post_covid,4,LOMAS DE ZAMORA,2024-25,0.98,IT98,17.968039817353144,10,,,,,,2024-11-10,2025-01-19,10.0,1.448267936706543,3.190295457839966,1.7420275211334229,gat
gat,post_covid,4,LOMAS DE ZAMORA,2025-26,0.5,IT50,8.281330480989212,31,,,,,,2025-06-15,2025-05-18,-4.0,1.593094825744629,8.171333312988281,6.578238487243652,gat
gat,post_covid,4,LOMAS DE ZAMORA,2025-26,0.9,IT90,13.281987582112178,31,,,,,,2025-06-15,2025-05-18,-4.0,1.593094825744629,8.171333312988281,6.578238487243652,gat
gat,post_covid,4,LOMAS DE ZAMORA,2025-26,0.98,IT98,17.968039817353144,31,,,,,,2025-06-15,2025-05-18,-4.0,1.593094825744629,8.171333312988281,6.578238487243652,gat
gat,post_covid,4,MALVINAS ARGENTINAS,2024-25,0.5,IT50,19.75908456675979,13,,,,,,2024-11-17,2024-11-03,-2.0,9.125284194946287,3.0718328952789307,-6.053451299667357,gat
gat,post_covid,4,MALVINAS ARGENTINAS,2024-25,0.9,IT90,75.76432319476002,13,,,,,,2024-11-17,2024-11-03,-2.0,9.125284194946287,3.0718328952789307,-6.053451299667357,gat
gat,post_covid,4,MALVINAS ARGENTINAS,2024-25,0.98,IT98,178.99536057166898,13,,,,,,2024-11-17,2024-11-03,-2.0,9.125284194946287,3.0718328952789307,-6.053451299667357,gat
gat,post_covid,4,MALVINAS ARGENTINAS,2025-26,0.5,IT50,19.75908456675979,40,2025-04-27,2025-05-25,4.0,-4.0,2025-05-25,2025-06-08,2025-06-22,2.0,137.44960021972656,32.06037139892578,-105.38922882080078,gat
gat,post_covid,4,MALVINAS ARGENTINAS,2025-26,0.9,IT90,75.76432319476002,40,2025-04-27,,,,,2025-06-08,2025-06-22,2.0,137.44960021972656,32.06037139892578,-105.38922882080078,gat
gat,post_covid,4,MALVINAS ARGENTINAS,2025-26,0.98,IT98,178.99536057166898,40,,,,,,2025-06-08,2025-06-22,2.0,137.44960021972656,32.06037139892578,-105.38922882080078,gat
gat,post_covid,4,MERLO,2024-25,0.5,IT50,93.32449393075508,13,,,,,,2024-12-15,2024-11-03,-6.0,23.86323356628418,16.040931701660156,-7.822301864624023,gat
gat,post_covid,4,MERLO,2024-25,0.9,IT90,164.5170716895135,13,,,,,,2024-12-15,2024-11-03,-6.0,23.86323356628418,16.040931701660156,-7.822301864624023,gat
gat,post_covid,4,MERLO,2024-25,0.98,IT98,236.4333757518645,13,,,,,,2024-12-15,2024-11-03,-6.0,23.86323356628418,16.040931701660156,-7.822301864624023,gat
gat,post_covid,4,MERLO,2025-26,0.5,IT50,93.32449393075508,40,,2025-05-18,,,2025-05-18,2025-06-15,2025-05-25,-3.0,60.0872802734375,116.80095672607422,56.71367645263672,gat
gat,post_covid,4,MERLO,2025-26,0.9,IT90,164.5170716895135,40,,,,,,2025-06-15,2025-05-25,-3.0,60.0872802734375,116.80095672607422,56.71367645263672,gat
gat,post_covid,4,MERLO,2025-26,0.98,IT98,236.4333757518645,40,,,,,,2025-06-15,2025-05-25,-3.0,60.0872802734375,116.80095672607422,56.71367645263672,gat
gat,post_covid,4,MORENO,2024-25,0.5,IT50,101.79720605127496,13,,,,,,2024-11-24,2024-11-03,-3.0,51.15914535522461,32.3570671081543,-18.802078247070312,gat
gat,post_covid,4,MORENO,2024-25,0.9,IT90,214.46725243408844,13,,,,,,2024-11-24,2024-11-03,-3.0,51.15914535522461,32.3570671081543,-18.802078247070312,gat
gat,post_covid,4,MORENO,2024-25,0.98,IT98,345.44262322711484,13,,,,,,2024-11-24,2024-11-03,-3.0,51.15914535522461,32.3570671081543,-18.802078247070312,gat
gat,post_covid,4,MORENO,2025-26,0.5,IT50,101.79720605127496,40,2025-05-25,2025-05-18,-1.0,1.0,2025-05-18,2025-07-13,2025-08-03,3.0,197.00607299804688,173.16128540039062,-23.84478759765625,gat
gat,post_covid,4,MORENO,2025-26,0.9,IT90,214.46725243408844,40,,,,,,2025-07-13,2025-08-03,3.0,197.00607299804688,173.16128540039062,-23.84478759765625,gat
gat,post_covid,4,MORENO,2025-26,0.98,IT98,345.44262322711484,40,,,,,,2025-07-13,2025-08-03,3.0,197.00607299804688,173.16128540039062,-23.84478759765625,gat
gat,post_covid,4,MORÓN,2024-25,0.5,IT50,28.847000469649124,13,,,,,,2024-11-03,2024-11-17,2.0,24.45777702331543,9.20116901397705,-15.256608009338379,gat
gat,post_covid,4,MORÓN,2024-25,0.9,IT90,57.29975452086349,13,,,,,,2024-11-03,2024-11-17,2.0,24.45777702331543,9.20116901397705,-15.256608009338379,gat
gat,post_covid,4,MORÓN,2024-25,0.98,IT98,88.88106833465432,13,,,,,,2024-11-03,2024-11-17,2.0,24.45777702331543,9.20116901397705,-15.256608009338379,gat
gat,post_covid,4,MORÓN,2025-26,0.5,IT50,28.847000469649124,40,2025-05-25,2025-05-11,-2.0,2.0,2025-05-11,2025-06-08,2025-05-25,-2.0,54.04866790771485,45.657493591308594,-8.391174316406257,gat
gat,post_covid,4,MORÓN,2025-26,0.9,IT90,57.29975452086349,40,,,,,,2025-06-08,2025-05-25,-2.0,54.04866790771485,45.657493591308594,-8.391174316406257,gat
gat,post_covid,4,MORÓN,2025-26,0.98,IT98,88.88106833465432,40,,,,,,2025-06-08,2025-05-25,-2.0,54.04866790771485,45.657493591308594,-8.391174316406257,gat
gat,post_covid,4,QUILMES,2024-25,0.5,IT50,46.34689792435932,13,,,,,,2024-11-24,2025-01-19,8.0,14.998634338378906,18.678630828857425,3.679996490478519,gat
gat,post_covid,4,QUILMES,2024-25,0.9,IT90,80.98262048145082,13,,,,,,2024-11-24,2025-01-19,8.0,14.998634338378906,18.678630828857425,3.679996490478519,gat
gat,post_covid,4,QUILMES,2024-25,0.98,IT98,115.72591322033615,13,,,,,,2024-11-24,2025-01-19,8.0,14.998634338378906,18.678630828857425,3.679996490478519,gat
gat,post_covid,4,QUILMES,2025-26,0.5,IT50,46.34689792435932,40,,2025-05-18,,,2025-05-18,2025-06-08,2025-05-18,-3.0,39.62797164916992,51.587181091308594,11.959209442138672,gat
gat,post_covid,4,QUILMES,2025-26,0.9,IT90,80.98262048145082,40,,,,,,2025-06-08,2025-05-18,-3.0,39.62797164916992,51.587181091308594,11.959209442138672,gat
gat,post_covid,4,QUILMES,2025-26,0.98,IT98,115.72591322033615,40,,,,,,2025-06-08,2025-05-18,-3.0,39.62797164916992,51.587181091308594,11.959209442138672,gat
gat,post_covid,4,SAN ISIDRO,2024-25,0.5,IT50,31.02709117627285,13,,,,,,2024-12-15,2025-01-26,6.0,9.082284927368164,14.7347993850708,5.652514457702637,gat
gat,post_covid,4,SAN ISIDRO,2024-25,0.9,IT90,61.06994953059092,13,,,,,,2024-12-15,2025-01-26,6.0,9.082284927368164,14.7347993850708,5.652514457702637,gat
gat,post_covid,4,SAN ISIDRO,2024-25,0.98,IT98,94.17754601713678,13,,,,,,2024-12-15,2025-01-26,6.0,9.082284927368164,14.7347993850708,5.652514457702637,gat
gat,post_covid,4,SAN ISIDRO,2025-26,0.5,IT50,31.02709117627285,37,,2025-05-11,,,2025-05-11,2025-03-30,2025-05-25,8.0,29.937904357910156,39.881614685058594,9.943710327148438,gat
gat,post_covid,4,SAN ISIDRO,2025-26,0.9,IT90,61.06994953059092,37,,,,,,2025-03-30,2025-05-25,8.0,29.937904357910156,39.881614685058594,9.943710327148438,gat
gat,post_covid,4,SAN ISIDRO,2025-26,0.98,IT98,94.17754601713678,37,,,,,,2025-03-30,2025-05-25,8.0,29.937904357910156,39.881614685058594,9.943710327148438,gat
gat,post_covid,4,SAN MIGUEL,2024-25,0.5,IT50,41.72536470891113,13,,,,,,2024-11-10,2024-11-17,1.0,21.895479202270508,23.63760757446289,1.7421283721923828,gat
gat,post_covid,4,SAN MIGUEL,2024-25,0.9,IT90,54.8832873966512,13,,,,,,2024-11-10,2024-11-17,1.0,21.895479202270508,23.63760757446289,1.7421283721923828,gat
gat,post_covid,4,SAN MIGUEL,2024-25,0.98,IT98,65.40139686030513,13,,,,,,2024-11-10,2024-11-17,1.0,21.895479202270508,23.63760757446289,1.7421283721923828,gat
gat,post_covid,4,SAN MIGUEL,2025-26,0.5,IT50,41.72536470891113,40,2025-05-18,2025-05-18,0.0,0.0,2025-05-18,2025-07-27,2025-05-25,-9.0,93.35989379882812,52.495025634765625,-40.8648681640625,gat
gat,post_covid,4,SAN MIGUEL,2025-26,0.9,IT90,54.8832873966512,40,2025-07-20,,,,,2025-07-27,2025-05-25,-9.0,93.35989379882812,52.495025634765625,-40.8648681640625,gat
gat,post_covid,4,SAN MIGUEL,2025-26,0.98,IT98,65.40139686030513,40,2025-07-27,,,,,2025-07-27,2025-05-25,-9.0,93.35989379882812,52.495025634765625,-40.8648681640625,gat
gat,post_covid,4,TIGRE,2024-25,0.5,IT50,22.292181427607932,13,,,,,,2024-11-17,2025-01-26,10.0,3.579826831817627,5.723118305206299,2.143291473388672,gat
gat,post_covid,4,TIGRE,2024-25,0.9,IT90,51.59902428823632,13,,,,,,2024-11-17,2025-01-26,10.0,3.579826831817627,5.723118305206299,2.143291473388672,gat
gat,post_covid,4,TIGRE,2024-25,0.98,IT98,88.26651373174553,13,,,,,,2024-11-17,2025-01-26,10.0,3.579826831817627,5.723118305206299,2.143291473388672,gat
gat,post_covid,4,TIGRE,2025-26,0.5,IT50,22.292181427607932,40,2025-07-06,2025-05-11,-8.0,8.0,2025-05-11,2025-07-13,2025-05-25,-7.0,40.72052764892578,34.88658905029297,-5.8339385986328125,gat
gat,post_covid,4,TIGRE,2025-26,0.9,IT90,51.59902428823632,40,,,,,,2025-07-13,2025-05-25,-7.0,40.72052764892578,34.88658905029297,-5.8339385986328125,gat
gat,post_covid,4,TIGRE,2025-26,0.98,IT98,88.26651373174553,40,,,,,,2025-07-13,2025-05-25,-7.0,40.72052764892578,34.88658905029297,-5.8339385986328125,gat
gat,post_covid,4,TRES DE FEBRERO,2024-25,0.5,IT50,92.40050209783404,13,,,,,,2024-11-10,2025-01-26,11.0,49.97583770751953,34.19845962524414,-15.77737808227539,gat
gat,post_covid,4,TRES DE FEBRERO,2024-25,0.9,IT90,150.5622822202344,13,,,,,,2024-11-10,2025-01-26,11.0,49.97583770751953,34.19845962524414,-15.77737808227539,gat
gat,post_covid,4,TRES DE FEBRERO,2024-25,0.98,IT98,205.7567466717726,13,,,,,,2024-11-10,2025-01-26,11.0,49.97583770751953,34.19845962524414,-15.77737808227539,gat
gat,post_covid,4,TRES DE FEBRERO,2025-26,0.5,IT50,92.40050209783404,40,2025-06-01,2025-05-18,-2.0,2.0,2025-05-18,2025-06-01,2025-05-25,-1.0,114.50507354736328,114.13643646240234,-0.3686370849609375,gat
gat,post_covid,4,TRES DE FEBRERO,2025-26,0.9,IT90,150.5622822202344,40,,,,,,2025-06-01,2025-05-25,-1.0,114.50507354736328,114.13643646240234,-0.3686370849609375,gat
gat,post_covid,4,TRES DE FEBRERO,2025-26,0.98,IT98,205.7567466717726,40,,,,,,2025-06-01,2025-05-25,-1.0,114.50507354736328,114.13643646240234,-0.3686370849609375,gat
gat,post_covid,4,VICENTE LÓPEZ,2024-25,0.5,IT50,105.82113989675452,13,,,,,,2024-11-10,2025-01-26,11.0,15.233097076416016,64.58771514892578,49.354618072509766,gat
gat,post_covid,4,VICENTE LÓPEZ,2024-25,0.9,IT90,168.616011392644,13,,,,,,2024-11-10,2025-01-26,11.0,15.233097076416016,64.58771514892578,49.354618072509766,gat
gat,post_covid,4,VICENTE LÓPEZ,2024-25,0.98,IT98,227.1548194913809,13,,,,,,2024-11-10,2025-01-26,11.0,15.233097076416016,64.58771514892578,49.354618072509766,gat
gat,post_covid,4,VICENTE LÓPEZ,2025-26,0.5,IT50,105.82113989675452,40,2025-05-25,2025-05-04,-3.0,3.0,2025-05-04,2025-05-25,2025-05-18,-1.0,114.77964782714844,146.04171752929688,31.262069702148438,gat
gat,post_covid,4,VICENTE LÓPEZ,2025-26,0.9,IT90,168.616011392644,40,,,,,,2025-05-25,2025-05-18,-1.0,114.77964782714844,146.04171752929688,31.262069702148438,gat
gat,post_covid,4,VICENTE LÓPEZ,2025-26,0.98,IT98,227.1548194913809,40,,,,,,2025-05-25,2025-05-18,-1.0,114.77964782714844,146.04171752929688,31.262069702148438,gat
gat,post_covid,4,CITYWIDE,2024-25,0.5,IT50,77.06642887231719,13,,,,,,2024-11-10,2024-11-03,-1.0,33.76782475019756,29.020273785842093,-4.747550964355469,gat
gat,post_covid,4,CITYWIDE,2024-25,0.9,IT90,97.46007981062509,13,,,,,,2024-11-10,2024-11-03,-1.0,33.76782475019756,29.020273785842093,-4.747550964355469,gat
gat,post_covid,4,CITYWIDE,2024-25,0.98,IT98,113.25281678189309,13,,,,,,2024-11-10,2024-11-03,-1.0,33.76782475019756,29.020273785842093,-4.747550964355469,gat
gat,post_covid,4,CITYWIDE,2025-26,0.5,IT50,77.06642887231719,40,2025-05-18,2025-05-18,0.0,0.0,2025-05-18,2025-06-08,2025-05-25,-2.0,119.66687754580849,103.90133350773861,-15.765544038069876,gat
gat,post_covid,4,CITYWIDE,2025-26,0.9,IT90,97.46007981062509,40,2025-05-25,2025-05-25,0.0,0.0,2025-05-25,2025-06-08,2025-05-25,-2.0,119.66687754580849,103.90133350773861,-15.765544038069876,gat
gat,post_covid,4,CITYWIDE,2025-26,0.98,IT98,113.25281678189309,40,2025-06-08,,,,,2025-06-08,2025-05-25,-2.0,119.66687754580849,103.90133350773861,-15.765544038069876,gat
gnn_st,post_covid,4,ALMIRANTE BROWN,2024-25,0.5,IT50,45.51198712694632,13,,,,,,2024-12-01,2024-11-03,-4.0,20.860870361328125,24.110595703125,3.249725341796875,gnn_st
gnn_st,post_covid,4,ALMIRANTE BROWN,2024-25,0.9,IT90,59.3327355509796,13,,,,,,2024-12-01,2024-11-03,-4.0,20.860870361328125,24.110595703125,3.249725341796875,gnn_st
gnn_st,post_covid,4,ALMIRANTE BROWN,2024-25,0.98,IT98,70.30154029606965,13,,,,,,2024-12-01,2024-11-03,-4.0,20.860870361328125,24.110595703125,3.249725341796875,gnn_st
gnn_st,post_covid,4,ALMIRANTE BROWN,2025-26,0.5,IT50,45.51198712694632,40,,,,,,2025-06-08,2025-06-22,2.0,41.550750732421875,38.94495391845703,-2.6057968139648438,gnn_st
gnn_st,post_covid,4,ALMIRANTE BROWN,2025-26,0.9,IT90,59.3327355509796,40,,,,,,2025-06-08,2025-06-22,2.0,41.550750732421875,38.94495391845703,-2.6057968139648438,gnn_st
gnn_st,post_covid,4,ALMIRANTE BROWN,2025-26,0.98,IT98,70.30154029606965,40,,,,,,2025-06-08,2025-06-22,2.0,41.550750732421875,38.94495391845703,-2.6057968139648438,gnn_st
gnn_st,post_covid,4,AVELLANEDA,2024-25,0.5,IT50,245.84106655843968,13,,,,,,2024-11-24,2024-11-03,-3.0,130.04891967773438,132.62132263183594,2.5724029541015625,gnn_st
gnn_st,post_covid,4,AVELLANEDA,2024-25,0.9,IT90,374.7741671132419,13,,,,,,2024-11-24,2024-11-03,-3.0,130.04891967773438,132.62132263183594,2.5724029541015625,gnn_st
gnn_st,post_covid,4,AVELLANEDA,2024-25,0.98,IT98,490.7992503428019,13,,,,,,2024-11-24,2024-11-03,-3.0,130.04891967773438,132.62132263183594,2.5724029541015625,gnn_st
gnn_st,post_covid,4,AVELLANEDA,2025-26,0.5,IT50,245.84106655843968,40,2025-05-25,2025-05-18,-1.0,1.0,2025-05-18,2025-06-01,2025-05-25,-1.0,323.761962890625,267.266845703125,-56.4951171875,gnn_st
gnn_st,post_covid,4,AVELLANEDA,2025-26,0.9,IT90,374.7741671132419,40,,,,,,2025-06-01,2025-05-25,-1.0,323.761962890625,267.266845703125,-56.4951171875,gnn_st
gnn_st,post_covid,4,AVELLANEDA,2025-26,0.98,IT98,490.7992503428019,40,,,,,,2025-06-01,2025-05-25,-1.0,323.761962890625,267.266845703125,-56.4951171875,gnn_st
gnn_st,post_covid,4,EZEIZA,2024-25,0.5,IT50,139.80229436412165,13,,,,,,2024-11-03,2024-11-03,0.0,44.662574768066406,79.28174591064453,34.619171142578125,gnn_st
gnn_st,post_covid,4,EZEIZA,2024-25,0.9,IT90,180.23131160603506,13,,,,,,2024-11-03,2024-11-03,0.0,44.662574768066406,79.28174591064453,34.619171142578125,gnn_st
gnn_st,post_covid,4,EZEIZA,2024-25,0.98,IT98,212.02965427114694,13,,,,,,2024-11-03,2024-11-03,0.0,44.662574768066406,79.28174591064453,34.619171142578125,gnn_st
gnn_st,post_covid,4,EZEIZA,2025-26,0.5,IT50,139.80229436412165,40,2025-05-25,2025-06-15,3.0,-3.0,2025-06-15,2025-06-08,2025-06-22,2.0,186.09405517578125,143.87445068359375,-42.2196044921875,gnn_st
gnn_st,post_covid,4,EZEIZA,2025-26,0.9,IT90,180.23131160603506,40,2025-06-08,,,,,2025-06-08,2025-06-22,2.0,186.09405517578125,143.87445068359375,-42.2196044921875,gnn_st
gnn_st,post_covid,4,EZEIZA,2025-26,0.98,IT98,212.02965427114694,40,,,,,,2025-06-08,2025-06-22,2.0,186.09405517578125,143.87445068359375,-42.2196044921875,gnn_st
gnn_st,post_covid,4,FLORENCIO VARELA,2024-25,0.5,IT50,92.52865090835965,13,,,,,,2024-11-10,2024-11-10,0.0,47.53914260864258,31.42076110839844,-16.118381500244137,gnn_st
gnn_st,post_covid,4,FLORENCIO VARELA,2024-25,0.9,IT90,129.20404508235538,13,,,,,,2024-11-10,2024-11-10,0.0,47.53914260864258,31.42076110839844,-16.118381500244137,gnn_st
gnn_st,post_covid,4,FLORENCIO VARELA,2024-25,0.98,IT98,159.96645580277627,13,,,,,,2024-11-10,2024-11-10,0.0,47.53914260864258,31.42076110839844,-16.118381500244137,gnn_st
gnn_st,post_covid,4,FLORENCIO VARELA,2025-26,0.5,IT50,92.52865090835965,40,2025-05-25,2025-07-06,6.0,-6.0,2025-07-06,2025-06-08,2025-07-06,4.0,146.44473266601562,98.67688751220705,-47.76784515380858,gnn_st
gnn_st,post_covid,4,FLORENCIO VARELA,2025-26,0.9,IT90,129.20404508235538,40,2025-06-08,,,,,2025-06-08,2025-07-06,4.0,146.44473266601562,98.67688751220705,-47.76784515380858,gnn_st
gnn_st,post_covid,4,FLORENCIO VARELA,2025-26,0.98,IT98,159.96645580277627,40,,,,,,2025-06-08,2025-07-06,4.0,146.44473266601562,98.67688751220705,-47.76784515380858,gnn_st
gnn_st,post_covid,4,GENERAL SAN MARTÍN,2024-25,0.5,IT50,77.94711365203958,13,,,,,,2024-11-17,2024-11-03,-2.0,38.62220764160156,40.289207458496094,1.6669998168945312,gnn_st
gnn_st,post_covid,4,GENERAL SAN MARTÍN,2024-25,0.9,IT90,119.50868958439348,13,,,,,,2024-11-17,2024-11-03,-2.0,38.62220764160156,40.289207458496094,1.6669998168945312,gnn_st
gnn_st,post_covid,4,GENERAL SAN MARTÍN,2024-25,0.98,IT98,157.08069982681235,13,,,,,,2024-11-17,2024-11-03,-2.0,38.62220764160156,40.289207458496094,1.6669998168945312,gnn_st
gnn_st,post_covid,4,GENERAL SAN MARTÍN,2025-26,0.5,IT50,77.94711365203958,40,2025-05-18,2025-06-01,2.0,-2.0,2025-06-01,2025-06-01,2025-06-08,1.0,98.99715423583984,82.37311553955078,-16.624038696289062,gnn_st
gnn_st,post_covid,4,GENERAL SAN MARTÍN,2025-26,0.9,IT90,119.50868958439348,40,,,,,,2025-06-01,2025-06-08,1.0,98.99715423583984,82.37311553955078,-16.624038696289062,gnn_st
gnn_st,post_covid,4,GENERAL SAN MARTÍN,2025-26,0.98,IT98,157.08069982681235,40,,,,,,2025-06-01,2025-06-08,1.0,98.99715423583984,82.37311553955078,-16.624038696289062,gnn_st
gnn_st,post_covid,4,JOSÉ C. PAZ,2024-25,0.5,IT50,222.17859568980776,13,,,,,,2024-11-03,2024-11-03,0.0,178.59762573242188,125.04735565185548,-53.55027008056639,gnn_st
gnn_st,post_covid,4,JOSÉ C. PAZ,2024-25,0.9,IT90,355.8888420506266,13,,,,,,2024-11-03,2024-11-03,0.0,178.59762573242188,125.04735565185548,-53.55027008056639,gnn_st
gnn_st,post_covid,4,JOSÉ C. PAZ,2024-25,0.98,IT98,481.06046989083103,13,,,,,,2024-11-03,2024-11-03,0.0,178.59762573242188,125.04735565185548,-53.55027008056639,gnn_st
gnn_st,post_covid,4,JOSÉ C. PAZ,2025-26,0.5,IT50,222.17859568980776,40,2025-03-16,2025-06-01,11.0,-11.0,2025-06-01,2025-05-25,2025-06-22,4.0,740.6908569335938,412.6470642089844,-328.0437927246094,gnn_st
gnn_st,post_covid,4,JOSÉ C. PAZ,2025-26,0.9,IT90,355.8888420506266,40,2025-05-04,2025-06-22,7.0,-7.0,2025-06-22,2025-05-25,2025-06-22,4.0,740.6908569335938,412.6470642089844,-328.0437927246094,gnn_st
gnn_st,post_covid,4,JOSÉ C. PAZ,2025-26,0.98,IT98,481.06046989083103,40,2025-05-25,,,,,2025-05-25,2025-06-22,4.0,740.6908569335938,412.6470642089844,-328.0437927246094,gnn_st
gnn_st,post_covid,4,LA MATANZA,2024-25,0.5,IT50,24.512107570850826,13,,,,,,2024-11-10,2024-11-03,-1.0,16.401927947998047,13.277732849121094,-3.124195098876953,gnn_st
gnn_st,post_covid,4,LA MATANZA,2024-25,0.9,IT90,49.0533041651205,13,,,,,,2024-11-10,2024-11-03,-1.0,16.401927947998047,13.277732849121094,-3.124195098876953,gnn_st
gnn_st,post_covid,4,LA MATANZA,2024-25,0.98,IT98,76.45298521130762,13,,,,,,2024-11-10,2024-11-03,-1.0,16.401927947998047,13.277732849121094,-3.124195098876953,gnn_st
gnn_st,post_covid,4,LA MATANZA,2025-26,0.5,IT50,24.512107570850826,40,2025-03-16,2025-05-18,9.0,-9.0,2025-05-18,2025-06-01,2025-06-29,4.0,53.17048645019531,36.69173049926758,-16.478755950927734,gnn_st
gnn_st,post_covid,4,LA MATANZA,2025-26,0.9,IT90,49.0533041651205,40,2025-06-01,,,,,2025-06-01,2025-06-29,4.0,53.17048645019531,36.69173049926758,-16.478755950927734,gnn_st
gnn_st,post_covid,4,LA MATANZA,2025-26,0.98,IT98,76.45298521130762,40,,,,,,2025-06-01,2025-06-29,4.0,53.17048645019531,36.69173049926758,-16.478755950927734,gnn_st
gnn_st,post_covid,4,LANÚS,2024-25,0.5,IT50,132.6029855198303,13,,,,,,2024-11-03,2024-11-03,0.0,51.813812255859375,62.0165901184082,10.202777862548828,gnn_st
gnn_st,post_covid,4,LANÚS,2024-25,0.9,IT90,190.48996986250967,13,,,,,,2024-11-03,2024-11-03,0.0,51.813812255859375,62.0165901184082,10.202777862548828,gnn_st
gnn_st,post_covid,4,LANÚS,2024-25,0.98,IT98,240.1624128185746,13,,,,,,2024-11-03,2024-11-03,0.0,51.813812255859375,62.0165901184082,10.202777862548828,gnn_st
gnn_st,post_covid,4,LANÚS,2025-26,0.5,IT50,132.6029855198303,40,2025-05-25,,,,,2025-06-01,2025-06-29,4.0,171.48419189453125,131.4403839111328,-40.04380798339844,gnn_st
gnn_st,post_covid,4,LANÚS,2025-26,0.9,IT90,190.48996986250967,40,,,,,,2025-06-01,2025-06-29,4.0,171.48419189453125,131.4403839111328,-40.04380798339844,gnn_st
gnn_st,post_covid,4,LANÚS,2025-26,0.98,IT98,240.1624128185746,40,,,,,,2025-06-01,2025-06-29,4.0,171.48419189453125,131.4403839111328,-40.04380798339844,gnn_st
gnn_st,post_covid,4,LOMAS DE ZAMORA,2024-25,0.5,IT50,8.281330480989212,10,,,,,,2024-11-10,2024-11-03,-1.0,1.448267936706543,2.4061663150787354,0.9578983783721924,gnn_st
gnn_st,post_covid,4,LOMAS DE ZAMORA,2024-25,0.9,IT90,13.281987582112178,10,,,,,,2024-11-10,2024-11-03,-1.0,1.448267936706543,2.4061663150787354,0.9578983783721924,gnn_st
gnn_st,post_covid,4,LOMAS DE ZAMORA,2024-25,0.98,IT98,17.968039817353144,10,,,,,,2024-11-10,2024-11-03,-1.0,1.448267936706543,2.4061663150787354,0.9578983783721924,gnn_st
gnn_st,post_covid,4,LOMAS DE ZAMORA,2025-26,0.5,IT50,8.281330480989212,31,,,,,,2025-06-15,2025-05-25,-3.0,1.593094825744629,5.231322765350342,3.638227939605713,gnn_st
gnn_st,post_covid,4,LOMAS DE ZAMORA,2025-26,0.9,IT90,13.281987582112178,31,,,,,,2025-06-15,2025-05-25,-3.0,1.593094825744629,5.231322765350342,3.638227939605713,gnn_st
gnn_st,post_covid,4,LOMAS DE ZAMORA,2025-26,0.98,IT98,17.968039817353144,31,,,,,,2025-06-15,2025-05-25,-3.0,1.593094825744629,5.231322765350342,3.638227939605713,gnn_st
gnn_st,post_covid,4,MALVINAS ARGENTINAS,2024-25,0.5,IT50,19.75908456675979,13,,,,,,2024-11-17,2024-11-03,-2.0,9.125284194946287,5.216663837432861,-3.908620357513426,gnn_st
gnn_st,post_covid,4,MALVINAS ARGENTINAS,2024-25,0.9,IT90,75.76432319476002,13,,,,,,2024-11-17,2024-11-03,-2.0,9.125284194946287,5.216663837432861,-3.908620357513426,gnn_st
gnn_st,post_covid,4,MALVINAS ARGENTINAS,2024-25,0.98,IT98,178.99536057166898,13,,,,,,2024-11-17,2024-11-03,-2.0,9.125284194946287,5.216663837432861,-3.908620357513426,gnn_st
gnn_st,post_covid,4,MALVINAS ARGENTINAS,2025-26,0.5,IT50,19.75908456675979,40,2025-04-27,2025-05-25,4.0,-4.0,2025-05-25,2025-06-08,2025-07-06,4.0,137.44960021972656,66.89636993408203,-70.55323028564453,gnn_st
gnn_st,post_covid,4,MALVINAS ARGENTINAS,2025-26,0.9,IT90,75.76432319476002,40,2025-04-27,,,,,2025-06-08,2025-07-06,4.0,137.44960021972656,66.89636993408203,-70.55323028564453,gnn_st
gnn_st,post_covid,4,MALVINAS ARGENTINAS,2025-26,0.98,IT98,178.99536057166898,40,,,,,,2025-06-08,2025-07-06,4.0,137.44960021972656,66.89636993408203,-70.55323028564453,gnn_st
gnn_st,post_covid,4,MERLO,2024-25,0.5,IT50,93.32449393075508,13,,,,,,2024-12-15,2024-11-10,-5.0,23.86323356628418,14.5693998336792,-9.29383373260498,gnn_st
gnn_st,post_covid,4,MERLO,2024-25,0.9,IT90,164.5170716895135,13,,,,,,2024-12-15,2024-11-10,-5.0,23.86323356628418,14.5693998336792,-9.29383373260498,gnn_st
gnn_st,post_covid,4,MERLO,2024-25,0.98,IT98,236.4333757518645,13,,,,,,2024-12-15,2024-11-10,-5.0,23.86323356628418,14.5693998336792,-9.29383373260498,gnn_st
gnn_st,post_covid,4,MERLO,2025-26,0.5,IT50,93.32449393075508,40,,,,,,2025-06-15,2025-07-13,4.0,60.0872802734375,60.679744720458984,0.5924644470214844,gnn_st
gnn_st,post_covid,4,MERLO,2025-26,0.9,IT90,164.5170716895135,40,,,,,,2025-06-15,2025-07-13,4.0,60.0872802734375,60.679744720458984,0.5924644470214844,gnn_st
gnn_st,post_covid,4,MERLO,2025-26,0.98,IT98,236.4333757518645,40,,,,,,2025-06-15,2025-07-13,4.0,60.0872802734375,60.679744720458984,0.5924644470214844,gnn_st
gnn_st,post_covid,4,MORENO,2024-25,0.5,IT50,101.79720605127496,13,,,,,,2024-11-24,2024-11-10,-2.0,51.15914535522461,33.90140914916992,-17.257736206054688,gnn_st
gnn_st,post_covid,4,MORENO,2024-25,0.9,IT90,214.46725243408844,13,,,,,,2024-11-24,2024-11-10,-2.0,51.15914535522461,33.90140914916992,-17.257736206054688,gnn_st
gnn_st,post_covid,4,MORENO,2024-25,0.98,IT98,345.44262322711484,13,,,,,,2024-11-24,2024-11-10,-2.0,51.15914535522461,33.90140914916992,-17.257736206054688,gnn_st
gnn_st,post_covid,4,MORENO,2025-26,0.5,IT50,101.79720605127496,40,2025-05-25,2025-05-11,-2.0,2.0,2025-05-11,2025-07-13,2025-05-18,-8.0,197.0060577392578,132.03517150878906,-64.97088623046875,gnn_st
gnn_st,post_covid,4,MORENO,2025-26,0.9,IT90,214.46725243408844,40,,,,,,2025-07-13,2025-05-18,-8.0,197.0060577392578,132.03517150878906,-64.97088623046875,gnn_st
gnn_st,post_covid,4,MORENO,2025-26,0.98,IT98,345.44262322711484,40,,,,,,2025-07-13,2025-05-18,-8.0,197.0060577392578,132.03517150878906,-64.97088623046875,gnn_st
gnn_st,post_covid,4,MORÓN,2024-25,0.5,IT50,28.847000469649124,13,,,,,,2024-11-03,2024-12-01,4.0,24.45777702331543,15.755792617797852,-8.701984405517578,gnn_st
gnn_st,post_covid,4,MORÓN,2024-25,0.9,IT90,57.29975452086349,13,,,,,,2024-11-03,2024-12-01,4.0,24.45777702331543,15.755792617797852,-8.701984405517578,gnn_st
gnn_st,post_covid,4,MORÓN,2024-25,0.98,IT98,88.88106833465432,13,,,,,,2024-11-03,2024-12-01,4.0,24.45777702331543,15.755792617797852,-8.701984405517578,gnn_st
gnn_st,post_covid,4,MORÓN,2025-26,0.5,IT50,28.847000469649124,40,2025-05-25,2025-05-25,0.0,0.0,2025-05-25,2025-06-08,2025-07-06,4.0,54.04866790771485,30.81805992126465,-23.230607986450202,gnn_st
gnn_st,post_covid,4,MORÓN,2025-26,0.9,IT90,57.29975452086349,40,,,,,,2025-06-08,2025-07-06,4.0,54.04866790771485,30.81805992126465,-23.230607986450202,gnn_st
gnn_st,post_covid,4,MORÓN,2025-26,0.98,IT98,88.88106833465432,40,,,,,,2025-06-08,2025-07-06,4.0,54.04866790771485,30.81805992126465,-23.230607986450202,gnn_st
gnn_st,post_covid,4,QUILMES,2024-25,0.5,IT50,46.34689792435932,13,,,,,,2024-11-24,2024-11-10,-2.0,14.99863338470459,16.063190460205078,1.0645570755004883,gnn_st
gnn_st,post_covid,4,QUILMES,2024-25,0.9,IT90,80.98262048145082,13,,,,,,2024-11-24,2024-11-10,-2.0,14.99863338470459,16.063190460205078,1.0645570755004883,gnn_st
gnn_st,post_covid,4,QUILMES,2024-25,0.98,IT98,115.72591322033615,13,,,,,,2024-11-24,2024-11-10,-2.0,14.99863338470459,16.063190460205078,1.0645570755004883,gnn_st
gnn_st,post_covid,4,QUILMES,2025-26,0.5,IT50,46.34689792435932,40,,,,,,2025-06-08,2025-05-11,-4.0,39.62797164916992,39.86017608642578,0.23220443725585938,gnn_st
gnn_st,post_covid,4,QUILMES,2025-26,0.9,IT90,80.98262048145082,40,,,,,,2025-06-08,2025-05-11,-4.0,39.62797164916992,39.86017608642578,0.23220443725585938,gnn_st
gnn_st,post_covid,4,QUILMES,2025-26,0.98,IT98,115.72591322033615,40,,,,,,2025-06-08,2025-05-11,-4.0,39.62797164916992,39.86017608642578,0.23220443725585938,gnn_st
gnn_st,post_covid,4,SAN ISIDRO,2024-25,0.5,IT50,31.02709117627285,13,,,,,,2024-12-15,2025-01-26,6.0,9.082284927368164,13.56982707977295,4.487542152404785,gnn_st
gnn_st,post_covid,4,SAN ISIDRO,2024-25,0.9,IT90,61.06994953059092,13,,,,,,2024-12-15,2025-01-26,6.0,9.082284927368164,13.56982707977295,4.487542152404785,gnn_st
gnn_st,post_covid,4,SAN ISIDRO,2024-25,0.98,IT98,94.17754601713678,13,,,,,,2024-12-15,2025-01-26,6.0,9.082284927368164,13.56982707977295,4.487542152404785,gnn_st
gnn_st,post_covid,4,SAN ISIDRO,2025-26,0.5,IT50,31.02709117627285,37,,,,,,2025-03-30,2025-04-27,4.0,29.937904357910156,21.067848205566406,-8.87005615234375,gnn_st
gnn_st,post_covid,4,SAN ISIDRO,2025-26,0.9,IT90,61.06994953059092,37,,,,,,2025-03-30,2025-04-27,4.0,29.937904357910156,21.067848205566406,-8.87005615234375,gnn_st
gnn_st,post_covid,4,SAN ISIDRO,2025-26,0.98,IT98,94.17754601713678,37,,,,,,2025-03-30,2025-04-27,4.0,29.937904357910156,21.067848205566406,-8.87005615234375,gnn_st
gnn_st,post_covid,4,SAN MIGUEL,2024-25,0.5,IT50,41.72536470891113,13,,,,,,2024-11-10,2024-11-03,-1.0,21.895479202270508,26.087377548217773,4.191898345947266,gnn_st
gnn_st,post_covid,4,SAN MIGUEL,2024-25,0.9,IT90,54.8832873966512,13,,,,,,2024-11-10,2024-11-03,-1.0,21.895479202270508,26.087377548217773,4.191898345947266,gnn_st
gnn_st,post_covid,4,SAN MIGUEL,2024-25,0.98,IT98,65.40139686030513,13,,,,,,2024-11-10,2024-11-03,-1.0,21.895479202270508,26.087377548217773,4.191898345947266,gnn_st
gnn_st,post_covid,4,SAN MIGUEL,2025-26,0.5,IT50,41.72536470891113,40,2025-05-18,2025-06-15,4.0,-4.0,2025-06-15,2025-07-27,2025-08-24,4.0,93.35989379882812,54.267669677734375,-39.09222412109375,gnn_st
gnn_st,post_covid,4,SAN MIGUEL,2025-26,0.9,IT90,54.8832873966512,40,2025-07-20,,,,,2025-07-27,2025-08-24,4.0,93.35989379882812,54.267669677734375,-39.09222412109375,gnn_st
gnn_st,post_covid,4,SAN MIGUEL,2025-26,0.98,IT98,65.40139686030513,40,2025-07-27,,,,,2025-07-27,2025-08-24,4.0,93.35989379882812,54.267669677734375,-39.09222412109375,gnn_st
gnn_st,post_covid,4,TIGRE,2024-25,0.5,IT50,22.292181427607932,13,,,,,,2024-11-17,2024-11-10,-1.0,3.579826831817627,5.739517688751221,2.1596908569335938,gnn_st
gnn_st,post_covid,4,TIGRE,2024-25,0.9,IT90,51.59902428823632,13,,,,,,2024-11-17,2024-11-10,-1.0,3.579826831817627,5.739517688751221,2.1596908569335938,gnn_st
gnn_st,post_covid,4,TIGRE,2024-25,0.98,IT98,88.26651373174553,13,,,,,,2024-11-17,2024-11-10,-1.0,3.579826831817627,5.739517688751221,2.1596908569335938,gnn_st
gnn_st,post_covid,4,TIGRE,2025-26,0.5,IT50,22.292181427607932,40,2025-07-06,,,,,2025-07-13,2025-08-10,4.0,40.72053527832031,20.769384384155273,-19.95115089416504,gnn_st
gnn_st,post_covid,4,TIGRE,2025-26,0.9,IT90,51.59902428823632,40,,,,,,2025-07-13,2025-08-10,4.0,40.72053527832031,20.769384384155273,-19.95115089416504,gnn_st
gnn_st,post_covid,4,TIGRE,2025-26,0.98,IT98,88.26651373174553,40,,,,,,2025-07-13,2025-08-10,4.0,40.72053527832031,20.769384384155273,-19.95115089416504,gnn_st
gnn_st,post_covid,4,TRES DE FEBRERO,2024-25,0.5,IT50,92.40050209783404,13,,,,,,2024-11-10,2024-11-10,0.0,49.97583770751953,42.69293975830078,-7.28289794921875,gnn_st
gnn_st,post_covid,4,TRES DE FEBRERO,2024-25,0.9,IT90,150.5622822202344,13,,,,,,2024-11-10,2024-11-10,0.0,49.97583770751953,42.69293975830078,-7.28289794921875,gnn_st
gnn_st,post_covid,4,TRES DE FEBRERO,2024-25,0.98,IT98,205.7567466717726,13,,,,,,2024-11-10,2024-11-10,0.0,49.97583770751953,42.69293975830078,-7.28289794921875,gnn_st
gnn_st,post_covid,4,TRES DE FEBRERO,2025-26,0.5,IT50,92.40050209783404,40,2025-06-01,,,,,2025-06-01,2025-05-18,-2.0,114.50506591796876,85.74850463867188,-28.75656127929689,gnn_st
gnn_st,post_covid,4,TRES DE FEBRERO,2025-26,0.9,IT90,150.5622822202344,40,,,,,,2025-06-01,2025-05-18,-2.0,114.50506591796876,85.74850463867188,-28.75656127929689,gnn_st
gnn_st,post_covid,4,TRES DE FEBRERO,2025-26,0.98,IT98,205.7567466717726,40,,,,,,2025-06-01,2025-05-18,-2.0,114.50506591796876,85.74850463867188,-28.75656127929689,gnn_st
gnn_st,post_covid,4,VICENTE LÓPEZ,2024-25,0.5,IT50,105.82113989675452,13,,,,,,2024-11-10,2024-11-10,0.0,15.23310089111328,22.994115829467773,7.761014938354494,gnn_st
gnn_st,post_covid,4,VICENTE LÓPEZ,2024-25,0.9,IT90,168.616011392644,13,,,,,,2024-11-10,2024-11-10,0.0,15.23310089111328,22.994115829467773,7.761014938354494,gnn_st
gnn_st,post_covid,4,VICENTE LÓPEZ,2024-25,0.98,IT98,227.1548194913809,13,,,,,,2024-11-10,2024-11-10,0.0,15.23310089111328,22.994115829467773,7.761014938354494,gnn_st
gnn_st,post_covid,4,VICENTE LÓPEZ,2025-26,0.5,IT50,105.82113989675452,40,2025-05-25,2025-06-22,4.0,-4.0,2025-06-22,2025-05-25,2025-06-22,4.0,114.77964782714844,107.11492156982422,-7.664726257324219,gnn_st
gnn_st,post_covid,4,VICENTE LÓPEZ,2025-26,0.9,IT90,168.616011392644,40,,,,,,2025-05-25,2025-06-22,4.0,114.77964782714844,107.11492156982422,-7.664726257324219,gnn_st
gnn_st,post_covid,4,VICENTE LÓPEZ,2025-26,0.98,IT98,227.1548194913809,40,,,,,,2025-05-25,2025-06-22,4.0,114.77964782714844,107.11492156982422,-7.664726257324219,gnn_st
gnn_st,post_covid,4,CITYWIDE,2024-25,0.5,IT50,77.06642887231719,13,,,,,,2024-11-10,2024-11-03,-1.0,33.767825954838806,35.43632209928412,1.6684961444453137,gnn_st
gnn_st,post_covid,4,CITYWIDE,2024-25,0.9,IT90,97.46007981062509,13,,,,,,2024-11-10,2024-11-03,-1.0,33.767825954838806,35.43632209928412,1.6684961444453137,gnn_st
gnn_st,post_covid,4,CITYWIDE,2024-25,0.98,IT98,113.25281678189309,13,,,,,,2024-11-10,2024-11-03,-1.0,33.767825954838806,35.43632209928412,1.6684961444453137,gnn_st
gnn_st,post_covid,4,CITYWIDE,2025-26,0.5,IT50,77.06642887231719,40,2025-05-18,2025-06-01,2.0,-2.0,2025-06-01,2025-06-08,2025-06-22,2.0,119.66687754580849,87.45953641439739,-32.2073411314111,gnn_st
gnn_st,post_covid,4,CITYWIDE,2025-26,0.9,IT90,97.46007981062509,40,2025-05-25,,,,,2025-06-08,2025-06-22,2.0,119.66687754580849,87.45953641439739,-32.2073411314111,gnn_st
gnn_st,post_covid,4,CITYWIDE,2025-26,0.98,IT98,113.25281678189309,40,2025-06-08,,,,,2025-06-08,2025-06-22,2.0,119.66687754580849,87.45953641439739,-32.2073411314111,gnn_st
gnn_st_nodemo,post_covid,4,ALMIRANTE BROWN,2024-25,0.5,IT50,45.51198712694632,13,,,,,,2024-12-01,2024-11-03,-4.0,20.860870361328125,24.78598403930664,3.9251136779785156,gnn_st_nodemo
gnn_st_nodemo,post_covid,4,ALMIRANTE BROWN,2024-25,0.9,IT90,59.3327355509796,13,,,,,,2024-12-01,2024-11-03,-4.0,20.860870361328125,24.78598403930664,3.9251136779785156,gnn_st_nodemo
gnn_st_nodemo,post_covid,4,ALMIRANTE BROWN,2024-25,0.98,IT98,70.30154029606965,13,,,,,,2024-12-01,2024-11-03,-4.0,20.860870361328125,24.78598403930664,3.9251136779785156,gnn_st_nodemo
gnn_st_nodemo,post_covid,4,ALMIRANTE BROWN,2025-26,0.5,IT50,45.51198712694632,40,,,,,,2025-06-08,2025-06-22,2.0,41.550750732421875,39.22381591796875,-2.326934814453125,gnn_st_nodemo
gnn_st_nodemo,post_covid,4,ALMIRANTE BROWN,2025-26,0.9,IT90,59.3327355509796,40,,,,,,2025-06-08,2025-06-22,2.0,41.550750732421875,39.22381591796875,-2.326934814453125,gnn_st_nodemo
gnn_st_nodemo,post_covid,4,ALMIRANTE BROWN,2025-26,0.98,IT98,70.30154029606965,40,,,,,,2025-06-08,2025-06-22,2.0,41.550750732421875,39.22381591796875,-2.326934814453125,gnn_st_nodemo
gnn_st_nodemo,post_covid,4,AVELLANEDA,2024-25,0.5,IT50,245.84106655843968,13,,,,,,2024-11-24,2024-11-03,-3.0,130.04891967773438,135.3523406982422,5.3034210205078125,gnn_st_nodemo
gnn_st_nodemo,post_covid,4,AVELLANEDA,2024-25,0.9,IT90,374.7741671132419,13,,,,,,2024-11-24,2024-11-03,-3.0,130.04891967773438,135.3523406982422,5.3034210205078125,gnn_st_nodemo
gnn_st_nodemo,post_covid,4,AVELLANEDA,2024-25,0.98,IT98,490.7992503428019,13,,,,,,2024-11-24,2024-11-03,-3.0,130.04891967773438,135.3523406982422,5.3034210205078125,gnn_st_nodemo
gnn_st_nodemo,post_covid,4,AVELLANEDA,2025-26,0.5,IT50,245.84106655843968,40,2025-05-25,2025-05-18,-1.0,1.0,2025-05-18,2025-06-01,2025-05-25,-1.0,323.761962890625,267.72674560546875,-56.03521728515625,gnn_st_nodemo
gnn_st_nodemo,post_covid,4,AVELLANEDA,2025-26,0.9,IT90,374.7741671132419,40,,,,,,2025-06-01,2025-05-25,-1.0,323.761962890625,267.72674560546875,-56.03521728515625,gnn_st_nodemo
gnn_st_nodemo,post_covid,4,AVELLANEDA,2025-26,0.98,IT98,490.7992503428019,40,,,,,,2025-06-01,2025-05-25,-1.0,323.761962890625,267.72674560546875,-56.03521728515625,gnn_st_nodemo
gnn_st_nodemo,post_covid,4,EZEIZA,2024-25,0.5,IT50,139.80229436412165,13,,,,,,2024-11-03,2024-11-03,0.0,44.662574768066406,81.0511245727539,36.3885498046875,gnn_st_nodemo
gnn_st_nodemo,post_covid,4,EZEIZA,2024-25,0.9,IT90,180.23131160603506,13,,,,,,2024-11-03,2024-11-03,0.0,44.662574768066406,81.0511245727539,36.3885498046875,gnn_st_nodemo
gnn_st_nodemo,post_covid,4,EZEIZA,2024-25,0.98,IT98,212.02965427114694,13,,,,,,2024-11-03,2024-11-03,0.0,44.662574768066406,81.0511245727539,36.3885498046875,gnn_st_nodemo
gnn_st_nodemo,post_covid,4,EZEIZA,2025-26,0.5,IT50,139.80229436412165,40,2025-05-25,2025-05-25,0.0,0.0,2025-05-25,2025-06-08,2025-06-01,-1.0,186.09405517578125,145.16334533691406,-40.93070983886719,gnn_st_nodemo
gnn_st_nodemo,post_covid,4,EZEIZA,2025-26,0.9,IT90,180.23131160603506,40,2025-06-08,,,,,2025-06-08,2025-06-01,-1.0,186.09405517578125,145.16334533691406,-40.93070983886719,gnn_st_nodemo
gnn_st_nodemo,post_covid,4,EZEIZA,2025-26,0.98,IT98,212.02965427114694,40,,,,,,2025-06-08,2025-06-01,-1.0,186.09405517578125,145.16334533691406,-40.93070983886719,gnn_st_nodemo
gnn_st_nodemo,post_covid,4,FLORENCIO VARELA,2024-25,0.5,IT50,92.52865090835965,13,,,,,,2024-11-10,2024-11-10,0.0,47.53914260864258,32.6257209777832,-14.913421630859375,gnn_st_nodemo
gnn_st_nodemo,post_covid,4,FLORENCIO VARELA,2024-25,0.9,IT90,129.20404508235538,13,,,,,,2024-11-10,2024-11-10,0.0,47.53914260864258,32.6257209777832,-14.913421630859375,gnn_st_nodemo
gnn_st_nodemo,post_covid,4,FLORENCIO VARELA,2024-25,0.98,IT98,159.96645580277627,13,,,,,,2024-11-10,2024-11-10,0.0,47.53914260864258,32.6257209777832,-14.913421630859375,gnn_st_nodemo
gnn_st_nodemo,post_covid,4,FLORENCIO VARELA,2025-26,0.5,IT50,92.52865090835965,40,2025-05-25,2025-07-06,6.0,-6.0,2025-07-06,2025-06-08,2025-07-06,4.0,146.44473266601562,98.0946273803711,-48.35010528564453,gnn_st_nodemo
gnn_st_nodemo,post_covid,4,FLORENCIO VARELA,2025-26,0.9,IT90,129.20404508235538,40,2025-06-08,,,,,2025-06-08,2025-07-06,4.0,146.44473266601562,98.0946273803711,-48.35010528564453,gnn_st_nodemo
gnn_st_nodemo,post_covid,4,FLORENCIO VARELA,2025-26,0.98,IT98,159.96645580277627,40,,,,,,2025-06-08,2025-07-06,4.0,146.44473266601562,98.0946273803711,-48.35010528564453,gnn_st_nodemo
gnn_st_nodemo,post_covid,4,GENERAL SAN MARTÍN,2024-25,0.5,IT50,77.94711365203958,13,,,,,,2024-11-17,2024-11-03,-2.0,38.62220764160156,40.796600341796875,2.1743927001953125,gnn_st_nodemo
gnn_st_nodemo,post_covid,4,GENERAL SAN MARTÍN,2024-25,0.9,IT90,119.50868958439348,13,,,,,,2024-11-17,2024-11-03,-2.0,38.62220764160156,40.796600341796875,2.1743927001953125,gnn_st_nodemo
gnn_st_nodemo,post_covid,4,GENERAL SAN MARTÍN,2024-25,0.98,IT98,157.08069982681235,13,,,,,,2024-11-17,2024-11-03,-2.0,38.62220764160156,40.796600341796875,2.1743927001953125,gnn_st_nodemo
gnn_st_nodemo,post_covid,4,GENERAL SAN MARTÍN,2025-26,0.5,IT50,77.94711365203958,40,2025-05-18,2025-06-01,2.0,-2.0,2025-06-01,2025-06-01,2025-06-08,1.0,98.99715423583984,84.37666320800781,-14.620491027832031,gnn_st_nodemo
gnn_st_nodemo,post_covid,4,GENERAL SAN MARTÍN,2025-26,0.9,IT90,119.50868958439348,40,,,,,,2025-06-01,2025-06-08,1.0,98.99715423583984,84.37666320800781,-14.620491027832031,gnn_st_nodemo
gnn_st_nodemo,post_covid,4,GENERAL SAN MARTÍN,2025-26,0.98,IT98,157.08069982681235,40,,,,,,2025-06-01,2025-06-08,1.0,98.99715423583984,84.37666320800781,-14.620491027832031,gnn_st_nodemo
gnn_st_nodemo,post_covid,4,JOSÉ C. PAZ,2024-25,0.5,IT50,222.17859568980776,13,,,,,,2024-11-03,2024-11-03,0.0,178.59762573242188,124.74895477294922,-53.848670959472656,gnn_st_nodemo
gnn_st_nodemo,post_covid,4,JOSÉ C. PAZ,2024-25,0.9,IT90,355.8888420506266,13,,,,,,2024-11-03,2024-11-03,0.0,178.59762573242188,124.74895477294922,-53.848670959472656,gnn_st_nodemo
gnn_st_nodemo,post_covid,4,JOSÉ C. PAZ,2024-25,0.98,IT98,481.06046989083103,13,,,,,,2024-11-03,2024-11-03,0.0,178.59762573242188,124.74895477294922,-53.848670959472656,gnn_st_nodemo
gnn_st_nodemo,post_covid,4,JOSÉ C. PAZ,2025-26,0.5,IT50,222.17859568980776,40,2025-03-16,2025-06-01,11.0,-11.0,2025-06-01,2025-05-25,2025-06-22,4.0,740.6908569335938,415.0921630859375,-325.59869384765625,gnn_st_nodemo
gnn_st_nodemo,post_covid,4,JOSÉ C. PAZ,2025-26,0.9,IT90,355.8888420506266,40,2025-05-04,2025-06-22,7.0,-7.0,2025-06-22,2025-05-25,2025-06-22,4.0,740.6908569335938,415.0921630859375,-325.59869384765625,gnn_st_nodemo
gnn_st_nodemo,post_covid,4,JOSÉ C. PAZ,2025-26,0.98,IT98,481.06046989083103,40,2025-05-25,,,,,2025-05-25,2025-06-22,4.0,740.6908569335938,415.0921630859375,-325.59869384765625,gnn_st_nodemo
gnn_st_nodemo,post_covid,4,LA MATANZA,2024-25,0.5,IT50,24.512107570850826,13,,,,,,2024-11-10,2024-11-03,-1.0,16.401927947998047,13.628817558288574,-2.7731103897094727,gnn_st_nodemo
gnn_st_nodemo,post_covid,4,LA MATANZA,2024-25,0.9,IT90,49.0533041651205,13,,,,,,2024-11-10,2024-11-03,-1.0,16.401927947998047,13.628817558288574,-2.7731103897094727,gnn_st_nodemo
gnn_st_nodemo,post_covid,4,LA MATANZA,2024-25,0.98,IT98,76.45298521130762,13,,,,,,2024-11-10,2024-11-03,-1.0,16.401927947998047,13.628817558288574,-2.7731103897094727,gnn_st_nodemo
gnn_st_nodemo,post_covid,4,LA MATANZA,2025-26,0.5,IT50,24.512107570850826,40,2025-03-16,2025-05-18,9.0,-9.0,2025-05-18,2025-06-01,2025-06-29,4.0,53.17048645019531,37.52863311767578,-15.641853332519531,gnn_st_nodemo
gnn_st_nodemo,post_covid,4,LA MATANZA,2025-26,0.9,IT90,49.0533041651205,40,2025-06-01,,,,,2025-06-01,2025-06-29,4.0,53.17048645019531,37.52863311767578,-15.641853332519531,gnn_st_nodemo
gnn_st_nodemo,post_covid,4,LA MATANZA,2025-26,0.98,IT98,76.45298521130762,40,,,,,,2025-06-01,2025-06-29,4.0,53.17048645019531,37.52863311767578,-15.641853332519531,gnn_st_nodemo
gnn_st_nodemo,post_covid,4,LANÚS,2024-25,0.5,IT50,132.6029855198303,13,,,,,,2024-11-03,2024-11-03,0.0,51.813812255859375,64.80975341796875,12.995941162109375,gnn_st_nodemo
gnn_st_nodemo,post_covid,4,LANÚS,2024-25,0.9,IT90,190.48996986250967,13,,,,,,2024-11-03,2024-11-03,0.0,51.813812255859375,64.80975341796875,12.995941162109375,gnn_st_nodemo
gnn_st_nodemo,post_covid,4,LANÚS,2024-25,0.98,IT98,240.1624128185746,13,,,,,,2024-11-03,2024-11-03,0.0,51.813812255859375,64.80975341796875,12.995941162109375,gnn_st_nodemo
gnn_st_nodemo,post_covid,4,LANÚS,2025-26,0.5,IT50,132.6029855198303,40,2025-05-25,2025-05-25,0.0,0.0,2025-05-25,2025-06-01,2025-05-25,-1.0,171.48419189453125,133.20947265625,-38.27471923828125,gnn_st_nodemo
gnn_st_nodemo,post_covid,4,LANÚS,2025-26,0.9,IT90,190.48996986250967,40,,,,,,2025-06-01,2025-05-25,-1.0,171.48419189453125,133.20947265625,-38.27471923828125,gnn_st_nodemo
gnn_st_nodemo,post_covid,4,LANÚS,2025-26,0.98,IT98,240.1624128185746,40,,,,,,2025-06-01,2025-05-25,-1.0,171.48419189453125,133.20947265625,-38.27471923828125,gnn_st_nodemo
gnn_st_nodemo,post_covid,4,LOMAS DE ZAMORA,2024-25,0.5,IT50,8.281330480989212,10,,,,,,2024-11-10,2024-11-03,-1.0,1.448267936706543,2.63671350479126,1.1884455680847172,gnn_st_nodemo
gnn_st_nodemo,post_covid,4,LOMAS DE ZAMORA,2024-25,0.9,IT90,13.281987582112178,10,,,,,,2024-11-10,2024-11-03,-1.0,1.448267936706543,2.63671350479126,1.1884455680847172,gnn_st_nodemo
gnn_st_nodemo,post_covid,4,LOMAS DE ZAMORA,2024-25,0.98,IT98,17.968039817353144,10,,,,,,2024-11-10,2024-11-03,-1.0,1.448267936706543,2.63671350479126,1.1884455680847172,gnn_st_nodemo
gnn_st_nodemo,post_covid,4,LOMAS DE ZAMORA,2025-26,0.5,IT50,8.281330480989212,31,,,,,,2025-06-15,2025-05-25,-3.0,1.593094825744629,5.437595367431641,3.8445005416870117,gnn_st_nodemo
gnn_st_nodemo,post_covid,4,LOMAS DE ZAMORA,2025-26,0.9,IT90,13.281987582112178,31,,,,,,2025-06-15,2025-05-25,-3.0,1.593094825744629,5.437595367431641,3.8445005416870117,gnn_st_nodemo
gnn_st_nodemo,post_covid,4,LOMAS DE ZAMORA,2025-26,0.98,IT98,17.968039817353144,31,,,,,,2025-06-15,2025-05-25,-3.0,1.593094825744629,5.437595367431641,3.8445005416870117,gnn_st_nodemo
gnn_st_nodemo,post_covid,4,MALVINAS ARGENTINAS,2024-25,0.5,IT50,19.75908456675979,13,,,,,,2024-11-17,2024-11-03,-2.0,9.125284194946287,5.594522476196289,-3.5307617187499982,gnn_st_nodemo
gnn_st_nodemo,post_covid,4,MALVINAS ARGENTINAS,2024-25,0.9,IT90,75.76432319476002,13,,,,,,2024-11-17,2024-11-03,-2.0,9.125284194946287,5.594522476196289,-3.5307617187499982,gnn_st_nodemo
gnn_st_nodemo,post_covid,4,MALVINAS ARGENTINAS,2024-25,0.98,IT98,178.99536057166898,13,,,,,,2024-11-17,2024-11-03,-2.0,9.125284194946287,5.594522476196289,-3.5307617187499982,gnn_st_nodemo
gnn_st_nodemo,post_covid,4,MALVINAS ARGENTINAS,2025-26,0.5,IT50,19.75908456675979,40,2025-04-27,2025-05-25,4.0,-4.0,2025-05-25,2025-06-08,2025-07-06,4.0,137.44960021972656,67.27822875976562,-70.17137145996094,gnn_st_nodemo
gnn_st_nodemo,post_covid,4,MALVINAS ARGENTINAS,2025-26,0.9,IT90,75.76432319476002,40,2025-04-27,,,,,2025-06-08,2025-07-06,4.0,137.44960021972656,67.27822875976562,-70.17137145996094,gnn_st_nodemo
gnn_st_nodemo,post_covid,4,MALVINAS ARGENTINAS,2025-26,0.98,IT98,178.99536057166898,40,,,,,,2025-06-08,2025-07-06,4.0,137.44960021972656,67.27822875976562,-70.17137145996094,gnn_st_nodemo
gnn_st_nodemo,post_covid,4,MERLO,2024-25,0.5,IT50,93.32449393075508,13,,,,,,2024-12-15,2024-11-10,-5.0,23.86323356628418,18.027530670166016,-5.835702896118164,gnn_st_nodemo
gnn_st_nodemo,post_covid,4,MERLO,2024-25,0.9,IT90,164.5170716895135,13,,,,,,2024-12-15,2024-11-10,-5.0,23.86323356628418,18.027530670166016,-5.835702896118164,gnn_st_nodemo
gnn_st_nodemo,post_covid,4,MERLO,2024-25,0.98,IT98,236.4333757518645,13,,,,,,2024-12-15,2024-11-10,-5.0,23.86323356628418,18.027530670166016,-5.835702896118164,gnn_st_nodemo
gnn_st_nodemo,post_covid,4,MERLO,2025-26,0.5,IT50,93.32449393075508,40,,,,,,2025-06-15,2025-07-13,4.0,60.0872802734375,62.97684097290039,2.8895606994628906,gnn_st_nodemo
gnn_st_nodemo,post_covid,4,MERLO,2025-26,0.9,IT90,164.5170716895135,40,,,,,,2025-06-15,2025-07-13,4.0,60.0872802734375,62.97684097290039,2.8895606994628906,gnn_st_nodemo
gnn_st_nodemo,post_covid,4,MERLO,2025-26,0.98,IT98,236.4333757518645,40,,,,,,2025-06-15,2025-07-13,4.0,60.0872802734375,62.97684097290039,2.8895606994628906,gnn_st_nodemo
gnn_st_nodemo,post_covid,4,MORENO,2024-25,0.5,IT50,101.79720605127496,13,,,,,,2024-11-24,2024-11-10,-2.0,51.15914535522461,36.94725036621094,-14.211894989013672,gnn_st_nodemo
gnn_st_nodemo,post_covid,4,MORENO,2024-25,0.9,IT90,214.46725243408844,13,,,,,,2024-11-24,2024-11-10,-2.0,51.15914535522461,36.94725036621094,-14.211894989013672,gnn_st_nodemo
gnn_st_nodemo,post_covid,4,MORENO,2024-25,0.98,IT98,345.44262322711484,13,,,,,,2024-11-24,2024-11-10,-2.0,51.15914535522461,36.94725036621094,-14.211894989013672,gnn_st_nodemo
gnn_st_nodemo,post_covid,4,MORENO,2025-26,0.5,IT50,101.79720605127496,40,2025-05-25,2025-05-11,-2.0,2.0,2025-05-11,2025-07-13,2025-05-18,-8.0,197.0060577392578,133.55894470214844,-63.447113037109375,gnn_st_nodemo
gnn_st_nodemo,post_covid,4,MORENO,2025-26,0.9,IT90,214.46725243408844,40,,,,,,2025-07-13,2025-05-18,-8.0,197.0060577392578,133.55894470214844,-63.447113037109375,gnn_st_nodemo
gnn_st_nodemo,post_covid,4,MORENO,2025-26,0.98,IT98,345.44262322711484,40,,,,,,2025-07-13,2025-05-18,-8.0,197.0060577392578,133.55894470214844,-63.447113037109375,gnn_st_nodemo
gnn_st_nodemo,post_covid,4,MORÓN,2024-25,0.5,IT50,28.847000469649124,13,,,,,,2024-11-03,2024-12-01,4.0,24.45777702331543,16.909696578979492,-7.5480804443359375,gnn_st_nodemo
gnn_st_nodemo,post_covid,4,MORÓN,2024-25,0.9,IT90,57.29975452086349,13,,,,,,2024-11-03,2024-12-01,4.0,24.45777702331543,16.909696578979492,-7.5480804443359375,gnn_st_nodemo
gnn_st_nodemo,post_covid,4,MORÓN,2024-25,0.98,IT98,88.88106833465432,13,,,,,,2024-11-03,2024-12-01,4.0,24.45777702331543,16.909696578979492,-7.5480804443359375,gnn_st_nodemo
gnn_st_nodemo,post_covid,4,MORÓN,2025-26,0.5,IT50,28.847000469649124,40,2025-05-25,2025-05-25,0.0,0.0,2025-05-25,2025-06-08,2025-07-06,4.0,54.04866790771485,32.05084991455078,-21.99781799316407,gnn_st_nodemo
gnn_st_nodemo,post_covid,4,MORÓN,2025-26,0.9,IT90,57.29975452086349,40,,,,,,2025-06-08,2025-07-06,4.0,54.04866790771485,32.05084991455078,-21.99781799316407,gnn_st_nodemo
gnn_st_nodemo,post_covid,4,MORÓN,2025-26,0.98,IT98,88.88106833465432,40,,,,,,2025-06-08,2025-07-06,4.0,54.04866790771485,32.05084991455078,-21.99781799316407,gnn_st_nodemo
gnn_st_nodemo,post_covid,4,QUILMES,2024-25,0.5,IT50,46.34689792435932,13,,,,,,2024-11-24,2024-11-10,-2.0,14.99863338470459,17.215723037719727,2.2170896530151367,gnn_st_nodemo
gnn_st_nodemo,post_covid,4,QUILMES,2024-25,0.9,IT90,80.98262048145082,13,,,,,,2024-11-24,2024-11-10,-2.0,14.99863338470459,17.215723037719727,2.2170896530151367,gnn_st_nodemo
gnn_st_nodemo,post_covid,4,QUILMES,2024-25,0.98,IT98,115.72591322033615,13,,,,,,2024-11-24,2024-11-10,-2.0,14.99863338470459,17.215723037719727,2.2170896530151367,gnn_st_nodemo
gnn_st_nodemo,post_covid,4,QUILMES,2025-26,0.5,IT50,46.34689792435932,40,,,,,,2025-06-08,2025-05-11,-4.0,39.62797164916992,41.14944839477539,1.5214767456054688,gnn_st_nodemo
gnn_st_nodemo,post_covid,4,QUILMES,2025-26,0.9,IT90,80.98262048145082,40,,,,,,2025-06-08,2025-05-11,-4.0,39.62797164916992,41.14944839477539,1.5214767456054688,gnn_st_nodemo
gnn_st_nodemo,post_covid,4,QUILMES,2025-26,0.98,IT98,115.72591322033615,40,,,,,,2025-06-08,2025-05-11,-4.0,39.62797164916992,41.14944839477539,1.5214767456054688,gnn_st_nodemo
gnn_st_nodemo,post_covid,4,SAN ISIDRO,2024-25,0.5,IT50,31.02709117627285,13,,,,,,2024-12-15,2025-01-26,6.0,9.082284927368164,14.3658447265625,5.283559799194336,gnn_st_nodemo
gnn_st_nodemo,post_covid,4,SAN ISIDRO,2024-25,0.9,IT90,61.06994953059092,13,,,,,,2024-12-15,2025-01-26,6.0,9.082284927368164,14.3658447265625,5.283559799194336,gnn_st_nodemo
gnn_st_nodemo,post_covid,4,SAN ISIDRO,2024-25,0.98,IT98,94.17754601713678,13,,,,,,2024-12-15,2025-01-26,6.0,9.082284927368164,14.3658447265625,5.283559799194336,gnn_st_nodemo
gnn_st_nodemo,post_covid,4,SAN ISIDRO,2025-26,0.5,IT50,31.02709117627285,37,,,,,,2025-03-30,2025-04-27,4.0,29.937904357910156,21.636804580688477,-8.30109977722168,gnn_st_nodemo
gnn_st_nodemo,post_covid,4,SAN ISIDRO,2025-26,0.9,IT90,61.06994953059092,37,,,,,,2025-03-30,2025-04-27,4.0,29.937904357910156,21.636804580688477,-8.30109977722168,gnn_st_nodemo
gnn_st_nodemo,post_covid,4,SAN ISIDRO,2025-26,0.98,IT98,94.17754601713678,37,,,,,,2025-03-30,2025-04-27,4.0,29.937904357910156,21.636804580688477,-8.30109977722168,gnn_st_nodemo
gnn_st_nodemo,post_covid,4,SAN MIGUEL,2024-25,0.5,IT50,41.72536470891113,13,,,,,,2024-11-10,2024-11-03,-1.0,21.895479202270508,26.6164608001709,4.720981597900391,gnn_st_nodemo
gnn_st_nodemo,post_covid,4,SAN MIGUEL,2024-25,0.9,IT90,54.8832873966512,13,,,,,,2024-11-10,2024-11-03,-1.0,21.895479202270508,26.6164608001709,4.720981597900391,gnn_st_nodemo
gnn_st_nodemo,post_covid,4,SAN MIGUEL,2024-25,0.98,IT98,65.40139686030513,13,,,,,,2024-11-10,2024-11-03,-1.0,21.895479202270508,26.6164608001709,4.720981597900391,gnn_st_nodemo
gnn_st_nodemo,post_covid,4,SAN MIGUEL,2025-26,0.5,IT50,41.72536470891113,40,2025-05-18,2025-06-15,4.0,-4.0,2025-06-15,2025-07-27,2025-08-24,4.0,93.35989379882812,55.13801193237305,-38.22188186645508,gnn_st_nodemo
gnn_st_nodemo,post_covid,4,SAN MIGUEL,2025-26,0.9,IT90,54.8832873966512,40,2025-07-20,2025-08-24,5.0,-5.0,2025-08-24,2025-07-27,2025-08-24,4.0,93.35989379882812,55.13801193237305,-38.22188186645508,gnn_st_nodemo
gnn_st_nodemo,post_covid,4,SAN MIGUEL,2025-26,0.98,IT98,65.40139686030513,40,2025-07-27,,,,,2025-07-27,2025-08-24,4.0,93.35989379882812,55.13801193237305,-38.22188186645508,gnn_st_nodemo
gnn_st_nodemo,post_covid,4,TIGRE,2024-25,0.5,IT50,22.292181427607932,13,,,,,,2024-11-17,2024-11-10,-1.0,3.579826831817627,6.862790107727051,3.282963275909424,gnn_st_nodemo
gnn_st_nodemo,post_covid,4,TIGRE,2024-25,0.9,IT90,51.59902428823632,13,,,,,,2024-11-17,2024-11-10,-1.0,3.579826831817627,6.862790107727051,3.282963275909424,gnn_st_nodemo
gnn_st_nodemo,post_covid,4,TIGRE,2024-25,0.98,IT98,88.26651373174553,13,,,,,,2024-11-17,2024-11-10,-1.0,3.579826831817627,6.862790107727051,3.282963275909424,gnn_st_nodemo
gnn_st_nodemo,post_covid,4,TIGRE,2025-26,0.5,IT50,22.292181427607932,40,2025-07-06,2025-08-10,5.0,-5.0,2025-08-10,2025-07-13,2025-08-10,4.0,40.72053527832031,23.113758087158203,-17.60677719116211,gnn_st_nodemo
gnn_st_nodemo,post_covid,4,TIGRE,2025-26,0.9,IT90,51.59902428823632,40,,,,,,2025-07-13,2025-08-10,4.0,40.72053527832031,23.113758087158203,-17.60677719116211,gnn_st_nodemo
gnn_st_nodemo,post_covid,4,TIGRE,2025-26,0.98,IT98,88.26651373174553,40,,,,,,2025-07-13,2025-08-10,4.0,40.72053527832031,23.113758087158203,-17.60677719116211,gnn_st_nodemo
gnn_st_nodemo,post_covid,4,TRES DE FEBRERO,2024-25,0.5,IT50,92.40050209783404,13,,,,,,2024-11-10,2024-11-10,0.0,49.97583770751953,43.199127197265625,-6.776710510253906,gnn_st_nodemo
gnn_st_nodemo,post_covid,4,TRES DE FEBRERO,2024-25,0.9,IT90,150.5622822202344,13,,,,,,2024-11-10,2024-11-10,0.0,49.97583770751953,43.199127197265625,-6.776710510253906,gnn_st_nodemo
gnn_st_nodemo,post_covid,4,TRES DE FEBRERO,2024-25,0.98,IT98,205.7567466717726,13,,,,,,2024-11-10,2024-11-10,0.0,49.97583770751953,43.199127197265625,-6.776710510253906,gnn_st_nodemo
gnn_st_nodemo,post_covid,4,TRES DE FEBRERO,2025-26,0.5,IT50,92.40050209783404,40,2025-06-01,,,,,2025-06-01,2025-06-01,0.0,114.50506591796876,86.59960174560547,-27.905464172363295,gnn_st_nodemo
gnn_st_nodemo,post_covid,4,TRES DE FEBRERO,2025-26,0.9,IT90,150.5622822202344,40,,,,,,2025-06-01,2025-06-01,0.0,114.50506591796876,86.59960174560547,-27.905464172363295,gnn_st_nodemo
gnn_st_nodemo,post_covid,4,TRES DE FEBRERO,2025-26,0.98,IT98,205.7567466717726,40,,,,,,2025-06-01,2025-06-01,0.0,114.50506591796876,86.59960174560547,-27.905464172363295,gnn_st_nodemo
gnn_st_nodemo,post_covid,4,VICENTE LÓPEZ,2024-25,0.5,IT50,105.82113989675452,13,,,,,,2024-11-10,2024-11-10,0.0,15.23310089111328,26.269458770751953,11.036357879638674,gnn_st_nodemo
gnn_st_nodemo,post_covid,4,VICENTE LÓPEZ,2024-25,0.9,IT90,168.616011392644,13,,,,,,2024-11-10,2024-11-10,0.0,15.23310089111328,26.269458770751953,11.036357879638674,gnn_st_nodemo
gnn_st_nodemo,post_covid,4,VICENTE LÓPEZ,2024-25,0.98,IT98,227.1548194913809,13,,,,,,2024-11-10,2024-11-10,0.0,15.23310089111328,26.269458770751953,11.036357879638674,gnn_st_nodemo
gnn_st_nodemo,post_covid,4,VICENTE LÓPEZ,2025-26,0.5,IT50,105.82113989675452,40,2025-05-25,2025-06-22,4.0,-4.0,2025-06-22,2025-05-25,2025-06-22,4.0,114.77964782714844,107.72735595703124,-7.052291870117202,gnn_st_nodemo
gnn_st_nodemo,post_covid,4,VICENTE LÓPEZ,2025-26,0.9,IT90,168.616011392644,40,,,,,,2025-05-25,2025-06-22,4.0,114.77964782714844,107.72735595703124,-7.052291870117202,gnn_st_nodemo
gnn_st_nodemo,post_covid,4,VICENTE LÓPEZ,2025-26,0.98,IT98,227.1548194913809,40,,,,,,2025-05-25,2025-06-22,4.0,114.77964782714844,107.72735595703124,-7.052291870117202,gnn_st_nodemo
gnn_st_nodemo,post_covid,4,CITYWIDE,2024-25,0.5,IT50,77.06642887231719,13,,,,,,2024-11-10,2024-11-03,-1.0,33.767825954838806,36.779418870022425,3.01159291518362,gnn_st_nodemo
gnn_st_nodemo,post_covid,4,CITYWIDE,2024-25,0.9,IT90,97.46007981062509,13,,,,,,2024-11-10,2024-11-03,-1.0,33.767825954838806,36.779418870022425,3.01159291518362,gnn_st_nodemo
gnn_st_nodemo,post_covid,4,CITYWIDE,2024-25,0.98,IT98,113.25281678189309,13,,,,,,2024-11-10,2024-11-03,-1.0,33.767825954838806,36.779418870022425,3.01159291518362,gnn_st_nodemo
gnn_st_nodemo,post_covid,4,CITYWIDE,2025-26,0.5,IT50,77.06642887231719,40,2025-05-18,2025-05-25,1.0,-1.0,2025-05-25,2025-06-08,2025-06-22,2.0,119.66687754580849,88.2664251703965,-31.400452375411987,gnn_st_nodemo
gnn_st_nodemo,post_covid,4,CITYWIDE,2025-26,0.9,IT90,97.46007981062509,40,2025-05-25,,,,,2025-06-08,2025-06-22,2.0,119.66687754580849,88.2664251703965,-31.400452375411987,gnn_st_nodemo
gnn_st_nodemo,post_covid,4,CITYWIDE,2025-26,0.98,IT98,113.25281678189309,40,2025-06-08,,,,,2025-06-08,2025-06-22,2.0,119.66687754580849,88.2664251703965,-31.400452375411987,gnn_st_nodemo
lstm,post_covid,4,ALMIRANTE BROWN,2024-25,0.5,IT50,45.51198712694632,13,,,,,,2024-12-01,2024-11-03,-4.0,20.860869966673903,29.636625289916992,8.77575532324309,lstm
lstm,post_covid,4,ALMIRANTE BROWN,2024-25,0.9,IT90,59.3327355509796,13,,,,,,2024-12-01,2024-11-03,-4.0,20.860869966673903,29.636625289916992,8.77575532324309,lstm
lstm,post_covid,4,ALMIRANTE BROWN,2024-25,0.98,IT98,70.30154029606965,13,,,,,,2024-12-01,2024-11-03,-4.0,20.860869966673903,29.636625289916992,8.77575532324309,lstm
lstm,post_covid,4,ALMIRANTE BROWN,2025-26,0.5,IT50,45.51198712694632,40,,,,,,2025-06-08,2025-04-27,-6.0,41.550749195916055,39.45643997192383,-2.0943092239922265,lstm
lstm,post_covid,4,ALMIRANTE BROWN,2025-26,0.9,IT90,59.3327355509796,40,,,,,,2025-06-08,2025-04-27,-6.0,41.550749195916055,39.45643997192383,-2.0943092239922265,lstm
lstm,post_covid,4,ALMIRANTE BROWN,2025-26,0.98,IT98,70.30154029606965,40,,,,,,2025-06-08,2025-04-27,-6.0,41.550749195916055,39.45643997192383,-2.0943092239922265,lstm
lstm,post_covid,4,AVELLANEDA,2024-25,0.5,IT50,245.84106655843968,13,,,,,,2024-11-24,2024-11-03,-3.0,130.04891798211963,165.47503662109375,35.42611863897412,lstm
lstm,post_covid,4,AVELLANEDA,2024-25,0.9,IT90,374.7741671132419,13,,,,,,2024-11-24,2024-11-03,-3.0,130.04891798211963,165.47503662109375,35.42611863897412,lstm
lstm,post_covid,4,AVELLANEDA,2024-25,0.98,IT98,490.7992503428019,13,,,,,,2024-11-24,2024-11-03,-3.0,130.04891798211963,165.47503662109375,35.42611863897412,lstm
lstm,post_covid,4,AVELLANEDA,2025-26,0.5,IT50,245.84106655843968,40,2025-05-25,2025-04-27,-4.0,4.0,2025-04-27,2025-06-01,2025-04-27,-5.0,323.7619506249422,257.0557556152344,-66.70619500970781,lstm
lstm,post_covid,4,AVELLANEDA,2025-26,0.9,IT90,374.7741671132419,40,,,,,,2025-06-01,2025-04-27,-5.0,323.7619506249422,257.0557556152344,-66.70619500970781,lstm
lstm,post_covid,4,AVELLANEDA,2025-26,0.98,IT98,490.7992503428019,40,,,,,,2025-06-01,2025-04-27,-5.0,323.7619506249422,257.0557556152344,-66.70619500970781,lstm
lstm,post_covid,4,EZEIZA,2024-25,0.5,IT50,139.80229436412165,13,,,,,,2024-11-03,2024-11-03,0.0,44.6625742515297,91.7249755859375,47.0624013344078,lstm
lstm,post_covid,4,EZEIZA,2024-25,0.9,IT90,180.23131160603506,13,,,,,,2024-11-03,2024-11-03,0.0,44.6625742515297,91.7249755859375,47.0624013344078,lstm
lstm,post_covid,4,EZEIZA,2024-25,0.98,IT98,212.02965427114694,13,,,,,,2024-11-03,2024-11-03,0.0,44.6625742515297,91.7249755859375,47.0624013344078,lstm
lstm,post_covid,4,EZEIZA,2025-26,0.5,IT50,139.80229436412165,40,2025-05-25,,,,,2025-06-08,2025-04-27,-6.0,186.09405938137377,137.7032012939453,-48.390858087428455,lstm
lstm,post_covid,4,EZEIZA,2025-26,0.9,IT90,180.23131160603506,40,2025-06-08,,,,,2025-06-08,2025-04-27,-6.0,186.09405938137377,137.7032012939453,-48.390858087428455,lstm
lstm,post_covid,4,EZEIZA,2025-26,0.98,IT98,212.02965427114694,40,,,,,,2025-06-08,2025-04-27,-6.0,186.09405938137377,137.7032012939453,-48.390858087428455,lstm
lstm,post_covid,4,FLORENCIO VARELA,2024-25,0.5,IT50,92.52865090835965,13,,,,,,2024-11-10,2024-11-03,-1.0,47.539144255116,46.29518508911133,-1.2439591660046716,lstm
lstm,post_covid,4,FLORENCIO VARELA,2024-25,0.9,IT90,129.20404508235538,13,,,,,,2024-11-10,2024-11-03,-1.0,47.539144255116,46.29518508911133,-1.2439591660046716,lstm
lstm,post_covid,4,FLORENCIO VARELA,2024-25,0.98,IT98,159.96645580277627,13,,,,,,2024-11-10,2024-11-03,-1.0,47.539144255116,46.29518508911133,-1.2439591660046716,lstm
lstm,post_covid,4,FLORENCIO VARELA,2025-26,0.5,IT50,92.52865090835965,40,2025-05-25,,,,,2025-06-08,2025-04-27,-6.0,146.4447367519887,70.01402282714844,-76.43071392484026,lstm
lstm,post_covid,4,FLORENCIO VARELA,2025-26,0.9,IT90,129.20404508235538,40,2025-06-08,,,,,2025-06-08,2025-04-27,-6.0,146.4447367519887,70.01402282714844,-76.43071392484026,lstm
lstm,post_covid,4,FLORENCIO VARELA,2025-26,0.98,IT98,159.96645580277627,40,,,,,,2025-06-08,2025-04-27,-6.0,146.4447367519887,70.01402282714844,-76.43071392484026,lstm
lstm,post_covid,4,GENERAL SAN MARTÍN,2024-25,0.5,IT50,77.94711365203958,13,,,,,,2024-11-17,2024-11-03,-2.0,38.622208213656286,50.573917388916016,11.95170917525973,lstm
lstm,post_covid,4,GENERAL SAN MARTÍN,2024-25,0.9,IT90,119.50868958439348,13,,,,,,2024-11-17,2024-11-03,-2.0,38.622208213656286,50.573917388916016,11.95170917525973,lstm
lstm,post_covid,4,GENERAL SAN MARTÍN,2024-25,0.98,IT98,157.08069982681235,13,,,,,,2024-11-17,2024-11-03,-2.0,38.622208213656286,50.573917388916016,11.95170917525973,lstm
lstm,post_covid,4,GENERAL SAN MARTÍN,2025-26,0.5,IT50,77.94711365203958,40,2025-05-18,,,,,2025-06-01,2025-04-27,-5.0,98.99715438672816,72.23424530029297,-26.762909086435187,lstm
lstm,post_covid,4,GENERAL SAN MARTÍN,2025-26,0.9,IT90,119.50868958439348,40,,,,,,2025-06-01,2025-04-27,-5.0,98.99715438672816,72.23424530029297,-26.762909086435187,lstm
lstm,post_covid,4,GENERAL SAN MARTÍN,2025-26,0.98,IT98,157.08069982681235,40,,,,,,2025-06-01,2025-04-27,-5.0,98.99715438672816,72.23424530029297,-26.762909086435187,lstm
lstm,post_covid,4,JOSÉ C. PAZ,2024-25,0.5,IT50,222.17859568980776,13,,,,,,2024-11-03,2024-11-03,0.0,178.59764153251456,58.97529220581055,-119.62234932670401,lstm
lstm,post_covid,4,JOSÉ C. PAZ,2024-25,0.9,IT90,355.8888420506266,13,,,,,,2024-11-03,2024-11-03,0.0,178.59764153251456,58.97529220581055,-119.62234932670401,lstm
lstm,post_covid,4,JOSÉ C. PAZ,2024-25,0.98,IT98,481.06046989083103,13,,,,,,2024-11-03,2024-11-03,0.0,178.59764153251456,58.97529220581055,-119.62234932670401,lstm
lstm,post_covid,4,JOSÉ C. PAZ,2025-26,0.5,IT50,222.17859568980776,40,2025-03-16,,,,,2025-05-25,2025-04-27,-4.0,740.690903752997,122.54737091064452,-618.1435328423524,lstm
lstm,post_covid,4,JOSÉ C. PAZ,2025-26,0.9,IT90,355.8888420506266,40,2025-05-04,,,,,2025-05-25,2025-04-27,-4.0,740.690903752997,122.54737091064452,-618.1435328423524,lstm
lstm,post_covid,4,JOSÉ C. PAZ,2025-26,0.98,IT98,481.06046989083103,40,2025-05-25,,,,,2025-05-25,2025-04-27,-4.0,740.690903752997,122.54737091064452,-618.1435328423524,lstm
lstm,post_covid,4,LA MATANZA,2024-25,0.5,IT50,24.512107570850826,13,,,,,,2024-11-10,2024-11-03,-1.0,16.401927606670913,13.394942283630373,-3.0069853230405403,lstm
lstm,post_covid,4,LA MATANZA,2024-25,0.9,IT90,49.0533041651205,13,,,,,,2024-11-10,2024-11-03,-1.0,16.401927606670913,13.394942283630373,-3.0069853230405403,lstm
lstm,post_covid,4,LA MATANZA,2024-25,0.98,IT98,76.45298521130762,13,,,,,,2024-11-10,2024-11-03,-1.0,16.401927606670913,13.394942283630373,-3.0069853230405403,lstm
lstm,post_covid,4,LA MATANZA,2025-26,0.5,IT50,24.512107570850826,40,2025-03-16,,,,,2025-06-01,2025-08-17,11.0,53.170487175267624,18.778892517089844,-34.39159465817778,lstm
lstm,post_covid,4,LA MATANZA,2025-26,0.9,IT90,49.0533041651205,40,2025-06-01,,,,,2025-06-01,2025-08-17,11.0,53.170487175267624,18.778892517089844,-34.39159465817778,lstm
lstm,post_covid,4,LA MATANZA,2025-26,0.98,IT98,76.45298521130762,40,,,,,,2025-06-01,2025-08-17,11.0,53.170487175267624,18.778892517089844,-34.39159465817778,lstm
lstm,post_covid,4,LANÚS,2024-25,0.5,IT50,132.6029855198303,13,,,,,,2024-11-03,2024-11-03,0.0,51.81380848835923,86.03630065917969,34.22249217082046,lstm
lstm,post_covid,4,LANÚS,2024-25,0.9,IT90,190.48996986250967,13,,,,,,2024-11-03,2024-11-03,0.0,51.81380848835923,86.03630065917969,34.22249217082046,lstm
lstm,post_covid,4,LANÚS,2024-25,0.98,IT98,240.1624128185746,13,,,,,,2024-11-03,2024-11-03,0.0,51.81380848835923,86.03630065917969,34.22249217082046,lstm
lstm,post_covid,4,LANÚS,2025-26,0.5,IT50,132.6029855198303,40,2025-05-25,2025-04-27,-4.0,4.0,2025-04-27,2025-06-01,2025-04-27,-5.0,171.48419462046925,135.08741760253906,-36.39677701793019,lstm
lstm,post_covid,4,LANÚS,2025-26,0.9,IT90,190.48996986250967,40,,,,,,2025-06-01,2025-04-27,-5.0,171.48419462046925,135.08741760253906,-36.39677701793019,lstm
lstm,post_covid,4,LANÚS,2025-26,0.98,IT98,240.1624128185746,40,,,,,,2025-06-01,2025-04-27,-5.0,171.48419462046925,135.08741760253906,-36.39677701793019,lstm
lstm,post_covid,4,LOMAS DE ZAMORA,2024-25,0.5,IT50,8.281330480989212,10,,,,,,2024-11-10,2024-11-03,-1.0,1.448267871625536,4.701911926269531,3.2536440546439955,lstm
lstm,post_covid,4,LOMAS DE ZAMORA,2024-25,0.9,IT90,13.281987582112178,10,,,,,,2024-11-10,2024-11-03,-1.0,1.448267871625536,4.701911926269531,3.2536440546439955,lstm
lstm,post_covid,4,LOMAS DE ZAMORA,2024-25,0.98,IT98,17.968039817353144,10,,,,,,2024-11-10,2024-11-03,-1.0,1.448267871625536,4.701911926269531,3.2536440546439955,lstm
lstm,post_covid,4,LOMAS DE ZAMORA,2025-26,0.5,IT50,8.281330480989212,31,,,,,,2025-06-15,2025-04-27,-7.0,1.5930946587880896,6.992595672607422,5.399501013819332,lstm
lstm,post_covid,4,LOMAS DE ZAMORA,2025-26,0.9,IT90,13.281987582112178,31,,,,,,2025-06-15,2025-04-27,-7.0,1.5930946587880896,6.992595672607422,5.399501013819332,lstm
lstm,post_covid,4,LOMAS DE ZAMORA,2025-26,0.98,IT98,17.968039817353144,31,,,,,,2025-06-15,2025-04-27,-7.0,1.5930946587880896,6.992595672607422,5.399501013819332,lstm
lstm,post_covid,4,MALVINAS ARGENTINAS,2024-25,0.5,IT50,19.75908456675979,13,,,,,,2024-11-17,2024-11-03,-2.0,9.125284452226284,5.511697769165039,-3.6135866830612446,lstm
lstm,post_covid,4,MALVINAS ARGENTINAS,2024-25,0.9,IT90,75.76432319476002,13,,,,,,2024-11-17,2024-11-03,-2.0,9.125284452226284,5.511697769165039,-3.6135866830612446,lstm
lstm,post_covid,4,MALVINAS ARGENTINAS,2024-25,0.98,IT98,178.99536057166898,13,,,,,,2024-11-17,2024-11-03,-2.0,9.125284452226284,5.511697769165039,-3.6135866830612446,lstm
lstm,post_covid,4,MALVINAS ARGENTINAS,2025-26,0.5,IT50,19.75908456675979,40,2025-04-27,,,,,2025-06-08,2025-06-29,3.0,137.4495970616584,8.988527297973633,-128.46106976368478,lstm
lstm,post_covid,4,MALVINAS ARGENTINAS,2025-26,0.9,IT90,75.76432319476002,40,2025-04-27,,,,,2025-06-08,2025-06-29,3.0,137.4495970616584,8.988527297973633,-128.46106976368478,lstm
lstm,post_covid,4,MALVINAS ARGENTINAS,2025-26,0.98,IT98,178.99536057166898,40,,,,,,2025-06-08,2025-06-29,3.0,137.4495970616584,8.988527297973633,-128.46106976368478,lstm
lstm,post_covid,4,MERLO,2024-25,0.5,IT50,93.32449393075508,13,,,,,,2024-12-15,2024-11-03,-6.0,23.86323448117208,35.75117492675781,11.887940445585734,lstm
lstm,post_covid,4,MERLO,2024-25,0.9,IT90,164.5170716895135,13,,,,,,2024-12-15,2024-11-03,-6.0,23.86323448117208,35.75117492675781,11.887940445585734,lstm
lstm,post_covid,4,MERLO,2024-25,0.98,IT98,236.4333757518645,13,,,,,,2024-12-15,2024-11-03,-6.0,23.86323448117208,35.75117492675781,11.887940445585734,lstm
lstm,post_covid,4,MERLO,2025-26,0.5,IT50,93.32449393075508,40,,,,,,2025-06-15,2025-04-27,-7.0,60.087281067699486,53.145111083984375,-6.942169983715111,lstm
lstm,post_covid,4,MERLO,2025-26,0.9,IT90,164.5170716895135,40,,,,,,2025-06-15,2025-04-27,-7.0,60.087281067699486,53.145111083984375,-6.942169983715111,lstm
lstm,post_covid,4,MERLO,2025-26,0.98,IT98,236.4333757518645,40,,,,,,2025-06-15,2025-04-27,-7.0,60.087281067699486,53.145111083984375,-6.942169983715111,lstm
lstm,post_covid,4,MORENO,2024-25,0.5,IT50,101.79720605127496,13,,,,,,2024-11-24,2024-11-03,-3.0,51.15914482720349,80.54082489013672,29.381680062933228,lstm
lstm,post_covid,4,MORENO,2024-25,0.9,IT90,214.46725243408844,13,,,,,,2024-11-24,2024-11-03,-3.0,51.15914482720349,80.54082489013672,29.381680062933228,lstm
lstm,post_covid,4,MORENO,2024-25,0.98,IT98,345.44262322711484,13,,,,,,2024-11-24,2024-11-03,-3.0,51.15914482720349,80.54082489013672,29.381680062933228,lstm
lstm,post_covid,4,MORENO,2025-26,0.5,IT50,101.79720605127496,40,2025-05-25,2025-08-10,11.0,-11.0,2025-08-10,2025-07-13,2025-08-24,6.0,197.0060627922141,109.007568359375,-87.9984944328391,lstm
lstm,post_covid,4,MORENO,2025-26,0.9,IT90,214.46725243408844,40,,,,,,2025-07-13,2025-08-24,6.0,197.0060627922141,109.007568359375,-87.9984944328391,lstm
lstm,post_covid,4,MORENO,2025-26,0.98,IT98,345.44262322711484,40,,,,,,2025-07-13,2025-08-24,6.0,197.0060627922141,109.007568359375,-87.9984944328391,lstm
lstm,post_covid,4,MORÓN,2024-25,0.5,IT50,28.847000469649124,13,,,,,,2024-11-03,2024-11-03,0.0,24.45777712020243,20.292001724243164,-4.165775395959265,lstm
lstm,post_covid,4,MORÓN,2024-25,0.9,IT90,57.29975452086349,13,,,,,,2024-11-03,2024-11-03,0.0,24.45777712020243,20.292001724243164,-4.165775395959265,lstm
lstm,post_covid,4,MORÓN,2024-25,0.98,IT98,88.88106833465432,13,,,,,,2024-11-03,2024-11-03,0.0,24.45777712020243,20.292001724243164,-4.165775395959265,lstm
lstm,post_covid,4,MORÓN,2025-26,0.5,IT50,28.847000469649124,40,2025-05-25,2025-06-22,4.0,-4.0,2025-06-22,2025-06-08,2025-06-29,3.0,54.04866795699054,30.728118896484375,-23.320549060506167,lstm
lstm,post_covid,4,MORÓN,2025-26,0.9,IT90,57.29975452086349,40,,,,,,2025-06-08,2025-06-29,3.0,54.04866795699054,30.728118896484375,-23.320549060506167,lstm
lstm,post_covid,4,MORÓN,2025-26,0.98,IT98,88.88106833465432,40,,,,,,2025-06-08,2025-06-29,3.0,54.04866795699054,30.728118896484375,-23.320549060506167,lstm
lstm,post_covid,4,QUILMES,2024-25,0.5,IT50,46.34689792435932,13,,,,,,2024-11-24,2024-11-03,-3.0,14.99863433487372,25.970714569091797,10.972080234218076,lstm
lstm,post_covid,4,QUILMES,2024-25,0.9,IT90,80.98262048145082,13,,,,,,2024-11-24,2024-11-03,-3.0,14.99863433487372,25.970714569091797,10.972080234218076,lstm
lstm,post_covid,4,QUILMES,2024-25,0.98,IT98,115.72591322033615,13,,,,,,2024-11-24,2024-11-03,-3.0,14.99863433487372,25.970714569091797,10.972080234218076,lstm
lstm,post_covid,4,QUILMES,2025-26,0.5,IT50,46.34689792435932,40,,,,,,2025-06-08,2025-04-27,-6.0,39.62797071635056,37.86808395385742,-1.7598867624931387,lstm
lstm,post_covid,4,QUILMES,2025-26,0.9,IT90,80.98262048145082,40,,,,,,2025-06-08,2025-04-27,-6.0,39.62797071635056,37.86808395385742,-1.7598867624931387,lstm
lstm,post_covid,4,QUILMES,2025-26,0.98,IT98,115.72591322033615,40,,,,,,2025-06-08,2025-04-27,-6.0,39.62797071635056,37.86808395385742,-1.7598867624931387,lstm
lstm,post_covid,4,SAN ISIDRO,2024-25,0.5,IT50,31.02709117627285,13,,,,,,2024-12-15,2025-01-26,6.0,9.082285506690615,15.753908157348633,6.671622650658017,lstm
lstm,post_covid,4,SAN ISIDRO,2024-25,0.9,IT90,61.06994953059092,13,,,,,,2024-12-15,2025-01-26,6.0,9.082285506690615,15.753908157348633,6.671622650658017,lstm
lstm,post_covid,4,SAN ISIDRO,2024-25,0.98,IT98,94.17754601713678,13,,,,,,2024-12-15,2025-01-26,6.0,9.082285506690615,15.753908157348633,6.671622650658017,lstm
lstm,post_covid,4,SAN ISIDRO,2025-26,0.5,IT50,31.02709117627285,37,,2025-04-20,,,2025-04-20,2025-03-30,2025-04-20,3.0,29.93790407760981,32.95139694213867,3.0134928645288603,lstm
lstm,post_covid,4,SAN ISIDRO,2025-26,0.9,IT90,61.06994953059092,37,,,,,,2025-03-30,2025-04-20,3.0,29.93790407760981,32.95139694213867,3.0134928645288603,lstm
lstm,post_covid,4,SAN ISIDRO,2025-26,0.98,IT98,94.17754601713678,37,,,,,,2025-03-30,2025-04-20,3.0,29.93790407760981,32.95139694213867,3.0134928645288603,lstm
lstm,post_covid,4,SAN MIGUEL,2024-25,0.5,IT50,41.72536470891113,13,,,,,,2024-11-10,2024-11-03,-1.0,21.89547949579576,30.984188079833984,9.088708584038223,lstm
lstm,post_covid,4,SAN MIGUEL,2024-25,0.9,IT90,54.8832873966512,13,,,,,,2024-11-10,2024-11-03,-1.0,21.89547949579576,30.984188079833984,9.088708584038223,lstm
lstm,post_covid,4,SAN MIGUEL,2024-25,0.98,IT98,65.40139686030513,13,,,,,,2024-11-10,2024-11-03,-1.0,21.89547949579576,30.984188079833984,9.088708584038223,lstm
lstm,post_covid,4,SAN MIGUEL,2025-26,0.5,IT50,41.72536470891113,40,2025-05-18,,,,,2025-07-27,2025-06-29,-4.0,93.35989173901804,38.141624450683594,-55.218267288334445,lstm
lstm,post_covid,4,SAN MIGUEL,2025-26,0.9,IT90,54.8832873966512,40,2025-07-20,,,,,2025-07-27,2025-06-29,-4.0,93.35989173901804,38.141624450683594,-55.218267288334445,lstm
lstm,post_covid,4,SAN MIGUEL,2025-26,0.98,IT98,65.40139686030513,40,2025-07-27,,,,,2025-07-27,2025-06-29,-4.0,93.35989173901804,38.141624450683594,-55.218267288334445,lstm
lstm,post_covid,4,TIGRE,2024-25,0.5,IT50,22.292181427607932,13,,,,,,2024-11-17,2024-11-03,-2.0,3.579826781131628,12.059481620788574,8.479654839656947,lstm
lstm,post_covid,4,TIGRE,2024-25,0.9,IT90,51.59902428823632,13,,,,,,2024-11-17,2024-11-03,-2.0,3.579826781131628,12.059481620788574,8.479654839656947,lstm
lstm,post_covid,4,TIGRE,2024-25,0.98,IT98,88.26651373174553,13,,,,,,2024-11-17,2024-11-03,-2.0,3.579826781131628,12.059481620788574,8.479654839656947,lstm
lstm,post_covid,4,TIGRE,2025-26,0.5,IT50,22.292181427607932,40,2025-07-06,2025-04-27,-10.0,10.0,2025-04-27,2025-07-13,2025-04-27,-11.0,40.72052963537227,26.60019302368164,-14.120336611690632,lstm
lstm,post_covid,4,TIGRE,2025-26,0.9,IT90,51.59902428823632,40,,,,,,2025-07-13,2025-04-27,-11.0,40.72052963537227,26.60019302368164,-14.120336611690632,lstm
lstm,post_covid,4,TIGRE,2025-26,0.98,IT98,88.26651373174553,40,,,,,,2025-07-13,2025-04-27,-11.0,40.72052963537227,26.60019302368164,-14.120336611690632,lstm
lstm,post_covid,4,TRES DE FEBRERO,2024-25,0.5,IT50,92.40050209783404,13,,,,,,2024-11-10,2024-11-03,-1.0,49.97583585958438,50.353660583496094,0.37782472391171495,lstm
lstm,post_covid,4,TRES DE FEBRERO,2024-25,0.9,IT90,150.5622822202344,13,,,,,,2024-11-10,2024-11-03,-1.0,49.97583585958438,50.353660583496094,0.37782472391171495,lstm
lstm,post_covid,4,TRES DE FEBRERO,2024-25,0.98,IT98,205.7567466717726,13,,,,,,2024-11-10,2024-11-03,-1.0,49.97583585958438,50.353660583496094,0.37782472391171495,lstm
lstm,post_covid,4,TRES DE FEBRERO,2025-26,0.5,IT50,92.40050209783404,40,2025-06-01,,,,,2025-06-01,2025-08-03,9.0,114.50507446948728,60.46009826660156,-54.04497620288572,lstm
lstm,post_covid,4,TRES DE FEBRERO,2025-26,0.9,IT90,150.5622822202344,40,,,,,,2025-06-01,2025-08-03,9.0,114.50507446948728,60.46009826660156,-54.04497620288572,lstm
lstm,post_covid,4,TRES DE FEBRERO,2025-26,0.98,IT98,205.7567466717726,40,,,,,,2025-06-01,2025-08-03,9.0,114.50507446948728,60.46009826660156,-54.04497620288572,lstm
lstm,post_covid,4,VICENTE LÓPEZ,2024-25,0.5,IT50,105.82113989675452,13,,,,,,2024-11-10,2024-11-03,-1.0,15.233101884653536,68.00884246826172,52.77574058360818,lstm
lstm,post_covid,4,VICENTE LÓPEZ,2024-25,0.9,IT90,168.616011392644,13,,,,,,2024-11-10,2024-11-03,-1.0,15.233101884653536,68.00884246826172,52.77574058360818,lstm
lstm,post_covid,4,VICENTE LÓPEZ,2024-25,0.98,IT98,227.1548194913809,13,,,,,,2024-11-10,2024-11-03,-1.0,15.233101884653536,68.00884246826172,52.77574058360818,lstm
lstm,post_covid,4,VICENTE LÓPEZ,2025-26,0.5,IT50,105.82113989675452,40,2025-05-25,,,,,2025-05-25,2025-06-29,5.0,114.77965140994756,92.8501434326172,-21.92950797733036,lstm
lstm,post_covid,4,VICENTE LÓPEZ,2025-26,0.9,IT90,168.616011392644,40,,,,,,2025-05-25,2025-06-29,5.0,114.77965140994756,92.8501434326172,-21.92950797733036,lstm
lstm,post_covid,4,VICENTE LÓPEZ,2025-26,0.98,IT98,227.1548194913809,40,,,,,,2025-05-25,2025-06-29,5.0,114.77965140994756,92.8501434326172,-21.92950797733036,lstm
lstm,post_covid,4,CITYWIDE,2024-25,0.5,IT50,77.06642887231719,13,,,,,,2024-11-10,2024-11-03,-1.0,33.76782494046754,46.76257253948011,12.99474759901257,lstm
lstm,post_covid,4,CITYWIDE,2024-25,0.9,IT90,97.46007981062509,13,,,,,,2024-11-10,2024-11-03,-1.0,33.76782494046754,46.76257253948011,12.99474759901257,lstm
lstm,post_covid,4,CITYWIDE,2024-25,0.98,IT98,113.25281678189309,13,,,,,,2024-11-10,2024-11-03,-1.0,33.76782494046754,46.76257253948011,12.99474759901257,lstm
lstm,post_covid,4,CITYWIDE,2025-26,0.5,IT50,77.06642887231719,40,2025-05-18,,,,,2025-06-08,2025-04-27,-6.0,119.66687929898744,68.08001719023052,-51.58686210875692,lstm
lstm,post_covid,4,CITYWIDE,2025-26,0.9,IT90,97.46007981062509,40,2025-05-25,,,,,2025-06-08,2025-04-27,-6.0,119.66687929898744,68.08001719023052,-51.58686210875692,lstm
lstm,post_covid,4,CITYWIDE,2025-26,0.98,IT98,113.25281678189309,40,2025-06-08,,,,,2025-06-08,2025-04-27,-6.0,119.66687929898744,68.08001719023052,-51.58686210875692,lstm
persistence,post_covid,4,ALMIRANTE BROWN,2024-25,0.5,IT50,45.51198712694632,13,,,,,,2024-12-01,2024-11-03,-4.0,20.860869966673903,39.498860346735015,18.63799038006111,persistence
persistence,post_covid,4,ALMIRANTE BROWN,2024-25,0.9,IT90,59.3327355509796,13,,,,,,2024-12-01,2024-11-03,-4.0,20.860869966673903,39.498860346735015,18.63799038006111,persistence
persistence,post_covid,4,ALMIRANTE BROWN,2024-25,0.98,IT98,70.30154029606965,13,,,,,,2024-12-01,2024-11-03,-4.0,20.860869966673903,39.498860346735015,18.63799038006111,persistence
persistence,post_covid,4,ALMIRANTE BROWN,2025-26,0.5,IT50,45.51198712694632,40,,,,,,2025-06-08,2025-07-06,4.0,41.550749195916055,41.550749195916055,0.0,persistence
persistence,post_covid,4,ALMIRANTE BROWN,2025-26,0.9,IT90,59.3327355509796,40,,,,,,2025-06-08,2025-07-06,4.0,41.550749195916055,41.550749195916055,0.0,persistence
persistence,post_covid,4,ALMIRANTE BROWN,2025-26,0.98,IT98,70.30154029606965,40,,,,,,2025-06-08,2025-07-06,4.0,41.550749195916055,41.550749195916055,0.0,persistence
persistence,post_covid,4,AVELLANEDA,2024-25,0.5,IT50,245.84106655843968,13,,,,,,2024-11-24,2024-11-03,-3.0,130.04891798211963,188.8157930535377,58.76687507141807,persistence
persistence,post_covid,4,AVELLANEDA,2024-25,0.9,IT90,374.7741671132419,13,,,,,,2024-11-24,2024-11-03,-3.0,130.04891798211963,188.8157930535377,58.76687507141807,persistence
persistence,post_covid,4,AVELLANEDA,2024-25,0.98,IT98,490.7992503428019,13,,,,,,2024-11-24,2024-11-03,-3.0,130.04891798211963,188.8157930535377,58.76687507141807,persistence
persistence,post_covid,4,AVELLANEDA,2025-26,0.5,IT50,245.84106655843968,40,2025-05-25,2025-06-22,4.0,-4.0,2025-06-22,2025-06-01,2025-06-29,4.0,323.7619506249422,323.7619506249422,0.0,persistence
persistence,post_covid,4,AVELLANEDA,2025-26,0.9,IT90,374.7741671132419,40,,,,,,2025-06-01,2025-06-29,4.0,323.7619506249422,323.7619506249422,0.0,persistence
persistence,post_covid,4,AVELLANEDA,2025-26,0.98,IT98,490.7992503428019,40,,,,,,2025-06-01,2025-06-29,4.0,323.7619506249422,323.7619506249422,0.0,persistence
persistence,post_covid,4,EZEIZA,2024-25,0.5,IT50,139.80229436412165,13,,,,,,2024-11-03,2024-11-03,0.0,44.6625742515297,110.66393397879024,66.00135972726054,persistence
persistence,post_covid,4,EZEIZA,2024-25,0.9,IT90,180.23131160603506,13,,,,,,2024-11-03,2024-11-03,0.0,44.6625742515297,110.66393397879024,66.00135972726054,persistence
persistence,post_covid,4,EZEIZA,2024-25,0.98,IT98,212.02965427114694,13,,,,,,2024-11-03,2024-11-03,0.0,44.6625742515297,110.66393397879024,66.00135972726054,persistence
persistence,post_covid,4,EZEIZA,2025-26,0.5,IT50,139.80229436412165,40,2025-05-25,2025-06-22,4.0,-4.0,2025-06-22,2025-06-08,2025-07-06,4.0,186.09405938137377,186.09405938137377,0.0,persistence
persistence,post_covid,4,EZEIZA,2025-26,0.9,IT90,180.23131160603506,40,2025-06-08,2025-07-06,4.0,-4.0,2025-07-06,2025-06-08,2025-07-06,4.0,186.09405938137377,186.09405938137377,0.0,persistence
persistence,post_covid,4,EZEIZA,2025-26,0.98,IT98,212.02965427114694,40,,,,,,2025-06-08,2025-07-06,4.0,186.09405938137377,186.09405938137377,0.0,persistence
persistence,post_covid,4,FLORENCIO VARELA,2024-25,0.5,IT50,92.52865090835965,13,,,,,,2024-11-10,2024-12-08,4.0,47.539144255116,47.539144255116,0.0,persistence
persistence,post_covid,4,FLORENCIO VARELA,2024-25,0.9,IT90,129.20404508235538,13,,,,,,2024-11-10,2024-12-08,4.0,47.539144255116,47.539144255116,0.0,persistence
persistence,post_covid,4,FLORENCIO VARELA,2024-25,0.98,IT98,159.96645580277627,13,,,,,,2024-11-10,2024-12-08,4.0,47.539144255116,47.539144255116,0.0,persistence
persistence,post_covid,4,FLORENCIO VARELA,2025-26,0.5,IT50,92.52865090835965,40,2025-05-25,2025-06-22,4.0,-4.0,2025-06-22,2025-06-08,2025-07-06,4.0,146.4447367519887,146.4447367519887,0.0,persistence
persistence,post_covid,4,FLORENCIO VARELA,2025-26,0.9,IT90,129.20404508235538,40,2025-06-08,2025-07-06,4.0,-4.0,2025-07-06,2025-06-08,2025-07-06,4.0,146.4447367519887,146.4447367519887,0.0,persistence
persistence,post_covid,4,FLORENCIO VARELA,2025-26,0.98,IT98,159.96645580277627,40,,,,,,2025-06-08,2025-07-06,4.0,146.4447367519887,146.4447367519887,0.0,persistence
persistence,post_covid,4,GENERAL SAN MARTÍN,2024-25,0.5,IT50,77.94711365203958,13,,,,,,2024-11-17,2024-11-03,-2.0,38.622208213656286,44.837276202060735,6.215067988404449,persistence
persistence,post_covid,4,GENERAL SAN MARTÍN,2024-25,0.9,IT90,119.50868958439348,13,,,,,,2024-11-17,2024-11-03,-2.0,38.622208213656286,44.837276202060735,6.215067988404449,persistence
persistence,post_covid,4,GENERAL SAN MARTÍN,2024-25,0.98,IT98,157.08069982681235,13,,,,,,2024-11-17,2024-11-03,-2.0,38.622208213656286,44.837276202060735,6.215067988404449,persistence
persistence,post_covid,4,GENERAL SAN MARTÍN,2025-26,0.5,IT50,77.94711365203958,40,2025-05-18,2025-06-15,4.0,-4.0,2025-06-15,2025-06-01,2025-06-29,4.0,98.99715438672816,98.99715438672816,0.0,persistence
persistence,post_covid,4,GENERAL SAN MARTÍN,2025-26,0.9,IT90,119.50868958439348,40,,,,,,2025-06-01,2025-06-29,4.0,98.99715438672816,98.99715438672816,0.0,persistence
persistence,post_covid,4,GENERAL SAN MARTÍN,2025-26,0.98,IT98,157.08069982681235,40,,,,,,2025-06-01,2025-06-29,4.0,98.99715438672816,98.99715438672816,0.0,persistence
persistence,post_covid,4,JOSÉ C. PAZ,2024-25,0.5,IT50,222.17859568980776,13,,2024-11-03,,,2024-11-03,2024-11-03,2024-11-03,0.0,178.59764153251456,272.1779126094828,93.58027107696824,persistence
persistence,post_covid,4,JOSÉ C. PAZ,2024-25,0.9,IT90,355.8888420506266,13,,,,,,2024-11-03,2024-11-03,0.0,178.59764153251456,272.1779126094828,93.58027107696824,persistence
persistence,post_covid,4,JOSÉ C. PAZ,2024-25,0.98,IT98,481.06046989083103,13,,,,,,2024-11-03,2024-11-03,0.0,178.59764153251456,272.1779126094828,93.58027107696824,persistence
persistence,post_covid,4,JOSÉ C. PAZ,2025-26,0.5,IT50,222.17859568980776,40,2025-03-16,2025-04-13,4.0,-4.0,2025-04-13,2025-05-25,2025-06-22,4.0,740.690903752997,740.690903752997,0.0,persistence
persistence,post_covid,4,JOSÉ C. PAZ,2025-26,0.9,IT90,355.8888420506266,40,2025-05-04,2025-06-01,4.0,-4.0,2025-06-01,2025-05-25,2025-06-22,4.0,740.690903752997,740.690903752997,0.0,persistence
persistence,post_covid,4,JOSÉ C. PAZ,2025-26,0.98,IT98,481.06046989083103,40,2025-05-25,2025-06-22,4.0,-4.0,2025-06-22,2025-05-25,2025-06-22,4.0,740.690903752997,740.690903752997,0.0,persistence
persistence,post_covid,4,LA MATANZA,2024-25,0.5,IT50,24.512107570850826,13,,,,,,2024-11-10,2024-11-03,-1.0,16.401927606670913,20.52956501762121,4.127637410950296,persistence
persistence,post_covid,4,LA MATANZA,2024-25,0.9,IT90,49.0533041651205,13,,,,,,2024-11-10,2024-11-03,-1.0,16.401927606670913,20.52956501762121,4.127637410950296,persistence
persistence,post_covid,4,LA MATANZA,2024-25,0.98,IT98,76.45298521130762,13,,,,,,2024-11-10,2024-11-03,-1.0,16.401927606670913,20.52956501762121,4.127637410950296,persistence
persistence,post_covid,4,LA MATANZA,2025-26,0.5,IT50,24.512107570850826,40,2025-03-16,2025-04-13,4.0,-4.0,2025-04-13,2025-06-01,2025-06-29,4.0,53.170487175267624,53.170487175267624,0.0,persistence
persistence,post_covid,4,LA MATANZA,2025-26,0.9,IT90,49.0533041651205,40,2025-06-01,2025-06-29,4.0,-4.0,2025-06-29,2025-06-01,2025-06-29,4.0,53.170487175267624,53.170487175267624,0.0,persistence
persistence,post_covid,4,LA MATANZA,2025-26,0.98,IT98,76.45298521130762,40,,,,,,2025-06-01,2025-06-29,4.0,53.170487175267624,53.170487175267624,0.0,persistence
persistence,post_covid,4,LANÚS,2024-25,0.5,IT50,132.6029855198303,13,,,,,,2024-11-03,2024-11-10,1.0,51.81380848835923,55.932897866094905,4.119089377735676,persistence
persistence,post_covid,4,LANÚS,2024-25,0.9,IT90,190.48996986250967,13,,,,,,2024-11-03,2024-11-10,1.0,51.81380848835923,55.932897866094905,4.119089377735676,persistence
persistence,post_covid,4,LANÚS,2024-25,0.98,IT98,240.1624128185746,13,,,,,,2024-11-03,2024-11-10,1.0,51.81380848835923,55.932897866094905,4.119089377735676,persistence
persistence,post_covid,4,LANÚS,2025-26,0.5,IT50,132.6029855198303,40,2025-05-25,2025-06-22,4.0,-4.0,2025-06-22,2025-06-01,2025-06-29,4.0,171.48419462046925,171.48419462046925,0.0,persistence
persistence,post_covid,4,LANÚS,2025-26,0.9,IT90,190.48996986250967,40,,,,,,2025-06-01,2025-06-29,4.0,171.48419462046925,171.48419462046925,0.0,persistence
persistence,post_covid,4,LANÚS,2025-26,0.98,IT98,240.1624128185746,40,,,,,,2025-06-01,2025-06-29,4.0,171.48419462046925,171.48419462046925,0.0,persistence
persistence,post_covid,4,LOMAS DE ZAMORA,2024-25,0.5,IT50,8.281330480989212,10,,,,,,2024-11-10,2024-12-08,4.0,1.448267871625536,1.448267871625536,0.0,persistence
persistence,post_covid,4,LOMAS DE ZAMORA,2024-25,0.9,IT90,13.281987582112178,10,,,,,,2024-11-10,2024-12-08,4.0,1.448267871625536,1.448267871625536,0.0,persistence
persistence,post_covid,4,LOMAS DE ZAMORA,2024-25,0.98,IT98,17.968039817353144,10,,,,,,2024-11-10,2024-12-08,4.0,1.448267871625536,1.448267871625536,0.0,persistence
persistence,post_covid,4,LOMAS DE ZAMORA,2025-26,0.5,IT50,8.281330480989212,31,,,,,,2025-06-15,2025-04-06,-10.0,1.5930946587880896,3.83790985980767,2.2448152010195805,persistence
persistence,post_covid,4,LOMAS DE ZAMORA,2025-26,0.9,IT90,13.281987582112178,31,,,,,,2025-06-15,2025-04-06,-10.0,1.5930946587880896,3.83790985980767,2.2448152010195805,persistence
persistence,post_covid,4,LOMAS DE ZAMORA,2025-26,0.98,IT98,17.968039817353144,31,,,,,,2025-06-15,2025-04-06,-10.0,1.5930946587880896,3.83790985980767,2.2448152010195805,persistence
persistence,post_covid,4,MALVINAS ARGENTINAS,2024-25,0.5,IT50,19.75908456675979,13,,,,,,2024-11-17,2024-11-17,0.0,9.125284452226284,9.695614730490428,0.5703302782641444,persistence
persistence,post_covid,4,MALVINAS ARGENTINAS,2024-25,0.9,IT90,75.76432319476002,13,,,,,,2024-11-17,2024-11-17,0.0,9.125284452226284,9.695614730490428,0.5703302782641444,persistence
persistence,post_covid,4,MALVINAS ARGENTINAS,2024-25,0.98,IT98,178.99536057166898,13,,,,,,2024-11-17,2024-11-17,0.0,9.125284452226284,9.695614730490428,0.5703302782641444,persistence
persistence,post_covid,4,MALVINAS ARGENTINAS,2025-26,0.5,IT50,19.75908456675979,40,2025-04-27,2025-05-25,4.0,-4.0,2025-05-25,2025-06-08,2025-07-06,4.0,137.4495970616584,137.4495970616584,0.0,persistence
persistence,post_covid,4,MALVINAS ARGENTINAS,2025-26,0.9,IT90,75.76432319476002,40,2025-04-27,2025-05-25,4.0,-4.0,2025-05-25,2025-06-08,2025-07-06,4.0,137.4495970616584,137.4495970616584,0.0,persistence
persistence,post_covid,4,MALVINAS ARGENTINAS,2025-26,0.98,IT98,178.99536057166898,40,,,,,,2025-06-08,2025-07-06,4.0,137.4495970616584,137.4495970616584,0.0,persistence
persistence,post_covid,4,MERLO,2024-25,0.5,IT50,93.32449393075508,13,,,,,,2024-12-15,2025-01-12,4.0,23.86323448117208,23.86323448117208,0.0,persistence
persistence,post_covid,4,MERLO,2024-25,0.9,IT90,164.5170716895135,13,,,,,,2024-12-15,2025-01-12,4.0,23.86323448117208,23.86323448117208,0.0,persistence
persistence,post_covid,4,MERLO,2024-25,0.98,IT98,236.4333757518645,13,,,,,,2024-12-15,2025-01-12,4.0,23.86323448117208,23.86323448117208,0.0,persistence
persistence,post_covid,4,MERLO,2025-26,0.5,IT50,93.32449393075508,40,,,,,,2025-06-15,2025-07-13,4.0,60.087281067699486,60.087281067699486,0.0,persistence
persistence,post_covid,4,MERLO,2025-26,0.9,IT90,164.5170716895135,40,,,,,,2025-06-15,2025-07-13,4.0,60.087281067699486,60.087281067699486,0.0,persistence
persistence,post_covid,4,MERLO,2025-26,0.98,IT98,236.4333757518645,40,,,,,,2025-06-15,2025-07-13,4.0,60.087281067699486,60.087281067699486,0.0,persistence
persistence,post_covid,4,MORENO,2024-25,0.5,IT50,101.79720605127496,13,,,,,,2024-11-24,2024-11-10,-2.0,51.15914482720349,60.0036071532624,8.84446232605891,persistence
persistence,post_covid,4,MORENO,2024-25,0.9,IT90,214.46725243408844,13,,,,,,2024-11-24,2024-11-10,-2.0,51.15914482720349,60.0036071532624,8.84446232605891,persistence
persistence,post_covid,4,MORENO,2024-25,0.98,IT98,345.44262322711484,13,,,,,,2024-11-24,2024-11-10,-2.0,51.15914482720349,60.0036071532624,8.84446232605891,persistence
persistence,post_covid,4,MORENO,2025-26,0.5,IT50,101.79720605127496,40,2025-05-25,2025-06-22,4.0,-4.0,2025-06-22,2025-07-13,2025-08-10,4.0,197.0060627922141,197.0060627922141,0.0,persistence
persistence,post_covid,4,MORENO,2025-26,0.9,IT90,214.46725243408844,40,,,,,,2025-07-13,2025-08-10,4.0,197.0060627922141,197.0060627922141,0.0,persistence
persistence,post_covid,4,MORENO,2025-26,0.98,IT98,345.44262322711484,40,,,,,,2025-07-13,2025-08-10,4.0,197.0060627922141,197.0060627922141,0.0,persistence
persistence,post_covid,4,MORÓN,2024-25,0.5,IT50,28.847000469649124,13,,,,,,2024-11-03,2024-12-01,4.0,24.45777712020243,24.45777712020243,0.0,persistence
persistence,post_covid,4,MORÓN,2024-25,0.9,IT90,57.29975452086349,13,,,,,,2024-11-03,2024-12-01,4.0,24.45777712020243,24.45777712020243,0.0,persistence
persistence,post_covid,4,MORÓN,2024-25,0.98,IT98,88.88106833465432,13,,,,,,2024-11-03,2024-12-01,4.0,24.45777712020243,24.45777712020243,0.0,persistence
persistence,post_covid,4,MORÓN,2025-26,0.5,IT50,28.847000469649124,40,2025-05-25,2025-06-22,4.0,-4.0,2025-06-22,2025-06-08,2025-07-06,4.0,54.04866795699054,54.04866795699054,0.0,persistence
persistence,post_covid,4,MORÓN,2025-26,0.9,IT90,57.29975452086349,40,,,,,,2025-06-08,2025-07-06,4.0,54.04866795699054,54.04866795699054,0.0,persistence
persistence,post_covid,4,MORÓN,2025-26,0.98,IT98,88.88106833465432,40,,,,,,2025-06-08,2025-07-06,4.0,54.04866795699054,54.04866795699054,0.0,persistence
persistence,post_covid,4,QUILMES,2024-25,0.5,IT50,46.34689792435932,13,,,,,,2024-11-24,2024-12-22,4.0,14.99863433487372,14.99863433487372,0.0,persistence
persistence,post_covid,4,QUILMES,2024-25,0.9,IT90,80.98262048145082,13,,,,,,2024-11-24,2024-12-22,4.0,14.99863433487372,14.99863433487372,0.0,persistence
persistence,post_covid,4,QUILMES,2024-25,0.98,IT98,115.72591322033615,13,,,,,,2024-11-24,2024-12-22,4.0,14.99863433487372,14.99863433487372,0.0,persistence
persistence,post_covid,4,QUILMES,2025-26,0.5,IT50,46.34689792435932,40,,,,,,2025-06-08,2025-07-06,4.0,39.62797071635056,39.62797071635056,0.0,persistence
persistence,post_covid,4,QUILMES,2025-26,0.9,IT90,80.98262048145082,40,,,,,,2025-06-08,2025-07-06,4.0,39.62797071635056,39.62797071635056,0.0,persistence
persistence,post_covid,4,QUILMES,2025-26,0.98,IT98,115.72591322033615,40,,,,,,2025-06-08,2025-07-06,4.0,39.62797071635056,39.62797071635056,0.0,persistence
persistence,post_covid,4,SAN ISIDRO,2024-25,0.5,IT50,31.02709117627285,13,,,,,,2024-12-15,2025-01-12,4.0,9.082285506690615,9.082285506690615,0.0,persistence
persistence,post_covid,4,SAN ISIDRO,2024-25,0.9,IT90,61.06994953059092,13,,,,,,2024-12-15,2025-01-12,4.0,9.082285506690615,9.082285506690615,0.0,persistence
persistence,post_covid,4,SAN ISIDRO,2024-25,0.98,IT98,94.17754601713678,13,,,,,,2024-12-15,2025-01-12,4.0,9.082285506690615,9.082285506690615,0.0,persistence
persistence,post_covid,4,SAN ISIDRO,2025-26,0.5,IT50,31.02709117627285,37,,,,,,2025-03-30,2025-04-27,4.0,29.93790407760981,29.93790407760981,0.0,persistence
persistence,post_covid,4,SAN ISIDRO,2025-26,0.9,IT90,61.06994953059092,37,,,,,,2025-03-30,2025-04-27,4.0,29.93790407760981,29.93790407760981,0.0,persistence
persistence,post_covid,4,SAN ISIDRO,2025-26,0.98,IT98,94.17754601713678,37,,,,,,2025-03-30,2025-04-27,4.0,29.93790407760981,29.93790407760981,0.0,persistence
persistence,post_covid,4,SAN MIGUEL,2024-25,0.5,IT50,41.72536470891113,13,,,,,,2024-11-10,2024-11-17,1.0,21.89547949579576,24.632414432770233,2.736934936974471,persistence
persistence,post_covid,4,SAN MIGUEL,2024-25,0.9,IT90,54.8832873966512,13,,,,,,2024-11-10,2024-11-17,1.0,21.89547949579576,24.632414432770233,2.736934936974471,persistence
persistence,post_covid,4,SAN MIGUEL,2024-25,0.98,IT98,65.40139686030513,13,,,,,,2024-11-10,2024-11-17,1.0,21.89547949579576,24.632414432770233,2.736934936974471,persistence
persistence,post_covid,4,SAN MIGUEL,2025-26,0.5,IT50,41.72536470891113,40,2025-05-18,2025-06-15,4.0,-4.0,2025-06-15,2025-07-27,2025-08-24,4.0,93.35989173901804,93.35989173901804,0.0,persistence
persistence,post_covid,4,SAN MIGUEL,2025-26,0.9,IT90,54.8832873966512,40,2025-07-20,2025-08-17,4.0,-4.0,2025-08-17,2025-07-27,2025-08-24,4.0,93.35989173901804,93.35989173901804,0.0,persistence
persistence,post_covid,4,SAN MIGUEL,2025-26,0.98,IT98,65.40139686030513,40,2025-07-27,2025-08-24,4.0,-4.0,2025-08-24,2025-07-27,2025-08-24,4.0,93.35989173901804,93.35989173901804,0.0,persistence
persistence,post_covid,4,TIGRE,2024-25,0.5,IT50,22.292181427607932,13,,,,,,2024-11-17,2024-11-10,-1.0,3.579826781131628,6.4884360408010755,2.9086092596694475,persistence
persistence,post_covid,4,TIGRE,2024-25,0.9,IT90,51.59902428823632,13,,,,,,2024-11-17,2024-11-10,-1.0,3.579826781131628,6.4884360408010755,2.9086092596694475,persistence
persistence,post_covid,4,TIGRE,2024-25,0.98,IT98,88.26651373174553,13,,,,,,2024-11-17,2024-11-10,-1.0,3.579826781131628,6.4884360408010755,2.9086092596694475,persistence
persistence,post_covid,4,TIGRE,2025-26,0.5,IT50,22.292181427607932,40,2025-07-06,2025-08-03,4.0,-4.0,2025-08-03,2025-07-13,2025-08-10,4.0,40.72052963537227,40.72052963537227,0.0,persistence
persistence,post_covid,4,TIGRE,2025-26,0.9,IT90,51.59902428823632,40,,,,,,2025-07-13,2025-08-10,4.0,40.72052963537227,40.72052963537227,0.0,persistence
persistence,post_covid,4,TIGRE,2025-26,0.98,IT98,88.26651373174553,40,,,,,,2025-07-13,2025-08-10,4.0,40.72052963537227,40.72052963537227,0.0,persistence
persistence,post_covid,4,TRES DE FEBRERO,2024-25,0.5,IT50,92.40050209783404,13,,,,,,2024-11-10,2024-11-24,2.0,49.97583585958438,61.508721057950005,11.532885198365626,persistence
persistence,post_covid,4,TRES DE FEBRERO,2024-25,0.9,IT90,150.5622822202344,13,,,,,,2024-11-10,2024-11-24,2.0,49.97583585958438,61.508721057950005,11.532885198365626,persistence
persistence,post_covid,4,TRES DE FEBRERO,2024-25,0.98,IT98,205.7567466717726,13,,,,,,2024-11-10,2024-11-24,2.0,49.97583585958438,61.508721057950005,11.532885198365626,persistence
persistence,post_covid,4,TRES DE FEBRERO,2025-26,0.5,IT50,92.40050209783404,40,2025-06-01,2025-06-29,4.0,-4.0,2025-06-29,2025-06-01,2025-06-29,4.0,114.50507446948728,114.50507446948728,0.0,persistence
persistence,post_covid,4,TRES DE FEBRERO,2025-26,0.9,IT90,150.5622822202344,40,,,,,,2025-06-01,2025-06-29,4.0,114.50507446948728,114.50507446948728,0.0,persistence
persistence,post_covid,4,TRES DE FEBRERO,2025-26,0.98,IT98,205.7567466717726,40,,,,,,2025-06-01,2025-06-29,4.0,114.50507446948728,114.50507446948728,0.0,persistence
persistence,post_covid,4,VICENTE LÓPEZ,2024-25,0.5,IT50,105.82113989675452,13,,,,,,2024-11-10,2024-12-08,4.0,15.233101884653536,15.233101884653536,0.0,persistence
persistence,post_covid,4,VICENTE LÓPEZ,2024-25,0.9,IT90,168.616011392644,13,,,,,,2024-11-10,2024-12-08,4.0,15.233101884653536,15.233101884653536,0.0,persistence
persistence,post_covid,4,VICENTE LÓPEZ,2024-25,0.98,IT98,227.1548194913809,13,,,,,,2024-11-10,2024-12-08,4.0,15.233101884653536,15.233101884653536,0.0,persistence
persistence,post_covid,4,VICENTE LÓPEZ,2025-26,0.5,IT50,105.82113989675452,40,2025-05-25,2025-06-22,4.0,-4.0,2025-06-22,2025-05-25,2025-06-22,4.0,114.77965140994756,114.77965140994756,0.0,persistence
persistence,post_covid,4,VICENTE LÓPEZ,2025-26,0.9,IT90,168.616011392644,40,,,,,,2025-05-25,2025-06-22,4.0,114.77965140994756,114.77965140994756,0.0,persistence
persistence,post_covid,4,VICENTE LÓPEZ,2025-26,0.98,IT98,227.1548194913809,40,,,,,,2025-05-25,2025-06-22,4.0,114.77965140994756,114.77965140994756,0.0,persistence
persistence,post_covid,4,CITYWIDE,2024-25,0.5,IT50,77.06642887231719,13,,,,,,2024-11-10,2024-11-03,-1.0,33.76782494046754,49.76508224573056,15.99725730526302,persistence
persistence,post_covid,4,CITYWIDE,2024-25,0.9,IT90,97.46007981062509,13,,,,,,2024-11-10,2024-11-03,-1.0,33.76782494046754,49.76508224573056,15.99725730526302,persistence
persistence,post_covid,4,CITYWIDE,2024-25,0.98,IT98,113.25281678189309,13,,,,,,2024-11-10,2024-11-03,-1.0,33.76782494046754,49.76508224573056,15.99725730526302,persistence
persistence,post_covid,4,CITYWIDE,2025-26,0.5,IT50,77.06642887231719,40,2025-05-18,2025-06-15,4.0,-4.0,2025-06-15,2025-06-08,2025-07-06,4.0,119.66687929898744,119.66687929898744,0.0,persistence
persistence,post_covid,4,CITYWIDE,2025-26,0.9,IT90,97.46007981062509,40,2025-05-25,2025-06-22,4.0,-4.0,2025-06-22,2025-06-08,2025-07-06,4.0,119.66687929898744,119.66687929898744,0.0,persistence
persistence,post_covid,4,CITYWIDE,2025-26,0.98,IT98,113.25281678189309,40,2025-06-08,2025-07-06,4.0,-4.0,2025-07-06,2025-06-08,2025-07-06,4.0,119.66687929898744,119.66687929898744,0.0,persistence
seasonal_naive,post_covid,4,ALMIRANTE BROWN,2024-25,0.5,IT50,45.51198712694632,13,,,,,,2024-12-01,2024-11-03,-4.0,20.860869966673903,14.534212681699032,-6.326657284974871,seasonal_naive
seasonal_naive,post_covid,4,ALMIRANTE BROWN,2024-25,0.9,IT90,59.3327355509796,13,,,,,,2024-12-01,2024-11-03,-4.0,20.860869966673903,14.534212681699032,-6.326657284974871,seasonal_naive
seasonal_naive,post_covid,4,ALMIRANTE BROWN,2024-25,0.98,IT98,70.30154029606965,13,,,,,,2024-12-01,2024-11-03,-4.0,20.860869966673903,14.534212681699032,-6.326657284974871,seasonal_naive
seasonal_naive,post_covid,4,ALMIRANTE BROWN,2025-26,0.5,IT50,45.51198712694632,40,,2025-05-18,,,2025-05-18,2025-06-08,2025-05-25,-2.0,41.550749195916055,85.15338724101316,43.60263804509711,seasonal_naive
seasonal_naive,post_covid,4,ALMIRANTE BROWN,2025-26,0.9,IT90,59.3327355509796,40,,2025-05-25,,,2025-05-25,2025-06-08,2025-05-25,-2.0,41.550749195916055,85.15338724101316,43.60263804509711,seasonal_naive
seasonal_naive,post_covid,4,ALMIRANTE BROWN,2025-26,0.98,IT98,70.30154029606965,40,,2025-05-25,,,2025-05-25,2025-06-08,2025-05-25,-2.0,41.550749195916055,85.15338724101316,43.60263804509711,seasonal_naive
seasonal_naive,post_covid,4,AVELLANEDA,2024-25,0.5,IT50,245.84106655843968,13,,,,,,2024-11-24,2025-01-12,7.0,130.04891798211963,126.23995385712033,-3.8089641249993065,seasonal_naive
seasonal_naive,post_covid,4,AVELLANEDA,2024-25,0.9,IT90,374.7741671132419,13,,,,,,2024-11-24,2025-01-12,7.0,130.04891798211963,126.23995385712033,-3.8089641249993065,seasonal_naive
seasonal_naive,post_covid,4,AVELLANEDA,2024-25,0.98,IT98,490.7992503428019,13,,,,,,2024-11-24,2025-01-12,7.0,130.04891798211963,126.23995385712033,-3.8089641249993065,seasonal_naive
seasonal_naive,post_covid,4,AVELLANEDA,2025-26,0.5,IT50,245.84106655843968,40,2025-05-25,2025-05-11,-2.0,2.0,2025-05-11,2025-06-01,2025-05-25,-1.0,323.7619506249422,397.7646821963576,74.00273157141544,seasonal_naive
seasonal_naive,post_covid,4,AVELLANEDA,2025-26,0.9,IT90,374.7741671132419,40,,2025-05-25,,,2025-05-25,2025-06-01,2025-05-25,-1.0,323.7619506249422,397.7646821963576,74.00273157141544,seasonal_naive
seasonal_naive,post_covid,4,AVELLANEDA,2025-26,0.98,IT98,490.7992503428019,40,,,,,,2025-06-01,2025-05-25,-1.0,323.7619506249422,397.7646821963576,74.00273157141544,seasonal_naive
seasonal_naive,post_covid,4,EZEIZA,2024-25,0.5,IT50,139.80229436412165,13,,,,,,2024-11-03,2025-01-26,12.0,44.6625742515297,79.40013200271946,34.73755775118976,seasonal_naive
seasonal_naive,post_covid,4,EZEIZA,2024-25,0.9,IT90,180.23131160603506,13,,,,,,2024-11-03,2025-01-26,12.0,44.6625742515297,79.40013200271946,34.73755775118976,seasonal_naive
seasonal_naive,post_covid,4,EZEIZA,2024-25,0.98,IT98,212.02965427114694,13,,,,,,2024-11-03,2025-01-26,12.0,44.6625742515297,79.40013200271946,34.73755775118976,seasonal_naive
seasonal_naive,post_covid,4,EZEIZA,2025-26,0.5,IT50,139.80229436412165,40,2025-05-25,2025-05-18,-1.0,1.0,2025-05-18,2025-06-08,2025-05-25,-2.0,186.09405938137377,209.91409898218956,23.82003960081579,seasonal_naive
seasonal_naive,post_covid,4,EZEIZA,2025-26,0.9,IT90,180.23131160603506,40,2025-06-08,2025-05-25,-2.0,2.0,2025-05-25,2025-06-08,2025-05-25,-2.0,186.09405938137377,209.91409898218956,23.82003960081579,seasonal_naive
seasonal_naive,post_covid,4,EZEIZA,2025-26,0.98,IT98,212.02965427114694,40,,,,,,2025-06-08,2025-05-25,-2.0,186.09405938137377,209.91409898218956,23.82003960081579,seasonal_naive
seasonal_naive,post_covid,4,FLORENCIO VARELA,2024-25,0.5,IT50,92.52865090835965,13,,,,,,2024-11-10,2024-11-17,1.0,47.539144255116,32.22992830855322,-15.30921594656278,seasonal_naive
seasonal_naive,post_covid,4,FLORENCIO VARELA,2024-25,0.9,IT90,129.20404508235538,13,,,,,,2024-11-10,2024-11-17,1.0,47.539144255116,32.22992830855322,-15.30921594656278,seasonal_naive
seasonal_naive,post_covid,4,FLORENCIO VARELA,2024-25,0.98,IT98,159.96645580277627,13,,,,,,2024-11-10,2024-11-17,1.0,47.539144255116,32.22992830855322,-15.30921594656278,seasonal_naive
seasonal_naive,post_covid,4,FLORENCIO VARELA,2025-26,0.5,IT50,92.52865090835965,40,2025-05-25,2025-05-11,-2.0,2.0,2025-05-11,2025-06-08,2025-05-18,-3.0,146.4447367519887,122.07085346864532,-24.373883283343375,seasonal_naive
seasonal_naive,post_covid,4,FLORENCIO VARELA,2025-26,0.9,IT90,129.20404508235538,40,2025-06-08,,,,,2025-06-08,2025-05-18,-3.0,146.4447367519887,122.07085346864532,-24.373883283343375,seasonal_naive
seasonal_naive,post_covid,4,FLORENCIO VARELA,2025-26,0.98,IT98,159.96645580277627,40,,,,,,2025-06-08,2025-05-18,-3.0,146.4447367519887,122.07085346864532,-24.373883283343375,seasonal_naive
seasonal_naive,post_covid,4,GENERAL SAN MARTÍN,2024-25,0.5,IT50,77.94711365203958,13,,,,,,2024-11-17,2024-11-10,-1.0,38.622208213656286,48.610710337877734,9.988502124221448,seasonal_naive
seasonal_naive,post_covid,4,GENERAL SAN MARTÍN,2024-25,0.9,IT90,119.50868958439348,13,,,,,,2024-11-17,2024-11-10,-1.0,38.622208213656286,48.610710337877734,9.988502124221448,seasonal_naive
seasonal_naive,post_covid,4,GENERAL SAN MARTÍN,2024-25,0.98,IT98,157.08069982681235,13,,,,,,2024-11-17,2024-11-10,-1.0,38.622208213656286,48.610710337877734,9.988502124221448,seasonal_naive
seasonal_naive,post_covid,4,GENERAL SAN MARTÍN,2025-26,0.5,IT50,77.94711365203958,40,2025-05-18,2025-05-11,-1.0,1.0,2025-05-11,2025-06-01,2025-05-18,-2.0,98.99715438672816,154.7107995684967,55.71364518176854,seasonal_naive
seasonal_naive,post_covid,4,GENERAL SAN MARTÍN,2025-26,0.9,IT90,119.50868958439348,40,,2025-05-18,,,2025-05-18,2025-06-01,2025-05-18,-2.0,98.99715438672816,154.7107995684967,55.71364518176854,seasonal_naive
seasonal_naive,post_covid,4,GENERAL SAN MARTÍN,2025-26,0.98,IT98,157.08069982681235,40,,,,,,2025-06-01,2025-05-18,-2.0,98.99715438672816,154.7107995684967,55.71364518176854,seasonal_naive
seasonal_naive,post_covid,4,JOSÉ C. PAZ,2024-25,0.5,IT50,222.17859568980776,13,,,,,,2024-11-03,2024-12-08,5.0,178.59764153251456,27.82942701962127,-150.76821451289328,seasonal_naive
seasonal_naive,post_covid,4,JOSÉ C. PAZ,2024-25,0.9,IT90,355.8888420506266,13,,,,,,2024-11-03,2024-12-08,5.0,178.59764153251456,27.82942701962127,-150.76821451289328,seasonal_naive
seasonal_naive,post_covid,4,JOSÉ C. PAZ,2024-25,0.98,IT98,481.06046989083103,13,,,,,,2024-11-03,2024-12-08,5.0,178.59764153251456,27.82942701962127,-150.76821451289328,seasonal_naive
seasonal_naive,post_covid,4,JOSÉ C. PAZ,2025-26,0.5,IT50,222.17859568980776,40,2025-03-16,2025-07-06,16.0,-16.0,2025-07-06,2025-05-25,2025-08-17,12.0,740.690903752997,468.5129911435142,-272.17791260948275,seasonal_naive
seasonal_naive,post_covid,4,JOSÉ C. PAZ,2025-26,0.9,IT90,355.8888420506266,40,2025-05-04,2025-07-06,9.0,-9.0,2025-07-06,2025-05-25,2025-08-17,12.0,740.690903752997,468.5129911435142,-272.17791260948275,seasonal_naive
seasonal_naive,post_covid,4,JOSÉ C. PAZ,2025-26,0.98,IT98,481.06046989083103,40,2025-05-25,,,,,2025-05-25,2025-08-17,12.0,740.690903752997,468.5129911435142,-272.17791260948275,seasonal_naive
seasonal_naive,post_covid,4,LA MATANZA,2024-25,0.5,IT50,24.512107570850826,13,,,,,,2024-11-10,2025-01-26,11.0,16.401927606670913,7.494920561988695,-8.907007044682217,seasonal_naive
seasonal_naive,post_covid,4,LA MATANZA,2024-25,0.9,IT90,49.0533041651205,13,,,,,,2024-11-10,2025-01-26,11.0,16.401927606670913,7.494920561988695,-8.907007044682217,seasonal_naive
seasonal_naive,post_covid,4,LA MATANZA,2024-25,0.98,IT98,76.45298521130762,13,,,,,,2024-11-10,2025-01-26,11.0,16.401927606670913,7.494920561988695,-8.907007044682217,seasonal_naive
seasonal_naive,post_covid,4,LA MATANZA,2025-26,0.5,IT50,24.512107570850826,40,2025-03-16,2025-05-18,9.0,-9.0,2025-05-18,2025-06-01,2025-06-22,3.0,53.170487175267624,53.98515245374466,0.8146652784770367,seasonal_naive
seasonal_naive,post_covid,4,LA MATANZA,2025-26,0.9,IT90,49.0533041651205,40,2025-06-01,2025-05-25,-1.0,1.0,2025-05-25,2025-06-01,2025-06-22,3.0,53.170487175267624,53.98515245374466,0.8146652784770367,seasonal_naive
seasonal_naive,post_covid,4,LA MATANZA,2025-26,0.98,IT98,76.45298521130762,40,,,,,,2025-06-01,2025-06-22,3.0,53.170487175267624,53.98515245374466,0.8146652784770367,seasonal_naive
seasonal_naive,post_covid,4,LANÚS,2024-25,0.5,IT50,132.6029855198303,13,,,,,,2024-11-03,2024-11-17,2.0,51.81380848835923,64.17107662156626,12.357268133207029,seasonal_naive
seasonal_naive,post_covid,4,LANÚS,2024-25,0.9,IT90,190.48996986250967,13,,,,,,2024-11-03,2024-11-17,2.0,51.81380848835923,64.17107662156626,12.357268133207029,seasonal_naive
seasonal_naive,post_covid,4,LANÚS,2024-25,0.98,IT98,240.1624128185746,13,,,,,,2024-11-03,2024-11-17,2.0,51.81380848835923,64.17107662156626,12.357268133207029,seasonal_naive
seasonal_naive,post_covid,4,LANÚS,2025-26,0.5,IT50,132.6029855198303,40,2025-05-25,2025-05-18,-1.0,1.0,2025-05-18,2025-06-01,2025-05-18,-2.0,171.48419462046925,161.728456620569,-9.755737999900248,seasonal_naive
seasonal_naive,post_covid,4,LANÚS,2025-26,0.9,IT90,190.48996986250967,40,,,,,,2025-06-01,2025-05-18,-2.0,171.48419462046925,161.728456620569,-9.755737999900248,seasonal_naive
seasonal_naive,post_covid,4,LANÚS,2025-26,0.98,IT98,240.1624128185746,40,,,,,,2025-06-01,2025-05-18,-2.0,171.48419462046925,161.728456620569,-9.755737999900248,seasonal_naive
seasonal_naive,post_covid,4,LOMAS DE ZAMORA,2024-25,0.5,IT50,8.281330480989212,10,,,,,,2024-11-10,2024-11-10,0.0,1.448267871625536,4.924110763526822,3.4758428919012863,seasonal_naive
seasonal_naive,post_covid,4,LOMAS DE ZAMORA,2024-25,0.9,IT90,13.281987582112178,10,,,,,,2024-11-10,2024-11-10,0.0,1.448267871625536,4.924110763526822,3.4758428919012863,seasonal_naive
seasonal_naive,post_covid,4,LOMAS DE ZAMORA,2024-25,0.98,IT98,17.968039817353144,10,,,,,,2024-11-10,2024-11-10,0.0,1.448267871625536,4.924110763526822,3.4758428919012863,seasonal_naive
seasonal_naive,post_covid,4,LOMAS DE ZAMORA,2025-26,0.5,IT50,8.281330480989212,31,,2025-05-04,,,2025-05-04,2025-06-15,2025-06-01,-2.0,1.5930946587880896,9.124087591240876,7.5309929324527864,seasonal_naive
seasonal_naive,post_covid,4,LOMAS DE ZAMORA,2025-26,0.9,IT90,13.281987582112178,31,,,,,,2025-06-15,2025-06-01,-2.0,1.5930946587880896,9.124087591240876,7.5309929324527864,seasonal_naive
seasonal_naive,post_covid,4,LOMAS DE ZAMORA,2025-26,0.98,IT98,17.968039817353144,31,,,,,,2025-06-15,2025-06-01,-2.0,1.5930946587880896,9.124087591240876,7.5309929324527864,seasonal_naive
seasonal_naive,post_covid,4,MALVINAS ARGENTINAS,2024-25,0.5,IT50,19.75908456675979,13,,,,,,2024-11-17,2024-11-03,-2.0,9.125284452226284,3.9923119478489992,-5.1329725043772845,seasonal_naive
seasonal_naive,post_covid,4,MALVINAS ARGENTINAS,2024-25,0.9,IT90,75.76432319476002,13,,,,,,2024-11-17,2024-11-03,-2.0,9.125284452226284,3.9923119478489992,-5.1329725043772845,seasonal_naive
seasonal_naive,post_covid,4,MALVINAS ARGENTINAS,2024-25,0.98,IT98,178.99536057166898,13,,,,,,2024-11-17,2024-11-03,-2.0,9.125284452226284,3.9923119478489992,-5.1329725043772845,seasonal_naive
seasonal_naive,post_covid,4,MALVINAS ARGENTINAS,2025-26,0.5,IT50,19.75908456675979,40,2025-04-27,2025-06-08,6.0,-6.0,2025-06-08,2025-06-08,2025-06-08,0.0,137.4495970616584,21.672550574037423,-115.77704648762099,seasonal_naive
seasonal_naive,post_covid,4,MALVINAS ARGENTINAS,2025-26,0.9,IT90,75.76432319476002,40,2025-04-27,,,,,2025-06-08,2025-06-08,0.0,137.4495970616584,21.672550574037423,-115.77704648762099,seasonal_naive
seasonal_naive,post_covid,4,MALVINAS ARGENTINAS,2025-26,0.98,IT98,178.99536057166898,40,,,,,,2025-06-08,2025-06-08,0.0,137.4495970616584,21.672550574037423,-115.77704648762099,seasonal_naive
seasonal_naive,post_covid,4,MERLO,2024-25,0.5,IT50,93.32449393075508,13,,,,,,2024-12-15,2024-11-17,-4.0,23.86323448117208,38.97089372105081,15.107659239878728,seasonal_naive
seasonal_naive,post_covid,4,MERLO,2024-25,0.9,IT90,164.5170716895135,13,,,,,,2024-12-15,2024-11-17,-4.0,23.86323448117208,38.97089372105081,15.107659239878728,seasonal_naive
seasonal_naive,post_covid,4,MERLO,2024-25,0.98,IT98,236.4333757518645,13,,,,,,2024-12-15,2024-11-17,-4.0,23.86323448117208,38.97089372105081,15.107659239878728,seasonal_naive
seasonal_naive,post_covid,4,MERLO,2025-26,0.5,IT50,93.32449393075508,40,,,,,,2025-06-15,2025-06-29,2.0,60.087281067699486,86.69736268339497,26.610081615695485,seasonal_naive
seasonal_naive,post_covid,4,MERLO,2025-26,0.9,IT90,164.5170716895135,40,,,,,,2025-06-15,2025-06-29,2.0,60.087281067699486,86.69736268339497,26.610081615695485,seasonal_naive
seasonal_naive,post_covid,4,MERLO,2025-26,0.98,IT98,236.4333757518645,40,,,,,,2025-06-15,2025-06-29,2.0,60.087281067699486,86.69736268339497,26.610081615695485,seasonal_naive
seasonal_naive,post_covid,4,MORENO,2024-25,0.5,IT50,101.79720605127496,13,,,,,,2024-11-24,2024-11-03,-3.0,51.15914482720349,65.20623205094411,14.047087223740618,seasonal_naive
seasonal_naive,post_covid,4,MORENO,2024-25,0.9,IT90,214.46725243408844,13,,,,,,2024-11-24,2024-11-03,-3.0,51.15914482720349,65.20623205094411,14.047087223740618,seasonal_naive
seasonal_naive,post_covid,4,MORENO,2024-25,0.98,IT98,345.44262322711484,13,,,,,,2024-11-24,2024-11-03,-3.0,51.15914482720349,65.20623205094411,14.047087223740618,seasonal_naive
seasonal_naive,post_covid,4,MORENO,2025-26,0.5,IT50,101.79720605127496,40,2025-05-25,2025-05-04,-3.0,3.0,2025-05-04,2025-07-13,2025-05-25,-7.0,197.0060627922141,207.2378917576548,10.231828965440712,seasonal_naive
seasonal_naive,post_covid,4,MORENO,2025-26,0.9,IT90,214.46725243408844,40,,,,,,2025-07-13,2025-05-25,-7.0,197.0060627922141,207.2378917576548,10.231828965440712,seasonal_naive
seasonal_naive,post_covid,4,MORENO,2025-26,0.98,IT98,345.44262322711484,40,,,,,,2025-07-13,2025-05-25,-7.0,197.0060627922141,207.2378917576548,10.231828965440712,seasonal_naive
seasonal_naive,post_covid,4,MORÓN,2024-25,0.5,IT50,28.847000469649124,13,,,,,,2024-11-03,2025-01-12,10.0,24.45777712020243,20.230507000661262,-4.227270119541167,seasonal_naive
seasonal_naive,post_covid,4,MORÓN,2024-25,0.9,IT90,57.29975452086349,13,,,,,,2024-11-03,2025-01-12,10.0,24.45777712020243,20.230507000661262,-4.227270119541167,seasonal_naive
seasonal_naive,post_covid,4,MORÓN,2024-25,0.98,IT98,88.88106833465432,13,,,,,,2024-11-03,2025-01-12,10.0,24.45777712020243,20.230507000661262,-4.227270119541167,seasonal_naive
seasonal_naive,post_covid,4,MORÓN,2025-26,0.5,IT50,28.847000469649124,40,2025-05-25,2025-05-11,-2.0,2.0,2025-05-11,2025-06-08,2025-06-01,-1.0,54.04866795699054,108.70123164534412,54.65256368835358,seasonal_naive
seasonal_naive,post_covid,4,MORÓN,2025-26,0.9,IT90,57.29975452086349,40,,2025-05-25,,,2025-05-25,2025-06-08,2025-06-01,-1.0,54.04866795699054,108.70123164534412,54.65256368835358,seasonal_naive
seasonal_naive,post_covid,4,MORÓN,2025-26,0.98,IT98,88.88106833465432,40,,2025-06-01,,,2025-06-01,2025-06-08,2025-06-01,-1.0,54.04866795699054,108.70123164534412,54.65256368835358,seasonal_naive
seasonal_naive,post_covid,4,QUILMES,2024-25,0.5,IT50,46.34689792435932,13,,,,,,2024-11-24,2024-11-10,-2.0,14.99863433487372,15.788036141972336,0.7894018070986153,seasonal_naive
seasonal_naive,post_covid,4,QUILMES,2024-25,0.9,IT90,80.98262048145082,13,,,,,,2024-11-24,2024-11-10,-2.0,14.99863433487372,15.788036141972336,0.7894018070986153,seasonal_naive
seasonal_naive,post_covid,4,QUILMES,2024-25,0.98,IT98,115.72591322033615,13,,,,,,2024-11-24,2024-11-10,-2.0,14.99863433487372,15.788036141972336,0.7894018070986153,seasonal_naive
seasonal_naive,post_covid,4,QUILMES,2025-26,0.5,IT50,46.34689792435932,40,,,,,,2025-06-08,2025-05-25,-2.0,39.62797071635056,44.680142281781706,5.052171565431145,seasonal_naive
seasonal_naive,post_covid,4,QUILMES,2025-26,0.9,IT90,80.98262048145082,40,,,,,,2025-06-08,2025-05-25,-2.0,39.62797071635056,44.680142281781706,5.052171565431145,seasonal_naive
seasonal_naive,post_covid,4,QUILMES,2025-26,0.98,IT98,115.72591322033615,40,,,,,,2025-06-08,2025-05-25,-2.0,39.62797071635056,44.680142281781706,5.052171565431145,seasonal_naive
seasonal_naive,post_covid,4,SAN ISIDRO,2024-25,0.5,IT50,31.02709117627285,13,,2025-01-26,,,2025-01-26,2024-12-15,2025-01-26,6.0,9.082285506690615,32.29257069045553,23.21028518376491,seasonal_naive
seasonal_naive,post_covid,4,SAN ISIDRO,2024-25,0.9,IT90,61.06994953059092,13,,,,,,2024-12-15,2025-01-26,6.0,9.082285506690615,32.29257069045553,23.21028518376491,seasonal_naive
seasonal_naive,post_covid,4,SAN ISIDRO,2024-25,0.98,IT98,94.17754601713678,13,,,,,,2024-12-15,2025-01-26,6.0,9.082285506690615,32.29257069045553,23.21028518376491,seasonal_naive
seasonal_naive,post_covid,4,SAN ISIDRO,2025-26,0.5,IT50,31.02709117627285,37,,2025-02-09,,,2025-02-09,2025-03-30,2025-02-09,-7.0,29.93790407760981,33.97447541391675,4.036571336306938,seasonal_naive
seasonal_naive,post_covid,4,SAN ISIDRO,2025-26,0.9,IT90,61.06994953059092,37,,,,,,2025-03-30,2025-02-09,-7.0,29.93790407760981,33.97447541391675,4.036571336306938,seasonal_naive
seasonal_naive,post_covid,4,SAN ISIDRO,2025-26,0.98,IT98,94.17754601713678,37,,,,,,2025-03-30,2025-02-09,-7.0,29.93790407760981,33.97447541391675,4.036571336306938,seasonal_naive
seasonal_naive,post_covid,4,SAN MIGUEL,2024-25,0.5,IT50,41.72536470891113,13,,,,,,2024-11-10,2024-11-24,2.0,21.89547949579576,31.322699834263386,9.427220338467624,seasonal_naive
seasonal_naive,post_covid,4,SAN MIGUEL,2024-25,0.9,IT90,54.8832873966512,13,,,,,,2024-11-10,2024-11-24,2.0,21.89547949579576,31.322699834263386,9.427220338467624,seasonal_naive
seasonal_naive,post_covid,4,SAN MIGUEL,2024-25,0.98,IT98,65.40139686030513,13,,,,,,2024-11-10,2024-11-24,2.0,21.89547949579576,31.322699834263386,9.427220338467624,seasonal_naive
seasonal_naive,post_covid,4,SAN MIGUEL,2025-26,0.5,IT50,41.72536470891113,40,2025-05-18,2025-05-11,-1.0,1.0,2025-05-11,2025-07-27,2025-05-18,-10.0,93.35989173901804,65.38233460550124,-27.977557133516797,seasonal_naive
seasonal_naive,post_covid,4,SAN MIGUEL,2025-26,0.9,IT90,54.8832873966512,40,2025-07-20,2025-05-18,-9.0,9.0,2025-05-18,2025-07-27,2025-05-18,-10.0,93.35989173901804,65.38233460550124,-27.977557133516797,seasonal_naive
seasonal_naive,post_covid,4,SAN MIGUEL,2025-26,0.98,IT98,65.40139686030513,40,2025-07-27,,,,,2025-07-27,2025-05-18,-10.0,93.35989173901804,65.38233460550124,-27.977557133516797,seasonal_naive
seasonal_naive,post_covid,4,TIGRE,2024-25,0.5,IT50,22.292181427607932,13,,,,,,2024-11-17,2025-01-26,10.0,3.579826781131628,6.040957693159623,2.4611309120279947,seasonal_naive
seasonal_naive,post_covid,4,TIGRE,2024-25,0.9,IT90,51.59902428823632,13,,,,,,2024-11-17,2025-01-26,10.0,3.579826781131628,6.040957693159623,2.4611309120279947,seasonal_naive
seasonal_naive,post_covid,4,TIGRE,2024-25,0.98,IT98,88.26651373174553,13,,,,,,2024-11-17,2025-01-26,10.0,3.579826781131628,6.040957693159623,2.4611309120279947,seasonal_naive
seasonal_naive,post_covid,4,TIGRE,2025-26,0.5,IT50,22.292181427607932,40,2025-07-06,,,,,2025-07-13,2025-06-08,-5.0,40.72052963537227,16.332959688913053,-24.38756994645922,seasonal_naive
seasonal_naive,post_covid,4,TIGRE,2025-26,0.9,IT90,51.59902428823632,40,,,,,,2025-07-13,2025-06-08,-5.0,40.72052963537227,16.332959688913053,-24.38756994645922,seasonal_naive
seasonal_naive,post_covid,4,TIGRE,2025-26,0.98,IT98,88.26651373174553,40,,,,,,2025-07-13,2025-06-08,-5.0,40.72052963537227,16.332959688913053,-24.38756994645922,seasonal_naive
seasonal_naive,post_covid,4,TRES DE FEBRERO,2024-25,0.5,IT50,92.40050209783404,13,,,,,,2024-11-10,2025-01-19,10.0,49.97583585958438,52.72176090681429,2.7459250472299104,seasonal_naive
seasonal_naive,post_covid,4,TRES DE FEBRERO,2024-25,0.9,IT90,150.5622822202344,13,,,,,,2024-11-10,2025-01-19,10.0,49.97583585958438,52.72176090681429,2.7459250472299104,seasonal_naive
seasonal_naive,post_covid,4,TRES DE FEBRERO,2024-25,0.98,IT98,205.7567466717726,13,,,,,,2024-11-10,2025-01-19,10.0,49.97583585958438,52.72176090681429,2.7459250472299104,seasonal_naive
seasonal_naive,post_covid,4,TRES DE FEBRERO,2025-26,0.5,IT50,92.40050209783404,40,2025-06-01,2025-05-18,-2.0,2.0,2025-05-18,2025-06-01,2025-06-01,0.0,114.50507446948728,170.2473529282545,55.7422784587672,seasonal_naive
seasonal_naive,post_covid,4,TRES DE FEBRERO,2025-26,0.9,IT90,150.5622822202344,40,,2025-05-25,,,2025-05-25,2025-06-01,2025-06-01,0.0,114.50507446948728,170.2473529282545,55.7422784587672,seasonal_naive
seasonal_naive,post_covid,4,TRES DE FEBRERO,2025-26,0.98,IT98,205.7567466717726,40,,,,,,2025-06-01,2025-06-01,0.0,114.50507446948728,170.2473529282545,55.7422784587672,seasonal_naive
seasonal_naive,post_covid,4,VICENTE LÓPEZ,2024-25,0.5,IT50,105.82113989675452,13,,,,,,2024-11-10,2025-01-26,11.0,15.233101884653536,72.97718577299136,57.744083888337826,seasonal_naive
seasonal_naive,post_covid,4,VICENTE LÓPEZ,2024-25,0.9,IT90,168.616011392644,13,,,,,,2024-11-10,2025-01-26,11.0,15.233101884653536,72.97718577299136,57.744083888337826,seasonal_naive
seasonal_naive,post_covid,4,VICENTE LÓPEZ,2024-25,0.98,IT98,227.1548194913809,13,,,,,,2024-11-10,2025-01-26,11.0,15.233101884653536,72.97718577299136,57.744083888337826,seasonal_naive
seasonal_naive,post_covid,4,VICENTE LÓPEZ,2025-26,0.5,IT50,105.82113989675452,40,2025-05-25,2025-04-20,-5.0,5.0,2025-04-20,2025-05-25,2025-05-25,0.0,114.77965140994756,215.3889754853337,100.60932407538614,seasonal_naive
seasonal_naive,post_covid,4,VICENTE LÓPEZ,2025-26,0.9,IT90,168.616011392644,40,,2025-05-18,,,2025-05-18,2025-05-25,2025-05-25,0.0,114.77965140994756,215.3889754853337,100.60932407538614,seasonal_naive
seasonal_naive,post_covid,4,VICENTE LÓPEZ,2025-26,0.98,IT98,227.1548194913809,40,,,,,,2025-05-25,2025-05-25,0.0,114.77965140994756,215.3889754853337,100.60932407538614,seasonal_naive
seasonal_naive,post_covid,4,CITYWIDE,2024-25,0.5,IT50,77.06642887231719,13,,,,,,2024-11-10,2025-01-26,11.0,33.76782494046754,28.41324653143697,-5.3545784090305695,seasonal_naive
seasonal_naive,post_covid,4,CITYWIDE,2024-25,0.9,IT90,97.46007981062509,13,,,,,,2024-11-10,2025-01-26,11.0,33.76782494046754,28.41324653143697,-5.3545784090305695,seasonal_naive
seasonal_naive,post_covid,4,CITYWIDE,2024-25,0.98,IT98,113.25281678189309,13,,,,,,2024-11-10,2025-01-26,11.0,33.76782494046754,28.41324653143697,-5.3545784090305695,seasonal_naive
seasonal_naive,post_covid,4,CITYWIDE,2025-26,0.5,IT50,77.06642887231719,40,2025-05-18,2025-05-18,0.0,0.0,2025-05-18,2025-06-08,2025-05-25,-2.0,119.66687929898744,109.12035430022515,-10.546524998762294,seasonal_naive
seasonal_naive,post_covid,4,CITYWIDE,2025-26,0.9,IT90,97.46007981062509,40,2025-05-25,2025-05-25,0.0,0.0,2025-05-25,2025-06-08,2025-05-25,-2.0,119.66687929898744,109.12035430022515,-10.546524998762294,seasonal_naive
seasonal_naive,post_covid,4,CITYWIDE,2025-26,0.98,IT98,113.25281678189309,40,2025-06-08,,,,,2025-06-08,2025-05-25,-2.0,119.66687929898744,109.12035430022515,-10.546524998762294,seasonal_naive
xgboost,post_covid,4,ALMIRANTE BROWN,2024-25,0.5,IT50,45.51198712694632,13,,,,,,2024-12-01,2024-11-03,-4.0,20.860870361328125,28.708520212077772,7.847649850749647,xgboost
xgboost,post_covid,4,ALMIRANTE BROWN,2024-25,0.9,IT90,59.3327355509796,13,,,,,,2024-12-01,2024-11-03,-4.0,20.860870361328125,28.708520212077772,7.847649850749647,xgboost
xgboost,post_covid,4,ALMIRANTE BROWN,2024-25,0.98,IT98,70.30154029606965,13,,,,,,2024-12-01,2024-11-03,-4.0,20.860870361328125,28.708520212077772,7.847649850749647,xgboost
xgboost,post_covid,4,ALMIRANTE BROWN,2025-26,0.5,IT50,45.51198712694632,40,,2025-06-08,,,2025-06-08,2025-06-08,2025-06-22,2.0,41.550750732421875,51.35749355426795,9.806742821846072,xgboost
xgboost,post_covid,4,ALMIRANTE BROWN,2025-26,0.9,IT90,59.3327355509796,40,,,,,,2025-06-08,2025-06-22,2.0,41.550750732421875,51.35749355426795,9.806742821846072,xgboost
xgboost,post_covid,4,ALMIRANTE BROWN,2025-26,0.98,IT98,70.30154029606965,40,,,,,,2025-06-08,2025-06-22,2.0,41.550750732421875,51.35749355426795,9.806742821846072,xgboost
xgboost,post_covid,4,AVELLANEDA,2024-25,0.5,IT50,245.84106655843968,13,,,,,,2024-11-24,2024-11-03,-3.0,130.04891967773438,98.58995035535436,-31.458969322380014,xgboost
xgboost,post_covid,4,AVELLANEDA,2024-25,0.9,IT90,374.7741671132419,13,,,,,,2024-11-24,2024-11-03,-3.0,130.04891967773438,98.58995035535436,-31.458969322380014,xgboost
xgboost,post_covid,4,AVELLANEDA,2024-25,0.98,IT98,490.7992503428019,13,,,,,,2024-11-24,2024-11-03,-3.0,130.04891967773438,98.58995035535436,-31.458969322380014,xgboost
xgboost,post_covid,4,AVELLANEDA,2025-26,0.5,IT50,245.84106655843968,40,2025-05-25,2025-04-27,-4.0,4.0,2025-04-27,2025-06-01,2025-05-25,-1.0,323.761962890625,327.8423294172688,4.080366526643786,xgboost
xgboost,post_covid,4,AVELLANEDA,2025-26,0.9,IT90,374.7741671132419,40,,,,,,2025-06-01,2025-05-25,-1.0,323.761962890625,327.8423294172688,4.080366526643786,xgboost
xgboost,post_covid,4,AVELLANEDA,2025-26,0.98,IT98,490.7992503428019,40,,,,,,2025-06-01,2025-05-25,-1.0,323.761962890625,327.8423294172688,4.080366526643786,xgboost
xgboost,post_covid,4,EZEIZA,2024-25,0.5,IT50,139.80229436412165,13,,,,,,2024-11-03,2024-11-03,0.0,44.662574768066406,61.653658391921546,16.99108362385514,xgboost
xgboost,post_covid,4,EZEIZA,2024-25,0.9,IT90,180.23131160603506,13,,,,,,2024-11-03,2024-11-03,0.0,44.662574768066406,61.653658391921546,16.99108362385514,xgboost
xgboost,post_covid,4,EZEIZA,2024-25,0.98,IT98,212.02965427114694,13,,,,,,2024-11-03,2024-11-03,0.0,44.662574768066406,61.653658391921546,16.99108362385514,xgboost
xgboost,post_covid,4,EZEIZA,2025-26,0.5,IT50,139.80229436412165,40,2025-05-25,2025-05-18,-1.0,1.0,2025-05-18,2025-06-08,2025-05-25,-2.0,186.09405517578125,173.08693058197537,-13.007124593805884,xgboost
xgboost,post_covid,4,EZEIZA,2025-26,0.9,IT90,180.23131160603506,40,2025-06-08,,,,,2025-06-08,2025-05-25,-2.0,186.09405517578125,173.08693058197537,-13.007124593805884,xgboost
xgboost,post_covid,4,EZEIZA,2025-26,0.98,IT98,212.02965427114694,40,,,,,,2025-06-08,2025-05-25,-2.0,186.09405517578125,173.08693058197537,-13.007124593805884,xgboost
xgboost,post_covid,4,FLORENCIO VARELA,2024-25,0.5,IT50,92.52865090835965,13,,,,,,2024-11-10,2024-11-10,0.0,47.53914260864258,33.68643961888224,-13.852702989760338,xgboost
xgboost,post_covid,4,FLORENCIO VARELA,2024-25,0.9,IT90,129.20404508235538,13,,,,,,2024-11-10,2024-11-10,0.0,47.53914260864258,33.68643961888224,-13.852702989760338,xgboost
xgboost,post_covid,4,FLORENCIO VARELA,2024-25,0.98,IT98,159.96645580277627,13,,,,,,2024-11-10,2024-11-10,0.0,47.53914260864258,33.68643961888224,-13.852702989760338,xgboost
xgboost,post_covid,4,FLORENCIO VARELA,2025-26,0.5,IT50,92.52865090835965,40,2025-05-25,2025-05-18,-1.0,1.0,2025-05-18,2025-06-08,2025-05-25,-2.0,146.44473266601562,124.9678802388164,-21.47685242719922,xgboost
xgboost,post_covid,4,FLORENCIO VARELA,2025-26,0.9,IT90,129.20404508235538,40,2025-06-08,,,,,2025-06-08,2025-05-25,-2.0,146.44473266601562,124.9678802388164,-21.47685242719922,xgboost
xgboost,post_covid,4,FLORENCIO VARELA,2025-26,0.98,IT98,159.96645580277627,40,,,,,,2025-06-08,2025-05-25,-2.0,146.44473266601562,124.9678802388164,-21.47685242719922,xgboost
xgboost,post_covid,4,GENERAL SAN MARTÍN,2024-25,0.5,IT50,77.94711365203958,13,,,,,,2024-11-17,2024-11-03,-2.0,38.62220764160156,33.612209080833246,-5.009998560768317,xgboost
xgboost,post_covid,4,GENERAL SAN MARTÍN,2024-25,0.9,IT90,119.50868958439348,13,,,,,,2024-11-17,2024-11-03,-2.0,38.62220764160156,33.612209080833246,-5.009998560768317,xgboost
xgboost,post_covid,4,GENERAL SAN MARTÍN,2024-25,0.98,IT98,157.08069982681235,13,,,,,,2024-11-17,2024-11-03,-2.0,38.62220764160156,33.612209080833246,-5.009998560768317,xgboost
xgboost,post_covid,4,GENERAL SAN MARTÍN,2025-26,0.5,IT50,77.94711365203958,40,2025-05-18,2025-05-18,0.0,0.0,2025-05-18,2025-06-01,2025-06-08,1.0,98.99715423583984,102.5981413410714,3.600987105231553,xgboost
xgboost,post_covid,4,GENERAL SAN MARTÍN,2025-26,0.9,IT90,119.50868958439348,40,,,,,,2025-06-01,2025-06-08,1.0,98.99715423583984,102.5981413410714,3.600987105231553,xgboost
xgboost,post_covid,4,GENERAL SAN MARTÍN,2025-26,0.98,IT98,157.08069982681235,40,,,,,,2025-06-01,2025-06-08,1.0,98.99715423583984,102.5981413410714,3.600987105231553,xgboost
xgboost,post_covid,4,JOSÉ C. PAZ,2024-25,0.5,IT50,222.17859568980776,13,,,,,,2024-11-03,2024-11-10,1.0,178.59762573242188,34.916163023180914,-143.68146270924098,xgboost
xgboost,post_covid,4,JOSÉ C. PAZ,2024-25,0.9,IT90,355.8888420506266,13,,,,,,2024-11-03,2024-11-10,1.0,178.59762573242188,34.916163023180914,-143.68146270924098,xgboost
xgboost,post_covid,4,JOSÉ C. PAZ,2024-25,0.98,IT98,481.06046989083103,13,,,,,,2024-11-03,2024-11-10,1.0,178.59762573242188,34.916163023180914,-143.68146270924098,xgboost
xgboost,post_covid,4,JOSÉ C. PAZ,2025-26,0.5,IT50,222.17859568980776,40,2025-03-16,,,,,2025-05-25,2025-06-08,2.0,740.6908569335938,195.78065358238703,-544.9102033512067,xgboost
xgboost,post_covid,4,JOSÉ C. PAZ,2025-26,0.9,IT90,355.8888420506266,40,2025-05-04,,,,,2025-05-25,2025-06-08,2.0,740.6908569335938,195.78065358238703,-544.9102033512067,xgboost
xgboost,post_covid,4,JOSÉ C. PAZ,2025-26,0.98,IT98,481.06046989083103,40,2025-05-25,,,,,2025-05-25,2025-06-08,2.0,740.6908569335938,195.78065358238703,-544.9102033512067,xgboost
xgboost,post_covid,4,LA MATANZA,2024-25,0.5,IT50,24.512107570850826,13,,,,,,2024-11-10,2024-12-15,5.0,16.401927947998047,10.733438302709349,-5.668489645288698,xgboost
xgboost,post_covid,4,LA MATANZA,2024-25,0.9,IT90,49.0533041651205,13,,,,,,2024-11-10,2024-12-15,5.0,16.401927947998047,10.733438302709349,-5.668489645288698,xgboost
xgboost,post_covid,4,LA MATANZA,2024-25,0.98,IT98,76.45298521130762,13,,,,,,2024-11-10,2024-12-15,5.0,16.401927947998047,10.733438302709349,-5.668489645288698,xgboost
xgboost,post_covid,4,LA MATANZA,2025-26,0.5,IT50,24.512107570850826,40,2025-03-16,2025-04-27,6.0,-6.0,2025-04-27,2025-06-01,2025-06-08,1.0,53.17048645019531,51.30314847516327,-1.8673379750320436,xgboost
xgboost,post_covid,4,LA MATANZA,2025-26,0.9,IT90,49.0533041651205,40,2025-06-01,2025-06-08,1.0,-1.0,2025-06-08,2025-06-01,2025-06-08,1.0,53.17048645019531,51.30314847516327,-1.8673379750320436,xgboost
xgboost,post_covid,4,LA MATANZA,2025-26,0.98,IT98,76.45298521130762,40,,,,,,2025-06-01,2025-06-08,1.0,53.17048645019531,51.30314847516327,-1.8673379750320436,xgboost
xgboost,post_covid,4,LANÚS,2024-25,0.5,IT50,132.6029855198303,13,,,,,,2024-11-03,2024-11-03,0.0,51.813812255859375,73.33379463190171,21.519982376042336,xgboost
xgboost,post_covid,4,LANÚS,2024-25,0.9,IT90,190.48996986250967,13,,,,,,2024-11-03,2024-11-03,0.0,51.813812255859375,73.33379463190171,21.519982376042336,xgboost
xgboost,post_covid,4,LANÚS,2024-25,0.98,IT98,240.1624128185746,13,,,,,,2024-11-03,2024-11-03,0.0,51.813812255859375,73.33379463190171,21.519982376042336,xgboost
xgboost,post_covid,4,LANÚS,2025-26,0.5,IT50,132.6029855198303,40,2025-05-25,2025-05-18,-1.0,1.0,2025-05-18,2025-06-01,2025-05-25,-1.0,171.48419189453125,176.99572660445506,5.511534709923808,xgboost
xgboost,post_covid,4,LANÚS,2025-26,0.9,IT90,190.48996986250967,40,,,,,,2025-06-01,2025-05-25,-1.0,171.48419189453125,176.99572660445506,5.511534709923808,xgboost
xgboost,post_covid,4,LANÚS,2025-26,0.98,IT98,240.1624128185746,40,,,,,,2025-06-01,2025-05-25,-1.0,171.48419189453125,176.99572660445506,5.511534709923808,xgboost
xgboost,post_covid,4,LOMAS DE ZAMORA,2024-25,0.5,IT50,8.281330480989212,10,,,,,,2024-11-10,2024-11-17,1.0,1.448267936706543,6.627006585610275,5.178738648903732,xgboost
xgboost,post_covid,4,LOMAS DE ZAMORA,2024-25,0.9,IT90,13.281987582112178,10,,,,,,2024-11-10,2024-11-17,1.0,1.448267936706543,6.627006585610275,5.178738648903732,xgboost
xgboost,post_covid,4,LOMAS DE ZAMORA,2024-25,0.98,IT98,17.968039817353144,10,,,,,,2024-11-10,2024-11-17,1.0,1.448267936706543,6.627006585610275,5.178738648903732,xgboost
xgboost,post_covid,4,LOMAS DE ZAMORA,2025-26,0.5,IT50,8.281330480989212,31,,2025-05-18,,,2025-05-18,2025-06-15,2025-05-25,-3.0,1.593094825744629,25.52955155862248,23.93645673287785,xgboost
xgboost,post_covid,4,LOMAS DE ZAMORA,2025-26,0.9,IT90,13.281987582112178,31,,2025-05-18,,,2025-05-18,2025-06-15,2025-05-25,-3.0,1.593094825744629,25.52955155862248,23.93645673287785,xgboost
xgboost,post_covid,4,LOMAS DE ZAMORA,2025-26,0.98,IT98,17.968039817353144,31,,2025-05-25,,,2025-05-25,2025-06-15,2025-05-25,-3.0,1.593094825744629,25.52955155862248,23.93645673287785,xgboost
xgboost,post_covid,4,MALVINAS ARGENTINAS,2024-25,0.5,IT50,19.75908456675979,13,,,,,,2024-11-17,2024-12-22,5.0,9.125284194946287,7.637770112299064,-1.4875140826472233,xgboost
xgboost,post_covid,4,MALVINAS ARGENTINAS,2024-25,0.9,IT90,75.76432319476002,13,,,,,,2024-11-17,2024-12-22,5.0,9.125284194946287,7.637770112299064,-1.4875140826472233,xgboost
xgboost,post_covid,4,MALVINAS ARGENTINAS,2024-25,0.98,IT98,178.99536057166898,13,,,,,,2024-11-17,2024-12-22,5.0,9.125284194946287,7.637770112299064,-1.4875140826472233,xgboost
xgboost,post_covid,4,MALVINAS ARGENTINAS,2025-26,0.5,IT50,19.75908456675979,40,2025-04-27,2025-06-08,6.0,-6.0,2025-06-08,2025-06-08,2025-06-08,0.0,137.44960021972656,25.55163826843151,-111.89796195129506,xgboost
xgboost,post_covid,4,MALVINAS ARGENTINAS,2025-26,0.9,IT90,75.76432319476002,40,2025-04-27,,,,,2025-06-08,2025-06-08,0.0,137.44960021972656,25.55163826843151,-111.89796195129506,xgboost
xgboost,post_covid,4,MALVINAS ARGENTINAS,2025-26,0.98,IT98,178.99536057166898,40,,,,,,2025-06-08,2025-06-08,0.0,137.44960021972656,25.55163826843151,-111.89796195129506,xgboost
xgboost,post_covid,4,MERLO,2024-25,0.5,IT50,93.32449393075508,13,,,,,,2024-12-15,2024-11-10,-5.0,23.86323356628418,22.00540793817319,-1.8578256281109908,xgboost
xgboost,post_covid,4,MERLO,2024-25,0.9,IT90,164.5170716895135,13,,,,,,2024-12-15,2024-11-10,-5.0,23.86323356628418,22.00540793817319,-1.8578256281109908,xgboost
xgboost,post_covid,4,MERLO,2024-25,0.98,IT98,236.4333757518645,13,,,,,,2024-12-15,2024-11-10,-5.0,23.86323356628418,22.00540793817319,-1.8578256281109908,xgboost
xgboost,post_covid,4,MERLO,2025-26,0.5,IT50,93.32449393075508,40,,2025-06-08,,,2025-06-08,2025-06-15,2025-06-15,0.0,60.0872802734375,95.6199297188526,35.5326494454151,xgboost
xgboost,post_covid,4,MERLO,2025-26,0.9,IT90,164.5170716895135,40,,,,,,2025-06-15,2025-06-15,0.0,60.0872802734375,95.6199297188526,35.5326494454151,xgboost
xgboost,post_covid,4,MERLO,2025-26,0.98,IT98,236.4333757518645,40,,,,,,2025-06-15,2025-06-15,0.0,60.0872802734375,95.6199297188526,35.5326494454151,xgboost
xgboost,post_covid,4,MORENO,2024-25,0.5,IT50,101.79720605127496,13,,,,,,2024-11-24,2024-11-03,-3.0,51.15914535522461,33.77763914758603,-17.38150620763858,xgboost
xgboost,post_covid,4,MORENO,2024-25,0.9,IT90,214.46725243408844,13,,,,,,2024-11-24,2024-11-03,-3.0,51.15914535522461,33.77763914758603,-17.38150620763858,xgboost
xgboost,post_covid,4,MORENO,2024-25,0.98,IT98,345.44262322711484,13,,,,,,2024-11-24,2024-11-03,-3.0,51.15914535522461,33.77763914758603,-17.38150620763858,xgboost
xgboost,post_covid,4,MORENO,2025-26,0.5,IT50,101.79720605127496,40,2025-05-25,2025-05-04,-3.0,3.0,2025-05-04,2025-07-13,2025-05-25,-7.0,197.0060577392578,201.74137631448357,4.735318575225762,xgboost
xgboost,post_covid,4,MORENO,2025-26,0.9,IT90,214.46725243408844,40,,,,,,2025-07-13,2025-05-25,-7.0,197.0060577392578,201.74137631448357,4.735318575225762,xgboost
xgboost,post_covid,4,MORENO,2025-26,0.98,IT98,345.44262322711484,40,,,,,,2025-07-13,2025-05-25,-7.0,197.0060577392578,201.74137631448357,4.735318575225762,xgboost
xgboost,post_covid,4,MORÓN,2024-25,0.5,IT50,28.847000469649124,13,,,,,,2024-11-03,2024-11-24,3.0,24.45777702331543,18.201206241447757,-6.256570781867673,xgboost
xgboost,post_covid,4,MORÓN,2024-25,0.9,IT90,57.29975452086349,13,,,,,,2024-11-03,2024-11-24,3.0,24.45777702331543,18.201206241447757,-6.256570781867673,xgboost
xgboost,post_covid,4,MORÓN,2024-25,0.98,IT98,88.88106833465432,13,,,,,,2024-11-03,2024-11-24,3.0,24.45777702331543,18.201206241447757,-6.256570781867673,xgboost
xgboost,post_covid,4,MORÓN,2025-26,0.5,IT50,28.847000469649124,40,2025-05-25,2025-05-11,-2.0,2.0,2025-05-11,2025-06-08,2025-05-18,-3.0,54.04866790771485,35.45141173088307,-18.597256176831777,xgboost
xgboost,post_covid,4,MORÓN,2025-26,0.9,IT90,57.29975452086349,40,,,,,,2025-06-08,2025-05-18,-3.0,54.04866790771485,35.45141173088307,-18.597256176831777,xgboost
xgboost,post_covid,4,MORÓN,2025-26,0.98,IT98,88.88106833465432,40,,,,,,2025-06-08,2025-05-18,-3.0,54.04866790771485,35.45141173088307,-18.597256176831777,xgboost
xgboost,post_covid,4,QUILMES,2024-25,0.5,IT50,46.34689792435932,13,,,,,,2024-11-24,2024-11-03,-3.0,14.99863338470459,19.960372851328735,4.961739466624145,xgboost
xgboost,post_covid,4,QUILMES,2024-25,0.9,IT90,80.98262048145082,13,,,,,,2024-11-24,2024-11-03,-3.0,14.99863338470459,19.960372851328735,4.961739466624145,xgboost
xgboost,post_covid,4,QUILMES,2024-25,0.98,IT98,115.72591322033615,13,,,,,,2024-11-24,2024-11-03,-3.0,14.99863338470459,19.960372851328735,4.961739466624145,xgboost
xgboost,post_covid,4,QUILMES,2025-26,0.5,IT50,46.34689792435932,40,,2025-05-11,,,2025-05-11,2025-06-08,2025-05-25,-2.0,39.62797164916992,55.2139035888859,15.585931939715977,xgboost
xgboost,post_covid,4,QUILMES,2025-26,0.9,IT90,80.98262048145082,40,,,,,,2025-06-08,2025-05-25,-2.0,39.62797164916992,55.2139035888859,15.585931939715977,xgboost
xgboost,post_covid,4,QUILMES,2025-26,0.98,IT98,115.72591322033615,40,,,,,,2025-06-08,2025-05-25,-2.0,39.62797164916992,55.2139035888859,15.585931939715977,xgboost
xgboost,post_covid,4,SAN ISIDRO,2024-25,0.5,IT50,31.02709117627285,13,,,,,,2024-12-15,2025-01-26,6.0,9.082284927368164,22.59961418948003,13.517329262111865,xgboost
xgboost,post_covid,4,SAN ISIDRO,2024-25,0.9,IT90,61.06994953059092,13,,,,,,2024-12-15,2025-01-26,6.0,9.082284927368164,22.59961418948003,13.517329262111865,xgboost
xgboost,post_covid,4,SAN ISIDRO,2024-25,0.98,IT98,94.17754601713678,13,,,,,,2024-12-15,2025-01-26,6.0,9.082284927368164,22.59961418948003,13.517329262111865,xgboost
xgboost,post_covid,4,SAN ISIDRO,2025-26,0.5,IT50,31.02709117627285,37,,2025-04-20,,,2025-04-20,2025-03-30,2025-04-27,4.0,29.937904357910156,51.31397913131997,21.37607477340981,xgboost
xgboost,post_covid,4,SAN ISIDRO,2025-26,0.9,IT90,61.06994953059092,37,,,,,,2025-03-30,2025-04-27,4.0,29.937904357910156,51.31397913131997,21.37607477340981,xgboost
xgboost,post_covid,4,SAN ISIDRO,2025-26,0.98,IT98,94.17754601713678,37,,,,,,2025-03-30,2025-04-27,4.0,29.937904357910156,51.31397913131997,21.37607477340981,xgboost
xgboost,post_covid,4,SAN MIGUEL,2024-25,0.5,IT50,41.72536470891113,13,,,,,,2024-11-10,2024-12-01,3.0,21.895479202270508,36.64366595119884,14.748186748928333,xgboost
xgboost,post_covid,4,SAN MIGUEL,2024-25,0.9,IT90,54.8832873966512,13,,,,,,2024-11-10,2024-12-01,3.0,21.895479202270508,36.64366595119884,14.748186748928333,xgboost
xgboost,post_covid,4,SAN MIGUEL,2024-25,0.98,IT98,65.40139686030513,13,,,,,,2024-11-10,2024-12-01,3.0,21.895479202270508,36.64366595119884,14.748186748928333,xgboost
xgboost,post_covid,4,SAN MIGUEL,2025-26,0.5,IT50,41.72536470891113,40,2025-05-18,2025-05-11,-1.0,1.0,2025-05-11,2025-07-27,2025-05-25,-9.0,93.35989379882812,66.93382554048351,-26.426068258344614,xgboost
xgboost,post_covid,4,SAN MIGUEL,2025-26,0.9,IT90,54.8832873966512,40,2025-07-20,2025-05-25,-8.0,8.0,2025-05-25,2025-07-27,2025-05-25,-9.0,93.35989379882812,66.93382554048351,-26.426068258344614,xgboost
xgboost,post_covid,4,SAN MIGUEL,2025-26,0.98,IT98,65.40139686030513,40,2025-07-27,2025-05-25,-9.0,9.0,2025-05-25,2025-07-27,2025-05-25,-9.0,93.35989379882812,66.93382554048351,-26.426068258344614,xgboost
xgboost,post_covid,4,TIGRE,2024-25,0.5,IT50,22.292181427607932,13,,,,,,2024-11-17,2024-11-10,-1.0,3.579826831817627,10.247520731094806,6.667693899277179,xgboost
xgboost,post_covid,4,TIGRE,2024-25,0.9,IT90,51.59902428823632,13,,,,,,2024-11-17,2024-11-10,-1.0,3.579826831817627,10.247520731094806,6.667693899277179,xgboost
xgboost,post_covid,4,TIGRE,2024-25,0.98,IT98,88.26651373174553,13,,,,,,2024-11-17,2024-11-10,-1.0,3.579826831817627,10.247520731094806,6.667693899277179,xgboost
xgboost,post_covid,4,TIGRE,2025-26,0.5,IT50,22.292181427607932,40,2025-07-06,2025-05-25,-6.0,6.0,2025-05-25,2025-07-13,2025-06-08,-5.0,40.72053527832031,31.0463151938554,-9.674220084464913,xgboost
xgboost,post_covid,4,TIGRE,2025-26,0.9,IT90,51.59902428823632,40,,,,,,2025-07-13,2025-06-08,-5.0,40.72053527832031,31.0463151938554,-9.674220084464913,xgboost
xgboost,post_covid,4,TIGRE,2025-26,0.98,IT98,88.26651373174553,40,,,,,,2025-07-13,2025-06-08,-5.0,40.72053527832031,31.0463151938554,-9.674220084464913,xgboost
xgboost,post_covid,4,TRES DE FEBRERO,2024-25,0.5,IT50,92.40050209783404,13,,,,,,2024-11-10,2024-11-10,0.0,49.97583770751953,37.36046077621742,-12.615376931302109,xgboost
xgboost,post_covid,4,TRES DE FEBRERO,2024-25,0.9,IT90,150.5622822202344,13,,,,,,2024-11-10,2024-11-10,0.0,49.97583770751953,37.36046077621742,-12.615376931302109,xgboost
xgboost,post_covid,4,TRES DE FEBRERO,2024-25,0.98,IT98,205.7567466717726,13,,,,,,2024-11-10,2024-11-10,0.0,49.97583770751953,37.36046077621742,-12.615376931302109,xgboost
xgboost,post_covid,4,TRES DE FEBRERO,2025-26,0.5,IT50,92.40050209783404,40,2025-06-01,2025-05-18,-2.0,2.0,2025-05-18,2025-06-01,2025-05-18,-2.0,114.50506591796876,103.68416840137454,-10.82089751659423,xgboost
xgboost,post_covid,4,TRES DE FEBRERO,2025-26,0.9,IT90,150.5622822202344,40,,,,,,2025-06-01,2025-05-18,-2.0,114.50506591796876,103.68416840137454,-10.82089751659423,xgboost
xgboost,post_covid,4,TRES DE FEBRERO,2025-26,0.98,IT98,205.7567466717726,40,,,,,,2025-06-01,2025-05-18,-2.0,114.50506591796876,103.68416840137454,-10.82089751659423,xgboost
xgboost,post_covid,4,VICENTE LÓPEZ,2024-25,0.5,IT50,105.82113989675452,13,,,,,,2024-11-10,2024-11-03,-1.0,15.23310089111328,34.09743576352188,18.864334872408598,xgboost
xgboost,post_covid,4,VICENTE LÓPEZ,2024-25,0.9,IT90,168.616011392644,13,,,,,,2024-11-10,2024-11-03,-1.0,15.23310089111328,34.09743576352188,18.864334872408598,xgboost
xgboost,post_covid,4,VICENTE LÓPEZ,2024-25,0.98,IT98,227.1548194913809,13,,,,,,2024-11-10,2024-11-03,-1.0,15.23310089111328,34.09743576352188,18.864334872408598,xgboost
xgboost,post_covid,4,VICENTE LÓPEZ,2025-26,0.5,IT50,105.82113989675452,40,2025-05-25,,,,,2025-05-25,2025-06-01,1.0,114.77964782714844,89.44448024127738,-25.335167585871062,xgboost
xgboost,post_covid,4,VICENTE LÓPEZ,2025-26,0.9,IT90,168.616011392644,40,,,,,,2025-05-25,2025-06-01,1.0,114.77964782714844,89.44448024127738,-25.335167585871062,xgboost
xgboost,post_covid,4,VICENTE LÓPEZ,2025-26,0.98,IT98,227.1548194913809,40,,,,,,2025-05-25,2025-06-01,1.0,114.77964782714844,89.44448024127738,-25.335167585871062,xgboost
xgboost,post_covid,4,CITYWIDE,2024-25,0.5,IT50,77.06642887231719,13,,,,,,2024-11-10,2024-11-03,-1.0,33.767825954838806,28.893269141957507,-4.874556812881298,xgboost
xgboost,post_covid,4,CITYWIDE,2024-25,0.9,IT90,97.46007981062509,13,,,,,,2024-11-10,2024-11-03,-1.0,33.767825954838806,28.893269141957507,-4.874556812881298,xgboost
xgboost,post_covid,4,CITYWIDE,2024-25,0.98,IT98,113.25281678189309,13,,,,,,2024-11-10,2024-11-03,-1.0,33.767825954838806,28.893269141957507,-4.874556812881298,xgboost
xgboost,post_covid,4,CITYWIDE,2025-26,0.5,IT50,77.06642887231719,40,2025-05-18,2025-05-18,0.0,0.0,2025-05-18,2025-06-08,2025-05-25,-2.0,119.66687754580849,96.84765139883878,-22.81922614696971,xgboost
xgboost,post_covid,4,CITYWIDE,2025-26,0.9,IT90,97.46007981062509,40,2025-05-25,,,,,2025-06-08,2025-05-25,-2.0,119.66687754580849,96.84765139883878,-22.81922614696971,xgboost
xgboost,post_covid,4,CITYWIDE,2025-26,0.98,IT98,113.25281678189309,40,2025-06-08,,,,,2025-06-08,2025-05-25,-2.0,119.66687754580849,96.84765139883878,-22.81922614696971,xgboost
xgboost_nodemo,post_covid,4,ALMIRANTE BROWN,2024-25,0.5,IT50,45.51198712694632,13,,,,,,2024-12-01,2024-11-03,-4.0,20.860870361328125,24.375758447551405,3.51488808622328,xgboost_nodemo
xgboost_nodemo,post_covid,4,ALMIRANTE BROWN,2024-25,0.9,IT90,59.3327355509796,13,,,,,,2024-12-01,2024-11-03,-4.0,20.860870361328125,24.375758447551405,3.51488808622328,xgboost_nodemo
xgboost_nodemo,post_covid,4,ALMIRANTE BROWN,2024-25,0.98,IT98,70.30154029606965,13,,,,,,2024-12-01,2024-11-03,-4.0,20.860870361328125,24.375758447551405,3.51488808622328,xgboost_nodemo
xgboost_nodemo,post_covid,4,ALMIRANTE BROWN,2025-26,0.5,IT50,45.51198712694632,40,,2025-04-13,,,2025-04-13,2025-06-08,2025-06-22,2.0,41.550750732421875,59.033676301155154,17.48292556873328,xgboost_nodemo
xgboost_nodemo,post_covid,4,ALMIRANTE BROWN,2025-26,0.9,IT90,59.3327355509796,40,,,,,,2025-06-08,2025-06-22,2.0,41.550750732421875,59.033676301155154,17.48292556873328,xgboost_nodemo
xgboost_nodemo,post_covid,4,ALMIRANTE BROWN,2025-26,0.98,IT98,70.30154029606965,40,,,,,,2025-06-08,2025-06-22,2.0,41.550750732421875,59.033676301155154,17.48292556873328,xgboost_nodemo
xgboost_nodemo,post_covid,4,AVELLANEDA,2024-25,0.5,IT50,245.84106655843968,13,,,,,,2024-11-24,2024-11-03,-3.0,130.04891967773438,95.1584108198319,-34.890508857902475,xgboost_nodemo
xgboost_nodemo,post_covid,4,AVELLANEDA,2024-25,0.9,IT90,374.7741671132419,13,,,,,,2024-11-24,2024-11-03,-3.0,130.04891967773438,95.1584108198319,-34.890508857902475,xgboost_nodemo
xgboost_nodemo,post_covid,4,AVELLANEDA,2024-25,0.98,IT98,490.7992503428019,13,,,,,,2024-11-24,2024-11-03,-3.0,130.04891967773438,95.1584108198319,-34.890508857902475,xgboost_nodemo
xgboost_nodemo,post_covid,4,AVELLANEDA,2025-26,0.5,IT50,245.84106655843968,40,2025-05-25,2025-05-04,-3.0,3.0,2025-05-04,2025-06-01,2025-05-25,-1.0,323.761962890625,329.27549592117504,5.513533030550036,xgboost_nodemo
xgboost_nodemo,post_covid,4,AVELLANEDA,2025-26,0.9,IT90,374.7741671132419,40,,,,,,2025-06-01,2025-05-25,-1.0,323.761962890625,329.27549592117504,5.513533030550036,xgboost_nodemo
xgboost_nodemo,post_covid,4,AVELLANEDA,2025-26,0.98,IT98,490.7992503428019,40,,,,,,2025-06-01,2025-05-25,-1.0,323.761962890625,329.27549592117504,5.513533030550036,xgboost_nodemo
xgboost_nodemo,post_covid,4,EZEIZA,2024-25,0.5,IT50,139.80229436412165,13,,,,,,2024-11-03,2024-11-03,0.0,44.662574768066406,68.7337780017543,24.071203233687896,xgboost_nodemo
xgboost_nodemo,post_covid,4,EZEIZA,2024-25,0.9,IT90,180.23131160603506,13,,,,,,2024-11-03,2024-11-03,0.0,44.662574768066406,68.7337780017543,24.071203233687896,xgboost_nodemo
xgboost_nodemo,post_covid,4,EZEIZA,2024-25,0.98,IT98,212.02965427114694,13,,,,,,2024-11-03,2024-11-03,0.0,44.662574768066406,68.7337780017543,24.071203233687896,xgboost_nodemo
xgboost_nodemo,post_covid,4,EZEIZA,2025-26,0.5,IT50,139.80229436412165,40,2025-05-25,2025-05-18,-1.0,1.0,2025-05-18,2025-06-08,2025-05-25,-2.0,186.09405517578125,185.57910091583767,-0.514954259943579,xgboost_nodemo
xgboost_nodemo,post_covid,4,EZEIZA,2025-26,0.9,IT90,180.23131160603506,40,2025-06-08,2025-05-25,-2.0,2.0,2025-05-25,2025-06-08,2025-05-25,-2.0,186.09405517578125,185.57910091583767,-0.514954259943579,xgboost_nodemo
xgboost_nodemo,post_covid,4,EZEIZA,2025-26,0.98,IT98,212.02965427114694,40,,,,,,2025-06-08,2025-05-25,-2.0,186.09405517578125,185.57910091583767,-0.514954259943579,xgboost_nodemo
xgboost_nodemo,post_covid,4,FLORENCIO VARELA,2024-25,0.5,IT50,92.52865090835965,13,,,,,,2024-11-10,2024-11-10,0.0,47.53914260864258,28.152231321152748,-19.38691128748983,xgboost_nodemo
xgboost_nodemo,post_covid,4,FLORENCIO VARELA,2024-25,0.9,IT90,129.20404508235538,13,,,,,,2024-11-10,2024-11-10,0.0,47.53914260864258,28.152231321152748,-19.38691128748983,xgboost_nodemo
xgboost_nodemo,post_covid,4,FLORENCIO VARELA,2024-25,0.98,IT98,159.96645580277627,13,,,,,,2024-11-10,2024-11-10,0.0,47.53914260864258,28.152231321152748,-19.38691128748983,xgboost_nodemo
xgboost_nodemo,post_covid,4,FLORENCIO VARELA,2025-26,0.5,IT50,92.52865090835965,40,2025-05-25,2025-05-18,-1.0,1.0,2025-05-18,2025-06-08,2025-05-25,-2.0,146.44473266601562,126.2682018177959,-20.176530848219727,xgboost_nodemo
xgboost_nodemo,post_covid,4,FLORENCIO VARELA,2025-26,0.9,IT90,129.20404508235538,40,2025-06-08,,,,,2025-06-08,2025-05-25,-2.0,146.44473266601562,126.2682018177959,-20.176530848219727,xgboost_nodemo
xgboost_nodemo,post_covid,4,FLORENCIO VARELA,2025-26,0.98,IT98,159.96645580277627,40,,,,,,2025-06-08,2025-05-25,-2.0,146.44473266601562,126.2682018177959,-20.176530848219727,xgboost_nodemo
xgboost_nodemo,post_covid,4,GENERAL SAN MARTÍN,2024-25,0.5,IT50,77.94711365203958,13,,,,,,2024-11-17,2024-11-03,-2.0,38.62220764160156,42.02293276705151,3.400725125449945,xgboost_nodemo
xgboost_nodemo,post_covid,4,GENERAL SAN MARTÍN,2024-25,0.9,IT90,119.50868958439348,13,,,,,,2024-11-17,2024-11-03,-2.0,38.62220764160156,42.02293276705151,3.400725125449945,xgboost_nodemo
xgboost_nodemo,post_covid,4,GENERAL SAN MARTÍN,2024-25,0.98,IT98,157.08069982681235,13,,,,,,2024-11-17,2024-11-03,-2.0,38.62220764160156,42.02293276705151,3.400725125449945,xgboost_nodemo
xgboost_nodemo,post_covid,4,GENERAL SAN MARTÍN,2025-26,0.5,IT50,77.94711365203958,40,2025-05-18,2025-05-18,0.0,0.0,2025-05-18,2025-06-01,2025-06-08,1.0,98.99715423583984,105.5205389545968,6.523384718756958,xgboost_nodemo
xgboost_nodemo,post_covid,4,GENERAL SAN MARTÍN,2025-26,0.9,IT90,119.50868958439348,40,,,,,,2025-06-01,2025-06-08,1.0,98.99715423583984,105.5205389545968,6.523384718756958,xgboost_nodemo
xgboost_nodemo,post_covid,4,GENERAL SAN MARTÍN,2025-26,0.98,IT98,157.08069982681235,40,,,,,,2025-06-01,2025-06-08,1.0,98.99715423583984,105.5205389545968,6.523384718756958,xgboost_nodemo
xgboost_nodemo,post_covid,4,JOSÉ C. PAZ,2024-25,0.5,IT50,222.17859568980776,13,,,,,,2024-11-03,2024-12-22,7.0,178.59762573242188,30.784225225051188,-147.8134005073707,xgboost_nodemo
xgboost_nodemo,post_covid,4,JOSÉ C. PAZ,2024-25,0.9,IT90,355.8888420506266,13,,,,,,2024-11-03,2024-12-22,7.0,178.59762573242188,30.784225225051188,-147.8134005073707,xgboost_nodemo
xgboost_nodemo,post_covid,4,JOSÉ C. PAZ,2024-25,0.98,IT98,481.06046989083103,13,,,,,,2024-11-03,2024-12-22,7.0,178.59762573242188,30.784225225051188,-147.8134005073707,xgboost_nodemo
xgboost_nodemo,post_covid,4,JOSÉ C. PAZ,2025-26,0.5,IT50,222.17859568980776,40,2025-03-16,,,,,2025-05-25,2025-06-08,2.0,740.6908569335938,199.1827531917621,-541.5081037418316,xgboost_nodemo
xgboost_nodemo,post_covid,4,JOSÉ C. PAZ,2025-26,0.9,IT90,355.8888420506266,40,2025-05-04,,,,,2025-05-25,2025-06-08,2.0,740.6908569335938,199.1827531917621,-541.5081037418316,xgboost_nodemo
xgboost_nodemo,post_covid,4,JOSÉ C. PAZ,2025-26,0.98,IT98,481.06046989083103,40,2025-05-25,,,,,2025-05-25,2025-06-08,2.0,740.6908569335938,199.1827531917621,-541.5081037418316,xgboost_nodemo
xgboost_nodemo,post_covid,4,LA MATANZA,2024-25,0.5,IT50,24.512107570850826,13,,,,,,2024-11-10,2024-12-15,5.0,16.401927947998047,20.883652497960817,4.48172454996277,xgboost_nodemo
xgboost_nodemo,post_covid,4,LA MATANZA,2024-25,0.9,IT90,49.0533041651205,13,,,,,,2024-11-10,2024-12-15,5.0,16.401927947998047,20.883652497960817,4.48172454996277,xgboost_nodemo
xgboost_nodemo,post_covid,4,LA MATANZA,2024-25,0.98,IT98,76.45298521130762,13,,,,,,2024-11-10,2024-12-15,5.0,16.401927947998047,20.883652497960817,4.48172454996277,xgboost_nodemo
xgboost_nodemo,post_covid,4,LA MATANZA,2025-26,0.5,IT50,24.512107570850826,40,2025-03-16,2025-04-13,4.0,-4.0,2025-04-13,2025-06-01,2025-06-08,1.0,53.17048645019531,63.65584394025116,10.485357490055847,xgboost_nodemo
xgboost_nodemo,post_covid,4,LA MATANZA,2025-26,0.9,IT90,49.0533041651205,40,2025-06-01,2025-06-01,0.0,0.0,2025-06-01,2025-06-01,2025-06-08,1.0,53.17048645019531,63.65584394025116,10.485357490055847,xgboost_nodemo
xgboost_nodemo,post_covid,4,LA MATANZA,2025-26,0.98,IT98,76.45298521130762,40,,,,,,2025-06-01,2025-06-08,1.0,53.17048645019531,63.65584394025116,10.485357490055847,xgboost_nodemo
xgboost_nodemo,post_covid,4,LANÚS,2024-25,0.5,IT50,132.6029855198303,13,,,,,,2024-11-03,2024-11-03,0.0,51.813812255859375,75.92824033731553,24.114428081456154,xgboost_nodemo
xgboost_nodemo,post_covid,4,LANÚS,2024-25,0.9,IT90,190.48996986250967,13,,,,,,2024-11-03,2024-11-03,0.0,51.813812255859375,75.92824033731553,24.114428081456154,xgboost_nodemo
xgboost_nodemo,post_covid,4,LANÚS,2024-25,0.98,IT98,240.1624128185746,13,,,,,,2024-11-03,2024-11-03,0.0,51.813812255859375,75.92824033731553,24.114428081456154,xgboost_nodemo
xgboost_nodemo,post_covid,4,LANÚS,2025-26,0.5,IT50,132.6029855198303,40,2025-05-25,2025-05-18,-1.0,1.0,2025-05-18,2025-06-01,2025-05-25,-1.0,171.48419189453125,176.17567350386912,4.69148160933787,xgboost_nodemo
xgboost_nodemo,post_covid,4,LANÚS,2025-26,0.9,IT90,190.48996986250967,40,,,,,,2025-06-01,2025-05-25,-1.0,171.48419189453125,176.17567350386912,4.69148160933787,xgboost_nodemo
xgboost_nodemo,post_covid,4,LANÚS,2025-26,0.98,IT98,240.1624128185746,40,,,,,,2025-06-01,2025-05-25,-1.0,171.48419189453125,176.17567350386912,4.69148160933787,xgboost_nodemo
xgboost_nodemo,post_covid,4,LOMAS DE ZAMORA,2024-25,0.5,IT50,8.281330480989212,10,,,,,,2024-11-10,2025-01-26,11.0,1.448267936706543,5.1485427387075084,3.7002748020009655,xgboost_nodemo
xgboost_nodemo,post_covid,4,LOMAS DE ZAMORA,2024-25,0.9,IT90,13.281987582112178,10,,,,,,2024-11-10,2025-01-26,11.0,1.448267936706543,5.1485427387075084,3.7002748020009655,xgboost_nodemo
xgboost_nodemo,post_covid,4,LOMAS DE ZAMORA,2024-25,0.98,IT98,17.968039817353144,10,,,,,,2024-11-10,2025-01-26,11.0,1.448267936706543,5.1485427387075084,3.7002748020009655,xgboost_nodemo
xgboost_nodemo,post_covid,4,LOMAS DE ZAMORA,2025-26,0.5,IT50,8.281330480989212,31,,2025-05-18,,,2025-05-18,2025-06-15,2025-05-25,-3.0,1.593094825744629,17.473865561613202,15.880770735868573,xgboost_nodemo
xgboost_nodemo,post_covid,4,LOMAS DE ZAMORA,2025-26,0.9,IT90,13.281987582112178,31,,2025-05-25,,,2025-05-25,2025-06-15,2025-05-25,-3.0,1.593094825744629,17.473865561613202,15.880770735868573,xgboost_nodemo
xgboost_nodemo,post_covid,4,LOMAS DE ZAMORA,2025-26,0.98,IT98,17.968039817353144,31,,,,,,2025-06-15,2025-05-25,-3.0,1.593094825744629,17.473865561613202,15.880770735868573,xgboost_nodemo
xgboost_nodemo,post_covid,4,MALVINAS ARGENTINAS,2024-25,0.5,IT50,19.75908456675979,13,,,,,,2024-11-17,2024-12-22,5.0,9.125284194946287,11.13314860656176,2.007864411615472,xgboost_nodemo
xgboost_nodemo,post_covid,4,MALVINAS ARGENTINAS,2024-25,0.9,IT90,75.76432319476002,13,,,,,,2024-11-17,2024-12-22,5.0,9.125284194946287,11.13314860656176,2.007864411615472,xgboost_nodemo
xgboost_nodemo,post_covid,4,MALVINAS ARGENTINAS,2024-25,0.98,IT98,178.99536057166898,13,,,,,,2024-11-17,2024-12-22,5.0,9.125284194946287,11.13314860656176,2.007864411615472,xgboost_nodemo
xgboost_nodemo,post_covid,4,MALVINAS ARGENTINAS,2025-26,0.5,IT50,19.75908456675979,40,2025-04-27,2025-04-13,-2.0,2.0,2025-04-13,2025-06-08,2025-06-08,0.0,137.44960021972656,37.88324799438366,-99.56635222534291,xgboost_nodemo
xgboost_nodemo,post_covid,4,MALVINAS ARGENTINAS,2025-26,0.9,IT90,75.76432319476002,40,2025-04-27,,,,,2025-06-08,2025-06-08,0.0,137.44960021972656,37.88324799438366,-99.56635222534291,xgboost_nodemo
xgboost_nodemo,post_covid,4,MALVINAS ARGENTINAS,2025-26,0.98,IT98,178.99536057166898,40,,,,,,2025-06-08,2025-06-08,0.0,137.44960021972656,37.88324799438366,-99.56635222534291,xgboost_nodemo
xgboost_nodemo,post_covid,4,MERLO,2024-25,0.5,IT50,93.32449393075508,13,,,,,,2024-12-15,2024-11-10,-5.0,23.86323356628418,20.72244895379819,-3.140784612485991,xgboost_nodemo
xgboost_nodemo,post_covid,4,MERLO,2024-25,0.9,IT90,164.5170716895135,13,,,,,,2024-12-15,2024-11-10,-5.0,23.86323356628418,20.72244895379819,-3.140784612485991,xgboost_nodemo
xgboost_nodemo,post_covid,4,MERLO,2024-25,0.98,IT98,236.4333757518645,13,,,,,,2024-12-15,2024-11-10,-5.0,23.86323356628418,20.72244895379819,-3.140784612485991,xgboost_nodemo
xgboost_nodemo,post_covid,4,MERLO,2025-26,0.5,IT50,93.32449393075508,40,,,,,,2025-06-15,2025-06-08,-1.0,60.0872802734375,92.13466493527189,32.047384661834386,xgboost_nodemo
xgboost_nodemo,post_covid,4,MERLO,2025-26,0.9,IT90,164.5170716895135,40,,,,,,2025-06-15,2025-06-08,-1.0,60.0872802734375,92.13466493527189,32.047384661834386,xgboost_nodemo
xgboost_nodemo,post_covid,4,MERLO,2025-26,0.98,IT98,236.4333757518645,40,,,,,,2025-06-15,2025-06-08,-1.0,60.0872802734375,92.13466493527189,32.047384661834386,xgboost_nodemo
xgboost_nodemo,post_covid,4,MORENO,2024-25,0.5,IT50,101.79720605127496,13,,,,,,2024-11-24,2024-11-03,-3.0,51.15914535522461,32.7956979244415,-18.36344743078311,xgboost_nodemo
xgboost_nodemo,post_covid,4,MORENO,2024-25,0.9,IT90,214.46725243408844,13,,,,,,2024-11-24,2024-11-03,-3.0,51.15914535522461,32.7956979244415,-18.36344743078311,xgboost_nodemo
xgboost_nodemo,post_covid,4,MORENO,2024-25,0.98,IT98,345.44262322711484,13,,,,,,2024-11-24,2024-11-03,-3.0,51.15914535522461,32.7956979244415,-18.36344743078311,xgboost_nodemo
xgboost_nodemo,post_covid,4,MORENO,2025-26,0.5,IT50,101.79720605127496,40,2025-05-25,2025-05-04,-3.0,3.0,2025-05-04,2025-07-13,2025-05-25,-7.0,197.0060577392578,188.78837338479607,-8.217684354461738,xgboost_nodemo
xgboost_nodemo,post_covid,4,MORENO,2025-26,0.9,IT90,214.46725243408844,40,,,,,,2025-07-13,2025-05-25,-7.0,197.0060577392578,188.78837338479607,-8.217684354461738,xgboost_nodemo
xgboost_nodemo,post_covid,4,MORENO,2025-26,0.98,IT98,345.44262322711484,40,,,,,,2025-07-13,2025-05-25,-7.0,197.0060577392578,188.78837338479607,-8.217684354461738,xgboost_nodemo
xgboost_nodemo,post_covid,4,MORÓN,2024-25,0.5,IT50,28.847000469649124,13,,,,,,2024-11-03,2024-11-10,1.0,24.45777702331543,20.13242741326104,-4.3253496100543884,xgboost_nodemo
xgboost_nodemo,post_covid,4,MORÓN,2024-25,0.9,IT90,57.29975452086349,13,,,,,,2024-11-03,2024-11-10,1.0,24.45777702331543,20.13242741326104,-4.3253496100543884,xgboost_nodemo
xgboost_nodemo,post_covid,4,MORÓN,2024-25,0.98,IT98,88.88106833465432,13,,,,,,2024-11-03,2024-11-10,1.0,24.45777702331543,20.13242741326104,-4.3253496100543884,xgboost_nodemo
xgboost_nodemo,post_covid,4,MORÓN,2025-26,0.5,IT50,28.847000469649124,40,2025-05-25,2025-05-11,-2.0,2.0,2025-05-11,2025-06-08,2025-06-08,0.0,54.04866790771485,45.586698214434485,-8.461969693280366,xgboost_nodemo
xgboost_nodemo,post_covid,4,MORÓN,2025-26,0.9,IT90,57.29975452086349,40,,,,,,2025-06-08,2025-06-08,0.0,54.04866790771485,45.586698214434485,-8.461969693280366,xgboost_nodemo
xgboost_nodemo,post_covid,4,MORÓN,2025-26,0.98,IT98,88.88106833465432,40,,,,,,2025-06-08,2025-06-08,0.0,54.04866790771485,45.586698214434485,-8.461969693280366,xgboost_nodemo
xgboost_nodemo,post_covid,4,QUILMES,2024-25,0.5,IT50,46.34689792435932,13,,,,,,2024-11-24,2024-11-10,-2.0,14.99863338470459,17.893963624391436,2.895330239686846,xgboost_nodemo
xgboost_nodemo,post_covid,4,QUILMES,2024-25,0.9,IT90,80.98262048145082,13,,,,,,2024-11-24,2024-11-10,-2.0,14.99863338470459,17.893963624391436,2.895330239686846,xgboost_nodemo
xgboost_nodemo,post_covid,4,QUILMES,2024-25,0.98,IT98,115.72591322033615,13,,,,,,2024-11-24,2024-11-10,-2.0,14.99863338470459,17.893963624391436,2.895330239686846,xgboost_nodemo
xgboost_nodemo,post_covid,4,QUILMES,2025-26,0.5,IT50,46.34689792435932,40,,2025-05-11,,,2025-05-11,2025-06-08,2025-05-11,-4.0,39.62797164916992,51.14568111673535,11.517709467565425,xgboost_nodemo
xgboost_nodemo,post_covid,4,QUILMES,2025-26,0.9,IT90,80.98262048145082,40,,,,,,2025-06-08,2025-05-11,-4.0,39.62797164916992,51.14568111673535,11.517709467565425,xgboost_nodemo
xgboost_nodemo,post_covid,4,QUILMES,2025-26,0.98,IT98,115.72591322033615,40,,,,,,2025-06-08,2025-05-11,-4.0,39.62797164916992,51.14568111673535,11.517709467565425,xgboost_nodemo
xgboost_nodemo,post_covid,4,SAN ISIDRO,2024-25,0.5,IT50,31.02709117627285,13,,,,,,2024-12-15,2025-01-19,5.0,9.082284927368164,15.138659366689,6.056374439320836,xgboost_nodemo
xgboost_nodemo,post_covid,4,SAN ISIDRO,2024-25,0.9,IT90,61.06994953059092,13,,,,,,2024-12-15,2025-01-19,5.0,9.082284927368164,15.138659366689,6.056374439320836,xgboost_nodemo
xgboost_nodemo,post_covid,4,SAN ISIDRO,2024-25,0.98,IT98,94.17754601713678,13,,,,,,2024-12-15,2025-01-19,5.0,9.082284927368164,15.138659366689,6.056374439320836,xgboost_nodemo
xgboost_nodemo,post_covid,4,SAN ISIDRO,2025-26,0.5,IT50,31.02709117627285,37,,2025-04-20,,,2025-04-20,2025-03-30,2025-04-27,4.0,29.937904357910156,50.22741983566567,20.289515477755515,xgboost_nodemo
xgboost_nodemo,post_covid,4,SAN ISIDRO,2025-26,0.9,IT90,61.06994953059092,37,,,,,,2025-03-30,2025-04-27,4.0,29.937904357910156,50.22741983566567,20.289515477755515,xgboost_nodemo
xgboost_nodemo,post_covid,4,SAN ISIDRO,2025-26,0.98,IT98,94.17754601713678,37,,,,,,2025-03-30,2025-04-27,4.0,29.937904357910156,50.22741983566567,20.289515477755515,xgboost_nodemo
xgboost_nodemo,post_covid,4,SAN MIGUEL,2024-25,0.5,IT50,41.72536470891113,13,,,,,,2024-11-10,2024-12-01,3.0,21.895479202270508,31.33269469112804,9.437215488857532,xgboost_nodemo
xgboost_nodemo,post_covid,4,SAN MIGUEL,2024-25,0.9,IT90,54.8832873966512,13,,,,,,2024-11-10,2024-12-01,3.0,21.895479202270508,31.33269469112804,9.437215488857532,xgboost_nodemo
xgboost_nodemo,post_covid,4,SAN MIGUEL,2024-25,0.98,IT98,65.40139686030513,13,,,,,,2024-11-10,2024-12-01,3.0,21.895479202270508,31.33269469112804,9.437215488857532,xgboost_nodemo
xgboost_nodemo,post_covid,4,SAN MIGUEL,2025-26,0.5,IT50,41.72536470891113,40,2025-05-18,2025-05-11,-1.0,1.0,2025-05-11,2025-07-27,2025-06-01,-8.0,93.35989379882812,66.88857194591942,-26.4713218529087,xgboost_nodemo
xgboost_nodemo,post_covid,4,SAN MIGUEL,2025-26,0.9,IT90,54.8832873966512,40,2025-07-20,2025-05-25,-8.0,8.0,2025-05-25,2025-07-27,2025-06-01,-8.0,93.35989379882812,66.88857194591942,-26.4713218529087,xgboost_nodemo
xgboost_nodemo,post_covid,4,SAN MIGUEL,2025-26,0.98,IT98,65.40139686030513,40,2025-07-27,2025-06-01,-8.0,8.0,2025-06-01,2025-07-27,2025-06-01,-8.0,93.35989379882812,66.88857194591942,-26.4713218529087,xgboost_nodemo
xgboost_nodemo,post_covid,4,TIGRE,2024-25,0.5,IT50,22.292181427607932,13,,,,,,2024-11-17,2024-11-24,1.0,3.579826831817627,10.711875109814034,7.132048277996407,xgboost_nodemo
xgboost_nodemo,post_covid,4,TIGRE,2024-25,0.9,IT90,51.59902428823632,13,,,,,,2024-11-17,2024-11-24,1.0,3.579826831817627,10.711875109814034,7.132048277996407,xgboost_nodemo
xgboost_nodemo,post_covid,4,TIGRE,2024-25,0.98,IT98,88.26651373174553,13,,,,,,2024-11-17,2024-11-24,1.0,3.579826831817627,10.711875109814034,7.132048277996407,xgboost_nodemo
xgboost_nodemo,post_covid,4,TIGRE,2025-26,0.5,IT50,22.292181427607932,40,2025-07-06,2025-05-25,-6.0,6.0,2025-05-25,2025-07-13,2025-06-08,-5.0,40.72053527832031,32.31433343955242,-8.406201838767892,xgboost_nodemo
xgboost_nodemo,post_covid,4,TIGRE,2025-26,0.9,IT90,51.59902428823632,40,,,,,,2025-07-13,2025-06-08,-5.0,40.72053527832031,32.31433343955242,-8.406201838767892,xgboost_nodemo
xgboost_nodemo,post_covid,4,TIGRE,2025-26,0.98,IT98,88.26651373174553,40,,,,,,2025-07-13,2025-06-08,-5.0,40.72053527832031,32.31433343955242,-8.406201838767892,xgboost_nodemo
xgboost_nodemo,post_covid,4,TRES DE FEBRERO,2024-25,0.5,IT50,92.40050209783404,13,,,,,,2024-11-10,2024-11-10,0.0,49.97583770751953,40.8436837376432,-9.132153969876335,xgboost_nodemo
xgboost_nodemo,post_covid,4,TRES DE FEBRERO,2024-25,0.9,IT90,150.5622822202344,13,,,,,,2024-11-10,2024-11-10,0.0,49.97583770751953,40.8436837376432,-9.132153969876335,xgboost_nodemo
xgboost_nodemo,post_covid,4,TRES DE FEBRERO,2024-25,0.98,IT98,205.7567466717726,13,,,,,,2024-11-10,2024-11-10,0.0,49.97583770751953,40.8436837376432,-9.132153969876335,xgboost_nodemo
xgboost_nodemo,post_covid,4,TRES DE FEBRERO,2025-26,0.5,IT50,92.40050209783404,40,2025-06-01,2025-05-18,-2.0,2.0,2025-05-18,2025-06-01,2025-05-18,-2.0,114.50506591796876,100.08647591175053,-14.418590006218238,xgboost_nodemo
xgboost_nodemo,post_covid,4,TRES DE FEBRERO,2025-26,0.9,IT90,150.5622822202344,40,,,,,,2025-06-01,2025-05-18,-2.0,114.50506591796876,100.08647591175053,-14.418590006218238,xgboost_nodemo
xgboost_nodemo,post_covid,4,TRES DE FEBRERO,2025-26,0.98,IT98,205.7567466717726,40,,,,,,2025-06-01,2025-05-18,-2.0,114.50506591796876,100.08647591175053,-14.418590006218238,xgboost_nodemo
xgboost_nodemo,post_covid,4,VICENTE LÓPEZ,2024-25,0.5,IT50,105.82113989675452,13,,,,,,2024-11-10,2024-11-03,-1.0,15.23310089111328,34.16669206921646,18.93359117810318,xgboost_nodemo
xgboost_nodemo,post_covid,4,VICENTE LÓPEZ,2024-25,0.9,IT90,168.616011392644,13,,,,,,2024-11-10,2024-11-03,-1.0,15.23310089111328,34.16669206921646,18.93359117810318,xgboost_nodemo
xgboost_nodemo,post_covid,4,VICENTE LÓPEZ,2024-25,0.98,IT98,227.1548194913809,13,,,,,,2024-11-10,2024-11-03,-1.0,15.23310089111328,34.16669206921646,18.93359117810318,xgboost_nodemo
xgboost_nodemo,post_covid,4,VICENTE LÓPEZ,2025-26,0.5,IT50,105.82113989675452,40,2025-05-25,,,,,2025-05-25,2025-06-15,3.0,114.77964782714844,88.31941315248137,-26.460234674667063,xgboost_nodemo
xgboost_nodemo,post_covid,4,VICENTE LÓPEZ,2025-26,0.9,IT90,168.616011392644,40,,,,,,2025-05-25,2025-06-15,3.0,114.77964782714844,88.31941315248137,-26.460234674667063,xgboost_nodemo
xgboost_nodemo,post_covid,4,VICENTE LÓPEZ,2025-26,0.98,IT98,227.1548194913809,40,,,,,,2025-05-25,2025-06-15,3.0,114.77964782714844,88.31941315248137,-26.460234674667063,xgboost_nodemo
xgboost_nodemo,post_covid,4,CITYWIDE,2024-25,0.5,IT50,77.06642887231719,13,,,,,,2024-11-10,2024-11-03,-1.0,33.767825954838806,29.080544953203074,-4.687281001635732,xgboost_nodemo
xgboost_nodemo,post_covid,4,CITYWIDE,2024-25,0.9,IT90,97.46007981062509,13,,,,,,2024-11-10,2024-11-03,-1.0,33.767825954838806,29.080544953203074,-4.687281001635732,xgboost_nodemo
xgboost_nodemo,post_covid,4,CITYWIDE,2024-25,0.98,IT98,113.25281678189309,13,,,,,,2024-11-10,2024-11-03,-1.0,33.767825954838806,29.080544953203074,-4.687281001635732,xgboost_nodemo
xgboost_nodemo,post_covid,4,CITYWIDE,2025-26,0.5,IT50,77.06642887231719,40,2025-05-18,2025-05-18,0.0,0.0,2025-05-18,2025-06-08,2025-05-25,-2.0,119.66687754580849,96.67200341541324,-22.994874130395246,xgboost_nodemo
xgboost_nodemo,post_covid,4,CITYWIDE,2025-26,0.9,IT90,97.46007981062509,40,2025-05-25,,,,,2025-06-08,2025-05-25,-2.0,119.66687754580849,96.67200341541324,-22.994874130395246,xgboost_nodemo
xgboost_nodemo,post_covid,4,CITYWIDE,2025-26,0.98,IT98,113.25281678189309,40,2025-06-08,,,,,2025-06-08,2025-05-25,-2.0,119.66687754580849,96.67200341541324,-22.994874130395246,xgboost_nodemo
