model,variant,neighborhood,CI_coverage_flu_season,CI_coverage_off_season,CI_coverage_overall,Corr_flu_season,Corr_off_season,Corr_overall,MAE_flu_season,MAE_off_season,MAE_overall,MAPE_flu_season,MAPE_off_season,MAPE_overall,RMSE_flu_season,RMSE_off_season,RMSE_overall,target_kind,normalize,n_params,git_sha,kg_co2,kwh,runtime_s,mean_rank
lstm,post_covid,Allston/Brighton,92.3076923076923,100.0,95.83333333333334,0.8857081039786606,0.7860222830460513,0.901905762963231,7.350559271298921,2.7539152665571733,5.243764102458954,36.47228603651466,86.50299248621731,59.40302649262838,10.452841751529824,3.381641028267872,8.026505999285368,level,train,22300,5bc3803,2.1653940673612073e-06,5.860764027036366e-06,0.43506395805161446,1.3333333333333333
lstm,exclude_covid,Allston/Brighton,88.46153846153845,100.0,93.75,0.8942699839962319,0.7846947506855926,0.9108683291294112,7.76505170235267,2.1791913812810724,5.2048657218615215,33.956682930619195,63.31033055855557,47.410438093423366,11.380652197861828,2.6128113013909853,8.560677518204253,level,train,22300,5bc3803,3.6014595815701175e-06,9.747558229072537e-06,0.7235642919549718,1.6666666666666667
arima,exclude_covid,Allston/Brighton,96.15384615384616,100.0,97.91666666666666,0.7893596556594233,0.6353411335171743,0.8329652202088232,9.67153457287653,3.150921823325334,6.682920395998899,53.613031725719765,89.45268759515766,70.03954066587882,13.23867148325273,3.995515783708695,10.11190944813729,level,none,,5bc3803,0.001490005379470648,0.0040327855607057836,299.3411083329702,4.666666666666667
arima,post_covid,Allston/Brighton,100.0,100.0,100.0,0.7938870695552142,0.525423902577211,0.831734250445219,9.518911272476204,3.525424997158417,6.771896729622218,51.0141073718556,99.7400257119811,73.34681994441313,13.077143101634366,4.797914577565865,10.157861404141444,level,none,,5bc3803,0.0002556865749649534,0.0006920304730384992,51.36729262501467,5.333333333333333
persistence,exclude_covid,Allston/Brighton,100.0,100.0,100.0,0.7893768417657947,0.6202357421769895,0.8324030236892261,10.35,3.113636363636364,7.033333333333334,54.82311729688726,68.6223541498691,61.14776752117061,13.915224092283298,3.838145859183004,10.565825413410288,level,none,0,5bc3803,1.286735082694529e-07,3.482622769984624e-07,0.02589108399115503,5.666666666666667
persistence,post_covid,Allston/Brighton,100.0,100.0,100.0,0.7893768417657947,0.6202357421769895,0.8324030236892261,10.35,3.113636363636364,7.033333333333334,54.82311729688726,68.6223541498691,61.14776752117061,13.915224092283298,3.838145859183004,10.565825413410288,level,none,0,5bc3803,1.0930826783819627e-07,2.958491360348287e-07,0.02199162496253848,5.666666666666667
dualtopo_fullhistory,full,Allston/Brighton,84.61538461538461,100.0,91.83673469387756,0.7888267923815335,0.5628154347925263,0.8158854077321518,10.15815201172462,3.0710910714190938,6.83157238668325,50.058549392409326,94.6481145127314,70.98834526521355,14.132508351896163,3.812099994672326,10.620697012680193,level,train,479905,5bc3803,0.0003761414580371674,0.0010180485665723,75.56665566598531,6.666666666666667
gnn_multiedge_covid_rsv,post_covid,Allston/Brighton,100.0,100.0,100.0,0.7950770644147332,0.6651740949989192,0.8293431196877885,10.989988638804508,4.505376588214528,8.017874782284101,66.32125510711157,93.427668329723,78.74502783414181,13.460914117143243,6.641810767017159,10.879646264569562,delta,train,6370,5bc3803,2.089974154706508e-05,5.656635680297364e-05,4.198774707969278,8.0
gnn_multiedge_full,full,Allston/Brighton,100.0,100.0,100.0,0.8539945023023178,0.7090050778832548,0.8650566107851747,9.591673557574932,5.479084199125117,7.706736768285434,56.08698297291469,89.57281641175535,71.43465663238334,13.131623949405924,8.358686402483599,11.19943849086799,delta,train,4834,5bc3803,4.0714073532863064e-05,0.00011019498997995269,8.17945520801004,8.666666666666666
gnn_multiedge_leaknorm,post_covid,Allston/Brighton,100.0,100.0,100.0,0.8384968032320333,0.702210477027875,0.8552649269150115,10.305812890713032,5.340851702473381,8.030205679436525,62.46864067202552,89.90410398101432,75.04322802197872,13.480442608610716,8.222700041810828,11.376384684523332,delta,all,4834,5bc3803,1.769154712003047e-05,4.788319341340361e-05,3.5542516669956967,9.666666666666666
gnn_multiedge_covid_rsv_full,full,Allston/Brighton,96.15384615384616,100.0,97.91666666666666,0.8097197359937707,0.6580072494427943,0.8435251059836403,11.28972891660837,4.541274363344366,8.196687246362368,67.81867997853405,84.26045740882067,75.35449463408209,14.962501365109922,6.805147359150661,11.936994576890678,delta,train,6370,5bc3803,4.170956533715911e-05,0.0001128893460067694,8.379447750048712,11.0
gnn_multiedge_rt,post_covid,Allston/Brighton,100.0,100.0,100.0,0.8268121179629843,0.6898436172014117,0.8404411854080045,11.581565288396982,6.132749915122986,9.0841915756464,72.59003358747951,98.24035672756308,84.34643169335115,15.16647673578023,9.948591006306051,13.036815352139635,delta,train,5346,5bc3803,1.76025503802076e-05,4.764231860029718e-05,3.5363711660029367,12.666666666666666
gnn_multiedge,post_covid,Allston/Brighton,100.0,95.45454545454544,97.91666666666666,0.817132364807553,0.709255285324277,0.8293140277412538,12.811656841864952,6.848678594285792,10.078625145057837,77.50581490638258,103.21210766519118,89.28786575416986,16.767683719431627,11.43947928848473,14.569512082029927,delta,train,4834,5bc3803,1.7659723678023636e-05,4.779706143080451e-05,3.5478571250569075,13.666666666666666
gnn_corrbinary,post_covid,Allston/Brighton,100.0,90.9090909090909,95.83333333333334,0.7756707806592394,0.7088421834130119,0.7798497444135362,14.4137793137477,8.41449521888386,11.664107436935106,86.48262968460376,114.13230054794568,99.1553954969688,18.93876295432383,14.967402632747737,17.232542139799914,delta,train,4834,5bc3803,2.0007830431729163e-05,5.41523478893699e-05,4.0195957500254735,15.333333333333334
gnn_uniform,post_covid,Allston/Brighton,88.46153846153845,86.36363636363636,87.5,0.7783153493722923,0.7246324117179039,0.7853478494259931,15.109203595381516,8.592503997412594,12.122382946312428,87.12226576077914,116.29949410062083,100.4951620832066,20.064488222011786,15.26356051522322,18.023511282219378,delta,train,4834,5bc3803,2.063400057486323e-05,5.5847113523486776e-05,4.145388584001921,16.333333333333332
dualtopo,post_covid,Allston/Brighton,80.76923076923077,100.0,89.79591836734694,0.2713511176220721,0.5000161556573609,0.4594592105786416,14.040793528923622,11.590354504792586,12.89058745637232,72.68370869498847,326.5170549221272,191.8299732505842,22.056630671642125,12.217030174276925,18.116264468104664,level,train,479905,5bc3803,5.635643795263239e-05,0.0001525319521389449,11.322005417081527,16.666666666666668
dualtopo_no_bg,post_covid,Allston/Brighton,80.76923076923077,100.0,89.79591836734694,0.255133161229819,0.4612670013952294,0.4181340922954167,14.04988563977755,11.805862095045006,12.996568465719418,72.85314861592931,332.4207666804454,194.69101015641644,22.053311692886872,12.440361885971305,18.185328444371937,level,train,479905,5bc3803,3.404552382872119e-05,9.214617530569538e-05,6.839754667016678,17.0
gnn_geo,post_covid,Allston/Brighton,88.46153846153845,90.9090909090909,89.58333333333334,0.7661255769707507,0.721241210697704,0.771107818512291,15.11021560889024,8.928137746724216,12.276763255397478,94.62417549007618,125.8286059856391,108.92620613387584,20.21828075169652,16.077467432606642,18.436218819576418,delta,train,4834,5bc3803,1.7533087841206954e-05,4.745431422920471e-05,3.5224183331010863,18.0
seasonal_naive,exclude_covid,Allston/Brighton,96.15384615384616,100.0,97.91666666666666,0.0330273076450547,0.6064959977611539,0.2941894142121167,22.473076923076924,3.7409090909090903,13.887499999999998,152.37160767446832,99.03819183935197,127.92712541670664,31.451653986102837,4.642442538930636,23.360186928475837,level,none,0,5bc3803,1.2822205117475118e-07,3.470403823141371e-07,0.02579366695135832,15.0
seasonal_naive,post_covid,Allston/Brighton,100.0,100.0,100.0,0.0330273076450547,0.6064959977611539,0.2941894142121167,22.473076923076924,3.7409090909090903,13.887499999999998,152.37160767446832,99.03819183935197,127.92712541670664,31.451653986102837,4.642442538930636,23.360186928475837,level,none,0,5bc3803,1.0606019472009693e-07,2.8705803866614595e-07,0.02134179195854813,15.0
lstm,exclude_covid,Back Bay/Beacon Hill/Downtown/North End/West End,88.46153846153845,100.0,93.33333333333331,0.8494313587286334,0.542230732190352,0.864206915320169,6.639689005338228,2.5165904747812378,4.898825181325277,45.27944506989968,98.64714214856043,67.81247272533423,8.288783090686895,2.7626642624104605,6.551193302572322,level,train,22300,5bc3803,3.6014595815701175e-06,9.747558229072537e-06,0.7235642919549718,1.0
lstm,post_covid,Back Bay/Beacon Hill/Downtown/North End/West End,92.3076923076923,100.0,95.55555555555556,0.8214067153921881,0.5831173406884904,0.8413882460189338,7.037166569783137,2.6229443750883408,5.1733838653564455,47.3750931622635,111.55269119995472,74.47230122262201,9.496028866724592,2.9138477296564504,7.462287902692506,level,train,22300,5bc3803,2.1653940673612073e-06,5.860764027036366e-06,0.43506395805161446,2.0
dualtopo_fullhistory,full,Back Bay/Beacon Hill/Downtown/North End/West End,92.3076923076923,100.0,95.65217391304348,0.7360060229997287,0.6603606535874988,0.7740293643154699,8.183780963604267,2.5645358324050904,5.7406309065611465,56.34529625037826,117.6732792401788,83.00963668072633,10.354013584247443,3.0290480751326916,8.036395707764386,level,train,479905,5bc3803,0.0003761414580371674,0.0010180485665723,75.56665566598531,3.0
arima,exclude_covid,Back Bay/Beacon Hill/Downtown/North End/West End,92.3076923076923,100.0,95.55555555555556,0.5936698941501479,0.2768888625756395,0.6909225306501025,7.765802750432668,3.361724123884411,5.906302885890071,53.20525424568774,150.06615133393086,94.10207746072372,11.57611487691144,4.092115425813753,9.192182779387643,level,none,,5bc3803,0.001490005379470648,0.0040327855607057836,299.3411083329702,5.0
arima,post_covid,Back Bay/Beacon Hill/Downtown/North End/West End,96.15384615384616,100.0,97.77777777777776,0.5936698941501479,0.2692591245479208,0.6926688027853546,8.600000000000001,2.973684210526316,6.224444444444442,51.43785487014447,93.17997106508584,69.06230393023084,12.56533693570102,3.839065127427715,9.871519077066557,level,none,,5bc3803,0.0002556865749649534,0.0006920304730384992,51.36729262501467,4.666666666666667
persistence,exclude_covid,Back Bay/Beacon Hill/Downtown/North End/West End,96.15384615384616,100.0,97.77777777777776,0.5936698941501479,0.2692591245479208,0.6926688027853546,8.600000000000001,2.973684210526316,6.224444444444442,51.43785487014447,93.17997106508584,69.06230393023084,12.56533693570102,3.839065127427715,9.871519077066557,level,none,0,5bc3803,1.286735082694529e-07,3.482622769984624e-07,0.02589108399115503,4.666666666666667
persistence,post_covid,Back Bay/Beacon Hill/Downtown/North End/West End,96.15384615384616,100.0,97.77777777777776,0.5936698941501479,0.2692591245479208,0.6926688027853546,8.600000000000001,2.973684210526316,6.224444444444442,51.43785487014447,93.17997106508584,69.06230393023084,12.56533693570102,3.839065127427715,9.871519077066557,level,none,0,5bc3803,1.0930826783819627e-07,2.958491360348287e-07,0.02199162496253848,4.666666666666667
gnn_multiedge_covid_rsv,post_covid,Back Bay/Beacon Hill/Downtown/North End/West End,92.3076923076923,100.0,95.55555555555556,0.5355413359395085,0.5002506302894092,0.6619909708155817,10.056038177930391,3.888208953957809,7.4518436166975235,67.75774925311491,132.37944387159024,95.04246475869338,13.083820739814351,5.223953811499577,10.508567582914258,delta,train,6370,5bc3803,2.089974154706508e-05,5.656635680297364e-05,4.198774707969278,8.666666666666666
gnn_multiedge_covid_rsv_full,full,Back Bay/Beacon Hill/Downtown/North End/West End,100.0,94.73684210526316,97.77777777777776,0.6452543463122514,0.5779151602158387,0.7376715345093786,10.606761308816765,3.902809036405463,7.776203682687547,74.14897106393356,111.71019075776012,90.00815271243812,13.622349325672118,5.4366595458264175,10.940613940973346,delta,train,6370,5bc3803,4.170956533715911e-05,0.0001128893460067694,8.379447750048712,10.333333333333334
gnn_multiedge_full,full,Back Bay/Beacon Hill/Downtown/North End/West End,96.15384615384616,100.0,97.77777777777776,0.6527816135298491,0.5579111556460191,0.7227793723167277,9.833797629062946,4.860192035373888,7.733830822838677,67.93714062083116,126.37932025790587,92.61272757870714,13.18668297574694,7.342362458468404,11.100950157965164,delta,train,4834,5bc3803,4.0714073532863064e-05,0.00011019498997995269,8.17945520801004,10.666666666666666
gnn_multiedge_leaknorm,post_covid,Back Bay/Beacon Hill/Downtown/North End/West End,100.0,100.0,100.0,0.6048846276025648,0.535846266007903,0.6982226103985583,10.318020875637348,4.585645242741234,7.897684497303433,70.8946473230046,130.51336089118152,96.0669930517904,13.584210719179971,6.58502088773423,11.17704771612712,delta,all,4834,5bc3803,1.769154712003047e-05,4.788319341340361e-05,3.5542516669956967,11.0
gnn_multiedge_rt,post_covid,Back Bay/Beacon Hill/Downtown/North End/West End,96.15384615384616,100.0,97.77777777777776,0.6172789275564414,0.5853821071494459,0.7040617505590702,10.49922841328841,5.157665848731995,8.243901997142368,79.1555911230443,134.17924982363894,102.38780257440648,14.3606333407551,7.709021865489763,12.010249218403391,delta,train,5346,5bc3803,1.76025503802076e-05,4.764231860029718e-05,3.5363711660029367,12.666666666666666
dualtopo,post_covid,Back Bay/Beacon Hill/Downtown/North End/West End,88.46153846153845,100.0,93.47826086956522,0.3390524914272734,0.5856557818761918,0.5105012155553773,9.040584637568546,7.500047254562378,8.370785775391951,78.62393386569431,332.4783988774081,188.9954403925264,14.71299965439922,8.121971933898932,12.289629678761136,level,train,479905,5bc3803,5.635643795263239e-05,0.0001525319521389449,11.322005417081527,14.0
dualtopo_no_bg,post_covid,Back Bay/Beacon Hill/Downtown/North End/West End,88.46153846153845,100.0,93.47826086956522,0.3032526329744872,0.5501417163366502,0.4661588977181809,9.044197669396034,7.736080932617187,8.475451262100883,79.577341276439,342.1369661834739,193.73369993167157,14.686265641845836,8.361050869760312,12.341155778804223,level,train,479905,5bc3803,3.404552382872119e-05,9.214617530569538e-05,6.839754667016678,14.333333333333334
gnn_multiedge,post_covid,Back Bay/Beacon Hill/Downtown/North End/West End,96.15384615384616,100.0,97.77777777777776,0.5990912316193298,0.573044421899063,0.6858176679172127,12.055944928756126,5.941728290758635,9.47438679271274,83.69994975567714,151.04332895302497,112.1338209723351,15.758733524820292,9.08479616718665,13.354081062898526,delta,train,4834,5bc3803,1.7659723678023636e-05,4.779706143080451e-05,3.5478571250569075,15.666666666666666
gnn_corrbinary,post_covid,Back Bay/Beacon Hill/Downtown/North End/West End,96.15384615384616,100.0,97.77777777777776,0.5304204450333847,0.6262214609418452,0.6288095141381614,13.640410083990831,7.026520220856917,10.8478788084454,99.51719710952294,156.0390757681835,123.38199032095736,18.093922437480085,11.461890074464923,15.640591290339811,delta,train,4834,5bc3803,2.0007830431729163e-05,5.41523478893699e-05,4.0195957500254735,16.666666666666668
gnn_uniform,post_covid,Back Bay/Beacon Hill/Downtown/North End/West End,96.15384615384616,94.73684210526316,95.55555555555556,0.5398809553618106,0.6004465581530917,0.6264031498652023,13.71707397699356,7.315091390358774,11.01401466263665,96.90083494934886,163.9038686595429,125.19100473809746,18.341574934471183,12.206721031988716,16.040105552922633,delta,train,4834,5bc3803,2.063400057486323e-05,5.5847113523486776e-05,4.145388584001921,17.666666666666668
gnn_geo,post_covid,Back Bay/Beacon Hill/Downtown/North End/West End,92.3076923076923,94.73684210526316,93.33333333333331,0.5225442377532257,0.6038956524916378,0.6156861336493726,14.397284063009115,7.538303281131544,11.501269955105252,105.7015230988269,176.49656714580573,135.5927639186624,18.556465556975247,12.648438529026125,16.32488197022224,delta,train,4834,5bc3803,1.7533087841206954e-05,4.745431422920471e-05,3.5224183331010863,18.666666666666668
seasonal_naive,exclude_covid,Back Bay/Beacon Hill/Downtown/North End/West End,96.15384615384616,100.0,97.77777777777776,0.0267565355216629,0.3736129996128371,0.2654835567795071,16.11923076923077,3.694736842105263,10.873333333333331,145.3626361606654,136.32574240376954,141.5470587966427,23.641789923126183,4.7326414122392695,18.231748864732275,level,none,0,5bc3803,1.2822205117475118e-07,3.470403823141371e-07,0.02579366695135832,15.333333333333334
seasonal_naive,post_covid,Back Bay/Beacon Hill/Downtown/North End/West End,96.15384615384616,100.0,97.77777777777776,0.0267565355216629,0.3736129996128371,0.2654835567795071,16.11923076923077,3.694736842105263,10.873333333333331,145.3626361606654,136.32574240376954,141.5470587966427,23.641789923126183,4.7326414122392695,18.231748864732275,level,none,0,5bc3803,1.0606019472009693e-07,2.8705803866614595e-07,0.02134179195854813,15.333333333333334
lstm,exclude_covid,Charlestown,90.47619047619048,100.0,94.11764705882352,0.6893771995668349,0.572924920324529,0.7269258055187376,11.404653649103077,3.23558217562162,8.281185144536638,68.84672025775343,42.98353745497609,58.9578562449268,19.25087255957677,3.89068765607902,15.319446346248114,level,train,22300,5bc3803,3.6014595815701175e-06,9.747558229072537e-06,0.7235642919549718,1.0
lstm,post_covid,Charlestown,90.47619047619048,100.0,94.11764705882352,0.6926957875822279,0.6126897082625653,0.7252707823587632,11.952049500601632,3.2519314839289737,8.625533788344441,71.19242810580808,47.52468093193195,62.142995362855416,19.271639999204616,4.0324428887980845,15.349560270484709,level,train,22300,5bc3803,2.1653940673612073e-06,5.860764027036366e-06,0.43506395805161446,2.0
arima,exclude_covid,Charlestown,95.23809523809524,100.0,97.05882352941175,0.6470158614007052,0.092448240465627,0.6730707205480371,12.0416922881164,6.096495474367123,9.768528800506385,94.51998792433616,96.62798991224852,95.32598868442032,20.198189100645617,7.799621385598628,16.59034705228347,level,none,,5bc3803,0.001490005379470648,0.0040327855607057836,299.3411083329702,4.333333333333333
arima,post_covid,Charlestown,95.23809523809524,100.0,97.05882352941175,0.592547838276475,0.0870644325897496,0.6317888202086437,13.295181725913116,5.1277723969545015,10.172348747193649,86.8810995839614,80.83592722507215,84.5697101526214,21.375419802290928,6.445357748566688,17.265346354167754,level,none,,5bc3803,0.0002556865749649534,0.0006920304730384992,51.36729262501467,4.333333333333333
gnn_multiedge_covid_rsv,post_covid,Charlestown,90.47619047619048,100.0,94.11764705882352,0.6623657396103799,0.2115523623751149,0.6847527611455767,14.09375794728597,6.481451988220215,11.183170374702003,118.05095292669124,92.3609138691192,108.22829093409015,21.333044485037465,9.182063191331146,17.701037045772136,delta,train,6370,5bc3803,2.089974154706508e-05,5.656635680297364e-05,4.198774707969278,6.333333333333333
persistence,exclude_covid,Charlestown,90.47619047619048,100.0,94.11764705882352,0.6496634501377611,-0.0116857550362353,0.6787441317833789,13.485714285714286,5.1230769230769235,10.288235294117648,92.58645930105142,66.43735278910783,82.58827151707301,22.112095375716024,6.518376390576934,17.8393154709083,level,none,0,5bc3803,1.286735082694529e-07,3.482622769984624e-07,0.02589108399115503,5.666666666666667
persistence,post_covid,Charlestown,90.47619047619048,100.0,94.11764705882352,0.6496634501377611,-0.0116857550362353,0.6787441317833789,13.485714285714286,5.1230769230769235,10.288235294117648,92.58645930105142,66.43735278910783,82.58827151707301,22.112095375716024,6.518376390576934,17.8393154709083,level,none,0,5bc3803,1.0930826783819627e-07,2.958491360348287e-07,0.02199162496253848,5.666666666666667
gnn_multiedge_leaknorm,post_covid,Charlestown,95.23809523809524,100.0,97.05882352941175,0.7077632371105529,0.2941846125693589,0.7208774183682096,16.67273051398141,7.482523624713604,13.158827879849602,121.24404034922368,97.87805585092288,112.30998745281455,22.347932218425132,10.958706239710846,18.82523628088059,delta,all,4834,5bc3803,1.769154712003047e-05,4.788319341340361e-05,3.5542516669956967,10.0
dualtopo_fullhistory,full,Charlestown,80.95238095238095,100.0,88.57142857142857,0.4943820334821761,0.5707033515435841,0.5547693180209268,14.661510376703172,4.014731747763498,10.402798925127302,85.74015742626605,61.0400813518832,75.86012699651289,23.97263425464045,5.0576034841158855,18.84261279825791,level,train,479905,5bc3803,0.0003761414580371674,0.0010180485665723,75.56665566598531,7.666666666666667
gnn_multiedge_covid_rsv_full,full,Charlestown,85.71428571428571,92.3076923076923,88.23529411764706,0.6828743242477904,0.2942459302323264,0.7057423225530319,17.458937281653995,6.955091293041523,13.442760874243344,130.4747507611832,92.25658008152033,115.86192079542973,23.774937970684704,10.067186622841731,19.69452625521994,delta,train,6370,5bc3803,4.170956533715911e-05,0.0001128893460067694,8.379447750048712,10.333333333333334
gnn_multiedge_full,full,Charlestown,85.71428571428571,92.3076923076923,88.23529411764706,0.7004845743825695,0.3196696311408259,0.7096607784701586,17.749372550419398,8.34613117804894,14.154015555101282,123.8321330048074,105.751906234206,116.91910512193036,23.496572647042463,12.489288352879797,20.01590371768421,delta,train,4834,5bc3803,4.0714073532863064e-05,0.00011019498997995269,8.17945520801004,11.666666666666666
gnn_multiedge_rt,post_covid,Charlestown,85.71428571428571,92.3076923076923,88.23529411764706,0.6955976766938848,0.3133796406861378,0.7065972676017582,19.14193598429362,8.75773866360004,15.171507596969604,142.24931637900434,112.172333612567,130.74929355654302,24.91058817477248,13.355931696247174,21.248001509241,delta,train,5346,5bc3803,1.76025503802076e-05,4.764231860029718e-05,3.5363711660029367,13.333333333333334
dualtopo,post_covid,Charlestown,80.95238095238095,100.0,88.57142857142857,0.1116171757590541,0.6055063454202158,0.3026568261758318,17.377913520449685,8.94788476399013,14.005902017865862,111.04253195103142,132.54647130428998,119.64410769233488,26.923369418354515,10.142934420100447,21.819082014660832,level,train,479905,5bc3803,5.635643795263239e-05,0.0001525319521389449,11.322005417081527,13.0
dualtopo_no_bg,post_covid,Charlestown,80.95238095238095,100.0,88.57142857142857,0.063854741636031,0.5772887880403981,0.2372578112102414,17.37185796101888,9.03986760548183,14.03906181880406,110.85962772886396,133.98333699115696,120.10911143378117,26.94145959030192,10.259135738446286,21.854182513959863,level,train,479905,5bc3803,3.404552382872119e-05,9.214617530569538e-05,6.839754667016678,14.0
gnn_multiedge,post_covid,Charlestown,76.19047619047619,92.3076923076923,82.35294117647058,0.6997982819065569,0.3365967543438518,0.70510449317907,19.782019728705997,9.736223440903885,15.940979971605188,149.35493768256097,120.83505880246932,138.45027811076122,25.347150415330823,15.032146099796892,21.98233858623703,delta,train,4834,5bc3803,1.7659723678023636e-05,4.779706143080451e-05,3.5478571250569075,15.0
gnn_uniform,post_covid,Charlestown,85.71428571428571,84.61538461538461,85.29411764705883,0.6676295285782761,0.3674320263565842,0.6616478588897386,22.00340600240798,12.228698033552904,18.26601766137516,160.36037242577115,144.93908794816917,154.46399894904098,28.039054204991043,19.85847761023162,25.226403362040113,delta,train,4834,5bc3803,2.063400057486323e-05,5.5847113523486776e-05,4.145388584001921,17.0
gnn_corrbinary,post_covid,Charlestown,80.95238095238095,92.3076923076923,85.29411764705883,0.6688891299299178,0.3599847341341186,0.6674136949143638,23.386754694439116,12.207939661466158,19.11250188771416,167.88449549960677,145.556597506683,159.34735803172416,29.49913082893621,19.84789096576706,26.231647477008345,delta,train,4834,5bc3803,2.0007830431729163e-05,5.41523478893699e-05,4.0195957500254735,17.333333333333332
gnn_geo,post_covid,Charlestown,76.19047619047619,92.3076923076923,82.35294117647058,0.6643926571441888,0.3523247263505297,0.6589063835515244,24.308573995317733,12.773625667278584,19.898152575773352,175.05032540397798,154.3242341330972,167.12564344746477,29.518420040691996,20.75827445055273,26.512958547390156,delta,train,4834,5bc3803,1.7533087841206954e-05,4.745431422920471e-05,3.5224183331010863,18.666666666666668
seasonal_naive,exclude_covid,Charlestown,90.47619047619048,100.0,94.11764705882352,0.0719051359378256,0.5657940017637193,0.2229047920097592,26.738095238095237,5.923076923076923,18.779411764705884,191.21899068230292,62.24815934264487,141.90661399361014,35.86212353949365,8.672414267709382,28.689857810321584,level,none,0,5bc3803,1.2822205117475118e-07,3.470403823141371e-07,0.02579366695135832,15.333333333333334
seasonal_naive,post_covid,Charlestown,95.23809523809524,100.0,97.05882352941175,0.0719051359378256,0.5657940017637193,0.2229047920097592,26.738095238095237,5.923076923076923,18.779411764705884,191.21899068230292,62.24815934264487,141.90661399361014,35.86212353949365,8.672414267709382,28.689857810321584,level,none,0,5bc3803,1.0606019472009693e-07,2.8705803866614595e-07,0.02134179195854813,15.333333333333334
arima,post_covid,Dorchester,100.0,95.45454545454544,97.91666666666666,0.9210282237817358,0.7226727157949681,0.9307848637874336,17.016384423783474,10.83837662105788,14.184797514200907,21.401119297979264,97.24077904525456,56.160963348813766,25.34207327743623,12.516668253041477,20.48597654464917,level,none,,5bc3803,0.0002556865749649534,0.0006920304730384992,51.36729262501467,3.3333333333333335
arima,exclude_covid,Dorchester,92.3076923076923,95.45454545454544,93.75,0.9245138002204496,0.5903408066077301,0.9244713665096608,15.174596103716436,11.028621710128608,13.27435783998868,18.353593871653135,89.51023804949581,50.9670557864977,24.479126779691395,16.240302355770353,21.106062566363384,level,none,,5bc3803,0.001490005379470648,0.0040327855607057836,299.3411083329702,3.6666666666666665
persistence,exclude_covid,Dorchester,96.15384615384616,95.45454545454544,95.83333333333334,0.8790738497125562,0.8342735988983385,0.9070346663841684,20.101923076923075,7.497727272727274,14.324999999999998,23.223511873332903,54.4642742611723,37.54219463442596,31.211929117418695,9.105524047621762,23.784111468233014,level,none,0,5bc3803,1.286735082694529e-07,3.482622769984624e-07,0.02589108399115503,3.3333333333333335
persistence,post_covid,Dorchester,96.15384615384616,95.45454545454544,95.83333333333334,0.8790738497125562,0.8342735988983385,0.9070346663841684,20.101923076923075,7.497727272727274,14.324999999999998,23.223511873332903,54.4642742611723,37.54219463442596,31.211929117418695,9.105524047621762,23.784111468233014,level,none,0,5bc3803,1.0930826783819627e-07,2.958491360348287e-07,0.02199162496253848,3.3333333333333335
gnn_multiedge_covid_rsv,post_covid,Dorchester,96.15384615384616,81.81818181818183,89.58333333333334,0.8948255860589702,0.8313586160996733,0.9011701557340216,22.575387881352352,15.53252666646784,19.347409824530285,33.15558519152199,98.01317831468135,62.88198203963671,29.95737023778445,22.447832495406384,26.778201202570273,delta,train,6370,5bc3803,2.089974154706508e-05,5.656635680297364e-05,4.198774707969278,6.0
lstm,post_covid,Dorchester,80.76923076923077,100.0,89.58333333333334,0.8316248872914482,0.8022765642390808,0.8631015847070225,26.72790767963115,9.639754035256129,18.8958372592926,35.79844432982654,88.59764648552063,59.99807865118632,41.19749580986671,11.26585349238728,31.26509741780967,level,train,22300,5bc3803,2.1653940673612073e-06,5.860764027036366e-06,0.43506395805161446,6.666666666666667
gnn_multiedge_leaknorm,post_covid,Dorchester,88.46153846153845,77.27272727272727,83.33333333333334,0.9139570292888471,0.8290173430137479,0.909746978164524,22.562326211195725,17.250156922773883,20.12758195400238,31.071032405064337,85.53925069997503,56.03563245689841,34.12771637203832,28.24390458959188,31.56739677073184,delta,all,4834,5bc3803,1.769154712003047e-05,4.788319341340361e-05,3.5542516669956967,8.333333333333334
lstm,exclude_covid,Dorchester,84.61538461538461,100.0,91.66666666666666,0.8234132467777466,0.8117416839968181,0.8519803486206425,27.265268736619213,9.477608385953038,19.112591075897218,35.58052803196187,107.8826099414702,68.71898224048655,42.87654035364596,10.631788350043076,32.36674889952201,level,train,22300,5bc3803,3.6014595815701175e-06,9.747558229072537e-06,0.7235642919549718,7.666666666666667
gnn_multiedge_covid_rsv_full,full,Dorchester,80.76923076923077,77.27272727272727,79.16666666666666,0.8847931812315973,0.8495233820494587,0.9025384237294012,31.87003414447491,15.316575397144664,24.283032218615215,44.133701860731165,79.31029699177245,60.25630796245841,41.60380848065797,24.074247095540084,34.6870908664321,delta,train,6370,5bc3803,4.170956533715911e-05,0.0001128893460067694,8.379447750048712,9.666666666666666
gnn_multiedge_full,full,Dorchester,80.76923076923077,77.27272727272727,79.16666666666666,0.8984942394394331,0.8307781942197103,0.8909162938531399,25.587705392103928,18.788930838758297,22.47160038848718,32.379372232068356,85.65994021400218,56.79963255712136,37.99060297541605,32.120404392376564,35.42106308945511,delta,train,4834,5bc3803,4.0714073532863064e-05,0.00011019498997995269,8.17945520801004,10.0
dualtopo_fullhistory,full,Dorchester,65.38461538461539,82.6086956521739,73.46938775510205,0.7509996707650107,0.6533004678889542,0.7787340533307792,35.1587793643658,15.2493954534116,25.81355834493832,45.91838776113705,156.95259633689375,98.03648566404324,50.12883573258499,17.36273412990943,38.40415815290481,level,train,479905,5bc3803,0.0003761414580371674,0.0010180485665723,75.56665566598531,10.666666666666666
gnn_multiedge_rt,post_covid,Dorchester,73.07692307692307,81.81818181818183,77.08333333333334,0.8681411236568521,0.8226950450452687,0.8707169015246137,32.86736198572012,20.404415477405895,27.155178169409435,46.01256186230757,93.80428136713958,67.9170999686889,47.8511930384413,35.824550522548044,42.760943725552494,delta,train,5346,5bc3803,1.76025503802076e-05,4.764231860029718e-05,3.5363711660029367,12.333333333333334
gnn_multiedge,post_covid,Dorchester,76.92307692307693,77.27272727272727,77.08333333333334,0.883542172712601,0.8125025680808282,0.8722878811473459,35.09399410394522,23.479253487153485,29.770571321249008,48.16368320797905,103.44646265640232,73.5016237885064,50.463825627944715,42.43521470424131,46.95476190709369,delta,train,4834,5bc3803,1.7659723678023636e-05,4.779706143080451e-05,3.5478571250569075,13.666666666666666
dualtopo,post_covid,Dorchester,69.23076923076923,39.130434782608695,55.10204081632652,0.2943010783695685,0.6887494572666198,0.4981356171116661,41.0597462287316,45.61158868540888,43.19632534104951,81.38022038990587,445.9929963855446,252.52499279602193,63.24256268705704,46.9855726857475,56.20043903704265,level,train,479905,5bc3803,5.635643795263239e-05,0.0001525319521389449,11.322005417081527,14.666666666666666
dualtopo_no_bg,post_covid,Dorchester,69.23076923076923,39.130434782608695,55.10204081632652,0.2628042412154071,0.6350824969412826,0.4316803129932609,41.00884129450871,46.18672329446544,43.43927570265166,81.11318929964094,452.6639728874664,255.5145775143346,63.2732561280892,47.62628455967219,56.4712636023347,level,train,479905,5bc3803,3.404552382872119e-05,9.214617530569538e-05,6.839754667016678,15.666666666666666
gnn_corrbinary,post_covid,Dorchester,73.07692307692307,77.27272727272727,75.0,0.8194634839665252,0.8009280649042262,0.8052045951150402,44.69442327205952,29.682736916975543,37.81406702597936,63.06639266809033,116.559536355227,87.58408352469465,64.4901849651687,57.34734825840261,61.31975392492393,delta,train,4834,5bc3803,2.0007830431729163e-05,5.41523478893699e-05,4.0195957500254735,16.666666666666668
gnn_uniform,post_covid,Dorchester,61.53846153846154,77.27272727272727,68.75,0.8150093318020296,0.8090985285657566,0.8081321932379243,49.04674218251155,29.800650596618652,40.22561687231064,69.01257395462584,117.98635553999291,91.45889051458576,69.33114276448838,57.55405554221475,64.20204372535841,delta,train,4834,5bc3803,2.063400057486323e-05,5.5847113523486776e-05,4.145388584001921,17.666666666666668
gnn_geo,post_covid,Dorchester,65.38461538461539,81.81818181818183,72.91666666666666,0.8058905514398066,0.8012900294925309,0.8055716704554509,56.79253405791063,31.383853088725697,45.14688861370087,83.53154674272663,132.76418285999475,106.0965049631412,77.57874309239672,60.82303971189559,70.39586330622593,delta,train,4834,5bc3803,1.7533087841206954e-05,4.745431422920471e-05,3.5224183331010863,18.666666666666668
seasonal_naive,exclude_covid,Dorchester,73.07692307692307,100.0,85.41666666666666,0.0764592166143762,0.8200069259395684,0.3317594435966634,72.6,7.559090909090909,42.78958333333333,107.20791438287398,76.89187925793615,93.3130649506108,106.11332113866251,9.00565478917653,78.33491133162362,level,none,0,5bc3803,1.2822205117475118e-07,3.470403823141371e-07,0.02579366695135832,13.0
seasonal_naive,post_covid,Dorchester,80.76923076923077,100.0,89.58333333333334,0.0764592166143762,0.8200069259395684,0.3317594435966634,72.6,7.559090909090909,42.78958333333333,107.20791438287398,76.89187925793615,93.3130649506108,106.11332113866251,9.00565478917653,78.33491133162362,level,none,0,5bc3803,1.0606019472009693e-07,2.8705803866614595e-07,0.02134179195854813,13.0
lstm,exclude_covid,East Boston,92.0,100.0,95.34883720930232,0.8483002158389522,0.5673508982624479,0.8679437062983659,6.520235103607177,2.321707487106323,4.762711915304494,81.81510347518311,73.45106454851205,78.31387787797198,8.253234270110903,2.824241493336881,6.552952500123592,level,train,22300,5bc3803,3.6014595815701175e-06,9.747558229072537e-06,0.7235642919549718,1.0
arima,exclude_covid,East Boston,96.0,100.0,97.67441860465117,0.7848547822499831,0.2659599772919875,0.8024960478900969,7.4720072655924525,3.853276354745974,5.957189675005555,110.9014379929559,118.46914410101704,114.06931496842336,9.378114923704455,4.873430899564054,7.815059858191609,level,none,,5bc3803,0.001490005379470648,0.0040327855607057836,299.3411083329702,4.333333333333333
arima,post_covid,East Boston,96.0,100.0,97.67441860465117,0.7827844718353931,0.2960407142088451,0.8012574894182738,7.672856960407861,3.866917351041592,6.079672937882447,115.90234228458706,116.21909966153392,116.03493839586714,9.429917506219857,4.84915275618116,7.844922352029236,level,none,,5bc3803,0.0002556865749649534,0.0006920304730384992,51.36729262501467,4.666666666666667
lstm,post_covid,East Boston,96.0,100.0,97.67441860465117,0.8207855605278656,0.6158436841367032,0.842985071878319,7.264901760101318,2.574003341462877,5.301269863927087,97.41950774176053,85.4043045371712,92.38988779565337,9.98272615926338,3.469199167276262,7.935798652370012,level,train,22300,5bc3803,2.1653940673612073e-06,5.860764027036366e-06,0.43506395805161446,3.6666666666666665
dualtopo_fullhistory,full,East Boston,92.0,100.0,95.45454545454544,0.7761106083524243,0.6062904220945119,0.7965219301262014,7.360403213500977,3.444451432479055,5.66942403533242,78.34363488668264,124.49447719616371,98.27240770214036,10.099507901781324,3.6808788067155183,7.987817433525095,level,train,479905,5bc3803,0.0003761414580371674,0.0010180485665723,75.56665566598531,4.666666666666667
persistence,exclude_covid,East Boston,96.0,100.0,97.67441860465117,0.7704268350846382,0.3146928634580446,0.7976646210300234,8.48,3.2944444444444443,6.309302325581395,115.44734638872758,77.94939046311731,99.75052762916978,10.229213068462306,4.491287862814704,8.323418908452307,level,none,0,5bc3803,1.286735082694529e-07,3.482622769984624e-07,0.02589108399115503,6.666666666666667
persistence,post_covid,East Boston,96.0,100.0,97.67441860465117,0.7704268350846382,0.3146928634580446,0.7976646210300234,8.48,3.2944444444444443,6.309302325581395,115.44734638872758,77.94939046311731,99.75052762916978,10.229213068462306,4.491287862814704,8.323418908452307,level,none,0,5bc3803,1.0930826783819627e-07,2.958491360348287e-07,0.02199162496253848,6.666666666666667
gnn_multiedge_covid_rsv,post_covid,East Boston,100.0,100.0,100.0,0.770657537462139,0.5420179289746822,0.7927262721897249,8.086724691390991,3.8972202142079673,6.332978631174842,149.39263844627575,99.70111527599792,128.59153572383389,9.925533841838956,6.333688489054066,8.606361261342963,delta,train,6370,5bc3803,2.089974154706508e-05,5.656635680297364e-05,4.198774707969278,7.666666666666667
gnn_multiedge_leaknorm,post_covid,East Boston,100.0,100.0,100.0,0.8216974043183111,0.5632803260516686,0.8235038836549821,8.04639328956604,4.7253662546475725,6.656195926111798,155.32956543473665,102.94021884777008,133.39914128205297,10.210558560473125,7.8867041063798595,9.308647496030018,delta,all,4834,5bc3803,1.769154712003047e-05,4.788319341340361e-05,3.5542516669956967,9.333333333333334
gnn_multiedge_covid_rsv_full,full,East Boston,100.0,100.0,100.0,0.7879263233069931,0.5659708448137917,0.8152827044586027,8.471105036735535,3.8597120377752514,6.54075447903123,150.1339419947923,91.26479528023572,125.4910433700942,11.20560502846942,6.166021399494194,9.429661711278891,delta,train,6370,5bc3803,4.170956533715911e-05,0.0001128893460067694,8.379447750048712,10.333333333333334
gnn_multiedge_full,full,East Boston,96.0,100.0,97.67441860465117,0.7974269865169064,0.5674788949170758,0.8043921392821352,8.056109700202942,4.8264911837048,6.704176367715347,149.17229927052963,102.03084675020511,129.43866798295193,11.150222771860236,8.071719352681493,9.977806134529468,delta,train,4834,5bc3803,4.0714073532863064e-05,0.00011019498997995269,8.17945520801004,11.333333333333334
gnn_multiedge_rt,post_covid,East Boston,100.0,100.0,100.0,0.7744191713309938,0.611368844841508,0.7866877875766874,10.020504751205443,5.61054265499115,8.17447410627853,175.40097131292347,114.81276571497747,150.03846664401584,12.733555453364398,9.302022827023428,11.423235376663287,delta,train,5346,5bc3803,1.76025503802076e-05,4.764231860029718e-05,3.5363711660029367,13.333333333333334
gnn_multiedge,post_covid,East Boston,96.0,94.44444444444444,95.34883720930232,0.8068893406763306,0.6082457110817195,0.8003121762183955,10.30595251083374,6.2572857406404285,8.611161769822587,192.44377503891363,121.0341493686346,162.55137359554098,12.89660025969145,10.78556135027268,12.057967993787504,delta,train,4834,5bc3803,1.7659723678023636e-05,4.779706143080451e-05,3.5478571250569075,14.333333333333334
dualtopo,post_covid,East Boston,84.0,100.0,90.9090909090909,0.202589999339306,0.5621790983388044,0.4339759089829527,10.24572280883789,8.184255098041735,9.355543570085006,135.55395417408857,312.05681905411365,211.7711003722812,15.315495326278048,8.67213711008797,12.87441367270251,level,train,479905,5bc3803,5.635643795263239e-05,0.0001525319521389449,11.322005417081527,14.333333333333334
dualtopo_no_bg,post_covid,East Boston,84.0,100.0,90.9090909090909,0.1893236965868499,0.5921697611623539,0.387348026892567,10.241090469360351,8.299001743918971,9.402461247010663,135.40176678905115,315.9422544193469,213.36243190213335,15.314782557808842,8.789842529430716,12.908356544551548,level,train,479905,5bc3803,3.404552382872119e-05,9.214617530569538e-05,6.839754667016678,14.666666666666666
gnn_uniform,post_covid,East Boston,96.0,88.88888888888889,93.02325581395348,0.7481220276151331,0.6240453960444976,0.73774889246108,12.87078290462494,8.024135920736525,10.841953934625138,218.12997210583345,142.25095627187773,186.36666315208444,15.968734226506404,14.312182152509548,15.297139011516178,delta,train,4834,5bc3803,2.063400057486323e-05,5.5847113523486776e-05,4.145388584001921,17.0
gnn_corrbinary,post_covid,East Boston,96.0,94.44444444444444,95.34883720930232,0.7491422339125613,0.6478010381323095,0.7429650273669669,12.948632154464722,8.02179025941425,10.886233221652896,214.82523753804423,140.69213902765787,183.79277769648712,16.125764481818454,14.099631214993067,15.310279120581932,delta,train,4834,5bc3803,2.0007830431729163e-05,5.41523478893699e-05,4.0195957500254735,17.333333333333332
gnn_geo,post_covid,East Boston,96.0,88.88888888888889,93.02325581395348,0.7325820634666181,0.637027018632393,0.7406603528178749,15.38316731452942,8.30624673101637,12.420735442361169,235.11325207257428,147.8314288789605,198.5766749217592,19.060788028763703,14.78547890443336,17.399430599303123,delta,train,4834,5bc3803,1.7533087841206954e-05,4.745431422920471e-05,3.5224183331010863,18.666666666666668
seasonal_naive,exclude_covid,East Boston,96.0,100.0,97.67441860465117,0.1024809041368482,0.3509716312383372,0.3042379056274686,16.724,3.2777777777777777,11.095348837209302,164.5230675906358,114.17342114150624,143.44647140262808,24.457873987736544,3.7731507611897337,18.808057402502097,level,none,0,5bc3803,1.2822205117475118e-07,3.470403823141371e-07,0.02579366695135832,14.0
seasonal_naive,post_covid,East Boston,100.0,100.0,100.0,0.1024809041368482,0.3509716312383372,0.3042379056274686,16.724,3.2777777777777777,11.095348837209302,164.5230675906358,114.17342114150624,143.44647140262808,24.457873987736544,3.7731507611897337,18.808057402502097,level,none,0,5bc3803,1.0606019472009693e-07,2.8705803866614595e-07,0.02134179195854813,14.0
lstm,post_covid,Fenway,100.0,100.0,100.0,0.6690004454817003,0.4299670457537905,0.7404734504202567,3.040725589752197,1.8521444545072667,2.5596332254863925,39.149418969385806,107.5684173406216,66.84282307202885,4.3362383425108035,2.356094515092312,3.665944162361952,level,train,22300,5bc3803,2.1653940673612073e-06,5.860764027036366e-06,0.43506395805161446,2.0
arima,exclude_covid,Fenway,100.0,100.0,100.0,0.6268402676759538,0.173765543034564,0.710872210987799,3.041201673106362,2.4638098778793545,2.8074954702763826,43.26885549531012,152.91702837429654,87.65025880347129,4.3098607624530265,3.2013528979895147,3.8993275403471945,level,none,,5bc3803,0.001490005379470648,0.0040327855607057836,299.3411083329702,4.0
arima,post_covid,Fenway,100.0,100.0,100.0,0.6268785784684576,0.1674721144289855,0.7089741900802959,3.030984955759112,2.6089295664882024,2.860153012482791,43.92115422948523,160.5091553986307,91.11153565509174,4.275762599145815,3.319463211596251,3.916916478344589,level,none,,5bc3803,0.0002556865749649534,0.0006920304730384992,51.36729262501467,4.333333333333333
persistence,exclude_covid,Fenway,100.0,100.0,100.0,0.6254396974231744,0.2113088511753128,0.7196828311659799,3.276,2.041176470588235,2.7761904761904765,43.02436668159757,106.2898804375666,68.63183653520407,4.782927973532531,2.6962937525425525,4.069339480741784,level,none,0,5bc3803,1.286735082694529e-07,3.482622769984624e-07,0.02589108399115503,3.6666666666666665
persistence,post_covid,Fenway,100.0,100.0,100.0,0.6254396974231744,0.2113088511753128,0.7196828311659799,3.276,2.041176470588235,2.7761904761904765,43.02436668159757,106.2898804375666,68.63183653520407,4.782927973532531,2.6962937525425525,4.069339480741784,level,none,0,5bc3803,1.0930826783819627e-07,2.958491360348287e-07,0.02199162496253848,3.6666666666666665
lstm,exclude_covid,Fenway,96.0,100.0,97.61904761904762,0.607582368793598,0.5047433564969402,0.6900768330999764,3.580789077758789,1.688191458758186,2.8147376605442593,42.8115410429371,97.22456138933752,64.83585880219442,5.205029568686294,2.0649717664965235,4.225202624083866,level,train,22300,5bc3803,3.6014595815701175e-06,9.747558229072537e-06,0.7235642919549718,4.333333333333333
gnn_multiedge_covid_rsv,post_covid,Fenway,100.0,100.0,100.0,0.5896247129473218,0.2769752318549405,0.6871053892410633,4.315332670211792,2.707634729497573,3.6645977894465127,54.66755172246629,146.77866413427935,91.95062103200966,5.320243889007924,3.790633850309216,4.760692878603025,delta,train,6370,5bc3803,2.089974154706508e-05,5.656635680297364e-05,4.198774707969278,8.0
dualtopo_fullhistory,full,Fenway,96.0,100.0,97.67441860465117,0.4869981999654335,0.3043208317994943,0.5705352044564104,3.941624240875244,2.451557848188612,3.317875518355258,47.268098478264285,145.14181614271834,88.23849191919855,6.571629888028886,2.888952903593061,5.348085648494216,level,train,479905,5bc3803,0.0003761414580371674,0.0010180485665723,75.56665566598531,8.666666666666666
gnn_multiedge_leaknorm,post_covid,Fenway,100.0,100.0,100.0,0.6522764789210668,0.3262211324993976,0.7169741844713571,4.950791640281677,3.103486460797927,4.203072877157302,60.50191803399618,155.04877174164264,98.77088262994832,5.915678902912354,4.4635966720283875,5.375394207733108,delta,all,4834,5bc3803,1.769154712003047e-05,4.788319341340361e-05,3.5542516669956967,10.333333333333334
gnn_multiedge_covid_rsv_full,full,Fenway,100.0,100.0,100.0,0.6828914873525885,0.3033058370940725,0.7474102355432624,4.961804132461548,2.870896304354948,4.115484297275543,62.93495131118476,147.59342564155878,97.20147663538376,6.165632797809521,4.298592542384118,5.486997527289265,delta,train,6370,5bc3803,4.170956533715911e-05,0.0001128893460067694,8.379447750048712,10.666666666666666
dualtopo,post_covid,Fenway,100.0,100.0,100.0,0.4994313163124182,0.3158762528811437,0.5837466100855951,4.265085601806641,5.745297802819146,4.884709313858387,75.29612964634214,310.1650767280284,173.61336330844338,5.423638540722617,6.0355601962055925,5.687808543916392,level,train,479905,5bc3803,5.635643795263239e-05,0.0001525319521389449,11.322005417081527,11.666666666666666
dualtopo_no_bg,post_covid,Fenway,100.0,100.0,100.0,0.4634361630468636,0.2966574204087184,0.5613202486116862,4.251925277709961,5.7984873453776045,4.8993233525475794,75.2138672562697,313.0199566424848,174.76060234817365,5.415959728483006,6.092102157550482,5.708749407052189,level,train,479905,5bc3803,3.404552382872119e-05,9.214617530569538e-05,6.839754667016678,12.333333333333334
gnn_multiedge_full,full,Fenway,100.0,100.0,100.0,0.6694979141840441,0.3382548165861501,0.7095956986275314,5.407454347610473,3.5597315816318287,4.659566561381022,65.97031205583515,169.44380624021213,107.85244065427348,6.444562760268232,5.300989731347366,6.0079671221545,delta,train,4834,5bc3803,4.0714073532863064e-05,0.00011019498997995269,8.17945520801004,12.666666666666666
gnn_multiedge_rt,post_covid,Fenway,100.0,100.0,100.0,0.6837943482004339,0.3118195541148816,0.7254272443652482,5.522695589065552,3.581340930041145,4.736909179460435,66.20684605004027,173.92052862437896,109.8052413777488,6.793541787578281,5.340806980416006,6.246364613049001,delta,train,5346,5bc3803,1.76025503802076e-05,4.764231860029718e-05,3.5363711660029367,14.0
gnn_multiedge,post_covid,Fenway,100.0,100.0,100.0,0.6387683377143161,0.3295630021283086,0.6935343635906124,6.1421913194656375,4.0217154446770165,5.283903465384529,74.74136746765585,190.22270508615097,121.48381364657055,7.555974991808534,6.0569903726333445,6.9880854423488294,delta,train,4834,5bc3803,1.7659723678023636e-05,4.779706143080451e-05,3.5478571250569075,15.333333333333334
gnn_uniform,post_covid,Fenway,100.0,100.0,100.0,0.5528278849035403,0.3535195835555539,0.6102448048427787,7.353053030967712,4.966818613164565,6.387196242809296,86.30583102068637,221.42667589358803,140.99760156447994,9.245953920826908,7.908537003807086,8.729337338949296,delta,train,4834,5bc3803,2.063400057486323e-05,5.5847113523486776e-05,4.145388584001921,17.333333333333332
gnn_geo,post_covid,Fenway,100.0,100.0,100.0,0.5915426664619062,0.3355318805522504,0.6312619774874515,7.206743240356445,5.2307040410883285,6.406917850176494,87.08454228283878,237.6321328446444,148.02047179595058,9.096609550567422,8.260831027252724,8.767920737281882,delta,train,4834,5bc3803,1.7533087841206954e-05,4.745431422920471e-05,3.5224183331010863,17.666666666666668
gnn_corrbinary,post_covid,Fenway,100.0,100.0,100.0,0.593343149956436,0.3260051398453417,0.6429583046780625,7.545522656440735,4.919148038415348,6.482466263430459,88.41547303175763,222.9282832500858,142.86113431060474,9.352136537089084,7.865390827470318,8.780736198633152,delta,train,4834,5bc3803,2.0007830431729163e-05,5.41523478893699e-05,4.0195957500254735,18.0
seasonal_naive,exclude_covid,Fenway,100.0,100.0,100.0,0.2144308654919174,-0.0407672224890006,0.4337822951553503,8.396,2.264705882352941,5.914285714285715,103.33098347593165,101.84545042854651,102.72969629008526,12.572652862463036,3.1330308573234924,9.902693236354104,level,none,0,5bc3803,1.2822205117475118e-07,3.470403823141371e-07,0.02579366695135832,14.666666666666666
seasonal_naive,post_covid,Fenway,100.0,100.0,100.0,0.2144308654919174,-0.0407672224890006,0.4337822951553503,8.396,2.264705882352941,5.914285714285715,103.33098347593165,101.84545042854651,102.72969629008526,12.572652862463036,3.1330308573234924,9.902693236354104,level,none,0,5bc3803,1.0606019472009693e-07,2.8705803866614595e-07,0.02134179195854813,14.666666666666666
lstm,post_covid,Hyde Park,92.0,100.0,95.55555555555556,0.8368401393582006,0.6078923902507113,0.8602396577196373,9.267586776733395,4.834018821716309,7.297112130059136,54.15662629353986,124.14307670316832,85.26171536448587,14.18486668787532,5.529102217511882,11.196904830704849,level,train,22300,5bc3803,2.1653940673612073e-06,5.860764027036366e-06,0.43506395805161446,1.6666666666666667
arima,exclude_covid,Hyde Park,96.0,100.0,97.77777777777776,0.8072920602111587,0.4732448086641331,0.8299228312676635,9.791744086027744,4.7502160308905275,7.551064950411204,56.58644231190251,118.90060057939344,84.2816237641207,14.397662366597563,6.147880892317351,11.487428713246022,level,none,,5bc3803,0.001490005379470648,0.0040327855607057836,299.3411083329702,4.0
arima,post_covid,Hyde Park,96.0,100.0,97.77777777777776,0.8081886970848307,0.4653456056063479,0.8294614789785079,9.77948078204292,5.140958467509591,7.717915308916997,57.48479437912562,132.7346053536512,90.9291548122481,14.364452532604288,6.4768735243338655,11.544537166065826,level,none,,5bc3803,0.0002556865749649534,0.0006920304730384992,51.36729262501467,4.333333333333333
persistence,exclude_covid,Hyde Park,92.0,100.0,95.55555555555556,0.8103907100187919,0.4993592064155358,0.8344063895946338,10.44,3.685,7.437777777777779,53.55288584025397,60.54347826086956,56.65981580497201,14.962833956172874,5.743039265058179,11.79153180134889,level,none,0,5bc3803,1.286735082694529e-07,3.482622769984624e-07,0.02589108399115503,4.333333333333333
persistence,post_covid,Hyde Park,92.0,100.0,95.55555555555556,0.8103907100187919,0.4993592064155358,0.8344063895946338,10.44,3.685,7.437777777777779,53.55288584025397,60.54347826086956,56.65981580497201,14.962833956172874,5.743039265058179,11.79153180134889,level,none,0,5bc3803,1.0930826783819627e-07,2.958491360348287e-07,0.02199162496253848,4.333333333333333
gnn_multiedge_covid_rsv,post_covid,Hyde Park,96.0,100.0,97.77777777777776,0.8487631663289392,0.603094678623507,0.8440396565191683,10.88772134780884,6.809772551059723,9.075299660364786,73.00682074052638,116.67054799355884,92.41292174187416,13.632177700224728,9.844330123568104,12.096026374988163,delta,train,6370,5bc3803,2.089974154706508e-05,5.656635680297364e-05,4.198774707969278,5.666666666666667
lstm,exclude_covid,Hyde Park,92.0,100.0,95.55555555555556,0.8093371137557694,0.5842905756394552,0.8409670844619833,10.616988800048828,4.098822593688965,7.720026041666666,59.40395404980103,101.97835784027542,78.32591129001189,15.75588756758648,4.689032060315734,12.152677125559192,level,train,22300,5bc3803,3.6014595815701175e-06,9.747558229072537e-06,0.7235642919549718,5.333333333333333
gnn_multiedge_leaknorm,post_covid,Hyde Park,100.0,95.0,97.77777777777776,0.8779885705743108,0.6218386136653901,0.8647638267232062,11.559897289276122,7.441677701473236,9.72957747247484,73.59195577148947,99.03961230851507,84.90202534350085,14.890873494790306,12.18471316240976,13.754027719544752,delta,all,4834,5bc3803,1.769154712003047e-05,4.788319341340361e-05,3.5542516669956967,8.333333333333334
gnn_multiedge_covid_rsv_full,full,Hyde Park,96.0,90.0,93.33333333333331,0.8392206716444839,0.6253414531513903,0.8480849755769743,14.071599903106687,6.408469688892365,10.665764252344768,87.98335672939068,86.25029451022293,87.21310685420502,16.94760833405346,10.332494824897967,14.388069666098616,delta,train,6370,5bc3803,4.170956533715911e-05,0.0001128893460067694,8.379447750048712,10.0
dualtopo_fullhistory,full,Hyde Park,80.0,100.0,89.13043478260869,0.71393655864,0.5933726013252593,0.7498486677404245,13.3577392578125,5.515302703494117,9.777496483014977,73.3488678251051,144.36468642191116,105.76913283669047,19.29237787242059,5.869370596821938,14.765070292803854,level,train,479905,5bc3803,0.0003761414580371674,0.0010180485665723,75.56665566598531,8.666666666666666
gnn_multiedge_full,full,Hyde Park,96.0,95.0,95.55555555555556,0.8435816619661872,0.6334863782353175,0.8333000566101766,12.396230430603028,7.8509880900383,10.37612272368537,70.58535365087454,94.45414688253922,81.19370619828106,16.910528493093707,13.324278089279126,15.419956103051964,delta,train,4834,5bc3803,4.0714073532863064e-05,0.00011019498997995269,8.17945520801004,11.0
gnn_multiedge_rt,post_covid,Hyde Park,92.0,95.0,93.33333333333331,0.8430603136051648,0.6494503514939656,0.8331324523540515,15.138745975494384,8.816919457912444,12.329045301013522,95.45518167032832,107.01143320636864,100.591293464124,19.30697402445825,14.95764537696412,17.50784221363416,delta,train,5346,5bc3803,1.76025503802076e-05,4.764231860029718e-05,3.5363711660029367,12.666666666666666
gnn_multiedge,post_covid,Hyde Park,92.0,90.0,91.11111111111111,0.8544285599743361,0.6386242491084196,0.8303256588570257,16.088988094329835,10.09507713317871,13.425027667151555,98.81932935663644,121.40707266166108,108.8583263810918,20.556899420379352,17.479027008755,19.249808396129012,delta,train,4834,5bc3803,1.7659723678023636e-05,4.779706143080451e-05,3.5478571250569075,14.333333333333334
dualtopo,post_covid,Hyde Park,84.0,100.0,91.30434782608695,0.1242238560999484,0.5822993238397349,0.3719567351509186,16.597789001464843,15.93182472955613,16.293761833854344,114.51119494552287,427.09543584317504,257.21269622488586,24.23243421578662,16.506901244137328,21.060113372934033,level,train,479905,5bc3803,5.635643795263239e-05,0.0001525319521389449,11.322005417081527,14.333333333333334
dualtopo_no_bg,post_covid,Hyde Park,84.0,100.0,91.30434782608695,0.1059634169450214,0.5048134133200887,0.3020435550886159,16.596515655517578,16.150798797607422,16.39303622038468,114.22381220789082,433.7404160179599,260.0900878603137,24.233881870923614,16.743009376747697,21.145932585628817,level,train,479905,5bc3803,3.404552382872119e-05,9.214617530569538e-05,6.839754667016678,15.333333333333334
gnn_corrbinary,post_covid,Hyde Park,88.0,80.0,84.44444444444444,0.7837135340143625,0.6520199764044377,0.7536353474431675,19.77037811279297,12.834658443927763,16.687836037741768,129.98983643801927,136.05587252640402,132.68585247730135,25.985732369497015,23.611116320090865,24.95825556898085,delta,train,4834,5bc3803,2.0007830431729163e-05,5.41523478893699e-05,4.0195957500254735,17.0
gnn_uniform,post_covid,Hyde Park,80.0,80.0,80.0,0.7894498043679931,0.6461939125521616,0.7632840740493386,20.6073099899292,12.5919217646122,17.04491522312164,122.98036186540595,132.72949213384254,127.31330865137778,26.862526041710797,23.390276187118456,25.37802331665612,delta,train,4834,5bc3803,2.063400057486323e-05,5.5847113523486776e-05,4.145388584001921,17.333333333333332
gnn_geo,post_covid,Hyde Park,80.0,80.0,80.0,0.7521302049298451,0.6569877021697224,0.7319519051097952,21.43618589401245,13.421065092086792,17.873909982045493,144.46697996199143,149.70491451792876,146.79495087574136,28.172732105535,24.47710409599257,26.593709931225455,delta,train,4834,5bc3803,1.7533087841206954e-05,4.745431422920471e-05,3.5224183331010863,18.666666666666668
seasonal_naive,exclude_covid,Hyde Park,96.0,100.0,97.77777777777776,-0.0909193520802895,0.3530749966664371,0.1735179162199066,31.396000000000004,5.069999999999999,19.69555555555555,213.3898396667773,120.24637681159416,171.99274506447375,44.872276519026755,6.75862412033692,33.74795796291483,level,none,0,5bc3803,1.2822205117475118e-07,3.470403823141371e-07,0.02579366695135832,15.333333333333334
seasonal_naive,post_covid,Hyde Park,96.0,100.0,97.77777777777776,-0.0909193520802895,0.3530749966664371,0.1735179162199066,31.396000000000004,5.069999999999999,19.69555555555555,213.3898396667773,120.24637681159416,171.99274506447375,44.872276519026755,6.75862412033692,33.74795796291483,level,none,0,5bc3803,1.0606019472009693e-07,2.8705803866614595e-07,0.02134179195854813,15.333333333333334
lstm,exclude_covid,Jamaica Plain,100.0,100.0,100.0,0.8989246452496675,0.6042164661303268,0.9151427602881854,5.888888839880626,2.0474802516755606,4.096231498718262,67.67783430147767,81.91774619393655,74.3231265179585,7.716115933234992,2.730633037702896,5.935778849581831,level,train,22300,5bc3803,3.6014595815701175e-06,9.747558229072537e-06,0.7235642919549718,2.0
lstm,post_covid,Jamaica Plain,95.83333333333334,100.0,97.77777777777776,0.8747605506942913,0.649315819776254,0.895427411084544,6.372929811477661,1.9603644915989469,4.313732662200928,70.12242474318263,74.87146473732315,72.33864340711487,8.519610021716742,2.7367721479650786,6.496663204580397,level,train,22300,5bc3803,2.1653940673612073e-06,5.860764027036366e-06,0.43506395805161446,3.0
arima,exclude_covid,Jamaica Plain,91.66666666666666,100.0,95.55555555555556,0.8003681059758154,0.524806364162455,0.8366012145821387,6.905346157787392,2.6781579161257993,4.932658311678649,81.59796225558861,101.49960403324742,90.88539508516271,10.012735571578643,3.24895525959226,7.64167940077169,level,none,,5bc3803,0.001490005379470648,0.0040327855607057836,299.3411083329702,4.333333333333333
dualtopo_fullhistory,full,Jamaica Plain,91.66666666666666,100.0,95.65217391304348,0.7955660090720529,0.5492454072367877,0.8226353306125683,7.274468660354614,3.176848606629805,5.314737330312314,79.88756755315119,137.29473206727647,107.34316797295024,10.248155874302554,3.856832269965806,7.868271708558557,level,train,479905,5bc3803,0.0003761414580371674,0.0010180485665723,75.56665566598531,6.333333333333333
gnn_multiedge_covid_rsv,post_covid,Jamaica Plain,95.83333333333334,100.0,97.77777777777776,0.8082084137588118,0.6835597780111073,0.8386677637096824,7.515497853358586,3.071266912278675,5.441523414187961,86.46445137318577,86.80662345331743,86.62413167724723,10.084568213760653,4.349193967387723,7.941437928677929,delta,train,6370,5bc3803,2.089974154706508e-05,5.656635680297364e-05,4.198774707969278,6.666666666666667
arima,post_covid,Jamaica Plain,95.83333333333334,100.0,97.77777777777776,0.8010201643337072,0.5581680252247051,0.8372357413160022,7.429166666666667,1.8619047619047615,4.8311111111111105,64.7541645586887,51.74603174603174,58.68370257944879,10.581449963654949,2.700705375232464,7.944781655625002,level,none,,5bc3803,0.0002556865749649534,0.0006920304730384992,51.36729262501467,5.0
persistence,exclude_covid,Jamaica Plain,95.83333333333334,100.0,97.77777777777776,0.8010201643337069,0.5581680252247051,0.8372357413160022,7.429166666666667,1.8619047619047615,4.831111111111111,64.7541645586887,51.74603174603174,58.683702579448784,10.581449963654949,2.700705375232464,7.944781655625002,level,none,0,5bc3803,1.286735082694529e-07,3.482622769984624e-07,0.02589108399115503,5.0
persistence,post_covid,Jamaica Plain,95.83333333333334,100.0,97.77777777777776,0.8010201643337069,0.5581680252247051,0.8372357413160022,7.429166666666667,1.8619047619047615,4.831111111111111,64.7541645586887,51.74603174603174,58.683702579448784,10.581449963654949,2.700705375232464,7.944781655625002,level,none,0,5bc3803,1.0930826783819627e-07,2.958491360348287e-07,0.02199162496253848,5.0
gnn_multiedge_leaknorm,post_covid,Jamaica Plain,100.0,100.0,100.0,0.8607988601983598,0.7082545980827661,0.8710596190231567,7.580023696025212,3.5576793806893483,5.702929682201809,81.11725645362809,81.60455376207952,81.34466186423876,9.716664467326703,5.736709036953383,8.106282999367478,delta,all,4834,5bc3803,1.769154712003047e-05,4.788319341340361e-05,3.5542516669956967,8.0
gnn_multiedge_full,full,Jamaica Plain,95.83333333333334,100.0,97.77777777777776,0.8512226109445424,0.7268685924840436,0.8601874072082762,7.883923868338267,3.7494710570289977,5.954512556393941,72.98523011375876,77.85676139672726,75.25861137914407,10.381602816547147,6.362435594368369,8.739128572772447,delta,train,4834,5bc3803,4.0714073532863064e-05,0.00011019498997995269,8.17945520801004,10.0
gnn_multiedge_covid_rsv_full,full,Jamaica Plain,91.66666666666666,100.0,95.55555555555556,0.8124614214407214,0.7019578018006901,0.8448053953392914,8.883189817269644,2.990846736090524,6.133429712719387,92.2120889211913,70.47324105438406,82.06729325001457,11.672008467191892,4.77212098317411,9.126146408395122,delta,train,6370,5bc3803,4.170956533715911e-05,0.0001128893460067694,8.379447750048712,11.333333333333334
gnn_multiedge_rt,post_covid,Jamaica Plain,100.0,100.0,100.0,0.8338336626702532,0.7392882485293821,0.8492591929804099,8.8144471347332,3.9325685046968006,6.53623710738288,95.55335081802036,82.7462820106552,89.57671870791661,11.319011766724875,6.553764299590571,9.400790762711276,delta,train,5346,5bc3803,1.76025503802076e-05,4.764231860029718e-05,3.5363711660029367,12.333333333333334
gnn_multiedge,post_covid,Jamaica Plain,100.0,100.0,100.0,0.8354436659002188,0.7340693873331438,0.8437067916942877,9.824885269006094,4.518217779341198,7.348440440495809,102.53286040787522,93.0404546243063,98.10307104220976,12.05743383969771,7.751132060662043,10.2749339785138,delta,train,4834,5bc3803,1.7659723678023636e-05,4.779706143080451e-05,3.5478571250569075,13.666666666666666
gnn_uniform,post_covid,Jamaica Plain,100.0,95.23809523809524,97.77777777777776,0.8018440436744829,0.7443160523134984,0.8031738059057579,11.48825545112292,5.652023792266846,8.764680676990086,112.00616601787046,102.98100514793038,107.79442427856512,14.388887593069343,10.470749287678148,12.71161365011216,delta,train,4834,5bc3803,2.063400057486323e-05,5.5847113523486776e-05,4.145388584001921,16.0
gnn_corrbinary,post_covid,Jamaica Plain,100.0,100.0,100.0,0.8007406576058145,0.7605864328180131,0.8009385860109421,11.669489284356436,5.782648569061642,8.922296950552198,115.34891977704989,104.55350954871744,110.31106167049472,14.351619258952026,10.610560987787688,12.743206907107584,delta,train,4834,5bc3803,2.0007830431729163e-05,5.41523478893699e-05,4.0195957500254735,16.333333333333332
gnn_geo,post_covid,Jamaica Plain,100.0,100.0,100.0,0.8003317998903816,0.7578755260749455,0.7944213853070524,11.263603910803797,6.083359723999386,8.846156623628405,113.01646272382068,115.57515937567815,114.2105211613542,14.09301137690165,11.069351410340165,12.771367825139256,delta,train,4834,5bc3803,1.7533087841206954e-05,4.745431422920471e-05,3.5224183331010863,16.666666666666668
dualtopo,post_covid,Jamaica Plain,83.33333333333334,100.0,91.30434782608695,0.1675364348784623,0.7042949669986228,0.4179385292185951,11.20691446463267,8.51379325173118,9.91889997150587,138.47186950391873,322.51012565941346,226.4901659261119,17.11222164993857,8.854967336509143,13.794221331690968,level,train,479905,5bc3803,5.635643795263239e-05,0.0001525319521389449,11.322005417081527,17.0
dualtopo_no_bg,post_covid,Jamaica Plain,83.33333333333334,100.0,91.30434782608695,0.1353829681117732,0.66310394084562,0.3661819898425372,11.221779584884644,8.693899934942072,10.012793665346893,139.25889652189267,329.4634766864375,230.22630442667497,17.098641156506563,9.04358994446285,13.843871761003047,level,train,479905,5bc3803,3.404552382872119e-05,9.214617530569538e-05,6.839754667016678,17.333333333333332
seasonal_naive,exclude_covid,Jamaica Plain,100.0,100.0,100.0,0.0327261887642756,0.0759883342018711,0.2731046701926847,17.679166666666667,3.157142857142857,10.90222222222222,195.6040610258869,96.984126984127,149.5814251397323,24.059362349544237,3.615772327430133,17.743242845282445,level,none,0,5bc3803,1.2822205117475118e-07,3.470403823141371e-07,0.02579366695135832,15.0
seasonal_naive,post_covid,Jamaica Plain,100.0,100.0,100.0,0.0327261887642756,0.0759883342018711,0.2731046701926847,17.679166666666667,3.157142857142857,10.90222222222222,195.6040610258869,96.984126984127,149.5814251397323,24.059362349544237,3.615772327430133,17.743242845282445,level,none,0,5bc3803,1.0606019472009693e-07,2.8705803866614595e-07,0.02134179195854813,15.0
lstm,exclude_covid,Mattapan,100.0,100.0,100.0,0.9252812006045736,0.6130669785276979,0.933381132057418,7.27618167583759,5.04090030670166,6.30432021099588,47.052891574563766,111.82447649861524,75.21445023719482,10.430866817241824,6.289238927624482,8.87101787247063,level,train,22300,5bc3803,3.6014595815701175e-06,9.747558229072537e-06,0.7235642919549718,1.6666666666666667
lstm,post_covid,Mattapan,100.0,100.0,100.0,0.9148847200401824,0.5870905826486658,0.9135959190318456,7.589967566270094,6.332579021453857,7.043276894610861,51.54733944751128,122.434034954823,82.36764184199463,11.32812423251925,8.794238402340692,10.303290890331455,level,train,22300,5bc3803,2.1653940673612073e-06,5.860764027036366e-06,0.43506395805161446,4.0
arima,post_covid,Mattapan,96.15384615384616,100.0,97.82608695652172,0.8319845048728445,0.1418591405611236,0.8572643389400665,10.855039716247743,5.524512452870227,8.53741916695317,59.11206554082764,141.4365685696039,94.9053277272521,14.832380212771325,6.725620150498396,12.000603608331058,level,none,,5bc3803,0.0002556865749649534,0.0006920304730384992,51.36729262501467,4.0
dualtopo_fullhistory,full,Mattapan,96.15384615384616,100.0,97.87234042553192,0.8613348733219699,0.7058922069969477,0.8690645288782062,10.053695678710938,8.293745267958869,9.267334856885546,48.78666208709968,177.26796144994975,106.19320010028804,14.17385705550389,8.864969517459553,12.093338411573574,level,train,479905,5bc3803,0.0003761414580371674,0.0010180485665723,75.56665566598531,5.333333333333333
persistence,exclude_covid,Mattapan,96.15384615384616,100.0,97.82608695652172,0.8329359495028797,0.195146076154178,0.8590909248371881,11.426923076923076,4.3950000000000005,8.369565217391305,51.86885812370181,84.93774878372402,66.24663667153756,15.525524888934452,5.031649828833482,12.1346073546767,level,none,0,5bc3803,1.286735082694529e-07,3.482622769984624e-07,0.02589108399115503,3.6666666666666665
persistence,post_covid,Mattapan,96.15384615384616,100.0,97.82608695652172,0.8329359495028797,0.195146076154178,0.8590909248371881,11.426923076923076,4.3950000000000005,8.369565217391305,51.86885812370181,84.93774878372402,66.24663667153756,15.525524888934452,5.031649828833482,12.1346073546767,level,none,0,5bc3803,1.0930826783819627e-07,2.958491360348287e-07,0.02199162496253848,3.6666666666666665
arima,exclude_covid,Mattapan,96.15384615384616,100.0,97.82608695652172,0.8014373193039454,0.2633508864261198,0.8325970514617289,11.732180399089213,5.160387138129168,8.8748789812805,56.84732549896896,133.55284221668296,90.19755015884463,16.198552204125402,6.303763583383103,12.868033478316924,level,none,,5bc3803,0.001490005379470648,0.0040327855607057836,299.3411083329702,6.333333333333333
gnn_multiedge_covid_rsv,post_covid,Mattapan,96.15384615384616,100.0,97.82608695652172,0.8188110481121775,0.4575321702021621,0.8376831731365441,12.926781874436598,6.936298370361328,10.32222382918648,75.06562649244842,135.23096712406317,101.2244702453244,16.294438789128584,9.2575076097093,13.686915415068974,delta,train,6370,5bc3803,2.089974154706508e-05,5.656635680297364e-05,4.198774707969278,9.0
gnn_multiedge_leaknorm,post_covid,Mattapan,96.15384615384616,100.0,97.82608695652172,0.8876095051192211,0.5081661232013633,0.8808076719265693,12.368412054502048,8.269078981876373,10.586093327273494,76.39131933229379,134.78149357578587,101.77835161207295,15.743620053663967,12.032452867518208,14.249332038065877,delta,all,4834,5bc3803,1.769154712003047e-05,4.788319341340361e-05,3.5542516669956967,9.333333333333334
gnn_multiedge_covid_rsv_full,full,Mattapan,96.15384615384616,100.0,97.82608695652172,0.8679864528696423,0.5200386515331368,0.8799815393917186,14.09738028049469,6.9047720551490785,10.97015931295312,81.01511426387607,114.58845274649592,95.61221795197169,17.619072225589647,9.497602467652802,14.65198711187804,delta,train,6370,5bc3803,4.170956533715911e-05,0.0001128893460067694,8.379447750048712,10.666666666666666
gnn_multiedge_full,full,Mattapan,92.3076923076923,90.0,91.30434782608695,0.8687192148718624,0.5198130418593097,0.8632518585736034,12.787284227517937,8.680479419231414,11.001716919567274,73.18612679624782,131.3865450059567,98.49065645264298,17.534774148953492,13.068077442527432,15.7491675947754,delta,train,4834,5bc3803,4.0714073532863064e-05,0.00011019498997995269,8.17945520801004,11.333333333333334
gnn_multiedge_rt,post_covid,Mattapan,84.61538461538461,90.0,86.95652173913044,0.8452925504910107,0.5159639567129195,0.8439248150508313,16.063173926793613,9.608136332035064,13.256635842115983,94.59874247843462,145.90236641478484,116.90466592902168,21.030596900733705,14.835204965211195,18.592367697307385,delta,train,5346,5bc3803,1.76025503802076e-05,4.764231860029718e-05,3.5363711660029367,12.666666666666666
gnn_multiedge,post_covid,Mattapan,92.3076923076923,85.0,89.13043478260869,0.8631608987122379,0.5178024117273073,0.8443656350526755,17.165823844762947,10.990532898902892,14.480914737867272,100.78942989119317,163.28724848895354,127.96239449891507,21.876710983264108,17.633582864638292,20.14200535246325,delta,train,4834,5bc3803,1.7659723678023636e-05,4.779706143080451e-05,3.5478571250569075,13.666666666666666
dualtopo,post_covid,Mattapan,88.46153846153845,100.0,93.61702127659576,0.277087607373058,0.5577465027480422,0.4337801491500079,20.62975157224215,22.91636049179804,21.651427898001163,150.09256025323543,493.9553425382248,303.7333778699327,26.70057546525457,23.20810390947605,25.19999865463666,level,train,479905,5bc3803,5.635643795263239e-05,0.0001525319521389449,11.322005417081527,14.666666666666666
dualtopo_no_bg,post_covid,Mattapan,88.46153846153845,100.0,93.61702127659576,0.2638465043785463,0.5986256890045182,0.4002762891513645,20.665592487041767,23.304896763392858,21.84485609987949,150.6746566231619,502.6565142739483,307.94314621181115,26.7038007138324,23.602392633001788,25.36497374908611,level,train,479905,5bc3803,3.404552382872119e-05,9.214617530569538e-05,6.839754667016678,15.666666666666666
gnn_uniform,post_covid,Mattapan,80.76923076923077,80.0,80.43478260869566,0.7905550239886975,0.5426323703255945,0.7702016796411152,22.435592853105984,13.899099826812744,18.72407414602197,126.24493189334407,185.89818166621913,152.18112744676802,29.013376344405163,24.16536093509107,27.01266593491429,delta,train,4834,5bc3803,2.063400057486323e-05,5.5847113523486776e-05,4.145388584001921,16.666666666666668
gnn_corrbinary,post_covid,Mattapan,88.46153846153845,80.0,84.78260869565217,0.8002549988237855,0.523486165095202,0.7730213313988771,22.290566600286045,14.32031136751175,18.825238238210265,121.40980431901124,192.48227102789244,152.31087680113347,29.234874576175415,25.04599628279887,27.49215847669781,delta,train,4834,5bc3803,2.0007830431729163e-05,5.41523478893699e-05,4.0195957500254735,17.666666666666668
gnn_geo,post_covid,Mattapan,80.76923076923077,80.0,80.43478260869566,0.7972913412637804,0.5276122745676091,0.7786263421260061,25.646741105959965,14.84949632883072,20.95228685503421,132.62879873036144,208.10580626340132,165.44488896211791,32.90985226689988,25.77938287323517,30.018490464196137,delta,train,4834,5bc3803,1.7533087841206954e-05,4.745431422920471e-05,3.5224183331010863,18.666666666666668
seasonal_naive,exclude_covid,Mattapan,96.15384615384616,100.0,97.82608695652172,0.3145326404619222,-0.0351608127903062,0.4569718728677113,31.77307692307692,7.214999999999999,21.09565217391304,148.8011835143687,170.3373409447617,158.16473022323518,48.0618071621564,8.274629901089233,36.542934843229574,level,none,0,5bc3803,1.2822205117475118e-07,3.470403823141371e-07,0.02579366695135832,14.666666666666666
seasonal_naive,post_covid,Mattapan,100.0,100.0,100.0,0.3145326404619222,-0.0351608127903062,0.4569718728677113,31.77307692307692,7.214999999999999,21.09565217391304,148.8011835143687,170.3373409447617,158.16473022323518,48.0618071621564,8.274629901089233,36.542934843229574,level,none,0,5bc3803,1.0606019472009693e-07,2.8705803866614595e-07,0.02134179195854813,14.666666666666666
lstm,exclude_covid,Roslindale,80.76923076923077,93.33333333333331,85.36585365853658,0.9048592585004812,0.5468538884680172,0.9119470062061412,15.13767255636362,5.803977432250976,11.72290604754192,55.49841629078702,65.60098213020983,59.19447696374659,21.90720541479032,7.458281755635866,18.019269074689177,level,train,22300,5bc3803,3.6014595815701175e-06,9.747558229072537e-06,0.7235642919549718,1.0
lstm,post_covid,Roslindale,80.76923076923077,100.0,87.8048780487805,0.8838966535564597,0.5497806312953112,0.8926304723452053,17.054499053955077,6.491714960734049,13.190065849118112,58.921615900572654,73.15128726811835,64.12759323016255,24.67575147613638,7.851891898662744,20.215903893534463,level,train,22300,5bc3803,2.1653940673612073e-06,5.860764027036366e-06,0.43506395805161446,2.0
gnn_multiedge_covid_rsv,post_covid,Roslindale,80.76923076923077,93.33333333333331,85.36585365853658,0.8277837567839833,0.4646495613274208,0.8340418914957706,18.175905447739822,11.218588066101074,15.630545430067109,114.4086163114652,98.8212970158584,108.70593852038954,26.307524298406292,13.719272072774483,22.533177758419797,delta,train,6370,5bc3803,2.089974154706508e-05,5.656635680297364e-05,4.198774707969278,5.666666666666667
arima,exclude_covid,Roslindale,84.61538461538461,100.0,90.2439024390244,0.8043438189248975,0.2764652497880142,0.8174859432015236,17.808867403578102,9.365734675652364,14.719916405556493,94.52385650495032,113.0306964425558,101.29465160407428,27.09682266330339,11.396357519135424,22.65237683656124,level,none,,5bc3803,0.001490005379470648,0.0040327855607057836,299.3411083329702,5.666666666666667
gnn_multiedge_leaknorm,post_covid,Roslindale,92.3076923076923,93.33333333333331,92.6829268292683,0.8762990172007439,0.4959172157285327,0.8682429521006595,19.277803384340725,13.753652381896972,17.256772529788133,117.10844517711136,104.76558027248508,112.59276289493104,25.08153543405757,17.905352917616675,22.720568665345077,delta,all,4834,5bc3803,1.769154712003047e-05,4.788319341340361e-05,3.5542516669956967,6.666666666666667
persistence,exclude_covid,Roslindale,80.76923076923077,93.33333333333331,85.36585365853658,0.8043438189248975,0.446917902018418,0.8228425980099384,19.29230769230769,7.539999999999998,14.992682926829266,99.55807560165498,63.87940648050932,86.50490397196756,28.5081095075122,9.806426464314102,23.464040988546603,level,none,0,5bc3803,1.286735082694529e-07,3.482622769984624e-07,0.02589108399115503,6.333333333333333
persistence,post_covid,Roslindale,80.76923076923077,93.33333333333331,85.36585365853658,0.8043438189248975,0.446917902018418,0.8228425980099384,19.29230769230769,7.539999999999998,14.992682926829266,99.55807560165498,63.87940648050932,86.50490397196756,28.5081095075122,9.806426464314102,23.464040988546603,level,none,0,5bc3803,1.0930826783819627e-07,2.958491360348287e-07,0.02199162496253848,6.333333333333333
gnn_multiedge_covid_rsv_full,full,Roslindale,84.61538461538461,93.33333333333331,87.8048780487805,0.8511523540481016,0.5061151652767668,0.8568111783690832,20.104092047764706,11.600249067942302,16.99292998197602,118.46554422087851,91.18535209839504,108.48498612728702,27.49999697727043,14.08055518572999,23.49697759109475,delta,train,6370,5bc3803,4.170956533715911e-05,0.0001128893460067694,8.379447750048712,8.666666666666666
dualtopo_fullhistory,full,Roslindale,80.76923076923077,100.0,88.09523809523809,0.7682213943276394,0.632080057079483,0.7882996032265359,19.30886796804575,7.354069828987122,14.754659153166273,58.82733800222864,86.8515508366786,69.50322860582864,29.77647180023976,8.26799268056143,23.977345628384004,level,train,479905,5bc3803,0.0003761414580371674,0.0010180485665723,75.56665566598531,8.0
gnn_multiedge_full,full,Roslindale,88.46153846153845,80.0,85.36585365853658,0.8579130703318935,0.5033973178343928,0.8530028698089067,20.487182030310997,14.114090061187744,18.155563017217123,110.30036688472138,101.10353154418029,106.93567102842584,27.342623786436462,18.746471500438933,24.549377255746332,delta,train,4834,5bc3803,4.0714073532863064e-05,0.00011019498997995269,8.17945520801004,9.666666666666666
gnn_multiedge_rt,post_covid,Roslindale,92.3076923076923,86.66666666666667,90.2439024390244,0.8643816291913538,0.5022550465159041,0.8582523210517864,21.215344502375675,14.383735434214277,18.715975331097113,133.0845825338944,104.51898060070242,122.63375255833635,28.02262903306642,19.221619504263018,25.162409551312,delta,train,5346,5bc3803,1.76025503802076e-05,4.764231860029718e-05,3.5363711660029367,11.0
arima,post_covid,Roslindale,73.07692307692307,100.0,82.92682926829268,0.7728035084803107,0.2090771971830096,0.785860799145409,20.642522441502155,9.64392377090527,16.618644879088663,102.62246980121871,116.6307437253392,107.74744806614083,30.47999887039705,11.655071639359177,25.27526460424734,level,none,,5bc3803,0.0002556865749649534,0.0006920304730384992,51.36729262501467,11.333333333333334
gnn_multiedge,post_covid,Roslindale,80.76923076923077,73.33333333333333,78.04878048780488,0.8643126991718435,0.4974436899577454,0.8509586167285474,22.311335123502293,16.228263727823894,20.085821198254095,131.52408377061928,117.29072218334171,126.3167563606397,29.685581118908665,22.526732915472067,27.28525123052395,delta,train,4834,5bc3803,1.7659723678023636e-05,4.779706143080451e-05,3.5478571250569075,13.666666666666666
gnn_corrbinary,post_covid,Roslindale,76.92307692307693,73.33333333333333,75.60975609756098,0.8204657433998216,0.5008778416345544,0.7989612073369647,26.562436837416428,19.75979863802592,24.073666764468683,151.55522079372557,128.5119823512507,143.12476770501527,35.65448793369805,30.00456982042062,33.697513263826814,delta,train,4834,5bc3803,2.0007830431729163e-05,5.41523478893699e-05,4.0195957500254735,15.666666666666666
gnn_uniform,post_covid,Roslindale,69.23076923076923,73.33333333333333,70.73170731707317,0.8265388216287721,0.5136708825739268,0.806124976673009,27.171145402468166,19.54244505564372,24.380157470703125,155.50878319108946,126.1051510124003,144.75135678425198,35.804694201165056,29.71057727878602,33.70320797186756,delta,train,4834,5bc3803,2.063400057486323e-05,5.5847113523486776e-05,4.145388584001921,16.0
gnn_geo,post_covid,Roslindale,73.07692307692307,73.33333333333333,73.17073170731707,0.8027291194282493,0.5019086305902157,0.7793184400071402,26.47077798843384,20.059877808888753,24.125326703234418,154.03037347956536,132.5768676391117,146.18152987939936,36.32021200019764,31.22439629201165,34.543202589331194,delta,train,4834,5bc3803,1.7533087841206954e-05,4.745431422920471e-05,3.5224183331010863,17.333333333333332
dualtopo,post_covid,Roslindale,84.61538461538461,100.0,90.47619047619048,0.2274500969347475,0.5225783549803011,0.3541499954341556,30.390081772437465,18.398317694664,25.82179069519043,120.64960096544546,236.93427052357828,164.948522701877,46.32406621353389,20.504138189749675,38.582197906029855,level,train,479905,5bc3803,5.635643795263239e-05,0.0001525319521389449,11.322005417081527,16.666666666666668
dualtopo_no_bg,post_covid,Roslindale,84.61538461538461,100.0,90.47619047619048,0.2192735185068726,0.4933311739424279,0.322548121265711,30.399608538700985,18.711995244026184,25.94718442644392,121.02694208720874,240.52846859817353,166.55133313900484,46.2969796475248,20.823425343452904,38.627189142807104,level,train,479905,5bc3803,3.404552382872119e-05,9.214617530569538e-05,6.839754667016678,17.0
seasonal_naive,exclude_covid,Roslindale,84.61538461538461,93.33333333333331,87.8048780487805,0.0654104056221757,0.2829954464895326,0.2111484473021165,45.30384615384616,7.84,31.597560975609756,227.28736642954308,88.1664289389386,176.38946246956587,66.56396865479795,10.969837434225418,53.42075736147112,level,none,0,5bc3803,1.2822205117475118e-07,3.470403823141371e-07,0.02579366695135832,14.666666666666666
seasonal_naive,post_covid,Roslindale,92.3076923076923,100.0,95.1219512195122,0.0654104056221757,0.2829954464895326,0.2111484473021165,45.30384615384616,7.84,31.597560975609756,227.28736642954308,88.1664289389386,176.38946246956587,66.56396865479795,10.969837434225418,53.42075736147112,level,none,0,5bc3803,1.0606019472009693e-07,2.8705803866614595e-07,0.02134179195854813,14.666666666666666
arima,exclude_covid,Roxbury,84.61538461538461,95.45454545454544,89.58333333333334,0.8061762313940141,0.424981469081002,0.8350577146005278,22.907245864884526,12.034418398619604,17.9238666095131,49.60028560860275,150.91246258337495,96.0350333887067,35.80723257532249,15.166439676811548,28.283006218631876,level,none,,5bc3803,0.001490005379470648,0.0040327855607057836,299.3411083329702,3.3333333333333335
arima,post_covid,Roxbury,88.46153846153845,95.45454545454544,91.66666666666666,0.8063788608583425,0.4185668621784026,0.8367465723372411,23.98461538461538,12.631818181818186,18.78125,48.89371545832289,115.87724733836404,79.59450090334174,36.817470769271395,14.893882209576097,28.912183850411576,level,none,,5bc3803,0.0002556865749649534,0.0006920304730384992,51.36729262501467,3.0
persistence,exclude_covid,Roxbury,88.46153846153845,86.36363636363636,87.5,0.8063788608583425,0.4185668621784026,0.8367465723372411,23.98461538461538,12.631818181818186,18.78125,48.89371545832289,115.87724733836404,79.59450090334174,36.817470769271395,14.893882209576097,28.912183850411576,level,none,0,5bc3803,1.286735082694529e-07,3.482622769984624e-07,0.02589108399115503,3.0
persistence,post_covid,Roxbury,88.46153846153845,90.9090909090909,89.58333333333334,0.8063788608583425,0.4185668621784026,0.8367465723372411,23.98461538461538,12.631818181818186,18.78125,48.89371545832289,115.87724733836404,79.59450090334174,36.817470769271395,14.893882209576097,28.912183850411576,level,none,0,5bc3803,1.0930826783819627e-07,2.958491360348287e-07,0.02199162496253848,3.0
lstm,exclude_covid,Roxbury,76.92307692307693,100.0,87.5,0.79036604551563,0.7301405502507142,0.8296262362785295,25.14389780484713,9.637528887662018,18.03681205113729,42.21134073164986,109.02837994035946,72.83581703564175,39.576339524125174,11.028281196548216,30.069072773731,level,train,22300,5bc3803,3.6014595815701175e-06,9.747558229072537e-06,0.7235642919549718,5.0
lstm,post_covid,Roxbury,69.23076923076923,95.45454545454544,81.25,0.7688252542539944,0.7000806015903276,0.8131646550372111,24.829463181128872,8.728909891301935,17.450042923291523,36.52816447103001,75.63678031865567,54.452946734525106,40.62167990724691,10.457399711227984,30.72356635945569,level,train,22300,5bc3803,2.1653940673612073e-06,5.860764027036366e-06,0.43506395805161446,5.333333333333333
gnn_multiedge_covid_rsv,post_covid,Roxbury,76.92307692307693,86.36363636363636,81.25,0.8007519118787303,0.5449564224293512,0.8237474056515705,29.007515797248253,16.719142176888205,23.375344554583233,66.75527945537964,147.1439253311373,103.60007548176856,36.98764073103184,21.59852447922361,30.90076268307571,delta,train,6370,5bc3803,2.089974154706508e-05,5.656635680297364e-05,4.198774707969278,7.333333333333333
gnn_multiedge_leaknorm,post_covid,Roxbury,80.76923076923077,86.36363636363636,83.33333333333334,0.8228956356916981,0.5947568771051044,0.8383223167914489,30.77707059566791,19.04134570468556,25.398196687301,67.10275514927298,139.84753594321745,100.4441130131642,41.71727644294358,25.563060491078858,35.244666072800285,delta,all,4834,5bc3803,1.769154712003047e-05,4.788319341340361e-05,3.5542516669956967,9.333333333333334
dualtopo_fullhistory,full,Roxbury,73.07692307692307,86.95652173913044,79.59183673469387,0.7008522342117468,0.557984760490426,0.738433352505693,32.25463654444768,14.619487845379371,23.97691368570133,51.77521545998183,165.34430842671622,105.08315705661224,50.1235794348809,16.521404641693387,38.22588882862467,level,train,479905,5bc3803,0.0003761414580371674,0.0010180485665723,75.56665566598531,9.666666666666666
gnn_multiedge_covid_rsv_full,full,Roxbury,69.23076923076923,77.27272727272727,72.91666666666666,0.7870613803811709,0.5880165801835795,0.821443929790374,36.946698885697586,17.72635624625466,28.13737517595291,79.21672615786393,134.32516113547703,104.4747588559366,48.9030127986118,23.736493668030892,39.41615206059389,delta,train,6370,5bc3803,4.170956533715911e-05,0.0001128893460067694,8.379447750048712,10.333333333333334
gnn_multiedge_full,full,Roxbury,69.23076923076923,68.18181818181817,68.75,0.78410682640906,0.6131728030249861,0.8025913673276825,32.58520793914795,21.16207730770111,27.349606399734817,67.78622461675201,141.48805539022186,101.56623038792569,48.0907146233042,29.756187606695676,40.72522587336311,delta,train,4834,5bc3803,4.0714073532863064e-05,0.00011019498997995269,8.17945520801004,11.0
gnn_multiedge_rt,post_covid,Roxbury,57.692307692307686,81.81818181818183,68.75,0.756529673541063,0.5988352053060964,0.7859131664833341,40.241813256190376,21.6894091909582,31.738628059625626,85.19423240852741,146.00649453695738,113.06651921739112,54.18505492347376,31.272585941422477,45.15066594556796,delta,train,5346,5bc3803,1.76025503802076e-05,4.764231860029718e-05,3.5363711660029367,13.0
gnn_multiedge,post_covid,Roxbury,73.07692307692307,68.18181818181817,70.83333333333334,0.8039856721046151,0.6111437950988774,0.8134292329791548,38.4506056858943,24.32160076228055,31.974811762571335,83.62539640799329,156.0170757580481,116.80491611010176,52.44826679513132,36.148552377354726,45.704925516993654,delta,train,4834,5bc3803,1.7659723678023636e-05,4.779706143080451e-05,3.5478571250569075,13.333333333333334
dualtopo,post_covid,Roxbury,73.07692307692307,56.52173913043478,65.3061224489796,0.2122947212360678,0.5440775760392697,0.4359676501424033,38.99753981370192,36.228059022322945,37.69757944223832,91.28305107275516,389.72242858107535,231.366840515436,59.75405840747082,38.25170158565455,50.80729226280025,level,train,479905,5bc3803,5.635643795263239e-05,0.0001525319521389449,11.322005417081527,14.666666666666666
dualtopo_no_bg,post_covid,Roxbury,73.07692307692307,56.52173913043478,65.3061224489796,0.1766005263398314,0.4701092968425921,0.3568331257185555,39.03103285569411,36.85950586070185,38.011744674371215,91.33144226291482,396.6944706121802,234.66510863093737,59.759710855746455,38.933236272736785,51.053219026216745,level,train,479905,5bc3803,3.404552382872119e-05,9.214617530569538e-05,6.839754667016678,15.666666666666666
gnn_corrbinary,post_covid,Roxbury,69.23076923076923,68.18181818181817,68.75,0.7399001933112697,0.6220729986867131,0.7485016042062345,47.00729927649865,29.63410462032665,39.04458505908648,101.56132053844328,164.19112950219898,130.26664964683127,63.33505126543926,48.49239061798258,57.013852399607934,delta,train,4834,5bc3803,2.0007830431729163e-05,5.41523478893699e-05,4.0195957500254735,17.0
gnn_uniform,post_covid,Roxbury,50.0,77.27272727272727,62.5,0.7374230829954334,0.6373827551705229,0.7531458704331484,50.1466928261977,29.765013282949273,40.80508970220884,108.98946218573607,166.36501539470737,135.28659073984795,67.1669621655765,48.31108079464439,59.27400227200126,delta,train,4834,5bc3803,2.063400057486323e-05,5.5847113523486776e-05,4.145388584001921,17.333333333333332
gnn_geo,post_covid,Roxbury,65.38461538461539,77.27272727272727,70.83333333333334,0.7354844728842799,0.6282286679838801,0.7474869972779062,50.1374490077679,30.768710895018145,41.26011070609093,110.97435127844224,179.9285486197305,142.57835839319935,68.26806458758536,51.152296014562246,61.02219665011483,delta,train,4834,5bc3803,1.7533087841206954e-05,4.745431422920471e-05,3.5224183331010863,18.666666666666668
seasonal_naive,exclude_covid,Roxbury,73.07692307692307,100.0,85.41666666666666,0.0602686472155075,0.7943118201355713,0.3135590815990133,66.95,6.527272727272727,39.25625,128.74620432511767,48.65613590371006,92.03825629863915,96.45987806815369,8.584287972802404,71.23002497776716,level,none,0,5bc3803,1.2822205117475118e-07,3.470403823141371e-07,0.02579366695135832,13.0
seasonal_naive,post_covid,Roxbury,88.46153846153845,100.0,93.75,0.0602686472155075,0.7943118201355713,0.3135590815990133,66.95,6.527272727272727,39.25625,128.74620432511767,48.65613590371006,92.03825629863915,96.45987806815369,8.584287972802404,71.23002497776716,level,none,0,5bc3803,1.0606019472009693e-07,2.8705803866614595e-07,0.02134179195854813,13.0
lstm,exclude_covid,South Boston,96.0,100.0,97.5609756097561,0.824284609375304,0.2983556307810879,0.8443117950856803,5.722263389587402,2.31147141456604,4.391222618847358,51.21567400021632,58.25295563584439,53.96193024826628,9.410275909533338,3.161862827055556,7.609029203057793,level,train,22300,5bc3803,3.6014595815701175e-06,9.747558229072537e-06,0.7235642919549718,1.3333333333333333
arima,post_covid,South Boston,96.0,100.0,97.5609756097561,0.7882510528272378,-0.0794004975379772,0.8060564493700594,6.0454965095281405,4.070194211599271,5.274646832287606,74.44367220424274,93.47702499628588,81.87132207430837,9.30151798286904,5.020477342116063,7.911459739384715,level,none,,5bc3803,0.0002556865749649534,0.0006920304730384992,51.36729262501467,4.0
lstm,post_covid,South Boston,96.0,100.0,97.5609756097561,0.799950498231048,0.4031561169177834,0.823071701299256,5.9243498535156265,2.4570322275161742,4.571250292149985,45.99242971896284,54.05230676539203,49.13774759074009,9.86576803009286,3.5452727350351334,8.015895505323059,level,train,22300,5bc3803,2.1653940673612073e-06,5.860764027036366e-06,0.43506395805161446,3.3333333333333335
arima,exclude_covid,South Boston,96.0,100.0,97.5609756097561,0.7574894435887876,-0.0901795727241721,0.7835069961769519,6.357859478173326,4.18956599785534,5.511696168780941,61.045354700119944,113.93720472250092,81.68607666007348,9.89302335353123,4.805709982666007,8.287980353349484,level,none,,5bc3803,0.001490005379470648,0.0040327855607057836,299.3411083329702,5.333333333333333
dualtopo_fullhistory,full,South Boston,92.0,100.0,95.23809523809524,0.7714411931106518,0.2704735296467842,0.7907208144094441,7.40925350189209,3.246700819800882,5.724410749617077,64.72069789844716,106.06988252152176,81.45727262683448,10.365633940147104,3.947890118483794,8.382405600164086,level,train,479905,5bc3803,0.0003761414580371674,0.0010180485665723,75.56665566598531,5.0
persistence,exclude_covid,South Boston,92.0,100.0,95.1219512195122,0.7524021303402713,0.0100788773607584,0.7834352702874704,6.916000000000001,3.18125,5.458536585365854,45.560733287893825,62.71668871579731,52.25574028414884,10.647534925981695,4.443323643400287,8.765425427600722,level,none,0,5bc3803,1.286735082694529e-07,3.482622769984624e-07,0.02589108399115503,6.333333333333333
persistence,post_covid,South Boston,92.0,100.0,95.1219512195122,0.7524021303402713,0.0100788773607584,0.7834352702874704,6.916000000000001,3.18125,5.458536585365854,45.560733287893825,62.71668871579731,52.25574028414884,10.647534925981695,4.443323643400287,8.765425427600722,level,none,0,5bc3803,1.0930826783819627e-07,2.958491360348287e-07,0.02199162496253848,6.333333333333333
gnn_multiedge_covid_rsv,post_covid,South Boston,96.0,100.0,97.5609756097561,0.7554236781396878,0.2488294623054821,0.7812858627584944,7.790002613067627,3.9100438058376312,6.275872346831531,68.32260161125575,95.7391733371151,79.02175155305453,10.373906559468466,5.823621879039982,8.88007028819565,delta,train,6370,5bc3803,2.089974154706508e-05,5.656635680297364e-05,4.198774707969278,8.0
gnn_multiedge_leaknorm,post_covid,South Boston,96.0,100.0,97.5609756097561,0.7990501244098103,0.29649227758442,0.8069897999873973,8.145741548538208,4.63606683909893,6.776112393635075,69.15233774294433,100.21066696411974,81.2726613414518,11.160754631725371,7.509646904963793,9.89749641284714,delta,all,4834,5bc3803,1.769154712003047e-05,4.788319341340361e-05,3.5542516669956967,10.0
gnn_multiedge_covid_rsv_full,full,South Boston,92.0,93.75,92.6829268292683,0.7739133858450576,0.3284072920868651,0.802425951341668,9.830544929504397,3.9313706308603287,7.528428130033539,78.24497437505696,84.58622801732729,80.71960994277221,12.529667375651302,6.123724418193483,10.505299621470016,delta,train,6370,5bc3803,4.170956533715911e-05,0.0001128893460067694,8.379447750048712,11.0
gnn_multiedge_full,full,South Boston,92.0,100.0,95.1219512195122,0.7811275709491822,0.3257013169821407,0.7887917938816785,8.84756651878357,4.899400807917118,7.3068189242991,67.06030177437336,98.83064159556966,79.45848316801094,12.2810112596887,8.249067692021713,10.886705725406918,delta,train,4834,5bc3803,4.0714073532863064e-05,0.00011019498997995269,8.17945520801004,11.666666666666666
gnn_multiedge_rt,post_covid,South Boston,96.0,100.0,97.5609756097561,0.7905293919803634,0.3557248938335634,0.8005610219036328,9.608232917785644,4.997674815356731,7.808990731471923,79.3121490811312,101.96509192760556,88.15232189926753,12.380772988140912,8.175148266457006,10.933744233440326,delta,train,5346,5bc3803,1.76025503802076e-05,4.764231860029718e-05,3.5363711660029367,12.0
gnn_multiedge,post_covid,South Boston,96.0,100.0,97.5609756097561,0.8035536875324313,0.3400248468323974,0.8012133927878158,10.318066740036013,5.744259253144264,8.533166257346549,84.81125448990875,117.32578989404244,97.49985367200968,13.063695908360527,9.666504244267744,11.854364883589044,delta,train,4834,5bc3803,1.7659723678023636e-05,4.779706143080451e-05,3.5478571250569075,14.333333333333334
dualtopo,post_covid,South Boston,84.0,100.0,90.47619047619048,0.3195253050954432,0.2054685114923218,0.4274935124357331,10.300390586853029,8.170977536369772,9.438485304514566,136.73735662403772,258.66647810626176,186.08962008112837,15.406551999548926,8.650457697655806,13.098676073877868,level,train,479905,5bc3803,5.635643795263239e-05,0.0001525319521389449,11.322005417081527,14.666666666666666
dualtopo_no_bg,post_covid,South Boston,84.0,100.0,90.47619047619048,0.2951189017019537,0.2293142005944211,0.4014792948270976,10.301655197143557,8.287748785579906,9.48650260198684,136.4249361557852,261.9792107457989,187.24452348983831,15.402116503422672,8.761969314406338,13.125543640584493,level,train,479905,5bc3803,3.404552382872119e-05,9.214617530569538e-05,6.839754667016678,15.0
gnn_corrbinary,post_covid,South Boston,100.0,100.0,100.0,0.7344222310671523,0.3932545451325002,0.7360935907114308,12.18398955821991,6.971697174012661,10.149924237553666,95.74438949916104,132.3059836295504,110.0123286719959,15.90420650314258,12.29148973397032,14.601107651309125,delta,train,4834,5bc3803,2.0007830431729163e-05,5.41523478893699e-05,4.0195957500254735,16.666666666666668
gnn_uniform,post_covid,South Boston,88.0,87.5,87.8048780487805,0.7406012284052773,0.3681769533567209,0.7388824657001335,12.838697872161866,7.069112926721573,10.5871525275998,95.90818130694966,134.4249798973634,110.93912709833064,16.478968724932738,12.774433454253902,15.14151831898248,delta,train,4834,5bc3803,2.063400057486323e-05,5.5847113523486776e-05,4.145388584001921,17.666666666666668
gnn_geo,post_covid,South Boston,92.0,87.5,90.2439024390244,0.7273393202946512,0.3819793852697917,0.7319490625646133,13.912844429016111,7.346123039722443,11.35022144782834,108.56750828133866,142.59295429691227,121.84573111668446,17.64187663278941,13.111555023676132,16.02703606059051,delta,train,4834,5bc3803,1.7533087841206954e-05,4.745431422920471e-05,3.5224183331010863,18.666666666666668
seasonal_naive,exclude_covid,South Boston,92.0,100.0,95.1219512195122,0.0580505922678397,0.2359000001992572,0.2282901599598609,18.064,2.64375,12.046341463414633,147.16677792728404,56.03033406201583,111.6013364188867,28.340656308561385,3.3560579553994594,22.229419092066525,level,none,0,5bc3803,1.2822205117475118e-07,3.470403823141371e-07,0.02579366695135832,13.333333333333334
seasonal_naive,post_covid,South Boston,96.0,100.0,97.5609756097561,0.0580505922678397,0.2359000001992572,0.2282901599598609,18.064,2.64375,12.046341463414633,147.16677792728404,56.03033406201583,111.6013364188867,28.340656308561385,3.3560579553994594,22.229419092066525,level,none,0,5bc3803,1.0606019472009693e-07,2.8705803866614595e-07,0.02134179195854813,13.333333333333334
lstm,post_covid,South End,96.15384615384616,100.0,97.91666666666666,0.8332008729659192,0.5685817622357012,0.8591149040713325,12.886162882584795,6.72525714527477,10.062414419651033,59.12513128240974,96.3392951613312,76.18162306024874,21.272234213555624,8.023299120945877,16.571448772787193,level,train,22300,5bc3803,2.1653940673612073e-06,5.860764027036366e-06,0.43506395805161446,1.3333333333333333
lstm,exclude_covid,South End,88.46153846153845,100.0,93.75,0.8398510617306096,0.547660380088201,0.8658454968039813,13.151321000319264,4.997923348166728,9.414347076416016,49.94377035164309,66.63879788620257,57.59565797164951,21.840753533203944,6.020763555222862,16.58310664670398,level,train,22300,5bc3803,3.6014595815701175e-06,9.747558229072537e-06,0.7235642919549718,2.3333333333333335
arima,exclude_covid,South End,96.15384615384616,95.45454545454544,95.83333333333334,0.8401242970216438,0.333448331047512,0.8614186228787266,12.329635054761862,6.53749271744311,9.674903150157434,44.85245265141234,78.85111307912834,60.4351720141155,21.641229205436943,8.343538268697834,16.899478984871617,level,none,,5bc3803,0.001490005379470648,0.0040327855607057836,299.3411083329702,4.0
arima,post_covid,South End,96.15384615384616,100.0,97.91666666666666,0.8303424838030958,0.2766352091479088,0.8519558566918273,12.098353092557478,7.698342865247954,10.081681738373945,48.56487172214882,105.66604625913772,74.7362433849354,21.416604985237207,9.07233689845742,16.91658809055006,level,none,,5bc3803,0.0002556865749649534,0.0006920304730384992,51.36729262501467,5.0
persistence,exclude_covid,South End,92.3076923076923,95.45454545454544,93.75,0.8303424838030957,0.2766352091479088,0.8519558566918275,13.219230769230771,6.818181818181818,10.285416666666668,41.31422432037593,76.59949366117611,57.486639434909335,22.440459682663164,8.621379345451738,17.516747938282762,level,none,0,5bc3803,1.286735082694529e-07,3.482622769984624e-07,0.02589108399115503,5.666666666666667
persistence,post_covid,South End,92.3076923076923,95.45454545454544,93.75,0.8303424838030957,0.2766352091479088,0.8519558566918275,13.219230769230771,6.818181818181818,10.285416666666668,41.31422432037593,76.59949366117611,57.486639434909335,22.440459682663164,8.621379345451738,17.516747938282762,level,none,0,5bc3803,1.0930826783819627e-07,2.958491360348287e-07,0.02199162496253848,5.666666666666667
dualtopo_fullhistory,full,South End,88.46153846153845,100.0,93.87755102040816,0.8057389405374514,0.4712988314623287,0.8266569349374059,14.733128951146051,6.965479270271633,11.087089305021324,55.20197276125334,103.20662822951402,77.73477022594713,23.53347560279524,8.122439429439531,18.02313639786392,level,train,479905,5bc3803,0.0003761414580371674,0.0010180485665723,75.56665566598531,6.666666666666667
gnn_multiedge_covid_rsv,post_covid,South End,96.15384615384616,90.9090909090909,93.75,0.8203347894055538,0.411029360450555,0.8330564806988986,15.933736471029428,9.991412899710916,13.210171500841776,66.18883526595968,118.39960663742364,90.1187721445473,22.530111304385535,13.520227042441164,18.94029966336632,delta,train,6370,5bc3803,2.089974154706508e-05,5.656635680297364e-05,4.198774707969278,8.333333333333334
gnn_multiedge_leaknorm,post_covid,South End,96.15384615384616,86.36363636363636,91.66666666666666,0.8376895414322887,0.4559148152588319,0.8412865791531234,17.110800156226524,10.843225154009732,14.238161613543827,64.09052776313834,111.46317489191205,85.80299103049298,24.21266605144281,16.260721387231328,20.946174298174128,delta,all,4834,5bc3803,1.769154712003047e-05,4.788319341340361e-05,3.5542516669956967,10.0
gnn_multiedge_covid_rsv_full,full,South End,80.76923076923077,81.81818181818183,81.25,0.832322854344865,0.441906580357803,0.8486083493771819,20.561778912177452,9.789888587864963,15.624662513534227,72.20915915934427,104.18788733825096,86.86607624134317,26.96539471543086,14.427437485173575,22.11935722237174,delta,train,6370,5bc3803,4.170956533715911e-05,0.0001128893460067694,8.379447750048712,10.666666666666666
gnn_multiedge_full,full,South End,88.46153846153845,77.27272727272727,83.33333333333334,0.8428167887112898,0.474945345327619,0.8387111623200889,18.072860928682186,11.605428478934549,15.108621055881182,60.0093805444409,112.69851047512742,84.15856509600556,25.271107770977252,18.263620251868833,22.333955478327272,delta,train,4834,5bc3803,4.0714073532863064e-05,0.00011019498997995269,8.17945520801004,11.333333333333334
gnn_multiedge_rt,post_covid,South End,84.61538461538461,86.36363636363636,85.41666666666666,0.8156936401076419,0.4721215851285348,0.8198528499162839,21.02573037147522,12.235662525350396,16.996949275334675,80.25733816726,121.55182665287693,99.18397872316774,28.157774623490937,19.172191533223216,24.452748433430735,delta,train,5346,5bc3803,1.76025503802076e-05,4.764231860029718e-05,3.5363711660029367,12.666666666666666
gnn_multiedge,post_covid,South End,80.76923076923077,81.81818181818183,81.25,0.8291515285434649,0.483231085081675,0.8213165780659346,22.793713624660786,13.750370870937,18.648848195870716,83.01692963733664,130.89765444863426,104.96226184251472,29.33912060034772,22.272301772209385,26.336604483572145,delta,train,4834,5bc3803,1.7659723678023636e-05,4.779706143080451e-05,3.5478571250569075,13.666666666666666
dualtopo,post_covid,South End,80.76923076923077,100.0,89.79591836734694,0.2644603138364776,0.5605771855584584,0.4425771676345887,25.967113128075233,22.0077427573826,24.108633158158284,133.12830539452398,320.57173866056183,221.1119577438887,38.796770067221594,22.821342488166135,32.29760780836356,level,train,479905,5bc3803,5.635643795263239e-05,0.0001525319521389449,11.322005417081527,15.666666666666666
dualtopo_no_bg,post_covid,South End,80.76923076923077,100.0,89.79591836734694,0.2360198284631331,0.5323816885561,0.3929984713100485,25.97371402153602,22.342447778452996,24.269242111517457,132.93890085344538,325.84220025014156,223.48534750903735,38.788501189640215,23.172757166054105,32.40959386668685,level,train,479905,5bc3803,3.404552382872119e-05,9.214617530569538e-05,6.839754667016678,16.0
gnn_corrbinary,post_covid,South End,76.92307692307693,77.27272727272727,77.08333333333334,0.7543512732769886,0.5023774406347583,0.7483951046473337,26.920004697946403,16.40763474594463,22.101835136612255,97.2392865504798,145.99570011198185,119.58597609950156,36.27394668209335,28.668880512400783,33.00652808588086,delta,train,4834,5bc3803,2.0007830431729163e-05,5.41523478893699e-05,4.0195957500254735,16.0
gnn_uniform,post_covid,South End,69.23076923076923,81.81818181818183,75.0,0.7570006964103946,0.4973391318637273,0.7516531139447369,29.079755801420944,16.641082232648674,23.37869708240032,99.08889550246934,147.12455610393334,121.105239944807,37.96966133077988,29.447669901272885,34.327379287058186,delta,train,4834,5bc3803,2.063400057486323e-05,5.5847113523486776e-05,4.145388584001921,17.0
gnn_geo,post_covid,South End,73.07692307692307,81.81818181818183,77.08333333333334,0.7502129691271539,0.4933307586571456,0.7460657449579439,30.447851474468525,17.629168662157927,24.5726218521595,103.53516647785524,164.92441359899126,131.67190474170926,40.17891463287858,30.90212964690715,36.223176937014784,delta,train,4834,5bc3803,1.7533087841206954e-05,4.745431422920471e-05,3.5224183331010863,18.666666666666668
seasonal_naive,exclude_covid,South End,92.3076923076923,100.0,95.83333333333334,0.0825917923049159,0.2655460933425123,0.344011964088837,39.95,6.49090909090909,24.614583333333332,182.7412819742256,82.1132993983863,136.6201232936326,55.55261885400598,8.02422468642185,41.2449416090426,level,none,0,5bc3803,1.2822205117475118e-07,3.470403823141371e-07,0.02579366695135832,13.666666666666666
seasonal_naive,post_covid,South End,96.15384615384616,100.0,97.91666666666666,0.0825917923049159,0.2655460933425123,0.344011964088837,39.95,6.49090909090909,24.614583333333332,182.7412819742256,82.1132993983863,136.6201232936326,55.55261885400598,8.02422468642185,41.2449416090426,level,none,0,5bc3803,1.0606019472009693e-07,2.8705803866614595e-07,0.02134179195854813,13.666666666666666
lstm,exclude_covid,West Roxbury,92.0,100.0,95.0,0.8089510203667021,0.2059620851074287,0.8250995649935338,8.693304664611818,3.5457250467936197,6.762962307929993,48.81743797424655,55.53311434838725,51.33581661454931,14.509387541796308,3.841164721243832,11.709372706497527,level,train,22300,5bc3803,3.6014595815701175e-06,9.747558229072537e-06,0.7235642919549718,1.3333333333333333
lstm,post_covid,West Roxbury,84.0,100.0,90.0,0.7733877419345561,0.2773653561458851,0.787449719820547,9.893124202728272,3.5060172589619953,7.497959098815917,53.5089074651983,59.792372941150184,55.86520701868025,16.141205030049527,4.0288326773898016,12.99705244150425,level,train,22300,5bc3803,2.1653940673612073e-06,5.860764027036366e-06,0.43506395805161446,2.3333333333333335
gnn_multiedge_covid_rsv_full,full,West Roxbury,92.0,100.0,95.0,0.7573898496522754,0.1618861687204683,0.7718928041845678,11.554087944030762,5.298539733886718,9.208257365226746,87.09550542722413,92.75785945580374,89.2188881879415,16.794549524069847,7.18998200076229,13.988262901876125,delta,train,6370,5bc3803,4.170956533715911e-05,0.0001128893460067694,8.379447750048712,6.0
gnn_multiedge_covid_rsv,post_covid,West Roxbury,88.0,100.0,92.5,0.7112577126495129,0.0835438047866477,0.7304762956794943,11.177677402496338,5.179794979095459,8.928471493721009,90.47422453094748,98.09710464225851,93.33280457268911,16.9095355162342,6.995489320218958,14.037773013203616,delta,train,6370,5bc3803,2.089974154706508e-05,5.656635680297364e-05,4.198774707969278,6.333333333333333
gnn_multiedge_leaknorm,post_covid,West Roxbury,88.0,100.0,92.5,0.7767145087061921,0.1402891302138676,0.7789554605135025,12.01021050453186,6.382523266474406,9.899827790260314,93.58417391630556,111.6317835684292,100.35202753585192,16.42194784153849,9.110002359277356,14.130544414092697,delta,all,4834,5bc3803,1.769154712003047e-05,4.788319341340361e-05,3.5542516669956967,7.333333333333333
dualtopo_fullhistory,full,West Roxbury,88.0,100.0,92.5,0.650647952721459,0.293590315744472,0.6829155994587406,9.730450801849363,3.4492544174194335,7.375002157688141,54.881530332399265,65.34804283277153,58.80647252003885,17.735223484464235,3.8409184478128897,14.216841789703626,level,train,479905,5bc3803,0.0003761414580371674,0.0010180485665723,75.56665566598531,5.333333333333333
arima,post_covid,West Roxbury,92.0,100.0,95.0,0.6475774945934083,-0.2056804303272683,0.6765867744356584,10.817201140894127,4.700901483005804,8.523588769186007,77.15205489009959,92.75814314928024,83.00433798729232,17.709850216414022,5.204477041567092,14.359029029097403,level,none,,5bc3803,0.0002556865749649534,0.0006920304730384992,51.36729262501467,7.0
arima,exclude_covid,West Roxbury,92.0,100.0,95.0,0.637644869402161,-0.2193766377118248,0.6674051945475212,10.717133175547296,4.795566233086569,8.496545572124521,78.24746562744136,103.25609794951396,87.62570274821856,17.666479897085885,5.527986244564107,14.370970981160983,level,none,,5bc3803,0.001490005379470648,0.0040327855607057836,299.3411083329702,8.0
persistence,exclude_covid,West Roxbury,88.0,100.0,92.5,0.6966317886203546,-0.068558130254752,0.7218204559136838,10.856000000000002,4.1466666666666665,8.34,73.66669073661045,60.60376242763718,68.76809262074548,17.75574273298642,5.429671567722428,14.4255675798216,level,none,0,5bc3803,1.286735082694529e-07,3.482622769984624e-07,0.02589108399115503,8.666666666666666
persistence,post_covid,West Roxbury,88.0,100.0,92.5,0.6966317886203546,-0.068558130254752,0.7218204559136838,10.856000000000002,4.1466666666666665,8.34,73.66669073661045,60.60376242763718,68.76809262074548,17.75574273298642,5.429671567722428,14.4255675798216,level,none,0,5bc3803,1.0930826783819627e-07,2.958491360348287e-07,0.02199162496253848,8.666666666666666
gnn_multiedge_full,full,West Roxbury,88.0,93.33333333333331,90.0,0.7697494899756857,0.1476324585669922,0.7694621146614552,12.359427223205566,6.795080868403117,10.272797340154648,85.88423022425943,116.32684870244384,97.30021215357858,17.146268628740984,9.815160515900295,14.828118421193064,delta,train,4834,5bc3803,4.0714073532863064e-05,0.00011019498997995269,8.17945520801004,10.666666666666666
gnn_multiedge_rt,post_covid,West Roxbury,92.0,100.0,95.0,0.7711137759947252,0.1817060002238432,0.7723420137754413,13.581722927093503,7.21937468846639,11.195842337608337,101.63218242170451,122.46994713477191,109.4463441891048,17.824793853741188,10.239726600017448,15.42389535011812,delta,train,5346,5bc3803,1.76025503802076e-05,4.764231860029718e-05,3.5363711660029367,13.333333333333334
gnn_multiedge,post_covid,West Roxbury,92.0,93.33333333333331,92.5,0.7605643305709866,0.1844328673782214,0.7569156848917529,13.805274467468262,8.026145553588867,11.63810112476349,109.87009617113306,134.45593614440355,119.0897861611095,18.766188989009795,11.84676677635875,16.5147165242719,delta,train,4834,5bc3803,1.7659723678023636e-05,4.779706143080451e-05,3.5478571250569075,14.333333333333334
gnn_uniform,post_covid,West Roxbury,84.0,86.66666666666667,85.0,0.7502622792985975,0.2018072235477966,0.7281307182988144,15.39675973892212,10.261230262120565,13.470936185121536,117.73556267844052,165.6573716621637,135.7062410473367,20.119826730864457,15.806210698244415,18.61970068338885,delta,train,4834,5bc3803,2.063400057486323e-05,5.5847113523486776e-05,4.145388584001921,15.333333333333334
gnn_geo,post_covid,West Roxbury,92.0,86.66666666666667,90.0,0.746239353707743,0.2060688790832946,0.7197974833901496,14.752935161590576,10.829510275522868,13.281650829315186,119.4725600093139,176.49768004014132,140.85698002087418,20.21452922043001,16.59548292103756,18.93860514321686,delta,train,4834,5bc3803,1.7533087841206954e-05,4.745431422920471e-05,3.5224183331010863,16.666666666666668
dualtopo,post_covid,West Roxbury,88.0,100.0,92.5,0.1922398495045618,0.1773981977450962,0.2888970205105248,12.878223304748536,7.505052057902018,10.863284087181093,78.67409085852249,165.80045666325384,111.34647803529673,23.399875523714687,8.381648407528196,19.198069443009658,level,train,479905,5bc3803,5.635643795263239e-05,0.0001525319521389449,11.322005417081527,15.333333333333334
dualtopo_no_bg,post_covid,West Roxbury,88.0,100.0,92.5,0.1966629629010591,0.1744573711136738,0.2835145482381279,12.918350143432615,7.72296257019043,10.970079803466795,79.48497640070791,169.83335809251548,113.36561953513576,23.374525665919517,8.58221386807225,19.211993113565956,level,train,479905,5bc3803,3.404552382872119e-05,9.214617530569538e-05,6.839754667016678,15.666666666666666
gnn_corrbinary,post_covid,West Roxbury,96.0,93.33333333333331,95.0,0.7487811578960717,0.2134410307213482,0.7271533258705623,16.027865362167358,10.58934661547343,13.988420832157136,121.612834104866,170.35123639617694,139.88973496410762,20.927998637782245,16.333206101578984,19.33334716100994,delta,train,4834,5bc3803,2.0007830431729163e-05,5.41523478893699e-05,4.0195957500254735,17.666666666666668
seasonal_naive,exclude_covid,West Roxbury,92.0,100.0,95.0,0.1158358097306122,0.1821556403018292,0.253221790574122,20.532000000000004,3.66,14.204999999999998,143.49957615861115,57.30835941794844,111.17786988086264,29.094377463695626,4.909514572066502,23.196777793478127,level,none,0,5bc3803,1.2822205117475118e-07,3.470403823141371e-07,0.02579366695135832,14.0
seasonal_naive,post_covid,West Roxbury,96.0,100.0,97.5,0.1158358097306122,0.1821556403018292,0.253221790574122,20.532000000000004,3.66,14.204999999999998,143.49957615861115,57.30835941794844,111.17786988086264,29.094377463695626,4.909514572066502,23.196777793478127,level,none,0,5bc3803,1.0606019472009693e-07,2.8705803866614595e-07,0.02134179195854813,14.0
