model,variant,series,horizon,scope,indicator,segment,level,label,threshold,n_obs,n_events,base_rate,hits,false_alarms,misses,correct_neg,POD,FAR,precision,FPR,CSI,F1,PSS,HSS,MCC,accuracy,frequency_bias,brier,brier_ref,BSS,exact_band,within_one_band,kappa_quadratic,mean_band_error,underpowered
arima,post_covid,arima,4,citywide,CITYWIDE,overall,,bands,,53,,,,,,,,,,,,,,,,,,,,,0.8490566037735849,1.0,0.0,-0.1509433962264151,False
arima,post_covid,arima,4,citywide,CITYWIDE,overall,0.5,IT50,35.19412725226089,53,8.0,0.1509433962264151,0.0,0.0,8.0,45.0,0.0,,,0.0,0.0,0.0,0.0,0.0,,0.8490566037735849,0.0,0.11203171419582021,0.12815948736205057,0.12584143006650295,,,,,False
arima,post_covid,arima,4,citywide,CITYWIDE,overall,0.9,IT90,56.071415152332634,53,0.0,0.0,0.0,0.0,0.0,53.0,,,,0.0,,,,,,1.0,,0.0006510650817484415,0.0,,,,,,True
arima,post_covid,arima,4,citywide,CITYWIDE,overall,0.98,IT98,75.53173152268305,53,0.0,0.0,0.0,0.0,0.0,53.0,,,,0.0,,,,,,1.0,,2.8855719355467935e-06,0.0,,,,,,True
arima,post_covid,arima,4,citywide,CITYWIDE,flu_season,,bands,,26,,,,,,,,,,,,,,,,,,,,,0.6923076923076923,1.0,0.0,-0.3076923076923077,False
arima,post_covid,arima,4,citywide,CITYWIDE,flu_season,0.5,IT50,35.19412725226089,26,8.0,0.3076923076923077,0.0,0.0,8.0,18.0,0.0,,,0.0,0.0,0.0,0.0,0.0,,0.6923076923076923,0.0,0.2222661720167879,0.2130177514792899,-0.04341619641214334,,,,,False
arima,post_covid,arima,4,citywide,CITYWIDE,flu_season,0.9,IT90,56.071415152332634,26,0.0,0.0,0.0,0.0,0.0,26.0,,,,0.0,,,,,,1.0,,0.0013199442672562841,0.0,,,,,,True
arima,post_covid,arima,4,citywide,CITYWIDE,flu_season,0.98,IT98,75.53173152268305,26,0.0,0.0,0.0,0.0,0.0,26.0,,,,0.0,,,,,,1.0,,5.881340578599583e-06,0.0,,,,,,True
arima,post_covid,arima,4,pooled,ALL,overall,,bands,,901,,,,,,,,,,,,,,,,,,,,,0.8612652608213096,0.9822419533851277,0.06126073601416537,-0.12763596004439512,False
arima,post_covid,arima,4,pooled,ALL,overall,0.5,IT50,,901,118.0,0.1309655937846837,9.0,15.0,109.0,768.0,0.07627118644067797,0.625,0.375,0.019157088122605363,0.06766917293233082,0.1267605633802817,0.05711409831807261,0.08631151965194066,0.11966297392750483,0.8623751387347391,0.2033898305084746,0.11053649841440445,0.11381360702930893,0.028793645157565106,,,,,False
arima,post_covid,arima,4,pooled,ALL,overall,0.9,IT90,,901,17.0,0.018867924528301886,0.0,0.0,17.0,884.0,0.0,,,0.0,0.0,0.0,0.0,0.0,,0.9811320754716981,0.0,0.01919075063658688,0.01851192595229619,-0.0366695872725491,,,,,False
arima,post_covid,arima,4,pooled,ALL,overall,0.98,IT98,,901,4.0,0.004439511653718091,0.0,0.0,4.0,897.0,0.0,,,0.0,0.0,0.0,0.0,0.0,,0.9955604883462819,0.0,0.004748918451452586,0.004419802389994593,-0.07446397653502235,,,,,True
arima,post_covid,arima,4,pooled,ALL,flu_season,,bands,,442,,,,,,,,,,,,,,,,,,,,,0.7285067873303167,0.9638009049773756,0.030679140517462677,-0.25339366515837103,False
arima,post_covid,arima,4,pooled,ALL,flu_season,0.5,IT50,,442,114.0,0.2579185520361991,9.0,14.0,105.0,314.0,0.07894736842105263,0.6086956521739131,0.391304347826087,0.042682926829268296,0.0703125,0.13138686131386862,0.03626444159178433,0.049032724642921716,0.07143308598556515,0.7307692307692307,0.20175438596491227,0.2016942723342351,0.19139657255174955,-0.0538029476975157,,,,,False
arima,post_covid,arima,4,pooled,ALL,flu_season,0.9,IT90,,442,17.0,0.038461538461538464,0.0,0.0,17.0,425.0,0.0,,,0.0,0.0,0.0,0.0,0.0,,0.9615384615384616,0.0,0.038419147083070364,0.03698224852071006,-0.03885373712622253,,,,,False
arima,post_covid,arima,4,pooled,ALL,flu_season,0.98,IT98,,442,4.0,0.00904977375565611,0.0,0.0,4.0,438.0,0.0,,,0.0,0.0,0.0,0.0,0.0,,0.9909502262443439,0.0,0.00964842104503352,0.008967875350627548,-0.07588705995543843,,,,,True
arima,post_covid,arima,4,neighborhood,Agler/Cassidy,overall,,bands,,53,,,,,,,,,,,,,,,,,,,,,0.8867924528301887,1.0,0.20499999999999996,-0.07547169811320754,False
arima,post_covid,arima,4,neighborhood,Agler/Cassidy,overall,0.5,IT50,51.74083078339265,53,6.0,0.11320754716981132,1.0,1.0,5.0,46.0,0.16666666666666666,0.5,0.5,0.02127659574468085,0.14285714285714285,0.25,0.1453900709219858,0.205,0.24174595537305188,0.8867924528301887,0.3333333333333333,0.09459791648230936,0.10039159843360627,0.05771082482692558,,,,,False
arima,post_covid,arima,4,neighborhood,Agler/Cassidy,overall,0.9,IT90,88.48740693700204,53,0.0,0.0,0.0,0.0,0.0,53.0,,,,0.0,,,,,,1.0,,0.00041043015387799475,0.0,,,,,,True
arima,post_covid,arima,4,neighborhood,Agler/Cassidy,overall,0.98,IT98,124.72586226376617,53,0.0,0.0,0.0,0.0,0.0,53.0,,,,0.0,,,,,,1.0,,2.3437238940520093e-07,0.0,,,,,,True
arima,post_covid,arima,4,neighborhood,Agler/Cassidy,flu_season,,bands,,26,,,,,,,,,,,,,,,,,,,,,0.7692307692307693,1.0,0.15217391304347816,-0.15384615384615385,False
arima,post_covid,arima,4,neighborhood,Agler/Cassidy,flu_season,0.5,IT50,51.74083078339265,26,6.0,0.23076923076923078,1.0,1.0,5.0,19.0,0.16666666666666666,0.5,0.5,0.05,0.14285714285714285,0.25,0.11666666666666665,0.15217391304347827,0.18446619684315546,0.7692307692307693,0.3333333333333333,0.18562669298810117,0.17751479289940827,-0.045697037166303245,,,,,False
arima,post_covid,arima,4,neighborhood,Agler/Cassidy,flu_season,0.9,IT90,88.48740693700204,26,0.0,0.0,0.0,0.0,0.0,26.0,,,,0.0,,,,,,1.0,,0.0008354150550783839,0.0,,,,,,True
arima,post_covid,arima,4,neighborhood,Agler/Cassidy,flu_season,0.98,IT98,124.72586226376617,26,0.0,0.0,0.0,0.0,0.0,26.0,,,,0.0,,,,,,1.0,,4.777583777306096e-07,0.0,,,,,,True
arima,post_covid,arima,4,neighborhood,Bexley,overall,,bands,,53,,,,,,,,,,,,,,,,,,,,,0.8301886792452831,0.9622641509433962,-0.021194605009633882,-0.18867924528301888,False
arima,post_covid,arima,4,neighborhood,Bexley,overall,0.5,IT50,24.605454693531783,53,8.0,0.1509433962264151,0.0,1.0,8.0,44.0,0.0,1.0,0.0,0.022222222222222223,0.0,0.0,-0.022222222222222223,-0.03470715835140998,-0.05847053462046861,0.8301886792452831,0.125,0.11770875979396589,0.12815948736205057,0.08154470482986076,,,,,False
arima,post_covid,arima,4,neighborhood,Bexley,overall,0.9,IT90,37.5430295506582,53,2.0,0.03773584905660377,0.0,0.0,2.0,51.0,0.0,,,0.0,0.0,0.0,0.0,0.0,,0.9622641509433962,0.0,0.03706992698751853,0.03631185475258099,-0.020876714783720995,,,,,True
arima,post_covid,arima,4,neighborhood,Bexley,overall,0.98,IT98,49.19357270883574,53,1.0,0.018867924528301886,0.0,0.0,1.0,52.0,0.0,,,0.0,0.0,0.0,0.0,0.0,,0.9811320754716981,0.0,0.01872956027041967,0.018511925952296185,-0.011756438454016749,,,,,True
arima,post_covid,arima,4,neighborhood,Bexley,flu_season,,bands,,26,,,,,,,,,,,,,,,,,,,,,0.6923076923076923,0.9230769230769231,-0.04219409282700437,-0.34615384615384615,False
arima,post_covid,arima,4,neighborhood,Bexley,flu_season,0.5,IT50,24.605454693531783,26,7.0,0.2692307692307692,0.0,1.0,7.0,18.0,0.0,1.0,0.0,0.05263157894736842,0.0,0.0,-0.05263157894736842,-0.07216494845360824,-0.12139539573337679,0.6923076923076923,0.14285714285714285,0.20121538659925678,0.19674556213017758,-0.022718807075921443,,,,,False
arima,post_covid,arima,4,neighborhood,Bexley,flu_season,0.9,IT90,37.5430295506582,26,2.0,0.07692307692307693,0.0,0.0,2.0,24.0,0.0,,,0.0,0.0,0.0,0.0,0.0,,0.9230769230769231,0.0,0.07554372253726499,0.07100591715976333,-0.06390742573314845,,,,,True
arima,post_covid,arima,4,neighborhood,Bexley,flu_season,0.98,IT98,49.19357270883574,26,1.0,0.038461538461538464,0.0,0.0,1.0,25.0,0.0,,,0.0,0.0,0.0,0.0,0.0,,0.9615384615384616,0.0,0.038179469654427506,0.036982248520710054,-0.03237285945571999,,,,,True
arima,post_covid,arima,4,neighborhood,Clintonville/Near North,overall,,bands,,53,,,,,,,,,,,,,,,,,,,,,0.8113207547169812,0.9245283018867925,0.049169435215946855,-0.2830188679245283,False
arima,post_covid,arima,4,neighborhood,Clintonville/Near North,overall,0.5,IT50,15.728895715230147,53,11.0,0.20754716981132076,1.0,0.0,10.0,42.0,0.09090909090909091,0.0,1.0,0.0,0.09090909090909091,0.16666666666666666,0.09090909090909091,0.13680781758957655,0.2709733813985673,0.8113207547169812,0.09090909090909091,0.1276930162900458,0.1644713421146316,0.22361540528411572,,,,,False
arima,post_covid,arima,4,neighborhood,Clintonville/Near North,overall,0.9,IT90,22.099499115677975,53,4.0,0.07547169811320754,0.0,0.0,4.0,49.0,0.0,,,0.0,0.0,0.0,0.0,0.0,,0.9245283018867925,0.0,0.06669453841596795,0.06977572089711641,0.044158375456867405,,,,,True
arima,post_covid,arima,4,neighborhood,Clintonville/Near North,overall,0.98,IT98,27.469599865392972,53,1.0,0.018867924528301886,0.0,0.0,1.0,52.0,0.0,,,0.0,0.0,0.0,0.0,0.0,,0.9811320754716981,0.0,0.020770855884426943,0.018511925952296185,-0.12202565729529424,,,,,True
arima,post_covid,arima,4,neighborhood,Clintonville/Near North,flu_season,,bands,,26,,,,,,,,,,,,,,,,,,,,,0.6153846153846154,0.8461538461538461,0.027700831024930928,-0.5769230769230769,False
arima,post_covid,arima,4,neighborhood,Clintonville/Near North,flu_season,0.5,IT50,15.728895715230147,26,11.0,0.4230769230769231,1.0,0.0,10.0,15.0,0.09090909090909091,0.0,1.0,0.0,0.09090909090909091,0.16666666666666666,0.09090909090909091,0.10344827586206896,0.23354968324845687,0.6153846153846154,0.09090909090909091,0.2312547235793514,0.24408284023668633,0.0525564052142935,,,,,False
arima,post_covid,arima,4,neighborhood,Clintonville/Near North,flu_season,0.9,IT90,22.099499115677975,26,4.0,0.15384615384615385,0.0,0.0,4.0,22.0,0.0,,,0.0,0.0,0.0,0.0,0.0,,0.8461538461538461,0.0,0.1331328807392721,0.13017751479289943,-0.02270258386077173,,,,,True
arima,post_covid,arima,4,neighborhood,Clintonville/Near North,flu_season,0.98,IT98,27.469599865392972,26,1.0,0.038461538461538464,0.0,0.0,1.0,25.0,0.0,,,0.0,0.0,0.0,0.0,0.0,,0.9615384615384616,0.0,0.042082176485395556,0.036982248520710054,-0.137902052165096,,,,,True
arima,post_covid,arima,4,neighborhood,Dublin,overall,,bands,,53,,,,,,,,,,,,,,,,,,,,,0.8113207547169812,0.9811320754716981,-0.029895366218235964,-0.16981132075471697,False
arima,post_covid,arima,4,neighborhood,Dublin,overall,0.5,IT50,8.038849454818003,53,9.0,0.16981132075471697,0.0,1.0,9.0,43.0,0.0,1.0,0.0,0.022727272727272728,0.0,0.0,-0.022727272727272728,-0.03515625,-0.0627181507505318,0.8113207547169812,0.1111111111111111,0.14124759632298275,0.14097543609825564,-0.0019305506849962573,,,,,False
arima,post_covid,arima,4,neighborhood,Dublin,overall,0.9,IT90,14.1626396504559,53,1.0,0.018867924528301886,0.0,0.0,1.0,52.0,0.0,,,0.0,0.0,0.0,0.0,0.0,,0.9811320754716981,0.0,0.025006575634565938,0.018511925952296185,-0.35083597995184124,,,,,True
arima,post_covid,arima,4,neighborhood,Dublin,overall,0.98,IT98,20.345693253667104,53,0.0,0.0,0.0,0.0,0.0,53.0,,,,0.0,,,,,,1.0,,0.0006575493266650985,0.0,,,,,,True
arima,post_covid,arima,4,neighborhood,Dublin,flu_season,,bands,,26,,,,,,,,,,,,,,,,,,,,,0.6538461538461539,0.9615384615384616,-0.061224489795918435,-0.3076923076923077,False
arima,post_covid,arima,4,neighborhood,Dublin,flu_season,0.5,IT50,8.038849454818003,26,8.0,0.3076923076923077,0.0,1.0,8.0,17.0,0.0,1.0,0.0,0.05555555555555555,0.0,0.0,-0.05555555555555555,-0.07339449541284404,-0.13333333333333333,0.6538461538461539,0.125,0.21910118228849404,0.21301775147928986,-0.028558327965430674,,,,,False
arima,post_covid,arima,4,neighborhood,Dublin,flu_season,0.9,IT90,14.1626396504559,26,1.0,0.038461538461538464,0.0,0.0,1.0,25.0,0.0,,,0.0,0.0,0.0,0.0,0.0,,0.9615384615384616,0.0,0.04807078759413048,0.036982248520710054,-0.29983409654528836,,,,,True
arima,post_covid,arima,4,neighborhood,Dublin,flu_season,0.98,IT98,20.345693253667104,26,0.0,0.0,0.0,0.0,0.0,26.0,,,,0.0,,,,,,1.0,,0.0012227124635605243,0.0,,,,,,True
arima,post_covid,arima,4,neighborhood,Eastside,overall,,bands,,53,,,,,,,,,,,,,,,,,,,,,0.9056603773584906,0.9811320754716981,0.17829457364341106,-0.11320754716981132,False
arima,post_covid,arima,4,neighborhood,Eastside,overall,0.5,IT50,53.89825474693718,53,6.0,0.11320754716981132,1.0,0.0,5.0,47.0,0.16666666666666666,0.0,1.0,0.0,0.16666666666666666,0.2857142857142857,0.16666666666666666,0.2618384401114206,0.3881250129030924,0.9056603773584906,0.16666666666666666,0.09648222639945961,0.10039159843360627,0.03894122710609216,,,,,False
arima,post_covid,arima,4,neighborhood,Eastside,overall,0.9,IT90,89.53274062296502,53,1.0,0.018867924528301886,0.0,0.0,1.0,52.0,0.0,,,0.0,0.0,0.0,0.0,0.0,,0.9811320754716981,0.0,0.01895445465740624,0.018511925952296185,-0.02390506024334882,,,,,True
arima,post_covid,arima,4,neighborhood,Eastside,overall,0.98,IT98,123.87134674281285,53,0.0,0.0,0.0,0.0,0.0,53.0,,,,0.0,,,,,,1.0,,1.6815135602735316e-08,0.0,,,,,,True
arima,post_covid,arima,4,neighborhood,Eastside,flu_season,,bands,,26,,,,,,,,,,,,,,,,,,,,,0.8076923076923077,0.9615384615384616,0.154471544715447,-0.23076923076923078,False
arima,post_covid,arima,4,neighborhood,Eastside,flu_season,0.5,IT50,53.89825474693718,26,6.0,0.23076923076923078,1.0,0.0,5.0,20.0,0.16666666666666666,0.0,1.0,0.0,0.16666666666666666,0.2857142857142857,0.16666666666666666,0.23529411764705882,0.3651483716701107,0.8076923076923077,0.16666666666666666,0.19548912461056644,0.17751479289940827,-0.10125540197285776,,,,,False
arima,post_covid,arima,4,neighborhood,Eastside,flu_season,0.9,IT90,89.53274062296502,26,1.0,0.038461538461538464,0.0,0.0,1.0,25.0,0.0,,,0.0,0.0,0.0,0.0,0.0,,0.9615384615384616,0.0,0.03863792049011902,0.036982248520710054,-0.04476937005281845,,,,,True
arima,post_covid,arima,4,neighborhood,Eastside,flu_season,0.98,IT98,123.87134674281285,26,0.0,0.0,0.0,0.0,0.0,26.0,,,,0.0,,,,,,1.0,,3.4277007153429214e-08,0.0,,,,,,True
arima,post_covid,arima,4,neighborhood,Far East,overall,,bands,,53,,,,,,,,,,,,,,,,,,,,,0.8490566037735849,0.9811320754716981,-0.06581352833638032,-0.05660377358490566,False
arima,post_covid,arima,4,neighborhood,Far East,overall,0.5,IT50,76.01095931639992,53,5.0,0.09433962264150944,0.0,3.0,5.0,45.0,0.0,1.0,0.0,0.0625,0.0,0.0,-0.0625,-0.07614213197969544,-0.07905694150420949,0.8490566037735849,0.6,0.09775379947344032,0.08543965824136704,-0.1441267613370576,,,,,False
arima,post_covid,arima,4,neighborhood,Far East,overall,0.9,IT90,119.58175049878095,53,1.0,0.018867924528301886,0.0,0.0,1.0,52.0,0.0,,,0.0,0.0,0.0,0.0,0.0,,0.9811320754716981,0.0,0.01981367809570567,0.018511925952296185,-0.07031964943917779,,,,,True
arima,post_covid,arima,4,neighborhood,Far East,overall,0.98,IT98,159.7885780471188,53,0.0,0.0,0.0,0.0,0.0,53.0,,,,0.0,,,,,,1.0,,2.5018352317652933e-06,0.0,,,,,,True
arima,post_covid,arima,4,neighborhood,Far East,flu_season,,bands,,26,,,,,,,,,,,,,,,,,,,,,0.6923076923076923,0.9615384615384616,-0.14400000000000013,-0.11538461538461539,False
arima,post_covid,arima,4,neighborhood,Far East,flu_season,0.5,IT50,76.01095931639992,26,5.0,0.19230769230769232,0.0,3.0,5.0,18.0,0.0,1.0,0.0,0.14285714285714285,0.0,0.0,-0.14285714285714285,-0.16853932584269662,-0.17622684421256035,0.6923076923076923,0.6,0.19827072044475832,0.15532544378698226,-0.2764857811491106,,,,,False
arima,post_covid,arima,4,neighborhood,Far East,flu_season,0.9,IT90,119.58175049878095,26,1.0,0.038461538461538464,0.0,0.0,1.0,25.0,0.0,,,0.0,0.0,0.0,0.0,0.0,,0.9615384615384616,0.0,0.04038940165748693,0.036982248520710054,-0.09212942081844688,,,,,True
arima,post_covid,arima,4,neighborhood,Far East,flu_season,0.98,IT98,159.7885780471188,26,0.0,0.0,0.0,0.0,0.0,26.0,,,,0.0,,,,,,1.0,,5.099894894205519e-06,0.0,,,,,,True
arima,post_covid,arima,4,neighborhood,Far South,overall,,bands,,53,,,,,,,,,,,,,,,,,,,,,0.8867924528301887,1.0,0.224390243902439,-0.11320754716981132,False
arima,post_covid,arima,4,neighborhood,Far South,overall,0.5,IT50,69.7066330370401,53,7.0,0.1320754716981132,1.0,0.0,6.0,46.0,0.14285714285714285,0.0,1.0,0.0,0.14285714285714285,0.25,0.14285714285714285,0.22439024390243903,0.35549068394773214,0.8867924528301887,0.14285714285714285,0.10637172754735923,0.11463154147383411,0.07205533329027314,,,,,False
arima,post_covid,arima,4,neighborhood,Far South,overall,0.9,IT90,121.95949130896,53,0.0,0.0,0.0,0.0,0.0,53.0,,,,0.0,,,,,,1.0,,1.4913285301249889e-05,0.0,,,,,,True
arima,post_covid,arima,4,neighborhood,Far South,overall,0.98,IT98,174.42921640712913,53,0.0,0.0,0.0,0.0,0.0,53.0,,,,0.0,,,,,,1.0,,1.7208153428237586e-11,0.0,,,,,,True
arima,post_covid,arima,4,neighborhood,Far South,flu_season,,bands,,26,,,,,,,,,,,,,,,,,,,,,0.7692307692307693,1.0,0.1958762886597939,-0.23076923076923078,False
arima,post_covid,arima,4,neighborhood,Far South,flu_season,0.5,IT50,69.7066330370401,26,7.0,0.2692307692307692,1.0,0.0,6.0,19.0,0.14285714285714285,0.0,1.0,0.0,0.14285714285714285,0.25,0.14285714285714285,0.1958762886597938,0.3295017884191656,0.7692307692307693,0.14285714285714285,0.21360133045441632,0.19674556213017758,-0.08567292772319846,,,,,False
arima,post_covid,arima,4,neighborhood,Far South,flu_season,0.9,IT90,121.95949130896,26,0.0,0.0,0.0,0.0,0.0,26.0,,,,0.0,,,,,,1.0,,3.035439394519648e-05,0.0,,,,,,True
arima,post_covid,arima,4,neighborhood,Far South,flu_season,0.98,IT98,174.42921640712913,26,0.0,0.0,0.0,0.0,0.0,26.0,,,,0.0,,,,,,1.0,,3.5078127397640003e-11,0.0,,,,,,True
arima,post_covid,arima,4,neighborhood,Far Southeast,overall,,bands,,53,,,,,,,,,,,,,,,,,,,,,0.9056603773584906,1.0,0.0,-0.09433962264150944,False
arima,post_covid,arima,4,neighborhood,Far Southeast,overall,0.5,IT50,10.956265259525463,53,5.0,0.09433962264150944,0.0,0.0,5.0,48.0,0.0,,,0.0,0.0,0.0,0.0,0.0,,0.9056603773584906,0.0,0.10027064385152143,0.08543965824136704,-0.173584327412182,,,,,False
arima,post_covid,arima,4,neighborhood,Far Southeast,overall,0.9,IT90,18.40391015194404,53,0.0,0.0,0.0,0.0,0.0,53.0,,,,0.0,,,,,,1.0,,0.0024940001869387008,0.0,,,,,,True
arima,post_covid,arima,4,neighborhood,Far Southeast,overall,0.98,IT98,25.644566505740826,53,0.0,0.0,0.0,0.0,0.0,53.0,,,,0.0,,,,,,1.0,,5.7661777813535736e-05,0.0,,,,,,True
arima,post_covid,arima,4,neighborhood,Far Southeast,flu_season,,bands,,26,,,,,,,,,,,,,,,,,,,,,0.8076923076923077,1.0,0.0,-0.19230769230769232,False
arima,post_covid,arima,4,neighborhood,Far Southeast,flu_season,0.5,IT50,10.956265259525463,26,5.0,0.19230769230769232,0.0,0.0,5.0,21.0,0.0,,,0.0,0.0,0.0,0.0,0.0,,0.8076923076923077,0.0,0.16609643398091803,0.15532544378698226,-0.0693446606771484,,,,,False
arima,post_covid,arima,4,neighborhood,Far Southeast,flu_season,0.9,IT90,18.40391015194404,26,0.0,0.0,0.0,0.0,0.0,26.0,,,,0.0,,,,,,1.0,,0.004182221324341893,0.0,,,,,,True
arima,post_covid,arima,4,neighborhood,Far Southeast,flu_season,0.98,IT98,25.644566505740826,26,0.0,0.0,0.0,0.0,0.0,26.0,,,,0.0,,,,,,1.0,,0.00011157059887389713,0.0,,,,,,True
arima,post_covid,arima,4,neighborhood,Far Southwest,overall,,bands,,53,,,,,,,,,,,,,,,,,,,,,0.9056603773584906,1.0,0.0,-0.09433962264150944,False
arima,post_covid,arima,4,neighborhood,Far Southwest,overall,0.5,IT50,34.041053932580134,53,5.0,0.09433962264150944,0.0,0.0,5.0,48.0,0.0,,,0.0,0.0,0.0,0.0,0.0,,0.9056603773584906,0.0,0.08479438738896239,0.08543965824136704,0.007552357601686044,,,,,False
arima,post_covid,arima,4,neighborhood,Far Southwest,overall,0.9,IT90,54.68112356483704,53,0.0,0.0,0.0,0.0,0.0,53.0,,,,0.0,,,,,,1.0,,0.0008492326834994775,0.0,,,,,,True
arima,post_covid,arima,4,neighborhood,Far Southwest,overall,0.98,IT98,74.04650918881951,53,0.0,0.0,0.0,0.0,0.0,53.0,,,,0.0,,,,,,1.0,,5.85550323168189e-06,0.0,,,,,,True
arima,post_covid,arima,4,neighborhood,Far Southwest,flu_season,,bands,,26,,,,,,,,,,,,,,,,,,,,,0.8076923076923077,1.0,0.0,-0.19230769230769232,False
arima,post_covid,arima,4,neighborhood,Far Southwest,flu_season,0.5,IT50,34.041053932580134,26,5.0,0.19230769230769232,0.0,0.0,5.0,21.0,0.0,,,0.0,0.0,0.0,0.0,0.0,,0.8076923076923077,0.0,0.1665384994125917,0.15532544378698226,-0.07219072002773297,,,,,False
arima,post_covid,arima,4,neighborhood,Far Southwest,flu_season,0.9,IT90,54.68112356483704,26,0.0,0.0,0.0,0.0,0.0,26.0,,,,0.0,,,,,,1.0,,0.0017172710837405152,0.0,,,,,,True
arima,post_covid,arima,4,neighborhood,Far Southwest,flu_season,0.98,IT98,74.04650918881951,26,0.0,0.0,0.0,0.0,0.0,26.0,,,,0.0,,,,,,1.0,,1.1932937251655098e-05,0.0,,,,,,True
arima,post_covid,arima,4,neighborhood,Hilliard,overall,,bands,,53,,,,,,,,,,,,,,,,,,,,,0.8490566037735849,1.0,0.0,-0.1509433962264151,False
arima,post_covid,arima,4,neighborhood,Hilliard,overall,0.5,IT50,19.24134804712757,53,8.0,0.1509433962264151,0.0,0.0,8.0,45.0,0.0,,,0.0,0.0,0.0,0.0,0.0,,0.8490566037735849,0.0,0.12133985450652204,0.12815948736205057,0.05321207969772124,,,,,False
arima,post_covid,arima,4,neighborhood,Hilliard,overall,0.9,IT90,34.52709434950146,53,0.0,0.0,0.0,0.0,0.0,53.0,,,,0.0,,,,,,1.0,,0.00020013638481365483,0.0,,,,,,True
arima,post_covid,arima,4,neighborhood,Hilliard,overall,0.98,IT98,50.186768532537315,53,0.0,0.0,0.0,0.0,0.0,53.0,,,,0.0,,,,,,1.0,,1.4222091569025183e-07,0.0,,,,,,True
arima,post_covid,arima,4,neighborhood,Hilliard,flu_season,,bands,,26,,,,,,,,,,,,,,,,,,,,,0.6923076923076923,1.0,0.0,-0.3076923076923077,False
arima,post_covid,arima,4,neighborhood,Hilliard,flu_season,0.5,IT50,19.24134804712757,26,8.0,0.3076923076923077,0.0,0.0,8.0,18.0,0.0,,,0.0,0.0,0.0,0.0,0.0,,0.6923076923076923,0.0,0.23176506151999038,0.21301775147928986,-0.08800820546884403,,,,,False
arima,post_covid,arima,4,neighborhood,Hilliard,flu_season,0.9,IT90,34.52709434950146,26,0.0,0.0,0.0,0.0,0.0,26.0,,,,0.0,,,,,,1.0,,0.00039098862388401996,0.0,,,,,,True
arima,post_covid,arima,4,neighborhood,Hilliard,flu_season,0.98,IT98,50.186768532537315,26,0.0,0.0,0.0,0.0,0.0,26.0,,,,0.0,,,,,,1.0,,2.895146461731643e-07,0.0,,,,,,True
arima,post_covid,arima,4,neighborhood,Linden,overall,,bands,,53,,,,,,,,,,,,,,,,,,,,,0.8679245283018868,1.0,0.0,-0.1320754716981132,False
arima,post_covid,arima,4,neighborhood,Linden,overall,0.5,IT50,53.62727596624066,53,7.0,0.1320754716981132,0.0,0.0,7.0,46.0,0.0,,,0.0,0.0,0.0,0.0,0.0,,0.8679245283018868,0.0,0.11551200535308477,0.1146315414738341,-0.007680816884519048,,,,,False
arima,post_covid,arima,4,neighborhood,Linden,overall,0.9,IT90,82.61523156370409,53,0.0,0.0,0.0,0.0,0.0,53.0,,,,0.0,,,,,,1.0,,0.0001965246757687151,0.0,,,,,,True
arima,post_covid,arima,4,neighborhood,Linden,overall,0.98,IT98,108.92078323683364,53,0.0,0.0,0.0,0.0,0.0,53.0,,,,0.0,,,,,,1.0,,3.4944879402646154e-07,0.0,,,,,,True
arima,post_covid,arima,4,neighborhood,Linden,flu_season,,bands,,26,,,,,,,,,,,,,,,,,,,,,0.7307692307692307,1.0,0.0,-0.2692307692307692,False
arima,post_covid,arima,4,neighborhood,Linden,flu_season,0.5,IT50,53.62727596624066,26,7.0,0.2692307692307692,0.0,0.0,7.0,19.0,0.0,,,0.0,0.0,0.0,0.0,0.0,,0.7307692307692307,0.0,0.23207528503327587,0.19674556213017758,-0.1795706216728905,,,,,False
arima,post_covid,arima,4,neighborhood,Linden,flu_season,0.9,IT90,82.61523156370409,26,0.0,0.0,0.0,0.0,0.0,26.0,,,,0.0,,,,,,1.0,,0.0003982821824731732,0.0,,,,,,True
arima,post_covid,arima,4,neighborhood,Linden,flu_season,0.98,IT98,108.92078323683364,26,0.0,0.0,0.0,0.0,0.0,26.0,,,,0.0,,,,,,1.0,,7.122368896091811e-07,0.0,,,,,,True
arima,post_covid,arima,4,neighborhood,NE Suburban,overall,,bands,,53,,,,,,,,,,,,,,,,,,,,,0.8867924528301887,0.9811320754716981,-0.025806451612902848,-0.09433962264150944,False
arima,post_covid,arima,4,neighborhood,NE Suburban,overall,0.5,IT50,27.312493683860776,53,5.0,0.09433962264150944,0.0,1.0,5.0,47.0,0.0,1.0,0.0,0.020833333333333332,0.0,0.0,-0.020833333333333332,-0.032467532467532464,-0.044757179627464554,0.8867924528301887,0.2,0.09903341624071828,0.08543965824136704,-0.15910360925074007,,,,,False
arima,post_covid,arima,4,neighborhood,NE Suburban,overall,0.9,IT90,41.22759712033061,53,1.0,0.018867924528301886,0.0,0.0,1.0,52.0,0.0,,,0.0,0.0,0.0,0.0,0.0,,0.9811320754716981,0.0,0.021062207410308183,0.018511925952296185,-0.1377642426068404,,,,,True
arima,post_covid,arima,4,neighborhood,NE Suburban,overall,0.98,IT98,53.6511443833241,53,0.0,0.0,0.0,0.0,0.0,53.0,,,,0.0,,,,,,1.0,,0.00013489321975667382,0.0,,,,,,True
arima,post_covid,arima,4,neighborhood,NE Suburban,flu_season,,bands,,26,,,,,,,,,,,,,,,,,,,,,0.7692307692307693,0.9615384615384616,-0.05405405405405417,-0.19230769230769232,False
arima,post_covid,arima,4,neighborhood,NE Suburban,flu_season,0.5,IT50,27.312493683860776,26,5.0,0.19230769230769232,0.0,1.0,5.0,20.0,0.0,1.0,0.0,0.047619047619047616,0.0,0.0,-0.047619047619047616,-0.0684931506849315,-0.09759000729485331,0.7692307692307693,0.2,0.19116793325552667,0.15532544378698226,-0.2307573607689144,,,,,False
arima,post_covid,arima,4,neighborhood,NE Suburban,flu_season,0.9,IT90,41.22759712033061,26,1.0,0.038461538461538464,0.0,0.0,1.0,25.0,0.0,,,0.0,0.0,0.0,0.0,0.0,,0.9615384615384616,0.0,0.04286963089055626,0.036982248520710054,-0.1591948192806414,,,,,True
arima,post_covid,arima,4,neighborhood,NE Suburban,flu_season,0.98,IT98,53.6511443833241,26,0.0,0.0,0.0,0.0,0.0,26.0,,,,0.0,,,,,,1.0,,0.0002748509590014885,0.0,,,,,,True
arima,post_covid,arima,4,neighborhood,Northland,overall,,bands,,53,,,,,,,,,,,,,,,,,,,,,0.9056603773584906,1.0,0.0,-0.09433962264150944,False
arima,post_covid,arima,4,neighborhood,Northland,overall,0.5,IT50,56.127661353876796,53,5.0,0.09433962264150944,0.0,0.0,5.0,48.0,0.0,,,0.0,0.0,0.0,0.0,0.0,,0.9056603773584906,0.0,0.10126663794028332,0.08543965824136704,-0.18524160822606595,,,,,False
arima,post_covid,arima,4,neighborhood,Northland,overall,0.9,IT90,89.91407794411414,53,0.0,0.0,0.0,0.0,0.0,53.0,,,,0.0,,,,,,1.0,,0.00013692877849302092,0.0,,,,,,True
arima,post_covid,arima,4,neighborhood,Northland,overall,0.98,IT98,121.54516325409915,53,0.0,0.0,0.0,0.0,0.0,53.0,,,,0.0,,,,,,1.0,,6.630888260053033e-08,0.0,,,,,,True
arima,post_covid,arima,4,neighborhood,Northland,flu_season,,bands,,26,,,,,,,,,,,,,,,,,,,,,0.8076923076923077,1.0,0.0,-0.19230769230769232,False
arima,post_covid,arima,4,neighborhood,Northland,flu_season,0.5,IT50,56.127661353876796,26,5.0,0.19230769230769232,0.0,0.0,5.0,21.0,0.0,,,0.0,0.0,0.0,0.0,0.0,,0.8076923076923077,0.0,0.20105202502149871,0.15532544378698226,-0.29439208490031543,,,,,False
arima,post_covid,arima,4,neighborhood,Northland,flu_season,0.9,IT90,89.91407794411414,26,0.0,0.0,0.0,0.0,0.0,26.0,,,,0.0,,,,,,1.0,,0.0002785671791014819,0.0,,,,,,True
arima,post_covid,arima,4,neighborhood,Northland,flu_season,0.98,IT98,121.54516325409915,26,0.0,0.0,0.0,0.0,0.0,26.0,,,,0.0,,,,,,1.0,,1.351670486157055e-07,0.0,,,,,,True
arima,post_covid,arima,4,neighborhood,UA/Grandview,overall,,bands,,53,,,,,,,,,,,,,,,,,,,,,0.8490566037735849,1.0,-0.07614213197969533,-0.03773584905660377,False
arima,post_covid,arima,4,neighborhood,UA/Grandview,overall,0.5,IT50,8.143164584776198,53,5.0,0.09433962264150944,0.0,3.0,5.0,45.0,0.0,1.0,0.0,0.0625,0.0,0.0,-0.0625,-0.07614213197969544,-0.07905694150420949,0.8490566037735849,0.6,0.12306387574201762,0.08543965824136704,-0.4403601123305312,,,,,False
arima,post_covid,arima,4,neighborhood,UA/Grandview,overall,0.9,IT90,16.706142473783938,53,0.0,0.0,0.0,0.0,0.0,53.0,,,,0.0,,,,,,1.0,,0.0038472782265443505,0.0,,,,,,True
arima,post_covid,arima,4,neighborhood,UA/Grandview,overall,0.98,IT98,26.455007113900507,53,0.0,0.0,0.0,0.0,0.0,53.0,,,,0.0,,,,,,1.0,,6.310671425451997e-05,0.0,,,,,,True
arima,post_covid,arima,4,neighborhood,UA/Grandview,flu_season,,bands,,26,,,,,,,,,,,,,,,,,,,,,0.6923076923076923,1.0,-0.16853932584269682,-0.07692307692307693,False
arima,post_covid,arima,4,neighborhood,UA/Grandview,flu_season,0.5,IT50,8.143164584776198,26,5.0,0.19230769230769232,0.0,3.0,5.0,18.0,0.0,1.0,0.0,0.14285714285714285,0.0,0.0,-0.14285714285714285,-0.16853932584269662,-0.17622684421256035,0.6923076923076923,0.6,0.20953347893803378,0.15532544378698226,-0.34899649297248403,,,,,False
arima,post_covid,arima,4,neighborhood,UA/Grandview,flu_season,0.9,IT90,16.706142473783938,26,0.0,0.0,0.0,0.0,0.0,26.0,,,,0.0,,,,,,1.0,,0.007496425180135977,0.0,,,,,,True
arima,post_covid,arima,4,neighborhood,UA/Grandview,flu_season,0.98,IT98,26.455007113900507,26,0.0,0.0,0.0,0.0,0.0,26.0,,,,0.0,,,,,,1.0,,0.0001284616668690871,0.0,,,,,,True
arima,post_covid,arima,4,neighborhood,West,overall,,bands,,53,,,,,,,,,,,,,,,,,,,,,0.9433962264150944,1.0,0.0,-0.05660377358490566,False
arima,post_covid,arima,4,neighborhood,West,overall,0.5,IT50,73.15037971354549,53,3.0,0.05660377358490566,0.0,0.0,3.0,50.0,0.0,,,0.0,0.0,0.0,0.0,0.0,,0.9433962264150944,0.0,0.057264202800648215,0.05339978640085441,-0.07236763778013855,,,,,True
arima,post_covid,arima,4,neighborhood,West,overall,0.9,IT90,114.1022318647041,53,0.0,0.0,0.0,0.0,0.0,53.0,,,,0.0,,,,,,1.0,,3.501117519870142e-05,0.0,,,,,,True
arima,post_covid,arima,4,neighborhood,West,overall,0.98,IT98,151.63555393306305,53,0.0,0.0,0.0,0.0,0.0,53.0,,,,0.0,,,,,,1.0,,3.449192357793145e-09,0.0,,,,,,True
arima,post_covid,arima,4,neighborhood,West,flu_season,,bands,,26,,,,,,,,,,,,,,,,,,,,,0.8846153846153846,1.0,0.0,-0.11538461538461539,False
arima,post_covid,arima,4,neighborhood,West,flu_season,0.5,IT50,73.15037971354549,26,3.0,0.11538461538461539,0.0,0.0,3.0,23.0,0.0,,,0.0,0.0,0.0,0.0,0.0,,0.8846153846153846,0.0,0.11516957769186488,0.10207100591715977,-0.12832803651740066,,,,,True
arima,post_covid,arima,4,neighborhood,West,flu_season,0.9,IT90,114.1022318647041,26,0.0,0.0,0.0,0.0,0.0,26.0,,,,0.0,,,,,,1.0,,7.122374866337765e-05,0.0,,,,,,True
arima,post_covid,arima,4,neighborhood,West,flu_season,0.98,IT98,151.63555393306305,26,0.0,0.0,0.0,0.0,0.0,26.0,,,,0.0,,,,,,1.0,,7.030919468668336e-09,0.0,,,,,,True
arima,post_covid,arima,4,neighborhood,Westerville,overall,,bands,,53,,,,,,,,,,,,,,,,,,,,,0.8679245283018868,0.9622641509433962,0.09222661396574439,-0.1320754716981132,False
arima,post_covid,arima,4,neighborhood,Westerville,overall,0.5,IT50,24.33364195874595,53,7.0,0.1320754716981132,1.0,1.0,6.0,45.0,0.14285714285714285,0.5,0.5,0.021739130434782608,0.125,0.2222222222222222,0.12111801242236024,0.17371937639198218,0.21519718464500817,0.8679245283018868,0.2857142857142857,0.1166281474253945,0.1146315414738341,-0.01741759663954401,,,,,False
arima,post_covid,arima,4,neighborhood,Westerville,overall,0.9,IT90,36.408491039457616,53,2.0,0.03773584905660377,0.0,0.0,2.0,51.0,0.0,,,0.0,0.0,0.0,0.0,0.0,,0.9622641509433962,0.0,0.040743373653895514,0.03631185475258099,-0.12204055484110299,,,,,True
arima,post_covid,arima,4,neighborhood,Westerville,overall,0.98,IT98,47.11324141772458,53,0.0,0.0,0.0,0.0,0.0,53.0,,,,0.0,,,,,,1.0,,0.00048025151044355603,0.0,,,,,,True
arima,post_covid,arima,4,neighborhood,Westerville,flu_season,,bands,,26,,,,,,,,,,,,,,,,,,,,,0.7307692307692307,0.9230769230769231,0.04519774011299438,-0.2692307692307692,False
arima,post_covid,arima,4,neighborhood,Westerville,flu_season,0.5,IT50,24.33364195874595,26,7.0,0.2692307692307692,1.0,1.0,6.0,18.0,0.14285714285714285,0.5,0.5,0.05263157894736842,0.125,0.2222222222222222,0.09022556390977443,0.11650485436893204,0.15018785229652767,0.7307692307692307,0.2857142857142857,0.21913858451538804,0.19674556213017758,-0.1138171664090395,,,,,False
arima,post_covid,arima,4,neighborhood,Westerville,flu_season,0.9,IT90,36.408491039457616,26,2.0,0.07692307692307693,0.0,0.0,2.0,24.0,0.0,,,0.0,0.0,0.0,0.0,0.0,,0.9230769230769231,0.0,0.08272744820880176,0.07100591715976333,-0.16507822894062452,,,,,True
arima,post_covid,arima,4,neighborhood,Westerville,flu_season,0.98,IT98,47.11324141772458,26,0.0,0.0,0.0,0.0,0.0,26.0,,,,0.0,,,,,,1.0,,0.000976613872743402,0.0,,,,,,True
arima,post_covid,arima,4,neighborhood,Worthington,overall,,bands,,53,,,,,,,,,,,,,,,,,,,,,0.6792452830188679,0.9245283018867925,0.07267833109017507,-0.2830188679245283,False
arima,post_covid,arima,4,neighborhood,Worthington,overall,0.5,IT50,13.721631551906164,53,16.0,0.3018867924528302,4.0,4.0,12.0,33.0,0.25,0.5,0.5,0.10810810810810811,0.2,0.3333333333333333,0.14189189189189189,0.16535433070866143,0.18195633571851272,0.6981132075471698,0.5,0.1780922594861598,0.21075115699537203,0.15496426199894786,,,,,False
arima,post_covid,arima,4,neighborhood,Worthington,overall,0.9,IT90,22.978569674557114,53,5.0,0.09433962264150944,0.0,0.0,5.0,48.0,0.0,,,0.0,0.0,0.0,0.0,0.0,,0.9056603773584906,0.0,0.08871355041617303,0.08543965824136704,-0.038318179662625074,,,,,False
arima,post_covid,arima,4,neighborhood,Worthington,overall,0.98,IT98,31.956357603850087,53,2.0,0.03773584905660377,0.0,0.0,2.0,51.0,0.0,,,0.0,0.0,0.0,0.0,0.0,,0.9622641509433962,0.0,0.03982856499993267,0.03631185475258099,-0.0968474420079497,,,,,True
arima,post_covid,arima,4,neighborhood,Worthington,flu_season,,bands,,26,,,,,,,,,,,,,,,,,,,,,0.46153846153846156,0.8461538461538461,-0.03769401330376976,-0.5384615384615384,False
arima,post_covid,arima,4,neighborhood,Worthington,flu_season,0.5,IT50,13.721631551906164,26,14.0,0.5384615384615384,4.0,3.0,10.0,9.0,0.2857142857142857,0.42857142857142855,0.5714285714285714,0.25,0.23529411764705882,0.38095238095238093,0.0357142857142857,0.03428571428571429,0.04013939192492974,0.5,0.5,0.25170658934796336,0.24852071005917165,-0.012819371423947512,,,,,False
arima,post_covid,arima,4,neighborhood,Worthington,flu_season,0.9,IT90,22.978569674557114,26,5.0,0.19230769230769232,0.0,0.0,5.0,21.0,0.0,,,0.0,0.0,0.0,0.0,0.0,,0.8076923076923077,0.0,0.1763529595232007,0.15532544378698226,-0.1353771489303206,,,,,False
arima,post_covid,arima,4,neighborhood,Worthington,flu_season,0.98,IT98,31.956357603850087,26,2.0,0.07692307692307693,0.0,0.0,2.0,24.0,0.0,,,0.0,0.0,0.0,0.0,0.0,,0.9230769230769231,0.0,0.08102861321258563,0.07100591715976333,-0.14115296941058064,,,,,True
dualtopo,post_covid,dualtopo,4,citywide,CITYWIDE,overall,,bands,,53,,,,,,,,,,,,,,,,,,,,,0.8679245283018868,1.0,0.1952277657266811,-0.1320754716981132,False
dualtopo,post_covid,dualtopo,4,citywide,CITYWIDE,overall,0.5,IT50,35.19412725226089,53,8.0,0.1509433962264151,1.0,0.0,7.0,45.0,0.125,0.0,1.0,0.0,0.125,0.2222222222222222,0.125,0.19522776572668113,0.3288967572401359,0.8679245283018868,0.125,0.09070379906180032,0.12815948736205057,0.2922584123205637,,,,,False
dualtopo,post_covid,dualtopo,4,citywide,CITYWIDE,overall,0.9,IT90,56.071415152332634,53,0.0,0.0,0.0,0.0,0.0,53.0,,,,0.0,,,,,,1.0,,1.8663975673809381e-07,0.0,,,,,,True
dualtopo,post_covid,dualtopo,4,citywide,CITYWIDE,overall,0.98,IT98,75.53173152268305,53,0.0,0.0,0.0,0.0,0.0,53.0,,,,0.0,,,,,,1.0,,7.479700502876145e-18,0.0,,,,,,True
dualtopo,post_covid,dualtopo,4,citywide,CITYWIDE,flu_season,,bands,,26,,,,,,,,,,,,,,,,,,,,,0.7307692307692307,1.0,0.1651376146788992,-0.2692307692307692,False
dualtopo,post_covid,dualtopo,4,citywide,CITYWIDE,flu_season,0.5,IT50,35.19412725226089,26,8.0,0.3076923076923077,1.0,0.0,7.0,18.0,0.125,0.0,1.0,0.0,0.125,0.2222222222222222,0.125,0.1651376146788991,0.3,0.7307692307692307,0.125,0.18489620532130394,0.2130177514792899,0.13201503613054522,,,,,False
dualtopo,post_covid,dualtopo,4,citywide,CITYWIDE,flu_season,0.9,IT90,56.071415152332634,26,0.0,0.0,0.0,0.0,0.0,26.0,,,,0.0,,,,,,1.0,,3.80457965658422e-07,0.0,,,,,,True
dualtopo,post_covid,dualtopo,4,citywide,CITYWIDE,flu_season,0.98,IT98,75.53173152268305,26,0.0,0.0,0.0,0.0,0.0,26.0,,,,0.0,,,,,,1.0,,1.524708179432445e-17,0.0,,,,,,True
dualtopo,post_covid,dualtopo,4,pooled,ALL,overall,,bands,,901,,,,,,,,,,,,,,,,,,,,,0.8679245283018868,0.9811320754716981,0.0403502477745139,-0.13984461709211987,False
dualtopo,post_covid,dualtopo,4,pooled,ALL,overall,0.5,IT50,,901,118.0,0.1309655937846837,6.0,7.0,112.0,776.0,0.05084745762711865,0.5384615384615384,0.46153846153846156,0.008939974457215836,0.048,0.0916030534351145,0.04190748316990281,0.0673608030409784,0.11855921221596508,0.8679245283018868,0.11016949152542373,0.09744418525063571,0.11381360702930893,0.1438265793162835,,,,,False
dualtopo,post_covid,dualtopo,4,pooled,ALL,overall,0.9,IT90,,901,17.0,0.018867924528301886,0.0,0.0,17.0,884.0,0.0,,,0.0,0.0,0.0,0.0,0.0,,0.9811320754716981,0.0,0.01863809612237356,0.01851192595229619,-0.006815615533602548,,,,,False
dualtopo,post_covid,dualtopo,4,pooled,ALL,overall,0.98,IT98,,901,4.0,0.004439511653718091,0.0,0.0,4.0,897.0,0.0,,,0.0,0.0,0.0,0.0,0.0,,0.9955604883462819,0.0,0.004437208745049729,0.004419802389994593,-0.003938265451536971,,,,,True
dualtopo,post_covid,dualtopo,4,pooled,ALL,flu_season,,bands,,442,,,,,,,,,,,,,,,,,,,,,0.7398190045248869,0.9615384615384616,0.02135561745589587,-0.27601809954751133,False
dualtopo,post_covid,dualtopo,4,pooled,ALL,flu_season,0.5,IT50,,442,114.0,0.2579185520361991,6.0,7.0,108.0,321.0,0.05263157894736842,0.5384615384615384,0.46153846153846156,0.021341463414634148,0.049586776859504134,0.09448818897637795,0.03129011553273427,0.044009779951100246,0.08102073748104387,0.7398190045248869,0.11403508771929824,0.18966692364042406,0.19139657255174955,0.009036989995512168,,,,,False
dualtopo,post_covid,dualtopo,4,pooled,ALL,flu_season,0.9,IT90,,442,17.0,0.038461538461538464,0.0,0.0,17.0,425.0,0.0,,,0.0,0.0,0.0,0.0,0.0,,0.9615384615384616,0.0,0.037993042095595904,0.03698224852071006,-0.027331858264913134,,,,,False
dualtopo,post_covid,dualtopo,4,pooled,ALL,flu_season,0.98,IT98,,442,4.0,0.00904977375565611,0.0,0.0,4.0,438.0,0.0,,,0.0,0.0,0.0,0.0,0.0,,0.9909502262443439,0.0,0.009045079364909064,0.008967875350627548,-0.00860895265188022,,,,,True
dualtopo,post_covid,dualtopo,4,neighborhood,Agler/Cassidy,overall,,bands,,53,,,,,,,,,,,,,,,,,,,,,0.8867924528301887,1.0,0.0,-0.11320754716981132,False
dualtopo,post_covid,dualtopo,4,neighborhood,Agler/Cassidy,overall,0.5,IT50,51.74083078339265,53,6.0,0.11320754716981132,0.0,0.0,6.0,47.0,0.0,,,0.0,0.0,0.0,0.0,0.0,,0.8867924528301887,0.0,0.0725867644236949,0.10039159843360627,0.27696375437532283,,,,,False
dualtopo,post_covid,dualtopo,4,neighborhood,Agler/Cassidy,overall,0.9,IT90,88.48740693700204,53,0.0,0.0,0.0,0.0,0.0,53.0,,,,0.0,,,,,,1.0,,4.686099325626977e-12,0.0,,,,,,True
dualtopo,post_covid,dualtopo,4,neighborhood,Agler/Cassidy,overall,0.98,IT98,124.72586226376617,53,0.0,0.0,0.0,0.0,0.0,53.0,,,,0.0,,,,,,1.0,,1.1628256267998406e-33,0.0,,,,,,True
dualtopo,post_covid,dualtopo,4,neighborhood,Agler/Cassidy,flu_season,,bands,,26,,,,,,,,,,,,,,,,,,,,,0.7692307692307693,1.0,0.0,-0.23076923076923078,False
dualtopo,post_covid,dualtopo,4,neighborhood,Agler/Cassidy,flu_season,0.5,IT50,51.74083078339265,26,6.0,0.23076923076923078,0.0,0.0,6.0,20.0,0.0,,,0.0,0.0,0.0,0.0,0.0,,0.7692307692307693,0.0,0.1479653274777983,0.17751479289940827,0.1664619885417361,,,,,False
dualtopo,post_covid,dualtopo,4,neighborhood,Agler/Cassidy,flu_season,0.9,IT90,88.48740693700204,26,0.0,0.0,0.0,0.0,0.0,26.0,,,,0.0,,,,,,1.0,,9.552433240701145e-12,0.0,,,,,,True
dualtopo,post_covid,dualtopo,4,neighborhood,Agler/Cassidy,flu_season,0.98,IT98,124.72586226376617,26,0.0,0.0,0.0,0.0,0.0,26.0,,,,0.0,,,,,,1.0,,2.3703753161689058e-33,0.0,,,,,,True
dualtopo,post_covid,dualtopo,4,neighborhood,Bexley,overall,,bands,,53,,,,,,,,,,,,,,,,,,,,,0.8490566037735849,0.9622641509433962,0.0,-0.20754716981132076,False
dualtopo,post_covid,dualtopo,4,neighborhood,Bexley,overall,0.5,IT50,24.605454693531783,53,8.0,0.1509433962264151,0.0,0.0,8.0,45.0,0.0,,,0.0,0.0,0.0,0.0,0.0,,0.8490566037735849,0.0,0.12620259904438139,0.12815948736205057,0.015269164678702096,,,,,False
dualtopo,post_covid,dualtopo,4,neighborhood,Bexley,overall,0.9,IT90,37.5430295506582,53,2.0,0.03773584905660377,0.0,0.0,2.0,51.0,0.0,,,0.0,0.0,0.0,0.0,0.0,,0.9622641509433962,0.0,0.037699493865897514,0.03631185475258099,-0.0382144928363346,,,,,True
dualtopo,post_covid,dualtopo,4,neighborhood,Bexley,overall,0.98,IT98,49.19357270883574,53,1.0,0.018867924528301886,0.0,0.0,1.0,52.0,0.0,,,0.0,0.0,0.0,0.0,0.0,,0.9811320754716981,0.0,0.01886791974252008,0.018511925952296185,-0.019230510706517823,,,,,True
dualtopo,post_covid,dualtopo,4,neighborhood,Bexley,flu_season,,bands,,26,,,,,,,,,,,,,,,,,,,,,0.7307692307692307,0.9230769230769231,-2.220446049250313e-16,-0.38461538461538464,False
dualtopo,post_covid,dualtopo,4,neighborhood,Bexley,flu_season,0.5,IT50,24.605454693531783,26,7.0,0.2692307692307692,0.0,0.0,7.0,19.0,0.0,,,0.0,0.0,0.0,0.0,0.0,,0.7307692307692307,0.0,0.21879871594498765,0.19674556213017758,-0.112089714126403,,,,,False
dualtopo,post_covid,dualtopo,4,neighborhood,Bexley,flu_season,0.9,IT90,37.5430295506582,26,2.0,0.07692307692307693,0.0,0.0,2.0,24.0,0.0,,,0.0,0.0,0.0,0.0,0.0,,0.9230769230769231,0.0,0.07684896826509878,0.07100591715976333,-0.08228963640014086,,,,,True
dualtopo,post_covid,dualtopo,4,neighborhood,Bexley,flu_season,0.98,IT98,49.19357270883574,26,1.0,0.038461538461538464,0.0,0.0,1.0,25.0,0.0,,,0.0,0.0,0.0,0.0,0.0,,0.9615384615384616,0.0,0.038461528705906314,0.036982248520710054,-0.039999736207706915,,,,,True
dualtopo,post_covid,dualtopo,4,neighborhood,Clintonville/Near North,overall,,bands,,53,,,,,,,,,,,,,,,,,,,,,0.7924528301886793,0.9245283018867925,0.0,-0.3018867924528302,False
dualtopo,post_covid,dualtopo,4,neighborhood,Clintonville/Near North,overall,0.5,IT50,15.728895715230147,53,11.0,0.20754716981132076,0.0,0.0,11.0,42.0,0.0,,,0.0,0.0,0.0,0.0,0.0,,0.7924528301886793,0.0,0.12385429949160222,0.1644713421146316,0.24695513577508554,,,,,False
dualtopo,post_covid,dualtopo,4,neighborhood,Clintonville/Near North,overall,0.9,IT90,22.099499115677975,53,4.0,0.07547169811320754,0.0,0.0,4.0,49.0,0.0,,,0.0,0.0,0.0,0.0,0.0,,0.9245283018867925,0.0,0.07168807132694519,0.06977572089711641,-0.027407103864229843,,,,,True
dualtopo,post_covid,dualtopo,4,neighborhood,Clintonville/Near North,overall,0.98,IT98,27.469599865392972,53,1.0,0.018867924528301886,0.0,0.0,1.0,52.0,0.0,,,0.0,0.0,0.0,0.0,0.0,,0.9811320754716981,0.0,0.01882878106048529,0.018511925952296185,-0.017116269209676904,,,,,True
dualtopo,post_covid,dualtopo,4,neighborhood,Clintonville/Near North,flu_season,,bands,,26,,,,,,,,,,,,,,,,,,,,,0.5769230769230769,0.8461538461538461,-4.440892098500626e-16,-0.6153846153846154,False
dualtopo,post_covid,dualtopo,4,neighborhood,Clintonville/Near North,flu_season,0.5,IT50,15.728895715230147,26,11.0,0.4230769230769231,0.0,0.0,11.0,15.0,0.0,,,0.0,0.0,0.0,0.0,0.0,,0.5769230769230769,0.0,0.2524709944341631,0.24408284023668633,-0.03436601356057145,,,,,False
dualtopo,post_covid,dualtopo,4,neighborhood,Clintonville/Near North,flu_season,0.9,IT90,22.099499115677975,26,4.0,0.15384615384615385,0.0,0.0,4.0,22.0,0.0,,,0.0,0.0,0.0,0.0,0.0,,0.8461538461538461,0.0,0.14613337616630673,0.13017751479289943,-0.1225700260048106,,,,,True
dualtopo,post_covid,dualtopo,4,neighborhood,Clintonville/Near North,flu_season,0.98,IT98,27.469599865392972,26,1.0,0.038461538461538464,0.0,0.0,1.0,25.0,0.0,,,0.0,0.0,0.0,0.0,0.0,,0.9615384615384616,0.0,0.03838174600791232,0.036982248520710054,-0.03784241205394934,,,,,True
dualtopo,post_covid,dualtopo,4,neighborhood,Dublin,overall,,bands,,53,,,,,,,,,,,,,,,,,,,,,0.8301886792452831,0.9811320754716981,0.0,-0.18867924528301888,False
dualtopo,post_covid,dualtopo,4,neighborhood,Dublin,overall,0.5,IT50,8.038849454818003,53,9.0,0.16981132075471697,0.0,0.0,9.0,44.0,0.0,,,0.0,0.0,0.0,0.0,0.0,,0.8301886792452831,0.0,0.1332718484426492,0.14097543609825564,0.05464489324393562,,,,,False
dualtopo,post_covid,dualtopo,4,neighborhood,Dublin,overall,0.9,IT90,14.1626396504559,53,1.0,0.018867924528301886,0.0,0.0,1.0,52.0,0.0,,,0.0,0.0,0.0,0.0,0.0,,0.9811320754716981,0.0,0.018850007873746716,0.018511925952296185,-0.018262925333741187,,,,,True
dualtopo,post_covid,dualtopo,4,neighborhood,Dublin,overall,0.98,IT98,20.345693253667104,53,0.0,0.0,0.0,0.0,0.0,53.0,,,,0.0,,,,,,1.0,,1.0561396139105755e-12,0.0,,,,,,True
dualtopo,post_covid,dualtopo,4,neighborhood,Dublin,flu_season,,bands,,26,,,,,,,,,,,,,,,,,,,,,0.6923076923076923,0.9615384615384616,-2.220446049250313e-16,-0.34615384615384615,False
dualtopo,post_covid,dualtopo,4,neighborhood,Dublin,flu_season,0.5,IT50,8.038849454818003,26,8.0,0.3076923076923077,0.0,0.0,8.0,18.0,0.0,,,0.0,0.0,0.0,0.0,0.0,,0.6923076923076923,0.0,0.23363287738248403,0.21301775147928986,-0.09677656326777262,,,,,False
dualtopo,post_covid,dualtopo,4,neighborhood,Dublin,flu_season,0.9,IT90,14.1626396504559,26,1.0,0.038461538461538464,0.0,0.0,1.0,25.0,0.0,,,0.0,0.0,0.0,0.0,0.0,,0.9615384615384616,0.0,0.03842501605032433,0.036982248520710054,-0.039012434000770035,,,,,True
dualtopo,post_covid,dualtopo,4,neighborhood,Dublin,flu_season,0.98,IT98,20.345693253667104,26,0.0,0.0,0.0,0.0,0.0,26.0,,,,0.0,,,,,,1.0,,2.1528999822023273e-12,0.0,,,,,,True
dualtopo,post_covid,dualtopo,4,neighborhood,Eastside,overall,,bands,,53,,,,,,,,,,,,,,,,,,,,,0.8867924528301887,0.9811320754716981,0.0,-0.1320754716981132,False
dualtopo,post_covid,dualtopo,4,neighborhood,Eastside,overall,0.5,IT50,53.89825474693718,53,6.0,0.11320754716981132,0.0,0.0,6.0,47.0,0.0,,,0.0,0.0,0.0,0.0,0.0,,0.8867924528301887,0.0,0.07220558099587016,0.10039159843360627,0.28076071979645656,,,,,False
dualtopo,post_covid,dualtopo,4,neighborhood,Eastside,overall,0.9,IT90,89.53274062296502,53,1.0,0.018867924528301886,0.0,0.0,1.0,52.0,0.0,,,0.0,0.0,0.0,0.0,0.0,,0.9811320754716981,0.0,0.01886792436529082,0.018511925952296185,-0.01923076042503702,,,,,True
dualtopo,post_covid,dualtopo,4,neighborhood,Eastside,overall,0.98,IT98,123.87134674281285,53,0.0,0.0,0.0,0.0,0.0,53.0,,,,0.0,,,,,,1.0,,1.1781702737710911e-28,0.0,,,,,,True
dualtopo,post_covid,dualtopo,4,neighborhood,Eastside,flu_season,,bands,,26,,,,,,,,,,,,,,,,,,,,,0.7692307692307693,0.9615384615384616,0.0,-0.2692307692307692,False
dualtopo,post_covid,dualtopo,4,neighborhood,Eastside,flu_season,0.5,IT50,53.89825474693718,26,6.0,0.23076923076923078,0.0,0.0,6.0,20.0,0.0,,,0.0,0.0,0.0,0.0,0.0,,0.7692307692307693,0.0,0.1471882997223465,0.17751479289940827,0.17083924489744795,,,,,False
dualtopo,post_covid,dualtopo,4,neighborhood,Eastside,flu_season,0.9,IT90,89.53274062296502,26,1.0,0.038461538461538464,0.0,0.0,1.0,25.0,0.0,,,0.0,0.0,0.0,0.0,0.0,,0.9615384615384616,0.0,0.03846153812924667,0.036982248520710054,-0.039999991014830094,,,,,True
dualtopo,post_covid,dualtopo,4,neighborhood,Eastside,flu_season,0.98,IT98,123.87134674281285,26,0.0,0.0,0.0,0.0,0.0,26.0,,,,0.0,,,,,,1.0,,2.4016547888410705e-28,0.0,,,,,,True
dualtopo,post_covid,dualtopo,4,neighborhood,Far East,overall,,bands,,53,,,,,,,,,,,,,,,,,,,,,0.9245283018867925,0.9811320754716981,0.32175502742230355,-0.05660377358490566,False
dualtopo,post_covid,dualtopo,4,neighborhood,Far East,overall,0.5,IT50,76.01095931639992,53,5.0,0.09433962264150944,2.0,1.0,3.0,47.0,0.4,0.3333333333333333,0.6666666666666666,0.020833333333333332,0.3333333333333333,0.5,0.3791666666666667,0.4619289340101523,0.47961211179220425,0.9245283018867925,0.6,0.05855520185058041,0.08543965824136704,0.31466015834049843,,,,,False
dualtopo,post_covid,dualtopo,4,neighborhood,Far East,overall,0.9,IT90,119.58175049878095,53,1.0,0.018867924528301886,0.0,0.0,1.0,52.0,0.0,,,0.0,0.0,0.0,0.0,0.0,,0.9811320754716981,0.0,0.018867685086555824,0.018511925952296185,-0.019217834771833253,,,,,True
dualtopo,post_covid,dualtopo,4,neighborhood,Far East,overall,0.98,IT98,159.7885780471188,53,0.0,0.0,0.0,0.0,0.0,53.0,,,,0.0,,,,,,1.0,,3.97747617833393e-25,0.0,,,,,,True
dualtopo,post_covid,dualtopo,4,neighborhood,Far East,flu_season,,bands,,26,,,,,,,,,,,,,,,,,,,,,0.8461538461538461,0.9615384615384616,0.272,-0.11538461538461539,False
dualtopo,post_covid,dualtopo,4,neighborhood,Far East,flu_season,0.5,IT50,76.01095931639992,26,5.0,0.19230769230769232,2.0,1.0,3.0,20.0,0.4,0.3333333333333333,0.6666666666666666,0.047619047619047616,0.3333333333333333,0.5,0.3523809523809524,0.4157303370786517,0.4346928823909822,0.8461538461538461,0.6,0.11936252684923945,0.15532544378698226,0.2315326842848966,,,,,False
dualtopo,post_covid,dualtopo,4,neighborhood,Far East,flu_season,0.9,IT90,119.58175049878095,26,1.0,0.038461538461538464,0.0,0.0,1.0,25.0,0.0,,,0.0,0.0,0.0,0.0,0.0,,0.9615384615384616,0.0,0.03846105036874841,0.036982248520710054,-0.039986801970957275,,,,,True
dualtopo,post_covid,dualtopo,4,neighborhood,Far East,flu_season,0.98,IT98,159.7885780471188,26,0.0,0.0,0.0,0.0,0.0,26.0,,,,0.0,,,,,,1.0,,8.107932209680704e-25,0.0,,,,,,True
dualtopo,post_covid,dualtopo,4,neighborhood,Far South,overall,,bands,,53,,,,,,,,,,,,,,,,,,,,,0.9056603773584906,1.0,0.49715370018975336,-0.05660377358490566,False
dualtopo,post_covid,dualtopo,4,neighborhood,Far South,overall,0.5,IT50,69.7066330370401,53,7.0,0.1320754716981132,3.0,1.0,4.0,45.0,0.42857142857142855,0.25,0.75,0.021739130434782608,0.375,0.5454545454545454,0.40683229813664595,0.4971537001897533,0.5214531846240801,0.9056603773584906,0.5714285714285714,0.07017649361561806,0.11463154147383411,0.3878081659432574,,,,,False
dualtopo,post_covid,dualtopo,4,neighborhood,Far South,overall,0.9,IT90,121.95949130896,53,0.0,0.0,0.0,0.0,0.0,53.0,,,,0.0,,,,,,1.0,,1.1316521953418539e-10,0.0,,,,,,True
dualtopo,post_covid,dualtopo,4,neighborhood,Far South,overall,0.98,IT98,174.42921640712913,53,0.0,0.0,0.0,0.0,0.0,53.0,,,,0.0,,,,,,1.0,,0.0,0.0,,,,,,True
dualtopo,post_covid,dualtopo,4,neighborhood,Far South,flu_season,,bands,,26,,,,,,,,,,,,,,,,,,,,,0.8076923076923077,1.0,0.4347826086956522,-0.11538461538461539,False
dualtopo,post_covid,dualtopo,4,neighborhood,Far South,flu_season,0.5,IT50,69.7066330370401,26,7.0,0.2692307692307692,3.0,1.0,4.0,18.0,0.42857142857142855,0.25,0.75,0.05263157894736842,0.375,0.5454545454545454,0.37593984962406013,0.43478260869565216,0.46217116665408475,0.8076923076923077,0.5714285714285714,0.14305208313952916,0.19674556213017758,0.27290820900510016,,,,,False
dualtopo,post_covid,dualtopo,4,neighborhood,Far South,flu_season,0.9,IT90,121.95949130896,26,0.0,0.0,0.0,0.0,0.0,26.0,,,,0.0,,,,,,1.0,,2.306829475119933e-10,0.0,,,,,,True
dualtopo,post_covid,dualtopo,4,neighborhood,Far South,flu_season,0.98,IT98,174.42921640712913,26,0.0,0.0,0.0,0.0,0.0,26.0,,,,0.0,,,,,,1.0,,0.0,0.0,,,,,,True
dualtopo,post_covid,dualtopo,4,neighborhood,Far Southeast,overall,,bands,,53,,,,,,,,,,,,,,,,,,,,,0.9056603773584906,1.0,0.0,-0.09433962264150944,False
dualtopo,post_covid,dualtopo,4,neighborhood,Far Southeast,overall,0.5,IT50,10.956265259525463,53,5.0,0.09433962264150944,0.0,0.0,5.0,48.0,0.0,,,0.0,0.0,0.0,0.0,0.0,,0.9056603773584906,0.0,0.08052430281173961,0.08543965824136704,0.057530139174264305,,,,,False
dualtopo,post_covid,dualtopo,4,neighborhood,Far Southeast,overall,0.9,IT90,18.40391015194404,53,0.0,0.0,0.0,0.0,0.0,53.0,,,,0.0,,,,,,1.0,,6.163981550734141e-07,0.0,,,,,,True
dualtopo,post_covid,dualtopo,4,neighborhood,Far Southeast,overall,0.98,IT98,25.644566505740826,53,0.0,0.0,0.0,0.0,0.0,53.0,,,,0.0,,,,,,1.0,,1.2133758729456122e-13,0.0,,,,,,True
dualtopo,post_covid,dualtopo,4,neighborhood,Far Southeast,flu_season,,bands,,26,,,,,,,,,,,,,,,,,,,,,0.8076923076923077,1.0,0.0,-0.19230769230769232,False
dualtopo,post_covid,dualtopo,4,neighborhood,Far Southeast,flu_season,0.5,IT50,10.956265259525463,26,5.0,0.19230769230769232,0.0,0.0,5.0,21.0,0.0,,,0.0,0.0,0.0,0.0,0.0,,0.8076923076923077,0.0,0.1641137385248309,0.15532544378698226,-0.056579878502720726,,,,,False
dualtopo,post_covid,dualtopo,4,neighborhood,Far Southeast,flu_season,0.9,IT90,18.40391015194404,26,0.0,0.0,0.0,0.0,0.0,26.0,,,,0.0,,,,,,1.0,,1.2565038975176108e-06,0.0,,,,,,True
dualtopo,post_covid,dualtopo,4,neighborhood,Far Southeast,flu_season,0.98,IT98,25.644566505740826,26,0.0,0.0,0.0,0.0,0.0,26.0,,,,0.0,,,,,,1.0,,2.473420048696818e-13,0.0,,,,,,True
dualtopo,post_covid,dualtopo,4,neighborhood,Far Southwest,overall,,bands,,53,,,,,,,,,,,,,,,,,,,,,0.9056603773584906,1.0,0.0,-0.09433962264150944,False
dualtopo,post_covid,dualtopo,4,neighborhood,Far Southwest,overall,0.5,IT50,34.041053932580134,53,5.0,0.09433962264150944,0.0,0.0,5.0,48.0,0.0,,,0.0,0.0,0.0,0.0,0.0,,0.9056603773584906,0.0,0.07094514728180401,0.08543965824136704,0.16964617202255228,,,,,False
dualtopo,post_covid,dualtopo,4,neighborhood,Far Southwest,overall,0.9,IT90,54.68112356483704,53,0.0,0.0,0.0,0.0,0.0,53.0,,,,0.0,,,,,,1.0,,1.0413412959551996e-08,0.0,,,,,,True
dualtopo,post_covid,dualtopo,4,neighborhood,Far Southwest,overall,0.98,IT98,74.04650918881951,53,0.0,0.0,0.0,0.0,0.0,53.0,,,,0.0,,,,,,1.0,,6.615797373148185e-20,0.0,,,,,,True
dualtopo,post_covid,dualtopo,4,neighborhood,Far Southwest,flu_season,,bands,,26,,,,,,,,,,,,,,,,,,,,,0.8076923076923077,1.0,0.0,-0.19230769230769232,False
dualtopo,post_covid,dualtopo,4,neighborhood,Far Southwest,flu_season,0.5,IT50,34.041053932580134,26,5.0,0.19230769230769232,0.0,0.0,5.0,21.0,0.0,,,0.0,0.0,0.0,0.0,0.0,,0.8076923076923077,0.0,0.14461895307588238,0.15532544378698226,0.06892940686384308,,,,,False
dualtopo,post_covid,dualtopo,4,neighborhood,Far Southwest,flu_season,0.9,IT90,54.68112356483704,26,0.0,0.0,0.0,0.0,0.0,26.0,,,,0.0,,,,,,1.0,,2.1227341802163688e-08,0.0,,,,,,True
dualtopo,post_covid,dualtopo,4,neighborhood,Far Southwest,flu_season,0.98,IT98,74.04650918881951,26,0.0,0.0,0.0,0.0,0.0,26.0,,,,0.0,,,,,,1.0,,1.3486048491417454e-19,0.0,,,,,,True
dualtopo,post_covid,dualtopo,4,neighborhood,Hilliard,overall,,bands,,53,,,,,,,,,,,,,,,,,,,,,0.8490566037735849,1.0,0.0,-0.1509433962264151,False
dualtopo,post_covid,dualtopo,4,neighborhood,Hilliard,overall,0.5,IT50,19.24134804712757,53,8.0,0.1509433962264151,0.0,0.0,8.0,45.0,0.0,,,0.0,0.0,0.0,0.0,0.0,,0.8490566037735849,0.0,0.12714297602000513,0.12815948736205057,0.007931612110571251,,,,,False
dualtopo,post_covid,dualtopo,4,neighborhood,Hilliard,overall,0.9,IT90,34.52709434950146,53,0.0,0.0,0.0,0.0,0.0,53.0,,,,0.0,,,,,,1.0,,9.931695955720893e-11,0.0,,,,,,True
dualtopo,post_covid,dualtopo,4,neighborhood,Hilliard,overall,0.98,IT98,50.186768532537315,53,0.0,0.0,0.0,0.0,0.0,53.0,,,,0.0,,,,,,1.0,,5.442722303238197e-26,0.0,,,,,,True
dualtopo,post_covid,dualtopo,4,neighborhood,Hilliard,flu_season,,bands,,26,,,,,,,,,,,,,,,,,,,,,0.6923076923076923,1.0,0.0,-0.3076923076923077,False
dualtopo,post_covid,dualtopo,4,neighborhood,Hilliard,flu_season,0.5,IT50,19.24134804712757,26,8.0,0.3076923076923077,0.0,0.0,8.0,18.0,0.0,,,0.0,0.0,0.0,0.0,0.0,,0.6923076923076923,0.0,0.25917600510088035,0.21301775147928986,-0.21668735727913324,,,,,False
dualtopo,post_covid,dualtopo,4,neighborhood,Hilliard,flu_season,0.9,IT90,34.52709434950146,26,0.0,0.0,0.0,0.0,0.0,26.0,,,,0.0,,,,,,1.0,,2.024538021743105e-10,0.0,,,,,,True
dualtopo,post_covid,dualtopo,4,neighborhood,Hilliard,flu_season,0.98,IT98,50.186768532537315,26,0.0,0.0,0.0,0.0,0.0,26.0,,,,0.0,,,,,,1.0,,1.1094780079677864e-25,0.0,,,,,,True
dualtopo,post_covid,dualtopo,4,neighborhood,Linden,overall,,bands,,53,,,,,,,,,,,,,,,,,,,,,0.8867924528301887,1.0,0.224390243902439,-0.11320754716981132,False
dualtopo,post_covid,dualtopo,4,neighborhood,Linden,overall,0.5,IT50,53.62727596624066,53,7.0,0.1320754716981132,1.0,0.0,6.0,46.0,0.14285714285714285,0.0,1.0,0.0,0.14285714285714285,0.25,0.14285714285714285,0.22439024390243903,0.35549068394773214,0.8867924528301887,0.14285714285714285,0.09253530257671676,0.1146315414738341,0.19275880454038086,,,,,False
dualtopo,post_covid,dualtopo,4,neighborhood,Linden,overall,0.9,IT90,82.61523156370409,53,0.0,0.0,0.0,0.0,0.0,53.0,,,,0.0,,,,,,1.0,,1.0483787473641186e-07,0.0,,,,,,True
dualtopo,post_covid,dualtopo,4,neighborhood,Linden,overall,0.98,IT98,108.92078323683364,53,0.0,0.0,0.0,0.0,0.0,53.0,,,,0.0,,,,,,1.0,,1.7410848283891425e-18,0.0,,,,,,True
dualtopo,post_covid,dualtopo,4,neighborhood,Linden,flu_season,,bands,,26,,,,,,,,,,,,,,,,,,,,,0.7692307692307693,1.0,0.1958762886597939,-0.23076923076923078,False
dualtopo,post_covid,dualtopo,4,neighborhood,Linden,flu_season,0.5,IT50,53.62727596624066,26,7.0,0.2692307692307692,1.0,0.0,6.0,19.0,0.14285714285714285,0.0,1.0,0.0,0.14285714285714285,0.25,0.14285714285714285,0.1958762886597938,0.3295017884191656,0.7692307692307693,0.14285714285714285,0.1886296552505467,0.19674556213017758,0.04125077481677042,,,,,False
dualtopo,post_covid,dualtopo,4,neighborhood,Linden,flu_season,0.9,IT90,82.61523156370409,26,0.0,0.0,0.0,0.0,0.0,26.0,,,,0.0,,,,,,1.0,,2.1370797542422413e-07,0.0,,,,,,True
dualtopo,post_covid,dualtopo,4,neighborhood,Linden,flu_season,0.98,IT98,108.92078323683364,26,0.0,0.0,0.0,0.0,0.0,26.0,,,,0.0,,,,,,1.0,,3.5491344578701746e-18,0.0,,,,,,True
dualtopo,post_covid,dualtopo,4,neighborhood,NE Suburban,overall,,bands,,53,,,,,,,,,,,,,,,,,,,,,0.9056603773584906,0.9811320754716981,0.0,-0.11320754716981132,False
dualtopo,post_covid,dualtopo,4,neighborhood,NE Suburban,overall,0.5,IT50,27.312493683860776,53,5.0,0.09433962264150944,0.0,0.0,5.0,48.0,0.0,,,0.0,0.0,0.0,0.0,0.0,,0.9056603773584906,0.0,0.06890969163995193,0.08543965824136704,0.19346948409739595,,,,,False
dualtopo,post_covid,dualtopo,4,neighborhood,NE Suburban,overall,0.9,IT90,41.22759712033061,53,1.0,0.018867924528301886,0.0,0.0,1.0,52.0,0.0,,,0.0,0.0,0.0,0.0,0.0,,0.9811320754716981,0.0,0.018862968205547836,0.018511925952296185,-0.018963032488151788,,,,,True
dualtopo,post_covid,dualtopo,4,neighborhood,NE Suburban,overall,0.98,IT98,53.6511443833241,53,0.0,0.0,0.0,0.0,0.0,53.0,,,,0.0,,,,,,1.0,,1.297421457711954e-11,0.0,,,,,,True
dualtopo,post_covid,dualtopo,4,neighborhood,NE Suburban,flu_season,,bands,,26,,,,,,,,,,,,,,,,,,,,,0.8076923076923077,0.9615384615384616,0.0,-0.23076923076923078,False
dualtopo,post_covid,dualtopo,4,neighborhood,NE Suburban,flu_season,0.5,IT50,27.312493683860776,26,5.0,0.19230769230769232,0.0,0.0,5.0,21.0,0.0,,,0.0,0.0,0.0,0.0,0.0,,0.8076923076923077,0.0,0.14046955378647538,0.15532544378698226,0.09564363466992998,,,,,False
dualtopo,post_covid,dualtopo,4,neighborhood,NE Suburban,flu_season,0.9,IT90,41.22759712033061,26,1.0,0.038461538461538464,0.0,0.0,1.0,25.0,0.0,,,0.0,0.0,0.0,0.0,0.0,,0.9615384615384616,0.0,0.03845143518823212,0.036982248520710054,-0.039726807489796734,,,,,True
dualtopo,post_covid,dualtopo,4,neighborhood,NE Suburban,flu_season,0.98,IT98,53.6511443833241,26,0.0,0.0,0.0,0.0,0.0,26.0,,,,0.0,,,,,,1.0,,2.6447437407205212e-11,0.0,,,,,,True
dualtopo,post_covid,dualtopo,4,neighborhood,Northland,overall,,bands,,53,,,,,,,,,,,,,,,,,,,,,0.8867924528301887,1.0,-0.032467532467532534,-0.07547169811320754,False
dualtopo,post_covid,dualtopo,4,neighborhood,Northland,overall,0.5,IT50,56.127661353876796,53,5.0,0.09433962264150944,0.0,1.0,5.0,47.0,0.0,1.0,0.0,0.020833333333333332,0.0,0.0,-0.020833333333333332,-0.032467532467532464,-0.044757179627464554,0.8867924528301887,0.2,0.0794104623526819,0.08543965824136704,0.07056671354715238,,,,,False
dualtopo,post_covid,dualtopo,4,neighborhood,Northland,overall,0.9,IT90,89.91407794411414,53,0.0,0.0,0.0,0.0,0.0,53.0,,,,0.0,,,,,,1.0,,3.31293492889631e-09,0.0,,,,,,True
dualtopo,post_covid,dualtopo,4,neighborhood,Northland,overall,0.98,IT98,121.54516325409915,53,0.0,0.0,0.0,0.0,0.0,53.0,,,,0.0,,,,,,1.0,,6.814011302588837e-24,0.0,,,,,,True
dualtopo,post_covid,dualtopo,4,neighborhood,Northland,flu_season,,bands,,26,,,,,,,,,,,,,,,,,,,,,0.7692307692307693,1.0,-0.06849315068493134,-0.15384615384615385,False
dualtopo,post_covid,dualtopo,4,neighborhood,Northland,flu_season,0.5,IT50,56.127661353876796,26,5.0,0.19230769230769232,0.0,1.0,5.0,20.0,0.0,1.0,0.0,0.047619047619047616,0.0,0.0,-0.047619047619047616,-0.0684931506849315,-0.09759000729485331,0.7692307692307693,0.2,0.16187517320532546,0.15532544378698226,-0.042167781779047564,,,,,False
dualtopo,post_covid,dualtopo,4,neighborhood,Northland,flu_season,0.9,IT90,89.91407794411414,26,0.0,0.0,0.0,0.0,0.0,26.0,,,,0.0,,,,,,1.0,,6.75329043198094e-09,0.0,,,,,,True
dualtopo,post_covid,dualtopo,4,neighborhood,Northland,flu_season,0.98,IT98,121.54516325409915,26,0.0,0.0,0.0,0.0,0.0,26.0,,,,0.0,,,,,,1.0,,1.3890099962969552e-23,0.0,,,,,,True
dualtopo,post_covid,dualtopo,4,neighborhood,UA/Grandview,overall,,bands,,53,,,,,,,,,,,,,,,,,,,,,0.8490566037735849,1.0,-0.07614213197969533,-0.03773584905660377,False
dualtopo,post_covid,dualtopo,4,neighborhood,UA/Grandview,overall,0.5,IT50,8.143164584776198,53,5.0,0.09433962264150944,0.0,3.0,5.0,45.0,0.0,1.0,0.0,0.0625,0.0,0.0,-0.0625,-0.07614213197969544,-0.07905694150420949,0.8490566037735849,0.6,0.08967888757531416,0.08543965824136704,-0.04961664666273946,,,,,False
dualtopo,post_covid,dualtopo,4,neighborhood,UA/Grandview,overall,0.9,IT90,16.706142473783938,53,0.0,0.0,0.0,0.0,0.0,53.0,,,,0.0,,,,,,1.0,,1.5711723283135745e-05,0.0,,,,,,True
dualtopo,post_covid,dualtopo,4,neighborhood,UA/Grandview,overall,0.98,IT98,26.455007113900507,53,0.0,0.0,0.0,0.0,0.0,53.0,,,,0.0,,,,,,1.0,,8.176316878507027e-14,0.0,,,,,,True
dualtopo,post_covid,dualtopo,4,neighborhood,UA/Grandview,flu_season,,bands,,26,,,,,,,,,,,,,,,,,,,,,0.6923076923076923,1.0,-0.16853932584269682,-0.07692307692307693,False
dualtopo,post_covid,dualtopo,4,neighborhood,UA/Grandview,flu_season,0.5,IT50,8.143164584776198,26,5.0,0.19230769230769232,0.0,3.0,5.0,18.0,0.0,1.0,0.0,0.14285714285714285,0.0,0.0,-0.14285714285714285,-0.16853932584269662,-0.17622684421256035,0.6923076923076923,0.6,0.1827377592428953,0.15532544378698226,-0.17648309760187808,,,,,False
dualtopo,post_covid,dualtopo,4,neighborhood,UA/Grandview,flu_season,0.9,IT90,16.706142473783938,26,0.0,0.0,0.0,0.0,0.0,26.0,,,,0.0,,,,,,1.0,,3.20277436156185e-05,0.0,,,,,,True
dualtopo,post_covid,dualtopo,4,neighborhood,UA/Grandview,flu_season,0.98,IT98,26.455007113900507,26,0.0,0.0,0.0,0.0,0.0,26.0,,,,0.0,,,,,,1.0,,1.6667107483110473e-13,0.0,,,,,,True
dualtopo,post_covid,dualtopo,4,neighborhood,West,overall,,bands,,53,,,,,,,,,,,,,,,,,,,,,0.9245283018867925,1.0,-0.029126213592232775,-0.03773584905660377,False
dualtopo,post_covid,dualtopo,4,neighborhood,West,overall,0.5,IT50,73.15037971354549,53,3.0,0.05660377358490566,0.0,1.0,3.0,49.0,0.0,1.0,0.0,0.02,0.0,0.0,-0.02,-0.02912621359223301,-0.03396831102433787,0.9245283018867925,0.3333333333333333,0.037816033454283006,0.05339978640085441,0.2918317468461271,,,,,True
dualtopo,post_covid,dualtopo,4,neighborhood,West,overall,0.9,IT90,114.1022318647041,53,0.0,0.0,0.0,0.0,0.0,53.0,,,,0.0,,,,,,1.0,,1.2597946803470463e-09,0.0,,,,,,True
dualtopo,post_covid,dualtopo,4,neighborhood,West,overall,0.98,IT98,151.63555393306305,53,0.0,0.0,0.0,0.0,0.0,53.0,,,,0.0,,,,,,1.0,,3.068827512120021e-25,0.0,,,,,,True
dualtopo,post_covid,dualtopo,4,neighborhood,West,flu_season,,bands,,26,,,,,,,,,,,,,,,,,,,,,0.8461538461538461,1.0,-0.061224489795918435,-0.07692307692307693,False
dualtopo,post_covid,dualtopo,4,neighborhood,West,flu_season,0.5,IT50,73.15037971354549,26,3.0,0.11538461538461539,0.0,1.0,3.0,22.0,0.0,1.0,0.0,0.043478260869565216,0.0,0.0,-0.043478260869565216,-0.061224489795918366,-0.07223151185146152,0.8461538461538461,0.3333333333333333,0.07708652973373004,0.10207100591715977,0.2447754478260652,,,,,True
dualtopo,post_covid,dualtopo,4,neighborhood,West,flu_season,0.9,IT90,114.1022318647041,26,0.0,0.0,0.0,0.0,0.0,26.0,,,,0.0,,,,,,1.0,,2.5680430022459024e-09,0.0,,,,,,True
dualtopo,post_covid,dualtopo,4,neighborhood,West,flu_season,0.98,IT98,151.63555393306305,26,0.0,0.0,0.0,0.0,0.0,26.0,,,,0.0,,,,,,1.0,,6.2556868516292745e-25,0.0,,,,,,True
dualtopo,post_covid,dualtopo,4,neighborhood,Westerville,overall,,bands,,53,,,,,,,,,,,,,,,,,,,,,0.8679245283018868,0.9622641509433962,0.0,-0.16981132075471697,False
dualtopo,post_covid,dualtopo,4,neighborhood,Westerville,overall,0.5,IT50,24.33364195874595,53,7.0,0.1320754716981132,0.0,0.0,7.0,46.0,0.0,,,0.0,0.0,0.0,0.0,0.0,,0.8679245283018868,0.0,0.11692282085125913,0.1146315414738341,-0.019988210469524592,,,,,False
dualtopo,post_covid,dualtopo,4,neighborhood,Westerville,overall,0.9,IT90,36.408491039457616,53,2.0,0.03773584905660377,0.0,0.0,2.0,51.0,0.0,,,0.0,0.0,0.0,0.0,0.0,,0.9622641509433962,0.0,0.03773392468071047,0.03631185475258099,-0.039162690471722605,,,,,True
dualtopo,post_covid,dualtopo,4,neighborhood,Westerville,overall,0.98,IT98,47.11324141772458,53,0.0,0.0,0.0,0.0,0.0,53.0,,,,0.0,,,,,,1.0,,2.3326343791506e-16,0.0,,,,,,True
dualtopo,post_covid,dualtopo,4,neighborhood,Westerville,flu_season,,bands,,26,,,,,,,,,,,,,,,,,,,,,0.7307692307692307,0.9230769230769231,0.0,-0.34615384615384615,False
dualtopo,post_covid,dualtopo,4,neighborhood,Westerville,flu_season,0.5,IT50,24.33364195874595,26,7.0,0.2692307692307692,0.0,0.0,7.0,19.0,0.0,,,0.0,0.0,0.0,0.0,0.0,,0.7307692307692307,0.0,0.238342510322509,0.19674556213017758,-0.211425090060271,,,,,False
dualtopo,post_covid,dualtopo,4,neighborhood,Westerville,flu_season,0.9,IT90,36.408491039457616,26,2.0,0.07692307692307693,0.0,0.0,2.0,24.0,0.0,,,0.0,0.0,0.0,0.0,0.0,,0.9230769230769231,0.0,0.07691915415683287,0.07100591715976333,-0.08327808770872935,,,,,True
dualtopo,post_covid,dualtopo,4,neighborhood,Westerville,flu_season,0.98,IT98,47.11324141772458,26,0.0,0.0,0.0,0.0,0.0,26.0,,,,0.0,,,,,,1.0,,4.754985465191608e-16,0.0,,,,,,True
dualtopo,post_covid,dualtopo,4,neighborhood,Worthington,overall,,bands,,53,,,,,,,,,,,,,,,,,,,,,0.6981132075471698,0.9056603773584906,0.0,-0.4339622641509434,False
dualtopo,post_covid,dualtopo,4,neighborhood,Worthington,overall,0.5,IT50,13.721631551906164,53,16.0,0.3018867924528302,0.0,0.0,16.0,37.0,0.0,,,0.0,0.0,0.0,0.0,0.0,,0.6981132075471698,0.0,0.2358127368326552,0.21075115699537203,-0.11891550297791964,,,,,False
dualtopo,post_covid,dualtopo,4,neighborhood,Worthington,overall,0.9,IT90,22.978569674557114,53,5.0,0.09433962264150944,0.0,0.0,5.0,48.0,0.0,,,0.0,0.0,0.0,0.0,0.0,,0.9056603773584906,0.0,0.09426111051303233,0.08543965824136704,-0.10324774762961586,,,,,False
dualtopo,post_covid,dualtopo,4,neighborhood,Worthington,overall,0.98,IT98,31.956357603850087,53,2.0,0.03773584905660377,0.0,0.0,2.0,51.0,0.0,,,0.0,0.0,0.0,0.0,0.0,,0.9622641509433962,0.0,0.037735847848606334,0.03631185475258099,-0.03921565300720786,,,,,True
dualtopo,post_covid,dualtopo,4,neighborhood,Worthington,flu_season,,bands,,26,,,,,,,,,,,,,,,,,,,,,0.46153846153846156,0.8076923076923077,0.0,-0.8076923076923077,False
dualtopo,post_covid,dualtopo,4,neighborhood,Worthington,flu_season,0.5,IT50,13.721631551906164,26,14.0,0.5384615384615384,0.0,0.0,14.0,12.0,0.0,,,0.0,0.0,0.0,0.0,0.0,,0.46153846153846156,0.0,0.4048169986935853,0.24852071005917165,-0.6289064947432357,,,,,False
dualtopo,post_covid,dualtopo,4,neighborhood,Worthington,flu_season,0.9,IT90,22.978569674557114,26,5.0,0.19230769230769232,0.0,0.0,5.0,21.0,0.0,,,0.0,0.0,0.0,0.0,0.0,,0.8076923076923077,0.0,0.19214764835348747,0.15532544378698226,-0.23706485987578585,,,,,False
dualtopo,post_covid,dualtopo,4,neighborhood,Worthington,flu_season,0.98,IT98,31.956357603850087,26,2.0,0.07692307692307693,0.0,0.0,2.0,24.0,0.0,,,0.0,0.0,0.0,0.0,0.0,,0.9230769230769231,0.0,0.07692307446062062,0.07100591715976333,-0.08333329865374006,,,,,True
gat,post_covid,gat,4,citywide,CITYWIDE,overall,,bands,,53,,,,,,,,,,,,,,,,,,,,,0.7735849056603774,0.9622641509433962,0.26160990712074317,0.07547169811320754,False
gat,post_covid,gat,4,citywide,CITYWIDE,overall,0.5,IT50,35.19412725226089,53,8.0,0.1509433962264151,3.0,5.0,5.0,40.0,0.375,0.625,0.375,0.1111111111111111,0.23076923076923078,0.375,0.2638888888888889,0.2638888888888889,0.2638888888888889,0.8113207547169812,1.0,0.1664068308842701,0.12815948736205057,-0.29843552209420743,,,,,False
gat,post_covid,gat,4,citywide,CITYWIDE,overall,0.9,IT90,56.071415152332634,53,0.0,0.0,0.0,4.0,0.0,49.0,,1.0,0.0,0.07547169811320754,0.0,0.0,,0.0,,0.9245283018867925,,0.03655889004587161,0.0,,,,,,True
gat,post_covid,gat,4,citywide,CITYWIDE,overall,0.98,IT98,75.53173152268305,53,0.0,0.0,0.0,0.0,0.0,53.0,,,,0.0,,,,,,1.0,,0.0019112810347855487,0.0,,,,,,True
gat,post_covid,gat,4,citywide,CITYWIDE,flu_season,,bands,,26,,,,,,,,,,,,,,,,,,,,,0.5384615384615384,0.9230769230769231,0.12686567164179097,0.15384615384615385,False
gat,post_covid,gat,4,citywide,CITYWIDE,flu_season,0.5,IT50,35.19412725226089,26,8.0,0.3076923076923077,3.0,5.0,5.0,13.0,0.375,0.625,0.375,0.2777777777777778,0.23076923076923078,0.375,0.09722222222222221,0.09722222222222222,0.09722222222222222,0.6153846153846154,1.0,0.3392130272870508,0.2130177514792899,-0.5924167114308776,,,,,False
gat,post_covid,gat,4,citywide,CITYWIDE,flu_season,0.9,IT90,56.071415152332634,26,0.0,0.0,0.0,4.0,0.0,22.0,,1.0,0.0,0.15384615384615385,0.0,0.0,,0.0,,0.8461538461538461,,0.07452389124735367,0.0,,,,,,True
gat,post_covid,gat,4,citywide,CITYWIDE,flu_season,0.98,IT98,75.53173152268305,26,0.0,0.0,0.0,0.0,0.0,26.0,,,,0.0,,,,,,1.0,,0.0038960728786013106,0.0,,,,,,True
gat,post_covid,gat,4,pooled,ALL,overall,,bands,,901,,,,,,,,,,,,,,,,,,,,,0.7891231964483907,0.9489456159822419,0.16376942238247894,0.04661487236403995,False
gat,post_covid,gat,4,pooled,ALL,overall,0.5,IT50,,901,118.0,0.1309655937846837,37.0,93.0,81.0,690.0,0.3135593220338983,0.7153846153846154,0.2846153846153846,0.11877394636015326,0.17535545023696683,0.29838709677419356,0.19478537567374504,0.1867218625498008,0.187016259648316,0.806881243063263,1.1016949152542372,0.16024613899529286,0.11381360702930893,-0.40796995348743126,,,,,False
gat,post_covid,gat,4,pooled,ALL,overall,0.9,IT90,,901,17.0,0.018867924528301886,3.0,48.0,14.0,836.0,0.17647058823529413,0.9411764705882353,0.058823529411764705,0.05429864253393665,0.046153846153846156,0.08823529411764706,0.12217194570135748,0.06167904054825814,0.07193289393389196,0.9311875693673696,3.0,0.042270233952659234,0.01851192595229619,-1.283405522558073,,,,,False
gat,post_covid,gat,4,pooled,ALL,overall,0.98,IT98,,901,4.0,0.004439511653718091,0.0,0.0,4.0,897.0,0.0,,,0.0,0.0,0.0,0.0,0.0,,0.9955604883462819,0.0,0.006690359291411774,0.004419802389994593,-0.5137236240600249,,,,,True
gat,post_covid,gat,4,pooled,ALL,flu_season,,bands,,442,,,,,,,,,,,,,,,,,,,,,0.579185520361991,0.8959276018099548,0.03758560885141715,0.10407239819004525,False
gat,post_covid,gat,4,pooled,ALL,flu_season,0.5,IT50,,442,114.0,0.2579185520361991,37.0,93.0,77.0,235.0,0.32456140350877194,0.7153846153846154,0.2846153846153846,0.28353658536585363,0.178743961352657,0.30327868852459017,0.04102481814291831,0.03922872340425532,0.03939009597009695,0.6153846153846154,1.1403508771929824,0.3178140747652138,0.19139657255174955,-0.6605003450586016,,,,,False
gat,post_covid,gat,4,pooled,ALL,flu_season,0.9,IT90,,442,17.0,0.038461538461538464,3.0,48.0,14.0,377.0,0.17647058823529413,0.9411764705882353,0.058823529411764705,0.11294117647058824,0.046153846153846156,0.08823529411764706,0.06352941176470589,0.03241296518607443,0.0382402121566561,0.8597285067873304,3.0,0.08616624438482458,0.03698224852071006,-1.3299352481656563,,,,,False
gat,post_covid,gat,4,pooled,ALL,flu_season,0.98,IT98,,442,4.0,0.00904977375565611,0.0,0.0,4.0,438.0,0.0,,,0.0,0.0,0.0,0.0,0.0,,0.9909502262443439,0.0,0.01363804009401077,0.008967875350627548,-0.5207660187935614,,,,,True
gat,post_covid,gat,4,neighborhood,Agler/Cassidy,overall,,bands,,53,,,,,,,,,,,,,,,,,,,,,0.7735849056603774,0.9622641509433962,-0.014893617021276784,0.07547169811320754,False
gat,post_covid,gat,4,neighborhood,Agler/Cassidy,overall,0.5,IT50,51.74083078339265,53,6.0,0.11320754716981132,1.0,7.0,5.0,40.0,0.16666666666666666,0.875,0.125,0.14893617021276595,0.07692307692307693,0.14285714285714285,0.017730496453900707,0.015479876160990712,0.015692574524056445,0.7735849056603774,1.3333333333333333,0.20823586180594325,0.10039159843360627,-1.074235942598917,,,,,False
gat,post_covid,gat,4,neighborhood,Agler/Cassidy,overall,0.9,IT90,88.48740693700204,53,0.0,0.0,0.0,2.0,0.0,51.0,,1.0,0.0,0.03773584905660377,0.0,0.0,,0.0,,0.9622641509433962,,0.020031947488352318,0.0,,,,,,True
gat,post_covid,gat,4,neighborhood,Agler/Cassidy,overall,0.98,IT98,124.72586226376617,53,0.0,0.0,0.0,0.0,0.0,53.0,,,,0.0,,,,,,1.0,,3.7792552305906196e-05,0.0,,,,,,True
gat,post_covid,gat,4,neighborhood,Agler/Cassidy,flu_season,,bands,,26,,,,,,,,,,,,,,,,,,,,,0.5384615384615384,0.9230769230769231,-0.17000000000000015,0.15384615384615385,False
gat,post_covid,gat,4,neighborhood,Agler/Cassidy,flu_season,0.5,IT50,51.74083078339265,26,6.0,0.23076923076923078,1.0,7.0,5.0,13.0,0.16666666666666666,0.875,0.125,0.35,0.07692307692307693,0.14285714285714285,-0.18333333333333332,-0.16417910447761194,-0.16735967034880075,0.5384615384615384,1.3333333333333333,0.42448077154397185,0.17751479289940827,-1.3912416796977083,,,,,False
gat,post_covid,gat,4,neighborhood,Agler/Cassidy,flu_season,0.9,IT90,88.48740693700204,26,0.0,0.0,0.0,2.0,0.0,24.0,,1.0,0.0,0.07692307692307693,0.0,0.0,,0.0,,0.9230769230769231,,0.04083435449548742,0.0,,,,,,True
gat,post_covid,gat,4,neighborhood,Agler/Cassidy,flu_season,0.98,IT98,124.72586226376617,26,0.0,0.0,0.0,0.0,0.0,26.0,,,,0.0,,,,,,1.0,,7.703866431588571e-05,0.0,,,,,,True
gat,post_covid,gat,4,neighborhood,Bexley,overall,,bands,,53,,,,,,,,,,,,,,,,,,,,,0.7735849056603774,0.9245283018867925,0.059938837920489374,-0.018867924528301886,False
gat,post_covid,gat,4,neighborhood,Bexley,overall,0.5,IT50,24.605454693531783,53,8.0,0.1509433962264151,2.0,5.0,6.0,40.0,0.25,0.7142857142857143,0.2857142857142857,0.1111111111111111,0.15384615384615385,0.26666666666666666,0.1388888888888889,0.14641288433382138,0.14685570351046695,0.7924528301886793,0.875,0.18072737388377094,0.12815948736205057,-0.4101755367764235,,,,,False
gat,post_covid,gat,4,neighborhood,Bexley,overall,0.9,IT90,37.5430295506582,53,2.0,0.03773584905660377,0.0,3.0,2.0,48.0,0.0,1.0,0.0,0.058823529411764705,0.0,0.0,-0.058823529411764705,-0.04743083003952569,-0.048507125007266595,0.9056603773584906,1.5,0.07287223327094257,0.03631185475258099,-1.0068441495889968,,,,,True
gat,post_covid,gat,4,neighborhood,Bexley,overall,0.98,IT98,49.19357270883574,53,1.0,0.018867924528301886,0.0,0.0,1.0,52.0,0.0,,,0.0,0.0,0.0,0.0,0.0,,0.9811320754716981,0.0,0.024020001065325317,0.018511925952296185,-0.2975419806249777,,,,,True
gat,post_covid,gat,4,neighborhood,Bexley,flu_season,,bands,,26,,,,,,,,,,,,,,,,,,,,,0.5769230769230769,0.8461538461538461,-0.06432748538011701,0.0,False
gat,post_covid,gat,4,neighborhood,Bexley,flu_season,0.5,IT50,24.605454693531783,26,7.0,0.2692307692307692,2.0,5.0,5.0,14.0,0.2857142857142857,0.7142857142857143,0.2857142857142857,0.2631578947368421,0.16666666666666666,0.2857142857142857,0.022556390977443608,0.022556390977443608,0.022556390977443608,0.6153846153846154,1.0,0.3300284330937189,0.19674556213017758,-0.6774377501605555,,,,,False
gat,post_covid,gat,4,neighborhood,Bexley,flu_season,0.9,IT90,37.5430295506582,26,2.0,0.07692307692307693,0.0,3.0,2.0,21.0,0.0,1.0,0.0,0.125,0.0,0.0,-0.125,-0.1016949152542373,-0.10425720702853737,0.8076923076923077,1.5,0.14854724474461112,0.07100591715976333,-1.092040363486606,,,,,True
gat,post_covid,gat,4,neighborhood,Bexley,flu_season,0.98,IT98,49.19357270883574,26,1.0,0.038461538461538464,0.0,0.0,1.0,25.0,0.0,,,0.0,0.0,0.0,0.0,0.0,,0.9615384615384616,0.0,0.04896384832547084,0.036982248520710054,-0.32398245872073184,,,,,True
gat,post_covid,gat,4,neighborhood,Clintonville/Near North,overall,,bands,,53,,,,,,,,,,,,,,,,,,,,,0.7924528301886793,0.9245283018867925,0.3129629629629629,-0.07547169811320754,False
gat,post_covid,gat,4,neighborhood,Clintonville/Near North,overall,0.5,IT50,15.728895715230147,53,11.0,0.20754716981132076,5.0,3.0,6.0,39.0,0.45454545454545453,0.375,0.625,0.07142857142857142,0.35714285714285715,0.5263157894736842,0.3831168831168831,0.4259927797833935,0.4340112911731685,0.8301886792452831,0.7272727272727273,0.1315958765121916,0.1644713421146316,0.19988567722349337,,,,,False
gat,post_covid,gat,4,neighborhood,Clintonville/Near North,overall,0.9,IT90,22.099499115677975,53,4.0,0.07547169811320754,1.0,3.0,3.0,46.0,0.25,0.75,0.25,0.061224489795918366,0.14285714285714285,0.25,0.18877551020408162,0.18877551020408162,0.18877551020408162,0.8867924528301887,1.0,0.09316566151705442,0.06977572089711641,-0.33521603674186684,,,,,True
gat,post_covid,gat,4,neighborhood,Clintonville/Near North,overall,0.98,IT98,27.469599865392972,53,1.0,0.018867924528301886,0.0,0.0,1.0,52.0,0.0,,,0.0,0.0,0.0,0.0,0.0,,0.9811320754716981,0.0,0.03183370121179454,0.018511925952296185,-0.719632051998671,,,,,True
gat,post_covid,gat,4,neighborhood,Clintonville/Near North,flu_season,,bands,,26,,,,,,,,,,,,,,,,,,,,,0.5769230769230769,0.8461538461538461,0.15740740740740744,-0.15384615384615385,False
gat,post_covid,gat,4,neighborhood,Clintonville/Near North,flu_season,0.5,IT50,15.728895715230147,26,11.0,0.4230769230769231,5.0,3.0,6.0,12.0,0.45454545454545453,0.375,0.625,0.2,0.35714285714285715,0.5263157894736842,0.2545454545454545,0.2641509433962264,0.2724746304565331,0.6538461538461539,0.7272727272727273,0.2681423218510268,0.24408284023668633,-0.09857096709875268,,,,,False
gat,post_covid,gat,4,neighborhood,Clintonville/Near North,flu_season,0.9,IT90,22.099499115677975,26,4.0,0.15384615384615385,1.0,3.0,3.0,19.0,0.25,0.75,0.25,0.13636363636363635,0.14285714285714285,0.25,0.11363636363636365,0.11363636363636363,0.11363636363636363,0.7692307692307693,1.0,0.18991460639478797,0.13017751479289943,-0.4588894763963254,,,,,True
gat,post_covid,gat,4,neighborhood,Clintonville/Near North,flu_season,0.98,IT98,27.469599865392972,26,1.0,0.038461538461538464,0.0,0.0,1.0,25.0,0.0,,,0.0,0.0,0.0,0.0,0.0,,0.9615384615384616,0.0,0.06489177554676431,0.036982248520710054,-0.7546736107845073,,,,,True
gat,post_covid,gat,4,neighborhood,Dublin,overall,,bands,,53,,,,,,,,,,,,,,,,,,,,,0.7924528301886793,0.9622641509433962,0.2131004366812228,-0.018867924528301886,False
gat,post_covid,gat,4,neighborhood,Dublin,overall,0.5,IT50,8.038849454818003,53,9.0,0.16981132075471697,3.0,4.0,6.0,40.0,0.3333333333333333,0.5714285714285714,0.42857142857142855,0.09090909090909091,0.23076923076923078,0.375,0.2424242424242424,0.2659279778393352,0.26884112508397984,0.8113207547169812,0.7777777777777778,0.12833955017055315,0.14097543609825564,0.08963182719928353,,,,,False
gat,post_covid,gat,4,neighborhood,Dublin,overall,0.9,IT90,14.1626396504559,53,1.0,0.018867924528301886,0.0,2.0,1.0,50.0,0.0,1.0,0.0,0.038461538461538464,0.0,0.0,-0.038461538461538464,-0.025806451612903226,-0.027461751819054487,0.9433962264150944,2.0,0.04241029918599735,0.018511925952296185,-1.2909717387205113,,,,,True
gat,post_covid,gat,4,neighborhood,Dublin,overall,0.98,IT98,20.345693253667104,53,0.0,0.0,0.0,0.0,0.0,53.0,,,,0.0,,,,,,1.0,,0.0021859933192618216,0.0,,,,,,True
gat,post_covid,gat,4,neighborhood,Dublin,flu_season,,bands,,26,,,,,,,,,,,,,,,,,,,,,0.6153846153846154,0.9230769230769231,0.09956709956709942,0.0,False
gat,post_covid,gat,4,neighborhood,Dublin,flu_season,0.5,IT50,8.038849454818003,26,8.0,0.3076923076923077,3.0,4.0,5.0,14.0,0.375,0.5714285714285714,0.42857142857142855,0.2222222222222222,0.25,0.4,0.1527777777777778,0.15827338129496402,0.158970161079422,0.6538461538461539,0.875,0.2249260505063521,0.21301775147928986,-0.05590284821037539,,,,,False
gat,post_covid,gat,4,neighborhood,Dublin,flu_season,0.9,IT90,14.1626396504559,26,1.0,0.038461538461538464,0.0,2.0,1.0,23.0,0.0,1.0,0.0,0.08,0.0,0.0,-0.08,-0.05405405405405406,-0.05773502691896257,0.8846153846153846,2.0,0.0864517498897784,0.036982248520710054,-1.3376553170196082,,,,,True
gat,post_covid,gat,4,neighborhood,Dublin,flu_season,0.98,IT98,20.345693253667104,26,0.0,0.0,0.0,0.0,0.0,26.0,,,,0.0,,,,,,1.0,,0.004456063304648797,0.0,,,,,,True
gat,post_covid,gat,4,neighborhood,Eastside,overall,,bands,,53,,,,,,,,,,,,,,,,,,,,,0.8113207547169812,0.9433962264150944,0.15021097046413523,0.05660377358490566,False
gat,post_covid,gat,4,neighborhood,Eastside,overall,0.5,IT50,53.89825474693718,53,6.0,0.11320754716981132,2.0,5.0,4.0,42.0,0.3333333333333333,0.7142857142857143,0.2857142857142857,0.10638297872340426,0.18181818181818182,0.3076923076923077,0.22695035460992907,0.2115702479338843,0.21238678164056746,0.8301886792452831,1.1666666666666667,0.1375906967829848,0.10039159843360627,-0.370539954834767,,,,,False
gat,post_covid,gat,4,neighborhood,Eastside,overall,0.9,IT90,89.53274062296502,53,1.0,0.018867924528301886,0.0,3.0,1.0,49.0,0.0,1.0,0.0,0.057692307692307696,0.0,0.0,-0.057692307692307696,-0.02912621359223301,-0.03396831102433787,0.9245283018867925,3.0,0.04376195126539721,0.018511925952296185,-1.3639869443173231,,,,,True
gat,post_covid,gat,4,neighborhood,Eastside,overall,0.98,IT98,123.87134674281285,53,0.0,0.0,0.0,0.0,0.0,53.0,,,,0.0,,,,,,1.0,,0.00014052277186295842,0.0,,,,,,True
gat,post_covid,gat,4,neighborhood,Eastside,flu_season,,bands,,26,,,,,,,,,,,,,,,,,,,,,0.6153846153846154,0.8846153846153846,0.03137254901960751,0.11538461538461539,False
gat,post_covid,gat,4,neighborhood,Eastside,flu_season,0.5,IT50,53.89825474693718,26,6.0,0.23076923076923078,2.0,5.0,4.0,15.0,0.3333333333333333,0.7142857142857143,0.2857142857142857,0.25,0.18181818181818182,0.3076923076923077,0.08333333333333331,0.07874015748031496,0.07915594835766294,0.6538461538461539,1.1666666666666667,0.28047334225558956,0.17751479289940827,-0.5799998280398213,,,,,False
gat,post_covid,gat,4,neighborhood,Eastside,flu_season,0.9,IT90,89.53274062296502,26,1.0,0.038461538461538464,0.0,3.0,1.0,22.0,0.0,1.0,0.0,0.12,0.0,0.0,-0.12,-0.061224489795918366,-0.07223151185146152,0.8461538461538461,3.0,0.08920705450254045,0.036982248520710054,-1.412158753748694,,,,,True
gat,post_covid,gat,4,neighborhood,Eastside,flu_season,0.98,IT98,123.87134674281285,26,0.0,0.0,0.0,0.0,0.0,26.0,,,,0.0,,,,,,1.0,,0.000286450265720646,0.0,,,,,,True
gat,post_covid,gat,4,neighborhood,Far East,overall,,bands,,53,,,,,,,,,,,,,,,,,,,,,0.7924528301886793,0.9433962264150944,0.07986111111111127,0.07547169811320754,False
gat,post_covid,gat,4,neighborhood,Far East,overall,0.5,IT50,76.01095931639992,53,5.0,0.09433962264150944,1.0,6.0,4.0,42.0,0.2,0.8571428571428571,0.14285714285714285,0.125,0.09090909090909091,0.16666666666666666,0.07500000000000001,0.0636042402826855,0.06474987709525734,0.8113207547169812,1.4,0.1763820519299172,0.08543965824136704,-1.064404932796406,,,,,False
gat,post_covid,gat,4,neighborhood,Far East,overall,0.9,IT90,119.58175049878095,53,1.0,0.018867924528301886,0.0,3.0,1.0,49.0,0.0,1.0,0.0,0.057692307692307696,0.0,0.0,-0.057692307692307696,-0.02912621359223301,-0.03396831102433787,0.9245283018867925,3.0,0.04843337268423856,0.018511925952296185,-1.6163335359620414,,,,,True
gat,post_covid,gat,4,neighborhood,Far East,overall,0.98,IT98,159.7885780471188,53,0.0,0.0,0.0,0.0,0.0,53.0,,,,0.0,,,,,,1.0,,0.00025291001865047896,0.0,,,,,,True
gat,post_covid,gat,4,neighborhood,Far East,flu_season,,bands,,26,,,,,,,,,,,,,,,,,,,,,0.5769230769230769,0.8846153846153846,-0.03174603174603163,0.15384615384615385,False
gat,post_covid,gat,4,neighborhood,Far East,flu_season,0.5,IT50,76.01095931639992,26,5.0,0.19230769230769232,1.0,6.0,4.0,15.0,0.2,0.8571428571428571,0.14285714285714285,0.2857142857142857,0.09090909090909091,0.16666666666666666,-0.08571428571428569,-0.0743801652892562,-0.07615914142616902,0.6153846153846154,1.4,0.35954802617328036,0.15532544378698226,-1.314804435172738,,,,,False
gat,post_covid,gat,4,neighborhood,Far East,flu_season,0.9,IT90,119.58175049878095,26,1.0,0.038461538461538464,0.0,3.0,1.0,22.0,0.0,1.0,0.0,0.12,0.0,0.0,-0.12,-0.061224489795918366,-0.07223151185146152,0.8461538461538461,3.0,0.09872956739479398,0.036982248520710054,-1.6696475023552297,,,,,True
gat,post_covid,gat,4,neighborhood,Far East,flu_season,0.98,IT98,159.7885780471188,26,0.0,0.0,0.0,0.0,0.0,26.0,,,,0.0,,,,,,1.0,,0.0005155473457105919,0.0,,,,,,True
gat,post_covid,gat,4,neighborhood,Far South,overall,,bands,,53,,,,,,,,,,,,,,,,,,,,,0.8113207547169812,0.9622641509433962,0.24150268336314862,0.07547169811320754,False
gat,post_covid,gat,4,neighborhood,Far South,overall,0.5,IT50,69.7066330370401,53,7.0,0.1320754716981132,3.0,5.0,4.0,41.0,0.42857142857142855,0.625,0.375,0.10869565217391304,0.25,0.4,0.3198757763975155,0.30161054172767204,0.3025227492315619,0.8301886792452831,1.1428571428571428,0.16150339669940988,0.11463154147383411,-0.40889143269764694,,,,,False
gat,post_covid,gat,4,neighborhood,Far South,overall,0.9,IT90,121.95949130896,53,0.0,0.0,0.0,3.0,0.0,50.0,,1.0,0.0,0.05660377358490566,0.0,0.0,,0.0,,0.9433962264150944,,0.024969642299586668,0.0,,,,,,True
gat,post_covid,gat,4,neighborhood,Far South,overall,0.98,IT98,174.42921640712913,53,0.0,0.0,0.0,0.0,0.0,53.0,,,,0.0,,,,,,1.0,,2.0864206161156843e-05,0.0,,,,,,True
gat,post_covid,gat,4,neighborhood,Far South,flu_season,,bands,,26,,,,,,,,,,,,,,,,,,,,,0.6153846153846154,0.9230769230769231,0.11489361702127665,0.15384615384615385,False
gat,post_covid,gat,4,neighborhood,Far South,flu_season,0.5,IT50,69.7066330370401,26,7.0,0.2692307692307692,3.0,5.0,4.0,14.0,0.42857142857142855,0.625,0.375,0.2631578947368421,0.25,0.4,0.16541353383458646,0.15827338129496402,0.158970161079422,0.6538461538461539,1.1428571428571428,0.32921846239469976,0.19674556213017758,-0.6733209066076464,,,,,False
gat,post_covid,gat,4,neighborhood,Far South,flu_season,0.9,IT90,121.95949130896,26,0.0,0.0,0.0,3.0,0.0,23.0,,1.0,0.0,0.11538461538461539,0.0,0.0,,0.0,,0.8846153846153846,,0.05089965545684975,0.0,,,,,,True
gat,post_covid,gat,4,neighborhood,Far South,flu_season,0.98,IT98,174.42921640712913,26,0.0,0.0,0.0,0.0,0.0,26.0,,,,0.0,,,,,,1.0,,4.253088179005049e-05,0.0,,,,,,True
gat,post_covid,gat,4,neighborhood,Far Southeast,overall,,bands,,53,,,,,,,,,,,,,,,,,,,,,0.7924528301886793,0.9622641509433962,0.11056268509378087,0.09433962264150944,False
gat,post_covid,gat,4,neighborhood,Far Southeast,overall,0.5,IT50,10.956265259525463,53,5.0,0.09433962264150944,1.0,6.0,4.0,42.0,0.2,0.8571428571428571,0.14285714285714285,0.125,0.09090909090909091,0.16666666666666666,0.07500000000000001,0.0636042402826855,0.06474987709525734,0.8113207547169812,1.4,0.1445440592429584,0.08543965824136704,-0.6917677600561256,,,,,False
gat,post_covid,gat,4,neighborhood,Far Southeast,overall,0.9,IT90,18.40391015194404,53,0.0,0.0,0.0,3.0,0.0,50.0,,1.0,0.0,0.05660377358490566,0.0,0.0,,0.0,,0.9433962264150944,,0.026031169592939312,0.0,,,,,,True
gat,post_covid,gat,4,neighborhood,Far Southeast,overall,0.98,IT98,25.644566505740826,53,0.0,0.0,0.0,0.0,0.0,53.0,,,,0.0,,,,,,1.0,,0.002948516635044236,0.0,,,,,,True
gat,post_covid,gat,4,neighborhood,Far Southeast,flu_season,,bands,,26,,,,,,,,,,,,,,,,,,,,,0.5769230769230769,0.9230769230769231,0.008968609865470878,0.19230769230769232,False
gat,post_covid,gat,4,neighborhood,Far Southeast,flu_season,0.5,IT50,10.956265259525463,26,5.0,0.19230769230769232,1.0,6.0,4.0,15.0,0.2,0.8571428571428571,0.14285714285714285,0.2857142857142857,0.09090909090909091,0.16666666666666666,-0.08571428571428569,-0.0743801652892562,-0.07615914142616902,0.6153846153846154,1.4,0.2941047079198833,0.15532544378698226,-0.8934741195603912,,,,,False
gat,post_covid,gat,4,neighborhood,Far Southeast,flu_season,0.9,IT90,18.40391015194404,26,0.0,0.0,0.0,3.0,0.0,23.0,,1.0,0.0,0.11538461538461539,0.0,0.0,,0.0,,0.8846153846153846,,0.05306353650818386,0.0,,,,,,True
gat,post_covid,gat,4,neighborhood,Far Southeast,flu_season,0.98,IT98,25.644566505740826,26,0.0,0.0,0.0,0.0,0.0,26.0,,,,0.0,,,,,,1.0,,0.006010437756051704,0.0,,,,,,True
gat,post_covid,gat,4,neighborhood,Far Southwest,overall,,bands,,53,,,,,,,,,,,,,,,,,,,,,0.7735849056603774,0.9433962264150944,-0.09871668311944704,0.09433962264150944,False
gat,post_covid,gat,4,neighborhood,Far Southwest,overall,0.5,IT50,34.041053932580134,53,5.0,0.09433962264150944,0.0,7.0,5.0,41.0,0.0,1.0,0.0,0.14583333333333334,0.0,0.0,-0.14583333333333334,-0.12367491166077739,-0.12590253879633373,0.7735849056603774,1.4,0.19607931108778023,0.08543965824136704,-1.2949449368565609,,,,,False
gat,post_covid,gat,4,neighborhood,Far Southwest,overall,0.9,IT90,54.68112356483704,53,0.0,0.0,0.0,3.0,0.0,50.0,,1.0,0.0,0.05660377358490566,0.0,0.0,,0.0,,0.9433962264150944,,0.02305608218280023,0.0,,,,,,True
gat,post_covid,gat,4,neighborhood,Far Southwest,overall,0.98,IT98,74.04650918881951,53,0.0,0.0,0.0,0.0,0.0,53.0,,,,0.0,,,,,,1.0,,0.0006390369998242239,0.0,,,,,,True
gat,post_covid,gat,4,neighborhood,Far Southwest,flu_season,,bands,,26,,,,,,,,,,,,,,,,,,,,,0.5384615384615384,0.8846153846153846,-0.2242152466367715,0.19230769230769232,False
gat,post_covid,gat,4,neighborhood,Far Southwest,flu_season,0.5,IT50,34.041053932580134,26,5.0,0.19230769230769232,0.0,7.0,5.0,14.0,0.0,1.0,0.0,0.3333333333333333,0.0,0.0,-0.3333333333333333,-0.2892561983471074,-0.2961744388795462,0.5384615384615384,1.4,0.3996984972027922,0.15532544378698226,-1.573296991515119,,,,,False
gat,post_covid,gat,4,neighborhood,Far Southwest,flu_season,0.9,IT90,54.68112356483704,26,0.0,0.0,0.0,3.0,0.0,23.0,,1.0,0.0,0.11538461538461539,0.0,0.0,,0.0,,0.8846153846153846,,0.04699893675724662,0.0,,,,,,True
gat,post_covid,gat,4,neighborhood,Far Southwest,flu_season,0.98,IT98,74.04650918881951,26,0.0,0.0,0.0,0.0,0.0,26.0,,,,0.0,,,,,,1.0,,0.0013026523457955333,0.0,,,,,,True
gat,post_covid,gat,4,neighborhood,Hilliard,overall,,bands,,53,,,,,,,,,,,,,,,,,,,,,0.7547169811320755,0.9622641509433962,0.12358572671888612,0.05660377358490566,False
gat,post_covid,gat,4,neighborhood,Hilliard,overall,0.5,IT50,19.24134804712757,53,8.0,0.1509433962264151,2.0,6.0,6.0,39.0,0.25,0.75,0.25,0.13333333333333333,0.14285714285714285,0.25,0.11666666666666667,0.11666666666666667,0.11666666666666667,0.7735849056603774,1.0,0.17601629339692937,0.12815948736205057,-0.3734160226443737,,,,,False
gat,post_covid,gat,4,neighborhood,Hilliard,overall,0.9,IT90,34.52709434950146,53,0.0,0.0,0.0,3.0,0.0,50.0,,1.0,0.0,0.05660377358490566,0.0,0.0,,0.0,,0.9433962264150944,,0.02393806207883498,0.0,,,,,,True
gat,post_covid,gat,4,neighborhood,Hilliard,overall,0.98,IT98,50.186768532537315,53,0.0,0.0,0.0,0.0,0.0,53.0,,,,0.0,,,,,,1.0,,0.0005576089448680316,0.0,,,,,,True
gat,post_covid,gat,4,neighborhood,Hilliard,flu_season,,bands,,26,,,,,,,,,,,,,,,,,,,,,0.5,0.9230769230769231,-0.04219409282700437,0.11538461538461539,False
gat,post_covid,gat,4,neighborhood,Hilliard,flu_season,0.5,IT50,19.24134804712757,26,8.0,0.3076923076923077,2.0,6.0,6.0,12.0,0.25,0.75,0.25,0.3333333333333333,0.14285714285714285,0.25,-0.08333333333333331,-0.08333333333333333,-0.08333333333333333,0.5384615384615384,1.0,0.3587705949989814,0.21301775147928986,-0.6842286265229967,,,,,False
gat,post_covid,gat,4,neighborhood,Hilliard,flu_season,0.9,IT90,34.52709434950146,26,0.0,0.0,0.0,3.0,0.0,23.0,,1.0,0.0,0.11538461538461539,0.0,0.0,,0.0,,0.8846153846153846,,0.04879681885300931,0.0,,,,,,True
gat,post_covid,gat,4,neighborhood,Hilliard,flu_season,0.98,IT98,50.186768532537315,26,0.0,0.0,0.0,0.0,0.0,26.0,,,,0.0,,,,,,1.0,,0.0011366643876156027,0.0,,,,,,True
gat,post_covid,gat,4,neighborhood,Linden,overall,,bands,,53,,,,,,,,,,,,,,,,,,,,,0.7735849056603774,0.9622641509433962,0.14669051878354222,0.07547169811320754,False
gat,post_covid,gat,4,neighborhood,Linden,overall,0.5,IT50,53.62727596624066,53,7.0,0.1320754716981132,2.0,6.0,5.0,40.0,0.2857142857142857,0.75,0.25,0.13043478260869565,0.15384615384615385,0.26666666666666666,0.15527950310559005,0.14641288433382138,0.14685570351046695,0.7924528301886793,1.1428571428571428,0.17238014214598643,0.1146315414738341,-0.5037758362983724,,,,,False
gat,post_covid,gat,4,neighborhood,Linden,overall,0.9,IT90,82.61523156370409,53,0.0,0.0,0.0,3.0,0.0,50.0,,1.0,0.0,0.05660377358490566,0.0,0.0,,0.0,,0.9433962264150944,,0.030526002446699195,0.0,,,,,,True
gat,post_covid,gat,4,neighborhood,Linden,overall,0.98,IT98,108.92078323683364,53,0.0,0.0,0.0,0.0,0.0,53.0,,,,0.0,,,,,,1.0,,0.0009636440570791221,0.0,,,,,,True
gat,post_covid,gat,4,neighborhood,Linden,flu_season,,bands,,26,,,,,,,,,,,,,,,,,,,,,0.5384615384615384,0.9230769230769231,0.004255319148936287,0.15384615384615385,False
gat,post_covid,gat,4,neighborhood,Linden,flu_season,0.5,IT50,53.62727596624066,26,7.0,0.2692307692307692,2.0,6.0,5.0,13.0,0.2857142857142857,0.75,0.25,0.3157894736842105,0.15384615384615385,0.26666666666666666,-0.03007518796992481,-0.02877697841726619,-0.028903665650804,0.5769230769230769,1.1428571428571428,0.35139026314415045,0.19674556213017758,-0.7860136683116212,,,,,False
gat,post_covid,gat,4,neighborhood,Linden,flu_season,0.9,IT90,82.61523156370409,26,0.0,0.0,0.0,3.0,0.0,23.0,,1.0,0.0,0.11538461538461539,0.0,0.0,,0.0,,0.8846153846153846,,0.06222608191057913,0.0,,,,,,True
gat,post_covid,gat,4,neighborhood,Linden,flu_season,0.98,IT98,108.92078323683364,26,0.0,0.0,0.0,0.0,0.0,26.0,,,,0.0,,,,,,1.0,,0.0019643513471228257,0.0,,,,,,True
gat,post_covid,gat,4,neighborhood,NE Suburban,overall,,bands,,53,,,,,,,,,,,,,,,,,,,,,0.7924528301886793,0.9433962264150944,0.20895522388059717,0.11320754716981132,False
gat,post_covid,gat,4,neighborhood,NE Suburban,overall,0.5,IT50,27.312493683860776,53,5.0,0.09433962264150944,2.0,6.0,3.0,42.0,0.4,0.75,0.25,0.125,0.18181818181818182,0.3076923076923077,0.275,0.21674876847290642,0.22453655975512465,0.8301886792452831,1.6,0.1268192045940142,0.08543965824136704,-0.4843131071024409,,,,,False
gat,post_covid,gat,4,neighborhood,NE Suburban,overall,0.9,IT90,41.22759712033061,53,1.0,0.018867924528301886,0.0,4.0,1.0,48.0,0.0,1.0,0.0,0.07692307692307693,0.0,0.0,-0.07692307692307693,-0.0311284046692607,-0.03962144258751637,0.9056603773584906,4.0,0.05234830132799759,0.018511925952296185,-1.827814969814332,,,,,True
gat,post_covid,gat,4,neighborhood,NE Suburban,overall,0.98,IT98,53.6511443833241,53,0.0,0.0,0.0,0.0,0.0,53.0,,,,0.0,,,,,,1.0,,0.004065638963883544,0.0,,,,,,True
gat,post_covid,gat,4,neighborhood,NE Suburban,flu_season,,bands,,26,,,,,,,,,,,,,,,,,,,,,0.5769230769230769,0.8846153846153846,0.10958904109589052,0.23076923076923078,False
gat,post_covid,gat,4,neighborhood,NE Suburban,flu_season,0.5,IT50,27.312493683860776,26,5.0,0.19230769230769232,2.0,6.0,3.0,15.0,0.4,0.75,0.25,0.2857142857142857,0.18181818181818182,0.3076923076923077,0.11428571428571432,0.09302325581395349,0.09759000729485331,0.6538461538461539,1.6,0.2585008745179007,0.15532544378698226,-0.6642532492771511,,,,,False
gat,post_covid,gat,4,neighborhood,NE Suburban,flu_season,0.9,IT90,41.22759712033061,26,1.0,0.038461538461538464,0.0,4.0,1.0,21.0,0.0,1.0,0.0,0.16,0.0,0.0,-0.16,-0.06557377049180328,-0.08528028654224416,0.8076923076923077,4.0,0.10670999886062417,0.036982248520710054,-1.8854383691912782,,,,,True
gat,post_covid,gat,4,neighborhood,NE Suburban,flu_season,0.98,IT98,53.6511443833241,26,0.0,0.0,0.0,0.0,0.0,26.0,,,,0.0,,,,,,1.0,,0.008287648657147224,0.0,,,,,,True
gat,post_covid,gat,4,neighborhood,Northland,overall,,bands,,53,,,,,,,,,,,,,,,,,,,,,0.7924528301886793,0.9433962264150944,-0.0037878787878786735,0.11320754716981132,False
gat,post_covid,gat,4,neighborhood,Northland,overall,0.5,IT50,56.127661353876796,53,5.0,0.09433962264150944,1.0,7.0,4.0,41.0,0.2,0.875,0.125,0.14583333333333334,0.08333333333333333,0.15384615384615385,0.05416666666666667,0.042692939244663386,0.04422689813358516,0.7924528301886793,1.6,0.17704400324455402,0.08543965824136704,-1.0721525213081344,,,,,False
gat,post_covid,gat,4,neighborhood,Northland,overall,0.9,IT90,89.91407794411414,53,0.0,0.0,0.0,3.0,0.0,50.0,,1.0,0.0,0.05660377358490566,0.0,0.0,,0.0,,0.9433962264150944,,0.021841421125397362,0.0,,,,,,True
gat,post_covid,gat,4,neighborhood,Northland,overall,0.98,IT98,121.54516325409915,53,0.0,0.0,0.0,0.0,0.0,53.0,,,,0.0,,,,,,1.0,,0.00014544805457178335,0.0,,,,,,True
gat,post_covid,gat,4,neighborhood,Northland,flu_season,,bands,,26,,,,,,,,,,,,,,,,,,,,,0.5769230769230769,0.8846153846153846,-0.12554112554112562,0.23076923076923078,False
gat,post_covid,gat,4,neighborhood,Northland,flu_season,0.5,IT50,56.127661353876796,26,5.0,0.19230769230769232,1.0,7.0,4.0,14.0,0.2,0.875,0.125,0.3333333333333333,0.08333333333333333,0.15384615384615385,-0.1333333333333333,-0.10852713178294573,-0.1138550085106622,0.5769230769230769,1.6,0.3608971726160339,0.15532544378698226,-1.3234903684613228,,,,,False
gat,post_covid,gat,4,neighborhood,Northland,flu_season,0.9,IT90,89.91407794411414,26,0.0,0.0,0.0,3.0,0.0,23.0,,1.0,0.0,0.11538461538461539,0.0,0.0,,0.0,,0.8846153846153846,,0.04452289690946386,0.0,,,,,,True
gat,post_covid,gat,4,neighborhood,Northland,flu_season,0.98,IT98,121.54516325409915,26,0.0,0.0,0.0,0.0,0.0,26.0,,,,0.0,,,,,,1.0,,0.0002964902650886353,0.0,,,,,,True
gat,post_covid,gat,4,neighborhood,UA/Grandview,overall,,bands,,53,,,,,,,,,,,,,,,,,,,,,0.7924528301886793,0.9622641509433962,0.006615214994487473,0.09433962264150944,False
gat,post_covid,gat,4,neighborhood,UA/Grandview,overall,0.5,IT50,8.143164584776198,53,5.0,0.09433962264150944,1.0,7.0,4.0,41.0,0.2,0.875,0.125,0.14583333333333334,0.08333333333333333,0.15384615384615385,0.05416666666666667,0.042692939244663386,0.04422689813358516,0.7924528301886793,1.6,0.1574393228103517,0.08543965824136704,-0.8426960740594911,,,,,False
gat,post_covid,gat,4,neighborhood,UA/Grandview,overall,0.9,IT90,16.706142473783938,53,0.0,0.0,0.0,2.0,0.0,51.0,,1.0,0.0,0.03773584905660377,0.0,0.0,,0.0,,0.9622641509433962,,0.023879357082752847,0.0,,,,,,True
gat,post_covid,gat,4,neighborhood,UA/Grandview,overall,0.98,IT98,26.455007113900507,53,0.0,0.0,0.0,0.0,0.0,53.0,,,,0.0,,,,,,1.0,,0.0006091682001907741,0.0,,,,,,True
gat,post_covid,gat,4,neighborhood,UA/Grandview,flu_season,,bands,,26,,,,,,,,,,,,,,,,,,,,,0.5769230769230769,0.9230769230769231,-0.12182741116751283,0.19230769230769232,False
gat,post_covid,gat,4,neighborhood,UA/Grandview,flu_season,0.5,IT50,8.143164584776198,26,5.0,0.19230769230769232,1.0,7.0,4.0,14.0,0.2,0.875,0.125,0.3333333333333333,0.08333333333333333,0.15384615384615385,-0.1333333333333333,-0.10852713178294573,-0.1138550085106622,0.5769230769230769,1.6,0.31988739536713834,0.15532544378698226,-1.059465516839862,,,,,False
gat,post_covid,gat,4,neighborhood,UA/Grandview,flu_season,0.9,IT90,16.706142473783938,26,0.0,0.0,0.0,2.0,0.0,24.0,,1.0,0.0,0.07692307692307693,0.0,0.0,,0.0,,0.9230769230769231,,0.04867715095623104,0.0,,,,,,True
gat,post_covid,gat,4,neighborhood,UA/Grandview,flu_season,0.98,IT98,26.455007113900507,26,0.0,0.0,0.0,0.0,0.0,26.0,,,,0.0,,,,,,1.0,,0.001241765946542732,0.0,,,,,,True
gat,post_covid,gat,4,neighborhood,West,overall,,bands,,53,,,,,,,,,,,,,,,,,,,,,0.8301886792452831,0.9433962264150944,0.04024144869215307,0.1509433962264151,False
gat,post_covid,gat,4,neighborhood,West,overall,0.5,IT50,73.15037971354549,53,3.0,0.05660377358490566,1.0,7.0,2.0,43.0,0.3333333333333333,0.875,0.125,0.14,0.1,0.18181818181818182,0.1933333333333333,0.10841121495327102,0.12479613004446122,0.8301886792452831,2.6666666666666665,0.15812180945089602,0.05339978640085441,-1.9610944183171122,,,,,True
gat,post_covid,gat,4,neighborhood,West,overall,0.9,IT90,114.1022318647041,53,0.0,0.0,0.0,3.0,0.0,50.0,,1.0,0.0,0.05660377358490566,0.0,0.0,,0.0,,0.9433962264150944,,0.0341730536148646,0.0,,,,,,True
gat,post_covid,gat,4,neighborhood,West,overall,0.98,IT98,151.63555393306305,53,0.0,0.0,0.0,0.0,0.0,53.0,,,,0.0,,,,,,1.0,,0.000660823844934971,0.0,,,,,,True
gat,post_covid,gat,4,neighborhood,West,flu_season,,bands,,26,,,,,,,,,,,,,,,,,,,,,0.6538461538461539,0.8846153846153846,-0.03083700440528636,0.3076923076923077,False
gat,post_covid,gat,4,neighborhood,West,flu_season,0.5,IT50,73.15037971354549,26,3.0,0.11538461538461539,1.0,7.0,2.0,16.0,0.3333333333333333,0.875,0.125,0.30434782608695654,0.1,0.18181818181818182,0.028985507246376774,0.01680672268907563,0.020064308847628203,0.6538461538461539,2.6666666666666665,0.3223252266985933,0.10207100591715977,-2.157852945626798,,,,,True
gat,post_covid,gat,4,neighborhood,West,flu_season,0.9,IT90,114.1022318647041,26,0.0,0.0,0.0,3.0,0.0,23.0,,1.0,0.0,0.11538461538461539,0.0,0.0,,0.0,,0.8846153846153846,,0.06966045544568554,0.0,,,,,,True
gat,post_covid,gat,4,neighborhood,West,flu_season,0.98,IT98,151.63555393306305,26,0.0,0.0,0.0,0.0,0.0,26.0,,,,0.0,,,,,,1.0,,0.0013470639915982101,0.0,,,,,,True
gat,post_covid,gat,4,neighborhood,Westerville,overall,,bands,,53,,,,,,,,,,,,,,,,,,,,,0.7924528301886793,0.9245283018867925,0.20482713633398586,0.05660377358490566,False
gat,post_covid,gat,4,neighborhood,Westerville,overall,0.5,IT50,24.33364195874595,53,7.0,0.1320754716981132,3.0,5.0,4.0,41.0,0.42857142857142855,0.625,0.375,0.10869565217391304,0.25,0.4,0.3198757763975155,0.30161054172767204,0.3025227492315619,0.8301886792452831,1.1428571428571428,0.13721360546107436,0.1146315414738341,-0.19699694950359592,,,,,False
gat,post_covid,gat,4,neighborhood,Westerville,overall,0.9,IT90,36.408491039457616,53,2.0,0.03773584905660377,0.0,4.0,2.0,47.0,0.0,1.0,0.0,0.0784313725490196,0.0,0.0,-0.0784313725490196,-0.052980132450331126,-0.056579859598667105,0.8867924528301887,2.0,0.07116574429687603,0.03631185475258099,-0.9598487816659291,,,,,True
gat,post_covid,gat,4,neighborhood,Westerville,overall,0.98,IT98,47.11324141772458,53,0.0,0.0,0.0,0.0,0.0,53.0,,,,0.0,,,,,,1.0,,0.004904615748888211,0.0,,,,,,True
gat,post_covid,gat,4,neighborhood,Westerville,flu_season,,bands,,26,,,,,,,,,,,,,,,,,,,,,0.5769230769230769,0.8461538461538461,0.06853582554517135,0.11538461538461539,False
gat,post_covid,gat,4,neighborhood,Westerville,flu_season,0.5,IT50,24.33364195874595,26,7.0,0.2692307692307692,3.0,5.0,4.0,14.0,0.42857142857142855,0.625,0.375,0.2631578947368421,0.25,0.4,0.16541353383458646,0.15827338129496402,0.158970161079422,0.6538461538461539,1.1428571428571428,0.2796166033991334,0.19674556213017758,-0.421209202239204,,,,,False
gat,post_covid,gat,4,neighborhood,Westerville,flu_season,0.9,IT90,36.408491039457616,26,2.0,0.07692307692307693,0.0,4.0,2.0,20.0,0.0,1.0,0.0,0.16666666666666666,0.0,0.0,-0.16666666666666666,-0.11428571428571428,-0.12309149097933272,0.7692307692307693,2.0,0.14506863239672876,0.07100591715976333,-1.0430499062539296,,,,,True
gat,post_covid,gat,4,neighborhood,Westerville,flu_season,0.98,IT98,47.11324141772458,26,0.0,0.0,0.0,0.0,0.0,26.0,,,,0.0,,,,,,1.0,,0.009997870565041348,0.0,,,,,,True
gat,post_covid,gat,4,neighborhood,Worthington,overall,,bands,,53,,,,,,,,,,,,,,,,,,,,,0.7735849056603774,0.9622641509433962,0.4221183800623053,-0.22641509433962265,False
gat,post_covid,gat,4,neighborhood,Worthington,overall,0.5,IT50,13.721631551906164,53,16.0,0.3018867924528302,7.0,1.0,9.0,36.0,0.4375,0.125,0.875,0.02702702702702703,0.4117647058823529,0.5833333333333334,0.41047297297297297,0.47834645669291337,0.5263736854714118,0.8113207547169812,0.5,0.1541518037006628,0.21075115699537203,0.26856010710276723,,,,,False
gat,post_covid,gat,4,neighborhood,Worthington,overall,0.9,IT90,22.978569674557114,53,5.0,0.09433962264150944,2.0,1.0,3.0,47.0,0.4,0.3333333333333333,0.6666666666666666,0.020833333333333332,0.3333333333333333,0.5,0.3791666666666667,0.4619289340101523,0.47961211179220425,0.9245283018867925,0.6,0.06598967573447588,0.08543965824136704,0.2276458369244052,,,,,False
gat,post_covid,gat,4,neighborhood,Worthington,overall,0.98,IT98,31.956357603850087,53,2.0,0.03773584905660377,0.0,0.0,2.0,51.0,0.0,,,0.0,0.0,0.0,0.0,0.0,,0.9622641509433962,0.0,0.039749821359353066,0.03631185475258099,-0.09467890390610556,,,,,True
gat,post_covid,gat,4,neighborhood,Worthington,flu_season,,bands,,26,,,,,,,,,,,,,,,,,,,,,0.6153846153846154,0.9230769230769231,0.31991951710261557,-0.38461538461538464,False
gat,post_covid,gat,4,neighborhood,Worthington,flu_season,0.5,IT50,13.721631551906164,26,14.0,0.5384615384615384,7.0,1.0,7.0,11.0,0.5,0.125,0.875,0.08333333333333333,0.4666666666666667,0.6363636363636364,0.4166666666666667,0.40229885057471265,0.4500514373894347,0.6923076923076923,0.5714285714285714,0.24083052732538873,0.24852071005917165,0.03094383052403127,,,,,False
gat,post_covid,gat,4,neighborhood,Worthington,flu_season,0.9,IT90,22.978569674557114,26,5.0,0.19230769230769232,2.0,1.0,3.0,20.0,0.4,0.3333333333333333,0.6666666666666666,0.047619047619047616,0.3333333333333333,0.5,0.3523809523809524,0.4157303370786517,0.4346928823909822,0.8461538461538461,0.6,0.13451741306541634,0.15532544378698226,0.133964083502653,,,,,False
gat,post_covid,gat,4,neighborhood,Worthington,flu_season,0.98,IT98,31.956357603850087,26,2.0,0.07692307692307693,0.0,0.0,2.0,24.0,0.0,,,0.0,0.0,0.0,0.0,0.0,,0.9230769230769231,0.0,0.08102848200175816,0.07100591715976333,-0.1411511215247605,,,,,True
gnn_st,post_covid,gnn_st,4,citywide,CITYWIDE,overall,,bands,,53,,,,,,,,,,,,,,,,,,,,,0.8490566037735849,1.0,0.14859437751004023,-0.11320754716981132,False
gnn_st,post_covid,gnn_st,4,citywide,CITYWIDE,overall,0.5,IT50,35.19412725226089,53,8.0,0.1509433962264151,1.0,1.0,7.0,44.0,0.125,0.5,0.5,0.022222222222222223,0.1111111111111111,0.2,0.10277777777777777,0.14859437751004015,0.19308582308458774,0.8490566037735849,0.25,0.08056613964103827,0.12815948736205057,0.37136031596756536,,,,,False
gnn_st,post_covid,gnn_st,4,citywide,CITYWIDE,overall,0.9,IT90,56.071415152332634,53,0.0,0.0,0.0,0.0,0.0,53.0,,,,0.0,,,,,,1.0,,0.0003016417342952012,0.0,,,,,,True
gnn_st,post_covid,gnn_st,4,citywide,CITYWIDE,overall,0.98,IT98,75.53173152268305,53,0.0,0.0,0.0,0.0,0.0,53.0,,,,0.0,,,,,,1.0,,8.269253276188456e-08,0.0,,,,,,True
gnn_st,post_covid,gnn_st,4,citywide,CITYWIDE,flu_season,,bands,,26,,,,,,,,,,,,,,,,,,,,,0.6923076923076923,1.0,0.0877192982456142,-0.23076923076923078,False
gnn_st,post_covid,gnn_st,4,citywide,CITYWIDE,flu_season,0.5,IT50,35.19412725226089,26,8.0,0.3076923076923077,1.0,1.0,7.0,17.0,0.125,0.5,0.5,0.05555555555555555,0.1111111111111111,0.2,0.06944444444444445,0.08771929824561403,0.12028130608117203,0.6923076923076923,0.25,0.16411250955935086,0.2130177514792899,0.22958294123526934,,,,,False
gnn_st,post_covid,gnn_st,4,citywide,CITYWIDE,flu_season,0.9,IT90,56.071415152332634,26,0.0,0.0,0.0,0.0,0.0,26.0,,,,0.0,,,,,,1.0,,0.0006148850556723379,0.0,,,,,,True
gnn_st,post_covid,gnn_st,4,citywide,CITYWIDE,flu_season,0.98,IT98,75.53173152268305,26,0.0,0.0,0.0,0.0,0.0,26.0,,,,0.0,,,,,,1.0,,1.6856554755307188e-07,0.0,,,,,,True
gnn_st,post_covid,gnn_st,4,pooled,ALL,overall,,bands,,901,,,,,,,,,,,,,,,,,,,,,0.8590455049944506,0.9844617092119867,0.14106941999525857,-0.1076581576026637,False
gnn_st,post_covid,gnn_st,4,pooled,ALL,overall,0.5,IT50,,901,118.0,0.1309655937846837,18.0,23.0,100.0,760.0,0.15254237288135594,0.5609756097560976,0.43902439024390244,0.02937420178799489,0.1276595744680851,0.22641509433962265,0.12316817109336105,0.17038096164931166,0.19937891275665623,0.8634850166481687,0.3474576271186441,0.0858663402567975,0.11381360702930893,0.24555294838616737,,,,,False
gnn_st,post_covid,gnn_st,4,pooled,ALL,overall,0.9,IT90,,901,17.0,0.018867924528301886,0.0,1.0,17.0,883.0,0.0,1.0,0.0,0.0011312217194570137,0.0,0.0,-0.0011312217194570137,-0.0021008403361344537,-0.004622501635210243,0.9800221975582686,0.058823529411764705,0.017540155761602116,0.01851192595229619,0.052494278185762466,,,,,False
gnn_st,post_covid,gnn_st,4,pooled,ALL,overall,0.98,IT98,,901,4.0,0.004439511653718091,0.0,0.0,4.0,897.0,0.0,,,0.0,0.0,0.0,0.0,0.0,,0.9955604883462819,0.0,0.0043872244935472034,0.004419802389994593,0.00737089434612237,,,,,True
gnn_st,post_covid,gnn_st,4,pooled,ALL,flu_season,,bands,,442,,,,,,,,,,,,,,,,,,,,,0.7217194570135747,0.9683257918552036,0.09021117514853472,-0.21040723981900453,False
gnn_st,post_covid,gnn_st,4,pooled,ALL,flu_season,0.5,IT50,,442,114.0,0.2579185520361991,18.0,23.0,96.0,305.0,0.15789473684210525,0.5609756097560976,0.43902439024390244,0.0701219512195122,0.13138686131386862,0.23225806451612904,0.08777278562259305,0.11094959602447517,0.1323686423556108,0.7307692307692307,0.35964912280701755,0.16514964613912714,0.19139657255174955,0.13713373266141327,,,,,False
gnn_st,post_covid,gnn_st,4,pooled,ALL,flu_season,0.9,IT90,,442,17.0,0.038461538461538464,0.0,1.0,17.0,424.0,0.0,1.0,0.0,0.002352941176470588,0.0,0.0,-0.002352941176470588,-0.004291845493562232,-0.009523809523809525,0.9592760180995475,0.058823529411764705,0.03574805927953858,0.03698224852071006,0.033372477081276886,,,,,False
gnn_st,post_covid,gnn_st,4,pooled,ALL,flu_season,0.98,IT98,,442,4.0,0.00904977375565611,0.0,0.0,4.0,438.0,0.0,,,0.0,0.0,0.0,0.0,0.0,,0.9909502262443439,0.0,0.008943185701881502,0.008967875350627548,0.0027531213114283526,,,,,True
gnn_st,post_covid,gnn_st,4,neighborhood,Agler/Cassidy,overall,,bands,,53,,,,,,,,,,,,,,,,,,,,,0.9245283018867925,1.0,0.4700000000000001,-0.07547169811320754,False
gnn_st,post_covid,gnn_st,4,neighborhood,Agler/Cassidy,overall,0.5,IT50,51.74083078339265,53,6.0,0.11320754716981132,2.0,0.0,4.0,47.0,0.3333333333333333,0.0,1.0,0.0,0.3333333333333333,0.5,0.3333333333333333,0.47,0.5542468245138262,0.9245283018867925,0.3333333333333333,0.06292610749984029,0.10039159843360627,0.37319348947854125,,,,,False
gnn_st,post_covid,gnn_st,4,neighborhood,Agler/Cassidy,overall,0.9,IT90,88.48740693700204,53,0.0,0.0,0.0,0.0,0.0,53.0,,,,0.0,,,,,,1.0,,3.994544774892262e-05,0.0,,,,,,True
gnn_st,post_covid,gnn_st,4,neighborhood,Agler/Cassidy,overall,0.98,IT98,124.72586226376617,53,0.0,0.0,0.0,0.0,0.0,53.0,,,,0.0,,,,,,1.0,,2.5502875347292844e-11,0.0,,,,,,True
gnn_st,post_covid,gnn_st,4,neighborhood,Agler/Cassidy,flu_season,,bands,,26,,,,,,,,,,,,,,,,,,,,,0.8461538461538461,1.0,0.4347826086956522,-0.15384615384615385,False
gnn_st,post_covid,gnn_st,4,neighborhood,Agler/Cassidy,flu_season,0.5,IT50,51.74083078339265,26,6.0,0.23076923076923078,2.0,0.0,4.0,20.0,0.3333333333333333,0.0,1.0,0.0,0.3333333333333333,0.5,0.3333333333333333,0.43478260869565216,0.5270462766947299,0.8461538461538461,0.3333333333333333,0.12817615482466296,0.17751479289940827,0.2779409944877319,,,,,False
gnn_st,post_covid,gnn_st,4,neighborhood,Agler/Cassidy,flu_season,0.9,IT90,88.48740693700204,26,0.0,0.0,0.0,0.0,0.0,26.0,,,,0.0,,,,,,1.0,,8.142725885124284e-05,0.0,,,,,,True
gnn_st,post_covid,gnn_st,4,neighborhood,Agler/Cassidy,flu_season,0.98,IT98,124.72586226376617,26,0.0,0.0,0.0,0.0,0.0,26.0,,,,0.0,,,,,,1.0,,5.198663051563541e-11,0.0,,,,,,True
gnn_st,post_covid,gnn_st,4,neighborhood,Bexley,overall,,bands,,53,,,,,,,,,,,,,,,,,,,,,0.8301886792452831,0.9622641509433962,-0.021194605009633882,-0.18867924528301888,False
gnn_st,post_covid,gnn_st,4,neighborhood,Bexley,overall,0.5,IT50,24.605454693531783,53,8.0,0.1509433962264151,0.0,1.0,8.0,44.0,0.0,1.0,0.0,0.022222222222222223,0.0,0.0,-0.022222222222222223,-0.03470715835140998,-0.05847053462046861,0.8301886792452831,0.125,0.10215593196004465,0.12815948736205057,0.20289996423398504,,,,,False
gnn_st,post_covid,gnn_st,4,neighborhood,Bexley,overall,0.9,IT90,37.5430295506582,53,2.0,0.03773584905660377,0.0,0.0,2.0,51.0,0.0,,,0.0,0.0,0.0,0.0,0.0,,0.9622641509433962,0.0,0.03470801186501069,0.03631185475258099,0.04416857520769568,,,,,True
gnn_st,post_covid,gnn_st,4,neighborhood,Bexley,overall,0.98,IT98,49.19357270883574,53,1.0,0.018867924528301886,0.0,0.0,1.0,52.0,0.0,,,0.0,0.0,0.0,0.0,0.0,,0.9811320754716981,0.0,0.018617172910073535,0.018511925952296185,-0.005685359699934223,,,,,True
gnn_st,post_covid,gnn_st,4,neighborhood,Bexley,flu_season,,bands,,26,,,,,,,,,,,,,,,,,,,,,0.6923076923076923,0.9230769230769231,-0.04219409282700437,-0.34615384615384615,False
gnn_st,post_covid,gnn_st,4,neighborhood,Bexley,flu_season,0.5,IT50,24.605454693531783,26,7.0,0.2692307692307692,0.0,1.0,7.0,18.0,0.0,1.0,0.0,0.05263157894736842,0.0,0.0,-0.05263157894736842,-0.07216494845360824,-0.12139539573337679,0.6923076923076923,0.14285714285714285,0.1696413152186359,0.19674556213017758,0.13776293918949,,,,,False
gnn_st,post_covid,gnn_st,4,neighborhood,Bexley,flu_season,0.9,IT90,37.5430295506582,26,2.0,0.07692307692307693,0.0,0.0,2.0,24.0,0.0,,,0.0,0.0,0.0,0.0,0.0,,0.9230769230769231,0.0,0.070750936988959,0.07100591715976333,0.003590970738827637,,,,,True
gnn_st,post_covid,gnn_st,4,neighborhood,Bexley,flu_season,0.98,IT98,49.19357270883574,26,1.0,0.038461538461538464,0.0,0.0,1.0,25.0,0.0,,,0.0,0.0,0.0,0.0,0.0,,0.9615384615384616,0.0,0.03795039093205505,0.036982248520710054,-0.02617857080276864,,,,,True
gnn_st,post_covid,gnn_st,4,neighborhood,Clintonville/Near North,overall,,bands,,53,,,,,,,,,,,,,,,,,,,,,0.8301886792452831,0.9622641509433962,0.32397959183673464,-0.22641509433962265,False
gnn_st,post_covid,gnn_st,4,neighborhood,Clintonville/Near North,overall,0.5,IT50,15.728895715230147,53,11.0,0.20754716981132076,4.0,0.0,7.0,42.0,0.36363636363636365,0.0,1.0,0.0,0.36363636363636365,0.5333333333333333,0.36363636363636365,0.4752475247524752,0.5582905262390826,0.8679245283018868,0.36363636363636365,0.08022367718976164,0.1644713421146316,0.5122330969133325,,,,,False
gnn_st,post_covid,gnn_st,4,neighborhood,Clintonville/Near North,overall,0.9,IT90,22.099499115677975,53,4.0,0.07547169811320754,0.0,0.0,4.0,49.0,0.0,,,0.0,0.0,0.0,0.0,0.0,,0.9245283018867925,0.0,0.05554244019936417,0.06977572089711641,0.2039861504080921,,,,,True
gnn_st,post_covid,gnn_st,4,neighborhood,Clintonville/Near North,overall,0.98,IT98,27.469599865392972,53,1.0,0.018867924528301886,0.0,0.0,1.0,52.0,0.0,,,0.0,0.0,0.0,0.0,0.0,,0.9811320754716981,0.0,0.01718566183261457,0.018511925952296185,0.07164376754203194,,,,,True
gnn_st,post_covid,gnn_st,4,neighborhood,Clintonville/Near North,flu_season,,bands,,26,,,,,,,,,,,,,,,,,,,,,0.6538461538461539,0.9230769230769231,0.26136363636363635,-0.46153846153846156,False
gnn_st,post_covid,gnn_st,4,neighborhood,Clintonville/Near North,flu_season,0.5,IT50,15.728895715230147,26,11.0,0.4230769230769231,4.0,0.0,7.0,15.0,0.36363636363636365,0.0,1.0,0.0,0.36363636363636365,0.5333333333333333,0.36363636363636365,0.3973509933774834,0.49792959773196915,0.7307692307692307,0.36363636363636365,0.16254807919047812,0.24408284023668633,0.33404544525598046,,,,,False
gnn_st,post_covid,gnn_st,4,neighborhood,Clintonville/Near North,flu_season,0.9,IT90,22.099499115677975,26,4.0,0.15384615384615385,0.0,0.0,4.0,22.0,0.0,,,0.0,0.0,0.0,0.0,0.0,,0.8461538461538461,0.0,0.113217305995677,0.13017751479289943,0.1302852403059359,,,,,True
gnn_st,post_covid,gnn_st,4,neighborhood,Clintonville/Near North,flu_season,0.98,IT98,27.469599865392972,26,1.0,0.038461538461538464,0.0,0.0,1.0,25.0,0.0,,,0.0,0.0,0.0,0.0,0.0,,0.9615384615384616,0.0,0.0350323034408267,0.036982248520710054,0.05272651496004588,,,,,True
gnn_st,post_covid,gnn_st,4,neighborhood,Dublin,overall,,bands,,53,,,,,,,,,,,,,,,,,,,,,0.8301886792452831,0.9811320754716981,0.09401709401709402,-0.1509433962264151,False
gnn_st,post_covid,gnn_st,4,neighborhood,Dublin,overall,0.5,IT50,8.038849454818003,53,9.0,0.16981132075471697,1.0,1.0,8.0,43.0,0.1111111111111111,0.5,0.5,0.022727272727272728,0.1,0.18181818181818182,0.08838383838383837,0.12797074954296161,0.17414875159107188,0.8301886792452831,0.2222222222222222,0.12322844113162999,0.14097543609825564,0.12588714358901876,,,,,False
gnn_st,post_covid,gnn_st,4,neighborhood,Dublin,overall,0.9,IT90,14.1626396504559,53,1.0,0.018867924528301886,0.0,0.0,1.0,52.0,0.0,,,0.0,0.0,0.0,0.0,0.0,,0.9811320754716981,0.0,0.020940569323022927,0.018511925952296185,-0.13119344669945043,,,,,True
gnn_st,post_covid,gnn_st,4,neighborhood,Dublin,overall,0.98,IT98,20.345693253667104,53,0.0,0.0,0.0,0.0,0.0,53.0,,,,0.0,,,,,,1.0,,0.00014522713138785033,0.0,,,,,,True
gnn_st,post_covid,gnn_st,4,neighborhood,Dublin,flu_season,,bands,,26,,,,,,,,,,,,,,,,,,,,,0.6923076923076923,0.9615384615384616,0.052980132450331174,-0.2692307692307692,False
gnn_st,post_covid,gnn_st,4,neighborhood,Dublin,flu_season,0.5,IT50,8.038849454818003,26,8.0,0.3076923076923077,1.0,1.0,7.0,17.0,0.125,0.5,0.5,0.05555555555555555,0.1111111111111111,0.2,0.06944444444444445,0.08771929824561403,0.12028130608117203,0.6923076923076923,0.25,0.21181669044737086,0.21301775147928986,0.00563831428873085,,,,,False
gnn_st,post_covid,gnn_st,4,neighborhood,Dublin,flu_season,0.9,IT90,14.1626396504559,26,1.0,0.038461538461538464,0.0,0.0,1.0,25.0,0.0,,,0.0,0.0,0.0,0.0,0.0,,0.9615384615384616,0.0,0.04265458991487881,0.036982248520710054,-0.1533801112983233,,,,,True
gnn_st,post_covid,gnn_st,4,neighborhood,Dublin,flu_season,0.98,IT98,20.345693253667104,26,0.0,0.0,0.0,0.0,0.0,26.0,,,,0.0,,,,,,1.0,,0.0002960260356882895,0.0,,,,,,True
gnn_st,post_covid,gnn_st,4,neighborhood,Eastside,overall,,bands,,53,,,,,,,,,,,,,,,,,,,,,0.8679245283018868,0.9811320754716981,0.10774410774410781,-0.07547169811320754,False
gnn_st,post_covid,gnn_st,4,neighborhood,Eastside,overall,0.5,IT50,53.89825474693718,53,6.0,0.11320754716981132,1.0,2.0,5.0,45.0,0.16666666666666666,0.6666666666666666,0.3333333333333333,0.0425531914893617,0.125,0.2222222222222222,0.12411347517730495,0.15873015873015872,0.1701758234142103,0.8679245283018868,0.5,0.07210965415334275,0.10039159843360627,0.28171624639453985,,,,,False
gnn_st,post_covid,gnn_st,4,neighborhood,Eastside,overall,0.9,IT90,89.53274062296502,53,1.0,0.018867924528301886,0.0,0.0,1.0,52.0,0.0,,,0.0,0.0,0.0,0.0,0.0,,0.9811320754716981,0.0,0.018971546002165714,0.018511925952296185,-0.024828321540067533,,,,,True
gnn_st,post_covid,gnn_st,4,neighborhood,Eastside,overall,0.98,IT98,123.87134674281285,53,0.0,0.0,0.0,0.0,0.0,53.0,,,,0.0,,,,,,1.0,,1.2574995799743626e-09,0.0,,,,,,True
gnn_st,post_covid,gnn_st,4,neighborhood,Eastside,flu_season,,bands,,26,,,,,,,,,,,,,,,,,,,,,0.7307692307692307,0.9615384615384616,0.03703703703703687,-0.15384615384615385,False
gnn_st,post_covid,gnn_st,4,neighborhood,Eastside,flu_season,0.5,IT50,53.89825474693718,26,6.0,0.23076923076923078,1.0,2.0,5.0,18.0,0.16666666666666666,0.6666666666666666,0.3333333333333333,0.1,0.125,0.2222222222222222,0.06666666666666665,0.08080808080808081,0.0879173964527716,0.7307692307692307,0.5,0.1469893380251367,0.17751479289940827,0.17196006245839657,,,,,False
gnn_st,post_covid,gnn_st,4,neighborhood,Eastside,flu_season,0.9,IT90,89.53274062296502,26,1.0,0.038461538461538464,0.0,0.0,1.0,25.0,0.0,,,0.0,0.0,0.0,0.0,0.0,,0.9615384615384616,0.0,0.03867276685056858,0.036982248520710054,-0.045711615639374426,,,,,True
gnn_st,post_covid,gnn_st,4,neighborhood,Eastside,flu_season,0.98,IT98,123.87134674281285,26,0.0,0.0,0.0,0.0,0.0,26.0,,,,0.0,,,,,,1.0,,2.5633645284092778e-09,0.0,,,,,,True
gnn_st,post_covid,gnn_st,4,neighborhood,Far East,overall,,bands,,53,,,,,,,,,,,,,,,,,,,,,0.8490566037735849,1.0,0.27891156462585054,-0.03773584905660377,False
gnn_st,post_covid,gnn_st,4,neighborhood,Far East,overall,0.5,IT50,76.01095931639992,53,5.0,0.09433962264150944,1.0,3.0,4.0,45.0,0.2,0.75,0.25,0.0625,0.125,0.2222222222222222,0.1375,0.15102974828375287,0.15215291717243423,0.8679245283018868,0.8,0.0682278128364317,0.08543965824136704,0.20145030726026403,,,,,False
gnn_st,post_covid,gnn_st,4,neighborhood,Far East,overall,0.9,IT90,119.58175049878095,53,1.0,0.018867924528301886,0.0,0.0,1.0,52.0,0.0,,,0.0,0.0,0.0,0.0,0.0,,0.9811320754716981,0.0,0.01801545178485959,0.018511925952296185,0.02681915262171919,,,,,True
gnn_st,post_covid,gnn_st,4,neighborhood,Far East,overall,0.98,IT98,159.7885780471188,53,0.0,0.0,0.0,0.0,0.0,53.0,,,,0.0,,,,,,1.0,,5.118508129407006e-10,0.0,,,,,,True
gnn_st,post_covid,gnn_st,4,neighborhood,Far East,flu_season,,bands,,26,,,,,,,,,,,,,,,,,,,,,0.6923076923076923,1.0,0.21212121212121204,-0.07692307692307693,False
gnn_st,post_covid,gnn_st,4,neighborhood,Far East,flu_season,0.5,IT50,76.01095931639992,26,5.0,0.19230769230769232,1.0,3.0,4.0,18.0,0.2,0.75,0.25,0.14285714285714285,0.125,0.2222222222222222,0.05714285714285716,0.061855670103092786,0.062418778393235924,0.7307692307692307,0.8,0.1390531462972353,0.15532544378698226,0.10476260098160894,,,,,False
gnn_st,post_covid,gnn_st,4,neighborhood,Far East,flu_season,0.9,IT90,119.58175049878095,26,1.0,0.038461538461538464,0.0,0.0,1.0,25.0,0.0,,,0.0,0.0,0.0,0.0,0.0,,0.9615384615384616,0.0,0.036723805561441,0.036982248520710054,0.006988297618635175,,,,,True
gnn_st,post_covid,gnn_st,4,neighborhood,Far East,flu_season,0.98,IT98,159.7885780471188,26,0.0,0.0,0.0,0.0,0.0,26.0,,,,0.0,,,,,,1.0,,1.04338819560989e-09,0.0,,,,,,True
gnn_st,post_covid,gnn_st,4,neighborhood,Far South,overall,,bands,,53,,,,,,,,,,,,,,,,,,,,,0.8867924528301887,1.0,0.224390243902439,-0.11320754716981132,False
gnn_st,post_covid,gnn_st,4,neighborhood,Far South,overall,0.5,IT50,69.7066330370401,53,7.0,0.1320754716981132,1.0,0.0,6.0,46.0,0.14285714285714285,0.0,1.0,0.0,0.14285714285714285,0.25,0.14285714285714285,0.22439024390243903,0.35549068394773214,0.8867924528301887,0.14285714285714285,0.07580890130567808,0.11463154147383411,0.33867328022469034,,,,,False
gnn_st,post_covid,gnn_st,4,neighborhood,Far South,overall,0.9,IT90,121.95949130896,53,0.0,0.0,0.0,0.0,0.0,53.0,,,,0.0,,,,,,1.0,,1.2253335866279017e-06,0.0,,,,,,True
gnn_st,post_covid,gnn_st,4,neighborhood,Far South,overall,0.98,IT98,174.42921640712913,53,0.0,0.0,0.0,0.0,0.0,53.0,,,,0.0,,,,,,1.0,,3.359647991287089e-14,0.0,,,,,,True
gnn_st,post_covid,gnn_st,4,neighborhood,Far South,flu_season,,bands,,26,,,,,,,,,,,,,,,,,,,,,0.7692307692307693,1.0,0.1958762886597939,-0.23076923076923078,False
gnn_st,post_covid,gnn_st,4,neighborhood,Far South,flu_season,0.5,IT50,69.7066330370401,26,7.0,0.2692307692307692,1.0,0.0,6.0,19.0,0.14285714285714285,0.0,1.0,0.0,0.14285714285714285,0.25,0.14285714285714285,0.1958762886597938,0.3295017884191656,0.7692307692307693,0.14285714285714285,0.15452146816737472,0.19674556213017758,0.21461268811168965,,,,,False
gnn_st,post_covid,gnn_st,4,neighborhood,Far South,flu_season,0.9,IT90,121.95949130896,26,0.0,0.0,0.0,0.0,0.0,26.0,,,,0.0,,,,,,1.0,,2.497795388125999e-06,0.0,,,,,,True
gnn_st,post_covid,gnn_st,4,neighborhood,Far South,flu_season,0.98,IT98,174.42921640712913,26,0.0,0.0,0.0,0.0,0.0,26.0,,,,0.0,,,,,,1.0,,6.848513213008295e-14,0.0,,,,,,True
gnn_st,post_covid,gnn_st,4,neighborhood,Far Southeast,overall,,bands,,53,,,,,,,,,,,,,,,,,,,,,0.9056603773584906,1.0,0.0,-0.09433962264150944,False
gnn_st,post_covid,gnn_st,4,neighborhood,Far Southeast,overall,0.5,IT50,10.956265259525463,53,5.0,0.09433962264150944,0.0,0.0,5.0,48.0,0.0,,,0.0,0.0,0.0,0.0,0.0,,0.9056603773584906,0.0,0.06990985370941431,0.08543965824136704,0.18176342054272998,,,,,False
gnn_st,post_covid,gnn_st,4,neighborhood,Far Southeast,overall,0.9,IT90,18.40391015194404,53,0.0,0.0,0.0,0.0,0.0,53.0,,,,0.0,,,,,,1.0,,0.0010172849900098695,0.0,,,,,,True
gnn_st,post_covid,gnn_st,4,neighborhood,Far Southeast,overall,0.98,IT98,25.644566505740826,53,0.0,0.0,0.0,0.0,0.0,53.0,,,,0.0,,,,,,1.0,,6.745651846613507e-06,0.0,,,,,,True
gnn_st,post_covid,gnn_st,4,neighborhood,Far Southeast,flu_season,,bands,,26,,,,,,,,,,,,,,,,,,,,,0.8076923076923077,1.0,0.0,-0.19230769230769232,False
gnn_st,post_covid,gnn_st,4,neighborhood,Far Southeast,flu_season,0.5,IT50,10.956265259525463,26,5.0,0.19230769230769232,0.0,0.0,5.0,21.0,0.0,,,0.0,0.0,0.0,0.0,0.0,,0.8076923076923077,0.0,0.13935981039792822,0.15532544378698226,0.10278826829524323,,,,,False
gnn_st,post_covid,gnn_st,4,neighborhood,Far Southeast,flu_season,0.9,IT90,18.40391015194404,26,0.0,0.0,0.0,0.0,0.0,26.0,,,,0.0,,,,,,1.0,,0.0020717158680399433,0.0,,,,,,True
gnn_st,post_covid,gnn_st,4,neighborhood,Far Southeast,flu_season,0.98,IT98,25.644566505740826,26,0.0,0.0,0.0,0.0,0.0,26.0,,,,0.0,,,,,,1.0,,1.3750716735496464e-05,0.0,,,,,,True
gnn_st,post_covid,gnn_st,4,neighborhood,Far Southwest,overall,,bands,,53,,,,,,,,,,,,,,,,,,,,,0.9056603773584906,1.0,0.24501424501424507,-0.05660377358490566,False
gnn_st,post_covid,gnn_st,4,neighborhood,Far Southwest,overall,0.5,IT50,34.041053932580134,53,5.0,0.09433962264150944,1.0,1.0,4.0,47.0,0.2,0.5,0.5,0.020833333333333332,0.16666666666666666,0.2857142857142857,0.17916666666666667,0.245014245014245,0.2748291210036411,0.9056603773584906,0.4,0.056139938156504546,0.08543965824136704,0.34292880715991136,,,,,False
gnn_st,post_covid,gnn_st,4,neighborhood,Far Southwest,overall,0.9,IT90,54.68112356483704,53,0.0,0.0,0.0,0.0,0.0,53.0,,,,0.0,,,,,,1.0,,0.00022965638464866552,0.0,,,,,,True
gnn_st,post_covid,gnn_st,4,neighborhood,Far Southwest,overall,0.98,IT98,74.04650918881951,53,0.0,0.0,0.0,0.0,0.0,53.0,,,,0.0,,,,,,1.0,,5.5981150155452e-08,0.0,,,,,,True
gnn_st,post_covid,gnn_st,4,neighborhood,Far Southwest,flu_season,,bands,,26,,,,,,,,,,,,,,,,,,,,,0.8076923076923077,1.0,0.19753086419753085,-0.11538461538461539,False
gnn_st,post_covid,gnn_st,4,neighborhood,Far Southwest,flu_season,0.5,IT50,34.041053932580134,26,5.0,0.19230769230769232,1.0,1.0,4.0,20.0,0.2,0.5,0.5,0.047619047619047616,0.16666666666666666,0.2857142857142857,0.1523809523809524,0.19753086419753085,0.2253744679276044,0.8076923076923077,0.4,0.11432847111663837,0.15532544378698226,0.2639424145252617,,,,,False
gnn_st,post_covid,gnn_st,4,neighborhood,Far Southwest,flu_season,0.9,IT90,54.68112356483704,26,0.0,0.0,0.0,0.0,0.0,26.0,,,,0.0,,,,,,1.0,,0.0004681456339458223,0.0,,,,,,True
gnn_st,post_covid,gnn_st,4,neighborhood,Far Southwest,flu_season,0.98,IT98,74.04650918881951,26,0.0,0.0,0.0,0.0,0.0,26.0,,,,0.0,,,,,,1.0,,1.1411542147070683e-07,0.0,,,,,,True
gnn_st,post_covid,gnn_st,4,neighborhood,Hilliard,overall,,bands,,53,,,,,,,,,,,,,,,,,,,,,0.8867924528301887,1.0,0.44405594405594406,-0.07547169811320754,False
gnn_st,post_covid,gnn_st,4,neighborhood,Hilliard,overall,0.5,IT50,19.24134804712757,53,8.0,0.1509433962264151,3.0,1.0,5.0,44.0,0.375,0.25,0.75,0.022222222222222223,0.3333333333333333,0.5,0.3527777777777778,0.44405594405594406,0.4781062652873621,0.8867924528301887,0.5,0.09272529601538707,0.12815948736205057,0.2764851208132716,,,,,False
gnn_st,post_covid,gnn_st,4,neighborhood,Hilliard,overall,0.9,IT90,34.52709434950146,53,0.0,0.0,0.0,0.0,0.0,53.0,,,,0.0,,,,,,1.0,,0.0005127643688690218,0.0,,,,,,True
gnn_st,post_covid,gnn_st,4,neighborhood,Hilliard,overall,0.98,IT98,50.186768532537315,53,0.0,0.0,0.0,0.0,0.0,53.0,,,,0.0,,,,,,1.0,,1.853748692320684e-07,0.0,,,,,,True
gnn_st,post_covid,gnn_st,4,neighborhood,Hilliard,flu_season,,bands,,26,,,,,,,,,,,,,,,,,,,,,0.7692307692307693,1.0,0.3709677419354839,-0.15384615384615385,False
gnn_st,post_covid,gnn_st,4,neighborhood,Hilliard,flu_season,0.5,IT50,19.24134804712757,26,8.0,0.3076923076923077,3.0,1.0,5.0,17.0,0.375,0.25,0.75,0.05555555555555555,0.3333333333333333,0.5,0.3194444444444444,0.3709677419354839,0.40863470634825333,0.7692307692307693,0.5,0.18847478422203157,0.21301775147928986,0.11521559629101819,,,,,False
gnn_st,post_covid,gnn_st,4,neighborhood,Hilliard,flu_season,0.9,IT90,34.52709434950146,26,0.0,0.0,0.0,0.0,0.0,26.0,,,,0.0,,,,,,1.0,,0.0010452483441199915,0.0,,,,,,True
gnn_st,post_covid,gnn_st,4,neighborhood,Hilliard,flu_season,0.98,IT98,50.186768532537315,26,0.0,0.0,0.0,0.0,0.0,26.0,,,,0.0,,,,,,1.0,,3.778795411264641e-07,0.0,,,,,,True
gnn_st,post_covid,gnn_st,4,neighborhood,Linden,overall,,bands,,53,,,,,,,,,,,,,,,,,,,,,0.8490566037735849,1.0,-0.034146341463414664,-0.11320754716981132,False
gnn_st,post_covid,gnn_st,4,neighborhood,Linden,overall,0.5,IT50,53.62727596624066,53,7.0,0.1320754716981132,0.0,1.0,7.0,45.0,0.0,1.0,0.0,0.021739130434782608,0.0,0.0,-0.021739130434782608,-0.03414634146341464,-0.0540964084268288,0.8490566037735849,0.14285714285714285,0.09449327124145437,0.1146315414738341,0.17567826423215727,,,,,False
gnn_st,post_covid,gnn_st,4,neighborhood,Linden,overall,0.9,IT90,82.61523156370409,53,0.0,0.0,0.0,0.0,0.0,53.0,,,,0.0,,,,,,1.0,,7.550281332058701e-05,0.0,,,,,,True
gnn_st,post_covid,gnn_st,4,neighborhood,Linden,overall,0.98,IT98,108.92078323683364,53,0.0,0.0,0.0,0.0,0.0,53.0,,,,0.0,,,,,,1.0,,5.0869651199085465e-09,0.0,,,,,,True
gnn_st,post_covid,gnn_st,4,neighborhood,Linden,flu_season,,bands,,26,,,,,,,,,,,,,,,,,,,,,0.6923076923076923,1.0,-0.07216494845360844,-0.23076923076923078,False
gnn_st,post_covid,gnn_st,4,neighborhood,Linden,flu_season,0.5,IT50,53.62727596624066,26,7.0,0.2692307692307692,0.0,1.0,7.0,18.0,0.0,1.0,0.0,0.05263157894736842,0.0,0.0,-0.05263157894736842,-0.07216494845360824,-0.12139539573337679,0.6923076923076923,0.14285714285714285,0.19259622576825491,0.19674556213017758,0.02108986000496027,,,,,False
gnn_st,post_covid,gnn_st,4,neighborhood,Linden,flu_season,0.9,IT90,82.61523156370409,26,0.0,0.0,0.0,0.0,0.0,26.0,,,,0.0,,,,,,1.0,,0.00015390958069535994,0.0,,,,,,True
gnn_st,post_covid,gnn_st,4,neighborhood,Linden,flu_season,0.98,IT98,108.92078323683364,26,0.0,0.0,0.0,0.0,0.0,26.0,,,,0.0,,,,,,1.0,,1.036958274442896e-08,0.0,,,,,,True
gnn_st,post_covid,gnn_st,4,neighborhood,NE Suburban,overall,,bands,,53,,,,,,,,,,,,,,,,,,,,,0.8679245283018868,0.9811320754716981,-0.04743083003952564,-0.07547169811320754,False
gnn_st,post_covid,gnn_st,4,neighborhood,NE Suburban,overall,0.5,IT50,27.312493683860776,53,5.0,0.09433962264150944,0.0,2.0,5.0,46.0,0.0,1.0,0.0,0.041666666666666664,0.0,0.0,-0.041666666666666664,-0.05698005698005698,-0.0639137490706142,0.8679245283018868,0.4,0.08159281789391853,0.08543965824136704,0.04502406056659525,,,,,False
gnn_st,post_covid,gnn_st,4,neighborhood,NE Suburban,overall,0.9,IT90,41.22759712033061,53,1.0,0.018867924528301886,0.0,0.0,1.0,52.0,0.0,,,0.0,0.0,0.0,0.0,0.0,,0.9811320754716981,0.0,0.02050223480237877,0.018511925952296185,-0.10751495307465353,,,,,True
gnn_st,post_covid,gnn_st,4,neighborhood,NE Suburban,overall,0.98,IT98,53.6511443833241,53,0.0,0.0,0.0,0.0,0.0,53.0,,,,0.0,,,,,,1.0,,4.759486448761983e-05,0.0,,,,,,True
gnn_st,post_covid,gnn_st,4,neighborhood,NE Suburban,flu_season,,bands,,26,,,,,,,,,,,,,,,,,,,,,0.7307692307692307,0.9615384615384616,-0.10169491525423724,-0.15384615384615385,False
gnn_st,post_covid,gnn_st,4,neighborhood,NE Suburban,flu_season,0.5,IT50,27.312493683860776,26,5.0,0.19230769230769232,0.0,2.0,5.0,19.0,0.0,1.0,0.0,0.09523809523809523,0.0,0.0,-0.09523809523809523,-0.12345679012345678,-0.14085904245475275,0.7307692307692307,0.4,0.16612541232139116,0.15532544378698226,-0.06953122599295636,,,,,False
gnn_st,post_covid,gnn_st,4,neighborhood,NE Suburban,flu_season,0.9,IT90,41.22759712033061,26,1.0,0.038461538461538464,0.0,0.0,1.0,25.0,0.0,,,0.0,0.0,0.0,0.0,0.0,,0.9615384615384616,0.0,0.04179301202192149,0.036982248520710054,-0.13008304507275725,,,,,True
gnn_st,post_covid,gnn_st,4,neighborhood,NE Suburban,flu_season,0.98,IT98,53.6511443833241,26,0.0,0.0,0.0,0.0,0.0,26.0,,,,0.0,,,,,,1.0,,9.702030068285046e-05,0.0,,,,,,True
gnn_st,post_covid,gnn_st,4,neighborhood,Northland,overall,,bands,,53,,,,,,,,,,,,,,,,,,,,,0.8490566037735849,1.0,-0.07614213197969533,-0.03773584905660377,False
gnn_st,post_covid,gnn_st,4,neighborhood,Northland,overall,0.5,IT50,56.127661353876796,53,5.0,0.09433962264150944,0.0,3.0,5.0,45.0,0.0,1.0,0.0,0.0625,0.0,0.0,-0.0625,-0.07614213197969544,-0.07905694150420949,0.8490566037735849,0.6,0.08685182779617116,0.08543965824136704,-0.016528267831019905,,,,,False
gnn_st,post_covid,gnn_st,4,neighborhood,Northland,overall,0.9,IT90,89.91407794411414,53,0.0,0.0,0.0,0.0,0.0,53.0,,,,0.0,,,,,,1.0,,7.372661519278076e-05,0.0,,,,,,True
gnn_st,post_covid,gnn_st,4,neighborhood,Northland,overall,0.98,IT98,121.54516325409915,53,0.0,0.0,0.0,0.0,0.0,53.0,,,,0.0,,,,,,1.0,,7.710307132777268e-10,0.0,,,,,,True
gnn_st,post_covid,gnn_st,4,neighborhood,Northland,flu_season,,bands,,26,,,,,,,,,,,,,,,,,,,,,0.6923076923076923,1.0,-0.16853932584269682,-0.07692307692307693,False
gnn_st,post_covid,gnn_st,4,neighborhood,Northland,flu_season,0.5,IT50,56.127661353876796,26,5.0,0.19230769230769232,0.0,3.0,5.0,18.0,0.0,1.0,0.0,0.14285714285714285,0.0,0.0,-0.14285714285714285,-0.16853932584269662,-0.17622684421256035,0.6923076923076923,0.6,0.17691162714620173,0.15532544378698226,-0.13897390429364154,,,,,False
gnn_st,post_covid,gnn_st,4,neighborhood,Northland,flu_season,0.9,IT90,89.91407794411414,26,0.0,0.0,0.0,0.0,0.0,26.0,,,,0.0,,,,,,1.0,,0.00015028886731177768,0.0,,,,,,True
gnn_st,post_covid,gnn_st,4,neighborhood,Northland,flu_season,0.98,IT98,121.54516325409915,26,0.0,0.0,0.0,0.0,0.0,26.0,,,,0.0,,,,,,1.0,,1.571716453989212e-09,0.0,,,,,,True
gnn_st,post_covid,gnn_st,4,neighborhood,UA/Grandview,overall,,bands,,53,,,,,,,,,,,,,,,,,,,,,0.8490566037735849,1.0,-0.07614213197969533,-0.03773584905660377,False
gnn_st,post_covid,gnn_st,4,neighborhood,UA/Grandview,overall,0.5,IT50,8.143164584776198,53,5.0,0.09433962264150944,0.0,3.0,5.0,45.0,0.0,1.0,0.0,0.0625,0.0,0.0,-0.0625,-0.07614213197969544,-0.07905694150420949,0.8490566037735849,0.6,0.09487456162361894,0.08543965824136704,-0.11042768166977335,,,,,False
gnn_st,post_covid,gnn_st,4,neighborhood,UA/Grandview,overall,0.9,IT90,16.706142473783938,53,0.0,0.0,0.0,0.0,0.0,53.0,,,,0.0,,,,,,1.0,,0.0011359295611715755,0.0,,,,,,True
gnn_st,post_covid,gnn_st,4,neighborhood,UA/Grandview,overall,0.98,IT98,26.455007113900507,53,0.0,0.0,0.0,0.0,0.0,53.0,,,,0.0,,,,,,1.0,,1.201125156630986e-06,0.0,,,,,,True
gnn_st,post_covid,gnn_st,4,neighborhood,UA/Grandview,flu_season,,bands,,26,,,,,,,,,,,,,,,,,,,,,0.6923076923076923,1.0,-0.16853932584269682,-0.07692307692307693,False
gnn_st,post_covid,gnn_st,4,neighborhood,UA/Grandview,flu_season,0.5,IT50,8.143164584776198,26,5.0,0.19230769230769232,0.0,3.0,5.0,18.0,0.0,1.0,0.0,0.14285714285714285,0.0,0.0,-0.14285714285714285,-0.16853932584269662,-0.17622684421256035,0.6923076923076923,0.6,0.19089682878988684,0.15532544378698226,-0.2290119643996522,,,,,False
gnn_st,post_covid,gnn_st,4,neighborhood,UA/Grandview,flu_season,0.9,IT90,16.706142473783938,26,0.0,0.0,0.0,0.0,0.0,26.0,,,,0.0,,,,,,1.0,,0.0023155301829402156,0.0,,,,,,True
gnn_st,post_covid,gnn_st,4,neighborhood,UA/Grandview,flu_season,0.98,IT98,26.455007113900507,26,0.0,0.0,0.0,0.0,0.0,26.0,,,,0.0,,,,,,1.0,,2.448447434669459e-06,0.0,,,,,,True
gnn_st,post_covid,gnn_st,4,neighborhood,West,overall,,bands,,53,,,,,,,,,,,,,,,,,,,,,0.9433962264150944,1.0,0.0,-0.05660377358490566,False
gnn_st,post_covid,gnn_st,4,neighborhood,West,overall,0.5,IT50,73.15037971354549,53,3.0,0.05660377358490566,0.0,0.0,3.0,50.0,0.0,,,0.0,0.0,0.0,0.0,0.0,,0.9433962264150944,0.0,0.04495986987329433,0.05339978640085441,0.1580515035061083,,,,,True
gnn_st,post_covid,gnn_st,4,neighborhood,West,overall,0.9,IT90,114.1022318647041,53,0.0,0.0,0.0,0.0,0.0,53.0,,,,0.0,,,,,,1.0,,2.1808445768967134e-05,0.0,,,,,,True
gnn_st,post_covid,gnn_st,4,neighborhood,West,overall,0.98,IT98,151.63555393306305,53,0.0,0.0,0.0,0.0,0.0,53.0,,,,0.0,,,,,,1.0,,1.0320687997365975e-09,0.0,,,,,,True
gnn_st,post_covid,gnn_st,4,neighborhood,West,flu_season,,bands,,26,,,,,,,,,,,,,,,,,,,,,0.8846153846153846,1.0,0.0,-0.11538461538461539,False
gnn_st,post_covid,gnn_st,4,neighborhood,West,flu_season,0.5,IT50,73.15037971354549,26,3.0,0.11538461538461539,0.0,0.0,3.0,23.0,0.0,,,0.0,0.0,0.0,0.0,0.0,,0.8846153846153846,0.0,0.09164717985313213,0.10207100591715977,0.1021232814388795,,,,,True
gnn_st,post_covid,gnn_st,4,neighborhood,West,flu_season,0.9,IT90,114.1022318647041,26,0.0,0.0,0.0,0.0,0.0,26.0,,,,0.0,,,,,,1.0,,4.445567791366061e-05,0.0,,,,,,True
gnn_st,post_covid,gnn_st,4,neighborhood,West,flu_season,0.98,IT98,151.63555393306305,26,0.0,0.0,0.0,0.0,0.0,26.0,,,,0.0,,,,,,1.0,,2.103832553309218e-09,0.0,,,,,,True
gnn_st,post_covid,gnn_st,4,neighborhood,Westerville,overall,,bands,,53,,,,,,,,,,,,,,,,,,,,,0.8490566037735849,0.9622641509433962,0.06549118387909325,-0.11320754716981132,False
gnn_st,post_covid,gnn_st,4,neighborhood,Westerville,overall,0.5,IT50,24.33364195874595,53,7.0,0.1320754716981132,1.0,2.0,6.0,44.0,0.14285714285714285,0.6666666666666666,0.3333333333333333,0.043478260869565216,0.1111111111111111,0.2,0.09937888198757763,0.13114754098360656,0.14560504166185284,0.8490566037735849,0.42857142857142855,0.09179559981081763,0.1146315414738341,0.19921167742674928,,,,,False
gnn_st,post_covid,gnn_st,4,neighborhood,Westerville,overall,0.9,IT90,36.408491039457616,53,2.0,0.03773584905660377,0.0,0.0,2.0,51.0,0.0,,,0.0,0.0,0.0,0.0,0.0,,0.9622641509433962,0.0,0.036092394688005805,0.03631185475258099,0.006043758052859727,,,,,True
gnn_st,post_covid,gnn_st,4,neighborhood,Westerville,overall,0.98,IT98,47.11324141772458,53,0.0,0.0,0.0,0.0,0.0,53.0,,,,0.0,,,,,,1.0,,8.466639810909433e-05,0.0,,,,,,True
gnn_st,post_covid,gnn_st,4,neighborhood,Westerville,flu_season,,bands,,26,,,,,,,,,,,,,,,,,,,,,0.6923076923076923,0.9230769230769231,-0.005524861878453358,-0.23076923076923078,False
gnn_st,post_covid,gnn_st,4,neighborhood,Westerville,flu_season,0.5,IT50,24.33364195874595,26,7.0,0.2692307692307692,1.0,2.0,6.0,17.0,0.14285714285714285,0.6666666666666666,0.3333333333333333,0.10526315789473684,0.1111111111111111,0.2,0.03759398496240601,0.045871559633027525,0.052193886700168265,0.6923076923076923,0.42857142857142855,0.18655787828390688,0.19674556213017758,0.05178100962465404,,,,,False
gnn_st,post_covid,gnn_st,4,neighborhood,Westerville,flu_season,0.9,IT90,36.408491039457616,26,2.0,0.07692307692307693,0.0,0.0,2.0,24.0,0.0,,,0.0,0.0,0.0,0.0,0.0,,0.9230769230769231,0.0,0.07357275908025958,0.07100591715976333,-0.03614969038032223,,,,,True
gnn_st,post_covid,gnn_st,4,neighborhood,Westerville,flu_season,0.98,IT98,47.11324141772458,26,0.0,0.0,0.0,0.0,0.0,26.0,,,,0.0,,,,,,1.0,,0.00017258918974114807,0.0,,,,,,True
gnn_st,post_covid,gnn_st,4,neighborhood,Worthington,overall,,bands,,53,,,,,,,,,,,,,,,,,,,,,0.6792452830188679,0.9056603773584906,0.04381443298969068,-0.3018867924528302,False
gnn_st,post_covid,gnn_st,4,neighborhood,Worthington,overall,0.5,IT50,13.721631551906164,53,16.0,0.3018867924528302,3.0,3.0,13.0,34.0,0.1875,0.5,0.5,0.08108108108108109,0.15789473684210525,0.2727272727272727,0.10641891891891891,0.1293634496919918,0.1541896213528977,0.6981132075471698,0.375,0.16170422216824734,0.21075115699537203,0.23272439177262372,,,,,False
gnn_st,post_covid,gnn_st,4,neighborhood,Worthington,overall,0.9,IT90,22.978569674557114,53,5.0,0.09433962264150944,0.0,1.0,5.0,47.0,0.0,1.0,0.0,0.020833333333333332,0.0,0.0,-0.020833333333333332,-0.032467532467532464,-0.044757179627464554,0.8867924528301887,0.2,0.09030215532211129,0.08543965824136704,-0.05691147624921089,,,,,False
gnn_st,post_covid,gnn_st,4,neighborhood,Worthington,overall,0.98,IT98,31.956357603850087,53,2.0,0.03773584905660377,0.0,0.0,2.0,51.0,0.0,,,0.0,0.0,0.0,0.0,0.0,,0.9622641509433962,0.0,0.038494296435655675,0.03631185475258099,-0.06010273223290974,,,,,True
gnn_st,post_covid,gnn_st,4,neighborhood,Worthington,flu_season,,bands,,26,,,,,,,,,,,,,,,,,,,,,0.4230769230769231,0.8076923076923077,-0.09014675052410914,-0.5384615384615384,False
gnn_st,post_covid,gnn_st,4,neighborhood,Worthington,flu_season,0.5,IT50,13.721631551906164,26,14.0,0.5384615384615384,3.0,3.0,11.0,9.0,0.21428571428571427,0.5,0.5,0.25,0.17647058823529413,0.3,-0.035714285714285726,-0.03409090909090909,-0.042257712736425826,0.46153846153846156,0.42857142857142855,0.24789957429489476,0.24852071005917165,0.002499332003876087,,,,,False
gnn_st,post_covid,gnn_st,4,neighborhood,Worthington,flu_season,0.9,IT90,22.978569674557114,26,5.0,0.19230769230769232,0.0,1.0,5.0,20.0,0.0,1.0,0.0,0.047619047619047616,0.0,0.0,-0.047619047619047616,-0.0684931506849315,-0.09759000729485331,0.7692307692307693,0.2,0.18399861212924426,0.15532544378698226,-0.18460058856542005,,,,,False
gnn_st,post_covid,gnn_st,4,neighborhood,Worthington,flu_season,0.98,IT98,31.956357603850087,26,2.0,0.07692307692307693,0.0,0.0,2.0,24.0,0.0,,,0.0,0.0,0.0,0.0,0.0,,0.9230769230769231,0.0,0.07846911816991915,0.07100591715976333,-0.10510674755969451,,,,,True
lstm,post_covid,lstm,4,citywide,CITYWIDE,overall,,bands,,53,,,,,,,,,,,,,,,,,,,,,0.8301886792452831,1.0,-0.034707158351409806,-0.1320754716981132,False
lstm,post_covid,lstm,4,citywide,CITYWIDE,overall,0.5,IT50,35.19412725226089,53,8.0,0.1509433962264151,0.0,1.0,8.0,44.0,0.0,1.0,0.0,0.022222222222222223,0.0,0.0,-0.022222222222222223,-0.03470715835140998,-0.05847053462046861,0.8301886792452831,0.125,0.11711230476770795,0.12815948736205057,0.08619871085419006,,,,,False
lstm,post_covid,lstm,4,citywide,CITYWIDE,overall,0.9,IT90,56.071415152332634,53,0.0,0.0,0.0,0.0,0.0,53.0,,,,0.0,,,,,,1.0,,0.0006377178105469732,0.0,,,,,,True
lstm,post_covid,lstm,4,citywide,CITYWIDE,overall,0.98,IT98,75.53173152268305,53,0.0,0.0,0.0,0.0,0.0,53.0,,,,0.0,,,,,,1.0,,5.850527004258783e-07,0.0,,,,,,True
lstm,post_covid,lstm,4,citywide,CITYWIDE,flu_season,,bands,,26,,,,,,,,,,,,,,,,,,,,,0.6538461538461539,1.0,-0.07339449541284404,-0.2692307692307692,False
lstm,post_covid,lstm,4,citywide,CITYWIDE,flu_season,0.5,IT50,35.19412725226089,26,8.0,0.3076923076923077,0.0,1.0,8.0,17.0,0.0,1.0,0.0,0.05555555555555555,0.0,0.0,-0.05555555555555555,-0.07339449541284404,-0.13333333333333333,0.6538461538461539,0.125,0.2235998455852415,0.2130177514792899,-0.04967705288627289,,,,,False
lstm,post_covid,lstm,4,citywide,CITYWIDE,flu_season,0.9,IT90,56.071415152332634,26,0.0,0.0,0.0,0.0,0.0,26.0,,,,0.0,,,,,,1.0,,0.0012398474441614865,0.0,,,,,,True
lstm,post_covid,lstm,4,citywide,CITYWIDE,flu_season,0.98,IT98,75.53173152268305,26,0.0,0.0,0.0,0.0,0.0,26.0,,,,0.0,,,,,,1.0,,1.180615915187774e-06,0.0,,,,,,True
lstm,post_covid,lstm,4,pooled,ALL,overall,,bands,,901,,,,,,,,,,,,,,,,,,,,,0.8657047724750278,0.9822419533851277,0.04872326281625172,-0.13873473917869034,False
lstm,post_covid,lstm,4,pooled,ALL,overall,0.5,IT50,,901,118.0,0.1309655937846837,6.0,8.0,112.0,775.0,0.05084745762711865,0.5714285714285714,0.42857142857142855,0.010217113665389528,0.047619047619047616,0.09090909090909091,0.04063034396172912,0.06493236932230947,0.11082724969351196,0.8668146503884573,0.11864406779661017,0.1118727518601548,0.11381360702930893,0.017052927324008982,,,,,False
lstm,post_covid,lstm,4,pooled,ALL,overall,0.9,IT90,,901,17.0,0.018867924528301886,0.0,0.0,17.0,884.0,0.0,,,0.0,0.0,0.0,0.0,0.0,,0.9811320754716981,0.0,0.01863325290275752,0.01851192595229619,-0.006553988535497712,,,,,False
lstm,post_covid,lstm,4,pooled,ALL,overall,0.98,IT98,,901,4.0,0.004439511653718091,0.0,0.0,4.0,897.0,0.0,,,0.0,0.0,0.0,0.0,0.0,,0.9955604883462819,0.0,0.004541517212280729,0.004419802389994593,-0.027538521306217367,,,,,True
lstm,post_covid,lstm,4,pooled,ALL,flu_season,,bands,,442,,,,,,,,,,,,,,,,,,,,,0.7352941176470589,0.9638009049773756,0.028606049086459695,-0.2737556561085973,False
lstm,post_covid,lstm,4,pooled,ALL,flu_season,0.5,IT50,,442,114.0,0.2579185520361991,6.0,8.0,108.0,320.0,0.05263157894736842,0.5714285714285714,0.42857142857142855,0.024390243902439025,0.04918032786885246,0.09375,0.028241335044929393,0.03956241570508017,0.07054864361603506,0.7375565610859729,0.12280701754385964,0.20338160491365126,0.19139657255174955,-0.06261884527039374,,,,,False
lstm,post_covid,lstm,4,pooled,ALL,flu_season,0.9,IT90,,442,17.0,0.038461538461538464,0.0,0.0,17.0,425.0,0.0,,,0.0,0.0,0.0,0.0,0.0,,0.9615384615384616,0.0,0.037528274413767264,0.03698224852071006,-0.01476454014826678,,,,,False
lstm,post_covid,lstm,4,pooled,ALL,flu_season,0.98,IT98,,442,4.0,0.00904977375565611,0.0,0.0,4.0,438.0,0.0,,,0.0,0.0,0.0,0.0,0.0,,0.9909502262443439,0.0,0.009237464451944661,0.008967875350627548,-0.030061646797783448,,,,,True
lstm,post_covid,lstm,4,neighborhood,Agler/Cassidy,overall,,bands,,53,,,,,,,,,,,,,,,,,,,,,0.8490566037735849,1.0,-0.05999999999999983,-0.07547169811320754,False
lstm,post_covid,lstm,4,neighborhood,Agler/Cassidy,overall,0.5,IT50,51.74083078339265,53,6.0,0.11320754716981132,0.0,2.0,6.0,45.0,0.0,1.0,0.0,0.0425531914893617,0.0,0.0,-0.0425531914893617,-0.06,-0.0707549137677225,0.8490566037735849,0.3333333333333333,0.11322055818499027,0.10039159843360627,-0.12778917709800575,,,,,False
lstm,post_covid,lstm,4,neighborhood,Agler/Cassidy,overall,0.9,IT90,88.48740693700204,53,0.0,0.0,0.0,0.0,0.0,53.0,,,,0.0,,,,,,1.0,,6.74697616881933e-05,0.0,,,,,,True
lstm,post_covid,lstm,4,neighborhood,Agler/Cassidy,overall,0.98,IT98,124.72586226376617,53,0.0,0.0,0.0,0.0,0.0,53.0,,,,0.0,,,,,,1.0,,2.513771309870562e-10,0.0,,,,,,True
lstm,post_covid,lstm,4,neighborhood,Agler/Cassidy,flu_season,,bands,,26,,,,,,,,,,,,,,,,,,,,,0.6923076923076923,1.0,-0.13043478260869557,-0.15384615384615385,False
lstm,post_covid,lstm,4,neighborhood,Agler/Cassidy,flu_season,0.5,IT50,51.74083078339265,26,6.0,0.23076923076923078,0.0,2.0,6.0,18.0,0.0,1.0,0.0,0.1,0.0,0.0,-0.1,-0.13043478260869565,-0.15811388300841897,0.6923076923076923,0.3333333333333333,0.2207026345909018,0.17751479289940827,-0.24329150819541367,,,,,False
lstm,post_covid,lstm,4,neighborhood,Agler/Cassidy,flu_season,0.9,IT90,88.48740693700204,26,0.0,0.0,0.0,0.0,0.0,26.0,,,,0.0,,,,,,1.0,,0.00013561486175180448,0.0,,,,,,True
lstm,post_covid,lstm,4,neighborhood,Agler/Cassidy,flu_season,0.98,IT98,124.72586226376617,26,0.0,0.0,0.0,0.0,0.0,26.0,,,,0.0,,,,,,1.0,,5.121760249843948e-10,0.0,,,,,,True
lstm,post_covid,lstm,4,neighborhood,Bexley,overall,,bands,,53,,,,,,,,,,,,,,,,,,,,,0.8490566037735849,0.9622641509433962,0.0,-0.20754716981132076,False
lstm,post_covid,lstm,4,neighborhood,Bexley,overall,0.5,IT50,24.605454693531783,53,8.0,0.1509433962264151,0.0,0.0,8.0,45.0,0.0,,,0.0,0.0,0.0,0.0,0.0,,0.8490566037735849,0.0,0.12341184593203965,0.12815948736205057,0.03704479104694636,,,,,False
lstm,post_covid,lstm,4,neighborhood,Bexley,overall,0.9,IT90,37.5430295506582,53,2.0,0.03773584905660377,0.0,0.0,2.0,51.0,0.0,,,0.0,0.0,0.0,0.0,0.0,,0.9622641509433962,0.0,0.037940890483842055,0.03631185475258099,-0.04486236636384633,,,,,True
lstm,post_covid,lstm,4,neighborhood,Bexley,overall,0.98,IT98,49.19357270883574,53,1.0,0.018867924528301886,0.0,0.0,1.0,52.0,0.0,,,0.0,0.0,0.0,0.0,0.0,,0.9811320754716981,0.0,0.018845957941192735,0.018511925952296185,-0.018044151092507787,,,,,True
lstm,post_covid,lstm,4,neighborhood,Bexley,flu_season,,bands,,26,,,,,,,,,,,,,,,,,,,,,0.7307692307692307,0.9230769230769231,-2.220446049250313e-16,-0.38461538461538464,False
lstm,post_covid,lstm,4,neighborhood,Bexley,flu_season,0.5,IT50,24.605454693531783,26,7.0,0.2692307692307692,0.0,0.0,7.0,19.0,0.0,,,0.0,0.0,0.0,0.0,0.0,,0.7307692307692307,0.0,0.2078454350880845,0.19674556213017758,-0.05641739939507584,,,,,False
lstm,post_covid,lstm,4,neighborhood,Bexley,flu_season,0.9,IT90,37.5430295506582,26,2.0,0.07692307692307693,0.0,0.0,2.0,24.0,0.0,,,0.0,0.0,0.0,0.0,0.0,,0.9230769230769231,0.0,0.07720205755904996,0.07100591715976333,-0.08726231062328682,,,,,True
lstm,post_covid,lstm,4,neighborhood,Bexley,flu_season,0.98,IT98,49.19357270883574,26,1.0,0.038461538461538464,0.0,0.0,1.0,25.0,0.0,,,0.0,0.0,0.0,0.0,0.0,,0.9615384615384616,0.0,0.038416169526148236,0.036982248520710054,-0.03877322398704841,,,,,True
lstm,post_covid,lstm,4,neighborhood,Clintonville/Near North,overall,,bands,,53,,,,,,,,,,,,,,,,,,,,,0.7924528301886793,0.9245283018867925,0.0,-0.3018867924528302,False
lstm,post_covid,lstm,4,neighborhood,Clintonville/Near North,overall,0.5,IT50,15.728895715230147,53,11.0,0.20754716981132076,0.0,0.0,11.0,42.0,0.0,,,0.0,0.0,0.0,0.0,0.0,,0.7924528301886793,0.0,0.13188158463088442,0.1644713421146316,0.19814854712520735,,,,,False
lstm,post_covid,lstm,4,neighborhood,Clintonville/Near North,overall,0.9,IT90,22.099499115677975,53,4.0,0.07547169811320754,0.0,0.0,4.0,49.0,0.0,,,0.0,0.0,0.0,0.0,0.0,,0.9245283018867925,0.0,0.07033697015687784,0.06977572089711641,-0.008043618217703496,,,,,True
lstm,post_covid,lstm,4,neighborhood,Clintonville/Near North,overall,0.98,IT98,27.469599865392972,53,1.0,0.018867924528301886,0.0,0.0,1.0,52.0,0.0,,,0.0,0.0,0.0,0.0,0.0,,0.9811320754716981,0.0,0.02034564732859722,0.018511925952296185,-0.09905621819287713,,,,,True
lstm,post_covid,lstm,4,neighborhood,Clintonville/Near North,flu_season,,bands,,26,,,,,,,,,,,,,,,,,,,,,0.5769230769230769,0.8461538461538461,-4.440892098500626e-16,-0.6153846153846154,False
lstm,post_covid,lstm,4,neighborhood,Clintonville/Near North,flu_season,0.5,IT50,15.728895715230147,26,11.0,0.4230769230769231,0.0,0.0,11.0,15.0,0.0,,,0.0,0.0,0.0,0.0,0.0,,0.5769230769230769,0.0,0.24299746520118506,0.24408284023668633,0.004446748630296149,,,,,False
lstm,post_covid,lstm,4,neighborhood,Clintonville/Near North,flu_season,0.9,IT90,22.099499115677975,26,4.0,0.15384615384615385,0.0,0.0,4.0,22.0,0.0,,,0.0,0.0,0.0,0.0,0.0,,0.8461538461538461,0.0,0.14050465851525115,0.13017751479289943,-0.07933124041261097,,,,,True
lstm,post_covid,lstm,4,neighborhood,Clintonville/Near North,flu_season,0.98,IT98,27.469599865392972,26,1.0,0.038461538461538464,0.0,0.0,1.0,25.0,0.0,,,0.0,0.0,0.0,0.0,0.0,,0.9615384615384616,0.0,0.04117445685942977,0.036982248520710054,-0.11335731347898115,,,,,True
lstm,post_covid,lstm,4,neighborhood,Dublin,overall,,bands,,53,,,,,,,,,,,,,,,,,,,,,0.8301886792452831,0.9811320754716981,0.0,-0.18867924528301888,False
lstm,post_covid,lstm,4,neighborhood,Dublin,overall,0.5,IT50,8.038849454818003,53,9.0,0.16981132075471697,0.0,0.0,9.0,44.0,0.0,,,0.0,0.0,0.0,0.0,0.0,,0.8301886792452831,0.0,0.1316361028120125,0.14097543609825564,0.06624794747741669,,,,,False
lstm,post_covid,lstm,4,neighborhood,Dublin,overall,0.9,IT90,14.1626396504559,53,1.0,0.018867924528301886,0.0,0.0,1.0,52.0,0.0,,,0.0,0.0,0.0,0.0,0.0,,0.9811320754716981,0.0,0.021965378379229558,0.018511925952296185,-0.18655284360107394,,,,,True
lstm,post_covid,lstm,4,neighborhood,Dublin,overall,0.98,IT98,20.345693253667104,53,0.0,0.0,0.0,0.0,0.0,53.0,,,,0.0,,,,,,1.0,,8.10966963509826e-05,0.0,,,,,,True
lstm,post_covid,lstm,4,neighborhood,Dublin,flu_season,,bands,,26,,,,,,,,,,,,,,,,,,,,,0.6923076923076923,0.9615384615384616,-2.220446049250313e-16,-0.34615384615384615,False
lstm,post_covid,lstm,4,neighborhood,Dublin,flu_season,0.5,IT50,8.038849454818003,26,8.0,0.3076923076923077,0.0,0.0,8.0,18.0,0.0,,,0.0,0.0,0.0,0.0,0.0,,0.6923076923076923,0.0,0.20870776808922303,0.21301775147928986,0.02023297758114706,,,,,False
lstm,post_covid,lstm,4,neighborhood,Dublin,flu_season,0.9,IT90,14.1626396504559,26,1.0,0.038461538461538464,0.0,0.0,1.0,25.0,0.0,,,0.0,0.0,0.0,0.0,0.0,,0.9615384615384616,0.0,0.04356669259381743,0.036982248520710054,-0.1780433677368234,,,,,True
lstm,post_covid,lstm,4,neighborhood,Dublin,flu_season,0.98,IT98,20.345693253667104,26,0.0,0.0,0.0,0.0,0.0,26.0,,,,0.0,,,,,,1.0,,0.0001515954428878638,0.0,,,,,,True
lstm,post_covid,lstm,4,neighborhood,Eastside,overall,,bands,,53,,,,,,,,,,,,,,,,,,,,,0.9056603773584906,0.9811320754716981,0.28619528619528634,-0.07547169811320754,False
lstm,post_covid,lstm,4,neighborhood,Eastside,overall,0.5,IT50,53.89825474693718,53,6.0,0.11320754716981132,2.0,1.0,4.0,46.0,0.3333333333333333,0.3333333333333333,0.6666666666666666,0.02127659574468085,0.2857142857142857,0.4444444444444444,0.3120567375886525,0.39909297052154197,0.42787064172715733,0.9056603773584906,0.5,0.09190382962122585,0.10039159843360627,0.08454660494317945,,,,,False
lstm,post_covid,lstm,4,neighborhood,Eastside,overall,0.9,IT90,89.53274062296502,53,1.0,0.018867924528301886,0.0,0.0,1.0,52.0,0.0,,,0.0,0.0,0.0,0.0,0.0,,0.9811320754716981,0.0,0.018993304027941155,0.018511925952296185,-0.02600367335551379,,,,,True
lstm,post_covid,lstm,4,neighborhood,Eastside,overall,0.98,IT98,123.87134674281285,53,0.0,0.0,0.0,0.0,0.0,53.0,,,,0.0,,,,,,1.0,,2.18176032251367e-09,0.0,,,,,,True
lstm,post_covid,lstm,4,neighborhood,Eastside,flu_season,,bands,,26,,,,,,,,,,,,,,,,,,,,,0.8076923076923077,0.9615384615384616,0.2296296296296294,-0.15384615384615385,False
lstm,post_covid,lstm,4,neighborhood,Eastside,flu_season,0.5,IT50,53.89825474693718,26,6.0,0.23076923076923078,2.0,1.0,4.0,19.0,0.3333333333333333,0.3333333333333333,0.6666666666666666,0.05,0.2857142857142857,0.4444444444444444,0.2833333333333333,0.3434343434343434,0.3736489349242793,0.8076923076923077,0.5,0.17440083646777776,0.17751479289940827,0.017541954564851858,,,,,False
lstm,post_covid,lstm,4,neighborhood,Eastside,flu_season,0.9,IT90,89.53274062296502,26,1.0,0.038461538461538464,0.0,0.0,1.0,25.0,0.0,,,0.0,0.0,0.0,0.0,0.0,,0.9615384615384616,0.0,0.03870910820622165,0.036982248520710054,-0.04669428589623359,,,,,True
lstm,post_covid,lstm,4,neighborhood,Eastside,flu_season,0.98,IT98,123.87134674281285,26,0.0,0.0,0.0,0.0,0.0,26.0,,,,0.0,,,,,,1.0,,4.432951081213803e-09,0.0,,,,,,True
lstm,post_covid,lstm,4,neighborhood,Far East,overall,,bands,,53,,,,,,,,,,,,,,,,,,,,,0.9056603773584906,0.9811320754716981,0.0,-0.11320754716981132,False
lstm,post_covid,lstm,4,neighborhood,Far East,overall,0.5,IT50,76.01095931639992,53,5.0,0.09433962264150944,0.0,0.0,5.0,48.0,0.0,,,0.0,0.0,0.0,0.0,0.0,,0.9056603773584906,0.0,0.0862042501515485,0.08543965824136704,-0.00894891114874885,,,,,False
lstm,post_covid,lstm,4,neighborhood,Far East,overall,0.9,IT90,119.58175049878095,53,1.0,0.018867924528301886,0.0,0.0,1.0,52.0,0.0,,,0.0,0.0,0.0,0.0,0.0,,0.9811320754716981,0.0,0.01887189717939825,0.018511925952296185,-0.01944536878710945,,,,,True
lstm,post_covid,lstm,4,neighborhood,Far East,overall,0.98,IT98,159.7885780471188,53,0.0,0.0,0.0,0.0,0.0,53.0,,,,0.0,,,,,,1.0,,5.635444519952796e-12,0.0,,,,,,True
lstm,post_covid,lstm,4,neighborhood,Far East,flu_season,,bands,,26,,,,,,,,,,,,,,,,,,,,,0.8076923076923077,0.9615384615384616,0.0,-0.23076923076923078,False
lstm,post_covid,lstm,4,neighborhood,Far East,flu_season,0.5,IT50,76.01095931639992,26,5.0,0.19230769230769232,0.0,0.0,5.0,21.0,0.0,,,0.0,0.0,0.0,0.0,0.0,,0.8076923076923077,0.0,0.17012604497730027,0.15532544378698226,-0.09528768004433297,,,,,False
lstm,post_covid,lstm,4,neighborhood,Far East,flu_season,0.9,IT90,119.58175049878095,26,1.0,0.038461538461538464,0.0,0.0,1.0,25.0,0.0,,,0.0,0.0,0.0,0.0,0.0,,0.9615384615384616,0.0,0.038469327690211226,0.036982248520710054,-0.04021062074331172,,,,,True
lstm,post_covid,lstm,4,neighborhood,Far East,flu_season,0.98,IT98,159.7885780471188,26,0.0,0.0,0.0,0.0,0.0,26.0,,,,0.0,,,,,,1.0,,1.1456050370070485e-11,0.0,,,,,,True
lstm,post_covid,lstm,4,neighborhood,Far South,overall,,bands,,53,,,,,,,,,,,,,,,,,,,,,0.8490566037735849,1.0,0.1311475409836067,-0.07547169811320754,False
lstm,post_covid,lstm,4,neighborhood,Far South,overall,0.5,IT50,69.7066330370401,53,7.0,0.1320754716981132,1.0,2.0,6.0,44.0,0.14285714285714285,0.6666666666666666,0.3333333333333333,0.043478260869565216,0.1111111111111111,0.2,0.09937888198757763,0.13114754098360656,0.14560504166185284,0.8490566037735849,0.42857142857142855,0.10523041357708221,0.11463154147383411,0.08201170267694435,,,,,False
lstm,post_covid,lstm,4,neighborhood,Far South,overall,0.9,IT90,121.95949130896,53,0.0,0.0,0.0,0.0,0.0,53.0,,,,0.0,,,,,,1.0,,6.840387317118876e-06,0.0,,,,,,True
lstm,post_covid,lstm,4,neighborhood,Far South,overall,0.98,IT98,174.42921640712913,53,0.0,0.0,0.0,0.0,0.0,53.0,,,,0.0,,,,,,1.0,,9.432344147590445e-14,0.0,,,,,,True
lstm,post_covid,lstm,4,neighborhood,Far South,flu_season,,bands,,26,,,,,,,,,,,,,,,,,,,,,0.6923076923076923,1.0,0.04587155963302747,-0.15384615384615385,False
lstm,post_covid,lstm,4,neighborhood,Far South,flu_season,0.5,IT50,69.7066330370401,26,7.0,0.2692307692307692,1.0,2.0,6.0,17.0,0.14285714285714285,0.6666666666666666,0.3333333333333333,0.10526315789473684,0.1111111111111111,0.2,0.03759398496240601,0.045871559633027525,0.052193886700168265,0.6923076923076923,0.42857142857142855,0.20749952742835268,0.19674556213017758,-0.054659252192228225,,,,,False
lstm,post_covid,lstm,4,neighborhood,Far South,flu_season,0.9,IT90,121.95949130896,26,0.0,0.0,0.0,0.0,0.0,26.0,,,,0.0,,,,,,1.0,,1.3912746710005789e-05,0.0,,,,,,True
lstm,post_covid,lstm,4,neighborhood,Far South,flu_season,0.98,IT98,174.42921640712913,26,0.0,0.0,0.0,0.0,0.0,26.0,,,,0.0,,,,,,1.0,,1.922741258551787e-13,0.0,,,,,,True
lstm,post_covid,lstm,4,neighborhood,Far Southeast,overall,,bands,,53,,,,,,,,,,,,,,,,,,,,,0.9056603773584906,1.0,0.0,-0.09433962264150944,False
lstm,post_covid,lstm,4,neighborhood,Far Southeast,overall,0.5,IT50,10.956265259525463,53,5.0,0.09433962264150944,0.0,0.0,5.0,48.0,0.0,,,0.0,0.0,0.0,0.0,0.0,,0.9056603773584906,0.0,0.0995352589059867,0.08543965824136704,-0.1649772594454859,,,,,False
lstm,post_covid,lstm,4,neighborhood,Far Southeast,overall,0.9,IT90,18.40391015194404,53,0.0,0.0,0.0,0.0,0.0,53.0,,,,0.0,,,,,,1.0,,0.0021700683206627804,0.0,,,,,,True
lstm,post_covid,lstm,4,neighborhood,Far Southeast,overall,0.98,IT98,25.644566505740826,53,0.0,0.0,0.0,0.0,0.0,53.0,,,,0.0,,,,,,1.0,,2.6142540802328756e-05,0.0,,,,,,True
lstm,post_covid,lstm,4,neighborhood,Far Southeast,flu_season,,bands,,26,,,,,,,,,,,,,,,,,,,,,0.8076923076923077,1.0,0.0,-0.19230769230769232,False
lstm,post_covid,lstm,4,neighborhood,Far Southeast,flu_season,0.5,IT50,10.956265259525463,26,5.0,0.19230769230769232,0.0,0.0,5.0,21.0,0.0,,,0.0,0.0,0.0,0.0,0.0,,0.8076923076923077,0.0,0.17404051880166446,0.15532544378698226,-0.12048943533262069,,,,,False
lstm,post_covid,lstm,4,neighborhood,Far Southeast,flu_season,0.9,IT90,18.40391015194404,26,0.0,0.0,0.0,0.0,0.0,26.0,,,,0.0,,,,,,1.0,,0.003800934833658944,0.0,,,,,,True
lstm,post_covid,lstm,4,neighborhood,Far Southeast,flu_season,0.98,IT98,25.644566505740826,26,0.0,0.0,0.0,0.0,0.0,26.0,,,,0.0,,,,,,1.0,,4.9366151960433916e-05,0.0,,,,,,True
lstm,post_covid,lstm,4,neighborhood,Far Southwest,overall,,bands,,53,,,,,,,,,,,,,,,,,,,,,0.9056603773584906,1.0,0.0,-0.09433962264150944,False
lstm,post_covid,lstm,4,neighborhood,Far Southwest,overall,0.5,IT50,34.041053932580134,53,5.0,0.09433962264150944,0.0,0.0,5.0,48.0,0.0,,,0.0,0.0,0.0,0.0,0.0,,0.9056603773584906,0.0,0.10524368113786796,0.08543965824136704,-0.23178958465112953,,,,,False
lstm,post_covid,lstm,4,neighborhood,Far Southwest,overall,0.9,IT90,54.68112356483704,53,0.0,0.0,0.0,0.0,0.0,53.0,,,,0.0,,,,,,1.0,,0.000689000477116541,0.0,,,,,,True
lstm,post_covid,lstm,4,neighborhood,Far Southwest,overall,0.98,IT98,74.04650918881951,53,0.0,0.0,0.0,0.0,0.0,53.0,,,,0.0,,,,,,1.0,,1.0094881923190093e-06,0.0,,,,,,True
lstm,post_covid,lstm,4,neighborhood,Far Southwest,flu_season,,bands,,26,,,,,,,,,,,,,,,,,,,,,0.8076923076923077,1.0,0.0,-0.19230769230769232,False
lstm,post_covid,lstm,4,neighborhood,Far Southwest,flu_season,0.5,IT50,34.041053932580134,26,5.0,0.19230769230769232,0.0,0.0,5.0,21.0,0.0,,,0.0,0.0,0.0,0.0,0.0,,0.8076923076923077,0.0,0.20154201473646893,0.15532544378698226,-0.2975466853509807,,,,,False
lstm,post_covid,lstm,4,neighborhood,Far Southwest,flu_season,0.9,IT90,54.68112356483704,26,0.0,0.0,0.0,0.0,0.0,26.0,,,,0.0,,,,,,1.0,,0.0013550128835792725,0.0,,,,,,True
lstm,post_covid,lstm,4,neighborhood,Far Southwest,flu_season,0.98,IT98,74.04650918881951,26,0.0,0.0,0.0,0.0,0.0,26.0,,,,0.0,,,,,,1.0,,2.047203702502658e-06,0.0,,,,,,True
lstm,post_covid,lstm,4,neighborhood,Hilliard,overall,,bands,,53,,,,,,,,,,,,,,,,,,,,,0.8301886792452831,1.0,-0.034707158351409806,-0.1320754716981132,False
lstm,post_covid,lstm,4,neighborhood,Hilliard,overall,0.5,IT50,19.24134804712757,53,8.0,0.1509433962264151,0.0,1.0,8.0,44.0,0.0,1.0,0.0,0.022222222222222223,0.0,0.0,-0.022222222222222223,-0.03470715835140998,-0.05847053462046861,0.8301886792452831,0.125,0.12985600486864987,0.12815948736205057,-0.013237549100103996,,,,,False
lstm,post_covid,lstm,4,neighborhood,Hilliard,overall,0.9,IT90,34.52709434950146,53,0.0,0.0,0.0,0.0,0.0,53.0,,,,0.0,,,,,,1.0,,0.0010020550375643993,0.0,,,,,,True
lstm,post_covid,lstm,4,neighborhood,Hilliard,overall,0.98,IT98,50.186768532537315,53,0.0,0.0,0.0,0.0,0.0,53.0,,,,0.0,,,,,,1.0,,9.004446092657007e-07,0.0,,,,,,True
lstm,post_covid,lstm,4,neighborhood,Hilliard,flu_season,,bands,,26,,,,,,,,,,,,,,,,,,,,,0.6538461538461539,1.0,-0.07339449541284404,-0.2692307692307692,False
lstm,post_covid,lstm,4,neighborhood,Hilliard,flu_season,0.5,IT50,19.24134804712757,26,8.0,0.3076923076923077,0.0,1.0,8.0,17.0,0.0,1.0,0.0,0.05555555555555555,0.0,0.0,-0.05555555555555555,-0.07339449541284404,-0.13333333333333333,0.6538461538461539,0.125,0.23899395454897907,0.21301775147928986,-0.12194384218826326,,,,,False
lstm,post_covid,lstm,4,neighborhood,Hilliard,flu_season,0.9,IT90,34.52709434950146,26,0.0,0.0,0.0,0.0,0.0,26.0,,,,0.0,,,,,,1.0,,0.0019004721882181312,0.0,,,,,,True
lstm,post_covid,lstm,4,neighborhood,Hilliard,flu_season,0.98,IT98,50.186768532537315,26,0.0,0.0,0.0,0.0,0.0,26.0,,,,0.0,,,,,,1.0,,1.806476810091166e-06,0.0,,,,,,True
lstm,post_covid,lstm,4,neighborhood,Linden,overall,,bands,,53,,,,,,,,,,,,,,,,,,,,,0.8679245283018868,1.0,0.0,-0.1320754716981132,False
lstm,post_covid,lstm,4,neighborhood,Linden,overall,0.5,IT50,53.62727596624066,53,7.0,0.1320754716981132,0.0,0.0,7.0,46.0,0.0,,,0.0,0.0,0.0,0.0,0.0,,0.8679245283018868,0.0,0.11969425410895418,0.1146315414738341,-0.04416509252190148,,,,,False
lstm,post_covid,lstm,4,neighborhood,Linden,overall,0.9,IT90,82.61523156370409,53,0.0,0.0,0.0,0.0,0.0,53.0,,,,0.0,,,,,,1.0,,9.941156770416162e-05,0.0,,,,,,True
lstm,post_covid,lstm,4,neighborhood,Linden,overall,0.98,IT98,108.92078323683364,53,0.0,0.0,0.0,0.0,0.0,53.0,,,,0.0,,,,,,1.0,,1.314724191018669e-08,0.0,,,,,,True
lstm,post_covid,lstm,4,neighborhood,Linden,flu_season,,bands,,26,,,,,,,,,,,,,,,,,,,,,0.7307692307692307,1.0,0.0,-0.2692307692307692,False
lstm,post_covid,lstm,4,neighborhood,Linden,flu_season,0.5,IT50,53.62727596624066,26,7.0,0.2692307692307692,0.0,0.0,7.0,19.0,0.0,,,0.0,0.0,0.0,0.0,0.0,,0.7307692307692307,0.0,0.23533298877172257,0.19674556213017758,-0.19612857450890542,,,,,False
lstm,post_covid,lstm,4,neighborhood,Linden,flu_season,0.9,IT90,82.61523156370409,26,0.0,0.0,0.0,0.0,0.0,26.0,,,,0.0,,,,,,1.0,,0.00019317547653743158,0.0,,,,,,True
lstm,post_covid,lstm,4,neighborhood,Linden,flu_season,0.98,IT98,108.92078323683364,26,0.0,0.0,0.0,0.0,0.0,26.0,,,,0.0,,,,,,1.0,,2.6464615964578008e-08,0.0,,,,,,True
lstm,post_covid,lstm,4,neighborhood,NE Suburban,overall,,bands,,53,,,,,,,,,,,,,,,,,,,,,0.8867924528301887,0.9811320754716981,-0.025806451612902848,-0.09433962264150944,False
lstm,post_covid,lstm,4,neighborhood,NE Suburban,overall,0.5,IT50,27.312493683860776,53,5.0,0.09433962264150944,0.0,1.0,5.0,47.0,0.0,1.0,0.0,0.020833333333333332,0.0,0.0,-0.020833333333333332,-0.032467532467532464,-0.044757179627464554,0.8867924528301887,0.2,0.09952340945711528,0.08543965824136704,-0.1648385715209868,,,,,False
lstm,post_covid,lstm,4,neighborhood,NE Suburban,overall,0.9,IT90,41.22759712033061,53,1.0,0.018867924528301886,0.0,0.0,1.0,52.0,0.0,,,0.0,0.0,0.0,0.0,0.0,,0.9811320754716981,0.0,0.02230884257440483,0.018511925952296185,-0.20510651522121526,,,,,True
lstm,post_covid,lstm,4,neighborhood,NE Suburban,overall,0.98,IT98,53.6511443833241,53,0.0,0.0,0.0,0.0,0.0,53.0,,,,0.0,,,,,,1.0,,7.921683835275645e-05,0.0,,,,,,True
lstm,post_covid,lstm,4,neighborhood,NE Suburban,flu_season,,bands,,26,,,,,,,,,,,,,,,,,,,,,0.7692307692307693,0.9615384615384616,-0.05405405405405417,-0.19230769230769232,False
lstm,post_covid,lstm,4,neighborhood,NE Suburban,flu_season,0.5,IT50,27.312493683860776,26,5.0,0.19230769230769232,0.0,1.0,5.0,20.0,0.0,1.0,0.0,0.047619047619047616,0.0,0.0,-0.047619047619047616,-0.0684931506849315,-0.09759000729485331,0.7692307692307693,0.2,0.17882970128026615,0.15532544378698226,-0.1513226482424752,,,,,False
lstm,post_covid,lstm,4,neighborhood,NE Suburban,flu_season,0.9,IT90,41.22759712033061,26,1.0,0.038461538461538464,0.0,0.0,1.0,25.0,0.0,,,0.0,0.0,0.0,0.0,0.0,,0.9615384615384616,0.0,0.044696942859988424,0.036982248520710054,-0.20860533493408706,,,,,True
lstm,post_covid,lstm,4,neighborhood,NE Suburban,flu_season,0.98,IT98,53.6511443833241,26,0.0,0.0,0.0,0.0,0.0,26.0,,,,0.0,,,,,,1.0,,0.00015235956861916138,0.0,,,,,,True
lstm,post_covid,lstm,4,neighborhood,Northland,overall,,bands,,53,,,,,,,,,,,,,,,,,,,,,0.9056603773584906,1.0,0.0,-0.09433962264150944,False
lstm,post_covid,lstm,4,neighborhood,Northland,overall,0.5,IT50,56.127661353876796,53,5.0,0.09433962264150944,0.0,0.0,5.0,48.0,0.0,,,0.0,0.0,0.0,0.0,0.0,,0.9056603773584906,0.0,0.10407720020317617,0.08543965824136704,-0.21813689737800757,,,,,False
lstm,post_covid,lstm,4,neighborhood,Northland,overall,0.9,IT90,89.91407794411414,53,0.0,0.0,0.0,0.0,0.0,53.0,,,,0.0,,,,,,1.0,,9.063008418108649e-05,0.0,,,,,,True
lstm,post_covid,lstm,4,neighborhood,Northland,overall,0.98,IT98,121.54516325409915,53,0.0,0.0,0.0,0.0,0.0,53.0,,,,0.0,,,,,,1.0,,3.204679693510108e-09,0.0,,,,,,True
lstm,post_covid,lstm,4,neighborhood,Northland,flu_season,,bands,,26,,,,,,,,,,,,,,,,,,,,,0.8076923076923077,1.0,0.0,-0.19230769230769232,False
lstm,post_covid,lstm,4,neighborhood,Northland,flu_season,0.5,IT50,56.127661353876796,26,5.0,0.19230769230769232,0.0,0.0,5.0,21.0,0.0,,,0.0,0.0,0.0,0.0,0.0,,0.8076923076923077,0.0,0.20214648478279434,0.15532544378698226,-0.30143832107779955,,,,,False
lstm,post_covid,lstm,4,neighborhood,Northland,flu_season,0.9,IT90,89.91407794411414,26,0.0,0.0,0.0,0.0,0.0,26.0,,,,0.0,,,,,,1.0,,0.00018005129320576558,0.0,,,,,,True
lstm,post_covid,lstm,4,neighborhood,Northland,flu_season,0.98,IT98,121.54516325409915,26,0.0,0.0,0.0,0.0,0.0,26.0,,,,0.0,,,,,,1.0,,6.515044774170369e-09,0.0,,,,,,True
lstm,post_covid,lstm,4,neighborhood,UA/Grandview,overall,,bands,,53,,,,,,,,,,,,,,,,,,,,,0.9056603773584906,1.0,0.0,-0.09433962264150944,False
lstm,post_covid,lstm,4,neighborhood,UA/Grandview,overall,0.5,IT50,8.143164584776198,53,5.0,0.09433962264150944,0.0,0.0,5.0,48.0,0.0,,,0.0,0.0,0.0,0.0,0.0,,0.9056603773584906,0.0,0.11868353146811715,0.08543965824136704,-0.389091832891421,,,,,False
lstm,post_covid,lstm,4,neighborhood,UA/Grandview,overall,0.9,IT90,16.706142473783938,53,0.0,0.0,0.0,0.0,0.0,53.0,,,,0.0,,,,,,1.0,,0.0015328055651209066,0.0,,,,,,True
lstm,post_covid,lstm,4,neighborhood,UA/Grandview,overall,0.98,IT98,26.455007113900507,53,0.0,0.0,0.0,0.0,0.0,53.0,,,,0.0,,,,,,1.0,,1.2578721401780442e-06,0.0,,,,,,True
lstm,post_covid,lstm,4,neighborhood,UA/Grandview,flu_season,,bands,,26,,,,,,,,,,,,,,,,,,,,,0.8076923076923077,1.0,0.0,-0.19230769230769232,False
lstm,post_covid,lstm,4,neighborhood,UA/Grandview,flu_season,0.5,IT50,8.143164584776198,26,5.0,0.19230769230769232,0.0,0.0,5.0,21.0,0.0,,,0.0,0.0,0.0,0.0,0.0,,0.8076923076923077,0.0,0.2018665431903393,0.15532544378698226,-0.29963603044447007,,,,,False
lstm,post_covid,lstm,4,neighborhood,UA/Grandview,flu_season,0.9,IT90,16.706142473783938,26,0.0,0.0,0.0,0.0,0.0,26.0,,,,0.0,,,,,,1.0,,0.0027929490232834653,0.0,,,,,,True
lstm,post_covid,lstm,4,neighborhood,UA/Grandview,flu_season,0.98,IT98,26.455007113900507,26,0.0,0.0,0.0,0.0,0.0,26.0,,,,0.0,,,,,,1.0,,2.4639053187865457e-06,0.0,,,,,,True
lstm,post_covid,lstm,4,neighborhood,West,overall,,bands,,53,,,,,,,,,,,,,,,,,,,,,0.9433962264150944,1.0,0.0,-0.05660377358490566,False
lstm,post_covid,lstm,4,neighborhood,West,overall,0.5,IT50,73.15037971354549,53,3.0,0.05660377358490566,0.0,0.0,3.0,50.0,0.0,,,0.0,0.0,0.0,0.0,0.0,,0.9433962264150944,0.0,0.07359142327180518,0.05339978640085441,-0.37812205313667135,,,,,True
lstm,post_covid,lstm,4,neighborhood,West,overall,0.9,IT90,114.1022318647041,53,0.0,0.0,0.0,0.0,0.0,53.0,,,,0.0,,,,,,1.0,,8.428164842102328e-05,0.0,,,,,,True
lstm,post_covid,lstm,4,neighborhood,West,overall,0.98,IT98,151.63555393306305,53,0.0,0.0,0.0,0.0,0.0,53.0,,,,0.0,,,,,,1.0,,2.153657677277548e-09,0.0,,,,,,True
lstm,post_covid,lstm,4,neighborhood,West,flu_season,,bands,,26,,,,,,,,,,,,,,,,,,,,,0.8846153846153846,1.0,0.0,-0.11538461538461539,False
lstm,post_covid,lstm,4,neighborhood,West,flu_season,0.5,IT50,73.15037971354549,26,3.0,0.11538461538461539,0.0,0.0,3.0,23.0,0.0,,,0.0,0.0,0.0,0.0,0.0,,0.8846153846153846,0.0,0.1408388244051106,0.10207100591715977,-0.3798122506935473,,,,,True
lstm,post_covid,lstm,4,neighborhood,West,flu_season,0.9,IT90,114.1022318647041,26,0.0,0.0,0.0,0.0,0.0,26.0,,,,0.0,,,,,,1.0,,0.00016795614741654151,0.0,,,,,,True
lstm,post_covid,lstm,4,neighborhood,West,flu_season,0.98,IT98,151.63555393306305,26,0.0,0.0,0.0,0.0,0.0,26.0,,,,0.0,,,,,,1.0,,4.379801182937057e-09,0.0,,,,,,True
lstm,post_covid,lstm,4,neighborhood,Westerville,overall,,bands,,53,,,,,,,,,,,,,,,,,,,,,0.8679245283018868,0.9622641509433962,0.0,-0.16981132075471697,False
lstm,post_covid,lstm,4,neighborhood,Westerville,overall,0.5,IT50,24.33364195874595,53,7.0,0.1320754716981132,0.0,0.0,7.0,46.0,0.0,,,0.0,0.0,0.0,0.0,0.0,,0.8679245283018868,0.0,0.10504261716771215,0.1146315414738341,0.08364996390029988,,,,,False
lstm,post_covid,lstm,4,neighborhood,Westerville,overall,0.9,IT90,36.408491039457616,53,2.0,0.03773584905660377,0.0,0.0,2.0,51.0,0.0,,,0.0,0.0,0.0,0.0,0.0,,0.9622641509433962,0.0,0.038752485827058675,0.03631185475258099,-0.06721306557066486,,,,,True
lstm,post_covid,lstm,4,neighborhood,Westerville,overall,0.98,IT98,47.11324141772458,53,0.0,0.0,0.0,0.0,0.0,53.0,,,,0.0,,,,,,1.0,,4.3118775755863155e-05,0.0,,,,,,True
lstm,post_covid,lstm,4,neighborhood,Westerville,flu_season,,bands,,26,,,,,,,,,,,,,,,,,,,,,0.7307692307692307,0.9230769230769231,0.0,-0.34615384615384615,False
lstm,post_covid,lstm,4,neighborhood,Westerville,flu_season,0.5,IT50,24.33364195874595,26,7.0,0.2692307692307692,0.0,0.0,7.0,19.0,0.0,,,0.0,0.0,0.0,0.0,0.0,,0.7307692307692307,0.0,0.2011904803781684,0.19674556213017758,-0.022592216057456982,,,,,False
lstm,post_covid,lstm,4,neighborhood,Westerville,flu_season,0.9,IT90,36.408491039457616,26,2.0,0.07692307692307693,0.0,0.0,2.0,24.0,0.0,,,0.0,0.0,0.0,0.0,0.0,,0.9230769230769231,0.0,0.07871885130859664,0.07100591715976333,-0.10862382259606918,,,,,True
lstm,post_covid,lstm,4,neighborhood,Westerville,flu_season,0.98,IT98,47.11324141772458,26,0.0,0.0,0.0,0.0,0.0,26.0,,,,0.0,,,,,,1.0,,8.53506770040951e-05,0.0,,,,,,True
lstm,post_covid,lstm,4,neighborhood,Worthington,overall,,bands,,53,,,,,,,,,,,,,,,,,,,,,0.7169811320754716,0.9245283018867925,0.10904134484325312,-0.3584905660377358,False
lstm,post_covid,lstm,4,neighborhood,Worthington,overall,0.5,IT50,13.721631551906164,53,16.0,0.3018867924528302,3.0,1.0,13.0,36.0,0.1875,0.25,0.75,0.02702702702702703,0.17647058823529413,0.3,0.16047297297297297,0.20386266094420602,0.27889113917873115,0.7358490566037735,0.25,0.1631008161234635,0.21075115699537203,0.22609764781957953,,,,,False
lstm,post_covid,lstm,4,neighborhood,Worthington,overall,0.9,IT90,22.978569674557114,53,5.0,0.09433962264150944,0.0,0.0,5.0,48.0,0.0,,,0.0,0.0,0.0,0.0,0.0,,0.9056603773584906,0.0,0.08185296786834925,0.08543965824136704,0.04197922190752901,,,,,False
lstm,post_covid,lstm,4,neighborhood,Worthington,overall,0.98,IT98,31.956357603850087,53,2.0,0.03773584905660377,0.0,0.0,2.0,51.0,0.0,,,0.0,0.0,0.0,0.0,0.0,,0.9622641509433962,0.0,0.03778142373833223,0.03631185475258099,-0.04047077726446302,,,,,True
lstm,post_covid,lstm,4,neighborhood,Worthington,flu_season,,bands,,26,,,,,,,,,,,,,,,,,,,,,0.5,0.8461538461538461,0.042105263157894535,-0.6538461538461539,False
lstm,post_covid,lstm,4,neighborhood,Worthington,flu_season,0.5,IT50,13.721631551906164,26,14.0,0.5384615384615384,3.0,1.0,11.0,11.0,0.21428571428571427,0.25,0.75,0.08333333333333333,0.2,0.3333333333333333,0.13095238095238093,0.12359550561797752,0.18093671611393647,0.5384615384615384,0.2857142857142857,0.2504260607937325,0.24852071005917165,-0.007666768431923376,,,,,False
lstm,post_covid,lstm,4,neighborhood,Worthington,flu_season,0.9,IT90,22.978569674557114,26,5.0,0.19230769230769232,0.0,0.0,5.0,21.0,0.0,,,0.0,0.0,0.0,0.0,0.0,,0.8076923076923077,0.0,0.16557294684654567,0.15532544378698226,-0.06597440065014148,,,,,False
lstm,post_covid,lstm,4,neighborhood,Worthington,flu_season,0.98,IT98,31.956357603850087,26,2.0,0.07692307692307693,0.0,0.0,2.0,24.0,0.0,,,0.0,0.0,0.0,0.0,0.0,,0.9230769230769231,0.0,0.07700123755494093,0.07100591715976333,-0.08443409556541792,,,,,True
persistence,post_covid,persistence,4,citywide,CITYWIDE,overall,,bands,,53,,,,,,,,,,,,,,,,,,,,,0.8113207547169812,1.0,0.26388888888888884,0.0,False
persistence,post_covid,persistence,4,citywide,CITYWIDE,overall,0.5,IT50,35.19412725226089,53,8.0,0.1509433962264151,3.0,5.0,5.0,40.0,0.375,0.625,0.375,0.1111111111111111,0.23076923076923078,0.375,0.2638888888888889,0.2638888888888889,0.2638888888888889,0.8113207547169812,1.0,0.12098786379335004,0.12815948736205057,0.055958585012443884,,,,,False
persistence,post_covid,persistence,4,citywide,CITYWIDE,overall,0.9,IT90,56.071415152332634,53,0.0,0.0,0.0,0.0,0.0,53.0,,,,0.0,,,,,,1.0,,0.011863525700104455,0.0,,,,,,True
persistence,post_covid,persistence,4,citywide,CITYWIDE,overall,0.98,IT98,75.53173152268305,53,0.0,0.0,0.0,0.0,0.0,53.0,,,,0.0,,,,,,1.0,,0.000964075771423495,0.0,,,,,,True
persistence,post_covid,persistence,4,citywide,CITYWIDE,flu_season,,bands,,26,,,,,,,,,,,,,,,,,,,,,0.6153846153846154,1.0,0.09722222222222221,0.0,False
persistence,post_covid,persistence,4,citywide,CITYWIDE,flu_season,0.5,IT50,35.19412725226089,26,8.0,0.3076923076923077,3.0,5.0,5.0,13.0,0.375,0.625,0.375,0.2777777777777778,0.23076923076923078,0.375,0.09722222222222221,0.09722222222222222,0.09722222222222222,0.6153846153846154,1.0,0.23361629755689062,0.2130177514792899,-0.09669873019762565,,,,,False
persistence,post_covid,persistence,4,citywide,CITYWIDE,flu_season,0.9,IT90,56.071415152332634,26,0.0,0.0,0.0,0.0,0.0,26.0,,,,0.0,,,,,,1.0,,0.024021833491682434,0.0,,,,,,True
persistence,post_covid,persistence,4,citywide,CITYWIDE,flu_season,0.98,IT98,75.53173152268305,26,0.0,0.0,0.0,0.0,0.0,26.0,,,,0.0,,,,,,1.0,,0.001964802774797735,0.0,,,,,,True
persistence,post_covid,persistence,4,pooled,ALL,overall,,bands,,901,,,,,,,,,,,,,,,,,,,,,0.7968923418423973,0.974472807991121,0.18496790714689537,-0.0022197558268590455,False
persistence,post_covid,persistence,4,pooled,ALL,overall,0.5,IT50,,901,118.0,0.1309655937846837,32.0,84.0,86.0,699.0,0.2711864406779661,0.7241379310344828,0.27586206896551724,0.10727969348659004,0.15841584158415842,0.27350427350427353,0.16390674719137605,0.16509500812174993,0.16510297286237013,0.8113207547169812,0.9830508474576272,0.131385675797995,0.11381360702930893,-0.1543933913293951,,,,,False
persistence,post_covid,persistence,4,pooled,ALL,overall,0.9,IT90,,901,17.0,0.018867924528301886,1.0,16.0,16.0,868.0,0.058823529411764705,0.9411764705882353,0.058823529411764705,0.01809954751131222,0.030303030303030304,0.058823529411764705,0.04072398190045248,0.04072398190045249,0.04072398190045249,0.9644839067702553,1.0,0.0323686788549287,0.01851192595229619,-0.7485311327595141,,,,,False
persistence,post_covid,persistence,4,pooled,ALL,overall,0.98,IT98,,901,4.0,0.004439511653718091,0.0,4.0,4.0,893.0,0.0,1.0,0.0,0.004459308807134894,0.0,0.0,-0.004459308807134894,-0.004459308807134894,-0.004459308807134894,0.9911209766925638,1.0,0.009571593408534364,0.004419802389994593,-1.1656156913716846,,,,,True
persistence,post_covid,persistence,4,pooled,ALL,flu_season,,bands,,442,,,,,,,,,,,,,,,,,,,,,0.6063348416289592,0.9479638009049773,0.08159653641348164,-0.006787330316742082,False
persistence,post_covid,persistence,4,pooled,ALL,flu_season,0.5,IT50,,442,114.0,0.2579185520361991,32.0,79.0,82.0,249.0,0.2807017543859649,0.7117117117117117,0.2882882882882883,0.24085365853658536,0.16580310880829016,0.28444444444444444,0.03984809584937954,0.04019314288797173,0.040199572497891585,0.6357466063348416,0.9736842105263158,0.2332682923216965,0.19139657255174955,-0.21876943359905643,,,,,False
persistence,post_covid,persistence,4,pooled,ALL,flu_season,0.9,IT90,,442,17.0,0.038461538461538464,1.0,16.0,16.0,409.0,0.058823529411764705,0.9411764705882353,0.058823529411764705,0.03764705882352941,0.030303030303030304,0.058823529411764705,0.021176470588235297,0.021176470588235293,0.021176470588235293,0.9276018099547512,1.0,0.06258745905842862,0.03698224852071006,-0.6923648929399098,,,,,False
persistence,post_covid,persistence,4,pooled,ALL,flu_season,0.98,IT98,,442,4.0,0.00904977375565611,0.0,4.0,4.0,434.0,0.0,1.0,0.0,0.0091324200913242,0.0,0.0,-0.0091324200913242,-0.0091324200913242,-0.0091324200913242,0.9819004524886877,1.0,0.019004653648263713,0.008967875350627548,-1.1191924402622098,,,,,True
persistence,post_covid,persistence,4,neighborhood,Agler/Cassidy,overall,,bands,,53,,,,,,,,,,,,,,,,,,,,,0.8490566037735849,1.0,0.24822695035461007,0.0,False
persistence,post_covid,persistence,4,neighborhood,Agler/Cassidy,overall,0.5,IT50,51.74083078339265,53,6.0,0.11320754716981132,2.0,4.0,4.0,43.0,0.3333333333333333,0.6666666666666666,0.3333333333333333,0.0851063829787234,0.2,0.3333333333333333,0.2482269503546099,0.24822695035460993,0.24822695035460993,0.8490566037735849,1.0,0.12349440119335367,0.10039159843360627,-0.23012685444017889,,,,,False
persistence,post_covid,persistence,4,neighborhood,Agler/Cassidy,overall,0.9,IT90,88.48740693700204,53,0.0,0.0,0.0,0.0,0.0,53.0,,,,0.0,,,,,,1.0,,0.010647759565717297,0.0,,,,,,True
persistence,post_covid,persistence,4,neighborhood,Agler/Cassidy,overall,0.98,IT98,124.72586226376617,53,0.0,0.0,0.0,0.0,0.0,53.0,,,,0.0,,,,,,1.0,,0.00043902570846841306,0.0,,,,,,True
persistence,post_covid,persistence,4,neighborhood,Agler/Cassidy,flu_season,,bands,,26,,,,,,,,,,,,,,,,,,,,,0.6923076923076923,1.0,0.1333333333333333,0.0,False
persistence,post_covid,persistence,4,neighborhood,Agler/Cassidy,flu_season,0.5,IT50,51.74083078339265,26,6.0,0.23076923076923078,2.0,4.0,4.0,16.0,0.3333333333333333,0.6666666666666666,0.3333333333333333,0.2,0.2,0.3333333333333333,0.1333333333333333,0.13333333333333333,0.13333333333333333,0.6923076923076923,1.0,0.2319250870009966,0.17751479289940827,-0.3065113234389476,,,,,False
persistence,post_covid,persistence,4,neighborhood,Agler/Cassidy,flu_season,0.9,IT90,88.48740693700204,26,0.0,0.0,0.0,0.0,0.0,26.0,,,,0.0,,,,,,1.0,,0.02161670832518175,0.0,,,,,,True
persistence,post_covid,persistence,4,neighborhood,Agler/Cassidy,flu_season,0.98,IT98,124.72586226376617,26,0.0,0.0,0.0,0.0,0.0,26.0,,,,0.0,,,,,,1.0,,0.0008949219407993186,0.0,,,,,,True
persistence,post_covid,persistence,4,neighborhood,Bexley,overall,,bands,,53,,,,,,,,,,,,,,,,,,,,,0.7547169811320755,0.9433962264150944,0.17805858701895472,-0.018867924528301886,False
persistence,post_covid,persistence,4,neighborhood,Bexley,overall,0.5,IT50,24.605454693531783,53,8.0,0.1509433962264151,2.0,5.0,6.0,40.0,0.25,0.7142857142857143,0.2857142857142857,0.1111111111111111,0.15384615384615385,0.26666666666666666,0.1388888888888889,0.14641288433382138,0.14685570351046695,0.7924528301886793,0.875,0.1321062436705051,0.12815948736205057,-0.030795662417913316,,,,,False
persistence,post_covid,persistence,4,neighborhood,Bexley,overall,0.9,IT90,37.5430295506582,53,2.0,0.03773584905660377,0.0,2.0,2.0,49.0,0.0,1.0,0.0,0.0392156862745098,0.0,0.0,-0.0392156862745098,-0.0392156862745098,-0.0392156862745098,0.9245283018867925,1.0,0.0451397985497798,0.03631185475258099,-0.24311464829736718,,,,,True
persistence,post_covid,persistence,4,neighborhood,Bexley,overall,0.98,IT98,49.19357270883574,53,1.0,0.018867924528301886,0.0,1.0,1.0,51.0,0.0,1.0,0.0,0.019230769230769232,0.0,0.0,-0.019230769230769232,-0.019230769230769232,-0.019230769230769232,0.9622641509433962,1.0,0.018044621943925334,0.018511925952296185,0.025243403067571557,,,,,True
persistence,post_covid,persistence,4,neighborhood,Bexley,flu_season,,bands,,26,,,,,,,,,,,,,,,,,,,,,0.5384615384615384,0.8846153846153846,0.0815217391304347,0.0,False
persistence,post_covid,persistence,4,neighborhood,Bexley,flu_season,0.5,IT50,24.605454693531783,26,7.0,0.2692307692307692,2.0,5.0,5.0,14.0,0.2857142857142857,0.7142857142857143,0.2857142857142857,0.2631578947368421,0.16666666666666666,0.2857142857142857,0.022556390977443608,0.022556390977443608,0.022556390977443608,0.6153846153846154,1.0,0.21398241417654423,0.19674556213017758,-0.08760986453642006,,,,,False
persistence,post_covid,persistence,4,neighborhood,Bexley,flu_season,0.9,IT90,37.5430295506582,26,2.0,0.07692307692307693,0.0,2.0,2.0,22.0,0.0,1.0,0.0,0.08333333333333333,0.0,0.0,-0.08333333333333333,-0.08333333333333333,-0.08333333333333333,0.8461538461538461,1.0,0.09083149853984857,0.07100591715976333,-0.279210271102867,,,,,True
persistence,post_covid,persistence,4,neighborhood,Bexley,flu_season,0.98,IT98,49.19357270883574,26,1.0,0.038461538461538464,0.0,1.0,1.0,24.0,0.0,1.0,0.0,0.04,0.0,0.0,-0.04,-0.04,-0.04,0.9230769230769231,1.0,0.03673328347870086,0.036982248520710054,0.006732014735928549,,,,,True
persistence,post_covid,persistence,4,neighborhood,Clintonville/Near North,overall,,bands,,53,,,,,,,,,,,,,,,,,,,,,0.7924528301886793,0.9245283018867925,0.39576547231270354,0.0,False
persistence,post_covid,persistence,4,neighborhood,Clintonville/Near North,overall,0.5,IT50,15.728895715230147,53,11.0,0.20754716981132076,7.0,4.0,4.0,38.0,0.6363636363636364,0.36363636363636365,0.6363636363636364,0.09523809523809523,0.4666666666666667,0.6363636363636364,0.5411255411255411,0.5411255411255411,0.5411255411255411,0.8490566037735849,1.0,0.12600324602977012,0.1644713421146316,0.2338893547670473,,,,,False
persistence,post_covid,persistence,4,neighborhood,Clintonville/Near North,overall,0.9,IT90,22.099499115677975,53,4.0,0.07547169811320754,1.0,3.0,3.0,46.0,0.25,0.75,0.25,0.061224489795918366,0.14285714285714285,0.25,0.18877551020408162,0.18877551020408162,0.18877551020408162,0.8867924528301887,1.0,0.0879636103072314,0.06977572089711641,-0.2606621497602706,,,,,True
persistence,post_covid,persistence,4,neighborhood,Clintonville/Near North,overall,0.98,IT98,27.469599865392972,53,1.0,0.018867924528301886,0.0,1.0,1.0,51.0,0.0,1.0,0.0,0.019230769230769232,0.0,0.0,-0.019230769230769232,-0.019230769230769232,-0.019230769230769232,0.9622641509433962,1.0,0.04417731523909473,0.018511925952296185,-1.386424586665714,,,,,True
persistence,post_covid,persistence,4,neighborhood,Clintonville/Near North,flu_season,,bands,,26,,,,,,,,,,,,,,,,,,,,,0.5769230769230769,0.8461538461538461,0.22881355932203362,0.0,False
persistence,post_covid,persistence,4,neighborhood,Clintonville/Near North,flu_season,0.5,IT50,15.728895715230147,26,11.0,0.4230769230769231,7.0,4.0,4.0,11.0,0.6363636363636364,0.36363636363636365,0.6363636363636364,0.26666666666666666,0.4666666666666667,0.6363636363636364,0.3696969696969697,0.3696969696969697,0.3696969696969697,0.6923076923076923,1.0,0.2134437389723701,0.24408284023668633,0.12552746942228954,,,,,False
persistence,post_covid,persistence,4,neighborhood,Clintonville/Near North,flu_season,0.9,IT90,22.099499115677975,26,4.0,0.15384615384615385,1.0,3.0,3.0,19.0,0.25,0.75,0.25,0.13636363636363635,0.14285714285714285,0.25,0.11363636363636365,0.11363636363636363,0.11363636363636363,0.7692307692307693,1.0,0.16912501358024612,0.13017751479289943,-0.29918760432098135,,,,,True
persistence,post_covid,persistence,4,neighborhood,Clintonville/Near North,flu_season,0.98,IT98,27.469599865392972,26,1.0,0.038461538461538464,0.0,1.0,1.0,24.0,0.0,1.0,0.0,0.04,0.0,0.0,-0.04,-0.04,-0.04,0.9230769230769231,1.0,0.08757253552087094,0.036982248520710054,-1.3679613604843506,,,,,True
persistence,post_covid,persistence,4,neighborhood,Dublin,overall,,bands,,53,,,,,,,,,,,,,,,,,,,,,0.7169811320754716,0.9622641509433962,-0.07122232916265658,-0.018867924528301886,False
persistence,post_covid,persistence,4,neighborhood,Dublin,overall,0.5,IT50,8.038849454818003,53,9.0,0.16981132075471697,1.0,7.0,8.0,37.0,0.1111111111111111,0.875,0.125,0.1590909090909091,0.0625,0.11764705882352941,-0.04797979797979798,-0.05019815059445178,-0.050321636654628486,0.7169811320754716,0.8888888888888888,0.1526245760414154,0.14097543609825564,-0.08263240934428229,,,,,False
persistence,post_covid,persistence,4,neighborhood,Dublin,overall,0.9,IT90,14.1626396504559,53,1.0,0.018867924528301886,0.0,1.0,1.0,51.0,0.0,1.0,0.0,0.019230769230769232,0.0,0.0,-0.019230769230769232,-0.019230769230769232,-0.019230769230769232,0.9622641509433962,1.0,0.051029713730058775,0.018511925952296185,-1.7565858820718296,,,,,True
persistence,post_covid,persistence,4,neighborhood,Dublin,overall,0.98,IT98,20.345693253667104,53,0.0,0.0,0.0,0.0,0.0,53.0,,,,0.0,,,,,,1.0,,0.009820585574186573,0.0,,,,,,True
persistence,post_covid,persistence,4,neighborhood,Dublin,flu_season,,bands,,26,,,,,,,,,,,,,,,,,,,,,0.5,0.9230769230769231,-0.2288557213930349,-0.038461538461538464,False
persistence,post_covid,persistence,4,neighborhood,Dublin,flu_season,0.5,IT50,8.038849454818003,26,8.0,0.3076923076923077,1.0,6.0,7.0,12.0,0.125,0.8571428571428571,0.14285714285714285,0.3333333333333333,0.07142857142857142,0.13333333333333333,-0.20833333333333331,-0.2158273381294964,-0.21677749238103,0.5,0.875,0.23854452972336485,0.21301775147928986,-0.11983404231246308,,,,,False
persistence,post_covid,persistence,4,neighborhood,Dublin,flu_season,0.9,IT90,14.1626396504559,26,1.0,0.038461538461538464,0.0,1.0,1.0,24.0,0.0,1.0,0.0,0.04,0.0,0.0,-0.04,-0.04,-0.04,0.9230769230769231,1.0,0.09351706637702065,0.036982248520710054,-1.5287014748346386,,,,,True
persistence,post_covid,persistence,4,neighborhood,Dublin,flu_season,0.98,IT98,20.345693253667104,26,0.0,0.0,0.0,0.0,0.0,26.0,,,,0.0,,,,,,1.0,,0.0183065267932139,0.0,,,,,,True
persistence,post_covid,persistence,4,neighborhood,Eastside,overall,,bands,,53,,,,,,,,,,,,,,,,,,,,,0.7924528301886793,0.9811320754716981,0.1331775700934581,0.0,False
persistence,post_covid,persistence,4,neighborhood,Eastside,overall,0.5,IT50,53.89825474693718,53,6.0,0.11320754716981132,1.0,5.0,5.0,42.0,0.16666666666666666,0.8333333333333334,0.16666666666666666,0.10638297872340426,0.09090909090909091,0.16666666666666666,0.0602836879432624,0.06028368794326241,0.06028368794326241,0.8113207547169812,1.0,0.12330618516635213,0.10039159843360627,-0.22825203593008192,,,,,False
persistence,post_covid,persistence,4,neighborhood,Eastside,overall,0.9,IT90,89.53274062296502,53,1.0,0.018867924528301886,0.0,1.0,1.0,51.0,0.0,1.0,0.0,0.019230769230769232,0.0,0.0,-0.019230769230769232,-0.019230769230769232,-0.019230769230769232,0.9622641509433962,1.0,0.02998193558219947,0.018511925952296185,-0.619601097123045,,,,,True
persistence,post_covid,persistence,4,neighborhood,Eastside,overall,0.98,IT98,123.87134674281285,53,0.0,0.0,0.0,0.0,0.0,53.0,,,,0.0,,,,,,1.0,,0.000601772453151012,0.0,,,,,,True
persistence,post_covid,persistence,4,neighborhood,Eastside,flu_season,,bands,,26,,,,,,,,,,,,,,,,,,,,,0.5769230769230769,0.9615384615384616,0.01621621621621605,0.0,False
persistence,post_covid,persistence,4,neighborhood,Eastside,flu_season,0.5,IT50,53.89825474693718,26,6.0,0.23076923076923078,1.0,5.0,5.0,15.0,0.16666666666666666,0.8333333333333334,0.16666666666666666,0.25,0.09090909090909091,0.16666666666666666,-0.08333333333333334,-0.08333333333333333,-0.08333333333333333,0.6153846153846154,1.0,0.245822318193827,0.17751479289940827,-0.38479905915855883,,,,,False
persistence,post_covid,persistence,4,neighborhood,Eastside,flu_season,0.9,IT90,89.53274062296502,26,1.0,0.038461538461538464,0.0,1.0,1.0,24.0,0.0,1.0,0.0,0.04,0.0,0.0,-0.04,-0.04,-0.04,0.9230769230769231,1.0,0.06111413184820235,0.036982248520710054,-0.6525261251753918,,,,,True
persistence,post_covid,persistence,4,neighborhood,Eastside,flu_season,0.98,IT98,123.87134674281285,26,0.0,0.0,0.0,0.0,0.0,26.0,,,,0.0,,,,,,1.0,,0.0012266899777550386,0.0,,,,,,True
persistence,post_covid,persistence,4,neighborhood,Far East,overall,,bands,,53,,,,,,,,,,,,,,,,,,,,,0.8113207547169812,0.9622641509433962,-0.09278350515463885,0.0,False
persistence,post_covid,persistence,4,neighborhood,Far East,overall,0.5,IT50,76.01095931639992,53,5.0,0.09433962264150944,0.0,5.0,5.0,43.0,0.0,1.0,0.0,0.10416666666666667,0.0,0.0,-0.10416666666666667,-0.10416666666666667,-0.10416666666666667,0.8113207547169812,1.0,0.12465760146528035,0.08543965824136704,-0.459013343816552,,,,,False
persistence,post_covid,persistence,4,neighborhood,Far East,overall,0.9,IT90,119.58175049878095,53,1.0,0.018867924528301886,0.0,1.0,1.0,51.0,0.0,1.0,0.0,0.019230769230769232,0.0,0.0,-0.019230769230769232,-0.019230769230769232,-0.019230769230769232,0.9622641509433962,1.0,0.03153218418641429,0.018511925952296185,-0.7033443342238033,,,,,True
persistence,post_covid,persistence,4,neighborhood,Far East,overall,0.98,IT98,159.7885780471188,53,0.0,0.0,0.0,0.0,0.0,53.0,,,,0.0,,,,,,1.0,,0.000841250014465744,0.0,,,,,,True
persistence,post_covid,persistence,4,neighborhood,Far East,flu_season,,bands,,26,,,,,,,,,,,,,,,,,,,,,0.6153846153846154,0.9230769230769231,-0.2093023255813955,0.0,False
persistence,post_covid,persistence,4,neighborhood,Far East,flu_season,0.5,IT50,76.01095931639992,26,5.0,0.19230769230769232,0.0,5.0,5.0,16.0,0.0,1.0,0.0,0.23809523809523808,0.0,0.0,-0.23809523809523808,-0.23809523809523808,-0.23809523809523808,0.6153846153846154,1.0,0.24391723017187014,0.15532544378698226,-0.5703623580588972,,,,,False
persistence,post_covid,persistence,4,neighborhood,Far East,flu_season,0.9,IT90,119.58175049878095,26,1.0,0.038461538461538464,0.0,1.0,1.0,24.0,0.0,1.0,0.0,0.04,0.0,0.0,-0.04,-0.04,-0.04,0.9230769230769231,1.0,0.06420774731451925,0.036982248520710054,-0.7361774873846008,,,,,True
persistence,post_covid,persistence,4,neighborhood,Far East,flu_season,0.98,IT98,159.7885780471188,26,0.0,0.0,0.0,0.0,0.0,26.0,,,,0.0,,,,,,1.0,,0.0017148304787766905,0.0,,,,,,True
persistence,post_covid,persistence,4,neighborhood,Far South,overall,,bands,,53,,,,,,,,,,,,,,,,,,,,,0.8113207547169812,1.0,0.1770186335403725,0.0,False
persistence,post_covid,persistence,4,neighborhood,Far South,overall,0.5,IT50,69.7066330370401,53,7.0,0.1320754716981132,2.0,5.0,5.0,41.0,0.2857142857142857,0.7142857142857143,0.2857142857142857,0.10869565217391304,0.16666666666666666,0.2857142857142857,0.17701863354037267,0.17701863354037267,0.17701863354037267,0.8113207547169812,1.0,0.12621814479671756,0.11463154147383411,-0.10107692153409809,,,,,False
persistence,post_covid,persistence,4,neighborhood,Far South,overall,0.9,IT90,121.95949130896,53,0.0,0.0,0.0,0.0,0.0,53.0,,,,0.0,,,,,,1.0,,0.0021606508458180936,0.0,,,,,,True
persistence,post_covid,persistence,4,neighborhood,Far South,overall,0.98,IT98,174.42921640712913,53,0.0,0.0,0.0,0.0,0.0,53.0,,,,0.0,,,,,,1.0,,3.6545962133425095e-06,0.0,,,,,,True
persistence,post_covid,persistence,4,neighborhood,Far South,flu_season,,bands,,26,,,,,,,,,,,,,,,,,,,,,0.6153846153846154,1.0,0.022556390977443774,0.0,False
persistence,post_covid,persistence,4,neighborhood,Far South,flu_season,0.5,IT50,69.7066330370401,26,7.0,0.2692307692307692,2.0,5.0,5.0,14.0,0.2857142857142857,0.7142857142857143,0.2857142857142857,0.2631578947368421,0.16666666666666666,0.2857142857142857,0.022556390977443608,0.022556390977443608,0.022556390977443608,0.6153846153846154,1.0,0.24472577476879284,0.19674556213017758,-0.2438693514564203,,,,,False
persistence,post_covid,persistence,4,neighborhood,Far South,flu_season,0.9,IT90,121.95949130896,26,0.0,0.0,0.0,0.0,0.0,26.0,,,,0.0,,,,,,1.0,,0.004378162488467723,0.0,,,,,,True
persistence,post_covid,persistence,4,neighborhood,Far South,flu_season,0.98,IT98,174.42921640712913,26,0.0,0.0,0.0,0.0,0.0,26.0,,,,0.0,,,,,,1.0,,7.449610806868808e-06,0.0,,,,,,True
persistence,post_covid,persistence,4,neighborhood,Far Southeast,overall,,bands,,53,,,,,,,,,,,,,,,,,,,,,0.8490566037735849,1.0,0.1166666666666667,0.0,False
persistence,post_covid,persistence,4,neighborhood,Far Southeast,overall,0.5,IT50,10.956265259525463,53,5.0,0.09433962264150944,1.0,4.0,4.0,44.0,0.2,0.8,0.2,0.08333333333333333,0.1111111111111111,0.2,0.11666666666666668,0.11666666666666667,0.11666666666666667,0.8490566037735849,1.0,0.11925557132312213,0.08543965824136704,-0.39578708269437524,,,,,False
persistence,post_covid,persistence,4,neighborhood,Far Southeast,overall,0.9,IT90,18.40391015194404,53,0.0,0.0,0.0,0.0,0.0,53.0,,,,0.0,,,,,,1.0,,0.017658044492457062,0.0,,,,,,True
persistence,post_covid,persistence,4,neighborhood,Far Southeast,overall,0.98,IT98,25.644566505740826,53,0.0,0.0,0.0,0.0,0.0,53.0,,,,0.0,,,,,,1.0,,0.002864248835788372,0.0,,,,,,True
persistence,post_covid,persistence,4,neighborhood,Far Southeast,flu_season,,bands,,26,,,,,,,,,,,,,,,,,,,,,0.6923076923076923,1.0,0.00952380952380949,0.0,False
persistence,post_covid,persistence,4,neighborhood,Far Southeast,flu_season,0.5,IT50,10.956265259525463,26,5.0,0.19230769230769232,1.0,4.0,4.0,17.0,0.2,0.8,0.2,0.19047619047619047,0.1111111111111111,0.2,0.009523809523809545,0.009523809523809525,0.009523809523809525,0.6923076923076923,1.0,0.19266418240467725,0.15532544378698226,-0.2403903552910649,,,,,False
persistence,post_covid,persistence,4,neighborhood,Far Southeast,flu_season,0.9,IT90,18.40391015194404,26,0.0,0.0,0.0,0.0,0.0,26.0,,,,0.0,,,,,,1.0,,0.03060038837705864,0.0,,,,,,True
persistence,post_covid,persistence,4,neighborhood,Far Southeast,flu_season,0.98,IT98,25.644566505740826,26,0.0,0.0,0.0,0.0,0.0,26.0,,,,0.0,,,,,,1.0,,0.00546796749898342,0.0,,,,,,True
persistence,post_covid,persistence,4,neighborhood,Far Southwest,overall,,bands,,53,,,,,,,,,,,,,,,,,,,,,0.8490566037735849,1.0,0.1166666666666667,0.0,False
persistence,post_covid,persistence,4,neighborhood,Far Southwest,overall,0.5,IT50,34.041053932580134,53,5.0,0.09433962264150944,1.0,4.0,4.0,44.0,0.2,0.8,0.2,0.08333333333333333,0.1111111111111111,0.2,0.11666666666666668,0.11666666666666667,0.11666666666666667,0.8490566037735849,1.0,0.10440767995180633,0.08543965824136704,-0.22200488743593327,,,,,False
persistence,post_covid,persistence,4,neighborhood,Far Southwest,overall,0.9,IT90,54.68112356483704,53,0.0,0.0,0.0,0.0,0.0,53.0,,,,0.0,,,,,,1.0,,0.009478653572669084,0.0,,,,,,True
persistence,post_covid,persistence,4,neighborhood,Far Southwest,overall,0.98,IT98,74.04650918881951,53,0.0,0.0,0.0,0.0,0.0,53.0,,,,0.0,,,,,,1.0,,0.0007508845547835938,0.0,,,,,,True
persistence,post_covid,persistence,4,neighborhood,Far Southwest,flu_season,,bands,,26,,,,,,,,,,,,,,,,,,,,,0.6923076923076923,1.0,0.00952380952380949,0.0,False
persistence,post_covid,persistence,4,neighborhood,Far Southwest,flu_season,0.5,IT50,34.041053932580134,26,5.0,0.19230769230769232,1.0,4.0,4.0,17.0,0.2,0.8,0.2,0.19047619047619047,0.1111111111111111,0.2,0.009523809523809545,0.009523809523809525,0.009523809523809525,0.6923076923076923,1.0,0.20196137152674337,0.15532544378698226,-0.30024654430550957,,,,,False
persistence,post_covid,persistence,4,neighborhood,Far Southwest,flu_season,0.9,IT90,54.68112356483704,26,0.0,0.0,0.0,0.0,0.0,26.0,,,,0.0,,,,,,1.0,,0.019108509083131716,0.0,,,,,,True
persistence,post_covid,persistence,4,neighborhood,Far Southwest,flu_season,0.98,IT98,74.04650918881951,26,0.0,0.0,0.0,0.0,0.0,26.0,,,,0.0,,,,,,1.0,,0.0015297003736436418,0.0,,,,,,True
persistence,post_covid,persistence,4,neighborhood,Hilliard,overall,,bands,,53,,,,,,,,,,,,,,,,,,,,,0.7735849056603774,1.0,0.1166666666666667,0.0,False
persistence,post_covid,persistence,4,neighborhood,Hilliard,overall,0.5,IT50,19.24134804712757,53,8.0,0.1509433962264151,2.0,6.0,6.0,39.0,0.25,0.75,0.25,0.13333333333333333,0.14285714285714285,0.25,0.11666666666666667,0.11666666666666667,0.11666666666666667,0.7735849056603774,1.0,0.14176336967545822,0.12815948736205057,-0.1061480706065614,,,,,False
persistence,post_covid,persistence,4,neighborhood,Hilliard,overall,0.9,IT90,34.52709434950146,53,0.0,0.0,0.0,0.0,0.0,53.0,,,,0.0,,,,,,1.0,,0.0153356566819685,0.0,,,,,,True
persistence,post_covid,persistence,4,neighborhood,Hilliard,overall,0.98,IT98,50.186768532537315,53,0.0,0.0,0.0,0.0,0.0,53.0,,,,0.0,,,,,,1.0,,0.001365514119182765,0.0,,,,,,True
persistence,post_covid,persistence,4,neighborhood,Hilliard,flu_season,,bands,,26,,,,,,,,,,,,,,,,,,,,,0.5384615384615384,1.0,-0.08333333333333326,0.0,False
persistence,post_covid,persistence,4,neighborhood,Hilliard,flu_season,0.5,IT50,19.24134804712757,26,8.0,0.3076923076923077,2.0,6.0,6.0,12.0,0.25,0.75,0.25,0.3333333333333333,0.14285714285714285,0.25,-0.08333333333333331,-0.08333333333333333,-0.08333333333333333,0.5384615384615384,1.0,0.2555825833430705,0.21301775147928986,-0.19981823847163693,,,,,False
persistence,post_covid,persistence,4,neighborhood,Hilliard,flu_season,0.9,IT90,34.52709434950146,26,0.0,0.0,0.0,0.0,0.0,26.0,,,,0.0,,,,,,1.0,,0.030249621853590272,0.0,,,,,,True
persistence,post_covid,persistence,4,neighborhood,Hilliard,flu_season,0.98,IT98,50.186768532537315,26,0.0,0.0,0.0,0.0,0.0,26.0,,,,0.0,,,,,,1.0,,0.0027784344612281106,0.0,,,,,,True
persistence,post_covid,persistence,4,neighborhood,Linden,overall,,bands,,53,,,,,,,,,,,,,,,,,,,,,0.7735849056603774,1.0,0.012422360248447228,0.0,False
persistence,post_covid,persistence,4,neighborhood,Linden,overall,0.5,IT50,53.62727596624066,53,7.0,0.1320754716981132,1.0,6.0,6.0,40.0,0.14285714285714285,0.8571428571428571,0.14285714285714285,0.13043478260869565,0.07692307692307693,0.14285714285714285,0.0124223602484472,0.012422360248447204,0.012422360248447204,0.7735849056603774,1.0,0.13116124538847204,0.1146315414738341,-0.14419856613732285,,,,,False
persistence,post_covid,persistence,4,neighborhood,Linden,overall,0.9,IT90,82.61523156370409,53,0.0,0.0,0.0,0.0,0.0,53.0,,,,0.0,,,,,,1.0,,0.00760164104073721,0.0,,,,,,True
persistence,post_covid,persistence,4,neighborhood,Linden,overall,0.98,IT98,108.92078323683364,53,0.0,0.0,0.0,0.0,0.0,53.0,,,,0.0,,,,,,1.0,,0.00042318872016447516,0.0,,,,,,True
persistence,post_covid,persistence,4,neighborhood,Linden,flu_season,,bands,,26,,,,,,,,,,,,,,,,,,,,,0.5384615384615384,1.0,-0.17293233082706738,0.0,False
persistence,post_covid,persistence,4,neighborhood,Linden,flu_season,0.5,IT50,53.62727596624066,26,7.0,0.2692307692307692,1.0,6.0,6.0,13.0,0.14285714285714285,0.8571428571428571,0.14285714285714285,0.3157894736842105,0.07692307692307693,0.14285714285714285,-0.17293233082706766,-0.17293233082706766,-0.17293233082706766,0.5384615384615384,1.0,0.25854103132294676,0.19674556213017758,-0.31408824943091695,,,,,False
persistence,post_covid,persistence,4,neighborhood,Linden,flu_season,0.9,IT90,82.61523156370409,26,0.0,0.0,0.0,0.0,0.0,26.0,,,,0.0,,,,,,1.0,,0.015422945597779207,0.0,,,,,,True
persistence,post_covid,persistence,4,neighborhood,Linden,flu_season,0.98,IT98,108.92078323683364,26,0.0,0.0,0.0,0.0,0.0,26.0,,,,0.0,,,,,,1.0,,0.0008625669734169324,0.0,,,,,,True
persistence,post_covid,persistence,4,neighborhood,NE Suburban,overall,,bands,,53,,,,,,,,,,,,,,,,,,,,,0.8113207547169812,0.9622641509433962,-0.09278350515463885,0.0,False
persistence,post_covid,persistence,4,neighborhood,NE Suburban,overall,0.5,IT50,27.312493683860776,53,5.0,0.09433962264150944,0.0,5.0,5.0,43.0,0.0,1.0,0.0,0.10416666666666667,0.0,0.0,-0.10416666666666667,-0.10416666666666667,-0.10416666666666667,0.8113207547169812,1.0,0.13088259265319835,0.08543965824136704,-0.5318716781784756,,,,,False
persistence,post_covid,persistence,4,neighborhood,NE Suburban,overall,0.9,IT90,41.22759712033061,53,1.0,0.018867924528301886,0.0,1.0,1.0,51.0,0.0,1.0,0.0,0.019230769230769232,0.0,0.0,-0.019230769230769232,-0.019230769230769232,-0.019230769230769232,0.9622641509433962,1.0,0.04036051836094973,0.018511925952296185,-1.1802441553059198,,,,,True
persistence,post_covid,persistence,4,neighborhood,NE Suburban,overall,0.98,IT98,53.6511443833241,53,0.0,0.0,0.0,0.0,0.0,53.0,,,,0.0,,,,,,1.0,,0.006431880679221259,0.0,,,,,,True
persistence,post_covid,persistence,4,neighborhood,NE Suburban,flu_season,,bands,,26,,,,,,,,,,,,,,,,,,,,,0.6153846153846154,0.9230769230769231,-0.2093023255813955,0.0,False
persistence,post_covid,persistence,4,neighborhood,NE Suburban,flu_season,0.5,IT50,27.312493683860776,26,5.0,0.19230769230769232,0.0,5.0,5.0,16.0,0.0,1.0,0.0,0.23809523809523808,0.0,0.0,-0.23809523809523808,-0.23809523809523808,-0.23809523809523808,0.6153846153846154,1.0,0.2546150324454329,0.15532544378698226,-0.6392358279344057,,,,,False
persistence,post_covid,persistence,4,neighborhood,NE Suburban,flu_season,0.9,IT90,41.22759712033061,26,1.0,0.038461538461538464,0.0,1.0,1.0,24.0,0.0,1.0,0.0,0.04,0.0,0.0,-0.04,-0.04,-0.04,0.9230769230769231,1.0,0.08197439590946587,0.036982248520710054,-1.2165876653919576,,,,,True
persistence,post_covid,persistence,4,neighborhood,NE Suburban,flu_season,0.98,IT98,53.6511443833241,26,0.0,0.0,0.0,0.0,0.0,26.0,,,,0.0,,,,,,1.0,,0.013106814060285164,0.0,,,,,,True
persistence,post_covid,persistence,4,neighborhood,Northland,overall,,bands,,53,,,,,,,,,,,,,,,,,,,,,0.8113207547169812,1.0,-0.10416666666666674,0.0,False
persistence,post_covid,persistence,4,neighborhood,Northland,overall,0.5,IT50,56.127661353876796,53,5.0,0.09433962264150944,0.0,5.0,5.0,43.0,0.0,1.0,0.0,0.10416666666666667,0.0,0.0,-0.10416666666666667,-0.10416666666666667,-0.10416666666666667,0.8113207547169812,1.0,0.1453315364946841,0.08543965824136704,-0.7009845250565319,,,,,False
persistence,post_covid,persistence,4,neighborhood,Northland,overall,0.9,IT90,89.91407794411414,53,0.0,0.0,0.0,0.0,0.0,53.0,,,,0.0,,,,,,1.0,,0.00949043787234644,0.0,,,,,,True
persistence,post_covid,persistence,4,neighborhood,Northland,overall,0.98,IT98,121.54516325409915,53,0.0,0.0,0.0,0.0,0.0,53.0,,,,0.0,,,,,,1.0,,0.0005552550168124679,0.0,,,,,,True
persistence,post_covid,persistence,4,neighborhood,Northland,flu_season,,bands,,26,,,,,,,,,,,,,,,,,,,,,0.6153846153846154,1.0,-0.23809523809523792,0.0,False
persistence,post_covid,persistence,4,neighborhood,Northland,flu_season,0.5,IT50,56.127661353876796,26,5.0,0.19230769230769232,0.0,5.0,5.0,16.0,0.0,1.0,0.0,0.23809523809523808,0.0,0.0,-0.23809523809523808,-0.23809523809523808,-0.23809523809523808,0.6153846153846154,1.0,0.281714959890825,0.15532544378698226,-0.8137077417733114,,,,,False
persistence,post_covid,persistence,4,neighborhood,Northland,flu_season,0.9,IT90,89.91407794411414,26,0.0,0.0,0.0,0.0,0.0,26.0,,,,0.0,,,,,,1.0,,0.019290592654152068,0.0,,,,,,True
persistence,post_covid,persistence,4,neighborhood,Northland,flu_season,0.98,IT98,121.54516325409915,26,0.0,0.0,0.0,0.0,0.0,26.0,,,,0.0,,,,,,1.0,,0.0011318439785554131,0.0,,,,,,True
persistence,post_covid,persistence,4,neighborhood,UA/Grandview,overall,,bands,,53,,,,,,,,,,,,,,,,,,,,,0.8113207547169812,1.0,-0.10416666666666674,0.0,False
persistence,post_covid,persistence,4,neighborhood,UA/Grandview,overall,0.5,IT50,8.143164584776198,53,5.0,0.09433962264150944,0.0,5.0,5.0,43.0,0.0,1.0,0.0,0.10416666666666667,0.0,0.0,-0.10416666666666667,-0.10416666666666667,-0.10416666666666667,0.8113207547169812,1.0,0.14759257476904408,0.08543965824136704,-0.7274480938593533,,,,,False
persistence,post_covid,persistence,4,neighborhood,UA/Grandview,overall,0.9,IT90,16.706142473783938,53,0.0,0.0,0.0,0.0,0.0,53.0,,,,0.0,,,,,,1.0,,0.018011167834851072,0.0,,,,,,True
persistence,post_covid,persistence,4,neighborhood,UA/Grandview,overall,0.98,IT98,26.455007113900507,53,0.0,0.0,0.0,0.0,0.0,53.0,,,,0.0,,,,,,1.0,,0.002520474361768027,0.0,,,,,,True
persistence,post_covid,persistence,4,neighborhood,UA/Grandview,flu_season,,bands,,26,,,,,,,,,,,,,,,,,,,,,0.6153846153846154,1.0,-0.23809523809523792,0.0,False
persistence,post_covid,persistence,4,neighborhood,UA/Grandview,flu_season,0.5,IT50,8.143164584776198,26,5.0,0.19230769230769232,0.0,5.0,5.0,16.0,0.0,1.0,0.0,0.23809523809523808,0.0,0.0,-0.23809523809523808,-0.23809523809523808,-0.23809523809523808,0.6153846153846154,1.0,0.25771909897174455,0.15532544378698226,-0.6592201038561838,,,,,False
persistence,post_covid,persistence,4,neighborhood,UA/Grandview,flu_season,0.9,IT90,16.706142473783938,26,0.0,0.0,0.0,0.0,0.0,26.0,,,,0.0,,,,,,1.0,,0.035325521776982984,0.0,,,,,,True
persistence,post_covid,persistence,4,neighborhood,UA/Grandview,flu_season,0.98,IT98,26.455007113900507,26,0.0,0.0,0.0,0.0,0.0,26.0,,,,0.0,,,,,,1.0,,0.005130414187318272,0.0,,,,,,True
persistence,post_covid,persistence,4,neighborhood,West,overall,,bands,,53,,,,,,,,,,,,,,,,,,,,,0.9245283018867925,1.0,0.29333333333333333,0.0,False
persistence,post_covid,persistence,4,neighborhood,West,overall,0.5,IT50,73.15037971354549,53,3.0,0.05660377358490566,1.0,2.0,2.0,48.0,0.3333333333333333,0.6666666666666666,0.3333333333333333,0.04,0.2,0.3333333333333333,0.29333333333333333,0.29333333333333333,0.29333333333333333,0.9245283018867925,1.0,0.07782134144911208,0.05339978640085441,-0.45733432087037196,,,,,True
persistence,post_covid,persistence,4,neighborhood,West,overall,0.9,IT90,114.1022318647041,53,0.0,0.0,0.0,0.0,0.0,53.0,,,,0.0,,,,,,1.0,,0.001171763846637603,0.0,,,,,,True
persistence,post_covid,persistence,4,neighborhood,West,overall,0.98,IT98,151.63555393306305,53,0.0,0.0,0.0,0.0,0.0,53.0,,,,0.0,,,,,,1.0,,5.117112652251298e-06,0.0,,,,,,True
persistence,post_covid,persistence,4,neighborhood,West,flu_season,,bands,,26,,,,,,,,,,,,,,,,,,,,,0.8461538461538461,1.0,0.24637681159420288,0.0,False
persistence,post_covid,persistence,4,neighborhood,West,flu_season,0.5,IT50,73.15037971354549,26,3.0,0.11538461538461539,1.0,2.0,2.0,21.0,0.3333333333333333,0.6666666666666666,0.3333333333333333,0.08695652173913043,0.2,0.3333333333333333,0.24637681159420288,0.2463768115942029,0.2463768115942029,0.8461538461538461,1.0,0.15389518965645202,0.10207100591715977,-0.5077267856197327,,,,,True
persistence,post_covid,persistence,4,neighborhood,West,flu_season,0.9,IT90,114.1022318647041,26,0.0,0.0,0.0,0.0,0.0,26.0,,,,0.0,,,,,,1.0,,0.002379967039463423,0.0,,,,,,True
persistence,post_covid,persistence,4,neighborhood,West,flu_season,0.98,IT98,151.63555393306305,26,0.0,0.0,0.0,0.0,0.0,26.0,,,,0.0,,,,,,1.0,,1.0430406293456205e-05,0.0,,,,,,True
persistence,post_covid,persistence,4,neighborhood,Westerville,overall,,bands,,53,,,,,,,,,,,,,,,,,,,,,0.7924528301886793,0.9433962264150944,0.12828947368421062,0.0,False
persistence,post_covid,persistence,4,neighborhood,Westerville,overall,0.5,IT50,24.33364195874595,53,7.0,0.1320754716981132,2.0,5.0,5.0,41.0,0.2857142857142857,0.7142857142857143,0.2857142857142857,0.10869565217391304,0.16666666666666666,0.2857142857142857,0.17701863354037267,0.17701863354037267,0.17701863354037267,0.8113207547169812,1.0,0.14015206406920777,0.1146315414738341,-0.22263089431802685,,,,,False
persistence,post_covid,persistence,4,neighborhood,Westerville,overall,0.9,IT90,36.408491039457616,53,2.0,0.03773584905660377,0.0,2.0,2.0,49.0,0.0,1.0,0.0,0.0392156862745098,0.0,0.0,-0.0392156862745098,-0.0392156862745098,-0.0392156862745098,0.9245283018867925,1.0,0.06064365186245695,0.03631185475258099,-0.6700786086435451,,,,,True
persistence,post_covid,persistence,4,neighborhood,Westerville,overall,0.98,IT98,47.11324141772458,53,0.0,0.0,0.0,0.0,0.0,53.0,,,,0.0,,,,,,1.0,,0.010864861459820725,0.0,,,,,,True
persistence,post_covid,persistence,4,neighborhood,Westerville,flu_season,,bands,,26,,,,,,,,,,,,,,,,,,,,,0.5769230769230769,0.8846153846153846,-0.011673151750972721,0.0,False
persistence,post_covid,persistence,4,neighborhood,Westerville,flu_season,0.5,IT50,24.33364195874595,26,7.0,0.2692307692307692,2.0,5.0,5.0,14.0,0.2857142857142857,0.7142857142857143,0.2857142857142857,0.2631578947368421,0.16666666666666666,0.2857142857142857,0.022556390977443608,0.022556390977443608,0.022556390977443608,0.6153846153846154,1.0,0.25193071313000237,0.19674556213017758,-0.28048994042016195,,,,,False
persistence,post_covid,persistence,4,neighborhood,Westerville,flu_season,0.9,IT90,36.408491039457616,26,2.0,0.07692307692307693,0.0,2.0,2.0,22.0,0.0,1.0,0.0,0.08333333333333333,0.0,0.0,-0.08333333333333333,-0.08333333333333333,-0.08333333333333333,0.8461538461538461,1.0,0.12064130942966839,0.07100591715976333,-0.6990317744678294,,,,,True
persistence,post_covid,persistence,4,neighborhood,Westerville,flu_season,0.98,IT98,47.11324141772458,26,0.0,0.0,0.0,0.0,0.0,26.0,,,,0.0,,,,,,1.0,,0.021971881419966345,0.0,,,,,,True
persistence,post_covid,persistence,4,neighborhood,Worthington,overall,,bands,,53,,,,,,,,,,,,,,,,,,,,,0.6226415094339622,0.8867924528301887,0.22627737226277367,0.0,False
persistence,post_covid,persistence,4,neighborhood,Worthington,overall,0.5,IT50,13.721631551906164,53,16.0,0.3018867924528302,9.0,7.0,7.0,30.0,0.5625,0.4375,0.5625,0.1891891891891892,0.391304347826087,0.5625,0.3733108108108108,0.3733108108108108,0.3733108108108108,0.7358490566037735,1.0,0.18677811442841574,0.21075115699537203,0.11375046718003412,,,,,False
persistence,post_covid,persistence,4,neighborhood,Worthington,overall,0.9,IT90,22.978569674557114,53,5.0,0.09433962264150944,0.0,5.0,5.0,43.0,0.0,1.0,0.0,0.10416666666666667,0.0,0.0,-0.10416666666666667,-0.10416666666666667,-0.10416666666666667,0.8113207547169812,1.0,0.11206035220149513,0.08543965824136704,-0.31157303889166577,,,,,False
persistence,post_covid,persistence,4,neighborhood,Worthington,overall,0.98,IT98,31.956357603850087,53,2.0,0.03773584905660377,0.0,2.0,2.0,49.0,0.0,1.0,0.0,0.0392156862745098,0.0,0.0,-0.0392156862745098,-0.0392156862745098,-0.0392156862745098,0.9245283018867925,1.0,0.06300743755538513,0.03631185475258099,-0.7351754126772239,,,,,True
persistence,post_covid,persistence,4,neighborhood,Worthington,flu_season,,bands,,26,,,,,,,,,,,,,,,,,,,,,0.46153846153846156,0.7692307692307693,0.07300509337860783,-0.07692307692307693,False
persistence,post_covid,persistence,4,neighborhood,Worthington,flu_season,0.5,IT50,13.721631551906164,26,14.0,0.5384615384615384,9.0,3.0,5.0,9.0,0.6428571428571429,0.25,0.75,0.25,0.5294117647058824,0.6923076923076923,0.3928571428571429,0.38823529411764707,0.39285714285714285,0.6923076923076923,0.8571428571428571,0.2245757137691804,0.24852071005917165,0.09635010411925049,,,,,False
persistence,post_covid,persistence,4,neighborhood,Worthington,flu_season,0.9,IT90,22.978569674557114,26,5.0,0.19230769230769232,0.0,5.0,5.0,16.0,0.0,1.0,0.0,0.23809523809523808,0.0,0.0,-0.23809523809523808,-0.23809523809523808,-0.23809523809523808,0.6153846153846154,1.0,0.20420322379850755,0.15532544378698226,-0.3146798027408675,,,,,False
persistence,post_covid,persistence,4,neighborhood,Worthington,flu_season,0.98,IT98,31.956357603850087,26,2.0,0.07692307692307693,0.0,2.0,2.0,22.0,0.0,1.0,0.0,0.08333333333333333,0.0,0.0,-0.08333333333333333,-0.08333333333333333,-0.08333333333333333,0.8461538461538461,1.0,0.1246328208598687,0.07100591715976333,-0.7552455604431505,,,,,True
seasonal_naive,post_covid,seasonal_naive,4,citywide,CITYWIDE,overall,,bands,,53,,,,,,,,,,,,,,,,,,,,,0.8301886792452831,0.9433962264150944,0.20895522388059706,0.09433962264150944,False
seasonal_naive,post_covid,seasonal_naive,4,citywide,CITYWIDE,overall,0.5,IT50,35.19412725226089,53,8.0,0.1509433962264151,4.0,4.0,4.0,41.0,0.5,0.5,0.5,0.08888888888888889,0.3333333333333333,0.5,0.4111111111111111,0.4111111111111111,0.4111111111111111,0.8490566037735849,1.0,0.0983176976088063,0.12815948736205057,0.23284885393573096,,,,,False
seasonal_naive,post_covid,seasonal_naive,4,citywide,CITYWIDE,overall,0.9,IT90,56.071415152332634,53,0.0,0.0,0.0,4.0,0.0,49.0,,1.0,0.0,0.07547169811320754,0.0,0.0,,0.0,,0.9245283018867925,,0.039585261782329295,0.0,,,,,,True
seasonal_naive,post_covid,seasonal_naive,4,citywide,CITYWIDE,overall,0.98,IT98,75.53173152268305,53,0.0,0.0,0.0,1.0,0.0,52.0,,1.0,0.0,0.018867924528301886,0.0,0.0,,0.0,,0.9811320754716981,,0.013253098947801757,0.0,,,,,,True
seasonal_naive,post_covid,seasonal_naive,4,citywide,CITYWIDE,flu_season,,bands,,26,,,,,,,,,,,,,,,,,,,,,0.6538461538461539,0.8846153846153846,0.07999999999999974,0.19230769230769232,False
seasonal_naive,post_covid,seasonal_naive,4,citywide,CITYWIDE,flu_season,0.5,IT50,35.19412725226089,26,8.0,0.3076923076923077,4.0,4.0,4.0,14.0,0.5,0.5,0.5,0.2222222222222222,0.3333333333333333,0.5,0.2777777777777778,0.2777777777777778,0.2777777777777778,0.6923076923076923,1.0,0.19195812033459242,0.2130177514792899,0.09886326842927429,,,,,False
seasonal_naive,post_covid,seasonal_naive,4,citywide,CITYWIDE,flu_season,0.9,IT90,56.071415152332634,26,0.0,0.0,0.0,4.0,0.0,22.0,,1.0,0.0,0.15384615384615385,0.0,0.0,,0.0,,0.8461538461538461,,0.08064708239968994,0.0,,,,,,True
seasonal_naive,post_covid,seasonal_naive,4,citywide,CITYWIDE,flu_season,0.98,IT98,75.53173152268305,26,0.0,0.0,0.0,1.0,0.0,25.0,,1.0,0.0,0.038461538461538464,0.0,0.0,,0.0,,0.9615384615384616,,0.027015885950112006,0.0,,,,,,True
seasonal_naive,post_covid,seasonal_naive,4,pooled,ALL,overall,,bands,,901,,,,,,,,,,,,,,,,,,,,,0.8168701442841287,0.9433962264150944,0.2463335909442197,0.08213096559378469,False
seasonal_naive,post_covid,seasonal_naive,4,pooled,ALL,overall,0.5,IT50,,901,118.0,0.1309655937846837,62.0,87.0,56.0,696.0,0.5254237288135594,0.5838926174496645,0.4161073825503356,0.1111111111111111,0.3024390243902439,0.46441947565543074,0.41431261770244826,0.3727306806619183,0.3762252937191083,0.8412874583795783,1.2627118644067796,0.12218058785333455,0.11381360702930893,-0.07351476719186123,,,,,False
seasonal_naive,post_covid,seasonal_naive,4,pooled,ALL,overall,0.9,IT90,,901,17.0,0.018867924528301886,1.0,51.0,16.0,833.0,0.058823529411764705,0.9807692307692307,0.019230769230769232,0.057692307692307696,0.014705882352941176,0.028985507246376812,0.0011312217194570096,0.0005629045876723895,0.0006599982913986348,0.925638179800222,3.0588235294117645,0.048671586968756446,0.01851192595229619,-1.6292016883699398,,,,,False
seasonal_naive,post_covid,seasonal_naive,4,pooled,ALL,overall,0.98,IT98,,901,4.0,0.004439511653718091,0.0,12.0,4.0,885.0,0.0,1.0,0.0,0.013377926421404682,0.0,0.0,-0.013377926421404682,-0.0067039106145251395,-0.007758424115323092,0.9822419533851277,3.0,0.017634333775390847,0.004419802389994593,-2.9898466536220916,,,,,True
seasonal_naive,post_covid,seasonal_naive,4,pooled,ALL,flu_season,,bands,,442,,,,,,,,,,,,,,,,,,,,,0.6357466063348416,0.8846153846153846,0.1330998437415809,0.17647058823529413,False
seasonal_naive,post_covid,seasonal_naive,4,pooled,ALL,flu_season,0.5,IT50,,442,114.0,0.2579185520361991,62.0,87.0,52.0,241.0,0.543859649122807,0.5838926174496645,0.4161073825503356,0.2652439024390244,0.30845771144278605,0.4714828897338403,0.27861574668378264,0.2532513309186377,0.25785054945823604,0.6855203619909502,1.3070175438596492,0.2204757797606609,0.19139657255174955,-0.15193170296217806,,,,,False
seasonal_naive,post_covid,seasonal_naive,4,pooled,ALL,flu_season,0.9,IT90,,442,17.0,0.038461538461538464,1.0,51.0,16.0,374.0,0.058823529411764705,0.9807692307692307,0.019230769230769232,0.12,0.014705882352941176,0.028985507246376812,-0.06117647058823529,-0.03076923076923077,-0.03651483716701108,0.8484162895927602,3.0588235294117645,0.09659752103493992,0.03698224852071006,-1.611996968784775,,,,,False
seasonal_naive,post_covid,seasonal_naive,4,pooled,ALL,flu_season,0.98,IT98,,442,4.0,0.00904977375565611,0.0,12.0,4.0,426.0,0.0,1.0,0.0,0.0273972602739726,0.0,0.0,-0.0273972602739726,-0.013761467889908258,-0.015964279974578305,0.9638009049773756,3.0,0.03567049579622293,0.008967875350627548,-2.977586039231333,,,,,True
seasonal_naive,post_covid,seasonal_naive,4,neighborhood,Agler/Cassidy,overall,,bands,,53,,,,,,,,,,,,,,,,,,,,,0.8301886792452831,0.9811320754716981,0.30567685589519655,0.11320754716981132,False
seasonal_naive,post_covid,seasonal_naive,4,neighborhood,Agler/Cassidy,overall,0.5,IT50,51.74083078339265,53,6.0,0.11320754716981132,4.0,7.0,2.0,40.0,0.6666666666666666,0.6363636363636364,0.36363636363636365,0.14893617021276595,0.3076923076923077,0.47058823529411764,0.5177304964539007,0.37971391417425226,0.4044895572319194,0.8301886792452831,1.8333333333333333,0.12672272822102507,0.10039159843360627,-0.2622841970668772,,,,,False
seasonal_naive,post_covid,seasonal_naive,4,neighborhood,Agler/Cassidy,overall,0.9,IT90,88.48740693700204,53,0.0,0.0,0.0,1.0,0.0,52.0,,1.0,0.0,0.018867924528301886,0.0,0.0,,0.0,,0.9811320754716981,,0.025276122708744346,0.0,,,,,,True
seasonal_naive,post_covid,seasonal_naive,4,neighborhood,Agler/Cassidy,overall,0.98,IT98,124.72586226376617,53,0.0,0.0,0.0,0.0,0.0,53.0,,,,0.0,,,,,,1.0,,0.003496483935080538,0.0,,,,,,True
seasonal_naive,post_covid,seasonal_naive,4,neighborhood,Agler/Cassidy,flu_season,,bands,,26,,,,,,,,,,,,,,,,,,,,,0.6538461538461539,0.9615384615384616,0.17021276595744683,0.23076923076923078,False
seasonal_naive,post_covid,seasonal_naive,4,neighborhood,Agler/Cassidy,flu_season,0.5,IT50,51.74083078339265,26,6.0,0.23076923076923078,4.0,7.0,2.0,13.0,0.6666666666666666,0.6363636363636364,0.36363636363636365,0.35,0.3076923076923077,0.47058823529411764,0.31666666666666665,0.24516129032258063,0.2700542407171066,0.6538461538461539,1.8333333333333333,0.24337273238259896,0.17751479289940827,-0.3709997257553075,,,,,False
seasonal_naive,post_covid,seasonal_naive,4,neighborhood,Agler/Cassidy,flu_season,0.9,IT90,88.48740693700204,26,0.0,0.0,0.0,1.0,0.0,25.0,,1.0,0.0,0.038461538461538464,0.0,0.0,,0.0,,0.9615384615384616,,0.05122890611199709,0.0,,,,,,True
seasonal_naive,post_covid,seasonal_naive,4,neighborhood,Agler/Cassidy,flu_season,0.98,IT98,124.72586226376617,26,0.0,0.0,0.0,0.0,0.0,26.0,,,,0.0,,,,,,1.0,,0.007126722649600191,0.0,,,,,,True
seasonal_naive,post_covid,seasonal_naive,4,neighborhood,Bexley,overall,,bands,,53,,,,,,,,,,,,,,,,,,,,,0.7735849056603774,0.9056603773584906,-0.027239392352016667,0.018867924528301886,False
seasonal_naive,post_covid,seasonal_naive,4,neighborhood,Bexley,overall,0.5,IT50,24.605454693531783,53,8.0,0.1509433962264151,2.0,6.0,6.0,39.0,0.25,0.75,0.25,0.13333333333333333,0.14285714285714285,0.25,0.11666666666666667,0.11666666666666667,0.11666666666666667,0.7735849056603774,1.0,0.14651548396385394,0.12815948736205057,-0.14322776237351564,,,,,False
seasonal_naive,post_covid,seasonal_naive,4,neighborhood,Bexley,overall,0.9,IT90,37.5430295506582,53,2.0,0.03773584905660377,0.0,3.0,2.0,48.0,0.0,1.0,0.0,0.058823529411764705,0.0,0.0,-0.058823529411764705,-0.04743083003952569,-0.048507125007266595,0.9056603773584906,1.5,0.07166845913042313,0.03631185475258099,-0.9736931538956726,,,,,True
seasonal_naive,post_covid,seasonal_naive,4,neighborhood,Bexley,overall,0.98,IT98,49.19357270883574,53,1.0,0.018867924528301886,0.0,1.0,1.0,51.0,0.0,1.0,0.0,0.019230769230769232,0.0,0.0,-0.019230769230769232,-0.019230769230769232,-0.019230769230769232,0.9622641509433962,1.0,0.03339748555293645,0.018511925952296185,-0.8041064791961254,,,,,True
seasonal_naive,post_covid,seasonal_naive,4,neighborhood,Bexley,flu_season,,bands,,26,,,,,,,,,,,,,,,,,,,,,0.5769230769230769,0.8076923076923077,-0.16999999999999993,0.07692307692307693,False
seasonal_naive,post_covid,seasonal_naive,4,neighborhood,Bexley,flu_season,0.5,IT50,24.605454693531783,26,7.0,0.2692307692307692,2.0,6.0,5.0,13.0,0.2857142857142857,0.75,0.25,0.3157894736842105,0.15384615384615385,0.26666666666666666,-0.03007518796992481,-0.02877697841726619,-0.028903665650804,0.5769230769230769,1.1428571428571428,0.25344048014159304,0.19674556213017758,-0.2881636434264425,,,,,False
seasonal_naive,post_covid,seasonal_naive,4,neighborhood,Bexley,flu_season,0.9,IT90,37.5430295506582,26,2.0,0.07692307692307693,0.0,3.0,2.0,21.0,0.0,1.0,0.0,0.125,0.0,0.0,-0.125,-0.1016949152542373,-0.10425720702853737,0.8076923076923077,1.5,0.14252135063508498,0.07100591715976333,-1.0071756881107796,,,,,True
seasonal_naive,post_covid,seasonal_naive,4,neighborhood,Bexley,flu_season,0.98,IT98,49.19357270883574,26,1.0,0.038461538461538464,0.0,1.0,1.0,24.0,0.0,1.0,0.0,0.04,0.0,0.0,-0.04,-0.04,-0.04,0.9230769230769231,1.0,0.06778615640231286,0.036982248520710054,-0.8329376691185402,,,,,True
seasonal_naive,post_covid,seasonal_naive,4,neighborhood,Clintonville/Near North,overall,,bands,,53,,,,,,,,,,,,,,,,,,,,,0.8867924528301887,0.9811320754716981,0.721865889212828,-0.09433962264150944,False
seasonal_naive,post_covid,seasonal_naive,4,neighborhood,Clintonville/Near North,overall,0.5,IT50,15.728895715230147,53,11.0,0.20754716981132076,10.0,1.0,1.0,41.0,0.9090909090909091,0.09090909090909091,0.9090909090909091,0.023809523809523808,0.8333333333333334,0.9090909090909091,0.8852813852813852,0.8852813852813853,0.8852813852813853,0.9622641509433962,1.0,0.08970325537165012,0.1644713421146316,0.4545964408247508,,,,,False
seasonal_naive,post_covid,seasonal_naive,4,neighborhood,Clintonville/Near North,overall,0.9,IT90,22.099499115677975,53,4.0,0.07547169811320754,0.0,0.0,4.0,49.0,0.0,,,0.0,0.0,0.0,0.0,0.0,,0.9245283018867925,0.0,0.06727092864496594,0.06977572089711641,0.03589776243005449,,,,,True
seasonal_naive,post_covid,seasonal_naive,4,neighborhood,Clintonville/Near North,overall,0.98,IT98,27.469599865392972,53,1.0,0.018867924528301886,0.0,0.0,1.0,52.0,0.0,,,0.0,0.0,0.0,0.0,0.0,,0.9811320754716981,0.0,0.032979515893473095,0.018511925952296185,-0.7815280797070376,,,,,True
seasonal_naive,post_covid,seasonal_naive,4,neighborhood,Clintonville/Near North,flu_season,,bands,,26,,,,,,,,,,,,,,,,,,,,,0.7692307692307693,0.9615384615384616,0.6465256797583081,-0.19230769230769232,False
seasonal_naive,post_covid,seasonal_naive,4,neighborhood,Clintonville/Near North,flu_season,0.5,IT50,15.728895715230147,26,11.0,0.4230769230769231,10.0,1.0,1.0,14.0,0.9090909090909091,0.09090909090909091,0.9090909090909091,0.06666666666666667,0.8333333333333334,0.9090909090909091,0.8424242424242424,0.8424242424242424,0.8424242424242424,0.9230769230769231,1.0,0.16091566282498349,0.24408284023668633,0.3407334056382493,,,,,False
seasonal_naive,post_covid,seasonal_naive,4,neighborhood,Clintonville/Near North,flu_season,0.9,IT90,22.099499115677975,26,4.0,0.15384615384615385,0.0,0.0,4.0,22.0,0.0,,,0.0,0.0,0.0,0.0,0.0,,0.8461538461538461,0.0,0.13296760097621374,0.13017751479289943,-0.02143293477182362,,,,,True
seasonal_naive,post_covid,seasonal_naive,4,neighborhood,Clintonville/Near North,flu_season,0.98,IT98,27.469599865392972,26,1.0,0.038461538461538464,0.0,0.0,1.0,25.0,0.0,,,0.0,0.0,0.0,0.0,0.0,,0.9615384615384616,0.0,0.06638738802072396,0.036982248520710054,-0.7951149720803761,,,,,True
seasonal_naive,post_covid,seasonal_naive,4,neighborhood,Dublin,overall,,bands,,53,,,,,,,,,,,,,,,,,,,,,0.7924528301886793,0.9622641509433962,0.39489590329079927,0.05660377358490566,False
seasonal_naive,post_covid,seasonal_naive,4,neighborhood,Dublin,overall,0.5,IT50,8.038849454818003,53,9.0,0.16981132075471697,5.0,4.0,4.0,40.0,0.5555555555555556,0.4444444444444444,0.5555555555555556,0.09090909090909091,0.38461538461538464,0.5555555555555556,0.46464646464646464,0.46464646464646464,0.46464646464646464,0.8490566037735849,1.0,0.12107546732157153,0.14097543609825564,0.1411591219538022,,,,,False
seasonal_naive,post_covid,seasonal_naive,4,neighborhood,Dublin,overall,0.9,IT90,14.1626396504559,53,1.0,0.018867924528301886,0.0,4.0,1.0,48.0,0.0,1.0,0.0,0.07692307692307693,0.0,0.0,-0.07692307692307693,-0.0311284046692607,-0.03962144258751637,0.9056603773584906,4.0,0.05421464195417085,0.018511925952296185,-1.928633254793576,,,,,True
seasonal_naive,post_covid,seasonal_naive,4,neighborhood,Dublin,overall,0.98,IT98,20.345693253667104,53,0.0,0.0,0.0,0.0,0.0,53.0,,,,0.0,,,,,,1.0,,0.020199682070279088,0.0,,,,,,True
seasonal_naive,post_covid,seasonal_naive,4,neighborhood,Dublin,flu_season,,bands,,26,,,,,,,,,,,,,,,,,,,,,0.6153846153846154,0.9230769230769231,0.30434782608695654,0.15384615384615385,False
seasonal_naive,post_covid,seasonal_naive,4,neighborhood,Dublin,flu_season,0.5,IT50,8.038849454818003,26,8.0,0.3076923076923077,5.0,4.0,3.0,14.0,0.625,0.4444444444444444,0.5555555555555556,0.2222222222222222,0.4166666666666667,0.5882352941176471,0.4027777777777778,0.38926174496644295,0.3907518403363142,0.7307692307692307,1.125,0.18401812462840342,0.21301775147928986,0.13613713716110587,,,,,False
seasonal_naive,post_covid,seasonal_naive,4,neighborhood,Dublin,flu_season,0.9,IT90,14.1626396504559,26,1.0,0.038461538461538464,0.0,4.0,1.0,21.0,0.0,1.0,0.0,0.16,0.0,0.0,-0.16,-0.06557377049180328,-0.08528028654224416,0.8076923076923077,4.0,0.1039591166698192,0.036982248520710054,-1.8110545147519117,,,,,True
seasonal_naive,post_covid,seasonal_naive,4,neighborhood,Dublin,flu_season,0.98,IT98,20.345693253667104,26,0.0,0.0,0.0,0.0,0.0,26.0,,,,0.0,,,,,,1.0,,0.04050068531228097,0.0,,,,,,True
seasonal_naive,post_covid,seasonal_naive,4,neighborhood,Eastside,overall,,bands,,53,,,,,,,,,,,,,,,,,,,,,0.8490566037735849,0.9622641509433962,0.4073482428115016,0.03773584905660377,False
seasonal_naive,post_covid,seasonal_naive,4,neighborhood,Eastside,overall,0.5,IT50,53.89825474693718,53,6.0,0.11320754716981132,3.0,3.0,3.0,44.0,0.5,0.5,0.5,0.06382978723404255,0.3333333333333333,0.5,0.43617021276595747,0.43617021276595747,0.43617021276595747,0.8867924528301887,1.0,0.07824926283959144,0.10039159843360627,0.22055964781414072,,,,,False
seasonal_naive,post_covid,seasonal_naive,4,neighborhood,Eastside,overall,0.9,IT90,89.53274062296502,53,1.0,0.018867924528301886,0.0,2.0,1.0,50.0,0.0,1.0,0.0,0.038461538461538464,0.0,0.0,-0.038461538461538464,-0.025806451612903226,-0.027461751819054487,0.9433962264150944,2.0,0.03870933924178156,0.018511925952296185,-1.0910487294262392,,,,,True
seasonal_naive,post_covid,seasonal_naive,4,neighborhood,Eastside,overall,0.98,IT98,123.87134674281285,53,0.0,0.0,0.0,1.0,0.0,52.0,,1.0,0.0,0.018867924528301886,0.0,0.0,,0.0,,0.9811320754716981,,0.01094056571054803,0.0,,,,,,True
seasonal_naive,post_covid,seasonal_naive,4,neighborhood,Eastside,flu_season,,bands,,26,,,,,,,,,,,,,,,,,,,,,0.6923076923076923,0.9230769230769231,0.33818181818181814,0.07692307692307693,False
seasonal_naive,post_covid,seasonal_naive,4,neighborhood,Eastside,flu_season,0.5,IT50,53.89825474693718,26,6.0,0.23076923076923078,3.0,3.0,3.0,17.0,0.5,0.5,0.5,0.15,0.3333333333333333,0.5,0.35,0.35,0.35,0.7692307692307693,1.0,0.15241559777560781,0.17751479289940827,0.14139213253074256,,,,,False
seasonal_naive,post_covid,seasonal_naive,4,neighborhood,Eastside,flu_season,0.9,IT90,89.53274062296502,26,1.0,0.038461538461538464,0.0,2.0,1.0,23.0,0.0,1.0,0.0,0.08,0.0,0.0,-0.08,-0.05405405405405406,-0.05773502691896257,0.8846153846153846,2.0,0.07877472731503107,0.036982248520710054,-1.1300686265984403,,,,,True
seasonal_naive,post_covid,seasonal_naive,4,neighborhood,Eastside,flu_season,0.98,IT98,123.87134674281285,26,0.0,0.0,0.0,1.0,0.0,25.0,,1.0,0.0,0.038461538461538464,0.0,0.0,,0.0,,0.9615384615384616,,0.02230167055319978,0.0,,,,,,True
seasonal_naive,post_covid,seasonal_naive,4,neighborhood,Far East,overall,,bands,,53,,,,,,,,,,,,,,,,,,,,,0.8113207547169812,0.9622641509433962,0.25151311365164775,0.1320754716981132,False
seasonal_naive,post_covid,seasonal_naive,4,neighborhood,Far East,overall,0.5,IT50,76.01095931639992,53,5.0,0.09433962264150944,3.0,6.0,2.0,42.0,0.6,0.6666666666666666,0.3333333333333333,0.125,0.2727272727272727,0.42857142857142855,0.475,0.3496932515337423,0.3697869984767234,0.8490566037735849,1.8,0.11167465482620294,0.08543965824136704,-0.30705877252835023,,,,,False
seasonal_naive,post_covid,seasonal_naive,4,neighborhood,Far East,overall,0.9,IT90,119.58175049878095,53,1.0,0.018867924528301886,0.0,3.0,1.0,49.0,0.0,1.0,0.0,0.057692307692307696,0.0,0.0,-0.057692307692307696,-0.02912621359223301,-0.03396831102433787,0.9245283018867925,3.0,0.04926258862665663,0.018511925952296185,-1.6611271433130486,,,,,True
seasonal_naive,post_covid,seasonal_naive,4,neighborhood,Far East,overall,0.98,IT98,159.7885780471188,53,0.0,0.0,0.0,1.0,0.0,52.0,,1.0,0.0,0.018867924528301886,0.0,0.0,,0.0,,0.9811320754716981,,0.009510344272771871,0.0,,,,,,True
seasonal_naive,post_covid,seasonal_naive,4,neighborhood,Far East,flu_season,,bands,,26,,,,,,,,,,,,,,,,,,,,,0.6153846153846154,0.9230769230769231,0.15999999999999992,0.2692307692307692,False
seasonal_naive,post_covid,seasonal_naive,4,neighborhood,Far East,flu_season,0.5,IT50,76.01095931639992,26,5.0,0.19230769230769232,3.0,6.0,2.0,15.0,0.6,0.6666666666666666,0.3333333333333333,0.2857142857142857,0.2727272727272727,0.42857142857142855,0.3142857142857143,0.24087591240875914,0.26035958758213296,0.6923076923076923,1.8,0.2228706211310843,0.15532544378698226,-0.4348622846153616,,,,,False
seasonal_naive,post_covid,seasonal_naive,4,neighborhood,Far East,flu_season,0.9,IT90,119.58175049878095,26,1.0,0.038461538461538464,0.0,3.0,1.0,22.0,0.0,1.0,0.0,0.12,0.0,0.0,-0.12,-0.061224489795918366,-0.07223151185146152,0.8461538461538461,3.0,0.10041426083539566,0.036982248520710054,-1.715201612989099,,,,,True
seasonal_naive,post_covid,seasonal_naive,4,neighborhood,Far East,flu_season,0.98,IT98,159.7885780471188,26,0.0,0.0,0.0,1.0,0.0,25.0,,1.0,0.0,0.038461538461538464,0.0,0.0,,0.0,,0.9615384615384616,,0.019386470556205817,0.0,,,,,,True
seasonal_naive,post_covid,seasonal_naive,4,neighborhood,Far South,overall,,bands,,53,,,,,,,,,,,,,,,,,,,,,0.8490566037735849,0.9433962264150944,0.2675879396984926,0.1509433962264151,False
seasonal_naive,post_covid,seasonal_naive,4,neighborhood,Far South,overall,0.5,IT50,69.7066330370401,53,7.0,0.1320754716981132,5.0,5.0,2.0,41.0,0.7142857142857143,0.5,0.5,0.10869565217391304,0.4166666666666667,0.5882352941176471,0.6055900621118012,0.5124835742444153,0.524049665034521,0.8679245283018868,1.4285714285714286,0.11930823947350218,0.11463154147383411,-0.04079765428902982,,,,,False
seasonal_naive,post_covid,seasonal_naive,4,neighborhood,Far South,overall,0.9,IT90,121.95949130896,53,0.0,0.0,0.0,4.0,0.0,49.0,,1.0,0.0,0.07547169811320754,0.0,0.0,,0.0,,0.9245283018867925,,0.0444804305055485,0.0,,,,,,True
seasonal_naive,post_covid,seasonal_naive,4,neighborhood,Far South,overall,0.98,IT98,174.42921640712913,53,0.0,0.0,0.0,1.0,0.0,52.0,,1.0,0.0,0.018867924528301886,0.0,0.0,,0.0,,0.9811320754716981,,0.01002707307502342,0.0,,,,,,True
seasonal_naive,post_covid,seasonal_naive,4,neighborhood,Far South,flu_season,,bands,,26,,,,,,,,,,,,,,,,,,,,,0.6923076923076923,0.8846153846153846,0.1513353115727003,0.3076923076923077,False
seasonal_naive,post_covid,seasonal_naive,4,neighborhood,Far South,flu_season,0.5,IT50,69.7066330370401,26,7.0,0.2692307692307692,5.0,5.0,2.0,14.0,0.7142857142857143,0.5,0.5,0.2631578947368421,0.4166666666666667,0.5882352941176471,0.4511278195488722,0.3973509933774834,0.4113063728303113,0.7307692307692307,1.4285714285714286,0.2399965555640317,0.19674556213017758,-0.21983211700214578,,,,,False
seasonal_naive,post_covid,seasonal_naive,4,neighborhood,Far South,flu_season,0.9,IT90,121.95949130896,26,0.0,0.0,0.0,4.0,0.0,22.0,,1.0,0.0,0.15384615384615385,0.0,0.0,,0.0,,0.8461538461538461,,0.0906713765918029,0.0,,,,,,True
seasonal_naive,post_covid,seasonal_naive,4,neighborhood,Far South,flu_season,0.98,IT98,174.42921640712913,26,0.0,0.0,0.0,1.0,0.0,25.0,,1.0,0.0,0.038461538461538464,0.0,0.0,,0.0,,0.9615384615384616,,0.02043980280672042,0.0,,,,,,True
seasonal_naive,post_covid,seasonal_naive,4,neighborhood,Far Southeast,overall,,bands,,53,,,,,,,,,,,,,,,,,,,,,0.8301886792452831,0.9433962264150944,0.1996060407091268,0.1320754716981132,False
seasonal_naive,post_covid,seasonal_naive,4,neighborhood,Far Southeast,overall,0.5,IT50,10.956265259525463,53,5.0,0.09433962264150944,2.0,5.0,3.0,43.0,0.4,0.7142857142857143,0.2857142857142857,0.10416666666666667,0.2,0.3333333333333333,0.29583333333333334,0.2508833922261484,0.2554022929868484,0.8490566037735849,1.4,0.1373547708621066,0.08543965824136704,-0.6076231306319058,,,,,False
seasonal_naive,post_covid,seasonal_naive,4,neighborhood,Far Southeast,overall,0.9,IT90,18.40391015194404,53,0.0,0.0,0.0,3.0,0.0,50.0,,1.0,0.0,0.05660377358490566,0.0,0.0,,0.0,,0.9433962264150944,,0.05273512886952382,0.0,,,,,,True
seasonal_naive,post_covid,seasonal_naive,4,neighborhood,Far Southeast,overall,0.98,IT98,25.644566505740826,53,0.0,0.0,0.0,2.0,0.0,51.0,,1.0,0.0,0.03773584905660377,0.0,0.0,,0.0,,0.9622641509433962,,0.023025225022500123,0.0,,,,,,True
seasonal_naive,post_covid,seasonal_naive,4,neighborhood,Far Southeast,flu_season,,bands,,26,,,,,,,,,,,,,,,,,,,,,0.6538461538461539,0.8846153846153846,0.1282798833819241,0.2692307692307692,False
seasonal_naive,post_covid,seasonal_naive,4,neighborhood,Far Southeast,flu_season,0.5,IT50,10.956265259525463,26,5.0,0.19230769230769232,2.0,5.0,3.0,16.0,0.4,0.7142857142857143,0.2857142857142857,0.23809523809523808,0.2,0.3333333333333333,0.16190476190476194,0.14049586776859505,0.14385615602720814,0.6923076923076923,1.4,0.2188666258534784,0.15532544378698226,-0.4090841816852513,,,,,False
seasonal_naive,post_covid,seasonal_naive,4,neighborhood,Far Southeast,flu_season,0.9,IT90,18.40391015194404,26,0.0,0.0,0.0,3.0,0.0,23.0,,1.0,0.0,0.11538461538461539,0.0,0.0,,0.0,,0.8846153846153846,,0.09660987583210391,0.0,,,,,,True
seasonal_naive,post_covid,seasonal_naive,4,neighborhood,Far Southeast,flu_season,0.98,IT98,25.644566505740826,26,0.0,0.0,0.0,2.0,0.0,24.0,,1.0,0.0,0.07692307692307693,0.0,0.0,,0.0,,0.9230769230769231,,0.045337086312319703,0.0,,,,,,True
seasonal_naive,post_covid,seasonal_naive,4,neighborhood,Far Southwest,overall,,bands,,53,,,,,,,,,,,,,,,,,,,,,0.7924528301886793,0.9245283018867925,0.05577072037180508,0.16981132075471697,False
seasonal_naive,post_covid,seasonal_naive,4,neighborhood,Far Southwest,overall,0.5,IT50,34.041053932580134,53,5.0,0.09433962264150944,2.0,8.0,3.0,40.0,0.4,0.8,0.2,0.16666666666666666,0.15384615384615385,0.26666666666666666,0.23333333333333336,0.16115107913669063,0.17432038578211329,0.7924528301886793,2.0,0.12315773158365714,0.08543965824136704,-0.44145861674372044,,,,,False
seasonal_naive,post_covid,seasonal_naive,4,neighborhood,Far Southwest,overall,0.9,IT90,54.68112356483704,53,0.0,0.0,0.0,4.0,0.0,49.0,,1.0,0.0,0.07547169811320754,0.0,0.0,,0.0,,0.9245283018867925,,0.03956300796349506,0.0,,,,,,True
seasonal_naive,post_covid,seasonal_naive,4,neighborhood,Far Southwest,overall,0.98,IT98,74.04650918881951,53,0.0,0.0,0.0,0.0,0.0,53.0,,,,0.0,,,,,,1.0,,0.011845209865896919,0.0,,,,,,True
seasonal_naive,post_covid,seasonal_naive,4,neighborhood,Far Southwest,flu_season,,bands,,26,,,,,,,,,,,,,,,,,,,,,0.5769230769230769,0.8461538461538461,-0.06405693950177938,0.34615384615384615,False
seasonal_naive,post_covid,seasonal_naive,4,neighborhood,Far Southwest,flu_season,0.5,IT50,34.041053932580134,26,5.0,0.19230769230769232,2.0,8.0,3.0,13.0,0.4,0.8,0.2,0.38095238095238093,0.15384615384615385,0.26666666666666666,0.01904761904761909,0.013793103448275862,0.015430334996209192,0.5769230769230769,2.0,0.24491026708938152,0.15532544378698226,-0.5767556243087799,,,,,False
seasonal_naive,post_covid,seasonal_naive,4,neighborhood,Far Southwest,flu_season,0.9,IT90,54.68112356483704,26,0.0,0.0,0.0,4.0,0.0,22.0,,1.0,0.0,0.15384615384615385,0.0,0.0,,0.0,,0.8461538461538461,,0.08061265289823648,0.0,,,,,,True
seasonal_naive,post_covid,seasonal_naive,4,neighborhood,Far Southwest,flu_season,0.98,IT98,74.04650918881951,26,0.0,0.0,0.0,0.0,0.0,26.0,,,,0.0,,,,,,1.0,,0.02414596063592819,0.0,,,,,,True
seasonal_naive,post_covid,seasonal_naive,4,neighborhood,Hilliard,overall,,bands,,53,,,,,,,,,,,,,,,,,,,,,0.7924528301886793,0.9433962264150944,0.07665505226480829,0.09433962264150944,False
seasonal_naive,post_covid,seasonal_naive,4,neighborhood,Hilliard,overall,0.5,IT50,19.24134804712757,53,8.0,0.1509433962264151,3.0,6.0,5.0,39.0,0.375,0.6666666666666666,0.3333333333333333,0.13333333333333333,0.21428571428571427,0.35294117647058826,0.24166666666666667,0.22985468956406868,0.2304201257343515,0.7924528301886793,1.125,0.13495385406614474,0.12815948736205057,-0.053014933532779196,,,,,False
seasonal_naive,post_covid,seasonal_naive,4,neighborhood,Hilliard,overall,0.9,IT90,34.52709434950146,53,0.0,0.0,0.0,3.0,0.0,50.0,,1.0,0.0,0.05660377358490566,0.0,0.0,,0.0,,0.9433962264150944,,0.0391506150965233,0.0,,,,,,True
seasonal_naive,post_covid,seasonal_naive,4,neighborhood,Hilliard,overall,0.98,IT98,50.186768532537315,53,0.0,0.0,0.0,1.0,0.0,52.0,,1.0,0.0,0.018867924528301886,0.0,0.0,,0.0,,0.9811320754716981,,0.011019644473004877,0.0,,,,,,True
seasonal_naive,post_covid,seasonal_naive,4,neighborhood,Hilliard,flu_season,,bands,,26,,,,,,,,,,,,,,,,,,,,,0.5769230769230769,0.8846153846153846,-0.08695652173913038,0.19230769230769232,False
seasonal_naive,post_covid,seasonal_naive,4,neighborhood,Hilliard,flu_season,0.5,IT50,19.24134804712757,26,8.0,0.3076923076923077,3.0,6.0,5.0,12.0,0.375,0.6666666666666666,0.3333333333333333,0.3333333333333333,0.21428571428571427,0.35294117647058826,0.041666666666666685,0.040268456375838924,0.040422604172722164,0.5769230769230769,1.125,0.2371628484770113,0.21301775147928986,-0.11334781646152559,,,,,False
seasonal_naive,post_covid,seasonal_naive,4,neighborhood,Hilliard,flu_season,0.9,IT90,34.52709434950146,26,0.0,0.0,0.0,3.0,0.0,23.0,,1.0,0.0,0.11538461538461539,0.0,0.0,,0.0,,0.8846153846153846,,0.07764593095166215,0.0,,,,,,True
seasonal_naive,post_covid,seasonal_naive,4,neighborhood,Hilliard,flu_season,0.98,IT98,50.186768532537315,26,0.0,0.0,0.0,1.0,0.0,25.0,,1.0,0.0,0.038461538461538464,0.0,0.0,,0.0,,0.9615384615384616,,0.022405257703905727,0.0,,,,,,True
seasonal_naive,post_covid,seasonal_naive,4,neighborhood,Linden,overall,,bands,,53,,,,,,,,,,,,,,,,,,,,,0.8301886792452831,0.9433962264150944,0.15756738078783705,0.1320754716981132,False
seasonal_naive,post_covid,seasonal_naive,4,neighborhood,Linden,overall,0.5,IT50,53.62727596624066,53,7.0,0.1320754716981132,4.0,6.0,3.0,40.0,0.5714285714285714,0.6,0.4,0.13043478260869565,0.3076923076923077,0.47058823529411764,0.4409937888198757,0.3731931668856767,0.38161565351231785,0.8301886792452831,1.4285714285714286,0.10912714418436963,0.1146315414738341,0.04801817386989349,,,,,False
seasonal_naive,post_covid,seasonal_naive,4,neighborhood,Linden,overall,0.9,IT90,82.61523156370409,53,0.0,0.0,0.0,3.0,0.0,50.0,,1.0,0.0,0.05660377358490566,0.0,0.0,,0.0,,0.9433962264150944,,0.03168332873074105,0.0,,,,,,True
seasonal_naive,post_covid,seasonal_naive,4,neighborhood,Linden,overall,0.98,IT98,108.92078323683364,53,0.0,0.0,0.0,1.0,0.0,52.0,,1.0,0.0,0.018867924528301886,0.0,0.0,,0.0,,0.9811320754716981,,0.010109153634951303,0.0,,,,,,True
seasonal_naive,post_covid,seasonal_naive,4,neighborhood,Linden,flu_season,,bands,,26,,,,,,,,,,,,,,,,,,,,,0.6538461538461539,0.8846153846153846,0.01967213114754096,0.2692307692307692,False
seasonal_naive,post_covid,seasonal_naive,4,neighborhood,Linden,flu_season,0.5,IT50,53.62727596624066,26,7.0,0.2692307692307692,4.0,6.0,3.0,13.0,0.5714285714285714,0.6,0.4,0.3157894736842105,0.3076923076923077,0.47058823529411764,0.2556390977443609,0.2251655629139073,0.23307361127050974,0.6538461538461539,1.4285714285714286,0.21524104165757024,0.19674556213017758,-0.09400709895125892,,,,,False
seasonal_naive,post_covid,seasonal_naive,4,neighborhood,Linden,flu_season,0.9,IT90,82.61523156370409,26,0.0,0.0,0.0,3.0,0.0,23.0,,1.0,0.0,0.11538461538461539,0.0,0.0,,0.0,,0.8846153846153846,,0.06450597067052734,0.0,,,,,,True
seasonal_naive,post_covid,seasonal_naive,4,neighborhood,Linden,flu_season,0.98,IT98,108.92078323683364,26,0.0,0.0,0.0,1.0,0.0,25.0,,1.0,0.0,0.038461538461538464,0.0,0.0,,0.0,,0.9615384615384616,,0.02060690311513398,0.0,,,,,,True
seasonal_naive,post_covid,seasonal_naive,4,neighborhood,NE Suburban,overall,,bands,,53,,,,,,,,,,,,,,,,,,,,,0.8301886792452831,0.9056603773584906,0.14847645429362888,0.1320754716981132,False
seasonal_naive,post_covid,seasonal_naive,4,neighborhood,NE Suburban,overall,0.5,IT50,27.312493683860776,53,5.0,0.09433962264150944,2.0,5.0,3.0,43.0,0.4,0.7142857142857143,0.2857142857142857,0.10416666666666667,0.2,0.3333333333333333,0.29583333333333334,0.2508833922261484,0.2554022929868484,0.8490566037735849,1.4,0.10478788800754471,0.08543965824136704,-0.22645490588830453,,,,,False
seasonal_naive,post_covid,seasonal_naive,4,neighborhood,NE Suburban,overall,0.9,IT90,41.22759712033061,53,1.0,0.018867924528301886,0.0,4.0,1.0,48.0,0.0,1.0,0.0,0.07692307692307693,0.0,0.0,-0.07692307692307693,-0.0311284046692607,-0.03962144258751637,0.9056603773584906,4.0,0.05358505633659471,0.018511925952296185,-1.894623524028742,,,,,True
seasonal_naive,post_covid,seasonal_naive,4,neighborhood,NE Suburban,overall,0.98,IT98,53.6511443833241,53,0.0,0.0,0.0,2.0,0.0,51.0,,1.0,0.0,0.03773584905660377,0.0,0.0,,0.0,,0.9622641509433962,,0.01938021268055968,0.0,,,,,,True
seasonal_naive,post_covid,seasonal_naive,4,neighborhood,NE Suburban,flu_season,,bands,,26,,,,,,,,,,,,,,,,,,,,,0.6538461538461539,0.8076923076923077,0.0645161290322579,0.2692307692307692,False
seasonal_naive,post_covid,seasonal_naive,4,neighborhood,NE Suburban,flu_season,0.5,IT50,27.312493683860776,26,5.0,0.19230769230769232,2.0,5.0,3.0,16.0,0.4,0.7142857142857143,0.2857142857142857,0.23809523809523808,0.2,0.3333333333333333,0.16190476190476194,0.14049586776859505,0.14385615602720814,0.6923076923076923,1.4,0.19665197652606242,0.15532544378698226,-0.2660641536344588,,,,,False
seasonal_naive,post_covid,seasonal_naive,4,neighborhood,NE Suburban,flu_season,0.9,IT90,41.22759712033061,26,1.0,0.038461538461538464,0.0,4.0,1.0,21.0,0.0,1.0,0.0,0.16,0.0,0.0,-0.16,-0.06557377049180328,-0.08528028654224416,0.8076923076923077,4.0,0.10846459112105591,0.036982248520710054,-1.9328825439133523,,,,,True
seasonal_naive,post_covid,seasonal_naive,4,neighborhood,NE Suburban,flu_season,0.98,IT98,53.6511443833241,26,0.0,0.0,0.0,2.0,0.0,24.0,,1.0,0.0,0.07692307692307693,0.0,0.0,,0.0,,0.9230769230769231,,0.03948308053551476,0.0,,,,,,True
seasonal_naive,post_covid,seasonal_naive,4,neighborhood,Northland,overall,,bands,,53,,,,,,,,,,,,,,,,,,,,,0.7924528301886793,0.9433962264150944,-0.0037878787878786735,0.11320754716981132,False
seasonal_naive,post_covid,seasonal_naive,4,neighborhood,Northland,overall,0.5,IT50,56.127661353876796,53,5.0,0.09433962264150944,1.0,7.0,4.0,41.0,0.2,0.875,0.125,0.14583333333333334,0.08333333333333333,0.15384615384615385,0.05416666666666667,0.042692939244663386,0.04422689813358516,0.7924528301886793,1.6,0.13723614533769501,0.08543965824136704,-0.6062347177232721,,,,,False
seasonal_naive,post_covid,seasonal_naive,4,neighborhood,Northland,overall,0.9,IT90,89.91407794411414,53,0.0,0.0,0.0,3.0,0.0,50.0,,1.0,0.0,0.05660377358490566,0.0,0.0,,0.0,,0.9433962264150944,,0.03642441196474344,0.0,,,,,,True
seasonal_naive,post_covid,seasonal_naive,4,neighborhood,Northland,overall,0.98,IT98,121.54516325409915,53,0.0,0.0,0.0,0.0,0.0,53.0,,,,0.0,,,,,,1.0,,0.007900873325067129,0.0,,,,,,True
seasonal_naive,post_covid,seasonal_naive,4,neighborhood,Northland,flu_season,,bands,,26,,,,,,,,,,,,,,,,,,,,,0.5769230769230769,0.8846153846153846,-0.12554112554112562,0.23076923076923078,False
seasonal_naive,post_covid,seasonal_naive,4,neighborhood,Northland,flu_season,0.5,IT50,56.127661353876796,26,5.0,0.19230769230769232,1.0,7.0,4.0,14.0,0.2,0.875,0.125,0.3333333333333333,0.08333333333333333,0.15384615384615385,-0.1333333333333333,-0.10852713178294573,-0.1138550085106622,0.5769230769230769,1.6,0.26340798671125254,0.15532544378698226,-0.6958457049219686,,,,,False
seasonal_naive,post_covid,seasonal_naive,4,neighborhood,Northland,flu_season,0.9,IT90,89.91407794411414,26,0.0,0.0,0.0,3.0,0.0,23.0,,1.0,0.0,0.11538461538461539,0.0,0.0,,0.0,,0.8846153846153846,,0.07395343382325971,0.0,,,,,,True
seasonal_naive,post_covid,seasonal_naive,4,neighborhood,Northland,flu_season,0.98,IT98,121.54516325409915,26,0.0,0.0,0.0,0.0,0.0,26.0,,,,0.0,,,,,,1.0,,0.016104129907625615,0.0,,,,,,True
seasonal_naive,post_covid,seasonal_naive,4,neighborhood,UA/Grandview,overall,,bands,,53,,,,,,,,,,,,,,,,,,,,,0.7735849056603774,0.9245283018867925,-0.09466437177280529,0.11320754716981132,False
seasonal_naive,post_covid,seasonal_naive,4,neighborhood,UA/Grandview,overall,0.5,IT50,8.143164584776198,53,5.0,0.09433962264150944,0.0,7.0,5.0,41.0,0.0,1.0,0.0,0.14583333333333334,0.0,0.0,-0.14583333333333334,-0.12367491166077739,-0.12590253879633373,0.7735849056603774,1.4,0.1622078962059315,0.08543965824136704,-0.8985082518435901,,,,,False
seasonal_naive,post_covid,seasonal_naive,4,neighborhood,UA/Grandview,overall,0.9,IT90,16.706142473783938,53,0.0,0.0,0.0,4.0,0.0,49.0,,1.0,0.0,0.07547169811320754,0.0,0.0,,0.0,,0.9245283018867925,,0.04254383559044036,0.0,,,,,,True
seasonal_naive,post_covid,seasonal_naive,4,neighborhood,UA/Grandview,overall,0.98,IT98,26.455007113900507,53,0.0,0.0,0.0,0.0,0.0,53.0,,,,0.0,,,,,,1.0,,0.014097578824116542,0.0,,,,,,True
seasonal_naive,post_covid,seasonal_naive,4,neighborhood,UA/Grandview,flu_season,,bands,,26,,,,,,,,,,,,,,,,,,,,,0.5384615384615384,0.8461538461538461,-0.21400778210116722,0.23076923076923078,False
seasonal_naive,post_covid,seasonal_naive,4,neighborhood,UA/Grandview,flu_season,0.5,IT50,8.143164584776198,26,5.0,0.19230769230769232,0.0,7.0,5.0,14.0,0.0,1.0,0.0,0.3333333333333333,0.0,0.0,-0.3333333333333333,-0.2892561983471074,-0.2961744388795462,0.5384615384615384,1.4,0.27953191027280966,0.15532544378698226,-0.799653060423041,,,,,False
seasonal_naive,post_covid,seasonal_naive,4,neighborhood,UA/Grandview,flu_season,0.9,IT90,16.706142473783938,26,0.0,0.0,0.0,4.0,0.0,22.0,,1.0,0.0,0.15384615384615385,0.0,0.0,,0.0,,0.8461538461538461,,0.08338319435100573,0.0,,,,,,True
seasonal_naive,post_covid,seasonal_naive,4,neighborhood,UA/Grandview,flu_season,0.98,IT98,26.455007113900507,26,0.0,0.0,0.0,0.0,0.0,26.0,,,,0.0,,,,,,1.0,,0.02866825875497767,0.0,,,,,,True
seasonal_naive,post_covid,seasonal_naive,4,neighborhood,West,overall,,bands,,53,,,,,,,,,,,,,,,,,,,,,0.8490566037735849,0.9245283018867925,0.025018395879323085,0.16981132075471697,False
seasonal_naive,post_covid,seasonal_naive,4,neighborhood,West,overall,0.5,IT50,73.15037971354549,53,3.0,0.05660377358490566,1.0,6.0,2.0,44.0,0.3333333333333333,0.8571428571428571,0.14285714285714285,0.12,0.1111111111111111,0.2,0.21333333333333332,0.13114754098360656,0.14560504166185284,0.8490566037735849,2.3333333333333335,0.11273629043273292,0.05339978640085441,-1.1111749321703113,,,,,True
seasonal_naive,post_covid,seasonal_naive,4,neighborhood,West,overall,0.9,IT90,114.1022318647041,53,0.0,0.0,0.0,4.0,0.0,49.0,,1.0,0.0,0.07547169811320754,0.0,0.0,,0.0,,0.9245283018867925,,0.0407443273589136,0.0,,,,,,True
seasonal_naive,post_covid,seasonal_naive,4,neighborhood,West,overall,0.98,IT98,151.63555393306305,53,0.0,0.0,0.0,1.0,0.0,52.0,,1.0,0.0,0.018867924528301886,0.0,0.0,,0.0,,0.9811320754716981,,0.014594890487525413,0.0,,,,,,True
seasonal_naive,post_covid,seasonal_naive,4,neighborhood,West,flu_season,,bands,,26,,,,,,,,,,,,,,,,,,,,,0.6923076923076923,0.8461538461538461,-0.03174603174603163,0.34615384615384615,False
seasonal_naive,post_covid,seasonal_naive,4,neighborhood,West,flu_season,0.5,IT50,73.15037971354549,26,3.0,0.11538461538461539,1.0,6.0,2.0,17.0,0.3333333333333333,0.8571428571428571,0.14285714285714285,0.2608695652173913,0.1111111111111111,0.2,0.07246376811594202,0.045871559633027525,0.052193886700168265,0.6923076923076923,2.3333333333333335,0.2276811003757813,0.10207100591715977,-1.230614838464176,,,,,True
seasonal_naive,post_covid,seasonal_naive,4,neighborhood,West,flu_season,0.9,IT90,114.1022318647041,26,0.0,0.0,0.0,4.0,0.0,22.0,,1.0,0.0,0.15384615384615385,0.0,0.0,,0.0,,0.8461538461538461,,0.08304833412557236,0.0,,,,,,True
seasonal_naive,post_covid,seasonal_naive,4,neighborhood,West,flu_season,0.98,IT98,151.63555393306305,26,0.0,0.0,0.0,1.0,0.0,25.0,,1.0,0.0,0.038461538461538464,0.0,0.0,,0.0,,0.9615384615384616,,0.029751120711076433,0.0,,,,,,True
seasonal_naive,post_covid,seasonal_naive,4,neighborhood,Westerville,overall,,bands,,53,,,,,,,,,,,,,,,,,,,,,0.8490566037735849,0.9433962264150944,0.4727911059098888,0.09433962264150944,False
seasonal_naive,post_covid,seasonal_naive,4,neighborhood,Westerville,overall,0.5,IT50,24.33364195874595,53,7.0,0.1320754716981132,6.0,4.0,1.0,42.0,0.8571428571428571,0.4,0.6,0.08695652173913043,0.5454545454545454,0.7058823529411765,0.7701863354037266,0.6517739816031537,0.6664836765567241,0.9056603773584906,1.4285714285714286,0.10594037304374682,0.1146315414738341,0.07581829850967448,,,,,False
seasonal_naive,post_covid,seasonal_naive,4,neighborhood,Westerville,overall,0.9,IT90,36.408491039457616,53,2.0,0.03773584905660377,0.0,3.0,2.0,48.0,0.0,1.0,0.0,0.058823529411764705,0.0,0.0,-0.058823529411764705,-0.04743083003952569,-0.048507125007266595,0.9056603773584906,1.5,0.060219185880499265,0.03631185475258099,-0.658389148414926,,,,,True
seasonal_naive,post_covid,seasonal_naive,4,neighborhood,Westerville,overall,0.98,IT98,47.11324141772458,53,0.0,0.0,0.0,1.0,0.0,52.0,,1.0,0.0,0.018867924528301886,0.0,0.0,,0.0,,0.9811320754716981,,0.019054339259879562,0.0,,,,,,True
seasonal_naive,post_covid,seasonal_naive,4,neighborhood,Westerville,flu_season,,bands,,26,,,,,,,,,,,,,,,,,,,,,0.6923076923076923,0.8846153846153846,0.3774647887323942,0.19230769230769232,False
seasonal_naive,post_covid,seasonal_naive,4,neighborhood,Westerville,flu_season,0.5,IT50,24.33364195874595,26,7.0,0.2692307692307692,6.0,4.0,1.0,15.0,0.8571428571428571,0.4,0.6,0.21052631578947367,0.5454545454545454,0.7058823529411765,0.6466165413533834,0.5695364238410596,0.5895391343901129,0.8076923076923077,1.4285714285714286,0.18104598524636512,0.19674556213017758,0.07979634566509186,,,,,False
seasonal_naive,post_covid,seasonal_naive,4,neighborhood,Westerville,flu_season,0.9,IT90,36.408491039457616,26,2.0,0.07692307692307693,0.0,3.0,2.0,21.0,0.0,1.0,0.0,0.125,0.0,0.0,-0.125,-0.1016949152542373,-0.10425720702853737,0.8076923076923077,1.5,0.11915587386520757,0.07100591715976333,-0.6781118902683396,,,,,True
seasonal_naive,post_covid,seasonal_naive,4,neighborhood,Westerville,flu_season,0.98,IT98,47.11324141772458,26,0.0,0.0,0.0,1.0,0.0,25.0,,1.0,0.0,0.038461538461538464,0.0,0.0,,0.0,,0.9615384615384616,,0.03854764902767938,0.0,,,,,,True
seasonal_naive,post_covid,seasonal_naive,4,neighborhood,Worthington,overall,,bands,,53,,,,,,,,,,,,,,,,,,,,,0.7547169811320755,0.9433962264150944,0.46901669758812614,-0.16981132075471697,False
seasonal_naive,post_covid,seasonal_naive,4,neighborhood,Worthington,overall,0.5,IT50,13.721631551906164,53,16.0,0.3018867924528302,9.0,1.0,7.0,36.0,0.5625,0.1,0.9,0.02702702702702703,0.5294117647058824,0.6923076923076923,0.535472972972973,0.5992438563327032,0.628295835430739,0.8490566037735849,0.625,0.156318807765361,0.21075115699537203,0.25827781923496784,,,,,False
seasonal_naive,post_covid,seasonal_naive,4,neighborhood,Worthington,overall,0.9,IT90,22.978569674557114,53,5.0,0.09433962264150944,1.0,3.0,4.0,45.0,0.2,0.75,0.25,0.0625,0.125,0.2222222222222222,0.1375,0.15102974828375287,0.15215291717243423,0.8679245283018868,0.8,0.07988556986509407,0.08543965824136704,0.06500597603729485,,,,,False
seasonal_naive,post_covid,seasonal_naive,4,neighborhood,Worthington,overall,0.98,IT98,31.956357603850087,53,2.0,0.03773584905660377,0.0,0.0,2.0,51.0,0.0,,,0.0,0.0,0.0,0.0,0.0,,0.9622641509433962,0.0,0.04820539609803038,0.03631185475258099,-0.3275388003859543,,,,,True
seasonal_naive,post_covid,seasonal_naive,4,neighborhood,Worthington,flu_season,,bands,,26,,,,,,,,,,,,,,,,,,,,,0.5769230769230769,0.8846153846153846,0.3486973947895792,-0.2692307692307692,False
seasonal_naive,post_covid,seasonal_naive,4,neighborhood,Worthington,flu_season,0.5,IT50,13.721631551906164,26,14.0,0.5384615384615384,9.0,1.0,5.0,11.0,0.6428571428571429,0.1,0.9,0.08333333333333333,0.6,0.75,0.5595238095238095,0.5465116279069767,0.5733412928572633,0.7692307692307693,0.7142857142857143,0.22655873927321996,0.24852071005917165,0.08837078721013891,,,,,False
seasonal_naive,post_covid,seasonal_naive,4,neighborhood,Worthington,flu_season,0.9,IT90,22.978569674557114,26,5.0,0.19230769230769232,1.0,3.0,4.0,18.0,0.2,0.75,0.25,0.14285714285714285,0.125,0.2222222222222222,0.05714285714285716,0.061855670103092786,0.062418778393235924,0.7307692307692307,0.8,0.15424066082000254,0.15532544378698226,0.006983936054078987,,,,,False
seasonal_naive,post_covid,seasonal_naive,4,neighborhood,Worthington,flu_season,0.98,IT98,31.956357603850087,26,2.0,0.07692307692307693,0.0,0.0,2.0,24.0,0.0,,,0.0,0.0,0.0,0.0,0.0,,0.9230769230769231,0.0,0.09742008553058445,0.07100591715976333,-0.37199953788906415,,,,,True
xgboost,post_covid,xgboost,4,citywide,CITYWIDE,overall,,bands,,53,,,,,,,,,,,,,,,,,,,,,0.8490566037735849,1.0,0.0,-0.1509433962264151,False
xgboost,post_covid,xgboost,4,citywide,CITYWIDE,overall,0.5,IT50,35.19412725226089,53,8.0,0.1509433962264151,0.0,0.0,8.0,45.0,0.0,,,0.0,0.0,0.0,0.0,0.0,,0.8490566037735849,0.0,0.07491941565704108,0.12815948736205057,0.4154204483871434,,,,,False
xgboost,post_covid,xgboost,4,citywide,CITYWIDE,overall,0.9,IT90,56.071415152332634,53,0.0,0.0,0.0,0.0,0.0,53.0,,,,0.0,,,,,,1.0,,4.5467740657466805e-05,0.0,,,,,,True
xgboost,post_covid,xgboost,4,citywide,CITYWIDE,overall,0.98,IT98,75.53173152268305,53,0.0,0.0,0.0,0.0,0.0,53.0,,,,0.0,,,,,,1.0,,9.061911054300226e-10,0.0,,,,,,True
xgboost,post_covid,xgboost,4,citywide,CITYWIDE,flu_season,,bands,,26,,,,,,,,,,,,,,,,,,,,,0.6923076923076923,1.0,0.0,-0.3076923076923077,False
xgboost,post_covid,xgboost,4,citywide,CITYWIDE,flu_season,0.5,IT50,35.19412725226089,26,8.0,0.3076923076923077,0.0,0.0,8.0,18.0,0.0,,,0.0,0.0,0.0,0.0,0.0,,0.6923076923076923,0.0,0.15271280887219765,0.2130177514792899,0.28309820279440534,,,,,False
xgboost,post_covid,xgboost,4,citywide,CITYWIDE,flu_season,0.9,IT90,56.071415152332634,26,0.0,0.0,0.0,0.0,0.0,26.0,,,,0.0,,,,,,1.0,,9.268424055749e-05,0.0,,,,,,True
xgboost,post_covid,xgboost,4,citywide,CITYWIDE,flu_season,0.98,IT98,75.53173152268305,26,0.0,0.0,0.0,0.0,0.0,26.0,,,,0.0,,,,,,1.0,,1.847235714915046e-09,0.0,,,,,,True
xgboost,post_covid,xgboost,4,pooled,ALL,overall,,bands,,901,,,,,,,,,,,,,,,,,,,,,0.8690344062153164,0.9822419533851277,0.10149694495407802,-0.13429522752497225,False
xgboost,post_covid,xgboost,4,pooled,ALL,overall,0.5,IT50,,901,118.0,0.1309655937846837,10.0,8.0,108.0,775.0,0.0847457627118644,0.4444444444444444,0.5555555555555556,0.010217113665389528,0.07936507936507936,0.14705882352941177,0.07452864904647488,0.1164277018801569,0.17969191181544705,0.8712541620421753,0.15254237288135594,0.08088565265036995,0.11381360702930893,0.28931474222110776,,,,,False
xgboost,post_covid,xgboost,4,pooled,ALL,overall,0.9,IT90,,901,17.0,0.018867924528301886,0.0,0.0,17.0,884.0,0.0,,,0.0,0.0,0.0,0.0,0.0,,0.9811320754716981,0.0,0.016909355709151714,0.01851192595229619,0.08656961178832367,,,,,False
xgboost,post_covid,xgboost,4,pooled,ALL,overall,0.98,IT98,,901,4.0,0.004439511653718091,0.0,0.0,4.0,897.0,0.0,,,0.0,0.0,0.0,0.0,0.0,,0.9955604883462819,0.0,0.004292798826823334,0.004419802389994593,0.02873512251560495,,,,,True
xgboost,post_covid,xgboost,4,pooled,ALL,flu_season,,bands,,442,,,,,,,,,,,,,,,,,,,,,0.7420814479638009,0.9638009049773756,0.07814672542596557,-0.2647058823529412,False
xgboost,post_covid,xgboost,4,pooled,ALL,flu_season,0.5,IT50,,442,114.0,0.2579185520361991,10.0,8.0,104.0,320.0,0.08771929824561403,0.4444444444444444,0.5555555555555556,0.024390243902439025,0.08196721311475409,0.15151515151515152,0.06332905434317501,0.08731563421828908,0.14017584077538378,0.746606334841629,0.15789473684210525,0.154384319531204,0.19139657255174955,0.19337991546603184,,,,,False
xgboost,post_covid,xgboost,4,pooled,ALL,flu_season,0.9,IT90,,442,17.0,0.038461538461538464,0.0,0.0,17.0,425.0,0.0,,,0.0,0.0,0.0,0.0,0.0,,0.9615384615384616,0.0,0.03446623385847029,0.03698224852071006,0.06803303646696346,,,,,False
xgboost,post_covid,xgboost,4,pooled,ALL,flu_season,0.98,IT98,,442,4.0,0.00904977375565611,0.0,0.0,4.0,438.0,0.0,,,0.0,0.0,0.0,0.0,0.0,,0.9909502262443439,0.0,0.008750704893218853,0.008967875350627548,0.024216489292917975,,,,,True
xgboost,post_covid,xgboost,4,neighborhood,Agler/Cassidy,overall,,bands,,53,,,,,,,,,,,,,,,,,,,,,0.8867924528301887,1.0,0.0,-0.11320754716981132,False
xgboost,post_covid,xgboost,4,neighborhood,Agler/Cassidy,overall,0.5,IT50,51.74083078339265,53,6.0,0.11320754716981132,0.0,0.0,6.0,47.0,0.0,,,0.0,0.0,0.0,0.0,0.0,,0.8867924528301887,0.0,0.06864958259318145,0.10039159843360627,0.3161819946657919,,,,,False
xgboost,post_covid,xgboost,4,neighborhood,Agler/Cassidy,overall,0.9,IT90,88.48740693700204,53,0.0,0.0,0.0,0.0,0.0,53.0,,,,0.0,,,,,,1.0,,1.0604596665655504e-07,0.0,,,,,,True
xgboost,post_covid,xgboost,4,neighborhood,Agler/Cassidy,overall,0.98,IT98,124.72586226376617,53,0.0,0.0,0.0,0.0,0.0,53.0,,,,0.0,,,,,,1.0,,1.5965976498268854e-17,0.0,,,,,,True
xgboost,post_covid,xgboost,4,neighborhood,Agler/Cassidy,flu_season,,bands,,26,,,,,,,,,,,,,,,,,,,,,0.7692307692307693,1.0,0.0,-0.23076923076923078,False
xgboost,post_covid,xgboost,4,neighborhood,Agler/Cassidy,flu_season,0.5,IT50,51.74083078339265,26,6.0,0.23076923076923078,0.0,0.0,6.0,20.0,0.0,,,0.0,0.0,0.0,0.0,0.0,,0.7692307692307693,0.0,0.13993875333777422,0.17751479289940827,0.2116783561972052,,,,,False
xgboost,post_covid,xgboost,4,neighborhood,Agler/Cassidy,flu_season,0.9,IT90,88.48740693700204,26,0.0,0.0,0.0,0.0,0.0,26.0,,,,0.0,,,,,,1.0,,2.161706243383609e-07,0.0,,,,,,True
xgboost,post_covid,xgboost,4,neighborhood,Agler/Cassidy,flu_season,0.98,IT98,124.72586226376617,26,0.0,0.0,0.0,0.0,0.0,26.0,,,,0.0,,,,,,1.0,,3.254602901570189e-17,0.0,,,,,,True
xgboost,post_covid,xgboost,4,neighborhood,Bexley,overall,,bands,,53,,,,,,,,,,,,,,,,,,,,,0.8490566037735849,0.9622641509433962,0.0,-0.20754716981132076,False
xgboost,post_covid,xgboost,4,neighborhood,Bexley,overall,0.5,IT50,24.605454693531783,53,8.0,0.1509433962264151,0.0,0.0,8.0,45.0,0.0,,,0.0,0.0,0.0,0.0,0.0,,0.8490566037735849,0.0,0.10668433183983861,0.12815948736205057,0.16756586628303727,,,,,False
xgboost,post_covid,xgboost,4,neighborhood,Bexley,overall,0.9,IT90,37.5430295506582,53,2.0,0.03773584905660377,0.0,0.0,2.0,51.0,0.0,,,0.0,0.0,0.0,0.0,0.0,,0.9622641509433962,0.0,0.03670095952582679,0.03631185475258099,-0.010715640274975069,,,,,True
xgboost,post_covid,xgboost,4,neighborhood,Bexley,overall,0.98,IT98,49.19357270883574,53,1.0,0.018867924528301886,0.0,0.0,1.0,52.0,0.0,,,0.0,0.0,0.0,0.0,0.0,,0.9811320754716981,0.0,0.01886153251660789,0.018511925952296185,-0.018885477675991913,,,,,True
xgboost,post_covid,xgboost,4,neighborhood,Bexley,flu_season,,bands,,26,,,,,,,,,,,,,,,,,,,,,0.7307692307692307,0.9230769230769231,-2.220446049250313e-16,-0.38461538461538464,False
xgboost,post_covid,xgboost,4,neighborhood,Bexley,flu_season,0.5,IT50,24.605454693531783,26,7.0,0.2692307692307692,0.0,0.0,7.0,19.0,0.0,,,0.0,0.0,0.0,0.0,0.0,,0.7307692307692307,0.0,0.17900774502442823,0.19674556213017758,0.09015612303373344,,,,,False
xgboost,post_covid,xgboost,4,neighborhood,Bexley,flu_season,0.9,IT90,37.5430295506582,26,2.0,0.07692307692307693,0.0,0.0,2.0,24.0,0.0,,,0.0,0.0,0.0,0.0,0.0,,0.9230769230769231,0.0,0.07481349441683932,0.07100591715976333,-0.05362337970382014,,,,,True
xgboost,post_covid,xgboost,4,neighborhood,Bexley,flu_season,0.98,IT98,49.19357270883574,26,1.0,0.038461538461538464,0.0,0.0,1.0,25.0,0.0,,,0.0,0.0,0.0,0.0,0.0,,0.9615384615384616,0.0,0.038448508591546846,0.036982248520710054,-0.039647672315426874,,,,,True
xgboost,post_covid,xgboost,4,neighborhood,Clintonville/Near North,overall,,bands,,53,,,,,,,,,,,,,,,,,,,,,0.8301886792452831,0.9433962264150944,0.39158163265306123,-0.22641509433962265,False
xgboost,post_covid,xgboost,4,neighborhood,Clintonville/Near North,overall,0.5,IT50,15.728895715230147,53,11.0,0.20754716981132076,4.0,0.0,7.0,42.0,0.36363636363636365,0.0,1.0,0.0,0.36363636363636365,0.5333333333333333,0.36363636363636365,0.4752475247524752,0.5582905262390826,0.8679245283018868,0.36363636363636365,0.07825429337194444,0.1644713421146316,0.5242071210350826,,,,,False
xgboost,post_covid,xgboost,4,neighborhood,Clintonville/Near North,overall,0.9,IT90,22.099499115677975,53,4.0,0.07547169811320754,0.0,0.0,4.0,49.0,0.0,,,0.0,0.0,0.0,0.0,0.0,,0.9245283018867925,0.0,0.052792651387083715,0.06977572089711641,0.24339511353919308,,,,,True
xgboost,post_covid,xgboost,4,neighborhood,Clintonville/Near North,overall,0.98,IT98,27.469599865392972,53,1.0,0.018867924528301886,0.0,0.0,1.0,52.0,0.0,,,0.0,0.0,0.0,0.0,0.0,,0.9811320754716981,0.0,0.016513056840009692,0.018511925952296185,0.10797737185409151,,,,,True
xgboost,post_covid,xgboost,4,neighborhood,Clintonville/Near North,flu_season,,bands,,26,,,,,,,,,,,,,,,,,,,,,0.6538461538461539,0.8846153846153846,0.3352272727272727,-0.46153846153846156,False
xgboost,post_covid,xgboost,4,neighborhood,Clintonville/Near North,flu_season,0.5,IT50,15.728895715230147,26,11.0,0.4230769230769231,4.0,0.0,7.0,15.0,0.36363636363636365,0.0,1.0,0.0,0.36363636363636365,0.5333333333333333,0.36363636363636365,0.3973509933774834,0.49792959773196915,0.7307692307692307,0.36363636363636365,0.1587815241826273,0.24408284023668633,0.3494769069851146,,,,,False
xgboost,post_covid,xgboost,4,neighborhood,Clintonville/Near North,flu_season,0.9,IT90,22.099499115677975,26,4.0,0.15384615384615385,0.0,0.0,4.0,22.0,0.0,,,0.0,0.0,0.0,0.0,0.0,,0.8461538461538461,0.0,0.1076135380401895,0.13017751479289943,0.17333236687308995,,,,,True
xgboost,post_covid,xgboost,4,neighborhood,Clintonville/Near North,flu_season,0.98,IT98,27.469599865392972,26,1.0,0.038461538461538464,0.0,0.0,1.0,25.0,0.0,,,0.0,0.0,0.0,0.0,0.0,,0.9615384615384616,0.0,0.0336612277200187,0.036982248520710054,0.0898004024506942,,,,,True
xgboost,post_covid,xgboost,4,neighborhood,Dublin,overall,,bands,,53,,,,,,,,,,,,,,,,,,,,,0.8301886792452831,0.9811320754716981,0.23741007194244612,-0.07547169811320754,False
xgboost,post_covid,xgboost,4,neighborhood,Dublin,overall,0.5,IT50,8.038849454818003,53,9.0,0.16981132075471697,3.0,3.0,6.0,41.0,0.3333333333333333,0.5,0.5,0.06818181818181818,0.25,0.4,0.26515151515151514,0.3056768558951965,0.31420793749036185,0.8301886792452831,0.6666666666666666,0.11337119099064495,0.14097543609825564,0.19580890027090503,,,,,False
xgboost,post_covid,xgboost,4,neighborhood,Dublin,overall,0.9,IT90,14.1626396504559,53,1.0,0.018867924528301886,0.0,0.0,1.0,52.0,0.0,,,0.0,0.0,0.0,0.0,0.0,,0.9811320754716981,0.0,0.02006766135995265,0.018511925952296185,-0.08403963000205805,,,,,True
xgboost,post_covid,xgboost,4,neighborhood,Dublin,overall,0.98,IT98,20.345693253667104,53,0.0,0.0,0.0,0.0,0.0,53.0,,,,0.0,,,,,,1.0,,0.00016380699946378974,0.0,,,,,,True
xgboost,post_covid,xgboost,4,neighborhood,Dublin,flu_season,,bands,,26,,,,,,,,,,,,,,,,,,,,,0.6923076923076923,0.9615384615384616,0.14371257485029942,-0.11538461538461539,False
xgboost,post_covid,xgboost,4,neighborhood,Dublin,flu_season,0.5,IT50,8.038849454818003,26,8.0,0.3076923076923077,3.0,3.0,5.0,15.0,0.375,0.5,0.5,0.16666666666666666,0.2727272727272727,0.42857142857142855,0.20833333333333334,0.22388059701492538,0.22821773229381923,0.6923076923076923,0.75,0.18591121195936677,0.21301775147928986,0.12725014385741673,,,,,False
xgboost,post_covid,xgboost,4,neighborhood,Dublin,flu_season,0.9,IT90,14.1626396504559,26,1.0,0.038461538461538464,0.0,0.0,1.0,25.0,0.0,,,0.0,0.0,0.0,0.0,0.0,,0.9615384615384616,0.0,0.040875126305508,0.036982248520710054,-0.10526341530093641,,,,,True
xgboost,post_covid,xgboost,4,neighborhood,Dublin,flu_season,0.98,IT98,20.345693253667104,26,0.0,0.0,0.0,0.0,0.0,26.0,,,,0.0,,,,,,1.0,,0.0003339112619822956,0.0,,,,,,True
xgboost,post_covid,xgboost,4,neighborhood,Eastside,overall,,bands,,53,,,,,,,,,,,,,,,,,,,,,0.8867924528301887,0.9811320754716981,0.0,-0.1320754716981132,False
xgboost,post_covid,xgboost,4,neighborhood,Eastside,overall,0.5,IT50,53.89825474693718,53,6.0,0.11320754716981132,0.0,0.0,6.0,47.0,0.0,,,0.0,0.0,0.0,0.0,0.0,,0.8867924528301887,0.0,0.05951102182261023,0.10039159843360627,0.4072111336889641,,,,,False
xgboost,post_covid,xgboost,4,neighborhood,Eastside,overall,0.9,IT90,89.53274062296502,53,1.0,0.018867924528301886,0.0,0.0,1.0,52.0,0.0,,,0.0,0.0,0.0,0.0,0.0,,0.9811320754716981,0.0,0.01885222843632866,0.018511925952296185,-0.018382878416292714,,,,,True
xgboost,post_covid,xgboost,4,neighborhood,Eastside,overall,0.98,IT98,123.87134674281285,53,0.0,0.0,0.0,0.0,0.0,53.0,,,,0.0,,,,,,1.0,,4.6773042300327084e-14,0.0,,,,,,True
xgboost,post_covid,xgboost,4,neighborhood,Eastside,flu_season,,bands,,26,,,,,,,,,,,,,,,,,,,,,0.7692307692307693,0.9615384615384616,0.0,-0.2692307692307692,False
xgboost,post_covid,xgboost,4,neighborhood,Eastside,flu_season,0.5,IT50,53.89825474693718,26,6.0,0.23076923076923078,0.0,0.0,6.0,20.0,0.0,,,0.0,0.0,0.0,0.0,0.0,,0.7692307692307693,0.0,0.12131092819514928,0.17751479289940827,0.316615104500659,,,,,False
xgboost,post_covid,xgboost,4,neighborhood,Eastside,flu_season,0.9,IT90,89.53274062296502,26,1.0,0.038461538461538464,0.0,0.0,1.0,25.0,0.0,,,0.0,0.0,0.0,0.0,0.0,,0.9615384615384616,0.0,0.038429542581746884,0.036982248520710054,-0.03913483141043583,,,,,True
xgboost,post_covid,xgboost,4,neighborhood,Eastside,flu_season,0.98,IT98,123.87134674281285,26,0.0,0.0,0.0,0.0,0.0,26.0,,,,0.0,,,,,,1.0,,9.534504776605136e-14,0.0,,,,,,True
xgboost,post_covid,xgboost,4,neighborhood,Far East,overall,,bands,,53,,,,,,,,,,,,,,,,,,,,,0.9056603773584906,0.9811320754716981,0.0,-0.11320754716981132,False
xgboost,post_covid,xgboost,4,neighborhood,Far East,overall,0.5,IT50,76.01095931639992,53,5.0,0.09433962264150944,0.0,0.0,5.0,48.0,0.0,,,0.0,0.0,0.0,0.0,0.0,,0.9056603773584906,0.0,0.0560926437022885,0.08543965824136704,0.343482349334465,,,,,False
xgboost,post_covid,xgboost,4,neighborhood,Far East,overall,0.9,IT90,119.58175049878095,53,1.0,0.018867924528301886,0.0,0.0,1.0,52.0,0.0,,,0.0,0.0,0.0,0.0,0.0,,0.9811320754716981,0.0,0.01872313219076832,0.018511925952296185,-0.011409198535927478,,,,,True
xgboost,post_covid,xgboost,4,neighborhood,Far East,overall,0.98,IT98,159.7885780471188,53,0.0,0.0,0.0,0.0,0.0,53.0,,,,0.0,,,,,,1.0,,5.088796833027342e-15,0.0,,,,,,True
xgboost,post_covid,xgboost,4,neighborhood,Far East,flu_season,,bands,,26,,,,,,,,,,,,,,,,,,,,,0.8076923076923077,0.9615384615384616,0.0,-0.23076923076923078,False
xgboost,post_covid,xgboost,4,neighborhood,Far East,flu_season,0.5,IT50,76.01095931639992,26,5.0,0.19230769230769232,0.0,0.0,5.0,21.0,0.0,,,0.0,0.0,0.0,0.0,0.0,,0.8076923076923077,0.0,0.11434260377261057,0.15532544378698226,0.2638514271401453,,,,,False
xgboost,post_covid,xgboost,4,neighborhood,Far East,flu_season,0.9,IT90,119.58175049878095,26,1.0,0.038461538461538464,0.0,0.0,1.0,25.0,0.0,,,0.0,0.0,0.0,0.0,0.0,,0.9615384615384616,0.0,0.03816638485041234,0.036982248520710054,-0.03201904635514996,,,,,True
xgboost,post_covid,xgboost,4,neighborhood,Far East,flu_season,0.98,IT98,159.7885780471188,26,0.0,0.0,0.0,0.0,0.0,26.0,,,,0.0,,,,,,1.0,,1.037331662117112e-14,0.0,,,,,,True
xgboost,post_covid,xgboost,4,neighborhood,Far South,overall,,bands,,53,,,,,,,,,,,,,,,,,,,,,0.8679245283018868,1.0,0.0,-0.1320754716981132,False
xgboost,post_covid,xgboost,4,neighborhood,Far South,overall,0.5,IT50,69.7066330370401,53,7.0,0.1320754716981132,0.0,0.0,7.0,46.0,0.0,,,0.0,0.0,0.0,0.0,0.0,,0.8679245283018868,0.0,0.08922678920190305,0.11463154147383411,0.22162096003681475,,,,,False
xgboost,post_covid,xgboost,4,neighborhood,Far South,overall,0.9,IT90,121.95949130896,53,0.0,0.0,0.0,0.0,0.0,53.0,,,,0.0,,,,,,1.0,,6.202915378611415e-10,0.0,,,,,,True
xgboost,post_covid,xgboost,4,neighborhood,Far South,overall,0.98,IT98,174.42921640712913,53,0.0,0.0,0.0,0.0,0.0,53.0,,,,0.0,,,,,,1.0,,3.558082961934804e-25,0.0,,,,,,True
xgboost,post_covid,xgboost,4,neighborhood,Far South,flu_season,,bands,,26,,,,,,,,,,,,,,,,,,,,,0.7307692307692307,1.0,0.0,-0.2692307692307692,False
xgboost,post_covid,xgboost,4,neighborhood,Far South,flu_season,0.5,IT50,69.7066330370401,26,7.0,0.2692307692307692,0.0,0.0,7.0,19.0,0.0,,,0.0,0.0,0.0,0.0,0.0,,0.7307692307692307,0.0,0.18188537764384877,0.19674556213017758,0.07552996024630276,,,,,False
xgboost,post_covid,xgboost,4,neighborhood,Far South,flu_season,0.9,IT90,121.95949130896,26,0.0,0.0,0.0,0.0,0.0,26.0,,,,0.0,,,,,,1.0,,1.2644404425630962e-09,0.0,,,,,,True
xgboost,post_covid,xgboost,4,neighborhood,Far South,flu_season,0.98,IT98,174.42921640712913,26,0.0,0.0,0.0,0.0,0.0,26.0,,,,0.0,,,,,,1.0,,7.253015268559408e-25,0.0,,,,,,True
xgboost,post_covid,xgboost,4,neighborhood,Far Southeast,overall,,bands,,53,,,,,,,,,,,,,,,,,,,,,0.9056603773584906,1.0,0.0,-0.09433962264150944,False
xgboost,post_covid,xgboost,4,neighborhood,Far Southeast,overall,0.5,IT50,10.956265259525463,53,5.0,0.09433962264150944,0.0,0.0,5.0,48.0,0.0,,,0.0,0.0,0.0,0.0,0.0,,0.9056603773584906,0.0,0.07964377726247249,0.08543965824136704,0.06783595695714495,,,,,False
xgboost,post_covid,xgboost,4,neighborhood,Far Southeast,overall,0.9,IT90,18.40391015194404,53,0.0,0.0,0.0,0.0,0.0,53.0,,,,0.0,,,,,,1.0,,0.0019907841078619266,0.0,,,,,,True
xgboost,post_covid,xgboost,4,neighborhood,Far Southeast,overall,0.98,IT98,25.644566505740826,53,0.0,0.0,0.0,0.0,0.0,53.0,,,,0.0,,,,,,1.0,,1.4366784951143028e-05,0.0,,,,,,True
xgboost,post_covid,xgboost,4,neighborhood,Far Southeast,flu_season,,bands,,26,,,,,,,,,,,,,,,,,,,,,0.8076923076923077,1.0,0.0,-0.19230769230769232,False
xgboost,post_covid,xgboost,4,neighborhood,Far Southeast,flu_season,0.5,IT50,10.956265259525463,26,5.0,0.19230769230769232,0.0,0.0,5.0,21.0,0.0,,,0.0,0.0,0.0,0.0,0.0,,0.8076923076923077,0.0,0.15434244139854492,0.15532544378698226,0.00632866299603474,,,,,False
xgboost,post_covid,xgboost,4,neighborhood,Far Southeast,flu_season,0.9,IT90,18.40391015194404,26,0.0,0.0,0.0,0.0,0.0,26.0,,,,0.0,,,,,,1.0,,0.0040519853992296035,0.0,,,,,,True
xgboost,post_covid,xgboost,4,neighborhood,Far Southeast,flu_season,0.98,IT98,25.644566505740826,26,0.0,0.0,0.0,0.0,0.0,26.0,,,,0.0,,,,,,1.0,,2.9285945408746902e-05,0.0,,,,,,True
xgboost,post_covid,xgboost,4,neighborhood,Far Southwest,overall,,bands,,53,,,,,,,,,,,,,,,,,,,,,0.9056603773584906,1.0,0.0,-0.09433962264150944,False
xgboost,post_covid,xgboost,4,neighborhood,Far Southwest,overall,0.5,IT50,34.041053932580134,53,5.0,0.09433962264150944,0.0,0.0,5.0,48.0,0.0,,,0.0,0.0,0.0,0.0,0.0,,0.9056603773584906,0.0,0.04868039983675191,0.08543965824136704,0.43023648691068284,,,,,False
xgboost,post_covid,xgboost,4,neighborhood,Far Southwest,overall,0.9,IT90,54.68112356483704,53,0.0,0.0,0.0,0.0,0.0,53.0,,,,0.0,,,,,,1.0,,6.139362697849953e-05,0.0,,,,,,True
xgboost,post_covid,xgboost,4,neighborhood,Far Southwest,overall,0.98,IT98,74.04650918881951,53,0.0,0.0,0.0,0.0,0.0,53.0,,,,0.0,,,,,,1.0,,2.6314395634897624e-09,0.0,,,,,,True
xgboost,post_covid,xgboost,4,neighborhood,Far Southwest,flu_season,,bands,,26,,,,,,,,,,,,,,,,,,,,,0.8076923076923077,1.0,0.0,-0.19230769230769232,False
xgboost,post_covid,xgboost,4,neighborhood,Far Southwest,flu_season,0.5,IT50,34.041053932580134,26,5.0,0.19230769230769232,0.0,0.0,5.0,21.0,0.0,,,0.0,0.0,0.0,0.0,0.0,,0.8076923076923077,0.0,0.09922086651012539,0.15532544378698226,0.3612066118014785,,,,,False
xgboost,post_covid,xgboost,4,neighborhood,Far Southwest,flu_season,0.9,IT90,54.68112356483704,26,0.0,0.0,0.0,0.0,0.0,26.0,,,,0.0,,,,,,1.0,,0.00012514854723439802,0.0,,,,,,True
xgboost,post_covid,xgboost,4,neighborhood,Far Southwest,flu_season,0.98,IT98,74.04650918881951,26,0.0,0.0,0.0,0.0,0.0,26.0,,,,0.0,,,,,,1.0,,5.364088340959901e-09,0.0,,,,,,True
xgboost,post_covid,xgboost,4,neighborhood,Hilliard,overall,,bands,,53,,,,,,,,,,,,,,,,,,,,,0.8679245283018868,1.0,0.1952277657266811,-0.1320754716981132,False
xgboost,post_covid,xgboost,4,neighborhood,Hilliard,overall,0.5,IT50,19.24134804712757,53,8.0,0.1509433962264151,1.0,0.0,7.0,45.0,0.125,0.0,1.0,0.0,0.125,0.2222222222222222,0.125,0.19522776572668113,0.3288967572401359,0.8679245283018868,0.125,0.07493089348020374,0.12815948736205057,0.4153308894836326,,,,,False
xgboost,post_covid,xgboost,4,neighborhood,Hilliard,overall,0.9,IT90,34.52709434950146,53,0.0,0.0,0.0,0.0,0.0,53.0,,,,0.0,,,,,,1.0,,0.00017952540358393443,0.0,,,,,,True
xgboost,post_covid,xgboost,4,neighborhood,Hilliard,overall,0.98,IT98,50.186768532537315,53,0.0,0.0,0.0,0.0,0.0,53.0,,,,0.0,,,,,,1.0,,8.600585007753606e-09,0.0,,,,,,True
xgboost,post_covid,xgboost,4,neighborhood,Hilliard,flu_season,,bands,,26,,,,,,,,,,,,,,,,,,,,,0.7307692307692307,1.0,0.1651376146788992,-0.2692307692307692,False
xgboost,post_covid,xgboost,4,neighborhood,Hilliard,flu_season,0.5,IT50,19.24134804712757,26,8.0,0.3076923076923077,1.0,0.0,7.0,18.0,0.125,0.0,1.0,0.0,0.125,0.2222222222222222,0.125,0.1651376146788991,0.3,0.7307692307692307,0.125,0.15272327905812044,0.21301775147928986,0.2830490510882676,,,,,False
xgboost,post_covid,xgboost,4,neighborhood,Hilliard,flu_season,0.9,IT90,34.52709434950146,26,0.0,0.0,0.0,0.0,0.0,26.0,,,,0.0,,,,,,1.0,,0.00036595563036524606,0.0,,,,,,True
xgboost,post_covid,xgboost,4,neighborhood,Hilliard,flu_season,0.98,IT98,50.186768532537315,26,0.0,0.0,0.0,0.0,0.0,26.0,,,,0.0,,,,,,1.0,,1.753196174657466e-08,0.0,,,,,,True
xgboost,post_covid,xgboost,4,neighborhood,Linden,overall,,bands,,53,,,,,,,,,,,,,,,,,,,,,0.8679245283018868,1.0,0.0,-0.1320754716981132,False
xgboost,post_covid,xgboost,4,neighborhood,Linden,overall,0.5,IT50,53.62727596624066,53,7.0,0.1320754716981132,0.0,0.0,7.0,46.0,0.0,,,0.0,0.0,0.0,0.0,0.0,,0.8679245283018868,0.0,0.08885859220390362,0.1146315414738341,0.22483296428333766,,,,,False
xgboost,post_covid,xgboost,4,neighborhood,Linden,overall,0.9,IT90,82.61523156370409,53,0.0,0.0,0.0,0.0,0.0,53.0,,,,0.0,,,,,,1.0,,5.386286555274654e-06,0.0,,,,,,True
xgboost,post_covid,xgboost,4,neighborhood,Linden,overall,0.98,IT98,108.92078323683364,53,0.0,0.0,0.0,0.0,0.0,53.0,,,,0.0,,,,,,1.0,,8.886787393033951e-12,0.0,,,,,,True
xgboost,post_covid,xgboost,4,neighborhood,Linden,flu_season,,bands,,26,,,,,,,,,,,,,,,,,,,,,0.7307692307692307,1.0,0.0,-0.2692307692307692,False
xgboost,post_covid,xgboost,4,neighborhood,Linden,flu_season,0.5,IT50,53.62727596624066,26,7.0,0.2692307692307692,0.0,0.0,7.0,19.0,0.0,,,0.0,0.0,0.0,0.0,0.0,,0.7307692307692307,0.0,0.18113427315772,0.19674556213017758,0.07934760410061148,,,,,False
xgboost,post_covid,xgboost,4,neighborhood,Linden,flu_season,0.9,IT90,82.61523156370409,26,0.0,0.0,0.0,0.0,0.0,26.0,,,,0.0,,,,,,1.0,,1.0979737978026654e-05,0.0,,,,,,True
xgboost,post_covid,xgboost,4,neighborhood,Linden,flu_season,0.98,IT98,108.92078323683364,26,0.0,0.0,0.0,0.0,0.0,26.0,,,,0.0,,,,,,1.0,,1.8115374301184594e-11,0.0,,,,,,True
xgboost,post_covid,xgboost,4,neighborhood,NE Suburban,overall,,bands,,53,,,,,,,,,,,,,,,,,,,,,0.9056603773584906,0.9811320754716981,0.0,-0.11320754716981132,False
xgboost,post_covid,xgboost,4,neighborhood,NE Suburban,overall,0.5,IT50,27.312493683860776,53,5.0,0.09433962264150944,0.0,0.0,5.0,48.0,0.0,,,0.0,0.0,0.0,0.0,0.0,,0.9056603773584906,0.0,0.06427696434322255,0.08543965824136704,0.2476916964995327,,,,,False
xgboost,post_covid,xgboost,4,neighborhood,NE Suburban,overall,0.9,IT90,41.22759712033061,53,1.0,0.018867924528301886,0.0,0.0,1.0,52.0,0.0,,,0.0,0.0,0.0,0.0,0.0,,0.9811320754716981,0.0,0.01772125181074877,0.018511925952296185,0.04271160891551318,,,,,True
xgboost,post_covid,xgboost,4,neighborhood,NE Suburban,overall,0.98,IT98,53.6511443833241,53,0.0,0.0,0.0,0.0,0.0,53.0,,,,0.0,,,,,,1.0,,1.3962006380036237e-06,0.0,,,,,,True
xgboost,post_covid,xgboost,4,neighborhood,NE Suburban,flu_season,,bands,,26,,,,,,,,,,,,,,,,,,,,,0.8076923076923077,0.9615384615384616,0.0,-0.23076923076923078,False
xgboost,post_covid,xgboost,4,neighborhood,NE Suburban,flu_season,0.5,IT50,27.312493683860776,26,5.0,0.19230769230769232,0.0,0.0,5.0,21.0,0.0,,,0.0,0.0,0.0,0.0,0.0,,0.8076923076923077,0.0,0.13092434229265779,0.15532544378698226,0.15709661533488906,,,,,False
xgboost,post_covid,xgboost,4,neighborhood,NE Suburban,flu_season,0.9,IT90,41.22759712033061,26,1.0,0.038461538461538464,0.0,0.0,1.0,25.0,0.0,,,0.0,0.0,0.0,0.0,0.0,,0.9615384615384616,0.0,0.036124089367693665,0.036982248520710054,0.023204623497563137,,,,,True
xgboost,post_covid,xgboost,4,neighborhood,NE Suburban,flu_season,0.98,IT98,53.6511443833241,26,0.0,0.0,0.0,0.0,0.0,26.0,,,,0.0,,,,,,1.0,,2.8461013003779395e-06,0.0,,,,,,True
xgboost,post_covid,xgboost,4,neighborhood,Northland,overall,,bands,,53,,,,,,,,,,,,,,,,,,,,,0.9056603773584906,1.0,0.0,-0.09433962264150944,False
xgboost,post_covid,xgboost,4,neighborhood,Northland,overall,0.5,IT50,56.127661353876796,53,5.0,0.09433962264150944,0.0,0.0,5.0,48.0,0.0,,,0.0,0.0,0.0,0.0,0.0,,0.9056603773584906,0.0,0.06340451756316534,0.08543965824136704,0.25790295902111904,,,,,False
xgboost,post_covid,xgboost,4,neighborhood,Northland,overall,0.9,IT90,89.91407794411414,53,0.0,0.0,0.0,0.0,0.0,53.0,,,,0.0,,,,,,1.0,,1.9738576407574693e-06,0.0,,,,,,True
xgboost,post_covid,xgboost,4,neighborhood,Northland,overall,0.98,IT98,121.54516325409915,53,0.0,0.0,0.0,0.0,0.0,53.0,,,,0.0,,,,,,1.0,,1.834544843353659e-13,0.0,,,,,,True
xgboost,post_covid,xgboost,4,neighborhood,Northland,flu_season,,bands,,26,,,,,,,,,,,,,,,,,,,,,0.8076923076923077,1.0,0.0,-0.19230769230769232,False
xgboost,post_covid,xgboost,4,neighborhood,Northland,flu_season,0.5,IT50,56.127661353876796,26,5.0,0.19230769230769232,0.0,0.0,5.0,21.0,0.0,,,0.0,0.0,0.0,0.0,0.0,,0.8076923076923077,0.0,0.1292389986284642,0.15532544378698226,0.1679470183538878,,,,,False
xgboost,post_covid,xgboost,4,neighborhood,Northland,flu_season,0.9,IT90,89.91407794411414,26,0.0,0.0,0.0,0.0,0.0,26.0,,,,0.0,,,,,,1.0,,4.023632882253916e-06,0.0,,,,,,True
xgboost,post_covid,xgboost,4,neighborhood,Northland,flu_season,0.98,IT98,121.54516325409915,26,0.0,0.0,0.0,0.0,0.0,26.0,,,,0.0,,,,,,1.0,,3.739649103759382e-13,0.0,,,,,,True
xgboost,post_covid,xgboost,4,neighborhood,UA/Grandview,overall,,bands,,53,,,,,,,,,,,,,,,,,,,,,0.8301886792452831,1.0,0.08795411089866156,0.018867924528301886,False
xgboost,post_covid,xgboost,4,neighborhood,UA/Grandview,overall,0.5,IT50,8.143164584776198,53,5.0,0.09433962264150944,1.0,5.0,4.0,43.0,0.2,0.8333333333333334,0.16666666666666666,0.10416666666666667,0.1,0.18181818181818182,0.09583333333333334,0.08795411089866156,0.08840924076943482,0.8301886792452831,1.2,0.11089104690367144,0.08543965824136704,-0.29788729480172105,,,,,False
xgboost,post_covid,xgboost,4,neighborhood,UA/Grandview,overall,0.9,IT90,16.706142473783938,53,0.0,0.0,0.0,0.0,0.0,53.0,,,,0.0,,,,,,1.0,,0.0019061015482466212,0.0,,,,,,True
xgboost,post_covid,xgboost,4,neighborhood,UA/Grandview,overall,0.98,IT98,26.455007113900507,53,0.0,0.0,0.0,0.0,0.0,53.0,,,,0.0,,,,,,1.0,,1.883839040677006e-06,0.0,,,,,,True
xgboost,post_covid,xgboost,4,neighborhood,UA/Grandview,flu_season,,bands,,26,,,,,,,,,,,,,,,,,,,,,0.6538461538461539,1.0,-0.03539823008849563,0.038461538461538464,False
xgboost,post_covid,xgboost,4,neighborhood,UA/Grandview,flu_season,0.5,IT50,8.143164584776198,26,5.0,0.19230769230769232,1.0,5.0,4.0,16.0,0.2,0.8333333333333334,0.16666666666666666,0.23809523809523808,0.1,0.18181818181818182,-0.03809523809523807,-0.035398230088495575,-0.035634832254989916,0.6538461538461539,1.2,0.20851329984105377,0.15532544378698226,-0.34242848278621274,,,,,False
xgboost,post_covid,xgboost,4,neighborhood,UA/Grandview,flu_season,0.9,IT90,16.706142473783938,26,0.0,0.0,0.0,0.0,0.0,26.0,,,,0.0,,,,,,1.0,,0.0038836703620386734,0.0,,,,,,True
xgboost,post_covid,xgboost,4,neighborhood,UA/Grandview,flu_season,0.98,IT98,26.455007113900507,26,0.0,0.0,0.0,0.0,0.0,26.0,,,,0.0,,,,,,1.0,,3.840133283857608e-06,0.0,,,,,,True
xgboost,post_covid,xgboost,4,neighborhood,West,overall,,bands,,53,,,,,,,,,,,,,,,,,,,,,0.9433962264150944,1.0,0.0,-0.05660377358490566,False
xgboost,post_covid,xgboost,4,neighborhood,West,overall,0.5,IT50,73.15037971354549,53,3.0,0.05660377358490566,0.0,0.0,3.0,50.0,0.0,,,0.0,0.0,0.0,0.0,0.0,,0.9433962264150944,0.0,0.039435765640067504,0.05339978640085441,0.2614995621136694,,,,,True
xgboost,post_covid,xgboost,4,neighborhood,West,overall,0.9,IT90,114.1022318647041,53,0.0,0.0,0.0,0.0,0.0,53.0,,,,0.0,,,,,,1.0,,3.3496989023644984e-07,0.0,,,,,,True
xgboost,post_covid,xgboost,4,neighborhood,West,overall,0.98,IT98,151.63555393306305,53,0.0,0.0,0.0,0.0,0.0,53.0,,,,0.0,,,,,,1.0,,4.272808550114275e-15,0.0,,,,,,True
xgboost,post_covid,xgboost,4,neighborhood,West,flu_season,,bands,,26,,,,,,,,,,,,,,,,,,,,,0.8846153846153846,1.0,0.0,-0.11538461538461539,False
xgboost,post_covid,xgboost,4,neighborhood,West,flu_season,0.5,IT50,73.15037971354549,26,3.0,0.11538461538461539,0.0,0.0,3.0,23.0,0.0,,,0.0,0.0,0.0,0.0,0.0,,0.8846153846153846,0.0,0.08038828830238151,0.10207100591715977,0.21242778416797248,,,,,True
xgboost,post_covid,xgboost,4,neighborhood,West,flu_season,0.9,IT90,114.1022318647041,26,0.0,0.0,0.0,0.0,0.0,26.0,,,,0.0,,,,,,1.0,,6.828232377896861e-07,0.0,,,,,,True
xgboost,post_covid,xgboost,4,neighborhood,West,flu_season,0.98,IT98,151.63555393306305,26,0.0,0.0,0.0,0.0,0.0,26.0,,,,0.0,,,,,,1.0,,8.70995589061756e-15,0.0,,,,,,True
xgboost,post_covid,xgboost,4,neighborhood,Westerville,overall,,bands,,53,,,,,,,,,,,,,,,,,,,,,0.8679245283018868,0.9622641509433962,0.0,-0.16981132075471697,False
xgboost,post_covid,xgboost,4,neighborhood,Westerville,overall,0.5,IT50,24.33364195874595,53,7.0,0.1320754716981132,0.0,0.0,7.0,46.0,0.0,,,0.0,0.0,0.0,0.0,0.0,,0.8679245283018868,0.0,0.07435076921901033,0.1146315414738341,0.35139344491863345,,,,,False
xgboost,post_covid,xgboost,4,neighborhood,Westerville,overall,0.9,IT90,36.408491039457616,53,2.0,0.03773584905660377,0.0,0.0,2.0,51.0,0.0,,,0.0,0.0,0.0,0.0,0.0,,0.9622641509433962,0.0,0.033673024373248095,0.03631185475258099,0.07267131897594215,,,,,True
xgboost,post_covid,xgboost,4,neighborhood,Westerville,overall,0.98,IT98,47.11324141772458,53,0.0,0.0,0.0,0.0,0.0,53.0,,,,0.0,,,,,,1.0,,1.9145823459798143e-06,0.0,,,,,,True
xgboost,post_covid,xgboost,4,neighborhood,Westerville,flu_season,,bands,,26,,,,,,,,,,,,,,,,,,,,,0.7307692307692307,0.9230769230769231,0.0,-0.34615384615384615,False
xgboost,post_covid,xgboost,4,neighborhood,Westerville,flu_season,0.5,IT50,24.33364195874595,26,7.0,0.2692307692307692,0.0,0.0,7.0,19.0,0.0,,,0.0,0.0,0.0,0.0,0.0,,0.7307692307692307,0.0,0.15145074272483858,0.19674556213017758,0.23022028509781323,,,,,False
xgboost,post_covid,xgboost,4,neighborhood,Westerville,flu_season,0.9,IT90,36.408491039457616,26,2.0,0.07692307692307693,0.0,0.0,2.0,24.0,0.0,,,0.0,0.0,0.0,0.0,0.0,,0.9230769230769231,0.0,0.0686411632218163,0.07100591715976333,0.033303617959420606,,,,,True
xgboost,post_covid,xgboost,4,neighborhood,Westerville,flu_season,0.98,IT98,47.11324141772458,26,0.0,0.0,0.0,0.0,0.0,26.0,,,,0.0,,,,,,1.0,,3.9028024731114154e-06,0.0,,,,,,True
xgboost,post_covid,xgboost,4,neighborhood,Worthington,overall,,bands,,53,,,,,,,,,,,,,,,,,,,,,0.7169811320754716,0.9056603773584906,0.02752293577981657,-0.41509433962264153,False
xgboost,post_covid,xgboost,4,neighborhood,Worthington,overall,0.5,IT50,13.721631551906164,53,16.0,0.3018867924528302,1.0,0.0,15.0,37.0,0.0625,0.0,1.0,0.0,0.0625,0.11764705882352941,0.0625,0.08515535097813579,0.21088184807174334,0.7169811320754716,0.0625,0.15879351508140896,0.21075115699537203,0.24653550023027404,,,,,False
xgboost,post_covid,xgboost,4,neighborhood,Worthington,overall,0.9,IT90,22.978569674557114,53,5.0,0.09433962264150944,0.0,0.0,5.0,48.0,0.0,,,0.0,0.0,0.0,0.0,0.0,,0.9056603773584906,0.0,0.0847825315046067,0.08543965824136704,0.007691120848165811,,,,,False
xgboost,post_covid,xgboost,4,neighborhood,Worthington,overall,0.98,IT98,31.956357603850087,53,2.0,0.03773584905660377,0.0,0.0,2.0,51.0,0.0,,,0.0,0.0,0.0,0.0,0.0,,0.9622641509433962,0.0,0.03741961105178856,0.03631185475258099,-0.03050673965170647,,,,,True
xgboost,post_covid,xgboost,4,neighborhood,Worthington,flu_season,,bands,,26,,,,,,,,,,,,,,,,,,,,,0.5,0.8076923076923077,0.010020040080160442,-0.7692307692307693,False
xgboost,post_covid,xgboost,4,neighborhood,Worthington,flu_season,0.5,IT50,13.721631551906164,26,14.0,0.5384615384615384,1.0,0.0,13.0,12.0,0.07142857142857142,0.0,1.0,0.0,0.07142857142857142,0.13333333333333333,0.07142857142857142,0.06629834254143646,0.18516401995451032,0.5,0.07142857142857142,0.2554187560007561,0.24852071005917165,-0.02775642295542302,,,,,False
xgboost,post_covid,xgboost,4,neighborhood,Worthington,flu_season,0.9,IT90,22.978569674557114,26,5.0,0.19230769230769232,0.0,0.0,5.0,21.0,0.0,,,0.0,0.0,0.0,0.0,0.0,,0.8076923076923077,0.0,0.1728199732417581,0.15532544378698226,-0.11263144677550918,,,,,False
xgboost,post_covid,xgboost,4,neighborhood,Worthington,flu_season,0.98,IT98,31.956357603850087,26,2.0,0.07692307692307693,0.0,0.0,2.0,24.0,0.0,,,0.0,0.0,0.0,0.0,0.0,,0.9230769230769231,0.0,0.0762784377140527,0.07100591715976333,-0.07425466447290852,,,,,True
