model,variant,horizon,indicator,season,level,label,threshold,n_weeks,onset_actual,onset_pred,onset_error_weeks,lead_time_weeks,first_alert_week,peak_week_actual,peak_week_pred,peak_week_error_weeks,peak_actual,peak_pred,peak_error,series
arima,post_covid,4,Agler/Cassidy,2024-25,0.5,IT50,51.74083078339265,9,,,,,,2025-06-08,2025-06-22,2.0,30.73424101791806,28.78645142601781,-1.94778959190025,arima
arima,post_covid,4,Agler/Cassidy,2024-25,0.9,IT90,88.48740693700204,9,,,,,,2025-06-08,2025-06-22,2.0,30.73424101791806,28.78645142601781,-1.94778959190025,arima
arima,post_covid,4,Agler/Cassidy,2024-25,0.98,IT98,124.72586226376617,9,,,,,,2025-06-08,2025-06-22,2.0,30.73424101791806,28.78645142601781,-1.94778959190025,arima
arima,post_covid,4,Agler/Cassidy,2025-26,0.5,IT50,51.74083078339265,44,2025-12-14,2026-01-18,5.0,-5.0,2026-01-18,2025-12-14,2026-01-18,5.0,86.05587485017058,60.8555788275936,-25.200296022576985,arima
arima,post_covid,4,Agler/Cassidy,2025-26,0.9,IT90,88.48740693700204,44,,,,,,2025-12-14,2026-01-18,5.0,86.05587485017058,60.8555788275936,-25.200296022576985,arima
arima,post_covid,4,Agler/Cassidy,2025-26,0.98,IT98,124.72586226376617,44,,,,,,2025-12-14,2026-01-18,5.0,86.05587485017058,60.8555788275936,-25.200296022576985,arima
arima,post_covid,4,Bexley,2024-25,0.5,IT50,24.605454693531783,9,,,,,,2025-06-08,2025-06-15,1.0,7.034574935809503,12.71088634202799,5.676311406218487,arima
arima,post_covid,4,Bexley,2024-25,0.9,IT90,37.5430295506582,9,,,,,,2025-06-08,2025-06-15,1.0,7.034574935809503,12.71088634202799,5.676311406218487,arima
arima,post_covid,4,Bexley,2024-25,0.98,IT98,49.19357270883574,9,,,,,,2025-06-08,2025-06-15,1.0,7.034574935809503,12.71088634202799,5.676311406218487,arima
arima,post_covid,4,Bexley,2025-26,0.5,IT50,24.605454693531783,44,2025-12-07,2026-02-01,8.0,-8.0,2026-02-01,2026-01-04,2026-02-01,4.0,49.24202455066653,24.789034498629988,-24.45299005203654,arima
arima,post_covid,4,Bexley,2025-26,0.9,IT90,37.5430295506582,44,2025-12-28,,,,,2026-01-04,2026-02-01,4.0,49.24202455066653,24.789034498629988,-24.45299005203654,arima
arima,post_covid,4,Bexley,2025-26,0.98,IT98,49.19357270883574,44,2026-01-04,,,,,2026-01-04,2026-02-01,4.0,49.24202455066653,24.789034498629988,-24.45299005203654,arima
arima,post_covid,4,Clintonville/Near North,2024-25,0.5,IT50,15.728895715230147,9,,,,,,2025-07-13,2025-06-01,-6.0,5.136054072377274,8.914147410886237,3.7780933385089632,arima
arima,post_covid,4,Clintonville/Near North,2024-25,0.9,IT90,22.099499115677975,9,,,,,,2025-07-13,2025-06-01,-6.0,5.136054072377274,8.914147410886237,3.7780933385089632,arima
arima,post_covid,4,Clintonville/Near North,2024-25,0.98,IT98,27.469599865392972,9,,,,,,2025-07-13,2025-06-01,-6.0,5.136054072377274,8.914147410886237,3.7780933385089632,arima
arima,post_covid,4,Clintonville/Near North,2025-26,0.5,IT50,15.728895715230147,44,2025-12-07,2026-01-25,7.0,-7.0,2026-01-25,2025-12-28,2026-01-25,4.0,27.73469199083728,16.18749227012458,-11.547199720712701,arima
arima,post_covid,4,Clintonville/Near North,2025-26,0.9,IT90,22.099499115677975,44,2025-12-21,,,,,2025-12-28,2026-01-25,4.0,27.73469199083728,16.18749227012458,-11.547199720712701,arima
arima,post_covid,4,Clintonville/Near North,2025-26,0.98,IT98,27.469599865392972,44,2025-12-28,,,,,2025-12-28,2026-01-25,4.0,27.73469199083728,16.18749227012458,-11.547199720712701,arima
arima,post_covid,4,Dublin,2024-25,0.5,IT50,8.038849454818003,9,,,,,,2025-07-13,2025-06-08,-5.0,3.8103947568968146,3.777897725493035,-0.0324970314037798,arima
arima,post_covid,4,Dublin,2024-25,0.9,IT90,14.1626396504559,9,,,,,,2025-07-13,2025-06-08,-5.0,3.8103947568968146,3.777897725493035,-0.0324970314037798,arima
arima,post_covid,4,Dublin,2024-25,0.98,IT98,20.345693253667104,9,,,,,,2025-07-13,2025-06-08,-5.0,3.8103947568968146,3.777897725493035,-0.0324970314037798,arima
arima,post_covid,4,Dublin,2025-26,0.5,IT50,8.038849454818003,44,2025-12-14,2026-01-18,5.0,-5.0,2026-01-18,2025-12-21,2026-01-18,4.0,16.765736930345984,9.355406941634136,-7.4103299887118474,arima
arima,post_covid,4,Dublin,2025-26,0.9,IT90,14.1626396504559,44,2025-12-21,,,,,2025-12-21,2026-01-18,4.0,16.765736930345984,9.355406941634136,-7.4103299887118474,arima
arima,post_covid,4,Dublin,2025-26,0.98,IT98,20.345693253667104,44,,,,,,2025-12-21,2026-01-18,4.0,16.765736930345984,9.355406941634136,-7.4103299887118474,arima
arima,post_covid,4,Eastside,2024-25,0.5,IT50,53.89825474693718,9,,,,,,2025-06-01,2025-06-15,2.0,18.38277533950688,23.737254080801826,5.3544787412949475,arima
arima,post_covid,4,Eastside,2024-25,0.9,IT90,89.53274062296502,9,,,,,,2025-06-01,2025-06-15,2.0,18.38277533950688,23.737254080801826,5.3544787412949475,arima
arima,post_covid,4,Eastside,2024-25,0.98,IT98,123.87134674281285,9,,,,,,2025-06-01,2025-06-15,2.0,18.38277533950688,23.737254080801826,5.3544787412949475,arima
arima,post_covid,4,Eastside,2025-26,0.5,IT50,53.89825474693718,44,2025-12-21,2026-01-18,4.0,-4.0,2026-01-18,2025-12-21,2026-01-18,4.0,91.91387669753442,54.38270701238755,-37.53116968514687,arima
arima,post_covid,4,Eastside,2025-26,0.9,IT90,89.53274062296502,44,2025-12-21,,,,,2025-12-21,2026-01-18,4.0,91.91387669753442,54.38270701238755,-37.53116968514687,arima
arima,post_covid,4,Eastside,2025-26,0.98,IT98,123.87134674281285,44,,,,,,2025-12-21,2026-01-18,4.0,91.91387669753442,54.38270701238755,-37.53116968514687,arima
arima,post_covid,4,Far East,2024-25,0.5,IT50,76.01095931639992,9,,,,,,2025-06-01,2025-06-15,2.0,31.653696614248943,31.609225974230316,-0.044470640018626995,arima
arima,post_covid,4,Far East,2024-25,0.9,IT90,119.58175049878095,9,,,,,,2025-06-01,2025-06-15,2.0,31.653696614248943,31.609225974230316,-0.044470640018626995,arima
arima,post_covid,4,Far East,2024-25,0.98,IT98,159.7885780471188,9,,,,,,2025-06-01,2025-06-15,2.0,31.653696614248943,31.609225974230316,-0.044470640018626995,arima
arima,post_covid,4,Far East,2025-26,0.5,IT50,76.01095931639992,44,2025-12-21,2026-01-18,4.0,-4.0,2026-01-18,2025-12-28,2026-01-25,4.0,123.03134910443929,91.40562191272032,-31.625727191718966,arima
arima,post_covid,4,Far East,2025-26,0.9,IT90,119.58175049878095,44,2025-12-28,,,,,2025-12-28,2026-01-25,4.0,123.03134910443929,91.40562191272032,-31.625727191718966,arima
arima,post_covid,4,Far East,2025-26,0.98,IT98,159.7885780471188,44,,,,,,2025-12-28,2026-01-25,4.0,123.03134910443929,91.40562191272032,-31.625727191718966,arima
arima,post_covid,4,Far South,2024-25,0.5,IT50,69.7066330370401,9,,,,,,2025-06-01,2025-06-01,0.0,27.771843623157444,37.32101035565038,9.549166732492935,arima
arima,post_covid,4,Far South,2024-25,0.9,IT90,121.95949130896,9,,,,,,2025-06-01,2025-06-01,0.0,27.771843623157444,37.32101035565038,9.549166732492935,arima
arima,post_covid,4,Far South,2024-25,0.98,IT98,174.42921640712913,9,,,,,,2025-06-01,2025-06-01,0.0,27.771843623157444,37.32101035565038,9.549166732492935,arima
arima,post_covid,4,Far South,2025-26,0.5,IT50,69.7066330370401,44,2025-12-14,2026-02-15,9.0,-9.0,2026-02-15,2026-01-18,2026-02-15,4.0,100.40589617603077,71.66300029581711,-28.742895880213652,arima
arima,post_covid,4,Far South,2025-26,0.9,IT90,121.95949130896,44,,,,,,2026-01-18,2026-02-15,4.0,100.40589617603077,71.66300029581711,-28.742895880213652,arima
arima,post_covid,4,Far South,2025-26,0.98,IT98,174.42921640712913,44,,,,,,2026-01-18,2026-02-15,4.0,100.40589617603077,71.66300029581711,-28.742895880213652,arima
arima,post_covid,4,Far Southeast,2024-25,0.5,IT50,10.956265259525463,9,,,,,,2025-06-01,2025-06-22,3.0,6.616319624949195,6.609256951831151,-0.007062673118044316,arima
arima,post_covid,4,Far Southeast,2024-25,0.9,IT90,18.40391015194404,9,,,,,,2025-06-01,2025-06-22,3.0,6.616319624949195,6.609256951831151,-0.007062673118044316,arima
arima,post_covid,4,Far Southeast,2024-25,0.98,IT98,25.644566505740826,9,,,,,,2025-06-01,2025-06-22,3.0,6.616319624949195,6.609256951831151,-0.007062673118044316,arima
arima,post_covid,4,Far Southeast,2025-26,0.5,IT50,10.956265259525463,44,2025-12-07,,,,,2025-12-21,2026-01-25,5.0,14.177827767748276,8.617369239819713,-5.560458527928564,arima
arima,post_covid,4,Far Southeast,2025-26,0.9,IT90,18.40391015194404,44,,,,,,2025-12-21,2026-01-25,5.0,14.177827767748276,8.617369239819713,-5.560458527928564,arima
arima,post_covid,4,Far Southeast,2025-26,0.98,IT98,25.644566505740826,44,,,,,,2025-12-21,2026-01-25,5.0,14.177827767748276,8.617369239819713,-5.560458527928564,arima
arima,post_covid,4,Far Southwest,2024-25,0.5,IT50,34.041053932580134,9,,,,,,2025-07-06,2025-06-01,-5.0,13.571495683220412,17.246881937744433,3.675386254524021,arima
arima,post_covid,4,Far Southwest,2024-25,0.9,IT90,54.68112356483704,9,,,,,,2025-07-06,2025-06-01,-5.0,13.571495683220412,17.246881937744433,3.675386254524021,arima
arima,post_covid,4,Far Southwest,2024-25,0.98,IT98,74.04650918881951,9,,,,,,2025-07-06,2025-06-01,-5.0,13.571495683220412,17.246881937744433,3.675386254524021,arima
arima,post_covid,4,Far Southwest,2025-26,0.5,IT50,34.041053932580134,44,2025-12-14,,,,,2025-12-14,2026-01-11,4.0,46.97825428807066,33.70730887560835,-13.27094541246231,arima
arima,post_covid,4,Far Southwest,2025-26,0.9,IT90,54.68112356483704,44,,,,,,2025-12-14,2026-01-11,4.0,46.97825428807066,33.70730887560835,-13.27094541246231,arima
arima,post_covid,4,Far Southwest,2025-26,0.98,IT98,74.04650918881951,44,,,,,,2025-12-14,2026-01-11,4.0,46.97825428807066,33.70730887560835,-13.27094541246231,arima
arima,post_covid,4,Hilliard,2024-25,0.5,IT50,19.24134804712757,9,,,,,,2025-06-01,2025-06-15,2.0,10.828537838005074,10.047507019534748,-0.7810308184703256,arima
arima,post_covid,4,Hilliard,2024-25,0.9,IT90,34.52709434950146,9,,,,,,2025-06-01,2025-06-15,2.0,10.828537838005074,10.047507019534748,-0.7810308184703256,arima
arima,post_covid,4,Hilliard,2024-25,0.98,IT98,50.186768532537315,9,,,,,,2025-06-01,2025-06-15,2.0,10.828537838005074,10.047507019534748,-0.7810308184703256,arima
arima,post_covid,4,Hilliard,2025-26,0.5,IT50,19.24134804712757,44,2025-12-07,,,,,2025-12-21,2026-01-18,4.0,34.032547490873085,15.980829845040256,-18.05171764583283,arima
arima,post_covid,4,Hilliard,2025-26,0.9,IT90,34.52709434950146,44,,,,,,2025-12-21,2026-01-18,4.0,34.032547490873085,15.980829845040256,-18.05171764583283,arima
arima,post_covid,4,Hilliard,2025-26,0.98,IT98,50.186768532537315,44,,,,,,2025-12-21,2026-01-18,4.0,34.032547490873085,15.980829845040256,-18.05171764583283,arima
arima,post_covid,4,Linden,2024-25,0.5,IT50,53.62727596624066,9,,,,,,2025-06-08,2025-06-22,2.0,23.845362822098693,26.041917881285965,2.196555059187272,arima
arima,post_covid,4,Linden,2024-25,0.9,IT90,82.61523156370409,9,,,,,,2025-06-08,2025-06-22,2.0,23.845362822098693,26.041917881285965,2.196555059187272,arima
arima,post_covid,4,Linden,2024-25,0.98,IT98,108.92078323683364,9,,,,,,2025-06-08,2025-06-22,2.0,23.845362822098693,26.041917881285965,2.196555059187272,arima
arima,post_covid,4,Linden,2025-26,0.5,IT50,53.62727596624066,44,2025-12-14,,,,,2026-01-04,2026-02-01,4.0,76.00709399543958,51.362513864372694,-24.64458013106688,arima
arima,post_covid,4,Linden,2025-26,0.9,IT90,82.61523156370409,44,,,,,,2026-01-04,2026-02-01,4.0,76.00709399543958,51.362513864372694,-24.64458013106688,arima
arima,post_covid,4,Linden,2025-26,0.98,IT98,108.92078323683364,44,,,,,,2026-01-04,2026-02-01,4.0,76.00709399543958,51.362513864372694,-24.64458013106688,arima
arima,post_covid,4,NE Suburban,2024-25,0.5,IT50,27.312493683860776,9,,,,,,2025-06-01,2025-06-01,0.0,9.26979311507184,15.253379220342495,5.983586105270655,arima
arima,post_covid,4,NE Suburban,2024-25,0.9,IT90,41.22759712033061,9,,,,,,2025-06-01,2025-06-01,0.0,9.26979311507184,15.253379220342495,5.983586105270655,arima
arima,post_covid,4,NE Suburban,2024-25,0.98,IT98,53.6511443833241,9,,,,,,2025-06-01,2025-06-01,0.0,9.26979311507184,15.253379220342495,5.983586105270655,arima
arima,post_covid,4,NE Suburban,2025-26,0.5,IT50,27.312493683860776,44,2025-12-21,2026-01-18,4.0,-4.0,2026-01-18,2025-12-21,2026-01-18,4.0,50.562507900391864,29.75255390407229,-20.809953996319575,arima
arima,post_covid,4,NE Suburban,2025-26,0.9,IT90,41.22759712033061,44,2025-12-21,,,,,2025-12-21,2026-01-18,4.0,50.562507900391864,29.75255390407229,-20.809953996319575,arima
arima,post_covid,4,NE Suburban,2025-26,0.98,IT98,53.6511443833241,44,,,,,,2025-12-21,2026-01-18,4.0,50.562507900391864,29.75255390407229,-20.809953996319575,arima
arima,post_covid,4,Northland,2024-25,0.5,IT50,56.127661353876796,9,,,,,,2025-07-06,2025-06-22,-2.0,20.79029093413376,33.62593627184937,12.835645337715608,arima
arima,post_covid,4,Northland,2024-25,0.9,IT90,89.91407794411414,9,,,,,,2025-07-06,2025-06-22,-2.0,20.79029093413376,33.62593627184937,12.835645337715608,arima
arima,post_covid,4,Northland,2024-25,0.98,IT98,121.54516325409915,9,,,,,,2025-07-06,2025-06-22,-2.0,20.79029093413376,33.62593627184937,12.835645337715608,arima
arima,post_covid,4,Northland,2025-26,0.5,IT50,56.127661353876796,44,2025-12-14,,,,,2026-01-04,2026-02-01,4.0,87.05934328668512,55.268998942262165,-31.790344344422955,arima
arima,post_covid,4,Northland,2025-26,0.9,IT90,89.91407794411414,44,,,,,,2026-01-04,2026-02-01,4.0,87.05934328668512,55.268998942262165,-31.790344344422955,arima
arima,post_covid,4,Northland,2025-26,0.98,IT98,121.54516325409915,44,,,,,,2026-01-04,2026-02-01,4.0,87.05934328668512,55.268998942262165,-31.790344344422955,arima
arima,post_covid,4,UA/Grandview,2024-25,0.5,IT50,8.143164584776198,9,,,,,,2025-07-06,2025-06-29,-1.0,5.691908383042667,3.824051097383392,-1.8678572856592748,arima
arima,post_covid,4,UA/Grandview,2024-25,0.9,IT90,16.706142473783938,9,,,,,,2025-07-06,2025-06-29,-1.0,5.691908383042667,3.824051097383392,-1.8678572856592748,arima
arima,post_covid,4,UA/Grandview,2024-25,0.98,IT98,26.455007113900507,9,,,,,,2025-07-06,2025-06-29,-1.0,5.691908383042667,3.824051097383392,-1.8678572856592748,arima
arima,post_covid,4,UA/Grandview,2025-26,0.5,IT50,8.143164584776198,44,2025-12-07,2026-01-04,4.0,-4.0,2026-01-04,2025-12-07,2026-01-25,7.0,15.937343472519466,9.937736695595742,-5.999606776923724,arima
arima,post_covid,4,UA/Grandview,2025-26,0.9,IT90,16.706142473783938,44,,,,,,2025-12-07,2026-01-25,7.0,15.937343472519466,9.937736695595742,-5.999606776923724,arima
arima,post_covid,4,UA/Grandview,2025-26,0.98,IT98,26.455007113900507,44,,,,,,2025-12-07,2026-01-25,7.0,15.937343472519466,9.937736695595742,-5.999606776923724,arima
arima,post_covid,4,West,2024-25,0.5,IT50,73.15037971354549,9,,,,,,2025-06-01,2025-06-22,3.0,26.185844680532696,33.18971261255871,7.0038679320260115,arima
arima,post_covid,4,West,2024-25,0.9,IT90,114.1022318647041,9,,,,,,2025-06-01,2025-06-22,3.0,26.185844680532696,33.18971261255871,7.0038679320260115,arima
arima,post_covid,4,West,2024-25,0.98,IT98,151.63555393306305,9,,,,,,2025-06-01,2025-06-22,3.0,26.185844680532696,33.18971261255871,7.0038679320260115,arima
arima,post_covid,4,West,2025-26,0.5,IT50,73.15037971354549,44,2025-12-21,,,,,2026-01-04,2026-02-01,4.0,84.542869968577,67.94518770770549,-16.597682260871508,arima
arima,post_covid,4,West,2025-26,0.9,IT90,114.1022318647041,44,,,,,,2026-01-04,2026-02-01,4.0,84.542869968577,67.94518770770549,-16.597682260871508,arima
arima,post_covid,4,West,2025-26,0.98,IT98,151.63555393306305,44,,,,,,2026-01-04,2026-02-01,4.0,84.542869968577,67.94518770770549,-16.597682260871508,arima
arima,post_covid,4,Westerville,2024-25,0.5,IT50,24.33364195874595,9,,,,,,2025-06-01,2025-06-15,2.0,9.329228472805298,14.105108259383258,4.77587978657796,arima
arima,post_covid,4,Westerville,2024-25,0.9,IT90,36.408491039457616,9,,,,,,2025-06-01,2025-06-15,2.0,9.329228472805298,14.105108259383258,4.77587978657796,arima
arima,post_covid,4,Westerville,2024-25,0.98,IT98,47.11324141772458,9,,,,,,2025-06-01,2025-06-15,2.0,9.329228472805298,14.105108259383258,4.77587978657796,arima
arima,post_covid,4,Westerville,2025-26,0.5,IT50,24.33364195874595,44,2025-12-14,2026-01-18,5.0,-5.0,2026-01-18,2025-12-21,2026-01-25,5.0,45.09127095189228,27.260309656500905,-17.830961295391372,arima
arima,post_covid,4,Westerville,2025-26,0.9,IT90,36.408491039457616,44,2025-12-21,,,,,2025-12-21,2026-01-25,5.0,45.09127095189228,27.260309656500905,-17.830961295391372,arima
arima,post_covid,4,Westerville,2025-26,0.98,IT98,47.11324141772458,44,,,,,,2025-12-21,2026-01-25,5.0,45.09127095189228,27.260309656500905,-17.830961295391372,arima
arima,post_covid,4,Worthington,2024-25,0.5,IT50,13.721631551906164,9,,,,,,2025-06-08,2025-07-13,5.0,11.21626358219418,9.1791054985205,-2.037158083673681,arima
arima,post_covid,4,Worthington,2024-25,0.9,IT90,22.978569674557114,9,,,,,,2025-06-08,2025-07-13,5.0,11.21626358219418,9.1791054985205,-2.037158083673681,arima
arima,post_covid,4,Worthington,2024-25,0.98,IT98,31.956357603850087,9,,,,,,2025-06-08,2025-07-13,5.0,11.21626358219418,9.1791054985205,-2.037158083673681,arima
arima,post_covid,4,Worthington,2025-26,0.5,IT50,13.721631551906164,44,2025-08-31,2026-01-18,20.0,-20.0,2026-01-18,2025-12-21,2026-01-25,5.0,44.86505432877672,21.712594740146383,-23.15245958863034,arima
arima,post_covid,4,Worthington,2025-26,0.9,IT90,22.978569674557114,44,2025-12-21,,,,,2025-12-21,2026-01-25,5.0,44.86505432877672,21.712594740146383,-23.15245958863034,arima
arima,post_covid,4,Worthington,2025-26,0.98,IT98,31.956357603850087,44,2025-12-21,,,,,2025-12-21,2026-01-25,5.0,44.86505432877672,21.712594740146383,-23.15245958863034,arima
arima,post_covid,4,CITYWIDE,2024-25,0.5,IT50,35.19412725226089,9,,,,,,2025-06-01,2025-06-15,2.0,13.228462952536946,17.048252517536035,3.8197895649990894,arima
arima,post_covid,4,CITYWIDE,2024-25,0.9,IT90,56.071415152332634,9,,,,,,2025-06-01,2025-06-15,2.0,13.228462952536946,17.048252517536035,3.8197895649990894,arima
arima,post_covid,4,CITYWIDE,2024-25,0.98,IT98,75.53173152268305,9,,,,,,2025-06-01,2025-06-15,2.0,13.228462952536946,17.048252517536035,3.8197895649990894,arima
arima,post_covid,4,CITYWIDE,2025-26,0.5,IT50,35.19412725226089,44,2025-12-14,,,,,2025-12-21,2026-01-18,4.0,52.20358501211178,35.1928170777702,-17.01076793434158,arima
arima,post_covid,4,CITYWIDE,2025-26,0.9,IT90,56.071415152332634,44,,,,,,2025-12-21,2026-01-18,4.0,52.20358501211178,35.1928170777702,-17.01076793434158,arima
arima,post_covid,4,CITYWIDE,2025-26,0.98,IT98,75.53173152268305,44,,,,,,2025-12-21,2026-01-18,4.0,52.20358501211178,35.1928170777702,-17.01076793434158,arima
dualtopo,post_covid,4,Agler/Cassidy,2024-25,0.5,IT50,51.74083078339265,9,,,,,,2025-06-08,2025-06-01,-1.0,30.734241485595703,20.93387985229492,-9.800361633300785,dualtopo
dualtopo,post_covid,4,Agler/Cassidy,2024-25,0.9,IT90,88.48740693700204,9,,,,,,2025-06-08,2025-06-01,-1.0,30.734241485595703,20.93387985229492,-9.800361633300785,dualtopo
dualtopo,post_covid,4,Agler/Cassidy,2024-25,0.98,IT98,124.72586226376617,9,,,,,,2025-06-08,2025-06-01,-1.0,30.734241485595703,20.93387985229492,-9.800361633300785,dualtopo
dualtopo,post_covid,4,Agler/Cassidy,2025-26,0.5,IT50,51.74083078339265,44,2025-12-14,,,,,2025-12-14,2026-01-11,4.0,86.05587768554688,49.475555419921875,-36.580322265625,dualtopo
dualtopo,post_covid,4,Agler/Cassidy,2025-26,0.9,IT90,88.48740693700204,44,,,,,,2025-12-14,2026-01-11,4.0,86.05587768554688,49.475555419921875,-36.580322265625,dualtopo
dualtopo,post_covid,4,Agler/Cassidy,2025-26,0.98,IT98,124.72586226376617,44,,,,,,2025-12-14,2026-01-11,4.0,86.05587768554688,49.475555419921875,-36.580322265625,dualtopo
dualtopo,post_covid,4,Bexley,2024-25,0.5,IT50,24.605454693531783,9,,,,,,2025-06-08,2025-06-01,-1.0,7.03457498550415,8.328890800476074,1.2943158149719238,dualtopo
dualtopo,post_covid,4,Bexley,2024-25,0.9,IT90,37.5430295506582,9,,,,,,2025-06-08,2025-06-01,-1.0,7.03457498550415,8.328890800476074,1.2943158149719238,dualtopo
dualtopo,post_covid,4,Bexley,2024-25,0.98,IT98,49.19357270883574,9,,,,,,2025-06-08,2025-06-01,-1.0,7.03457498550415,8.328890800476074,1.2943158149719238,dualtopo
dualtopo,post_covid,4,Bexley,2025-26,0.5,IT50,24.605454693531783,44,2025-12-07,,,,,2026-01-04,2026-01-11,1.0,49.24202346801758,20.230573654174805,-29.011449813842773,dualtopo
dualtopo,post_covid,4,Bexley,2025-26,0.9,IT90,37.5430295506582,44,2025-12-28,,,,,2026-01-04,2026-01-11,1.0,49.24202346801758,20.230573654174805,-29.011449813842773,dualtopo
dualtopo,post_covid,4,Bexley,2025-26,0.98,IT98,49.19357270883574,44,2026-01-04,,,,,2026-01-04,2026-01-11,1.0,49.24202346801758,20.230573654174805,-29.011449813842773,dualtopo
dualtopo,post_covid,4,Clintonville/Near North,2024-25,0.5,IT50,15.728895715230147,9,,,,,,2025-07-13,2025-06-01,-6.0,5.136054039001465,5.8184895515441895,0.6824355125427246,dualtopo
dualtopo,post_covid,4,Clintonville/Near North,2024-25,0.9,IT90,22.099499115677975,9,,,,,,2025-07-13,2025-06-01,-6.0,5.136054039001465,5.8184895515441895,0.6824355125427246,dualtopo
dualtopo,post_covid,4,Clintonville/Near North,2024-25,0.98,IT98,27.469599865392972,9,,,,,,2025-07-13,2025-06-01,-6.0,5.136054039001465,5.8184895515441895,0.6824355125427246,dualtopo
dualtopo,post_covid,4,Clintonville/Near North,2025-26,0.5,IT50,15.728895715230147,44,2025-12-07,,,,,2025-12-28,2026-01-11,2.0,27.734691619873047,14.00397491455078,-13.730716705322267,dualtopo
dualtopo,post_covid,4,Clintonville/Near North,2025-26,0.9,IT90,22.099499115677975,44,2025-12-21,,,,,2025-12-28,2026-01-11,2.0,27.734691619873047,14.00397491455078,-13.730716705322267,dualtopo
dualtopo,post_covid,4,Clintonville/Near North,2025-26,0.98,IT98,27.469599865392972,44,2025-12-28,,,,,2025-12-28,2026-01-11,2.0,27.734691619873047,14.00397491455078,-13.730716705322267,dualtopo
dualtopo,post_covid,4,Dublin,2024-25,0.5,IT50,8.038849454818003,9,,,,,,2025-07-13,2025-06-01,-6.0,3.810394763946533,2.6112940311431885,-1.1991007328033447,dualtopo
dualtopo,post_covid,4,Dublin,2024-25,0.9,IT90,14.1626396504559,9,,,,,,2025-07-13,2025-06-01,-6.0,3.810394763946533,2.6112940311431885,-1.1991007328033447,dualtopo
dualtopo,post_covid,4,Dublin,2024-25,0.98,IT98,20.345693253667104,9,,,,,,2025-07-13,2025-06-01,-6.0,3.810394763946533,2.6112940311431885,-1.1991007328033447,dualtopo
dualtopo,post_covid,4,Dublin,2025-26,0.5,IT50,8.038849454818003,44,2025-12-14,,,,,2025-12-21,2026-01-11,3.0,16.765737533569336,6.068408966064453,-10.697328567504883,dualtopo
dualtopo,post_covid,4,Dublin,2025-26,0.9,IT90,14.1626396504559,44,2025-12-21,,,,,2025-12-21,2026-01-11,3.0,16.765737533569336,6.068408966064453,-10.697328567504883,dualtopo
dualtopo,post_covid,4,Dublin,2025-26,0.98,IT98,20.345693253667104,44,,,,,,2025-12-21,2026-01-11,3.0,16.765737533569336,6.068408966064453,-10.697328567504883,dualtopo
dualtopo,post_covid,4,Eastside,2024-25,0.5,IT50,53.89825474693718,9,,,,,,2025-06-01,2025-06-01,0.0,18.382776260375977,19.369009017944336,0.9862327575683594,dualtopo
dualtopo,post_covid,4,Eastside,2024-25,0.9,IT90,89.53274062296502,9,,,,,,2025-06-01,2025-06-01,0.0,18.382776260375977,19.369009017944336,0.9862327575683594,dualtopo
dualtopo,post_covid,4,Eastside,2024-25,0.98,IT98,123.87134674281285,9,,,,,,2025-06-01,2025-06-01,0.0,18.382776260375977,19.369009017944336,0.9862327575683594,dualtopo
dualtopo,post_covid,4,Eastside,2025-26,0.5,IT50,53.89825474693718,44,2025-12-21,,,,,2025-12-21,2026-01-11,3.0,91.91387939453124,53.11860275268555,-38.79527664184569,dualtopo
dualtopo,post_covid,4,Eastside,2025-26,0.9,IT90,89.53274062296502,44,2025-12-21,,,,,2025-12-21,2026-01-11,3.0,91.91387939453124,53.11860275268555,-38.79527664184569,dualtopo
dualtopo,post_covid,4,Eastside,2025-26,0.98,IT98,123.87134674281285,44,,,,,,2025-12-21,2026-01-11,3.0,91.91387939453124,53.11860275268555,-38.79527664184569,dualtopo
dualtopo,post_covid,4,Far East,2024-25,0.5,IT50,76.01095931639992,9,,,,,,2025-06-01,2025-06-01,0.0,31.653696060180664,32.54932403564453,0.8956279754638672,dualtopo
dualtopo,post_covid,4,Far East,2024-25,0.9,IT90,119.58175049878095,9,,,,,,2025-06-01,2025-06-01,0.0,31.653696060180664,32.54932403564453,0.8956279754638672,dualtopo
dualtopo,post_covid,4,Far East,2024-25,0.98,IT98,159.7885780471188,9,,,,,,2025-06-01,2025-06-01,0.0,31.653696060180664,32.54932403564453,0.8956279754638672,dualtopo
dualtopo,post_covid,4,Far East,2025-26,0.5,IT50,76.01095931639992,44,2025-12-21,2026-01-04,2.0,-2.0,2026-01-04,2025-12-28,2026-01-11,2.0,123.03134155273438,79.69888305664062,-43.33245849609375,dualtopo
dualtopo,post_covid,4,Far East,2025-26,0.9,IT90,119.58175049878095,44,2025-12-28,,,,,2025-12-28,2026-01-11,2.0,123.03134155273438,79.69888305664062,-43.33245849609375,dualtopo
dualtopo,post_covid,4,Far East,2025-26,0.98,IT98,159.7885780471188,44,,,,,,2025-12-28,2026-01-11,2.0,123.03134155273438,79.69888305664062,-43.33245849609375,dualtopo
dualtopo,post_covid,4,Far South,2024-25,0.5,IT50,69.7066330370401,9,,,,,,2025-06-01,2025-06-01,0.0,27.77184295654297,24.128318786621097,-3.6435241699218714,dualtopo
dualtopo,post_covid,4,Far South,2024-25,0.9,IT90,121.95949130896,9,,,,,,2025-06-01,2025-06-01,0.0,27.77184295654297,24.128318786621097,-3.6435241699218714,dualtopo
dualtopo,post_covid,4,Far South,2024-25,0.98,IT98,174.42921640712913,9,,,,,,2025-06-01,2025-06-01,0.0,27.77184295654297,24.128318786621097,-3.6435241699218714,dualtopo
dualtopo,post_covid,4,Far South,2025-26,0.5,IT50,69.7066330370401,44,2025-12-14,2026-01-04,3.0,-3.0,2026-01-04,2026-01-18,2026-01-11,-1.0,100.40589904785156,77.72106170654297,-22.684837341308594,dualtopo
dualtopo,post_covid,4,Far South,2025-26,0.9,IT90,121.95949130896,44,,,,,,2026-01-18,2026-01-11,-1.0,100.40589904785156,77.72106170654297,-22.684837341308594,dualtopo
dualtopo,post_covid,4,Far South,2025-26,0.98,IT98,174.42921640712913,44,,,,,,2026-01-18,2026-01-11,-1.0,100.40589904785156,77.72106170654297,-22.684837341308594,dualtopo
dualtopo,post_covid,4,Far Southeast,2024-25,0.5,IT50,10.956265259525463,9,,,,,,2025-06-01,2025-06-01,0.0,6.61631965637207,4.012551307678223,-2.6037683486938477,dualtopo
dualtopo,post_covid,4,Far Southeast,2024-25,0.9,IT90,18.40391015194404,9,,,,,,2025-06-01,2025-06-01,0.0,6.61631965637207,4.012551307678223,-2.6037683486938477,dualtopo
dualtopo,post_covid,4,Far Southeast,2024-25,0.98,IT98,25.644566505740826,9,,,,,,2025-06-01,2025-06-01,0.0,6.61631965637207,4.012551307678223,-2.6037683486938477,dualtopo
dualtopo,post_covid,4,Far Southeast,2025-26,0.5,IT50,10.956265259525463,44,2025-12-07,,,,,2025-12-21,2026-01-18,4.0,14.177827835083008,8.18583869934082,-5.9919891357421875,dualtopo
dualtopo,post_covid,4,Far Southeast,2025-26,0.9,IT90,18.40391015194404,44,,,,,,2025-12-21,2026-01-18,4.0,14.177827835083008,8.18583869934082,-5.9919891357421875,dualtopo
dualtopo,post_covid,4,Far Southeast,2025-26,0.98,IT98,25.644566505740826,44,,,,,,2025-12-21,2026-01-18,4.0,14.177827835083008,8.18583869934082,-5.9919891357421875,dualtopo
dualtopo,post_covid,4,Far Southwest,2024-25,0.5,IT50,34.041053932580134,9,,,,,,2025-07-06,2025-06-01,-5.0,13.57149600982666,13.260001182556152,-0.3114948272705078,dualtopo
dualtopo,post_covid,4,Far Southwest,2024-25,0.9,IT90,54.68112356483704,9,,,,,,2025-07-06,2025-06-01,-5.0,13.57149600982666,13.260001182556152,-0.3114948272705078,dualtopo
dualtopo,post_covid,4,Far Southwest,2024-25,0.98,IT98,74.04650918881951,9,,,,,,2025-07-06,2025-06-01,-5.0,13.57149600982666,13.260001182556152,-0.3114948272705078,dualtopo
dualtopo,post_covid,4,Far Southwest,2025-26,0.5,IT50,34.041053932580134,44,2025-12-14,,,,,2025-12-14,2026-01-11,4.0,46.97825241088867,30.854976654052734,-16.123275756835938,dualtopo
dualtopo,post_covid,4,Far Southwest,2025-26,0.9,IT90,54.68112356483704,44,,,,,,2025-12-14,2026-01-11,4.0,46.97825241088867,30.854976654052734,-16.123275756835938,dualtopo
dualtopo,post_covid,4,Far Southwest,2025-26,0.98,IT98,74.04650918881951,44,,,,,,2025-12-14,2026-01-11,4.0,46.97825241088867,30.854976654052734,-16.123275756835938,dualtopo
dualtopo,post_covid,4,Hilliard,2024-25,0.5,IT50,19.24134804712757,9,,,,,,2025-06-01,2025-06-01,0.0,10.828537940979004,6.760768890380859,-4.0677690505981445,dualtopo
dualtopo,post_covid,4,Hilliard,2024-25,0.9,IT90,34.52709434950146,9,,,,,,2025-06-01,2025-06-01,0.0,10.828537940979004,6.760768890380859,-4.0677690505981445,dualtopo
dualtopo,post_covid,4,Hilliard,2024-25,0.98,IT98,50.186768532537315,9,,,,,,2025-06-01,2025-06-01,0.0,10.828537940979004,6.760768890380859,-4.0677690505981445,dualtopo
dualtopo,post_covid,4,Hilliard,2025-26,0.5,IT50,19.24134804712757,44,2025-12-07,,,,,2025-12-21,2026-01-11,3.0,34.03254699707031,14.840682983398438,-19.191864013671875,dualtopo
dualtopo,post_covid,4,Hilliard,2025-26,0.9,IT90,34.52709434950146,44,,,,,,2025-12-21,2026-01-11,3.0,34.03254699707031,14.840682983398438,-19.191864013671875,dualtopo
dualtopo,post_covid,4,Hilliard,2025-26,0.98,IT98,50.186768532537315,44,,,,,,2025-12-21,2026-01-11,3.0,34.03254699707031,14.840682983398438,-19.191864013671875,dualtopo
dualtopo,post_covid,4,Linden,2024-25,0.5,IT50,53.62727596624066,9,,,,,,2025-06-08,2025-06-01,-1.0,23.84536361694336,21.98576545715332,-1.859598159790039,dualtopo
dualtopo,post_covid,4,Linden,2024-25,0.9,IT90,82.61523156370409,9,,,,,,2025-06-08,2025-06-01,-1.0,23.84536361694336,21.98576545715332,-1.859598159790039,dualtopo
dualtopo,post_covid,4,Linden,2024-25,0.98,IT98,108.92078323683364,9,,,,,,2025-06-08,2025-06-01,-1.0,23.84536361694336,21.98576545715332,-1.859598159790039,dualtopo
dualtopo,post_covid,4,Linden,2025-26,0.5,IT50,53.62727596624066,44,2025-12-14,2026-01-11,4.0,-4.0,2026-01-11,2026-01-04,2026-01-11,1.0,76.00709533691406,54.28462219238281,-21.72247314453125,dualtopo
dualtopo,post_covid,4,Linden,2025-26,0.9,IT90,82.61523156370409,44,,,,,,2026-01-04,2026-01-11,1.0,76.00709533691406,54.28462219238281,-21.72247314453125,dualtopo
dualtopo,post_covid,4,Linden,2025-26,0.98,IT98,108.92078323683364,44,,,,,,2026-01-04,2026-01-11,1.0,76.00709533691406,54.28462219238281,-21.72247314453125,dualtopo
dualtopo,post_covid,4,NE Suburban,2024-25,0.5,IT50,27.312493683860776,9,,,,,,2025-06-01,2025-06-01,0.0,9.269793510437012,11.287683486938477,2.017889976501465,dualtopo
dualtopo,post_covid,4,NE Suburban,2024-25,0.9,IT90,41.22759712033061,9,,,,,,2025-06-01,2025-06-01,0.0,9.269793510437012,11.287683486938477,2.017889976501465,dualtopo
dualtopo,post_covid,4,NE Suburban,2024-25,0.98,IT98,53.6511443833241,9,,,,,,2025-06-01,2025-06-01,0.0,9.269793510437012,11.287683486938477,2.017889976501465,dualtopo
dualtopo,post_covid,4,NE Suburban,2025-26,0.5,IT50,27.312493683860776,44,2025-12-21,,,,,2025-12-21,2026-01-11,3.0,50.56250762939453,26.04327964782715,-24.519227981567383,dualtopo
dualtopo,post_covid,4,NE Suburban,2025-26,0.9,IT90,41.22759712033061,44,2025-12-21,,,,,2025-12-21,2026-01-11,3.0,50.56250762939453,26.04327964782715,-24.519227981567383,dualtopo
dualtopo,post_covid,4,NE Suburban,2025-26,0.98,IT98,53.6511443833241,44,,,,,,2025-12-21,2026-01-11,3.0,50.56250762939453,26.04327964782715,-24.519227981567383,dualtopo
dualtopo,post_covid,4,Northland,2024-25,0.5,IT50,56.127661353876796,9,,,,,,2025-07-06,2025-06-01,-5.0,20.79029083251953,24.85778045654297,4.0674896240234375,dualtopo
dualtopo,post_covid,4,Northland,2024-25,0.9,IT90,89.91407794411414,9,,,,,,2025-07-06,2025-06-01,-5.0,20.79029083251953,24.85778045654297,4.0674896240234375,dualtopo
dualtopo,post_covid,4,Northland,2024-25,0.98,IT98,121.54516325409915,9,,,,,,2025-07-06,2025-06-01,-5.0,20.79029083251953,24.85778045654297,4.0674896240234375,dualtopo
dualtopo,post_covid,4,Northland,2025-26,0.5,IT50,56.127661353876796,44,2025-12-14,2026-01-11,4.0,-4.0,2026-01-11,2026-01-04,2026-01-11,1.0,87.05934143066406,56.23421859741211,-30.825122833251953,dualtopo
dualtopo,post_covid,4,Northland,2025-26,0.9,IT90,89.91407794411414,44,,,,,,2026-01-04,2026-01-11,1.0,87.05934143066406,56.23421859741211,-30.825122833251953,dualtopo
dualtopo,post_covid,4,Northland,2025-26,0.98,IT98,121.54516325409915,44,,,,,,2026-01-04,2026-01-11,1.0,87.05934143066406,56.23421859741211,-30.825122833251953,dualtopo
dualtopo,post_covid,4,UA/Grandview,2024-25,0.5,IT50,8.143164584776198,9,,,,,,2025-07-06,2025-06-01,-5.0,5.691908359527588,2.6902084350585938,-3.001699924468994,dualtopo
dualtopo,post_covid,4,UA/Grandview,2024-25,0.9,IT90,16.706142473783938,9,,,,,,2025-07-06,2025-06-01,-5.0,5.691908359527588,2.6902084350585938,-3.001699924468994,dualtopo
dualtopo,post_covid,4,UA/Grandview,2024-25,0.98,IT98,26.455007113900507,9,,,,,,2025-07-06,2025-06-01,-5.0,5.691908359527588,2.6902084350585938,-3.001699924468994,dualtopo
dualtopo,post_covid,4,UA/Grandview,2025-26,0.5,IT50,8.143164584776198,44,2025-12-07,2026-01-04,4.0,-4.0,2026-01-04,2025-12-07,2026-01-11,5.0,15.93734359741211,8.541569709777832,-7.395773887634277,dualtopo
dualtopo,post_covid,4,UA/Grandview,2025-26,0.9,IT90,16.706142473783938,44,,,,,,2025-12-07,2026-01-11,5.0,15.93734359741211,8.541569709777832,-7.395773887634277,dualtopo
dualtopo,post_covid,4,UA/Grandview,2025-26,0.98,IT98,26.455007113900507,44,,,,,,2025-12-07,2026-01-11,5.0,15.93734359741211,8.541569709777832,-7.395773887634277,dualtopo
dualtopo,post_covid,4,West,2024-25,0.5,IT50,73.15037971354549,9,,,,,,2025-06-01,2025-06-01,0.0,26.18584442138672,28.78197479248047,2.59613037109375,dualtopo
dualtopo,post_covid,4,West,2024-25,0.9,IT90,114.1022318647041,9,,,,,,2025-06-01,2025-06-01,0.0,26.18584442138672,28.78197479248047,2.59613037109375,dualtopo
dualtopo,post_covid,4,West,2024-25,0.98,IT98,151.63555393306305,9,,,,,,2025-06-01,2025-06-01,0.0,26.18584442138672,28.78197479248047,2.59613037109375,dualtopo
dualtopo,post_covid,4,West,2025-26,0.5,IT50,73.15037971354549,44,2025-12-21,2026-01-11,3.0,-3.0,2026-01-11,2026-01-04,2026-01-11,1.0,84.5428695678711,74.16732788085938,-10.375541687011719,dualtopo
dualtopo,post_covid,4,West,2025-26,0.9,IT90,114.1022318647041,44,,,,,,2026-01-04,2026-01-11,1.0,84.5428695678711,74.16732788085938,-10.375541687011719,dualtopo
dualtopo,post_covid,4,West,2025-26,0.98,IT98,151.63555393306305,44,,,,,,2026-01-04,2026-01-11,1.0,84.5428695678711,74.16732788085938,-10.375541687011719,dualtopo
dualtopo,post_covid,4,Westerville,2024-25,0.5,IT50,24.33364195874595,9,,,,,,2025-06-01,2025-06-01,0.0,9.329228401184082,10.117703437805176,0.7884750366210938,dualtopo
dualtopo,post_covid,4,Westerville,2024-25,0.9,IT90,36.408491039457616,9,,,,,,2025-06-01,2025-06-01,0.0,9.329228401184082,10.117703437805176,0.7884750366210938,dualtopo
dualtopo,post_covid,4,Westerville,2024-25,0.98,IT98,47.11324141772458,9,,,,,,2025-06-01,2025-06-01,0.0,9.329228401184082,10.117703437805176,0.7884750366210938,dualtopo
dualtopo,post_covid,4,Westerville,2025-26,0.5,IT50,24.33364195874595,44,2025-12-14,,,,,2025-12-21,2026-01-18,4.0,45.091270446777344,17.905887603759766,-27.185382843017578,dualtopo
dualtopo,post_covid,4,Westerville,2025-26,0.9,IT90,36.408491039457616,44,2025-12-21,,,,,2025-12-21,2026-01-18,4.0,45.091270446777344,17.905887603759766,-27.185382843017578,dualtopo
dualtopo,post_covid,4,Westerville,2025-26,0.98,IT98,47.11324141772458,44,,,,,,2025-12-21,2026-01-18,4.0,45.091270446777344,17.905887603759766,-27.185382843017578,dualtopo
dualtopo,post_covid,4,Worthington,2024-25,0.5,IT50,13.721631551906164,9,,,,,,2025-06-08,2025-06-01,-1.0,11.216263771057127,5.743034362792969,-5.473229408264158,dualtopo
dualtopo,post_covid,4,Worthington,2024-25,0.9,IT90,22.978569674557114,9,,,,,,2025-06-08,2025-06-01,-1.0,11.216263771057127,5.743034362792969,-5.473229408264158,dualtopo
dualtopo,post_covid,4,Worthington,2024-25,0.98,IT98,31.956357603850087,9,,,,,,2025-06-08,2025-06-01,-1.0,11.216263771057127,5.743034362792969,-5.473229408264158,dualtopo
dualtopo,post_covid,4,Worthington,2025-26,0.5,IT50,13.721631551906164,44,2025-08-31,,,,,2025-12-21,2026-01-11,3.0,44.86505508422851,10.712215423583984,-34.152839660644524,dualtopo
dualtopo,post_covid,4,Worthington,2025-26,0.9,IT90,22.978569674557114,44,2025-12-21,,,,,2025-12-21,2026-01-11,3.0,44.86505508422851,10.712215423583984,-34.152839660644524,dualtopo
dualtopo,post_covid,4,Worthington,2025-26,0.98,IT98,31.956357603850087,44,2025-12-21,,,,,2025-12-21,2026-01-11,3.0,44.86505508422851,10.712215423583984,-34.152839660644524,dualtopo
dualtopo,post_covid,4,CITYWIDE,2024-25,0.5,IT50,35.19412725226089,9,,,,,,2025-06-01,2025-06-01,0.0,13.228462934494019,14.308039875591502,1.0795769410974838,dualtopo
dualtopo,post_covid,4,CITYWIDE,2024-25,0.9,IT90,56.071415152332634,9,,,,,,2025-06-01,2025-06-01,0.0,13.228462934494019,14.308039875591502,1.0795769410974838,dualtopo
dualtopo,post_covid,4,CITYWIDE,2024-25,0.98,IT98,75.53173152268305,9,,,,,,2025-06-01,2025-06-01,0.0,13.228462934494019,14.308039875591502,1.0795769410974838,dualtopo
dualtopo,post_covid,4,CITYWIDE,2025-26,0.5,IT50,35.19412725226089,44,2025-12-14,2026-01-11,4.0,-4.0,2026-01-11,2025-12-21,2026-01-11,3.0,52.20358455882353,35.40920128541834,-16.794383273405188,dualtopo
dualtopo,post_covid,4,CITYWIDE,2025-26,0.9,IT90,56.071415152332634,44,,,,,,2025-12-21,2026-01-11,3.0,52.20358455882353,35.40920128541834,-16.794383273405188,dualtopo
dualtopo,post_covid,4,CITYWIDE,2025-26,0.98,IT98,75.53173152268305,44,,,,,,2025-12-21,2026-01-11,3.0,52.20358455882353,35.40920128541834,-16.794383273405188,dualtopo
gat,post_covid,4,Agler/Cassidy,2024-25,0.5,IT50,51.74083078339265,9,,,,,,2025-06-08,2025-06-08,0.0,30.734241485595703,20.214752197265625,-10.519489288330078,gat
gat,post_covid,4,Agler/Cassidy,2024-25,0.9,IT90,88.48740693700204,9,,,,,,2025-06-08,2025-06-08,0.0,30.734241485595703,20.214752197265625,-10.519489288330078,gat
gat,post_covid,4,Agler/Cassidy,2024-25,0.98,IT98,124.72586226376617,9,,,,,,2025-06-08,2025-06-08,0.0,30.734241485595703,20.214752197265625,-10.519489288330078,gat
gat,post_covid,4,Agler/Cassidy,2025-26,0.5,IT50,51.74083078339265,44,2025-12-14,2026-01-18,5.0,-5.0,2026-01-18,2025-12-14,2026-02-15,9.0,86.05587768554688,93.61516571044922,7.559288024902344,gat
gat,post_covid,4,Agler/Cassidy,2025-26,0.9,IT90,88.48740693700204,44,,2026-02-15,,,2026-02-15,2025-12-14,2026-02-15,9.0,86.05587768554688,93.61516571044922,7.559288024902344,gat
gat,post_covid,4,Agler/Cassidy,2025-26,0.98,IT98,124.72586226376617,44,,,,,,2025-12-14,2026-02-15,9.0,86.05587768554688,93.61516571044922,7.559288024902344,gat
gat,post_covid,4,Bexley,2024-25,0.5,IT50,24.605454693531783,9,,,,,,2025-06-08,2025-06-22,2.0,7.03457498550415,8.148412704467773,1.113837718963623,gat
gat,post_covid,4,Bexley,2024-25,0.9,IT90,37.5430295506582,9,,,,,,2025-06-08,2025-06-22,2.0,7.03457498550415,8.148412704467773,1.113837718963623,gat
gat,post_covid,4,Bexley,2024-25,0.98,IT98,49.19357270883574,9,,,,,,2025-06-08,2025-06-22,2.0,7.03457498550415,8.148412704467773,1.113837718963623,gat
gat,post_covid,4,Bexley,2025-26,0.5,IT50,24.605454693531783,44,2025-12-07,2026-01-25,7.0,-7.0,2026-01-25,2026-01-04,2026-02-15,6.0,49.24202346801758,44.221885681152344,-5.020137786865234,gat
gat,post_covid,4,Bexley,2025-26,0.9,IT90,37.5430295506582,44,2025-12-28,2026-02-08,6.0,-6.0,2026-02-08,2026-01-04,2026-02-15,6.0,49.24202346801758,44.221885681152344,-5.020137786865234,gat
gat,post_covid,4,Bexley,2025-26,0.98,IT98,49.19357270883574,44,2026-01-04,,,,,2026-01-04,2026-02-15,6.0,49.24202346801758,44.221885681152344,-5.020137786865234,gat
gat,post_covid,4,Clintonville/Near North,2024-25,0.5,IT50,15.728895715230147,9,,,,,,2025-07-13,2025-06-08,-5.0,5.136054039001465,5.772279262542725,0.6362252235412598,gat
gat,post_covid,4,Clintonville/Near North,2024-25,0.9,IT90,22.099499115677975,9,,,,,,2025-07-13,2025-06-08,-5.0,5.136054039001465,5.772279262542725,0.6362252235412598,gat
gat,post_covid,4,Clintonville/Near North,2024-25,0.98,IT98,27.469599865392972,9,,,,,,2025-07-13,2025-06-08,-5.0,5.136054039001465,5.772279262542725,0.6362252235412598,gat
gat,post_covid,4,Clintonville/Near North,2025-26,0.5,IT50,15.728895715230147,44,2025-12-07,2026-01-18,6.0,-6.0,2026-01-18,2025-12-28,2026-02-15,7.0,27.734691619873047,25.957538604736328,-1.7771530151367188,gat
gat,post_covid,4,Clintonville/Near North,2025-26,0.9,IT90,22.099499115677975,44,2025-12-21,2026-02-01,6.0,-6.0,2026-02-01,2025-12-28,2026-02-15,7.0,27.734691619873047,25.957538604736328,-1.7771530151367188,gat
gat,post_covid,4,Clintonville/Near North,2025-26,0.98,IT98,27.469599865392972,44,2025-12-28,,,,,2025-12-28,2026-02-15,7.0,27.734691619873047,25.957538604736328,-1.7771530151367188,gat
gat,post_covid,4,Dublin,2024-25,0.5,IT50,8.038849454818003,9,,,,,,2025-07-13,2025-06-15,-4.0,3.810394763946533,2.6996495723724365,-1.1107451915740967,gat
gat,post_covid,4,Dublin,2024-25,0.9,IT90,14.1626396504559,9,,,,,,2025-07-13,2025-06-15,-4.0,3.810394763946533,2.6996495723724365,-1.1107451915740967,gat
gat,post_covid,4,Dublin,2024-25,0.98,IT98,20.345693253667104,9,,,,,,2025-07-13,2025-06-15,-4.0,3.810394763946533,2.6996495723724365,-1.1107451915740967,gat
gat,post_covid,4,Dublin,2025-26,0.5,IT50,8.038849454818003,44,2025-12-14,2026-01-18,5.0,-5.0,2026-01-18,2025-12-21,2026-02-15,8.0,16.765737533569336,14.844595909118652,-1.9211416244506836,gat
gat,post_covid,4,Dublin,2025-26,0.9,IT90,14.1626396504559,44,2025-12-21,2026-02-08,7.0,-7.0,2026-02-08,2025-12-21,2026-02-15,8.0,16.765737533569336,14.844595909118652,-1.9211416244506836,gat
gat,post_covid,4,Dublin,2025-26,0.98,IT98,20.345693253667104,44,,,,,,2025-12-21,2026-02-15,8.0,16.765737533569336,14.844595909118652,-1.9211416244506836,gat
gat,post_covid,4,Eastside,2024-25,0.5,IT50,53.89825474693718,9,,,,,,2025-06-01,2025-06-22,3.0,18.382776260375977,18.86765480041504,0.4848785400390625,gat
gat,post_covid,4,Eastside,2024-25,0.9,IT90,89.53274062296502,9,,,,,,2025-06-01,2025-06-22,3.0,18.382776260375977,18.86765480041504,0.4848785400390625,gat
gat,post_covid,4,Eastside,2024-25,0.98,IT98,123.87134674281285,9,,,,,,2025-06-01,2025-06-22,3.0,18.382776260375977,18.86765480041504,0.4848785400390625,gat
gat,post_covid,4,Eastside,2025-26,0.5,IT50,53.89825474693718,44,2025-12-21,2026-01-25,5.0,-5.0,2026-01-25,2025-12-21,2026-02-15,8.0,91.91387939453124,96.24020385742188,4.326324462890639,gat
gat,post_covid,4,Eastside,2025-26,0.9,IT90,89.53274062296502,44,2025-12-21,2026-02-08,7.0,-7.0,2026-02-08,2025-12-21,2026-02-15,8.0,91.91387939453124,96.24020385742188,4.326324462890639,gat
gat,post_covid,4,Eastside,2025-26,0.98,IT98,123.87134674281285,44,,,,,,2025-12-21,2026-02-15,8.0,91.91387939453124,96.24020385742188,4.326324462890639,gat
gat,post_covid,4,Far East,2024-25,0.5,IT50,76.01095931639992,9,,,,,,2025-06-01,2025-06-15,2.0,31.653696060180664,32.51906967163086,0.8653736114501953,gat
gat,post_covid,4,Far East,2024-25,0.9,IT90,119.58175049878095,9,,,,,,2025-06-01,2025-06-15,2.0,31.653696060180664,32.51906967163086,0.8653736114501953,gat
gat,post_covid,4,Far East,2024-25,0.98,IT98,159.7885780471188,9,,,,,,2025-06-01,2025-06-15,2.0,31.653696060180664,32.51906967163086,0.8653736114501953,gat
gat,post_covid,4,Far East,2025-26,0.5,IT50,76.01095931639992,44,2025-12-21,2026-01-25,5.0,-5.0,2026-01-25,2025-12-28,2026-02-15,7.0,123.03134155273438,130.87017822265625,7.838836669921875,gat
gat,post_covid,4,Far East,2025-26,0.9,IT90,119.58175049878095,44,2025-12-28,2026-02-08,6.0,-6.0,2026-02-08,2025-12-28,2026-02-15,7.0,123.03134155273438,130.87017822265625,7.838836669921875,gat
gat,post_covid,4,Far East,2025-26,0.98,IT98,159.7885780471188,44,,,,,,2025-12-28,2026-02-15,7.0,123.03134155273438,130.87017822265625,7.838836669921875,gat
gat,post_covid,4,Far South,2024-25,0.5,IT50,69.7066330370401,9,,,,,,2025-06-01,2025-06-22,3.0,27.77184295654297,24.57040023803711,-3.2014427185058594,gat
gat,post_covid,4,Far South,2024-25,0.9,IT90,121.95949130896,9,,,,,,2025-06-01,2025-06-22,3.0,27.77184295654297,24.57040023803711,-3.2014427185058594,gat
gat,post_covid,4,Far South,2024-25,0.98,IT98,174.42921640712913,9,,,,,,2025-06-01,2025-06-22,3.0,27.77184295654297,24.57040023803711,-3.2014427185058594,gat
gat,post_covid,4,Far South,2025-26,0.5,IT50,69.7066330370401,44,2025-12-14,2026-01-18,5.0,-5.0,2026-01-18,2026-01-18,2026-02-15,4.0,100.40589904785156,132.92245483398438,32.51655578613281,gat
gat,post_covid,4,Far South,2025-26,0.9,IT90,121.95949130896,44,,2026-02-08,,,2026-02-08,2026-01-18,2026-02-15,4.0,100.40589904785156,132.92245483398438,32.51655578613281,gat
gat,post_covid,4,Far South,2025-26,0.98,IT98,174.42921640712913,44,,,,,,2026-01-18,2026-02-15,4.0,100.40589904785156,132.92245483398438,32.51655578613281,gat
gat,post_covid,4,Far Southeast,2024-25,0.5,IT50,10.956265259525463,9,,,,,,2025-06-01,2025-07-13,6.0,6.61631965637207,4.061262607574463,-2.5550570487976074,gat
gat,post_covid,4,Far Southeast,2024-25,0.9,IT90,18.40391015194404,9,,,,,,2025-06-01,2025-07-13,6.0,6.61631965637207,4.061262607574463,-2.5550570487976074,gat
gat,post_covid,4,Far Southeast,2024-25,0.98,IT98,25.644566505740826,9,,,,,,2025-06-01,2025-07-13,6.0,6.61631965637207,4.061262607574463,-2.5550570487976074,gat
gat,post_covid,4,Far Southeast,2025-26,0.5,IT50,10.956265259525463,44,2025-12-07,2026-01-25,7.0,-7.0,2026-01-25,2025-12-21,2026-02-15,8.0,14.177827835083008,20.251415252685547,6.073587417602539,gat
gat,post_covid,4,Far Southeast,2025-26,0.9,IT90,18.40391015194404,44,,2026-02-08,,,2026-02-08,2025-12-21,2026-02-15,8.0,14.177827835083008,20.251415252685547,6.073587417602539,gat
gat,post_covid,4,Far Southeast,2025-26,0.98,IT98,25.644566505740826,44,,,,,,2025-12-21,2026-02-15,8.0,14.177827835083008,20.251415252685547,6.073587417602539,gat
gat,post_covid,4,Far Southwest,2024-25,0.5,IT50,34.041053932580134,9,,,,,,2025-07-06,2025-06-15,-3.0,13.57149600982666,13.506217002868652,-0.06527900695800781,gat
gat,post_covid,4,Far Southwest,2024-25,0.9,IT90,54.68112356483704,9,,,,,,2025-07-06,2025-06-15,-3.0,13.57149600982666,13.506217002868652,-0.06527900695800781,gat
gat,post_covid,4,Far Southwest,2024-25,0.98,IT98,74.04650918881951,9,,,,,,2025-07-06,2025-06-15,-3.0,13.57149600982666,13.506217002868652,-0.06527900695800781,gat
gat,post_covid,4,Far Southwest,2025-26,0.5,IT50,34.041053932580134,44,2025-12-14,2026-01-25,6.0,-6.0,2026-01-25,2025-12-14,2026-02-15,9.0,46.97825241088867,58.91851043701172,11.940258026123047,gat
gat,post_covid,4,Far Southwest,2025-26,0.9,IT90,54.68112356483704,44,,2026-02-08,,,2026-02-08,2025-12-14,2026-02-15,9.0,46.97825241088867,58.91851043701172,11.940258026123047,gat
gat,post_covid,4,Far Southwest,2025-26,0.98,IT98,74.04650918881951,44,,,,,,2025-12-14,2026-02-15,9.0,46.97825241088867,58.91851043701172,11.940258026123047,gat
gat,post_covid,4,Hilliard,2024-25,0.5,IT50,19.24134804712757,9,,,,,,2025-06-01,2025-06-15,2.0,10.828537940979004,6.942951679229736,-3.8855862617492676,gat
gat,post_covid,4,Hilliard,2024-25,0.9,IT90,34.52709434950146,9,,,,,,2025-06-01,2025-06-15,2.0,10.828537940979004,6.942951679229736,-3.8855862617492676,gat
gat,post_covid,4,Hilliard,2024-25,0.98,IT98,50.186768532537315,9,,,,,,2025-06-01,2025-06-15,2.0,10.828537940979004,6.942951679229736,-3.8855862617492676,gat
gat,post_covid,4,Hilliard,2025-26,0.5,IT50,19.24134804712757,44,2025-12-07,2026-01-18,6.0,-6.0,2026-01-18,2025-12-21,2026-02-08,7.0,34.03254699707031,37.550811767578125,3.5182647705078125,gat
gat,post_covid,4,Hilliard,2025-26,0.9,IT90,34.52709434950146,44,,2026-02-08,,,2026-02-08,2025-12-21,2026-02-08,7.0,34.03254699707031,37.550811767578125,3.5182647705078125,gat
gat,post_covid,4,Hilliard,2025-26,0.98,IT98,50.186768532537315,44,,,,,,2025-12-21,2026-02-08,7.0,34.03254699707031,37.550811767578125,3.5182647705078125,gat
gat,post_covid,4,Linden,2024-25,0.5,IT50,53.62727596624066,9,,,,,,2025-06-08,2025-06-15,1.0,23.84536361694336,21.54047203063965,-2.304891586303711,gat
gat,post_covid,4,Linden,2024-25,0.9,IT90,82.61523156370409,9,,,,,,2025-06-08,2025-06-15,1.0,23.84536361694336,21.54047203063965,-2.304891586303711,gat
gat,post_covid,4,Linden,2024-25,0.98,IT98,108.92078323683364,9,,,,,,2025-06-08,2025-06-15,1.0,23.84536361694336,21.54047203063965,-2.304891586303711,gat
gat,post_covid,4,Linden,2025-26,0.5,IT50,53.62727596624066,44,2025-12-14,2026-01-18,5.0,-5.0,2026-01-18,2026-01-04,2026-02-15,6.0,76.00709533691406,91.614013671875,15.606918334960938,gat
gat,post_covid,4,Linden,2025-26,0.9,IT90,82.61523156370409,44,,2026-02-08,,,2026-02-08,2026-01-04,2026-02-15,6.0,76.00709533691406,91.614013671875,15.606918334960938,gat
gat,post_covid,4,Linden,2025-26,0.98,IT98,108.92078323683364,44,,,,,,2026-01-04,2026-02-15,6.0,76.00709533691406,91.614013671875,15.606918334960938,gat
gat,post_covid,4,NE Suburban,2024-25,0.5,IT50,27.312493683860776,9,,,,,,2025-06-01,2025-06-08,1.0,9.269793510437012,11.19079303741455,1.920999526977539,gat
gat,post_covid,4,NE Suburban,2024-25,0.9,IT90,41.22759712033061,9,,,,,,2025-06-01,2025-06-08,1.0,9.269793510437012,11.19079303741455,1.920999526977539,gat
gat,post_covid,4,NE Suburban,2024-25,0.98,IT98,53.6511443833241,9,,,,,,2025-06-01,2025-06-08,1.0,9.269793510437012,11.19079303741455,1.920999526977539,gat
gat,post_covid,4,NE Suburban,2025-26,0.5,IT50,27.312493683860776,44,2025-12-21,2026-01-18,4.0,-4.0,2026-01-18,2025-12-21,2026-02-15,8.0,50.56250762939453,46.858154296875,-3.7043533325195312,gat
gat,post_covid,4,NE Suburban,2025-26,0.9,IT90,41.22759712033061,44,2025-12-21,2026-02-01,6.0,-6.0,2026-02-01,2025-12-21,2026-02-15,8.0,50.56250762939453,46.858154296875,-3.7043533325195312,gat
gat,post_covid,4,NE Suburban,2025-26,0.98,IT98,53.6511443833241,44,,,,,,2025-12-21,2026-02-15,8.0,50.56250762939453,46.858154296875,-3.7043533325195312,gat
gat,post_covid,4,Northland,2024-25,0.5,IT50,56.127661353876796,9,,,,,,2025-07-06,2025-06-08,-4.0,20.79029083251953,24.983301162719727,4.193010330200195,gat
gat,post_covid,4,Northland,2024-25,0.9,IT90,89.91407794411414,9,,,,,,2025-07-06,2025-06-08,-4.0,20.79029083251953,24.983301162719727,4.193010330200195,gat
gat,post_covid,4,Northland,2024-25,0.98,IT98,121.54516325409915,9,,,,,,2025-07-06,2025-06-08,-4.0,20.79029083251953,24.983301162719727,4.193010330200195,gat
gat,post_covid,4,Northland,2025-26,0.5,IT50,56.127661353876796,44,2025-12-14,2026-01-18,5.0,-5.0,2026-01-18,2026-01-04,2026-02-15,6.0,87.05934143066406,94.75201416015624,7.692672729492173,gat
gat,post_covid,4,Northland,2025-26,0.9,IT90,89.91407794411414,44,,2026-02-08,,,2026-02-08,2026-01-04,2026-02-15,6.0,87.05934143066406,94.75201416015624,7.692672729492173,gat
gat,post_covid,4,Northland,2025-26,0.98,IT98,121.54516325409915,44,,,,,,2026-01-04,2026-02-15,6.0,87.05934143066406,94.75201416015624,7.692672729492173,gat
gat,post_covid,4,UA/Grandview,2024-25,0.5,IT50,8.143164584776198,9,,,,,,2025-07-06,2025-06-15,-3.0,5.691908359527588,2.6179940700531006,-3.0739142894744873,gat
gat,post_covid,4,UA/Grandview,2024-25,0.9,IT90,16.706142473783938,9,,,,,,2025-07-06,2025-06-15,-3.0,5.691908359527588,2.6179940700531006,-3.0739142894744873,gat
gat,post_covid,4,UA/Grandview,2024-25,0.98,IT98,26.455007113900507,9,,,,,,2025-07-06,2025-06-15,-3.0,5.691908359527588,2.6179940700531006,-3.0739142894744873,gat
gat,post_covid,4,UA/Grandview,2025-26,0.5,IT50,8.143164584776198,44,2025-12-07,2026-01-18,6.0,-6.0,2026-01-18,2025-12-07,2026-02-15,10.0,15.93734359741211,17.95697593688965,2.019632339477539,gat
gat,post_covid,4,UA/Grandview,2025-26,0.9,IT90,16.706142473783938,44,,2026-02-08,,,2026-02-08,2025-12-07,2026-02-15,10.0,15.93734359741211,17.95697593688965,2.019632339477539,gat
gat,post_covid,4,UA/Grandview,2025-26,0.98,IT98,26.455007113900507,44,,,,,,2025-12-07,2026-02-15,10.0,15.93734359741211,17.95697593688965,2.019632339477539,gat
gat,post_covid,4,West,2024-25,0.5,IT50,73.15037971354549,9,,,,,,2025-06-01,2025-06-15,2.0,26.18584442138672,28.580551147460938,2.3947067260742188,gat
gat,post_covid,4,West,2024-25,0.9,IT90,114.1022318647041,9,,,,,,2025-06-01,2025-06-15,2.0,26.18584442138672,28.580551147460938,2.3947067260742188,gat
gat,post_covid,4,West,2024-25,0.98,IT98,151.63555393306305,9,,,,,,2025-06-01,2025-06-15,2.0,26.18584442138672,28.580551147460938,2.3947067260742188,gat
gat,post_covid,4,West,2025-26,0.5,IT50,73.15037971354549,44,2025-12-21,2026-01-18,4.0,-4.0,2026-01-18,2026-01-04,2026-02-15,6.0,84.5428695678711,126.9861297607422,42.44326019287111,gat
gat,post_covid,4,West,2025-26,0.9,IT90,114.1022318647041,44,,2026-02-08,,,2026-02-08,2026-01-04,2026-02-15,6.0,84.5428695678711,126.9861297607422,42.44326019287111,gat
gat,post_covid,4,West,2025-26,0.98,IT98,151.63555393306305,44,,,,,,2026-01-04,2026-02-15,6.0,84.5428695678711,126.9861297607422,42.44326019287111,gat
gat,post_covid,4,Westerville,2024-25,0.5,IT50,24.33364195874595,9,,,,,,2025-06-01,2025-06-08,1.0,9.329228401184082,10.14895248413086,0.8197240829467773,gat
gat,post_covid,4,Westerville,2024-25,0.9,IT90,36.408491039457616,9,,,,,,2025-06-01,2025-06-08,1.0,9.329228401184082,10.14895248413086,0.8197240829467773,gat
gat,post_covid,4,Westerville,2024-25,0.98,IT98,47.11324141772458,9,,,,,,2025-06-01,2025-06-08,1.0,9.329228401184082,10.14895248413086,0.8197240829467773,gat
gat,post_covid,4,Westerville,2025-26,0.5,IT50,24.33364195874595,44,2025-12-14,2026-01-18,5.0,-5.0,2026-01-18,2025-12-21,2026-02-15,8.0,45.091270446777344,42.200172424316406,-2.8910980224609375,gat
gat,post_covid,4,Westerville,2025-26,0.9,IT90,36.408491039457616,44,2025-12-21,2026-02-01,6.0,-6.0,2026-02-01,2025-12-21,2026-02-15,8.0,45.091270446777344,42.200172424316406,-2.8910980224609375,gat
gat,post_covid,4,Westerville,2025-26,0.98,IT98,47.11324141772458,44,,,,,,2025-12-21,2026-02-15,8.0,45.091270446777344,42.200172424316406,-2.8910980224609375,gat
gat,post_covid,4,Worthington,2024-25,0.5,IT50,13.721631551906164,9,,,,,,2025-06-08,2025-06-08,0.0,11.216263771057127,5.707807540893555,-5.508456230163572,gat
gat,post_covid,4,Worthington,2024-25,0.9,IT90,22.978569674557114,9,,,,,,2025-06-08,2025-06-08,0.0,11.216263771057127,5.707807540893555,-5.508456230163572,gat
gat,post_covid,4,Worthington,2024-25,0.98,IT98,31.956357603850087,9,,,,,,2025-06-08,2025-06-08,0.0,11.216263771057127,5.707807540893555,-5.508456230163572,gat
gat,post_covid,4,Worthington,2025-26,0.5,IT50,13.721631551906164,44,2025-08-31,2026-01-18,20.0,-20.0,2026-01-18,2025-12-21,2026-02-15,8.0,44.86505508422851,24.91638946533203,-19.948665618896477,gat
gat,post_covid,4,Worthington,2025-26,0.9,IT90,22.978569674557114,44,2025-12-21,2026-02-08,7.0,-7.0,2026-02-08,2025-12-21,2026-02-15,8.0,44.86505508422851,24.91638946533203,-19.948665618896477,gat
gat,post_covid,4,Worthington,2025-26,0.98,IT98,31.956357603850087,44,2025-12-21,,,,,2025-12-21,2026-02-15,8.0,44.86505508422851,24.91638946533203,-19.948665618896477,gat
gat,post_covid,4,CITYWIDE,2024-25,0.5,IT50,35.19412725226089,9,,,,,,2025-06-01,2025-06-15,2.0,13.228462934494019,14.088669047636145,0.8602061131421266,gat
gat,post_covid,4,CITYWIDE,2024-25,0.9,IT90,56.071415152332634,9,,,,,,2025-06-01,2025-06-15,2.0,13.228462934494019,14.088669047636145,0.8602061131421266,gat
gat,post_covid,4,CITYWIDE,2024-25,0.98,IT98,75.53173152268305,9,,,,,,2025-06-01,2025-06-15,2.0,13.228462934494019,14.088669047636145,0.8602061131421266,gat
gat,post_covid,4,CITYWIDE,2025-26,0.5,IT50,35.19412725226089,44,2025-12-14,2026-01-18,5.0,-5.0,2026-01-18,2025-12-21,2026-02-15,8.0,52.20358455882353,64.72511925416835,12.521534695344819,gat
gat,post_covid,4,CITYWIDE,2025-26,0.9,IT90,56.071415152332634,44,,2026-02-01,,,2026-02-01,2025-12-21,2026-02-15,8.0,52.20358455882353,64.72511925416835,12.521534695344819,gat
gat,post_covid,4,CITYWIDE,2025-26,0.98,IT98,75.53173152268305,44,,,,,,2025-12-21,2026-02-15,8.0,52.20358455882353,64.72511925416835,12.521534695344819,gat
gnn_st,post_covid,4,Agler/Cassidy,2024-25,0.5,IT50,51.74083078339265,9,,,,,,2025-06-08,2025-06-22,2.0,30.734241485595703,18.5054874420166,-12.228754043579102,gnn_st
gnn_st,post_covid,4,Agler/Cassidy,2024-25,0.9,IT90,88.48740693700204,9,,,,,,2025-06-08,2025-06-22,2.0,30.734241485595703,18.5054874420166,-12.228754043579102,gnn_st
gnn_st,post_covid,4,Agler/Cassidy,2024-25,0.98,IT98,124.72586226376617,9,,,,,,2025-06-08,2025-06-22,2.0,30.734241485595703,18.5054874420166,-12.228754043579102,gnn_st
gnn_st,post_covid,4,Agler/Cassidy,2025-26,0.5,IT50,51.74083078339265,44,2025-12-14,2026-01-11,4.0,-4.0,2026-01-11,2025-12-14,2026-01-11,4.0,86.05587768554688,57.962615966796875,-28.09326171875,gnn_st
gnn_st,post_covid,4,Agler/Cassidy,2025-26,0.9,IT90,88.48740693700204,44,,,,,,2025-12-14,2026-01-11,4.0,86.05587768554688,57.962615966796875,-28.09326171875,gnn_st
gnn_st,post_covid,4,Agler/Cassidy,2025-26,0.98,IT98,124.72586226376617,44,,,,,,2025-12-14,2026-01-11,4.0,86.05587768554688,57.962615966796875,-28.09326171875,gnn_st
gnn_st,post_covid,4,Bexley,2024-25,0.5,IT50,24.605454693531783,9,,,,,,2025-06-08,2025-06-15,1.0,7.03457498550415,8.521162033081055,1.4865870475769043,gnn_st
gnn_st,post_covid,4,Bexley,2024-25,0.9,IT90,37.5430295506582,9,,,,,,2025-06-08,2025-06-15,1.0,7.03457498550415,8.521162033081055,1.4865870475769043,gnn_st
gnn_st,post_covid,4,Bexley,2024-25,0.98,IT98,49.19357270883574,9,,,,,,2025-06-08,2025-06-15,1.0,7.03457498550415,8.521162033081055,1.4865870475769043,gnn_st
gnn_st,post_covid,4,Bexley,2025-26,0.5,IT50,24.605454693531783,44,2025-12-07,2026-02-01,8.0,-8.0,2026-02-01,2026-01-04,2026-02-01,4.0,49.24202346801758,28.415271759033203,-20.826751708984375,gnn_st
gnn_st,post_covid,4,Bexley,2025-26,0.9,IT90,37.5430295506582,44,2025-12-28,,,,,2026-01-04,2026-02-01,4.0,49.24202346801758,28.415271759033203,-20.826751708984375,gnn_st
gnn_st,post_covid,4,Bexley,2025-26,0.98,IT98,49.19357270883574,44,2026-01-04,,,,,2026-01-04,2026-02-01,4.0,49.24202346801758,28.415271759033203,-20.826751708984375,gnn_st
gnn_st,post_covid,4,Clintonville/Near North,2024-25,0.5,IT50,15.728895715230147,9,,,,,,2025-07-13,2025-06-01,-6.0,5.136054039001465,5.504312038421631,0.368257999420166,gnn_st
gnn_st,post_covid,4,Clintonville/Near North,2024-25,0.9,IT90,22.099499115677975,9,,,,,,2025-07-13,2025-06-01,-6.0,5.136054039001465,5.504312038421631,0.368257999420166,gnn_st
gnn_st,post_covid,4,Clintonville/Near North,2024-25,0.98,IT98,27.469599865392972,9,,,,,,2025-07-13,2025-06-01,-6.0,5.136054039001465,5.504312038421631,0.368257999420166,gnn_st
gnn_st,post_covid,4,Clintonville/Near North,2025-26,0.5,IT50,15.728895715230147,44,2025-12-07,2026-01-04,4.0,-4.0,2026-01-04,2025-12-28,2026-01-25,4.0,27.734691619873047,18.19562339782715,-9.539068222045898,gnn_st
gnn_st,post_covid,4,Clintonville/Near North,2025-26,0.9,IT90,22.099499115677975,44,2025-12-21,,,,,2025-12-28,2026-01-25,4.0,27.734691619873047,18.19562339782715,-9.539068222045898,gnn_st
gnn_st,post_covid,4,Clintonville/Near North,2025-26,0.98,IT98,27.469599865392972,44,2025-12-28,,,,,2025-12-28,2026-01-25,4.0,27.734691619873047,18.19562339782715,-9.539068222045898,gnn_st
gnn_st,post_covid,4,Dublin,2024-25,0.5,IT50,8.038849454818003,9,,,,,,2025-07-13,2025-06-08,-5.0,3.810394763946533,2.552662134170532,-1.2577326297760014,gnn_st
gnn_st,post_covid,4,Dublin,2024-25,0.9,IT90,14.1626396504559,9,,,,,,2025-07-13,2025-06-08,-5.0,3.810394763946533,2.552662134170532,-1.2577326297760014,gnn_st
gnn_st,post_covid,4,Dublin,2024-25,0.98,IT98,20.345693253667104,9,,,,,,2025-07-13,2025-06-08,-5.0,3.810394763946533,2.552662134170532,-1.2577326297760014,gnn_st
gnn_st,post_covid,4,Dublin,2025-26,0.5,IT50,8.038849454818003,44,2025-12-14,2026-01-11,4.0,-4.0,2026-01-11,2025-12-21,2026-01-18,4.0,16.765737533569336,10.501691818237305,-6.264045715332031,gnn_st
gnn_st,post_covid,4,Dublin,2025-26,0.9,IT90,14.1626396504559,44,2025-12-21,,,,,2025-12-21,2026-01-18,4.0,16.765737533569336,10.501691818237305,-6.264045715332031,gnn_st
gnn_st,post_covid,4,Dublin,2025-26,0.98,IT98,20.345693253667104,44,,,,,,2025-12-21,2026-01-18,4.0,16.765737533569336,10.501691818237305,-6.264045715332031,gnn_st
gnn_st,post_covid,4,Eastside,2024-25,0.5,IT50,53.89825474693718,9,,,,,,2025-06-01,2025-06-15,2.0,18.382776260375977,14.775909423828123,-3.6068668365478533,gnn_st
gnn_st,post_covid,4,Eastside,2024-25,0.9,IT90,89.53274062296502,9,,,,,,2025-06-01,2025-06-15,2.0,18.382776260375977,14.775909423828123,-3.6068668365478533,gnn_st
gnn_st,post_covid,4,Eastside,2024-25,0.98,IT98,123.87134674281285,9,,,,,,2025-06-01,2025-06-15,2.0,18.382776260375977,14.775909423828123,-3.6068668365478533,gnn_st
gnn_st,post_covid,4,Eastside,2025-26,0.5,IT50,53.89825474693718,44,2025-12-21,2026-01-18,4.0,-4.0,2026-01-18,2025-12-21,2026-01-18,4.0,91.91387939453124,62.76234436035156,-29.151535034179673,gnn_st
gnn_st,post_covid,4,Eastside,2025-26,0.9,IT90,89.53274062296502,44,2025-12-21,,,,,2025-12-21,2026-01-18,4.0,91.91387939453124,62.76234436035156,-29.151535034179673,gnn_st
gnn_st,post_covid,4,Eastside,2025-26,0.98,IT98,123.87134674281285,44,,,,,,2025-12-21,2026-01-18,4.0,91.91387939453124,62.76234436035156,-29.151535034179673,gnn_st
gnn_st,post_covid,4,Far East,2024-25,0.5,IT50,76.01095931639992,9,,,,,,2025-06-01,2025-06-15,2.0,31.653696060180664,26.767566680908203,-4.886129379272461,gnn_st
gnn_st,post_covid,4,Far East,2024-25,0.9,IT90,119.58175049878095,9,,,,,,2025-06-01,2025-06-15,2.0,31.653696060180664,26.767566680908203,-4.886129379272461,gnn_st
gnn_st,post_covid,4,Far East,2024-25,0.98,IT98,159.7885780471188,9,,,,,,2025-06-01,2025-06-15,2.0,31.653696060180664,26.767566680908203,-4.886129379272461,gnn_st
gnn_st,post_covid,4,Far East,2025-26,0.5,IT50,76.01095931639992,44,2025-12-21,2025-12-28,1.0,-1.0,2025-12-28,2025-12-28,2026-01-25,4.0,123.0313491821289,84.75593566894531,-38.275413513183594,gnn_st
gnn_st,post_covid,4,Far East,2025-26,0.9,IT90,119.58175049878095,44,2025-12-28,,,,,2025-12-28,2026-01-25,4.0,123.0313491821289,84.75593566894531,-38.275413513183594,gnn_st
gnn_st,post_covid,4,Far East,2025-26,0.98,IT98,159.7885780471188,44,,,,,,2025-12-28,2026-01-25,4.0,123.0313491821289,84.75593566894531,-38.275413513183594,gnn_st
gnn_st,post_covid,4,Far South,2024-25,0.5,IT50,69.7066330370401,9,,,,,,2025-06-01,2025-06-01,0.0,27.77184295654297,22.652803421020508,-5.119039535522461,gnn_st
gnn_st,post_covid,4,Far South,2024-25,0.9,IT90,121.95949130896,9,,,,,,2025-06-01,2025-06-01,0.0,27.77184295654297,22.652803421020508,-5.119039535522461,gnn_st
gnn_st,post_covid,4,Far South,2024-25,0.98,IT98,174.42921640712913,9,,,,,,2025-06-01,2025-06-01,0.0,27.77184295654297,22.652803421020508,-5.119039535522461,gnn_st
gnn_st,post_covid,4,Far South,2025-26,0.5,IT50,69.7066330370401,44,2025-12-14,2026-01-11,4.0,-4.0,2026-01-11,2026-01-18,2026-01-11,-1.0,100.40589904785156,71.24789428710938,-29.158004760742188,gnn_st
gnn_st,post_covid,4,Far South,2025-26,0.9,IT90,121.95949130896,44,,,,,,2026-01-18,2026-01-11,-1.0,100.40589904785156,71.24789428710938,-29.158004760742188,gnn_st
gnn_st,post_covid,4,Far South,2025-26,0.98,IT98,174.42921640712913,44,,,,,,2026-01-18,2026-01-11,-1.0,100.40589904785156,71.24789428710938,-29.158004760742188,gnn_st
gnn_st,post_covid,4,Far Southeast,2024-25,0.5,IT50,10.956265259525463,9,,,,,,2025-06-01,2025-06-22,3.0,6.61631965637207,5.260005950927734,-1.356313705444336,gnn_st
gnn_st,post_covid,4,Far Southeast,2024-25,0.9,IT90,18.40391015194404,9,,,,,,2025-06-01,2025-06-22,3.0,6.61631965637207,5.260005950927734,-1.356313705444336,gnn_st
gnn_st,post_covid,4,Far Southeast,2024-25,0.98,IT98,25.644566505740826,9,,,,,,2025-06-01,2025-06-22,3.0,6.61631965637207,5.260005950927734,-1.356313705444336,gnn_st
gnn_st,post_covid,4,Far Southeast,2025-26,0.5,IT50,10.956265259525463,44,2025-12-07,,,,,2025-12-21,2026-01-25,5.0,14.177827835083008,10.03791046142578,-4.139917373657228,gnn_st
gnn_st,post_covid,4,Far Southeast,2025-26,0.9,IT90,18.40391015194404,44,,,,,,2025-12-21,2026-01-25,5.0,14.177827835083008,10.03791046142578,-4.139917373657228,gnn_st
gnn_st,post_covid,4,Far Southeast,2025-26,0.98,IT98,25.644566505740826,44,,,,,,2025-12-21,2026-01-25,5.0,14.177827835083008,10.03791046142578,-4.139917373657228,gnn_st
gnn_st,post_covid,4,Far Southwest,2024-25,0.5,IT50,34.041053932580134,9,,,,,,2025-07-06,2025-06-01,-5.0,13.57149600982666,10.819186210632324,-2.752309799194336,gnn_st
gnn_st,post_covid,4,Far Southwest,2024-25,0.9,IT90,54.68112356483704,9,,,,,,2025-07-06,2025-06-01,-5.0,13.57149600982666,10.819186210632324,-2.752309799194336,gnn_st
gnn_st,post_covid,4,Far Southwest,2024-25,0.98,IT98,74.04650918881951,9,,,,,,2025-07-06,2025-06-01,-5.0,13.57149600982666,10.819186210632324,-2.752309799194336,gnn_st
gnn_st,post_covid,4,Far Southwest,2025-26,0.5,IT50,34.041053932580134,44,2025-12-14,2026-01-11,4.0,-4.0,2026-01-11,2025-12-14,2026-01-11,4.0,46.97825622558594,35.92397689819336,-11.054279327392578,gnn_st
gnn_st,post_covid,4,Far Southwest,2025-26,0.9,IT90,54.68112356483704,44,,,,,,2025-12-14,2026-01-11,4.0,46.97825622558594,35.92397689819336,-11.054279327392578,gnn_st
gnn_st,post_covid,4,Far Southwest,2025-26,0.98,IT98,74.04650918881951,44,,,,,,2025-12-14,2026-01-11,4.0,46.97825622558594,35.92397689819336,-11.054279327392578,gnn_st
gnn_st,post_covid,4,Hilliard,2024-25,0.5,IT50,19.24134804712757,9,,,,,,2025-06-01,2025-06-15,2.0,10.828537940979004,6.549312114715576,-4.279225826263428,gnn_st
gnn_st,post_covid,4,Hilliard,2024-25,0.9,IT90,34.52709434950146,9,,,,,,2025-06-01,2025-06-15,2.0,10.828537940979004,6.549312114715576,-4.279225826263428,gnn_st
gnn_st,post_covid,4,Hilliard,2024-25,0.98,IT98,50.186768532537315,9,,,,,,2025-06-01,2025-06-15,2.0,10.828537940979004,6.549312114715576,-4.279225826263428,gnn_st
gnn_st,post_covid,4,Hilliard,2025-26,0.5,IT50,19.24134804712757,44,2025-12-07,2025-12-28,3.0,-3.0,2025-12-28,2025-12-21,2026-01-18,4.0,34.03254699707031,22.36787796020508,-11.66466903686523,gnn_st
gnn_st,post_covid,4,Hilliard,2025-26,0.9,IT90,34.52709434950146,44,,,,,,2025-12-21,2026-01-18,4.0,34.03254699707031,22.36787796020508,-11.66466903686523,gnn_st
gnn_st,post_covid,4,Hilliard,2025-26,0.98,IT98,50.186768532537315,44,,,,,,2025-12-21,2026-01-18,4.0,34.03254699707031,22.36787796020508,-11.66466903686523,gnn_st
gnn_st,post_covid,4,Linden,2024-25,0.5,IT50,53.62727596624066,9,,,,,,2025-06-08,2025-06-22,2.0,23.84536361694336,17.958471298217773,-5.886892318725586,gnn_st
gnn_st,post_covid,4,Linden,2024-25,0.9,IT90,82.61523156370409,9,,,,,,2025-06-08,2025-06-22,2.0,23.84536361694336,17.958471298217773,-5.886892318725586,gnn_st
gnn_st,post_covid,4,Linden,2024-25,0.98,IT98,108.92078323683364,9,,,,,,2025-06-08,2025-06-22,2.0,23.84536361694336,17.958471298217773,-5.886892318725586,gnn_st
gnn_st,post_covid,4,Linden,2025-26,0.5,IT50,53.62727596624066,44,2025-12-14,2026-02-01,7.0,-7.0,2026-02-01,2026-01-04,2026-02-01,4.0,76.00709533691406,54.90640640258789,-21.100688934326172,gnn_st
gnn_st,post_covid,4,Linden,2025-26,0.9,IT90,82.61523156370409,44,,,,,,2026-01-04,2026-02-01,4.0,76.00709533691406,54.90640640258789,-21.100688934326172,gnn_st
gnn_st,post_covid,4,Linden,2025-26,0.98,IT98,108.92078323683364,44,,,,,,2026-01-04,2026-02-01,4.0,76.00709533691406,54.90640640258789,-21.100688934326172,gnn_st
gnn_st,post_covid,4,NE Suburban,2024-25,0.5,IT50,27.312493683860776,9,,,,,,2025-06-01,2025-06-01,0.0,9.269793510437012,10.011829376220703,0.7420358657836914,gnn_st
gnn_st,post_covid,4,NE Suburban,2024-25,0.9,IT90,41.22759712033061,9,,,,,,2025-06-01,2025-06-01,0.0,9.269793510437012,10.011829376220703,0.7420358657836914,gnn_st
gnn_st,post_covid,4,NE Suburban,2024-25,0.98,IT98,53.6511443833241,9,,,,,,2025-06-01,2025-06-01,0.0,9.269793510437012,10.011829376220703,0.7420358657836914,gnn_st
gnn_st,post_covid,4,NE Suburban,2025-26,0.5,IT50,27.312493683860776,44,2025-12-21,2026-01-18,4.0,-4.0,2026-01-18,2025-12-21,2026-01-18,4.0,50.56250762939453,33.168514251708984,-17.393993377685547,gnn_st
gnn_st,post_covid,4,NE Suburban,2025-26,0.9,IT90,41.22759712033061,44,2025-12-21,,,,,2025-12-21,2026-01-18,4.0,50.56250762939453,33.168514251708984,-17.393993377685547,gnn_st
gnn_st,post_covid,4,NE Suburban,2025-26,0.98,IT98,53.6511443833241,44,,,,,,2025-12-21,2026-01-18,4.0,50.56250762939453,33.168514251708984,-17.393993377685547,gnn_st
gnn_st,post_covid,4,Northland,2024-25,0.5,IT50,56.127661353876796,9,,,,,,2025-07-06,2025-06-22,-2.0,20.79029083251953,22.840688705444336,2.0503978729248047,gnn_st
gnn_st,post_covid,4,Northland,2024-25,0.9,IT90,89.91407794411414,9,,,,,,2025-07-06,2025-06-22,-2.0,20.79029083251953,22.840688705444336,2.0503978729248047,gnn_st
gnn_st,post_covid,4,Northland,2024-25,0.98,IT98,121.54516325409915,9,,,,,,2025-07-06,2025-06-22,-2.0,20.79029083251953,22.840688705444336,2.0503978729248047,gnn_st
gnn_st,post_covid,4,Northland,2025-26,0.5,IT50,56.127661353876796,44,2025-12-14,2026-01-18,5.0,-5.0,2026-01-18,2026-01-04,2026-02-01,4.0,87.05934143066406,60.38543319702149,-26.67390823364257,gnn_st
gnn_st,post_covid,4,Northland,2025-26,0.9,IT90,89.91407794411414,44,,,,,,2026-01-04,2026-02-01,4.0,87.05934143066406,60.38543319702149,-26.67390823364257,gnn_st
gnn_st,post_covid,4,Northland,2025-26,0.98,IT98,121.54516325409915,44,,,,,,2026-01-04,2026-02-01,4.0,87.05934143066406,60.38543319702149,-26.67390823364257,gnn_st
gnn_st,post_covid,4,UA/Grandview,2024-25,0.5,IT50,8.143164584776198,9,,,,,,2025-07-06,2025-06-22,-2.0,5.691908359527588,2.8727524280548096,-2.8191559314727783,gnn_st
gnn_st,post_covid,4,UA/Grandview,2024-25,0.9,IT90,16.706142473783938,9,,,,,,2025-07-06,2025-06-22,-2.0,5.691908359527588,2.8727524280548096,-2.8191559314727783,gnn_st
gnn_st,post_covid,4,UA/Grandview,2024-25,0.98,IT98,26.455007113900507,9,,,,,,2025-07-06,2025-06-22,-2.0,5.691908359527588,2.8727524280548096,-2.8191559314727783,gnn_st
gnn_st,post_covid,4,UA/Grandview,2025-26,0.5,IT50,8.143164584776198,44,2025-12-07,2026-01-04,4.0,-4.0,2026-01-04,2025-12-07,2026-01-18,6.0,15.93734359741211,9.613761901855469,-6.323581695556641,gnn_st
gnn_st,post_covid,4,UA/Grandview,2025-26,0.9,IT90,16.706142473783938,44,,,,,,2025-12-07,2026-01-18,6.0,15.93734359741211,9.613761901855469,-6.323581695556641,gnn_st
gnn_st,post_covid,4,UA/Grandview,2025-26,0.98,IT98,26.455007113900507,44,,,,,,2025-12-07,2026-01-18,6.0,15.93734359741211,9.613761901855469,-6.323581695556641,gnn_st
gnn_st,post_covid,4,West,2024-25,0.5,IT50,73.15037971354549,9,,,,,,2025-06-01,2025-06-01,0.0,26.18584442138672,20.96163749694824,-5.22420692443848,gnn_st
gnn_st,post_covid,4,West,2024-25,0.9,IT90,114.1022318647041,9,,,,,,2025-06-01,2025-06-01,0.0,26.18584442138672,20.96163749694824,-5.22420692443848,gnn_st
gnn_st,post_covid,4,West,2024-25,0.98,IT98,151.63555393306305,9,,,,,,2025-06-01,2025-06-01,0.0,26.18584442138672,20.96163749694824,-5.22420692443848,gnn_st
gnn_st,post_covid,4,West,2025-26,0.5,IT50,73.15037971354549,44,2025-12-21,,,,,2026-01-04,2025-12-28,-1.0,84.5428695678711,72.6265640258789,-11.916305541992188,gnn_st
gnn_st,post_covid,4,West,2025-26,0.9,IT90,114.1022318647041,44,,,,,,2026-01-04,2025-12-28,-1.0,84.5428695678711,72.6265640258789,-11.916305541992188,gnn_st
gnn_st,post_covid,4,West,2025-26,0.98,IT98,151.63555393306305,44,,,,,,2026-01-04,2025-12-28,-1.0,84.5428695678711,72.6265640258789,-11.916305541992188,gnn_st
gnn_st,post_covid,4,Westerville,2024-25,0.5,IT50,24.33364195874595,9,,,,,,2025-06-01,2025-06-15,2.0,9.329228401184082,9.545520782470703,0.2162923812866211,gnn_st
gnn_st,post_covid,4,Westerville,2024-25,0.9,IT90,36.408491039457616,9,,,,,,2025-06-01,2025-06-15,2.0,9.329228401184082,9.545520782470703,0.2162923812866211,gnn_st
gnn_st,post_covid,4,Westerville,2024-25,0.98,IT98,47.11324141772458,9,,,,,,2025-06-01,2025-06-15,2.0,9.329228401184082,9.545520782470703,0.2162923812866211,gnn_st
gnn_st,post_covid,4,Westerville,2025-26,0.5,IT50,24.33364195874595,44,2025-12-14,2026-01-11,4.0,-4.0,2026-01-11,2025-12-21,2026-01-18,4.0,45.091270446777344,28.589719772338867,-16.501550674438477,gnn_st
gnn_st,post_covid,4,Westerville,2025-26,0.9,IT90,36.408491039457616,44,2025-12-21,,,,,2025-12-21,2026-01-18,4.0,45.091270446777344,28.589719772338867,-16.501550674438477,gnn_st
gnn_st,post_covid,4,Westerville,2025-26,0.98,IT98,47.11324141772458,44,,,,,,2025-12-21,2026-01-18,4.0,45.091270446777344,28.589719772338867,-16.501550674438477,gnn_st
gnn_st,post_covid,4,Worthington,2024-25,0.5,IT50,13.721631551906164,9,,,,,,2025-06-08,2025-06-08,0.0,11.216263771057127,6.60239315032959,-4.613870620727537,gnn_st
gnn_st,post_covid,4,Worthington,2024-25,0.9,IT90,22.978569674557114,9,,,,,,2025-06-08,2025-06-08,0.0,11.216263771057127,6.60239315032959,-4.613870620727537,gnn_st
gnn_st,post_covid,4,Worthington,2024-25,0.98,IT98,31.956357603850087,9,,,,,,2025-06-08,2025-06-08,0.0,11.216263771057127,6.60239315032959,-4.613870620727537,gnn_st
gnn_st,post_covid,4,Worthington,2025-26,0.5,IT50,13.721631551906164,44,2025-08-31,2026-01-18,20.0,-20.0,2026-01-18,2025-12-21,2026-01-18,4.0,44.86505508422851,24.152755737304688,-20.71229934692382,gnn_st
gnn_st,post_covid,4,Worthington,2025-26,0.9,IT90,22.978569674557114,44,2025-12-21,2026-01-18,4.0,-4.0,2026-01-18,2025-12-21,2026-01-18,4.0,44.86505508422851,24.152755737304688,-20.71229934692382,gnn_st
gnn_st,post_covid,4,Worthington,2025-26,0.98,IT98,31.956357603850087,44,2025-12-21,,,,,2025-12-21,2026-01-18,4.0,44.86505508422851,24.152755737304688,-20.71229934692382,gnn_st
gnn_st,post_covid,4,CITYWIDE,2024-25,0.5,IT50,35.19412725226089,9,,,,,,2025-06-01,2025-06-15,2.0,13.228462934494019,11.317333144300123,-1.911129790193895,gnn_st
gnn_st,post_covid,4,CITYWIDE,2024-25,0.9,IT90,56.071415152332634,9,,,,,,2025-06-01,2025-06-15,2.0,13.228462934494019,11.317333144300123,-1.911129790193895,gnn_st
gnn_st,post_covid,4,CITYWIDE,2024-25,0.98,IT98,75.53173152268305,9,,,,,,2025-06-01,2025-06-15,2.0,13.228462934494019,11.317333144300123,-1.911129790193895,gnn_st
gnn_st,post_covid,4,CITYWIDE,2025-26,0.5,IT50,35.19412725226089,44,2025-12-14,2026-01-18,5.0,-5.0,2026-01-18,2025-12-21,2026-01-18,4.0,52.20358511980842,37.9117571886848,-14.29182793112362,gnn_st
gnn_st,post_covid,4,CITYWIDE,2025-26,0.9,IT90,56.071415152332634,44,,,,,,2025-12-21,2026-01-18,4.0,52.20358511980842,37.9117571886848,-14.29182793112362,gnn_st
gnn_st,post_covid,4,CITYWIDE,2025-26,0.98,IT98,75.53173152268305,44,,,,,,2025-12-21,2026-01-18,4.0,52.20358511980842,37.9117571886848,-14.29182793112362,gnn_st
lstm,post_covid,4,Agler/Cassidy,2024-25,0.5,IT50,51.74083078339265,9,,,,,,2025-06-08,2025-06-22,2.0,30.73424101791806,25.82767868041992,-4.906562337498141,lstm
lstm,post_covid,4,Agler/Cassidy,2024-25,0.9,IT90,88.48740693700204,9,,,,,,2025-06-08,2025-06-22,2.0,30.73424101791806,25.82767868041992,-4.906562337498141,lstm
lstm,post_covid,4,Agler/Cassidy,2024-25,0.98,IT98,124.72586226376617,9,,,,,,2025-06-08,2025-06-22,2.0,30.73424101791806,25.82767868041992,-4.906562337498141,lstm
lstm,post_covid,4,Agler/Cassidy,2025-26,0.5,IT50,51.74083078339265,44,2025-12-14,2026-01-25,6.0,-6.0,2026-01-25,2025-12-14,2026-01-25,6.0,86.05587485017058,52.82954406738281,-33.22633078278777,lstm
lstm,post_covid,4,Agler/Cassidy,2025-26,0.9,IT90,88.48740693700204,44,,,,,,2025-12-14,2026-01-25,6.0,86.05587485017058,52.82954406738281,-33.22633078278777,lstm
lstm,post_covid,4,Agler/Cassidy,2025-26,0.98,IT98,124.72586226376617,44,,,,,,2025-12-14,2026-01-25,6.0,86.05587485017058,52.82954406738281,-33.22633078278777,lstm
lstm,post_covid,4,Bexley,2024-25,0.5,IT50,24.605454693531783,9,,,,,,2025-06-08,2025-06-22,2.0,7.034574935809503,10.82224464416504,3.787669708355538,lstm
lstm,post_covid,4,Bexley,2024-25,0.9,IT90,37.5430295506582,9,,,,,,2025-06-08,2025-06-22,2.0,7.034574935809503,10.82224464416504,3.787669708355538,lstm
lstm,post_covid,4,Bexley,2024-25,0.98,IT98,49.19357270883574,9,,,,,,2025-06-08,2025-06-22,2.0,7.034574935809503,10.82224464416504,3.787669708355538,lstm
lstm,post_covid,4,Bexley,2025-26,0.5,IT50,24.605454693531783,44,2025-12-07,,,,,2026-01-04,2026-02-01,4.0,49.24202455066653,22.5653018951416,-26.676722655524927,lstm
lstm,post_covid,4,Bexley,2025-26,0.9,IT90,37.5430295506582,44,2025-12-28,,,,,2026-01-04,2026-02-01,4.0,49.24202455066653,22.5653018951416,-26.676722655524927,lstm
lstm,post_covid,4,Bexley,2025-26,0.98,IT98,49.19357270883574,44,2026-01-04,,,,,2026-01-04,2026-02-01,4.0,49.24202455066653,22.5653018951416,-26.676722655524927,lstm
lstm,post_covid,4,Clintonville/Near North,2024-25,0.5,IT50,15.728895715230147,9,,,,,,2025-07-13,2025-06-22,-3.0,5.136054072377274,7.450516700744629,2.3144626283673553,lstm
lstm,post_covid,4,Clintonville/Near North,2024-25,0.9,IT90,22.099499115677975,9,,,,,,2025-07-13,2025-06-22,-3.0,5.136054072377274,7.450516700744629,2.3144626283673553,lstm
lstm,post_covid,4,Clintonville/Near North,2024-25,0.98,IT98,27.469599865392972,9,,,,,,2025-07-13,2025-06-22,-3.0,5.136054072377274,7.450516700744629,2.3144626283673553,lstm
lstm,post_covid,4,Clintonville/Near North,2025-26,0.5,IT50,15.728895715230147,44,2025-12-07,,,,,2025-12-28,2026-01-25,4.0,27.73469199083728,15.381013870239258,-12.353678120598023,lstm
lstm,post_covid,4,Clintonville/Near North,2025-26,0.9,IT90,22.099499115677975,44,2025-12-21,,,,,2025-12-28,2026-01-25,4.0,27.73469199083728,15.381013870239258,-12.353678120598023,lstm
lstm,post_covid,4,Clintonville/Near North,2025-26,0.98,IT98,27.469599865392972,44,2025-12-28,,,,,2025-12-28,2026-01-25,4.0,27.73469199083728,15.381013870239258,-12.353678120598023,lstm
lstm,post_covid,4,Dublin,2024-25,0.5,IT50,8.038849454818003,9,,,,,,2025-07-13,2025-06-22,-3.0,3.8103947568968146,3.390208959579468,-0.4201857973173464,lstm
lstm,post_covid,4,Dublin,2024-25,0.9,IT90,14.1626396504559,9,,,,,,2025-07-13,2025-06-22,-3.0,3.8103947568968146,3.390208959579468,-0.4201857973173464,lstm
lstm,post_covid,4,Dublin,2024-25,0.98,IT98,20.345693253667104,9,,,,,,2025-07-13,2025-06-22,-3.0,3.8103947568968146,3.390208959579468,-0.4201857973173464,lstm
lstm,post_covid,4,Dublin,2025-26,0.5,IT50,8.038849454818003,44,2025-12-14,,,,,2025-12-21,2026-01-25,5.0,16.765736930345984,6.901350021362305,-9.864386908983679,lstm
lstm,post_covid,4,Dublin,2025-26,0.9,IT90,14.1626396504559,44,2025-12-21,,,,,2025-12-21,2026-01-25,5.0,16.765736930345984,6.901350021362305,-9.864386908983679,lstm
lstm,post_covid,4,Dublin,2025-26,0.98,IT98,20.345693253667104,44,,,,,,2025-12-21,2026-01-25,5.0,16.765736930345984,6.901350021362305,-9.864386908983679,lstm
lstm,post_covid,4,Eastside,2024-25,0.5,IT50,53.89825474693718,9,,,,,,2025-06-01,2025-06-01,0.0,18.38277533950688,25.953678131103516,7.570902791596637,lstm
lstm,post_covid,4,Eastside,2024-25,0.9,IT90,89.53274062296502,9,,,,,,2025-06-01,2025-06-01,0.0,18.38277533950688,25.953678131103516,7.570902791596637,lstm
lstm,post_covid,4,Eastside,2024-25,0.98,IT98,123.87134674281285,9,,,,,,2025-06-01,2025-06-01,0.0,18.38277533950688,25.953678131103516,7.570902791596637,lstm
lstm,post_covid,4,Eastside,2025-26,0.5,IT50,53.89825474693718,44,2025-12-21,2026-01-18,4.0,-4.0,2026-01-18,2025-12-21,2026-01-25,5.0,91.91387669753442,55.2747917175293,-36.63908498000512,lstm
lstm,post_covid,4,Eastside,2025-26,0.9,IT90,89.53274062296502,44,2025-12-21,,,,,2025-12-21,2026-01-25,5.0,91.91387669753442,55.2747917175293,-36.63908498000512,lstm
lstm,post_covid,4,Eastside,2025-26,0.98,IT98,123.87134674281285,44,,,,,,2025-12-21,2026-01-25,5.0,91.91387669753442,55.2747917175293,-36.63908498000512,lstm
lstm,post_covid,4,Far East,2024-25,0.5,IT50,76.01095931639992,9,,,,,,2025-06-01,2025-06-15,2.0,31.653696614248943,40.836238861083984,9.182542246835041,lstm
lstm,post_covid,4,Far East,2024-25,0.9,IT90,119.58175049878095,9,,,,,,2025-06-01,2025-06-15,2.0,31.653696614248943,40.836238861083984,9.182542246835041,lstm
lstm,post_covid,4,Far East,2024-25,0.98,IT98,159.7885780471188,9,,,,,,2025-06-01,2025-06-15,2.0,31.653696614248943,40.836238861083984,9.182542246835041,lstm
lstm,post_covid,4,Far East,2025-26,0.5,IT50,76.01095931639992,44,2025-12-21,,,,,2025-12-28,2026-02-01,5.0,123.03134910443929,68.17568969726562,-54.85565940717366,lstm
lstm,post_covid,4,Far East,2025-26,0.9,IT90,119.58175049878095,44,2025-12-28,,,,,2025-12-28,2026-02-01,5.0,123.03134910443929,68.17568969726562,-54.85565940717366,lstm
lstm,post_covid,4,Far East,2025-26,0.98,IT98,159.7885780471188,44,,,,,,2025-12-28,2026-02-01,5.0,123.03134910443929,68.17568969726562,-54.85565940717366,lstm
lstm,post_covid,4,Far South,2024-25,0.5,IT50,69.7066330370401,9,,,,,,2025-06-01,2025-06-22,3.0,27.771843623157444,32.81302261352539,5.041178990367946,lstm
lstm,post_covid,4,Far South,2024-25,0.9,IT90,121.95949130896,9,,,,,,2025-06-01,2025-06-22,3.0,27.771843623157444,32.81302261352539,5.041178990367946,lstm
lstm,post_covid,4,Far South,2024-25,0.98,IT98,174.42921640712913,9,,,,,,2025-06-01,2025-06-22,3.0,27.771843623157444,32.81302261352539,5.041178990367946,lstm
lstm,post_covid,4,Far South,2025-26,0.5,IT50,69.7066330370401,44,2025-12-14,2026-01-18,5.0,-5.0,2026-01-18,2026-01-18,2026-01-25,1.0,100.40589617603077,72.0001449584961,-28.40575121753467,lstm
lstm,post_covid,4,Far South,2025-26,0.9,IT90,121.95949130896,44,,,,,,2026-01-18,2026-01-25,1.0,100.40589617603077,72.0001449584961,-28.40575121753467,lstm
lstm,post_covid,4,Far South,2025-26,0.98,IT98,174.42921640712913,44,,,,,,2026-01-18,2026-01-25,1.0,100.40589617603077,72.0001449584961,-28.40575121753467,lstm
lstm,post_covid,4,Far Southeast,2024-25,0.5,IT50,10.956265259525463,9,,,,,,2025-06-01,2025-06-22,3.0,6.616319624949195,5.141007423400879,-1.4753122015483164,lstm
lstm,post_covid,4,Far Southeast,2024-25,0.9,IT90,18.40391015194404,9,,,,,,2025-06-01,2025-06-22,3.0,6.616319624949195,5.141007423400879,-1.4753122015483164,lstm
lstm,post_covid,4,Far Southeast,2024-25,0.98,IT98,25.644566505740826,9,,,,,,2025-06-01,2025-06-22,3.0,6.616319624949195,5.141007423400879,-1.4753122015483164,lstm
lstm,post_covid,4,Far Southeast,2025-26,0.5,IT50,10.956265259525463,44,2025-12-07,,,,,2025-12-21,2026-02-01,6.0,14.177827767748276,8.818233489990234,-5.359594277758042,lstm
lstm,post_covid,4,Far Southeast,2025-26,0.9,IT90,18.40391015194404,44,,,,,,2025-12-21,2026-02-01,6.0,14.177827767748276,8.818233489990234,-5.359594277758042,lstm
lstm,post_covid,4,Far Southeast,2025-26,0.98,IT98,25.644566505740826,44,,,,,,2025-12-21,2026-02-01,6.0,14.177827767748276,8.818233489990234,-5.359594277758042,lstm
lstm,post_covid,4,Far Southwest,2024-25,0.5,IT50,34.041053932580134,9,,,,,,2025-07-06,2025-06-01,-5.0,13.571495683220412,16.86977767944336,3.298281996222947,lstm
lstm,post_covid,4,Far Southwest,2024-25,0.9,IT90,54.68112356483704,9,,,,,,2025-07-06,2025-06-01,-5.0,13.571495683220412,16.86977767944336,3.298281996222947,lstm
lstm,post_covid,4,Far Southwest,2024-25,0.98,IT98,74.04650918881951,9,,,,,,2025-07-06,2025-06-01,-5.0,13.571495683220412,16.86977767944336,3.298281996222947,lstm
lstm,post_covid,4,Far Southwest,2025-26,0.5,IT50,34.041053932580134,44,2025-12-14,,,,,2025-12-14,2026-01-25,6.0,46.97825428807066,33.99143600463867,-12.986818283431987,lstm
lstm,post_covid,4,Far Southwest,2025-26,0.9,IT90,54.68112356483704,44,,,,,,2025-12-14,2026-01-25,6.0,46.97825428807066,33.99143600463867,-12.986818283431987,lstm
lstm,post_covid,4,Far Southwest,2025-26,0.98,IT98,74.04650918881951,44,,,,,,2025-12-14,2026-01-25,6.0,46.97825428807066,33.99143600463867,-12.986818283431987,lstm
lstm,post_covid,4,Hilliard,2024-25,0.5,IT50,19.24134804712757,9,,,,,,2025-06-01,2025-06-22,3.0,10.828537838005074,9.431804656982422,-1.3967331810226522,lstm
lstm,post_covid,4,Hilliard,2024-25,0.9,IT90,34.52709434950146,9,,,,,,2025-06-01,2025-06-22,3.0,10.828537838005074,9.431804656982422,-1.3967331810226522,lstm
lstm,post_covid,4,Hilliard,2024-25,0.98,IT98,50.186768532537315,9,,,,,,2025-06-01,2025-06-22,3.0,10.828537838005074,9.431804656982422,-1.3967331810226522,lstm
lstm,post_covid,4,Hilliard,2025-26,0.5,IT50,19.24134804712757,44,2025-12-07,2026-01-25,7.0,-7.0,2026-01-25,2025-12-21,2026-01-25,5.0,34.032547490873085,19.282222747802734,-14.750324743070351,lstm
lstm,post_covid,4,Hilliard,2025-26,0.9,IT90,34.52709434950146,44,,,,,,2025-12-21,2026-01-25,5.0,34.032547490873085,19.282222747802734,-14.750324743070351,lstm
lstm,post_covid,4,Hilliard,2025-26,0.98,IT98,50.186768532537315,44,,,,,,2025-12-21,2026-01-25,5.0,34.032547490873085,19.282222747802734,-14.750324743070351,lstm
lstm,post_covid,4,Linden,2024-25,0.5,IT50,53.62727596624066,9,,,,,,2025-06-08,2025-06-01,-1.0,23.845362822098693,27.235761642456055,3.390398820357362,lstm
lstm,post_covid,4,Linden,2024-25,0.9,IT90,82.61523156370409,9,,,,,,2025-06-08,2025-06-01,-1.0,23.845362822098693,27.235761642456055,3.390398820357362,lstm
lstm,post_covid,4,Linden,2024-25,0.98,IT98,108.92078323683364,9,,,,,,2025-06-08,2025-06-01,-1.0,23.845362822098693,27.235761642456055,3.390398820357362,lstm
lstm,post_covid,4,Linden,2025-26,0.5,IT50,53.62727596624066,44,2025-12-14,,,,,2026-01-04,2026-02-01,4.0,76.00709399543958,48.362056732177734,-27.64503726326184,lstm
lstm,post_covid,4,Linden,2025-26,0.9,IT90,82.61523156370409,44,,,,,,2026-01-04,2026-02-01,4.0,76.00709399543958,48.362056732177734,-27.64503726326184,lstm
lstm,post_covid,4,Linden,2025-26,0.98,IT98,108.92078323683364,44,,,,,,2026-01-04,2026-02-01,4.0,76.00709399543958,48.362056732177734,-27.64503726326184,lstm
lstm,post_covid,4,NE Suburban,2024-25,0.5,IT50,27.312493683860776,9,,,,,,2025-06-01,2025-06-22,3.0,9.26979311507184,14.02348804473877,4.7536949296669295,lstm
lstm,post_covid,4,NE Suburban,2024-25,0.9,IT90,41.22759712033061,9,,,,,,2025-06-01,2025-06-22,3.0,9.26979311507184,14.02348804473877,4.7536949296669295,lstm
lstm,post_covid,4,NE Suburban,2024-25,0.98,IT98,53.6511443833241,9,,,,,,2025-06-01,2025-06-22,3.0,9.26979311507184,14.02348804473877,4.7536949296669295,lstm
lstm,post_covid,4,NE Suburban,2025-26,0.5,IT50,27.312493683860776,44,2025-12-21,2026-01-25,5.0,-5.0,2026-01-25,2025-12-21,2026-01-25,5.0,50.562507900391864,27.57257652282715,-22.989931377564716,lstm
lstm,post_covid,4,NE Suburban,2025-26,0.9,IT90,41.22759712033061,44,2025-12-21,,,,,2025-12-21,2026-01-25,5.0,50.562507900391864,27.57257652282715,-22.989931377564716,lstm
lstm,post_covid,4,NE Suburban,2025-26,0.98,IT98,53.6511443833241,44,,,,,,2025-12-21,2026-01-25,5.0,50.562507900391864,27.57257652282715,-22.989931377564716,lstm
lstm,post_covid,4,Northland,2024-25,0.5,IT50,56.127661353876796,9,,,,,,2025-07-06,2025-06-22,-2.0,20.79029093413376,31.832439422607425,11.042148488473664,lstm
lstm,post_covid,4,Northland,2024-25,0.9,IT90,89.91407794411414,9,,,,,,2025-07-06,2025-06-22,-2.0,20.79029093413376,31.832439422607425,11.042148488473664,lstm
lstm,post_covid,4,Northland,2024-25,0.98,IT98,121.54516325409915,9,,,,,,2025-07-06,2025-06-22,-2.0,20.79029093413376,31.832439422607425,11.042148488473664,lstm
lstm,post_covid,4,Northland,2025-26,0.5,IT50,56.127661353876796,44,2025-12-14,,,,,2026-01-04,2026-01-25,3.0,87.05934328668512,54.568641662597656,-32.490701624087464,lstm
lstm,post_covid,4,Northland,2025-26,0.9,IT90,89.91407794411414,44,,,,,,2026-01-04,2026-01-25,3.0,87.05934328668512,54.568641662597656,-32.490701624087464,lstm
lstm,post_covid,4,Northland,2025-26,0.98,IT98,121.54516325409915,44,,,,,,2026-01-04,2026-01-25,3.0,87.05934328668512,54.568641662597656,-32.490701624087464,lstm
lstm,post_covid,4,UA/Grandview,2024-25,0.5,IT50,8.143164584776198,9,,,,,,2025-07-06,2025-06-22,-2.0,5.691908383042667,3.7963497638702393,-1.8955586191724274,lstm
lstm,post_covid,4,UA/Grandview,2024-25,0.9,IT90,16.706142473783938,9,,,,,,2025-07-06,2025-06-22,-2.0,5.691908383042667,3.7963497638702393,-1.8955586191724274,lstm
lstm,post_covid,4,UA/Grandview,2024-25,0.98,IT98,26.455007113900507,9,,,,,,2025-07-06,2025-06-22,-2.0,5.691908383042667,3.7963497638702393,-1.8955586191724274,lstm
lstm,post_covid,4,UA/Grandview,2025-26,0.5,IT50,8.143164584776198,44,2025-12-07,,,,,2025-12-07,2026-01-25,7.0,15.937343472519466,7.411312580108643,-8.526030892410823,lstm
lstm,post_covid,4,UA/Grandview,2025-26,0.9,IT90,16.706142473783938,44,,,,,,2025-12-07,2026-01-25,7.0,15.937343472519466,7.411312580108643,-8.526030892410823,lstm
lstm,post_covid,4,UA/Grandview,2025-26,0.98,IT98,26.455007113900507,44,,,,,,2025-12-07,2026-01-25,7.0,15.937343472519466,7.411312580108643,-8.526030892410823,lstm
lstm,post_covid,4,West,2024-25,0.5,IT50,73.15037971354549,9,,,,,,2025-06-01,2025-06-22,3.0,26.185844680532696,37.06550979614258,10.879665115609882,lstm
lstm,post_covid,4,West,2024-25,0.9,IT90,114.1022318647041,9,,,,,,2025-06-01,2025-06-22,3.0,26.185844680532696,37.06550979614258,10.879665115609882,lstm
lstm,post_covid,4,West,2024-25,0.98,IT98,151.63555393306305,9,,,,,,2025-06-01,2025-06-22,3.0,26.185844680532696,37.06550979614258,10.879665115609882,lstm
lstm,post_covid,4,West,2025-26,0.5,IT50,73.15037971354549,44,2025-12-21,,,,,2026-01-04,2026-01-25,3.0,84.542869968577,72.943115234375,-11.599754734201994,lstm
lstm,post_covid,4,West,2025-26,0.9,IT90,114.1022318647041,44,,,,,,2026-01-04,2026-01-25,3.0,84.542869968577,72.943115234375,-11.599754734201994,lstm
lstm,post_covid,4,West,2025-26,0.98,IT98,151.63555393306305,44,,,,,,2026-01-04,2026-01-25,3.0,84.542869968577,72.943115234375,-11.599754734201994,lstm
lstm,post_covid,4,Westerville,2024-25,0.5,IT50,24.33364195874595,9,,,,,,2025-06-01,2025-06-22,3.0,9.329228472805298,12.18840503692627,2.859176564120972,lstm
lstm,post_covid,4,Westerville,2024-25,0.9,IT90,36.408491039457616,9,,,,,,2025-06-01,2025-06-22,3.0,9.329228472805298,12.18840503692627,2.859176564120972,lstm
lstm,post_covid,4,Westerville,2024-25,0.98,IT98,47.11324141772458,9,,,,,,2025-06-01,2025-06-22,3.0,9.329228472805298,12.18840503692627,2.859176564120972,lstm
lstm,post_covid,4,Westerville,2025-26,0.5,IT50,24.33364195874595,44,2025-12-14,,,,,2025-12-21,2026-01-25,5.0,45.09127095189228,22.22127914428711,-22.869991807605167,lstm
lstm,post_covid,4,Westerville,2025-26,0.9,IT90,36.408491039457616,44,2025-12-21,,,,,2025-12-21,2026-01-25,5.0,45.09127095189228,22.22127914428711,-22.869991807605167,lstm
lstm,post_covid,4,Westerville,2025-26,0.98,IT98,47.11324141772458,44,,,,,,2025-12-21,2026-01-25,5.0,45.09127095189228,22.22127914428711,-22.869991807605167,lstm
lstm,post_covid,4,Worthington,2024-25,0.5,IT50,13.721631551906164,9,,,,,,2025-06-08,2025-06-22,2.0,11.21626358219418,7.459667205810547,-3.7565963763836336,lstm
lstm,post_covid,4,Worthington,2024-25,0.9,IT90,22.978569674557114,9,,,,,,2025-06-08,2025-06-22,2.0,11.21626358219418,7.459667205810547,-3.7565963763836336,lstm
lstm,post_covid,4,Worthington,2024-25,0.98,IT98,31.956357603850087,9,,,,,,2025-06-08,2025-06-22,2.0,11.21626358219418,7.459667205810547,-3.7565963763836336,lstm
lstm,post_covid,4,Worthington,2025-26,0.5,IT50,13.721631551906164,44,2025-08-31,2026-01-18,20.0,-20.0,2026-01-18,2025-12-21,2026-01-25,5.0,44.86505432877672,14.324956893920898,-30.540097434855824,lstm
lstm,post_covid,4,Worthington,2025-26,0.9,IT90,22.978569674557114,44,2025-12-21,,,,,2025-12-21,2026-01-25,5.0,44.86505432877672,14.324956893920898,-30.540097434855824,lstm
lstm,post_covid,4,Worthington,2025-26,0.98,IT98,31.956357603850087,44,2025-12-21,,,,,2025-12-21,2026-01-25,5.0,44.86505432877672,14.324956893920898,-30.540097434855824,lstm
lstm,post_covid,4,CITYWIDE,2024-25,0.5,IT50,35.19412725226089,9,,,,,,2025-06-01,2025-06-22,3.0,13.228462952536946,18.316583240733426,5.08812028819648,lstm
lstm,post_covid,4,CITYWIDE,2024-25,0.9,IT90,56.071415152332634,9,,,,,,2025-06-01,2025-06-22,3.0,13.228462952536946,18.316583240733426,5.08812028819648,lstm
lstm,post_covid,4,CITYWIDE,2024-25,0.98,IT98,75.53173152268305,9,,,,,,2025-06-01,2025-06-22,3.0,13.228462952536946,18.316583240733426,5.08812028819648,lstm
lstm,post_covid,4,CITYWIDE,2025-26,0.5,IT50,35.19412725226089,44,2025-12-14,2026-01-25,6.0,-6.0,2026-01-25,2025-12-21,2026-01-25,5.0,52.20358501211178,35.41633676080143,-16.787248251310352,lstm
lstm,post_covid,4,CITYWIDE,2025-26,0.9,IT90,56.071415152332634,44,,,,,,2025-12-21,2026-01-25,5.0,52.20358501211178,35.41633676080143,-16.787248251310352,lstm
lstm,post_covid,4,CITYWIDE,2025-26,0.98,IT98,75.53173152268305,44,,,,,,2025-12-21,2026-01-25,5.0,52.20358501211178,35.41633676080143,-16.787248251310352,lstm
persistence,post_covid,4,Agler/Cassidy,2024-25,0.5,IT50,51.74083078339265,9,,,,,,2025-06-08,2025-06-22,2.0,30.73424101791806,30.73424101791806,0.0,persistence
persistence,post_covid,4,Agler/Cassidy,2024-25,0.9,IT90,88.48740693700204,9,,,,,,2025-06-08,2025-06-22,2.0,30.73424101791806,30.73424101791806,0.0,persistence
persistence,post_covid,4,Agler/Cassidy,2024-25,0.98,IT98,124.72586226376617,9,,,,,,2025-06-08,2025-06-22,2.0,30.73424101791806,30.73424101791806,0.0,persistence
persistence,post_covid,4,Agler/Cassidy,2025-26,0.5,IT50,51.74083078339265,44,2025-12-14,2026-01-11,4.0,-4.0,2026-01-11,2025-12-14,2026-01-11,4.0,86.05587485017058,86.05587485017058,0.0,persistence
persistence,post_covid,4,Agler/Cassidy,2025-26,0.9,IT90,88.48740693700204,44,,,,,,2025-12-14,2026-01-11,4.0,86.05587485017058,86.05587485017058,0.0,persistence
persistence,post_covid,4,Agler/Cassidy,2025-26,0.98,IT98,124.72586226376617,44,,,,,,2025-12-14,2026-01-11,4.0,86.05587485017058,86.05587485017058,0.0,persistence
persistence,post_covid,4,Bexley,2024-25,0.5,IT50,24.605454693531783,9,,,,,,2025-06-08,2025-06-15,1.0,7.034574935809503,17.586437339523762,10.55186240371426,persistence
persistence,post_covid,4,Bexley,2024-25,0.9,IT90,37.5430295506582,9,,,,,,2025-06-08,2025-06-15,1.0,7.034574935809503,17.586437339523762,10.55186240371426,persistence
persistence,post_covid,4,Bexley,2024-25,0.98,IT98,49.19357270883574,9,,,,,,2025-06-08,2025-06-15,1.0,7.034574935809503,17.586437339523762,10.55186240371426,persistence
persistence,post_covid,4,Bexley,2025-26,0.5,IT50,24.605454693531783,44,2025-12-07,2026-01-04,4.0,-4.0,2026-01-04,2026-01-04,2026-02-01,4.0,49.24202455066653,49.24202455066653,0.0,persistence
persistence,post_covid,4,Bexley,2025-26,0.9,IT90,37.5430295506582,44,2025-12-28,2026-01-25,4.0,-4.0,2026-01-25,2026-01-04,2026-02-01,4.0,49.24202455066653,49.24202455066653,0.0,persistence
persistence,post_covid,4,Bexley,2025-26,0.98,IT98,49.19357270883574,44,2026-01-04,2026-02-01,4.0,-4.0,2026-02-01,2026-01-04,2026-02-01,4.0,49.24202455066653,49.24202455066653,0.0,persistence
persistence,post_covid,4,Clintonville/Near North,2024-25,0.5,IT50,15.728895715230147,9,,,,,,2025-07-13,2025-06-01,-6.0,5.136054072377274,10.272108144754547,5.136054072377274,persistence
persistence,post_covid,4,Clintonville/Near North,2024-25,0.9,IT90,22.099499115677975,9,,,,,,2025-07-13,2025-06-01,-6.0,5.136054072377274,10.272108144754547,5.136054072377274,persistence
persistence,post_covid,4,Clintonville/Near North,2024-25,0.98,IT98,27.469599865392972,9,,,,,,2025-07-13,2025-06-01,-6.0,5.136054072377274,10.272108144754547,5.136054072377274,persistence
persistence,post_covid,4,Clintonville/Near North,2025-26,0.5,IT50,15.728895715230147,44,2025-12-07,2026-01-04,4.0,-4.0,2026-01-04,2025-12-28,2026-01-25,4.0,27.73469199083728,27.73469199083728,0.0,persistence
persistence,post_covid,4,Clintonville/Near North,2025-26,0.9,IT90,22.099499115677975,44,2025-12-21,2026-01-18,4.0,-4.0,2026-01-18,2025-12-28,2026-01-25,4.0,27.73469199083728,27.73469199083728,0.0,persistence
persistence,post_covid,4,Clintonville/Near North,2025-26,0.98,IT98,27.469599865392972,44,2025-12-28,2026-01-25,4.0,-4.0,2026-01-25,2025-12-28,2026-01-25,4.0,27.73469199083728,27.73469199083728,0.0,persistence
persistence,post_covid,4,Dublin,2024-25,0.5,IT50,8.038849454818003,9,,,,,,2025-07-13,2025-06-01,-6.0,3.8103947568968146,3.8103947568968146,0.0,persistence
persistence,post_covid,4,Dublin,2024-25,0.9,IT90,14.1626396504559,9,,,,,,2025-07-13,2025-06-01,-6.0,3.8103947568968146,3.8103947568968146,0.0,persistence
persistence,post_covid,4,Dublin,2024-25,0.98,IT98,20.345693253667104,9,,,,,,2025-07-13,2025-06-01,-6.0,3.8103947568968146,3.8103947568968146,0.0,persistence
persistence,post_covid,4,Dublin,2025-26,0.5,IT50,8.038849454818003,44,2025-12-14,2026-01-11,4.0,-4.0,2026-01-11,2025-12-21,2026-01-18,4.0,16.765736930345984,16.765736930345984,0.0,persistence
persistence,post_covid,4,Dublin,2025-26,0.9,IT90,14.1626396504559,44,2025-12-21,2026-01-18,4.0,-4.0,2026-01-18,2025-12-21,2026-01-18,4.0,16.765736930345984,16.765736930345984,0.0,persistence
persistence,post_covid,4,Dublin,2025-26,0.98,IT98,20.345693253667104,44,,,,,,2025-12-21,2026-01-18,4.0,16.765736930345984,16.765736930345984,0.0,persistence
persistence,post_covid,4,Eastside,2024-25,0.5,IT50,53.89825474693718,9,,,,,,2025-06-01,2025-06-15,2.0,18.38277533950688,20.68062225694524,2.2978469174383633,persistence
persistence,post_covid,4,Eastside,2024-25,0.9,IT90,89.53274062296502,9,,,,,,2025-06-01,2025-06-15,2.0,18.38277533950688,20.68062225694524,2.2978469174383633,persistence
persistence,post_covid,4,Eastside,2024-25,0.98,IT98,123.87134674281285,9,,,,,,2025-06-01,2025-06-15,2.0,18.38277533950688,20.68062225694524,2.2978469174383633,persistence
persistence,post_covid,4,Eastside,2025-26,0.5,IT50,53.89825474693718,44,2025-12-21,2026-01-18,4.0,-4.0,2026-01-18,2025-12-21,2026-01-18,4.0,91.91387669753442,91.91387669753442,0.0,persistence
persistence,post_covid,4,Eastside,2025-26,0.9,IT90,89.53274062296502,44,2025-12-21,2026-01-18,4.0,-4.0,2026-01-18,2025-12-21,2026-01-18,4.0,91.91387669753442,91.91387669753442,0.0,persistence
persistence,post_covid,4,Eastside,2025-26,0.98,IT98,123.87134674281285,44,,,,,,2025-12-21,2026-01-18,4.0,91.91387669753442,91.91387669753442,0.0,persistence
persistence,post_covid,4,Far East,2024-25,0.5,IT50,76.01095931639992,9,,,,,,2025-06-01,2025-06-15,2.0,31.653696614248943,41.209529554399566,9.555832940150623,persistence
persistence,post_covid,4,Far East,2024-25,0.9,IT90,119.58175049878095,9,,,,,,2025-06-01,2025-06-15,2.0,31.653696614248943,41.209529554399566,9.555832940150623,persistence
persistence,post_covid,4,Far East,2024-25,0.98,IT98,159.7885780471188,9,,,,,,2025-06-01,2025-06-15,2.0,31.653696614248943,41.209529554399566,9.555832940150623,persistence
persistence,post_covid,4,Far East,2025-26,0.5,IT50,76.01095931639992,44,2025-12-21,2026-01-18,4.0,-4.0,2026-01-18,2025-12-28,2026-01-25,4.0,123.03134910443929,123.03134910443929,0.0,persistence
persistence,post_covid,4,Far East,2025-26,0.9,IT90,119.58175049878095,44,2025-12-28,2026-01-25,4.0,-4.0,2026-01-25,2025-12-28,2026-01-25,4.0,123.03134910443929,123.03134910443929,0.0,persistence
persistence,post_covid,4,Far East,2025-26,0.98,IT98,159.7885780471188,44,,,,,,2025-12-28,2026-01-25,4.0,123.03134910443929,123.03134910443929,0.0,persistence
persistence,post_covid,4,Far South,2024-25,0.5,IT50,69.7066330370401,9,,,,,,2025-06-01,2025-06-01,0.0,27.771843623157444,38.453321939756464,10.68147831659902,persistence
persistence,post_covid,4,Far South,2024-25,0.9,IT90,121.95949130896,9,,,,,,2025-06-01,2025-06-01,0.0,27.771843623157444,38.453321939756464,10.68147831659902,persistence
persistence,post_covid,4,Far South,2024-25,0.98,IT98,174.42921640712913,9,,,,,,2025-06-01,2025-06-01,0.0,27.771843623157444,38.453321939756464,10.68147831659902,persistence
persistence,post_covid,4,Far South,2025-26,0.5,IT50,69.7066330370401,44,2025-12-14,2026-01-11,4.0,-4.0,2026-01-11,2026-01-18,2026-02-15,4.0,100.40589617603077,100.40589617603077,0.0,persistence
persistence,post_covid,4,Far South,2025-26,0.9,IT90,121.95949130896,44,,,,,,2026-01-18,2026-02-15,4.0,100.40589617603077,100.40589617603077,0.0,persistence
persistence,post_covid,4,Far South,2025-26,0.98,IT98,174.42921640712913,44,,,,,,2026-01-18,2026-02-15,4.0,100.40589617603077,100.40589617603077,0.0,persistence
persistence,post_covid,4,Far Southeast,2024-25,0.5,IT50,10.956265259525463,9,,,,,,2025-06-01,2025-06-22,3.0,6.616319624949195,10.397073696348738,3.7807540713995422,persistence
persistence,post_covid,4,Far Southeast,2024-25,0.9,IT90,18.40391015194404,9,,,,,,2025-06-01,2025-06-22,3.0,6.616319624949195,10.397073696348738,3.7807540713995422,persistence
persistence,post_covid,4,Far Southeast,2024-25,0.98,IT98,25.644566505740826,9,,,,,,2025-06-01,2025-06-22,3.0,6.616319624949195,10.397073696348738,3.7807540713995422,persistence
persistence,post_covid,4,Far Southeast,2025-26,0.5,IT50,10.956265259525463,44,2025-12-07,2026-01-04,4.0,-4.0,2026-01-04,2025-12-21,2026-01-18,4.0,14.177827767748276,14.177827767748276,0.0,persistence
persistence,post_covid,4,Far Southeast,2025-26,0.9,IT90,18.40391015194404,44,,,,,,2025-12-21,2026-01-18,4.0,14.177827767748276,14.177827767748276,0.0,persistence
persistence,post_covid,4,Far Southeast,2025-26,0.98,IT98,25.644566505740826,44,,,,,,2025-12-21,2026-01-18,4.0,14.177827767748276,14.177827767748276,0.0,persistence
persistence,post_covid,4,Far Southwest,2024-25,0.5,IT50,34.041053932580134,9,,,,,,2025-07-06,2025-06-01,-5.0,13.571495683220412,16.703379302425123,3.131883619204711,persistence
persistence,post_covid,4,Far Southwest,2024-25,0.9,IT90,54.68112356483704,9,,,,,,2025-07-06,2025-06-01,-5.0,13.571495683220412,16.703379302425123,3.131883619204711,persistence
persistence,post_covid,4,Far Southwest,2024-25,0.98,IT98,74.04650918881951,9,,,,,,2025-07-06,2025-06-01,-5.0,13.571495683220412,16.703379302425123,3.131883619204711,persistence
persistence,post_covid,4,Far Southwest,2025-26,0.5,IT50,34.041053932580134,44,2025-12-14,2026-01-11,4.0,-4.0,2026-01-11,2025-12-14,2026-01-11,4.0,46.97825428807066,46.97825428807066,0.0,persistence
persistence,post_covid,4,Far Southwest,2025-26,0.9,IT90,54.68112356483704,44,,,,,,2025-12-14,2026-01-11,4.0,46.97825428807066,46.97825428807066,0.0,persistence
persistence,post_covid,4,Far Southwest,2025-26,0.98,IT98,74.04650918881951,44,,,,,,2025-12-14,2026-01-11,4.0,46.97825428807066,46.97825428807066,0.0,persistence
persistence,post_covid,4,Hilliard,2024-25,0.5,IT50,19.24134804712757,9,,,,,,2025-06-01,2025-06-15,2.0,10.828537838005074,12.37547181486294,1.5469339768578667,persistence
persistence,post_covid,4,Hilliard,2024-25,0.9,IT90,34.52709434950146,9,,,,,,2025-06-01,2025-06-15,2.0,10.828537838005074,12.37547181486294,1.5469339768578667,persistence
persistence,post_covid,4,Hilliard,2024-25,0.98,IT98,50.186768532537315,9,,,,,,2025-06-01,2025-06-15,2.0,10.828537838005074,12.37547181486294,1.5469339768578667,persistence
persistence,post_covid,4,Hilliard,2025-26,0.5,IT50,19.24134804712757,44,2025-12-07,2026-01-04,4.0,-4.0,2026-01-04,2025-12-21,2026-01-18,4.0,34.032547490873085,34.032547490873085,0.0,persistence
persistence,post_covid,4,Hilliard,2025-26,0.9,IT90,34.52709434950146,44,,,,,,2025-12-21,2026-01-18,4.0,34.032547490873085,34.032547490873085,0.0,persistence
persistence,post_covid,4,Hilliard,2025-26,0.98,IT98,50.186768532537315,44,,,,,,2025-12-21,2026-01-18,4.0,34.032547490873085,34.032547490873085,0.0,persistence
persistence,post_covid,4,Linden,2024-25,0.5,IT50,53.62727596624066,9,,,,,,2025-06-08,2025-06-22,2.0,23.845362822098693,25.33569799847986,1.4903351763811656,persistence
persistence,post_covid,4,Linden,2024-25,0.9,IT90,82.61523156370409,9,,,,,,2025-06-08,2025-06-22,2.0,23.845362822098693,25.33569799847986,1.4903351763811656,persistence
persistence,post_covid,4,Linden,2024-25,0.98,IT98,108.92078323683364,9,,,,,,2025-06-08,2025-06-22,2.0,23.845362822098693,25.33569799847986,1.4903351763811656,persistence
persistence,post_covid,4,Linden,2025-26,0.5,IT50,53.62727596624066,44,2025-12-14,2026-01-11,4.0,-4.0,2026-01-11,2026-01-04,2026-02-01,4.0,76.00709399543958,76.00709399543958,0.0,persistence
persistence,post_covid,4,Linden,2025-26,0.9,IT90,82.61523156370409,44,,,,,,2026-01-04,2026-02-01,4.0,76.00709399543958,76.00709399543958,0.0,persistence
persistence,post_covid,4,Linden,2025-26,0.98,IT98,108.92078323683364,44,,,,,,2026-01-04,2026-02-01,4.0,76.00709399543958,76.00709399543958,0.0,persistence
persistence,post_covid,4,NE Suburban,2024-25,0.5,IT50,27.312493683860776,9,,,,,,2025-06-01,2025-06-01,0.0,9.26979311507184,16.011460835124087,6.741667720052247,persistence
persistence,post_covid,4,NE Suburban,2024-25,0.9,IT90,41.22759712033061,9,,,,,,2025-06-01,2025-06-01,0.0,9.26979311507184,16.011460835124087,6.741667720052247,persistence
persistence,post_covid,4,NE Suburban,2024-25,0.98,IT98,53.6511443833241,9,,,,,,2025-06-01,2025-06-01,0.0,9.26979311507184,16.011460835124087,6.741667720052247,persistence
persistence,post_covid,4,NE Suburban,2025-26,0.5,IT50,27.312493683860776,44,2025-12-21,2026-01-18,4.0,-4.0,2026-01-18,2025-12-21,2026-01-18,4.0,50.562507900391864,50.562507900391864,0.0,persistence
persistence,post_covid,4,NE Suburban,2025-26,0.9,IT90,41.22759712033061,44,2025-12-21,2026-01-18,4.0,-4.0,2026-01-18,2025-12-21,2026-01-18,4.0,50.562507900391864,50.562507900391864,0.0,persistence
persistence,post_covid,4,NE Suburban,2025-26,0.98,IT98,53.6511443833241,44,,,,,,2025-12-21,2026-01-18,4.0,50.562507900391864,50.562507900391864,0.0,persistence
persistence,post_covid,4,Northland,2024-25,0.5,IT50,56.127661353876796,9,,,,,,2025-07-06,2025-06-22,-2.0,20.79029093413376,36.38300913473408,15.59271820060032,persistence
persistence,post_covid,4,Northland,2024-25,0.9,IT90,89.91407794411414,9,,,,,,2025-07-06,2025-06-22,-2.0,20.79029093413376,36.38300913473408,15.59271820060032,persistence
persistence,post_covid,4,Northland,2024-25,0.98,IT98,121.54516325409915,9,,,,,,2025-07-06,2025-06-22,-2.0,20.79029093413376,36.38300913473408,15.59271820060032,persistence
persistence,post_covid,4,Northland,2025-26,0.5,IT50,56.127661353876796,44,2025-12-14,2026-01-11,4.0,-4.0,2026-01-11,2026-01-04,2026-02-01,4.0,87.05934328668512,87.05934328668512,0.0,persistence
persistence,post_covid,4,Northland,2025-26,0.9,IT90,89.91407794411414,44,,,,,,2026-01-04,2026-02-01,4.0,87.05934328668512,87.05934328668512,0.0,persistence
persistence,post_covid,4,Northland,2025-26,0.98,IT98,121.54516325409915,44,,,,,,2026-01-04,2026-02-01,4.0,87.05934328668512,87.05934328668512,0.0,persistence
persistence,post_covid,4,UA/Grandview,2024-25,0.5,IT50,8.143164584776198,9,,,,,,2025-07-06,2025-06-22,-2.0,5.691908383042667,4.553526706434133,-1.1383816766085335,persistence
persistence,post_covid,4,UA/Grandview,2024-25,0.9,IT90,16.706142473783938,9,,,,,,2025-07-06,2025-06-22,-2.0,5.691908383042667,4.553526706434133,-1.1383816766085335,persistence
persistence,post_covid,4,UA/Grandview,2024-25,0.98,IT98,26.455007113900507,9,,,,,,2025-07-06,2025-06-22,-2.0,5.691908383042667,4.553526706434133,-1.1383816766085335,persistence
persistence,post_covid,4,UA/Grandview,2025-26,0.5,IT50,8.143164584776198,44,2025-12-07,2026-01-04,4.0,-4.0,2026-01-04,2025-12-07,2026-01-04,4.0,15.937343472519466,15.937343472519466,0.0,persistence
persistence,post_covid,4,UA/Grandview,2025-26,0.9,IT90,16.706142473783938,44,,,,,,2025-12-07,2026-01-04,4.0,15.937343472519466,15.937343472519466,0.0,persistence
persistence,post_covid,4,UA/Grandview,2025-26,0.98,IT98,26.455007113900507,44,,,,,,2025-12-07,2026-01-04,4.0,15.937343472519466,15.937343472519466,0.0,persistence
persistence,post_covid,4,West,2024-25,0.5,IT50,73.15037971354549,9,,,,,,2025-06-01,2025-06-22,3.0,26.185844680532696,29.92667963489451,3.7408349543618122,persistence
persistence,post_covid,4,West,2024-25,0.9,IT90,114.1022318647041,9,,,,,,2025-06-01,2025-06-22,3.0,26.185844680532696,29.92667963489451,3.7408349543618122,persistence
persistence,post_covid,4,West,2024-25,0.98,IT98,151.63555393306305,9,,,,,,2025-06-01,2025-06-22,3.0,26.185844680532696,29.92667963489451,3.7408349543618122,persistence
persistence,post_covid,4,West,2025-26,0.5,IT50,73.15037971354549,44,2025-12-21,2026-01-18,4.0,-4.0,2026-01-18,2026-01-04,2026-02-01,4.0,84.542869968577,84.542869968577,0.0,persistence
persistence,post_covid,4,West,2025-26,0.9,IT90,114.1022318647041,44,,,,,,2026-01-04,2026-02-01,4.0,84.542869968577,84.542869968577,0.0,persistence
persistence,post_covid,4,West,2025-26,0.98,IT98,151.63555393306305,44,,,,,,2026-01-04,2026-02-01,4.0,84.542869968577,84.542869968577,0.0,persistence
persistence,post_covid,4,Westerville,2024-25,0.5,IT50,24.33364195874595,9,,,,,,2025-06-01,2025-06-15,2.0,9.329228472805298,17.10358553347638,7.774357060671083,persistence
persistence,post_covid,4,Westerville,2024-25,0.9,IT90,36.408491039457616,9,,,,,,2025-06-01,2025-06-15,2.0,9.329228472805298,17.10358553347638,7.774357060671083,persistence
persistence,post_covid,4,Westerville,2024-25,0.98,IT98,47.11324141772458,9,,,,,,2025-06-01,2025-06-15,2.0,9.329228472805298,17.10358553347638,7.774357060671083,persistence
persistence,post_covid,4,Westerville,2025-26,0.5,IT50,24.33364195874595,44,2025-12-14,2026-01-11,4.0,-4.0,2026-01-11,2025-12-21,2026-01-18,4.0,45.09127095189228,45.09127095189228,0.0,persistence
persistence,post_covid,4,Westerville,2025-26,0.9,IT90,36.408491039457616,44,2025-12-21,2026-01-18,4.0,-4.0,2026-01-18,2025-12-21,2026-01-18,4.0,45.09127095189228,45.09127095189228,0.0,persistence
persistence,post_covid,4,Westerville,2025-26,0.98,IT98,47.11324141772458,44,,,,,,2025-12-21,2026-01-18,4.0,45.09127095189228,45.09127095189228,0.0,persistence
persistence,post_covid,4,Worthington,2024-25,0.5,IT50,13.721631551906164,9,,,,,,2025-06-08,2025-06-08,0.0,11.21626358219418,12.618296529968456,1.4020329477742752,persistence
persistence,post_covid,4,Worthington,2024-25,0.9,IT90,22.978569674557114,9,,,,,,2025-06-08,2025-06-08,0.0,11.21626358219418,12.618296529968456,1.4020329477742752,persistence
persistence,post_covid,4,Worthington,2024-25,0.98,IT98,31.956357603850087,9,,,,,,2025-06-08,2025-06-08,0.0,11.21626358219418,12.618296529968456,1.4020329477742752,persistence
persistence,post_covid,4,Worthington,2025-26,0.5,IT50,13.721631551906164,44,2025-08-31,2025-09-28,4.0,-4.0,2025-09-28,2025-12-21,2026-01-18,4.0,44.86505432877672,44.86505432877672,0.0,persistence
persistence,post_covid,4,Worthington,2025-26,0.9,IT90,22.978569674557114,44,2025-12-21,2026-01-18,4.0,-4.0,2026-01-18,2025-12-21,2026-01-18,4.0,44.86505432877672,44.86505432877672,0.0,persistence
persistence,post_covid,4,Worthington,2025-26,0.98,IT98,31.956357603850087,44,2025-12-21,2026-01-18,4.0,-4.0,2026-01-18,2025-12-21,2026-01-18,4.0,44.86505432877672,44.86505432877672,0.0,persistence
persistence,post_covid,4,CITYWIDE,2024-25,0.5,IT50,35.19412725226089,9,,,,,,2025-06-01,2025-06-15,2.0,13.228462952536946,16.700972264337253,3.472509311800307,persistence
persistence,post_covid,4,CITYWIDE,2024-25,0.9,IT90,56.071415152332634,9,,,,,,2025-06-01,2025-06-15,2.0,13.228462952536946,16.700972264337253,3.472509311800307,persistence
persistence,post_covid,4,CITYWIDE,2024-25,0.98,IT98,75.53173152268305,9,,,,,,2025-06-01,2025-06-15,2.0,13.228462952536946,16.700972264337253,3.472509311800307,persistence
persistence,post_covid,4,CITYWIDE,2025-26,0.5,IT50,35.19412725226089,44,2025-12-14,2026-01-11,4.0,-4.0,2026-01-11,2025-12-21,2026-01-18,4.0,52.20358501211178,52.20358501211178,0.0,persistence
persistence,post_covid,4,CITYWIDE,2025-26,0.9,IT90,56.071415152332634,44,,,,,,2025-12-21,2026-01-18,4.0,52.20358501211178,52.20358501211178,0.0,persistence
persistence,post_covid,4,CITYWIDE,2025-26,0.98,IT98,75.53173152268305,44,,,,,,2025-12-21,2026-01-18,4.0,52.20358501211178,52.20358501211178,0.0,persistence
seasonal_naive,post_covid,4,Agler/Cassidy,2024-25,0.5,IT50,51.74083078339265,9,,,,,,2025-06-08,2025-07-20,6.0,30.73424101791806,18.44054461075084,-12.293696407167218,seasonal_naive
seasonal_naive,post_covid,4,Agler/Cassidy,2024-25,0.9,IT90,88.48740693700204,9,,,,,,2025-06-08,2025-07-20,6.0,30.73424101791806,18.44054461075084,-12.293696407167218,seasonal_naive
seasonal_naive,post_covid,4,Agler/Cassidy,2024-25,0.98,IT98,124.72586226376617,9,,,,,,2025-06-08,2025-07-20,6.0,30.73424101791806,18.44054461075084,-12.293696407167218,seasonal_naive
seasonal_naive,post_covid,4,Agler/Cassidy,2025-26,0.5,IT50,51.74083078339265,44,2025-12-14,2025-11-30,-2.0,2.0,2025-11-30,2025-12-14,2026-02-08,8.0,86.05587485017058,110.64326766450502,24.587392814334436,seasonal_naive
seasonal_naive,post_covid,4,Agler/Cassidy,2025-26,0.9,IT90,88.48740693700204,44,,2026-02-08,,,2026-02-08,2025-12-14,2026-02-08,8.0,86.05587485017058,110.64326766450502,24.587392814334436,seasonal_naive
seasonal_naive,post_covid,4,Agler/Cassidy,2025-26,0.98,IT98,124.72586226376617,44,,,,,,2025-12-14,2026-02-08,8.0,86.05587485017058,110.64326766450502,24.587392814334436,seasonal_naive
seasonal_naive,post_covid,4,Bexley,2024-25,0.5,IT50,24.605454693531783,9,,,,,,2025-06-08,2025-06-08,0.0,7.034574935809503,14.069149871619006,7.034574935809503,seasonal_naive
seasonal_naive,post_covid,4,Bexley,2024-25,0.9,IT90,37.5430295506582,9,,,,,,2025-06-08,2025-06-08,0.0,7.034574935809503,14.069149871619006,7.034574935809503,seasonal_naive
seasonal_naive,post_covid,4,Bexley,2024-25,0.98,IT98,49.19357270883574,9,,,,,,2025-06-08,2025-06-08,0.0,7.034574935809503,14.069149871619006,7.034574935809503,seasonal_naive
seasonal_naive,post_covid,4,Bexley,2025-26,0.5,IT50,24.605454693531783,44,2025-12-07,2025-10-26,-6.0,6.0,2025-10-26,2026-01-04,2026-02-01,4.0,49.24202455066653,59.79388695438078,10.551862403714253,seasonal_naive
seasonal_naive,post_covid,4,Bexley,2025-26,0.9,IT90,37.5430295506582,44,2025-12-28,2026-02-01,5.0,-5.0,2026-02-01,2026-01-04,2026-02-01,4.0,49.24202455066653,59.79388695438078,10.551862403714253,seasonal_naive
seasonal_naive,post_covid,4,Bexley,2025-26,0.98,IT98,49.19357270883574,44,2026-01-04,2026-02-01,4.0,-4.0,2026-02-01,2026-01-04,2026-02-01,4.0,49.24202455066653,59.79388695438078,10.551862403714253,seasonal_naive
seasonal_naive,post_covid,4,Clintonville/Near North,2024-25,0.5,IT50,15.728895715230147,9,,,,,,2025-07-13,2025-07-20,1.0,5.136054072377274,6.163264886852729,1.0272108144754553,seasonal_naive
seasonal_naive,post_covid,4,Clintonville/Near North,2024-25,0.9,IT90,22.099499115677975,9,,,,,,2025-07-13,2025-07-20,1.0,5.136054072377274,6.163264886852729,1.0272108144754553,seasonal_naive
seasonal_naive,post_covid,4,Clintonville/Near North,2024-25,0.98,IT98,27.469599865392972,9,,,,,,2025-07-13,2025-07-20,1.0,5.136054072377274,6.163264886852729,1.0272108144754553,seasonal_naive
seasonal_naive,post_covid,4,Clintonville/Near North,2025-26,0.5,IT50,15.728895715230147,44,2025-12-07,2025-12-07,0.0,0.0,2025-12-07,2025-12-28,2026-01-18,3.0,27.73469199083728,21.57142710398455,-6.16326488685273,seasonal_naive
seasonal_naive,post_covid,4,Clintonville/Near North,2025-26,0.9,IT90,22.099499115677975,44,2025-12-21,,,,,2025-12-28,2026-01-18,3.0,27.73469199083728,21.57142710398455,-6.16326488685273,seasonal_naive
seasonal_naive,post_covid,4,Clintonville/Near North,2025-26,0.98,IT98,27.469599865392972,44,2025-12-28,,,,,2025-12-28,2026-01-18,3.0,27.73469199083728,21.57142710398455,-6.16326488685273,seasonal_naive
seasonal_naive,post_covid,4,Dublin,2024-25,0.5,IT50,8.038849454818003,9,,,,,,2025-07-13,2025-07-13,0.0,3.8103947568968146,3.0483158055174515,-0.7620789513793631,seasonal_naive
seasonal_naive,post_covid,4,Dublin,2024-25,0.9,IT90,14.1626396504559,9,,,,,,2025-07-13,2025-07-13,0.0,3.8103947568968146,3.0483158055174515,-0.7620789513793631,seasonal_naive
seasonal_naive,post_covid,4,Dublin,2024-25,0.98,IT98,20.345693253667104,9,,,,,,2025-07-13,2025-07-13,0.0,3.8103947568968146,3.0483158055174515,-0.7620789513793631,seasonal_naive
seasonal_naive,post_covid,4,Dublin,2025-26,0.5,IT50,8.038849454818003,44,2025-12-14,2025-12-21,1.0,-1.0,2025-12-21,2025-12-21,2026-02-15,8.0,16.765736930345984,19.81405273586343,3.048315805517447,seasonal_naive
seasonal_naive,post_covid,4,Dublin,2025-26,0.9,IT90,14.1626396504559,44,2025-12-21,2026-01-25,5.0,-5.0,2026-01-25,2025-12-21,2026-02-15,8.0,16.765736930345984,19.81405273586343,3.048315805517447,seasonal_naive
seasonal_naive,post_covid,4,Dublin,2025-26,0.98,IT98,20.345693253667104,44,,,,,,2025-12-21,2026-02-15,8.0,16.765736930345984,19.81405273586343,3.048315805517447,seasonal_naive
seasonal_naive,post_covid,4,Eastside,2024-25,0.5,IT50,53.89825474693718,9,,,,,,2025-06-01,2025-06-01,0.0,18.38277533950688,13.787081504630162,-4.595693834876716,seasonal_naive
seasonal_naive,post_covid,4,Eastside,2024-25,0.9,IT90,89.53274062296502,9,,,,,,2025-06-01,2025-06-01,0.0,18.38277533950688,13.787081504630162,-4.595693834876716,seasonal_naive
seasonal_naive,post_covid,4,Eastside,2024-25,0.98,IT98,123.87134674281285,9,,,,,,2025-06-01,2025-06-01,0.0,18.38277533950688,13.787081504630162,-4.595693834876716,seasonal_naive
seasonal_naive,post_covid,4,Eastside,2025-26,0.5,IT50,53.89825474693718,44,2025-12-21,2025-12-21,0.0,0.0,2025-12-21,2025-12-21,2026-02-01,6.0,91.91387669753442,135.57296812886324,43.65909143132882,seasonal_naive
seasonal_naive,post_covid,4,Eastside,2025-26,0.9,IT90,89.53274062296502,44,2025-12-21,2026-02-01,6.0,-6.0,2026-02-01,2025-12-21,2026-02-01,6.0,91.91387669753442,135.57296812886324,43.65909143132882,seasonal_naive
seasonal_naive,post_covid,4,Eastside,2025-26,0.98,IT98,123.87134674281285,44,,2026-02-01,,,2026-02-01,2025-12-21,2026-02-01,6.0,91.91387669753442,135.57296812886324,43.65909143132882,seasonal_naive
seasonal_naive,post_covid,4,Far East,2024-25,0.5,IT50,76.01095931639992,9,,,,,,2025-06-01,2025-07-27,8.0,31.653696614248943,28.070259261692456,-3.583437352556487,seasonal_naive
seasonal_naive,post_covid,4,Far East,2024-25,0.9,IT90,119.58175049878095,9,,,,,,2025-06-01,2025-07-27,8.0,31.653696614248943,28.070259261692456,-3.583437352556487,seasonal_naive
seasonal_naive,post_covid,4,Far East,2024-25,0.98,IT98,159.7885780471188,9,,,,,,2025-06-01,2025-07-27,8.0,31.653696614248943,28.070259261692456,-3.583437352556487,seasonal_naive
seasonal_naive,post_covid,4,Far East,2025-26,0.5,IT50,76.01095931639992,44,2025-12-21,2025-12-21,0.0,0.0,2025-12-21,2025-12-28,2026-02-01,5.0,123.03134910443929,160.65744130628238,37.62609220184309,seasonal_naive
seasonal_naive,post_covid,4,Far East,2025-26,0.9,IT90,119.58175049878095,44,2025-12-28,2026-02-01,5.0,-5.0,2026-02-01,2025-12-28,2026-02-01,5.0,123.03134910443929,160.65744130628238,37.62609220184309,seasonal_naive
seasonal_naive,post_covid,4,Far East,2025-26,0.98,IT98,159.7885780471188,44,,2026-02-01,,,2026-02-01,2025-12-28,2026-02-01,5.0,123.03134910443929,160.65744130628238,37.62609220184309,seasonal_naive
seasonal_naive,post_covid,4,Far South,2024-25,0.5,IT50,69.7066330370401,9,,,,,,2025-06-01,2025-07-27,8.0,27.771843623157444,23.49925229651784,-4.272591326639603,seasonal_naive
seasonal_naive,post_covid,4,Far South,2024-25,0.9,IT90,121.95949130896,9,,,,,,2025-06-01,2025-07-27,8.0,27.771843623157444,23.49925229651784,-4.272591326639603,seasonal_naive
seasonal_naive,post_covid,4,Far South,2024-25,0.98,IT98,174.42921640712913,9,,,,,,2025-06-01,2025-07-27,8.0,27.771843623157444,23.49925229651784,-4.272591326639603,seasonal_naive
seasonal_naive,post_covid,4,Far South,2025-26,0.5,IT50,69.7066330370401,44,2025-12-14,2025-12-21,1.0,-1.0,2025-12-21,2026-01-18,2026-02-01,2.0,100.40589617603077,185.8577227088229,85.45182653279214,seasonal_naive
seasonal_naive,post_covid,4,Far South,2025-26,0.9,IT90,121.95949130896,44,,2026-01-25,,,2026-01-25,2026-01-18,2026-02-01,2.0,100.40589617603077,185.8577227088229,85.45182653279214,seasonal_naive
seasonal_naive,post_covid,4,Far South,2025-26,0.98,IT98,174.42921640712913,44,,2026-02-01,,,2026-02-01,2026-01-18,2026-02-01,2.0,100.40589617603077,185.8577227088229,85.45182653279214,seasonal_naive
seasonal_naive,post_covid,4,Far Southeast,2024-25,0.5,IT50,10.956265259525463,9,,,,,,2025-06-01,2025-06-22,3.0,6.616319624949195,10.397073696348738,3.7807540713995422,seasonal_naive
seasonal_naive,post_covid,4,Far Southeast,2024-25,0.9,IT90,18.40391015194404,9,,,,,,2025-06-01,2025-06-22,3.0,6.616319624949195,10.397073696348738,3.7807540713995422,seasonal_naive
seasonal_naive,post_covid,4,Far Southeast,2024-25,0.98,IT98,25.644566505740826,9,,,,,,2025-06-01,2025-06-22,3.0,6.616319624949195,10.397073696348738,3.7807540713995422,seasonal_naive
seasonal_naive,post_covid,4,Far Southeast,2025-26,0.5,IT50,10.956265259525463,44,2025-12-07,2025-12-21,2.0,-2.0,2025-12-21,2025-12-21,2026-02-08,7.0,14.177827767748276,31.191221089046213,17.013393321297936,seasonal_naive
seasonal_naive,post_covid,4,Far Southeast,2025-26,0.9,IT90,18.40391015194404,44,,2026-02-01,,,2026-02-01,2025-12-21,2026-02-08,7.0,14.177827767748276,31.191221089046213,17.013393321297936,seasonal_naive
seasonal_naive,post_covid,4,Far Southeast,2025-26,0.98,IT98,25.644566505740826,44,,2026-02-08,,,2026-02-08,2025-12-21,2026-02-08,7.0,14.177827767748276,31.191221089046213,17.013393321297936,seasonal_naive
seasonal_naive,post_covid,4,Far Southwest,2024-25,0.5,IT50,34.041053932580134,9,,,,,,2025-07-06,2025-07-27,3.0,13.571495683220412,10.439612064015702,-3.131883619204711,seasonal_naive
seasonal_naive,post_covid,4,Far Southwest,2024-25,0.9,IT90,54.68112356483704,9,,,,,,2025-07-06,2025-07-27,3.0,13.571495683220412,10.439612064015702,-3.131883619204711,seasonal_naive
seasonal_naive,post_covid,4,Far Southwest,2024-25,0.98,IT98,74.04650918881951,9,,,,,,2025-07-06,2025-07-27,3.0,13.571495683220412,10.439612064015702,-3.131883619204711,seasonal_naive
seasonal_naive,post_covid,4,Far Southwest,2025-26,0.5,IT50,34.041053932580134,44,2025-12-14,2025-12-14,0.0,0.0,2025-12-14,2025-12-14,2026-02-01,7.0,46.97825428807066,65.76955600329892,18.791301715228258,seasonal_naive
seasonal_naive,post_covid,4,Far Southwest,2025-26,0.9,IT90,54.68112356483704,44,,2026-01-18,,,2026-01-18,2025-12-14,2026-02-01,7.0,46.97825428807066,65.76955600329892,18.791301715228258,seasonal_naive
seasonal_naive,post_covid,4,Far Southwest,2025-26,0.98,IT98,74.04650918881951,44,,,,,,2025-12-14,2026-02-01,7.0,46.97825428807066,65.76955600329892,18.791301715228258,seasonal_naive
seasonal_naive,post_covid,4,Hilliard,2024-25,0.5,IT50,19.24134804712757,9,,,,,,2025-06-01,2025-07-20,7.0,10.828537838005074,7.734669884289339,-3.093867953715735,seasonal_naive
seasonal_naive,post_covid,4,Hilliard,2024-25,0.9,IT90,34.52709434950146,9,,,,,,2025-06-01,2025-07-20,7.0,10.828537838005074,7.734669884289339,-3.093867953715735,seasonal_naive
seasonal_naive,post_covid,4,Hilliard,2024-25,0.98,IT98,50.186768532537315,9,,,,,,2025-06-01,2025-07-20,7.0,10.828537838005074,7.734669884289339,-3.093867953715735,seasonal_naive
seasonal_naive,post_covid,4,Hilliard,2025-26,0.5,IT50,19.24134804712757,44,2025-12-07,2025-11-09,-4.0,4.0,2025-11-09,2025-12-21,2026-02-01,6.0,34.032547490873085,51.04882123630963,17.016273745436543,seasonal_naive
seasonal_naive,post_covid,4,Hilliard,2025-26,0.9,IT90,34.52709434950146,44,,2026-01-25,,,2026-01-25,2025-12-21,2026-02-01,6.0,34.032547490873085,51.04882123630963,17.016273745436543,seasonal_naive
seasonal_naive,post_covid,4,Hilliard,2025-26,0.98,IT98,50.186768532537315,44,,2026-02-01,,,2026-02-01,2025-12-21,2026-02-01,6.0,34.032547490873085,51.04882123630963,17.016273745436543,seasonal_naive
seasonal_naive,post_covid,4,Linden,2024-25,0.5,IT50,53.62727596624066,9,,,,,,2025-06-08,2025-07-06,4.0,23.845362822098693,19.374357292955185,-4.471005529143508,seasonal_naive
seasonal_naive,post_covid,4,Linden,2024-25,0.9,IT90,82.61523156370409,9,,,,,,2025-06-08,2025-07-06,4.0,23.845362822098693,19.374357292955185,-4.471005529143508,seasonal_naive
seasonal_naive,post_covid,4,Linden,2024-25,0.98,IT98,108.92078323683364,9,,,,,,2025-06-08,2025-07-06,4.0,23.845362822098693,19.374357292955185,-4.471005529143508,seasonal_naive
seasonal_naive,post_covid,4,Linden,2025-26,0.5,IT50,53.62727596624066,44,2025-12-14,2025-12-28,2.0,-2.0,2025-12-28,2026-01-04,2026-02-08,5.0,76.00709399543958,110.28480305220646,34.27770905676688,seasonal_naive
seasonal_naive,post_covid,4,Linden,2025-26,0.9,IT90,82.61523156370409,44,,2026-02-01,,,2026-02-01,2026-01-04,2026-02-08,5.0,76.00709399543958,110.28480305220646,34.27770905676688,seasonal_naive
seasonal_naive,post_covid,4,Linden,2025-26,0.98,IT98,108.92078323683364,44,,2026-02-08,,,2026-02-08,2026-01-04,2026-02-08,5.0,76.00709399543958,110.28480305220646,34.27770905676688,seasonal_naive
seasonal_naive,post_covid,4,NE Suburban,2024-25,0.5,IT50,27.312493683860776,9,,,,,,2025-06-01,2025-06-01,0.0,9.26979311507184,11.797918510091431,2.5281253950195914,seasonal_naive
seasonal_naive,post_covid,4,NE Suburban,2024-25,0.9,IT90,41.22759712033061,9,,,,,,2025-06-01,2025-06-01,0.0,9.26979311507184,11.797918510091431,2.5281253950195914,seasonal_naive
seasonal_naive,post_covid,4,NE Suburban,2024-25,0.98,IT98,53.6511443833241,9,,,,,,2025-06-01,2025-06-01,0.0,9.26979311507184,11.797918510091431,2.5281253950195914,seasonal_naive
seasonal_naive,post_covid,4,NE Suburban,2025-26,0.5,IT50,27.312493683860776,44,2025-12-21,2026-01-04,2.0,-2.0,2026-01-04,2025-12-21,2026-02-08,7.0,50.562507900391864,60.67500948047022,10.112501580078359,seasonal_naive
seasonal_naive,post_covid,4,NE Suburban,2025-26,0.9,IT90,41.22759712033061,44,2025-12-21,2026-01-25,5.0,-5.0,2026-01-25,2025-12-21,2026-02-08,7.0,50.562507900391864,60.67500948047022,10.112501580078359,seasonal_naive
seasonal_naive,post_covid,4,NE Suburban,2025-26,0.98,IT98,53.6511443833241,44,,2026-02-08,,,2026-02-08,2025-12-21,2026-02-08,7.0,50.562507900391864,60.67500948047022,10.112501580078359,seasonal_naive
seasonal_naive,post_covid,4,Northland,2024-25,0.5,IT50,56.127661353876796,9,,,,,,2025-07-06,2025-06-01,-5.0,20.79029093413376,20.79029093413376,0.0,seasonal_naive
seasonal_naive,post_covid,4,Northland,2024-25,0.9,IT90,89.91407794411414,9,,,,,,2025-07-06,2025-06-01,-5.0,20.79029093413376,20.79029093413376,0.0,seasonal_naive
seasonal_naive,post_covid,4,Northland,2024-25,0.98,IT98,121.54516325409915,9,,,,,,2025-07-06,2025-06-01,-5.0,20.79029093413376,20.79029093413376,0.0,seasonal_naive
seasonal_naive,post_covid,4,Northland,2025-26,0.5,IT50,56.127661353876796,44,2025-12-14,2025-12-21,1.0,-1.0,2025-12-21,2026-01-04,2026-02-08,5.0,87.05934328668512,116.9453865045024,29.886043217817274,seasonal_naive
seasonal_naive,post_covid,4,Northland,2025-26,0.9,IT90,89.91407794411414,44,,2026-01-25,,,2026-01-25,2026-01-04,2026-02-08,5.0,87.05934328668512,116.9453865045024,29.886043217817274,seasonal_naive
seasonal_naive,post_covid,4,Northland,2025-26,0.98,IT98,121.54516325409915,44,,,,,,2026-01-04,2026-02-08,5.0,87.05934328668512,116.9453865045024,29.886043217817274,seasonal_naive
seasonal_naive,post_covid,4,UA/Grandview,2024-25,0.5,IT50,8.143164584776198,9,,,,,,2025-07-06,2025-06-08,-4.0,5.691908383042667,4.553526706434133,-1.1383816766085335,seasonal_naive
seasonal_naive,post_covid,4,UA/Grandview,2024-25,0.9,IT90,16.706142473783938,9,,,,,,2025-07-06,2025-06-08,-4.0,5.691908383042667,4.553526706434133,-1.1383816766085335,seasonal_naive
seasonal_naive,post_covid,4,UA/Grandview,2024-25,0.98,IT98,26.455007113900507,9,,,,,,2025-07-06,2025-06-08,-4.0,5.691908383042667,4.553526706434133,-1.1383816766085335,seasonal_naive
seasonal_naive,post_covid,4,UA/Grandview,2025-26,0.5,IT50,8.143164584776198,44,2025-12-07,2026-01-18,6.0,-6.0,2026-01-18,2025-12-07,2026-02-01,8.0,15.937343472519466,26.182778561996265,10.2454350894768,seasonal_naive
seasonal_naive,post_covid,4,UA/Grandview,2025-26,0.9,IT90,16.706142473783938,44,,2026-02-01,,,2026-02-01,2025-12-07,2026-02-01,8.0,15.937343472519466,26.182778561996265,10.2454350894768,seasonal_naive
seasonal_naive,post_covid,4,UA/Grandview,2025-26,0.98,IT98,26.455007113900507,44,,,,,,2025-12-07,2026-02-01,8.0,15.937343472519466,26.182778561996265,10.2454350894768,seasonal_naive
seasonal_naive,post_covid,4,West,2024-25,0.5,IT50,73.15037971354549,9,,,,,,2025-06-01,2025-07-06,5.0,26.185844680532696,24.689510698787966,-1.4963339817447299,seasonal_naive
seasonal_naive,post_covid,4,West,2024-25,0.9,IT90,114.1022318647041,9,,,,,,2025-06-01,2025-07-06,5.0,26.185844680532696,24.689510698787966,-1.4963339817447299,seasonal_naive
seasonal_naive,post_covid,4,West,2024-25,0.98,IT98,151.63555393306305,9,,,,,,2025-06-01,2025-07-06,5.0,26.185844680532696,24.689510698787966,-1.4963339817447299,seasonal_naive
seasonal_naive,post_covid,4,West,2025-26,0.5,IT50,73.15037971354549,44,2025-12-21,2025-12-28,1.0,-1.0,2025-12-28,2026-01-04,2026-02-08,5.0,84.542869968577,176.5674098458776,92.0245398773006,seasonal_naive
seasonal_naive,post_covid,4,West,2025-26,0.9,IT90,114.1022318647041,44,,2026-01-25,,,2026-01-25,2026-01-04,2026-02-08,5.0,84.542869968577,176.5674098458776,92.0245398773006,seasonal_naive
seasonal_naive,post_covid,4,West,2025-26,0.98,IT98,151.63555393306305,44,,2026-02-08,,,2026-02-08,2026-01-04,2026-02-08,5.0,84.542869968577,176.5674098458776,92.0245398773006,seasonal_naive
seasonal_naive,post_covid,4,Westerville,2024-25,0.5,IT50,24.33364195874595,9,,,,,,2025-06-01,2025-06-15,2.0,9.329228472805298,12.438971297073731,3.1097428242684337,seasonal_naive
seasonal_naive,post_covid,4,Westerville,2024-25,0.9,IT90,36.408491039457616,9,,,,,,2025-06-01,2025-06-15,2.0,9.329228472805298,12.438971297073731,3.1097428242684337,seasonal_naive
seasonal_naive,post_covid,4,Westerville,2024-25,0.98,IT98,47.11324141772458,9,,,,,,2025-06-01,2025-06-15,2.0,9.329228472805298,12.438971297073731,3.1097428242684337,seasonal_naive
seasonal_naive,post_covid,4,Westerville,2025-26,0.5,IT50,24.33364195874595,44,2025-12-14,2025-12-21,1.0,-1.0,2025-12-21,2025-12-21,2026-02-22,9.0,45.09127095189228,48.201013776160714,3.1097428242684373,seasonal_naive
seasonal_naive,post_covid,4,Westerville,2025-26,0.9,IT90,36.408491039457616,44,2025-12-21,2026-02-01,6.0,-6.0,2026-02-01,2025-12-21,2026-02-22,9.0,45.09127095189228,48.201013776160714,3.1097428242684373,seasonal_naive
seasonal_naive,post_covid,4,Westerville,2025-26,0.98,IT98,47.11324141772458,44,,2026-02-22,,,2026-02-22,2025-12-21,2026-02-22,9.0,45.09127095189228,48.201013776160714,3.1097428242684373,seasonal_naive
seasonal_naive,post_covid,4,Worthington,2024-25,0.5,IT50,13.721631551906164,9,,,,,,2025-06-08,2025-07-27,7.0,11.21626358219418,8.412197686645637,-2.8040658955485434,seasonal_naive
seasonal_naive,post_covid,4,Worthington,2024-25,0.9,IT90,22.978569674557114,9,,,,,,2025-06-08,2025-07-27,7.0,11.21626358219418,8.412197686645637,-2.8040658955485434,seasonal_naive
seasonal_naive,post_covid,4,Worthington,2024-25,0.98,IT98,31.956357603850087,9,,,,,,2025-06-08,2025-07-27,7.0,11.21626358219418,8.412197686645637,-2.8040658955485434,seasonal_naive
seasonal_naive,post_covid,4,Worthington,2025-26,0.5,IT50,13.721631551906164,44,2025-08-31,2025-12-21,16.0,-16.0,2025-12-21,2025-12-21,2026-01-18,4.0,44.86505432877672,26.63862600771118,-18.22642832106554,seasonal_naive
seasonal_naive,post_covid,4,Worthington,2025-26,0.9,IT90,22.978569674557114,44,2025-12-21,2026-01-18,4.0,-4.0,2026-01-18,2025-12-21,2026-01-18,4.0,44.86505432877672,26.63862600771118,-18.22642832106554,seasonal_naive
seasonal_naive,post_covid,4,Worthington,2025-26,0.98,IT98,31.956357603850087,44,2025-12-21,,,,,2025-12-21,2026-01-18,4.0,44.86505432877672,26.63862600771118,-18.22642832106554,seasonal_naive
seasonal_naive,post_covid,4,CITYWIDE,2024-25,0.5,IT50,35.19412725226089,9,,,,,,2025-06-01,2025-07-20,7.0,13.228462952536946,10.910343078642345,-2.3181198738946005,seasonal_naive
seasonal_naive,post_covid,4,CITYWIDE,2024-25,0.9,IT90,56.071415152332634,9,,,,,,2025-06-01,2025-07-20,7.0,13.228462952536946,10.910343078642345,-2.3181198738946005,seasonal_naive
seasonal_naive,post_covid,4,CITYWIDE,2024-25,0.98,IT98,75.53173152268305,9,,,,,,2025-06-01,2025-07-20,7.0,13.228462952536946,10.910343078642345,-2.3181198738946005,seasonal_naive
seasonal_naive,post_covid,4,CITYWIDE,2025-26,0.5,IT50,35.19412725226089,44,2025-12-14,2025-12-21,1.0,-1.0,2025-12-21,2025-12-21,2026-02-08,7.0,52.20358501211178,75.75240518570672,23.54882017359494,seasonal_naive
seasonal_naive,post_covid,4,CITYWIDE,2025-26,0.9,IT90,56.071415152332634,44,,2026-01-25,,,2026-01-25,2025-12-21,2026-02-08,7.0,52.20358501211178,75.75240518570672,23.54882017359494,seasonal_naive
seasonal_naive,post_covid,4,CITYWIDE,2025-26,0.98,IT98,75.53173152268305,44,,2026-02-08,,,2026-02-08,2025-12-21,2026-02-08,7.0,52.20358501211178,75.75240518570672,23.54882017359494,seasonal_naive
xgboost,post_covid,4,Agler/Cassidy,2024-25,0.5,IT50,51.74083078339265,9,,,,,,2025-06-08,2025-06-01,-1.0,30.734241485595703,13.750389814196366,-16.983851671399336,xgboost
xgboost,post_covid,4,Agler/Cassidy,2024-25,0.9,IT90,88.48740693700204,9,,,,,,2025-06-08,2025-06-01,-1.0,30.734241485595703,13.750389814196366,-16.983851671399336,xgboost
xgboost,post_covid,4,Agler/Cassidy,2024-25,0.98,IT98,124.72586226376617,9,,,,,,2025-06-08,2025-06-01,-1.0,30.734241485595703,13.750389814196366,-16.983851671399336,xgboost
xgboost,post_covid,4,Agler/Cassidy,2025-26,0.5,IT50,51.74083078339265,44,2025-12-14,,,,,2025-12-14,2026-01-18,5.0,86.05587768554688,45.849841766978685,-40.20603591856819,xgboost
xgboost,post_covid,4,Agler/Cassidy,2025-26,0.9,IT90,88.48740693700204,44,,,,,,2025-12-14,2026-01-18,5.0,86.05587768554688,45.849841766978685,-40.20603591856819,xgboost
xgboost,post_covid,4,Agler/Cassidy,2025-26,0.98,IT98,124.72586226376617,44,,,,,,2025-12-14,2026-01-18,5.0,86.05587768554688,45.849841766978685,-40.20603591856819,xgboost
xgboost,post_covid,4,Bexley,2024-25,0.5,IT50,24.605454693531783,9,,,,,,2025-06-08,2025-07-27,7.0,7.03457498550415,4.982425665326756,-2.052149320177395,xgboost
xgboost,post_covid,4,Bexley,2024-25,0.9,IT90,37.5430295506582,9,,,,,,2025-06-08,2025-07-27,7.0,7.03457498550415,4.982425665326756,-2.052149320177395,xgboost
xgboost,post_covid,4,Bexley,2024-25,0.98,IT98,49.19357270883574,9,,,,,,2025-06-08,2025-07-27,7.0,7.03457498550415,4.982425665326756,-2.052149320177395,xgboost
xgboost,post_covid,4,Bexley,2025-26,0.5,IT50,24.605454693531783,44,2025-12-07,,,,,2026-01-04,2026-02-01,4.0,49.24202346801758,21.427649347874674,-27.814374120142904,xgboost
xgboost,post_covid,4,Bexley,2025-26,0.9,IT90,37.5430295506582,44,2025-12-28,,,,,2026-01-04,2026-02-01,4.0,49.24202346801758,21.427649347874674,-27.814374120142904,xgboost
xgboost,post_covid,4,Bexley,2025-26,0.98,IT98,49.19357270883574,44,2026-01-04,,,,,2026-01-04,2026-02-01,4.0,49.24202346801758,21.427649347874674,-27.814374120142904,xgboost
xgboost,post_covid,4,Clintonville/Near North,2024-25,0.5,IT50,15.728895715230147,9,,,,,,2025-07-13,2025-06-01,-6.0,5.136054039001465,4.698425547080914,-0.43762849192055064,xgboost
xgboost,post_covid,4,Clintonville/Near North,2024-25,0.9,IT90,22.099499115677975,9,,,,,,2025-07-13,2025-06-01,-6.0,5.136054039001465,4.698425547080914,-0.43762849192055064,xgboost
xgboost,post_covid,4,Clintonville/Near North,2024-25,0.98,IT98,27.469599865392972,9,,,,,,2025-07-13,2025-06-01,-6.0,5.136054039001465,4.698425547080914,-0.43762849192055064,xgboost
xgboost,post_covid,4,Clintonville/Near North,2025-26,0.5,IT50,15.728895715230147,44,2025-12-07,2025-12-28,3.0,-3.0,2025-12-28,2025-12-28,2026-01-18,3.0,27.734691619873047,18.13944562177406,-9.595245998098989,xgboost
xgboost,post_covid,4,Clintonville/Near North,2025-26,0.9,IT90,22.099499115677975,44,2025-12-21,,,,,2025-12-28,2026-01-18,3.0,27.734691619873047,18.13944562177406,-9.595245998098989,xgboost
xgboost,post_covid,4,Clintonville/Near North,2025-26,0.98,IT98,27.469599865392972,44,2025-12-28,,,,,2025-12-28,2026-01-18,3.0,27.734691619873047,18.13944562177406,-9.595245998098989,xgboost
xgboost,post_covid,4,Dublin,2024-25,0.5,IT50,8.038849454818003,9,,,,,,2025-07-13,2025-06-01,-6.0,3.810394763946533,3.708233358582139,-0.10216140536439422,xgboost
xgboost,post_covid,4,Dublin,2024-25,0.9,IT90,14.1626396504559,9,,,,,,2025-07-13,2025-06-01,-6.0,3.810394763946533,3.708233358582139,-0.10216140536439422,xgboost
xgboost,post_covid,4,Dublin,2024-25,0.98,IT98,20.345693253667104,9,,,,,,2025-07-13,2025-06-01,-6.0,3.810394763946533,3.708233358582139,-0.10216140536439422,xgboost
xgboost,post_covid,4,Dublin,2025-26,0.5,IT50,8.038849454818003,44,2025-12-14,2025-12-28,2.0,-2.0,2025-12-28,2025-12-21,2026-01-18,4.0,16.765737533569336,10.09454810181273,-6.671189431756606,xgboost
xgboost,post_covid,4,Dublin,2025-26,0.9,IT90,14.1626396504559,44,2025-12-21,,,,,2025-12-21,2026-01-18,4.0,16.765737533569336,10.09454810181273,-6.671189431756606,xgboost
xgboost,post_covid,4,Dublin,2025-26,0.98,IT98,20.345693253667104,44,,,,,,2025-12-21,2026-01-18,4.0,16.765737533569336,10.09454810181273,-6.671189431756606,xgboost
xgboost,post_covid,4,Eastside,2024-25,0.5,IT50,53.89825474693718,9,,,,,,2025-06-01,2025-07-27,8.0,18.382776260375977,12.242251419921343,-6.140524840454633,xgboost
xgboost,post_covid,4,Eastside,2024-25,0.9,IT90,89.53274062296502,9,,,,,,2025-06-01,2025-07-27,8.0,18.382776260375977,12.242251419921343,-6.140524840454633,xgboost
xgboost,post_covid,4,Eastside,2024-25,0.98,IT98,123.87134674281285,9,,,,,,2025-06-01,2025-07-27,8.0,18.382776260375977,12.242251419921343,-6.140524840454633,xgboost
xgboost,post_covid,4,Eastside,2025-26,0.5,IT50,53.89825474693718,44,2025-12-21,,,,,2025-12-21,2026-01-18,4.0,91.91387939453124,52.221855188068005,-39.69202420646323,xgboost
xgboost,post_covid,4,Eastside,2025-26,0.9,IT90,89.53274062296502,44,2025-12-21,,,,,2025-12-21,2026-01-18,4.0,91.91387939453124,52.221855188068005,-39.69202420646323,xgboost
xgboost,post_covid,4,Eastside,2025-26,0.98,IT98,123.87134674281285,44,,,,,,2025-12-21,2026-01-18,4.0,91.91387939453124,52.221855188068005,-39.69202420646323,xgboost
xgboost,post_covid,4,Far East,2024-25,0.5,IT50,76.01095931639992,9,,,,,,2025-06-01,2025-06-01,0.0,31.653696060180664,19.1899890962156,-12.463706963965063,xgboost
xgboost,post_covid,4,Far East,2024-25,0.9,IT90,119.58175049878095,9,,,,,,2025-06-01,2025-06-01,0.0,31.653696060180664,19.1899890962156,-12.463706963965063,xgboost
xgboost,post_covid,4,Far East,2024-25,0.98,IT98,159.7885780471188,9,,,,,,2025-06-01,2025-06-01,0.0,31.653696060180664,19.1899890962156,-12.463706963965063,xgboost
xgboost,post_covid,4,Far East,2025-26,0.5,IT50,76.01095931639992,44,2025-12-21,,,,,2025-12-28,2025-12-28,0.0,123.0313491821289,71.68788622249699,-51.34346295963192,xgboost
xgboost,post_covid,4,Far East,2025-26,0.9,IT90,119.58175049878095,44,2025-12-28,,,,,2025-12-28,2025-12-28,0.0,123.0313491821289,71.68788622249699,-51.34346295963192,xgboost
xgboost,post_covid,4,Far East,2025-26,0.98,IT98,159.7885780471188,44,,,,,,2025-12-28,2025-12-28,0.0,123.0313491821289,71.68788622249699,-51.34346295963192,xgboost
xgboost,post_covid,4,Far South,2024-25,0.5,IT50,69.7066330370401,9,,,,,,2025-06-01,2025-06-01,0.0,27.77184295654297,14.534287301312492,-13.237555655230477,xgboost
xgboost,post_covid,4,Far South,2024-25,0.9,IT90,121.95949130896,9,,,,,,2025-06-01,2025-06-01,0.0,27.77184295654297,14.534287301312492,-13.237555655230477,xgboost
xgboost,post_covid,4,Far South,2024-25,0.98,IT98,174.42921640712913,9,,,,,,2025-06-01,2025-06-01,0.0,27.77184295654297,14.534287301312492,-13.237555655230477,xgboost
xgboost,post_covid,4,Far South,2025-26,0.5,IT50,69.7066330370401,44,2025-12-14,,,,,2026-01-18,2026-01-18,0.0,100.40589904785156,60.67689577653337,-39.72900327131819,xgboost
xgboost,post_covid,4,Far South,2025-26,0.9,IT90,121.95949130896,44,,,,,,2026-01-18,2026-01-18,0.0,100.40589904785156,60.67689577653337,-39.72900327131819,xgboost
xgboost,post_covid,4,Far South,2025-26,0.98,IT98,174.42921640712913,44,,,,,,2026-01-18,2026-01-18,0.0,100.40589904785156,60.67689577653337,-39.72900327131819,xgboost
xgboost,post_covid,4,Far Southeast,2024-25,0.5,IT50,10.956265259525463,9,,,,,,2025-06-01,2025-06-01,0.0,6.61631965637207,4.688213186476563,-1.928106469895507,xgboost
xgboost,post_covid,4,Far Southeast,2024-25,0.9,IT90,18.40391015194404,9,,,,,,2025-06-01,2025-06-01,0.0,6.61631965637207,4.688213186476563,-1.928106469895507,xgboost
xgboost,post_covid,4,Far Southeast,2024-25,0.98,IT98,25.644566505740826,9,,,,,,2025-06-01,2025-06-01,0.0,6.61631965637207,4.688213186476563,-1.928106469895507,xgboost
xgboost,post_covid,4,Far Southeast,2025-26,0.5,IT50,10.956265259525463,44,2025-12-07,,,,,2025-12-21,2026-01-18,4.0,14.177827835083008,10.242217323544455,-3.9356105115385525,xgboost
xgboost,post_covid,4,Far Southeast,2025-26,0.9,IT90,18.40391015194404,44,,,,,,2025-12-21,2026-01-18,4.0,14.177827835083008,10.242217323544455,-3.9356105115385525,xgboost
xgboost,post_covid,4,Far Southeast,2025-26,0.98,IT98,25.644566505740826,44,,,,,,2025-12-21,2026-01-18,4.0,14.177827835083008,10.242217323544455,-3.9356105115385525,xgboost
xgboost,post_covid,4,Far Southwest,2024-25,0.5,IT50,34.041053932580134,9,,,,,,2025-07-06,2025-06-01,-5.0,13.57149600982666,8.763687509645248,-4.807808500181412,xgboost
xgboost,post_covid,4,Far Southwest,2024-25,0.9,IT90,54.68112356483704,9,,,,,,2025-07-06,2025-06-01,-5.0,13.57149600982666,8.763687509645248,-4.807808500181412,xgboost
xgboost,post_covid,4,Far Southwest,2024-25,0.98,IT98,74.04650918881951,9,,,,,,2025-07-06,2025-06-01,-5.0,13.57149600982666,8.763687509645248,-4.807808500181412,xgboost
xgboost,post_covid,4,Far Southwest,2025-26,0.5,IT50,34.041053932580134,44,2025-12-14,,,,,2025-12-14,2025-12-28,2.0,46.97825622558594,32.500953042041544,-14.477303183544393,xgboost
xgboost,post_covid,4,Far Southwest,2025-26,0.9,IT90,54.68112356483704,44,,,,,,2025-12-14,2025-12-28,2.0,46.97825622558594,32.500953042041544,-14.477303183544393,xgboost
xgboost,post_covid,4,Far Southwest,2025-26,0.98,IT98,74.04650918881951,44,,,,,,2025-12-14,2025-12-28,2.0,46.97825622558594,32.500953042041544,-14.477303183544393,xgboost
xgboost,post_covid,4,Hilliard,2024-25,0.5,IT50,19.24134804712757,9,,,,,,2025-06-01,2025-06-01,0.0,10.828537940979004,4.556251783188872,-6.272286157790132,xgboost
xgboost,post_covid,4,Hilliard,2024-25,0.9,IT90,34.52709434950146,9,,,,,,2025-06-01,2025-06-01,0.0,10.828537940979004,4.556251783188872,-6.272286157790132,xgboost
xgboost,post_covid,4,Hilliard,2024-25,0.98,IT98,50.186768532537315,9,,,,,,2025-06-01,2025-06-01,0.0,10.828537940979004,4.556251783188872,-6.272286157790132,xgboost
xgboost,post_covid,4,Hilliard,2025-26,0.5,IT50,19.24134804712757,44,2025-12-07,2025-12-28,3.0,-3.0,2025-12-28,2025-12-21,2025-12-28,1.0,34.03254699707031,19.538255438783853,-14.49429155828646,xgboost
xgboost,post_covid,4,Hilliard,2025-26,0.9,IT90,34.52709434950146,44,,,,,,2025-12-21,2025-12-28,1.0,34.03254699707031,19.538255438783853,-14.49429155828646,xgboost
xgboost,post_covid,4,Hilliard,2025-26,0.98,IT98,50.186768532537315,44,,,,,,2025-12-21,2025-12-28,1.0,34.03254699707031,19.538255438783853,-14.49429155828646,xgboost
xgboost,post_covid,4,Linden,2024-25,0.5,IT50,53.62727596624066,9,,,,,,2025-06-08,2025-06-01,-1.0,23.84536361694336,15.09686078793221,-8.74850282901115,xgboost
xgboost,post_covid,4,Linden,2024-25,0.9,IT90,82.61523156370409,9,,,,,,2025-06-08,2025-06-01,-1.0,23.84536361694336,15.09686078793221,-8.74850282901115,xgboost
xgboost,post_covid,4,Linden,2024-25,0.98,IT98,108.92078323683364,9,,,,,,2025-06-08,2025-06-01,-1.0,23.84536361694336,15.09686078793221,-8.74850282901115,xgboost
xgboost,post_covid,4,Linden,2025-26,0.5,IT50,53.62727596624066,44,2025-12-14,,,,,2026-01-04,2026-01-18,2.0,76.00709533691406,47.229634735184135,-28.777460601729928,xgboost
xgboost,post_covid,4,Linden,2025-26,0.9,IT90,82.61523156370409,44,,,,,,2026-01-04,2026-01-18,2.0,76.00709533691406,47.229634735184135,-28.777460601729928,xgboost
xgboost,post_covid,4,Linden,2025-26,0.98,IT98,108.92078323683364,44,,,,,,2026-01-04,2026-01-18,2.0,76.00709533691406,47.229634735184135,-28.777460601729928,xgboost
xgboost,post_covid,4,NE Suburban,2024-25,0.5,IT50,27.312493683860776,9,,,,,,2025-06-01,2025-06-01,0.0,9.269793510437012,8.302093391467329,-0.9677001189696828,xgboost
xgboost,post_covid,4,NE Suburban,2024-25,0.9,IT90,41.22759712033061,9,,,,,,2025-06-01,2025-06-01,0.0,9.269793510437012,8.302093391467329,-0.9677001189696828,xgboost
xgboost,post_covid,4,NE Suburban,2024-25,0.98,IT98,53.6511443833241,9,,,,,,2025-06-01,2025-06-01,0.0,9.269793510437012,8.302093391467329,-0.9677001189696828,xgboost
xgboost,post_covid,4,NE Suburban,2025-26,0.5,IT50,27.312493683860776,44,2025-12-21,,,,,2025-12-21,2026-01-18,4.0,50.56250762939453,25.47284575485952,-25.08966187453501,xgboost
xgboost,post_covid,4,NE Suburban,2025-26,0.9,IT90,41.22759712033061,44,2025-12-21,,,,,2025-12-21,2026-01-18,4.0,50.56250762939453,25.47284575485952,-25.08966187453501,xgboost
xgboost,post_covid,4,NE Suburban,2025-26,0.98,IT98,53.6511443833241,44,,,,,,2025-12-21,2026-01-18,4.0,50.56250762939453,25.47284575485952,-25.08966187453501,xgboost
xgboost,post_covid,4,Northland,2024-25,0.5,IT50,56.127661353876796,9,,,,,,2025-07-06,2025-06-01,-5.0,20.79029083251953,17.831781305267278,-2.9585095272522537,xgboost
xgboost,post_covid,4,Northland,2024-25,0.9,IT90,89.91407794411414,9,,,,,,2025-07-06,2025-06-01,-5.0,20.79029083251953,17.831781305267278,-2.9585095272522537,xgboost
xgboost,post_covid,4,Northland,2024-25,0.98,IT98,121.54516325409915,9,,,,,,2025-07-06,2025-06-01,-5.0,20.79029083251953,17.831781305267278,-2.9585095272522537,xgboost
xgboost,post_covid,4,Northland,2025-26,0.5,IT50,56.127661353876796,44,2025-12-14,,,,,2026-01-04,2025-12-28,-1.0,87.05934143066406,51.91677677871245,-35.14256465195161,xgboost
xgboost,post_covid,4,Northland,2025-26,0.9,IT90,89.91407794411414,44,,,,,,2026-01-04,2025-12-28,-1.0,87.05934143066406,51.91677677871245,-35.14256465195161,xgboost
xgboost,post_covid,4,Northland,2025-26,0.98,IT98,121.54516325409915,44,,,,,,2026-01-04,2025-12-28,-1.0,87.05934143066406,51.91677677871245,-35.14256465195161,xgboost
xgboost,post_covid,4,UA/Grandview,2024-25,0.5,IT50,8.143164584776198,9,,,,,,2025-07-06,2025-06-22,-2.0,5.691908359527588,3.730554897214621,-1.961353462312967,xgboost
xgboost,post_covid,4,UA/Grandview,2024-25,0.9,IT90,16.706142473783938,9,,,,,,2025-07-06,2025-06-22,-2.0,5.691908359527588,3.730554897214621,-1.961353462312967,xgboost
xgboost,post_covid,4,UA/Grandview,2024-25,0.98,IT98,26.455007113900507,9,,,,,,2025-07-06,2025-06-22,-2.0,5.691908359527588,3.730554897214621,-1.961353462312967,xgboost
xgboost,post_covid,4,UA/Grandview,2025-26,0.5,IT50,8.143164584776198,44,2025-12-07,2026-01-04,4.0,-4.0,2026-01-04,2025-12-07,2026-01-18,6.0,15.93734359741211,10.132654149570024,-5.804689447842085,xgboost
xgboost,post_covid,4,UA/Grandview,2025-26,0.9,IT90,16.706142473783938,44,,,,,,2025-12-07,2026-01-18,6.0,15.93734359741211,10.132654149570024,-5.804689447842085,xgboost
xgboost,post_covid,4,UA/Grandview,2025-26,0.98,IT98,26.455007113900507,44,,,,,,2025-12-07,2026-01-18,6.0,15.93734359741211,10.132654149570024,-5.804689447842085,xgboost
xgboost,post_covid,4,West,2024-25,0.5,IT50,73.15037971354549,9,,,,,,2025-06-01,2025-06-01,0.0,26.18584442138672,16.49235660876727,-9.693487812619448,xgboost
xgboost,post_covid,4,West,2024-25,0.9,IT90,114.1022318647041,9,,,,,,2025-06-01,2025-06-01,0.0,26.18584442138672,16.49235660876727,-9.693487812619448,xgboost
xgboost,post_covid,4,West,2024-25,0.98,IT98,151.63555393306305,9,,,,,,2025-06-01,2025-06-01,0.0,26.18584442138672,16.49235660876727,-9.693487812619448,xgboost
xgboost,post_covid,4,West,2025-26,0.5,IT50,73.15037971354549,44,2025-12-21,,,,,2026-01-04,2025-12-28,-1.0,84.5428695678711,66.46259612539119,-18.080273442479907,xgboost
xgboost,post_covid,4,West,2025-26,0.9,IT90,114.1022318647041,44,,,,,,2026-01-04,2025-12-28,-1.0,84.5428695678711,66.46259612539119,-18.080273442479907,xgboost
xgboost,post_covid,4,West,2025-26,0.98,IT98,151.63555393306305,44,,,,,,2026-01-04,2025-12-28,-1.0,84.5428695678711,66.46259612539119,-18.080273442479907,xgboost
xgboost,post_covid,4,Westerville,2024-25,0.5,IT50,24.33364195874595,9,,,,,,2025-06-01,2025-06-01,0.0,9.329228401184082,7.31902997100886,-2.0101984301752216,xgboost
xgboost,post_covid,4,Westerville,2024-25,0.9,IT90,36.408491039457616,9,,,,,,2025-06-01,2025-06-01,0.0,9.329228401184082,7.31902997100886,-2.0101984301752216,xgboost
xgboost,post_covid,4,Westerville,2024-25,0.98,IT98,47.11324141772458,9,,,,,,2025-06-01,2025-06-01,0.0,9.329228401184082,7.31902997100886,-2.0101984301752216,xgboost
xgboost,post_covid,4,Westerville,2025-26,0.5,IT50,24.33364195874595,44,2025-12-14,,,,,2025-12-21,2026-01-18,4.0,45.091270446777344,21.85557147783774,-23.235698968939605,xgboost
xgboost,post_covid,4,Westerville,2025-26,0.9,IT90,36.408491039457616,44,2025-12-21,,,,,2025-12-21,2026-01-18,4.0,45.091270446777344,21.85557147783774,-23.235698968939605,xgboost
xgboost,post_covid,4,Westerville,2025-26,0.98,IT98,47.11324141772458,44,,,,,,2025-12-21,2026-01-18,4.0,45.091270446777344,21.85557147783774,-23.235698968939605,xgboost
xgboost,post_covid,4,Worthington,2024-25,0.5,IT50,13.721631551906164,9,,,,,,2025-06-08,2025-06-01,-1.0,11.216263771057127,5.070312169281067,-6.14595160177606,xgboost
xgboost,post_covid,4,Worthington,2024-25,0.9,IT90,22.978569674557114,9,,,,,,2025-06-08,2025-06-01,-1.0,11.216263771057127,5.070312169281067,-6.14595160177606,xgboost
xgboost,post_covid,4,Worthington,2024-25,0.98,IT98,31.956357603850087,9,,,,,,2025-06-08,2025-06-01,-1.0,11.216263771057127,5.070312169281067,-6.14595160177606,xgboost
xgboost,post_covid,4,Worthington,2025-26,0.5,IT50,13.721631551906164,44,2025-08-31,2026-01-18,20.0,-20.0,2026-01-18,2025-12-21,2026-01-18,4.0,44.86505508422851,13.80871797291643,-31.05633711131208,xgboost
xgboost,post_covid,4,Worthington,2025-26,0.9,IT90,22.978569674557114,44,2025-12-21,,,,,2025-12-21,2026-01-18,4.0,44.86505508422851,13.80871797291643,-31.05633711131208,xgboost
xgboost,post_covid,4,Worthington,2025-26,0.98,IT98,31.956357603850087,44,2025-12-21,,,,,2025-12-21,2026-01-18,4.0,44.86505508422851,13.80871797291643,-31.05633711131208,xgboost
xgboost,post_covid,4,CITYWIDE,2024-25,0.5,IT50,35.19412725226089,9,,,,,,2025-06-01,2025-06-01,0.0,13.228462934494019,9.621580605081844,-3.6068823294121746,xgboost
xgboost,post_covid,4,CITYWIDE,2024-25,0.9,IT90,56.071415152332634,9,,,,,,2025-06-01,2025-06-01,0.0,13.228462934494019,9.621580605081844,-3.6068823294121746,xgboost
xgboost,post_covid,4,CITYWIDE,2024-25,0.98,IT98,75.53173152268305,9,,,,,,2025-06-01,2025-06-01,0.0,13.228462934494019,9.621580605081844,-3.6068823294121746,xgboost
xgboost,post_covid,4,CITYWIDE,2025-26,0.5,IT50,35.19412725226089,44,2025-12-14,,,,,2025-12-21,2026-01-18,4.0,52.20358511980842,33.27319728243397,-18.930387837374454,xgboost
xgboost,post_covid,4,CITYWIDE,2025-26,0.9,IT90,56.071415152332634,44,,,,,,2025-12-21,2026-01-18,4.0,52.20358511980842,33.27319728243397,-18.930387837374454,xgboost
xgboost,post_covid,4,CITYWIDE,2025-26,0.98,IT98,75.53173152268305,44,,,,,,2025-12-21,2026-01-18,4.0,52.20358511980842,33.27319728243397,-18.930387837374454,xgboost
