model,variant,horizon,indicator,season,level,label,threshold,n_weeks,onset_actual,onset_pred,onset_error_weeks,lead_time_weeks,first_alert_week,peak_week_actual,peak_week_pred,peak_week_error_weeks,peak_actual,peak_pred,peak_error,series
arima,exclude_covid,1,Allston/Brighton,2024-25,0.5,IT50,43.17201700312734,9,,,,,,2025-06-15,2025-06-01,-2.0,5.7,10.740474073901854,5.040474073901854,arima/exclude_covid
arima,exclude_covid,1,Allston/Brighton,2024-25,0.9,IT90,72.80812661818143,9,,,,,,2025-06-15,2025-06-01,-2.0,5.7,10.740474073901854,5.040474073901854,arima/exclude_covid
arima,exclude_covid,1,Allston/Brighton,2024-25,0.98,IT98,101.71188922331822,9,,,,,,2025-06-15,2025-06-01,-2.0,5.7,10.740474073901854,5.040474073901854,arima/exclude_covid
arima,exclude_covid,1,Allston/Brighton,2025-26,0.5,IT50,43.17201700312734,40,2025-12-14,2025-12-21,1.0,-1.0,2025-12-21,2025-12-21,2025-12-28,1.0,80.6,70.6292523677878,-9.970747632212195,arima/exclude_covid
arima,exclude_covid,1,Allston/Brighton,2025-26,0.9,IT90,72.80812661818143,40,2025-12-21,,,,,2025-12-21,2025-12-28,1.0,80.6,70.6292523677878,-9.970747632212195,arima/exclude_covid
arima,exclude_covid,1,Allston/Brighton,2025-26,0.98,IT98,101.71188922331822,40,,,,,,2025-12-21,2025-12-28,1.0,80.6,70.6292523677878,-9.970747632212195,arima/exclude_covid
arima,exclude_covid,1,Back Bay/Beacon Hill/Downtown/North End/West End,2024-25,0.5,IT50,32.35361456388361,8,,,,,,2025-06-08,2025-06-01,-1.0,3.4,8.231095259547528,4.831095259547528,arima/exclude_covid
arima,exclude_covid,1,Back Bay/Beacon Hill/Downtown/North End/West End,2024-25,0.9,IT90,56.35007606954225,8,,,,,,2025-06-08,2025-06-01,-1.0,3.4,8.231095259547528,4.831095259547528,arima/exclude_covid
arima,exclude_covid,1,Back Bay/Beacon Hill/Downtown/North End/West End,2024-25,0.98,IT98,80.35966190257739,8,,,,,,2025-06-08,2025-06-01,-1.0,3.4,8.231095259547528,4.831095259547528,arima/exclude_covid
arima,exclude_covid,1,Back Bay/Beacon Hill/Downtown/North End/West End,2025-26,0.5,IT50,32.35361456388361,38,2025-12-21,2025-12-28,1.0,-1.0,2025-12-28,2025-12-21,2025-12-28,1.0,58.1,49.093303509805345,-9.006696490194656,arima/exclude_covid
arima,exclude_covid,1,Back Bay/Beacon Hill/Downtown/North End/West End,2025-26,0.9,IT90,56.35007606954225,38,2025-12-21,,,,,2025-12-21,2025-12-28,1.0,58.1,49.093303509805345,-9.006696490194656,arima/exclude_covid
arima,exclude_covid,1,Back Bay/Beacon Hill/Downtown/North End/West End,2025-26,0.98,IT98,80.35966190257739,38,,,,,,2025-12-21,2025-12-28,1.0,58.1,49.093303509805345,-9.006696490194656,arima/exclude_covid
arima,exclude_covid,1,Charlestown,2024-25,0.5,IT50,44.544403832795176,3,,,,,,2025-06-01,2025-07-27,8.0,10.3,20.453040450526064,10.153040450526063,arima/exclude_covid
arima,exclude_covid,1,Charlestown,2024-25,0.9,IT90,75.51034339625782,3,,,,,,2025-06-01,2025-07-27,8.0,10.3,20.453040450526064,10.153040450526063,arima/exclude_covid
arima,exclude_covid,1,Charlestown,2024-25,0.98,IT98,105.83479691598406,3,,,,,,2025-06-01,2025-07-27,8.0,10.3,20.453040450526064,10.153040450526063,arima/exclude_covid
arima,exclude_covid,1,Charlestown,2025-26,0.5,IT50,44.544403832795176,32,2025-12-14,2025-12-21,1.0,-1.0,2025-12-21,2025-12-14,2025-12-21,1.0,92.8,67.30007476939446,-25.49992523060554,arima/exclude_covid
arima,exclude_covid,1,Charlestown,2025-26,0.9,IT90,75.51034339625782,32,2025-12-14,,,,,2025-12-14,2025-12-21,1.0,92.8,67.30007476939446,-25.49992523060554,arima/exclude_covid
arima,exclude_covid,1,Charlestown,2025-26,0.98,IT98,105.83479691598406,32,,,,,,2025-12-14,2025-12-21,1.0,92.8,67.30007476939446,-25.49992523060554,arima/exclude_covid
arima,exclude_covid,1,Dorchester,2024-25,0.5,IT50,157.0086457734027,9,,,,,,2025-06-01,2025-06-08,1.0,24.3,30.052011139571455,5.752011139571454,arima/exclude_covid
arima,exclude_covid,1,Dorchester,2024-25,0.9,IT90,264.26252974322875,9,,,,,,2025-06-01,2025-06-08,1.0,24.3,30.052011139571455,5.752011139571454,arima/exclude_covid
arima,exclude_covid,1,Dorchester,2024-25,0.98,IT98,368.7005757586777,9,,,,,,2025-06-01,2025-06-08,1.0,24.3,30.052011139571455,5.752011139571454,arima/exclude_covid
arima,exclude_covid,1,Dorchester,2025-26,0.5,IT50,157.0086457734027,40,2025-12-14,2025-12-21,1.0,-1.0,2025-12-21,2025-12-21,2025-12-28,1.0,256.15,272.2878401945527,16.137840194552723,arima/exclude_covid
arima,exclude_covid,1,Dorchester,2025-26,0.9,IT90,264.26252974322875,40,,2025-12-28,,,2025-12-28,2025-12-21,2025-12-28,1.0,256.15,272.2878401945527,16.137840194552723,arima/exclude_covid
arima,exclude_covid,1,Dorchester,2025-26,0.98,IT98,368.7005757586777,40,,,,,,2025-12-21,2025-12-28,1.0,256.15,272.2878401945527,16.137840194552723,arima/exclude_covid
arima,exclude_covid,1,East Boston,2024-25,0.5,IT50,32.38969817502224,6,,,,,,2025-06-15,2025-06-01,-2.0,3.1,7.5304298705999635,4.430429870599964,arima/exclude_covid
arima,exclude_covid,1,East Boston,2024-25,0.9,IT90,56.982258100156095,6,,,,,,2025-06-15,2025-06-01,-2.0,3.1,7.5304298705999635,4.430429870599964,arima/exclude_covid
arima,exclude_covid,1,East Boston,2024-25,0.98,IT98,81.78485877953806,6,,,,,,2025-06-15,2025-06-01,-2.0,3.1,7.5304298705999635,4.430429870599964,arima/exclude_covid
arima,exclude_covid,1,East Boston,2025-26,0.5,IT50,32.38969817502224,38,2025-12-14,2025-12-21,1.0,-1.0,2025-12-21,2025-12-28,2026-01-04,1.0,59.3,55.97345060817084,-3.326549391829154,arima/exclude_covid
arima,exclude_covid,1,East Boston,2025-26,0.9,IT90,56.982258100156095,38,2025-12-28,,,,,2025-12-28,2026-01-04,1.0,59.3,55.97345060817084,-3.326549391829154,arima/exclude_covid
arima,exclude_covid,1,East Boston,2025-26,0.98,IT98,81.78485877953806,38,,,,,,2025-12-28,2026-01-04,1.0,59.3,55.97345060817084,-3.326549391829154,arima/exclude_covid
arima,exclude_covid,1,Fenway,2024-25,0.5,IT50,19.789042860168028,7,,,,,,2025-06-01,2025-06-08,1.0,5.3,6.276274516495095,0.9762745164950948,arima/exclude_covid
arima,exclude_covid,1,Fenway,2024-25,0.9,IT90,31.717921949528318,7,,,,,,2025-06-01,2025-06-08,1.0,5.3,6.276274516495095,0.9762745164950948,arima/exclude_covid
arima,exclude_covid,1,Fenway,2024-25,0.98,IT98,42.89052071415166,7,,,,,,2025-06-01,2025-06-08,1.0,5.3,6.276274516495095,0.9762745164950948,arima/exclude_covid
arima,exclude_covid,1,Fenway,2025-26,0.5,IT50,19.789042860168028,36,2025-12-14,,,,,2026-01-04,2026-01-11,1.0,21.1,18.22872973339112,-2.8712702666088816,arima/exclude_covid
arima,exclude_covid,1,Fenway,2025-26,0.9,IT90,31.717921949528318,36,,,,,,2026-01-04,2026-01-11,1.0,21.1,18.22872973339112,-2.8712702666088816,arima/exclude_covid
arima,exclude_covid,1,Fenway,2025-26,0.98,IT98,42.89052071415166,36,,,,,,2026-01-04,2026-01-11,1.0,21.1,18.22872973339112,-2.8712702666088816,arima/exclude_covid
arima,exclude_covid,1,Hyde Park,2024-25,0.5,IT50,59.73762940735334,7,,,,,,2025-06-22,2025-07-27,5.0,6.9,11.047385551768336,4.147385551768336,arima/exclude_covid
arima,exclude_covid,1,Hyde Park,2024-25,0.9,IT90,98.70163927662223,7,,,,,,2025-06-22,2025-07-27,5.0,6.9,11.047385551768336,4.147385551768336,arima/exclude_covid
arima,exclude_covid,1,Hyde Park,2024-25,0.98,IT98,136.08880333365826,7,,,,,,2025-06-22,2025-07-27,5.0,6.9,11.047385551768336,4.147385551768336,arima/exclude_covid
arima,exclude_covid,1,Hyde Park,2025-26,0.5,IT50,59.73762940735334,39,2025-12-14,2025-12-28,2.0,-2.0,2025-12-28,2025-12-21,2025-12-28,1.0,94.6,84.74994525742486,-9.85005474257514,arima/exclude_covid
arima,exclude_covid,1,Hyde Park,2025-26,0.9,IT90,98.70163927662223,39,,,,,,2025-12-21,2025-12-28,1.0,94.6,84.74994525742486,-9.85005474257514,arima/exclude_covid
arima,exclude_covid,1,Hyde Park,2025-26,0.98,IT98,136.08880333365826,39,,,,,,2025-12-21,2025-12-28,1.0,94.6,84.74994525742486,-9.85005474257514,arima/exclude_covid
arima,exclude_covid,1,Jamaica Plain,2024-25,0.5,IT50,30.1329000930458,8,,,,,,2025-06-08,2025-06-22,2.0,6.8,9.391536703099568,2.5915367030995684,arima/exclude_covid
arima,exclude_covid,1,Jamaica Plain,2024-25,0.9,IT90,48.93353508945714,8,,,,,,2025-06-08,2025-06-22,2.0,6.8,9.391536703099568,2.5915367030995684,arima/exclude_covid
arima,exclude_covid,1,Jamaica Plain,2024-25,0.98,IT98,66.72678487426273,8,,,,,,2025-06-08,2025-06-22,2.0,6.8,9.391536703099568,2.5915367030995684,arima/exclude_covid
arima,exclude_covid,1,Jamaica Plain,2025-26,0.5,IT50,30.1329000930458,38,2025-12-14,2025-12-28,2.0,-2.0,2025-12-28,2025-12-21,2025-12-28,1.0,61.1,52.26675918683844,-8.83324081316156,arima/exclude_covid
arima,exclude_covid,1,Jamaica Plain,2025-26,0.9,IT90,48.93353508945714,38,2025-12-21,2025-12-28,1.0,-1.0,2025-12-28,2025-12-21,2025-12-28,1.0,61.1,52.26675918683844,-8.83324081316156,arima/exclude_covid
arima,exclude_covid,1,Jamaica Plain,2025-26,0.98,IT98,66.72678487426273,38,,,,,,2025-12-21,2025-12-28,1.0,61.1,52.26675918683844,-8.83324081316156,arima/exclude_covid
arima,exclude_covid,1,Mattapan,2024-25,0.5,IT50,75.36060630157071,8,,,,,,2025-06-22,2025-07-06,2.0,11.3,16.35813951127981,5.058139511279808,arima/exclude_covid
arima,exclude_covid,1,Mattapan,2024-25,0.9,IT90,114.4266389550119,8,,,,,,2025-06-22,2025-07-06,2.0,11.3,16.35813951127981,5.058139511279808,arima/exclude_covid
arima,exclude_covid,1,Mattapan,2024-25,0.98,IT98,149.46970387636378,8,,,,,,2025-06-22,2025-07-06,2.0,11.3,16.35813951127981,5.058139511279808,arima/exclude_covid
arima,exclude_covid,1,Mattapan,2025-26,0.5,IT50,75.36060630157071,39,2025-12-21,2025-12-28,1.0,-1.0,2025-12-28,2025-12-28,2026-01-04,1.0,110.3,99.63250674947244,-10.667493250527556,arima/exclude_covid
arima,exclude_covid,1,Mattapan,2025-26,0.9,IT90,114.4266389550119,39,,,,,,2025-12-28,2026-01-04,1.0,110.3,99.63250674947244,-10.667493250527556,arima/exclude_covid
arima,exclude_covid,1,Mattapan,2025-26,0.98,IT98,149.46970387636378,39,,,,,,2025-12-28,2026-01-04,1.0,110.3,99.63250674947244,-10.667493250527556,arima/exclude_covid
arima,exclude_covid,1,Roslindale,2024-25,0.5,IT50,83.12526323754497,7,,,,,,2025-06-22,2025-06-29,1.0,26.2,26.2,0.0,arima/exclude_covid
arima,exclude_covid,1,Roslindale,2024-25,0.9,IT90,133.65502394030972,7,,,,,,2025-06-22,2025-06-29,1.0,26.2,26.2,0.0,arima/exclude_covid
arima,exclude_covid,1,Roslindale,2024-25,0.98,IT98,181.10052866383202,7,,,,,,2025-06-22,2025-06-29,1.0,26.2,26.2,0.0,arima/exclude_covid
arima,exclude_covid,1,Roslindale,2025-26,0.5,IT50,83.12526323754497,35,2025-12-14,2025-12-21,1.0,-1.0,2025-12-21,2025-12-28,2026-01-04,1.0,170.1,170.1,0.0,arima/exclude_covid
arima,exclude_covid,1,Roslindale,2025-26,0.9,IT90,133.65502394030972,35,2025-12-21,2025-12-28,1.0,-1.0,2025-12-28,2025-12-28,2026-01-04,1.0,170.1,170.1,0.0,arima/exclude_covid
arima,exclude_covid,1,Roslindale,2025-26,0.98,IT98,181.10052866383202,35,,,,,,2025-12-28,2026-01-04,1.0,170.1,170.1,0.0,arima/exclude_covid
arima,exclude_covid,1,Roxbury,2024-25,0.5,IT50,138.88545502174753,9,,,,,,2025-06-22,2025-06-29,1.0,29.4,38.79745476894006,9.397454768940058,arima/exclude_covid
arima,exclude_covid,1,Roxbury,2024-25,0.9,IT90,231.9483227351807,9,,,,,,2025-06-22,2025-06-29,1.0,29.4,38.79745476894006,9.397454768940058,arima/exclude_covid
arima,exclude_covid,1,Roxbury,2024-25,0.98,IT98,322.0096816211373,9,,,,,,2025-06-22,2025-06-29,1.0,29.4,38.79745476894006,9.397454768940058,arima/exclude_covid
arima,exclude_covid,1,Roxbury,2025-26,0.5,IT50,138.88545502174753,40,2025-12-14,2025-12-21,1.0,-1.0,2025-12-21,2025-12-21,2025-12-28,1.0,254.7,250.47439117141695,-4.225608828583034,arima/exclude_covid
arima,exclude_covid,1,Roxbury,2025-26,0.9,IT90,231.9483227351807,40,2025-12-21,2025-12-28,1.0,-1.0,2025-12-28,2025-12-21,2025-12-28,1.0,254.7,250.47439117141695,-4.225608828583034,arima/exclude_covid
arima,exclude_covid,1,Roxbury,2025-26,0.98,IT98,322.0096816211373,40,,,,,,2025-12-21,2025-12-28,1.0,254.7,250.47439117141695,-4.225608828583034,arima/exclude_covid
arima,exclude_covid,1,South Boston,2024-25,0.5,IT50,31.63670795756643,7,,,,,,2025-06-15,2025-06-22,1.0,6.3,7.88834363686245,1.58834363686245,arima/exclude_covid
arima,exclude_covid,1,South Boston,2024-25,0.9,IT90,60.18982141922808,7,,,,,,2025-06-15,2025-06-22,1.0,6.3,7.88834363686245,1.58834363686245,arima/exclude_covid
arima,exclude_covid,1,South Boston,2024-25,0.98,IT98,90.82483767314203,7,,,,,,2025-06-15,2025-06-22,1.0,6.3,7.88834363686245,1.58834363686245,arima/exclude_covid
arima,exclude_covid,1,South Boston,2025-26,0.5,IT50,31.63670795756643,35,2025-12-14,2025-12-21,1.0,-1.0,2025-12-21,2025-12-28,2026-01-04,1.0,57.0,49.15913301954794,-7.840866980452063,arima/exclude_covid
arima,exclude_covid,1,South Boston,2025-26,0.9,IT90,60.18982141922808,35,,,,,,2025-12-28,2026-01-04,1.0,57.0,49.15913301954794,-7.840866980452063,arima/exclude_covid
arima,exclude_covid,1,South Boston,2025-26,0.98,IT98,90.82483767314203,35,,,,,,2025-12-28,2026-01-04,1.0,57.0,49.15913301954794,-7.840866980452063,arima/exclude_covid
arima,exclude_covid,1,South End,2024-25,0.5,IT50,82.00792145914704,9,,,,,,2025-06-15,2025-06-22,1.0,17.8,17.8,0.0,arima/exclude_covid
arima,exclude_covid,1,South End,2024-25,0.9,IT90,134.00251631923587,9,,,,,,2025-06-15,2025-06-22,1.0,17.8,17.8,0.0,arima/exclude_covid
arima,exclude_covid,1,South End,2024-25,0.98,IT98,183.45444562568642,9,,,,,,2025-06-15,2025-06-22,1.0,17.8,17.8,0.0,arima/exclude_covid
arima,exclude_covid,1,South End,2025-26,0.5,IT50,82.00792145914704,40,2025-12-14,2025-12-21,1.0,-1.0,2025-12-21,2025-12-14,2025-12-21,1.0,132.3,132.3,0.0,arima/exclude_covid
arima,exclude_covid,1,South End,2025-26,0.9,IT90,134.00251631923587,40,,,,,,2025-12-14,2025-12-21,1.0,132.3,132.3,0.0,arima/exclude_covid
arima,exclude_covid,1,South End,2025-26,0.98,IT98,183.45444562568642,40,,,,,,2025-12-14,2025-12-21,1.0,132.3,132.3,0.0,arima/exclude_covid
arima,exclude_covid,1,West Roxbury,2024-25,0.5,IT50,37.349459967580074,4,,,,,,2025-06-22,2025-07-20,4.0,11.0,13.94414467351129,2.944144673511291,arima/exclude_covid
arima,exclude_covid,1,West Roxbury,2024-25,0.9,IT90,59.59981304845178,4,,,,,,2025-06-22,2025-07-20,4.0,11.0,13.94414467351129,2.944144673511291,arima/exclude_covid
arima,exclude_covid,1,West Roxbury,2024-25,0.98,IT98,80.36625284929092,4,,,,,,2025-06-22,2025-07-20,4.0,11.0,13.94414467351129,2.944144673511291,arima/exclude_covid
arima,exclude_covid,1,West Roxbury,2025-26,0.5,IT50,37.349459967580074,36,2025-12-21,2025-12-28,1.0,-1.0,2025-12-28,2025-12-21,2026-01-04,2.0,88.0,69.40017021146963,-18.59982978853037,arima/exclude_covid
arima,exclude_covid,1,West Roxbury,2025-26,0.9,IT90,59.59981304845178,36,2025-12-21,2026-01-04,2.0,-2.0,2026-01-04,2025-12-21,2026-01-04,2.0,88.0,69.40017021146963,-18.59982978853037,arima/exclude_covid
arima,exclude_covid,1,West Roxbury,2025-26,0.98,IT98,80.36625284929092,36,2025-12-21,,,,,2025-12-21,2026-01-04,2.0,88.0,69.40017021146963,-18.59982978853037,arima/exclude_covid
arima,exclude_covid,1,CITYWIDE,2024-25,0.5,IT50,60.20679524890062,9,,,,,,2025-06-22,2025-06-29,1.0,9.7,12.057100108387962,2.3571001083879626,arima/exclude_covid
arima,exclude_covid,1,CITYWIDE,2024-25,0.9,IT90,98.17566769051967,9,,,,,,2025-06-22,2025-06-29,1.0,9.7,12.057100108387962,2.3571001083879626,arima/exclude_covid
arima,exclude_covid,1,CITYWIDE,2024-25,0.98,IT98,134.22833796478614,9,,,,,,2025-06-22,2025-06-29,1.0,9.7,12.057100108387962,2.3571001083879626,arima/exclude_covid
arima,exclude_covid,1,CITYWIDE,2025-26,0.5,IT50,60.20679524890062,40,2025-12-14,2025-12-21,1.0,-1.0,2025-12-21,2025-12-21,2025-12-28,1.0,101.93214285714285,95.30822777907817,-6.623915078064684,arima/exclude_covid
arima,exclude_covid,1,CITYWIDE,2025-26,0.9,IT90,98.17566769051967,40,2025-12-21,,,,,2025-12-21,2025-12-28,1.0,101.93214285714285,95.30822777907817,-6.623915078064684,arima/exclude_covid
arima,exclude_covid,1,CITYWIDE,2025-26,0.98,IT98,134.22833796478614,40,,,,,,2025-12-21,2025-12-28,1.0,101.93214285714285,95.30822777907817,-6.623915078064684,arima/exclude_covid
arima,post_covid,1,Allston/Brighton,2024-25,0.5,IT50,43.17201700312734,9,,,,,,2025-06-15,2025-06-01,-2.0,5.7,12.698709769648662,6.998709769648662,arima/post_covid
arima,post_covid,1,Allston/Brighton,2024-25,0.9,IT90,72.80812661818143,9,,,,,,2025-06-15,2025-06-01,-2.0,5.7,12.698709769648662,6.998709769648662,arima/post_covid
arima,post_covid,1,Allston/Brighton,2024-25,0.98,IT98,101.71188922331822,9,,,,,,2025-06-15,2025-06-01,-2.0,5.7,12.698709769648662,6.998709769648662,arima/post_covid
arima,post_covid,1,Allston/Brighton,2025-26,0.5,IT50,43.17201700312734,40,2025-12-14,2025-12-21,1.0,-1.0,2025-12-21,2025-12-21,2025-12-28,1.0,80.6,71.43865395469012,-9.16134604530987,arima/post_covid
arima,post_covid,1,Allston/Brighton,2025-26,0.9,IT90,72.80812661818143,40,2025-12-21,,,,,2025-12-21,2025-12-28,1.0,80.6,71.43865395469012,-9.16134604530987,arima/post_covid
arima,post_covid,1,Allston/Brighton,2025-26,0.98,IT98,101.71188922331822,40,,,,,,2025-12-21,2025-12-28,1.0,80.6,71.43865395469012,-9.16134604530987,arima/post_covid
arima,post_covid,1,Back Bay/Beacon Hill/Downtown/North End/West End,2024-25,0.5,IT50,32.35361456388361,8,,,,,,2025-06-08,2025-06-01,-1.0,3.4,6.8,3.4,arima/post_covid
arima,post_covid,1,Back Bay/Beacon Hill/Downtown/North End/West End,2024-25,0.9,IT90,56.35007606954225,8,,,,,,2025-06-08,2025-06-01,-1.0,3.4,6.8,3.4,arima/post_covid
arima,post_covid,1,Back Bay/Beacon Hill/Downtown/North End/West End,2024-25,0.98,IT98,80.35966190257739,8,,,,,,2025-06-08,2025-06-01,-1.0,3.4,6.8,3.4,arima/post_covid
arima,post_covid,1,Back Bay/Beacon Hill/Downtown/North End/West End,2025-26,0.5,IT50,32.35361456388361,38,2025-12-21,2025-12-28,1.0,-1.0,2025-12-28,2025-12-21,2025-12-28,1.0,58.1,58.10000000000001,7.105427357601002e-15,arima/post_covid
arima,post_covid,1,Back Bay/Beacon Hill/Downtown/North End/West End,2025-26,0.9,IT90,56.35007606954225,38,2025-12-21,2025-12-28,1.0,-1.0,2025-12-28,2025-12-21,2025-12-28,1.0,58.1,58.10000000000001,7.105427357601002e-15,arima/post_covid
arima,post_covid,1,Back Bay/Beacon Hill/Downtown/North End/West End,2025-26,0.98,IT98,80.35966190257739,38,,,,,,2025-12-21,2025-12-28,1.0,58.1,58.10000000000001,7.105427357601002e-15,arima/post_covid
arima,post_covid,1,Charlestown,2024-25,0.5,IT50,44.544403832795176,3,,,,,,2025-06-01,2025-07-27,8.0,10.3,17.09680626175365,6.796806261753648,arima/post_covid
arima,post_covid,1,Charlestown,2024-25,0.9,IT90,75.51034339625782,3,,,,,,2025-06-01,2025-07-27,8.0,10.3,17.09680626175365,6.796806261753648,arima/post_covid
arima,post_covid,1,Charlestown,2024-25,0.98,IT98,105.83479691598406,3,,,,,,2025-06-01,2025-07-27,8.0,10.3,17.09680626175365,6.796806261753648,arima/post_covid
arima,post_covid,1,Charlestown,2025-26,0.5,IT50,44.544403832795176,32,2025-12-14,2025-12-21,1.0,-1.0,2025-12-21,2025-12-14,2026-01-04,3.0,92.8,69.1570465739052,-23.642953426094792,arima/post_covid
arima,post_covid,1,Charlestown,2025-26,0.9,IT90,75.51034339625782,32,2025-12-14,,,,,2025-12-14,2026-01-04,3.0,92.8,69.1570465739052,-23.642953426094792,arima/post_covid
arima,post_covid,1,Charlestown,2025-26,0.98,IT98,105.83479691598406,32,,,,,,2025-12-14,2026-01-04,3.0,92.8,69.1570465739052,-23.642953426094792,arima/post_covid
arima,post_covid,1,Dorchester,2024-25,0.5,IT50,157.0086457734027,9,,,,,,2025-06-01,2025-06-08,1.0,24.3,27.65938943132946,3.3593894313294577,arima/post_covid
arima,post_covid,1,Dorchester,2024-25,0.9,IT90,264.26252974322875,9,,,,,,2025-06-01,2025-06-08,1.0,24.3,27.65938943132946,3.3593894313294577,arima/post_covid
arima,post_covid,1,Dorchester,2024-25,0.98,IT98,368.7005757586777,9,,,,,,2025-06-01,2025-06-08,1.0,24.3,27.65938943132946,3.3593894313294577,arima/post_covid
arima,post_covid,1,Dorchester,2025-26,0.5,IT50,157.0086457734027,40,2025-12-14,2025-12-21,1.0,-1.0,2025-12-21,2025-12-21,2025-12-28,1.0,256.15,276.6237437236602,20.47374372366022,arima/post_covid
arima,post_covid,1,Dorchester,2025-26,0.9,IT90,264.26252974322875,40,,2025-12-28,,,2025-12-28,2025-12-21,2025-12-28,1.0,256.15,276.6237437236602,20.47374372366022,arima/post_covid
arima,post_covid,1,Dorchester,2025-26,0.98,IT98,368.7005757586777,40,,,,,,2025-12-21,2025-12-28,1.0,256.15,276.6237437236602,20.47374372366022,arima/post_covid
arima,post_covid,1,East Boston,2024-25,0.5,IT50,32.38969817502224,6,,,,,,2025-06-15,2025-07-13,4.0,3.1,7.438858574806892,4.338858574806892,arima/post_covid
arima,post_covid,1,East Boston,2024-25,0.9,IT90,56.982258100156095,6,,,,,,2025-06-15,2025-07-13,4.0,3.1,7.438858574806892,4.338858574806892,arima/post_covid
arima,post_covid,1,East Boston,2024-25,0.98,IT98,81.78485877953806,6,,,,,,2025-06-15,2025-07-13,4.0,3.1,7.438858574806892,4.338858574806892,arima/post_covid
arima,post_covid,1,East Boston,2025-26,0.5,IT50,32.38969817502224,38,2025-12-14,2025-12-21,1.0,-1.0,2025-12-21,2025-12-28,2026-01-04,1.0,59.3,50.12239617673656,-9.17760382326344,arima/post_covid
arima,post_covid,1,East Boston,2025-26,0.9,IT90,56.982258100156095,38,2025-12-28,,,,,2025-12-28,2026-01-04,1.0,59.3,50.12239617673656,-9.17760382326344,arima/post_covid
arima,post_covid,1,East Boston,2025-26,0.98,IT98,81.78485877953806,38,,,,,,2025-12-28,2026-01-04,1.0,59.3,50.12239617673656,-9.17760382326344,arima/post_covid
arima,post_covid,1,Fenway,2024-25,0.5,IT50,19.789042860168028,7,,,,,,2025-06-01,2025-06-01,0.0,5.3,6.480917619824314,1.1809176198243145,arima/post_covid
arima,post_covid,1,Fenway,2024-25,0.9,IT90,31.717921949528318,7,,,,,,2025-06-01,2025-06-01,0.0,5.3,6.480917619824314,1.1809176198243145,arima/post_covid
arima,post_covid,1,Fenway,2024-25,0.98,IT98,42.89052071415166,7,,,,,,2025-06-01,2025-06-01,0.0,5.3,6.480917619824314,1.1809176198243145,arima/post_covid
arima,post_covid,1,Fenway,2025-26,0.5,IT50,19.789042860168028,36,2025-12-14,,,,,2026-01-04,2026-01-11,1.0,21.1,17.608539622905493,-3.4914603770945085,arima/post_covid
arima,post_covid,1,Fenway,2025-26,0.9,IT90,31.717921949528318,36,,,,,,2026-01-04,2026-01-11,1.0,21.1,17.608539622905493,-3.4914603770945085,arima/post_covid
arima,post_covid,1,Fenway,2025-26,0.98,IT98,42.89052071415166,36,,,,,,2026-01-04,2026-01-11,1.0,21.1,17.608539622905493,-3.4914603770945085,arima/post_covid
arima,post_covid,1,Hyde Park,2024-25,0.5,IT50,59.73762940735334,7,,,,,,2025-06-22,2025-07-27,5.0,6.9,10.49477507177832,3.5947750717783205,arima/post_covid
arima,post_covid,1,Hyde Park,2024-25,0.9,IT90,98.70163927662223,7,,,,,,2025-06-22,2025-07-27,5.0,6.9,10.49477507177832,3.5947750717783205,arima/post_covid
arima,post_covid,1,Hyde Park,2024-25,0.98,IT98,136.08880333365826,7,,,,,,2025-06-22,2025-07-27,5.0,6.9,10.49477507177832,3.5947750717783205,arima/post_covid
arima,post_covid,1,Hyde Park,2025-26,0.5,IT50,59.73762940735334,39,2025-12-14,2025-12-21,1.0,-1.0,2025-12-21,2025-12-21,2025-12-28,1.0,94.6,87.80620021689943,-6.793799783100567,arima/post_covid
arima,post_covid,1,Hyde Park,2025-26,0.9,IT90,98.70163927662223,39,,,,,,2025-12-21,2025-12-28,1.0,94.6,87.80620021689943,-6.793799783100567,arima/post_covid
arima,post_covid,1,Hyde Park,2025-26,0.98,IT98,136.08880333365826,39,,,,,,2025-12-21,2025-12-28,1.0,94.6,87.80620021689943,-6.793799783100567,arima/post_covid
arima,post_covid,1,Jamaica Plain,2024-25,0.5,IT50,30.1329000930458,8,,,,,,2025-06-08,2025-06-22,2.0,6.8,6.8,0.0,arima/post_covid
arima,post_covid,1,Jamaica Plain,2024-25,0.9,IT90,48.93353508945714,8,,,,,,2025-06-08,2025-06-22,2.0,6.8,6.8,0.0,arima/post_covid
arima,post_covid,1,Jamaica Plain,2024-25,0.98,IT98,66.72678487426273,8,,,,,,2025-06-08,2025-06-22,2.0,6.8,6.8,0.0,arima/post_covid
arima,post_covid,1,Jamaica Plain,2025-26,0.5,IT50,30.1329000930458,38,2025-12-14,2025-12-21,1.0,-1.0,2025-12-21,2025-12-21,2025-12-28,1.0,61.1,61.099999999999994,-7.105427357601002e-15,arima/post_covid
arima,post_covid,1,Jamaica Plain,2025-26,0.9,IT90,48.93353508945714,38,2025-12-21,2025-12-28,1.0,-1.0,2025-12-28,2025-12-21,2025-12-28,1.0,61.1,61.099999999999994,-7.105427357601002e-15,arima/post_covid
arima,post_covid,1,Jamaica Plain,2025-26,0.98,IT98,66.72678487426273,38,,,,,,2025-12-21,2025-12-28,1.0,61.1,61.099999999999994,-7.105427357601002e-15,arima/post_covid
arima,post_covid,1,Mattapan,2024-25,0.5,IT50,75.36060630157071,8,,,,,,2025-06-22,2025-07-06,2.0,11.3,17.529963251820433,6.229963251820433,arima/post_covid
arima,post_covid,1,Mattapan,2024-25,0.9,IT90,114.4266389550119,8,,,,,,2025-06-22,2025-07-06,2.0,11.3,17.529963251820433,6.229963251820433,arima/post_covid
arima,post_covid,1,Mattapan,2024-25,0.98,IT98,149.46970387636378,8,,,,,,2025-06-22,2025-07-06,2.0,11.3,17.529963251820433,6.229963251820433,arima/post_covid
arima,post_covid,1,Mattapan,2025-26,0.5,IT50,75.36060630157071,39,2025-12-21,2026-01-04,2.0,-2.0,2026-01-04,2025-12-28,2026-01-04,1.0,110.3,97.21708898418252,-13.082911015817473,arima/post_covid
arima,post_covid,1,Mattapan,2025-26,0.9,IT90,114.4266389550119,39,,,,,,2025-12-28,2026-01-04,1.0,110.3,97.21708898418252,-13.082911015817473,arima/post_covid
arima,post_covid,1,Mattapan,2025-26,0.98,IT98,149.46970387636378,39,,,,,,2025-12-28,2026-01-04,1.0,110.3,97.21708898418252,-13.082911015817473,arima/post_covid
arima,post_covid,1,Roslindale,2024-25,0.5,IT50,83.12526323754497,7,,,,,,2025-06-22,2025-06-29,1.0,26.2,24.621518292405835,-1.5784817075941646,arima/post_covid
arima,post_covid,1,Roslindale,2024-25,0.9,IT90,133.65502394030972,7,,,,,,2025-06-22,2025-06-29,1.0,26.2,24.621518292405835,-1.5784817075941646,arima/post_covid
arima,post_covid,1,Roslindale,2024-25,0.98,IT98,181.10052866383202,7,,,,,,2025-06-22,2025-06-29,1.0,26.2,24.621518292405835,-1.5784817075941646,arima/post_covid
arima,post_covid,1,Roslindale,2025-26,0.5,IT50,83.12526323754497,35,2025-12-14,2025-12-21,1.0,-1.0,2025-12-21,2025-12-28,2026-01-04,1.0,170.1,172.86203509583908,2.7620350958390816,arima/post_covid
arima,post_covid,1,Roslindale,2025-26,0.9,IT90,133.65502394030972,35,2025-12-21,2025-12-28,1.0,-1.0,2025-12-28,2025-12-28,2026-01-04,1.0,170.1,172.86203509583908,2.7620350958390816,arima/post_covid
arima,post_covid,1,Roslindale,2025-26,0.98,IT98,181.10052866383202,35,,,,,,2025-12-28,2026-01-04,1.0,170.1,172.86203509583908,2.7620350958390816,arima/post_covid
arima,post_covid,1,Roxbury,2024-25,0.5,IT50,138.88545502174753,9,,,,,,2025-06-22,2025-06-29,1.0,29.4,29.4,0.0,arima/post_covid
arima,post_covid,1,Roxbury,2024-25,0.9,IT90,231.9483227351807,9,,,,,,2025-06-22,2025-06-29,1.0,29.4,29.4,0.0,arima/post_covid
arima,post_covid,1,Roxbury,2024-25,0.98,IT98,322.0096816211373,9,,,,,,2025-06-22,2025-06-29,1.0,29.4,29.4,0.0,arima/post_covid
arima,post_covid,1,Roxbury,2025-26,0.5,IT50,138.88545502174753,40,2025-12-14,2025-12-21,1.0,-1.0,2025-12-21,2025-12-21,2025-12-28,1.0,254.7,254.7,0.0,arima/post_covid
arima,post_covid,1,Roxbury,2025-26,0.9,IT90,231.9483227351807,40,2025-12-21,2025-12-28,1.0,-1.0,2025-12-28,2025-12-21,2025-12-28,1.0,254.7,254.7,0.0,arima/post_covid
arima,post_covid,1,Roxbury,2025-26,0.98,IT98,322.0096816211373,40,,,,,,2025-12-21,2025-12-28,1.0,254.7,254.7,0.0,arima/post_covid
arima,post_covid,1,South Boston,2024-25,0.5,IT50,31.63670795756643,7,,,,,,2025-06-15,2025-06-22,1.0,6.3,9.034389489879883,2.7343894898798835,arima/post_covid
arima,post_covid,1,South Boston,2024-25,0.9,IT90,60.18982141922808,7,,,,,,2025-06-15,2025-06-22,1.0,6.3,9.034389489879883,2.7343894898798835,arima/post_covid
arima,post_covid,1,South Boston,2024-25,0.98,IT98,90.82483767314203,7,,,,,,2025-06-15,2025-06-22,1.0,6.3,9.034389489879883,2.7343894898798835,arima/post_covid
arima,post_covid,1,South Boston,2025-26,0.5,IT50,31.63670795756643,35,2025-12-14,2025-12-21,1.0,-1.0,2025-12-21,2025-12-28,2026-01-11,2.0,57.0,49.452581531704126,-7.547418468295874,arima/post_covid
arima,post_covid,1,South Boston,2025-26,0.9,IT90,60.18982141922808,35,,,,,,2025-12-28,2026-01-11,2.0,57.0,49.452581531704126,-7.547418468295874,arima/post_covid
arima,post_covid,1,South Boston,2025-26,0.98,IT98,90.82483767314203,35,,,,,,2025-12-28,2026-01-11,2.0,57.0,49.452581531704126,-7.547418468295874,arima/post_covid
arima,post_covid,1,South End,2024-25,0.5,IT50,82.00792145914704,9,,,,,,2025-06-15,2025-06-22,1.0,17.8,20.308948233177414,2.5089482331774136,arima/post_covid
arima,post_covid,1,South End,2024-25,0.9,IT90,134.00251631923587,9,,,,,,2025-06-15,2025-06-22,1.0,17.8,20.308948233177414,2.5089482331774136,arima/post_covid
arima,post_covid,1,South End,2024-25,0.98,IT98,183.45444562568642,9,,,,,,2025-06-15,2025-06-22,1.0,17.8,20.308948233177414,2.5089482331774136,arima/post_covid
arima,post_covid,1,South End,2025-26,0.5,IT50,82.00792145914704,40,2025-12-14,2025-12-21,1.0,-1.0,2025-12-21,2025-12-14,2025-12-21,1.0,132.3,118.51089932561912,-13.78910067438089,arima/post_covid
arima,post_covid,1,South End,2025-26,0.9,IT90,134.00251631923587,40,,,,,,2025-12-14,2025-12-21,1.0,132.3,118.51089932561912,-13.78910067438089,arima/post_covid
arima,post_covid,1,South End,2025-26,0.98,IT98,183.45444562568642,40,,,,,,2025-12-14,2025-12-21,1.0,132.3,118.51089932561912,-13.78910067438089,arima/post_covid
arima,post_covid,1,West Roxbury,2024-25,0.5,IT50,37.349459967580074,4,,,,,,2025-06-22,2025-07-20,4.0,11.0,13.479033493336516,2.479033493336516,arima/post_covid
arima,post_covid,1,West Roxbury,2024-25,0.9,IT90,59.59981304845178,4,,,,,,2025-06-22,2025-07-20,4.0,11.0,13.479033493336516,2.479033493336516,arima/post_covid
arima,post_covid,1,West Roxbury,2024-25,0.98,IT98,80.36625284929092,4,,,,,,2025-06-22,2025-07-20,4.0,11.0,13.479033493336516,2.479033493336516,arima/post_covid
arima,post_covid,1,West Roxbury,2025-26,0.5,IT50,37.349459967580074,36,2025-12-21,2025-12-28,1.0,-1.0,2025-12-28,2025-12-21,2026-01-04,2.0,88.0,77.65231915822103,-10.347680841778967,arima/post_covid
arima,post_covid,1,West Roxbury,2025-26,0.9,IT90,59.59981304845178,36,2025-12-21,2025-12-28,1.0,-1.0,2025-12-28,2025-12-21,2026-01-04,2.0,88.0,77.65231915822103,-10.347680841778967,arima/post_covid
arima,post_covid,1,West Roxbury,2025-26,0.98,IT98,80.36625284929092,36,2025-12-21,,,,,2025-12-21,2026-01-04,2.0,88.0,77.65231915822103,-10.347680841778967,arima/post_covid
arima,post_covid,1,CITYWIDE,2024-25,0.5,IT50,60.20679524890062,9,,,,,,2025-06-22,2025-06-01,-3.0,9.7,11.204501034060625,1.5045010340606257,arima/post_covid
arima,post_covid,1,CITYWIDE,2024-25,0.9,IT90,98.17566769051967,9,,,,,,2025-06-22,2025-06-01,-3.0,9.7,11.204501034060625,1.5045010340606257,arima/post_covid
arima,post_covid,1,CITYWIDE,2024-25,0.98,IT98,134.22833796478614,9,,,,,,2025-06-22,2025-06-01,-3.0,9.7,11.204501034060625,1.5045010340606257,arima/post_covid
arima,post_covid,1,CITYWIDE,2025-26,0.5,IT50,60.20679524890062,40,2025-12-14,2025-12-21,1.0,-1.0,2025-12-21,2025-12-21,2025-12-28,1.0,101.93214285714285,96.2817190743195,-5.650423782823353,arima/post_covid
arima,post_covid,1,CITYWIDE,2025-26,0.9,IT90,98.17566769051967,40,2025-12-21,,,,,2025-12-21,2025-12-28,1.0,101.93214285714285,96.2817190743195,-5.650423782823353,arima/post_covid
arima,post_covid,1,CITYWIDE,2025-26,0.98,IT98,134.22833796478614,40,,,,,,2025-12-21,2025-12-28,1.0,101.93214285714285,96.2817190743195,-5.650423782823353,arima/post_covid
dualtopo,post_covid,1,Allston/Brighton,2024-25,0.5,IT50,43.17201700312734,9,,,,,,2025-06-15,2025-06-01,-2.0,5.699999809265137,18.189586639404297,12.48958683013916,dualtopo
dualtopo,post_covid,1,Allston/Brighton,2024-25,0.9,IT90,72.80812661818143,9,,,,,,2025-06-15,2025-06-01,-2.0,5.699999809265137,18.189586639404297,12.48958683013916,dualtopo
dualtopo,post_covid,1,Allston/Brighton,2024-25,0.98,IT98,101.71188922331822,9,,,,,,2025-06-15,2025-06-01,-2.0,5.699999809265137,18.189586639404297,12.48958683013916,dualtopo
dualtopo,post_covid,1,Allston/Brighton,2025-26,0.5,IT50,43.17201700312734,40,2025-12-14,,,,,2025-12-21,2026-02-15,8.0,80.5999984741211,18.78342628479004,-61.816572189331055,dualtopo
dualtopo,post_covid,1,Allston/Brighton,2025-26,0.9,IT90,72.80812661818143,40,2025-12-21,,,,,2025-12-21,2026-02-15,8.0,80.5999984741211,18.78342628479004,-61.816572189331055,dualtopo
dualtopo,post_covid,1,Allston/Brighton,2025-26,0.98,IT98,101.71188922331822,40,,,,,,2025-12-21,2026-02-15,8.0,80.5999984741211,18.78342628479004,-61.816572189331055,dualtopo
dualtopo,post_covid,1,Back Bay/Beacon Hill/Downtown/North End/West End,2024-25,0.5,IT50,32.35361456388361,8,,,,,,2025-06-08,2025-06-01,-1.0,3.3999996185302734,12.197549819946287,8.797550201416014,dualtopo
dualtopo,post_covid,1,Back Bay/Beacon Hill/Downtown/North End/West End,2024-25,0.9,IT90,56.35007606954225,8,,,,,,2025-06-08,2025-06-01,-1.0,3.3999996185302734,12.197549819946287,8.797550201416014,dualtopo
dualtopo,post_covid,1,Back Bay/Beacon Hill/Downtown/North End/West End,2024-25,0.98,IT98,80.35966190257739,8,,,,,,2025-06-08,2025-06-01,-1.0,3.3999996185302734,12.197549819946287,8.797550201416014,dualtopo
dualtopo,post_covid,1,Back Bay/Beacon Hill/Downtown/North End/West End,2025-26,0.5,IT50,32.35361456388361,38,2025-12-21,,,,,2025-12-21,2026-02-15,8.0,58.099998474121094,12.656861305236816,-45.44313716888428,dualtopo
dualtopo,post_covid,1,Back Bay/Beacon Hill/Downtown/North End/West End,2025-26,0.9,IT90,56.35007606954225,38,2025-12-21,,,,,2025-12-21,2026-02-15,8.0,58.099998474121094,12.656861305236816,-45.44313716888428,dualtopo
dualtopo,post_covid,1,Back Bay/Beacon Hill/Downtown/North End/West End,2025-26,0.98,IT98,80.35966190257739,38,,,,,,2025-12-21,2026-02-15,8.0,58.099998474121094,12.656861305236816,-45.44313716888428,dualtopo
dualtopo,post_covid,1,Charlestown,2024-25,0.5,IT50,44.544403832795176,3,,,,,,2025-06-01,2025-06-01,0.0,10.300000190734863,19.62592124938965,9.325921058654785,dualtopo
dualtopo,post_covid,1,Charlestown,2024-25,0.9,IT90,75.51034339625782,3,,,,,,2025-06-01,2025-06-01,0.0,10.300000190734863,19.62592124938965,9.325921058654785,dualtopo
dualtopo,post_covid,1,Charlestown,2024-25,0.98,IT98,105.83479691598406,3,,,,,,2025-06-01,2025-06-01,0.0,10.300000190734863,19.62592124938965,9.325921058654785,dualtopo
dualtopo,post_covid,1,Charlestown,2025-26,0.5,IT50,44.544403832795176,32,2025-12-14,,,,,2025-12-14,2026-02-15,9.0,92.8000030517578,20.29519271850586,-72.50481033325194,dualtopo
dualtopo,post_covid,1,Charlestown,2025-26,0.9,IT90,75.51034339625782,32,2025-12-14,,,,,2025-12-14,2026-02-15,9.0,92.8000030517578,20.29519271850586,-72.50481033325194,dualtopo
dualtopo,post_covid,1,Charlestown,2025-26,0.98,IT98,105.83479691598406,32,,,,,,2025-12-14,2026-02-15,9.0,92.8000030517578,20.29519271850586,-72.50481033325194,dualtopo
dualtopo,post_covid,1,Dorchester,2024-25,0.5,IT50,157.0086457734027,9,,,,,,2025-06-01,2025-06-01,0.0,24.299999237060547,65.13360595703125,40.8336067199707,dualtopo
dualtopo,post_covid,1,Dorchester,2024-25,0.9,IT90,264.26252974322875,9,,,,,,2025-06-01,2025-06-01,0.0,24.299999237060547,65.13360595703125,40.8336067199707,dualtopo
dualtopo,post_covid,1,Dorchester,2024-25,0.98,IT98,368.7005757586777,9,,,,,,2025-06-01,2025-06-01,0.0,24.299999237060547,65.13360595703125,40.8336067199707,dualtopo
dualtopo,post_covid,1,Dorchester,2025-26,0.5,IT50,157.0086457734027,40,2025-12-14,,,,,2025-12-21,2026-02-15,8.0,256.1499938964844,67.02639770507812,-189.12359619140625,dualtopo
dualtopo,post_covid,1,Dorchester,2025-26,0.9,IT90,264.26252974322875,40,,,,,,2025-12-21,2026-02-15,8.0,256.1499938964844,67.02639770507812,-189.12359619140625,dualtopo
dualtopo,post_covid,1,Dorchester,2025-26,0.98,IT98,368.7005757586777,40,,,,,,2025-12-21,2026-02-15,8.0,256.1499938964844,67.02639770507812,-189.12359619140625,dualtopo
dualtopo,post_covid,1,East Boston,2024-25,0.5,IT50,32.38969817502224,6,,,,,,2025-06-15,2025-06-01,-2.0,3.1000003814697266,12.921172142028809,9.821171760559082,dualtopo
dualtopo,post_covid,1,East Boston,2024-25,0.9,IT90,56.982258100156095,6,,,,,,2025-06-15,2025-06-01,-2.0,3.1000003814697266,12.921172142028809,9.821171760559082,dualtopo
dualtopo,post_covid,1,East Boston,2024-25,0.98,IT98,81.78485877953806,6,,,,,,2025-06-15,2025-06-01,-2.0,3.1000003814697266,12.921172142028809,9.821171760559082,dualtopo
dualtopo,post_covid,1,East Boston,2025-26,0.5,IT50,32.38969817502224,38,2025-12-14,,,,,2025-12-28,2026-02-15,7.0,59.29999923706055,13.413606643676758,-45.88639259338379,dualtopo
dualtopo,post_covid,1,East Boston,2025-26,0.9,IT90,56.982258100156095,38,2025-12-28,,,,,2025-12-28,2026-02-15,7.0,59.29999923706055,13.413606643676758,-45.88639259338379,dualtopo
dualtopo,post_covid,1,East Boston,2025-26,0.98,IT98,81.78485877953806,38,,,,,,2025-12-28,2026-02-15,7.0,59.29999923706055,13.413606643676758,-45.88639259338379,dualtopo
dualtopo,post_covid,1,Fenway,2024-25,0.5,IT50,19.789042860168028,7,,,,,,2025-06-01,2025-06-01,0.0,5.300000190734863,8.799777030944824,3.499776840209961,dualtopo
dualtopo,post_covid,1,Fenway,2024-25,0.9,IT90,31.717921949528318,7,,,,,,2025-06-01,2025-06-01,0.0,5.300000190734863,8.799777030944824,3.499776840209961,dualtopo
dualtopo,post_covid,1,Fenway,2024-25,0.98,IT98,42.89052071415166,7,,,,,,2025-06-01,2025-06-01,0.0,5.300000190734863,8.799777030944824,3.499776840209961,dualtopo
dualtopo,post_covid,1,Fenway,2025-26,0.5,IT50,19.789042860168028,36,2025-12-14,,,,,2026-01-04,2026-02-15,6.0,21.100000381469727,9.037874221801758,-12.062126159667969,dualtopo
dualtopo,post_covid,1,Fenway,2025-26,0.9,IT90,31.717921949528318,36,,,,,,2026-01-04,2026-02-15,6.0,21.100000381469727,9.037874221801758,-12.062126159667969,dualtopo
dualtopo,post_covid,1,Fenway,2025-26,0.98,IT98,42.89052071415166,36,,,,,,2026-01-04,2026-02-15,6.0,21.100000381469727,9.037874221801758,-12.062126159667969,dualtopo
dualtopo,post_covid,1,Hyde Park,2024-25,0.5,IT50,59.73762940735334,7,,,,,,2025-06-22,2025-06-01,-3.0,6.899999618530273,23.501955032348633,16.60195541381836,dualtopo
dualtopo,post_covid,1,Hyde Park,2024-25,0.9,IT90,98.70163927662223,7,,,,,,2025-06-22,2025-06-01,-3.0,6.899999618530273,23.501955032348633,16.60195541381836,dualtopo
dualtopo,post_covid,1,Hyde Park,2024-25,0.98,IT98,136.08880333365826,7,,,,,,2025-06-22,2025-06-01,-3.0,6.899999618530273,23.501955032348633,16.60195541381836,dualtopo
dualtopo,post_covid,1,Hyde Park,2025-26,0.5,IT50,59.73762940735334,39,2025-12-14,,,,,2025-12-21,2026-02-15,8.0,94.59999084472656,24.14490127563477,-70.4550895690918,dualtopo
dualtopo,post_covid,1,Hyde Park,2025-26,0.9,IT90,98.70163927662223,39,,,,,,2025-12-21,2026-02-15,8.0,94.59999084472656,24.14490127563477,-70.4550895690918,dualtopo
dualtopo,post_covid,1,Hyde Park,2025-26,0.98,IT98,136.08880333365826,39,,,,,,2025-12-21,2026-02-15,8.0,94.59999084472656,24.14490127563477,-70.4550895690918,dualtopo
dualtopo,post_covid,1,Jamaica Plain,2024-25,0.5,IT50,30.1329000930458,8,,,,,,2025-06-08,2025-06-01,-1.0,6.800000190734863,12.954395294189451,6.154395103454588,dualtopo
dualtopo,post_covid,1,Jamaica Plain,2024-25,0.9,IT90,48.93353508945714,8,,,,,,2025-06-08,2025-06-01,-1.0,6.800000190734863,12.954395294189451,6.154395103454588,dualtopo
dualtopo,post_covid,1,Jamaica Plain,2024-25,0.98,IT98,66.72678487426273,8,,,,,,2025-06-08,2025-06-01,-1.0,6.800000190734863,12.954395294189451,6.154395103454588,dualtopo
dualtopo,post_covid,1,Jamaica Plain,2025-26,0.5,IT50,30.1329000930458,38,2025-12-14,,,,,2025-12-21,2026-02-15,8.0,61.099998474121094,13.293455123901367,-47.80654335021973,dualtopo
dualtopo,post_covid,1,Jamaica Plain,2025-26,0.9,IT90,48.93353508945714,38,2025-12-21,,,,,2025-12-21,2026-02-15,8.0,61.099998474121094,13.293455123901367,-47.80654335021973,dualtopo
dualtopo,post_covid,1,Jamaica Plain,2025-26,0.98,IT98,66.72678487426273,38,,,,,,2025-12-21,2026-02-15,8.0,61.099998474121094,13.293455123901367,-47.80654335021973,dualtopo
dualtopo,post_covid,1,Mattapan,2024-25,0.5,IT50,75.36060630157071,8,,,,,,2025-06-22,2025-06-01,-3.0,11.299999237060549,30.562759399414062,19.262760162353516,dualtopo
dualtopo,post_covid,1,Mattapan,2024-25,0.9,IT90,114.4266389550119,8,,,,,,2025-06-22,2025-06-01,-3.0,11.299999237060549,30.562759399414062,19.262760162353516,dualtopo
dualtopo,post_covid,1,Mattapan,2024-25,0.98,IT98,149.46970387636378,8,,,,,,2025-06-22,2025-06-01,-3.0,11.299999237060549,30.562759399414062,19.262760162353516,dualtopo
dualtopo,post_covid,1,Mattapan,2025-26,0.5,IT50,75.36060630157071,39,2025-12-21,,,,,2025-12-28,2026-02-15,7.0,110.3000030517578,31.331932067871097,-78.9680709838867,dualtopo
dualtopo,post_covid,1,Mattapan,2025-26,0.9,IT90,114.4266389550119,39,,,,,,2025-12-28,2026-02-15,7.0,110.3000030517578,31.331932067871097,-78.9680709838867,dualtopo
dualtopo,post_covid,1,Mattapan,2025-26,0.98,IT98,149.46970387636378,39,,,,,,2025-12-28,2026-02-15,7.0,110.3000030517578,31.331932067871097,-78.9680709838867,dualtopo
dualtopo,post_covid,1,Roslindale,2024-25,0.5,IT50,83.12526323754497,7,,,,,,2025-06-22,2025-06-01,-3.0,26.200000762939453,34.095237731933594,7.895236968994141,dualtopo
dualtopo,post_covid,1,Roslindale,2024-25,0.9,IT90,133.65502394030972,7,,,,,,2025-06-22,2025-06-01,-3.0,26.200000762939453,34.095237731933594,7.895236968994141,dualtopo
dualtopo,post_covid,1,Roslindale,2024-25,0.98,IT98,181.10052866383202,7,,,,,,2025-06-22,2025-06-01,-3.0,26.200000762939453,34.095237731933594,7.895236968994141,dualtopo
dualtopo,post_covid,1,Roslindale,2025-26,0.5,IT50,83.12526323754497,35,2025-12-14,,,,,2025-12-28,2026-02-15,7.0,170.10000610351562,34.989990234375,-135.11001586914062,dualtopo
dualtopo,post_covid,1,Roslindale,2025-26,0.9,IT90,133.65502394030972,35,2025-12-21,,,,,2025-12-28,2026-02-15,7.0,170.10000610351562,34.989990234375,-135.11001586914062,dualtopo
dualtopo,post_covid,1,Roslindale,2025-26,0.98,IT98,181.10052866383202,35,,,,,,2025-12-28,2026-02-15,7.0,170.10000610351562,34.989990234375,-135.11001586914062,dualtopo
dualtopo,post_covid,1,Roxbury,2024-25,0.5,IT50,138.88545502174753,9,,,,,,2025-06-22,2025-06-01,-3.0,29.399999618530273,56.12297058105469,26.722970962524414,dualtopo
dualtopo,post_covid,1,Roxbury,2024-25,0.9,IT90,231.9483227351807,9,,,,,,2025-06-22,2025-06-01,-3.0,29.399999618530273,56.12297058105469,26.722970962524414,dualtopo
dualtopo,post_covid,1,Roxbury,2024-25,0.98,IT98,322.0096816211373,9,,,,,,2025-06-22,2025-06-01,-3.0,29.399999618530273,56.12297058105469,26.722970962524414,dualtopo
dualtopo,post_covid,1,Roxbury,2025-26,0.5,IT50,138.88545502174753,40,2025-12-14,,,,,2025-12-21,2026-02-15,8.0,254.6999969482422,57.72322082519531,-196.97677612304688,dualtopo
dualtopo,post_covid,1,Roxbury,2025-26,0.9,IT90,231.9483227351807,40,2025-12-21,,,,,2025-12-21,2026-02-15,8.0,254.6999969482422,57.72322082519531,-196.97677612304688,dualtopo
dualtopo,post_covid,1,Roxbury,2025-26,0.98,IT98,322.0096816211373,40,,,,,,2025-12-21,2026-02-15,8.0,254.6999969482422,57.72322082519531,-196.97677612304688,dualtopo
dualtopo,post_covid,1,South Boston,2024-25,0.5,IT50,31.63670795756643,7,,,,,,2025-06-15,2025-06-01,-2.0,6.300000190734863,13.21762752532959,6.917627334594727,dualtopo
dualtopo,post_covid,1,South Boston,2024-25,0.9,IT90,60.18982141922808,7,,,,,,2025-06-15,2025-06-01,-2.0,6.300000190734863,13.21762752532959,6.917627334594727,dualtopo
dualtopo,post_covid,1,South Boston,2024-25,0.98,IT98,90.82483767314203,7,,,,,,2025-06-15,2025-06-01,-2.0,6.300000190734863,13.21762752532959,6.917627334594727,dualtopo
dualtopo,post_covid,1,South Boston,2025-26,0.5,IT50,31.63670795756643,35,2025-12-14,,,,,2025-12-28,2026-02-15,7.0,57.0,13.640689849853516,-43.359310150146484,dualtopo
dualtopo,post_covid,1,South Boston,2025-26,0.9,IT90,60.18982141922808,35,,,,,,2025-12-28,2026-02-15,7.0,57.0,13.640689849853516,-43.359310150146484,dualtopo
dualtopo,post_covid,1,South Boston,2025-26,0.98,IT98,90.82483767314203,35,,,,,,2025-12-28,2026-02-15,7.0,57.0,13.640689849853516,-43.359310150146484,dualtopo
dualtopo,post_covid,1,South End,2024-25,0.5,IT50,82.00792145914704,9,,,,,,2025-06-15,2025-06-01,-2.0,17.799999237060547,33.49187088012695,15.691871643066406,dualtopo
dualtopo,post_covid,1,South End,2024-25,0.9,IT90,134.00251631923587,9,,,,,,2025-06-15,2025-06-01,-2.0,17.799999237060547,33.49187088012695,15.691871643066406,dualtopo
dualtopo,post_covid,1,South End,2024-25,0.98,IT98,183.45444562568642,9,,,,,,2025-06-15,2025-06-01,-2.0,17.799999237060547,33.49187088012695,15.691871643066406,dualtopo
dualtopo,post_covid,1,South End,2025-26,0.5,IT50,82.00792145914704,40,2025-12-14,,,,,2025-12-14,2026-02-15,9.0,132.3000030517578,34.425899505615234,-97.87410354614258,dualtopo
dualtopo,post_covid,1,South End,2025-26,0.9,IT90,134.00251631923587,40,,,,,,2025-12-14,2026-02-15,9.0,132.3000030517578,34.425899505615234,-97.87410354614258,dualtopo
dualtopo,post_covid,1,South End,2025-26,0.98,IT98,183.45444562568642,40,,,,,,2025-12-14,2026-02-15,9.0,132.3000030517578,34.425899505615234,-97.87410354614258,dualtopo
dualtopo,post_covid,1,West Roxbury,2024-25,0.5,IT50,37.349459967580074,4,,,,,,2025-06-22,2025-06-01,-3.0,11.0,15.055465698242188,4.0554656982421875,dualtopo
dualtopo,post_covid,1,West Roxbury,2024-25,0.9,IT90,59.59981304845178,4,,,,,,2025-06-22,2025-06-01,-3.0,11.0,15.055465698242188,4.0554656982421875,dualtopo
dualtopo,post_covid,1,West Roxbury,2024-25,0.98,IT98,80.36625284929092,4,,,,,,2025-06-22,2025-06-01,-3.0,11.0,15.055465698242188,4.0554656982421875,dualtopo
dualtopo,post_covid,1,West Roxbury,2025-26,0.5,IT50,37.349459967580074,36,2025-12-21,,,,,2025-12-21,2026-02-22,9.0,88.0,15.480571746826172,-72.51942825317383,dualtopo
dualtopo,post_covid,1,West Roxbury,2025-26,0.9,IT90,59.59981304845178,36,2025-12-21,,,,,2025-12-21,2026-02-22,9.0,88.0,15.480571746826172,-72.51942825317383,dualtopo
dualtopo,post_covid,1,West Roxbury,2025-26,0.98,IT98,80.36625284929092,36,2025-12-21,,,,,2025-12-21,2026-02-22,9.0,88.0,15.480571746826172,-72.51942825317383,dualtopo
dualtopo,post_covid,1,CITYWIDE,2024-25,0.5,IT50,60.20679524890062,9,,,,,,2025-06-22,2025-06-01,-3.0,9.700000029343824,25.41927821295602,15.719278183612195,dualtopo
dualtopo,post_covid,1,CITYWIDE,2024-25,0.9,IT90,98.17566769051967,9,,,,,,2025-06-22,2025-06-01,-3.0,9.700000029343824,25.41927821295602,15.719278183612195,dualtopo
dualtopo,post_covid,1,CITYWIDE,2024-25,0.98,IT98,134.22833796478614,9,,,,,,2025-06-22,2025-06-01,-3.0,9.700000029343824,25.41927821295602,15.719278183612195,dualtopo
dualtopo,post_covid,1,CITYWIDE,2025-26,0.5,IT50,60.20679524890062,40,2025-12-14,,,,,2025-12-21,2026-02-15,8.0,101.93214171273368,26.16023853846959,-75.7719031742641,dualtopo
dualtopo,post_covid,1,CITYWIDE,2025-26,0.9,IT90,98.17566769051967,40,2025-12-21,,,,,2025-12-21,2026-02-15,8.0,101.93214171273368,26.16023853846959,-75.7719031742641,dualtopo
dualtopo,post_covid,1,CITYWIDE,2025-26,0.98,IT98,134.22833796478614,40,,,,,,2025-12-21,2026-02-15,8.0,101.93214171273368,26.16023853846959,-75.7719031742641,dualtopo
gat,post_covid,1,Allston/Brighton,2024-25,0.5,IT50,43.17201700312734,9,,,,,,2025-06-15,2025-06-08,-1.0,5.699999809265137,12.07300090789795,6.3730010986328125,gat
gat,post_covid,1,Allston/Brighton,2024-25,0.9,IT90,72.80812661818143,9,,,,,,2025-06-15,2025-06-08,-1.0,5.699999809265137,12.07300090789795,6.3730010986328125,gat
gat,post_covid,1,Allston/Brighton,2024-25,0.98,IT98,101.71188922331822,9,,,,,,2025-06-15,2025-06-08,-1.0,5.699999809265137,12.07300090789795,6.3730010986328125,gat
gat,post_covid,1,Allston/Brighton,2025-26,0.5,IT50,43.17201700312734,40,2025-12-14,2026-01-04,3.0,-3.0,2026-01-04,2025-12-21,2026-01-11,3.0,80.5999984741211,49.916969299316406,-30.683029174804688,gat
gat,post_covid,1,Allston/Brighton,2025-26,0.9,IT90,72.80812661818143,40,2025-12-21,,,,,2025-12-21,2026-01-11,3.0,80.5999984741211,49.916969299316406,-30.683029174804688,gat
gat,post_covid,1,Allston/Brighton,2025-26,0.98,IT98,101.71188922331822,40,,,,,,2025-12-21,2026-01-11,3.0,80.5999984741211,49.916969299316406,-30.683029174804688,gat
gat,post_covid,1,Back Bay/Beacon Hill/Downtown/North End/West End,2024-25,0.5,IT50,32.35361456388361,8,,,,,,2025-06-08,2025-06-08,0.0,3.3999996185302734,7.755894660949707,4.355895042419434,gat
gat,post_covid,1,Back Bay/Beacon Hill/Downtown/North End/West End,2024-25,0.9,IT90,56.35007606954225,8,,,,,,2025-06-08,2025-06-08,0.0,3.3999996185302734,7.755894660949707,4.355895042419434,gat
gat,post_covid,1,Back Bay/Beacon Hill/Downtown/North End/West End,2024-25,0.98,IT98,80.35966190257739,8,,,,,,2025-06-08,2025-06-08,0.0,3.3999996185302734,7.755894660949707,4.355895042419434,gat
gat,post_covid,1,Back Bay/Beacon Hill/Downtown/North End/West End,2025-26,0.5,IT50,32.35361456388361,38,2025-12-21,2026-01-04,2.0,-2.0,2026-01-04,2025-12-21,2026-01-11,3.0,58.099998474121094,34.7708625793457,-23.32913589477539,gat
gat,post_covid,1,Back Bay/Beacon Hill/Downtown/North End/West End,2025-26,0.9,IT90,56.35007606954225,38,2025-12-21,,,,,2025-12-21,2026-01-11,3.0,58.099998474121094,34.7708625793457,-23.32913589477539,gat
gat,post_covid,1,Back Bay/Beacon Hill/Downtown/North End/West End,2025-26,0.98,IT98,80.35966190257739,38,,,,,,2025-12-21,2026-01-11,3.0,58.099998474121094,34.7708625793457,-23.32913589477539,gat
gat,post_covid,1,Charlestown,2024-25,0.5,IT50,44.544403832795176,3,,,,,,2025-06-01,2025-06-01,0.0,10.300000190734863,13.493968963623049,3.1939687728881854,gat
gat,post_covid,1,Charlestown,2024-25,0.9,IT90,75.51034339625782,3,,,,,,2025-06-01,2025-06-01,0.0,10.300000190734863,13.493968963623049,3.1939687728881854,gat
gat,post_covid,1,Charlestown,2024-25,0.98,IT98,105.83479691598406,3,,,,,,2025-06-01,2025-06-01,0.0,10.300000190734863,13.493968963623049,3.1939687728881854,gat
gat,post_covid,1,Charlestown,2025-26,0.5,IT50,44.544403832795176,32,2025-12-14,2026-01-04,3.0,-3.0,2026-01-04,2025-12-14,2026-01-11,4.0,92.8000030517578,49.27531814575195,-43.524684906005845,gat
gat,post_covid,1,Charlestown,2025-26,0.9,IT90,75.51034339625782,32,2025-12-14,,,,,2025-12-14,2026-01-11,4.0,92.8000030517578,49.27531814575195,-43.524684906005845,gat
gat,post_covid,1,Charlestown,2025-26,0.98,IT98,105.83479691598406,32,,,,,,2025-12-14,2026-01-11,4.0,92.8000030517578,49.27531814575195,-43.524684906005845,gat
gat,post_covid,1,Dorchester,2024-25,0.5,IT50,157.0086457734027,9,,,,,,2025-06-01,2025-06-01,0.0,24.299999237060547,42.654048919677734,18.354049682617188,gat
gat,post_covid,1,Dorchester,2024-25,0.9,IT90,264.26252974322875,9,,,,,,2025-06-01,2025-06-01,0.0,24.299999237060547,42.654048919677734,18.354049682617188,gat
gat,post_covid,1,Dorchester,2024-25,0.98,IT98,368.7005757586777,9,,,,,,2025-06-01,2025-06-01,0.0,24.299999237060547,42.654048919677734,18.354049682617188,gat
gat,post_covid,1,Dorchester,2025-26,0.5,IT50,157.0086457734027,40,2025-12-14,2026-01-04,3.0,-3.0,2026-01-04,2025-12-21,2026-01-11,3.0,256.1499938964844,174.71469116210938,-81.435302734375,gat
gat,post_covid,1,Dorchester,2025-26,0.9,IT90,264.26252974322875,40,,,,,,2025-12-21,2026-01-11,3.0,256.1499938964844,174.71469116210938,-81.435302734375,gat
gat,post_covid,1,Dorchester,2025-26,0.98,IT98,368.7005757586777,40,,,,,,2025-12-21,2026-01-11,3.0,256.1499938964844,174.71469116210938,-81.435302734375,gat
gat,post_covid,1,East Boston,2024-25,0.5,IT50,32.38969817502224,6,,,,,,2025-06-15,2025-06-01,-2.0,3.1000003814697266,8.08371353149414,4.983713150024414,gat
gat,post_covid,1,East Boston,2024-25,0.9,IT90,56.982258100156095,6,,,,,,2025-06-15,2025-06-01,-2.0,3.1000003814697266,8.08371353149414,4.983713150024414,gat
gat,post_covid,1,East Boston,2024-25,0.98,IT98,81.78485877953806,6,,,,,,2025-06-15,2025-06-01,-2.0,3.1000003814697266,8.08371353149414,4.983713150024414,gat
gat,post_covid,1,East Boston,2025-26,0.5,IT50,32.38969817502224,38,2025-12-14,2026-01-04,3.0,-3.0,2026-01-04,2025-12-28,2026-01-11,2.0,59.29999923706055,36.87162780761719,-22.42837142944336,gat
gat,post_covid,1,East Boston,2025-26,0.9,IT90,56.982258100156095,38,2025-12-28,,,,,2025-12-28,2026-01-11,2.0,59.29999923706055,36.87162780761719,-22.42837142944336,gat
gat,post_covid,1,East Boston,2025-26,0.98,IT98,81.78485877953806,38,,,,,,2025-12-28,2026-01-11,2.0,59.29999923706055,36.87162780761719,-22.42837142944336,gat
gat,post_covid,1,Fenway,2024-25,0.5,IT50,19.789042860168028,7,,,,,,2025-06-01,2025-07-13,6.0,5.300000190734863,6.19962215423584,0.8996219635009766,gat
gat,post_covid,1,Fenway,2024-25,0.9,IT90,31.717921949528318,7,,,,,,2025-06-01,2025-07-13,6.0,5.300000190734863,6.19962215423584,0.8996219635009766,gat
gat,post_covid,1,Fenway,2024-25,0.98,IT98,42.89052071415166,7,,,,,,2025-06-01,2025-07-13,6.0,5.300000190734863,6.19962215423584,0.8996219635009766,gat
gat,post_covid,1,Fenway,2025-26,0.5,IT50,19.789042860168028,36,2025-12-14,2026-01-04,3.0,-3.0,2026-01-04,2026-01-04,2026-01-11,1.0,21.100000381469727,22.740583419799805,1.6405830383300781,gat
gat,post_covid,1,Fenway,2025-26,0.9,IT90,31.717921949528318,36,,,,,,2026-01-04,2026-01-11,1.0,21.100000381469727,22.740583419799805,1.6405830383300781,gat
gat,post_covid,1,Fenway,2025-26,0.98,IT98,42.89052071415166,36,,,,,,2026-01-04,2026-01-11,1.0,21.100000381469727,22.740583419799805,1.6405830383300781,gat
gat,post_covid,1,Hyde Park,2024-25,0.5,IT50,59.73762940735334,7,,,,,,2025-06-22,2025-06-01,-3.0,6.899999618530273,14.64581298828125,7.745813369750977,gat
gat,post_covid,1,Hyde Park,2024-25,0.9,IT90,98.70163927662223,7,,,,,,2025-06-22,2025-06-01,-3.0,6.899999618530273,14.64581298828125,7.745813369750977,gat
gat,post_covid,1,Hyde Park,2024-25,0.98,IT98,136.08880333365826,7,,,,,,2025-06-22,2025-06-01,-3.0,6.899999618530273,14.64581298828125,7.745813369750977,gat
gat,post_covid,1,Hyde Park,2025-26,0.5,IT50,59.73762940735334,39,2025-12-14,2026-01-04,3.0,-3.0,2026-01-04,2025-12-21,2026-01-11,3.0,94.59999084472656,66.37942504882812,-28.220565795898438,gat
gat,post_covid,1,Hyde Park,2025-26,0.9,IT90,98.70163927662223,39,,,,,,2025-12-21,2026-01-11,3.0,94.59999084472656,66.37942504882812,-28.220565795898438,gat
gat,post_covid,1,Hyde Park,2025-26,0.98,IT98,136.08880333365826,39,,,,,,2025-12-21,2026-01-11,3.0,94.59999084472656,66.37942504882812,-28.220565795898438,gat
gat,post_covid,1,Jamaica Plain,2024-25,0.5,IT50,30.1329000930458,8,,,,,,2025-06-08,2025-06-01,-1.0,6.800000190734863,8.930398941040039,2.130398750305176,gat
gat,post_covid,1,Jamaica Plain,2024-25,0.9,IT90,48.93353508945714,8,,,,,,2025-06-08,2025-06-01,-1.0,6.800000190734863,8.930398941040039,2.130398750305176,gat
gat,post_covid,1,Jamaica Plain,2024-25,0.98,IT98,66.72678487426273,8,,,,,,2025-06-08,2025-06-01,-1.0,6.800000190734863,8.930398941040039,2.130398750305176,gat
gat,post_covid,1,Jamaica Plain,2025-26,0.5,IT50,30.1329000930458,38,2025-12-14,2026-01-04,3.0,-3.0,2026-01-04,2025-12-21,2026-01-11,3.0,61.099998474121094,34.545753479003906,-26.554244995117188,gat
gat,post_covid,1,Jamaica Plain,2025-26,0.9,IT90,48.93353508945714,38,2025-12-21,,,,,2025-12-21,2026-01-11,3.0,61.099998474121094,34.545753479003906,-26.554244995117188,gat
gat,post_covid,1,Jamaica Plain,2025-26,0.98,IT98,66.72678487426273,38,,,,,,2025-12-21,2026-01-11,3.0,61.099998474121094,34.545753479003906,-26.554244995117188,gat
gat,post_covid,1,Mattapan,2024-25,0.5,IT50,75.36060630157071,8,,,,,,2025-06-22,2025-06-01,-3.0,11.299999237060549,20.032424926757812,8.732425689697264,gat
gat,post_covid,1,Mattapan,2024-25,0.9,IT90,114.4266389550119,8,,,,,,2025-06-22,2025-06-01,-3.0,11.299999237060549,20.032424926757812,8.732425689697264,gat
gat,post_covid,1,Mattapan,2024-25,0.98,IT98,149.46970387636378,8,,,,,,2025-06-22,2025-06-01,-3.0,11.299999237060549,20.032424926757812,8.732425689697264,gat
gat,post_covid,1,Mattapan,2025-26,0.5,IT50,75.36060630157071,39,2025-12-21,2026-01-04,2.0,-2.0,2026-01-04,2025-12-28,2026-01-11,2.0,110.3000030517578,81.03556060791016,-29.264442443847642,gat
gat,post_covid,1,Mattapan,2025-26,0.9,IT90,114.4266389550119,39,,,,,,2025-12-28,2026-01-11,2.0,110.3000030517578,81.03556060791016,-29.264442443847642,gat
gat,post_covid,1,Mattapan,2025-26,0.98,IT98,149.46970387636378,39,,,,,,2025-12-28,2026-01-11,2.0,110.3000030517578,81.03556060791016,-29.264442443847642,gat
gat,post_covid,1,Roslindale,2024-25,0.5,IT50,83.12526323754497,7,,,,,,2025-06-22,2025-06-01,-3.0,26.200000762939453,22.834775924682617,-3.365224838256836,gat
gat,post_covid,1,Roslindale,2024-25,0.9,IT90,133.65502394030972,7,,,,,,2025-06-22,2025-06-01,-3.0,26.200000762939453,22.834775924682617,-3.365224838256836,gat
gat,post_covid,1,Roslindale,2024-25,0.98,IT98,181.10052866383202,7,,,,,,2025-06-22,2025-06-01,-3.0,26.200000762939453,22.834775924682617,-3.365224838256836,gat
gat,post_covid,1,Roslindale,2025-26,0.5,IT50,83.12526323754497,35,2025-12-14,2026-01-04,3.0,-3.0,2026-01-04,2025-12-28,2026-01-11,2.0,170.10000610351562,92.87259674072266,-77.22740936279297,gat
gat,post_covid,1,Roslindale,2025-26,0.9,IT90,133.65502394030972,35,2025-12-21,,,,,2025-12-28,2026-01-11,2.0,170.10000610351562,92.87259674072266,-77.22740936279297,gat
gat,post_covid,1,Roslindale,2025-26,0.98,IT98,181.10052866383202,35,,,,,,2025-12-28,2026-01-11,2.0,170.10000610351562,92.87259674072266,-77.22740936279297,gat
gat,post_covid,1,Roxbury,2024-25,0.5,IT50,138.88545502174753,9,,,,,,2025-06-22,2025-06-01,-3.0,29.399999618530273,37.006595611572266,7.606595993041992,gat
gat,post_covid,1,Roxbury,2024-25,0.9,IT90,231.9483227351807,9,,,,,,2025-06-22,2025-06-01,-3.0,29.399999618530273,37.006595611572266,7.606595993041992,gat
gat,post_covid,1,Roxbury,2024-25,0.98,IT98,322.0096816211373,9,,,,,,2025-06-22,2025-06-01,-3.0,29.399999618530273,37.006595611572266,7.606595993041992,gat
gat,post_covid,1,Roxbury,2025-26,0.5,IT50,138.88545502174753,40,2025-12-14,2026-01-04,3.0,-3.0,2026-01-04,2025-12-21,2026-01-11,3.0,254.6999969482422,155.28793334960938,-99.41206359863281,gat
gat,post_covid,1,Roxbury,2025-26,0.9,IT90,231.9483227351807,40,2025-12-21,,,,,2025-12-21,2026-01-11,3.0,254.6999969482422,155.28793334960938,-99.41206359863281,gat
gat,post_covid,1,Roxbury,2025-26,0.98,IT98,322.0096816211373,40,,,,,,2025-12-21,2026-01-11,3.0,254.6999969482422,155.28793334960938,-99.41206359863281,gat
gat,post_covid,1,South Boston,2024-25,0.5,IT50,31.63670795756643,7,,,,,,2025-06-15,2025-06-01,-2.0,6.300000190734863,8.196030616760254,1.8960304260253906,gat
gat,post_covid,1,South Boston,2024-25,0.9,IT90,60.18982141922808,7,,,,,,2025-06-15,2025-06-01,-2.0,6.300000190734863,8.196030616760254,1.8960304260253906,gat
gat,post_covid,1,South Boston,2024-25,0.98,IT98,90.82483767314203,7,,,,,,2025-06-15,2025-06-01,-2.0,6.300000190734863,8.196030616760254,1.8960304260253906,gat
gat,post_covid,1,South Boston,2025-26,0.5,IT50,31.63670795756643,35,2025-12-14,2025-12-28,2.0,-2.0,2025-12-28,2025-12-28,2026-01-11,2.0,57.0,40.09787368774414,-16.90212631225586,gat
gat,post_covid,1,South Boston,2025-26,0.9,IT90,60.18982141922808,35,,,,,,2025-12-28,2026-01-11,2.0,57.0,40.09787368774414,-16.90212631225586,gat
gat,post_covid,1,South Boston,2025-26,0.98,IT98,90.82483767314203,35,,,,,,2025-12-28,2026-01-11,2.0,57.0,40.09787368774414,-16.90212631225586,gat
gat,post_covid,1,South End,2024-25,0.5,IT50,82.00792145914704,9,,,,,,2025-06-15,2025-06-01,-2.0,17.799999237060547,22.240758895874023,4.440759658813477,gat
gat,post_covid,1,South End,2024-25,0.9,IT90,134.00251631923587,9,,,,,,2025-06-15,2025-06-01,-2.0,17.799999237060547,22.240758895874023,4.440759658813477,gat
gat,post_covid,1,South End,2024-25,0.98,IT98,183.45444562568642,9,,,,,,2025-06-15,2025-06-01,-2.0,17.799999237060547,22.240758895874023,4.440759658813477,gat
gat,post_covid,1,South End,2025-26,0.5,IT50,82.00792145914704,40,2025-12-14,2026-01-04,3.0,-3.0,2026-01-04,2025-12-14,2026-01-11,4.0,132.3000030517578,88.15929412841797,-44.140708923339844,gat
gat,post_covid,1,South End,2025-26,0.9,IT90,134.00251631923587,40,,,,,,2025-12-14,2026-01-11,4.0,132.3000030517578,88.15929412841797,-44.140708923339844,gat
gat,post_covid,1,South End,2025-26,0.98,IT98,183.45444562568642,40,,,,,,2025-12-14,2026-01-11,4.0,132.3000030517578,88.15929412841797,-44.140708923339844,gat
gat,post_covid,1,West Roxbury,2024-25,0.5,IT50,37.349459967580074,4,,,,,,2025-06-22,2025-06-01,-3.0,11.0,9.742349624633787,-1.2576503753662127,gat
gat,post_covid,1,West Roxbury,2024-25,0.9,IT90,59.59981304845178,4,,,,,,2025-06-22,2025-06-01,-3.0,11.0,9.742349624633787,-1.2576503753662127,gat
gat,post_covid,1,West Roxbury,2024-25,0.98,IT98,80.36625284929092,4,,,,,,2025-06-22,2025-06-01,-3.0,11.0,9.742349624633787,-1.2576503753662127,gat
gat,post_covid,1,West Roxbury,2025-26,0.5,IT50,37.349459967580074,36,2025-12-21,2026-01-04,2.0,-2.0,2026-01-04,2025-12-21,2026-01-11,3.0,88.0,43.1209716796875,-44.8790283203125,gat
gat,post_covid,1,West Roxbury,2025-26,0.9,IT90,59.59981304845178,36,2025-12-21,,,,,2025-12-21,2026-01-11,3.0,88.0,43.1209716796875,-44.8790283203125,gat
gat,post_covid,1,West Roxbury,2025-26,0.98,IT98,80.36625284929092,36,2025-12-21,,,,,2025-12-21,2026-01-11,3.0,88.0,43.1209716796875,-44.8790283203125,gat
gat,post_covid,1,CITYWIDE,2024-25,0.5,IT50,60.20679524890062,9,,,,,,2025-06-22,2025-06-01,-3.0,9.700000029343824,16.687461308070592,6.987461278726768,gat
gat,post_covid,1,CITYWIDE,2024-25,0.9,IT90,98.17566769051967,9,,,,,,2025-06-22,2025-06-01,-3.0,9.700000029343824,16.687461308070592,6.987461278726768,gat
gat,post_covid,1,CITYWIDE,2024-25,0.98,IT98,134.22833796478614,9,,,,,,2025-06-22,2025-06-01,-3.0,9.700000029343824,16.687461308070592,6.987461278726768,gat
gat,post_covid,1,CITYWIDE,2025-26,0.5,IT50,60.20679524890062,40,2025-12-14,2026-01-04,3.0,-3.0,2026-01-04,2025-12-21,2026-01-11,3.0,101.93214171273368,69.27067579541888,-32.6614659173148,gat
gat,post_covid,1,CITYWIDE,2025-26,0.9,IT90,98.17566769051967,40,2025-12-21,,,,,2025-12-21,2026-01-11,3.0,101.93214171273368,69.27067579541888,-32.6614659173148,gat
gat,post_covid,1,CITYWIDE,2025-26,0.98,IT98,134.22833796478614,40,,,,,,2025-12-21,2026-01-11,3.0,101.93214171273368,69.27067579541888,-32.6614659173148,gat
gnn_st,post_covid,1,Allston/Brighton,2024-25,0.5,IT50,43.17201700312734,9,,,,,,2025-06-15,2025-06-01,-2.0,5.699999809265137,8.022680282592773,2.3226804733276367,gnn_st
gnn_st,post_covid,1,Allston/Brighton,2024-25,0.9,IT90,72.80812661818143,9,,,,,,2025-06-15,2025-06-01,-2.0,5.699999809265137,8.022680282592773,2.3226804733276367,gnn_st
gnn_st,post_covid,1,Allston/Brighton,2024-25,0.98,IT98,101.71188922331822,9,,,,,,2025-06-15,2025-06-01,-2.0,5.699999809265137,8.022680282592773,2.3226804733276367,gnn_st
gnn_st,post_covid,1,Allston/Brighton,2025-26,0.5,IT50,43.17201700312734,40,2025-12-14,2025-12-21,1.0,-1.0,2025-12-21,2025-12-21,2025-12-28,1.0,80.59999084472656,76.7874526977539,-3.8125381469726562,gnn_st
gnn_st,post_covid,1,Allston/Brighton,2025-26,0.9,IT90,72.80812661818143,40,2025-12-21,2025-12-28,1.0,-1.0,2025-12-28,2025-12-21,2025-12-28,1.0,80.59999084472656,76.7874526977539,-3.8125381469726562,gnn_st
gnn_st,post_covid,1,Allston/Brighton,2025-26,0.98,IT98,101.71188922331822,40,,,,,,2025-12-21,2025-12-28,1.0,80.59999084472656,76.7874526977539,-3.8125381469726562,gnn_st
gnn_st,post_covid,1,Back Bay/Beacon Hill/Downtown/North End/West End,2024-25,0.5,IT50,32.35361456388361,8,,,,,,2025-06-08,2025-06-01,-1.0,3.3999996185302734,5.096521377563477,1.6965217590332031,gnn_st
gnn_st,post_covid,1,Back Bay/Beacon Hill/Downtown/North End/West End,2024-25,0.9,IT90,56.35007606954225,8,,,,,,2025-06-08,2025-06-01,-1.0,3.3999996185302734,5.096521377563477,1.6965217590332031,gnn_st
gnn_st,post_covid,1,Back Bay/Beacon Hill/Downtown/North End/West End,2024-25,0.98,IT98,80.35966190257739,8,,,,,,2025-06-08,2025-06-01,-1.0,3.3999996185302734,5.096521377563477,1.6965217590332031,gnn_st
gnn_st,post_covid,1,Back Bay/Beacon Hill/Downtown/North End/West End,2025-26,0.5,IT50,32.35361456388361,38,2025-12-21,2025-12-21,0.0,0.0,2025-12-21,2025-12-21,2025-12-28,1.0,58.09999084472656,52.1836051940918,-5.916385650634766,gnn_st
gnn_st,post_covid,1,Back Bay/Beacon Hill/Downtown/North End/West End,2025-26,0.9,IT90,56.35007606954225,38,2025-12-21,,,,,2025-12-21,2025-12-28,1.0,58.09999084472656,52.1836051940918,-5.916385650634766,gnn_st
gnn_st,post_covid,1,Back Bay/Beacon Hill/Downtown/North End/West End,2025-26,0.98,IT98,80.35966190257739,38,,,,,,2025-12-21,2025-12-28,1.0,58.09999084472656,52.1836051940918,-5.916385650634766,gnn_st
gnn_st,post_covid,1,Charlestown,2024-25,0.5,IT50,44.544403832795176,3,,,,,,2025-06-01,2025-06-22,3.0,10.300000190734863,8.701231956481934,-1.5987682342529297,gnn_st
gnn_st,post_covid,1,Charlestown,2024-25,0.9,IT90,75.51034339625782,3,,,,,,2025-06-01,2025-06-22,3.0,10.300000190734863,8.701231956481934,-1.5987682342529297,gnn_st
gnn_st,post_covid,1,Charlestown,2024-25,0.98,IT98,105.83479691598406,3,,,,,,2025-06-01,2025-06-22,3.0,10.300000190734863,8.701231956481934,-1.5987682342529297,gnn_st
gnn_st,post_covid,1,Charlestown,2025-26,0.5,IT50,44.544403832795176,32,2025-12-14,2025-12-21,1.0,-1.0,2025-12-21,2025-12-14,2025-12-21,1.0,92.8000030517578,79.74569702148438,-13.054306030273423,gnn_st
gnn_st,post_covid,1,Charlestown,2025-26,0.9,IT90,75.51034339625782,32,2025-12-14,2025-12-21,1.0,-1.0,2025-12-21,2025-12-14,2025-12-21,1.0,92.8000030517578,79.74569702148438,-13.054306030273423,gnn_st
gnn_st,post_covid,1,Charlestown,2025-26,0.98,IT98,105.83479691598406,32,,,,,,2025-12-14,2025-12-21,1.0,92.8000030517578,79.74569702148438,-13.054306030273423,gnn_st
gnn_st,post_covid,1,Dorchester,2024-25,0.5,IT50,157.0086457734027,9,,,,,,2025-06-01,2025-06-08,1.0,24.299999237060547,21.000045776367188,-3.2999534606933594,gnn_st
gnn_st,post_covid,1,Dorchester,2024-25,0.9,IT90,264.26252974322875,9,,,,,,2025-06-01,2025-06-08,1.0,24.299999237060547,21.000045776367188,-3.2999534606933594,gnn_st
gnn_st,post_covid,1,Dorchester,2024-25,0.98,IT98,368.7005757586777,9,,,,,,2025-06-01,2025-06-08,1.0,24.299999237060547,21.000045776367188,-3.2999534606933594,gnn_st
gnn_st,post_covid,1,Dorchester,2025-26,0.5,IT50,157.0086457734027,40,2025-12-14,2025-12-21,1.0,-1.0,2025-12-21,2025-12-21,2025-12-28,1.0,256.1499938964844,269.206787109375,13.056793212890625,gnn_st
gnn_st,post_covid,1,Dorchester,2025-26,0.9,IT90,264.26252974322875,40,,2025-12-28,,,2025-12-28,2025-12-21,2025-12-28,1.0,256.1499938964844,269.206787109375,13.056793212890625,gnn_st
gnn_st,post_covid,1,Dorchester,2025-26,0.98,IT98,368.7005757586777,40,,,,,,2025-12-21,2025-12-28,1.0,256.1499938964844,269.206787109375,13.056793212890625,gnn_st
gnn_st,post_covid,1,East Boston,2024-25,0.5,IT50,32.38969817502224,6,,,,,,2025-06-15,2025-06-01,-2.0,3.1000003814697266,3.849745512008667,0.7497451305389404,gnn_st
gnn_st,post_covid,1,East Boston,2024-25,0.9,IT90,56.982258100156095,6,,,,,,2025-06-15,2025-06-01,-2.0,3.1000003814697266,3.849745512008667,0.7497451305389404,gnn_st
gnn_st,post_covid,1,East Boston,2024-25,0.98,IT98,81.78485877953806,6,,,,,,2025-06-15,2025-06-01,-2.0,3.1000003814697266,3.849745512008667,0.7497451305389404,gnn_st
gnn_st,post_covid,1,East Boston,2025-26,0.5,IT50,32.38969817502224,38,2025-12-14,2025-12-21,1.0,-1.0,2025-12-21,2025-12-28,2025-12-28,0.0,59.29999542236328,54.42545318603515,-4.874542236328132,gnn_st
gnn_st,post_covid,1,East Boston,2025-26,0.9,IT90,56.982258100156095,38,2025-12-28,,,,,2025-12-28,2025-12-28,0.0,59.29999542236328,54.42545318603515,-4.874542236328132,gnn_st
gnn_st,post_covid,1,East Boston,2025-26,0.98,IT98,81.78485877953806,38,,,,,,2025-12-28,2025-12-28,0.0,59.29999542236328,54.42545318603515,-4.874542236328132,gnn_st
gnn_st,post_covid,1,Fenway,2024-25,0.5,IT50,19.789042860168028,7,,,,,,2025-06-01,2025-06-08,1.0,5.300000190734863,4.3256683349609375,-0.9743318557739258,gnn_st
gnn_st,post_covid,1,Fenway,2024-25,0.9,IT90,31.717921949528318,7,,,,,,2025-06-01,2025-06-08,1.0,5.300000190734863,4.3256683349609375,-0.9743318557739258,gnn_st
gnn_st,post_covid,1,Fenway,2024-25,0.98,IT98,42.89052071415166,7,,,,,,2025-06-01,2025-06-08,1.0,5.300000190734863,4.3256683349609375,-0.9743318557739258,gnn_st
gnn_st,post_covid,1,Fenway,2025-26,0.5,IT50,19.789042860168028,36,2025-12-14,2025-12-21,1.0,-1.0,2025-12-21,2026-01-04,2025-12-21,-2.0,21.100000381469727,23.29559326171875,2.1955928802490234,gnn_st
gnn_st,post_covid,1,Fenway,2025-26,0.9,IT90,31.717921949528318,36,,,,,,2026-01-04,2025-12-21,-2.0,21.100000381469727,23.29559326171875,2.1955928802490234,gnn_st
gnn_st,post_covid,1,Fenway,2025-26,0.98,IT98,42.89052071415166,36,,,,,,2026-01-04,2025-12-21,-2.0,21.100000381469727,23.29559326171875,2.1955928802490234,gnn_st
gnn_st,post_covid,1,Hyde Park,2024-25,0.5,IT50,59.73762940735334,7,,,,,,2025-06-22,2025-06-01,-3.0,6.899999618530273,7.56381893157959,0.6638193130493164,gnn_st
gnn_st,post_covid,1,Hyde Park,2024-25,0.9,IT90,98.70163927662223,7,,,,,,2025-06-22,2025-06-01,-3.0,6.899999618530273,7.56381893157959,0.6638193130493164,gnn_st
gnn_st,post_covid,1,Hyde Park,2024-25,0.98,IT98,136.08880333365826,7,,,,,,2025-06-22,2025-06-01,-3.0,6.899999618530273,7.56381893157959,0.6638193130493164,gnn_st
gnn_st,post_covid,1,Hyde Park,2025-26,0.5,IT50,59.73762940735334,39,2025-12-14,2025-12-21,1.0,-1.0,2025-12-21,2025-12-21,2025-12-28,1.0,94.59999084472656,96.88768768310548,2.2876968383789205,gnn_st
gnn_st,post_covid,1,Hyde Park,2025-26,0.9,IT90,98.70163927662223,39,,,,,,2025-12-21,2025-12-28,1.0,94.59999084472656,96.88768768310548,2.2876968383789205,gnn_st
gnn_st,post_covid,1,Hyde Park,2025-26,0.98,IT98,136.08880333365826,39,,,,,,2025-12-21,2025-12-28,1.0,94.59999084472656,96.88768768310548,2.2876968383789205,gnn_st
gnn_st,post_covid,1,Jamaica Plain,2024-25,0.5,IT50,30.1329000930458,8,,,,,,2025-06-08,2025-06-22,2.0,6.800000190734863,5.067230701446533,-1.73276948928833,gnn_st
gnn_st,post_covid,1,Jamaica Plain,2024-25,0.9,IT90,48.93353508945714,8,,,,,,2025-06-08,2025-06-22,2.0,6.800000190734863,5.067230701446533,-1.73276948928833,gnn_st
gnn_st,post_covid,1,Jamaica Plain,2024-25,0.98,IT98,66.72678487426273,8,,,,,,2025-06-08,2025-06-22,2.0,6.800000190734863,5.067230701446533,-1.73276948928833,gnn_st
gnn_st,post_covid,1,Jamaica Plain,2025-26,0.5,IT50,30.1329000930458,38,2025-12-14,2025-12-21,1.0,-1.0,2025-12-21,2025-12-21,2025-12-28,1.0,61.099998474121094,55.6435432434082,-5.456455230712891,gnn_st
gnn_st,post_covid,1,Jamaica Plain,2025-26,0.9,IT90,48.93353508945714,38,2025-12-21,2025-12-28,1.0,-1.0,2025-12-28,2025-12-21,2025-12-28,1.0,61.099998474121094,55.6435432434082,-5.456455230712891,gnn_st
gnn_st,post_covid,1,Jamaica Plain,2025-26,0.98,IT98,66.72678487426273,38,,,,,,2025-12-21,2025-12-28,1.0,61.099998474121094,55.6435432434082,-5.456455230712891,gnn_st
gnn_st,post_covid,1,Mattapan,2024-25,0.5,IT50,75.36060630157071,8,,,,,,2025-06-22,2025-06-01,-3.0,11.30000114440918,9.960376739501951,-1.3396244049072283,gnn_st
gnn_st,post_covid,1,Mattapan,2024-25,0.9,IT90,114.4266389550119,8,,,,,,2025-06-22,2025-06-01,-3.0,11.30000114440918,9.960376739501951,-1.3396244049072283,gnn_st
gnn_st,post_covid,1,Mattapan,2024-25,0.98,IT98,149.46970387636378,8,,,,,,2025-06-22,2025-06-01,-3.0,11.30000114440918,9.960376739501951,-1.3396244049072283,gnn_st
gnn_st,post_covid,1,Mattapan,2025-26,0.5,IT50,75.36060630157071,39,2025-12-21,2025-12-21,0.0,0.0,2025-12-21,2025-12-28,2026-01-04,1.0,110.3000030517578,101.60455322265624,-8.695449829101562,gnn_st
gnn_st,post_covid,1,Mattapan,2025-26,0.9,IT90,114.4266389550119,39,,,,,,2025-12-28,2026-01-04,1.0,110.3000030517578,101.60455322265624,-8.695449829101562,gnn_st
gnn_st,post_covid,1,Mattapan,2025-26,0.98,IT98,149.46970387636378,39,,,,,,2025-12-28,2026-01-04,1.0,110.3000030517578,101.60455322265624,-8.695449829101562,gnn_st
gnn_st,post_covid,1,Roslindale,2024-25,0.5,IT50,83.12526323754497,7,,,,,,2025-06-22,2025-06-29,1.0,26.200000762939453,15.41552448272705,-10.784476280212402,gnn_st
gnn_st,post_covid,1,Roslindale,2024-25,0.9,IT90,133.65502394030972,7,,,,,,2025-06-22,2025-06-29,1.0,26.200000762939453,15.41552448272705,-10.784476280212402,gnn_st
gnn_st,post_covid,1,Roslindale,2024-25,0.98,IT98,181.10052866383202,7,,,,,,2025-06-22,2025-06-29,1.0,26.200000762939453,15.41552448272705,-10.784476280212402,gnn_st
gnn_st,post_covid,1,Roslindale,2025-26,0.5,IT50,83.12526323754497,35,2025-12-14,2025-12-21,1.0,-1.0,2025-12-21,2025-12-28,2025-12-28,0.0,170.10000610351562,143.4608612060547,-26.639144897460938,gnn_st
gnn_st,post_covid,1,Roslindale,2025-26,0.9,IT90,133.65502394030972,35,2025-12-21,2025-12-28,1.0,-1.0,2025-12-28,2025-12-28,2025-12-28,0.0,170.10000610351562,143.4608612060547,-26.639144897460938,gnn_st
gnn_st,post_covid,1,Roslindale,2025-26,0.98,IT98,181.10052866383202,35,,,,,,2025-12-28,2025-12-28,0.0,170.10000610351562,143.4608612060547,-26.639144897460938,gnn_st
gnn_st,post_covid,1,Roxbury,2024-25,0.5,IT50,138.88545502174753,9,,,,,,2025-06-22,2025-06-29,1.0,29.400001525878903,24.576452255249023,-4.823549270629879,gnn_st
gnn_st,post_covid,1,Roxbury,2024-25,0.9,IT90,231.9483227351807,9,,,,,,2025-06-22,2025-06-29,1.0,29.400001525878903,24.576452255249023,-4.823549270629879,gnn_st
gnn_st,post_covid,1,Roxbury,2024-25,0.98,IT98,322.0096816211373,9,,,,,,2025-06-22,2025-06-29,1.0,29.400001525878903,24.576452255249023,-4.823549270629879,gnn_st
gnn_st,post_covid,1,Roxbury,2025-26,0.5,IT50,138.88545502174753,40,2025-12-14,2025-12-21,1.0,-1.0,2025-12-21,2025-12-21,2025-12-28,1.0,254.6999969482422,246.3275451660156,-8.372451782226591,gnn_st
gnn_st,post_covid,1,Roxbury,2025-26,0.9,IT90,231.9483227351807,40,2025-12-21,2025-12-28,1.0,-1.0,2025-12-28,2025-12-21,2025-12-28,1.0,254.6999969482422,246.3275451660156,-8.372451782226591,gnn_st
gnn_st,post_covid,1,Roxbury,2025-26,0.98,IT98,322.0096816211373,40,,,,,,2025-12-21,2025-12-28,1.0,254.6999969482422,246.3275451660156,-8.372451782226591,gnn_st
gnn_st,post_covid,1,South Boston,2024-25,0.5,IT50,31.63670795756643,7,,,,,,2025-06-15,2025-06-22,1.0,6.300000190734863,4.734017848968506,-1.5659823417663574,gnn_st
gnn_st,post_covid,1,South Boston,2024-25,0.9,IT90,60.18982141922808,7,,,,,,2025-06-15,2025-06-22,1.0,6.300000190734863,4.734017848968506,-1.5659823417663574,gnn_st
gnn_st,post_covid,1,South Boston,2024-25,0.98,IT98,90.82483767314203,7,,,,,,2025-06-15,2025-06-22,1.0,6.300000190734863,4.734017848968506,-1.5659823417663574,gnn_st
gnn_st,post_covid,1,South Boston,2025-26,0.5,IT50,31.63670795756643,35,2025-12-14,2025-12-21,1.0,-1.0,2025-12-21,2025-12-28,2025-12-21,-1.0,57.0,49.23141098022461,-7.768589019775391,gnn_st
gnn_st,post_covid,1,South Boston,2025-26,0.9,IT90,60.18982141922808,35,,,,,,2025-12-28,2025-12-21,-1.0,57.0,49.23141098022461,-7.768589019775391,gnn_st
gnn_st,post_covid,1,South Boston,2025-26,0.98,IT98,90.82483767314203,35,,,,,,2025-12-28,2025-12-21,-1.0,57.0,49.23141098022461,-7.768589019775391,gnn_st
gnn_st,post_covid,1,South End,2024-25,0.5,IT50,82.00792145914704,9,,,,,,2025-06-15,2025-06-22,1.0,17.799999237060547,14.940278053283691,-2.8597211837768555,gnn_st
gnn_st,post_covid,1,South End,2024-25,0.9,IT90,134.00251631923587,9,,,,,,2025-06-15,2025-06-22,1.0,17.799999237060547,14.940278053283691,-2.8597211837768555,gnn_st
gnn_st,post_covid,1,South End,2024-25,0.98,IT98,183.45444562568642,9,,,,,,2025-06-15,2025-06-22,1.0,17.799999237060547,14.940278053283691,-2.8597211837768555,gnn_st
gnn_st,post_covid,1,South End,2025-26,0.5,IT50,82.00792145914704,40,2025-12-14,2025-12-21,1.0,-1.0,2025-12-21,2025-12-14,2025-12-28,2.0,132.3000030517578,130.97628784179688,-1.3237152099609375,gnn_st
gnn_st,post_covid,1,South End,2025-26,0.9,IT90,134.00251631923587,40,,,,,,2025-12-14,2025-12-28,2.0,132.3000030517578,130.97628784179688,-1.3237152099609375,gnn_st
gnn_st,post_covid,1,South End,2025-26,0.98,IT98,183.45444562568642,40,,,,,,2025-12-14,2025-12-28,2.0,132.3000030517578,130.97628784179688,-1.3237152099609375,gnn_st
gnn_st,post_covid,1,West Roxbury,2024-25,0.5,IT50,37.349459967580074,4,,,,,,2025-06-22,2025-07-20,4.0,11.0,6.107713222503662,-4.892286777496338,gnn_st
gnn_st,post_covid,1,West Roxbury,2024-25,0.9,IT90,59.59981304845178,4,,,,,,2025-06-22,2025-07-20,4.0,11.0,6.107713222503662,-4.892286777496338,gnn_st
gnn_st,post_covid,1,West Roxbury,2024-25,0.98,IT98,80.36625284929092,4,,,,,,2025-06-22,2025-07-20,4.0,11.0,6.107713222503662,-4.892286777496338,gnn_st
gnn_st,post_covid,1,West Roxbury,2025-26,0.5,IT50,37.349459967580074,36,2025-12-21,2025-12-21,0.0,0.0,2025-12-21,2025-12-21,2025-12-28,1.0,88.0,74.22859191894531,-13.771408081054688,gnn_st
gnn_st,post_covid,1,West Roxbury,2025-26,0.9,IT90,59.59981304845178,36,2025-12-21,2025-12-28,1.0,-1.0,2025-12-28,2025-12-21,2025-12-28,1.0,88.0,74.22859191894531,-13.771408081054688,gnn_st
gnn_st,post_covid,1,West Roxbury,2025-26,0.98,IT98,80.36625284929092,36,2025-12-21,,,,,2025-12-21,2025-12-28,1.0,88.0,74.22859191894531,-13.771408081054688,gnn_st
gnn_st,post_covid,1,CITYWIDE,2024-25,0.5,IT50,60.20679524890062,9,,,,,,2025-06-22,2025-06-29,1.0,9.700000249422514,8.732124073164803,-0.967876176257711,gnn_st
gnn_st,post_covid,1,CITYWIDE,2024-25,0.9,IT90,98.17566769051967,9,,,,,,2025-06-22,2025-06-29,1.0,9.700000249422514,8.732124073164803,-0.967876176257711,gnn_st
gnn_st,post_covid,1,CITYWIDE,2024-25,0.98,IT98,134.22833796478614,9,,,,,,2025-06-22,2025-06-29,1.0,9.700000249422514,8.732124073164803,-0.967876176257711,gnn_st
gnn_st,post_covid,1,CITYWIDE,2025-26,0.5,IT50,60.20679524890062,40,2025-12-14,2025-12-21,1.0,-1.0,2025-12-21,2025-12-21,2025-12-28,1.0,101.9321403503418,103.0888727733067,1.1567324229649074,gnn_st
gnn_st,post_covid,1,CITYWIDE,2025-26,0.9,IT90,98.17566769051967,40,2025-12-21,2025-12-28,1.0,-1.0,2025-12-28,2025-12-21,2025-12-28,1.0,101.9321403503418,103.0888727733067,1.1567324229649074,gnn_st
gnn_st,post_covid,1,CITYWIDE,2025-26,0.98,IT98,134.22833796478614,40,,,,,,2025-12-21,2025-12-28,1.0,101.9321403503418,103.0888727733067,1.1567324229649074,gnn_st
gnn_st_lagsonly,post_covid,1,Allston/Brighton,2024-25,0.5,IT50,43.17201700312734,9,,,,,,2025-06-15,2025-06-01,-2.0,5.699999809265137,7.748764514923096,2.048764705657959,gnn_st_lagsonly
gnn_st_lagsonly,post_covid,1,Allston/Brighton,2024-25,0.9,IT90,72.80812661818143,9,,,,,,2025-06-15,2025-06-01,-2.0,5.699999809265137,7.748764514923096,2.048764705657959,gnn_st_lagsonly
gnn_st_lagsonly,post_covid,1,Allston/Brighton,2024-25,0.98,IT98,101.71188922331822,9,,,,,,2025-06-15,2025-06-01,-2.0,5.699999809265137,7.748764514923096,2.048764705657959,gnn_st_lagsonly
gnn_st_lagsonly,post_covid,1,Allston/Brighton,2025-26,0.5,IT50,43.17201700312734,40,2025-12-14,2025-12-21,1.0,-1.0,2025-12-21,2025-12-21,2025-12-28,1.0,80.59999084472656,77.07356262207031,-3.52642822265625,gnn_st_lagsonly
gnn_st_lagsonly,post_covid,1,Allston/Brighton,2025-26,0.9,IT90,72.80812661818143,40,2025-12-21,2025-12-28,1.0,-1.0,2025-12-28,2025-12-21,2025-12-28,1.0,80.59999084472656,77.07356262207031,-3.52642822265625,gnn_st_lagsonly
gnn_st_lagsonly,post_covid,1,Allston/Brighton,2025-26,0.98,IT98,101.71188922331822,40,,,,,,2025-12-21,2025-12-28,1.0,80.59999084472656,77.07356262207031,-3.52642822265625,gnn_st_lagsonly
gnn_st_lagsonly,post_covid,1,Back Bay/Beacon Hill/Downtown/North End/West End,2024-25,0.5,IT50,32.35361456388361,8,,,,,,2025-06-08,2025-06-01,-1.0,3.3999996185302734,5.50335693359375,2.1033573150634766,gnn_st_lagsonly
gnn_st_lagsonly,post_covid,1,Back Bay/Beacon Hill/Downtown/North End/West End,2024-25,0.9,IT90,56.35007606954225,8,,,,,,2025-06-08,2025-06-01,-1.0,3.3999996185302734,5.50335693359375,2.1033573150634766,gnn_st_lagsonly
gnn_st_lagsonly,post_covid,1,Back Bay/Beacon Hill/Downtown/North End/West End,2024-25,0.98,IT98,80.35966190257739,8,,,,,,2025-06-08,2025-06-01,-1.0,3.3999996185302734,5.50335693359375,2.1033573150634766,gnn_st_lagsonly
gnn_st_lagsonly,post_covid,1,Back Bay/Beacon Hill/Downtown/North End/West End,2025-26,0.5,IT50,32.35361456388361,38,2025-12-21,2025-12-21,0.0,0.0,2025-12-21,2025-12-21,2025-12-28,1.0,58.09999084472656,51.15763092041016,-6.942359924316399,gnn_st_lagsonly
gnn_st_lagsonly,post_covid,1,Back Bay/Beacon Hill/Downtown/North End/West End,2025-26,0.9,IT90,56.35007606954225,38,2025-12-21,,,,,2025-12-21,2025-12-28,1.0,58.09999084472656,51.15763092041016,-6.942359924316399,gnn_st_lagsonly
gnn_st_lagsonly,post_covid,1,Back Bay/Beacon Hill/Downtown/North End/West End,2025-26,0.98,IT98,80.35966190257739,38,,,,,,2025-12-21,2025-12-28,1.0,58.09999084472656,51.15763092041016,-6.942359924316399,gnn_st_lagsonly
gnn_st_lagsonly,post_covid,1,Charlestown,2024-25,0.5,IT50,44.544403832795176,3,,,,,,2025-06-01,2025-06-22,3.0,10.300000190734863,10.73736572265625,0.4373655319213867,gnn_st_lagsonly
gnn_st_lagsonly,post_covid,1,Charlestown,2024-25,0.9,IT90,75.51034339625782,3,,,,,,2025-06-01,2025-06-22,3.0,10.300000190734863,10.73736572265625,0.4373655319213867,gnn_st_lagsonly
gnn_st_lagsonly,post_covid,1,Charlestown,2024-25,0.98,IT98,105.83479691598406,3,,,,,,2025-06-01,2025-06-22,3.0,10.300000190734863,10.73736572265625,0.4373655319213867,gnn_st_lagsonly
gnn_st_lagsonly,post_covid,1,Charlestown,2025-26,0.5,IT50,44.544403832795176,32,2025-12-14,2025-12-21,1.0,-1.0,2025-12-21,2025-12-14,2025-12-21,1.0,92.8000030517578,77.3100357055664,-15.489967346191392,gnn_st_lagsonly
gnn_st_lagsonly,post_covid,1,Charlestown,2025-26,0.9,IT90,75.51034339625782,32,2025-12-14,2025-12-21,1.0,-1.0,2025-12-21,2025-12-14,2025-12-21,1.0,92.8000030517578,77.3100357055664,-15.489967346191392,gnn_st_lagsonly
gnn_st_lagsonly,post_covid,1,Charlestown,2025-26,0.98,IT98,105.83479691598406,32,,,,,,2025-12-14,2025-12-21,1.0,92.8000030517578,77.3100357055664,-15.489967346191392,gnn_st_lagsonly
gnn_st_lagsonly,post_covid,1,Dorchester,2024-25,0.5,IT50,157.0086457734027,9,,,,,,2025-06-01,2025-06-08,1.0,24.299999237060547,20.769670486450195,-3.5303287506103516,gnn_st_lagsonly
gnn_st_lagsonly,post_covid,1,Dorchester,2024-25,0.9,IT90,264.26252974322875,9,,,,,,2025-06-01,2025-06-08,1.0,24.299999237060547,20.769670486450195,-3.5303287506103516,gnn_st_lagsonly
gnn_st_lagsonly,post_covid,1,Dorchester,2024-25,0.98,IT98,368.7005757586777,9,,,,,,2025-06-01,2025-06-08,1.0,24.299999237060547,20.769670486450195,-3.5303287506103516,gnn_st_lagsonly
gnn_st_lagsonly,post_covid,1,Dorchester,2025-26,0.5,IT50,157.0086457734027,40,2025-12-14,2025-12-21,1.0,-1.0,2025-12-21,2025-12-21,2025-12-28,1.0,256.1499938964844,267.178955078125,11.028961181640625,gnn_st_lagsonly
gnn_st_lagsonly,post_covid,1,Dorchester,2025-26,0.9,IT90,264.26252974322875,40,,2025-12-28,,,2025-12-28,2025-12-21,2025-12-28,1.0,256.1499938964844,267.178955078125,11.028961181640625,gnn_st_lagsonly
gnn_st_lagsonly,post_covid,1,Dorchester,2025-26,0.98,IT98,368.7005757586777,40,,,,,,2025-12-21,2025-12-28,1.0,256.1499938964844,267.178955078125,11.028961181640625,gnn_st_lagsonly
gnn_st_lagsonly,post_covid,1,East Boston,2024-25,0.5,IT50,32.38969817502224,6,,,,,,2025-06-15,2025-06-01,-2.0,3.1000003814697266,4.115349292755127,1.0153489112854004,gnn_st_lagsonly
gnn_st_lagsonly,post_covid,1,East Boston,2024-25,0.9,IT90,56.982258100156095,6,,,,,,2025-06-15,2025-06-01,-2.0,3.1000003814697266,4.115349292755127,1.0153489112854004,gnn_st_lagsonly
gnn_st_lagsonly,post_covid,1,East Boston,2024-25,0.98,IT98,81.78485877953806,6,,,,,,2025-06-15,2025-06-01,-2.0,3.1000003814697266,4.115349292755127,1.0153489112854004,gnn_st_lagsonly
gnn_st_lagsonly,post_covid,1,East Boston,2025-26,0.5,IT50,32.38969817502224,38,2025-12-14,2025-12-21,1.0,-1.0,2025-12-21,2025-12-28,2025-12-28,0.0,59.29999542236328,52.284217834472656,-7.015777587890625,gnn_st_lagsonly
gnn_st_lagsonly,post_covid,1,East Boston,2025-26,0.9,IT90,56.982258100156095,38,2025-12-28,,,,,2025-12-28,2025-12-28,0.0,59.29999542236328,52.284217834472656,-7.015777587890625,gnn_st_lagsonly
gnn_st_lagsonly,post_covid,1,East Boston,2025-26,0.98,IT98,81.78485877953806,38,,,,,,2025-12-28,2025-12-28,0.0,59.29999542236328,52.284217834472656,-7.015777587890625,gnn_st_lagsonly
gnn_st_lagsonly,post_covid,1,Fenway,2024-25,0.5,IT50,19.789042860168028,7,,,,,,2025-06-01,2025-06-08,1.0,5.300000190734863,4.621979236602783,-0.6780209541320801,gnn_st_lagsonly
gnn_st_lagsonly,post_covid,1,Fenway,2024-25,0.9,IT90,31.717921949528318,7,,,,,,2025-06-01,2025-06-08,1.0,5.300000190734863,4.621979236602783,-0.6780209541320801,gnn_st_lagsonly
gnn_st_lagsonly,post_covid,1,Fenway,2024-25,0.98,IT98,42.89052071415166,7,,,,,,2025-06-01,2025-06-08,1.0,5.300000190734863,4.621979236602783,-0.6780209541320801,gnn_st_lagsonly
gnn_st_lagsonly,post_covid,1,Fenway,2025-26,0.5,IT50,19.789042860168028,36,2025-12-14,2025-12-21,1.0,-1.0,2025-12-21,2026-01-04,2025-12-21,-2.0,21.100000381469727,22.469470977783203,1.3694705963134766,gnn_st_lagsonly
gnn_st_lagsonly,post_covid,1,Fenway,2025-26,0.9,IT90,31.717921949528318,36,,,,,,2026-01-04,2025-12-21,-2.0,21.100000381469727,22.469470977783203,1.3694705963134766,gnn_st_lagsonly
gnn_st_lagsonly,post_covid,1,Fenway,2025-26,0.98,IT98,42.89052071415166,36,,,,,,2026-01-04,2025-12-21,-2.0,21.100000381469727,22.469470977783203,1.3694705963134766,gnn_st_lagsonly
gnn_st_lagsonly,post_covid,1,Hyde Park,2024-25,0.5,IT50,59.73762940735334,7,,,,,,2025-06-22,2025-06-29,1.0,6.899999618530273,7.5185866355896,0.6185870170593262,gnn_st_lagsonly
gnn_st_lagsonly,post_covid,1,Hyde Park,2024-25,0.9,IT90,98.70163927662223,7,,,,,,2025-06-22,2025-06-29,1.0,6.899999618530273,7.5185866355896,0.6185870170593262,gnn_st_lagsonly
gnn_st_lagsonly,post_covid,1,Hyde Park,2024-25,0.98,IT98,136.08880333365826,7,,,,,,2025-06-22,2025-06-29,1.0,6.899999618530273,7.5185866355896,0.6185870170593262,gnn_st_lagsonly
gnn_st_lagsonly,post_covid,1,Hyde Park,2025-26,0.5,IT50,59.73762940735334,39,2025-12-14,2025-12-21,1.0,-1.0,2025-12-21,2025-12-21,2025-12-28,1.0,94.59999084472656,95.34310913085938,0.7431182861328125,gnn_st_lagsonly
gnn_st_lagsonly,post_covid,1,Hyde Park,2025-26,0.9,IT90,98.70163927662223,39,,,,,,2025-12-21,2025-12-28,1.0,94.59999084472656,95.34310913085938,0.7431182861328125,gnn_st_lagsonly
gnn_st_lagsonly,post_covid,1,Hyde Park,2025-26,0.98,IT98,136.08880333365826,39,,,,,,2025-12-21,2025-12-28,1.0,94.59999084472656,95.34310913085938,0.7431182861328125,gnn_st_lagsonly
gnn_st_lagsonly,post_covid,1,Jamaica Plain,2024-25,0.5,IT50,30.1329000930458,8,,,,,,2025-06-08,2025-06-22,2.0,6.800000190734863,5.690286636352539,-1.1097135543823242,gnn_st_lagsonly
gnn_st_lagsonly,post_covid,1,Jamaica Plain,2024-25,0.9,IT90,48.93353508945714,8,,,,,,2025-06-08,2025-06-22,2.0,6.800000190734863,5.690286636352539,-1.1097135543823242,gnn_st_lagsonly
gnn_st_lagsonly,post_covid,1,Jamaica Plain,2024-25,0.98,IT98,66.72678487426273,8,,,,,,2025-06-08,2025-06-22,2.0,6.800000190734863,5.690286636352539,-1.1097135543823242,gnn_st_lagsonly
gnn_st_lagsonly,post_covid,1,Jamaica Plain,2025-26,0.5,IT50,30.1329000930458,38,2025-12-14,2025-12-21,1.0,-1.0,2025-12-21,2025-12-21,2025-12-28,1.0,61.099998474121094,54.769508361816406,-6.3304901123046875,gnn_st_lagsonly
gnn_st_lagsonly,post_covid,1,Jamaica Plain,2025-26,0.9,IT90,48.93353508945714,38,2025-12-21,2025-12-28,1.0,-1.0,2025-12-28,2025-12-21,2025-12-28,1.0,61.099998474121094,54.769508361816406,-6.3304901123046875,gnn_st_lagsonly
gnn_st_lagsonly,post_covid,1,Jamaica Plain,2025-26,0.98,IT98,66.72678487426273,38,,,,,,2025-12-21,2025-12-28,1.0,61.099998474121094,54.769508361816406,-6.3304901123046875,gnn_st_lagsonly
gnn_st_lagsonly,post_covid,1,Mattapan,2024-25,0.5,IT50,75.36060630157071,8,,,,,,2025-06-22,2025-07-06,2.0,11.30000114440918,9.454961776733398,-1.8450393676757812,gnn_st_lagsonly
gnn_st_lagsonly,post_covid,1,Mattapan,2024-25,0.9,IT90,114.4266389550119,8,,,,,,2025-06-22,2025-07-06,2.0,11.30000114440918,9.454961776733398,-1.8450393676757812,gnn_st_lagsonly
gnn_st_lagsonly,post_covid,1,Mattapan,2024-25,0.98,IT98,149.46970387636378,8,,,,,,2025-06-22,2025-07-06,2.0,11.30000114440918,9.454961776733398,-1.8450393676757812,gnn_st_lagsonly
gnn_st_lagsonly,post_covid,1,Mattapan,2025-26,0.5,IT50,75.36060630157071,39,2025-12-21,2025-12-21,0.0,0.0,2025-12-21,2025-12-28,2026-01-04,1.0,110.3000030517578,102.9622573852539,-7.337745666503892,gnn_st_lagsonly
gnn_st_lagsonly,post_covid,1,Mattapan,2025-26,0.9,IT90,114.4266389550119,39,,,,,,2025-12-28,2026-01-04,1.0,110.3000030517578,102.9622573852539,-7.337745666503892,gnn_st_lagsonly
gnn_st_lagsonly,post_covid,1,Mattapan,2025-26,0.98,IT98,149.46970387636378,39,,,,,,2025-12-28,2026-01-04,1.0,110.3000030517578,102.9622573852539,-7.337745666503892,gnn_st_lagsonly
gnn_st_lagsonly,post_covid,1,Roslindale,2024-25,0.5,IT50,83.12526323754497,7,,,,,,2025-06-22,2025-06-29,1.0,26.200000762939453,15.382948875427246,-10.817051887512207,gnn_st_lagsonly
gnn_st_lagsonly,post_covid,1,Roslindale,2024-25,0.9,IT90,133.65502394030972,7,,,,,,2025-06-22,2025-06-29,1.0,26.200000762939453,15.382948875427246,-10.817051887512207,gnn_st_lagsonly
gnn_st_lagsonly,post_covid,1,Roslindale,2024-25,0.98,IT98,181.10052866383202,7,,,,,,2025-06-22,2025-06-29,1.0,26.200000762939453,15.382948875427246,-10.817051887512207,gnn_st_lagsonly
gnn_st_lagsonly,post_covid,1,Roslindale,2025-26,0.5,IT50,83.12526323754497,35,2025-12-14,2025-12-21,1.0,-1.0,2025-12-21,2025-12-28,2025-12-28,0.0,170.10000610351562,143.01235961914062,-27.087646484375,gnn_st_lagsonly
gnn_st_lagsonly,post_covid,1,Roslindale,2025-26,0.9,IT90,133.65502394030972,35,2025-12-21,2025-12-28,1.0,-1.0,2025-12-28,2025-12-28,2025-12-28,0.0,170.10000610351562,143.01235961914062,-27.087646484375,gnn_st_lagsonly
gnn_st_lagsonly,post_covid,1,Roslindale,2025-26,0.98,IT98,181.10052866383202,35,,,,,,2025-12-28,2025-12-28,0.0,170.10000610351562,143.01235961914062,-27.087646484375,gnn_st_lagsonly
gnn_st_lagsonly,post_covid,1,Roxbury,2024-25,0.5,IT50,138.88545502174753,9,,,,,,2025-06-22,2025-06-29,1.0,29.400001525878903,24.376907348632812,-5.02309417724609,gnn_st_lagsonly
gnn_st_lagsonly,post_covid,1,Roxbury,2024-25,0.9,IT90,231.9483227351807,9,,,,,,2025-06-22,2025-06-29,1.0,29.400001525878903,24.376907348632812,-5.02309417724609,gnn_st_lagsonly
gnn_st_lagsonly,post_covid,1,Roxbury,2024-25,0.98,IT98,322.0096816211373,9,,,,,,2025-06-22,2025-06-29,1.0,29.400001525878903,24.376907348632812,-5.02309417724609,gnn_st_lagsonly
gnn_st_lagsonly,post_covid,1,Roxbury,2025-26,0.5,IT50,138.88545502174753,40,2025-12-14,2025-12-21,1.0,-1.0,2025-12-21,2025-12-21,2025-12-28,1.0,254.6999969482422,244.69308471679688,-10.006912231445312,gnn_st_lagsonly
gnn_st_lagsonly,post_covid,1,Roxbury,2025-26,0.9,IT90,231.9483227351807,40,2025-12-21,2025-12-28,1.0,-1.0,2025-12-28,2025-12-21,2025-12-28,1.0,254.6999969482422,244.69308471679688,-10.006912231445312,gnn_st_lagsonly
gnn_st_lagsonly,post_covid,1,Roxbury,2025-26,0.98,IT98,322.0096816211373,40,,,,,,2025-12-21,2025-12-28,1.0,254.6999969482422,244.69308471679688,-10.006912231445312,gnn_st_lagsonly
gnn_st_lagsonly,post_covid,1,South Boston,2024-25,0.5,IT50,31.63670795756643,7,,,,,,2025-06-15,2025-06-22,1.0,6.300000190734863,4.7842817306518555,-1.5157184600830078,gnn_st_lagsonly
gnn_st_lagsonly,post_covid,1,South Boston,2024-25,0.9,IT90,60.18982141922808,7,,,,,,2025-06-15,2025-06-22,1.0,6.300000190734863,4.7842817306518555,-1.5157184600830078,gnn_st_lagsonly
gnn_st_lagsonly,post_covid,1,South Boston,2024-25,0.98,IT98,90.82483767314203,7,,,,,,2025-06-15,2025-06-22,1.0,6.300000190734863,4.7842817306518555,-1.5157184600830078,gnn_st_lagsonly
gnn_st_lagsonly,post_covid,1,South Boston,2025-26,0.5,IT50,31.63670795756643,35,2025-12-14,2025-12-21,1.0,-1.0,2025-12-21,2025-12-28,2025-12-21,-1.0,57.0,49.86027526855469,-7.1397247314453125,gnn_st_lagsonly
gnn_st_lagsonly,post_covid,1,South Boston,2025-26,0.9,IT90,60.18982141922808,35,,,,,,2025-12-28,2025-12-21,-1.0,57.0,49.86027526855469,-7.1397247314453125,gnn_st_lagsonly
gnn_st_lagsonly,post_covid,1,South Boston,2025-26,0.98,IT98,90.82483767314203,35,,,,,,2025-12-28,2025-12-21,-1.0,57.0,49.86027526855469,-7.1397247314453125,gnn_st_lagsonly
gnn_st_lagsonly,post_covid,1,South End,2024-25,0.5,IT50,82.00792145914704,9,,,,,,2025-06-15,2025-06-22,1.0,17.799999237060547,14.84645652770996,-2.9535427093505877,gnn_st_lagsonly
gnn_st_lagsonly,post_covid,1,South End,2024-25,0.9,IT90,134.00251631923587,9,,,,,,2025-06-15,2025-06-22,1.0,17.799999237060547,14.84645652770996,-2.9535427093505877,gnn_st_lagsonly
gnn_st_lagsonly,post_covid,1,South End,2024-25,0.98,IT98,183.45444562568642,9,,,,,,2025-06-15,2025-06-22,1.0,17.799999237060547,14.84645652770996,-2.9535427093505877,gnn_st_lagsonly
gnn_st_lagsonly,post_covid,1,South End,2025-26,0.5,IT50,82.00792145914704,40,2025-12-14,2025-12-21,1.0,-1.0,2025-12-21,2025-12-14,2025-12-28,2.0,132.3000030517578,126.7856674194336,-5.514335632324219,gnn_st_lagsonly
gnn_st_lagsonly,post_covid,1,South End,2025-26,0.9,IT90,134.00251631923587,40,,,,,,2025-12-14,2025-12-28,2.0,132.3000030517578,126.7856674194336,-5.514335632324219,gnn_st_lagsonly
gnn_st_lagsonly,post_covid,1,South End,2025-26,0.98,IT98,183.45444562568642,40,,,,,,2025-12-14,2025-12-28,2.0,132.3000030517578,126.7856674194336,-5.514335632324219,gnn_st_lagsonly
gnn_st_lagsonly,post_covid,1,West Roxbury,2024-25,0.5,IT50,37.349459967580074,4,,,,,,2025-06-22,2025-07-20,4.0,11.0,8.115276336669922,-2.884723663330078,gnn_st_lagsonly
gnn_st_lagsonly,post_covid,1,West Roxbury,2024-25,0.9,IT90,59.59981304845178,4,,,,,,2025-06-22,2025-07-20,4.0,11.0,8.115276336669922,-2.884723663330078,gnn_st_lagsonly
gnn_st_lagsonly,post_covid,1,West Roxbury,2024-25,0.98,IT98,80.36625284929092,4,,,,,,2025-06-22,2025-07-20,4.0,11.0,8.115276336669922,-2.884723663330078,gnn_st_lagsonly
gnn_st_lagsonly,post_covid,1,West Roxbury,2025-26,0.5,IT50,37.349459967580074,36,2025-12-21,2025-12-21,0.0,0.0,2025-12-21,2025-12-21,2025-12-28,1.0,88.0,73.58770751953125,-14.41229248046875,gnn_st_lagsonly
gnn_st_lagsonly,post_covid,1,West Roxbury,2025-26,0.9,IT90,59.59981304845178,36,2025-12-21,2025-12-28,1.0,-1.0,2025-12-28,2025-12-21,2025-12-28,1.0,88.0,73.58770751953125,-14.41229248046875,gnn_st_lagsonly
gnn_st_lagsonly,post_covid,1,West Roxbury,2025-26,0.98,IT98,80.36625284929092,36,2025-12-21,,,,,2025-12-21,2025-12-28,1.0,88.0,73.58770751953125,-14.41229248046875,gnn_st_lagsonly
gnn_st_lagsonly,post_covid,1,CITYWIDE,2024-25,0.5,IT50,60.20679524890062,9,,,,,,2025-06-22,2025-06-29,1.0,9.700000249422514,8.96494049685342,-0.7350597525690947,gnn_st_lagsonly
gnn_st_lagsonly,post_covid,1,CITYWIDE,2024-25,0.9,IT90,98.17566769051967,9,,,,,,2025-06-22,2025-06-29,1.0,9.700000249422514,8.96494049685342,-0.7350597525690947,gnn_st_lagsonly
gnn_st_lagsonly,post_covid,1,CITYWIDE,2024-25,0.98,IT98,134.22833796478614,9,,,,,,2025-06-22,2025-06-29,1.0,9.700000249422514,8.96494049685342,-0.7350597525690947,gnn_st_lagsonly
gnn_st_lagsonly,post_covid,1,CITYWIDE,2025-26,0.5,IT50,60.20679524890062,40,2025-12-14,2025-12-21,1.0,-1.0,2025-12-21,2025-12-21,2025-12-28,1.0,101.9321403503418,101.48066016605922,-0.4514801842825733,gnn_st_lagsonly
gnn_st_lagsonly,post_covid,1,CITYWIDE,2025-26,0.9,IT90,98.17566769051967,40,2025-12-21,2025-12-28,1.0,-1.0,2025-12-28,2025-12-21,2025-12-28,1.0,101.9321403503418,101.48066016605922,-0.4514801842825733,gnn_st_lagsonly
gnn_st_lagsonly,post_covid,1,CITYWIDE,2025-26,0.98,IT98,134.22833796478614,40,,,,,,2025-12-21,2025-12-28,1.0,101.9321403503418,101.48066016605922,-0.4514801842825733,gnn_st_lagsonly
gnn_st_noglobals,post_covid,1,Allston/Brighton,2024-25,0.5,IT50,43.17201700312734,9,,,,,,2025-06-15,2025-06-01,-2.0,5.699999809265137,8.003125190734863,2.3031253814697266,gnn_st_noglobals
gnn_st_noglobals,post_covid,1,Allston/Brighton,2024-25,0.9,IT90,72.80812661818143,9,,,,,,2025-06-15,2025-06-01,-2.0,5.699999809265137,8.003125190734863,2.3031253814697266,gnn_st_noglobals
gnn_st_noglobals,post_covid,1,Allston/Brighton,2024-25,0.98,IT98,101.71188922331822,9,,,,,,2025-06-15,2025-06-01,-2.0,5.699999809265137,8.003125190734863,2.3031253814697266,gnn_st_noglobals
gnn_st_noglobals,post_covid,1,Allston/Brighton,2025-26,0.5,IT50,43.17201700312734,40,2025-12-14,2025-12-21,1.0,-1.0,2025-12-21,2025-12-21,2025-12-28,1.0,80.59999084472656,76.5689926147461,-4.030998229980469,gnn_st_noglobals
gnn_st_noglobals,post_covid,1,Allston/Brighton,2025-26,0.9,IT90,72.80812661818143,40,2025-12-21,2025-12-28,1.0,-1.0,2025-12-28,2025-12-21,2025-12-28,1.0,80.59999084472656,76.5689926147461,-4.030998229980469,gnn_st_noglobals
gnn_st_noglobals,post_covid,1,Allston/Brighton,2025-26,0.98,IT98,101.71188922331822,40,,,,,,2025-12-21,2025-12-28,1.0,80.59999084472656,76.5689926147461,-4.030998229980469,gnn_st_noglobals
gnn_st_noglobals,post_covid,1,Back Bay/Beacon Hill/Downtown/North End/West End,2024-25,0.5,IT50,32.35361456388361,8,,,,,,2025-06-08,2025-06-01,-1.0,3.3999996185302734,5.124795913696289,1.7247962951660156,gnn_st_noglobals
gnn_st_noglobals,post_covid,1,Back Bay/Beacon Hill/Downtown/North End/West End,2024-25,0.9,IT90,56.35007606954225,8,,,,,,2025-06-08,2025-06-01,-1.0,3.3999996185302734,5.124795913696289,1.7247962951660156,gnn_st_noglobals
gnn_st_noglobals,post_covid,1,Back Bay/Beacon Hill/Downtown/North End/West End,2024-25,0.98,IT98,80.35966190257739,8,,,,,,2025-06-08,2025-06-01,-1.0,3.3999996185302734,5.124795913696289,1.7247962951660156,gnn_st_noglobals
gnn_st_noglobals,post_covid,1,Back Bay/Beacon Hill/Downtown/North End/West End,2025-26,0.5,IT50,32.35361456388361,38,2025-12-21,2025-12-21,0.0,0.0,2025-12-21,2025-12-21,2025-12-28,1.0,58.09999084472656,52.063751220703125,-6.0362396240234375,gnn_st_noglobals
gnn_st_noglobals,post_covid,1,Back Bay/Beacon Hill/Downtown/North End/West End,2025-26,0.9,IT90,56.35007606954225,38,2025-12-21,,,,,2025-12-21,2025-12-28,1.0,58.09999084472656,52.063751220703125,-6.0362396240234375,gnn_st_noglobals
gnn_st_noglobals,post_covid,1,Back Bay/Beacon Hill/Downtown/North End/West End,2025-26,0.98,IT98,80.35966190257739,38,,,,,,2025-12-21,2025-12-28,1.0,58.09999084472656,52.063751220703125,-6.0362396240234375,gnn_st_noglobals
gnn_st_noglobals,post_covid,1,Charlestown,2024-25,0.5,IT50,44.544403832795176,3,,,,,,2025-06-01,2025-06-22,3.0,10.300000190734863,8.775335311889648,-1.5246648788452148,gnn_st_noglobals
gnn_st_noglobals,post_covid,1,Charlestown,2024-25,0.9,IT90,75.51034339625782,3,,,,,,2025-06-01,2025-06-22,3.0,10.300000190734863,8.775335311889648,-1.5246648788452148,gnn_st_noglobals
gnn_st_noglobals,post_covid,1,Charlestown,2024-25,0.98,IT98,105.83479691598406,3,,,,,,2025-06-01,2025-06-22,3.0,10.300000190734863,8.775335311889648,-1.5246648788452148,gnn_st_noglobals
gnn_st_noglobals,post_covid,1,Charlestown,2025-26,0.5,IT50,44.544403832795176,32,2025-12-14,2025-12-21,1.0,-1.0,2025-12-21,2025-12-14,2025-12-21,1.0,92.8000030517578,79.33755493164062,-13.462448120117173,gnn_st_noglobals
gnn_st_noglobals,post_covid,1,Charlestown,2025-26,0.9,IT90,75.51034339625782,32,2025-12-14,2025-12-21,1.0,-1.0,2025-12-21,2025-12-14,2025-12-21,1.0,92.8000030517578,79.33755493164062,-13.462448120117173,gnn_st_noglobals
gnn_st_noglobals,post_covid,1,Charlestown,2025-26,0.98,IT98,105.83479691598406,32,,,,,,2025-12-14,2025-12-21,1.0,92.8000030517578,79.33755493164062,-13.462448120117173,gnn_st_noglobals
gnn_st_noglobals,post_covid,1,Dorchester,2024-25,0.5,IT50,157.0086457734027,9,,,,,,2025-06-01,2025-06-08,1.0,24.299999237060547,20.9151554107666,-3.3848438262939453,gnn_st_noglobals
gnn_st_noglobals,post_covid,1,Dorchester,2024-25,0.9,IT90,264.26252974322875,9,,,,,,2025-06-01,2025-06-08,1.0,24.299999237060547,20.9151554107666,-3.3848438262939453,gnn_st_noglobals
gnn_st_noglobals,post_covid,1,Dorchester,2024-25,0.98,IT98,368.7005757586777,9,,,,,,2025-06-01,2025-06-08,1.0,24.299999237060547,20.9151554107666,-3.3848438262939453,gnn_st_noglobals
gnn_st_noglobals,post_covid,1,Dorchester,2025-26,0.5,IT50,157.0086457734027,40,2025-12-14,2025-12-21,1.0,-1.0,2025-12-21,2025-12-21,2025-12-28,1.0,256.1499938964844,268.7916259765625,12.641632080078125,gnn_st_noglobals
gnn_st_noglobals,post_covid,1,Dorchester,2025-26,0.9,IT90,264.26252974322875,40,,2025-12-28,,,2025-12-28,2025-12-21,2025-12-28,1.0,256.1499938964844,268.7916259765625,12.641632080078125,gnn_st_noglobals
gnn_st_noglobals,post_covid,1,Dorchester,2025-26,0.98,IT98,368.7005757586777,40,,,,,,2025-12-21,2025-12-28,1.0,256.1499938964844,268.7916259765625,12.641632080078125,gnn_st_noglobals
gnn_st_noglobals,post_covid,1,East Boston,2024-25,0.5,IT50,32.38969817502224,6,,,,,,2025-06-15,2025-06-01,-2.0,3.1000003814697266,3.866603136062622,0.7666027545928955,gnn_st_noglobals
gnn_st_noglobals,post_covid,1,East Boston,2024-25,0.9,IT90,56.982258100156095,6,,,,,,2025-06-15,2025-06-01,-2.0,3.1000003814697266,3.866603136062622,0.7666027545928955,gnn_st_noglobals
gnn_st_noglobals,post_covid,1,East Boston,2024-25,0.98,IT98,81.78485877953806,6,,,,,,2025-06-15,2025-06-01,-2.0,3.1000003814697266,3.866603136062622,0.7666027545928955,gnn_st_noglobals
gnn_st_noglobals,post_covid,1,East Boston,2025-26,0.5,IT50,32.38969817502224,38,2025-12-14,2025-12-21,1.0,-1.0,2025-12-21,2025-12-28,2025-12-28,0.0,59.29999542236328,54.60719680786133,-4.692798614501953,gnn_st_noglobals
gnn_st_noglobals,post_covid,1,East Boston,2025-26,0.9,IT90,56.982258100156095,38,2025-12-28,,,,,2025-12-28,2025-12-28,0.0,59.29999542236328,54.60719680786133,-4.692798614501953,gnn_st_noglobals
gnn_st_noglobals,post_covid,1,East Boston,2025-26,0.98,IT98,81.78485877953806,38,,,,,,2025-12-28,2025-12-28,0.0,59.29999542236328,54.60719680786133,-4.692798614501953,gnn_st_noglobals
gnn_st_noglobals,post_covid,1,Fenway,2024-25,0.5,IT50,19.789042860168028,7,,,,,,2025-06-01,2025-06-08,1.0,5.300000190734863,4.3096022605896,-0.9903979301452637,gnn_st_noglobals
gnn_st_noglobals,post_covid,1,Fenway,2024-25,0.9,IT90,31.717921949528318,7,,,,,,2025-06-01,2025-06-08,1.0,5.300000190734863,4.3096022605896,-0.9903979301452637,gnn_st_noglobals
gnn_st_noglobals,post_covid,1,Fenway,2024-25,0.98,IT98,42.89052071415166,7,,,,,,2025-06-01,2025-06-08,1.0,5.300000190734863,4.3096022605896,-0.9903979301452637,gnn_st_noglobals
gnn_st_noglobals,post_covid,1,Fenway,2025-26,0.5,IT50,19.789042860168028,36,2025-12-14,2025-12-21,1.0,-1.0,2025-12-21,2026-01-04,2025-12-21,-2.0,21.100000381469727,23.362083435058594,2.262083053588867,gnn_st_noglobals
gnn_st_noglobals,post_covid,1,Fenway,2025-26,0.9,IT90,31.717921949528318,36,,,,,,2026-01-04,2025-12-21,-2.0,21.100000381469727,23.362083435058594,2.262083053588867,gnn_st_noglobals
gnn_st_noglobals,post_covid,1,Fenway,2025-26,0.98,IT98,42.89052071415166,36,,,,,,2026-01-04,2025-12-21,-2.0,21.100000381469727,23.362083435058594,2.262083053588867,gnn_st_noglobals
gnn_st_noglobals,post_covid,1,Hyde Park,2024-25,0.5,IT50,59.73762940735334,7,,,,,,2025-06-22,2025-06-01,-3.0,6.899999618530273,7.4828057289123535,0.5828061103820801,gnn_st_noglobals
gnn_st_noglobals,post_covid,1,Hyde Park,2024-25,0.9,IT90,98.70163927662223,7,,,,,,2025-06-22,2025-06-01,-3.0,6.899999618530273,7.4828057289123535,0.5828061103820801,gnn_st_noglobals
gnn_st_noglobals,post_covid,1,Hyde Park,2024-25,0.98,IT98,136.08880333365826,7,,,,,,2025-06-22,2025-06-01,-3.0,6.899999618530273,7.4828057289123535,0.5828061103820801,gnn_st_noglobals
gnn_st_noglobals,post_covid,1,Hyde Park,2025-26,0.5,IT50,59.73762940735334,39,2025-12-14,2025-12-21,1.0,-1.0,2025-12-21,2025-12-21,2025-12-28,1.0,94.59999084472656,97.07875061035156,2.478759765625,gnn_st_noglobals
gnn_st_noglobals,post_covid,1,Hyde Park,2025-26,0.9,IT90,98.70163927662223,39,,,,,,2025-12-21,2025-12-28,1.0,94.59999084472656,97.07875061035156,2.478759765625,gnn_st_noglobals
gnn_st_noglobals,post_covid,1,Hyde Park,2025-26,0.98,IT98,136.08880333365826,39,,,,,,2025-12-21,2025-12-28,1.0,94.59999084472656,97.07875061035156,2.478759765625,gnn_st_noglobals
gnn_st_noglobals,post_covid,1,Jamaica Plain,2024-25,0.5,IT50,30.1329000930458,8,,,,,,2025-06-08,2025-06-22,2.0,6.800000190734863,5.062639236450195,-1.737360954284668,gnn_st_noglobals
gnn_st_noglobals,post_covid,1,Jamaica Plain,2024-25,0.9,IT90,48.93353508945714,8,,,,,,2025-06-08,2025-06-22,2.0,6.800000190734863,5.062639236450195,-1.737360954284668,gnn_st_noglobals
gnn_st_noglobals,post_covid,1,Jamaica Plain,2024-25,0.98,IT98,66.72678487426273,8,,,,,,2025-06-08,2025-06-22,2.0,6.800000190734863,5.062639236450195,-1.737360954284668,gnn_st_noglobals
gnn_st_noglobals,post_covid,1,Jamaica Plain,2025-26,0.5,IT50,30.1329000930458,38,2025-12-14,2025-12-21,1.0,-1.0,2025-12-21,2025-12-21,2025-12-28,1.0,61.099998474121094,55.64165115356445,-5.458347320556641,gnn_st_noglobals
gnn_st_noglobals,post_covid,1,Jamaica Plain,2025-26,0.9,IT90,48.93353508945714,38,2025-12-21,2025-12-28,1.0,-1.0,2025-12-28,2025-12-21,2025-12-28,1.0,61.099998474121094,55.64165115356445,-5.458347320556641,gnn_st_noglobals
gnn_st_noglobals,post_covid,1,Jamaica Plain,2025-26,0.98,IT98,66.72678487426273,38,,,,,,2025-12-21,2025-12-28,1.0,61.099998474121094,55.64165115356445,-5.458347320556641,gnn_st_noglobals
gnn_st_noglobals,post_covid,1,Mattapan,2024-25,0.5,IT50,75.36060630157071,8,,,,,,2025-06-22,2025-06-01,-3.0,11.30000114440918,9.841439247131348,-1.458561897277832,gnn_st_noglobals
gnn_st_noglobals,post_covid,1,Mattapan,2024-25,0.9,IT90,114.4266389550119,8,,,,,,2025-06-22,2025-06-01,-3.0,11.30000114440918,9.841439247131348,-1.458561897277832,gnn_st_noglobals
gnn_st_noglobals,post_covid,1,Mattapan,2024-25,0.98,IT98,149.46970387636378,8,,,,,,2025-06-22,2025-06-01,-3.0,11.30000114440918,9.841439247131348,-1.458561897277832,gnn_st_noglobals
gnn_st_noglobals,post_covid,1,Mattapan,2025-26,0.5,IT50,75.36060630157071,39,2025-12-21,2025-12-21,0.0,0.0,2025-12-21,2025-12-28,2026-01-04,1.0,110.3000030517578,101.03794860839844,-9.26205444335936,gnn_st_noglobals
gnn_st_noglobals,post_covid,1,Mattapan,2025-26,0.9,IT90,114.4266389550119,39,,,,,,2025-12-28,2026-01-04,1.0,110.3000030517578,101.03794860839844,-9.26205444335936,gnn_st_noglobals
gnn_st_noglobals,post_covid,1,Mattapan,2025-26,0.98,IT98,149.46970387636378,39,,,,,,2025-12-28,2026-01-04,1.0,110.3000030517578,101.03794860839844,-9.26205444335936,gnn_st_noglobals
gnn_st_noglobals,post_covid,1,Roslindale,2024-25,0.5,IT50,83.12526323754497,7,,,,,,2025-06-22,2025-06-29,1.0,26.200000762939453,15.592733383178713,-10.60726737976074,gnn_st_noglobals
gnn_st_noglobals,post_covid,1,Roslindale,2024-25,0.9,IT90,133.65502394030972,7,,,,,,2025-06-22,2025-06-29,1.0,26.200000762939453,15.592733383178713,-10.60726737976074,gnn_st_noglobals
gnn_st_noglobals,post_covid,1,Roslindale,2024-25,0.98,IT98,181.10052866383202,7,,,,,,2025-06-22,2025-06-29,1.0,26.200000762939453,15.592733383178713,-10.60726737976074,gnn_st_noglobals
gnn_st_noglobals,post_covid,1,Roslindale,2025-26,0.5,IT50,83.12526323754497,35,2025-12-14,2025-12-21,1.0,-1.0,2025-12-21,2025-12-28,2025-12-28,0.0,170.10000610351562,143.1609649658203,-26.939041137695312,gnn_st_noglobals
gnn_st_noglobals,post_covid,1,Roslindale,2025-26,0.9,IT90,133.65502394030972,35,2025-12-21,2025-12-28,1.0,-1.0,2025-12-28,2025-12-28,2025-12-28,0.0,170.10000610351562,143.1609649658203,-26.939041137695312,gnn_st_noglobals
gnn_st_noglobals,post_covid,1,Roslindale,2025-26,0.98,IT98,181.10052866383202,35,,,,,,2025-12-28,2025-12-28,0.0,170.10000610351562,143.1609649658203,-26.939041137695312,gnn_st_noglobals
gnn_st_noglobals,post_covid,1,Roxbury,2024-25,0.5,IT50,138.88545502174753,9,,,,,,2025-06-22,2025-06-29,1.0,29.400001525878903,24.623157501220703,-4.7768440246582,gnn_st_noglobals
gnn_st_noglobals,post_covid,1,Roxbury,2024-25,0.9,IT90,231.9483227351807,9,,,,,,2025-06-22,2025-06-29,1.0,29.400001525878903,24.623157501220703,-4.7768440246582,gnn_st_noglobals
gnn_st_noglobals,post_covid,1,Roxbury,2024-25,0.98,IT98,322.0096816211373,9,,,,,,2025-06-22,2025-06-29,1.0,29.400001525878903,24.623157501220703,-4.7768440246582,gnn_st_noglobals
gnn_st_noglobals,post_covid,1,Roxbury,2025-26,0.5,IT50,138.88545502174753,40,2025-12-14,2025-12-21,1.0,-1.0,2025-12-21,2025-12-21,2025-12-28,1.0,254.6999969482422,245.34112548828125,-9.358871459960938,gnn_st_noglobals
gnn_st_noglobals,post_covid,1,Roxbury,2025-26,0.9,IT90,231.9483227351807,40,2025-12-21,2025-12-28,1.0,-1.0,2025-12-28,2025-12-21,2025-12-28,1.0,254.6999969482422,245.34112548828125,-9.358871459960938,gnn_st_noglobals
gnn_st_noglobals,post_covid,1,Roxbury,2025-26,0.98,IT98,322.0096816211373,40,,,,,,2025-12-21,2025-12-28,1.0,254.6999969482422,245.34112548828125,-9.358871459960938,gnn_st_noglobals
gnn_st_noglobals,post_covid,1,South Boston,2024-25,0.5,IT50,31.63670795756643,7,,,,,,2025-06-15,2025-06-22,1.0,6.300000190734863,4.730646133422852,-1.5693540573120117,gnn_st_noglobals
gnn_st_noglobals,post_covid,1,South Boston,2024-25,0.9,IT90,60.18982141922808,7,,,,,,2025-06-15,2025-06-22,1.0,6.300000190734863,4.730646133422852,-1.5693540573120117,gnn_st_noglobals
gnn_st_noglobals,post_covid,1,South Boston,2024-25,0.98,IT98,90.82483767314203,7,,,,,,2025-06-15,2025-06-22,1.0,6.300000190734863,4.730646133422852,-1.5693540573120117,gnn_st_noglobals
gnn_st_noglobals,post_covid,1,South Boston,2025-26,0.5,IT50,31.63670795756643,35,2025-12-14,2025-12-21,1.0,-1.0,2025-12-21,2025-12-28,2025-12-28,0.0,57.0,49.30621719360352,-7.693782806396477,gnn_st_noglobals
gnn_st_noglobals,post_covid,1,South Boston,2025-26,0.9,IT90,60.18982141922808,35,,,,,,2025-12-28,2025-12-28,0.0,57.0,49.30621719360352,-7.693782806396477,gnn_st_noglobals
gnn_st_noglobals,post_covid,1,South Boston,2025-26,0.98,IT98,90.82483767314203,35,,,,,,2025-12-28,2025-12-28,0.0,57.0,49.30621719360352,-7.693782806396477,gnn_st_noglobals
gnn_st_noglobals,post_covid,1,South End,2024-25,0.5,IT50,82.00792145914704,9,,,,,,2025-06-15,2025-06-22,1.0,17.799999237060547,14.828636169433594,-2.971363067626953,gnn_st_noglobals
gnn_st_noglobals,post_covid,1,South End,2024-25,0.9,IT90,134.00251631923587,9,,,,,,2025-06-15,2025-06-22,1.0,17.799999237060547,14.828636169433594,-2.971363067626953,gnn_st_noglobals
gnn_st_noglobals,post_covid,1,South End,2024-25,0.98,IT98,183.45444562568642,9,,,,,,2025-06-15,2025-06-22,1.0,17.799999237060547,14.828636169433594,-2.971363067626953,gnn_st_noglobals
gnn_st_noglobals,post_covid,1,South End,2025-26,0.5,IT50,82.00792145914704,40,2025-12-14,2025-12-21,1.0,-1.0,2025-12-21,2025-12-14,2025-12-28,2.0,132.3000030517578,131.03684997558594,-1.263153076171875,gnn_st_noglobals
gnn_st_noglobals,post_covid,1,South End,2025-26,0.9,IT90,134.00251631923587,40,,,,,,2025-12-14,2025-12-28,2.0,132.3000030517578,131.03684997558594,-1.263153076171875,gnn_st_noglobals
gnn_st_noglobals,post_covid,1,South End,2025-26,0.98,IT98,183.45444562568642,40,,,,,,2025-12-14,2025-12-28,2.0,132.3000030517578,131.03684997558594,-1.263153076171875,gnn_st_noglobals
gnn_st_noglobals,post_covid,1,West Roxbury,2024-25,0.5,IT50,37.349459967580074,4,,,,,,2025-06-22,2025-07-20,4.0,11.0,6.1555023193359375,-4.8444976806640625,gnn_st_noglobals
gnn_st_noglobals,post_covid,1,West Roxbury,2024-25,0.9,IT90,59.59981304845178,4,,,,,,2025-06-22,2025-07-20,4.0,11.0,6.1555023193359375,-4.8444976806640625,gnn_st_noglobals
gnn_st_noglobals,post_covid,1,West Roxbury,2024-25,0.98,IT98,80.36625284929092,4,,,,,,2025-06-22,2025-07-20,4.0,11.0,6.1555023193359375,-4.8444976806640625,gnn_st_noglobals
gnn_st_noglobals,post_covid,1,West Roxbury,2025-26,0.5,IT50,37.349459967580074,36,2025-12-21,2025-12-21,0.0,0.0,2025-12-21,2025-12-21,2025-12-28,1.0,88.0,73.96028900146484,-14.039710998535156,gnn_st_noglobals
gnn_st_noglobals,post_covid,1,West Roxbury,2025-26,0.9,IT90,59.59981304845178,36,2025-12-21,2025-12-28,1.0,-1.0,2025-12-28,2025-12-21,2025-12-28,1.0,88.0,73.96028900146484,-14.039710998535156,gnn_st_noglobals
gnn_st_noglobals,post_covid,1,West Roxbury,2025-26,0.98,IT98,80.36625284929092,36,2025-12-21,,,,,2025-12-21,2025-12-28,1.0,88.0,73.96028900146484,-14.039710998535156,gnn_st_noglobals
gnn_st_noglobals,post_covid,1,CITYWIDE,2024-25,0.5,IT50,60.20679524890062,9,,,,,,2025-06-22,2025-06-29,1.0,9.700000249422514,8.70681539603642,-0.9931848533860936,gnn_st_noglobals
gnn_st_noglobals,post_covid,1,CITYWIDE,2024-25,0.9,IT90,98.17566769051967,9,,,,,,2025-06-22,2025-06-29,1.0,9.700000249422514,8.70681539603642,-0.9931848533860936,gnn_st_noglobals
gnn_st_noglobals,post_covid,1,CITYWIDE,2024-25,0.98,IT98,134.22833796478614,9,,,,,,2025-06-22,2025-06-29,1.0,9.700000249422514,8.70681539603642,-0.9931848533860936,gnn_st_noglobals
gnn_st_noglobals,post_covid,1,CITYWIDE,2025-26,0.5,IT50,60.20679524890062,40,2025-12-14,2025-12-21,1.0,-1.0,2025-12-21,2025-12-21,2025-12-28,1.0,101.9321403503418,102.97208104814801,1.039940697806216,gnn_st_noglobals
gnn_st_noglobals,post_covid,1,CITYWIDE,2025-26,0.9,IT90,98.17566769051967,40,2025-12-21,2025-12-28,1.0,-1.0,2025-12-28,2025-12-21,2025-12-28,1.0,101.9321403503418,102.97208104814801,1.039940697806216,gnn_st_noglobals
gnn_st_noglobals,post_covid,1,CITYWIDE,2025-26,0.98,IT98,134.22833796478614,40,,,,,,2025-12-21,2025-12-28,1.0,101.9321403503418,102.97208104814801,1.039940697806216,gnn_st_noglobals
lstm,exclude_covid,1,Allston/Brighton,2024-25,0.5,IT50,43.17201700312734,9,,,,,,2025-06-15,2025-06-29,2.0,5.7,5.840035438537598,0.14003543853759748,lstm/exclude_covid
lstm,exclude_covid,1,Allston/Brighton,2024-25,0.9,IT90,72.80812661818143,9,,,,,,2025-06-15,2025-06-29,2.0,5.7,5.840035438537598,0.14003543853759748,lstm/exclude_covid
lstm,exclude_covid,1,Allston/Brighton,2024-25,0.98,IT98,101.71188922331822,9,,,,,,2025-06-15,2025-06-29,2.0,5.7,5.840035438537598,0.14003543853759748,lstm/exclude_covid
lstm,exclude_covid,1,Allston/Brighton,2025-26,0.5,IT50,43.17201700312734,40,2025-12-14,2025-12-21,1.0,-1.0,2025-12-21,2025-12-21,2025-12-28,1.0,80.6,63.67228317260742,-16.927716827392572,lstm/exclude_covid
lstm,exclude_covid,1,Allston/Brighton,2025-26,0.9,IT90,72.80812661818143,40,2025-12-21,,,,,2025-12-21,2025-12-28,1.0,80.6,63.67228317260742,-16.927716827392572,lstm/exclude_covid
lstm,exclude_covid,1,Allston/Brighton,2025-26,0.98,IT98,101.71188922331822,40,,,,,,2025-12-21,2025-12-28,1.0,80.6,63.67228317260742,-16.927716827392572,lstm/exclude_covid
lstm,exclude_covid,1,Back Bay/Beacon Hill/Downtown/North End/West End,2024-25,0.5,IT50,32.35361456388361,8,,,,,,2025-06-08,2025-06-22,2.0,3.4,4.906001091003418,1.506001091003418,lstm/exclude_covid
lstm,exclude_covid,1,Back Bay/Beacon Hill/Downtown/North End/West End,2024-25,0.9,IT90,56.35007606954225,8,,,,,,2025-06-08,2025-06-22,2.0,3.4,4.906001091003418,1.506001091003418,lstm/exclude_covid
lstm,exclude_covid,1,Back Bay/Beacon Hill/Downtown/North End/West End,2024-25,0.98,IT98,80.35966190257739,8,,,,,,2025-06-08,2025-06-22,2.0,3.4,4.906001091003418,1.506001091003418,lstm/exclude_covid
lstm,exclude_covid,1,Back Bay/Beacon Hill/Downtown/North End/West End,2025-26,0.5,IT50,32.35361456388361,38,2025-12-21,2025-12-21,0.0,0.0,2025-12-21,2025-12-21,2025-12-28,1.0,58.1,51.564842224121094,-6.535157775878908,lstm/exclude_covid
lstm,exclude_covid,1,Back Bay/Beacon Hill/Downtown/North End/West End,2025-26,0.9,IT90,56.35007606954225,38,2025-12-21,,,,,2025-12-21,2025-12-28,1.0,58.1,51.564842224121094,-6.535157775878908,lstm/exclude_covid
lstm,exclude_covid,1,Back Bay/Beacon Hill/Downtown/North End/West End,2025-26,0.98,IT98,80.35966190257739,38,,,,,,2025-12-21,2025-12-28,1.0,58.1,51.564842224121094,-6.535157775878908,lstm/exclude_covid
lstm,exclude_covid,1,Charlestown,2024-25,0.5,IT50,44.544403832795176,3,,,,,,2025-06-01,2025-06-22,3.0,10.3,9.71037483215332,-0.5896251678466804,lstm/exclude_covid
lstm,exclude_covid,1,Charlestown,2024-25,0.9,IT90,75.51034339625782,3,,,,,,2025-06-01,2025-06-22,3.0,10.3,9.71037483215332,-0.5896251678466804,lstm/exclude_covid
lstm,exclude_covid,1,Charlestown,2024-25,0.98,IT98,105.83479691598406,3,,,,,,2025-06-01,2025-06-22,3.0,10.3,9.71037483215332,-0.5896251678466804,lstm/exclude_covid
lstm,exclude_covid,1,Charlestown,2025-26,0.5,IT50,44.544403832795176,32,2025-12-14,2025-12-21,1.0,-1.0,2025-12-21,2025-12-14,2025-12-28,2.0,92.8,75.44590759277344,-17.35409240722656,lstm/exclude_covid
lstm,exclude_covid,1,Charlestown,2025-26,0.9,IT90,75.51034339625782,32,2025-12-14,,,,,2025-12-14,2025-12-28,2.0,92.8,75.44590759277344,-17.35409240722656,lstm/exclude_covid
lstm,exclude_covid,1,Charlestown,2025-26,0.98,IT98,105.83479691598406,32,,,,,,2025-12-14,2025-12-28,2.0,92.8,75.44590759277344,-17.35409240722656,lstm/exclude_covid
lstm,exclude_covid,1,Dorchester,2024-25,0.5,IT50,157.0086457734027,9,,,,,,2025-06-01,2025-06-29,4.0,24.3,22.546398162841797,-1.7536018371582038,lstm/exclude_covid
lstm,exclude_covid,1,Dorchester,2024-25,0.9,IT90,264.26252974322875,9,,,,,,2025-06-01,2025-06-29,4.0,24.3,22.546398162841797,-1.7536018371582038,lstm/exclude_covid
lstm,exclude_covid,1,Dorchester,2024-25,0.98,IT98,368.7005757586777,9,,,,,,2025-06-01,2025-06-29,4.0,24.3,22.546398162841797,-1.7536018371582038,lstm/exclude_covid
lstm,exclude_covid,1,Dorchester,2025-26,0.5,IT50,157.0086457734027,40,2025-12-14,2025-12-21,1.0,-1.0,2025-12-21,2025-12-21,2025-12-28,1.0,256.15,288.9639587402344,32.8139587402344,lstm/exclude_covid
lstm,exclude_covid,1,Dorchester,2025-26,0.9,IT90,264.26252974322875,40,,2025-12-28,,,2025-12-28,2025-12-21,2025-12-28,1.0,256.15,288.9639587402344,32.8139587402344,lstm/exclude_covid
lstm,exclude_covid,1,Dorchester,2025-26,0.98,IT98,368.7005757586777,40,,,,,,2025-12-21,2025-12-28,1.0,256.15,288.9639587402344,32.8139587402344,lstm/exclude_covid
lstm,exclude_covid,1,East Boston,2024-25,0.5,IT50,32.38969817502224,6,,,,,,2025-06-15,2025-06-29,2.0,3.1,4.610570907592773,1.5105709075927733,lstm/exclude_covid
lstm,exclude_covid,1,East Boston,2024-25,0.9,IT90,56.982258100156095,6,,,,,,2025-06-15,2025-06-29,2.0,3.1,4.610570907592773,1.5105709075927733,lstm/exclude_covid
lstm,exclude_covid,1,East Boston,2024-25,0.98,IT98,81.78485877953806,6,,,,,,2025-06-15,2025-06-29,2.0,3.1,4.610570907592773,1.5105709075927733,lstm/exclude_covid
lstm,exclude_covid,1,East Boston,2025-26,0.5,IT50,32.38969817502224,38,2025-12-14,2025-12-21,1.0,-1.0,2025-12-21,2025-12-28,2025-12-28,0.0,59.3,57.91047668457031,-1.3895233154296847,lstm/exclude_covid
lstm,exclude_covid,1,East Boston,2025-26,0.9,IT90,56.982258100156095,38,2025-12-28,2025-12-28,0.0,0.0,2025-12-28,2025-12-28,2025-12-28,0.0,59.3,57.91047668457031,-1.3895233154296847,lstm/exclude_covid
lstm,exclude_covid,1,East Boston,2025-26,0.98,IT98,81.78485877953806,38,,,,,,2025-12-28,2025-12-28,0.0,59.3,57.91047668457031,-1.3895233154296847,lstm/exclude_covid
lstm,exclude_covid,1,Fenway,2024-25,0.5,IT50,19.789042860168028,7,,,,,,2025-06-01,2025-06-29,4.0,5.3,3.817340850830078,-1.4826591491699217,lstm/exclude_covid
lstm,exclude_covid,1,Fenway,2024-25,0.9,IT90,31.717921949528318,7,,,,,,2025-06-01,2025-06-29,4.0,5.3,3.817340850830078,-1.4826591491699217,lstm/exclude_covid
lstm,exclude_covid,1,Fenway,2024-25,0.98,IT98,42.89052071415166,7,,,,,,2025-06-01,2025-06-29,4.0,5.3,3.817340850830078,-1.4826591491699217,lstm/exclude_covid
lstm,exclude_covid,1,Fenway,2025-26,0.5,IT50,19.789042860168028,36,2025-12-14,2025-12-21,1.0,-1.0,2025-12-21,2026-01-04,2025-12-28,-1.0,21.1,26.862533569335938,5.762533569335936,lstm/exclude_covid
lstm,exclude_covid,1,Fenway,2025-26,0.9,IT90,31.717921949528318,36,,,,,,2026-01-04,2025-12-28,-1.0,21.1,26.862533569335938,5.762533569335936,lstm/exclude_covid
lstm,exclude_covid,1,Fenway,2025-26,0.98,IT98,42.89052071415166,36,,,,,,2026-01-04,2025-12-28,-1.0,21.1,26.862533569335938,5.762533569335936,lstm/exclude_covid
lstm,exclude_covid,1,Hyde Park,2024-25,0.5,IT50,59.73762940735334,7,,,,,,2025-06-22,2025-06-29,1.0,6.9,7.544485092163086,0.6444850921630856,lstm/exclude_covid
lstm,exclude_covid,1,Hyde Park,2024-25,0.9,IT90,98.70163927662223,7,,,,,,2025-06-22,2025-06-29,1.0,6.9,7.544485092163086,0.6444850921630856,lstm/exclude_covid
lstm,exclude_covid,1,Hyde Park,2024-25,0.98,IT98,136.08880333365826,7,,,,,,2025-06-22,2025-06-29,1.0,6.9,7.544485092163086,0.6444850921630856,lstm/exclude_covid
lstm,exclude_covid,1,Hyde Park,2025-26,0.5,IT50,59.73762940735334,39,2025-12-14,2025-12-21,1.0,-1.0,2025-12-21,2025-12-21,2025-12-28,1.0,94.6,93.63381958007812,-0.9661804199218693,lstm/exclude_covid
lstm,exclude_covid,1,Hyde Park,2025-26,0.9,IT90,98.70163927662223,39,,,,,,2025-12-21,2025-12-28,1.0,94.6,93.63381958007812,-0.9661804199218693,lstm/exclude_covid
lstm,exclude_covid,1,Hyde Park,2025-26,0.98,IT98,136.08880333365826,39,,,,,,2025-12-21,2025-12-28,1.0,94.6,93.63381958007812,-0.9661804199218693,lstm/exclude_covid
lstm,exclude_covid,1,Jamaica Plain,2024-25,0.5,IT50,30.1329000930458,8,,,,,,2025-06-08,2025-06-29,3.0,6.8,4.769075393676758,-2.030924606323242,lstm/exclude_covid
lstm,exclude_covid,1,Jamaica Plain,2024-25,0.9,IT90,48.93353508945714,8,,,,,,2025-06-08,2025-06-29,3.0,6.8,4.769075393676758,-2.030924606323242,lstm/exclude_covid
lstm,exclude_covid,1,Jamaica Plain,2024-25,0.98,IT98,66.72678487426273,8,,,,,,2025-06-08,2025-06-29,3.0,6.8,4.769075393676758,-2.030924606323242,lstm/exclude_covid
lstm,exclude_covid,1,Jamaica Plain,2025-26,0.5,IT50,30.1329000930458,38,2025-12-14,2025-12-21,1.0,-1.0,2025-12-21,2025-12-21,2025-12-28,1.0,61.1,47.54605484008789,-13.55394515991211,lstm/exclude_covid
lstm,exclude_covid,1,Jamaica Plain,2025-26,0.9,IT90,48.93353508945714,38,2025-12-21,,,,,2025-12-21,2025-12-28,1.0,61.1,47.54605484008789,-13.55394515991211,lstm/exclude_covid
lstm,exclude_covid,1,Jamaica Plain,2025-26,0.98,IT98,66.72678487426273,38,,,,,,2025-12-21,2025-12-28,1.0,61.1,47.54605484008789,-13.55394515991211,lstm/exclude_covid
lstm,exclude_covid,1,Mattapan,2024-25,0.5,IT50,75.36060630157071,8,,,,,,2025-06-22,2025-06-01,-3.0,11.3,8.25320816040039,-3.04679183959961,lstm/exclude_covid
lstm,exclude_covid,1,Mattapan,2024-25,0.9,IT90,114.4266389550119,8,,,,,,2025-06-22,2025-06-01,-3.0,11.3,8.25320816040039,-3.04679183959961,lstm/exclude_covid
lstm,exclude_covid,1,Mattapan,2024-25,0.98,IT98,149.46970387636378,8,,,,,,2025-06-22,2025-06-01,-3.0,11.3,8.25320816040039,-3.04679183959961,lstm/exclude_covid
lstm,exclude_covid,1,Mattapan,2025-26,0.5,IT50,75.36060630157071,39,2025-12-21,2025-12-21,0.0,0.0,2025-12-21,2025-12-28,2025-12-28,0.0,110.3,97.47994232177734,-12.820057678222653,lstm/exclude_covid
lstm,exclude_covid,1,Mattapan,2025-26,0.9,IT90,114.4266389550119,39,,,,,,2025-12-28,2025-12-28,0.0,110.3,97.47994232177734,-12.820057678222653,lstm/exclude_covid
lstm,exclude_covid,1,Mattapan,2025-26,0.98,IT98,149.46970387636378,39,,,,,,2025-12-28,2025-12-28,0.0,110.3,97.47994232177734,-12.820057678222653,lstm/exclude_covid
lstm,exclude_covid,1,Roslindale,2024-25,0.5,IT50,83.12526323754497,7,,,,,,2025-06-22,2025-06-29,1.0,26.2,13.439838409423828,-12.760161590576171,lstm/exclude_covid
lstm,exclude_covid,1,Roslindale,2024-25,0.9,IT90,133.65502394030972,7,,,,,,2025-06-22,2025-06-29,1.0,26.2,13.439838409423828,-12.760161590576171,lstm/exclude_covid
lstm,exclude_covid,1,Roslindale,2024-25,0.98,IT98,181.10052866383202,7,,,,,,2025-06-22,2025-06-29,1.0,26.2,13.439838409423828,-12.760161590576171,lstm/exclude_covid
lstm,exclude_covid,1,Roslindale,2025-26,0.5,IT50,83.12526323754497,35,2025-12-14,2025-12-21,1.0,-1.0,2025-12-21,2025-12-28,2025-12-28,0.0,170.1,135.59237670898438,-34.50762329101562,lstm/exclude_covid
lstm,exclude_covid,1,Roslindale,2025-26,0.9,IT90,133.65502394030972,35,2025-12-21,2025-12-28,1.0,-1.0,2025-12-28,2025-12-28,2025-12-28,0.0,170.1,135.59237670898438,-34.50762329101562,lstm/exclude_covid
lstm,exclude_covid,1,Roslindale,2025-26,0.98,IT98,181.10052866383202,35,,,,,,2025-12-28,2025-12-28,0.0,170.1,135.59237670898438,-34.50762329101562,lstm/exclude_covid
lstm,exclude_covid,1,Roxbury,2024-25,0.5,IT50,138.88545502174753,9,,,,,,2025-06-22,2025-06-29,1.0,29.4,20.39481735229492,-9.00518264770508,lstm/exclude_covid
lstm,exclude_covid,1,Roxbury,2024-25,0.9,IT90,231.9483227351807,9,,,,,,2025-06-22,2025-06-29,1.0,29.4,20.39481735229492,-9.00518264770508,lstm/exclude_covid
lstm,exclude_covid,1,Roxbury,2024-25,0.98,IT98,322.0096816211373,9,,,,,,2025-06-22,2025-06-29,1.0,29.4,20.39481735229492,-9.00518264770508,lstm/exclude_covid
lstm,exclude_covid,1,Roxbury,2025-26,0.5,IT50,138.88545502174753,40,2025-12-14,2025-12-21,1.0,-1.0,2025-12-21,2025-12-21,2025-12-28,1.0,254.7,254.76808166503903,0.06808166503904545,lstm/exclude_covid
lstm,exclude_covid,1,Roxbury,2025-26,0.9,IT90,231.9483227351807,40,2025-12-21,2025-12-28,1.0,-1.0,2025-12-28,2025-12-21,2025-12-28,1.0,254.7,254.76808166503903,0.06808166503904545,lstm/exclude_covid
lstm,exclude_covid,1,Roxbury,2025-26,0.98,IT98,322.0096816211373,40,,,,,,2025-12-21,2025-12-28,1.0,254.7,254.76808166503903,0.06808166503904545,lstm/exclude_covid
lstm,exclude_covid,1,South Boston,2024-25,0.5,IT50,31.63670795756643,7,,,,,,2025-06-15,2025-06-01,-2.0,6.3,4.7627363204956055,-1.5372636795043944,lstm/exclude_covid
lstm,exclude_covid,1,South Boston,2024-25,0.9,IT90,60.18982141922808,7,,,,,,2025-06-15,2025-06-01,-2.0,6.3,4.7627363204956055,-1.5372636795043944,lstm/exclude_covid
lstm,exclude_covid,1,South Boston,2024-25,0.98,IT98,90.82483767314203,7,,,,,,2025-06-15,2025-06-01,-2.0,6.3,4.7627363204956055,-1.5372636795043944,lstm/exclude_covid
lstm,exclude_covid,1,South Boston,2025-26,0.5,IT50,31.63670795756643,35,2025-12-14,2025-12-21,1.0,-1.0,2025-12-21,2025-12-28,2025-12-28,0.0,57.0,64.69792175292969,7.6979217529296875,lstm/exclude_covid
lstm,exclude_covid,1,South Boston,2025-26,0.9,IT90,60.18982141922808,35,,2025-12-28,,,2025-12-28,2025-12-28,2025-12-28,0.0,57.0,64.69792175292969,7.6979217529296875,lstm/exclude_covid
lstm,exclude_covid,1,South Boston,2025-26,0.98,IT98,90.82483767314203,35,,,,,,2025-12-28,2025-12-28,0.0,57.0,64.69792175292969,7.6979217529296875,lstm/exclude_covid
lstm,exclude_covid,1,South End,2024-25,0.5,IT50,82.00792145914704,9,,,,,,2025-06-15,2025-06-01,-2.0,17.8,11.729265213012695,-6.070734786987305,lstm/exclude_covid
lstm,exclude_covid,1,South End,2024-25,0.9,IT90,134.00251631923587,9,,,,,,2025-06-15,2025-06-01,-2.0,17.8,11.729265213012695,-6.070734786987305,lstm/exclude_covid
lstm,exclude_covid,1,South End,2024-25,0.98,IT98,183.45444562568642,9,,,,,,2025-06-15,2025-06-01,-2.0,17.8,11.729265213012695,-6.070734786987305,lstm/exclude_covid
lstm,exclude_covid,1,South End,2025-26,0.5,IT50,82.00792145914704,40,2025-12-14,2025-12-21,1.0,-1.0,2025-12-21,2025-12-14,2025-12-28,2.0,132.3,153.56886291503906,21.26886291503905,lstm/exclude_covid
lstm,exclude_covid,1,South End,2025-26,0.9,IT90,134.00251631923587,40,,2025-12-28,,,2025-12-28,2025-12-14,2025-12-28,2.0,132.3,153.56886291503906,21.26886291503905,lstm/exclude_covid
lstm,exclude_covid,1,South End,2025-26,0.98,IT98,183.45444562568642,40,,,,,,2025-12-14,2025-12-28,2.0,132.3,153.56886291503906,21.26886291503905,lstm/exclude_covid
lstm,exclude_covid,1,West Roxbury,2024-25,0.5,IT50,37.349459967580074,4,,,,,,2025-06-22,2025-06-01,-3.0,11.0,5.554931640625,-5.445068359375,lstm/exclude_covid
lstm,exclude_covid,1,West Roxbury,2024-25,0.9,IT90,59.59981304845178,4,,,,,,2025-06-22,2025-06-01,-3.0,11.0,5.554931640625,-5.445068359375,lstm/exclude_covid
lstm,exclude_covid,1,West Roxbury,2024-25,0.98,IT98,80.36625284929092,4,,,,,,2025-06-22,2025-06-01,-3.0,11.0,5.554931640625,-5.445068359375,lstm/exclude_covid
lstm,exclude_covid,1,West Roxbury,2025-26,0.5,IT50,37.349459967580074,36,2025-12-21,2025-12-21,0.0,0.0,2025-12-21,2025-12-21,2025-12-28,1.0,88.0,56.89091491699219,-31.109085083007812,lstm/exclude_covid
lstm,exclude_covid,1,West Roxbury,2025-26,0.9,IT90,59.59981304845178,36,2025-12-21,,,,,2025-12-21,2025-12-28,1.0,88.0,56.89091491699219,-31.109085083007812,lstm/exclude_covid
lstm,exclude_covid,1,West Roxbury,2025-26,0.98,IT98,80.36625284929092,36,2025-12-21,,,,,2025-12-21,2025-12-28,1.0,88.0,56.89091491699219,-31.109085083007812,lstm/exclude_covid
lstm,exclude_covid,1,CITYWIDE,2024-25,0.5,IT50,60.20679524890062,9,,,,,,2025-06-22,2025-06-29,1.0,9.7,9.184036527361188,-0.5159634726388109,lstm/exclude_covid
lstm,exclude_covid,1,CITYWIDE,2024-25,0.9,IT90,98.17566769051967,9,,,,,,2025-06-22,2025-06-29,1.0,9.7,9.184036527361188,-0.5159634726388109,lstm/exclude_covid
lstm,exclude_covid,1,CITYWIDE,2024-25,0.98,IT98,134.22833796478614,9,,,,,,2025-06-22,2025-06-29,1.0,9.7,9.184036527361188,-0.5159634726388109,lstm/exclude_covid
lstm,exclude_covid,1,CITYWIDE,2025-26,0.5,IT50,60.20679524890062,40,2025-12-14,2025-12-21,1.0,-1.0,2025-12-21,2025-12-21,2025-12-28,1.0,101.93214285714285,104.8998554774693,2.967712620326452,lstm/exclude_covid
lstm,exclude_covid,1,CITYWIDE,2025-26,0.9,IT90,98.17566769051967,40,2025-12-21,2025-12-28,1.0,-1.0,2025-12-28,2025-12-21,2025-12-28,1.0,101.93214285714285,104.8998554774693,2.967712620326452,lstm/exclude_covid
lstm,exclude_covid,1,CITYWIDE,2025-26,0.98,IT98,134.22833796478614,40,,,,,,2025-12-21,2025-12-28,1.0,101.93214285714285,104.8998554774693,2.967712620326452,lstm/exclude_covid
lstm,post_covid,1,Allston/Brighton,2024-25,0.5,IT50,43.17201700312734,9,,,,,,2025-06-15,2025-06-01,-2.0,5.7,8.204408645629883,2.5044086456298826,lstm/post_covid
lstm,post_covid,1,Allston/Brighton,2024-25,0.9,IT90,72.80812661818143,9,,,,,,2025-06-15,2025-06-01,-2.0,5.7,8.204408645629883,2.5044086456298826,lstm/post_covid
lstm,post_covid,1,Allston/Brighton,2024-25,0.98,IT98,101.71188922331822,9,,,,,,2025-06-15,2025-06-01,-2.0,5.7,8.204408645629883,2.5044086456298826,lstm/post_covid
lstm,post_covid,1,Allston/Brighton,2025-26,0.5,IT50,43.17201700312734,40,2025-12-14,2025-12-21,1.0,-1.0,2025-12-21,2025-12-21,2025-12-28,1.0,80.6,68.00050354003906,-12.599496459960932,lstm/post_covid
lstm,post_covid,1,Allston/Brighton,2025-26,0.9,IT90,72.80812661818143,40,2025-12-21,,,,,2025-12-21,2025-12-28,1.0,80.6,68.00050354003906,-12.599496459960932,lstm/post_covid
lstm,post_covid,1,Allston/Brighton,2025-26,0.98,IT98,101.71188922331822,40,,,,,,2025-12-21,2025-12-28,1.0,80.6,68.00050354003906,-12.599496459960932,lstm/post_covid
lstm,post_covid,1,Back Bay/Beacon Hill/Downtown/North End/West End,2024-25,0.5,IT50,32.35361456388361,8,,,,,,2025-06-08,2025-06-01,-1.0,3.4,5.3223490715026855,1.9223490715026856,lstm/post_covid
lstm,post_covid,1,Back Bay/Beacon Hill/Downtown/North End/West End,2024-25,0.9,IT90,56.35007606954225,8,,,,,,2025-06-08,2025-06-01,-1.0,3.4,5.3223490715026855,1.9223490715026856,lstm/post_covid
lstm,post_covid,1,Back Bay/Beacon Hill/Downtown/North End/West End,2024-25,0.98,IT98,80.35966190257739,8,,,,,,2025-06-08,2025-06-01,-1.0,3.4,5.3223490715026855,1.9223490715026856,lstm/post_covid
lstm,post_covid,1,Back Bay/Beacon Hill/Downtown/North End/West End,2025-26,0.5,IT50,32.35361456388361,38,2025-12-21,2025-12-28,1.0,-1.0,2025-12-28,2025-12-21,2025-12-28,1.0,58.1,39.2164421081543,-18.883557891845705,lstm/post_covid
lstm,post_covid,1,Back Bay/Beacon Hill/Downtown/North End/West End,2025-26,0.9,IT90,56.35007606954225,38,2025-12-21,,,,,2025-12-21,2025-12-28,1.0,58.1,39.2164421081543,-18.883557891845705,lstm/post_covid
lstm,post_covid,1,Back Bay/Beacon Hill/Downtown/North End/West End,2025-26,0.98,IT98,80.35966190257739,38,,,,,,2025-12-21,2025-12-28,1.0,58.1,39.2164421081543,-18.883557891845705,lstm/post_covid
lstm,post_covid,1,Charlestown,2024-25,0.5,IT50,44.544403832795176,3,,,,,,2025-06-01,2025-06-01,0.0,10.3,9.965795516967772,-0.33420448303222905,lstm/post_covid
lstm,post_covid,1,Charlestown,2024-25,0.9,IT90,75.51034339625782,3,,,,,,2025-06-01,2025-06-01,0.0,10.3,9.965795516967772,-0.33420448303222905,lstm/post_covid
lstm,post_covid,1,Charlestown,2024-25,0.98,IT98,105.83479691598406,3,,,,,,2025-06-01,2025-06-01,0.0,10.3,9.965795516967772,-0.33420448303222905,lstm/post_covid
lstm,post_covid,1,Charlestown,2025-26,0.5,IT50,44.544403832795176,32,2025-12-14,2025-12-21,1.0,-1.0,2025-12-21,2025-12-14,2025-12-28,2.0,92.8,69.04561614990234,-23.754383850097653,lstm/post_covid
lstm,post_covid,1,Charlestown,2025-26,0.9,IT90,75.51034339625782,32,2025-12-14,,,,,2025-12-14,2025-12-28,2.0,92.8,69.04561614990234,-23.754383850097653,lstm/post_covid
lstm,post_covid,1,Charlestown,2025-26,0.98,IT98,105.83479691598406,32,,,,,,2025-12-14,2025-12-28,2.0,92.8,69.04561614990234,-23.754383850097653,lstm/post_covid
lstm,post_covid,1,Dorchester,2024-25,0.5,IT50,157.0086457734027,9,,,,,,2025-06-01,2025-06-01,0.0,24.3,20.61376953125,-3.6862304687500007,lstm/post_covid
lstm,post_covid,1,Dorchester,2024-25,0.9,IT90,264.26252974322875,9,,,,,,2025-06-01,2025-06-01,0.0,24.3,20.61376953125,-3.6862304687500007,lstm/post_covid
lstm,post_covid,1,Dorchester,2024-25,0.98,IT98,368.7005757586777,9,,,,,,2025-06-01,2025-06-01,0.0,24.3,20.61376953125,-3.6862304687500007,lstm/post_covid
lstm,post_covid,1,Dorchester,2025-26,0.5,IT50,157.0086457734027,40,2025-12-14,2025-12-21,1.0,-1.0,2025-12-21,2025-12-21,2025-12-28,1.0,256.15,258.9506530761719,2.8006530761718977,lstm/post_covid
lstm,post_covid,1,Dorchester,2025-26,0.9,IT90,264.26252974322875,40,,,,,,2025-12-21,2025-12-28,1.0,256.15,258.9506530761719,2.8006530761718977,lstm/post_covid
lstm,post_covid,1,Dorchester,2025-26,0.98,IT98,368.7005757586777,40,,,,,,2025-12-21,2025-12-28,1.0,256.15,258.9506530761719,2.8006530761718977,lstm/post_covid
lstm,post_covid,1,East Boston,2024-25,0.5,IT50,32.38969817502224,6,,,,,,2025-06-15,2025-06-01,-2.0,3.1,4.689731597900391,1.5897315979003905,lstm/post_covid
lstm,post_covid,1,East Boston,2024-25,0.9,IT90,56.982258100156095,6,,,,,,2025-06-15,2025-06-01,-2.0,3.1,4.689731597900391,1.5897315979003905,lstm/post_covid
lstm,post_covid,1,East Boston,2024-25,0.98,IT98,81.78485877953806,6,,,,,,2025-06-15,2025-06-01,-2.0,3.1,4.689731597900391,1.5897315979003905,lstm/post_covid
lstm,post_covid,1,East Boston,2025-26,0.5,IT50,32.38969817502224,38,2025-12-14,2025-12-21,1.0,-1.0,2025-12-21,2025-12-28,2025-12-28,0.0,59.3,56.124019622802734,-3.175980377197263,lstm/post_covid
lstm,post_covid,1,East Boston,2025-26,0.9,IT90,56.982258100156095,38,2025-12-28,,,,,2025-12-28,2025-12-28,0.0,59.3,56.124019622802734,-3.175980377197263,lstm/post_covid
lstm,post_covid,1,East Boston,2025-26,0.98,IT98,81.78485877953806,38,,,,,,2025-12-28,2025-12-28,0.0,59.3,56.124019622802734,-3.175980377197263,lstm/post_covid
lstm,post_covid,1,Fenway,2024-25,0.5,IT50,19.789042860168028,7,,,,,,2025-06-01,2025-06-01,0.0,5.3,4.424334526062012,-0.8756654739379881,lstm/post_covid
lstm,post_covid,1,Fenway,2024-25,0.9,IT90,31.717921949528318,7,,,,,,2025-06-01,2025-06-01,0.0,5.3,4.424334526062012,-0.8756654739379881,lstm/post_covid
lstm,post_covid,1,Fenway,2024-25,0.98,IT98,42.89052071415166,7,,,,,,2025-06-01,2025-06-01,0.0,5.3,4.424334526062012,-0.8756654739379881,lstm/post_covid
lstm,post_covid,1,Fenway,2025-26,0.5,IT50,19.789042860168028,36,2025-12-14,,,,,2026-01-04,2025-12-28,-1.0,21.1,18.90586853027344,-2.1941314697265604,lstm/post_covid
lstm,post_covid,1,Fenway,2025-26,0.9,IT90,31.717921949528318,36,,,,,,2026-01-04,2025-12-28,-1.0,21.1,18.90586853027344,-2.1941314697265604,lstm/post_covid
lstm,post_covid,1,Fenway,2025-26,0.98,IT98,42.89052071415166,36,,,,,,2026-01-04,2025-12-28,-1.0,21.1,18.90586853027344,-2.1941314697265604,lstm/post_covid
lstm,post_covid,1,Hyde Park,2024-25,0.5,IT50,59.73762940735334,7,,,,,,2025-06-22,2025-06-01,-3.0,6.9,7.63662052154541,0.7366205215454098,lstm/post_covid
lstm,post_covid,1,Hyde Park,2024-25,0.9,IT90,98.70163927662223,7,,,,,,2025-06-22,2025-06-01,-3.0,6.9,7.63662052154541,0.7366205215454098,lstm/post_covid
lstm,post_covid,1,Hyde Park,2024-25,0.98,IT98,136.08880333365826,7,,,,,,2025-06-22,2025-06-01,-3.0,6.9,7.63662052154541,0.7366205215454098,lstm/post_covid
lstm,post_covid,1,Hyde Park,2025-26,0.5,IT50,59.73762940735334,39,2025-12-14,2025-12-21,1.0,-1.0,2025-12-21,2025-12-21,2025-12-28,1.0,94.6,88.48611450195312,-6.113885498046869,lstm/post_covid
lstm,post_covid,1,Hyde Park,2025-26,0.9,IT90,98.70163927662223,39,,,,,,2025-12-21,2025-12-28,1.0,94.6,88.48611450195312,-6.113885498046869,lstm/post_covid
lstm,post_covid,1,Hyde Park,2025-26,0.98,IT98,136.08880333365826,39,,,,,,2025-12-21,2025-12-28,1.0,94.6,88.48611450195312,-6.113885498046869,lstm/post_covid
lstm,post_covid,1,Jamaica Plain,2024-25,0.5,IT50,30.1329000930458,8,,,,,,2025-06-08,2025-06-01,-1.0,6.8,5.3615570068359375,-1.4384429931640623,lstm/post_covid
lstm,post_covid,1,Jamaica Plain,2024-25,0.9,IT90,48.93353508945714,8,,,,,,2025-06-08,2025-06-01,-1.0,6.8,5.3615570068359375,-1.4384429931640623,lstm/post_covid
lstm,post_covid,1,Jamaica Plain,2024-25,0.98,IT98,66.72678487426273,8,,,,,,2025-06-08,2025-06-01,-1.0,6.8,5.3615570068359375,-1.4384429931640623,lstm/post_covid
lstm,post_covid,1,Jamaica Plain,2025-26,0.5,IT50,30.1329000930458,38,2025-12-14,2025-12-21,1.0,-1.0,2025-12-21,2025-12-21,2025-12-28,1.0,61.1,45.356109619140625,-15.743890380859376,lstm/post_covid
lstm,post_covid,1,Jamaica Plain,2025-26,0.9,IT90,48.93353508945714,38,2025-12-21,,,,,2025-12-21,2025-12-28,1.0,61.1,45.356109619140625,-15.743890380859376,lstm/post_covid
lstm,post_covid,1,Jamaica Plain,2025-26,0.98,IT98,66.72678487426273,38,,,,,,2025-12-21,2025-12-28,1.0,61.1,45.356109619140625,-15.743890380859376,lstm/post_covid
lstm,post_covid,1,Mattapan,2024-25,0.5,IT50,75.36060630157071,8,,,,,,2025-06-22,2025-06-01,-3.0,11.3,10.254844665527344,-1.045155334472657,lstm/post_covid
lstm,post_covid,1,Mattapan,2024-25,0.9,IT90,114.4266389550119,8,,,,,,2025-06-22,2025-06-01,-3.0,11.3,10.254844665527344,-1.045155334472657,lstm/post_covid
lstm,post_covid,1,Mattapan,2024-25,0.98,IT98,149.46970387636378,8,,,,,,2025-06-22,2025-06-01,-3.0,11.3,10.254844665527344,-1.045155334472657,lstm/post_covid
lstm,post_covid,1,Mattapan,2025-26,0.5,IT50,75.36060630157071,39,2025-12-21,2025-12-21,0.0,0.0,2025-12-21,2025-12-28,2025-12-28,0.0,110.3,94.2262725830078,-16.0737274169922,lstm/post_covid
lstm,post_covid,1,Mattapan,2025-26,0.9,IT90,114.4266389550119,39,,,,,,2025-12-28,2025-12-28,0.0,110.3,94.2262725830078,-16.0737274169922,lstm/post_covid
lstm,post_covid,1,Mattapan,2025-26,0.98,IT98,149.46970387636378,39,,,,,,2025-12-28,2025-12-28,0.0,110.3,94.2262725830078,-16.0737274169922,lstm/post_covid
lstm,post_covid,1,Roslindale,2024-25,0.5,IT50,83.12526323754497,7,,,,,,2025-06-22,2025-06-29,1.0,26.2,14.097904205322266,-12.102095794677734,lstm/post_covid
lstm,post_covid,1,Roslindale,2024-25,0.9,IT90,133.65502394030972,7,,,,,,2025-06-22,2025-06-29,1.0,26.2,14.097904205322266,-12.102095794677734,lstm/post_covid
lstm,post_covid,1,Roslindale,2024-25,0.98,IT98,181.10052866383202,7,,,,,,2025-06-22,2025-06-29,1.0,26.2,14.097904205322266,-12.102095794677734,lstm/post_covid
lstm,post_covid,1,Roslindale,2025-26,0.5,IT50,83.12526323754497,35,2025-12-14,2025-12-21,1.0,-1.0,2025-12-21,2025-12-28,2025-12-28,0.0,170.1,110.18538665771484,-59.91461334228515,lstm/post_covid
lstm,post_covid,1,Roslindale,2025-26,0.9,IT90,133.65502394030972,35,2025-12-21,,,,,2025-12-28,2025-12-28,0.0,170.1,110.18538665771484,-59.91461334228515,lstm/post_covid
lstm,post_covid,1,Roslindale,2025-26,0.98,IT98,181.10052866383202,35,,,,,,2025-12-28,2025-12-28,0.0,170.1,110.18538665771484,-59.91461334228515,lstm/post_covid
lstm,post_covid,1,Roxbury,2024-25,0.5,IT50,138.88545502174753,9,,,,,,2025-06-22,2025-06-01,-3.0,29.4,18.69963836669922,-10.70036163330078,lstm/post_covid
lstm,post_covid,1,Roxbury,2024-25,0.9,IT90,231.9483227351807,9,,,,,,2025-06-22,2025-06-01,-3.0,29.4,18.69963836669922,-10.70036163330078,lstm/post_covid
lstm,post_covid,1,Roxbury,2024-25,0.98,IT98,322.0096816211373,9,,,,,,2025-06-22,2025-06-01,-3.0,29.4,18.69963836669922,-10.70036163330078,lstm/post_covid
lstm,post_covid,1,Roxbury,2025-26,0.5,IT50,138.88545502174753,40,2025-12-14,2025-12-21,1.0,-1.0,2025-12-21,2025-12-21,2025-12-28,1.0,254.7,202.459716796875,-52.24028320312499,lstm/post_covid
lstm,post_covid,1,Roxbury,2025-26,0.9,IT90,231.9483227351807,40,2025-12-21,,,,,2025-12-21,2025-12-28,1.0,254.7,202.459716796875,-52.24028320312499,lstm/post_covid
lstm,post_covid,1,Roxbury,2025-26,0.98,IT98,322.0096816211373,40,,,,,,2025-12-21,2025-12-28,1.0,254.7,202.459716796875,-52.24028320312499,lstm/post_covid
lstm,post_covid,1,South Boston,2024-25,0.5,IT50,31.63670795756643,7,,,,,,2025-06-15,2025-06-01,-2.0,6.3,3.52455997467041,-2.7754400253295897,lstm/post_covid
lstm,post_covid,1,South Boston,2024-25,0.9,IT90,60.18982141922808,7,,,,,,2025-06-15,2025-06-01,-2.0,6.3,3.52455997467041,-2.7754400253295897,lstm/post_covid
lstm,post_covid,1,South Boston,2024-25,0.98,IT98,90.82483767314203,7,,,,,,2025-06-15,2025-06-01,-2.0,6.3,3.52455997467041,-2.7754400253295897,lstm/post_covid
lstm,post_covid,1,South Boston,2025-26,0.5,IT50,31.63670795756643,35,2025-12-14,2025-12-21,1.0,-1.0,2025-12-21,2025-12-28,2025-12-28,0.0,57.0,50.7957649230957,-6.204235076904297,lstm/post_covid
lstm,post_covid,1,South Boston,2025-26,0.9,IT90,60.18982141922808,35,,,,,,2025-12-28,2025-12-28,0.0,57.0,50.7957649230957,-6.204235076904297,lstm/post_covid
lstm,post_covid,1,South Boston,2025-26,0.98,IT98,90.82483767314203,35,,,,,,2025-12-28,2025-12-28,0.0,57.0,50.7957649230957,-6.204235076904297,lstm/post_covid
lstm,post_covid,1,South End,2024-25,0.5,IT50,82.00792145914704,9,,,,,,2025-06-15,2025-06-01,-2.0,17.8,15.247766494750977,-2.552233505249024,lstm/post_covid
lstm,post_covid,1,South End,2024-25,0.9,IT90,134.00251631923587,9,,,,,,2025-06-15,2025-06-01,-2.0,17.8,15.247766494750977,-2.552233505249024,lstm/post_covid
lstm,post_covid,1,South End,2024-25,0.98,IT98,183.45444562568642,9,,,,,,2025-06-15,2025-06-01,-2.0,17.8,15.247766494750977,-2.552233505249024,lstm/post_covid
lstm,post_covid,1,South End,2025-26,0.5,IT50,82.00792145914704,40,2025-12-14,2025-12-21,1.0,-1.0,2025-12-21,2025-12-14,2025-12-28,2.0,132.3,116.56719207763672,-15.732807922363293,lstm/post_covid
lstm,post_covid,1,South End,2025-26,0.9,IT90,134.00251631923587,40,,,,,,2025-12-14,2025-12-28,2.0,132.3,116.56719207763672,-15.732807922363293,lstm/post_covid
lstm,post_covid,1,South End,2025-26,0.98,IT98,183.45444562568642,40,,,,,,2025-12-14,2025-12-28,2.0,132.3,116.56719207763672,-15.732807922363293,lstm/post_covid
lstm,post_covid,1,West Roxbury,2024-25,0.5,IT50,37.349459967580074,4,,,,,,2025-06-22,2025-06-01,-3.0,11.0,5.8739118576049805,-5.1260881423950195,lstm/post_covid
lstm,post_covid,1,West Roxbury,2024-25,0.9,IT90,59.59981304845178,4,,,,,,2025-06-22,2025-06-01,-3.0,11.0,5.8739118576049805,-5.1260881423950195,lstm/post_covid
lstm,post_covid,1,West Roxbury,2024-25,0.98,IT98,80.36625284929092,4,,,,,,2025-06-22,2025-06-01,-3.0,11.0,5.8739118576049805,-5.1260881423950195,lstm/post_covid
lstm,post_covid,1,West Roxbury,2025-26,0.5,IT50,37.349459967580074,36,2025-12-21,2025-12-21,0.0,0.0,2025-12-21,2025-12-21,2025-12-28,1.0,88.0,51.610939025878906,-36.389060974121094,lstm/post_covid
lstm,post_covid,1,West Roxbury,2025-26,0.9,IT90,59.59981304845178,36,2025-12-21,,,,,2025-12-21,2025-12-28,1.0,88.0,51.610939025878906,-36.389060974121094,lstm/post_covid
lstm,post_covid,1,West Roxbury,2025-26,0.98,IT98,80.36625284929092,36,2025-12-21,,,,,2025-12-21,2025-12-28,1.0,88.0,51.610939025878906,-36.389060974121094,lstm/post_covid
lstm,post_covid,1,CITYWIDE,2024-25,0.5,IT50,60.20679524890062,9,,,,,,2025-06-22,2025-06-01,-3.0,9.7,9.547375508717128,-0.1526244912828716,lstm/post_covid
lstm,post_covid,1,CITYWIDE,2024-25,0.9,IT90,98.17566769051967,9,,,,,,2025-06-22,2025-06-01,-3.0,9.7,9.547375508717128,-0.1526244912828716,lstm/post_covid
lstm,post_covid,1,CITYWIDE,2024-25,0.98,IT98,134.22833796478614,9,,,,,,2025-06-22,2025-06-01,-3.0,9.7,9.547375508717128,-0.1526244912828716,lstm/post_covid
lstm,post_covid,1,CITYWIDE,2025-26,0.5,IT50,60.20679524890062,40,2025-12-14,2025-12-21,1.0,-1.0,2025-12-21,2025-12-21,2025-12-28,1.0,101.93214285714285,90.70932851518903,-11.222814341953821,lstm/post_covid
lstm,post_covid,1,CITYWIDE,2025-26,0.9,IT90,98.17566769051967,40,2025-12-21,,,,,2025-12-21,2025-12-28,1.0,101.93214285714285,90.70932851518903,-11.222814341953821,lstm/post_covid
lstm,post_covid,1,CITYWIDE,2025-26,0.98,IT98,134.22833796478614,40,,,,,,2025-12-21,2025-12-28,1.0,101.93214285714285,90.70932851518903,-11.222814341953821,lstm/post_covid
persistence,exclude_covid,1,Allston/Brighton,2024-25,0.5,IT50,43.17201700312734,9,,,,,,2025-06-15,2025-06-01,-2.0,5.7,9.9,4.2,persistence/exclude_covid
persistence,exclude_covid,1,Allston/Brighton,2024-25,0.9,IT90,72.80812661818143,9,,,,,,2025-06-15,2025-06-01,-2.0,5.7,9.9,4.2,persistence/exclude_covid
persistence,exclude_covid,1,Allston/Brighton,2024-25,0.98,IT98,101.71188922331822,9,,,,,,2025-06-15,2025-06-01,-2.0,5.7,9.9,4.2,persistence/exclude_covid
persistence,exclude_covid,1,Allston/Brighton,2025-26,0.5,IT50,43.17201700312734,40,2025-12-14,2025-12-21,1.0,-1.0,2025-12-21,2025-12-21,2025-12-28,1.0,80.6,80.6,0.0,persistence/exclude_covid
persistence,exclude_covid,1,Allston/Brighton,2025-26,0.9,IT90,72.80812661818143,40,2025-12-21,2025-12-28,1.0,-1.0,2025-12-28,2025-12-21,2025-12-28,1.0,80.6,80.6,0.0,persistence/exclude_covid
persistence,exclude_covid,1,Allston/Brighton,2025-26,0.98,IT98,101.71188922331822,40,,,,,,2025-12-21,2025-12-28,1.0,80.6,80.6,0.0,persistence/exclude_covid
persistence,exclude_covid,1,Back Bay/Beacon Hill/Downtown/North End/West End,2024-25,0.5,IT50,32.35361456388361,8,,,,,,2025-06-08,2025-06-01,-1.0,3.4,6.8,3.4,persistence/exclude_covid
persistence,exclude_covid,1,Back Bay/Beacon Hill/Downtown/North End/West End,2024-25,0.9,IT90,56.35007606954225,8,,,,,,2025-06-08,2025-06-01,-1.0,3.4,6.8,3.4,persistence/exclude_covid
persistence,exclude_covid,1,Back Bay/Beacon Hill/Downtown/North End/West End,2024-25,0.98,IT98,80.35966190257739,8,,,,,,2025-06-08,2025-06-01,-1.0,3.4,6.8,3.4,persistence/exclude_covid
persistence,exclude_covid,1,Back Bay/Beacon Hill/Downtown/North End/West End,2025-26,0.5,IT50,32.35361456388361,38,2025-12-21,2025-12-28,1.0,-1.0,2025-12-28,2025-12-21,2025-12-28,1.0,58.1,58.1,0.0,persistence/exclude_covid
persistence,exclude_covid,1,Back Bay/Beacon Hill/Downtown/North End/West End,2025-26,0.9,IT90,56.35007606954225,38,2025-12-21,2025-12-28,1.0,-1.0,2025-12-28,2025-12-21,2025-12-28,1.0,58.1,58.1,0.0,persistence/exclude_covid
persistence,exclude_covid,1,Back Bay/Beacon Hill/Downtown/North End/West End,2025-26,0.98,IT98,80.35966190257739,38,,,,,,2025-12-21,2025-12-28,1.0,58.1,58.1,0.0,persistence/exclude_covid
persistence,exclude_covid,1,Charlestown,2024-25,0.5,IT50,44.544403832795176,3,,,,,,2025-06-01,2025-06-22,3.0,10.3,10.3,0.0,persistence/exclude_covid
persistence,exclude_covid,1,Charlestown,2024-25,0.9,IT90,75.51034339625782,3,,,,,,2025-06-01,2025-06-22,3.0,10.3,10.3,0.0,persistence/exclude_covid
persistence,exclude_covid,1,Charlestown,2024-25,0.98,IT98,105.83479691598406,3,,,,,,2025-06-01,2025-06-22,3.0,10.3,10.3,0.0,persistence/exclude_covid
persistence,exclude_covid,1,Charlestown,2025-26,0.5,IT50,44.544403832795176,32,2025-12-14,2025-12-21,1.0,-1.0,2025-12-21,2025-12-14,2025-12-21,1.0,92.8,92.8,0.0,persistence/exclude_covid
persistence,exclude_covid,1,Charlestown,2025-26,0.9,IT90,75.51034339625782,32,2025-12-14,2025-12-21,1.0,-1.0,2025-12-21,2025-12-14,2025-12-21,1.0,92.8,92.8,0.0,persistence/exclude_covid
persistence,exclude_covid,1,Charlestown,2025-26,0.98,IT98,105.83479691598406,32,,,,,,2025-12-14,2025-12-21,1.0,92.8,92.8,0.0,persistence/exclude_covid
persistence,exclude_covid,1,Dorchester,2024-25,0.5,IT50,157.0086457734027,9,,,,,,2025-06-01,2025-06-08,1.0,24.3,24.3,0.0,persistence/exclude_covid
persistence,exclude_covid,1,Dorchester,2024-25,0.9,IT90,264.26252974322875,9,,,,,,2025-06-01,2025-06-08,1.0,24.3,24.3,0.0,persistence/exclude_covid
persistence,exclude_covid,1,Dorchester,2024-25,0.98,IT98,368.7005757586777,9,,,,,,2025-06-01,2025-06-08,1.0,24.3,24.3,0.0,persistence/exclude_covid
persistence,exclude_covid,1,Dorchester,2025-26,0.5,IT50,157.0086457734027,40,2025-12-14,2025-12-21,1.0,-1.0,2025-12-21,2025-12-21,2025-12-28,1.0,256.15,256.15,0.0,persistence/exclude_covid
persistence,exclude_covid,1,Dorchester,2025-26,0.9,IT90,264.26252974322875,40,,,,,,2025-12-21,2025-12-28,1.0,256.15,256.15,0.0,persistence/exclude_covid
persistence,exclude_covid,1,Dorchester,2025-26,0.98,IT98,368.7005757586777,40,,,,,,2025-12-21,2025-12-28,1.0,256.15,256.15,0.0,persistence/exclude_covid
persistence,exclude_covid,1,East Boston,2024-25,0.5,IT50,32.38969817502224,6,,,,,,2025-06-15,2025-06-01,-2.0,3.1,3.1,0.0,persistence/exclude_covid
persistence,exclude_covid,1,East Boston,2024-25,0.9,IT90,56.982258100156095,6,,,,,,2025-06-15,2025-06-01,-2.0,3.1,3.1,0.0,persistence/exclude_covid
persistence,exclude_covid,1,East Boston,2024-25,0.98,IT98,81.78485877953806,6,,,,,,2025-06-15,2025-06-01,-2.0,3.1,3.1,0.0,persistence/exclude_covid
persistence,exclude_covid,1,East Boston,2025-26,0.5,IT50,32.38969817502224,38,2025-12-14,2025-12-21,1.0,-1.0,2025-12-21,2025-12-28,2026-01-04,1.0,59.3,59.3,0.0,persistence/exclude_covid
persistence,exclude_covid,1,East Boston,2025-26,0.9,IT90,56.982258100156095,38,2025-12-28,2026-01-04,1.0,-1.0,2026-01-04,2025-12-28,2026-01-04,1.0,59.3,59.3,0.0,persistence/exclude_covid
persistence,exclude_covid,1,East Boston,2025-26,0.98,IT98,81.78485877953806,38,,,,,,2025-12-28,2026-01-04,1.0,59.3,59.3,0.0,persistence/exclude_covid
persistence,exclude_covid,1,Fenway,2024-25,0.5,IT50,19.789042860168028,7,,,,,,2025-06-01,2025-06-08,1.0,5.3,5.3,0.0,persistence/exclude_covid
persistence,exclude_covid,1,Fenway,2024-25,0.9,IT90,31.717921949528318,7,,,,,,2025-06-01,2025-06-08,1.0,5.3,5.3,0.0,persistence/exclude_covid
persistence,exclude_covid,1,Fenway,2024-25,0.98,IT98,42.89052071415166,7,,,,,,2025-06-01,2025-06-08,1.0,5.3,5.3,0.0,persistence/exclude_covid
persistence,exclude_covid,1,Fenway,2025-26,0.5,IT50,19.789042860168028,36,2025-12-14,2025-12-21,1.0,-1.0,2025-12-21,2026-01-04,2026-01-11,1.0,21.1,21.1,0.0,persistence/exclude_covid
persistence,exclude_covid,1,Fenway,2025-26,0.9,IT90,31.717921949528318,36,,,,,,2026-01-04,2026-01-11,1.0,21.1,21.1,0.0,persistence/exclude_covid
persistence,exclude_covid,1,Fenway,2025-26,0.98,IT98,42.89052071415166,36,,,,,,2026-01-04,2026-01-11,1.0,21.1,21.1,0.0,persistence/exclude_covid
persistence,exclude_covid,1,Hyde Park,2024-25,0.5,IT50,59.73762940735334,7,,,,,,2025-06-22,2025-06-01,-3.0,6.9,6.9,0.0,persistence/exclude_covid
persistence,exclude_covid,1,Hyde Park,2024-25,0.9,IT90,98.70163927662223,7,,,,,,2025-06-22,2025-06-01,-3.0,6.9,6.9,0.0,persistence/exclude_covid
persistence,exclude_covid,1,Hyde Park,2024-25,0.98,IT98,136.08880333365826,7,,,,,,2025-06-22,2025-06-01,-3.0,6.9,6.9,0.0,persistence/exclude_covid
persistence,exclude_covid,1,Hyde Park,2025-26,0.5,IT50,59.73762940735334,39,2025-12-14,2025-12-21,1.0,-1.0,2025-12-21,2025-12-21,2025-12-28,1.0,94.6,94.6,0.0,persistence/exclude_covid
persistence,exclude_covid,1,Hyde Park,2025-26,0.9,IT90,98.70163927662223,39,,,,,,2025-12-21,2025-12-28,1.0,94.6,94.6,0.0,persistence/exclude_covid
persistence,exclude_covid,1,Hyde Park,2025-26,0.98,IT98,136.08880333365826,39,,,,,,2025-12-21,2025-12-28,1.0,94.6,94.6,0.0,persistence/exclude_covid
persistence,exclude_covid,1,Jamaica Plain,2024-25,0.5,IT50,30.1329000930458,8,,,,,,2025-06-08,2025-06-22,2.0,6.8,6.8,0.0,persistence/exclude_covid
persistence,exclude_covid,1,Jamaica Plain,2024-25,0.9,IT90,48.93353508945714,8,,,,,,2025-06-08,2025-06-22,2.0,6.8,6.8,0.0,persistence/exclude_covid
persistence,exclude_covid,1,Jamaica Plain,2024-25,0.98,IT98,66.72678487426273,8,,,,,,2025-06-08,2025-06-22,2.0,6.8,6.8,0.0,persistence/exclude_covid
persistence,exclude_covid,1,Jamaica Plain,2025-26,0.5,IT50,30.1329000930458,38,2025-12-14,2025-12-21,1.0,-1.0,2025-12-21,2025-12-21,2025-12-28,1.0,61.1,61.1,0.0,persistence/exclude_covid
persistence,exclude_covid,1,Jamaica Plain,2025-26,0.9,IT90,48.93353508945714,38,2025-12-21,2025-12-28,1.0,-1.0,2025-12-28,2025-12-21,2025-12-28,1.0,61.1,61.1,0.0,persistence/exclude_covid
persistence,exclude_covid,1,Jamaica Plain,2025-26,0.98,IT98,66.72678487426273,38,,,,,,2025-12-21,2025-12-28,1.0,61.1,61.1,0.0,persistence/exclude_covid
persistence,exclude_covid,1,Mattapan,2024-25,0.5,IT50,75.36060630157071,8,,,,,,2025-06-22,2025-06-01,-3.0,11.3,11.3,0.0,persistence/exclude_covid
persistence,exclude_covid,1,Mattapan,2024-25,0.9,IT90,114.4266389550119,8,,,,,,2025-06-22,2025-06-01,-3.0,11.3,11.3,0.0,persistence/exclude_covid
persistence,exclude_covid,1,Mattapan,2024-25,0.98,IT98,149.46970387636378,8,,,,,,2025-06-22,2025-06-01,-3.0,11.3,11.3,0.0,persistence/exclude_covid
persistence,exclude_covid,1,Mattapan,2025-26,0.5,IT50,75.36060630157071,39,2025-12-21,2025-12-28,1.0,-1.0,2025-12-28,2025-12-28,2026-01-04,1.0,110.3,110.3,0.0,persistence/exclude_covid
persistence,exclude_covid,1,Mattapan,2025-26,0.9,IT90,114.4266389550119,39,,,,,,2025-12-28,2026-01-04,1.0,110.3,110.3,0.0,persistence/exclude_covid
persistence,exclude_covid,1,Mattapan,2025-26,0.98,IT98,149.46970387636378,39,,,,,,2025-12-28,2026-01-04,1.0,110.3,110.3,0.0,persistence/exclude_covid
persistence,exclude_covid,1,Roslindale,2024-25,0.5,IT50,83.12526323754497,7,,,,,,2025-06-22,2025-06-29,1.0,26.2,26.2,0.0,persistence/exclude_covid
persistence,exclude_covid,1,Roslindale,2024-25,0.9,IT90,133.65502394030972,7,,,,,,2025-06-22,2025-06-29,1.0,26.2,26.2,0.0,persistence/exclude_covid
persistence,exclude_covid,1,Roslindale,2024-25,0.98,IT98,181.10052866383202,7,,,,,,2025-06-22,2025-06-29,1.0,26.2,26.2,0.0,persistence/exclude_covid
persistence,exclude_covid,1,Roslindale,2025-26,0.5,IT50,83.12526323754497,35,2025-12-14,2025-12-21,1.0,-1.0,2025-12-21,2025-12-28,2026-01-04,1.0,170.1,170.1,0.0,persistence/exclude_covid
persistence,exclude_covid,1,Roslindale,2025-26,0.9,IT90,133.65502394030972,35,2025-12-21,2025-12-28,1.0,-1.0,2025-12-28,2025-12-28,2026-01-04,1.0,170.1,170.1,0.0,persistence/exclude_covid
persistence,exclude_covid,1,Roslindale,2025-26,0.98,IT98,181.10052866383202,35,,,,,,2025-12-28,2026-01-04,1.0,170.1,170.1,0.0,persistence/exclude_covid
persistence,exclude_covid,1,Roxbury,2024-25,0.5,IT50,138.88545502174753,9,,,,,,2025-06-22,2025-06-29,1.0,29.4,29.4,0.0,persistence/exclude_covid
persistence,exclude_covid,1,Roxbury,2024-25,0.9,IT90,231.9483227351807,9,,,,,,2025-06-22,2025-06-29,1.0,29.4,29.4,0.0,persistence/exclude_covid
persistence,exclude_covid,1,Roxbury,2024-25,0.98,IT98,322.0096816211373,9,,,,,,2025-06-22,2025-06-29,1.0,29.4,29.4,0.0,persistence/exclude_covid
persistence,exclude_covid,1,Roxbury,2025-26,0.5,IT50,138.88545502174753,40,2025-12-14,2025-12-21,1.0,-1.0,2025-12-21,2025-12-21,2025-12-28,1.0,254.7,254.7,0.0,persistence/exclude_covid
persistence,exclude_covid,1,Roxbury,2025-26,0.9,IT90,231.9483227351807,40,2025-12-21,2025-12-28,1.0,-1.0,2025-12-28,2025-12-21,2025-12-28,1.0,254.7,254.7,0.0,persistence/exclude_covid
persistence,exclude_covid,1,Roxbury,2025-26,0.98,IT98,322.0096816211373,40,,,,,,2025-12-21,2025-12-28,1.0,254.7,254.7,0.0,persistence/exclude_covid
persistence,exclude_covid,1,South Boston,2024-25,0.5,IT50,31.63670795756643,7,,,,,,2025-06-15,2025-06-22,1.0,6.3,6.3,0.0,persistence/exclude_covid
persistence,exclude_covid,1,South Boston,2024-25,0.9,IT90,60.18982141922808,7,,,,,,2025-06-15,2025-06-22,1.0,6.3,6.3,0.0,persistence/exclude_covid
persistence,exclude_covid,1,South Boston,2024-25,0.98,IT98,90.82483767314203,7,,,,,,2025-06-15,2025-06-22,1.0,6.3,6.3,0.0,persistence/exclude_covid
persistence,exclude_covid,1,South Boston,2025-26,0.5,IT50,31.63670795756643,35,2025-12-14,2025-12-21,1.0,-1.0,2025-12-21,2025-12-28,2026-01-04,1.0,57.0,57.0,0.0,persistence/exclude_covid
persistence,exclude_covid,1,South Boston,2025-26,0.9,IT90,60.18982141922808,35,,,,,,2025-12-28,2026-01-04,1.0,57.0,57.0,0.0,persistence/exclude_covid
persistence,exclude_covid,1,South Boston,2025-26,0.98,IT98,90.82483767314203,35,,,,,,2025-12-28,2026-01-04,1.0,57.0,57.0,0.0,persistence/exclude_covid
persistence,exclude_covid,1,South End,2024-25,0.5,IT50,82.00792145914704,9,,,,,,2025-06-15,2025-06-22,1.0,17.8,17.8,0.0,persistence/exclude_covid
persistence,exclude_covid,1,South End,2024-25,0.9,IT90,134.00251631923587,9,,,,,,2025-06-15,2025-06-22,1.0,17.8,17.8,0.0,persistence/exclude_covid
persistence,exclude_covid,1,South End,2024-25,0.98,IT98,183.45444562568642,9,,,,,,2025-06-15,2025-06-22,1.0,17.8,17.8,0.0,persistence/exclude_covid
persistence,exclude_covid,1,South End,2025-26,0.5,IT50,82.00792145914704,40,2025-12-14,2025-12-21,1.0,-1.0,2025-12-21,2025-12-14,2025-12-21,1.0,132.3,132.3,0.0,persistence/exclude_covid
persistence,exclude_covid,1,South End,2025-26,0.9,IT90,134.00251631923587,40,,,,,,2025-12-14,2025-12-21,1.0,132.3,132.3,0.0,persistence/exclude_covid
persistence,exclude_covid,1,South End,2025-26,0.98,IT98,183.45444562568642,40,,,,,,2025-12-14,2025-12-21,1.0,132.3,132.3,0.0,persistence/exclude_covid
persistence,exclude_covid,1,West Roxbury,2024-25,0.5,IT50,37.349459967580074,4,,,,,,2025-06-22,2025-06-01,-3.0,11.0,7.3,-3.7,persistence/exclude_covid
persistence,exclude_covid,1,West Roxbury,2024-25,0.9,IT90,59.59981304845178,4,,,,,,2025-06-22,2025-06-01,-3.0,11.0,7.3,-3.7,persistence/exclude_covid
persistence,exclude_covid,1,West Roxbury,2024-25,0.98,IT98,80.36625284929092,4,,,,,,2025-06-22,2025-06-01,-3.0,11.0,7.3,-3.7,persistence/exclude_covid
persistence,exclude_covid,1,West Roxbury,2025-26,0.5,IT50,37.349459967580074,36,2025-12-21,2025-12-28,1.0,-1.0,2025-12-28,2025-12-21,2025-12-28,1.0,88.0,88.0,0.0,persistence/exclude_covid
persistence,exclude_covid,1,West Roxbury,2025-26,0.9,IT90,59.59981304845178,36,2025-12-21,2025-12-28,1.0,-1.0,2025-12-28,2025-12-21,2025-12-28,1.0,88.0,88.0,0.0,persistence/exclude_covid
persistence,exclude_covid,1,West Roxbury,2025-26,0.98,IT98,80.36625284929092,36,2025-12-21,2025-12-28,1.0,-1.0,2025-12-28,2025-12-21,2025-12-28,1.0,88.0,88.0,0.0,persistence/exclude_covid
persistence,exclude_covid,1,CITYWIDE,2024-25,0.5,IT50,60.20679524890062,9,,,,,,2025-06-22,2025-06-29,1.0,9.7,9.292857142857143,-0.4071428571428566,persistence/exclude_covid
persistence,exclude_covid,1,CITYWIDE,2024-25,0.9,IT90,98.17566769051967,9,,,,,,2025-06-22,2025-06-29,1.0,9.7,9.292857142857143,-0.4071428571428566,persistence/exclude_covid
persistence,exclude_covid,1,CITYWIDE,2024-25,0.98,IT98,134.22833796478614,9,,,,,,2025-06-22,2025-06-29,1.0,9.7,9.292857142857143,-0.4071428571428566,persistence/exclude_covid
persistence,exclude_covid,1,CITYWIDE,2025-26,0.5,IT50,60.20679524890062,40,2025-12-14,2025-12-21,1.0,-1.0,2025-12-21,2025-12-21,2025-12-28,1.0,101.93214285714285,101.93214285714285,0.0,persistence/exclude_covid
persistence,exclude_covid,1,CITYWIDE,2025-26,0.9,IT90,98.17566769051967,40,2025-12-21,2025-12-28,1.0,-1.0,2025-12-28,2025-12-21,2025-12-28,1.0,101.93214285714285,101.93214285714285,0.0,persistence/exclude_covid
persistence,exclude_covid,1,CITYWIDE,2025-26,0.98,IT98,134.22833796478614,40,,,,,,2025-12-21,2025-12-28,1.0,101.93214285714285,101.93214285714285,0.0,persistence/exclude_covid
persistence,post_covid,1,Allston/Brighton,2024-25,0.5,IT50,43.17201700312734,9,,,,,,2025-06-15,2025-06-01,-2.0,5.7,9.9,4.2,persistence/post_covid
persistence,post_covid,1,Allston/Brighton,2024-25,0.9,IT90,72.80812661818143,9,,,,,,2025-06-15,2025-06-01,-2.0,5.7,9.9,4.2,persistence/post_covid
persistence,post_covid,1,Allston/Brighton,2024-25,0.98,IT98,101.71188922331822,9,,,,,,2025-06-15,2025-06-01,-2.0,5.7,9.9,4.2,persistence/post_covid
persistence,post_covid,1,Allston/Brighton,2025-26,0.5,IT50,43.17201700312734,40,2025-12-14,2025-12-21,1.0,-1.0,2025-12-21,2025-12-21,2025-12-28,1.0,80.6,80.6,0.0,persistence/post_covid
persistence,post_covid,1,Allston/Brighton,2025-26,0.9,IT90,72.80812661818143,40,2025-12-21,2025-12-28,1.0,-1.0,2025-12-28,2025-12-21,2025-12-28,1.0,80.6,80.6,0.0,persistence/post_covid
persistence,post_covid,1,Allston/Brighton,2025-26,0.98,IT98,101.71188922331822,40,,,,,,2025-12-21,2025-12-28,1.0,80.6,80.6,0.0,persistence/post_covid
persistence,post_covid,1,Back Bay/Beacon Hill/Downtown/North End/West End,2024-25,0.5,IT50,32.35361456388361,8,,,,,,2025-06-08,2025-06-01,-1.0,3.4,6.8,3.4,persistence/post_covid
persistence,post_covid,1,Back Bay/Beacon Hill/Downtown/North End/West End,2024-25,0.9,IT90,56.35007606954225,8,,,,,,2025-06-08,2025-06-01,-1.0,3.4,6.8,3.4,persistence/post_covid
persistence,post_covid,1,Back Bay/Beacon Hill/Downtown/North End/West End,2024-25,0.98,IT98,80.35966190257739,8,,,,,,2025-06-08,2025-06-01,-1.0,3.4,6.8,3.4,persistence/post_covid
persistence,post_covid,1,Back Bay/Beacon Hill/Downtown/North End/West End,2025-26,0.5,IT50,32.35361456388361,38,2025-12-21,2025-12-28,1.0,-1.0,2025-12-28,2025-12-21,2025-12-28,1.0,58.1,58.1,0.0,persistence/post_covid
persistence,post_covid,1,Back Bay/Beacon Hill/Downtown/North End/West End,2025-26,0.9,IT90,56.35007606954225,38,2025-12-21,2025-12-28,1.0,-1.0,2025-12-28,2025-12-21,2025-12-28,1.0,58.1,58.1,0.0,persistence/post_covid
persistence,post_covid,1,Back Bay/Beacon Hill/Downtown/North End/West End,2025-26,0.98,IT98,80.35966190257739,38,,,,,,2025-12-21,2025-12-28,1.0,58.1,58.1,0.0,persistence/post_covid
persistence,post_covid,1,Charlestown,2024-25,0.5,IT50,44.544403832795176,3,,,,,,2025-06-01,2025-06-22,3.0,10.3,10.3,0.0,persistence/post_covid
persistence,post_covid,1,Charlestown,2024-25,0.9,IT90,75.51034339625782,3,,,,,,2025-06-01,2025-06-22,3.0,10.3,10.3,0.0,persistence/post_covid
persistence,post_covid,1,Charlestown,2024-25,0.98,IT98,105.83479691598406,3,,,,,,2025-06-01,2025-06-22,3.0,10.3,10.3,0.0,persistence/post_covid
persistence,post_covid,1,Charlestown,2025-26,0.5,IT50,44.544403832795176,32,2025-12-14,2025-12-21,1.0,-1.0,2025-12-21,2025-12-14,2025-12-21,1.0,92.8,92.8,0.0,persistence/post_covid
persistence,post_covid,1,Charlestown,2025-26,0.9,IT90,75.51034339625782,32,2025-12-14,2025-12-21,1.0,-1.0,2025-12-21,2025-12-14,2025-12-21,1.0,92.8,92.8,0.0,persistence/post_covid
persistence,post_covid,1,Charlestown,2025-26,0.98,IT98,105.83479691598406,32,,,,,,2025-12-14,2025-12-21,1.0,92.8,92.8,0.0,persistence/post_covid
persistence,post_covid,1,Dorchester,2024-25,0.5,IT50,157.0086457734027,9,,,,,,2025-06-01,2025-06-08,1.0,24.3,24.3,0.0,persistence/post_covid
persistence,post_covid,1,Dorchester,2024-25,0.9,IT90,264.26252974322875,9,,,,,,2025-06-01,2025-06-08,1.0,24.3,24.3,0.0,persistence/post_covid
persistence,post_covid,1,Dorchester,2024-25,0.98,IT98,368.7005757586777,9,,,,,,2025-06-01,2025-06-08,1.0,24.3,24.3,0.0,persistence/post_covid
persistence,post_covid,1,Dorchester,2025-26,0.5,IT50,157.0086457734027,40,2025-12-14,2025-12-21,1.0,-1.0,2025-12-21,2025-12-21,2025-12-28,1.0,256.15,256.15,0.0,persistence/post_covid
persistence,post_covid,1,Dorchester,2025-26,0.9,IT90,264.26252974322875,40,,,,,,2025-12-21,2025-12-28,1.0,256.15,256.15,0.0,persistence/post_covid
persistence,post_covid,1,Dorchester,2025-26,0.98,IT98,368.7005757586777,40,,,,,,2025-12-21,2025-12-28,1.0,256.15,256.15,0.0,persistence/post_covid
persistence,post_covid,1,East Boston,2024-25,0.5,IT50,32.38969817502224,6,,,,,,2025-06-15,2025-06-01,-2.0,3.1,3.1,0.0,persistence/post_covid
persistence,post_covid,1,East Boston,2024-25,0.9,IT90,56.982258100156095,6,,,,,,2025-06-15,2025-06-01,-2.0,3.1,3.1,0.0,persistence/post_covid
persistence,post_covid,1,East Boston,2024-25,0.98,IT98,81.78485877953806,6,,,,,,2025-06-15,2025-06-01,-2.0,3.1,3.1,0.0,persistence/post_covid
persistence,post_covid,1,East Boston,2025-26,0.5,IT50,32.38969817502224,38,2025-12-14,2025-12-21,1.0,-1.0,2025-12-21,2025-12-28,2026-01-04,1.0,59.3,59.3,0.0,persistence/post_covid
persistence,post_covid,1,East Boston,2025-26,0.9,IT90,56.982258100156095,38,2025-12-28,2026-01-04,1.0,-1.0,2026-01-04,2025-12-28,2026-01-04,1.0,59.3,59.3,0.0,persistence/post_covid
persistence,post_covid,1,East Boston,2025-26,0.98,IT98,81.78485877953806,38,,,,,,2025-12-28,2026-01-04,1.0,59.3,59.3,0.0,persistence/post_covid
persistence,post_covid,1,Fenway,2024-25,0.5,IT50,19.789042860168028,7,,,,,,2025-06-01,2025-06-08,1.0,5.3,5.3,0.0,persistence/post_covid
persistence,post_covid,1,Fenway,2024-25,0.9,IT90,31.717921949528318,7,,,,,,2025-06-01,2025-06-08,1.0,5.3,5.3,0.0,persistence/post_covid
persistence,post_covid,1,Fenway,2024-25,0.98,IT98,42.89052071415166,7,,,,,,2025-06-01,2025-06-08,1.0,5.3,5.3,0.0,persistence/post_covid
persistence,post_covid,1,Fenway,2025-26,0.5,IT50,19.789042860168028,36,2025-12-14,2025-12-21,1.0,-1.0,2025-12-21,2026-01-04,2026-01-11,1.0,21.1,21.1,0.0,persistence/post_covid
persistence,post_covid,1,Fenway,2025-26,0.9,IT90,31.717921949528318,36,,,,,,2026-01-04,2026-01-11,1.0,21.1,21.1,0.0,persistence/post_covid
persistence,post_covid,1,Fenway,2025-26,0.98,IT98,42.89052071415166,36,,,,,,2026-01-04,2026-01-11,1.0,21.1,21.1,0.0,persistence/post_covid
persistence,post_covid,1,Hyde Park,2024-25,0.5,IT50,59.73762940735334,7,,,,,,2025-06-22,2025-06-01,-3.0,6.9,6.9,0.0,persistence/post_covid
persistence,post_covid,1,Hyde Park,2024-25,0.9,IT90,98.70163927662223,7,,,,,,2025-06-22,2025-06-01,-3.0,6.9,6.9,0.0,persistence/post_covid
persistence,post_covid,1,Hyde Park,2024-25,0.98,IT98,136.08880333365826,7,,,,,,2025-06-22,2025-06-01,-3.0,6.9,6.9,0.0,persistence/post_covid
persistence,post_covid,1,Hyde Park,2025-26,0.5,IT50,59.73762940735334,39,2025-12-14,2025-12-21,1.0,-1.0,2025-12-21,2025-12-21,2025-12-28,1.0,94.6,94.6,0.0,persistence/post_covid
persistence,post_covid,1,Hyde Park,2025-26,0.9,IT90,98.70163927662223,39,,,,,,2025-12-21,2025-12-28,1.0,94.6,94.6,0.0,persistence/post_covid
persistence,post_covid,1,Hyde Park,2025-26,0.98,IT98,136.08880333365826,39,,,,,,2025-12-21,2025-12-28,1.0,94.6,94.6,0.0,persistence/post_covid
persistence,post_covid,1,Jamaica Plain,2024-25,0.5,IT50,30.1329000930458,8,,,,,,2025-06-08,2025-06-22,2.0,6.8,6.8,0.0,persistence/post_covid
persistence,post_covid,1,Jamaica Plain,2024-25,0.9,IT90,48.93353508945714,8,,,,,,2025-06-08,2025-06-22,2.0,6.8,6.8,0.0,persistence/post_covid
persistence,post_covid,1,Jamaica Plain,2024-25,0.98,IT98,66.72678487426273,8,,,,,,2025-06-08,2025-06-22,2.0,6.8,6.8,0.0,persistence/post_covid
persistence,post_covid,1,Jamaica Plain,2025-26,0.5,IT50,30.1329000930458,38,2025-12-14,2025-12-21,1.0,-1.0,2025-12-21,2025-12-21,2025-12-28,1.0,61.1,61.1,0.0,persistence/post_covid
persistence,post_covid,1,Jamaica Plain,2025-26,0.9,IT90,48.93353508945714,38,2025-12-21,2025-12-28,1.0,-1.0,2025-12-28,2025-12-21,2025-12-28,1.0,61.1,61.1,0.0,persistence/post_covid
persistence,post_covid,1,Jamaica Plain,2025-26,0.98,IT98,66.72678487426273,38,,,,,,2025-12-21,2025-12-28,1.0,61.1,61.1,0.0,persistence/post_covid
persistence,post_covid,1,Mattapan,2024-25,0.5,IT50,75.36060630157071,8,,,,,,2025-06-22,2025-06-01,-3.0,11.3,11.3,0.0,persistence/post_covid
persistence,post_covid,1,Mattapan,2024-25,0.9,IT90,114.4266389550119,8,,,,,,2025-06-22,2025-06-01,-3.0,11.3,11.3,0.0,persistence/post_covid
persistence,post_covid,1,Mattapan,2024-25,0.98,IT98,149.46970387636378,8,,,,,,2025-06-22,2025-06-01,-3.0,11.3,11.3,0.0,persistence/post_covid
persistence,post_covid,1,Mattapan,2025-26,0.5,IT50,75.36060630157071,39,2025-12-21,2025-12-28,1.0,-1.0,2025-12-28,2025-12-28,2026-01-04,1.0,110.3,110.3,0.0,persistence/post_covid
persistence,post_covid,1,Mattapan,2025-26,0.9,IT90,114.4266389550119,39,,,,,,2025-12-28,2026-01-04,1.0,110.3,110.3,0.0,persistence/post_covid
persistence,post_covid,1,Mattapan,2025-26,0.98,IT98,149.46970387636378,39,,,,,,2025-12-28,2026-01-04,1.0,110.3,110.3,0.0,persistence/post_covid
persistence,post_covid,1,Roslindale,2024-25,0.5,IT50,83.12526323754497,7,,,,,,2025-06-22,2025-06-29,1.0,26.2,26.2,0.0,persistence/post_covid
persistence,post_covid,1,Roslindale,2024-25,0.9,IT90,133.65502394030972,7,,,,,,2025-06-22,2025-06-29,1.0,26.2,26.2,0.0,persistence/post_covid
persistence,post_covid,1,Roslindale,2024-25,0.98,IT98,181.10052866383202,7,,,,,,2025-06-22,2025-06-29,1.0,26.2,26.2,0.0,persistence/post_covid
persistence,post_covid,1,Roslindale,2025-26,0.5,IT50,83.12526323754497,35,2025-12-14,2025-12-21,1.0,-1.0,2025-12-21,2025-12-28,2026-01-04,1.0,170.1,170.1,0.0,persistence/post_covid
persistence,post_covid,1,Roslindale,2025-26,0.9,IT90,133.65502394030972,35,2025-12-21,2025-12-28,1.0,-1.0,2025-12-28,2025-12-28,2026-01-04,1.0,170.1,170.1,0.0,persistence/post_covid
persistence,post_covid,1,Roslindale,2025-26,0.98,IT98,181.10052866383202,35,,,,,,2025-12-28,2026-01-04,1.0,170.1,170.1,0.0,persistence/post_covid
persistence,post_covid,1,Roxbury,2024-25,0.5,IT50,138.88545502174753,9,,,,,,2025-06-22,2025-06-29,1.0,29.4,29.4,0.0,persistence/post_covid
persistence,post_covid,1,Roxbury,2024-25,0.9,IT90,231.9483227351807,9,,,,,,2025-06-22,2025-06-29,1.0,29.4,29.4,0.0,persistence/post_covid
persistence,post_covid,1,Roxbury,2024-25,0.98,IT98,322.0096816211373,9,,,,,,2025-06-22,2025-06-29,1.0,29.4,29.4,0.0,persistence/post_covid
persistence,post_covid,1,Roxbury,2025-26,0.5,IT50,138.88545502174753,40,2025-12-14,2025-12-21,1.0,-1.0,2025-12-21,2025-12-21,2025-12-28,1.0,254.7,254.7,0.0,persistence/post_covid
persistence,post_covid,1,Roxbury,2025-26,0.9,IT90,231.9483227351807,40,2025-12-21,2025-12-28,1.0,-1.0,2025-12-28,2025-12-21,2025-12-28,1.0,254.7,254.7,0.0,persistence/post_covid
persistence,post_covid,1,Roxbury,2025-26,0.98,IT98,322.0096816211373,40,,,,,,2025-12-21,2025-12-28,1.0,254.7,254.7,0.0,persistence/post_covid
persistence,post_covid,1,South Boston,2024-25,0.5,IT50,31.63670795756643,7,,,,,,2025-06-15,2025-06-22,1.0,6.3,6.3,0.0,persistence/post_covid
persistence,post_covid,1,South Boston,2024-25,0.9,IT90,60.18982141922808,7,,,,,,2025-06-15,2025-06-22,1.0,6.3,6.3,0.0,persistence/post_covid
persistence,post_covid,1,South Boston,2024-25,0.98,IT98,90.82483767314203,7,,,,,,2025-06-15,2025-06-22,1.0,6.3,6.3,0.0,persistence/post_covid
persistence,post_covid,1,South Boston,2025-26,0.5,IT50,31.63670795756643,35,2025-12-14,2025-12-21,1.0,-1.0,2025-12-21,2025-12-28,2026-01-04,1.0,57.0,57.0,0.0,persistence/post_covid
persistence,post_covid,1,South Boston,2025-26,0.9,IT90,60.18982141922808,35,,,,,,2025-12-28,2026-01-04,1.0,57.0,57.0,0.0,persistence/post_covid
persistence,post_covid,1,South Boston,2025-26,0.98,IT98,90.82483767314203,35,,,,,,2025-12-28,2026-01-04,1.0,57.0,57.0,0.0,persistence/post_covid
persistence,post_covid,1,South End,2024-25,0.5,IT50,82.00792145914704,9,,,,,,2025-06-15,2025-06-22,1.0,17.8,17.8,0.0,persistence/post_covid
persistence,post_covid,1,South End,2024-25,0.9,IT90,134.00251631923587,9,,,,,,2025-06-15,2025-06-22,1.0,17.8,17.8,0.0,persistence/post_covid
persistence,post_covid,1,South End,2024-25,0.98,IT98,183.45444562568642,9,,,,,,2025-06-15,2025-06-22,1.0,17.8,17.8,0.0,persistence/post_covid
persistence,post_covid,1,South End,2025-26,0.5,IT50,82.00792145914704,40,2025-12-14,2025-12-21,1.0,-1.0,2025-12-21,2025-12-14,2025-12-21,1.0,132.3,132.3,0.0,persistence/post_covid
persistence,post_covid,1,South End,2025-26,0.9,IT90,134.00251631923587,40,,,,,,2025-12-14,2025-12-21,1.0,132.3,132.3,0.0,persistence/post_covid
persistence,post_covid,1,South End,2025-26,0.98,IT98,183.45444562568642,40,,,,,,2025-12-14,2025-12-21,1.0,132.3,132.3,0.0,persistence/post_covid
persistence,post_covid,1,West Roxbury,2024-25,0.5,IT50,37.349459967580074,4,,,,,,2025-06-22,2025-06-01,-3.0,11.0,7.3,-3.7,persistence/post_covid
persistence,post_covid,1,West Roxbury,2024-25,0.9,IT90,59.59981304845178,4,,,,,,2025-06-22,2025-06-01,-3.0,11.0,7.3,-3.7,persistence/post_covid
persistence,post_covid,1,West Roxbury,2024-25,0.98,IT98,80.36625284929092,4,,,,,,2025-06-22,2025-06-01,-3.0,11.0,7.3,-3.7,persistence/post_covid
persistence,post_covid,1,West Roxbury,2025-26,0.5,IT50,37.349459967580074,36,2025-12-21,2025-12-28,1.0,-1.0,2025-12-28,2025-12-21,2025-12-28,1.0,88.0,88.0,0.0,persistence/post_covid
persistence,post_covid,1,West Roxbury,2025-26,0.9,IT90,59.59981304845178,36,2025-12-21,2025-12-28,1.0,-1.0,2025-12-28,2025-12-21,2025-12-28,1.0,88.0,88.0,0.0,persistence/post_covid
persistence,post_covid,1,West Roxbury,2025-26,0.98,IT98,80.36625284929092,36,2025-12-21,2025-12-28,1.0,-1.0,2025-12-28,2025-12-21,2025-12-28,1.0,88.0,88.0,0.0,persistence/post_covid
persistence,post_covid,1,CITYWIDE,2024-25,0.5,IT50,60.20679524890062,9,,,,,,2025-06-22,2025-06-29,1.0,9.7,9.292857142857143,-0.4071428571428566,persistence/post_covid
persistence,post_covid,1,CITYWIDE,2024-25,0.9,IT90,98.17566769051967,9,,,,,,2025-06-22,2025-06-29,1.0,9.7,9.292857142857143,-0.4071428571428566,persistence/post_covid
persistence,post_covid,1,CITYWIDE,2024-25,0.98,IT98,134.22833796478614,9,,,,,,2025-06-22,2025-06-29,1.0,9.7,9.292857142857143,-0.4071428571428566,persistence/post_covid
persistence,post_covid,1,CITYWIDE,2025-26,0.5,IT50,60.20679524890062,40,2025-12-14,2025-12-21,1.0,-1.0,2025-12-21,2025-12-21,2025-12-28,1.0,101.93214285714285,101.93214285714285,0.0,persistence/post_covid
persistence,post_covid,1,CITYWIDE,2025-26,0.9,IT90,98.17566769051967,40,2025-12-21,2025-12-28,1.0,-1.0,2025-12-28,2025-12-21,2025-12-28,1.0,101.93214285714285,101.93214285714285,0.0,persistence/post_covid
persistence,post_covid,1,CITYWIDE,2025-26,0.98,IT98,134.22833796478614,40,,,,,,2025-12-21,2025-12-28,1.0,101.93214285714285,101.93214285714285,0.0,persistence/post_covid
seasonal_naive,exclude_covid,1,Allston/Brighton,2024-25,0.5,IT50,43.17201700312734,9,,,,,,2025-06-15,2025-07-20,5.0,5.7,11.3,5.6000000000000005,seasonal_naive/exclude_covid
seasonal_naive,exclude_covid,1,Allston/Brighton,2024-25,0.9,IT90,72.80812661818143,9,,,,,,2025-06-15,2025-07-20,5.0,5.7,11.3,5.6000000000000005,seasonal_naive/exclude_covid
seasonal_naive,exclude_covid,1,Allston/Brighton,2024-25,0.98,IT98,101.71188922331822,9,,,,,,2025-06-15,2025-07-20,5.0,5.7,11.3,5.6000000000000005,seasonal_naive/exclude_covid
seasonal_naive,exclude_covid,1,Allston/Brighton,2025-26,0.5,IT50,43.17201700312734,40,2025-12-14,2026-01-11,4.0,-4.0,2026-01-11,2025-12-21,2026-02-01,6.0,80.6,93.4,12.800000000000011,seasonal_naive/exclude_covid
seasonal_naive,exclude_covid,1,Allston/Brighton,2025-26,0.9,IT90,72.80812661818143,40,2025-12-21,2026-02-01,6.0,-6.0,2026-02-01,2025-12-21,2026-02-01,6.0,80.6,93.4,12.800000000000011,seasonal_naive/exclude_covid
seasonal_naive,exclude_covid,1,Allston/Brighton,2025-26,0.98,IT98,101.71188922331822,40,,,,,,2025-12-21,2026-02-01,6.0,80.6,93.4,12.800000000000011,seasonal_naive/exclude_covid
seasonal_naive,exclude_covid,1,Back Bay/Beacon Hill/Downtown/North End/West End,2024-25,0.5,IT50,32.35361456388361,8,,,,,,2025-06-08,2025-06-08,0.0,3.4,12.0,8.6,seasonal_naive/exclude_covid
seasonal_naive,exclude_covid,1,Back Bay/Beacon Hill/Downtown/North End/West End,2024-25,0.9,IT90,56.35007606954225,8,,,,,,2025-06-08,2025-06-08,0.0,3.4,12.0,8.6,seasonal_naive/exclude_covid
seasonal_naive,exclude_covid,1,Back Bay/Beacon Hill/Downtown/North End/West End,2024-25,0.98,IT98,80.35966190257739,8,,,,,,2025-06-08,2025-06-08,0.0,3.4,12.0,8.6,seasonal_naive/exclude_covid
seasonal_naive,exclude_covid,1,Back Bay/Beacon Hill/Downtown/North End/West End,2025-26,0.5,IT50,32.35361456388361,38,2025-12-21,2026-01-04,2.0,-2.0,2026-01-04,2025-12-21,2026-02-08,7.0,58.1,70.1,11.999999999999993,seasonal_naive/exclude_covid
seasonal_naive,exclude_covid,1,Back Bay/Beacon Hill/Downtown/North End/West End,2025-26,0.9,IT90,56.35007606954225,38,2025-12-21,2026-02-01,6.0,-6.0,2026-02-01,2025-12-21,2026-02-08,7.0,58.1,70.1,11.999999999999993,seasonal_naive/exclude_covid
seasonal_naive,exclude_covid,1,Back Bay/Beacon Hill/Downtown/North End/West End,2025-26,0.98,IT98,80.35966190257739,38,,,,,,2025-12-21,2026-02-08,7.0,58.1,70.1,11.999999999999993,seasonal_naive/exclude_covid
seasonal_naive,exclude_covid,1,Charlestown,2024-25,0.5,IT50,44.544403832795176,3,,,,,,2025-06-01,2025-06-22,3.0,10.3,20.6,10.3,seasonal_naive/exclude_covid
seasonal_naive,exclude_covid,1,Charlestown,2024-25,0.9,IT90,75.51034339625782,3,,,,,,2025-06-01,2025-06-22,3.0,10.3,20.6,10.3,seasonal_naive/exclude_covid
seasonal_naive,exclude_covid,1,Charlestown,2024-25,0.98,IT98,105.83479691598406,3,,,,,,2025-06-01,2025-06-22,3.0,10.3,20.6,10.3,seasonal_naive/exclude_covid
seasonal_naive,exclude_covid,1,Charlestown,2025-26,0.5,IT50,44.544403832795176,32,2025-12-14,2025-12-28,2.0,-2.0,2025-12-28,2025-12-14,2026-02-08,8.0,92.8,92.8,0.0,seasonal_naive/exclude_covid
seasonal_naive,exclude_covid,1,Charlestown,2025-26,0.9,IT90,75.51034339625782,32,2025-12-14,2026-02-01,7.0,-7.0,2026-02-01,2025-12-14,2026-02-08,8.0,92.8,92.8,0.0,seasonal_naive/exclude_covid
seasonal_naive,exclude_covid,1,Charlestown,2025-26,0.98,IT98,105.83479691598406,32,,,,,,2025-12-14,2026-02-08,8.0,92.8,92.8,0.0,seasonal_naive/exclude_covid
seasonal_naive,exclude_covid,1,Dorchester,2024-25,0.5,IT50,157.0086457734027,9,,,,,,2025-06-01,2025-06-01,0.0,24.3,27.1,2.8000000000000007,seasonal_naive/exclude_covid
seasonal_naive,exclude_covid,1,Dorchester,2024-25,0.9,IT90,264.26252974322875,9,,,,,,2025-06-01,2025-06-01,0.0,24.3,27.1,2.8000000000000007,seasonal_naive/exclude_covid
seasonal_naive,exclude_covid,1,Dorchester,2024-25,0.98,IT98,368.7005757586777,9,,,,,,2025-06-01,2025-06-01,0.0,24.3,27.1,2.8000000000000007,seasonal_naive/exclude_covid
seasonal_naive,exclude_covid,1,Dorchester,2025-26,0.5,IT50,157.0086457734027,40,2025-12-14,2026-01-11,4.0,-4.0,2026-01-11,2025-12-21,2026-02-01,6.0,256.15,294.35,38.200000000000045,seasonal_naive/exclude_covid
seasonal_naive,exclude_covid,1,Dorchester,2025-26,0.9,IT90,264.26252974322875,40,,2026-01-18,,,2026-01-18,2025-12-21,2026-02-01,6.0,256.15,294.35,38.200000000000045,seasonal_naive/exclude_covid
seasonal_naive,exclude_covid,1,Dorchester,2025-26,0.98,IT98,368.7005757586777,40,,,,,,2025-12-21,2026-02-01,6.0,256.15,294.35,38.200000000000045,seasonal_naive/exclude_covid
seasonal_naive,exclude_covid,1,East Boston,2024-25,0.5,IT50,32.38969817502224,6,,,,,,2025-06-15,2025-06-01,-2.0,3.1,7.8,4.699999999999999,seasonal_naive/exclude_covid
seasonal_naive,exclude_covid,1,East Boston,2024-25,0.9,IT90,56.982258100156095,6,,,,,,2025-06-15,2025-06-01,-2.0,3.1,7.8,4.699999999999999,seasonal_naive/exclude_covid
seasonal_naive,exclude_covid,1,East Boston,2024-25,0.98,IT98,81.78485877953806,6,,,,,,2025-06-15,2025-06-01,-2.0,3.1,7.8,4.699999999999999,seasonal_naive/exclude_covid
seasonal_naive,exclude_covid,1,East Boston,2025-26,0.5,IT50,32.38969817502224,38,2025-12-14,2026-01-18,5.0,-5.0,2026-01-18,2025-12-28,2026-01-25,4.0,59.3,81.1,21.799999999999997,seasonal_naive/exclude_covid
seasonal_naive,exclude_covid,1,East Boston,2025-26,0.9,IT90,56.982258100156095,38,2025-12-28,2026-01-25,4.0,-4.0,2026-01-25,2025-12-28,2026-01-25,4.0,59.3,81.1,21.799999999999997,seasonal_naive/exclude_covid
seasonal_naive,exclude_covid,1,East Boston,2025-26,0.98,IT98,81.78485877953806,38,,,,,,2025-12-28,2026-01-25,4.0,59.3,81.1,21.799999999999997,seasonal_naive/exclude_covid
seasonal_naive,exclude_covid,1,Fenway,2024-25,0.5,IT50,19.789042860168028,7,,,,,,2025-06-01,2025-06-01,0.0,5.3,7.9,2.6000000000000005,seasonal_naive/exclude_covid
seasonal_naive,exclude_covid,1,Fenway,2024-25,0.9,IT90,31.717921949528318,7,,,,,,2025-06-01,2025-06-01,0.0,5.3,7.9,2.6000000000000005,seasonal_naive/exclude_covid
seasonal_naive,exclude_covid,1,Fenway,2024-25,0.98,IT98,42.89052071415166,7,,,,,,2025-06-01,2025-06-01,0.0,5.3,7.9,2.6000000000000005,seasonal_naive/exclude_covid
seasonal_naive,exclude_covid,1,Fenway,2025-26,0.5,IT50,19.789042860168028,36,2025-12-14,2026-01-18,5.0,-5.0,2026-01-18,2026-01-04,2026-02-01,4.0,21.1,56.8,35.699999999999996,seasonal_naive/exclude_covid
seasonal_naive,exclude_covid,1,Fenway,2025-26,0.9,IT90,31.717921949528318,36,,2026-02-01,,,2026-02-01,2026-01-04,2026-02-01,4.0,21.1,56.8,35.699999999999996,seasonal_naive/exclude_covid
seasonal_naive,exclude_covid,1,Fenway,2025-26,0.98,IT98,42.89052071415166,36,,2026-02-01,,,2026-02-01,2026-01-04,2026-02-01,4.0,21.1,56.8,35.699999999999996,seasonal_naive/exclude_covid
seasonal_naive,exclude_covid,1,Hyde Park,2024-25,0.5,IT50,59.73762940735334,7,,,,,,2025-06-22,2025-06-01,-3.0,6.9,13.8,6.9,seasonal_naive/exclude_covid
seasonal_naive,exclude_covid,1,Hyde Park,2024-25,0.9,IT90,98.70163927662223,7,,,,,,2025-06-22,2025-06-01,-3.0,6.9,13.8,6.9,seasonal_naive/exclude_covid
seasonal_naive,exclude_covid,1,Hyde Park,2024-25,0.98,IT98,136.08880333365826,7,,,,,,2025-06-22,2025-06-01,-3.0,6.9,13.8,6.9,seasonal_naive/exclude_covid
seasonal_naive,exclude_covid,1,Hyde Park,2025-26,0.5,IT50,59.73762940735334,39,2025-12-14,2026-01-11,4.0,-4.0,2026-01-11,2025-12-21,2026-02-01,6.0,94.6,117.7,23.10000000000001,seasonal_naive/exclude_covid
seasonal_naive,exclude_covid,1,Hyde Park,2025-26,0.9,IT90,98.70163927662223,39,,2026-01-25,,,2026-01-25,2025-12-21,2026-02-01,6.0,94.6,117.7,23.10000000000001,seasonal_naive/exclude_covid
seasonal_naive,exclude_covid,1,Hyde Park,2025-26,0.98,IT98,136.08880333365826,39,,,,,,2025-12-21,2026-02-01,6.0,94.6,117.7,23.10000000000001,seasonal_naive/exclude_covid
seasonal_naive,exclude_covid,1,Jamaica Plain,2024-25,0.5,IT50,30.1329000930458,8,,,,,,2025-06-08,2025-07-20,6.0,6.8,5.1,-1.7000000000000002,seasonal_naive/exclude_covid
seasonal_naive,exclude_covid,1,Jamaica Plain,2024-25,0.9,IT90,48.93353508945714,8,,,,,,2025-06-08,2025-07-20,6.0,6.8,5.1,-1.7000000000000002,seasonal_naive/exclude_covid
seasonal_naive,exclude_covid,1,Jamaica Plain,2024-25,0.98,IT98,66.72678487426273,8,,,,,,2025-06-08,2025-07-20,6.0,6.8,5.1,-1.7000000000000002,seasonal_naive/exclude_covid
seasonal_naive,exclude_covid,1,Jamaica Plain,2025-26,0.5,IT50,30.1329000930458,38,2025-12-14,2026-01-11,4.0,-4.0,2026-01-11,2025-12-21,2026-02-01,6.0,61.1,66.2,5.100000000000001,seasonal_naive/exclude_covid
seasonal_naive,exclude_covid,1,Jamaica Plain,2025-26,0.9,IT90,48.93353508945714,38,2025-12-21,2026-02-01,6.0,-6.0,2026-02-01,2025-12-21,2026-02-01,6.0,61.1,66.2,5.100000000000001,seasonal_naive/exclude_covid
seasonal_naive,exclude_covid,1,Jamaica Plain,2025-26,0.98,IT98,66.72678487426273,38,,,,,,2025-12-21,2026-02-01,6.0,61.1,66.2,5.100000000000001,seasonal_naive/exclude_covid
seasonal_naive,exclude_covid,1,Mattapan,2024-25,0.5,IT50,75.36060630157071,8,,,,,,2025-06-22,2025-07-27,5.0,11.3,19.8,8.5,seasonal_naive/exclude_covid
seasonal_naive,exclude_covid,1,Mattapan,2024-25,0.9,IT90,114.4266389550119,8,,,,,,2025-06-22,2025-07-27,5.0,11.3,19.8,8.5,seasonal_naive/exclude_covid
seasonal_naive,exclude_covid,1,Mattapan,2024-25,0.98,IT98,149.46970387636378,8,,,,,,2025-06-22,2025-07-27,5.0,11.3,19.8,8.5,seasonal_naive/exclude_covid
seasonal_naive,exclude_covid,1,Mattapan,2025-26,0.5,IT50,75.36060630157071,39,2025-12-21,2025-12-28,1.0,-1.0,2025-12-28,2025-12-28,2026-02-01,5.0,110.3,166.9,56.60000000000001,seasonal_naive/exclude_covid
seasonal_naive,exclude_covid,1,Mattapan,2025-26,0.9,IT90,114.4266389550119,39,,2026-01-18,,,2026-01-18,2025-12-28,2026-02-01,5.0,110.3,166.9,56.60000000000001,seasonal_naive/exclude_covid
seasonal_naive,exclude_covid,1,Mattapan,2025-26,0.98,IT98,149.46970387636378,39,,2026-02-01,,,2026-02-01,2025-12-28,2026-02-01,5.0,110.3,166.9,56.60000000000001,seasonal_naive/exclude_covid
seasonal_naive,exclude_covid,1,Roslindale,2024-25,0.5,IT50,83.12526323754497,7,,,,,,2025-06-22,2025-07-13,3.0,26.2,34.9,8.7,seasonal_naive/exclude_covid
seasonal_naive,exclude_covid,1,Roslindale,2024-25,0.9,IT90,133.65502394030972,7,,,,,,2025-06-22,2025-07-13,3.0,26.2,34.9,8.7,seasonal_naive/exclude_covid
seasonal_naive,exclude_covid,1,Roslindale,2024-25,0.98,IT98,181.10052866383202,7,,,,,,2025-06-22,2025-07-13,3.0,26.2,34.9,8.7,seasonal_naive/exclude_covid
seasonal_naive,exclude_covid,1,Roslindale,2025-26,0.5,IT50,83.12526323754497,35,2025-12-14,2026-01-11,4.0,-4.0,2026-01-11,2025-12-28,2026-02-01,5.0,170.1,187.6,17.5,seasonal_naive/exclude_covid
seasonal_naive,exclude_covid,1,Roslindale,2025-26,0.9,IT90,133.65502394030972,35,2025-12-21,2026-01-18,4.0,-4.0,2026-01-18,2025-12-28,2026-02-01,5.0,170.1,187.6,17.5,seasonal_naive/exclude_covid
seasonal_naive,exclude_covid,1,Roslindale,2025-26,0.98,IT98,181.10052866383202,35,,2026-02-01,,,2026-02-01,2025-12-28,2026-02-01,5.0,170.1,187.6,17.5,seasonal_naive/exclude_covid
seasonal_naive,exclude_covid,1,Roxbury,2024-25,0.5,IT50,138.88545502174753,9,,,,,,2025-06-22,2025-06-22,0.0,29.4,26.1,-3.299999999999997,seasonal_naive/exclude_covid
seasonal_naive,exclude_covid,1,Roxbury,2024-25,0.9,IT90,231.9483227351807,9,,,,,,2025-06-22,2025-06-22,0.0,29.4,26.1,-3.299999999999997,seasonal_naive/exclude_covid
seasonal_naive,exclude_covid,1,Roxbury,2024-25,0.98,IT98,322.0096816211373,9,,,,,,2025-06-22,2025-06-22,0.0,29.4,26.1,-3.299999999999997,seasonal_naive/exclude_covid
seasonal_naive,exclude_covid,1,Roxbury,2025-26,0.5,IT50,138.88545502174753,40,2025-12-14,2026-01-11,4.0,-4.0,2026-01-11,2025-12-21,2026-02-01,6.0,254.7,271.1,16.400000000000034,seasonal_naive/exclude_covid
seasonal_naive,exclude_covid,1,Roxbury,2025-26,0.9,IT90,231.9483227351807,40,2025-12-21,2026-01-18,4.0,-4.0,2026-01-18,2025-12-21,2026-02-01,6.0,254.7,271.1,16.400000000000034,seasonal_naive/exclude_covid
seasonal_naive,exclude_covid,1,Roxbury,2025-26,0.98,IT98,322.0096816211373,40,,,,,,2025-12-21,2026-02-01,6.0,254.7,271.1,16.400000000000034,seasonal_naive/exclude_covid
seasonal_naive,exclude_covid,1,South Boston,2024-25,0.5,IT50,31.63670795756643,7,,,,,,2025-06-15,2025-06-22,1.0,6.3,4.2,-2.0999999999999996,seasonal_naive/exclude_covid
seasonal_naive,exclude_covid,1,South Boston,2024-25,0.9,IT90,60.18982141922808,7,,,,,,2025-06-15,2025-06-22,1.0,6.3,4.2,-2.0999999999999996,seasonal_naive/exclude_covid
seasonal_naive,exclude_covid,1,South Boston,2024-25,0.98,IT98,90.82483767314203,7,,,,,,2025-06-15,2025-06-22,1.0,6.3,4.2,-2.0999999999999996,seasonal_naive/exclude_covid
seasonal_naive,exclude_covid,1,South Boston,2025-26,0.5,IT50,31.63670795756643,35,2025-12-14,2026-01-18,5.0,-5.0,2026-01-18,2025-12-28,2026-01-25,4.0,57.0,86.5,29.5,seasonal_naive/exclude_covid
seasonal_naive,exclude_covid,1,South Boston,2025-26,0.9,IT90,60.18982141922808,35,,2026-01-25,,,2026-01-25,2025-12-28,2026-01-25,4.0,57.0,86.5,29.5,seasonal_naive/exclude_covid
seasonal_naive,exclude_covid,1,South Boston,2025-26,0.98,IT98,90.82483767314203,35,,,,,,2025-12-28,2026-01-25,4.0,57.0,86.5,29.5,seasonal_naive/exclude_covid
seasonal_naive,exclude_covid,1,South End,2024-25,0.5,IT50,82.00792145914704,9,,,,,,2025-06-15,2025-06-29,2.0,17.8,22.9,5.099999999999998,seasonal_naive/exclude_covid
seasonal_naive,exclude_covid,1,South End,2024-25,0.9,IT90,134.00251631923587,9,,,,,,2025-06-15,2025-06-29,2.0,17.8,22.9,5.099999999999998,seasonal_naive/exclude_covid
seasonal_naive,exclude_covid,1,South End,2024-25,0.98,IT98,183.45444562568642,9,,,,,,2025-06-15,2025-06-29,2.0,17.8,22.9,5.099999999999998,seasonal_naive/exclude_covid
seasonal_naive,exclude_covid,1,South End,2025-26,0.5,IT50,82.00792145914704,40,2025-12-14,2026-01-11,4.0,-4.0,2026-01-11,2025-12-14,2026-02-01,7.0,132.3,165.4,33.099999999999994,seasonal_naive/exclude_covid
seasonal_naive,exclude_covid,1,South End,2025-26,0.9,IT90,134.00251631923587,40,,2026-01-25,,,2026-01-25,2025-12-14,2026-02-01,7.0,132.3,165.4,33.099999999999994,seasonal_naive/exclude_covid
seasonal_naive,exclude_covid,1,South End,2025-26,0.98,IT98,183.45444562568642,40,,,,,,2025-12-14,2026-02-01,7.0,132.3,165.4,33.099999999999994,seasonal_naive/exclude_covid
seasonal_naive,exclude_covid,1,West Roxbury,2024-25,0.5,IT50,37.349459967580074,4,,,,,,2025-06-22,2025-06-01,-3.0,11.0,3.7,-7.3,seasonal_naive/exclude_covid
seasonal_naive,exclude_covid,1,West Roxbury,2024-25,0.9,IT90,59.59981304845178,4,,,,,,2025-06-22,2025-06-01,-3.0,11.0,3.7,-7.3,seasonal_naive/exclude_covid
seasonal_naive,exclude_covid,1,West Roxbury,2024-25,0.98,IT98,80.36625284929092,4,,,,,,2025-06-22,2025-06-01,-3.0,11.0,3.7,-7.3,seasonal_naive/exclude_covid
seasonal_naive,exclude_covid,1,West Roxbury,2025-26,0.5,IT50,37.349459967580074,36,2025-12-21,2026-01-04,2.0,-2.0,2026-01-04,2025-12-21,2026-01-25,5.0,88.0,69.7,-18.299999999999997,seasonal_naive/exclude_covid
seasonal_naive,exclude_covid,1,West Roxbury,2025-26,0.9,IT90,59.59981304845178,36,2025-12-21,2026-01-25,5.0,-5.0,2026-01-25,2025-12-21,2026-01-25,5.0,88.0,69.7,-18.299999999999997,seasonal_naive/exclude_covid
seasonal_naive,exclude_covid,1,West Roxbury,2025-26,0.98,IT98,80.36625284929092,36,2025-12-21,,,,,2025-12-21,2026-01-25,5.0,88.0,69.7,-18.299999999999997,seasonal_naive/exclude_covid
seasonal_naive,exclude_covid,1,CITYWIDE,2024-25,0.5,IT50,60.20679524890062,9,,,,,,2025-06-22,2025-06-29,1.0,9.7,9.803571428571429,0.10357142857142954,seasonal_naive/exclude_covid
seasonal_naive,exclude_covid,1,CITYWIDE,2024-25,0.9,IT90,98.17566769051967,9,,,,,,2025-06-22,2025-06-29,1.0,9.7,9.803571428571429,0.10357142857142954,seasonal_naive/exclude_covid
seasonal_naive,exclude_covid,1,CITYWIDE,2024-25,0.98,IT98,134.22833796478614,9,,,,,,2025-06-22,2025-06-29,1.0,9.7,9.803571428571429,0.10357142857142954,seasonal_naive/exclude_covid
seasonal_naive,exclude_covid,1,CITYWIDE,2025-26,0.5,IT50,60.20679524890062,40,2025-12-14,2026-01-11,4.0,-4.0,2026-01-11,2025-12-21,2026-02-01,6.0,101.93214285714285,127.23214285714286,25.30000000000001,seasonal_naive/exclude_covid
seasonal_naive,exclude_covid,1,CITYWIDE,2025-26,0.9,IT90,98.17566769051967,40,2025-12-21,2026-01-25,5.0,-5.0,2026-01-25,2025-12-21,2026-02-01,6.0,101.93214285714285,127.23214285714286,25.30000000000001,seasonal_naive/exclude_covid
seasonal_naive,exclude_covid,1,CITYWIDE,2025-26,0.98,IT98,134.22833796478614,40,,,,,,2025-12-21,2026-02-01,6.0,101.93214285714285,127.23214285714286,25.30000000000001,seasonal_naive/exclude_covid
seasonal_naive,post_covid,1,Allston/Brighton,2024-25,0.5,IT50,43.17201700312734,9,,,,,,2025-06-15,2025-07-20,5.0,5.7,11.3,5.6000000000000005,seasonal_naive/post_covid
seasonal_naive,post_covid,1,Allston/Brighton,2024-25,0.9,IT90,72.80812661818143,9,,,,,,2025-06-15,2025-07-20,5.0,5.7,11.3,5.6000000000000005,seasonal_naive/post_covid
seasonal_naive,post_covid,1,Allston/Brighton,2024-25,0.98,IT98,101.71188922331822,9,,,,,,2025-06-15,2025-07-20,5.0,5.7,11.3,5.6000000000000005,seasonal_naive/post_covid
seasonal_naive,post_covid,1,Allston/Brighton,2025-26,0.5,IT50,43.17201700312734,40,2025-12-14,2026-01-11,4.0,-4.0,2026-01-11,2025-12-21,2026-02-01,6.0,80.6,93.4,12.800000000000011,seasonal_naive/post_covid
seasonal_naive,post_covid,1,Allston/Brighton,2025-26,0.9,IT90,72.80812661818143,40,2025-12-21,2026-02-01,6.0,-6.0,2026-02-01,2025-12-21,2026-02-01,6.0,80.6,93.4,12.800000000000011,seasonal_naive/post_covid
seasonal_naive,post_covid,1,Allston/Brighton,2025-26,0.98,IT98,101.71188922331822,40,,,,,,2025-12-21,2026-02-01,6.0,80.6,93.4,12.800000000000011,seasonal_naive/post_covid
seasonal_naive,post_covid,1,Back Bay/Beacon Hill/Downtown/North End/West End,2024-25,0.5,IT50,32.35361456388361,8,,,,,,2025-06-08,2025-06-08,0.0,3.4,12.0,8.6,seasonal_naive/post_covid
seasonal_naive,post_covid,1,Back Bay/Beacon Hill/Downtown/North End/West End,2024-25,0.9,IT90,56.35007606954225,8,,,,,,2025-06-08,2025-06-08,0.0,3.4,12.0,8.6,seasonal_naive/post_covid
seasonal_naive,post_covid,1,Back Bay/Beacon Hill/Downtown/North End/West End,2024-25,0.98,IT98,80.35966190257739,8,,,,,,2025-06-08,2025-06-08,0.0,3.4,12.0,8.6,seasonal_naive/post_covid
seasonal_naive,post_covid,1,Back Bay/Beacon Hill/Downtown/North End/West End,2025-26,0.5,IT50,32.35361456388361,38,2025-12-21,2026-01-04,2.0,-2.0,2026-01-04,2025-12-21,2026-02-08,7.0,58.1,70.1,11.999999999999993,seasonal_naive/post_covid
seasonal_naive,post_covid,1,Back Bay/Beacon Hill/Downtown/North End/West End,2025-26,0.9,IT90,56.35007606954225,38,2025-12-21,2026-02-01,6.0,-6.0,2026-02-01,2025-12-21,2026-02-08,7.0,58.1,70.1,11.999999999999993,seasonal_naive/post_covid
seasonal_naive,post_covid,1,Back Bay/Beacon Hill/Downtown/North End/West End,2025-26,0.98,IT98,80.35966190257739,38,,,,,,2025-12-21,2026-02-08,7.0,58.1,70.1,11.999999999999993,seasonal_naive/post_covid
seasonal_naive,post_covid,1,Charlestown,2024-25,0.5,IT50,44.544403832795176,3,,,,,,2025-06-01,2025-06-22,3.0,10.3,20.6,10.3,seasonal_naive/post_covid
seasonal_naive,post_covid,1,Charlestown,2024-25,0.9,IT90,75.51034339625782,3,,,,,,2025-06-01,2025-06-22,3.0,10.3,20.6,10.3,seasonal_naive/post_covid
seasonal_naive,post_covid,1,Charlestown,2024-25,0.98,IT98,105.83479691598406,3,,,,,,2025-06-01,2025-06-22,3.0,10.3,20.6,10.3,seasonal_naive/post_covid
seasonal_naive,post_covid,1,Charlestown,2025-26,0.5,IT50,44.544403832795176,32,2025-12-14,2025-12-28,2.0,-2.0,2025-12-28,2025-12-14,2026-02-08,8.0,92.8,92.8,0.0,seasonal_naive/post_covid
seasonal_naive,post_covid,1,Charlestown,2025-26,0.9,IT90,75.51034339625782,32,2025-12-14,2026-02-01,7.0,-7.0,2026-02-01,2025-12-14,2026-02-08,8.0,92.8,92.8,0.0,seasonal_naive/post_covid
seasonal_naive,post_covid,1,Charlestown,2025-26,0.98,IT98,105.83479691598406,32,,,,,,2025-12-14,2026-02-08,8.0,92.8,92.8,0.0,seasonal_naive/post_covid
seasonal_naive,post_covid,1,Dorchester,2024-25,0.5,IT50,157.0086457734027,9,,,,,,2025-06-01,2025-06-01,0.0,24.3,27.1,2.8000000000000007,seasonal_naive/post_covid
seasonal_naive,post_covid,1,Dorchester,2024-25,0.9,IT90,264.26252974322875,9,,,,,,2025-06-01,2025-06-01,0.0,24.3,27.1,2.8000000000000007,seasonal_naive/post_covid
seasonal_naive,post_covid,1,Dorchester,2024-25,0.98,IT98,368.7005757586777,9,,,,,,2025-06-01,2025-06-01,0.0,24.3,27.1,2.8000000000000007,seasonal_naive/post_covid
seasonal_naive,post_covid,1,Dorchester,2025-26,0.5,IT50,157.0086457734027,40,2025-12-14,2026-01-11,4.0,-4.0,2026-01-11,2025-12-21,2026-02-01,6.0,256.15,294.35,38.200000000000045,seasonal_naive/post_covid
seasonal_naive,post_covid,1,Dorchester,2025-26,0.9,IT90,264.26252974322875,40,,2026-01-18,,,2026-01-18,2025-12-21,2026-02-01,6.0,256.15,294.35,38.200000000000045,seasonal_naive/post_covid
seasonal_naive,post_covid,1,Dorchester,2025-26,0.98,IT98,368.7005757586777,40,,,,,,2025-12-21,2026-02-01,6.0,256.15,294.35,38.200000000000045,seasonal_naive/post_covid
seasonal_naive,post_covid,1,East Boston,2024-25,0.5,IT50,32.38969817502224,6,,,,,,2025-06-15,2025-06-01,-2.0,3.1,7.8,4.699999999999999,seasonal_naive/post_covid
seasonal_naive,post_covid,1,East Boston,2024-25,0.9,IT90,56.982258100156095,6,,,,,,2025-06-15,2025-06-01,-2.0,3.1,7.8,4.699999999999999,seasonal_naive/post_covid
seasonal_naive,post_covid,1,East Boston,2024-25,0.98,IT98,81.78485877953806,6,,,,,,2025-06-15,2025-06-01,-2.0,3.1,7.8,4.699999999999999,seasonal_naive/post_covid
seasonal_naive,post_covid,1,East Boston,2025-26,0.5,IT50,32.38969817502224,38,2025-12-14,2026-01-18,5.0,-5.0,2026-01-18,2025-12-28,2026-01-25,4.0,59.3,81.1,21.799999999999997,seasonal_naive/post_covid
seasonal_naive,post_covid,1,East Boston,2025-26,0.9,IT90,56.982258100156095,38,2025-12-28,2026-01-25,4.0,-4.0,2026-01-25,2025-12-28,2026-01-25,4.0,59.3,81.1,21.799999999999997,seasonal_naive/post_covid
seasonal_naive,post_covid,1,East Boston,2025-26,0.98,IT98,81.78485877953806,38,,,,,,2025-12-28,2026-01-25,4.0,59.3,81.1,21.799999999999997,seasonal_naive/post_covid
seasonal_naive,post_covid,1,Fenway,2024-25,0.5,IT50,19.789042860168028,7,,,,,,2025-06-01,2025-06-01,0.0,5.3,7.9,2.6000000000000005,seasonal_naive/post_covid
seasonal_naive,post_covid,1,Fenway,2024-25,0.9,IT90,31.717921949528318,7,,,,,,2025-06-01,2025-06-01,0.0,5.3,7.9,2.6000000000000005,seasonal_naive/post_covid
seasonal_naive,post_covid,1,Fenway,2024-25,0.98,IT98,42.89052071415166,7,,,,,,2025-06-01,2025-06-01,0.0,5.3,7.9,2.6000000000000005,seasonal_naive/post_covid
seasonal_naive,post_covid,1,Fenway,2025-26,0.5,IT50,19.789042860168028,36,2025-12-14,2026-01-18,5.0,-5.0,2026-01-18,2026-01-04,2026-02-01,4.0,21.1,56.8,35.699999999999996,seasonal_naive/post_covid
seasonal_naive,post_covid,1,Fenway,2025-26,0.9,IT90,31.717921949528318,36,,2026-02-01,,,2026-02-01,2026-01-04,2026-02-01,4.0,21.1,56.8,35.699999999999996,seasonal_naive/post_covid
seasonal_naive,post_covid,1,Fenway,2025-26,0.98,IT98,42.89052071415166,36,,2026-02-01,,,2026-02-01,2026-01-04,2026-02-01,4.0,21.1,56.8,35.699999999999996,seasonal_naive/post_covid
seasonal_naive,post_covid,1,Hyde Park,2024-25,0.5,IT50,59.73762940735334,7,,,,,,2025-06-22,2025-06-01,-3.0,6.9,13.8,6.9,seasonal_naive/post_covid
seasonal_naive,post_covid,1,Hyde Park,2024-25,0.9,IT90,98.70163927662223,7,,,,,,2025-06-22,2025-06-01,-3.0,6.9,13.8,6.9,seasonal_naive/post_covid
seasonal_naive,post_covid,1,Hyde Park,2024-25,0.98,IT98,136.08880333365826,7,,,,,,2025-06-22,2025-06-01,-3.0,6.9,13.8,6.9,seasonal_naive/post_covid
seasonal_naive,post_covid,1,Hyde Park,2025-26,0.5,IT50,59.73762940735334,39,2025-12-14,2026-01-11,4.0,-4.0,2026-01-11,2025-12-21,2026-02-01,6.0,94.6,117.7,23.10000000000001,seasonal_naive/post_covid
seasonal_naive,post_covid,1,Hyde Park,2025-26,0.9,IT90,98.70163927662223,39,,2026-01-25,,,2026-01-25,2025-12-21,2026-02-01,6.0,94.6,117.7,23.10000000000001,seasonal_naive/post_covid
seasonal_naive,post_covid,1,Hyde Park,2025-26,0.98,IT98,136.08880333365826,39,,,,,,2025-12-21,2026-02-01,6.0,94.6,117.7,23.10000000000001,seasonal_naive/post_covid
seasonal_naive,post_covid,1,Jamaica Plain,2024-25,0.5,IT50,30.1329000930458,8,,,,,,2025-06-08,2025-07-20,6.0,6.8,5.1,-1.7000000000000002,seasonal_naive/post_covid
seasonal_naive,post_covid,1,Jamaica Plain,2024-25,0.9,IT90,48.93353508945714,8,,,,,,2025-06-08,2025-07-20,6.0,6.8,5.1,-1.7000000000000002,seasonal_naive/post_covid
seasonal_naive,post_covid,1,Jamaica Plain,2024-25,0.98,IT98,66.72678487426273,8,,,,,,2025-06-08,2025-07-20,6.0,6.8,5.1,-1.7000000000000002,seasonal_naive/post_covid
seasonal_naive,post_covid,1,Jamaica Plain,2025-26,0.5,IT50,30.1329000930458,38,2025-12-14,2026-01-11,4.0,-4.0,2026-01-11,2025-12-21,2026-02-01,6.0,61.1,66.2,5.100000000000001,seasonal_naive/post_covid
seasonal_naive,post_covid,1,Jamaica Plain,2025-26,0.9,IT90,48.93353508945714,38,2025-12-21,2026-02-01,6.0,-6.0,2026-02-01,2025-12-21,2026-02-01,6.0,61.1,66.2,5.100000000000001,seasonal_naive/post_covid
seasonal_naive,post_covid,1,Jamaica Plain,2025-26,0.98,IT98,66.72678487426273,38,,,,,,2025-12-21,2026-02-01,6.0,61.1,66.2,5.100000000000001,seasonal_naive/post_covid
seasonal_naive,post_covid,1,Mattapan,2024-25,0.5,IT50,75.36060630157071,8,,,,,,2025-06-22,2025-07-27,5.0,11.3,19.8,8.5,seasonal_naive/post_covid
seasonal_naive,post_covid,1,Mattapan,2024-25,0.9,IT90,114.4266389550119,8,,,,,,2025-06-22,2025-07-27,5.0,11.3,19.8,8.5,seasonal_naive/post_covid
seasonal_naive,post_covid,1,Mattapan,2024-25,0.98,IT98,149.46970387636378,8,,,,,,2025-06-22,2025-07-27,5.0,11.3,19.8,8.5,seasonal_naive/post_covid
seasonal_naive,post_covid,1,Mattapan,2025-26,0.5,IT50,75.36060630157071,39,2025-12-21,2025-12-28,1.0,-1.0,2025-12-28,2025-12-28,2026-02-01,5.0,110.3,166.9,56.60000000000001,seasonal_naive/post_covid
seasonal_naive,post_covid,1,Mattapan,2025-26,0.9,IT90,114.4266389550119,39,,2026-01-18,,,2026-01-18,2025-12-28,2026-02-01,5.0,110.3,166.9,56.60000000000001,seasonal_naive/post_covid
seasonal_naive,post_covid,1,Mattapan,2025-26,0.98,IT98,149.46970387636378,39,,2026-02-01,,,2026-02-01,2025-12-28,2026-02-01,5.0,110.3,166.9,56.60000000000001,seasonal_naive/post_covid
seasonal_naive,post_covid,1,Roslindale,2024-25,0.5,IT50,83.12526323754497,7,,,,,,2025-06-22,2025-07-13,3.0,26.2,34.9,8.7,seasonal_naive/post_covid
seasonal_naive,post_covid,1,Roslindale,2024-25,0.9,IT90,133.65502394030972,7,,,,,,2025-06-22,2025-07-13,3.0,26.2,34.9,8.7,seasonal_naive/post_covid
seasonal_naive,post_covid,1,Roslindale,2024-25,0.98,IT98,181.10052866383202,7,,,,,,2025-06-22,2025-07-13,3.0,26.2,34.9,8.7,seasonal_naive/post_covid
seasonal_naive,post_covid,1,Roslindale,2025-26,0.5,IT50,83.12526323754497,35,2025-12-14,2026-01-11,4.0,-4.0,2026-01-11,2025-12-28,2026-02-01,5.0,170.1,187.6,17.5,seasonal_naive/post_covid
seasonal_naive,post_covid,1,Roslindale,2025-26,0.9,IT90,133.65502394030972,35,2025-12-21,2026-01-18,4.0,-4.0,2026-01-18,2025-12-28,2026-02-01,5.0,170.1,187.6,17.5,seasonal_naive/post_covid
seasonal_naive,post_covid,1,Roslindale,2025-26,0.98,IT98,181.10052866383202,35,,2026-02-01,,,2026-02-01,2025-12-28,2026-02-01,5.0,170.1,187.6,17.5,seasonal_naive/post_covid
seasonal_naive,post_covid,1,Roxbury,2024-25,0.5,IT50,138.88545502174753,9,,,,,,2025-06-22,2025-06-22,0.0,29.4,26.1,-3.299999999999997,seasonal_naive/post_covid
seasonal_naive,post_covid,1,Roxbury,2024-25,0.9,IT90,231.9483227351807,9,,,,,,2025-06-22,2025-06-22,0.0,29.4,26.1,-3.299999999999997,seasonal_naive/post_covid
seasonal_naive,post_covid,1,Roxbury,2024-25,0.98,IT98,322.0096816211373,9,,,,,,2025-06-22,2025-06-22,0.0,29.4,26.1,-3.299999999999997,seasonal_naive/post_covid
seasonal_naive,post_covid,1,Roxbury,2025-26,0.5,IT50,138.88545502174753,40,2025-12-14,2026-01-11,4.0,-4.0,2026-01-11,2025-12-21,2026-02-01,6.0,254.7,271.1,16.400000000000034,seasonal_naive/post_covid
seasonal_naive,post_covid,1,Roxbury,2025-26,0.9,IT90,231.9483227351807,40,2025-12-21,2026-01-18,4.0,-4.0,2026-01-18,2025-12-21,2026-02-01,6.0,254.7,271.1,16.400000000000034,seasonal_naive/post_covid
seasonal_naive,post_covid,1,Roxbury,2025-26,0.98,IT98,322.0096816211373,40,,,,,,2025-12-21,2026-02-01,6.0,254.7,271.1,16.400000000000034,seasonal_naive/post_covid
seasonal_naive,post_covid,1,South Boston,2024-25,0.5,IT50,31.63670795756643,7,,,,,,2025-06-15,2025-06-22,1.0,6.3,4.2,-2.0999999999999996,seasonal_naive/post_covid
seasonal_naive,post_covid,1,South Boston,2024-25,0.9,IT90,60.18982141922808,7,,,,,,2025-06-15,2025-06-22,1.0,6.3,4.2,-2.0999999999999996,seasonal_naive/post_covid
seasonal_naive,post_covid,1,South Boston,2024-25,0.98,IT98,90.82483767314203,7,,,,,,2025-06-15,2025-06-22,1.0,6.3,4.2,-2.0999999999999996,seasonal_naive/post_covid
seasonal_naive,post_covid,1,South Boston,2025-26,0.5,IT50,31.63670795756643,35,2025-12-14,2026-01-18,5.0,-5.0,2026-01-18,2025-12-28,2026-01-25,4.0,57.0,86.5,29.5,seasonal_naive/post_covid
seasonal_naive,post_covid,1,South Boston,2025-26,0.9,IT90,60.18982141922808,35,,2026-01-25,,,2026-01-25,2025-12-28,2026-01-25,4.0,57.0,86.5,29.5,seasonal_naive/post_covid
seasonal_naive,post_covid,1,South Boston,2025-26,0.98,IT98,90.82483767314203,35,,,,,,2025-12-28,2026-01-25,4.0,57.0,86.5,29.5,seasonal_naive/post_covid
seasonal_naive,post_covid,1,South End,2024-25,0.5,IT50,82.00792145914704,9,,,,,,2025-06-15,2025-06-29,2.0,17.8,22.9,5.099999999999998,seasonal_naive/post_covid
seasonal_naive,post_covid,1,South End,2024-25,0.9,IT90,134.00251631923587,9,,,,,,2025-06-15,2025-06-29,2.0,17.8,22.9,5.099999999999998,seasonal_naive/post_covid
seasonal_naive,post_covid,1,South End,2024-25,0.98,IT98,183.45444562568642,9,,,,,,2025-06-15,2025-06-29,2.0,17.8,22.9,5.099999999999998,seasonal_naive/post_covid
seasonal_naive,post_covid,1,South End,2025-26,0.5,IT50,82.00792145914704,40,2025-12-14,2026-01-11,4.0,-4.0,2026-01-11,2025-12-14,2026-02-01,7.0,132.3,165.4,33.099999999999994,seasonal_naive/post_covid
seasonal_naive,post_covid,1,South End,2025-26,0.9,IT90,134.00251631923587,40,,2026-01-25,,,2026-01-25,2025-12-14,2026-02-01,7.0,132.3,165.4,33.099999999999994,seasonal_naive/post_covid
seasonal_naive,post_covid,1,South End,2025-26,0.98,IT98,183.45444562568642,40,,,,,,2025-12-14,2026-02-01,7.0,132.3,165.4,33.099999999999994,seasonal_naive/post_covid
seasonal_naive,post_covid,1,West Roxbury,2024-25,0.5,IT50,37.349459967580074,4,,,,,,2025-06-22,2025-06-01,-3.0,11.0,3.7,-7.3,seasonal_naive/post_covid
seasonal_naive,post_covid,1,West Roxbury,2024-25,0.9,IT90,59.59981304845178,4,,,,,,2025-06-22,2025-06-01,-3.0,11.0,3.7,-7.3,seasonal_naive/post_covid
seasonal_naive,post_covid,1,West Roxbury,2024-25,0.98,IT98,80.36625284929092,4,,,,,,2025-06-22,2025-06-01,-3.0,11.0,3.7,-7.3,seasonal_naive/post_covid
seasonal_naive,post_covid,1,West Roxbury,2025-26,0.5,IT50,37.349459967580074,36,2025-12-21,2026-01-04,2.0,-2.0,2026-01-04,2025-12-21,2026-01-25,5.0,88.0,69.7,-18.299999999999997,seasonal_naive/post_covid
seasonal_naive,post_covid,1,West Roxbury,2025-26,0.9,IT90,59.59981304845178,36,2025-12-21,2026-01-25,5.0,-5.0,2026-01-25,2025-12-21,2026-01-25,5.0,88.0,69.7,-18.299999999999997,seasonal_naive/post_covid
seasonal_naive,post_covid,1,West Roxbury,2025-26,0.98,IT98,80.36625284929092,36,2025-12-21,,,,,2025-12-21,2026-01-25,5.0,88.0,69.7,-18.299999999999997,seasonal_naive/post_covid
seasonal_naive,post_covid,1,CITYWIDE,2024-25,0.5,IT50,60.20679524890062,9,,,,,,2025-06-22,2025-06-29,1.0,9.7,9.803571428571429,0.10357142857142954,seasonal_naive/post_covid
seasonal_naive,post_covid,1,CITYWIDE,2024-25,0.9,IT90,98.17566769051967,9,,,,,,2025-06-22,2025-06-29,1.0,9.7,9.803571428571429,0.10357142857142954,seasonal_naive/post_covid
seasonal_naive,post_covid,1,CITYWIDE,2024-25,0.98,IT98,134.22833796478614,9,,,,,,2025-06-22,2025-06-29,1.0,9.7,9.803571428571429,0.10357142857142954,seasonal_naive/post_covid
seasonal_naive,post_covid,1,CITYWIDE,2025-26,0.5,IT50,60.20679524890062,40,2025-12-14,2026-01-11,4.0,-4.0,2026-01-11,2025-12-21,2026-02-01,6.0,101.93214285714285,127.23214285714286,25.30000000000001,seasonal_naive/post_covid
seasonal_naive,post_covid,1,CITYWIDE,2025-26,0.9,IT90,98.17566769051967,40,2025-12-21,2026-01-25,5.0,-5.0,2026-01-25,2025-12-21,2026-02-01,6.0,101.93214285714285,127.23214285714286,25.30000000000001,seasonal_naive/post_covid
seasonal_naive,post_covid,1,CITYWIDE,2025-26,0.98,IT98,134.22833796478614,40,,,,,,2025-12-21,2026-02-01,6.0,101.93214285714285,127.23214285714286,25.30000000000001,seasonal_naive/post_covid
xgboost,post_covid,1,Allston/Brighton,2024-25,0.5,IT50,43.17201700312734,9,,,,,,2025-06-15,2025-06-01,-2.0,5.699999809265137,8.542827561508076,2.8428277522429397,xgboost
xgboost,post_covid,1,Allston/Brighton,2024-25,0.9,IT90,72.80812661818143,9,,,,,,2025-06-15,2025-06-01,-2.0,5.699999809265137,8.542827561508076,2.8428277522429397,xgboost
xgboost,post_covid,1,Allston/Brighton,2024-25,0.98,IT98,101.71188922331822,9,,,,,,2025-06-15,2025-06-01,-2.0,5.699999809265137,8.542827561508076,2.8428277522429397,xgboost
xgboost,post_covid,1,Allston/Brighton,2025-26,0.5,IT50,43.17201700312734,40,2025-12-14,2025-12-28,2.0,-2.0,2025-12-28,2025-12-21,2025-12-28,1.0,80.59999084472656,63.31265936079038,-17.287331483936185,xgboost
xgboost,post_covid,1,Allston/Brighton,2025-26,0.9,IT90,72.80812661818143,40,2025-12-21,,,,,2025-12-21,2025-12-28,1.0,80.59999084472656,63.31265936079038,-17.287331483936185,xgboost
xgboost,post_covid,1,Allston/Brighton,2025-26,0.98,IT98,101.71188922331822,40,,,,,,2025-12-21,2025-12-28,1.0,80.59999084472656,63.31265936079038,-17.287331483936185,xgboost
xgboost,post_covid,1,Back Bay/Beacon Hill/Downtown/North End/West End,2024-25,0.5,IT50,32.35361456388361,8,,,,,,2025-06-08,2025-06-08,0.0,3.3999996185302734,6.0786851712403625,2.678685552710089,xgboost
xgboost,post_covid,1,Back Bay/Beacon Hill/Downtown/North End/West End,2024-25,0.9,IT90,56.35007606954225,8,,,,,,2025-06-08,2025-06-08,0.0,3.3999996185302734,6.0786851712403625,2.678685552710089,xgboost
xgboost,post_covid,1,Back Bay/Beacon Hill/Downtown/North End/West End,2024-25,0.98,IT98,80.35966190257739,8,,,,,,2025-06-08,2025-06-08,0.0,3.3999996185302734,6.0786851712403625,2.678685552710089,xgboost
xgboost,post_covid,1,Back Bay/Beacon Hill/Downtown/North End/West End,2025-26,0.5,IT50,32.35361456388361,38,2025-12-21,2025-12-28,1.0,-1.0,2025-12-28,2025-12-21,2026-01-04,2.0,58.09999084472656,42.8221702626131,-15.277820582113463,xgboost
xgboost,post_covid,1,Back Bay/Beacon Hill/Downtown/North End/West End,2025-26,0.9,IT90,56.35007606954225,38,2025-12-21,,,,,2025-12-21,2026-01-04,2.0,58.09999084472656,42.8221702626131,-15.277820582113463,xgboost
xgboost,post_covid,1,Back Bay/Beacon Hill/Downtown/North End/West End,2025-26,0.98,IT98,80.35966190257739,38,,,,,,2025-12-21,2026-01-04,2.0,58.09999084472656,42.8221702626131,-15.277820582113463,xgboost
xgboost,post_covid,1,Charlestown,2024-25,0.5,IT50,44.544403832795176,3,,,,,,2025-06-01,2025-06-01,0.0,10.300000190734863,12.973785833984047,2.673785643249184,xgboost
xgboost,post_covid,1,Charlestown,2024-25,0.9,IT90,75.51034339625782,3,,,,,,2025-06-01,2025-06-01,0.0,10.300000190734863,12.973785833984047,2.673785643249184,xgboost
xgboost,post_covid,1,Charlestown,2024-25,0.98,IT98,105.83479691598406,3,,,,,,2025-06-01,2025-06-01,0.0,10.300000190734863,12.973785833984047,2.673785643249184,xgboost
xgboost,post_covid,1,Charlestown,2025-26,0.5,IT50,44.544403832795176,32,2025-12-14,2025-12-28,2.0,-2.0,2025-12-28,2025-12-14,2025-12-28,2.0,92.8000030517578,49.05566312992056,-43.74433992183724,xgboost
xgboost,post_covid,1,Charlestown,2025-26,0.9,IT90,75.51034339625782,32,2025-12-14,,,,,2025-12-14,2025-12-28,2.0,92.8000030517578,49.05566312992056,-43.74433992183724,xgboost
xgboost,post_covid,1,Charlestown,2025-26,0.98,IT98,105.83479691598406,32,,,,,,2025-12-14,2025-12-28,2.0,92.8000030517578,49.05566312992056,-43.74433992183724,xgboost
xgboost,post_covid,1,Dorchester,2024-25,0.5,IT50,157.0086457734027,9,,,,,,2025-06-01,2025-06-01,0.0,24.299999237060547,30.38728592707585,6.087286690015304,xgboost
xgboost,post_covid,1,Dorchester,2024-25,0.9,IT90,264.26252974322875,9,,,,,,2025-06-01,2025-06-01,0.0,24.299999237060547,30.38728592707585,6.087286690015304,xgboost
xgboost,post_covid,1,Dorchester,2024-25,0.98,IT98,368.7005757586777,9,,,,,,2025-06-01,2025-06-01,0.0,24.299999237060547,30.38728592707585,6.087286690015304,xgboost
xgboost,post_covid,1,Dorchester,2025-26,0.5,IT50,157.0086457734027,40,2025-12-14,2025-12-21,1.0,-1.0,2025-12-21,2025-12-21,2025-12-28,1.0,256.1499938964844,211.40214478209649,-44.74784911438789,xgboost
xgboost,post_covid,1,Dorchester,2025-26,0.9,IT90,264.26252974322875,40,,,,,,2025-12-21,2025-12-28,1.0,256.1499938964844,211.40214478209649,-44.74784911438789,xgboost
xgboost,post_covid,1,Dorchester,2025-26,0.98,IT98,368.7005757586777,40,,,,,,2025-12-21,2025-12-28,1.0,256.1499938964844,211.40214478209649,-44.74784911438789,xgboost
xgboost,post_covid,1,East Boston,2024-25,0.5,IT50,32.38969817502224,6,,,,,,2025-06-15,2025-06-01,-2.0,3.1000003814697266,5.26093540176715,2.1609350202974236,xgboost
xgboost,post_covid,1,East Boston,2024-25,0.9,IT90,56.982258100156095,6,,,,,,2025-06-15,2025-06-01,-2.0,3.1000003814697266,5.26093540176715,2.1609350202974236,xgboost
xgboost,post_covid,1,East Boston,2024-25,0.98,IT98,81.78485877953806,6,,,,,,2025-06-15,2025-06-01,-2.0,3.1000003814697266,5.26093540176715,2.1609350202974236,xgboost
xgboost,post_covid,1,East Boston,2025-26,0.5,IT50,32.38969817502224,38,2025-12-14,2025-12-21,1.0,-1.0,2025-12-21,2025-12-28,2026-01-04,1.0,59.29999542236328,58.7876227741191,-0.512372648244181,xgboost
xgboost,post_covid,1,East Boston,2025-26,0.9,IT90,56.982258100156095,38,2025-12-28,2026-01-04,1.0,-1.0,2026-01-04,2025-12-28,2026-01-04,1.0,59.29999542236328,58.7876227741191,-0.512372648244181,xgboost
xgboost,post_covid,1,East Boston,2025-26,0.98,IT98,81.78485877953806,38,,,,,,2025-12-28,2026-01-04,1.0,59.29999542236328,58.7876227741191,-0.512372648244181,xgboost
xgboost,post_covid,1,Fenway,2024-25,0.5,IT50,19.789042860168028,7,,,,,,2025-06-01,2025-06-08,1.0,5.300000190734863,4.401948754870309,-0.8980514358645539,xgboost
xgboost,post_covid,1,Fenway,2024-25,0.9,IT90,31.717921949528318,7,,,,,,2025-06-01,2025-06-08,1.0,5.300000190734863,4.401948754870309,-0.8980514358645539,xgboost
xgboost,post_covid,1,Fenway,2024-25,0.98,IT98,42.89052071415166,7,,,,,,2025-06-01,2025-06-08,1.0,5.300000190734863,4.401948754870309,-0.8980514358645539,xgboost
xgboost,post_covid,1,Fenway,2025-26,0.5,IT50,19.789042860168028,36,2025-12-14,2025-12-21,1.0,-1.0,2025-12-21,2026-01-04,2025-12-21,-2.0,21.100000381469727,23.823966230358828,2.723965848889101,xgboost
xgboost,post_covid,1,Fenway,2025-26,0.9,IT90,31.717921949528318,36,,,,,,2026-01-04,2025-12-21,-2.0,21.100000381469727,23.823966230358828,2.723965848889101,xgboost
xgboost,post_covid,1,Fenway,2025-26,0.98,IT98,42.89052071415166,36,,,,,,2026-01-04,2025-12-21,-2.0,21.100000381469727,23.823966230358828,2.723965848889101,xgboost
xgboost,post_covid,1,Hyde Park,2024-25,0.5,IT50,59.73762940735334,7,,,,,,2025-06-22,2025-06-01,-3.0,6.899999618530273,10.288455290290814,3.388455671760541,xgboost
xgboost,post_covid,1,Hyde Park,2024-25,0.9,IT90,98.70163927662223,7,,,,,,2025-06-22,2025-06-01,-3.0,6.899999618530273,10.288455290290814,3.388455671760541,xgboost
xgboost,post_covid,1,Hyde Park,2024-25,0.98,IT98,136.08880333365826,7,,,,,,2025-06-22,2025-06-01,-3.0,6.899999618530273,10.288455290290814,3.388455671760541,xgboost
xgboost,post_covid,1,Hyde Park,2025-26,0.5,IT50,59.73762940735334,39,2025-12-14,2025-12-28,2.0,-2.0,2025-12-28,2025-12-21,2025-12-28,1.0,94.59999084472656,70.36118113083496,-24.238809713891598,xgboost
xgboost,post_covid,1,Hyde Park,2025-26,0.9,IT90,98.70163927662223,39,,,,,,2025-12-21,2025-12-28,1.0,94.59999084472656,70.36118113083496,-24.238809713891598,xgboost
xgboost,post_covid,1,Hyde Park,2025-26,0.98,IT98,136.08880333365826,39,,,,,,2025-12-21,2025-12-28,1.0,94.59999084472656,70.36118113083496,-24.238809713891598,xgboost
xgboost,post_covid,1,Jamaica Plain,2024-25,0.5,IT50,30.1329000930458,8,,,,,,2025-06-08,2025-06-01,-1.0,6.800000190734863,4.410749475741569,-2.3892507149932944,xgboost
xgboost,post_covid,1,Jamaica Plain,2024-25,0.9,IT90,48.93353508945714,8,,,,,,2025-06-08,2025-06-01,-1.0,6.800000190734863,4.410749475741569,-2.3892507149932944,xgboost
xgboost,post_covid,1,Jamaica Plain,2024-25,0.98,IT98,66.72678487426273,8,,,,,,2025-06-08,2025-06-01,-1.0,6.800000190734863,4.410749475741569,-2.3892507149932944,xgboost
xgboost,post_covid,1,Jamaica Plain,2025-26,0.5,IT50,30.1329000930458,38,2025-12-14,2025-12-21,1.0,-1.0,2025-12-21,2025-12-21,2026-01-04,2.0,61.099998474121094,46.29564974024058,-14.804348733880516,xgboost
xgboost,post_covid,1,Jamaica Plain,2025-26,0.9,IT90,48.93353508945714,38,2025-12-21,,,,,2025-12-21,2026-01-04,2.0,61.099998474121094,46.29564974024058,-14.804348733880516,xgboost
xgboost,post_covid,1,Jamaica Plain,2025-26,0.98,IT98,66.72678487426273,38,,,,,,2025-12-21,2026-01-04,2.0,61.099998474121094,46.29564974024058,-14.804348733880516,xgboost
xgboost,post_covid,1,Mattapan,2024-25,0.5,IT50,75.36060630157071,8,,,,,,2025-06-22,2025-06-01,-3.0,11.30000114440918,13.4795452104045,2.179544065995321,xgboost
xgboost,post_covid,1,Mattapan,2024-25,0.9,IT90,114.4266389550119,8,,,,,,2025-06-22,2025-06-01,-3.0,11.30000114440918,13.4795452104045,2.179544065995321,xgboost
xgboost,post_covid,1,Mattapan,2024-25,0.98,IT98,149.46970387636378,8,,,,,,2025-06-22,2025-06-01,-3.0,11.30000114440918,13.4795452104045,2.179544065995321,xgboost
xgboost,post_covid,1,Mattapan,2025-26,0.5,IT50,75.36060630157071,39,2025-12-21,2026-01-04,2.0,-2.0,2026-01-04,2025-12-28,2026-01-04,1.0,110.3000030517578,103.6299907887654,-6.670012262992401,xgboost
xgboost,post_covid,1,Mattapan,2025-26,0.9,IT90,114.4266389550119,39,,,,,,2025-12-28,2026-01-04,1.0,110.3000030517578,103.6299907887654,-6.670012262992401,xgboost
xgboost,post_covid,1,Mattapan,2025-26,0.98,IT98,149.46970387636378,39,,,,,,2025-12-28,2026-01-04,1.0,110.3000030517578,103.6299907887654,-6.670012262992401,xgboost
xgboost,post_covid,1,Roslindale,2024-25,0.5,IT50,83.12526323754497,7,,,,,,2025-06-22,2025-06-01,-3.0,26.200000762939453,17.177561699120716,-9.022439063818737,xgboost
xgboost,post_covid,1,Roslindale,2024-25,0.9,IT90,133.65502394030972,7,,,,,,2025-06-22,2025-06-01,-3.0,26.200000762939453,17.177561699120716,-9.022439063818737,xgboost
xgboost,post_covid,1,Roslindale,2024-25,0.98,IT98,181.10052866383202,7,,,,,,2025-06-22,2025-06-01,-3.0,26.200000762939453,17.177561699120716,-9.022439063818737,xgboost
xgboost,post_covid,1,Roslindale,2025-26,0.5,IT50,83.12526323754497,35,2025-12-14,2025-12-28,2.0,-2.0,2025-12-28,2025-12-28,2025-12-28,0.0,170.10000610351562,97.59587218638184,-72.50413391713379,xgboost
xgboost,post_covid,1,Roslindale,2025-26,0.9,IT90,133.65502394030972,35,2025-12-21,,,,,2025-12-28,2025-12-28,0.0,170.10000610351562,97.59587218638184,-72.50413391713379,xgboost
xgboost,post_covid,1,Roslindale,2025-26,0.98,IT98,181.10052866383202,35,,,,,,2025-12-28,2025-12-28,0.0,170.10000610351562,97.59587218638184,-72.50413391713379,xgboost
xgboost,post_covid,1,Roxbury,2024-25,0.5,IT50,138.88545502174753,9,,,,,,2025-06-22,2025-06-01,-3.0,29.400001525878903,28.588849609332243,-0.8111519165466596,xgboost
xgboost,post_covid,1,Roxbury,2024-25,0.9,IT90,231.9483227351807,9,,,,,,2025-06-22,2025-06-01,-3.0,29.400001525878903,28.588849609332243,-0.8111519165466596,xgboost
xgboost,post_covid,1,Roxbury,2024-25,0.98,IT98,322.0096816211373,9,,,,,,2025-06-22,2025-06-01,-3.0,29.400001525878903,28.588849609332243,-0.8111519165466596,xgboost
xgboost,post_covid,1,Roxbury,2025-26,0.5,IT50,138.88545502174753,40,2025-12-14,2025-12-21,1.0,-1.0,2025-12-21,2025-12-21,2026-01-04,2.0,254.6999969482422,181.97821248061535,-72.72178446762683,xgboost
xgboost,post_covid,1,Roxbury,2025-26,0.9,IT90,231.9483227351807,40,2025-12-21,,,,,2025-12-21,2026-01-04,2.0,254.6999969482422,181.97821248061535,-72.72178446762683,xgboost
xgboost,post_covid,1,Roxbury,2025-26,0.98,IT98,322.0096816211373,40,,,,,,2025-12-21,2026-01-04,2.0,254.6999969482422,181.97821248061535,-72.72178446762683,xgboost
xgboost,post_covid,1,South Boston,2024-25,0.5,IT50,31.63670795756643,7,,,,,,2025-06-15,2025-07-27,6.0,6.300000190734863,5.112315691884398,-1.187684498850465,xgboost
xgboost,post_covid,1,South Boston,2024-25,0.9,IT90,60.18982141922808,7,,,,,,2025-06-15,2025-07-27,6.0,6.300000190734863,5.112315691884398,-1.187684498850465,xgboost
xgboost,post_covid,1,South Boston,2024-25,0.98,IT98,90.82483767314203,7,,,,,,2025-06-15,2025-07-27,6.0,6.300000190734863,5.112315691884398,-1.187684498850465,xgboost
xgboost,post_covid,1,South Boston,2025-26,0.5,IT50,31.63670795756643,35,2025-12-14,2025-12-21,1.0,-1.0,2025-12-21,2025-12-28,2026-01-04,1.0,57.0,42.386477568562896,-14.613522431437104,xgboost
xgboost,post_covid,1,South Boston,2025-26,0.9,IT90,60.18982141922808,35,,,,,,2025-12-28,2026-01-04,1.0,57.0,42.386477568562896,-14.613522431437104,xgboost
xgboost,post_covid,1,South Boston,2025-26,0.98,IT98,90.82483767314203,35,,,,,,2025-12-28,2026-01-04,1.0,57.0,42.386477568562896,-14.613522431437104,xgboost
xgboost,post_covid,1,South End,2024-25,0.5,IT50,82.00792145914704,9,,,,,,2025-06-15,2025-06-01,-2.0,17.799999237060547,16.929091101416052,-0.8709081356444948,xgboost
xgboost,post_covid,1,South End,2024-25,0.9,IT90,134.00251631923587,9,,,,,,2025-06-15,2025-06-01,-2.0,17.799999237060547,16.929091101416052,-0.8709081356444948,xgboost
xgboost,post_covid,1,South End,2024-25,0.98,IT98,183.45444562568642,9,,,,,,2025-06-15,2025-06-01,-2.0,17.799999237060547,16.929091101416052,-0.8709081356444948,xgboost
xgboost,post_covid,1,South End,2025-26,0.5,IT50,82.00792145914704,40,2025-12-14,2025-12-21,1.0,-1.0,2025-12-21,2025-12-14,2026-01-04,3.0,132.3000030517578,112.85733412329536,-19.442668928462453,xgboost
xgboost,post_covid,1,South End,2025-26,0.9,IT90,134.00251631923587,40,,,,,,2025-12-14,2026-01-04,3.0,132.3000030517578,112.85733412329536,-19.442668928462453,xgboost
xgboost,post_covid,1,South End,2025-26,0.98,IT98,183.45444562568642,40,,,,,,2025-12-14,2026-01-04,3.0,132.3000030517578,112.85733412329536,-19.442668928462453,xgboost
xgboost,post_covid,1,West Roxbury,2024-25,0.5,IT50,37.349459967580074,4,,,,,,2025-06-22,2025-06-01,-3.0,11.0,5.739130366663751,-5.260869633336249,xgboost
xgboost,post_covid,1,West Roxbury,2024-25,0.9,IT90,59.59981304845178,4,,,,,,2025-06-22,2025-06-01,-3.0,11.0,5.739130366663751,-5.260869633336249,xgboost
xgboost,post_covid,1,West Roxbury,2024-25,0.98,IT98,80.36625284929092,4,,,,,,2025-06-22,2025-06-01,-3.0,11.0,5.739130366663751,-5.260869633336249,xgboost
xgboost,post_covid,1,West Roxbury,2025-26,0.5,IT50,37.349459967580074,36,2025-12-21,2025-12-28,1.0,-1.0,2025-12-28,2025-12-21,2026-01-04,2.0,88.0,46.272721448520024,-41.727278551479976,xgboost
xgboost,post_covid,1,West Roxbury,2025-26,0.9,IT90,59.59981304845178,36,2025-12-21,,,,,2025-12-21,2026-01-04,2.0,88.0,46.272721448520024,-41.727278551479976,xgboost
xgboost,post_covid,1,West Roxbury,2025-26,0.98,IT98,80.36625284929092,36,2025-12-21,,,,,2025-12-21,2026-01-04,2.0,88.0,46.272721448520024,-41.727278551479976,xgboost
xgboost,post_covid,1,CITYWIDE,2024-25,0.5,IT50,60.20679524890062,9,,,,,,2025-06-22,2025-06-01,-3.0,9.700000249422514,12.039292385705147,2.3392921362826335,xgboost
xgboost,post_covid,1,CITYWIDE,2024-25,0.9,IT90,98.17566769051967,9,,,,,,2025-06-22,2025-06-01,-3.0,9.700000249422514,12.039292385705147,2.3392921362826335,xgboost
xgboost,post_covid,1,CITYWIDE,2024-25,0.98,IT98,134.22833796478614,9,,,,,,2025-06-22,2025-06-01,-3.0,9.700000249422514,12.039292385705147,2.3392921362826335,xgboost
xgboost,post_covid,1,CITYWIDE,2025-26,0.5,IT50,60.20679524890062,40,2025-12-14,2025-12-28,2.0,-2.0,2025-12-28,2025-12-21,2026-01-04,2.0,101.9321403503418,79.51764962277012,-22.414490727571675,xgboost
xgboost,post_covid,1,CITYWIDE,2025-26,0.9,IT90,98.17566769051967,40,2025-12-21,,,,,2025-12-21,2026-01-04,2.0,101.9321403503418,79.51764962277012,-22.414490727571675,xgboost
xgboost,post_covid,1,CITYWIDE,2025-26,0.98,IT98,134.22833796478614,40,,,,,,2025-12-21,2026-01-04,2.0,101.9321403503418,79.51764962277012,-22.414490727571675,xgboost
