model,variant,series,horizon,scope,indicator,segment,level,label,threshold,n_obs,n_events,base_rate,hits,false_alarms,misses,correct_neg,POD,FAR,precision,FPR,CSI,F1,PSS,HSS,MCC,accuracy,frequency_bias,brier,brier_ref,BSS,exact_band,within_one_band,kappa_quadratic,mean_band_error,underpowered
arima,exclude_covid,arima/exclude_covid,1,citywide,CITYWIDE,overall,,bands,,49,,,,,,,,,,,,,,,,,,,,,0.9387755102040817,1.0,0.7054108216432866,-0.02040816326530612,False
arima,exclude_covid,arima/exclude_covid,1,citywide,CITYWIDE,overall,0.5,IT50,60.20679524890062,49,4.0,0.08163265306122448,3.0,1.0,1.0,44.0,0.75,0.25,0.75,0.022222222222222223,0.6,0.75,0.7277777777777777,0.7277777777777777,0.7277777777777777,0.9591836734693877,1.0,0.029561915608956615,0.07496876301541025,0.6056768923494176,,,,,True
arima,exclude_covid,arima/exclude_covid,1,citywide,CITYWIDE,overall,0.9,IT90,98.17566769051967,49,1.0,0.02040816326530612,0.0,0.0,1.0,48.0,0.0,,,0.0,0.0,0.0,0.0,0.0,,0.9795918367346939,0.0,0.02405494649832834,0.01999167013744273,-0.20324846963513243,,,,,True
arima,exclude_covid,arima/exclude_covid,1,citywide,CITYWIDE,overall,0.98,IT98,134.22833796478614,49,0.0,0.0,0.0,0.0,0.0,49.0,,,,0.0,,,,,,1.0,,0.00010309042870382285,0.0,,,,,,True
arima,exclude_covid,arima/exclude_covid,1,citywide,CITYWIDE,flu_season,,bands,,26,,,,,,,,,,,,,,,,,,,,,0.8846153846153846,1.0,0.6829268292682926,-0.038461538461538464,False
arima,exclude_covid,arima/exclude_covid,1,citywide,CITYWIDE,flu_season,0.5,IT50,60.20679524890062,26,4.0,0.15384615384615385,3.0,1.0,1.0,21.0,0.75,0.25,0.75,0.045454545454545456,0.6,0.75,0.7045454545454546,0.7045454545454546,0.7045454545454546,0.9230769230769231,1.0,0.055712657141708775,0.13017751479289943,0.5720254974114191,,,,,True
arima,exclude_covid,arima/exclude_covid,1,citywide,CITYWIDE,flu_season,0.9,IT90,98.17566769051967,26,1.0,0.038461538461538464,0.0,0.0,1.0,25.0,0.0,,,0.0,0.0,0.0,0.0,0.0,,0.9615384615384616,0.0,0.045334322246849565,0.036982248520710054,-0.2258400735548125,,,,,True
arima,exclude_covid,arima/exclude_covid,1,citywide,CITYWIDE,flu_season,0.98,IT98,134.22833796478614,26,0.0,0.0,0.0,0.0,0.0,26.0,,,,0.0,,,,,,1.0,,0.00019428580794182,0.0,,,,,,True
arima,exclude_covid,arima/exclude_covid,1,pooled,ALL,overall,,bands,,627,,,,,,,,,,,,,,,,,,,,,0.9346092503987241,0.988835725677831,0.6040734003751072,-0.030303030303030304,False
arima,exclude_covid,arima/exclude_covid,1,pooled,ALL,overall,0.5,IT50,,627,51.0,0.08133971291866028,33.0,12.0,18.0,564.0,0.6470588235294118,0.26666666666666666,0.7333333333333333,0.020833333333333332,0.5238095238095238,0.6875,0.6262254901960784,0.6617028164454516,0.6632226077856007,0.9521531100478469,0.8823529411764706,0.03581756828077713,0.07472356402097019,0.5206656862522591,,,,,False
arima,exclude_covid,arima/exclude_covid,1,pooled,ALL,overall,0.9,IT90,,627,18.0,0.028708133971291867,4.0,3.0,14.0,606.0,0.2222222222222222,0.42857142857142855,0.5714285714285714,0.0049261083743842365,0.19047619047619047,0.32,0.21729611384783798,0.30888932114374634,0.34534406245268634,0.9728867623604466,0.3888888888888889,0.02269827362578688,0.02788397701517821,0.18597431014121746,,,,,False
arima,exclude_covid,arima/exclude_covid,1,pooled,ALL,overall,0.98,IT98,,627,2.0,0.003189792663476874,0.0,0.0,2.0,625.0,0.0,,,0.0,0.0,0.0,0.0,0.0,,0.9968102073365231,0.0,0.0036145417784716706,0.0031796178862409027,-0.13678495586303163,,,,,True
arima,exclude_covid,arima/exclude_covid,1,pooled,ALL,flu_season,,bands,,352,,,,,,,,,,,,,,,,,,,,,0.8835227272727273,0.9801136363636364,0.5813094730862094,-0.05397727272727273,False
arima,exclude_covid,arima/exclude_covid,1,pooled,ALL,flu_season,0.5,IT50,,352,51.0,0.14488636363636365,33.0,12.0,18.0,289.0,0.6470588235294118,0.26666666666666666,0.7333333333333333,0.03986710963455149,0.5238095238095238,0.6875,0.6071917138948603,0.638380932812821,0.6400571118435996,0.9147727272727273,0.8823529411764706,0.0636815263916788,0.12389430526859506,0.4860011825917159,,,,,False
arima,exclude_covid,arima/exclude_covid,1,pooled,ALL,flu_season,0.9,IT90,,352,18.0,0.05113636363636364,4.0,3.0,14.0,331.0,0.2222222222222222,0.42857142857142855,0.5714285714285714,0.008982035928143712,0.19047619047619047,0.32,0.2132401862940785,0.29995320542817033,0.3364495654241861,0.9517045454545454,0.3888888888888889,0.04043126186598306,0.04852143595041322,0.16673402025236772,,,,,False
arima,exclude_covid,arima/exclude_covid,1,pooled,ALL,flu_season,0.98,IT98,,352,2.0,0.005681818181818182,0.0,0.0,2.0,350.0,0.0,,,0.0,0.0,0.0,0.0,0.0,,0.9943181818181818,0.0,0.006438402541143698,0.0056495351239669415,-0.13963404065409835,,,,,True
arima,exclude_covid,arima/exclude_covid,1,neighborhood,Allston/Brighton,overall,,bands,,49,,,,,,,,,,,,,,,,,,,,,0.9387755102040817,1.0,0.7835051546391752,-0.061224489795918366,False
arima,exclude_covid,arima/exclude_covid,1,neighborhood,Allston/Brighton,overall,0.5,IT50,43.17201700312734,49,5.0,0.10204081632653061,4.0,0.0,1.0,44.0,0.8,0.0,1.0,0.0,0.8,0.8888888888888888,0.8,0.8778054862842892,0.8844332774281066,0.9795918367346939,0.8,0.028619903723984916,0.09162848812994587,0.6876527779941465,,,,,False
arima,exclude_covid,arima/exclude_covid,1,neighborhood,Allston/Brighton,overall,0.9,IT90,72.80812661818143,49,2.0,0.04081632653061224,0.0,0.0,2.0,47.0,0.0,,,0.0,0.0,0.0,0.0,0.0,,0.9591836734693877,0.0,0.0360105750123282,0.03915035401915868,0.08019797229148928,,,,,True
arima,exclude_covid,arima/exclude_covid,1,neighborhood,Allston/Brighton,overall,0.98,IT98,101.71188922331822,49,0.0,0.0,0.0,0.0,0.0,49.0,,,,0.0,,,,,,1.0,,0.000245174789452473,0.0,,,,,,True
arima,exclude_covid,arima/exclude_covid,1,neighborhood,Allston/Brighton,flu_season,,bands,,26,,,,,,,,,,,,,,,,,,,,,0.8846153846153846,1.0,0.7664670658682634,-0.11538461538461539,False
arima,exclude_covid,arima/exclude_covid,1,neighborhood,Allston/Brighton,flu_season,0.5,IT50,43.17201700312734,26,5.0,0.19230769230769232,4.0,0.0,1.0,21.0,0.8,0.0,1.0,0.0,0.8,0.8888888888888888,0.8,0.865979381443299,0.873862897505303,0.9615384615384616,0.8,0.053929365692857986,0.15532544378698226,0.6527976075393143,,,,,False
arima,exclude_covid,arima/exclude_covid,1,neighborhood,Allston/Brighton,flu_season,0.9,IT90,72.80812661818143,26,2.0,0.07692307692307693,0.0,0.0,2.0,24.0,0.0,,,0.0,0.0,0.0,0.0,0.0,,0.9230769230769231,0.0,0.06786608367707257,0.07100591715976333,0.04421932154789476,,,,,True
arima,exclude_covid,arima/exclude_covid,1,neighborhood,Allston/Brighton,flu_season,0.98,IT98,101.71188922331822,26,0.0,0.0,0.0,0.0,0.0,26.0,,,,0.0,,,,,,1.0,,0.0004620601801219683,0.0,,,,,,True
arima,exclude_covid,arima/exclude_covid,1,neighborhood,Back Bay/Beacon Hill/Downtown/North End/West End,overall,,bands,,46,,,,,,,,,,,,,,,,,,,,,0.9347826086956522,0.9565217391304348,0.14814814814814803,-0.06521739130434782,False
arima,exclude_covid,arima/exclude_covid,1,neighborhood,Back Bay/Beacon Hill/Downtown/North End/West End,overall,0.5,IT50,32.35361456388361,46,3.0,0.06521739130434782,1.0,1.0,2.0,42.0,0.3333333333333333,0.5,0.5,0.023255813953488372,0.25,0.4,0.31007751937984496,0.3669724770642202,0.3754255278891389,0.9347826086956522,0.6666666666666666,0.038944634507581025,0.060964083175803395,0.3611872355190585,,,,,True
arima,exclude_covid,arima/exclude_covid,1,neighborhood,Back Bay/Beacon Hill/Downtown/North End/West End,overall,0.9,IT90,56.35007606954225,46,2.0,0.043478260869565216,0.0,0.0,2.0,44.0,0.0,,,0.0,0.0,0.0,0.0,0.0,,0.9565217391304348,0.0,0.04735820046205252,0.04158790170132326,-0.13874945656480797,,,,,True
arima,exclude_covid,arima/exclude_covid,1,neighborhood,Back Bay/Beacon Hill/Downtown/North End/West End,overall,0.98,IT98,80.35966190257739,46,0.0,0.0,0.0,0.0,0.0,46.0,,,,0.0,,,,,,1.0,,0.00011307472620928412,0.0,,,,,,True
arima,exclude_covid,arima/exclude_covid,1,neighborhood,Back Bay/Beacon Hill/Downtown/North End/West End,flu_season,,bands,,26,,,,,,,,,,,,,,,,,,,,,0.8846153846153846,0.9230769230769231,0.12030075187969913,-0.11538461538461539,False
arima,exclude_covid,arima/exclude_covid,1,neighborhood,Back Bay/Beacon Hill/Downtown/North End/West End,flu_season,0.5,IT50,32.35361456388361,26,3.0,0.11538461538461539,1.0,1.0,2.0,22.0,0.3333333333333333,0.5,0.5,0.043478260869565216,0.25,0.4,0.28985507246376807,0.3389830508474576,0.34752402342845795,0.8846153846153846,0.6666666666666666,0.06888089827702981,0.10207100591715977,0.3251668516627225,,,,,True
arima,exclude_covid,arima/exclude_covid,1,neighborhood,Back Bay/Beacon Hill/Downtown/North End/West End,flu_season,0.9,IT90,56.35007606954225,26,2.0,0.07692307692307693,0.0,0.0,2.0,24.0,0.0,,,0.0,0.0,0.0,0.0,0.0,,0.9230769230769231,0.0,0.08378758543265115,0.07100591715976333,-0.18000849484317016,,,,,True
arima,exclude_covid,arima/exclude_covid,1,neighborhood,Back Bay/Beacon Hill/Downtown/North End/West End,flu_season,0.98,IT98,80.35966190257739,26,0.0,0.0,0.0,0.0,0.0,26.0,,,,0.0,,,,,,1.0,,0.00020005528483181035,0.0,,,,,,True
arima,exclude_covid,arima/exclude_covid,1,neighborhood,Charlestown,overall,,bands,,35,,,,,,,,,,,,,,,,,,,,,0.8857142857142857,0.9714285714285714,0.5454545454545454,-0.08571428571428572,False
arima,exclude_covid,arima/exclude_covid,1,neighborhood,Charlestown,overall,0.5,IT50,44.544403832795176,35,4.0,0.11428571428571428,3.0,1.0,1.0,30.0,0.75,0.25,0.75,0.03225806451612903,0.6,0.75,0.717741935483871,0.717741935483871,0.717741935483871,0.9428571428571428,1.0,0.042061567678908764,0.10122448979591839,0.5844724160752965,,,,,True
arima,exclude_covid,arima/exclude_covid,1,neighborhood,Charlestown,overall,0.9,IT90,75.51034339625782,35,3.0,0.08571428571428572,0.0,0.0,3.0,32.0,0.0,,,0.0,0.0,0.0,0.0,0.0,,0.9142857142857143,0.0,0.060298928015108014,0.0783673469387755,0.2305605539738821,,,,,True
arima,exclude_covid,arima/exclude_covid,1,neighborhood,Charlestown,overall,0.98,IT98,105.83479691598406,35,0.0,0.0,0.0,0.0,0.0,35.0,,,,0.0,,,,,,1.0,,5.701825221874735e-05,0.0,,,,,,True
arima,exclude_covid,arima/exclude_covid,1,neighborhood,Charlestown,flu_season,,bands,,21,,,,,,,,,,,,,,,,,,,,,0.8095238095238095,0.9523809523809523,0.5116279069767442,-0.14285714285714285,False
arima,exclude_covid,arima/exclude_covid,1,neighborhood,Charlestown,flu_season,0.5,IT50,44.544403832795176,21,4.0,0.19047619047619047,3.0,1.0,1.0,16.0,0.75,0.25,0.75,0.058823529411764705,0.6,0.75,0.6911764705882353,0.6911764705882353,0.6911764705882353,0.9047619047619048,1.0,0.0700055258270574,0.1541950113378685,0.5459935751509954,,,,,True
arima,exclude_covid,arima/exclude_covid,1,neighborhood,Charlestown,flu_season,0.9,IT90,75.51034339625782,21,3.0,0.14285714285714285,0.0,0.0,3.0,18.0,0.0,,,0.0,0.0,0.0,0.0,0.0,,0.8571428571428571,0.0,0.10049821335466289,0.12244897959183672,0.1792645909369197,,,,,True
arima,exclude_covid,arima/exclude_covid,1,neighborhood,Charlestown,flu_season,0.98,IT98,105.83479691598406,21,0.0,0.0,0.0,0.0,0.0,21.0,,,,0.0,,,,,,1.0,,9.503042036457891e-05,0.0,,,,,,True
arima,exclude_covid,arima/exclude_covid,1,neighborhood,Dorchester,overall,,bands,,49,,,,,,,,,,,,,,,,,,,,,0.9591836734693877,1.0,0.7860262008733625,0.0,False
arima,exclude_covid,arima/exclude_covid,1,neighborhood,Dorchester,overall,0.5,IT50,157.0086457734027,49,4.0,0.08163265306122448,3.0,0.0,1.0,45.0,0.75,0.0,1.0,0.0,0.75,0.8571428571428571,0.75,0.8463949843260188,0.8565603610802411,0.9795918367346939,0.75,0.017580077237852203,0.07496876301541025,0.7655013030662048,,,,,True
arima,exclude_covid,arima/exclude_covid,1,neighborhood,Dorchester,overall,0.9,IT90,264.26252974322875,49,0.0,0.0,0.0,1.0,0.0,48.0,,1.0,0.0,0.02040816326530612,0.0,0.0,,0.0,,0.9795918367346939,,0.006947458017755151,0.0,,,,,,True
arima,exclude_covid,arima/exclude_covid,1,neighborhood,Dorchester,overall,0.98,IT98,368.7005757586777,49,0.0,0.0,0.0,0.0,0.0,49.0,,,,0.0,,,,,,1.0,,5.3111607448594165e-06,0.0,,,,,,True
arima,exclude_covid,arima/exclude_covid,1,neighborhood,Dorchester,flu_season,,bands,,26,,,,,,,,,,,,,,,,,,,,,0.9230769230769231,1.0,0.7719298245614035,0.0,False
arima,exclude_covid,arima/exclude_covid,1,neighborhood,Dorchester,flu_season,0.5,IT50,157.0086457734027,26,4.0,0.15384615384615385,3.0,0.0,1.0,22.0,0.75,0.0,1.0,0.0,0.75,0.8571428571428571,0.75,0.8354430379746836,0.8469895538599198,0.9615384615384616,0.75,0.03313168400939161,0.13017751479289943,0.745488427382401,,,,,True
arima,exclude_covid,arima/exclude_covid,1,neighborhood,Dorchester,flu_season,0.9,IT90,264.26252974322875,26,0.0,0.0,0.0,1.0,0.0,25.0,,1.0,0.0,0.038461538461538464,0.0,0.0,,0.0,,0.9615384615384616,,0.01309328626423086,0.0,,,,,,True
arima,exclude_covid,arima/exclude_covid,1,neighborhood,Dorchester,flu_season,0.98,IT98,368.7005757586777,26,0.0,0.0,0.0,0.0,0.0,26.0,,,,0.0,,,,,,1.0,,1.0009495249927362e-05,0.0,,,,,,True
arima,exclude_covid,arima/exclude_covid,1,neighborhood,East Boston,overall,,bands,,44,,,,,,,,,,,,,,,,,,,,,0.9090909090909091,1.0,0.6317991631799162,0.0,False
arima,exclude_covid,arima/exclude_covid,1,neighborhood,East Boston,overall,0.5,IT50,32.38969817502224,44,4.0,0.09090909090909091,3.0,2.0,1.0,38.0,0.75,0.4,0.6,0.05,0.5,0.6666666666666666,0.7,0.6292134831460674,0.6340751391209737,0.9318181818181818,1.25,0.039587944048799235,0.08264462809917356,0.5209858770095293,,,,,True
arima,exclude_covid,arima/exclude_covid,1,neighborhood,East Boston,overall,0.9,IT90,56.982258100156095,44,1.0,0.022727272727272728,0.0,0.0,1.0,43.0,0.0,,,0.0,0.0,0.0,0.0,0.0,,0.9772727272727273,0.0,0.02084259186954086,0.02221074380165289,0.061598654431834765,,,,,True
arima,exclude_covid,arima/exclude_covid,1,neighborhood,East Boston,overall,0.98,IT98,81.78485877953806,44,0.0,0.0,0.0,0.0,0.0,44.0,,,,0.0,,,,,,1.0,,0.00024504361149229486,0.0,,,,,,True
arima,exclude_covid,arima/exclude_covid,1,neighborhood,East Boston,flu_season,,bands,,25,,,,,,,,,,,,,,,,,,,,,0.84,1.0,0.6000000000000001,0.0,False
arima,exclude_covid,arima/exclude_covid,1,neighborhood,East Boston,flu_season,0.5,IT50,32.38969817502224,25,4.0,0.16,3.0,2.0,1.0,19.0,0.75,0.4,0.6,0.09523809523809523,0.5,0.6666666666666666,0.6547619047619048,0.5945945945945946,0.600099198148979,0.88,1.25,0.06897550467154283,0.13439999999999996,0.4867893997653062,,,,,True
arima,exclude_covid,arima/exclude_covid,1,neighborhood,East Boston,flu_season,0.9,IT90,56.982258100156095,25,1.0,0.04,0.0,0.0,1.0,24.0,0.0,,,0.0,0.0,0.0,0.0,0.0,,0.96,0.0,0.03668294588917833,0.03840000000000001,0.04471495080264798,,,,,True
arima,exclude_covid,arima/exclude_covid,1,neighborhood,East Boston,flu_season,0.98,IT98,81.78485877953806,25,0.0,0.0,0.0,0.0,0.0,25.0,,,,0.0,,,,,,1.0,,0.0004312767562263329,0.0,,,,,,True
arima,exclude_covid,arima/exclude_covid,1,neighborhood,Fenway,overall,,bands,,43,,,,,,,,,,,,,,,,,,,,,0.9534883720930233,1.0,0.0,-0.046511627906976744,False
arima,exclude_covid,arima/exclude_covid,1,neighborhood,Fenway,overall,0.5,IT50,19.789042860168028,43,2.0,0.046511627906976744,0.0,0.0,2.0,41.0,0.0,,,0.0,0.0,0.0,0.0,0.0,,0.9534883720930233,0.0,0.035234814538476066,0.04434829637641969,0.2054979014433873,,,,,True
arima,exclude_covid,arima/exclude_covid,1,neighborhood,Fenway,overall,0.9,IT90,31.717921949528318,43,0.0,0.0,0.0,0.0,0.0,43.0,,,,0.0,,,,,,1.0,,0.0009082710367024322,0.0,,,,,,True
arima,exclude_covid,arima/exclude_covid,1,neighborhood,Fenway,overall,0.98,IT98,42.89052071415166,43,0.0,0.0,0.0,0.0,0.0,43.0,,,,0.0,,,,,,1.0,,1.2236996232582996e-05,0.0,,,,,,True
arima,exclude_covid,arima/exclude_covid,1,neighborhood,Fenway,flu_season,,bands,,25,,,,,,,,,,,,,,,,,,,,,0.92,1.0,0.0,-0.08,False
arima,exclude_covid,arima/exclude_covid,1,neighborhood,Fenway,flu_season,0.5,IT50,19.789042860168028,25,2.0,0.08,0.0,0.0,2.0,23.0,0.0,,,0.0,0.0,0.0,0.0,0.0,,0.92,0.0,0.05988947542442308,0.0736,0.18628430129859952,,,,,True
arima,exclude_covid,arima/exclude_covid,1,neighborhood,Fenway,flu_season,0.9,IT90,31.717921949528318,25,0.0,0.0,0.0,0.0,0.0,25.0,,,,0.0,,,,,,1.0,,0.0015617067343238519,0.0,,,,,,True
arima,exclude_covid,arima/exclude_covid,1,neighborhood,Fenway,flu_season,0.98,IT98,42.89052071415166,25,0.0,0.0,0.0,0.0,0.0,25.0,,,,0.0,,,,,,1.0,,2.1047608753923247e-05,0.0,,,,,,True
arima,exclude_covid,arima/exclude_covid,1,neighborhood,Hyde Park,overall,,bands,,46,,,,,,,,,,,,,,,,,,,,,0.9347826086956522,1.0,0.3669724770642201,-0.021739130434782608,False
arima,exclude_covid,arima/exclude_covid,1,neighborhood,Hyde Park,overall,0.5,IT50,59.73762940735334,46,3.0,0.06521739130434782,1.0,1.0,2.0,42.0,0.3333333333333333,0.5,0.5,0.023255813953488372,0.25,0.4,0.31007751937984496,0.3669724770642202,0.3754255278891389,0.9347826086956522,0.6666666666666666,0.045300975810181755,0.060964083175803395,0.256923528570972,,,,,True
arima,exclude_covid,arima/exclude_covid,1,neighborhood,Hyde Park,overall,0.9,IT90,98.70163927662223,46,0.0,0.0,0.0,0.0,0.0,46.0,,,,0.0,,,,,,1.0,,0.003041818598188061,0.0,,,,,,True
arima,exclude_covid,arima/exclude_covid,1,neighborhood,Hyde Park,overall,0.98,IT98,136.08880333365826,46,0.0,0.0,0.0,0.0,0.0,46.0,,,,0.0,,,,,,1.0,,1.2467242136125274e-05,0.0,,,,,,True
arima,exclude_covid,arima/exclude_covid,1,neighborhood,Hyde Park,flu_season,,bands,,25,,,,,,,,,,,,,,,,,,,,,0.88,1.0,0.33628318584070793,-0.04,False
arima,exclude_covid,arima/exclude_covid,1,neighborhood,Hyde Park,flu_season,0.5,IT50,59.73762940735334,25,3.0,0.12,1.0,1.0,2.0,21.0,0.3333333333333333,0.5,0.5,0.045454545454545456,0.25,0.4,0.28787878787878785,0.336283185840708,0.3448281541042982,0.88,0.6666666666666666,0.08334120823728516,0.1056,0.21078401290449655,,,,,True
arima,exclude_covid,arima/exclude_covid,1,neighborhood,Hyde Park,flu_season,0.9,IT90,98.70163927662223,25,0.0,0.0,0.0,0.0,0.0,25.0,,,,0.0,,,,,,1.0,,0.005596946220628269,0.0,,,,,,True
arima,exclude_covid,arima/exclude_covid,1,neighborhood,Hyde Park,flu_season,0.98,IT98,136.08880333365826,25,0.0,0.0,0.0,0.0,0.0,25.0,,,,0.0,,,,,,1.0,,2.2939725530470506e-05,0.0,,,,,,True
arima,exclude_covid,arima/exclude_covid,1,neighborhood,Jamaica Plain,overall,,bands,,46,,,,,,,,,,,,,,,,,,,,,0.9130434782608695,0.9782608695652174,0.636568848758465,-0.06521739130434782,False
arima,exclude_covid,arima/exclude_covid,1,neighborhood,Jamaica Plain,overall,0.5,IT50,30.1329000930458,46,5.0,0.10869565217391304,3.0,1.0,2.0,40.0,0.6,0.25,0.75,0.024390243902439025,0.5,0.6666666666666666,0.5756097560975609,0.6310160427807486,0.6358437926783375,0.9347826086956522,0.8,0.027282329680510923,0.09688090737240074,0.7183931238831165,,,,,False
arima,exclude_covid,arima/exclude_covid,1,neighborhood,Jamaica Plain,overall,0.9,IT90,48.93353508945714,46,3.0,0.06521739130434782,1.0,0.0,2.0,43.0,0.3333333333333333,0.0,1.0,0.0,0.3333333333333333,0.5,0.3333333333333333,0.48314606741573035,0.5643744488533463,0.9565217391304348,0.3333333333333333,0.031882990521276626,0.060964083175803395,0.4770200934649508,,,,,True
arima,exclude_covid,arima/exclude_covid,1,neighborhood,Jamaica Plain,overall,0.98,IT98,66.72678487426273,46,0.0,0.0,0.0,0.0,0.0,46.0,,,,0.0,,,,,,1.0,,0.0019151314459714185,0.0,,,,,,True
arima,exclude_covid,arima/exclude_covid,1,neighborhood,Jamaica Plain,flu_season,,bands,,24,,,,,,,,,,,,,,,,,,,,,0.8333333333333334,0.9583333333333334,0.6037735849056602,-0.125,False
arima,exclude_covid,arima/exclude_covid,1,neighborhood,Jamaica Plain,flu_season,0.5,IT50,30.1329000930458,24,5.0,0.20833333333333334,3.0,1.0,2.0,18.0,0.6,0.25,0.75,0.05263157894736842,0.5,0.6666666666666666,0.5473684210526315,0.5909090909090909,0.5964809080634605,0.875,0.8,0.05221949889619477,0.16493055555555555,0.6833849330083348,,,,,False
arima,exclude_covid,arima/exclude_covid,1,neighborhood,Jamaica Plain,flu_season,0.9,IT90,48.93353508945714,24,3.0,0.125,1.0,0.0,2.0,21.0,0.3333333333333333,0.0,1.0,0.0,0.3333333333333333,0.5,0.3333333333333333,0.4666666666666667,0.5516772843673705,0.9166666666666666,0.3333333333333333,0.061109064949602554,0.109375,0.44128854903220527,,,,,True
arima,exclude_covid,arima/exclude_covid,1,neighborhood,Jamaica Plain,flu_season,0.98,IT98,66.72678487426273,24,0.0,0.0,0.0,0.0,0.0,24.0,,,,0.0,,,,,,1.0,,0.0036706686047785504,0.0,,,,,,True
arima,exclude_covid,arima/exclude_covid,1,neighborhood,Mattapan,overall,,bands,,47,,,,,,,,,,,,,,,,,,,,,0.9574468085106383,1.0,0.6439393939393938,0.0,False
arima,exclude_covid,arima/exclude_covid,1,neighborhood,Mattapan,overall,0.5,IT50,75.36060630157071,47,3.0,0.06382978723404255,2.0,1.0,1.0,43.0,0.6666666666666666,0.3333333333333333,0.6666666666666666,0.022727272727272728,0.5,0.6666666666666666,0.6439393939393939,0.6439393939393939,0.6439393939393939,0.9574468085106383,1.0,0.03435833171722314,0.05975554549569943,0.4250185245201069,,,,,True
arima,exclude_covid,arima/exclude_covid,1,neighborhood,Mattapan,overall,0.9,IT90,114.4266389550119,47,0.0,0.0,0.0,0.0,0.0,47.0,,,,0.0,,,,,,1.0,,0.0024680331618241852,0.0,,,,,,True
arima,exclude_covid,arima/exclude_covid,1,neighborhood,Mattapan,overall,0.98,IT98,149.46970387636378,47,0.0,0.0,0.0,0.0,0.0,47.0,,,,0.0,,,,,,1.0,,2.6025718898357455e-05,0.0,,,,,,True
arima,exclude_covid,arima/exclude_covid,1,neighborhood,Mattapan,flu_season,,bands,,26,,,,,,,,,,,,,,,,,,,,,0.9230769230769231,1.0,0.6231884057971014,0.0,False
arima,exclude_covid,arima/exclude_covid,1,neighborhood,Mattapan,flu_season,0.5,IT50,75.36060630157071,26,3.0,0.11538461538461539,2.0,1.0,1.0,22.0,0.6666666666666666,0.3333333333333333,0.6666666666666666,0.043478260869565216,0.5,0.6666666666666666,0.6231884057971014,0.6231884057971014,0.6231884057971014,0.9230769230769231,1.0,0.06210929194999854,0.10207100591715977,0.3915089658232027,,,,,True
arima,exclude_covid,arima/exclude_covid,1,neighborhood,Mattapan,flu_season,0.9,IT90,114.4266389550119,26,0.0,0.0,0.0,0.0,0.0,26.0,,,,0.0,,,,,,1.0,,0.004461444561759105,0.0,,,,,,True
arima,exclude_covid,arima/exclude_covid,1,neighborhood,Mattapan,flu_season,0.98,IT98,149.46970387636378,26,0.0,0.0,0.0,0.0,0.0,26.0,,,,0.0,,,,,,1.0,,4.704649185472309e-05,0.0,,,,,,True
arima,exclude_covid,arima/exclude_covid,1,neighborhood,Roslindale,overall,,bands,,42,,,,,,,,,,,,,,,,,,,,,0.9285714285714286,0.9761904761904762,0.7464788732394366,0.0,False
arima,exclude_covid,arima/exclude_covid,1,neighborhood,Roslindale,overall,0.5,IT50,83.12526323754497,42,4.0,0.09523809523809523,3.0,1.0,1.0,37.0,0.75,0.25,0.75,0.02631578947368421,0.6,0.75,0.7236842105263158,0.7236842105263158,0.7236842105263158,0.9523809523809523,1.0,0.047700701196476236,0.08616780045351476,0.44642080979878906,,,,,True
arima,exclude_covid,arima/exclude_covid,1,neighborhood,Roslindale,overall,0.9,IT90,133.65502394030972,42,3.0,0.07142857142857142,2.0,1.0,1.0,38.0,0.6666666666666666,0.3333333333333333,0.6666666666666666,0.02564102564102564,0.5,0.6666666666666666,0.641025641025641,0.6410256410256411,0.6410256410256411,0.9523809523809523,1.0,0.031147355163022555,0.06632653061224489,0.530393722157506,,,,,True
arima,exclude_covid,arima/exclude_covid,1,neighborhood,Roslindale,overall,0.98,IT98,181.10052866383202,42,0.0,0.0,0.0,0.0,0.0,42.0,,,,0.0,,,,,,1.0,,0.005034590613614046,0.0,,,,,,True
arima,exclude_covid,arima/exclude_covid,1,neighborhood,Roslindale,flu_season,,bands,,26,,,,,,,,,,,,,,,,,,,,,0.8846153846153846,0.9615384615384616,0.7301038062283738,0.0,False
arima,exclude_covid,arima/exclude_covid,1,neighborhood,Roslindale,flu_season,0.5,IT50,83.12526323754497,26,4.0,0.15384615384615385,3.0,1.0,1.0,21.0,0.75,0.25,0.75,0.045454545454545456,0.6,0.75,0.7045454545454546,0.7045454545454546,0.7045454545454546,0.9230769230769231,1.0,0.07705490250140493,0.13017751479289943,0.4080782489664805,,,,,True
arima,exclude_covid,arima/exclude_covid,1,neighborhood,Roslindale,flu_season,0.9,IT90,133.65502394030972,26,3.0,0.11538461538461539,2.0,1.0,1.0,22.0,0.6666666666666666,0.3333333333333333,0.6666666666666666,0.043478260869565216,0.5,0.6666666666666666,0.6231884057971014,0.6231884057971014,0.6231884057971014,0.9230769230769231,1.0,0.05031495834026721,0.10207100591715977,0.5070592487243386,,,,,True
arima,exclude_covid,arima/exclude_covid,1,neighborhood,Roslindale,flu_season,0.98,IT98,181.10052866383202,26,0.0,0.0,0.0,0.0,0.0,26.0,,,,0.0,,,,,,1.0,,0.00813280022199192,0.0,,,,,,True
arima,exclude_covid,arima/exclude_covid,1,neighborhood,Roxbury,overall,,bands,,49,,,,,,,,,,,,,,,,,,,,,0.9183673469387755,1.0,0.6474820143884892,0.0,False
arima,exclude_covid,arima/exclude_covid,1,neighborhood,Roxbury,overall,0.5,IT50,138.88545502174753,49,3.0,0.061224489795918366,2.0,1.0,1.0,45.0,0.6666666666666666,0.3333333333333333,0.6666666666666666,0.021739130434782608,0.5,0.6666666666666666,0.644927536231884,0.644927536231884,0.644927536231884,0.9591836734693877,1.0,0.03472752064716136,0.057476051645147866,0.39579147047946084,,,,,True
arima,exclude_covid,arima/exclude_covid,1,neighborhood,Roxbury,overall,0.9,IT90,231.9483227351807,49,1.0,0.02040816326530612,0.0,1.0,1.0,47.0,0.0,1.0,0.0,0.020833333333333332,0.0,0.0,-0.020833333333333332,-0.020833333333333332,-0.020833333333333332,0.9591836734693877,1.0,0.03070118781520311,0.01999167013744273,-0.535698998839639,,,,,True
arima,exclude_covid,arima/exclude_covid,1,neighborhood,Roxbury,overall,0.98,IT98,322.0096816211373,49,0.0,0.0,0.0,0.0,0.0,49.0,,,,0.0,,,,,,1.0,,4.876540421345562e-05,0.0,,,,,,True
arima,exclude_covid,arima/exclude_covid,1,neighborhood,Roxbury,flu_season,,bands,,26,,,,,,,,,,,,,,,,,,,,,0.8461538461538461,1.0,0.6285714285714286,0.0,False
arima,exclude_covid,arima/exclude_covid,1,neighborhood,Roxbury,flu_season,0.5,IT50,138.88545502174753,26,3.0,0.11538461538461539,2.0,1.0,1.0,22.0,0.6666666666666666,0.3333333333333333,0.6666666666666666,0.043478260869565216,0.5,0.6666666666666666,0.6231884057971014,0.6231884057971014,0.6231884057971014,0.9230769230769231,1.0,0.06544801968049738,0.10207100591715977,0.35879911153599675,,,,,True
arima,exclude_covid,arima/exclude_covid,1,neighborhood,Roxbury,flu_season,0.9,IT90,231.9483227351807,26,1.0,0.038461538461538464,0.0,1.0,1.0,24.0,0.0,1.0,0.0,0.04,0.0,0.0,-0.04,-0.04,-0.04,0.9230769230769231,1.0,0.057859930882498176,0.036982248520710054,-0.5645325310627509,,,,,True
arima,exclude_covid,arima/exclude_covid,1,neighborhood,Roxbury,flu_season,0.98,IT98,322.0096816211373,26,0.0,0.0,0.0,0.0,0.0,26.0,,,,0.0,,,,,,1.0,,9.190403101766636e-05,0.0,,,,,,True
arima,exclude_covid,arima/exclude_covid,1,neighborhood,South Boston,overall,,bands,,42,,,,,,,,,,,,,,,,,,,,,0.9523809523809523,1.0,0.7236842105263157,0.0,False
arima,exclude_covid,arima/exclude_covid,1,neighborhood,South Boston,overall,0.5,IT50,31.63670795756643,42,4.0,0.09523809523809523,3.0,1.0,1.0,37.0,0.75,0.25,0.75,0.02631578947368421,0.6,0.75,0.7236842105263158,0.7236842105263158,0.7236842105263158,0.9523809523809523,1.0,0.04109038866608043,0.08616780045351476,0.5231352262699613,,,,,True
arima,exclude_covid,arima/exclude_covid,1,neighborhood,South Boston,overall,0.9,IT90,60.18982141922808,42,0.0,0.0,0.0,0.0,0.0,42.0,,,,0.0,,,,,,1.0,,0.0030751810235013876,0.0,,,,,,True
arima,exclude_covid,arima/exclude_covid,1,neighborhood,South Boston,overall,0.98,IT98,90.82483767314203,42,0.0,0.0,0.0,0.0,0.0,42.0,,,,0.0,,,,,,1.0,,5.753769178953278e-06,0.0,,,,,,True
arima,exclude_covid,arima/exclude_covid,1,neighborhood,South Boston,flu_season,,bands,,25,,,,,,,,,,,,,,,,,,,,,0.92,1.0,0.7023809523809524,0.0,False
arima,exclude_covid,arima/exclude_covid,1,neighborhood,South Boston,flu_season,0.5,IT50,31.63670795756643,25,4.0,0.16,3.0,1.0,1.0,20.0,0.75,0.25,0.75,0.047619047619047616,0.6,0.75,0.7023809523809523,0.7023809523809523,0.7023809523809523,0.92,1.0,0.06897876428621999,0.13439999999999996,0.48676514667991067,,,,,True
arima,exclude_covid,arima/exclude_covid,1,neighborhood,South Boston,flu_season,0.9,IT90,60.18982141922808,25,0.0,0.0,0.0,0.0,0.0,25.0,,,,0.0,,,,,,1.0,,0.005166304119447539,0.0,,,,,,True
arima,exclude_covid,arima/exclude_covid,1,neighborhood,South Boston,flu_season,0.98,IT98,90.82483767314203,25,0.0,0.0,0.0,0.0,0.0,25.0,,,,0.0,,,,,,1.0,,9.666332220641507e-06,0.0,,,,,,True
arima,exclude_covid,arima/exclude_covid,1,neighborhood,South End,overall,,bands,,49,,,,,,,,,,,,,,,,,,,,,0.9591836734693877,1.0,0.7277777777777777,0.0,False
arima,exclude_covid,arima/exclude_covid,1,neighborhood,South End,overall,0.5,IT50,82.00792145914704,49,4.0,0.08163265306122448,3.0,1.0,1.0,44.0,0.75,0.25,0.75,0.022222222222222223,0.6,0.75,0.7277777777777777,0.7277777777777777,0.7277777777777777,0.9591836734693877,1.0,0.037793327332228344,0.07496876301541025,0.4958790059739986,,,,,True
arima,exclude_covid,arima/exclude_covid,1,neighborhood,South End,overall,0.9,IT90,134.00251631923587,49,0.0,0.0,0.0,0.0,0.0,49.0,,,,0.0,,,,,,1.0,,0.011646596168618698,0.0,,,,,,True
arima,exclude_covid,arima/exclude_covid,1,neighborhood,South End,overall,0.98,IT98,183.45444562568642,49,0.0,0.0,0.0,0.0,0.0,49.0,,,,0.0,,,,,,1.0,,8.499651009472842e-05,0.0,,,,,,True
arima,exclude_covid,arima/exclude_covid,1,neighborhood,South End,flu_season,,bands,,26,,,,,,,,,,,,,,,,,,,,,0.9230769230769231,1.0,0.7045454545454546,0.0,False
arima,exclude_covid,arima/exclude_covid,1,neighborhood,South End,flu_season,0.5,IT50,82.00792145914704,26,4.0,0.15384615384615385,3.0,1.0,1.0,21.0,0.75,0.25,0.75,0.045454545454545456,0.6,0.75,0.7045454545454546,0.7045454545454546,0.7045454545454546,0.9230769230769231,1.0,0.071225885465133,0.13017751479289943,0.452855698017842,,,,,True
arima,exclude_covid,arima/exclude_covid,1,neighborhood,South End,flu_season,0.9,IT90,134.00251631923587,26,0.0,0.0,0.0,0.0,0.0,26.0,,,,0.0,,,,,,1.0,,0.021949354317781392,0.0,,,,,,True
arima,exclude_covid,arima/exclude_covid,1,neighborhood,South End,flu_season,0.98,IT98,183.45444562568642,26,0.0,0.0,0.0,0.0,0.0,26.0,,,,0.0,,,,,,1.0,,0.000160185730563142,0.0,,,,,,True
arima,exclude_covid,arima/exclude_covid,1,neighborhood,West Roxbury,overall,,bands,,40,,,,,,,,,,,,,,,,,,,,,0.925,0.95,0.4696969696969697,-0.1,False
arima,exclude_covid,arima/exclude_covid,1,neighborhood,West Roxbury,overall,0.5,IT50,37.349459967580074,40,3.0,0.075,2.0,1.0,1.0,36.0,0.6666666666666666,0.3333333333333333,0.6666666666666666,0.02702702702702703,0.5,0.6666666666666666,0.6396396396396395,0.6396396396396397,0.6396396396396397,0.95,1.0,0.03592051642515611,0.06937499999999999,0.48222679026801996,,,,,True
arima,exclude_covid,arima/exclude_covid,1,neighborhood,West Roxbury,overall,0.9,IT90,59.59981304845178,40,3.0,0.075,1.0,0.0,2.0,37.0,0.3333333333333333,0.0,1.0,0.0,0.3333333333333333,0.5,0.3333333333333333,0.4805194805194805,0.5623515948579824,0.95,0.3333333333333333,0.041171945828267595,0.06937499999999999,0.40653051058353007,,,,,True
arima,exclude_covid,arima/exclude_covid,1,neighborhood,West Roxbury,overall,0.98,IT98,80.36625284929092,40,2.0,0.05,0.0,0.0,2.0,38.0,0.0,,,0.0,0.0,0.0,0.0,0.0,,0.95,0.0,0.048184928781138656,0.047499999999999994,-0.014419553287129627,,,,,True
arima,exclude_covid,arima/exclude_covid,1,neighborhood,West Roxbury,flu_season,,bands,,25,,,,,,,,,,,,,,,,,,,,,0.88,0.92,0.449685534591195,-0.16,False
arima,exclude_covid,arima/exclude_covid,1,neighborhood,West Roxbury,flu_season,0.5,IT50,37.349459967580074,25,3.0,0.12,2.0,1.0,1.0,21.0,0.6666666666666666,0.3333333333333333,0.6666666666666666,0.045454545454545456,0.5,0.6666666666666666,0.6212121212121212,0.6212121212121212,0.6212121212121212,0.92,1.0,0.057464328860925604,0.1056,0.45583021912002264,,,,,True
arima,exclude_covid,arima/exclude_covid,1,neighborhood,West Roxbury,flu_season,0.9,IT90,59.59981304845178,25,3.0,0.12,1.0,0.0,2.0,22.0,0.3333333333333333,0.0,1.0,0.0,0.3333333333333333,0.5,0.3333333333333333,0.46808510638297873,0.5527707983925666,0.92,0.3333333333333333,0.06587511332461736,0.1056,0.37618263897142656,,,,,True
arima,exclude_covid,arima/exclude_covid,1,neighborhood,West Roxbury,flu_season,0.98,IT98,80.36625284929092,25,2.0,0.08,0.0,0.0,2.0,23.0,0.0,,,0.0,0.0,0.0,0.0,0.0,,0.92,0.0,0.07709588604982186,0.0736,-0.0474984517638839,,,,,True
arima,post_covid,arima/post_covid,1,citywide,CITYWIDE,overall,,bands,,49,,,,,,,,,,,,,,,,,,,,,0.9387755102040817,1.0,0.7054108216432866,-0.02040816326530612,False
arima,post_covid,arima/post_covid,1,citywide,CITYWIDE,overall,0.5,IT50,60.20679524890062,49,4.0,0.08163265306122448,3.0,1.0,1.0,44.0,0.75,0.25,0.75,0.022222222222222223,0.6,0.75,0.7277777777777777,0.7277777777777777,0.7277777777777777,0.9591836734693877,1.0,0.03011862182770493,0.07496876301541025,0.5982510499537803,,,,,True
arima,post_covid,arima/post_covid,1,citywide,CITYWIDE,overall,0.9,IT90,98.17566769051967,49,1.0,0.02040816326530612,0.0,0.0,1.0,48.0,0.0,,,0.0,0.0,0.0,0.0,0.0,,0.9795918367346939,0.0,0.024227470313944496,0.01999167013744273,-0.21187825466209875,,,,,True
arima,post_covid,arima/post_covid,1,citywide,CITYWIDE,overall,0.98,IT98,134.22833796478614,49,0.0,0.0,0.0,0.0,0.0,49.0,,,,0.0,,,,,,1.0,,0.0002532297712545183,0.0,,,,,,True
arima,post_covid,arima/post_covid,1,citywide,CITYWIDE,flu_season,,bands,,26,,,,,,,,,,,,,,,,,,,,,0.8846153846153846,1.0,0.6829268292682926,-0.038461538461538464,False
arima,post_covid,arima/post_covid,1,citywide,CITYWIDE,flu_season,0.5,IT50,60.20679524890062,26,4.0,0.15384615384615385,3.0,1.0,1.0,21.0,0.75,0.25,0.75,0.045454545454545456,0.6,0.75,0.7045454545454546,0.7045454545454546,0.7045454545454546,0.9230769230769231,1.0,0.05676011309589709,0.13017751479289943,0.5639791312178815,,,,,True
arima,post_covid,arima/post_covid,1,citywide,CITYWIDE,flu_season,0.9,IT90,98.17566769051967,26,1.0,0.038461538461538464,0.0,0.0,1.0,25.0,0.0,,,0.0,0.0,0.0,0.0,0.0,,0.9615384615384616,0.0,0.0456594632839706,0.036982248520710054,-0.23463188719856531,,,,,True
arima,post_covid,arima/post_covid,1,citywide,CITYWIDE,flu_season,0.98,IT98,134.22833796478614,26,0.0,0.0,0.0,0.0,0.0,26.0,,,,0.0,,,,,,1.0,,0.0004772407227488999,0.0,,,,,,True
arima,post_covid,arima/post_covid,1,pooled,ALL,overall,,bands,,627,,,,,,,,,,,,,,,,,,,,,0.9362041467304625,0.9904306220095693,0.6610432738100346,-0.02073365231259968,False
arima,post_covid,arima/post_covid,1,pooled,ALL,overall,0.5,IT50,,627,51.0,0.08133971291866028,35.0,10.0,16.0,566.0,0.6862745098039216,0.2222222222222222,0.7777777777777778,0.017361111111111112,0.5737704918032787,0.7291666666666666,0.6689133986928104,0.7068091075860581,0.7084324985315859,0.9585326953748007,0.8823529411764706,0.035199137266520415,0.07472356402097019,0.5289419378250984,,,,,False
arima,post_covid,arima/post_covid,1,pooled,ALL,overall,0.9,IT90,,627,18.0,0.028708133971291867,6.0,7.0,12.0,602.0,0.3333333333333333,0.5384615384615384,0.46153846153846156,0.011494252873563218,0.24,0.3870967741935484,0.3218390804597701,0.37197532816700934,0.37716190085497214,0.9696969696969697,0.7222222222222222,0.022770084611856024,0.02788397701517821,0.18339896064820738,,,,,False
arima,post_covid,arima/post_covid,1,pooled,ALL,overall,0.98,IT98,,627,2.0,0.003189792663476874,0.0,0.0,2.0,625.0,0.0,,,0.0,0.0,0.0,0.0,0.0,,0.9968102073365231,0.0,0.004017000904639323,0.0031796178862409027,-0.2633596389119621,,,,,True
arima,post_covid,arima/post_covid,1,pooled,ALL,flu_season,,bands,,352,,,,,,,,,,,,,,,,,,,,,0.8863636363636364,0.9829545454545454,0.6412347117064648,-0.036931818181818184,False
arima,post_covid,arima/post_covid,1,pooled,ALL,flu_season,0.5,IT50,,352,51.0,0.14488636363636365,35.0,10.0,16.0,291.0,0.6862745098039216,0.2222222222222222,0.7777777777777778,0.03322259136212625,0.5737704918032787,0.7291666666666666,0.6530519184417953,0.6865968084377783,0.6883995865499503,0.9261363636363636,0.8823529411764706,0.062465291289612895,0.12389430526859506,0.49581789772990714,,,,,False
arima,post_covid,arima/post_covid,1,pooled,ALL,flu_season,0.9,IT90,,352,18.0,0.05113636363636364,6.0,7.0,12.0,327.0,0.3333333333333333,0.5384615384615384,0.46153846153846156,0.020958083832335328,0.24,0.3870967741935484,0.312375249500998,0.35963232477977786,0.3648501899706182,0.9460227272727273,0.7222222222222222,0.0405588908796459,0.04852143595041322,0.1641036567612033,,,,,False
arima,post_covid,arima/post_covid,1,pooled,ALL,flu_season,0.98,IT98,,352,2.0,0.005681818181818182,0.0,0.0,2.0,350.0,0.0,,,0.0,0.0,0.0,0.0,0.0,,0.9943181818181818,0.0,0.007155282725498136,0.0056495351239669415,-0.26652592974303024,,,,,True
arima,post_covid,arima/post_covid,1,neighborhood,Allston/Brighton,overall,,bands,,49,,,,,,,,,,,,,,,,,,,,,0.9387755102040817,1.0,0.7835051546391752,-0.061224489795918366,False
arima,post_covid,arima/post_covid,1,neighborhood,Allston/Brighton,overall,0.5,IT50,43.17201700312734,49,5.0,0.10204081632653061,4.0,0.0,1.0,44.0,0.8,0.0,1.0,0.0,0.8,0.8888888888888888,0.8,0.8778054862842892,0.8844332774281066,0.9795918367346939,0.8,0.028951298479274298,0.09162848812994587,0.684036056142102,,,,,False
arima,post_covid,arima/post_covid,1,neighborhood,Allston/Brighton,overall,0.9,IT90,72.80812661818143,49,2.0,0.04081632653061224,0.0,0.0,2.0,47.0,0.0,,,0.0,0.0,0.0,0.0,0.0,,0.9591836734693877,0.0,0.0338142583832165,0.03915035401915868,0.13629750661592743,,,,,True
arima,post_covid,arima/post_covid,1,neighborhood,Allston/Brighton,overall,0.98,IT98,101.71188922331822,49,0.0,0.0,0.0,0.0,0.0,49.0,,,,0.0,,,,,,1.0,,0.00046434445984900783,0.0,,,,,,True
arima,post_covid,arima/post_covid,1,neighborhood,Allston/Brighton,flu_season,,bands,,26,,,,,,,,,,,,,,,,,,,,,0.8846153846153846,1.0,0.7664670658682634,-0.11538461538461539,False
arima,post_covid,arima/post_covid,1,neighborhood,Allston/Brighton,flu_season,0.5,IT50,43.17201700312734,26,5.0,0.19230769230769232,4.0,0.0,1.0,21.0,0.8,0.0,1.0,0.0,0.8,0.8888888888888888,0.8,0.865979381443299,0.873862897505303,0.9615384615384616,0.8,0.05447396226903867,0.15532544378698226,0.6492914429155225,,,,,False
arima,post_covid,arima/post_covid,1,neighborhood,Allston/Brighton,flu_season,0.9,IT90,72.80812661818143,26,2.0,0.07692307692307693,0.0,0.0,2.0,24.0,0.0,,,0.0,0.0,0.0,0.0,0.0,,0.9230769230769231,0.0,0.06372687148013445,0.07100591715976333,0.10251322665477336,,,,,True
arima,post_covid,arima/post_covid,1,neighborhood,Allston/Brighton,flu_season,0.98,IT98,101.71188922331822,26,0.0,0.0,0.0,0.0,0.0,26.0,,,,0.0,,,,,,1.0,,0.000875110712792361,0.0,,,,,,True
arima,post_covid,arima/post_covid,1,neighborhood,Back Bay/Beacon Hill/Downtown/North End/West End,overall,,bands,,46,,,,,,,,,,,,,,,,,,,,,0.9130434782608695,0.9565217391304348,0.40874035989717206,0.0,False
arima,post_covid,arima/post_covid,1,neighborhood,Back Bay/Beacon Hill/Downtown/North End/West End,overall,0.5,IT50,32.35361456388361,46,3.0,0.06521739130434782,2.0,1.0,1.0,42.0,0.6666666666666666,0.3333333333333333,0.6666666666666666,0.023255813953488372,0.5,0.6666666666666666,0.6434108527131782,0.6434108527131783,0.6434108527131783,0.9565217391304348,1.0,0.03891156530777764,0.060964083175803395,0.36172967293598846,,,,,True
arima,post_covid,arima/post_covid,1,neighborhood,Back Bay/Beacon Hill/Downtown/North End/West End,overall,0.9,IT90,56.35007606954225,46,2.0,0.043478260869565216,0.0,2.0,2.0,42.0,0.0,1.0,0.0,0.045454545454545456,0.0,0.0,-0.045454545454545456,-0.045454545454545456,-0.045454545454545456,0.9130434782608695,1.0,0.050893718424933815,0.04158790170132326,-0.2237625930359084,,,,,True
arima,post_covid,arima/post_covid,1,neighborhood,Back Bay/Beacon Hill/Downtown/North End/West End,overall,0.98,IT98,80.35966190257739,46,0.0,0.0,0.0,0.0,0.0,46.0,,,,0.0,,,,,,1.0,,0.0013057985341739695,0.0,,,,,,True
arima,post_covid,arima/post_covid,1,neighborhood,Back Bay/Beacon Hill/Downtown/North End/West End,flu_season,,bands,,26,,,,,,,,,,,,,,,,,,,,,0.8461538461538461,0.9230769230769231,0.37799043062200954,0.0,False
arima,post_covid,arima/post_covid,1,neighborhood,Back Bay/Beacon Hill/Downtown/North End/West End,flu_season,0.5,IT50,32.35361456388361,26,3.0,0.11538461538461539,2.0,1.0,1.0,22.0,0.6666666666666666,0.3333333333333333,0.6666666666666666,0.043478260869565216,0.5,0.6666666666666666,0.6231884057971014,0.6231884057971014,0.6231884057971014,0.9230769230769231,1.0,0.06878829747248393,0.10207100591715977,0.326074071139143,,,,,True
arima,post_covid,arima/post_covid,1,neighborhood,Back Bay/Beacon Hill/Downtown/North End/West End,flu_season,0.9,IT90,56.35007606954225,26,2.0,0.07692307692307693,0.0,2.0,2.0,22.0,0.0,1.0,0.0,0.08333333333333333,0.0,0.0,-0.08333333333333333,-0.08333333333333333,-0.08333333333333333,0.8461538461538461,1.0,0.09004273257646649,0.07100591715976333,-0.2681018171185694,,,,,True
arima,post_covid,arima/post_covid,1,neighborhood,Back Bay/Beacon Hill/Downtown/North End/West End,flu_season,0.98,IT98,80.35966190257739,26,0.0,0.0,0.0,0.0,0.0,26.0,,,,0.0,,,,,,1.0,,0.002310258945077023,0.0,,,,,,True
arima,post_covid,arima/post_covid,1,neighborhood,Charlestown,overall,,bands,,35,,,,,,,,,,,,,,,,,,,,,0.8857142857142857,0.9714285714285714,0.5454545454545454,-0.08571428571428572,False
arima,post_covid,arima/post_covid,1,neighborhood,Charlestown,overall,0.5,IT50,44.544403832795176,35,4.0,0.11428571428571428,3.0,1.0,1.0,30.0,0.75,0.25,0.75,0.03225806451612903,0.6,0.75,0.717741935483871,0.717741935483871,0.717741935483871,0.9428571428571428,1.0,0.048250397867625895,0.10122448979591839,0.5233327630012765,,,,,True
arima,post_covid,arima/post_covid,1,neighborhood,Charlestown,overall,0.9,IT90,75.51034339625782,35,3.0,0.08571428571428572,0.0,0.0,3.0,32.0,0.0,,,0.0,0.0,0.0,0.0,0.0,,0.9142857142857143,0.0,0.07429712145970387,0.0783673469387755,0.051937773040237056,,,,,True
arima,post_covid,arima/post_covid,1,neighborhood,Charlestown,overall,0.98,IT98,105.83479691598406,35,0.0,0.0,0.0,0.0,0.0,35.0,,,,0.0,,,,,,1.0,,0.00017694746210414705,0.0,,,,,,True
arima,post_covid,arima/post_covid,1,neighborhood,Charlestown,flu_season,,bands,,21,,,,,,,,,,,,,,,,,,,,,0.8095238095238095,0.9523809523809523,0.5116279069767442,-0.14285714285714285,False
arima,post_covid,arima/post_covid,1,neighborhood,Charlestown,flu_season,0.5,IT50,44.544403832795176,21,4.0,0.19047619047619047,3.0,1.0,1.0,16.0,0.75,0.25,0.75,0.058823529411764705,0.6,0.75,0.6911764705882353,0.6911764705882353,0.6911764705882353,0.9047619047619048,1.0,0.08034414498995478,0.1541950113378685,0.47894458910926396,,,,,True
arima,post_covid,arima/post_covid,1,neighborhood,Charlestown,flu_season,0.9,IT90,75.51034339625782,21,3.0,0.14285714285714285,0.0,0.0,3.0,18.0,0.0,,,0.0,0.0,0.0,0.0,0.0,,0.8571428571428571,0.0,0.12382853575320969,0.12244897959183672,-0.011266375317879218,,,,,True
arima,post_covid,arima/post_covid,1,neighborhood,Charlestown,flu_season,0.98,IT98,105.83479691598406,21,0.0,0.0,0.0,0.0,0.0,21.0,,,,0.0,,,,,,1.0,,0.0002949124368402451,0.0,,,,,,True
arima,post_covid,arima/post_covid,1,neighborhood,Dorchester,overall,,bands,,49,,,,,,,,,,,,,,,,,,,,,0.9591836734693877,1.0,0.7860262008733625,0.0,False
arima,post_covid,arima/post_covid,1,neighborhood,Dorchester,overall,0.5,IT50,157.0086457734027,49,4.0,0.08163265306122448,3.0,0.0,1.0,45.0,0.75,0.0,1.0,0.0,0.75,0.8571428571428571,0.75,0.8463949843260188,0.8565603610802411,0.9795918367346939,0.75,0.01640819290271806,0.07496876301541025,0.7811329380031886,,,,,True
arima,post_covid,arima/post_covid,1,neighborhood,Dorchester,overall,0.9,IT90,264.26252974322875,49,0.0,0.0,0.0,1.0,0.0,48.0,,1.0,0.0,0.02040816326530612,0.0,0.0,,0.0,,0.9795918367346939,,0.00768629044694621,0.0,,,,,,True
arima,post_covid,arima/post_covid,1,neighborhood,Dorchester,overall,0.98,IT98,368.7005757586777,49,0.0,0.0,0.0,0.0,0.0,49.0,,,,0.0,,,,,,1.0,,2.760293700097754e-05,0.0,,,,,,True
arima,post_covid,arima/post_covid,1,neighborhood,Dorchester,flu_season,,bands,,26,,,,,,,,,,,,,,,,,,,,,0.9230769230769231,1.0,0.7719298245614035,0.0,False
arima,post_covid,arima/post_covid,1,neighborhood,Dorchester,flu_season,0.5,IT50,157.0086457734027,26,4.0,0.15384615384615385,3.0,0.0,1.0,22.0,0.75,0.0,1.0,0.0,0.75,0.8571428571428571,0.75,0.8354430379746836,0.8469895538599198,0.9615384615384616,0.75,0.030923119211058156,0.13017751479289943,0.7624542206059624,,,,,True
arima,post_covid,arima/post_covid,1,neighborhood,Dorchester,flu_season,0.9,IT90,264.26252974322875,26,0.0,0.0,0.0,1.0,0.0,25.0,,1.0,0.0,0.038461538461538464,0.0,0.0,,0.0,,0.9615384615384616,,0.014485701226937089,0.0,,,,,,True
arima,post_covid,arima/post_covid,1,neighborhood,Dorchester,flu_season,0.98,IT98,368.7005757586777,26,0.0,0.0,0.0,0.0,0.0,26.0,,,,0.0,,,,,,1.0,,5.202091973261152e-05,0.0,,,,,,True
arima,post_covid,arima/post_covid,1,neighborhood,East Boston,overall,,bands,,44,,,,,,,,,,,,,,,,,,,,,0.9545454545454546,1.0,0.7853658536585366,-0.045454545454545456,False
arima,post_covid,arima/post_covid,1,neighborhood,East Boston,overall,0.5,IT50,32.38969817502224,44,4.0,0.09090909090909091,3.0,0.0,1.0,40.0,0.75,0.0,1.0,0.0,0.75,0.8571428571428571,0.75,0.8450704225352113,0.8553989227683015,0.9772727272727273,0.75,0.03162397947953451,0.08264462809917356,0.6173498482976324,,,,,True
arima,post_covid,arima/post_covid,1,neighborhood,East Boston,overall,0.9,IT90,56.982258100156095,44,1.0,0.022727272727272728,0.0,0.0,1.0,43.0,0.0,,,0.0,0.0,0.0,0.0,0.0,,0.9772727272727273,0.0,0.016723497420203005,0.02221074380165289,0.24705369754620887,,,,,True
arima,post_covid,arima/post_covid,1,neighborhood,East Boston,overall,0.98,IT98,81.78485877953806,44,0.0,0.0,0.0,0.0,0.0,44.0,,,,0.0,,,,,,1.0,,0.0001613230622036282,0.0,,,,,,True
arima,post_covid,arima/post_covid,1,neighborhood,East Boston,flu_season,,bands,,25,,,,,,,,,,,,,,,,,,,,,0.92,1.0,0.7727272727272727,-0.08,False
arima,post_covid,arima/post_covid,1,neighborhood,East Boston,flu_season,0.5,IT50,32.38969817502224,25,4.0,0.16,3.0,0.0,1.0,21.0,0.75,0.0,1.0,0.0,0.75,0.8571428571428571,0.75,0.8344370860927153,0.8461141122266493,0.96,0.75,0.0546675675931022,0.13439999999999996,0.5932472649322752,,,,,True
arima,post_covid,arima/post_covid,1,neighborhood,East Boston,flu_season,0.9,IT90,56.982258100156095,25,1.0,0.04,0.0,0.0,1.0,24.0,0.0,,,0.0,0.0,0.0,0.0,0.0,,0.96,0.0,0.0294332147928865,0.03840000000000001,0.23351003143524762,,,,,True
arima,post_covid,arima/post_covid,1,neighborhood,East Boston,flu_season,0.98,IT98,81.78485877953806,25,0.0,0.0,0.0,0.0,0.0,25.0,,,,0.0,,,,,,1.0,,0.0002839285894392561,0.0,,,,,,True
arima,post_covid,arima/post_covid,1,neighborhood,Fenway,overall,,bands,,43,,,,,,,,,,,,,,,,,,,,,0.9534883720930233,1.0,0.0,-0.046511627906976744,False
arima,post_covid,arima/post_covid,1,neighborhood,Fenway,overall,0.5,IT50,19.789042860168028,43,2.0,0.046511627906976744,0.0,0.0,2.0,41.0,0.0,,,0.0,0.0,0.0,0.0,0.0,,0.9534883720930233,0.0,0.037605731546095506,0.04434829637641969,0.15203661428377335,,,,,True
arima,post_covid,arima/post_covid,1,neighborhood,Fenway,overall,0.9,IT90,31.717921949528318,43,0.0,0.0,0.0,0.0,0.0,43.0,,,,0.0,,,,,,1.0,,0.0013742919752443594,0.0,,,,,,True
arima,post_covid,arima/post_covid,1,neighborhood,Fenway,overall,0.98,IT98,42.89052071415166,43,0.0,0.0,0.0,0.0,0.0,43.0,,,,0.0,,,,,,1.0,,3.5142486358376956e-05,0.0,,,,,,True
arima,post_covid,arima/post_covid,1,neighborhood,Fenway,flu_season,,bands,,25,,,,,,,,,,,,,,,,,,,,,0.92,1.0,0.0,-0.08,False
arima,post_covid,arima/post_covid,1,neighborhood,Fenway,flu_season,0.5,IT50,19.789042860168028,25,2.0,0.08,0.0,0.0,2.0,23.0,0.0,,,0.0,0.0,0.0,0.0,0.0,,0.92,0.0,0.06298477777243486,0.0736,0.14422856287452634,,,,,True
arima,post_covid,arima/post_covid,1,neighborhood,Fenway,flu_season,0.9,IT90,31.717921949528318,25,0.0,0.0,0.0,0.0,0.0,25.0,,,,0.0,,,,,,1.0,,0.0023593891352181183,0.0,,,,,,True
arima,post_covid,arima/post_covid,1,neighborhood,Fenway,flu_season,0.98,IT98,42.89052071415166,25,0.0,0.0,0.0,0.0,0.0,25.0,,,,0.0,,,,,,1.0,,6.044316323694665e-05,0.0,,,,,,True
arima,post_covid,arima/post_covid,1,neighborhood,Hyde Park,overall,,bands,,46,,,,,,,,,,,,,,,,,,,,,0.9565217391304348,1.0,0.6434108527131783,0.0,False
arima,post_covid,arima/post_covid,1,neighborhood,Hyde Park,overall,0.5,IT50,59.73762940735334,46,3.0,0.06521739130434782,2.0,1.0,1.0,42.0,0.6666666666666666,0.3333333333333333,0.6666666666666666,0.023255813953488372,0.5,0.6666666666666666,0.6434108527131782,0.6434108527131783,0.6434108527131783,0.9565217391304348,1.0,0.04397619547076027,0.060964083175803395,0.2786540339834982,,,,,True
arima,post_covid,arima/post_covid,1,neighborhood,Hyde Park,overall,0.9,IT90,98.70163927662223,46,0.0,0.0,0.0,0.0,0.0,46.0,,,,0.0,,,,,,1.0,,0.00461821365507607,0.0,,,,,,True
arima,post_covid,arima/post_covid,1,neighborhood,Hyde Park,overall,0.98,IT98,136.08880333365826,46,0.0,0.0,0.0,0.0,0.0,46.0,,,,0.0,,,,,,1.0,,6.923316401479553e-05,0.0,,,,,,True
arima,post_covid,arima/post_covid,1,neighborhood,Hyde Park,flu_season,,bands,,25,,,,,,,,,,,,,,,,,,,,,0.92,1.0,0.6212121212121212,0.0,False
arima,post_covid,arima/post_covid,1,neighborhood,Hyde Park,flu_season,0.5,IT50,59.73762940735334,25,3.0,0.12,2.0,1.0,1.0,21.0,0.6666666666666666,0.3333333333333333,0.6666666666666666,0.045454545454545456,0.5,0.6666666666666666,0.6212121212121212,0.6212121212121212,0.6212121212121212,0.92,1.0,0.08079610922055946,0.1056,0.23488532935076267,,,,,True
arima,post_covid,arima/post_covid,1,neighborhood,Hyde Park,flu_season,0.9,IT90,98.70163927662223,25,0.0,0.0,0.0,0.0,0.0,25.0,,,,0.0,,,,,,1.0,,0.008497512953906473,0.0,,,,,,True
arima,post_covid,arima/post_covid,1,neighborhood,Hyde Park,flu_season,0.98,IT98,136.08880333365826,25,0.0,0.0,0.0,0.0,0.0,25.0,,,,0.0,,,,,,1.0,,0.00012738902178722371,0.0,,,,,,True
arima,post_covid,arima/post_covid,1,neighborhood,Jamaica Plain,overall,,bands,,46,,,,,,,,,,,,,,,,,,,,,0.9130434782608695,1.0,0.8413793103448276,0.0,False
arima,post_covid,arima/post_covid,1,neighborhood,Jamaica Plain,overall,0.5,IT50,30.1329000930458,46,5.0,0.10869565217391304,4.0,1.0,1.0,40.0,0.8,0.2,0.8,0.024390243902439025,0.6666666666666666,0.8,0.775609756097561,0.775609756097561,0.775609756097561,0.9565217391304348,1.0,0.024685891394153583,0.09688090737240074,0.7451934332193708,,,,,False
arima,post_covid,arima/post_covid,1,neighborhood,Jamaica Plain,overall,0.9,IT90,48.93353508945714,46,3.0,0.06521739130434782,2.0,1.0,1.0,42.0,0.6666666666666666,0.3333333333333333,0.6666666666666666,0.023255813953488372,0.5,0.6666666666666666,0.6434108527131782,0.6434108527131783,0.6434108527131783,0.9565217391304348,1.0,0.027665979082074972,0.060964083175803395,0.5461921570723205,,,,,True
arima,post_covid,arima/post_covid,1,neighborhood,Jamaica Plain,overall,0.98,IT98,66.72678487426273,46,0.0,0.0,0.0,0.0,0.0,46.0,,,,0.0,,,,,,1.0,,0.0068753089741298385,0.0,,,,,,True
arima,post_covid,arima/post_covid,1,neighborhood,Jamaica Plain,flu_season,,bands,,24,,,,,,,,,,,,,,,,,,,,,0.8333333333333334,1.0,0.8235294117647058,0.0,False
arima,post_covid,arima/post_covid,1,neighborhood,Jamaica Plain,flu_season,0.5,IT50,30.1329000930458,24,5.0,0.20833333333333334,4.0,1.0,1.0,18.0,0.8,0.2,0.8,0.05263157894736842,0.6666666666666666,0.8,0.7473684210526317,0.7473684210526316,0.7473684210526316,0.9166666666666666,1.0,0.04717321248074032,0.16493055555555555,0.7139813643273007,,,,,False
arima,post_covid,arima/post_covid,1,neighborhood,Jamaica Plain,flu_season,0.9,IT90,48.93353508945714,24,3.0,0.125,2.0,1.0,1.0,20.0,0.6666666666666666,0.3333333333333333,0.6666666666666666,0.047619047619047616,0.5,0.6666666666666666,0.6190476190476191,0.6190476190476191,0.6190476190476191,0.9166666666666666,1.0,0.05302645532884409,0.109375,0.5151866941362826,,,,,True
arima,post_covid,arima/post_covid,1,neighborhood,Jamaica Plain,flu_season,0.98,IT98,66.72678487426273,24,0.0,0.0,0.0,0.0,0.0,24.0,,,,0.0,,,,,,1.0,,0.013177675533746899,0.0,,,,,,True
arima,post_covid,arima/post_covid,1,neighborhood,Mattapan,overall,,bands,,47,,,,,,,,,,,,,,,,,,,,,0.9361702127659575,1.0,0.3677130044843049,-0.02127659574468085,False
arima,post_covid,arima/post_covid,1,neighborhood,Mattapan,overall,0.5,IT50,75.36060630157071,47,3.0,0.06382978723404255,1.0,1.0,2.0,43.0,0.3333333333333333,0.5,0.5,0.022727272727272728,0.25,0.4,0.3106060606060606,0.36771300448430494,0.3761626197515065,0.9361702127659575,0.6666666666666666,0.02681882952349791,0.05975554549569943,0.5511909513832813,,,,,True
arima,post_covid,arima/post_covid,1,neighborhood,Mattapan,overall,0.9,IT90,114.4266389550119,47,0.0,0.0,0.0,0.0,0.0,47.0,,,,0.0,,,,,,1.0,,0.001960122578597296,0.0,,,,,,True
arima,post_covid,arima/post_covid,1,neighborhood,Mattapan,overall,0.98,IT98,149.46970387636378,47,0.0,0.0,0.0,0.0,0.0,47.0,,,,0.0,,,,,,1.0,,4.074242598630946e-05,0.0,,,,,,True
arima,post_covid,arima/post_covid,1,neighborhood,Mattapan,flu_season,,bands,,26,,,,,,,,,,,,,,,,,,,,,0.8846153846153846,1.0,0.3389830508474576,-0.038461538461538464,False
arima,post_covid,arima/post_covid,1,neighborhood,Mattapan,flu_season,0.5,IT50,75.36060630157071,26,3.0,0.11538461538461539,1.0,1.0,2.0,22.0,0.3333333333333333,0.5,0.5,0.043478260869565216,0.25,0.4,0.28985507246376807,0.3389830508474576,0.34752402342845795,0.8846153846153846,0.6666666666666666,0.04848019180640662,0.10207100591715977,0.5250346425923063,,,,,True
arima,post_covid,arima/post_covid,1,neighborhood,Mattapan,flu_season,0.9,IT90,114.4266389550119,26,0.0,0.0,0.0,0.0,0.0,26.0,,,,0.0,,,,,,1.0,,0.0035432985074643425,0.0,,,,,,True
arima,post_covid,arima/post_covid,1,neighborhood,Mattapan,flu_season,0.98,IT98,149.46970387636378,26,0.0,0.0,0.0,0.0,0.0,26.0,,,,0.0,,,,,,1.0,,7.36497700521748e-05,0.0,,,,,,True
arima,post_covid,arima/post_covid,1,neighborhood,Roslindale,overall,,bands,,42,,,,,,,,,,,,,,,,,,,,,0.9285714285714286,0.9761904761904762,0.7464788732394366,0.0,False
arima,post_covid,arima/post_covid,1,neighborhood,Roslindale,overall,0.5,IT50,83.12526323754497,42,4.0,0.09523809523809523,3.0,1.0,1.0,37.0,0.75,0.25,0.75,0.02631578947368421,0.6,0.75,0.7236842105263158,0.7236842105263158,0.7236842105263158,0.9523809523809523,1.0,0.051604708299456306,0.08616780045351476,0.40111377999841513,,,,,True
arima,post_covid,arima/post_covid,1,neighborhood,Roslindale,overall,0.9,IT90,133.65502394030972,42,3.0,0.07142857142857142,2.0,1.0,1.0,38.0,0.6666666666666666,0.3333333333333333,0.6666666666666666,0.02564102564102564,0.5,0.6666666666666666,0.641025641025641,0.6410256410256411,0.6410256410256411,0.9523809523809523,1.0,0.03498839740168401,0.06632653061224489,0.47248262378999484,,,,,True
arima,post_covid,arima/post_covid,1,neighborhood,Roslindale,overall,0.98,IT98,181.10052866383202,42,0.0,0.0,0.0,0.0,0.0,42.0,,,,0.0,,,,,,1.0,,0.005585840300408507,0.0,,,,,,True
arima,post_covid,arima/post_covid,1,neighborhood,Roslindale,flu_season,,bands,,26,,,,,,,,,,,,,,,,,,,,,0.8846153846153846,0.9615384615384616,0.7301038062283738,0.0,False
arima,post_covid,arima/post_covid,1,neighborhood,Roslindale,flu_season,0.5,IT50,83.12526323754497,26,4.0,0.15384615384615385,3.0,1.0,1.0,21.0,0.75,0.25,0.75,0.045454545454545456,0.6,0.75,0.7045454545454546,0.7045454545454546,0.7045454545454546,0.9230769230769231,1.0,0.08333741805238906,0.13017751479289943,0.35981710677937506,,,,,True
arima,post_covid,arima/post_covid,1,neighborhood,Roslindale,flu_season,0.9,IT90,133.65502394030972,26,3.0,0.11538461538461539,2.0,1.0,1.0,22.0,0.6666666666666666,0.3333333333333333,0.6666666666666666,0.043478260869565216,0.5,0.6666666666666666,0.6231884057971014,0.6231884057971014,0.6231884057971014,0.9230769230769231,1.0,0.05651971887884188,0.10207100591715977,0.4462705802594622,,,,,True
arima,post_covid,arima/post_covid,1,neighborhood,Roslindale,flu_season,0.98,IT98,181.10052866383202,26,0.0,0.0,0.0,0.0,0.0,26.0,,,,0.0,,,,,,1.0,,0.00902328048527528,0.0,,,,,,True
arima,post_covid,arima/post_covid,1,neighborhood,Roxbury,overall,,bands,,49,,,,,,,,,,,,,,,,,,,,,0.9183673469387755,1.0,0.6474820143884892,0.0,False
arima,post_covid,arima/post_covid,1,neighborhood,Roxbury,overall,0.5,IT50,138.88545502174753,49,3.0,0.061224489795918366,2.0,1.0,1.0,45.0,0.6666666666666666,0.3333333333333333,0.6666666666666666,0.021739130434782608,0.5,0.6666666666666666,0.644927536231884,0.644927536231884,0.644927536231884,0.9591836734693877,1.0,0.033657000200363225,0.057476051645147866,0.41441697477483996,,,,,True
arima,post_covid,arima/post_covid,1,neighborhood,Roxbury,overall,0.9,IT90,231.9483227351807,49,1.0,0.02040816326530612,0.0,1.0,1.0,47.0,0.0,1.0,0.0,0.020833333333333332,0.0,0.0,-0.020833333333333332,-0.020833333333333332,-0.020833333333333332,0.9591836734693877,1.0,0.030960523946445814,0.01999167013744273,-0.5486712082378418,,,,,True
arima,post_covid,arima/post_covid,1,neighborhood,Roxbury,overall,0.98,IT98,322.0096816211373,49,0.0,0.0,0.0,0.0,0.0,49.0,,,,0.0,,,,,,1.0,,0.0001535640140368627,0.0,,,,,,True
arima,post_covid,arima/post_covid,1,neighborhood,Roxbury,flu_season,,bands,,26,,,,,,,,,,,,,,,,,,,,,0.8461538461538461,1.0,0.6285714285714286,0.0,False
arima,post_covid,arima/post_covid,1,neighborhood,Roxbury,flu_season,0.5,IT50,138.88545502174753,26,3.0,0.11538461538461539,2.0,1.0,1.0,22.0,0.6666666666666666,0.3333333333333333,0.6666666666666666,0.043478260869565216,0.5,0.6666666666666666,0.6231884057971014,0.6231884057971014,0.6231884057971014,0.9230769230769231,1.0,0.06343049480203025,0.10207100591715977,0.3785650074467761,,,,,True
arima,post_covid,arima/post_covid,1,neighborhood,Roxbury,flu_season,0.9,IT90,231.9483227351807,26,1.0,0.038461538461538464,0.0,1.0,1.0,24.0,0.0,1.0,0.0,0.04,0.0,0.0,-0.04,-0.04,-0.04,0.9230769230769231,1.0,0.058348679745224806,0.036982248520710054,-0.577748300310879,,,,,True
arima,post_covid,arima/post_covid,1,neighborhood,Roxbury,flu_season,0.98,IT98,322.0096816211373,26,0.0,0.0,0.0,0.0,0.0,26.0,,,,0.0,,,,,,1.0,,0.0002894091033771643,0.0,,,,,,True
arima,post_covid,arima/post_covid,1,neighborhood,South Boston,overall,,bands,,42,,,,,,,,,,,,,,,,,,,,,0.9523809523809523,1.0,0.7236842105263157,0.0,False
arima,post_covid,arima/post_covid,1,neighborhood,South Boston,overall,0.5,IT50,31.63670795756643,42,4.0,0.09523809523809523,3.0,1.0,1.0,37.0,0.75,0.25,0.75,0.02631578947368421,0.6,0.75,0.7236842105263158,0.7236842105263158,0.7236842105263158,0.9523809523809523,1.0,0.04851752878186351,0.08616780045351476,0.43694131071574205,,,,,True
arima,post_covid,arima/post_covid,1,neighborhood,South Boston,overall,0.9,IT90,60.18982141922808,42,0.0,0.0,0.0,0.0,0.0,42.0,,,,0.0,,,,,,1.0,,0.004724887327945551,0.0,,,,,,True
arima,post_covid,arima/post_covid,1,neighborhood,South Boston,overall,0.98,IT98,90.82483767314203,42,0.0,0.0,0.0,0.0,0.0,42.0,,,,0.0,,,,,,1.0,,2.5301300269706574e-05,0.0,,,,,,True
arima,post_covid,arima/post_covid,1,neighborhood,South Boston,flu_season,,bands,,25,,,,,,,,,,,,,,,,,,,,,0.92,1.0,0.7023809523809524,0.0,False
arima,post_covid,arima/post_covid,1,neighborhood,South Boston,flu_season,0.5,IT50,31.63670795756643,25,4.0,0.16,3.0,1.0,1.0,20.0,0.75,0.25,0.75,0.047619047619047616,0.6,0.75,0.7023809523809523,0.7023809523809523,0.7023809523809523,0.92,1.0,0.08144178534400595,0.13439999999999996,0.39403433523805076,,,,,True
arima,post_covid,arima/post_covid,1,neighborhood,South Boston,flu_season,0.9,IT90,60.18982141922808,25,0.0,0.0,0.0,0.0,0.0,25.0,,,,0.0,,,,,,1.0,,0.00793781071071969,0.0,,,,,,True
arima,post_covid,arima/post_covid,1,neighborhood,South Boston,flu_season,0.98,IT98,90.82483767314203,25,0.0,0.0,0.0,0.0,0.0,25.0,,,,0.0,,,,,,1.0,,4.250618445310705e-05,0.0,,,,,,True
arima,post_covid,arima/post_covid,1,neighborhood,South End,overall,,bands,,49,,,,,,,,,,,,,,,,,,,,,0.9591836734693877,1.0,0.7277777777777777,0.0,False
arima,post_covid,arima/post_covid,1,neighborhood,South End,overall,0.5,IT50,82.00792145914704,49,4.0,0.08163265306122448,3.0,1.0,1.0,44.0,0.75,0.25,0.75,0.022222222222222223,0.6,0.75,0.7277777777777777,0.7277777777777777,0.7277777777777777,0.9591836734693877,1.0,0.03649494295095189,0.07496876301541025,0.513198010970914,,,,,True
arima,post_covid,arima/post_covid,1,neighborhood,South End,overall,0.9,IT90,134.00251631923587,49,0.0,0.0,0.0,0.0,0.0,49.0,,,,0.0,,,,,,1.0,,0.0049113668128027525,0.0,,,,,,True
arima,post_covid,arima/post_covid,1,neighborhood,South End,overall,0.98,IT98,183.45444562568642,49,0.0,0.0,0.0,0.0,0.0,49.0,,,,0.0,,,,,,1.0,,2.32229096384271e-05,0.0,,,,,,True
arima,post_covid,arima/post_covid,1,neighborhood,South End,flu_season,,bands,,26,,,,,,,,,,,,,,,,,,,,,0.9230769230769231,1.0,0.7045454545454546,0.0,False
arima,post_covid,arima/post_covid,1,neighborhood,South End,flu_season,0.5,IT50,82.00792145914704,26,4.0,0.15384615384615385,3.0,1.0,1.0,21.0,0.75,0.25,0.75,0.045454545454545456,0.6,0.75,0.7045454545454546,0.7045454545454546,0.7045454545454546,0.9230769230769231,1.0,0.06877879004877098,0.13017751479289943,0.47165384007989575,,,,,True
arima,post_covid,arima/post_covid,1,neighborhood,South End,flu_season,0.9,IT90,134.00251631923587,26,0.0,0.0,0.0,0.0,0.0,26.0,,,,0.0,,,,,,1.0,,0.009256037454897495,0.0,,,,,,True
arima,post_covid,arima/post_covid,1,neighborhood,South End,flu_season,0.98,IT98,183.45444562568642,26,0.0,0.0,0.0,0.0,0.0,26.0,,,,0.0,,,,,,1.0,,4.376625278011262e-05,0.0,,,,,,True
arima,post_covid,arima/post_covid,1,neighborhood,West Roxbury,overall,,bands,,40,,,,,,,,,,,,,,,,,,,,,0.925,0.95,0.5569620253164558,-0.05,False
arima,post_covid,arima/post_covid,1,neighborhood,West Roxbury,overall,0.5,IT50,37.349459967580074,40,3.0,0.075,2.0,1.0,1.0,36.0,0.6666666666666666,0.3333333333333333,0.6666666666666666,0.02702702702702703,0.5,0.6666666666666666,0.6396396396396395,0.6396396396396397,0.6396396396396397,0.95,1.0,0.032463158751601474,0.06937499999999999,0.5320625765534922,,,,,True
arima,post_covid,arima/post_covid,1,neighborhood,West Roxbury,overall,0.9,IT90,59.59981304845178,40,3.0,0.075,2.0,1.0,1.0,36.0,0.6666666666666666,0.3333333333333333,0.6666666666666666,0.02702702702702703,0.5,0.6666666666666666,0.6396396396396395,0.6396396396396397,0.6396396396396397,0.95,1.0,0.037599954648602045,0.06937499999999999,0.4580186717318624,,,,,True
arima,post_covid,arima/post_covid,1,neighborhood,West Roxbury,overall,0.98,IT98,80.36625284929092,40,2.0,0.05,0.0,0.0,2.0,38.0,0.0,,,0.0,0.0,0.0,0.0,0.0,,0.95,0.0,0.04634976426256511,0.047499999999999994,0.024215489209155394,,,,,True
arima,post_covid,arima/post_covid,1,neighborhood,West Roxbury,flu_season,,bands,,25,,,,,,,,,,,,,,,,,,,,,0.88,0.92,0.5358090185676392,-0.08,False
arima,post_covid,arima/post_covid,1,neighborhood,West Roxbury,flu_season,0.5,IT50,37.349459967580074,25,3.0,0.12,2.0,1.0,1.0,21.0,0.6666666666666666,0.3333333333333333,0.6666666666666666,0.045454545454545456,0.5,0.6666666666666666,0.6212121212121212,0.6212121212121212,0.6212121212121212,0.92,1.0,0.05190493104590961,0.1056,0.5084760317622197,,,,,True
arima,post_covid,arima/post_covid,1,neighborhood,West Roxbury,flu_season,0.9,IT90,59.59981304845178,25,3.0,0.12,2.0,1.0,1.0,21.0,0.6666666666666666,0.3333333333333333,0.6666666666666666,0.045454545454545456,0.5,0.6666666666666666,0.6212121212121212,0.6212121212121212,0.6212121212121212,0.92,1.0,0.06015992737953169,0.1056,0.43030371799685896,,,,,True
arima,post_covid,arima/post_covid,1,neighborhood,West Roxbury,flu_season,0.98,IT98,80.36625284929092,25,2.0,0.08,0.0,0.0,2.0,23.0,0.0,,,0.0,0.0,0.0,0.0,0.0,,0.92,0.0,0.07415962282010419,0.0736,-0.0076035709253285955,,,,,True
dualtopo,post_covid,dualtopo,1,citywide,CITYWIDE,overall,,bands,,49,,,,,,,,,,,,,,,,,,,,,0.9183673469387755,0.9795918367346939,0.0,-0.10204081632653061,False
dualtopo,post_covid,dualtopo,1,citywide,CITYWIDE,overall,0.5,IT50,60.20679524890062,49,4.0,0.08163265306122448,0.0,0.0,4.0,45.0,0.0,,,0.0,0.0,0.0,0.0,0.0,,0.9183673469387755,0.0,0.08079171655766067,0.07496876301541025,-0.07767173030524033,,,,,True
dualtopo,post_covid,dualtopo,1,citywide,CITYWIDE,overall,0.9,IT90,98.17566769051967,49,1.0,0.02040816326530612,0.0,0.0,1.0,48.0,0.0,,,0.0,0.0,0.0,0.0,0.0,,0.9795918367346939,0.0,0.0204081617550073,0.01999167013744273,-0.020833257786927684,,,,,True
dualtopo,post_covid,dualtopo,1,citywide,CITYWIDE,overall,0.98,IT98,134.22833796478614,49,0.0,0.0,0.0,0.0,0.0,49.0,,,,0.0,,,,,,1.0,,2.1205667828485744e-31,0.0,,,,,,True
dualtopo,post_covid,dualtopo,1,citywide,CITYWIDE,flu_season,,bands,,26,,,,,,,,,,,,,,,,,,,,,0.8461538461538461,0.9615384615384616,0.0,-0.19230769230769232,False
dualtopo,post_covid,dualtopo,1,citywide,CITYWIDE,flu_season,0.5,IT50,60.20679524890062,26,4.0,0.15384615384615385,0.0,0.0,4.0,22.0,0.0,,,0.0,0.0,0.0,0.0,0.0,,0.8461538461538461,0.0,0.15224596335901652,0.13017751479289943,-0.16952580943971762,,,,,True
dualtopo,post_covid,dualtopo,1,citywide,CITYWIDE,flu_season,0.9,IT90,98.17566769051967,26,1.0,0.038461538461538464,0.0,0.0,1.0,25.0,0.0,,,0.0,0.0,0.0,0.0,0.0,,0.9615384615384616,0.0,0.03846153561520554,0.036982248520710054,-0.03999992303515798,,,,,True
dualtopo,post_covid,dualtopo,1,citywide,CITYWIDE,flu_season,0.98,IT98,134.22833796478614,26,0.0,0.0,0.0,0.0,0.0,26.0,,,,0.0,,,,,,1.0,,3.3754144502245215e-31,0.0,,,,,,True
dualtopo,post_covid,dualtopo,1,pooled,ALL,overall,,bands,,627,,,,,,,,,,,,,,,,,,,,,0.9186602870813397,0.9712918660287081,0.0,-0.11323763955342903,False
dualtopo,post_covid,dualtopo,1,pooled,ALL,overall,0.5,IT50,,627,51.0,0.08133971291866028,0.0,0.0,51.0,576.0,0.0,,,0.0,0.0,0.0,0.0,0.0,,0.9186602870813397,0.0,0.07901481640421973,0.07472356402097019,-0.05742836867424117,,,,,False
dualtopo,post_covid,dualtopo,1,pooled,ALL,overall,0.9,IT90,,627,18.0,0.028708133971291867,0.0,0.0,18.0,609.0,0.0,,,0.0,0.0,0.0,0.0,0.0,,0.9712918660287081,0.0,0.02870655517376877,0.02788397701517821,-0.0295000300044288,,,,,False
dualtopo,post_covid,dualtopo,1,pooled,ALL,overall,0.98,IT98,,627,2.0,0.003189792663476874,0.0,0.0,2.0,625.0,0.0,,,0.0,0.0,0.0,0.0,0.0,,0.9968102073365231,0.0,0.0031897926844893566,0.0031796178862409027,-0.0032000066084931778,,,,,True
dualtopo,post_covid,dualtopo,1,pooled,ALL,flu_season,,bands,,352,,,,,,,,,,,,,,,,,,,,,0.8551136363636364,0.9488636363636364,0.0,-0.20170454545454544,False
dualtopo,post_covid,dualtopo,1,pooled,ALL,flu_season,0.5,IT50,,352,51.0,0.14488636363636365,0.0,0.0,51.0,301.0,0.0,,,0.0,0.0,0.0,0.0,0.0,,0.8551136363636364,0.0,0.14008807886015995,0.12389430526859506,-0.130706359396082,,,,,False
dualtopo,post_covid,dualtopo,1,pooled,ALL,flu_season,0.9,IT90,,352,18.0,0.05113636363636364,0.0,0.0,18.0,334.0,0.0,,,0.0,0.0,0.0,0.0,0.0,,0.9488636363636364,0.0,0.05113320419919183,0.04852143595041322,-0.053827101313483894,,,,,False
dualtopo,post_covid,dualtopo,1,pooled,ALL,flu_season,0.98,IT98,,352,2.0,0.005681818181818182,0.0,0.0,2.0,350.0,0.0,,,0.0,0.0,0.0,0.0,0.0,,0.9943181818181818,0.0,0.005681818204570654,0.0056495351239669415,-0.005714289741603373,,,,,True
dualtopo,post_covid,dualtopo,1,neighborhood,Allston/Brighton,overall,,bands,,49,,,,,,,,,,,,,,,,,,,,,0.8979591836734694,0.9591836734693877,0.0,-0.14285714285714285,False
dualtopo,post_covid,dualtopo,1,neighborhood,Allston/Brighton,overall,0.5,IT50,43.17201700312734,49,5.0,0.10204081632653061,0.0,0.0,5.0,44.0,0.0,,,0.0,0.0,0.0,0.0,0.0,,0.8979591836734694,0.0,0.09835590182952517,0.09162848812994587,-0.07342054678495402,,,,,False
dualtopo,post_covid,dualtopo,1,neighborhood,Allston/Brighton,overall,0.9,IT90,72.80812661818143,49,2.0,0.04081632653061224,0.0,0.0,2.0,47.0,0.0,,,0.0,0.0,0.0,0.0,0.0,,0.9591836734693877,0.0,0.040816094722725314,0.03915035401915868,-0.042547270524079694,,,,,True
dualtopo,post_covid,dualtopo,1,neighborhood,Allston/Brighton,overall,0.98,IT98,101.71188922331822,49,0.0,0.0,0.0,0.0,0.0,49.0,,,,0.0,,,,,,1.0,,2.5889448630209723e-24,0.0,,,,,,True
dualtopo,post_covid,dualtopo,1,neighborhood,Allston/Brighton,flu_season,,bands,,26,,,,,,,,,,,,,,,,,,,,,0.8076923076923077,0.9230769230769231,0.0,-0.2692307692307692,False
dualtopo,post_covid,dualtopo,1,neighborhood,Allston/Brighton,flu_season,0.5,IT50,43.17201700312734,26,5.0,0.19230769230769232,0.0,0.0,5.0,21.0,0.0,,,0.0,0.0,0.0,0.0,0.0,,0.8076923076923077,0.0,0.18512961312473303,0.15532544378698226,-0.19188208068875734,,,,,False
dualtopo,post_covid,dualtopo,1,neighborhood,Allston/Brighton,flu_season,0.9,IT90,72.80812661818143,26,2.0,0.07692307692307693,0.0,0.0,2.0,24.0,0.0,,,0.0,0.0,0.0,0.0,0.0,,0.9230769230769231,0.0,0.0769226400514003,0.07100591715976333,-0.08332718072388734,,,,,True
dualtopo,post_covid,dualtopo,1,neighborhood,Allston/Brighton,flu_season,0.98,IT98,101.71188922331822,26,0.0,0.0,0.0,0.0,0.0,26.0,,,,0.0,,,,,,1.0,,3.999883659078572e-24,0.0,,,,,,True
dualtopo,post_covid,dualtopo,1,neighborhood,Back Bay/Beacon Hill/Downtown/North End/West End,overall,,bands,,46,,,,,,,,,,,,,,,,,,,,,0.9347826086956522,0.9565217391304348,0.0,-0.10869565217391304,False
dualtopo,post_covid,dualtopo,1,neighborhood,Back Bay/Beacon Hill/Downtown/North End/West End,overall,0.5,IT50,32.35361456388361,46,3.0,0.06521739130434782,0.0,0.0,3.0,43.0,0.0,,,0.0,0.0,0.0,0.0,0.0,,0.9347826086956522,0.0,0.06282897876004145,0.060964083175803395,-0.03059007020347071,,,,,True
dualtopo,post_covid,dualtopo,1,neighborhood,Back Bay/Beacon Hill/Downtown/North End/West End,overall,0.9,IT90,56.35007606954225,46,2.0,0.043478260869565216,0.0,0.0,2.0,44.0,0.0,,,0.0,0.0,0.0,0.0,0.0,,0.9565217391304348,0.0,0.04347792731452315,0.04158790170132326,-0.0454465249719429,,,,,True
dualtopo,post_covid,dualtopo,1,neighborhood,Back Bay/Beacon Hill/Downtown/North End/West End,overall,0.98,IT98,80.35966190257739,46,0.0,0.0,0.0,0.0,0.0,46.0,,,,0.0,,,,,,1.0,,4.4705575205284525e-24,0.0,,,,,,True
dualtopo,post_covid,dualtopo,1,neighborhood,Back Bay/Beacon Hill/Downtown/North End/West End,flu_season,,bands,,26,,,,,,,,,,,,,,,,,,,,,0.8846153846153846,0.9230769230769231,0.0,-0.19230769230769232,False
dualtopo,post_covid,dualtopo,1,neighborhood,Back Bay/Beacon Hill/Downtown/North End/West End,flu_season,0.5,IT50,32.35361456388361,26,3.0,0.11538461538461539,0.0,0.0,3.0,23.0,0.0,,,0.0,0.0,0.0,0.0,0.0,,0.8846153846153846,0.0,0.11091480610729547,0.10207100591715977,-0.08664360765988022,,,,,True
dualtopo,post_covid,dualtopo,1,neighborhood,Back Bay/Beacon Hill/Downtown/North End/West End,flu_season,0.9,IT90,56.35007606954225,26,2.0,0.07692307692307693,0.0,0.0,2.0,24.0,0.0,,,0.0,0.0,0.0,0.0,0.0,,0.9230769230769231,0.0,0.07692248678226032,0.07100591715976333,-0.08332502218349935,,,,,True
dualtopo,post_covid,dualtopo,1,neighborhood,Back Bay/Beacon Hill/Downtown/North End/West End,flu_season,0.98,IT98,80.35966190257739,26,0.0,0.0,0.0,0.0,0.0,26.0,,,,0.0,,,,,,1.0,,6.585273757506397e-24,0.0,,,,,,True
dualtopo,post_covid,dualtopo,1,neighborhood,Charlestown,overall,,bands,,35,,,,,,,,,,,,,,,,,,,,,0.8857142857142857,0.9142857142857143,0.0,-0.2,False
dualtopo,post_covid,dualtopo,1,neighborhood,Charlestown,overall,0.5,IT50,44.544403832795176,35,4.0,0.11428571428571428,0.0,0.0,4.0,31.0,0.0,,,0.0,0.0,0.0,0.0,0.0,,0.8857142857142857,0.0,0.10932113163819765,0.10122448979591839,-0.07998698594187181,,,,,True
dualtopo,post_covid,dualtopo,1,neighborhood,Charlestown,overall,0.9,IT90,75.51034339625782,35,3.0,0.08571428571428572,0.0,0.0,3.0,32.0,0.0,,,0.0,0.0,0.0,0.0,0.0,,0.9142857142857143,0.0,0.08571363308463249,0.0783673469387755,-0.09374167217369589,,,,,True
dualtopo,post_covid,dualtopo,1,neighborhood,Charlestown,overall,0.98,IT98,105.83479691598406,35,0.0,0.0,0.0,0.0,0.0,35.0,,,,0.0,,,,,,1.0,,6.3195783724016475e-24,0.0,,,,,,True
dualtopo,post_covid,dualtopo,1,neighborhood,Charlestown,flu_season,,bands,,21,,,,,,,,,,,,,,,,,,,,,0.8095238095238095,0.8571428571428571,0.0,-0.3333333333333333,False
dualtopo,post_covid,dualtopo,1,neighborhood,Charlestown,flu_season,0.5,IT50,44.544403832795176,21,4.0,0.19047619047619047,0.0,0.0,4.0,17.0,0.0,,,0.0,0.0,0.0,0.0,0.0,,0.8095238095238095,0.0,0.18191656138628703,0.1541950113378685,-0.17978240546106727,,,,,True
dualtopo,post_covid,dualtopo,1,neighborhood,Charlestown,flu_season,0.9,IT90,75.51034339625782,21,3.0,0.14285714285714285,0.0,0.0,3.0,18.0,0.0,,,0.0,0.0,0.0,0.0,0.0,,0.8571428571428571,0.0,0.14285605513597627,0.12244897959183672,-0.166657783610473,,,,,True
dualtopo,post_covid,dualtopo,1,neighborhood,Charlestown,flu_season,0.98,IT98,105.83479691598406,21,0.0,0.0,0.0,0.0,0.0,21.0,,,,0.0,,,,,,1.0,,9.027096233786449e-24,0.0,,,,,,True
dualtopo,post_covid,dualtopo,1,neighborhood,Dorchester,overall,,bands,,49,,,,,,,,,,,,,,,,,,,,,0.9183673469387755,1.0,0.0,-0.08163265306122448,False
dualtopo,post_covid,dualtopo,1,neighborhood,Dorchester,overall,0.5,IT50,157.0086457734027,49,4.0,0.08163265306122448,0.0,0.0,4.0,45.0,0.0,,,0.0,0.0,0.0,0.0,0.0,,0.9183673469387755,0.0,0.0816281518022182,0.07496876301541025,-0.08882884709514394,,,,,True
dualtopo,post_covid,dualtopo,1,neighborhood,Dorchester,overall,0.9,IT90,264.26252974322875,49,0.0,0.0,0.0,0.0,0.0,49.0,,,,0.0,,,,,,1.0,,0.0,0.0,,,,,,True
dualtopo,post_covid,dualtopo,1,neighborhood,Dorchester,overall,0.98,IT98,368.7005757586777,49,0.0,0.0,0.0,0.0,0.0,49.0,,,,0.0,,,,,,1.0,,0.0,0.0,,,,,,True
dualtopo,post_covid,dualtopo,1,neighborhood,Dorchester,flu_season,,bands,,26,,,,,,,,,,,,,,,,,,,,,0.8461538461538461,1.0,0.0,-0.15384615384615385,False
dualtopo,post_covid,dualtopo,1,neighborhood,Dorchester,flu_season,0.5,IT50,157.0086457734027,26,4.0,0.15384615384615385,0.0,0.0,4.0,22.0,0.0,,,0.0,0.0,0.0,0.0,0.0,,0.8461538461538461,0.0,0.15383767041841093,0.13017751479289943,-0.18175301366870178,,,,,True
dualtopo,post_covid,dualtopo,1,neighborhood,Dorchester,flu_season,0.9,IT90,264.26252974322875,26,0.0,0.0,0.0,0.0,0.0,26.0,,,,0.0,,,,,,1.0,,0.0,0.0,,,,,,True
dualtopo,post_covid,dualtopo,1,neighborhood,Dorchester,flu_season,0.98,IT98,368.7005757586777,26,0.0,0.0,0.0,0.0,0.0,26.0,,,,0.0,,,,,,1.0,,0.0,0.0,,,,,,True
dualtopo,post_covid,dualtopo,1,neighborhood,East Boston,overall,,bands,,44,,,,,,,,,,,,,,,,,,,,,0.9090909090909091,0.9772727272727273,0.0,-0.11363636363636363,False
dualtopo,post_covid,dualtopo,1,neighborhood,East Boston,overall,0.5,IT50,32.38969817502224,44,4.0,0.09090909090909091,0.0,0.0,4.0,40.0,0.0,,,0.0,0.0,0.0,0.0,0.0,,0.9090909090909091,0.0,0.08641975857110261,0.08264462809917356,-0.0456790787103416,,,,,True
dualtopo,post_covid,dualtopo,1,neighborhood,East Boston,overall,0.9,IT90,56.982258100156095,44,1.0,0.022727272727272728,0.0,0.0,1.0,43.0,0.0,,,0.0,0.0,0.0,0.0,0.0,,0.9772727272727273,0.0,0.02272693311378168,0.02221074380165289,-0.023240523448403216,,,,,True
dualtopo,post_covid,dualtopo,1,neighborhood,East Boston,overall,0.98,IT98,81.78485877953806,44,0.0,0.0,0.0,0.0,0.0,44.0,,,,0.0,,,,,,1.0,,2.9238859057055316e-23,0.0,,,,,,True
dualtopo,post_covid,dualtopo,1,neighborhood,East Boston,flu_season,,bands,,25,,,,,,,,,,,,,,,,,,,,,0.84,0.96,0.0,-0.2,False
dualtopo,post_covid,dualtopo,1,neighborhood,East Boston,flu_season,0.5,IT50,32.38969817502224,25,4.0,0.16,0.0,0.0,4.0,21.0,0.0,,,0.0,0.0,0.0,0.0,0.0,,0.84,0.0,0.15163969637343555,0.13439999999999996,-0.1282715503975862,,,,,True
dualtopo,post_covid,dualtopo,1,neighborhood,East Boston,flu_season,0.9,IT90,56.982258100156095,25,1.0,0.04,0.0,0.0,1.0,24.0,0.0,,,0.0,0.0,0.0,0.0,0.0,,0.96,0.0,0.039999402261792195,0.03840000000000001,-0.04165110056750487,,,,,True
dualtopo,post_covid,dualtopo,1,neighborhood,East Boston,flu_season,0.98,IT98,81.78485877953806,25,0.0,0.0,0.0,0.0,0.0,25.0,,,,0.0,,,,,,1.0,,4.3784497380435183e-23,0.0,,,,,,True
dualtopo,post_covid,dualtopo,1,neighborhood,Fenway,overall,,bands,,43,,,,,,,,,,,,,,,,,,,,,0.9534883720930233,1.0,0.0,-0.046511627906976744,False
dualtopo,post_covid,dualtopo,1,neighborhood,Fenway,overall,0.5,IT50,19.789042860168028,43,2.0,0.046511627906976744,0.0,0.0,2.0,41.0,0.0,,,0.0,0.0,0.0,0.0,0.0,,0.9534883720930233,0.0,0.04620536735714393,0.04434829637641969,-0.04187468589462351,,,,,True
dualtopo,post_covid,dualtopo,1,neighborhood,Fenway,overall,0.9,IT90,31.717921949528318,43,0.0,0.0,0.0,0.0,0.0,43.0,,,,0.0,,,,,,1.0,,8.131184041788957e-06,0.0,,,,,,True
dualtopo,post_covid,dualtopo,1,neighborhood,Fenway,overall,0.98,IT98,42.89052071415166,43,0.0,0.0,0.0,0.0,0.0,43.0,,,,0.0,,,,,,1.0,,3.9592710284242306e-10,0.0,,,,,,True
dualtopo,post_covid,dualtopo,1,neighborhood,Fenway,flu_season,,bands,,25,,,,,,,,,,,,,,,,,,,,,0.92,1.0,0.0,-0.08,False
dualtopo,post_covid,dualtopo,1,neighborhood,Fenway,flu_season,0.5,IT50,19.789042860168028,25,2.0,0.08,0.0,0.0,2.0,23.0,0.0,,,0.0,0.0,0.0,0.0,0.0,,0.92,0.0,0.07375810949870502,0.0736,-0.002148226884579163,,,,,True
dualtopo,post_covid,dualtopo,1,neighborhood,Fenway,flu_season,0.9,IT90,31.717921949528318,25,0.0,0.0,0.0,0.0,0.0,25.0,,,,0.0,,,,,,1.0,,9.115218481684096e-06,0.0,,,,,,True
dualtopo,post_covid,dualtopo,1,neighborhood,Fenway,flu_season,0.98,IT98,42.89052071415166,25,0.0,0.0,0.0,0.0,0.0,25.0,,,,0.0,,,,,,1.0,,4.743573647383856e-10,0.0,,,,,,True
dualtopo,post_covid,dualtopo,1,neighborhood,Hyde Park,overall,,bands,,46,,,,,,,,,,,,,,,,,,,,,0.9347826086956522,1.0,0.0,-0.06521739130434782,False
dualtopo,post_covid,dualtopo,1,neighborhood,Hyde Park,overall,0.5,IT50,59.73762940735334,46,3.0,0.06521739130434782,0.0,0.0,3.0,43.0,0.0,,,0.0,0.0,0.0,0.0,0.0,,0.9347826086956522,0.0,0.06472446703760121,0.060964083175803395,-0.061681955438481983,,,,,True
dualtopo,post_covid,dualtopo,1,neighborhood,Hyde Park,overall,0.9,IT90,98.70163927662223,46,0.0,0.0,0.0,0.0,0.0,46.0,,,,0.0,,,,,,1.0,,2.1835329283001864e-16,0.0,,,,,,True
dualtopo,post_covid,dualtopo,1,neighborhood,Hyde Park,overall,0.98,IT98,136.08880333365826,46,0.0,0.0,0.0,0.0,0.0,46.0,,,,0.0,,,,,,1.0,,5.091153939945389e-33,0.0,,,,,,True
dualtopo,post_covid,dualtopo,1,neighborhood,Hyde Park,flu_season,,bands,,25,,,,,,,,,,,,,,,,,,,,,0.88,1.0,0.0,-0.12,False
dualtopo,post_covid,dualtopo,1,neighborhood,Hyde Park,flu_season,0.5,IT50,59.73762940735334,25,3.0,0.12,0.0,0.0,3.0,22.0,0.0,,,0.0,0.0,0.0,0.0,0.0,,0.88,0.0,0.11908484761663983,0.1056,-0.12769742061211953,,,,,True
dualtopo,post_covid,dualtopo,1,neighborhood,Hyde Park,flu_season,0.9,IT90,98.70163927662223,25,0.0,0.0,0.0,0.0,0.0,25.0,,,,0.0,,,,,,1.0,,3.1423661999543784e-16,0.0,,,,,,True
dualtopo,post_covid,dualtopo,1,neighborhood,Hyde Park,flu_season,0.98,IT98,136.08880333365826,25,0.0,0.0,0.0,0.0,0.0,25.0,,,,0.0,,,,,,1.0,,6.902532920683854e-33,0.0,,,,,,True
dualtopo,post_covid,dualtopo,1,neighborhood,Jamaica Plain,overall,,bands,,46,,,,,,,,,,,,,,,,,,,,,0.8913043478260869,0.9347826086956522,-2.220446049250313e-16,-0.17391304347826086,False
dualtopo,post_covid,dualtopo,1,neighborhood,Jamaica Plain,overall,0.5,IT50,30.1329000930458,46,5.0,0.10869565217391304,0.0,0.0,5.0,41.0,0.0,,,0.0,0.0,0.0,0.0,0.0,,0.8913043478260869,0.0,0.1006023658252951,0.09688090737240074,-0.038412712616216815,,,,,False
dualtopo,post_covid,dualtopo,1,neighborhood,Jamaica Plain,overall,0.9,IT90,48.93353508945714,46,3.0,0.06521739130434782,0.0,0.0,3.0,43.0,0.0,,,0.0,0.0,0.0,0.0,0.0,,0.9347826086956522,0.0,0.0651925595147991,0.060964083175803395,-0.06936012351406906,,,,,True
dualtopo,post_covid,dualtopo,1,neighborhood,Jamaica Plain,overall,0.98,IT98,66.72678487426273,46,0.0,0.0,0.0,0.0,0.0,46.0,,,,0.0,,,,,,1.0,,2.071520818063862e-15,0.0,,,,,,True
dualtopo,post_covid,dualtopo,1,neighborhood,Jamaica Plain,flu_season,,bands,,24,,,,,,,,,,,,,,,,,,,,,0.7916666666666666,0.875,0.0,-0.3333333333333333,False
dualtopo,post_covid,dualtopo,1,neighborhood,Jamaica Plain,flu_season,0.5,IT50,30.1329000930458,24,5.0,0.20833333333333334,0.0,0.0,5.0,19.0,0.0,,,0.0,0.0,0.0,0.0,0.0,,0.7916666666666666,0.0,0.1913217444468629,0.16493055555555555,-0.1600139452778213,,,,,False
dualtopo,post_covid,dualtopo,1,neighborhood,Jamaica Plain,flu_season,0.9,IT90,48.93353508945714,24,3.0,0.125,0.0,0.0,3.0,21.0,0.0,,,0.0,0.0,0.0,0.0,0.0,,0.875,0.0,0.12495238696761879,0.109375,-0.14242182370394318,,,,,True
dualtopo,post_covid,dualtopo,1,neighborhood,Jamaica Plain,flu_season,0.98,IT98,66.72678487426273,24,0.0,0.0,0.0,0.0,0.0,24.0,,,,0.0,,,,,,1.0,,2.9244809728779507e-15,0.0,,,,,,True
dualtopo,post_covid,dualtopo,1,neighborhood,Mattapan,overall,,bands,,47,,,,,,,,,,,,,,,,,,,,,0.9361702127659575,1.0,0.0,-0.06382978723404255,False
dualtopo,post_covid,dualtopo,1,neighborhood,Mattapan,overall,0.5,IT50,75.36060630157071,47,3.0,0.06382978723404255,0.0,0.0,3.0,44.0,0.0,,,0.0,0.0,0.0,0.0,0.0,,0.9361702127659575,0.0,0.06357496530369369,0.05975554549569943,-0.0639174117868131,,,,,True
dualtopo,post_covid,dualtopo,1,neighborhood,Mattapan,overall,0.9,IT90,114.4266389550119,47,0.0,0.0,0.0,0.0,0.0,47.0,,,,0.0,,,,,,1.0,,8.446137654332866e-16,0.0,,,,,,True
dualtopo,post_covid,dualtopo,1,neighborhood,Mattapan,overall,0.98,IT98,149.46970387636378,47,0.0,0.0,0.0,0.0,0.0,47.0,,,,0.0,,,,,,1.0,,7.234520626774039e-29,0.0,,,,,,True
dualtopo,post_covid,dualtopo,1,neighborhood,Mattapan,flu_season,,bands,,26,,,,,,,,,,,,,,,,,,,,,0.8846153846153846,1.0,0.0,-0.11538461538461539,False
dualtopo,post_covid,dualtopo,1,neighborhood,Mattapan,flu_season,0.5,IT50,75.36060630157071,26,3.0,0.11538461538461539,0.0,0.0,3.0,23.0,0.0,,,0.0,0.0,0.0,0.0,0.0,,0.8846153846153846,0.0,0.11492203126871929,0.10207100591715977,-0.1259027990964381,,,,,True
dualtopo,post_covid,dualtopo,1,neighborhood,Mattapan,flu_season,0.9,IT90,114.4266389550119,26,0.0,0.0,0.0,0.0,0.0,26.0,,,,0.0,,,,,,1.0,,1.177263493191158e-15,0.0,,,,,,True
dualtopo,post_covid,dualtopo,1,neighborhood,Mattapan,flu_season,0.98,IT98,149.46970387636378,26,0.0,0.0,0.0,0.0,0.0,26.0,,,,0.0,,,,,,1.0,,1.094743617520712e-28,0.0,,,,,,True
dualtopo,post_covid,dualtopo,1,neighborhood,Roslindale,overall,,bands,,42,,,,,,,,,,,,,,,,,,,,,0.9047619047619048,0.9285714285714286,0.0,-0.16666666666666666,False
dualtopo,post_covid,dualtopo,1,neighborhood,Roslindale,overall,0.5,IT50,83.12526323754497,42,4.0,0.09523809523809523,0.0,0.0,4.0,38.0,0.0,,,0.0,0.0,0.0,0.0,0.0,,0.9047619047619048,0.0,0.09496934106265605,0.08616780045351476,-0.10214419496398186,,,,,True
dualtopo,post_covid,dualtopo,1,neighborhood,Roslindale,overall,0.9,IT90,133.65502394030972,42,3.0,0.07142857142857142,0.0,0.0,3.0,39.0,0.0,,,0.0,0.0,0.0,0.0,0.0,,0.9285714285714286,0.0,0.07142857133884643,0.06632653061224489,-0.07692307557030031,,,,,True
dualtopo,post_covid,dualtopo,1,neighborhood,Roslindale,overall,0.98,IT98,181.10052866383202,42,0.0,0.0,0.0,0.0,0.0,42.0,,,,0.0,,,,,,1.0,,0.0,0.0,,,,,,True
dualtopo,post_covid,dualtopo,1,neighborhood,Roslindale,flu_season,,bands,,26,,,,,,,,,,,,,,,,,,,,,0.8461538461538461,0.8846153846153846,0.0,-0.2692307692307692,False
dualtopo,post_covid,dualtopo,1,neighborhood,Roslindale,flu_season,0.5,IT50,83.12526323754497,26,4.0,0.15384615384615385,0.0,0.0,4.0,22.0,0.0,,,0.0,0.0,0.0,0.0,0.0,,0.8461538461538461,0.0,0.15341121223266965,0.13017751479289943,-0.17847703942368942,,,,,True
dualtopo,post_covid,dualtopo,1,neighborhood,Roslindale,flu_season,0.9,IT90,133.65502394030972,26,3.0,0.11538461538461539,0.0,0.0,3.0,23.0,0.0,,,0.0,0.0,0.0,0.0,0.0,,0.8846153846153846,0.0,0.11538461523967501,0.10207100591715977,-0.1304347811887001,,,,,True
dualtopo,post_covid,dualtopo,1,neighborhood,Roslindale,flu_season,0.98,IT98,181.10052866383202,26,0.0,0.0,0.0,0.0,0.0,26.0,,,,0.0,,,,,,1.0,,0.0,0.0,,,,,,True
dualtopo,post_covid,dualtopo,1,neighborhood,Roxbury,overall,,bands,,49,,,,,,,,,,,,,,,,,,,,,0.9387755102040817,0.9795918367346939,0.0,-0.08163265306122448,False
dualtopo,post_covid,dualtopo,1,neighborhood,Roxbury,overall,0.5,IT50,138.88545502174753,49,3.0,0.061224489795918366,0.0,0.0,3.0,46.0,0.0,,,0.0,0.0,0.0,0.0,0.0,,0.9387755102040817,0.0,0.06121912460379428,0.057476051645147866,-0.06512404473702915,,,,,True
dualtopo,post_covid,dualtopo,1,neighborhood,Roxbury,overall,0.9,IT90,231.9483227351807,49,1.0,0.02040816326530612,0.0,0.0,1.0,48.0,0.0,,,0.0,0.0,0.0,0.0,0.0,,0.9795918367346939,0.0,0.02040816326530612,0.01999167013744273,-0.02083333333333326,,,,,True
dualtopo,post_covid,dualtopo,1,neighborhood,Roxbury,overall,0.98,IT98,322.0096816211373,49,0.0,0.0,0.0,0.0,0.0,49.0,,,,0.0,,,,,,1.0,,0.0,0.0,,,,,,True
dualtopo,post_covid,dualtopo,1,neighborhood,Roxbury,flu_season,,bands,,26,,,,,,,,,,,,,,,,,,,,,0.8846153846153846,0.9615384615384616,-2.220446049250313e-16,-0.15384615384615385,False
dualtopo,post_covid,dualtopo,1,neighborhood,Roxbury,flu_season,0.5,IT50,138.88545502174753,26,3.0,0.11538461538461539,0.0,0.0,3.0,23.0,0.0,,,0.0,0.0,0.0,0.0,0.0,,0.8846153846153846,0.0,0.11537450327039576,0.10207100591715977,-0.1303357131998193,,,,,True
dualtopo,post_covid,dualtopo,1,neighborhood,Roxbury,flu_season,0.9,IT90,231.9483227351807,26,1.0,0.038461538461538464,0.0,0.0,1.0,25.0,0.0,,,0.0,0.0,0.0,0.0,0.0,,0.9615384615384616,0.0,0.038461538461538464,0.036982248520710054,-0.04000000000000026,,,,,True
dualtopo,post_covid,dualtopo,1,neighborhood,Roxbury,flu_season,0.98,IT98,322.0096816211373,26,0.0,0.0,0.0,0.0,0.0,26.0,,,,0.0,,,,,,1.0,,0.0,0.0,,,,,,True
dualtopo,post_covid,dualtopo,1,neighborhood,South Boston,overall,,bands,,42,,,,,,,,,,,,,,,,,,,,,0.9047619047619048,1.0,0.0,-0.09523809523809523,False
dualtopo,post_covid,dualtopo,1,neighborhood,South Boston,overall,0.5,IT50,31.63670795756643,42,4.0,0.09523809523809523,0.0,0.0,4.0,38.0,0.0,,,0.0,0.0,0.0,0.0,0.0,,0.9047619047619048,0.0,0.08946945630821991,0.08616780045351476,-0.03831658505065727,,,,,True
dualtopo,post_covid,dualtopo,1,neighborhood,South Boston,overall,0.9,IT90,60.18982141922808,42,0.0,0.0,0.0,0.0,0.0,42.0,,,,0.0,,,,,,1.0,,3.947921151450538e-12,0.0,,,,,,True
dualtopo,post_covid,dualtopo,1,neighborhood,South Boston,overall,0.98,IT98,90.82483767314203,42,0.0,0.0,0.0,0.0,0.0,42.0,,,,0.0,,,,,,1.0,,2.4532723074759946e-28,0.0,,,,,,True
dualtopo,post_covid,dualtopo,1,neighborhood,South Boston,flu_season,,bands,,25,,,,,,,,,,,,,,,,,,,,,0.84,1.0,0.0,-0.16,False
dualtopo,post_covid,dualtopo,1,neighborhood,South Boston,flu_season,0.5,IT50,31.63670795756643,25,4.0,0.16,0.0,0.0,4.0,21.0,0.0,,,0.0,0.0,0.0,0.0,0.0,,0.84,0.0,0.14961719933388345,0.13439999999999996,-0.11322320932949026,,,,,True
dualtopo,post_covid,dualtopo,1,neighborhood,South Boston,flu_season,0.9,IT90,60.18982141922808,25,0.0,0.0,0.0,0.0,0.0,25.0,,,,0.0,,,,,,1.0,,5.093268632352232e-12,0.0,,,,,,True
dualtopo,post_covid,dualtopo,1,neighborhood,South Boston,flu_season,0.98,IT98,90.82483767314203,25,0.0,0.0,0.0,0.0,0.0,25.0,,,,0.0,,,,,,1.0,,3.5118460474822427e-28,0.0,,,,,,True
dualtopo,post_covid,dualtopo,1,neighborhood,South End,overall,,bands,,49,,,,,,,,,,,,,,,,,,,,,0.9183673469387755,1.0,0.0,-0.08163265306122448,False
dualtopo,post_covid,dualtopo,1,neighborhood,South End,overall,0.5,IT50,82.00792145914704,49,4.0,0.08163265306122448,0.0,0.0,4.0,45.0,0.0,,,0.0,0.0,0.0,0.0,0.0,,0.9183673469387755,0.0,0.08139131278328819,0.07496876301541025,-0.0856696777370829,,,,,True
dualtopo,post_covid,dualtopo,1,neighborhood,South End,overall,0.9,IT90,134.00251631923587,49,0.0,0.0,0.0,0.0,0.0,49.0,,,,0.0,,,,,,1.0,,8.856438906610108e-20,0.0,,,,,,True
dualtopo,post_covid,dualtopo,1,neighborhood,South End,overall,0.98,IT98,183.45444562568642,49,0.0,0.0,0.0,0.0,0.0,49.0,,,,0.0,,,,,,1.0,,0.0,0.0,,,,,,True
dualtopo,post_covid,dualtopo,1,neighborhood,South End,flu_season,,bands,,26,,,,,,,,,,,,,,,,,,,,,0.8461538461538461,1.0,0.0,-0.15384615384615385,False
dualtopo,post_covid,dualtopo,1,neighborhood,South End,flu_season,0.5,IT50,82.00792145914704,26,4.0,0.15384615384615385,0.0,0.0,4.0,22.0,0.0,,,0.0,0.0,0.0,0.0,0.0,,0.8461538461538461,0.0,0.1533902009541369,0.13017751479289943,-0.1783156346022332,,,,,True
dualtopo,post_covid,dualtopo,1,neighborhood,South End,flu_season,0.9,IT90,134.00251631923587,26,0.0,0.0,0.0,0.0,0.0,26.0,,,,0.0,,,,,,1.0,,1.3201343535502498e-19,0.0,,,,,,True
dualtopo,post_covid,dualtopo,1,neighborhood,South End,flu_season,0.98,IT98,183.45444562568642,26,0.0,0.0,0.0,0.0,0.0,26.0,,,,0.0,,,,,,1.0,,0.0,0.0,,,,,,True
dualtopo,post_covid,dualtopo,1,neighborhood,West Roxbury,overall,,bands,,40,,,,,,,,,,,,,,,,,,,,,0.925,0.925,0.0,-0.2,False
dualtopo,post_covid,dualtopo,1,neighborhood,West Roxbury,overall,0.5,IT50,37.349459967580074,40,3.0,0.075,0.0,0.0,3.0,37.0,0.0,,,0.0,0.0,0.0,0.0,0.0,,0.925,0.0,0.07224999627987867,0.06937499999999999,-0.04144138781807105,,,,,True
dualtopo,post_covid,dualtopo,1,neighborhood,West Roxbury,overall,0.9,IT90,59.59981304845178,40,3.0,0.075,0.0,0.0,3.0,37.0,0.0,,,0.0,0.0,0.0,0.0,0.0,,0.925,0.0,0.0749966801527728,0.06937499999999999,-0.08103322742735597,,,,,True
dualtopo,post_covid,dualtopo,1,neighborhood,West Roxbury,overall,0.98,IT98,80.36625284929092,40,2.0,0.05,0.0,0.0,2.0,38.0,0.0,,,0.0,0.0,0.0,0.0,0.0,,0.95,0.0,0.04999999990374664,0.047499999999999994,-0.05263157692098219,,,,,True
dualtopo,post_covid,dualtopo,1,neighborhood,West Roxbury,flu_season,,bands,,25,,,,,,,,,,,,,,,,,,,,,0.88,0.88,0.0,-0.32,False
dualtopo,post_covid,dualtopo,1,neighborhood,West Roxbury,flu_season,0.5,IT50,37.349459967580074,25,3.0,0.12,0.0,0.0,3.0,22.0,0.0,,,0.0,0.0,0.0,0.0,0.0,,0.88,0.0,0.11540227242350337,0.1056,-0.09282454946499397,,,,,True
dualtopo,post_covid,dualtopo,1,neighborhood,West Roxbury,flu_season,0.9,IT90,59.59981304845178,25,3.0,0.12,0.0,0.0,3.0,22.0,0.0,,,0.0,0.0,0.0,0.0,0.0,,0.88,0.0,0.11999468807984909,0.1056,-0.13631333408948,,,,,True
dualtopo,post_covid,dualtopo,1,neighborhood,West Roxbury,flu_season,0.98,IT98,80.36625284929092,25,2.0,0.08,0.0,0.0,2.0,23.0,0.0,,,0.0,0.0,0.0,0.0,0.0,,0.92,0.0,0.07999999984599464,0.0736,-0.0869565196466664,,,,,True
gat,post_covid,gat,1,citywide,CITYWIDE,overall,,bands,,49,,,,,,,,,,,,,,,,,,,,,0.9183673469387755,0.9795918367346939,0.18527315914489295,-0.061224489795918366,False
gat,post_covid,gat,1,citywide,CITYWIDE,overall,0.5,IT50,60.20679524890062,49,4.0,0.08163265306122448,1.0,1.0,3.0,44.0,0.25,0.5,0.5,0.022222222222222223,0.2,0.3333333333333333,0.22777777777777777,0.2949640287769784,0.3151981627432024,0.9183673469387755,0.5,0.06162360900796568,0.07496876301541025,0.17800952651041335,,,,,True
gat,post_covid,gat,1,citywide,CITYWIDE,overall,0.9,IT90,98.17566769051967,49,1.0,0.02040816326530612,0.0,0.0,1.0,48.0,0.0,,,0.0,0.0,0.0,0.0,0.0,,0.9795918367346939,0.0,0.02047963246193899,0.01999167013744273,-0.02440828210657342,,,,,True
gat,post_covid,gat,1,citywide,CITYWIDE,overall,0.98,IT98,134.22833796478614,49,0.0,0.0,0.0,0.0,0.0,49.0,,,,0.0,,,,,,1.0,,2.2820121625344189e-10,0.0,,,,,,True
gat,post_covid,gat,1,citywide,CITYWIDE,flu_season,,bands,,26,,,,,,,,,,,,,,,,,,,,,0.8461538461538461,0.9615384615384616,0.14953271028037385,-0.11538461538461539,False
gat,post_covid,gat,1,citywide,CITYWIDE,flu_season,0.5,IT50,60.20679524890062,26,4.0,0.15384615384615385,1.0,1.0,3.0,21.0,0.25,0.5,0.5,0.045454545454545456,0.2,0.3333333333333333,0.20454545454545453,0.2571428571428571,0.27695585470349865,0.8461538461538461,0.5,0.11613679674038203,0.13017751479289943,0.10785824322161097,,,,,True
gat,post_covid,gat,1,citywide,CITYWIDE,flu_season,0.9,IT90,98.17566769051967,26,1.0,0.038461538461538464,0.0,0.0,1.0,25.0,0.0,,,0.0,0.0,0.0,0.0,0.0,,0.9615384615384616,0.0,0.038596230409038874,0.036982248520710054,-0.043642070260411225,,,,,True
gat,post_covid,gat,1,citywide,CITYWIDE,flu_season,0.98,IT98,134.22833796478614,26,0.0,0.0,0.0,0.0,0.0,26.0,,,,0.0,,,,,,1.0,,4.3007152293917894e-10,0.0,,,,,,True
gat,post_covid,gat,1,pooled,ALL,overall,,bands,,627,,,,,,,,,,,,,,,,,,,,,0.9122807017543859,0.9792663476874003,0.24326331669954748,-0.06698564593301436,False
gat,post_covid,gat,1,pooled,ALL,overall,0.5,IT50,,627,51.0,0.08133971291866028,15.0,14.0,36.0,562.0,0.29411764705882354,0.4827586206896552,0.5172413793103449,0.024305555555555556,0.23076923076923078,0.375,0.26981209150326796,0.3358332274056184,0.3511625122061681,0.9202551834130781,0.5686274509803921,0.06068218049225649,0.07472356402097019,0.1879110520581322,,,,,False
gat,post_covid,gat,1,pooled,ALL,overall,0.9,IT90,,627,18.0,0.028708133971291867,0.0,0.0,18.0,609.0,0.0,,,0.0,0.0,0.0,0.0,0.0,,0.9712918660287081,0.0,0.027802727945528655,0.02788397701517821,0.002913826446110157,,,,,False
gat,post_covid,gat,1,pooled,ALL,overall,0.98,IT98,,627,2.0,0.003189792663476874,0.0,0.0,2.0,625.0,0.0,,,0.0,0.0,0.0,0.0,0.0,,0.9968102073365231,0.0,0.003190910786754431,0.0031796178862409027,-0.0035516533487862656,,,,,True
gat,post_covid,gat,1,pooled,ALL,flu_season,,bands,,352,,,,,,,,,,,,,,,,,,,,,0.84375,0.9630681818181818,0.21391453725574405,-0.11931818181818182,False
gat,post_covid,gat,1,pooled,ALL,flu_season,0.5,IT50,,352,51.0,0.14488636363636365,15.0,14.0,36.0,287.0,0.29411764705882354,0.4827586206896552,0.5172413793103449,0.046511627906976744,0.23076923076923078,0.375,0.2476060191518468,0.30164272676771686,0.31697811151040417,0.8579545454545454,0.5686274509803921,0.10807629085182743,0.12389430526859506,0.1276734582955622,,,,,False
gat,post_covid,gat,1,pooled,ALL,flu_season,0.9,IT90,,352,18.0,0.05113636363636364,0.0,0.0,18.0,334.0,0.0,,,0.0,0.0,0.0,0.0,0.0,,0.9488636363636364,0.0,0.04952360906923985,0.04852143595041322,-0.020654234550082418,,,,,False
gat,post_covid,gat,1,pooled,ALL,flu_season,0.98,IT98,,352,2.0,0.005681818181818182,0.0,0.0,2.0,350.0,0.0,,,0.0,0.0,0.0,0.0,0.0,,0.9943181818181818,0.0,0.005683809838906328,0.0056495351239669415,-0.006066820399785344,,,,,True
gat,post_covid,gat,1,neighborhood,Allston/Brighton,overall,,bands,,49,,,,,,,,,,,,,,,,,,,,,0.9183673469387755,0.9795918367346939,0.4367816091954022,-0.10204081632653061,False
gat,post_covid,gat,1,neighborhood,Allston/Brighton,overall,0.5,IT50,43.17201700312734,49,5.0,0.10204081632653061,2.0,0.0,3.0,44.0,0.4,0.0,1.0,0.0,0.4,0.5714285714285714,0.4,0.544891640866873,0.611937974885023,0.9387755102040817,0.4,0.054842600573705894,0.09162848812994587,0.4014678001024189,,,,,False
gat,post_covid,gat,1,neighborhood,Allston/Brighton,overall,0.9,IT90,72.80812661818143,49,2.0,0.04081632653061224,0.0,0.0,2.0,47.0,0.0,,,0.0,0.0,0.0,0.0,0.0,,0.9591836734693877,0.0,0.039266867638819515,0.03915035401915868,-0.0029760553277198287,,,,,True
gat,post_covid,gat,1,neighborhood,Allston/Brighton,overall,0.98,IT98,101.71188922331822,49,0.0,0.0,0.0,0.0,0.0,49.0,,,,0.0,,,,,,1.0,,3.067287248659848e-09,0.0,,,,,,True
gat,post_covid,gat,1,neighborhood,Allston/Brighton,flu_season,,bands,,26,,,,,,,,,,,,,,,,,,,,,0.8461538461538461,0.9615384615384616,0.41290322580645156,-0.19230769230769232,False
gat,post_covid,gat,1,neighborhood,Allston/Brighton,flu_season,0.5,IT50,43.17201700312734,26,5.0,0.19230769230769232,2.0,0.0,3.0,21.0,0.4,0.0,1.0,0.0,0.4,0.5714285714285714,0.4,0.5185185185185185,0.5916079783099616,0.8846153846153846,0.4,0.10335663063214834,0.15532544378698226,0.33458016850159744,,,,,False
gat,post_covid,gat,1,neighborhood,Allston/Brighton,flu_season,0.9,IT90,72.80812661818143,26,2.0,0.07692307692307693,0.0,0.0,2.0,24.0,0.0,,,0.0,0.0,0.0,0.0,0.0,,0.9230769230769231,0.0,0.07400294285777524,0.07100591715976333,-0.04220811191366769,,,,,True
gat,post_covid,gat,1,neighborhood,Allston/Brighton,flu_season,0.98,IT98,101.71188922331822,26,0.0,0.0,0.0,0.0,0.0,26.0,,,,0.0,,,,,,1.0,,5.7806567378589444e-09,0.0,,,,,,True
gat,post_covid,gat,1,neighborhood,Back Bay/Beacon Hill/Downtown/North End/West End,overall,,bands,,46,,,,,,,,,,,,,,,,,,,,,0.9130434782608695,0.9782608695652174,0.3374485596707819,-0.06521739130434782,False
gat,post_covid,gat,1,neighborhood,Back Bay/Beacon Hill/Downtown/North End/West End,overall,0.5,IT50,32.35361456388361,46,3.0,0.06521739130434782,1.0,1.0,2.0,42.0,0.3333333333333333,0.5,0.5,0.023255813953488372,0.25,0.4,0.31007751937984496,0.3669724770642202,0.3754255278891389,0.9347826086956522,0.6666666666666666,0.043012591084018684,0.060964083175803395,0.29446013384663916,,,,,True
gat,post_covid,gat,1,neighborhood,Back Bay/Beacon Hill/Downtown/North End/West End,overall,0.9,IT90,56.35007606954225,46,2.0,0.043478260869565216,0.0,0.0,2.0,44.0,0.0,,,0.0,0.0,0.0,0.0,0.0,,0.9565217391304348,0.0,0.04229385704448381,0.04158790170132326,-0.016975017115087754,,,,,True
gat,post_covid,gat,1,neighborhood,Back Bay/Beacon Hill/Downtown/North End/West End,overall,0.98,IT98,80.35966190257739,46,0.0,0.0,0.0,0.0,0.0,46.0,,,,0.0,,,,,,1.0,,7.825001294759812e-10,0.0,,,,,,True
gat,post_covid,gat,1,neighborhood,Back Bay/Beacon Hill/Downtown/North End/West End,flu_season,,bands,,26,,,,,,,,,,,,,,,,,,,,,0.8461538461538461,0.9615384615384616,0.3157894736842104,-0.11538461538461539,False
gat,post_covid,gat,1,neighborhood,Back Bay/Beacon Hill/Downtown/North End/West End,flu_season,0.5,IT50,32.35361456388361,26,3.0,0.11538461538461539,1.0,1.0,2.0,22.0,0.3333333333333333,0.5,0.5,0.043478260869565216,0.25,0.4,0.28985507246376807,0.3389830508474576,0.34752402342845795,0.8846153846153846,0.6666666666666666,0.07609851438770182,0.10207100591715977,0.2544551344045445,,,,,True
gat,post_covid,gat,1,neighborhood,Back Bay/Beacon Hill/Downtown/North End/West End,flu_season,0.9,IT90,56.35007606954225,26,2.0,0.07692307692307693,0.0,0.0,2.0,24.0,0.0,,,0.0,0.0,0.0,0.0,0.0,,0.9230769230769231,0.0,0.0748275932325483,0.07100591715976333,-0.05382193802505486,,,,,True
gat,post_covid,gat,1,neighborhood,Back Bay/Beacon Hill/Downtown/North End/West End,flu_season,0.98,IT98,80.35966190257739,26,0.0,0.0,0.0,0.0,0.0,26.0,,,,0.0,,,,,,1.0,,1.3844233059959664e-09,0.0,,,,,,True
gat,post_covid,gat,1,neighborhood,Charlestown,overall,,bands,,35,,,,,,,,,,,,,,,,,,,,,0.8857142857142857,0.9142857142857143,0.08450704225352101,-0.14285714285714285,False
gat,post_covid,gat,1,neighborhood,Charlestown,overall,0.5,IT50,44.544403832795176,35,4.0,0.11428571428571428,1.0,1.0,3.0,30.0,0.25,0.5,0.5,0.03225806451612903,0.2,0.3333333333333333,0.21774193548387097,0.27835051546391754,0.2984564395926328,0.8857142857142857,0.5,0.08338009892095123,0.10122448979591839,0.1762853130793126,,,,,True
gat,post_covid,gat,1,neighborhood,Charlestown,overall,0.9,IT90,75.51034339625782,35,3.0,0.08571428571428572,0.0,0.0,3.0,32.0,0.0,,,0.0,0.0,0.0,0.0,0.0,,0.9142857142857143,0.0,0.08525319256623354,0.0783673469387755,-0.08786625930870917,,,,,True
gat,post_covid,gat,1,neighborhood,Charlestown,overall,0.98,IT98,105.83479691598406,35,0.0,0.0,0.0,0.0,0.0,35.0,,,,0.0,,,,,,1.0,,3.6150262550188196e-10,0.0,,,,,,True
gat,post_covid,gat,1,neighborhood,Charlestown,flu_season,,bands,,21,,,,,,,,,,,,,,,,,,,,,0.8095238095238095,0.8571428571428571,0.04878048780487787,-0.23809523809523808,False
gat,post_covid,gat,1,neighborhood,Charlestown,flu_season,0.5,IT50,44.544403832795176,21,4.0,0.19047619047619047,1.0,1.0,3.0,16.0,0.25,0.5,0.5,0.058823529411764705,0.2,0.3333333333333333,0.19117647058823528,0.23636363636363636,0.25573907949350594,0.8095238095238095,0.5,0.1389660651019813,0.1541950113378685,0.09876419544156256,,,,,True
gat,post_covid,gat,1,neighborhood,Charlestown,flu_season,0.9,IT90,75.51034339625782,21,3.0,0.14285714285714285,0.0,0.0,3.0,18.0,0.0,,,0.0,0.0,0.0,0.0,0.0,,0.8571428571428571,0.0,0.14208865427705591,0.12244897959183672,-0.16039067659595685,,,,,True
gat,post_covid,gat,1,neighborhood,Charlestown,flu_season,0.98,IT98,105.83479691598406,21,0.0,0.0,0.0,0.0,0.0,21.0,,,,0.0,,,,,,1.0,,6.025043758364699e-10,0.0,,,,,,True
gat,post_covid,gat,1,neighborhood,Dorchester,overall,,bands,,49,,,,,,,,,,,,,,,,,,,,,0.9183673469387755,1.0,0.29496402877697847,-0.04081632653061224,False
gat,post_covid,gat,1,neighborhood,Dorchester,overall,0.5,IT50,157.0086457734027,49,4.0,0.08163265306122448,1.0,1.0,3.0,44.0,0.25,0.5,0.5,0.022222222222222223,0.2,0.3333333333333333,0.22777777777777777,0.2949640287769784,0.3151981627432024,0.9183673469387755,0.5,0.06327460487714985,0.07496876301541025,0.15598707605535123,,,,,True
gat,post_covid,gat,1,neighborhood,Dorchester,overall,0.9,IT90,264.26252974322875,49,0.0,0.0,0.0,0.0,0.0,49.0,,,,0.0,,,,,,1.0,,3.451698411539107e-08,0.0,,,,,,True
gat,post_covid,gat,1,neighborhood,Dorchester,overall,0.98,IT98,368.7005757586777,49,0.0,0.0,0.0,0.0,0.0,49.0,,,,0.0,,,,,,1.0,,9.764849369371429e-24,0.0,,,,,,True
gat,post_covid,gat,1,neighborhood,Dorchester,flu_season,,bands,,26,,,,,,,,,,,,,,,,,,,,,0.8461538461538461,1.0,0.2571428571428571,-0.07692307692307693,False
gat,post_covid,gat,1,neighborhood,Dorchester,flu_season,0.5,IT50,157.0086457734027,26,4.0,0.15384615384615385,1.0,1.0,3.0,21.0,0.25,0.5,0.5,0.045454545454545456,0.2,0.3333333333333333,0.20454545454545453,0.2571428571428571,0.27695585470349865,0.8461538461538461,0.5,0.1192482938069362,0.13017751479289943,0.08395628848308112,,,,,True
gat,post_covid,gat,1,neighborhood,Dorchester,flu_season,0.9,IT90,264.26252974322875,26,0.0,0.0,0.0,0.0,0.0,26.0,,,,0.0,,,,,,1.0,,6.505123929439085e-08,0.0,,,,,,True
gat,post_covid,gat,1,neighborhood,Dorchester,flu_season,0.98,IT98,368.7005757586777,26,0.0,0.0,0.0,0.0,0.0,26.0,,,,0.0,,,,,,1.0,,1.840298534996923e-23,0.0,,,,,,True
gat,post_covid,gat,1,neighborhood,East Boston,overall,,bands,,44,,,,,,,,,,,,,,,,,,,,,0.9090909090909091,0.9772727272727273,0.18085106382978733,-0.06818181818181818,False
gat,post_covid,gat,1,neighborhood,East Boston,overall,0.5,IT50,32.38969817502224,44,4.0,0.09090909090909091,1.0,1.0,3.0,39.0,0.25,0.5,0.5,0.025,0.2,0.3333333333333333,0.225,0.2903225806451613,0.3105295017040594,0.9090909090909091,0.5,0.06461943746401333,0.08264462809917356,0.21810480668543875,,,,,True
gat,post_covid,gat,1,neighborhood,East Boston,overall,0.9,IT90,56.982258100156095,44,1.0,0.022727272727272728,0.0,0.0,1.0,43.0,0.0,,,0.0,0.0,0.0,0.0,0.0,,0.9772727272727273,0.0,0.022042775968925746,0.02221074380165289,0.007562458701389607,,,,,True
gat,post_covid,gat,1,neighborhood,East Boston,overall,0.98,IT98,81.78485877953806,44,0.0,0.0,0.0,0.0,0.0,44.0,,,,0.0,,,,,,1.0,,4.633083218421888e-09,0.0,,,,,,True
gat,post_covid,gat,1,neighborhood,East Boston,flu_season,,bands,,25,,,,,,,,,,,,,,,,,,,,,0.84,0.96,0.14634146341463417,-0.12,False
gat,post_covid,gat,1,neighborhood,East Boston,flu_season,0.5,IT50,32.38969817502224,25,4.0,0.16,1.0,1.0,3.0,20.0,0.25,0.5,0.5,0.047619047619047616,0.2,0.3333333333333333,0.20238095238095238,0.2537313432835821,0.27348301713730944,0.84,0.5,0.11372835238948399,0.13439999999999996,0.15380690186395818,,,,,True
gat,post_covid,gat,1,neighborhood,East Boston,flu_season,0.9,IT90,56.982258100156095,25,1.0,0.04,0.0,0.0,1.0,24.0,0.0,,,0.0,0.0,0.0,0.0,0.0,,0.96,0.0,0.03879528570530931,0.03840000000000001,-0.010293898575763016,,,,,True
gat,post_covid,gat,1,neighborhood,East Boston,flu_season,0.98,IT98,81.78485877953806,25,0.0,0.0,0.0,0.0,0.0,25.0,,,,0.0,,,,,,1.0,,8.154226464422524e-09,0.0,,,,,,True
gat,post_covid,gat,1,neighborhood,Fenway,overall,,bands,,43,,,,,,,,,,,,,,,,,,,,,0.9534883720930233,1.0,0.47560975609756106,0.0,False
gat,post_covid,gat,1,neighborhood,Fenway,overall,0.5,IT50,19.789042860168028,43,2.0,0.046511627906976744,1.0,1.0,1.0,40.0,0.5,0.5,0.5,0.024390243902439025,0.3333333333333333,0.5,0.47560975609756095,0.47560975609756095,0.47560975609756095,0.9534883720930233,1.0,0.049415962229373576,0.04434829637641969,-0.11426968490380163,,,,,True
gat,post_covid,gat,1,neighborhood,Fenway,overall,0.9,IT90,31.717921949528318,43,0.0,0.0,0.0,0.0,0.0,43.0,,,,0.0,,,,,,1.0,,0.0017156136341746713,0.0,,,,,,True
gat,post_covid,gat,1,neighborhood,Fenway,overall,0.98,IT98,42.89052071415166,43,0.0,0.0,0.0,0.0,0.0,43.0,,,,0.0,,,,,,1.0,,2.1948799671940642e-05,0.0,,,,,,True
gat,post_covid,gat,1,neighborhood,Fenway,flu_season,,bands,,25,,,,,,,,,,,,,,,,,,,,,0.92,1.0,0.4565217391304347,0.0,False
gat,post_covid,gat,1,neighborhood,Fenway,flu_season,0.5,IT50,19.789042860168028,25,2.0,0.08,1.0,1.0,1.0,22.0,0.5,0.5,0.5,0.043478260869565216,0.3333333333333333,0.5,0.4565217391304348,0.45652173913043476,0.45652173913043476,0.92,1.0,0.08482080619683799,0.0736,-0.15245660593529875,,,,,True
gat,post_covid,gat,1,neighborhood,Fenway,flu_season,0.9,IT90,31.717921949528318,25,0.0,0.0,0.0,0.0,0.0,25.0,,,,0.0,,,,,,1.0,,0.002950854271883373,0.0,,,,,,True
gat,post_covid,gat,1,neighborhood,Fenway,flu_season,0.98,IT98,42.89052071415166,25,0.0,0.0,0.0,0.0,0.0,25.0,,,,0.0,,,,,,1.0,,3.775193543569276e-05,0.0,,,,,,True
gat,post_covid,gat,1,neighborhood,Hyde Park,overall,,bands,,46,,,,,,,,,,,,,,,,,,,,,0.8913043478260869,1.0,-0.05504587155963314,-0.021739130434782608,False
gat,post_covid,gat,1,neighborhood,Hyde Park,overall,0.5,IT50,59.73762940735334,46,3.0,0.06521739130434782,0.0,2.0,3.0,41.0,0.0,1.0,0.0,0.046511627906976744,0.0,0.0,-0.046511627906976744,-0.05504587155963303,-0.056313829183370835,0.8913043478260869,0.6666666666666666,0.06958393400305374,0.060964083175803395,-0.14139228178652496,,,,,True
gat,post_covid,gat,1,neighborhood,Hyde Park,overall,0.9,IT90,98.70163927662223,46,0.0,0.0,0.0,0.0,0.0,46.0,,,,0.0,,,,,,1.0,,3.847502783313935e-05,0.0,,,,,,True
gat,post_covid,gat,1,neighborhood,Hyde Park,overall,0.98,IT98,136.08880333365826,46,0.0,0.0,0.0,0.0,0.0,46.0,,,,0.0,,,,,,1.0,,4.8830050147365293e-11,0.0,,,,,,True
gat,post_covid,gat,1,neighborhood,Hyde Park,flu_season,,bands,,25,,,,,,,,,,,,,,,,,,,,,0.8,1.0,-0.10619469026548689,-0.04,False
gat,post_covid,gat,1,neighborhood,Hyde Park,flu_season,0.5,IT50,59.73762940735334,25,3.0,0.12,0.0,2.0,3.0,20.0,0.0,1.0,0.0,0.09090909090909091,0.0,0.0,-0.09090909090909091,-0.10619469026548672,-0.10889310129609417,0.8,0.6666666666666666,0.12803443636437356,0.1056,-0.21244731405656792,,,,,True
gat,post_covid,gat,1,neighborhood,Hyde Park,flu_season,0.9,IT90,98.70163927662223,25,0.0,0.0,0.0,0.0,0.0,25.0,,,,0.0,,,,,,1.0,,7.07940512129764e-05,0.0,,,,,,True
gat,post_covid,gat,1,neighborhood,Hyde Park,flu_season,0.98,IT98,136.08880333365826,25,0.0,0.0,0.0,0.0,0.0,25.0,,,,0.0,,,,,,1.0,,8.984729227115214e-11,0.0,,,,,,True
gat,post_covid,gat,1,neighborhood,Jamaica Plain,overall,,bands,,46,,,,,,,,,,,,,,,,,,,,,0.9130434782608695,0.9565217391304348,0.34659090909090906,-0.13043478260869565,False
gat,post_covid,gat,1,neighborhood,Jamaica Plain,overall,0.5,IT50,30.1329000930458,46,5.0,0.10869565217391304,2.0,0.0,3.0,41.0,0.4,0.0,1.0,0.0,0.4,0.5714285714285714,0.4,0.543046357615894,0.6105139414683932,0.9347826086956522,0.4,0.05725888024945015,0.09688090737240074,0.40897663118128513,,,,,False
gat,post_covid,gat,1,neighborhood,Jamaica Plain,overall,0.9,IT90,48.93353508945714,46,3.0,0.06521739130434782,0.0,0.0,3.0,43.0,0.0,,,0.0,0.0,0.0,0.0,0.0,,0.9347826086956522,0.0,0.059842598403706815,0.060964083175803395,0.0183958277345454,,,,,True
gat,post_covid,gat,1,neighborhood,Jamaica Plain,overall,0.98,IT98,66.72678487426273,46,0.0,0.0,0.0,0.0,0.0,46.0,,,,0.0,,,,,,1.0,,9.457297643579523e-07,0.0,,,,,,True
gat,post_covid,gat,1,neighborhood,Jamaica Plain,flu_season,,bands,,24,,,,,,,,,,,,,,,,,,,,,0.8333333333333334,0.9166666666666666,0.31818181818181823,-0.25,False
gat,post_covid,gat,1,neighborhood,Jamaica Plain,flu_season,0.5,IT50,30.1329000930458,24,5.0,0.20833333333333334,2.0,0.0,3.0,19.0,0.4,0.0,1.0,0.0,0.4,0.5714285714285714,0.4,0.5135135135135135,0.5877538136452587,0.875,0.4,0.1097333225251174,0.16493055555555555,0.3346695392161303,,,,,False
gat,post_covid,gat,1,neighborhood,Jamaica Plain,flu_season,0.9,IT90,48.93353508945714,24,3.0,0.125,0.0,0.0,3.0,21.0,0.0,,,0.0,0.0,0.0,0.0,0.0,,0.875,0.0,0.11469831360703747,0.109375,-0.048670295835771205,,,,,True
gat,post_covid,gat,1,neighborhood,Jamaica Plain,flu_season,0.98,IT98,66.72678487426273,24,0.0,0.0,0.0,0.0,0.0,24.0,,,,0.0,,,,,,1.0,,1.8126487150194087e-06,0.0,,,,,,True
gat,post_covid,gat,1,neighborhood,Mattapan,overall,,bands,,47,,,,,,,,,,,,,,,,,,,,,0.9361702127659575,1.0,0.3677130044843049,-0.02127659574468085,False
gat,post_covid,gat,1,neighborhood,Mattapan,overall,0.5,IT50,75.36060630157071,47,3.0,0.06382978723404255,1.0,1.0,2.0,43.0,0.3333333333333333,0.5,0.5,0.022727272727272728,0.25,0.4,0.3106060606060606,0.36771300448430494,0.3761626197515065,0.9361702127659575,0.6666666666666666,0.04376458244445044,0.05975554549569943,0.26760634378946224,,,,,True
gat,post_covid,gat,1,neighborhood,Mattapan,overall,0.9,IT90,114.4266389550119,47,0.0,0.0,0.0,0.0,0.0,47.0,,,,0.0,,,,,,1.0,,7.933943877746427e-05,0.0,,,,,,True
gat,post_covid,gat,1,neighborhood,Mattapan,overall,0.98,IT98,149.46970387636378,47,0.0,0.0,0.0,0.0,0.0,47.0,,,,0.0,,,,,,1.0,,2.3430682000572116e-09,0.0,,,,,,True
gat,post_covid,gat,1,neighborhood,Mattapan,flu_season,,bands,,26,,,,,,,,,,,,,,,,,,,,,0.8846153846153846,1.0,0.3389830508474576,-0.038461538461538464,False
gat,post_covid,gat,1,neighborhood,Mattapan,flu_season,0.5,IT50,75.36060630157071,26,3.0,0.11538461538461539,1.0,1.0,2.0,22.0,0.3333333333333333,0.5,0.5,0.043478260869565216,0.25,0.4,0.28985507246376807,0.3389830508474576,0.34752402342845795,0.8846153846153846,0.6666666666666666,0.07911289886243107,0.10207100591715977,0.22492290389850145,,,,,True
gat,post_covid,gat,1,neighborhood,Mattapan,flu_season,0.9,IT90,114.4266389550119,26,0.0,0.0,0.0,0.0,0.0,26.0,,,,0.0,,,,,,1.0,,0.00014342129317464696,0.0,,,,,,True
gat,post_covid,gat,1,neighborhood,Mattapan,flu_season,0.98,IT98,149.46970387636378,26,0.0,0.0,0.0,0.0,0.0,26.0,,,,0.0,,,,,,1.0,,4.235546361641883e-09,0.0,,,,,,True
gat,post_covid,gat,1,neighborhood,Roslindale,overall,,bands,,42,,,,,,,,,,,,,,,,,,,,,0.8809523809523809,0.9523809523809523,0.23255813953488358,-0.11904761904761904,False
gat,post_covid,gat,1,neighborhood,Roslindale,overall,0.5,IT50,83.12526323754497,42,4.0,0.09523809523809523,1.0,1.0,3.0,37.0,0.25,0.5,0.5,0.02631578947368421,0.2,0.3333333333333333,0.2236842105263158,0.288135593220339,0.308327406296755,0.9047619047619048,0.5,0.07312663992343382,0.08616780045351476,0.15134609983593927,,,,,True
gat,post_covid,gat,1,neighborhood,Roslindale,overall,0.9,IT90,133.65502394030972,42,3.0,0.07142857142857142,0.0,0.0,3.0,39.0,0.0,,,0.0,0.0,0.0,0.0,0.0,,0.9285714285714286,0.0,0.07056060730349985,0.06632653061224489,-0.06383684857584404,,,,,True
gat,post_covid,gat,1,neighborhood,Roslindale,overall,0.98,IT98,181.10052866383202,42,0.0,0.0,0.0,0.0,0.0,42.0,,,,0.0,,,,,,1.0,,6.160342063842991e-12,0.0,,,,,,True
gat,post_covid,gat,1,neighborhood,Roslindale,flu_season,,bands,,26,,,,,,,,,,,,,,,,,,,,,0.8076923076923077,0.9230769230769231,0.2099447513812155,-0.19230769230769232,False
gat,post_covid,gat,1,neighborhood,Roslindale,flu_season,0.5,IT50,83.12526323754497,26,4.0,0.15384615384615385,1.0,1.0,3.0,21.0,0.25,0.5,0.5,0.045454545454545456,0.2,0.3333333333333333,0.20454545454545453,0.2571428571428571,0.27695585470349865,0.8461538461538461,0.5,0.118127649071904,0.13017751479289943,0.09256487758401033,,,,,True
gat,post_covid,gat,1,neighborhood,Roslindale,flu_season,0.9,IT90,133.65502394030972,26,3.0,0.11538461538461539,0.0,0.0,3.0,23.0,0.0,,,0.0,0.0,0.0,0.0,0.0,,0.8846153846153846,0.0,0.11398251949026898,0.10207100591715977,-0.11669830689017147,,,,,True
gat,post_covid,gat,1,neighborhood,Roslindale,flu_season,0.98,IT98,181.10052866383202,26,0.0,0.0,0.0,0.0,0.0,26.0,,,,0.0,,,,,,1.0,,9.951321795438678e-12,0.0,,,,,,True
gat,post_covid,gat,1,neighborhood,Roxbury,overall,,bands,,49,,,,,,,,,,,,,,,,,,,,,0.8979591836734694,0.9795918367346939,-0.04255319148936154,-0.04081632653061224,False
gat,post_covid,gat,1,neighborhood,Roxbury,overall,0.5,IT50,138.88545502174753,49,3.0,0.061224489795918366,0.0,2.0,3.0,44.0,0.0,1.0,0.0,0.043478260869565216,0.0,0.0,-0.043478260869565216,-0.05150214592274678,-0.05268024431046752,0.8979591836734694,0.6666666666666666,0.0700609593143825,0.057476051645147866,-0.21895915444806047,,,,,True
gat,post_covid,gat,1,neighborhood,Roxbury,overall,0.9,IT90,231.9483227351807,49,1.0,0.02040816326530612,0.0,0.0,1.0,48.0,0.0,,,0.0,0.0,0.0,0.0,0.0,,0.9795918367346939,0.0,0.020408365573627487,0.01999167013744273,-0.02084345296415835,,,,,True
gat,post_covid,gat,1,neighborhood,Roxbury,overall,0.98,IT98,322.0096816211373,49,0.0,0.0,0.0,0.0,0.0,49.0,,,,0.0,,,,,,1.0,,2.6933669293680297e-20,0.0,,,,,,True
gat,post_covid,gat,1,neighborhood,Roxbury,flu_season,,bands,,26,,,,,,,,,,,,,,,,,,,,,0.8076923076923077,0.9615384615384616,-0.08333333333333348,-0.07692307692307693,False
gat,post_covid,gat,1,neighborhood,Roxbury,flu_season,0.5,IT50,138.88545502174753,26,3.0,0.11538461538461539,0.0,2.0,3.0,21.0,0.0,1.0,0.0,0.08695652173913043,0.0,0.0,-0.08695652173913043,-0.1016949152542373,-0.10425720702853737,0.8076923076923077,0.6666666666666666,0.1320379617847976,0.10207100591715977,-0.2935893067612054,,,,,True
gat,post_covid,gat,1,neighborhood,Roxbury,flu_season,0.9,IT90,231.9483227351807,26,1.0,0.038461538461538464,0.0,0.0,1.0,25.0,0.0,,,0.0,0.0,0.0,0.0,0.0,,0.9615384615384616,0.0,0.03846191973491334,0.036982248520710054,-0.040010309632056984,,,,,True
gat,post_covid,gat,1,neighborhood,Roxbury,flu_season,0.98,IT98,322.0096816211373,26,0.0,0.0,0.0,0.0,0.0,26.0,,,,0.0,,,,,,1.0,,5.075960751501287e-20,0.0,,,,,,True
gat,post_covid,gat,1,neighborhood,South Boston,overall,,bands,,42,,,,,,,,,,,,,,,,,,,,,0.9285714285714286,1.0,0.5333333333333333,-0.023809523809523808,False
gat,post_covid,gat,1,neighborhood,South Boston,overall,0.5,IT50,31.63670795756643,42,4.0,0.09523809523809523,2.0,1.0,2.0,37.0,0.5,0.3333333333333333,0.6666666666666666,0.02631578947368421,0.4,0.5714285714285714,0.4736842105263158,0.5333333333333333,0.5399055247990171,0.9285714285714286,0.75,0.06927558438003782,0.08616780045351476,0.19603861285271917,,,,,True
gat,post_covid,gat,1,neighborhood,South Boston,overall,0.9,IT90,60.18982141922808,42,0.0,0.0,0.0,0.0,0.0,42.0,,,,0.0,,,,,,1.0,,0.0001987604593714898,0.0,,,,,,True
gat,post_covid,gat,1,neighborhood,South Boston,overall,0.98,IT98,90.82483767314203,42,0.0,0.0,0.0,0.0,0.0,42.0,,,,0.0,,,,,,1.0,,3.622966694991587e-10,0.0,,,,,,True
gat,post_covid,gat,1,neighborhood,South Boston,flu_season,,bands,,25,,,,,,,,,,,,,,,,,,,,,0.88,1.0,0.5033112582781456,-0.04,False
gat,post_covid,gat,1,neighborhood,South Boston,flu_season,0.5,IT50,31.63670795756643,25,4.0,0.16,2.0,1.0,2.0,20.0,0.5,0.3333333333333333,0.6666666666666666,0.047619047619047616,0.4,0.5714285714285714,0.4523809523809524,0.5033112582781457,0.5103545438827408,0.88,0.75,0.11637956355716579,0.13439999999999996,0.1340806282948972,,,,,True
gat,post_covid,gat,1,neighborhood,South Boston,flu_season,0.9,IT90,60.18982141922808,25,0.0,0.0,0.0,0.0,0.0,25.0,,,,0.0,,,,,,1.0,,0.0003339175717441028,0.0,,,,,,True
gat,post_covid,gat,1,neighborhood,South Boston,flu_season,0.98,IT98,90.82483767314203,25,0.0,0.0,0.0,0.0,0.0,25.0,,,,0.0,,,,,,1.0,,6.086584047585866e-10,0.0,,,,,,True
gat,post_covid,gat,1,neighborhood,South End,overall,,bands,,49,,,,,,,,,,,,,,,,,,,,,0.9183673469387755,1.0,0.29496402877697847,-0.04081632653061224,False
gat,post_covid,gat,1,neighborhood,South End,overall,0.5,IT50,82.00792145914704,49,4.0,0.08163265306122448,1.0,1.0,3.0,44.0,0.25,0.5,0.5,0.022222222222222223,0.2,0.3333333333333333,0.22777777777777777,0.2949640287769784,0.3151981627432024,0.9183673469387755,0.5,0.06261588678796316,0.07496876301541025,0.16477364345611367,,,,,True
gat,post_covid,gat,1,neighborhood,South End,overall,0.9,IT90,134.00251631923587,49,0.0,0.0,0.0,0.0,0.0,49.0,,,,0.0,,,,,,1.0,,5.18136162853307e-06,0.0,,,,,,True
gat,post_covid,gat,1,neighborhood,South End,overall,0.98,IT98,183.45444562568642,49,0.0,0.0,0.0,0.0,0.0,49.0,,,,0.0,,,,,,1.0,,8.363718097004571e-14,0.0,,,,,,True
gat,post_covid,gat,1,neighborhood,South End,flu_season,,bands,,26,,,,,,,,,,,,,,,,,,,,,0.8461538461538461,1.0,0.2571428571428571,-0.07692307692307693,False
gat,post_covid,gat,1,neighborhood,South End,flu_season,0.5,IT50,82.00792145914704,26,4.0,0.15384615384615385,1.0,1.0,3.0,21.0,0.25,0.5,0.5,0.045454545454545456,0.2,0.3333333333333333,0.20454545454545453,0.2571428571428571,0.27695585470349865,0.8461538461538461,0.5,0.11800686351930903,0.13017751479289943,0.0934927302380354,,,,,True
gat,post_covid,gat,1,neighborhood,South End,flu_season,0.9,IT90,134.00251631923587,26,0.0,0.0,0.0,0.0,0.0,26.0,,,,0.0,,,,,,1.0,,9.764873838389249e-06,0.0,,,,,,True
gat,post_covid,gat,1,neighborhood,South End,flu_season,0.98,IT98,183.45444562568642,26,0.0,0.0,0.0,0.0,0.0,26.0,,,,0.0,,,,,,1.0,,1.5762391798200923e-13,0.0,,,,,,True
gat,post_covid,gat,1,neighborhood,West Roxbury,overall,,bands,,40,,,,,,,,,,,,,,,,,,,,,0.9,0.95,0.13793103448275867,-0.15,False
gat,post_covid,gat,1,neighborhood,West Roxbury,overall,0.5,IT50,37.349459967580074,40,3.0,0.075,1.0,1.0,2.0,36.0,0.3333333333333333,0.5,0.5,0.02702702702702703,0.25,0.4,0.3063063063063063,0.3617021276595745,0.3701780228629408,0.925,0.6666666666666666,0.05052990287274976,0.06937499999999999,0.2716410396720754,,,,,True
gat,post_covid,gat,1,neighborhood,West Roxbury,overall,0.9,IT90,59.59981304845178,40,3.0,0.075,0.0,0.0,3.0,37.0,0.0,,,0.0,0.0,0.0,0.0,0.0,,0.925,0.0,0.07011959865259745,0.06937499999999999,-0.010732953550954383,,,,,True
gat,post_covid,gat,1,neighborhood,West Roxbury,overall,0.98,IT98,80.36625284929092,40,2.0,0.05,0.0,0.0,2.0,38.0,0.0,,,0.0,0.0,0.0,0.0,0.0,,0.95,0.0,0.04999283076724898,0.047499999999999994,-0.052480647731557584,,,,,True
gat,post_covid,gat,1,neighborhood,West Roxbury,flu_season,,bands,,25,,,,,,,,,,,,,,,,,,,,,0.84,0.92,0.11971830985915488,-0.24,False
gat,post_covid,gat,1,neighborhood,West Roxbury,flu_season,0.5,IT50,37.349459967580074,25,3.0,0.12,1.0,1.0,2.0,21.0,0.3333333333333333,0.5,0.5,0.045454545454545456,0.25,0.4,0.28787878787878785,0.336283185840708,0.3448281541042982,0.88,0.6666666666666666,0.0808471678282549,0.1056,0.2344018198081922,,,,,True
gat,post_covid,gat,1,neighborhood,West Roxbury,flu_season,0.9,IT90,59.59981304845178,25,3.0,0.12,0.0,0.0,3.0,22.0,0.0,,,0.0,0.0,0.0,0.0,0.0,,0.88,0.0,0.1121913578441559,0.1056,-0.0624181614029915,,,,,True
gat,post_covid,gat,1,neighborhood,West Roxbury,flu_season,0.98,IT98,80.36625284929092,25,2.0,0.08,0.0,0.0,2.0,23.0,0.0,,,0.0,0.0,0.0,0.0,0.0,,0.92,0.0,0.07998852922759837,0.0736,-0.08680066885323878,,,,,True
gnn_st,post_covid,gnn_st,1,citywide,CITYWIDE,overall,,bands,,49,,,,,,,,,,,,,,,,,,,,,0.9183673469387755,1.0,0.6918238993710693,0.0,False
gnn_st,post_covid,gnn_st,1,citywide,CITYWIDE,overall,0.5,IT50,60.20679524890062,49,4.0,0.08163265306122448,3.0,1.0,1.0,44.0,0.75,0.25,0.75,0.022222222222222223,0.6,0.75,0.7277777777777777,0.7277777777777777,0.7277777777777777,0.9591836734693877,1.0,0.01658023859629478,0.07496876301541025,0.7788380396127569,,,,,True
gnn_st,post_covid,gnn_st,1,citywide,CITYWIDE,overall,0.9,IT90,98.17566769051967,49,1.0,0.02040816326530612,0.0,1.0,1.0,47.0,0.0,1.0,0.0,0.020833333333333332,0.0,0.0,-0.020833333333333332,-0.020833333333333332,-0.020833333333333332,0.9591836734693877,1.0,0.02215952288939132,0.01999167013744273,-0.10843780119642843,,,,,True
gnn_st,post_covid,gnn_st,1,citywide,CITYWIDE,overall,0.98,IT98,134.22833796478614,49,0.0,0.0,0.0,0.0,0.0,49.0,,,,0.0,,,,,,1.0,,0.0001527368310745228,0.0,,,,,,True
gnn_st,post_covid,gnn_st,1,citywide,CITYWIDE,flu_season,,bands,,26,,,,,,,,,,,,,,,,,,,,,0.8461538461538461,1.0,0.6687898089171975,0.0,False
gnn_st,post_covid,gnn_st,1,citywide,CITYWIDE,flu_season,0.5,IT50,60.20679524890062,26,4.0,0.15384615384615385,3.0,1.0,1.0,21.0,0.75,0.25,0.75,0.045454545454545456,0.6,0.75,0.7045454545454546,0.7045454545454546,0.7045454545454546,0.9230769230769231,1.0,0.031247372274347627,0.13017751479289943,0.7599633675288751,,,,,True
gnn_st,post_covid,gnn_st,1,citywide,CITYWIDE,flu_season,0.9,IT90,98.17566769051967,26,1.0,0.038461538461538464,0.0,1.0,1.0,24.0,0.0,1.0,0.0,0.04,0.0,0.0,-0.04,-0.04,-0.04,0.9230769230769231,1.0,0.041762177753083635,0.036982248520710054,-0.12924928644338163,,,,,True
gnn_st,post_covid,gnn_st,1,citywide,CITYWIDE,flu_season,0.98,IT98,134.22833796478614,26,0.0,0.0,0.0,0.0,0.0,26.0,,,,0.0,,,,,,1.0,,0.0002878501816404468,0.0,,,,,,True
gnn_st,post_covid,gnn_st,1,pooled,ALL,overall,,bands,,627,,,,,,,,,,,,,,,,,,,,,0.9457735247208932,0.9968102073365231,0.7828270582937896,-0.01594896331738437,False
gnn_st,post_covid,gnn_st,1,pooled,ALL,overall,0.5,IT50,,627,51.0,0.08133971291866028,40.0,10.0,11.0,566.0,0.7843137254901961,0.2,0.8,0.017361111111111112,0.6557377049180327,0.7920792079207921,0.7669526143790849,0.7738677932917719,0.7739126637804935,0.9665071770334929,0.9803921568627451,0.02170899109663167,0.07472356402097019,0.7094759681090783,,,,,False
gnn_st,post_covid,gnn_st,1,pooled,ALL,overall,0.9,IT90,,627,18.0,0.028708133971291867,8.0,3.0,10.0,606.0,0.4444444444444444,0.2727272727272727,0.7272727272727273,0.0049261083743842365,0.38095238095238093,0.5517241379310345,0.4395183360700602,0.5417439703153989,0.5590301074511359,0.9792663476874003,0.6111111111111112,0.0176549588094659,0.02788397701517821,0.36684215455149405,,,,,False
gnn_st,post_covid,gnn_st,1,pooled,ALL,overall,0.98,IT98,,627,2.0,0.003189792663476874,0.0,0.0,2.0,625.0,0.0,,,0.0,0.0,0.0,0.0,0.0,,0.9968102073365231,0.0,0.002509849703067363,0.0031796178862409027,0.21064423686626432,,,,,True
gnn_st,post_covid,gnn_st,1,pooled,ALL,flu_season,,bands,,352,,,,,,,,,,,,,,,,,,,,,0.9034090909090909,0.9943181818181818,0.769308909787987,-0.028409090909090908,False
gnn_st,post_covid,gnn_st,1,pooled,ALL,flu_season,0.5,IT50,,352,51.0,0.14488636363636365,40.0,10.0,11.0,291.0,0.7843137254901961,0.2,0.8,0.03322259136212625,0.6557377049180327,0.7920792079207921,0.7510911341280698,0.7572573230001314,0.7573079183606218,0.9403409090909091,0.9803921568627451,0.03866480091473565,0.12389430526859506,0.6879210805459315,,,,,False
gnn_st,post_covid,gnn_st,1,pooled,ALL,flu_season,0.9,IT90,,352,18.0,0.05113636363636364,8.0,3.0,10.0,331.0,0.4444444444444444,0.2727272727272727,0.7272727272727273,0.008982035928143712,0.38095238095238093,0.5517241379310345,0.4354624085163007,0.5336322869955157,0.5512982630653613,0.9630681818181818,0.6111111111111112,0.031447895358784866,0.04852143595041322,0.35187624309133725,,,,,False
gnn_st,post_covid,gnn_st,1,pooled,ALL,flu_season,0.98,IT98,,352,2.0,0.005681818181818182,0.0,0.0,2.0,350.0,0.0,,,0.0,0.0,0.0,0.0,0.0,,0.9943181818181818,0.0,0.00447066978358874,0.0056495351239669415,0.20866590162031529,,,,,True
gnn_st,post_covid,gnn_st,1,neighborhood,Allston/Brighton,overall,,bands,,49,,,,,,,,,,,,,,,,,,,,,0.9183673469387755,1.0,0.7586206896551724,-0.04081632653061224,False
gnn_st,post_covid,gnn_st,1,neighborhood,Allston/Brighton,overall,0.5,IT50,43.17201700312734,49,5.0,0.10204081632653061,4.0,0.0,1.0,44.0,0.8,0.0,1.0,0.0,0.8,0.8888888888888888,0.8,0.8778054862842892,0.8844332774281066,0.9795918367346939,0.8,0.012945486714423658,0.09162848812994587,0.8587176654484945,,,,,False
gnn_st,post_covid,gnn_st,1,neighborhood,Allston/Brighton,overall,0.9,IT90,72.80812661818143,49,2.0,0.04081632653061224,0.0,1.0,2.0,46.0,0.0,1.0,0.0,0.02127659574468085,0.0,0.0,-0.02127659574468085,-0.027972027972027972,-0.029774566708770683,0.9387755102040817,0.5,0.0284356293995313,0.03915035401915868,0.27368142352899294,,,,,True
gnn_st,post_covid,gnn_st,1,neighborhood,Allston/Brighton,overall,0.98,IT98,101.71188922331822,49,0.0,0.0,0.0,0.0,0.0,49.0,,,,0.0,,,,,,1.0,,0.00027130657152004415,0.0,,,,,,True
gnn_st,post_covid,gnn_st,1,neighborhood,Allston/Brighton,flu_season,,bands,,26,,,,,,,,,,,,,,,,,,,,,0.8461538461538461,1.0,0.7386934673366834,-0.07692307692307693,False
gnn_st,post_covid,gnn_st,1,neighborhood,Allston/Brighton,flu_season,0.5,IT50,43.17201700312734,26,5.0,0.19230769230769232,4.0,0.0,1.0,21.0,0.8,0.0,1.0,0.0,0.8,0.8888888888888888,0.8,0.865979381443299,0.873862897505303,0.9615384615384616,0.8,0.024395778452360586,0.15532544378698226,0.8429376549162308,,,,,False
gnn_st,post_covid,gnn_st,1,neighborhood,Allston/Brighton,flu_season,0.9,IT90,72.80812661818143,26,2.0,0.07692307692307693,0.0,1.0,2.0,23.0,0.0,1.0,0.0,0.041666666666666664,0.0,0.0,-0.041666666666666664,-0.05405405405405406,-0.05773502691896257,0.8846153846153846,0.5,0.053590224637578204,0.07100591715976333,0.24527100302077376,,,,,True
gnn_st,post_covid,gnn_st,1,neighborhood,Allston/Brighton,flu_season,0.98,IT98,101.71188922331822,26,0.0,0.0,0.0,0.0,0.0,26.0,,,,0.0,,,,,,1.0,,0.0005113085386339293,0.0,,,,,,True
gnn_st,post_covid,gnn_st,1,neighborhood,Back Bay/Beacon Hill/Downtown/North End/West End,overall,,bands,,46,,,,,,,,,,,,,,,,,,,,,0.9347826086956522,1.0,0.7526881720430108,-0.021739130434782608,False
gnn_st,post_covid,gnn_st,1,neighborhood,Back Bay/Beacon Hill/Downtown/North End/West End,overall,0.5,IT50,32.35361456388361,46,3.0,0.06521739130434782,3.0,1.0,0.0,42.0,1.0,0.25,0.75,0.023255813953488372,0.75,0.8571428571428571,0.9767441860465116,0.8456375838926175,0.8558961032361835,0.9782608695652174,1.3333333333333333,0.01945709867063957,0.060964083175803395,0.6808432497126098,,,,,True
gnn_st,post_covid,gnn_st,1,neighborhood,Back Bay/Beacon Hill/Downtown/North End/West End,overall,0.9,IT90,56.35007606954225,46,2.0,0.043478260869565216,0.0,0.0,2.0,44.0,0.0,,,0.0,0.0,0.0,0.0,0.0,,0.9565217391304348,0.0,0.0389128553597893,0.04158790170132326,0.06432270521233929,,,,,True
gnn_st,post_covid,gnn_st,1,neighborhood,Back Bay/Beacon Hill/Downtown/North End/West End,overall,0.98,IT98,80.35966190257739,46,0.0,0.0,0.0,0.0,0.0,46.0,,,,0.0,,,,,,1.0,,4.2593617741028303e-05,0.0,,,,,,True
gnn_st,post_covid,gnn_st,1,neighborhood,Back Bay/Beacon Hill/Downtown/North End/West End,flu_season,,bands,,26,,,,,,,,,,,,,,,,,,,,,0.8846153846153846,1.0,0.7382550335570469,-0.038461538461538464,False
gnn_st,post_covid,gnn_st,1,neighborhood,Back Bay/Beacon Hill/Downtown/North End/West End,flu_season,0.5,IT50,32.35361456388361,26,3.0,0.11538461538461539,3.0,1.0,0.0,22.0,1.0,0.25,0.75,0.043478260869565216,0.75,0.8571428571428571,0.9565217391304348,0.8354430379746836,0.8469895538599198,0.9615384615384616,1.3333333333333333,0.03442323875897761,0.10207100591715977,0.6627520376656686,,,,,True
gnn_st,post_covid,gnn_st,1,neighborhood,Back Bay/Beacon Hill/Downtown/North End/West End,flu_season,0.9,IT90,56.35007606954225,26,2.0,0.07692307692307693,0.0,0.0,2.0,24.0,0.0,,,0.0,0.0,0.0,0.0,0.0,,0.9230769230769231,0.0,0.06884582102116568,0.07100591715976333,0.030421353951916807,,,,,True
gnn_st,post_covid,gnn_st,1,neighborhood,Back Bay/Beacon Hill/Downtown/North End/West End,flu_season,0.98,IT98,80.35966190257739,26,0.0,0.0,0.0,0.0,0.0,26.0,,,,0.0,,,,,,1.0,,7.535793908028084e-05,0.0,,,,,,True
gnn_st,post_covid,gnn_st,1,neighborhood,Charlestown,overall,,bands,,35,,,,,,,,,,,,,,,,,,,,,0.9428571428571428,0.9714285714285714,0.7572815533980582,-0.02857142857142857,False
gnn_st,post_covid,gnn_st,1,neighborhood,Charlestown,overall,0.5,IT50,44.544403832795176,35,4.0,0.11428571428571428,3.0,1.0,1.0,30.0,0.75,0.25,0.75,0.03225806451612903,0.6,0.75,0.717741935483871,0.717741935483871,0.717741935483871,0.9428571428571428,1.0,0.03077124914183891,0.10122448979591839,0.6960098371068334,,,,,True
gnn_st,post_covid,gnn_st,1,neighborhood,Charlestown,overall,0.9,IT90,75.51034339625782,35,3.0,0.08571428571428572,2.0,0.0,1.0,32.0,0.6666666666666666,0.0,1.0,0.0,0.6666666666666666,0.8,0.6666666666666666,0.7852760736196319,0.8040302522073697,0.9714285714285714,0.6666666666666666,0.0415568254183623,0.0783673469387755,0.46971759231777266,,,,,True
gnn_st,post_covid,gnn_st,1,neighborhood,Charlestown,overall,0.98,IT98,105.83479691598406,35,0.0,0.0,0.0,0.0,0.0,35.0,,,,0.0,,,,,,1.0,,0.0004953622887653483,0.0,,,,,,True
gnn_st,post_covid,gnn_st,1,neighborhood,Charlestown,flu_season,,bands,,21,,,,,,,,,,,,,,,,,,,,,0.9047619047619048,0.9523809523809523,0.7368421052631579,-0.047619047619047616,False
gnn_st,post_covid,gnn_st,1,neighborhood,Charlestown,flu_season,0.5,IT50,44.544403832795176,21,4.0,0.19047619047619047,3.0,1.0,1.0,16.0,0.75,0.25,0.75,0.058823529411764705,0.6,0.75,0.6911764705882353,0.6911764705882353,0.6911764705882353,0.9047619047619048,1.0,0.051285413536162575,0.1541950113378685,0.6673990092728281,,,,,True
gnn_st,post_covid,gnn_st,1,neighborhood,Charlestown,flu_season,0.9,IT90,75.51034339625782,21,3.0,0.14285714285714285,2.0,0.0,1.0,18.0,0.6666666666666666,0.0,1.0,0.0,0.6666666666666666,0.8,0.6666666666666666,0.7741935483870968,0.7947194142390263,0.9523809523809523,0.6666666666666666,0.06926137569727049,0.12244897959183672,0.43436543180562426,,,,,True
gnn_st,post_covid,gnn_st,1,neighborhood,Charlestown,flu_season,0.98,IT98,105.83479691598406,21,0.0,0.0,0.0,0.0,0.0,21.0,,,,0.0,,,,,,1.0,,0.0008256038146089139,0.0,,,,,,True
gnn_st,post_covid,gnn_st,1,neighborhood,Dorchester,overall,,bands,,49,,,,,,,,,,,,,,,,,,,,,0.9591836734693877,1.0,0.7860262008733625,0.0,False
gnn_st,post_covid,gnn_st,1,neighborhood,Dorchester,overall,0.5,IT50,157.0086457734027,49,4.0,0.08163265306122448,3.0,0.0,1.0,45.0,0.75,0.0,1.0,0.0,0.75,0.8571428571428571,0.75,0.8463949843260188,0.8565603610802411,0.9795918367346939,0.75,0.010559390049947643,0.07496876301541025,0.8591494693893095,,,,,True
gnn_st,post_covid,gnn_st,1,neighborhood,Dorchester,overall,0.9,IT90,264.26252974322875,49,0.0,0.0,0.0,1.0,0.0,48.0,,1.0,0.0,0.02040816326530612,0.0,0.0,,0.0,,0.9795918367346939,,0.007060631206200145,0.0,,,,,,True
gnn_st,post_covid,gnn_st,1,neighborhood,Dorchester,overall,0.98,IT98,368.7005757586777,49,0.0,0.0,0.0,0.0,0.0,49.0,,,,0.0,,,,,,1.0,,8.243614932847278e-07,0.0,,,,,,True
gnn_st,post_covid,gnn_st,1,neighborhood,Dorchester,flu_season,,bands,,26,,,,,,,,,,,,,,,,,,,,,0.9230769230769231,1.0,0.7719298245614035,0.0,False
gnn_st,post_covid,gnn_st,1,neighborhood,Dorchester,flu_season,0.5,IT50,157.0086457734027,26,4.0,0.15384615384615385,3.0,0.0,1.0,22.0,0.75,0.0,1.0,0.0,0.75,0.8571428571428571,0.75,0.8354430379746836,0.8469895538599198,0.9615384615384616,0.75,0.019900388940285823,0.13017751479289943,0.8471288304132589,,,,,True
gnn_st,post_covid,gnn_st,1,neighborhood,Dorchester,flu_season,0.9,IT90,264.26252974322875,26,0.0,0.0,0.0,1.0,0.0,25.0,,1.0,0.0,0.038461538461538464,0.0,0.0,,0.0,,0.9615384615384616,,0.013306574196300273,0.0,,,,,,True
gnn_st,post_covid,gnn_st,1,neighborhood,Dorchester,flu_season,0.98,IT98,368.7005757586777,26,0.0,0.0,0.0,0.0,0.0,26.0,,,,0.0,,,,,,1.0,,1.55360435272891e-06,0.0,,,,,,True
gnn_st,post_covid,gnn_st,1,neighborhood,East Boston,overall,,bands,,44,,,,,,,,,,,,,,,,,,,,,0.9545454545454546,1.0,0.7853658536585366,-0.045454545454545456,False
gnn_st,post_covid,gnn_st,1,neighborhood,East Boston,overall,0.5,IT50,32.38969817502224,44,4.0,0.09090909090909091,3.0,0.0,1.0,40.0,0.75,0.0,1.0,0.0,0.75,0.8571428571428571,0.75,0.8450704225352113,0.8553989227683015,0.9772727272727273,0.75,0.01863119528289143,0.08264462809917356,0.7745625370770137,,,,,True
gnn_st,post_covid,gnn_st,1,neighborhood,East Boston,overall,0.9,IT90,56.982258100156095,44,1.0,0.022727272727272728,0.0,0.0,1.0,43.0,0.0,,,0.0,0.0,0.0,0.0,0.0,,0.9772727272727273,0.0,0.010939945525178017,0.02221074380165289,0.5074480340291944,,,,,True
gnn_st,post_covid,gnn_st,1,neighborhood,East Boston,overall,0.98,IT98,81.78485877953806,44,0.0,0.0,0.0,0.0,0.0,44.0,,,,0.0,,,,,,1.0,,8.144648777903803e-05,0.0,,,,,,True
gnn_st,post_covid,gnn_st,1,neighborhood,East Boston,flu_season,,bands,,25,,,,,,,,,,,,,,,,,,,,,0.92,1.0,0.7727272727272727,-0.08,False
gnn_st,post_covid,gnn_st,1,neighborhood,East Boston,flu_season,0.5,IT50,32.38969817502224,25,4.0,0.16,3.0,0.0,1.0,21.0,0.75,0.0,1.0,0.0,0.75,0.8571428571428571,0.75,0.8344370860927153,0.8461141122266493,0.96,0.75,0.03279045471034854,0.13439999999999996,0.7560234024527638,,,,,True
gnn_st,post_covid,gnn_st,1,neighborhood,East Boston,flu_season,0.9,IT90,56.982258100156095,25,1.0,0.04,0.0,0.0,1.0,24.0,0.0,,,0.0,0.0,0.0,0.0,0.0,,0.96,0.0,0.01925430412431331,0.03840000000000001,0.49858583009600765,,,,,True
gnn_st,post_covid,gnn_st,1,neighborhood,East Boston,flu_season,0.98,IT98,81.78485877953806,25,0.0,0.0,0.0,0.0,0.0,25.0,,,,0.0,,,,,,1.0,,0.00014334581849110694,0.0,,,,,,True
gnn_st,post_covid,gnn_st,1,neighborhood,Fenway,overall,,bands,,43,,,,,,,,,,,,,,,,,,,,,0.9302325581395349,1.0,0.3645320197044335,0.023255813953488372,False
gnn_st,post_covid,gnn_st,1,neighborhood,Fenway,overall,0.5,IT50,19.789042860168028,43,2.0,0.046511627906976744,1.0,2.0,1.0,39.0,0.5,0.6666666666666666,0.3333333333333333,0.04878048780487805,0.25,0.4,0.45121951219512196,0.3645320197044335,0.3729960003272992,0.9302325581395349,1.5,0.03872073158724937,0.04434829637641969,0.12689472311190153,,,,,True
gnn_st,post_covid,gnn_st,1,neighborhood,Fenway,overall,0.9,IT90,31.717921949528318,43,0.0,0.0,0.0,0.0,0.0,43.0,,,,0.0,,,,,,1.0,,0.002588618762141644,0.0,,,,,,True
gnn_st,post_covid,gnn_st,1,neighborhood,Fenway,overall,0.98,IT98,42.89052071415166,43,0.0,0.0,0.0,0.0,0.0,43.0,,,,0.0,,,,,,1.0,,5.371715530227055e-05,0.0,,,,,,True
gnn_st,post_covid,gnn_st,1,neighborhood,Fenway,flu_season,,bands,,25,,,,,,,,,,,,,,,,,,,,,0.88,1.0,0.33628318584070793,0.04,False
gnn_st,post_covid,gnn_st,1,neighborhood,Fenway,flu_season,0.5,IT50,19.789042860168028,25,2.0,0.08,1.0,2.0,1.0,21.0,0.5,0.6666666666666666,0.3333333333333333,0.08695652173913043,0.25,0.4,0.41304347826086957,0.336283185840708,0.3448281541042982,0.88,1.5,0.06654670284672158,0.0736,0.0958328417565002,,,,,True
gnn_st,post_covid,gnn_st,1,neighborhood,Fenway,flu_season,0.9,IT90,31.717921949528318,25,0.0,0.0,0.0,0.0,0.0,25.0,,,,0.0,,,,,,1.0,,0.004452423981192579,0.0,,,,,,True
gnn_st,post_covid,gnn_st,1,neighborhood,Fenway,flu_season,0.98,IT98,42.89052071415166,25,0.0,0.0,0.0,0.0,0.0,25.0,,,,0.0,,,,,,1.0,,9.239350711989719e-05,0.0,,,,,,True
gnn_st,post_covid,gnn_st,1,neighborhood,Hyde Park,overall,,bands,,46,,,,,,,,,,,,,,,,,,,,,0.9565217391304348,1.0,0.6434108527131783,0.0,False
gnn_st,post_covid,gnn_st,1,neighborhood,Hyde Park,overall,0.5,IT50,59.73762940735334,46,3.0,0.06521739130434782,2.0,1.0,1.0,42.0,0.6666666666666666,0.3333333333333333,0.6666666666666666,0.023255813953488372,0.5,0.6666666666666666,0.6434108527131782,0.6434108527131783,0.6434108527131783,0.9565217391304348,1.0,0.031143788908851094,0.060964083175803395,0.4891452920067525,,,,,True
gnn_st,post_covid,gnn_st,1,neighborhood,Hyde Park,overall,0.9,IT90,98.70163927662223,46,0.0,0.0,0.0,0.0,0.0,46.0,,,,0.0,,,,,,1.0,,0.00678191070670741,0.0,,,,,,True
gnn_st,post_covid,gnn_st,1,neighborhood,Hyde Park,overall,0.98,IT98,136.08880333365826,46,0.0,0.0,0.0,0.0,0.0,46.0,,,,0.0,,,,,,1.0,,4.14792438478724e-05,0.0,,,,,,True
gnn_st,post_covid,gnn_st,1,neighborhood,Hyde Park,flu_season,,bands,,25,,,,,,,,,,,,,,,,,,,,,0.92,1.0,0.6212121212121212,0.0,False
gnn_st,post_covid,gnn_st,1,neighborhood,Hyde Park,flu_season,0.5,IT50,59.73762940735334,25,3.0,0.12,2.0,1.0,1.0,21.0,0.6666666666666666,0.3333333333333333,0.6666666666666666,0.045454545454545456,0.5,0.6666666666666666,0.6212121212121212,0.6212121212121212,0.6212121212121212,0.92,1.0,0.057304571575750814,0.1056,0.45734307219932946,,,,,True
gnn_st,post_covid,gnn_st,1,neighborhood,Hyde Park,flu_season,0.9,IT90,98.70163927662223,25,0.0,0.0,0.0,0.0,0.0,25.0,,,,0.0,,,,,,1.0,,0.012478715700341633,0.0,,,,,,True
gnn_st,post_covid,gnn_st,1,neighborhood,Hyde Park,flu_season,0.98,IT98,136.08880333365826,25,0.0,0.0,0.0,0.0,0.0,25.0,,,,0.0,,,,,,1.0,,7.632180868008522e-05,0.0,,,,,,True
gnn_st,post_covid,gnn_st,1,neighborhood,Jamaica Plain,overall,,bands,,46,,,,,,,,,,,,,,,,,,,,,0.9565217391304348,1.0,0.9087301587301587,-0.043478260869565216,False
gnn_st,post_covid,gnn_st,1,neighborhood,Jamaica Plain,overall,0.5,IT50,30.1329000930458,46,5.0,0.10869565217391304,4.0,0.0,1.0,41.0,0.8,0.0,1.0,0.0,0.8,0.8888888888888888,0.8,0.8770053475935828,0.8837151016885368,0.9782608695652174,0.8,0.013729357389548223,0.09688090737240074,0.8582862427498339,,,,,False
gnn_st,post_covid,gnn_st,1,neighborhood,Jamaica Plain,overall,0.9,IT90,48.93353508945714,46,3.0,0.06521739130434782,2.0,0.0,1.0,43.0,0.6666666666666666,0.0,1.0,0.0,0.6666666666666666,0.8,0.6666666666666666,0.7889908256880734,0.8071648849616486,0.9782608695652174,0.6666666666666666,0.02239595624509859,0.060964083175803395,0.6326368727548168,,,,,True
gnn_st,post_covid,gnn_st,1,neighborhood,Jamaica Plain,overall,0.98,IT98,66.72678487426273,46,0.0,0.0,0.0,0.0,0.0,46.0,,,,0.0,,,,,,1.0,,0.0019280360615355292,0.0,,,,,,True
gnn_st,post_covid,gnn_st,1,neighborhood,Jamaica Plain,flu_season,,bands,,24,,,,,,,,,,,,,,,,,,,,,0.9166666666666666,1.0,0.9,-0.08333333333333333,False
gnn_st,post_covid,gnn_st,1,neighborhood,Jamaica Plain,flu_season,0.5,IT50,30.1329000930458,24,5.0,0.20833333333333334,4.0,0.0,1.0,19.0,0.8,0.0,1.0,0.0,0.8,0.8888888888888888,0.8,0.8636363636363636,0.8717797887081347,0.9583333333333334,0.8,0.02631107106293776,0.16493055555555555,0.8404718217657668,,,,,False
gnn_st,post_covid,gnn_st,1,neighborhood,Jamaica Plain,flu_season,0.9,IT90,48.93353508945714,24,3.0,0.125,2.0,0.0,1.0,21.0,0.6666666666666666,0.0,1.0,0.0,0.6666666666666666,0.8,0.6666666666666666,0.7777777777777778,0.7977240352174656,0.9583333333333334,0.6666666666666666,0.04292558280308203,0.109375,0.6075375286575357,,,,,True
gnn_st,post_covid,gnn_st,1,neighborhood,Jamaica Plain,flu_season,0.98,IT98,66.72678487426273,24,0.0,0.0,0.0,0.0,0.0,24.0,,,,0.0,,,,,,1.0,,0.0036954024512764316,0.0,,,,,,True
gnn_st,post_covid,gnn_st,1,neighborhood,Mattapan,overall,,bands,,47,,,,,,,,,,,,,,,,,,,,,1.0,1.0,1.0,0.0,False
gnn_st,post_covid,gnn_st,1,neighborhood,Mattapan,overall,0.5,IT50,75.36060630157071,47,3.0,0.06382978723404255,3.0,0.0,0.0,44.0,1.0,0.0,1.0,0.0,1.0,1.0,1.0,1.0,1.0,1.0,1.0,0.008525801158454888,0.05975554549569943,0.8573220094013119,,,,,True
gnn_st,post_covid,gnn_st,1,neighborhood,Mattapan,overall,0.9,IT90,114.4266389550119,47,0.0,0.0,0.0,0.0,0.0,47.0,,,,0.0,,,,,,1.0,,0.0025899329613142683,0.0,,,,,,True
gnn_st,post_covid,gnn_st,1,neighborhood,Mattapan,overall,0.98,IT98,149.46970387636378,47,0.0,0.0,0.0,0.0,0.0,47.0,,,,0.0,,,,,,1.0,,1.1178419049629852e-05,0.0,,,,,,True
gnn_st,post_covid,gnn_st,1,neighborhood,Mattapan,flu_season,,bands,,26,,,,,,,,,,,,,,,,,,,,,1.0,1.0,1.0,0.0,False
gnn_st,post_covid,gnn_st,1,neighborhood,Mattapan,flu_season,0.5,IT50,75.36060630157071,26,3.0,0.11538461538461539,3.0,0.0,0.0,23.0,1.0,0.0,1.0,0.0,1.0,1.0,1.0,1.0,1.0,1.0,1.0,0.015412025171038953,0.10207100591715977,0.8490068258605459,,,,,True
gnn_st,post_covid,gnn_st,1,neighborhood,Mattapan,flu_season,0.9,IT90,114.4266389550119,26,0.0,0.0,0.0,0.0,0.0,26.0,,,,0.0,,,,,,1.0,,0.004681801891606562,0.0,,,,,,True
gnn_st,post_covid,gnn_st,1,neighborhood,Mattapan,flu_season,0.98,IT98,149.46970387636378,26,0.0,0.0,0.0,0.0,0.0,26.0,,,,0.0,,,,,,1.0,,2.020714212817704e-05,0.0,,,,,,True
gnn_st,post_covid,gnn_st,1,neighborhood,Roslindale,overall,,bands,,42,,,,,,,,,,,,,,,,,,,,,0.9285714285714286,1.0,0.8571428571428571,-0.023809523809523808,False
gnn_st,post_covid,gnn_st,1,neighborhood,Roslindale,overall,0.5,IT50,83.12526323754497,42,4.0,0.09523809523809523,3.0,1.0,1.0,37.0,0.75,0.25,0.75,0.02631578947368421,0.6,0.75,0.7236842105263158,0.7236842105263158,0.7236842105263158,0.9523809523809523,1.0,0.03311226328626674,0.08616780045351476,0.6157234708093782,,,,,True
gnn_st,post_covid,gnn_st,1,neighborhood,Roslindale,overall,0.9,IT90,133.65502394030972,42,3.0,0.07142857142857142,2.0,0.0,1.0,39.0,0.6666666666666666,0.0,1.0,0.0,0.6666666666666666,0.8,0.6666666666666666,0.7878787878787878,0.806225774829855,0.9761904761904762,0.6666666666666666,0.02757393294548132,0.06632653061224489,0.5842699340527431,,,,,True
gnn_st,post_covid,gnn_st,1,neighborhood,Roslindale,overall,0.98,IT98,181.10052866383202,42,0.0,0.0,0.0,0.0,0.0,42.0,,,,0.0,,,,,,1.0,,0.0002821894458794604,0.0,,,,,,True
gnn_st,post_covid,gnn_st,1,neighborhood,Roslindale,flu_season,,bands,,26,,,,,,,,,,,,,,,,,,,,,0.8846153846153846,1.0,0.8482490272373541,-0.038461538461538464,False
gnn_st,post_covid,gnn_st,1,neighborhood,Roslindale,flu_season,0.5,IT50,83.12526323754497,26,4.0,0.15384615384615385,3.0,1.0,1.0,21.0,0.75,0.25,0.75,0.045454545454545456,0.6,0.75,0.7045454545454546,0.7045454545454546,0.7045454545454546,0.9230769230769231,1.0,0.053489040691952844,0.13017751479289943,0.5891069146845441,,,,,True
gnn_st,post_covid,gnn_st,1,neighborhood,Roslindale,flu_season,0.9,IT90,133.65502394030972,26,3.0,0.11538461538461539,2.0,0.0,1.0,23.0,0.6666666666666666,0.0,1.0,0.0,0.6666666666666666,0.8,0.6666666666666666,0.7796610169491526,0.7993052538854533,0.9615384615384616,0.6666666666666666,0.04454250706577752,0.10207100591715977,0.563612539471513,,,,,True
gnn_st,post_covid,gnn_st,1,neighborhood,Roslindale,flu_season,0.98,IT98,181.10052866383202,26,0.0,0.0,0.0,0.0,0.0,26.0,,,,0.0,,,,,,1.0,,0.0004558444894975899,0.0,,,,,,True
gnn_st,post_covid,gnn_st,1,neighborhood,Roxbury,overall,,bands,,49,,,,,,,,,,,,,,,,,,,,,0.9183673469387755,1.0,0.6474820143884892,0.0,False
gnn_st,post_covid,gnn_st,1,neighborhood,Roxbury,overall,0.5,IT50,138.88545502174753,49,3.0,0.061224489795918366,2.0,1.0,1.0,45.0,0.6666666666666666,0.3333333333333333,0.6666666666666666,0.021739130434782608,0.5,0.6666666666666666,0.644927536231884,0.644927536231884,0.644927536231884,0.9591836734693877,1.0,0.028894853412208234,0.057476051645147866,0.4972714272267249,,,,,True
gnn_st,post_covid,gnn_st,1,neighborhood,Roxbury,overall,0.9,IT90,231.9483227351807,49,1.0,0.02040816326530612,0.0,1.0,1.0,47.0,0.0,1.0,0.0,0.020833333333333332,0.0,0.0,-0.020833333333333332,-0.020833333333333332,-0.020833333333333332,0.9591836734693877,1.0,0.02747741459630189,0.01999167013744273,-0.3744431759525175,,,,,True
gnn_st,post_covid,gnn_st,1,neighborhood,Roxbury,overall,0.98,IT98,322.0096816211373,49,0.0,0.0,0.0,0.0,0.0,49.0,,,,0.0,,,,,,1.0,,1.0125683864315832e-05,0.0,,,,,,True
gnn_st,post_covid,gnn_st,1,neighborhood,Roxbury,flu_season,,bands,,26,,,,,,,,,,,,,,,,,,,,,0.8461538461538461,1.0,0.6285714285714286,0.0,False
gnn_st,post_covid,gnn_st,1,neighborhood,Roxbury,flu_season,0.5,IT50,138.88545502174753,26,3.0,0.11538461538461539,2.0,1.0,1.0,22.0,0.6666666666666666,0.3333333333333333,0.6666666666666666,0.043478260869565216,0.5,0.6666666666666666,0.6231884057971014,0.6231884057971014,0.6231884057971014,0.9230769230769231,1.0,0.054455685276852184,0.10207100591715977,0.46649212685286845,,,,,True
gnn_st,post_covid,gnn_st,1,neighborhood,Roxbury,flu_season,0.9,IT90,231.9483227351807,26,1.0,0.038461538461538464,0.0,1.0,1.0,24.0,0.0,1.0,0.0,0.04,0.0,0.0,-0.04,-0.04,-0.04,0.9230769230769231,1.0,0.051784358277645874,0.036982248520710054,-0.40024904782754467,,,,,True
gnn_st,post_covid,gnn_st,1,neighborhood,Roxbury,flu_season,0.98,IT98,322.0096816211373,26,0.0,0.0,0.0,0.0,0.0,26.0,,,,0.0,,,,,,1.0,,1.9083019590441374e-05,0.0,,,,,,True
gnn_st,post_covid,gnn_st,1,neighborhood,South Boston,overall,,bands,,42,,,,,,,,,,,,,,,,,,,,,0.9523809523809523,1.0,0.7236842105263157,0.0,False
gnn_st,post_covid,gnn_st,1,neighborhood,South Boston,overall,0.5,IT50,31.63670795756643,42,4.0,0.09523809523809523,3.0,1.0,1.0,37.0,0.75,0.25,0.75,0.02631578947368421,0.6,0.75,0.7236842105263158,0.7236842105263158,0.7236842105263158,0.9523809523809523,1.0,0.02453253444796057,0.08616780045351476,0.7152934818012997,,,,,True
gnn_st,post_covid,gnn_st,1,neighborhood,South Boston,overall,0.9,IT90,60.18982141922808,42,0.0,0.0,0.0,0.0,0.0,42.0,,,,0.0,,,,,,1.0,,0.003957245649718273,0.0,,,,,,True
gnn_st,post_covid,gnn_st,1,neighborhood,South Boston,overall,0.98,IT98,90.82483767314203,42,0.0,0.0,0.0,0.0,0.0,42.0,,,,0.0,,,,,,1.0,,1.2368664896452223e-06,0.0,,,,,,True
gnn_st,post_covid,gnn_st,1,neighborhood,South Boston,flu_season,,bands,,25,,,,,,,,,,,,,,,,,,,,,0.92,1.0,0.7023809523809524,0.0,False
gnn_st,post_covid,gnn_st,1,neighborhood,South Boston,flu_season,0.5,IT50,31.63670795756643,25,4.0,0.16,3.0,1.0,1.0,20.0,0.75,0.25,0.75,0.047619047619047616,0.6,0.75,0.7023809523809523,0.7023809523809523,0.7023809523809523,0.92,1.0,0.0412130472520106,0.13439999999999996,0.6933553031844448,,,,,True
gnn_st,post_covid,gnn_st,1,neighborhood,South Boston,flu_season,0.9,IT90,60.18982141922808,25,0.0,0.0,0.0,0.0,0.0,25.0,,,,0.0,,,,,,1.0,,0.0066481726915266996,0.0,,,,,,True
gnn_st,post_covid,gnn_st,1,neighborhood,South Boston,flu_season,0.98,IT98,90.82483767314203,25,0.0,0.0,0.0,0.0,0.0,25.0,,,,0.0,,,,,,1.0,,2.0779357026039736e-06,0.0,,,,,,True
gnn_st,post_covid,gnn_st,1,neighborhood,South End,overall,,bands,,49,,,,,,,,,,,,,,,,,,,,,0.9591836734693877,1.0,0.7277777777777777,0.0,False
gnn_st,post_covid,gnn_st,1,neighborhood,South End,overall,0.5,IT50,82.00792145914704,49,4.0,0.08163265306122448,3.0,1.0,1.0,44.0,0.75,0.25,0.75,0.022222222222222223,0.6,0.75,0.7277777777777777,0.7277777777777777,0.7277777777777777,0.9591836734693877,1.0,0.018965331255313356,0.07496876301541025,0.7470235536444035,,,,,True
gnn_st,post_covid,gnn_st,1,neighborhood,South End,overall,0.9,IT90,134.00251631923587,49,0.0,0.0,0.0,0.0,0.0,49.0,,,,0.0,,,,,,1.0,,0.008256629955330233,0.0,,,,,,True
gnn_st,post_covid,gnn_st,1,neighborhood,South End,overall,0.98,IT98,183.45444562568642,49,0.0,0.0,0.0,0.0,0.0,49.0,,,,0.0,,,,,,1.0,,1.7507989662694325e-05,0.0,,,,,,True
gnn_st,post_covid,gnn_st,1,neighborhood,South End,flu_season,,bands,,26,,,,,,,,,,,,,,,,,,,,,0.9230769230769231,1.0,0.7045454545454546,0.0,False
gnn_st,post_covid,gnn_st,1,neighborhood,South End,flu_season,0.5,IT50,82.00792145914704,26,4.0,0.15384615384615385,3.0,1.0,1.0,21.0,0.75,0.25,0.75,0.045454545454545456,0.6,0.75,0.7045454545454546,0.7045454545454546,0.7045454545454546,0.9230769230769231,1.0,0.03574235505769624,0.13017751479289943,0.7254337270567881,,,,,True
gnn_st,post_covid,gnn_st,1,neighborhood,South End,flu_season,0.9,IT90,134.00251631923587,26,0.0,0.0,0.0,0.0,0.0,26.0,,,,0.0,,,,,,1.0,,0.015560571838891594,0.0,,,,,,True
gnn_st,post_covid,gnn_st,1,neighborhood,South End,flu_season,0.98,IT98,183.45444562568642,26,0.0,0.0,0.0,0.0,0.0,26.0,,,,0.0,,,,,,1.0,,3.2995826672000844e-05,0.0,,,,,,True
gnn_st,post_covid,gnn_st,1,neighborhood,West Roxbury,overall,,bands,,40,,,,,,,,,,,,,,,,,,,,,0.925,0.975,0.7972972972972974,-0.05,False
gnn_st,post_covid,gnn_st,1,neighborhood,West Roxbury,overall,0.5,IT50,37.349459967580074,40,3.0,0.075,3.0,1.0,0.0,36.0,1.0,0.25,0.75,0.02702702702702703,0.75,0.8571428571428571,0.972972972972973,0.84375,0.8542421961772492,0.975,1.3333333333333333,0.01929765522253204,0.06937499999999999,0.7218356003959345,,,,,True
gnn_st,post_covid,gnn_st,1,neighborhood,West Roxbury,overall,0.9,IT90,59.59981304845178,40,3.0,0.075,2.0,0.0,1.0,37.0,0.6666666666666666,0.0,1.0,0.0,0.6666666666666666,0.8,0.6666666666666666,0.7872340425531915,0.805681579172283,0.975,0.6666666666666666,0.023850188619704032,0.06937499999999999,0.6562134973736355,,,,,True
gnn_st,post_covid,gnn_st,1,neighborhood,West Roxbury,overall,0.98,IT98,80.36625284929092,40,2.0,0.05,0.0,0.0,2.0,38.0,0.0,,,0.0,0.0,0.0,0.0,0.0,,0.95,0.0,0.035769245839428476,0.047499999999999994,0.24696324548571624,,,,,True
gnn_st,post_covid,gnn_st,1,neighborhood,West Roxbury,flu_season,,bands,,25,,,,,,,,,,,,,,,,,,,,,0.88,0.96,0.7869318181818181,-0.08,False
gnn_st,post_covid,gnn_st,1,neighborhood,West Roxbury,flu_season,0.5,IT50,37.349459967580074,25,3.0,0.12,3.0,1.0,0.0,21.0,1.0,0.25,0.75,0.045454545454545456,0.75,0.8571428571428571,0.9545454545454546,0.8344370860927153,0.8461141122266493,0.96,1.3333333333333333,0.030875992060718685,0.1056,0.7076137115462247,,,,,True
gnn_st,post_covid,gnn_st,1,neighborhood,West Roxbury,flu_season,0.9,IT90,59.59981304845178,25,3.0,0.12,2.0,0.0,1.0,22.0,0.6666666666666666,0.0,1.0,0.0,0.6666666666666666,0.8,0.6666666666666666,0.7787610619469026,0.7985494095046906,0.96,0.6666666666666666,0.03816030179152643,0.1056,0.6386335057620603,,,,,True
gnn_st,post_covid,gnn_st,1,neighborhood,West Roxbury,flu_season,0.98,IT98,80.36625284929092,25,2.0,0.08,0.0,0.0,2.0,23.0,0.0,,,0.0,0.0,0.0,0.0,0.0,,0.92,0.0,0.05723079334308556,0.0736,0.22240769914285918,,,,,True
gnn_st_lagsonly,post_covid,gnn_st_lagsonly,1,citywide,CITYWIDE,overall,,bands,,49,,,,,,,,,,,,,,,,,,,,,0.9183673469387755,1.0,0.6918238993710693,0.0,False
gnn_st_lagsonly,post_covid,gnn_st_lagsonly,1,citywide,CITYWIDE,overall,0.5,IT50,60.20679524890062,49,4.0,0.08163265306122448,3.0,1.0,1.0,44.0,0.75,0.25,0.75,0.022222222222222223,0.6,0.75,0.7277777777777777,0.7277777777777777,0.7277777777777777,0.9591836734693877,1.0,0.021560404714127467,0.07496876301541025,0.7124081571187775,,,,,True
gnn_st_lagsonly,post_covid,gnn_st_lagsonly,1,citywide,CITYWIDE,overall,0.9,IT90,98.17566769051967,49,1.0,0.02040816326530612,0.0,1.0,1.0,47.0,0.0,1.0,0.0,0.020833333333333332,0.0,0.0,-0.020833333333333332,-0.020833333333333332,-0.020833333333333332,0.9591836734693877,1.0,0.022470341127405008,0.01999167013744273,-0.12398518847707152,,,,,True
gnn_st_lagsonly,post_covid,gnn_st_lagsonly,1,citywide,CITYWIDE,overall,0.98,IT98,134.22833796478614,49,0.0,0.0,0.0,0.0,0.0,49.0,,,,0.0,,,,,,1.0,,0.00014843251107199385,0.0,,,,,,True
gnn_st_lagsonly,post_covid,gnn_st_lagsonly,1,citywide,CITYWIDE,flu_season,,bands,,26,,,,,,,,,,,,,,,,,,,,,0.8461538461538461,1.0,0.6687898089171975,0.0,False
gnn_st_lagsonly,post_covid,gnn_st_lagsonly,1,citywide,CITYWIDE,flu_season,0.5,IT50,60.20679524890062,26,4.0,0.15384615384615385,3.0,1.0,1.0,21.0,0.75,0.25,0.75,0.045454545454545456,0.6,0.75,0.7045454545454546,0.7045454545454546,0.7045454545454546,0.9230769230769231,1.0,0.04063306806089742,0.13017751479289943,0.6878641589867426,,,,,True
gnn_st_lagsonly,post_covid,gnn_st_lagsonly,1,citywide,CITYWIDE,flu_season,0.9,IT90,98.17566769051967,26,1.0,0.038461538461538464,0.0,1.0,1.0,24.0,0.0,1.0,0.0,0.04,0.0,0.0,-0.04,-0.04,-0.04,0.9230769230769231,1.0,0.04234795058626328,0.036982248520710054,-0.1450885838525593,,,,,True
gnn_st_lagsonly,post_covid,gnn_st_lagsonly,1,citywide,CITYWIDE,flu_season,0.98,IT98,134.22833796478614,26,0.0,0.0,0.0,0.0,0.0,26.0,,,,0.0,,,,,,1.0,,0.000279738193943373,0.0,,,,,,True
gnn_st_lagsonly,post_covid,gnn_st_lagsonly,1,pooled,ALL,overall,,bands,,627,,,,,,,,,,,,,,,,,,,,,0.9393939393939394,0.9968102073365231,0.7605208333333333,-0.012759170653907496,False
gnn_st_lagsonly,post_covid,gnn_st_lagsonly,1,pooled,ALL,overall,0.5,IT50,,627,51.0,0.08133971291866028,40.0,13.0,11.0,563.0,0.7843137254901961,0.24528301886792453,0.7547169811320755,0.022569444444444444,0.625,0.7692307692307693,0.7617442810457516,0.748369619745159,0.7485342058092453,0.9617224880382775,1.0392156862745099,0.025131691702327083,0.07472356402097019,0.6636711319701747,,,,,False
gnn_st_lagsonly,post_covid,gnn_st_lagsonly,1,pooled,ALL,overall,0.9,IT90,,627,18.0,0.028708133971291867,7.0,3.0,11.0,606.0,0.3888888888888889,0.3,0.7,0.0049261083743842365,0.3333333333333333,0.5,0.38396278051450466,0.4895324494068388,0.5117895863958166,0.9776714513556619,0.5555555555555556,0.018251797870952657,0.02788397701517821,0.34543778095149147,,,,,False
gnn_st_lagsonly,post_covid,gnn_st_lagsonly,1,pooled,ALL,overall,0.98,IT98,,627,2.0,0.003189792663476874,0.0,0.0,2.0,625.0,0.0,,,0.0,0.0,0.0,0.0,0.0,,0.9968102073365231,0.0,0.002548047774207243,0.0031796178862409027,0.1986308212589446,,,,,True
gnn_st_lagsonly,post_covid,gnn_st_lagsonly,1,pooled,ALL,flu_season,,bands,,352,,,,,,,,,,,,,,,,,,,,,0.8920454545454546,0.9943181818181818,0.7450534979423868,-0.022727272727272728,False
gnn_st_lagsonly,post_covid,gnn_st_lagsonly,1,pooled,ALL,flu_season,0.5,IT50,,352,51.0,0.14488636363636365,40.0,13.0,11.0,288.0,0.7843137254901961,0.24528301886792453,0.7547169811320755,0.04318936877076412,0.625,0.7692307692307693,0.741124356719432,0.7292481251201846,0.7294338164529779,0.9318181818181818,1.0392156862745099,0.044760707454255595,0.12389430526859506,0.638718604884888,,,,,False
gnn_st_lagsonly,post_covid,gnn_st_lagsonly,1,pooled,ALL,flu_season,0.9,IT90,,352,18.0,0.05113636363636364,7.0,3.0,11.0,331.0,0.3888888888888889,0.3,0.7,0.008982035928143712,0.3333333333333333,0.5,0.37990685296074517,0.481044650379107,0.5037018669885017,0.9602272727272727,0.5555555555555556,0.03251101492885595,0.04852143595041322,0.3299659358374971,,,,,False
gnn_st_lagsonly,post_covid,gnn_st_lagsonly,1,pooled,ALL,flu_season,0.98,IT98,,352,2.0,0.005681818181818182,0.0,0.0,2.0,350.0,0.0,,,0.0,0.0,0.0,0.0,0.0,,0.9943181818181818,0.0,0.0045387100978066496,0.0056495351239669415,0.19662237720194975,,,,,True
gnn_st_lagsonly,post_covid,gnn_st_lagsonly,1,neighborhood,Allston/Brighton,overall,,bands,,49,,,,,,,,,,,,,,,,,,,,,0.9183673469387755,1.0,0.7586206896551724,-0.04081632653061224,False
gnn_st_lagsonly,post_covid,gnn_st_lagsonly,1,neighborhood,Allston/Brighton,overall,0.5,IT50,43.17201700312734,49,5.0,0.10204081632653061,4.0,0.0,1.0,44.0,0.8,0.0,1.0,0.0,0.8,0.8888888888888888,0.8,0.8778054862842892,0.8844332774281066,0.9795918367346939,0.8,0.0152552351676279,0.09162848812994587,0.8335099107387519,,,,,False
gnn_st_lagsonly,post_covid,gnn_st_lagsonly,1,neighborhood,Allston/Brighton,overall,0.9,IT90,72.80812661818143,49,2.0,0.04081632653061224,0.0,1.0,2.0,46.0,0.0,1.0,0.0,0.02127659574468085,0.0,0.0,-0.02127659574468085,-0.027972027972027972,-0.029774566708770683,0.9387755102040817,0.5,0.029174152053593316,0.03915035401915868,0.254817669354494,,,,,True
gnn_st_lagsonly,post_covid,gnn_st_lagsonly,1,neighborhood,Allston/Brighton,overall,0.98,IT98,101.71188922331822,49,0.0,0.0,0.0,0.0,0.0,49.0,,,,0.0,,,,,,1.0,,0.00033495993551183213,0.0,,,,,,True
gnn_st_lagsonly,post_covid,gnn_st_lagsonly,1,neighborhood,Allston/Brighton,flu_season,,bands,,26,,,,,,,,,,,,,,,,,,,,,0.8461538461538461,1.0,0.7386934673366834,-0.07692307692307693,False
gnn_st_lagsonly,post_covid,gnn_st_lagsonly,1,neighborhood,Allston/Brighton,flu_season,0.5,IT50,43.17201700312734,26,5.0,0.19230769230769232,4.0,0.0,1.0,21.0,0.8,0.0,1.0,0.0,0.8,0.8888888888888888,0.8,0.865979381443299,0.873862897505303,0.9615384615384616,0.8,0.028744208162569746,0.15532544378698226,0.8149420503057414,,,,,False
gnn_st_lagsonly,post_covid,gnn_st_lagsonly,1,neighborhood,Allston/Brighton,flu_season,0.9,IT90,72.80812661818143,26,2.0,0.07692307692307693,0.0,1.0,2.0,23.0,0.0,1.0,0.0,0.041666666666666664,0.0,0.0,-0.041666666666666664,-0.05405405405405406,-0.05773502691896257,0.8846153846153846,0.5,0.054982055793308615,0.07100591715976333,0.22566938091090383,,,,,True
gnn_st_lagsonly,post_covid,gnn_st_lagsonly,1,neighborhood,Allston/Brighton,flu_season,0.98,IT98,101.71188922331822,26,0.0,0.0,0.0,0.0,0.0,26.0,,,,0.0,,,,,,1.0,,0.000631270647695376,0.0,,,,,,True
gnn_st_lagsonly,post_covid,gnn_st_lagsonly,1,neighborhood,Back Bay/Beacon Hill/Downtown/North End/West End,overall,,bands,,46,,,,,,,,,,,,,,,,,,,,,0.9347826086956522,1.0,0.7526881720430108,-0.021739130434782608,False
gnn_st_lagsonly,post_covid,gnn_st_lagsonly,1,neighborhood,Back Bay/Beacon Hill/Downtown/North End/West End,overall,0.5,IT50,32.35361456388361,46,3.0,0.06521739130434782,3.0,1.0,0.0,42.0,1.0,0.25,0.75,0.023255813953488372,0.75,0.8571428571428571,0.9767441860465116,0.8456375838926175,0.8558961032361835,0.9782608695652174,1.3333333333333333,0.020535614337765417,0.060964083175803395,0.6631522485371192,,,,,True
gnn_st_lagsonly,post_covid,gnn_st_lagsonly,1,neighborhood,Back Bay/Beacon Hill/Downtown/North End/West End,overall,0.9,IT90,56.35007606954225,46,2.0,0.043478260869565216,0.0,0.0,2.0,44.0,0.0,,,0.0,0.0,0.0,0.0,0.0,,0.9565217391304348,0.0,0.03904587171734657,0.04158790170132326,0.06112426643289415,,,,,True
gnn_st_lagsonly,post_covid,gnn_st_lagsonly,1,neighborhood,Back Bay/Beacon Hill/Downtown/North End/West End,overall,0.98,IT98,80.35966190257739,46,0.0,0.0,0.0,0.0,0.0,46.0,,,,0.0,,,,,,1.0,,4.797088155613916e-05,0.0,,,,,,True
gnn_st_lagsonly,post_covid,gnn_st_lagsonly,1,neighborhood,Back Bay/Beacon Hill/Downtown/North End/West End,flu_season,,bands,,26,,,,,,,,,,,,,,,,,,,,,0.8846153846153846,1.0,0.7382550335570469,-0.038461538461538464,False
gnn_st_lagsonly,post_covid,gnn_st_lagsonly,1,neighborhood,Back Bay/Beacon Hill/Downtown/North End/West End,flu_season,0.5,IT50,32.35361456388361,26,3.0,0.11538461538461539,3.0,1.0,0.0,22.0,1.0,0.25,0.75,0.043478260869565216,0.75,0.8571428571428571,0.9565217391304348,0.8354430379746836,0.8469895538599198,0.9615384615384616,1.3333333333333333,0.0363297879289013,0.10207100591715977,0.6440733820298945,,,,,True
gnn_st_lagsonly,post_covid,gnn_st_lagsonly,1,neighborhood,Back Bay/Beacon Hill/Downtown/North End/West End,flu_season,0.9,IT90,56.35007606954225,26,2.0,0.07692307692307693,0.0,0.0,2.0,24.0,0.0,,,0.0,0.0,0.0,0.0,0.0,,0.9230769230769231,0.0,0.06908115765376684,0.07100591715976333,0.02710702970945056,,,,,True
gnn_st_lagsonly,post_covid,gnn_st_lagsonly,1,neighborhood,Back Bay/Beacon Hill/Downtown/North End/West End,flu_season,0.98,IT98,80.35966190257739,26,0.0,0.0,0.0,0.0,0.0,26.0,,,,0.0,,,,,,1.0,,8.48715596762462e-05,0.0,,,,,,True
gnn_st_lagsonly,post_covid,gnn_st_lagsonly,1,neighborhood,Charlestown,overall,,bands,,35,,,,,,,,,,,,,,,,,,,,,0.9142857142857143,0.9714285714285714,0.6666666666666666,-0.05714285714285714,False
gnn_st_lagsonly,post_covid,gnn_st_lagsonly,1,neighborhood,Charlestown,overall,0.5,IT50,44.544403832795176,35,4.0,0.11428571428571428,3.0,1.0,1.0,30.0,0.75,0.25,0.75,0.03225806451612903,0.6,0.75,0.717741935483871,0.717741935483871,0.717741935483871,0.9428571428571428,1.0,0.034240967345449645,0.10122448979591839,0.6617323790469694,,,,,True
gnn_st_lagsonly,post_covid,gnn_st_lagsonly,1,neighborhood,Charlestown,overall,0.9,IT90,75.51034339625782,35,3.0,0.08571428571428572,1.0,0.0,2.0,32.0,0.3333333333333333,0.0,1.0,0.0,0.3333333333333333,0.5,0.3333333333333333,0.47761194029850745,0.5601120336112039,0.9428571428571428,0.3333333333333333,0.04523357001661946,0.0783673469387755,0.42280079926709546,,,,,True
gnn_st_lagsonly,post_covid,gnn_st_lagsonly,1,neighborhood,Charlestown,overall,0.98,IT98,105.83479691598406,35,0.0,0.0,0.0,0.0,0.0,35.0,,,,0.0,,,,,,1.0,,0.00035785699380339205,0.0,,,,,,True
gnn_st_lagsonly,post_covid,gnn_st_lagsonly,1,neighborhood,Charlestown,flu_season,,bands,,21,,,,,,,,,,,,,,,,,,,,,0.8571428571428571,0.9523809523809523,0.6399999999999999,-0.09523809523809523,False
gnn_st_lagsonly,post_covid,gnn_st_lagsonly,1,neighborhood,Charlestown,flu_season,0.5,IT50,44.544403832795176,21,4.0,0.19047619047619047,3.0,1.0,1.0,16.0,0.75,0.25,0.75,0.058823529411764705,0.6,0.75,0.6911764705882353,0.6911764705882353,0.6911764705882353,0.9047619047619048,1.0,0.057068268357905516,0.1541950113378685,0.6298954949141716,,,,,True
gnn_st_lagsonly,post_covid,gnn_st_lagsonly,1,neighborhood,Charlestown,flu_season,0.9,IT90,75.51034339625782,21,3.0,0.14285714285714285,1.0,0.0,2.0,18.0,0.3333333333333333,0.0,1.0,0.0,0.3333333333333333,0.5,0.3333333333333333,0.46153846153846156,0.5477225575051662,0.9047619047619048,0.3333333333333333,0.07538928336103243,0.12244897959183672,0.38432085255156845,,,,,True
gnn_st_lagsonly,post_covid,gnn_st_lagsonly,1,neighborhood,Charlestown,flu_season,0.98,IT98,105.83479691598406,21,0.0,0.0,0.0,0.0,0.0,21.0,,,,0.0,,,,,,1.0,,0.0005964283230056534,0.0,,,,,,True
gnn_st_lagsonly,post_covid,gnn_st_lagsonly,1,neighborhood,Dorchester,overall,,bands,,49,,,,,,,,,,,,,,,,,,,,,0.9387755102040817,1.0,0.7054108216432866,0.02040816326530612,False
gnn_st_lagsonly,post_covid,gnn_st_lagsonly,1,neighborhood,Dorchester,overall,0.5,IT50,157.0086457734027,49,4.0,0.08163265306122448,3.0,1.0,1.0,44.0,0.75,0.25,0.75,0.022222222222222223,0.6,0.75,0.7277777777777777,0.7277777777777777,0.7277777777777777,0.9591836734693877,1.0,0.01795163778616579,0.07496876301541025,0.7605450981967552,,,,,True
gnn_st_lagsonly,post_covid,gnn_st_lagsonly,1,neighborhood,Dorchester,overall,0.9,IT90,264.26252974322875,49,0.0,0.0,0.0,1.0,0.0,48.0,,1.0,0.0,0.02040816326530612,0.0,0.0,,0.0,,0.9795918367346939,,0.006531382401841922,0.0,,,,,,True
gnn_st_lagsonly,post_covid,gnn_st_lagsonly,1,neighborhood,Dorchester,overall,0.98,IT98,368.7005757586777,49,0.0,0.0,0.0,0.0,0.0,49.0,,,,0.0,,,,,,1.0,,6.905930719546051e-07,0.0,,,,,,True
gnn_st_lagsonly,post_covid,gnn_st_lagsonly,1,neighborhood,Dorchester,flu_season,,bands,,26,,,,,,,,,,,,,,,,,,,,,0.8846153846153846,1.0,0.6829268292682926,0.038461538461538464,False
gnn_st_lagsonly,post_covid,gnn_st_lagsonly,1,neighborhood,Dorchester,flu_season,0.5,IT50,157.0086457734027,26,4.0,0.15384615384615385,3.0,1.0,1.0,21.0,0.75,0.25,0.75,0.045454545454545456,0.6,0.75,0.7045454545454546,0.7045454545454546,0.7045454545454546,0.9230769230769231,1.0,0.03383193275084862,0.13017751479289943,0.7401092438684811,,,,,True
gnn_st_lagsonly,post_covid,gnn_st_lagsonly,1,neighborhood,Dorchester,flu_season,0.9,IT90,264.26252974322875,26,0.0,0.0,0.0,1.0,0.0,25.0,,1.0,0.0,0.038461538461538464,0.0,0.0,,0.0,,0.9615384615384616,,0.012309143757317469,0.0,,,,,,True
gnn_st_lagsonly,post_covid,gnn_st_lagsonly,1,neighborhood,Dorchester,flu_season,0.98,IT98,368.7005757586777,26,0.0,0.0,0.0,0.0,0.0,26.0,,,,0.0,,,,,,1.0,,1.3015023279144483e-06,0.0,,,,,,True
gnn_st_lagsonly,post_covid,gnn_st_lagsonly,1,neighborhood,East Boston,overall,,bands,,44,,,,,,,,,,,,,,,,,,,,,0.9318181818181818,1.0,0.7027027027027027,-0.022727272727272728,False
gnn_st_lagsonly,post_covid,gnn_st_lagsonly,1,neighborhood,East Boston,overall,0.5,IT50,32.38969817502224,44,4.0,0.09090909090909091,3.0,1.0,1.0,39.0,0.75,0.25,0.75,0.025,0.6,0.75,0.725,0.725,0.725,0.9545454545454546,1.0,0.02404164351163947,0.08264462809917356,0.7090961135091625,,,,,True
gnn_st_lagsonly,post_covid,gnn_st_lagsonly,1,neighborhood,East Boston,overall,0.9,IT90,56.982258100156095,44,1.0,0.022727272727272728,0.0,0.0,1.0,43.0,0.0,,,0.0,0.0,0.0,0.0,0.0,,0.9772727272727273,0.0,0.011993893527865123,0.02221074380165289,0.4599958634896074,,,,,True
gnn_st_lagsonly,post_covid,gnn_st_lagsonly,1,neighborhood,East Boston,overall,0.98,IT98,81.78485877953806,44,0.0,0.0,0.0,0.0,0.0,44.0,,,,0.0,,,,,,1.0,,6.832566761450545e-05,0.0,,,,,,True
gnn_st_lagsonly,post_covid,gnn_st_lagsonly,1,neighborhood,East Boston,flu_season,,bands,,25,,,,,,,,,,,,,,,,,,,,,0.88,1.0,0.6808510638297873,-0.04,False
gnn_st_lagsonly,post_covid,gnn_st_lagsonly,1,neighborhood,East Boston,flu_season,0.5,IT50,32.38969817502224,25,4.0,0.16,3.0,1.0,1.0,20.0,0.75,0.25,0.75,0.047619047619047616,0.6,0.75,0.7023809523809523,0.7023809523809523,0.7023809523809523,0.92,1.0,0.04231252117927548,0.13439999999999996,0.6851746936065812,,,,,True
gnn_st_lagsonly,post_covid,gnn_st_lagsonly,1,neighborhood,East Boston,flu_season,0.9,IT90,56.982258100156095,25,1.0,0.04,0.0,0.0,1.0,24.0,0.0,,,0.0,0.0,0.0,0.0,0.0,,0.96,0.0,0.021109252609042613,0.03840000000000001,0.4502798799728488,,,,,True
gnn_st_lagsonly,post_covid,gnn_st_lagsonly,1,neighborhood,East Boston,flu_season,0.98,IT98,81.78485877953806,25,0.0,0.0,0.0,0.0,0.0,25.0,,,,0.0,,,,,,1.0,,0.00012025317500152957,0.0,,,,,,True
gnn_st_lagsonly,post_covid,gnn_st_lagsonly,1,neighborhood,Fenway,overall,,bands,,43,,,,,,,,,,,,,,,,,,,,,0.9069767441860465,1.0,0.2892561983471075,0.046511627906976744,False
gnn_st_lagsonly,post_covid,gnn_st_lagsonly,1,neighborhood,Fenway,overall,0.5,IT50,19.789042860168028,43,2.0,0.046511627906976744,1.0,3.0,1.0,38.0,0.5,0.75,0.25,0.07317073170731707,0.2,0.3333333333333333,0.4268292682926829,0.2892561983471074,0.30945593686426154,0.9069767441860465,2.0,0.038959907116097606,0.04434829637641969,0.1215016066138479,,,,,True
gnn_st_lagsonly,post_covid,gnn_st_lagsonly,1,neighborhood,Fenway,overall,0.9,IT90,31.717921949528318,43,0.0,0.0,0.0,0.0,0.0,43.0,,,,0.0,,,,,,1.0,,0.0024489258412166196,0.0,,,,,,True
gnn_st_lagsonly,post_covid,gnn_st_lagsonly,1,neighborhood,Fenway,overall,0.98,IT98,42.89052071415166,43,0.0,0.0,0.0,0.0,0.0,43.0,,,,0.0,,,,,,1.0,,5.0753932102120816e-05,0.0,,,,,,True
gnn_st_lagsonly,post_covid,gnn_st_lagsonly,1,neighborhood,Fenway,flu_season,,bands,,25,,,,,,,,,,,,,,,,,,,,,0.84,1.0,0.25373134328358204,0.08,False
gnn_st_lagsonly,post_covid,gnn_st_lagsonly,1,neighborhood,Fenway,flu_season,0.5,IT50,19.789042860168028,25,2.0,0.08,1.0,3.0,1.0,20.0,0.5,0.75,0.25,0.13043478260869565,0.2,0.3333333333333333,0.3695652173913043,0.2537313432835821,0.27348301713730944,0.84,2.0,0.06695834730966575,0.0736,0.09023984633606308,,,,,True
gnn_st_lagsonly,post_covid,gnn_st_lagsonly,1,neighborhood,Fenway,flu_season,0.9,IT90,31.717921949528318,25,0.0,0.0,0.0,0.0,0.0,25.0,,,,0.0,,,,,,1.0,,0.004212152041876821,0.0,,,,,,True
gnn_st_lagsonly,post_covid,gnn_st_lagsonly,1,neighborhood,Fenway,flu_season,0.98,IT98,42.89052071415166,25,0.0,0.0,0.0,0.0,0.0,25.0,,,,0.0,,,,,,1.0,,8.729676321562892e-05,0.0,,,,,,True
gnn_st_lagsonly,post_covid,gnn_st_lagsonly,1,neighborhood,Hyde Park,overall,,bands,,46,,,,,,,,,,,,,,,,,,,,,0.9565217391304348,1.0,0.6434108527131783,0.0,False
gnn_st_lagsonly,post_covid,gnn_st_lagsonly,1,neighborhood,Hyde Park,overall,0.5,IT50,59.73762940735334,46,3.0,0.06521739130434782,2.0,1.0,1.0,42.0,0.6666666666666666,0.3333333333333333,0.6666666666666666,0.023255813953488372,0.5,0.6666666666666666,0.6434108527131782,0.6434108527131783,0.6434108527131783,0.9565217391304348,1.0,0.0374327611472588,0.060964083175803395,0.38598664660775484,,,,,True
gnn_st_lagsonly,post_covid,gnn_st_lagsonly,1,neighborhood,Hyde Park,overall,0.9,IT90,98.70163927662223,46,0.0,0.0,0.0,0.0,0.0,46.0,,,,0.0,,,,,,1.0,,0.006501498029958746,0.0,,,,,,True
gnn_st_lagsonly,post_covid,gnn_st_lagsonly,1,neighborhood,Hyde Park,overall,0.98,IT98,136.08880333365826,46,0.0,0.0,0.0,0.0,0.0,46.0,,,,0.0,,,,,,1.0,,4.4184645317303685e-05,0.0,,,,,,True
gnn_st_lagsonly,post_covid,gnn_st_lagsonly,1,neighborhood,Hyde Park,flu_season,,bands,,25,,,,,,,,,,,,,,,,,,,,,0.92,1.0,0.6212121212121212,0.0,False
gnn_st_lagsonly,post_covid,gnn_st_lagsonly,1,neighborhood,Hyde Park,flu_season,0.5,IT50,59.73762940735334,25,3.0,0.12,2.0,1.0,1.0,21.0,0.6666666666666666,0.3333333333333333,0.6666666666666666,0.045454545454545456,0.5,0.6666666666666666,0.6212121212121212,0.6212121212121212,0.6212121212121212,0.92,1.0,0.06887628034612675,0.1056,0.34776249672228454,,,,,True
gnn_st_lagsonly,post_covid,gnn_st_lagsonly,1,neighborhood,Hyde Park,flu_season,0.9,IT90,98.70163927662223,25,0.0,0.0,0.0,0.0,0.0,25.0,,,,0.0,,,,,,1.0,,0.011962756375124093,0.0,,,,,,True
gnn_st_lagsonly,post_covid,gnn_st_lagsonly,1,neighborhood,Hyde Park,flu_season,0.98,IT98,136.08880333365826,25,0.0,0.0,0.0,0.0,0.0,25.0,,,,0.0,,,,,,1.0,,8.129974738383879e-05,0.0,,,,,,True
gnn_st_lagsonly,post_covid,gnn_st_lagsonly,1,neighborhood,Jamaica Plain,overall,,bands,,46,,,,,,,,,,,,,,,,,,,,,0.9565217391304348,1.0,0.9087301587301587,-0.043478260869565216,False
gnn_st_lagsonly,post_covid,gnn_st_lagsonly,1,neighborhood,Jamaica Plain,overall,0.5,IT50,30.1329000930458,46,5.0,0.10869565217391304,4.0,0.0,1.0,41.0,0.8,0.0,1.0,0.0,0.8,0.8888888888888888,0.8,0.8770053475935828,0.8837151016885368,0.9782608695652174,0.8,0.015806197616356953,0.09688090737240074,0.8368491992379936,,,,,False
gnn_st_lagsonly,post_covid,gnn_st_lagsonly,1,neighborhood,Jamaica Plain,overall,0.9,IT90,48.93353508945714,46,3.0,0.06521739130434782,2.0,0.0,1.0,43.0,0.6666666666666666,0.0,1.0,0.0,0.6666666666666666,0.8,0.6666666666666666,0.7889908256880734,0.8071648849616486,0.9782608695652174,0.6666666666666666,0.02380357318134384,0.060964083175803395,0.6095475902967165,,,,,True
gnn_st_lagsonly,post_covid,gnn_st_lagsonly,1,neighborhood,Jamaica Plain,overall,0.98,IT98,66.72678487426273,46,0.0,0.0,0.0,0.0,0.0,46.0,,,,0.0,,,,,,1.0,,0.00194659684300195,0.0,,,,,,True
gnn_st_lagsonly,post_covid,gnn_st_lagsonly,1,neighborhood,Jamaica Plain,flu_season,,bands,,24,,,,,,,,,,,,,,,,,,,,,0.9166666666666666,1.0,0.9,-0.08333333333333333,False
gnn_st_lagsonly,post_covid,gnn_st_lagsonly,1,neighborhood,Jamaica Plain,flu_season,0.5,IT50,30.1329000930458,24,5.0,0.20833333333333334,4.0,0.0,1.0,19.0,0.8,0.0,1.0,0.0,0.8,0.8888888888888888,0.8,0.8636363636363636,0.8717797887081347,0.9583333333333334,0.8,0.030289395049753295,0.16493055555555555,0.8163506152772853,,,,,False
gnn_st_lagsonly,post_covid,gnn_st_lagsonly,1,neighborhood,Jamaica Plain,flu_season,0.9,IT90,48.93353508945714,24,3.0,0.125,2.0,0.0,1.0,21.0,0.6666666666666666,0.0,1.0,0.0,0.6666666666666666,0.8,0.6666666666666666,0.7777777777777778,0.7977240352174656,0.9583333333333334,0.6666666666666666,0.04562351526405406,0.109375,0.5828707175857915,,,,,True
gnn_st_lagsonly,post_covid,gnn_st_lagsonly,1,neighborhood,Jamaica Plain,flu_season,0.98,IT98,66.72678487426273,24,0.0,0.0,0.0,0.0,0.0,24.0,,,,0.0,,,,,,1.0,,0.0037309772824204047,0.0,,,,,,True
gnn_st_lagsonly,post_covid,gnn_st_lagsonly,1,neighborhood,Mattapan,overall,,bands,,47,,,,,,,,,,,,,,,,,,,,,1.0,1.0,1.0,0.0,False
gnn_st_lagsonly,post_covid,gnn_st_lagsonly,1,neighborhood,Mattapan,overall,0.5,IT50,75.36060630157071,47,3.0,0.06382978723404255,3.0,0.0,0.0,44.0,1.0,0.0,1.0,0.0,1.0,1.0,1.0,1.0,1.0,1.0,1.0,0.011456959311127292,0.05975554549569943,0.8082695218312108,,,,,True
gnn_st_lagsonly,post_covid,gnn_st_lagsonly,1,neighborhood,Mattapan,overall,0.9,IT90,114.4266389550119,47,0.0,0.0,0.0,0.0,0.0,47.0,,,,0.0,,,,,,1.0,,0.003026156615213395,0.0,,,,,,True
gnn_st_lagsonly,post_covid,gnn_st_lagsonly,1,neighborhood,Mattapan,overall,0.98,IT98,149.46970387636378,47,0.0,0.0,0.0,0.0,0.0,47.0,,,,0.0,,,,,,1.0,,2.2696748577751053e-05,0.0,,,,,,True
gnn_st_lagsonly,post_covid,gnn_st_lagsonly,1,neighborhood,Mattapan,flu_season,,bands,,26,,,,,,,,,,,,,,,,,,,,,1.0,1.0,1.0,0.0,False
gnn_st_lagsonly,post_covid,gnn_st_lagsonly,1,neighborhood,Mattapan,flu_season,0.5,IT50,75.36060630157071,26,3.0,0.11538461538461539,3.0,0.0,0.0,23.0,1.0,0.0,1.0,0.0,1.0,1.0,1.0,1.0,1.0,1.0,1.0,0.020710657216130152,0.10207100591715977,0.797095590172406,,,,,True
gnn_st_lagsonly,post_covid,gnn_st_lagsonly,1,neighborhood,Mattapan,flu_season,0.9,IT90,114.4266389550119,26,0.0,0.0,0.0,0.0,0.0,26.0,,,,0.0,,,,,,1.0,,0.005470360035193444,0.0,,,,,,True
gnn_st_lagsonly,post_covid,gnn_st_lagsonly,1,neighborhood,Mattapan,flu_season,0.98,IT98,149.46970387636378,26,0.0,0.0,0.0,0.0,0.0,26.0,,,,0.0,,,,,,1.0,,4.1028737813626907e-05,0.0,,,,,,True
gnn_st_lagsonly,post_covid,gnn_st_lagsonly,1,neighborhood,Roslindale,overall,,bands,,42,,,,,,,,,,,,,,,,,,,,,0.9285714285714286,1.0,0.8571428571428571,-0.023809523809523808,False
gnn_st_lagsonly,post_covid,gnn_st_lagsonly,1,neighborhood,Roslindale,overall,0.5,IT50,83.12526323754497,42,4.0,0.09523809523809523,3.0,1.0,1.0,37.0,0.75,0.25,0.75,0.02631578947368421,0.6,0.75,0.7236842105263158,0.7236842105263158,0.7236842105263158,0.9523809523809523,1.0,0.0362116539151754,0.08616780045351476,0.5797542269317804,,,,,True
gnn_st_lagsonly,post_covid,gnn_st_lagsonly,1,neighborhood,Roslindale,overall,0.9,IT90,133.65502394030972,42,3.0,0.07142857142857142,2.0,0.0,1.0,39.0,0.6666666666666666,0.0,1.0,0.0,0.6666666666666666,0.8,0.6666666666666666,0.7878787878787878,0.806225774829855,0.9761904761904762,0.6666666666666666,0.028234162991870787,0.06632653061224489,0.5743156964302558,,,,,True
gnn_st_lagsonly,post_covid,gnn_st_lagsonly,1,neighborhood,Roslindale,overall,0.98,IT98,181.10052866383202,42,0.0,0.0,0.0,0.0,0.0,42.0,,,,0.0,,,,,,1.0,,0.0003653388680885258,0.0,,,,,,True
gnn_st_lagsonly,post_covid,gnn_st_lagsonly,1,neighborhood,Roslindale,flu_season,,bands,,26,,,,,,,,,,,,,,,,,,,,,0.8846153846153846,1.0,0.8482490272373541,-0.038461538461538464,False
gnn_st_lagsonly,post_covid,gnn_st_lagsonly,1,neighborhood,Roslindale,flu_season,0.5,IT50,83.12526323754497,26,4.0,0.15384615384615385,3.0,1.0,1.0,21.0,0.75,0.25,0.75,0.045454545454545456,0.6,0.75,0.7045454545454546,0.7045454545454546,0.7045454545454546,0.9230769230769231,1.0,0.058495748622779405,0.13017751479289943,0.5506462946704673,,,,,True
gnn_st_lagsonly,post_covid,gnn_st_lagsonly,1,neighborhood,Roslindale,flu_season,0.9,IT90,133.65502394030972,26,3.0,0.11538461538461539,2.0,0.0,1.0,23.0,0.6666666666666666,0.0,1.0,0.0,0.6666666666666666,0.8,0.6666666666666666,0.7796610169491526,0.7993052538854533,0.9615384615384616,0.6666666666666666,0.04560903252532973,0.10207100591715977,0.553163681346045,,,,,True
gnn_st_lagsonly,post_covid,gnn_st_lagsonly,1,neighborhood,Roslindale,flu_season,0.98,IT98,181.10052866383202,26,0.0,0.0,0.0,0.0,0.0,26.0,,,,0.0,,,,,,1.0,,0.000590162786912234,0.0,,,,,,True
gnn_st_lagsonly,post_covid,gnn_st_lagsonly,1,neighborhood,Roxbury,overall,,bands,,49,,,,,,,,,,,,,,,,,,,,,0.9183673469387755,1.0,0.6474820143884892,0.0,False
gnn_st_lagsonly,post_covid,gnn_st_lagsonly,1,neighborhood,Roxbury,overall,0.5,IT50,138.88545502174753,49,3.0,0.061224489795918366,2.0,1.0,1.0,45.0,0.6666666666666666,0.3333333333333333,0.6666666666666666,0.021739130434782608,0.5,0.6666666666666666,0.644927536231884,0.644927536231884,0.644927536231884,0.9591836734693877,1.0,0.032627079731796856,0.057476051645147866,0.43233609828953456,,,,,True
gnn_st_lagsonly,post_covid,gnn_st_lagsonly,1,neighborhood,Roxbury,overall,0.9,IT90,231.9483227351807,49,1.0,0.02040816326530612,0.0,1.0,1.0,47.0,0.0,1.0,0.0,0.020833333333333332,0.0,0.0,-0.020833333333333332,-0.020833333333333332,-0.020833333333333332,0.9591836734693877,1.0,0.02766861794644998,0.01999167013744273,-0.38400732686305017,,,,,True
gnn_st_lagsonly,post_covid,gnn_st_lagsonly,1,neighborhood,Roxbury,overall,0.98,IT98,322.0096816211373,49,0.0,0.0,0.0,0.0,0.0,49.0,,,,0.0,,,,,,1.0,,1.2419284630629795e-05,0.0,,,,,,True
gnn_st_lagsonly,post_covid,gnn_st_lagsonly,1,neighborhood,Roxbury,flu_season,,bands,,26,,,,,,,,,,,,,,,,,,,,,0.8461538461538461,1.0,0.6285714285714286,0.0,False
gnn_st_lagsonly,post_covid,gnn_st_lagsonly,1,neighborhood,Roxbury,flu_season,0.5,IT50,138.88545502174753,26,3.0,0.11538461538461539,2.0,1.0,1.0,22.0,0.6666666666666666,0.3333333333333333,0.6666666666666666,0.043478260869565216,0.5,0.6666666666666666,0.6231884057971014,0.6231884057971014,0.6231884057971014,0.9230769230769231,1.0,0.061489496417605476,0.10207100591715977,0.3975811655318653,,,,,True
gnn_st_lagsonly,post_covid,gnn_st_lagsonly,1,neighborhood,Roxbury,flu_season,0.9,IT90,231.9483227351807,26,1.0,0.038461538461538464,0.0,1.0,1.0,24.0,0.0,1.0,0.0,0.04,0.0,0.0,-0.04,-0.04,-0.04,0.9230769230769231,1.0,0.05214470305292496,0.036982248520710054,-0.40999277055109107,,,,,True
gnn_st_lagsonly,post_covid,gnn_st_lagsonly,1,neighborhood,Roxbury,flu_season,0.98,IT98,322.0096816211373,26,0.0,0.0,0.0,0.0,0.0,26.0,,,,0.0,,,,,,1.0,,2.3405574880802305e-05,0.0,,,,,,True
gnn_st_lagsonly,post_covid,gnn_st_lagsonly,1,neighborhood,South Boston,overall,,bands,,42,,,,,,,,,,,,,,,,,,,,,0.9523809523809523,1.0,0.7236842105263157,0.0,False
gnn_st_lagsonly,post_covid,gnn_st_lagsonly,1,neighborhood,South Boston,overall,0.5,IT50,31.63670795756643,42,4.0,0.09523809523809523,3.0,1.0,1.0,37.0,0.75,0.25,0.75,0.02631578947368421,0.6,0.75,0.7236842105263158,0.7236842105263158,0.7236842105263158,0.9523809523809523,1.0,0.027730438228399257,0.08616780045351476,0.6781809668756824,,,,,True
gnn_st_lagsonly,post_covid,gnn_st_lagsonly,1,neighborhood,South Boston,overall,0.9,IT90,60.18982141922808,42,0.0,0.0,0.0,0.0,0.0,42.0,,,,0.0,,,,,,1.0,,0.004191871404955099,0.0,,,,,,True
gnn_st_lagsonly,post_covid,gnn_st_lagsonly,1,neighborhood,South Boston,overall,0.98,IT98,90.82483767314203,42,0.0,0.0,0.0,0.0,0.0,42.0,,,,0.0,,,,,,1.0,,2.4164705357506173e-06,0.0,,,,,,True
gnn_st_lagsonly,post_covid,gnn_st_lagsonly,1,neighborhood,South Boston,flu_season,,bands,,25,,,,,,,,,,,,,,,,,,,,,0.92,1.0,0.7023809523809524,0.0,False
gnn_st_lagsonly,post_covid,gnn_st_lagsonly,1,neighborhood,South Boston,flu_season,0.5,IT50,31.63670795756643,25,4.0,0.16,3.0,1.0,1.0,20.0,0.75,0.25,0.75,0.047619047619047616,0.6,0.75,0.7023809523809523,0.7023809523809523,0.7023809523809523,0.92,1.0,0.046584006578371875,0.13439999999999996,0.6533928081966378,,,,,True
gnn_st_lagsonly,post_covid,gnn_st_lagsonly,1,neighborhood,South Boston,flu_season,0.9,IT90,60.18982141922808,25,0.0,0.0,0.0,0.0,0.0,25.0,,,,0.0,,,,,,1.0,,0.007042343960324565,0.0,,,,,,True
gnn_st_lagsonly,post_covid,gnn_st_lagsonly,1,neighborhood,South Boston,flu_season,0.98,IT98,90.82483767314203,25,0.0,0.0,0.0,0.0,0.0,25.0,,,,0.0,,,,,,1.0,,4.059670500061037e-06,0.0,,,,,,True
gnn_st_lagsonly,post_covid,gnn_st_lagsonly,1,neighborhood,South End,overall,,bands,,49,,,,,,,,,,,,,,,,,,,,,0.9591836734693877,1.0,0.7277777777777777,0.0,False
gnn_st_lagsonly,post_covid,gnn_st_lagsonly,1,neighborhood,South End,overall,0.5,IT50,82.00792145914704,49,4.0,0.08163265306122448,3.0,1.0,1.0,44.0,0.75,0.25,0.75,0.022222222222222223,0.6,0.75,0.7277777777777777,0.7277777777777777,0.7277777777777777,0.9591836734693877,1.0,0.024045925199333712,0.07496876301541025,0.6792540755355543,,,,,True
gnn_st_lagsonly,post_covid,gnn_st_lagsonly,1,neighborhood,South End,overall,0.9,IT90,134.00251631923587,49,0.0,0.0,0.0,0.0,0.0,49.0,,,,0.0,,,,,,1.0,,0.007770818170990076,0.0,,,,,,True
gnn_st_lagsonly,post_covid,gnn_st_lagsonly,1,neighborhood,South End,overall,0.98,IT98,183.45444562568642,49,0.0,0.0,0.0,0.0,0.0,49.0,,,,0.0,,,,,,1.0,,1.581895252671033e-05,0.0,,,,,,True
gnn_st_lagsonly,post_covid,gnn_st_lagsonly,1,neighborhood,South End,flu_season,,bands,,26,,,,,,,,,,,,,,,,,,,,,0.9230769230769231,1.0,0.7045454545454546,0.0,False
gnn_st_lagsonly,post_covid,gnn_st_lagsonly,1,neighborhood,South End,flu_season,0.5,IT50,82.00792145914704,26,4.0,0.15384615384615385,3.0,1.0,1.0,21.0,0.75,0.25,0.75,0.045454545454545456,0.6,0.75,0.7045454545454546,0.7045454545454546,0.7045454545454546,0.9230769230769231,1.0,0.04531732056051433,0.13017751479289943,0.6518805829669582,,,,,True
gnn_st_lagsonly,post_covid,gnn_st_lagsonly,1,neighborhood,South End,flu_season,0.9,IT90,134.00251631923587,26,0.0,0.0,0.0,0.0,0.0,26.0,,,,0.0,,,,,,1.0,,0.014645003476096681,0.0,,,,,,True
gnn_st_lagsonly,post_covid,gnn_st_lagsonly,1,neighborhood,South End,flu_season,0.98,IT98,183.45444562568642,26,0.0,0.0,0.0,0.0,0.0,26.0,,,,0.0,,,,,,1.0,,2.98126413003387e-05,0.0,,,,,,True
gnn_st_lagsonly,post_covid,gnn_st_lagsonly,1,neighborhood,West Roxbury,overall,,bands,,40,,,,,,,,,,,,,,,,,,,,,0.925,0.975,0.7972972972972974,-0.05,False
gnn_st_lagsonly,post_covid,gnn_st_lagsonly,1,neighborhood,West Roxbury,overall,0.5,IT50,37.349459967580074,40,3.0,0.075,3.0,1.0,0.0,36.0,1.0,0.25,0.75,0.02702702702702703,0.75,0.8571428571428571,0.972972972972973,0.84375,0.8542421961772492,0.975,1.3333333333333333,0.020105979577151784,0.06937499999999999,0.7101840781671814,,,,,True
gnn_st_lagsonly,post_covid,gnn_st_lagsonly,1,neighborhood,West Roxbury,overall,0.9,IT90,59.59981304845178,40,3.0,0.075,2.0,0.0,1.0,37.0,0.6666666666666666,0.0,1.0,0.0,0.6666666666666666,0.8,0.6666666666666666,0.7872340425531915,0.805681579172283,0.975,0.6666666666666666,0.026182436243419732,0.06937499999999999,0.6225955136083642,,,,,True
gnn_st_lagsonly,post_covid,gnn_st_lagsonly,1,neighborhood,West Roxbury,overall,0.98,IT98,80.36625284929092,40,2.0,0.05,0.0,0.0,2.0,38.0,0.0,,,0.0,0.0,0.0,0.0,0.0,,0.95,0.0,0.0362946645312109,0.047499999999999994,0.23590179934292832,,,,,True
gnn_st_lagsonly,post_covid,gnn_st_lagsonly,1,neighborhood,West Roxbury,flu_season,,bands,,25,,,,,,,,,,,,,,,,,,,,,0.88,0.96,0.7869318181818181,-0.08,False
gnn_st_lagsonly,post_covid,gnn_st_lagsonly,1,neighborhood,West Roxbury,flu_season,0.5,IT50,37.349459967580074,25,3.0,0.12,3.0,1.0,0.0,21.0,1.0,0.25,0.75,0.045454545454545456,0.75,0.8571428571428571,0.9545454545454546,0.8344370860927153,0.8461141122266493,0.96,1.3333333333333333,0.032168523148352245,0.1056,0.6953738338224219,,,,,True
gnn_st_lagsonly,post_covid,gnn_st_lagsonly,1,neighborhood,West Roxbury,flu_season,0.9,IT90,59.59981304845178,25,3.0,0.12,2.0,0.0,1.0,22.0,0.6666666666666666,0.0,1.0,0.0,0.6666666666666666,0.8,0.6666666666666666,0.7787610619469026,0.7985494095046906,0.96,0.6666666666666666,0.04189189798946922,0.1056,0.6032964205542688,,,,,True
gnn_st_lagsonly,post_covid,gnn_st_lagsonly,1,neighborhood,West Roxbury,flu_season,0.98,IT98,80.36625284929092,25,2.0,0.08,0.0,0.0,2.0,23.0,0.0,,,0.0,0.0,0.0,0.0,0.0,,0.92,0.0,0.058071463249937436,0.0736,0.21098555366932836,,,,,True
gnn_st_noglobals,post_covid,gnn_st_noglobals,1,citywide,CITYWIDE,overall,,bands,,49,,,,,,,,,,,,,,,,,,,,,0.9183673469387755,1.0,0.6918238993710693,0.0,False
gnn_st_noglobals,post_covid,gnn_st_noglobals,1,citywide,CITYWIDE,overall,0.5,IT50,60.20679524890062,49,4.0,0.08163265306122448,3.0,1.0,1.0,44.0,0.75,0.25,0.75,0.022222222222222223,0.6,0.75,0.7277777777777777,0.7277777777777777,0.7277777777777777,0.9591836734693877,1.0,0.016315299923383892,0.07496876301541025,0.7823720271330848,,,,,True
gnn_st_noglobals,post_covid,gnn_st_noglobals,1,citywide,CITYWIDE,overall,0.9,IT90,98.17566769051967,49,1.0,0.02040816326530612,0.0,1.0,1.0,47.0,0.0,1.0,0.0,0.020833333333333332,0.0,0.0,-0.020833333333333332,-0.020833333333333332,-0.020833333333333332,0.9591836734693877,1.0,0.02200945531431091,0.01999167013744273,-0.10093129603459383,,,,,True
gnn_st_noglobals,post_covid,gnn_st_noglobals,1,citywide,CITYWIDE,overall,0.98,IT98,134.22833796478614,49,0.0,0.0,0.0,0.0,0.0,49.0,,,,0.0,,,,,,1.0,,0.00013800246499482303,0.0,,,,,,True
gnn_st_noglobals,post_covid,gnn_st_noglobals,1,citywide,CITYWIDE,flu_season,,bands,,26,,,,,,,,,,,,,,,,,,,,,0.8461538461538461,1.0,0.6687898089171975,0.0,False
gnn_st_noglobals,post_covid,gnn_st_noglobals,1,citywide,CITYWIDE,flu_season,0.5,IT50,60.20679524890062,26,4.0,0.15384615384615385,3.0,1.0,1.0,21.0,0.75,0.25,0.75,0.045454545454545456,0.6,0.75,0.7045454545454546,0.7045454545454546,0.7045454545454546,0.9230769230769231,1.0,0.030748064926940075,0.13017751479289943,0.7637989557885059,,,,,True
gnn_st_noglobals,post_covid,gnn_st_noglobals,1,citywide,CITYWIDE,flu_season,0.9,IT90,98.17566769051967,26,1.0,0.038461538461538464,0.0,1.0,1.0,24.0,0.0,1.0,0.0,0.04,0.0,0.0,-0.04,-0.04,-0.04,0.9230769230769231,1.0,0.04147935809235518,0.036982248520710054,-0.12160184281728426,,,,,True
gnn_st_noglobals,post_covid,gnn_st_noglobals,1,citywide,CITYWIDE,flu_season,0.98,IT98,134.22833796478614,26,0.0,0.0,0.0,0.0,0.0,26.0,,,,0.0,,,,,,1.0,,0.0002600815686440895,0.0,,,,,,True
gnn_st_noglobals,post_covid,gnn_st_noglobals,1,pooled,ALL,overall,,bands,,627,,,,,,,,,,,,,,,,,,,,,0.9457735247208932,0.9968102073365231,0.7828270582937896,-0.01594896331738437,False
gnn_st_noglobals,post_covid,gnn_st_noglobals,1,pooled,ALL,overall,0.5,IT50,,627,51.0,0.08133971291866028,40.0,10.0,11.0,566.0,0.7843137254901961,0.2,0.8,0.017361111111111112,0.6557377049180327,0.7920792079207921,0.7669526143790849,0.7738677932917719,0.7739126637804935,0.9665071770334929,0.9803921568627451,0.021551926629288575,0.07472356402097019,0.7115779083658227,,,,,False
gnn_st_noglobals,post_covid,gnn_st_noglobals,1,pooled,ALL,overall,0.9,IT90,,627,18.0,0.028708133971291867,8.0,3.0,10.0,606.0,0.4444444444444444,0.2727272727272727,0.7272727272727273,0.0049261083743842365,0.38095238095238093,0.5517241379310345,0.4395183360700602,0.5417439703153989,0.5590301074511359,0.9792663476874003,0.6111111111111112,0.01759167088994567,0.02788397701517821,0.3691118422465376,,,,,False
gnn_st_noglobals,post_covid,gnn_st_noglobals,1,pooled,ALL,overall,0.98,IT98,,627,2.0,0.003189792663476874,0.0,0.0,2.0,625.0,0.0,,,0.0,0.0,0.0,0.0,0.0,,0.9968102073365231,0.0,0.002502496957028158,0.0031796178862409027,0.21295669902438175,,,,,True
gnn_st_noglobals,post_covid,gnn_st_noglobals,1,pooled,ALL,flu_season,,bands,,352,,,,,,,,,,,,,,,,,,,,,0.9034090909090909,0.9943181818181818,0.769308909787987,-0.028409090909090908,False
gnn_st_noglobals,post_covid,gnn_st_noglobals,1,pooled,ALL,flu_season,0.5,IT50,,352,51.0,0.14488636363636365,40.0,10.0,11.0,291.0,0.7843137254901961,0.2,0.8,0.03322259136212625,0.6557377049180327,0.7920792079207921,0.7510911341280698,0.7572573230001314,0.7573079183606218,0.9403409090909091,0.9803921568627451,0.038385565510884644,0.12389430526859506,0.6901749000677057,,,,,False
gnn_st_noglobals,post_covid,gnn_st_noglobals,1,pooled,ALL,flu_season,0.9,IT90,,352,18.0,0.05113636363636364,8.0,3.0,10.0,331.0,0.4444444444444444,0.2727272727272727,0.7272727272727273,0.008982035928143712,0.38095238095238093,0.5517241379310345,0.4354624085163007,0.5336322869955157,0.5512982630653613,0.9630681818181818,0.6111111111111112,0.03133516375901058,0.04852143595041322,0.35419957910904065,,,,,False
gnn_st_noglobals,post_covid,gnn_st_noglobals,1,pooled,ALL,flu_season,0.98,IT98,,352,2.0,0.005681818181818182,0.0,0.0,2.0,350.0,0.0,,,0.0,0.0,0.0,0.0,0.0,,0.9943181818181818,0.0,0.004457572704706405,0.0056495351239669415,0.21098415942293935,,,,,True
gnn_st_noglobals,post_covid,gnn_st_noglobals,1,neighborhood,Allston/Brighton,overall,,bands,,49,,,,,,,,,,,,,,,,,,,,,0.9183673469387755,1.0,0.7586206896551724,-0.04081632653061224,False
gnn_st_noglobals,post_covid,gnn_st_noglobals,1,neighborhood,Allston/Brighton,overall,0.5,IT50,43.17201700312734,49,5.0,0.10204081632653061,4.0,0.0,1.0,44.0,0.8,0.0,1.0,0.0,0.8,0.8888888888888888,0.8,0.8778054862842892,0.8844332774281066,0.9795918367346939,0.8,0.012976372818589108,0.09162848812994587,0.8583805857389435,,,,,False
gnn_st_noglobals,post_covid,gnn_st_noglobals,1,neighborhood,Allston/Brighton,overall,0.9,IT90,72.80812661818143,49,2.0,0.04081632653061224,0.0,1.0,2.0,46.0,0.0,1.0,0.0,0.02127659574468085,0.0,0.0,-0.02127659574468085,-0.027972027972027972,-0.029774566708770683,0.9387755102040817,0.5,0.028668889637171048,0.03915035401915868,0.26772336150162024,,,,,True
gnn_st_noglobals,post_covid,gnn_st_noglobals,1,neighborhood,Allston/Brighton,overall,0.98,IT98,101.71188922331822,49,0.0,0.0,0.0,0.0,0.0,49.0,,,,0.0,,,,,,1.0,,0.00024272017208898595,0.0,,,,,,True
gnn_st_noglobals,post_covid,gnn_st_noglobals,1,neighborhood,Allston/Brighton,flu_season,,bands,,26,,,,,,,,,,,,,,,,,,,,,0.8461538461538461,1.0,0.7386934673366834,-0.07692307692307693,False
gnn_st_noglobals,post_covid,gnn_st_noglobals,1,neighborhood,Allston/Brighton,flu_season,0.5,IT50,43.17201700312734,26,5.0,0.19230769230769232,4.0,0.0,1.0,21.0,0.8,0.0,1.0,0.0,0.8,0.8888888888888888,0.8,0.865979381443299,0.873862897505303,0.9615384615384616,0.8,0.02445428113646727,0.15532544378698226,0.8425610090642679,,,,,False
gnn_st_noglobals,post_covid,gnn_st_noglobals,1,neighborhood,Allston/Brighton,flu_season,0.9,IT90,72.80812661818143,26,2.0,0.07692307692307693,0.0,1.0,2.0,23.0,0.0,1.0,0.0,0.041666666666666664,0.0,0.0,-0.041666666666666664,-0.05405405405405406,-0.05773502691896257,0.8846153846153846,0.5,0.05402983047005312,0.07100591715976333,0.23907988754675202,,,,,True
gnn_st_noglobals,post_covid,gnn_st_noglobals,1,neighborhood,Allston/Brighton,flu_season,0.98,IT98,101.71188922331822,26,0.0,0.0,0.0,0.0,0.0,26.0,,,,0.0,,,,,,1.0,,0.00045743417047539655,0.0,,,,,,True
gnn_st_noglobals,post_covid,gnn_st_noglobals,1,neighborhood,Back Bay/Beacon Hill/Downtown/North End/West End,overall,,bands,,46,,,,,,,,,,,,,,,,,,,,,0.9347826086956522,1.0,0.7526881720430108,-0.021739130434782608,False
gnn_st_noglobals,post_covid,gnn_st_noglobals,1,neighborhood,Back Bay/Beacon Hill/Downtown/North End/West End,overall,0.5,IT50,32.35361456388361,46,3.0,0.06521739130434782,3.0,1.0,0.0,42.0,1.0,0.25,0.75,0.023255813953488372,0.75,0.8571428571428571,0.9767441860465116,0.8456375838926175,0.8558961032361835,0.9782608695652174,1.3333333333333333,0.019319831780952205,0.060964083175803395,0.6830948523372491,,,,,True
gnn_st_noglobals,post_covid,gnn_st_noglobals,1,neighborhood,Back Bay/Beacon Hill/Downtown/North End/West End,overall,0.9,IT90,56.35007606954225,46,2.0,0.043478260869565216,0.0,0.0,2.0,44.0,0.0,,,0.0,0.0,0.0,0.0,0.0,,0.9565217391304348,0.0,0.03910979811281719,0.04158790170132326,0.05958712719635051,,,,,True
gnn_st_noglobals,post_covid,gnn_st_noglobals,1,neighborhood,Back Bay/Beacon Hill/Downtown/North End/West End,overall,0.98,IT98,80.35966190257739,46,0.0,0.0,0.0,0.0,0.0,46.0,,,,0.0,,,,,,1.0,,3.755031756209282e-05,0.0,,,,,,True
gnn_st_noglobals,post_covid,gnn_st_noglobals,1,neighborhood,Back Bay/Beacon Hill/Downtown/North End/West End,flu_season,,bands,,26,,,,,,,,,,,,,,,,,,,,,0.8846153846153846,1.0,0.7382550335570469,-0.038461538461538464,False
gnn_st_noglobals,post_covid,gnn_st_noglobals,1,neighborhood,Back Bay/Beacon Hill/Downtown/North End/West End,flu_season,0.5,IT50,32.35361456388361,26,3.0,0.11538461538461539,3.0,1.0,0.0,22.0,1.0,0.25,0.75,0.043478260869565216,0.75,0.8571428571428571,0.9565217391304348,0.8354430379746836,0.8469895538599198,0.9615384615384616,1.3333333333333333,0.03418057668155004,0.10207100591715977,0.6651294226561184,,,,,True
gnn_st_noglobals,post_covid,gnn_st_noglobals,1,neighborhood,Back Bay/Beacon Hill/Downtown/North End/West End,flu_season,0.9,IT90,56.35007606954225,26,2.0,0.07692307692307693,0.0,0.0,2.0,24.0,0.0,,,0.0,0.0,0.0,0.0,0.0,,0.9230769230769231,0.0,0.06919425819959965,0.07100591715976333,0.025514197022305174,,,,,True
gnn_st_noglobals,post_covid,gnn_st_noglobals,1,neighborhood,Back Bay/Beacon Hill/Downtown/North End/West End,flu_season,0.98,IT98,80.35966190257739,26,0.0,0.0,0.0,0.0,0.0,26.0,,,,0.0,,,,,,1.0,,6.643517722524114e-05,0.0,,,,,,True
gnn_st_noglobals,post_covid,gnn_st_noglobals,1,neighborhood,Charlestown,overall,,bands,,35,,,,,,,,,,,,,,,,,,,,,0.9428571428571428,0.9714285714285714,0.7572815533980582,-0.02857142857142857,False
gnn_st_noglobals,post_covid,gnn_st_noglobals,1,neighborhood,Charlestown,overall,0.5,IT50,44.544403832795176,35,4.0,0.11428571428571428,3.0,1.0,1.0,30.0,0.75,0.25,0.75,0.03225806451612903,0.6,0.75,0.717741935483871,0.717741935483871,0.717741935483871,0.9428571428571428,1.0,0.030815335097152913,0.10122448979591839,0.6955743105321588,,,,,True
gnn_st_noglobals,post_covid,gnn_st_noglobals,1,neighborhood,Charlestown,overall,0.9,IT90,75.51034339625782,35,3.0,0.08571428571428572,2.0,0.0,1.0,32.0,0.6666666666666666,0.0,1.0,0.0,0.6666666666666666,0.8,0.6666666666666666,0.7852760736196319,0.8040302522073697,0.9714285714285714,0.6666666666666666,0.041398137084019244,0.0783673469387755,0.47174252158412944,,,,,True
gnn_st_noglobals,post_covid,gnn_st_noglobals,1,neighborhood,Charlestown,overall,0.98,IT98,105.83479691598406,35,0.0,0.0,0.0,0.0,0.0,35.0,,,,0.0,,,,,,1.0,,0.0004455880733713959,0.0,,,,,,True
gnn_st_noglobals,post_covid,gnn_st_noglobals,1,neighborhood,Charlestown,flu_season,,bands,,21,,,,,,,,,,,,,,,,,,,,,0.9047619047619048,0.9523809523809523,0.7368421052631579,-0.047619047619047616,False
gnn_st_noglobals,post_covid,gnn_st_noglobals,1,neighborhood,Charlestown,flu_season,0.5,IT50,44.544403832795176,21,4.0,0.19047619047619047,3.0,1.0,1.0,16.0,0.75,0.25,0.75,0.058823529411764705,0.6,0.75,0.6911764705882353,0.6911764705882353,0.6911764705882353,0.9047619047619048,1.0,0.051358890526158704,0.1541950113378685,0.6669224893818237,,,,,True
gnn_st_noglobals,post_covid,gnn_st_noglobals,1,neighborhood,Charlestown,flu_season,0.9,IT90,75.51034339625782,21,3.0,0.14285714285714285,2.0,0.0,1.0,18.0,0.6666666666666666,0.0,1.0,0.0,0.6666666666666666,0.8,0.6666666666666666,0.7741935483870968,0.7947194142390263,0.9523809523809523,0.6666666666666666,0.06899689514003209,0.12244897959183672,0.43652535635640455,,,,,True
gnn_st_noglobals,post_covid,gnn_st_noglobals,1,neighborhood,Charlestown,flu_season,0.98,IT98,105.83479691598406,21,0.0,0.0,0.0,0.0,0.0,21.0,,,,0.0,,,,,,1.0,,0.0007426467889523266,0.0,,,,,,True
gnn_st_noglobals,post_covid,gnn_st_noglobals,1,neighborhood,Dorchester,overall,,bands,,49,,,,,,,,,,,,,,,,,,,,,0.9591836734693877,1.0,0.7860262008733625,0.0,False
gnn_st_noglobals,post_covid,gnn_st_noglobals,1,neighborhood,Dorchester,overall,0.5,IT50,157.0086457734027,49,4.0,0.08163265306122448,3.0,0.0,1.0,45.0,0.75,0.0,1.0,0.0,0.75,0.8571428571428571,0.75,0.8463949843260188,0.8565603610802411,0.9795918367346939,0.75,0.010285586781704303,0.07496876301541025,0.862801700761822,,,,,True
gnn_st_noglobals,post_covid,gnn_st_noglobals,1,neighborhood,Dorchester,overall,0.9,IT90,264.26252974322875,49,0.0,0.0,0.0,1.0,0.0,48.0,,1.0,0.0,0.02040816326530612,0.0,0.0,,0.0,,0.9795918367346939,,0.006887185745154864,0.0,,,,,,True
gnn_st_noglobals,post_covid,gnn_st_noglobals,1,neighborhood,Dorchester,overall,0.98,IT98,368.7005757586777,49,0.0,0.0,0.0,0.0,0.0,49.0,,,,0.0,,,,,,1.0,,6.358259586041997e-07,0.0,,,,,,True
gnn_st_noglobals,post_covid,gnn_st_noglobals,1,neighborhood,Dorchester,flu_season,,bands,,26,,,,,,,,,,,,,,,,,,,,,0.9230769230769231,1.0,0.7719298245614035,0.0,False
gnn_st_noglobals,post_covid,gnn_st_noglobals,1,neighborhood,Dorchester,flu_season,0.5,IT50,157.0086457734027,26,4.0,0.15384615384615385,3.0,0.0,1.0,22.0,0.75,0.0,1.0,0.0,0.75,0.8571428571428571,0.75,0.8354430379746836,0.8469895538599198,0.9615384615384616,0.75,0.01938437508859653,0.13017751479289943,0.8510927550012357,,,,,True
gnn_st_noglobals,post_covid,gnn_st_noglobals,1,neighborhood,Dorchester,flu_season,0.9,IT90,264.26252974322875,26,0.0,0.0,0.0,1.0,0.0,25.0,,1.0,0.0,0.038461538461538464,0.0,0.0,,0.0,,0.9615384615384616,,0.012979696212022628,0.0,,,,,,True
gnn_st_noglobals,post_covid,gnn_st_noglobals,1,neighborhood,Dorchester,flu_season,0.98,IT98,368.7005757586777,26,0.0,0.0,0.0,0.0,0.0,26.0,,,,0.0,,,,,,1.0,,1.1982873835232994e-06,0.0,,,,,,True
gnn_st_noglobals,post_covid,gnn_st_noglobals,1,neighborhood,East Boston,overall,,bands,,44,,,,,,,,,,,,,,,,,,,,,0.9545454545454546,1.0,0.7853658536585366,-0.045454545454545456,False
gnn_st_noglobals,post_covid,gnn_st_noglobals,1,neighborhood,East Boston,overall,0.5,IT50,32.38969817502224,44,4.0,0.09090909090909091,3.0,0.0,1.0,40.0,0.75,0.0,1.0,0.0,0.75,0.8571428571428571,0.75,0.8450704225352113,0.8553989227683015,0.9772727272727273,0.75,0.01843642431513401,0.08264462809917356,0.7769192657868785,,,,,True
gnn_st_noglobals,post_covid,gnn_st_noglobals,1,neighborhood,East Boston,overall,0.9,IT90,56.982258100156095,44,1.0,0.022727272727272728,0.0,0.0,1.0,43.0,0.0,,,0.0,0.0,0.0,0.0,0.0,,0.9772727272727273,0.0,0.010613893792716145,0.02221074380165289,0.5221279445884079,,,,,True
gnn_st_noglobals,post_covid,gnn_st_noglobals,1,neighborhood,East Boston,overall,0.98,IT98,81.78485877953806,44,0.0,0.0,0.0,0.0,0.0,44.0,,,,0.0,,,,,,1.0,,7.464757216207274e-05,0.0,,,,,,True
gnn_st_noglobals,post_covid,gnn_st_noglobals,1,neighborhood,East Boston,flu_season,,bands,,25,,,,,,,,,,,,,,,,,,,,,0.92,1.0,0.7727272727272727,-0.08,False
gnn_st_noglobals,post_covid,gnn_st_noglobals,1,neighborhood,East Boston,flu_season,0.5,IT50,32.38969817502224,25,4.0,0.16,3.0,0.0,1.0,21.0,0.75,0.0,1.0,0.0,0.75,0.8571428571428571,0.75,0.8344370860927153,0.8461141122266493,0.96,0.75,0.03244775002521495,0.13439999999999996,0.7585732885028649,,,,,True
gnn_st_noglobals,post_covid,gnn_st_noglobals,1,neighborhood,East Boston,flu_season,0.9,IT90,56.982258100156095,25,1.0,0.04,0.0,0.0,1.0,24.0,0.0,,,0.0,0.0,0.0,0.0,0.0,,0.96,0.0,0.018680453075180417,0.03840000000000001,0.5135298678338434,,,,,True
gnn_st_noglobals,post_covid,gnn_st_noglobals,1,neighborhood,East Boston,flu_season,0.98,IT98,81.78485877953806,25,0.0,0.0,0.0,0.0,0.0,25.0,,,,0.0,,,,,,1.0,,0.00013137972700524804,0.0,,,,,,True
gnn_st_noglobals,post_covid,gnn_st_noglobals,1,neighborhood,Fenway,overall,,bands,,43,,,,,,,,,,,,,,,,,,,,,0.9302325581395349,1.0,0.3645320197044335,0.023255813953488372,False
gnn_st_noglobals,post_covid,gnn_st_noglobals,1,neighborhood,Fenway,overall,0.5,IT50,19.789042860168028,43,2.0,0.046511627906976744,1.0,2.0,1.0,39.0,0.5,0.6666666666666666,0.3333333333333333,0.04878048780487805,0.25,0.4,0.45121951219512196,0.3645320197044335,0.3729960003272992,0.9302325581395349,1.5,0.038684629519750206,0.04434829637641969,0.12770878070709601,,,,,True
gnn_st_noglobals,post_covid,gnn_st_noglobals,1,neighborhood,Fenway,overall,0.9,IT90,31.717921949528318,43,0.0,0.0,0.0,0.0,0.0,43.0,,,,0.0,,,,,,1.0,,0.002470955968730917,0.0,,,,,,True
gnn_st_noglobals,post_covid,gnn_st_noglobals,1,neighborhood,Fenway,overall,0.98,IT98,42.89052071415166,43,0.0,0.0,0.0,0.0,0.0,43.0,,,,0.0,,,,,,1.0,,4.857714032402043e-05,0.0,,,,,,True
gnn_st_noglobals,post_covid,gnn_st_noglobals,1,neighborhood,Fenway,flu_season,,bands,,25,,,,,,,,,,,,,,,,,,,,,0.88,1.0,0.33628318584070793,0.04,False
gnn_st_noglobals,post_covid,gnn_st_noglobals,1,neighborhood,Fenway,flu_season,0.5,IT50,19.789042860168028,25,2.0,0.08,1.0,2.0,1.0,21.0,0.5,0.6666666666666666,0.3333333333333333,0.08695652173913043,0.25,0.4,0.41304347826086957,0.336283185840708,0.3448281541042982,0.88,1.5,0.06649056245156611,0.0736,0.0965956188645909,,,,,True
gnn_st_noglobals,post_covid,gnn_st_noglobals,1,neighborhood,Fenway,flu_season,0.9,IT90,31.717921949528318,25,0.0,0.0,0.0,0.0,0.0,25.0,,,,0.0,,,,,,1.0,,0.00425004407326007,0.0,,,,,,True
gnn_st_noglobals,post_covid,gnn_st_noglobals,1,neighborhood,Fenway,flu_season,0.98,IT98,42.89052071415166,25,0.0,0.0,0.0,0.0,0.0,25.0,,,,0.0,,,,,,1.0,,8.35526813573116e-05,0.0,,,,,,True
gnn_st_noglobals,post_covid,gnn_st_noglobals,1,neighborhood,Hyde Park,overall,,bands,,46,,,,,,,,,,,,,,,,,,,,,0.9565217391304348,1.0,0.6434108527131783,0.0,False
gnn_st_noglobals,post_covid,gnn_st_noglobals,1,neighborhood,Hyde Park,overall,0.5,IT50,59.73762940735334,46,3.0,0.06521739130434782,2.0,1.0,1.0,42.0,0.6666666666666666,0.3333333333333333,0.6666666666666666,0.023255813953488372,0.5,0.6666666666666666,0.6434108527131782,0.6434108527131783,0.6434108527131783,0.9565217391304348,1.0,0.031131149785533888,0.060964083175803395,0.4893526128202348,,,,,True
gnn_st_noglobals,post_covid,gnn_st_noglobals,1,neighborhood,Hyde Park,overall,0.9,IT90,98.70163927662223,46,0.0,0.0,0.0,0.0,0.0,46.0,,,,0.0,,,,,,1.0,,0.0067315986005316636,0.0,,,,,,True
gnn_st_noglobals,post_covid,gnn_st_noglobals,1,neighborhood,Hyde Park,overall,0.98,IT98,136.08880333365826,46,0.0,0.0,0.0,0.0,0.0,46.0,,,,0.0,,,,,,1.0,,3.9127364044752426e-05,0.0,,,,,,True
gnn_st_noglobals,post_covid,gnn_st_noglobals,1,neighborhood,Hyde Park,flu_season,,bands,,25,,,,,,,,,,,,,,,,,,,,,0.92,1.0,0.6212121212121212,0.0,False
gnn_st_noglobals,post_covid,gnn_st_noglobals,1,neighborhood,Hyde Park,flu_season,0.5,IT50,59.73762940735334,25,3.0,0.12,2.0,1.0,1.0,21.0,0.6666666666666666,0.3333333333333333,0.6666666666666666,0.045454545454545456,0.5,0.6666666666666666,0.6212121212121212,0.6212121212121212,0.6212121212121212,0.92,1.0,0.057281315592551646,0.1056,0.4575632993129579,,,,,True
gnn_st_noglobals,post_covid,gnn_st_noglobals,1,neighborhood,Hyde Park,flu_season,0.9,IT90,98.70163927662223,25,0.0,0.0,0.0,0.0,0.0,25.0,,,,0.0,,,,,,1.0,,0.01238614142497826,0.0,,,,,,True
gnn_st_noglobals,post_covid,gnn_st_noglobals,1,neighborhood,Hyde Park,flu_season,0.98,IT98,136.08880333365826,25,0.0,0.0,0.0,0.0,0.0,25.0,,,,0.0,,,,,,1.0,,7.199434984234445e-05,0.0,,,,,,True
gnn_st_noglobals,post_covid,gnn_st_noglobals,1,neighborhood,Jamaica Plain,overall,,bands,,46,,,,,,,,,,,,,,,,,,,,,0.9565217391304348,1.0,0.9087301587301587,-0.043478260869565216,False
gnn_st_noglobals,post_covid,gnn_st_noglobals,1,neighborhood,Jamaica Plain,overall,0.5,IT50,30.1329000930458,46,5.0,0.10869565217391304,4.0,0.0,1.0,41.0,0.8,0.0,1.0,0.0,0.8,0.8888888888888888,0.8,0.8770053475935828,0.8837151016885368,0.9782608695652174,0.8,0.013676031892994158,0.09688090737240074,0.8588366659240212,,,,,False
gnn_st_noglobals,post_covid,gnn_st_noglobals,1,neighborhood,Jamaica Plain,overall,0.9,IT90,48.93353508945714,46,3.0,0.06521739130434782,2.0,0.0,1.0,43.0,0.6666666666666666,0.0,1.0,0.0,0.6666666666666666,0.8,0.6666666666666666,0.7889908256880734,0.8071648849616486,0.9782608695652174,0.6666666666666666,0.022364759272162454,0.060964083175803395,0.6331485998457693,,,,,True
gnn_st_noglobals,post_covid,gnn_st_noglobals,1,neighborhood,Jamaica Plain,overall,0.98,IT98,66.72678487426273,46,0.0,0.0,0.0,0.0,0.0,46.0,,,,0.0,,,,,,1.0,,0.0018520945117923085,0.0,,,,,,True
gnn_st_noglobals,post_covid,gnn_st_noglobals,1,neighborhood,Jamaica Plain,flu_season,,bands,,24,,,,,,,,,,,,,,,,,,,,,0.9166666666666666,1.0,0.9,-0.08333333333333333,False
gnn_st_noglobals,post_covid,gnn_st_noglobals,1,neighborhood,Jamaica Plain,flu_season,0.5,IT50,30.1329000930458,24,5.0,0.20833333333333334,4.0,0.0,1.0,19.0,0.8,0.0,1.0,0.0,0.8,0.8888888888888888,0.8,0.8636363636363636,0.8717797887081347,0.9583333333333334,0.8,0.02620952789853376,0.16493055555555555,0.8410874940046795,,,,,False
gnn_st_noglobals,post_covid,gnn_st_noglobals,1,neighborhood,Jamaica Plain,flu_season,0.9,IT90,48.93353508945714,24,3.0,0.125,2.0,0.0,1.0,21.0,0.6666666666666666,0.0,1.0,0.0,0.6666666666666666,0.8,0.6666666666666666,0.7777777777777778,0.7977240352174656,0.9583333333333334,0.6666666666666666,0.04286578860496638,0.109375,0.6080842184688788,,,,,True
gnn_st_noglobals,post_covid,gnn_st_noglobals,1,neighborhood,Jamaica Plain,flu_season,0.98,IT98,66.72678487426273,24,0.0,0.0,0.0,0.0,0.0,24.0,,,,0.0,,,,,,1.0,,0.0035498478142685914,0.0,,,,,,True
gnn_st_noglobals,post_covid,gnn_st_noglobals,1,neighborhood,Mattapan,overall,,bands,,47,,,,,,,,,,,,,,,,,,,,,1.0,1.0,1.0,0.0,False
gnn_st_noglobals,post_covid,gnn_st_noglobals,1,neighborhood,Mattapan,overall,0.5,IT50,75.36060630157071,47,3.0,0.06382978723404255,3.0,0.0,0.0,44.0,1.0,0.0,1.0,0.0,1.0,1.0,1.0,1.0,1.0,1.0,1.0,0.007907420240810986,0.05975554549569943,0.867670520364004,,,,,True
gnn_st_noglobals,post_covid,gnn_st_noglobals,1,neighborhood,Mattapan,overall,0.9,IT90,114.4266389550119,47,0.0,0.0,0.0,0.0,0.0,47.0,,,,0.0,,,,,,1.0,,0.0024244718875290065,0.0,,,,,,True
gnn_st_noglobals,post_covid,gnn_st_noglobals,1,neighborhood,Mattapan,overall,0.98,IT98,149.46970387636378,47,0.0,0.0,0.0,0.0,0.0,47.0,,,,0.0,,,,,,1.0,,8.646803883654347e-06,0.0,,,,,,True
gnn_st_noglobals,post_covid,gnn_st_noglobals,1,neighborhood,Mattapan,flu_season,,bands,,26,,,,,,,,,,,,,,,,,,,,,1.0,1.0,1.0,0.0,False
gnn_st_noglobals,post_covid,gnn_st_noglobals,1,neighborhood,Mattapan,flu_season,0.5,IT50,75.36060630157071,26,3.0,0.11538461538461539,3.0,0.0,0.0,23.0,1.0,0.0,1.0,0.0,1.0,1.0,1.0,1.0,1.0,1.0,1.0,0.014294182742996412,0.10207100591715977,0.859958441532383,,,,,True
gnn_st_noglobals,post_covid,gnn_st_noglobals,1,neighborhood,Mattapan,flu_season,0.9,IT90,114.4266389550119,26,0.0,0.0,0.0,0.0,0.0,26.0,,,,0.0,,,,,,1.0,,0.004382699181302434,0.0,,,,,,True
gnn_st_noglobals,post_covid,gnn_st_noglobals,1,neighborhood,Mattapan,flu_season,0.98,IT98,149.46970387636378,26,0.0,0.0,0.0,0.0,0.0,26.0,,,,0.0,,,,,,1.0,,1.5630760866605934e-05,0.0,,,,,,True
gnn_st_noglobals,post_covid,gnn_st_noglobals,1,neighborhood,Roslindale,overall,,bands,,42,,,,,,,,,,,,,,,,,,,,,0.9285714285714286,1.0,0.8571428571428571,-0.023809523809523808,False
gnn_st_noglobals,post_covid,gnn_st_noglobals,1,neighborhood,Roslindale,overall,0.5,IT50,83.12526323754497,42,4.0,0.09523809523809523,3.0,1.0,1.0,37.0,0.75,0.25,0.75,0.02631578947368421,0.6,0.75,0.7236842105263158,0.7236842105263158,0.7236842105263158,0.9523809523809523,1.0,0.03302705153314533,0.08616780045351476,0.6167123756284978,,,,,True
gnn_st_noglobals,post_covid,gnn_st_noglobals,1,neighborhood,Roslindale,overall,0.9,IT90,133.65502394030972,42,3.0,0.07142857142857142,2.0,0.0,1.0,39.0,0.6666666666666666,0.0,1.0,0.0,0.6666666666666666,0.8,0.6666666666666666,0.7878787878787878,0.806225774829855,0.9761904761904762,0.6666666666666666,0.027888743927705233,0.06632653061224489,0.5795235530899826,,,,,True
gnn_st_noglobals,post_covid,gnn_st_noglobals,1,neighborhood,Roslindale,overall,0.98,IT98,181.10052866383202,42,0.0,0.0,0.0,0.0,0.0,42.0,,,,0.0,,,,,,1.0,,0.00024202107815150746,0.0,,,,,,True
gnn_st_noglobals,post_covid,gnn_st_noglobals,1,neighborhood,Roslindale,flu_season,,bands,,26,,,,,,,,,,,,,,,,,,,,,0.8846153846153846,1.0,0.8482490272373541,-0.038461538461538464,False
gnn_st_noglobals,post_covid,gnn_st_noglobals,1,neighborhood,Roslindale,flu_season,0.5,IT50,83.12526323754497,26,4.0,0.15384615384615385,3.0,1.0,1.0,21.0,0.75,0.25,0.75,0.045454545454545456,0.6,0.75,0.7045454545454546,0.7045454545454546,0.7045454545454546,0.9230769230769231,1.0,0.05335139093740557,0.13017751479289943,0.5901643150717482,,,,,True
gnn_st_noglobals,post_covid,gnn_st_noglobals,1,neighborhood,Roslindale,flu_season,0.9,IT90,133.65502394030972,26,3.0,0.11538461538461539,2.0,0.0,1.0,23.0,0.6666666666666666,0.0,1.0,0.0,0.6666666666666666,0.8,0.6666666666666666,0.7796610169491526,0.7993052538854533,0.9615384615384616,0.6666666666666666,0.04505104788321615,0.10207100591715977,0.5586303134919693,,,,,True
gnn_st_noglobals,post_covid,gnn_st_noglobals,1,neighborhood,Roslindale,flu_season,0.98,IT98,181.10052866383202,26,0.0,0.0,0.0,0.0,0.0,26.0,,,,0.0,,,,,,1.0,,0.00039095712624474284,0.0,,,,,,True
gnn_st_noglobals,post_covid,gnn_st_noglobals,1,neighborhood,Roxbury,overall,,bands,,49,,,,,,,,,,,,,,,,,,,,,0.9183673469387755,1.0,0.6474820143884892,0.0,False
gnn_st_noglobals,post_covid,gnn_st_noglobals,1,neighborhood,Roxbury,overall,0.5,IT50,138.88545502174753,49,3.0,0.061224489795918366,2.0,1.0,1.0,45.0,0.6666666666666666,0.3333333333333333,0.6666666666666666,0.021739130434782608,0.5,0.6666666666666666,0.644927536231884,0.644927536231884,0.644927536231884,0.9591836734693877,1.0,0.02883173750768499,0.057476051645147866,0.498369552493104,,,,,True
gnn_st_noglobals,post_covid,gnn_st_noglobals,1,neighborhood,Roxbury,overall,0.9,IT90,231.9483227351807,49,1.0,0.02040816326530612,0.0,1.0,1.0,47.0,0.0,1.0,0.0,0.020833333333333332,0.0,0.0,-0.020833333333333332,-0.020833333333333332,-0.020833333333333332,0.9591836734693877,1.0,0.027237428765165227,0.01999167013744273,-0.36243888469086905,,,,,True
gnn_st_noglobals,post_covid,gnn_st_noglobals,1,neighborhood,Roxbury,overall,0.98,IT98,322.0096816211373,49,0.0,0.0,0.0,0.0,0.0,49.0,,,,0.0,,,,,,1.0,,7.417654071568908e-06,0.0,,,,,,True
gnn_st_noglobals,post_covid,gnn_st_noglobals,1,neighborhood,Roxbury,flu_season,,bands,,26,,,,,,,,,,,,,,,,,,,,,0.8461538461538461,1.0,0.6285714285714286,0.0,False
gnn_st_noglobals,post_covid,gnn_st_noglobals,1,neighborhood,Roxbury,flu_season,0.5,IT50,138.88545502174753,26,3.0,0.11538461538461539,2.0,1.0,1.0,22.0,0.6666666666666666,0.3333333333333333,0.6666666666666666,0.043478260869565216,0.5,0.6666666666666666,0.6231884057971014,0.6231884057971014,0.6231884057971014,0.9230769230769231,1.0,0.05433673607217461,0.10207100591715977,0.46765748427840526,,,,,True
gnn_st_noglobals,post_covid,gnn_st_noglobals,1,neighborhood,Roxbury,flu_season,0.9,IT90,231.9483227351807,26,1.0,0.038461538461538464,0.0,1.0,1.0,24.0,0.0,1.0,0.0,0.04,0.0,0.0,-0.04,-0.04,-0.04,0.9230769230769231,1.0,0.051332077288196,0.036982248520710054,-0.38801936987282004,,,,,True
gnn_st_noglobals,post_covid,gnn_st_noglobals,1,neighborhood,Roxbury,flu_season,0.98,IT98,322.0096816211373,26,0.0,0.0,0.0,0.0,0.0,26.0,,,,0.0,,,,,,1.0,,1.3979424981033711e-05,0.0,,,,,,True
gnn_st_noglobals,post_covid,gnn_st_noglobals,1,neighborhood,South Boston,overall,,bands,,42,,,,,,,,,,,,,,,,,,,,,0.9523809523809523,1.0,0.7236842105263157,0.0,False
gnn_st_noglobals,post_covid,gnn_st_noglobals,1,neighborhood,South Boston,overall,0.5,IT50,31.63670795756643,42,4.0,0.09523809523809523,3.0,1.0,1.0,37.0,0.75,0.25,0.75,0.02631578947368421,0.6,0.75,0.7236842105263158,0.7236842105263158,0.7236842105263158,0.9523809523809523,1.0,0.024322425484059513,0.08616780045351476,0.7177318516192042,,,,,True
gnn_st_noglobals,post_covid,gnn_st_noglobals,1,neighborhood,South Boston,overall,0.9,IT90,60.18982141922808,42,0.0,0.0,0.0,0.0,0.0,42.0,,,,0.0,,,,,,1.0,,0.003766558739905241,0.0,,,,,,True
gnn_st_noglobals,post_covid,gnn_st_noglobals,1,neighborhood,South Boston,overall,0.98,IT98,90.82483767314203,42,0.0,0.0,0.0,0.0,0.0,42.0,,,,0.0,,,,,,1.0,,9.882092820956687e-07,0.0,,,,,,True
gnn_st_noglobals,post_covid,gnn_st_noglobals,1,neighborhood,South Boston,flu_season,,bands,,25,,,,,,,,,,,,,,,,,,,,,0.92,1.0,0.7023809523809524,0.0,False
gnn_st_noglobals,post_covid,gnn_st_noglobals,1,neighborhood,South Boston,flu_season,0.5,IT50,31.63670795756643,25,4.0,0.16,3.0,1.0,1.0,20.0,0.75,0.25,0.75,0.047619047619047616,0.6,0.75,0.7023809523809523,0.7023809523809523,0.7023809523809523,0.92,1.0,0.040860355649999985,0.13439999999999996,0.6959794966517858,,,,,True
gnn_st_noglobals,post_covid,gnn_st_noglobals,1,neighborhood,South Boston,flu_season,0.9,IT90,60.18982141922808,25,0.0,0.0,0.0,0.0,0.0,25.0,,,,0.0,,,,,,1.0,,0.006327818683040803,0.0,,,,,,True
gnn_st_noglobals,post_covid,gnn_st_noglobals,1,neighborhood,South Boston,flu_season,0.98,IT98,90.82483767314203,25,0.0,0.0,0.0,0.0,0.0,25.0,,,,0.0,,,,,,1.0,,1.6601915939207234e-06,0.0,,,,,,True
gnn_st_noglobals,post_covid,gnn_st_noglobals,1,neighborhood,South End,overall,,bands,,49,,,,,,,,,,,,,,,,,,,,,0.9591836734693877,1.0,0.7277777777777777,0.0,False
gnn_st_noglobals,post_covid,gnn_st_noglobals,1,neighborhood,South End,overall,0.5,IT50,82.00792145914704,49,4.0,0.08163265306122448,3.0,1.0,1.0,44.0,0.75,0.25,0.75,0.022222222222222223,0.6,0.75,0.7277777777777777,0.7277777777777777,0.7277777777777777,0.9591836734693877,1.0,0.01865918186406781,0.07496876301541025,0.7511072463576288,,,,,True
gnn_st_noglobals,post_covid,gnn_st_noglobals,1,neighborhood,South End,overall,0.9,IT90,134.00251631923587,49,0.0,0.0,0.0,0.0,0.0,49.0,,,,0.0,,,,,,1.0,,0.008148037882944216,0.0,,,,,,True
gnn_st_noglobals,post_covid,gnn_st_noglobals,1,neighborhood,South End,overall,0.98,IT98,183.45444562568642,49,0.0,0.0,0.0,0.0,0.0,49.0,,,,0.0,,,,,,1.0,,1.57592311329442e-05,0.0,,,,,,True
gnn_st_noglobals,post_covid,gnn_st_noglobals,1,neighborhood,South End,flu_season,,bands,,26,,,,,,,,,,,,,,,,,,,,,0.9230769230769231,1.0,0.7045454545454546,0.0,False
gnn_st_noglobals,post_covid,gnn_st_noglobals,1,neighborhood,South End,flu_season,0.5,IT50,82.00792145914704,26,4.0,0.15384615384615385,3.0,1.0,1.0,21.0,0.75,0.25,0.75,0.045454545454545456,0.6,0.75,0.7045454545454546,0.7045454545454546,0.7045454545454546,0.9230769230769231,1.0,0.03516538120515548,0.13017751479289943,0.7298659352876693,,,,,True
gnn_st_noglobals,post_covid,gnn_st_noglobals,1,neighborhood,South End,flu_season,0.9,IT90,134.00251631923587,26,0.0,0.0,0.0,0.0,0.0,26.0,,,,0.0,,,,,,1.0,,0.015355917548625642,0.0,,,,,,True
gnn_st_noglobals,post_covid,gnn_st_noglobals,1,neighborhood,South End,flu_season,0.98,IT98,183.45444562568642,26,0.0,0.0,0.0,0.0,0.0,26.0,,,,0.0,,,,,,1.0,,2.970008944285638e-05,0.0,,,,,,True
gnn_st_noglobals,post_covid,gnn_st_noglobals,1,neighborhood,West Roxbury,overall,,bands,,40,,,,,,,,,,,,,,,,,,,,,0.925,0.975,0.7972972972972974,-0.05,False
gnn_st_noglobals,post_covid,gnn_st_noglobals,1,neighborhood,West Roxbury,overall,0.5,IT50,37.349459967580074,40,3.0,0.075,3.0,1.0,0.0,36.0,1.0,0.25,0.75,0.02702702702702703,0.75,0.8571428571428571,0.972972972972973,0.84375,0.8542421961772492,0.975,1.3333333333333333,0.019070476353533865,0.06937499999999999,0.7251102507598721,,,,,True
gnn_st_noglobals,post_covid,gnn_st_noglobals,1,neighborhood,West Roxbury,overall,0.9,IT90,59.59981304845178,40,3.0,0.075,2.0,0.0,1.0,37.0,0.6666666666666666,0.0,1.0,0.0,0.6666666666666666,0.8,0.6666666666666666,0.7872340425531915,0.805681579172283,0.975,0.6666666666666666,0.023767219773549134,0.06937499999999999,0.657409444705598,,,,,True
gnn_st_noglobals,post_covid,gnn_st_noglobals,1,neighborhood,West Roxbury,overall,0.98,IT98,80.36625284929092,40,2.0,0.05,0.0,0.0,2.0,38.0,0.0,,,0.0,0.0,0.0,0.0,0.0,,0.95,0.0,0.03589250693122838,0.047499999999999994,0.24436827513203407,,,,,True
gnn_st_noglobals,post_covid,gnn_st_noglobals,1,neighborhood,West Roxbury,flu_season,,bands,,25,,,,,,,,,,,,,,,,,,,,,0.88,0.96,0.7869318181818181,-0.08,False
gnn_st_noglobals,post_covid,gnn_st_noglobals,1,neighborhood,West Roxbury,flu_season,0.5,IT50,37.349459967580074,25,3.0,0.12,3.0,1.0,0.0,21.0,1.0,0.25,0.75,0.045454545454545456,0.75,0.8571428571428571,0.9545454545454546,0.8344370860927153,0.8461141122266493,0.96,1.3333333333333333,0.030512563030437572,0.1056,0.7110552743329775,,,,,True
gnn_st_noglobals,post_covid,gnn_st_noglobals,1,neighborhood,West Roxbury,flu_season,0.9,IT90,59.59981304845178,25,3.0,0.12,2.0,0.0,1.0,22.0,0.6666666666666666,0.0,1.0,0.0,0.6666666666666666,0.8,0.6666666666666666,0.7787610619469026,0.7985494095046906,0.96,0.6666666666666666,0.03802755163767861,0.1056,0.6398906094916799,,,,,True
gnn_st_noglobals,post_covid,gnn_st_noglobals,1,neighborhood,West Roxbury,flu_season,0.98,IT98,80.36625284929092,25,2.0,0.08,0.0,0.0,2.0,23.0,0.0,,,0.0,0.0,0.0,0.0,0.0,,0.92,0.0,0.0574280110899654,0.0736,0.2197281101906875,,,,,True
lstm,exclude_covid,lstm/exclude_covid,1,citywide,CITYWIDE,overall,,bands,,49,,,,,,,,,,,,,,,,,,,,,0.8979591836734694,1.0,0.6830530401034929,0.02040816326530612,False
lstm,exclude_covid,lstm/exclude_covid,1,citywide,CITYWIDE,overall,0.5,IT50,60.20679524890062,49,4.0,0.08163265306122448,3.0,1.0,1.0,44.0,0.75,0.25,0.75,0.022222222222222223,0.6,0.75,0.7277777777777777,0.7277777777777777,0.7277777777777777,0.9591836734693877,1.0,0.034461047404965056,0.07496876301541025,0.5403279176704383,,,,,True
lstm,exclude_covid,lstm/exclude_covid,1,citywide,CITYWIDE,overall,0.9,IT90,98.17566769051967,49,1.0,0.02040816326530612,0.0,2.0,1.0,46.0,0.0,1.0,0.0,0.041666666666666664,0.0,0.0,-0.041666666666666664,-0.027972027972027972,-0.029774566708770683,0.9387755102040817,2.0,0.026990135338485228,0.01999167013744273,-0.35006906141048,,,,,True
lstm,exclude_covid,lstm/exclude_covid,1,citywide,CITYWIDE,overall,0.98,IT98,134.22833796478614,49,0.0,0.0,0.0,0.0,0.0,49.0,,,,0.0,,,,,,1.0,,0.00012894549957585805,0.0,,,,,,True
lstm,exclude_covid,lstm/exclude_covid,1,citywide,CITYWIDE,flu_season,,bands,,26,,,,,,,,,,,,,,,,,,,,,0.8076923076923077,1.0,0.6596858638743455,0.038461538461538464,False
lstm,exclude_covid,lstm/exclude_covid,1,citywide,CITYWIDE,flu_season,0.5,IT50,60.20679524890062,26,4.0,0.15384615384615385,3.0,1.0,1.0,21.0,0.75,0.25,0.75,0.045454545454545456,0.6,0.75,0.7045454545454546,0.7045454545454546,0.7045454545454546,0.9230769230769231,1.0,0.06494581950817516,0.13017751479289943,0.5010980228690183,,,,,True
lstm,exclude_covid,lstm/exclude_covid,1,citywide,CITYWIDE,flu_season,0.9,IT90,98.17566769051967,26,1.0,0.038461538461538464,0.0,2.0,1.0,23.0,0.0,1.0,0.0,0.08,0.0,0.0,-0.08,-0.05405405405405406,-0.05773502691896257,0.8846153846153846,2.0,0.05086602429176062,0.036982248520710054,-0.3754172968492073,,,,,True
lstm,exclude_covid,lstm/exclude_covid,1,citywide,CITYWIDE,flu_season,0.98,IT98,134.22833796478614,26,0.0,0.0,0.0,0.0,0.0,26.0,,,,0.0,,,,,,1.0,,0.00024301267227757863,0.0,,,,,,True
lstm,exclude_covid,lstm/exclude_covid,1,pooled,ALL,overall,,bands,,627,,,,,,,,,,,,,,,,,,,,,0.9202551834130781,0.9936204146730463,0.6716556582259237,-0.006379585326953748,False
lstm,exclude_covid,lstm/exclude_covid,1,pooled,ALL,overall,0.5,IT50,,627,51.0,0.08133971291866028,40.0,16.0,11.0,560.0,0.7843137254901961,0.2857142857142857,0.7142857142857143,0.027777777777777776,0.5970149253731343,0.7476635514018691,0.7565359477124183,0.7241800674519772,0.7251265904070551,0.9569377990430622,1.0980392156862746,0.033330613451234704,0.07472356402097019,0.5539477554646497,,,,,False
lstm,exclude_covid,lstm/exclude_covid,1,pooled,ALL,overall,0.9,IT90,,627,18.0,0.028708133971291867,2.0,9.0,16.0,600.0,0.1111111111111111,0.8181818181818182,0.18181818181818182,0.014778325123152709,0.07407407407407407,0.13793103448275862,0.0963327859879584,0.11873840445269017,0.12252714683860513,0.960127591706539,0.6111111111111112,0.024149203199463575,0.02788397701517821,0.13393978246652793,,,,,False
lstm,exclude_covid,lstm/exclude_covid,1,pooled,ALL,overall,0.98,IT98,,627,2.0,0.003189792663476874,0.0,0.0,2.0,625.0,0.0,,,0.0,0.0,0.0,0.0,0.0,,0.9968102073365231,0.0,0.0030612404365772806,0.0031796178862409027,0.037230086727048084,,,,,True
lstm,exclude_covid,lstm/exclude_covid,1,pooled,ALL,flu_season,,bands,,352,,,,,,,,,,,,,,,,,,,,,0.8579545454545454,0.9886363636363636,0.649661283590715,-0.011363636363636364,False
lstm,exclude_covid,lstm/exclude_covid,1,pooled,ALL,flu_season,0.5,IT50,,352,51.0,0.14488636363636365,40.0,16.0,11.0,285.0,0.7843137254901961,0.2857142857142857,0.7142857142857143,0.053156146179401995,0.5970149253731343,0.7476635514018691,0.7311575793107941,0.7025538307461192,0.7036220699103907,0.9232954545454546,1.0980392156862746,0.059368802775748325,0.12389430526859506,0.5208108827355664,,,,,False
lstm,exclude_covid,lstm/exclude_covid,1,pooled,ALL,flu_season,0.9,IT90,,352,18.0,0.05113636363636364,2.0,9.0,16.0,325.0,0.1111111111111111,0.8181818181818182,0.18181818181818182,0.02694610778443114,0.07407407407407407,0.13793103448275862,0.08416500332667996,0.1031390134529148,0.10655344580254883,0.9289772727272727,0.6111111111111112,0.04301576819875443,0.04852143595041322,0.11346877197297578,,,,,False
lstm,exclude_covid,lstm/exclude_covid,1,pooled,ALL,flu_season,0.98,IT98,,352,2.0,0.005681818181818182,0.0,0.0,2.0,350.0,0.0,,,0.0,0.0,0.0,0.0,0.0,,0.9943181818181818,0.0,0.005452834527653281,0.0056495351239669415,0.03481712955092553,,,,,True
lstm,exclude_covid,lstm/exclude_covid,1,neighborhood,Allston/Brighton,overall,,bands,,49,,,,,,,,,,,,,,,,,,,,,0.9387755102040817,1.0,0.7835051546391752,-0.061224489795918366,False
lstm,exclude_covid,lstm/exclude_covid,1,neighborhood,Allston/Brighton,overall,0.5,IT50,43.17201700312734,49,5.0,0.10204081632653061,4.0,0.0,1.0,44.0,0.8,0.0,1.0,0.0,0.8,0.8888888888888888,0.8,0.8778054862842892,0.8844332774281066,0.9795918367346939,0.8,0.02475937905563382,0.09162848812994587,0.7297851403973783,,,,,False
lstm,exclude_covid,lstm/exclude_covid,1,neighborhood,Allston/Brighton,overall,0.9,IT90,72.80812661818143,49,2.0,0.04081632653061224,0.0,0.0,2.0,47.0,0.0,,,0.0,0.0,0.0,0.0,0.0,,0.9591836734693877,0.0,0.031883418102647956,0.03915035401915868,0.18561609718661964,,,,,True
lstm,exclude_covid,lstm/exclude_covid,1,neighborhood,Allston/Brighton,overall,0.98,IT98,101.71188922331822,49,0.0,0.0,0.0,0.0,0.0,49.0,,,,0.0,,,,,,1.0,,2.4619047803082925e-06,0.0,,,,,,True
lstm,exclude_covid,lstm/exclude_covid,1,neighborhood,Allston/Brighton,flu_season,,bands,,26,,,,,,,,,,,,,,,,,,,,,0.8846153846153846,1.0,0.7664670658682634,-0.11538461538461539,False
lstm,exclude_covid,lstm/exclude_covid,1,neighborhood,Allston/Brighton,flu_season,0.5,IT50,43.17201700312734,26,5.0,0.19230769230769232,4.0,0.0,1.0,21.0,0.8,0.0,1.0,0.0,0.8,0.8888888888888888,0.8,0.865979381443299,0.873862897505303,0.9615384615384616,0.8,0.04666187485262773,0.15532544378698226,0.6995864057107015,,,,,False
lstm,exclude_covid,lstm/exclude_covid,1,neighborhood,Allston/Brighton,flu_season,0.9,IT90,72.80812661818143,26,2.0,0.07692307692307693,0.0,0.0,2.0,24.0,0.0,,,0.0,0.0,0.0,0.0,0.0,,0.9230769230769231,0.0,0.06008798027037499,0.07100591715976333,0.15376094452555233,,,,,True
lstm,exclude_covid,lstm/exclude_covid,1,neighborhood,Allston/Brighton,flu_season,0.98,IT98,101.71188922331822,26,0.0,0.0,0.0,0.0,0.0,26.0,,,,0.0,,,,,,1.0,,4.639743624427167e-06,0.0,,,,,,True
lstm,exclude_covid,lstm/exclude_covid,1,neighborhood,Back Bay/Beacon Hill/Downtown/North End/West End,overall,,bands,,46,,,,,,,,,,,,,,,,,,,,,0.9347826086956522,1.0,0.7526881720430108,-0.021739130434782608,False
lstm,exclude_covid,lstm/exclude_covid,1,neighborhood,Back Bay/Beacon Hill/Downtown/North End/West End,overall,0.5,IT50,32.35361456388361,46,3.0,0.06521739130434782,3.0,1.0,0.0,42.0,1.0,0.25,0.75,0.023255813953488372,0.75,0.8571428571428571,0.9767441860465116,0.8456375838926175,0.8558961032361835,0.9782608695652174,1.3333333333333333,0.013356520408798558,0.060964083175803395,0.7809116497285445,,,,,True
lstm,exclude_covid,lstm/exclude_covid,1,neighborhood,Back Bay/Beacon Hill/Downtown/North End/West End,overall,0.9,IT90,56.35007606954225,46,2.0,0.043478260869565216,0.0,0.0,2.0,44.0,0.0,,,0.0,0.0,0.0,0.0,0.0,,0.9565217391304348,0.0,0.029978550915077087,0.04158790170132326,0.2791521166329193,,,,,True
lstm,exclude_covid,lstm/exclude_covid,1,neighborhood,Back Bay/Beacon Hill/Downtown/North End/West End,overall,0.98,IT98,80.35966190257739,46,0.0,0.0,0.0,0.0,0.0,46.0,,,,0.0,,,,,,1.0,,1.8853319667917402e-05,0.0,,,,,,True
lstm,exclude_covid,lstm/exclude_covid,1,neighborhood,Back Bay/Beacon Hill/Downtown/North End/West End,flu_season,,bands,,26,,,,,,,,,,,,,,,,,,,,,0.8846153846153846,1.0,0.7382550335570469,-0.038461538461538464,False
lstm,exclude_covid,lstm/exclude_covid,1,neighborhood,Back Bay/Beacon Hill/Downtown/North End/West End,flu_season,0.5,IT50,32.35361456388361,26,3.0,0.11538461538461539,3.0,1.0,0.0,22.0,1.0,0.25,0.75,0.043478260869565216,0.75,0.8571428571428571,0.9565217391304348,0.8354430379746836,0.8469895538599198,0.9615384615384616,1.3333333333333333,0.02363002796535136,0.10207100591715977,0.7684942187742388,,,,,True
lstm,exclude_covid,lstm/exclude_covid,1,neighborhood,Back Bay/Beacon Hill/Downtown/North End/West End,flu_season,0.9,IT90,56.35007606954225,26,2.0,0.07692307692307693,0.0,0.0,2.0,24.0,0.0,,,0.0,0.0,0.0,0.0,0.0,,0.9230769230769231,0.0,0.05303897469590561,0.07100591715976333,0.2530344396993296,,,,,True
lstm,exclude_covid,lstm/exclude_covid,1,neighborhood,Back Bay/Beacon Hill/Downtown/North End/West End,flu_season,0.98,IT98,80.35966190257739,26,0.0,0.0,0.0,0.0,0.0,26.0,,,,0.0,,,,,,1.0,,3.3355873258623096e-05,0.0,,,,,,True
lstm,exclude_covid,lstm/exclude_covid,1,neighborhood,Charlestown,overall,,bands,,35,,,,,,,,,,,,,,,,,,,,,0.8857142857142857,0.9714285714285714,0.5454545454545454,-0.08571428571428572,False
lstm,exclude_covid,lstm/exclude_covid,1,neighborhood,Charlestown,overall,0.5,IT50,44.544403832795176,35,4.0,0.11428571428571428,3.0,1.0,1.0,30.0,0.75,0.25,0.75,0.03225806451612903,0.6,0.75,0.717741935483871,0.717741935483871,0.717741935483871,0.9428571428571428,1.0,0.04531683474882478,0.10122448979591839,0.5523135276829811,,,,,True
lstm,exclude_covid,lstm/exclude_covid,1,neighborhood,Charlestown,overall,0.9,IT90,75.51034339625782,35,3.0,0.08571428571428572,0.0,0.0,3.0,32.0,0.0,,,0.0,0.0,0.0,0.0,0.0,,0.9142857142857143,0.0,0.06281220556089116,0.0783673469387755,0.19849008529071166,,,,,True
lstm,exclude_covid,lstm/exclude_covid,1,neighborhood,Charlestown,overall,0.98,IT98,105.83479691598406,35,0.0,0.0,0.0,0.0,0.0,35.0,,,,0.0,,,,,,1.0,,8.308699231338311e-05,0.0,,,,,,True
lstm,exclude_covid,lstm/exclude_covid,1,neighborhood,Charlestown,flu_season,,bands,,21,,,,,,,,,,,,,,,,,,,,,0.8095238095238095,0.9523809523809523,0.5116279069767442,-0.14285714285714285,False
lstm,exclude_covid,lstm/exclude_covid,1,neighborhood,Charlestown,flu_season,0.5,IT50,44.544403832795176,21,4.0,0.19047619047619047,3.0,1.0,1.0,16.0,0.75,0.25,0.75,0.058823529411764705,0.6,0.75,0.6911764705882353,0.6911764705882353,0.6911764705882353,0.9047619047619048,1.0,0.07552805734534714,0.1541950113378685,0.5101783339809105,,,,,True
lstm,exclude_covid,lstm/exclude_covid,1,neighborhood,Charlestown,flu_season,0.9,IT90,75.51034339625782,21,3.0,0.14285714285714285,0.0,0.0,3.0,18.0,0.0,,,0.0,0.0,0.0,0.0,0.0,,0.8571428571428571,0.0,0.10468700926815194,0.12244897959183672,0.14505609097675898,,,,,True
lstm,exclude_covid,lstm/exclude_covid,1,neighborhood,Charlestown,flu_season,0.98,IT98,105.83479691598406,21,0.0,0.0,0.0,0.0,0.0,21.0,,,,0.0,,,,,,1.0,,0.0001384783205223052,0.0,,,,,,True
lstm,exclude_covid,lstm/exclude_covid,1,neighborhood,Dorchester,overall,,bands,,49,,,,,,,,,,,,,,,,,,,,,0.9183673469387755,1.0,0.6927899686520376,0.04081632653061224,False
lstm,exclude_covid,lstm/exclude_covid,1,neighborhood,Dorchester,overall,0.5,IT50,157.0086457734027,49,4.0,0.08163265306122448,3.0,1.0,1.0,44.0,0.75,0.25,0.75,0.022222222222222223,0.6,0.75,0.7277777777777777,0.7277777777777777,0.7277777777777777,0.9591836734693877,1.0,0.0397240815149636,0.07496876301541025,0.4701248904587355,,,,,True
lstm,exclude_covid,lstm/exclude_covid,1,neighborhood,Dorchester,overall,0.9,IT90,264.26252974322875,49,0.0,0.0,0.0,2.0,0.0,47.0,,1.0,0.0,0.04081632653061224,0.0,0.0,,0.0,,0.9591836734693877,,0.021553806209767726,0.0,,,,,,True
lstm,exclude_covid,lstm/exclude_covid,1,neighborhood,Dorchester,overall,0.98,IT98,368.7005757586777,49,0.0,0.0,0.0,0.0,0.0,49.0,,,,0.0,,,,,,1.0,,2.7363386606890626e-06,0.0,,,,,,True
lstm,exclude_covid,lstm/exclude_covid,1,neighborhood,Dorchester,flu_season,,bands,,26,,,,,,,,,,,,,,,,,,,,,0.8461538461538461,1.0,0.6708860759493671,0.07692307692307693,False
lstm,exclude_covid,lstm/exclude_covid,1,neighborhood,Dorchester,flu_season,0.5,IT50,157.0086457734027,26,4.0,0.15384615384615385,3.0,1.0,1.0,21.0,0.75,0.25,0.75,0.045454545454545456,0.6,0.75,0.7045454545454546,0.7045454545454546,0.7045454545454546,0.9230769230769231,1.0,0.07486461516281602,0.13017751479289943,0.4249036380674589,,,,,True
lstm,exclude_covid,lstm/exclude_covid,1,neighborhood,Dorchester,flu_season,0.9,IT90,264.26252974322875,26,0.0,0.0,0.0,2.0,0.0,24.0,,1.0,0.0,0.07692307692307693,0.0,0.0,,0.0,,0.9230769230769231,,0.04062063477994687,0.0,,,,,,True
lstm,exclude_covid,lstm/exclude_covid,1,neighborhood,Dorchester,flu_season,0.98,IT98,368.7005757586777,26,0.0,0.0,0.0,0.0,0.0,26.0,,,,0.0,,,,,,1.0,,5.156945937452464e-06,0.0,,,,,,True
lstm,exclude_covid,lstm/exclude_covid,1,neighborhood,East Boston,overall,,bands,,44,,,,,,,,,,,,,,,,,,,,,0.9318181818181818,1.0,0.8081395348837209,0.022727272727272728,False
lstm,exclude_covid,lstm/exclude_covid,1,neighborhood,East Boston,overall,0.5,IT50,32.38969817502224,44,4.0,0.09090909090909091,3.0,1.0,1.0,39.0,0.75,0.25,0.75,0.025,0.6,0.75,0.725,0.725,0.725,0.9545454545454546,1.0,0.03903443148979913,0.08264462809917356,0.5276833789734305,,,,,True
lstm,exclude_covid,lstm/exclude_covid,1,neighborhood,East Boston,overall,0.9,IT90,56.982258100156095,44,1.0,0.022727272727272728,1.0,1.0,0.0,42.0,1.0,0.5,0.5,0.023255813953488372,0.5,0.6666666666666666,0.9767441860465116,0.65625,0.6988362419217079,0.9772727272727273,2.0,0.013397308703533112,0.02221074380165289,0.3968095430223231,,,,,True
lstm,exclude_covid,lstm/exclude_covid,1,neighborhood,East Boston,overall,0.98,IT98,81.78485877953806,44,0.0,0.0,0.0,0.0,0.0,44.0,,,,0.0,,,,,,1.0,,0.00017628450807922617,0.0,,,,,,True
lstm,exclude_covid,lstm/exclude_covid,1,neighborhood,East Boston,flu_season,,bands,,25,,,,,,,,,,,,,,,,,,,,,0.88,1.0,0.7945205479452055,0.04,False
lstm,exclude_covid,lstm/exclude_covid,1,neighborhood,East Boston,flu_season,0.5,IT50,32.38969817502224,25,4.0,0.16,3.0,1.0,1.0,20.0,0.75,0.25,0.75,0.047619047619047616,0.6,0.75,0.7023809523809523,0.7023809523809523,0.7023809523809523,0.92,1.0,0.06870041631581629,0.13439999999999996,0.48883618812636676,,,,,True
lstm,exclude_covid,lstm/exclude_covid,1,neighborhood,East Boston,flu_season,0.9,IT90,56.982258100156095,25,1.0,0.04,1.0,1.0,0.0,23.0,1.0,0.5,0.5,0.041666666666666664,0.5,0.6666666666666666,0.9583333333333334,0.647887323943662,0.6922186552431729,0.96,2.0,0.023579263318218274,0.03840000000000001,0.3859566844213993,,,,,True
lstm,exclude_covid,lstm/exclude_covid,1,neighborhood,East Boston,flu_season,0.98,IT98,81.78485877953806,25,0.0,0.0,0.0,0.0,0.0,25.0,,,,0.0,,,,,,1.0,,0.0003102607342194381,0.0,,,,,,True
lstm,exclude_covid,lstm/exclude_covid,1,neighborhood,Fenway,overall,,bands,,43,,,,,,,,,,,,,,,,,,,,,0.9069767441860465,1.0,0.2892561983471075,0.046511627906976744,False
lstm,exclude_covid,lstm/exclude_covid,1,neighborhood,Fenway,overall,0.5,IT50,19.789042860168028,43,2.0,0.046511627906976744,1.0,3.0,1.0,38.0,0.5,0.75,0.25,0.07317073170731707,0.2,0.3333333333333333,0.4268292682926829,0.2892561983471074,0.30945593686426154,0.9069767441860465,2.0,0.04998719595437272,0.04434829637641969,-0.1271503087760384,,,,,True
lstm,exclude_covid,lstm/exclude_covid,1,neighborhood,Fenway,overall,0.9,IT90,31.717921949528318,43,0.0,0.0,0.0,0.0,0.0,43.0,,,,0.0,,,,,,1.0,,0.004943961488171657,0.0,,,,,,True
lstm,exclude_covid,lstm/exclude_covid,1,neighborhood,Fenway,overall,0.98,IT98,42.89052071415166,43,0.0,0.0,0.0,0.0,0.0,43.0,,,,0.0,,,,,,1.0,,0.00014673609292133085,0.0,,,,,,True
lstm,exclude_covid,lstm/exclude_covid,1,neighborhood,Fenway,flu_season,,bands,,25,,,,,,,,,,,,,,,,,,,,,0.84,1.0,0.25373134328358204,0.08,False
lstm,exclude_covid,lstm/exclude_covid,1,neighborhood,Fenway,flu_season,0.5,IT50,19.789042860168028,25,2.0,0.08,1.0,3.0,1.0,20.0,0.5,0.75,0.25,0.13043478260869565,0.2,0.3333333333333333,0.3695652173913043,0.2537313432835821,0.27348301713730944,0.84,2.0,0.0859664641461505,0.0736,-0.16802261068139268,,,,,True
lstm,exclude_covid,lstm/exclude_covid,1,neighborhood,Fenway,flu_season,0.9,IT90,31.717921949528318,25,0.0,0.0,0.0,0.0,0.0,25.0,,,,0.0,,,,,,1.0,,0.008503613755600534,0.0,,,,,,True
lstm,exclude_covid,lstm/exclude_covid,1,neighborhood,Fenway,flu_season,0.98,IT98,42.89052071415166,25,0.0,0.0,0.0,0.0,0.0,25.0,,,,0.0,,,,,,1.0,,0.000252386079824689,0.0,,,,,,True
lstm,exclude_covid,lstm/exclude_covid,1,neighborhood,Hyde Park,overall,,bands,,46,,,,,,,,,,,,,,,,,,,,,0.9347826086956522,1.0,0.5369127516778524,0.021739130434782608,False
lstm,exclude_covid,lstm/exclude_covid,1,neighborhood,Hyde Park,overall,0.5,IT50,59.73762940735334,46,3.0,0.06521739130434782,2.0,2.0,1.0,41.0,0.6666666666666666,0.5,0.5,0.046511627906976744,0.4,0.5714285714285714,0.6201550387596899,0.5369127516778524,0.5434260972928149,0.9347826086956522,1.3333333333333333,0.045558231841097425,0.060964083175803395,0.25270373197083595,,,,,True
lstm,exclude_covid,lstm/exclude_covid,1,neighborhood,Hyde Park,overall,0.9,IT90,98.70163927662223,46,0.0,0.0,0.0,0.0,0.0,46.0,,,,0.0,,,,,,1.0,,0.005271166118932857,0.0,,,,,,True
lstm,exclude_covid,lstm/exclude_covid,1,neighborhood,Hyde Park,overall,0.98,IT98,136.08880333365826,46,0.0,0.0,0.0,0.0,0.0,46.0,,,,0.0,,,,,,1.0,,5.7852327236181675e-06,0.0,,,,,,True
lstm,exclude_covid,lstm/exclude_covid,1,neighborhood,Hyde Park,flu_season,,bands,,25,,,,,,,,,,,,,,,,,,,,,0.88,1.0,0.5033112582781456,0.04,False
lstm,exclude_covid,lstm/exclude_covid,1,neighborhood,Hyde Park,flu_season,0.5,IT50,59.73762940735334,25,3.0,0.12,2.0,2.0,1.0,20.0,0.6666666666666666,0.5,0.5,0.09090909090909091,0.4,0.5714285714285714,0.5757575757575757,0.5033112582781457,0.5103545438827408,0.88,1.3333333333333333,0.08382714639710147,0.1056,0.20618232578502393,,,,,True
lstm,exclude_covid,lstm/exclude_covid,1,neighborhood,Hyde Park,flu_season,0.9,IT90,98.70163927662223,25,0.0,0.0,0.0,0.0,0.0,25.0,,,,0.0,,,,,,1.0,,0.009698945658836458,0.0,,,,,,True
lstm,exclude_covid,lstm/exclude_covid,1,neighborhood,Hyde Park,flu_season,0.98,IT98,136.08880333365826,25,0.0,0.0,0.0,0.0,0.0,25.0,,,,0.0,,,,,,1.0,,1.0644828211457428e-05,0.0,,,,,,True
lstm,exclude_covid,lstm/exclude_covid,1,neighborhood,Jamaica Plain,overall,,bands,,46,,,,,,,,,,,,,,,,,,,,,0.9130434782608695,1.0,0.7591623036649214,-0.08695652173913043,False
lstm,exclude_covid,lstm/exclude_covid,1,neighborhood,Jamaica Plain,overall,0.5,IT50,30.1329000930458,46,5.0,0.10869565217391304,4.0,0.0,1.0,41.0,0.8,0.0,1.0,0.0,0.8,0.8888888888888888,0.8,0.8770053475935828,0.8837151016885368,0.9782608695652174,0.8,0.020394211825460983,0.09688090737240074,0.789491940377193,,,,,False
lstm,exclude_covid,lstm/exclude_covid,1,neighborhood,Jamaica Plain,overall,0.9,IT90,48.93353508945714,46,3.0,0.06521739130434782,0.0,0.0,3.0,43.0,0.0,,,0.0,0.0,0.0,0.0,0.0,,0.9347826086956522,0.0,0.028800161963347844,0.060964083175803395,0.527588040973302,,,,,True
lstm,exclude_covid,lstm/exclude_covid,1,neighborhood,Jamaica Plain,overall,0.98,IT98,66.72678487426273,46,0.0,0.0,0.0,0.0,0.0,46.0,,,,0.0,,,,,,1.0,,0.0003205345635383196,0.0,,,,,,True
lstm,exclude_covid,lstm/exclude_covid,1,neighborhood,Jamaica Plain,flu_season,,bands,,24,,,,,,,,,,,,,,,,,,,,,0.8333333333333334,1.0,0.7391304347826086,-0.16666666666666666,False
lstm,exclude_covid,lstm/exclude_covid,1,neighborhood,Jamaica Plain,flu_season,0.5,IT50,30.1329000930458,24,5.0,0.20833333333333334,4.0,0.0,1.0,19.0,0.8,0.0,1.0,0.0,0.8,0.8888888888888888,0.8,0.8636363636363636,0.8717797887081347,0.9583333333333334,0.8,0.03908294928923498,0.16493055555555555,0.7630339074673753,,,,,False
lstm,exclude_covid,lstm/exclude_covid,1,neighborhood,Jamaica Plain,flu_season,0.9,IT90,48.93353508945714,24,3.0,0.125,0.0,0.0,3.0,21.0,0.0,,,0.0,0.0,0.0,0.0,0.0,,0.875,0.0,0.055200310429719436,0.109375,0.495311447499708,,,,,True
lstm,exclude_covid,lstm/exclude_covid,1,neighborhood,Jamaica Plain,flu_season,0.98,IT98,66.72678487426273,24,0.0,0.0,0.0,0.0,0.0,24.0,,,,0.0,,,,,,1.0,,0.000614357913448446,0.0,,,,,,True
lstm,exclude_covid,lstm/exclude_covid,1,neighborhood,Mattapan,overall,,bands,,47,,,,,,,,,,,,,,,,,,,,,0.9787234042553191,1.0,0.8459016393442623,0.02127659574468085,False
lstm,exclude_covid,lstm/exclude_covid,1,neighborhood,Mattapan,overall,0.5,IT50,75.36060630157071,47,3.0,0.06382978723404255,3.0,1.0,0.0,43.0,1.0,0.25,0.75,0.022727272727272728,0.75,0.8571428571428571,0.9772727272727273,0.8459016393442623,0.856127645538062,0.9787234042553191,1.3333333333333333,0.010437753788898014,0.05975554549569943,0.8253257718206386,,,,,True
lstm,exclude_covid,lstm/exclude_covid,1,neighborhood,Mattapan,overall,0.9,IT90,114.4266389550119,47,0.0,0.0,0.0,0.0,0.0,47.0,,,,0.0,,,,,,1.0,,0.0013256091358752249,0.0,,,,,,True
lstm,exclude_covid,lstm/exclude_covid,1,neighborhood,Mattapan,overall,0.98,IT98,149.46970387636378,47,0.0,0.0,0.0,0.0,0.0,47.0,,,,0.0,,,,,,1.0,,6.255035069153593e-07,0.0,,,,,,True
lstm,exclude_covid,lstm/exclude_covid,1,neighborhood,Mattapan,flu_season,,bands,,26,,,,,,,,,,,,,,,,,,,,,0.9615384615384616,1.0,0.8354430379746836,0.038461538461538464,False
lstm,exclude_covid,lstm/exclude_covid,1,neighborhood,Mattapan,flu_season,0.5,IT50,75.36060630157071,26,3.0,0.11538461538461539,3.0,1.0,0.0,22.0,1.0,0.25,0.75,0.043478260869565216,0.75,0.8571428571428571,0.9565217391304348,0.8354430379746836,0.8469895538599198,0.9615384615384616,1.3333333333333333,0.01886824641473029,0.10207100591715977,0.8151458757049612,,,,,True
lstm,exclude_covid,lstm/exclude_covid,1,neighborhood,Mattapan,flu_season,0.9,IT90,114.4266389550119,26,0.0,0.0,0.0,0.0,0.0,26.0,,,,0.0,,,,,,1.0,,0.002396293437928291,0.0,,,,,,True
lstm,exclude_covid,lstm/exclude_covid,1,neighborhood,Mattapan,flu_season,0.98,IT98,149.46970387636378,26,0.0,0.0,0.0,0.0,0.0,26.0,,,,0.0,,,,,,1.0,,1.130717877885457e-06,0.0,,,,,,True
lstm,exclude_covid,lstm/exclude_covid,1,neighborhood,Roslindale,overall,,bands,,42,,,,,,,,,,,,,,,,,,,,,0.9047619047619048,1.0,0.7818181818181819,-0.047619047619047616,False
lstm,exclude_covid,lstm/exclude_covid,1,neighborhood,Roslindale,overall,0.5,IT50,83.12526323754497,42,4.0,0.09523809523809523,3.0,1.0,1.0,37.0,0.75,0.25,0.75,0.02631578947368421,0.6,0.75,0.7236842105263158,0.7236842105263158,0.7236842105263158,0.9523809523809523,1.0,0.031419201771515304,0.08616780045351476,0.6353718952305725,,,,,True
lstm,exclude_covid,lstm/exclude_covid,1,neighborhood,Roslindale,overall,0.9,IT90,133.65502394030972,42,3.0,0.07142857142857142,1.0,0.0,2.0,39.0,0.3333333333333333,0.0,1.0,0.0,0.3333333333333333,0.5,0.3333333333333333,0.48148148148148145,0.563092506371473,0.9523809523809523,0.3333333333333333,0.03146555212602805,0.06632653061224489,0.5255962910229617,,,,,True
lstm,exclude_covid,lstm/exclude_covid,1,neighborhood,Roslindale,overall,0.98,IT98,181.10052866383202,42,0.0,0.0,0.0,0.0,0.0,42.0,,,,0.0,,,,,,1.0,,1.9297651040842844e-05,0.0,,,,,,True
lstm,exclude_covid,lstm/exclude_covid,1,neighborhood,Roslindale,flu_season,,bands,,26,,,,,,,,,,,,,,,,,,,,,0.8461538461538461,1.0,0.7688888888888888,-0.07692307692307693,False
lstm,exclude_covid,lstm/exclude_covid,1,neighborhood,Roslindale,flu_season,0.5,IT50,83.12526323754497,26,4.0,0.15384615384615385,3.0,1.0,1.0,21.0,0.75,0.25,0.75,0.045454545454545456,0.6,0.75,0.7045454545454546,0.7045454545454546,0.7045454545454546,0.9230769230769231,1.0,0.050754095166853225,0.13017751479289943,0.6101162689455366,,,,,True
lstm,exclude_covid,lstm/exclude_covid,1,neighborhood,Roslindale,flu_season,0.9,IT90,133.65502394030972,26,3.0,0.11538461538461539,1.0,0.0,2.0,23.0,0.3333333333333333,0.0,1.0,0.0,0.3333333333333333,0.5,0.3333333333333333,0.46938775510204084,0.5537749241945383,0.9230769230769231,0.3333333333333333,0.050828968818968395,0.10207100591715977,0.5020234359185125,,,,,True
lstm,exclude_covid,lstm/exclude_covid,1,neighborhood,Roslindale,flu_season,0.98,IT98,181.10052866383202,26,0.0,0.0,0.0,0.0,0.0,26.0,,,,0.0,,,,,,1.0,,3.117312860443844e-05,0.0,,,,,,True
lstm,exclude_covid,lstm/exclude_covid,1,neighborhood,Roxbury,overall,,bands,,49,,,,,,,,,,,,,,,,,,,,,0.8979591836734694,0.9795918367346939,0.46739130434782605,0.04081632653061224,False
lstm,exclude_covid,lstm/exclude_covid,1,neighborhood,Roxbury,overall,0.5,IT50,138.88545502174753,49,3.0,0.061224489795918366,2.0,2.0,1.0,44.0,0.6666666666666666,0.5,0.5,0.043478260869565216,0.4,0.5714285714285714,0.6231884057971014,0.5391849529780565,0.5456606744659314,0.9387755102040817,1.3333333333333333,0.060216271318571706,0.057476051645147866,-0.04767585098471483,,,,,True
lstm,exclude_covid,lstm/exclude_covid,1,neighborhood,Roxbury,overall,0.9,IT90,231.9483227351807,49,1.0,0.02040816326530612,0.0,2.0,1.0,46.0,0.0,1.0,0.0,0.041666666666666664,0.0,0.0,-0.041666666666666664,-0.027972027972027972,-0.029774566708770683,0.9387755102040817,2.0,0.037603121685431604,0.01999167013744273,-0.8809394826400267,,,,,True
lstm,exclude_covid,lstm/exclude_covid,1,neighborhood,Roxbury,overall,0.98,IT98,322.0096816211373,49,0.0,0.0,0.0,0.0,0.0,49.0,,,,0.0,,,,,,1.0,,9.995170333667147e-06,0.0,,,,,,True
lstm,exclude_covid,lstm/exclude_covid,1,neighborhood,Roxbury,flu_season,,bands,,26,,,,,,,,,,,,,,,,,,,,,0.8076923076923077,0.9615384615384616,0.4347826086956521,0.07692307692307693,False
lstm,exclude_covid,lstm/exclude_covid,1,neighborhood,Roxbury,flu_season,0.5,IT50,138.88545502174753,26,3.0,0.11538461538461539,2.0,2.0,1.0,21.0,0.6666666666666666,0.5,0.5,0.08695652173913043,0.4,0.5714285714285714,0.5797101449275361,0.5063291139240507,0.5133270023393454,0.8846153846153846,1.3333333333333333,0.1134845113311366,0.10207100591715977,-0.11181927043258466,,,,,True
lstm,exclude_covid,lstm/exclude_covid,1,neighborhood,Roxbury,flu_season,0.9,IT90,231.9483227351807,26,1.0,0.038461538461538464,0.0,2.0,1.0,23.0,0.0,1.0,0.0,0.08,0.0,0.0,-0.08,-0.05405405405405406,-0.05773502691896257,0.8846153846153846,2.0,0.07086742163792879,0.036982248520710054,-0.9162550810895949,,,,,True
lstm,exclude_covid,lstm/exclude_covid,1,neighborhood,Roxbury,flu_season,0.98,IT98,322.0096816211373,26,0.0,0.0,0.0,0.0,0.0,26.0,,,,0.0,,,,,,1.0,,1.883705178268039e-05,0.0,,,,,,True
lstm,exclude_covid,lstm/exclude_covid,1,neighborhood,South Boston,overall,,bands,,42,,,,,,,,,,,,,,,,,,,,,0.9047619047619048,1.0,0.6888888888888889,0.047619047619047616,False
lstm,exclude_covid,lstm/exclude_covid,1,neighborhood,South Boston,overall,0.5,IT50,31.63670795756643,42,4.0,0.09523809523809523,3.0,1.0,1.0,37.0,0.75,0.25,0.75,0.02631578947368421,0.6,0.75,0.7236842105263158,0.7236842105263158,0.7236842105263158,0.9523809523809523,1.0,0.036772255692671625,0.08616780045351476,0.5732482957771531,,,,,True
lstm,exclude_covid,lstm/exclude_covid,1,neighborhood,South Boston,overall,0.9,IT90,60.18982141922808,42,0.0,0.0,0.0,2.0,0.0,40.0,,1.0,0.0,0.047619047619047616,0.0,0.0,,0.0,,0.9523809523809523,,0.018705683281073967,0.0,,,,,,True
lstm,exclude_covid,lstm/exclude_covid,1,neighborhood,South Boston,overall,0.98,IT98,90.82483767314203,42,0.0,0.0,0.0,0.0,0.0,42.0,,,,0.0,,,,,,1.0,,0.00010516083155465343,0.0,,,,,,True
lstm,exclude_covid,lstm/exclude_covid,1,neighborhood,South Boston,flu_season,,bands,,25,,,,,,,,,,,,,,,,,,,,,0.84,1.0,0.6688741721854305,0.08,False
lstm,exclude_covid,lstm/exclude_covid,1,neighborhood,South Boston,flu_season,0.5,IT50,31.63670795756643,25,4.0,0.16,3.0,1.0,1.0,20.0,0.75,0.25,0.75,0.047619047619047616,0.6,0.75,0.7023809523809523,0.7023809523809523,0.7023809523809523,0.92,1.0,0.0617766292324265,0.13439999999999996,0.5403524610682551,,,,,True
lstm,exclude_covid,lstm/exclude_covid,1,neighborhood,South Boston,flu_season,0.9,IT90,60.18982141922808,25,0.0,0.0,0.0,2.0,0.0,23.0,,1.0,0.0,0.08,0.0,0.0,,0.0,,0.92,,0.03142554791220427,0.0,,,,,,True
lstm,exclude_covid,lstm/exclude_covid,1,neighborhood,South Boston,flu_season,0.98,IT98,90.82483767314203,25,0.0,0.0,0.0,0.0,0.0,25.0,,,,0.0,,,,,,1.0,,0.00017667019701181775,0.0,,,,,,True
lstm,exclude_covid,lstm/exclude_covid,1,neighborhood,South End,overall,,bands,,49,,,,,,,,,,,,,,,,,,,,,0.9183673469387755,1.0,0.6927899686520376,0.04081632653061224,False
lstm,exclude_covid,lstm/exclude_covid,1,neighborhood,South End,overall,0.5,IT50,82.00792145914704,49,4.0,0.08163265306122448,3.0,1.0,1.0,44.0,0.75,0.25,0.75,0.022222222222222223,0.6,0.75,0.7277777777777777,0.7277777777777777,0.7277777777777777,0.9591836734693877,1.0,0.03766798169897377,0.07496876301541025,0.4975509774486888,,,,,True
lstm,exclude_covid,lstm/exclude_covid,1,neighborhood,South End,overall,0.9,IT90,134.00251631923587,49,0.0,0.0,0.0,2.0,0.0,47.0,,1.0,0.0,0.04081632653061224,0.0,0.0,,0.0,,0.9591836734693877,,0.023157596626564143,0.0,,,,,,True
lstm,exclude_covid,lstm/exclude_covid,1,neighborhood,South End,overall,0.98,IT98,183.45444562568642,49,0.0,0.0,0.0,0.0,0.0,49.0,,,,0.0,,,,,,1.0,,0.00033442383559463134,0.0,,,,,,True
lstm,exclude_covid,lstm/exclude_covid,1,neighborhood,South End,flu_season,,bands,,26,,,,,,,,,,,,,,,,,,,,,0.8461538461538461,1.0,0.6708860759493671,0.07692307692307693,False
lstm,exclude_covid,lstm/exclude_covid,1,neighborhood,South End,flu_season,0.5,IT50,82.00792145914704,26,4.0,0.15384615384615385,3.0,1.0,1.0,21.0,0.75,0.25,0.75,0.045454545454545456,0.6,0.75,0.7045454545454546,0.7045454545454546,0.7045454545454546,0.9230769230769231,1.0,0.07098965781657117,0.13017751479289943,0.4546703558636125,,,,,True
lstm,exclude_covid,lstm/exclude_covid,1,neighborhood,South End,flu_season,0.9,IT90,134.00251631923587,26,0.0,0.0,0.0,2.0,0.0,24.0,,1.0,0.0,0.07692307692307693,0.0,0.0,,0.0,,0.9230769230769231,,0.043643162873140115,0.0,,,,,,True
lstm,exclude_covid,lstm/exclude_covid,1,neighborhood,South End,flu_season,0.98,IT98,183.45444562568642,26,0.0,0.0,0.0,0.0,0.0,26.0,,,,0.0,,,,,,1.0,,0.0006302603055437282,0.0,,,,,,True
lstm,exclude_covid,lstm/exclude_covid,1,neighborhood,West Roxbury,overall,,bands,,40,,,,,,,,,,,,,,,,,,,,,0.9,0.95,0.5901639344262295,-0.1,False
lstm,exclude_covid,lstm/exclude_covid,1,neighborhood,West Roxbury,overall,0.5,IT50,37.349459967580074,40,3.0,0.075,3.0,1.0,0.0,36.0,1.0,0.25,0.75,0.02702702702702703,0.75,0.8571428571428571,0.972972972972973,0.84375,0.8542421961772492,0.975,1.3333333333333333,0.012159876281665557,0.06937499999999999,0.824722504048064,,,,,True
lstm,exclude_covid,lstm/exclude_covid,1,neighborhood,West Roxbury,overall,0.9,IT90,59.59981304845178,40,3.0,0.075,0.0,0.0,3.0,37.0,0.0,,,0.0,0.0,0.0,0.0,0.0,,0.925,0.0,0.03573905363816481,0.06937499999999999,0.4848424700805072,,,,,True
lstm,exclude_covid,lstm/exclude_covid,1,neighborhood,West Roxbury,overall,0.98,IT98,80.36625284929092,40,2.0,0.05,0.0,0.0,2.0,38.0,0.0,,,0.0,0.0,0.0,0.0,0.0,,0.95,0.0,0.04660394187915446,0.047499999999999994,0.01886438149148495,,,,,True
lstm,exclude_covid,lstm/exclude_covid,1,neighborhood,West Roxbury,flu_season,,bands,,25,,,,,,,,,,,,,,,,,,,,,0.84,0.92,0.5733788395904438,-0.16,False
lstm,exclude_covid,lstm/exclude_covid,1,neighborhood,West Roxbury,flu_season,0.5,IT50,37.349459967580074,25,3.0,0.12,3.0,1.0,0.0,21.0,1.0,0.25,0.75,0.045454545454545456,0.75,0.8571428571428571,0.9545454545454546,0.8344370860927153,0.8461141122266493,0.96,1.3333333333333333,0.019455737644794822,0.1056,0.8157600601818672,,,,,True
lstm,exclude_covid,lstm/exclude_covid,1,neighborhood,West Roxbury,flu_season,0.9,IT90,59.59981304845178,25,3.0,0.12,0.0,0.0,3.0,22.0,0.0,,,0.0,0.0,0.0,0.0,0.0,,0.88,0.0,0.0571824858210637,0.1056,0.4584991873005331,,,,,True
lstm,exclude_covid,lstm/exclude_covid,1,neighborhood,West Roxbury,flu_season,0.98,IT98,80.36625284929092,25,2.0,0.08,0.0,0.0,2.0,23.0,0.0,,,0.0,0.0,0.0,0.0,0.0,,0.92,0.0,0.07456630700664714,0.0736,-0.01312917128596669,,,,,True
lstm,post_covid,lstm/post_covid,1,citywide,CITYWIDE,overall,,bands,,49,,,,,,,,,,,,,,,,,,,,,0.9387755102040817,1.0,0.7054108216432866,-0.02040816326530612,False
lstm,post_covid,lstm/post_covid,1,citywide,CITYWIDE,overall,0.5,IT50,60.20679524890062,49,4.0,0.08163265306122448,3.0,1.0,1.0,44.0,0.75,0.25,0.75,0.022222222222222223,0.6,0.75,0.7277777777777777,0.7277777777777777,0.7277777777777777,0.9591836734693877,1.0,0.03037287970563756,0.07496876301541025,0.5948595323709123,,,,,True
lstm,post_covid,lstm/post_covid,1,citywide,CITYWIDE,overall,0.9,IT90,98.17566769051967,49,1.0,0.02040816326530612,0.0,0.0,1.0,48.0,0.0,,,0.0,0.0,0.0,0.0,0.0,,0.9795918367346939,0.0,0.021442800704227286,0.01999167013744273,-0.07258676022603572,,,,,True
lstm,post_covid,lstm/post_covid,1,citywide,CITYWIDE,overall,0.98,IT98,134.22833796478614,49,0.0,0.0,0.0,0.0,0.0,49.0,,,,0.0,,,,,,1.0,,6.2576035906794175e-06,0.0,,,,,,True
lstm,post_covid,lstm/post_covid,1,citywide,CITYWIDE,flu_season,,bands,,26,,,,,,,,,,,,,,,,,,,,,0.8846153846153846,1.0,0.6829268292682926,-0.038461538461538464,False
lstm,post_covid,lstm/post_covid,1,citywide,CITYWIDE,flu_season,0.5,IT50,60.20679524890062,26,4.0,0.15384615384615385,3.0,1.0,1.0,21.0,0.75,0.25,0.75,0.045454545454545456,0.6,0.75,0.7045454545454546,0.7045454545454546,0.7045454545454546,0.9230769230769231,1.0,0.05724119550488781,0.13017751479289943,0.5602835436215438,,,,,True
lstm,post_covid,lstm/post_covid,1,citywide,CITYWIDE,flu_season,0.9,IT90,98.17566769051967,26,1.0,0.038461538461538464,0.0,0.0,1.0,25.0,0.0,,,0.0,0.0,0.0,0.0,0.0,,0.9615384615384616,0.0,0.04041143209642835,0.036982248520710054,-0.09272512388742271,,,,,True
lstm,post_covid,lstm/post_covid,1,citywide,CITYWIDE,flu_season,0.98,IT98,134.22833796478614,26,0.0,0.0,0.0,0.0,0.0,26.0,,,,0.0,,,,,,1.0,,1.1793175997818902e-05,0.0,,,,,,True
lstm,post_covid,lstm/post_covid,1,pooled,ALL,overall,,bands,,627,,,,,,,,,,,,,,,,,,,,,0.9393939393939394,0.9936204146730463,0.6696522655426764,-0.03827751196172249,False
lstm,post_covid,lstm/post_covid,1,pooled,ALL,overall,0.5,IT50,,627,51.0,0.08133971291866028,38.0,9.0,13.0,567.0,0.7450980392156863,0.19148936170212766,0.8085106382978723,0.015625,0.6333333333333333,0.7755102040816326,0.7294730392156863,0.7565134505401399,0.7572558714079669,0.9649122807017544,0.9215686274509803,0.03056315569454881,0.07472356402097019,0.590983699787504,,,,,False
lstm,post_covid,lstm/post_covid,1,pooled,ALL,overall,0.9,IT90,,627,18.0,0.028708133971291867,0.0,0.0,18.0,609.0,0.0,,,0.0,0.0,0.0,0.0,0.0,,0.9712918660287081,0.0,0.021727271624337886,0.02788397701517821,0.22079724809301837,,,,,False
lstm,post_covid,lstm/post_covid,1,pooled,ALL,overall,0.98,IT98,,627,2.0,0.003189792663476874,0.0,0.0,2.0,625.0,0.0,,,0.0,0.0,0.0,0.0,0.0,,0.9968102073365231,0.0,0.0031040109399624585,0.0031796178862409027,0.023778626546798853,,,,,True
lstm,post_covid,lstm/post_covid,1,pooled,ALL,flu_season,,bands,,352,,,,,,,,,,,,,,,,,,,,,0.8920454545454546,0.9886363636363636,0.6504468718967229,-0.06818181818181818,False
lstm,post_covid,lstm/post_covid,1,pooled,ALL,flu_season,0.5,IT50,,352,51.0,0.14488636363636365,38.0,9.0,13.0,292.0,0.7450980392156863,0.19148936170212766,0.8085106382978723,0.029900332225913623,0.6333333333333333,0.7755102040816326,0.7151977069897727,0.7392768163760016,0.7401088554368934,0.9375,0.9215686274509803,0.054436759087655245,0.12389430526859506,0.5606193604327513,,,,,False
lstm,post_covid,lstm/post_covid,1,pooled,ALL,flu_season,0.9,IT90,,352,18.0,0.05113636363636364,0.0,0.0,18.0,334.0,0.0,,,0.0,0.0,0.0,0.0,0.0,,0.9488636363636364,0.0,0.03870170256811862,0.04852143595041322,0.20237928226876756,,,,,False
lstm,post_covid,lstm/post_covid,1,pooled,ALL,flu_season,0.98,IT98,,352,2.0,0.005681818181818182,0.0,0.0,2.0,350.0,0.0,,,0.0,0.0,0.0,0.0,0.0,,0.9943181818181818,0.0,0.005529019486808128,0.0056495351239669415,0.021331956437893762,,,,,True
lstm,post_covid,lstm/post_covid,1,neighborhood,Allston/Brighton,overall,,bands,,49,,,,,,,,,,,,,,,,,,,,,0.9387755102040817,1.0,0.7835051546391752,-0.061224489795918366,False
lstm,post_covid,lstm/post_covid,1,neighborhood,Allston/Brighton,overall,0.5,IT50,43.17201700312734,49,5.0,0.10204081632653061,4.0,0.0,1.0,44.0,0.8,0.0,1.0,0.0,0.8,0.8888888888888888,0.8,0.8778054862842892,0.8844332774281066,0.9795918367346939,0.8,0.023154518022699876,0.09162848812994587,0.7473000101249891,,,,,False
lstm,post_covid,lstm/post_covid,1,neighborhood,Allston/Brighton,overall,0.9,IT90,72.80812661818143,49,2.0,0.04081632653061224,0.0,0.0,2.0,47.0,0.0,,,0.0,0.0,0.0,0.0,0.0,,0.9591836734693877,0.0,0.028597260266728698,0.03915035401915868,0.26955295850621697,,,,,True
lstm,post_covid,lstm/post_covid,1,neighborhood,Allston/Brighton,overall,0.98,IT98,101.71188922331822,49,0.0,0.0,0.0,0.0,0.0,49.0,,,,0.0,,,,,,1.0,,3.0136942903480084e-05,0.0,,,,,,True
lstm,post_covid,lstm/post_covid,1,neighborhood,Allston/Brighton,flu_season,,bands,,26,,,,,,,,,,,,,,,,,,,,,0.8846153846153846,1.0,0.7664670658682634,-0.11538461538461539,False
lstm,post_covid,lstm/post_covid,1,neighborhood,Allston/Brighton,flu_season,0.5,IT50,43.17201700312734,26,5.0,0.19230769230769232,4.0,0.0,1.0,21.0,0.8,0.0,1.0,0.0,0.8,0.8888888888888888,0.8,0.865979381443299,0.873862897505303,0.9615384615384616,0.8,0.04363718443873627,0.15532544378698226,0.7190596506610885,,,,,False
lstm,post_covid,lstm/post_covid,1,neighborhood,Allston/Brighton,flu_season,0.9,IT90,72.80812661818143,26,2.0,0.07692307692307693,0.0,0.0,2.0,24.0,0.0,,,0.0,0.0,0.0,0.0,0.0,,0.9230769230769231,0.0,0.053894836656527154,0.07100591715976333,0.24098105042057605,,,,,True
lstm,post_covid,lstm/post_covid,1,neighborhood,Allston/Brighton,flu_season,0.98,IT98,101.71188922331822,26,0.0,0.0,0.0,0.0,0.0,26.0,,,,0.0,,,,,,1.0,,5.679654624117401e-05,0.0,,,,,,True
lstm,post_covid,lstm/post_covid,1,neighborhood,Back Bay/Beacon Hill/Downtown/North End/West End,overall,,bands,,46,,,,,,,,,,,,,,,,,,,,,0.9565217391304348,0.9782608695652174,0.5267489711934157,-0.06521739130434782,False
lstm,post_covid,lstm/post_covid,1,neighborhood,Back Bay/Beacon Hill/Downtown/North End/West End,overall,0.5,IT50,32.35361456388361,46,3.0,0.06521739130434782,2.0,0.0,1.0,43.0,0.6666666666666666,0.0,1.0,0.0,0.6666666666666666,0.8,0.6666666666666666,0.7889908256880734,0.8071648849616486,0.9782608695652174,0.6666666666666666,0.017261120855208464,0.060964083175803395,0.7168640951192162,,,,,True
lstm,post_covid,lstm/post_covid,1,neighborhood,Back Bay/Beacon Hill/Downtown/North End/West End,overall,0.9,IT90,56.35007606954225,46,2.0,0.043478260869565216,0.0,0.0,2.0,44.0,0.0,,,0.0,0.0,0.0,0.0,0.0,,0.9565217391304348,0.0,0.03929005895330784,0.04158790170132326,0.055252673350007164,,,,,True
lstm,post_covid,lstm/post_covid,1,neighborhood,Back Bay/Beacon Hill/Downtown/North End/West End,overall,0.98,IT98,80.35966190257739,46,0.0,0.0,0.0,0.0,0.0,46.0,,,,0.0,,,,,,1.0,,8.757480109555246e-08,0.0,,,,,,True
lstm,post_covid,lstm/post_covid,1,neighborhood,Back Bay/Beacon Hill/Downtown/North End/West End,flu_season,,bands,,26,,,,,,,,,,,,,,,,,,,,,0.9230769230769231,0.9615384615384616,0.5112781954887218,-0.11538461538461539,False
lstm,post_covid,lstm/post_covid,1,neighborhood,Back Bay/Beacon Hill/Downtown/North End/West End,flu_season,0.5,IT50,32.35361456388361,26,3.0,0.11538461538461539,2.0,0.0,1.0,23.0,0.6666666666666666,0.0,1.0,0.0,0.6666666666666666,0.8,0.6666666666666666,0.7796610169491526,0.7993052538854533,0.9615384615384616,0.6666666666666666,0.030538902439386208,0.10207100591715977,0.7008072746518106,,,,,True
lstm,post_covid,lstm/post_covid,1,neighborhood,Back Bay/Beacon Hill/Downtown/North End/West End,flu_season,0.9,IT90,56.35007606954225,26,2.0,0.07692307692307693,0.0,0.0,2.0,24.0,0.0,,,0.0,0.0,0.0,0.0,0.0,,0.9230769230769231,0.0,0.0695131812250831,0.07100591715976333,0.021022697746746588,,,,,True
lstm,post_covid,lstm/post_covid,1,neighborhood,Back Bay/Beacon Hill/Downtown/North End/West End,flu_season,0.98,IT98,80.35966190257739,26,0.0,0.0,0.0,0.0,0.0,26.0,,,,0.0,,,,,,1.0,,1.5494003270751587e-07,0.0,,,,,,True
lstm,post_covid,lstm/post_covid,1,neighborhood,Charlestown,overall,,bands,,35,,,,,,,,,,,,,,,,,,,,,0.8857142857142857,0.9714285714285714,0.5454545454545454,-0.08571428571428572,False
lstm,post_covid,lstm/post_covid,1,neighborhood,Charlestown,overall,0.5,IT50,44.544403832795176,35,4.0,0.11428571428571428,3.0,1.0,1.0,30.0,0.75,0.25,0.75,0.03225806451612903,0.6,0.75,0.717741935483871,0.717741935483871,0.717741935483871,0.9428571428571428,1.0,0.03829453766132354,0.10122448979591839,0.6216870271361183,,,,,True
lstm,post_covid,lstm/post_covid,1,neighborhood,Charlestown,overall,0.9,IT90,75.51034339625782,35,3.0,0.08571428571428572,0.0,0.0,3.0,32.0,0.0,,,0.0,0.0,0.0,0.0,0.0,,0.9142857142857143,0.0,0.06551350251875684,0.0783673469387755,0.16402041056794647,,,,,True
lstm,post_covid,lstm/post_covid,1,neighborhood,Charlestown,overall,0.98,IT98,105.83479691598406,35,0.0,0.0,0.0,0.0,0.0,35.0,,,,0.0,,,,,,1.0,,2.087169286777887e-05,0.0,,,,,,True
lstm,post_covid,lstm/post_covid,1,neighborhood,Charlestown,flu_season,,bands,,21,,,,,,,,,,,,,,,,,,,,,0.8095238095238095,0.9523809523809523,0.5116279069767442,-0.14285714285714285,False
lstm,post_covid,lstm/post_covid,1,neighborhood,Charlestown,flu_season,0.5,IT50,44.544403832795176,21,4.0,0.19047619047619047,3.0,1.0,1.0,16.0,0.75,0.25,0.75,0.058823529411764705,0.6,0.75,0.6911764705882353,0.6911764705882353,0.6911764705882353,0.9047619047619048,1.0,0.06382398574913502,0.1541950113378685,0.5860826806563451,,,,,True
lstm,post_covid,lstm/post_covid,1,neighborhood,Charlestown,flu_season,0.9,IT90,75.51034339625782,21,3.0,0.14285714285714285,0.0,0.0,3.0,18.0,0.0,,,0.0,0.0,0.0,0.0,0.0,,0.8571428571428571,0.0,0.10918917086459475,0.12244897959183672,0.10828843793914278,,,,,True
lstm,post_covid,lstm/post_covid,1,neighborhood,Charlestown,flu_season,0.98,IT98,105.83479691598406,21,0.0,0.0,0.0,0.0,0.0,21.0,,,,0.0,,,,,,1.0,,3.4786154779631456e-05,0.0,,,,,,True
lstm,post_covid,lstm/post_covid,1,neighborhood,Dorchester,overall,,bands,,49,,,,,,,,,,,,,,,,,,,,,0.9591836734693877,1.0,0.7277777777777777,0.0,False
lstm,post_covid,lstm/post_covid,1,neighborhood,Dorchester,overall,0.5,IT50,157.0086457734027,49,4.0,0.08163265306122448,3.0,1.0,1.0,44.0,0.75,0.25,0.75,0.022222222222222223,0.6,0.75,0.7277777777777777,0.7277777777777777,0.7277777777777777,0.9591836734693877,1.0,0.03555178291668271,0.07496876301541025,0.5257787178724711,,,,,True
lstm,post_covid,lstm/post_covid,1,neighborhood,Dorchester,overall,0.9,IT90,264.26252974322875,49,0.0,0.0,0.0,0.0,0.0,49.0,,,,0.0,,,,,,1.0,,0.005964786416424743,0.0,,,,,,True
lstm,post_covid,lstm/post_covid,1,neighborhood,Dorchester,overall,0.98,IT98,368.7005757586777,49,0.0,0.0,0.0,0.0,0.0,49.0,,,,0.0,,,,,,1.0,,2.8183520569531933e-08,0.0,,,,,,True
lstm,post_covid,lstm/post_covid,1,neighborhood,Dorchester,flu_season,,bands,,26,,,,,,,,,,,,,,,,,,,,,0.9230769230769231,1.0,0.7045454545454546,0.0,False
lstm,post_covid,lstm/post_covid,1,neighborhood,Dorchester,flu_season,0.5,IT50,157.0086457734027,26,4.0,0.15384615384615385,3.0,1.0,1.0,21.0,0.75,0.25,0.75,0.045454545454545456,0.6,0.75,0.7045454545454546,0.7045454545454546,0.7045454545454546,0.9230769230769231,1.0,0.06700143703528665,0.13017751479289943,0.485307142774389,,,,,True
lstm,post_covid,lstm/post_covid,1,neighborhood,Dorchester,flu_season,0.9,IT90,264.26252974322875,26,0.0,0.0,0.0,0.0,0.0,26.0,,,,0.0,,,,,,1.0,,0.01124132824633894,0.0,,,,,,True
lstm,post_covid,lstm/post_covid,1,neighborhood,Dorchester,flu_season,0.98,IT98,368.7005757586777,26,0.0,0.0,0.0,0.0,0.0,26.0,,,,0.0,,,,,,1.0,,5.311509645796403e-08,0.0,,,,,,True
lstm,post_covid,lstm/post_covid,1,neighborhood,East Boston,overall,,bands,,44,,,,,,,,,,,,,,,,,,,,,0.9318181818181818,1.0,0.7027027027027027,-0.022727272727272728,False
lstm,post_covid,lstm/post_covid,1,neighborhood,East Boston,overall,0.5,IT50,32.38969817502224,44,4.0,0.09090909090909091,3.0,1.0,1.0,39.0,0.75,0.25,0.75,0.025,0.6,0.75,0.725,0.725,0.725,0.9545454545454546,1.0,0.03420562688715285,0.08264462809917356,0.5861119146654505,,,,,True
lstm,post_covid,lstm/post_covid,1,neighborhood,East Boston,overall,0.9,IT90,56.982258100156095,44,1.0,0.022727272727272728,0.0,0.0,1.0,43.0,0.0,,,0.0,0.0,0.0,0.0,0.0,,0.9772727272727273,0.0,0.01195111304660451,0.02221074380165289,0.46192198004124807,,,,,True
lstm,post_covid,lstm/post_covid,1,neighborhood,East Boston,overall,0.98,IT98,81.78485877953806,44,0.0,0.0,0.0,0.0,0.0,44.0,,,,0.0,,,,,,1.0,,0.00014610075146693463,0.0,,,,,,True
lstm,post_covid,lstm/post_covid,1,neighborhood,East Boston,flu_season,,bands,,25,,,,,,,,,,,,,,,,,,,,,0.88,1.0,0.6808510638297873,-0.04,False
lstm,post_covid,lstm/post_covid,1,neighborhood,East Boston,flu_season,0.5,IT50,32.38969817502224,25,4.0,0.16,3.0,1.0,1.0,20.0,0.75,0.25,0.75,0.047619047619047616,0.6,0.75,0.7023809523809523,0.7023809523809523,0.7023809523809523,0.92,1.0,0.06020160988020534,0.13439999999999996,0.5520713550579959,,,,,True
lstm,post_covid,lstm/post_covid,1,neighborhood,East Boston,flu_season,0.9,IT90,56.982258100156095,25,1.0,0.04,0.0,0.0,1.0,24.0,0.0,,,0.0,0.0,0.0,0.0,0.0,,0.96,0.0,0.021033958962023935,0.03840000000000001,0.4522406520306268,,,,,True
lstm,post_covid,lstm/post_covid,1,neighborhood,East Boston,flu_season,0.98,IT98,81.78485877953806,25,0.0,0.0,0.0,0.0,0.0,25.0,,,,0.0,,,,,,1.0,,0.00025713732258180497,0.0,,,,,,True
lstm,post_covid,lstm/post_covid,1,neighborhood,Fenway,overall,,bands,,43,,,,,,,,,,,,,,,,,,,,,0.9534883720930233,1.0,0.0,-0.046511627906976744,False
lstm,post_covid,lstm/post_covid,1,neighborhood,Fenway,overall,0.5,IT50,19.789042860168028,43,2.0,0.046511627906976744,0.0,0.0,2.0,41.0,0.0,,,0.0,0.0,0.0,0.0,0.0,,0.9534883720930233,0.0,0.03920329369822168,0.04434829637641969,0.11601353599985509,,,,,True
lstm,post_covid,lstm/post_covid,1,neighborhood,Fenway,overall,0.9,IT90,31.717921949528318,43,0.0,0.0,0.0,0.0,0.0,43.0,,,,0.0,,,,,,1.0,,0.0003745004359466048,0.0,,,,,,True
lstm,post_covid,lstm/post_covid,1,neighborhood,Fenway,overall,0.98,IT98,42.89052071415166,43,0.0,0.0,0.0,0.0,0.0,43.0,,,,0.0,,,,,,1.0,,1.4897299222628682e-06,0.0,,,,,,True
lstm,post_covid,lstm/post_covid,1,neighborhood,Fenway,flu_season,,bands,,25,,,,,,,,,,,,,,,,,,,,,0.92,1.0,0.0,-0.08,False
lstm,post_covid,lstm/post_covid,1,neighborhood,Fenway,flu_season,0.5,IT50,19.789042860168028,25,2.0,0.08,0.0,0.0,2.0,23.0,0.0,,,0.0,0.0,0.0,0.0,0.0,,0.92,0.0,0.06738788302477067,0.0736,0.08440376325039856,,,,,True
lstm,post_covid,lstm/post_covid,1,neighborhood,Fenway,flu_season,0.9,IT90,31.717921949528318,25,0.0,0.0,0.0,0.0,0.0,25.0,,,,0.0,,,,,,1.0,,0.0006441405712302163,0.0,,,,,,True
lstm,post_covid,lstm/post_covid,1,neighborhood,Fenway,flu_season,0.98,IT98,42.89052071415166,25,0.0,0.0,0.0,0.0,0.0,25.0,,,,0.0,,,,,,1.0,,2.5623354662880366e-06,0.0,,,,,,True
lstm,post_covid,lstm/post_covid,1,neighborhood,Hyde Park,overall,,bands,,46,,,,,,,,,,,,,,,,,,,,,0.9565217391304348,1.0,0.6434108527131783,0.0,False
lstm,post_covid,lstm/post_covid,1,neighborhood,Hyde Park,overall,0.5,IT50,59.73762940735334,46,3.0,0.06521739130434782,2.0,1.0,1.0,42.0,0.6666666666666666,0.3333333333333333,0.6666666666666666,0.023255813953488372,0.5,0.6666666666666666,0.6434108527131782,0.6434108527131783,0.6434108527131783,0.9565217391304348,1.0,0.04222490291810798,0.060964083175803395,0.30738066221150007,,,,,True
lstm,post_covid,lstm/post_covid,1,neighborhood,Hyde Park,overall,0.9,IT90,98.70163927662223,46,0.0,0.0,0.0,0.0,0.0,46.0,,,,0.0,,,,,,1.0,,0.0030838977577402893,0.0,,,,,,True
lstm,post_covid,lstm/post_covid,1,neighborhood,Hyde Park,overall,0.98,IT98,136.08880333365826,46,0.0,0.0,0.0,0.0,0.0,46.0,,,,0.0,,,,,,1.0,,3.237512773678993e-06,0.0,,,,,,True
lstm,post_covid,lstm/post_covid,1,neighborhood,Hyde Park,flu_season,,bands,,25,,,,,,,,,,,,,,,,,,,,,0.92,1.0,0.6212121212121212,0.0,False
lstm,post_covid,lstm/post_covid,1,neighborhood,Hyde Park,flu_season,0.5,IT50,59.73762940735334,25,3.0,0.12,2.0,1.0,1.0,21.0,0.6666666666666666,0.3333333333333333,0.6666666666666666,0.045454545454545456,0.5,0.6666666666666666,0.6212121212121212,0.6212121212121212,0.6212121212121212,0.92,1.0,0.07769382099191162,0.1056,0.2642630587887157,,,,,True
lstm,post_covid,lstm/post_covid,1,neighborhood,Hyde Park,flu_season,0.9,IT90,98.70163927662223,25,0.0,0.0,0.0,0.0,0.0,25.0,,,,0.0,,,,,,1.0,,0.005674371874242132,0.0,,,,,,True
lstm,post_covid,lstm/post_covid,1,neighborhood,Hyde Park,flu_season,0.98,IT98,136.08880333365826,25,0.0,0.0,0.0,0.0,0.0,25.0,,,,0.0,,,,,,1.0,,5.957023503569347e-06,0.0,,,,,,True
lstm,post_covid,lstm/post_covid,1,neighborhood,Jamaica Plain,overall,,bands,,46,,,,,,,,,,,,,,,,,,,,,0.9130434782608695,1.0,0.7591623036649214,-0.08695652173913043,False
lstm,post_covid,lstm/post_covid,1,neighborhood,Jamaica Plain,overall,0.5,IT50,30.1329000930458,46,5.0,0.10869565217391304,4.0,0.0,1.0,41.0,0.8,0.0,1.0,0.0,0.8,0.8888888888888888,0.8,0.8770053475935828,0.8837151016885368,0.9782608695652174,0.8,0.023196336412047238,0.09688090737240074,0.7605685470834538,,,,,False
lstm,post_covid,lstm/post_covid,1,neighborhood,Jamaica Plain,overall,0.9,IT90,48.93353508945714,46,3.0,0.06521739130434782,0.0,0.0,3.0,43.0,0.0,,,0.0,0.0,0.0,0.0,0.0,,0.9347826086956522,0.0,0.032322730115286934,0.060964083175803395,0.46980700058955693,,,,,True
lstm,post_covid,lstm/post_covid,1,neighborhood,Jamaica Plain,overall,0.98,IT98,66.72678487426273,46,0.0,0.0,0.0,0.0,0.0,46.0,,,,0.0,,,,,,1.0,,0.0002716935700669719,0.0,,,,,,True
lstm,post_covid,lstm/post_covid,1,neighborhood,Jamaica Plain,flu_season,,bands,,24,,,,,,,,,,,,,,,,,,,,,0.8333333333333334,1.0,0.7391304347826086,-0.16666666666666666,False
lstm,post_covid,lstm/post_covid,1,neighborhood,Jamaica Plain,flu_season,0.5,IT50,30.1329000930458,24,5.0,0.20833333333333334,4.0,0.0,1.0,19.0,0.8,0.0,1.0,0.0,0.8,0.8888888888888888,0.8,0.8636363636363636,0.8717797887081347,0.9583333333333334,0.8,0.04444745316704806,0.16493055555555555,0.7305080734292665,,,,,False
lstm,post_covid,lstm/post_covid,1,neighborhood,Jamaica Plain,flu_season,0.9,IT90,48.93353508945714,24,3.0,0.125,0.0,0.0,3.0,21.0,0.0,,,0.0,0.0,0.0,0.0,0.0,,0.875,0.0,0.061951899386918634,0.109375,0.4335826341767439,,,,,True
lstm,post_covid,lstm/post_covid,1,neighborhood,Jamaica Plain,flu_season,0.98,IT98,66.72678487426273,24,0.0,0.0,0.0,0.0,0.0,24.0,,,,0.0,,,,,,1.0,,0.0005207460092950296,0.0,,,,,,True
lstm,post_covid,lstm/post_covid,1,neighborhood,Mattapan,overall,,bands,,47,,,,,,,,,,,,,,,,,,,,,1.0,1.0,1.0,0.0,False
lstm,post_covid,lstm/post_covid,1,neighborhood,Mattapan,overall,0.5,IT50,75.36060630157071,47,3.0,0.06382978723404255,3.0,0.0,0.0,44.0,1.0,0.0,1.0,0.0,1.0,1.0,1.0,1.0,1.0,1.0,1.0,0.00826421753005331,0.05975554549569943,0.8616995717887291,,,,,True
lstm,post_covid,lstm/post_covid,1,neighborhood,Mattapan,overall,0.9,IT90,114.4266389550119,47,0.0,0.0,0.0,0.0,0.0,47.0,,,,0.0,,,,,,1.0,,0.0009806458370833842,0.0,,,,,,True
lstm,post_covid,lstm/post_covid,1,neighborhood,Mattapan,overall,0.98,IT98,149.46970387636378,47,0.0,0.0,0.0,0.0,0.0,47.0,,,,0.0,,,,,,1.0,,7.156144923863391e-07,0.0,,,,,,True
lstm,post_covid,lstm/post_covid,1,neighborhood,Mattapan,flu_season,,bands,,26,,,,,,,,,,,,,,,,,,,,,1.0,1.0,1.0,0.0,False
lstm,post_covid,lstm/post_covid,1,neighborhood,Mattapan,flu_season,0.5,IT50,75.36060630157071,26,3.0,0.11538461538461539,3.0,0.0,0.0,23.0,1.0,0.0,1.0,0.0,1.0,1.0,1.0,1.0,1.0,1.0,1.0,0.014939161865069134,0.10207100591715977,0.853639515640772,,,,,True
lstm,post_covid,lstm/post_covid,1,neighborhood,Mattapan,flu_season,0.9,IT90,114.4266389550119,26,0.0,0.0,0.0,0.0,0.0,26.0,,,,0.0,,,,,,1.0,,0.0017727059362661177,0.0,,,,,,True
lstm,post_covid,lstm/post_covid,1,neighborhood,Mattapan,flu_season,0.98,IT98,149.46970387636378,26,0.0,0.0,0.0,0.0,0.0,26.0,,,,0.0,,,,,,1.0,,1.2936108131599206e-06,0.0,,,,,,True
lstm,post_covid,lstm/post_covid,1,neighborhood,Roslindale,overall,,bands,,42,,,,,,,,,,,,,,,,,,,,,0.9047619047619048,1.0,0.7333333333333334,-0.09523809523809523,False
lstm,post_covid,lstm/post_covid,1,neighborhood,Roslindale,overall,0.5,IT50,83.12526323754497,42,4.0,0.09523809523809523,3.0,0.0,1.0,38.0,0.75,0.0,1.0,0.0,0.75,0.8571428571428571,0.75,0.8444444444444444,0.8548504142651103,0.9761904761904762,0.75,0.03221687916859084,0.08616780045351476,0.6261146391224064,,,,,True
lstm,post_covid,lstm/post_covid,1,neighborhood,Roslindale,overall,0.9,IT90,133.65502394030972,42,3.0,0.07142857142857142,0.0,0.0,3.0,39.0,0.0,,,0.0,0.0,0.0,0.0,0.0,,0.9285714285714286,0.0,0.058664400514878104,0.06632653061224489,0.11552134608337616,,,,,True
lstm,post_covid,lstm/post_covid,1,neighborhood,Roslindale,overall,0.98,IT98,181.10052866383202,42,0.0,0.0,0.0,0.0,0.0,42.0,,,,0.0,,,,,,1.0,,4.313109263144018e-08,0.0,,,,,,True
lstm,post_covid,lstm/post_covid,1,neighborhood,Roslindale,flu_season,,bands,,26,,,,,,,,,,,,,,,,,,,,,0.8461538461538461,1.0,0.7219251336898396,-0.15384615384615385,False
lstm,post_covid,lstm/post_covid,1,neighborhood,Roslindale,flu_season,0.5,IT50,83.12526323754497,26,4.0,0.15384615384615385,3.0,0.0,1.0,22.0,0.75,0.0,1.0,0.0,0.75,0.8571428571428571,0.75,0.8354430379746836,0.8469895538599198,0.9615384615384616,0.75,0.05204265095803047,0.13017751479289943,0.6002178176405841,,,,,True
lstm,post_covid,lstm/post_covid,1,neighborhood,Roslindale,flu_season,0.9,IT90,133.65502394030972,26,3.0,0.11538461538461539,0.0,0.0,3.0,23.0,0.0,,,0.0,0.0,0.0,0.0,0.0,,0.8846153846153846,0.0,0.0947655700624954,0.10207100591715977,0.07157209619932048,,,,,True
lstm,post_covid,lstm/post_covid,1,neighborhood,Roslindale,flu_season,0.98,IT98,181.10052866383202,26,0.0,0.0,0.0,0.0,0.0,26.0,,,,0.0,,,,,,1.0,,6.967330348155721e-08,0.0,,,,,,True
lstm,post_covid,lstm/post_covid,1,neighborhood,Roxbury,overall,,bands,,49,,,,,,,,,,,,,,,,,,,,,0.9183673469387755,1.0,0.5720524017467249,0.0,False
lstm,post_covid,lstm/post_covid,1,neighborhood,Roxbury,overall,0.5,IT50,138.88545502174753,49,3.0,0.061224489795918366,2.0,2.0,1.0,44.0,0.6666666666666666,0.5,0.5,0.043478260869565216,0.4,0.5714285714285714,0.6231884057971014,0.5391849529780565,0.5456606744659314,0.9387755102040817,1.3333333333333333,0.05200175245961819,0.057476051645147866,0.09524487206128085,,,,,True
lstm,post_covid,lstm/post_covid,1,neighborhood,Roxbury,overall,0.9,IT90,231.9483227351807,49,1.0,0.02040816326530612,0.0,0.0,1.0,48.0,0.0,,,0.0,0.0,0.0,0.0,0.0,,0.9795918367346939,0.0,0.021088457110585213,0.01999167013744273,-0.05486219838573114,,,,,True
lstm,post_covid,lstm/post_covid,1,neighborhood,Roxbury,overall,0.98,IT98,322.0096816211373,49,0.0,0.0,0.0,0.0,0.0,49.0,,,,0.0,,,,,,1.0,,1.6603319667201666e-10,0.0,,,,,,True
lstm,post_covid,lstm/post_covid,1,neighborhood,Roxbury,flu_season,,bands,,26,,,,,,,,,,,,,,,,,,,,,0.8461538461538461,1.0,0.5438596491228069,0.0,False
lstm,post_covid,lstm/post_covid,1,neighborhood,Roxbury,flu_season,0.5,IT50,138.88545502174753,26,3.0,0.11538461538461539,2.0,2.0,1.0,21.0,0.6666666666666666,0.5,0.5,0.08695652173913043,0.4,0.5714285714285714,0.5797101449275361,0.5063291139240507,0.5133270023393454,0.8846153846153846,1.3333333333333333,0.09800330271235667,0.10207100591715977,0.039851700962998504,,,,,True
lstm,post_covid,lstm/post_covid,1,neighborhood,Roxbury,flu_season,0.9,IT90,231.9483227351807,26,1.0,0.038461538461538464,0.0,0.0,1.0,25.0,0.0,,,0.0,0.0,0.0,0.0,0.0,,0.9615384615384616,0.0,0.03974363070841059,0.036982248520710054,-0.07466777435542249,,,,,True
lstm,post_covid,lstm/post_covid,1,neighborhood,Roxbury,flu_season,0.98,IT98,322.0096816211373,26,0.0,0.0,0.0,0.0,0.0,26.0,,,,0.0,,,,,,1.0,,3.1290871680495444e-10,0.0,,,,,,True
lstm,post_covid,lstm/post_covid,1,neighborhood,South Boston,overall,,bands,,42,,,,,,,,,,,,,,,,,,,,,0.9523809523809523,1.0,0.7236842105263157,0.0,False
lstm,post_covid,lstm/post_covid,1,neighborhood,South Boston,overall,0.5,IT50,31.63670795756643,42,4.0,0.09523809523809523,3.0,1.0,1.0,37.0,0.75,0.25,0.75,0.02631578947368421,0.6,0.75,0.7236842105263158,0.7236842105263158,0.7236842105263158,0.9523809523809523,1.0,0.036041441211046465,0.08616780045351476,0.5817295901560134,,,,,True
lstm,post_covid,lstm/post_covid,1,neighborhood,South Boston,overall,0.9,IT90,60.18982141922808,42,0.0,0.0,0.0,0.0,0.0,42.0,,,,0.0,,,,,,1.0,,0.003475343904004976,0.0,,,,,,True
lstm,post_covid,lstm/post_covid,1,neighborhood,South Boston,overall,0.98,IT98,90.82483767314203,42,0.0,0.0,0.0,0.0,0.0,42.0,,,,0.0,,,,,,1.0,,1.247072661700895e-06,0.0,,,,,,True
lstm,post_covid,lstm/post_covid,1,neighborhood,South Boston,flu_season,,bands,,25,,,,,,,,,,,,,,,,,,,,,0.92,1.0,0.7023809523809524,0.0,False
lstm,post_covid,lstm/post_covid,1,neighborhood,South Boston,flu_season,0.5,IT50,31.63670795756643,25,4.0,0.16,3.0,1.0,1.0,20.0,0.75,0.25,0.75,0.047619047619047616,0.6,0.75,0.7023809523809523,0.7023809523809523,0.7023809523809523,0.92,1.0,0.06054942882165656,0.13439999999999996,0.5494834165055315,,,,,True
lstm,post_covid,lstm/post_covid,1,neighborhood,South Boston,flu_season,0.9,IT90,60.18982141922808,25,0.0,0.0,0.0,0.0,0.0,25.0,,,,0.0,,,,,,1.0,,0.005838577758728359,0.0,,,,,,True
lstm,post_covid,lstm/post_covid,1,neighborhood,South Boston,flu_season,0.98,IT98,90.82483767314203,25,0.0,0.0,0.0,0.0,0.0,25.0,,,,0.0,,,,,,1.0,,2.0950820716575033e-06,0.0,,,,,,True
lstm,post_covid,lstm/post_covid,1,neighborhood,South End,overall,,bands,,49,,,,,,,,,,,,,,,,,,,,,0.9591836734693877,1.0,0.7277777777777777,0.0,False
lstm,post_covid,lstm/post_covid,1,neighborhood,South End,overall,0.5,IT50,82.00792145914704,49,4.0,0.08163265306122448,3.0,1.0,1.0,44.0,0.75,0.25,0.75,0.022222222222222223,0.6,0.75,0.7277777777777777,0.7277777777777777,0.7277777777777777,0.9591836734693877,1.0,0.03218749359855747,0.07496876301541025,0.5706545992770196,,,,,True
lstm,post_covid,lstm/post_covid,1,neighborhood,South End,overall,0.9,IT90,134.00251631923587,49,0.0,0.0,0.0,0.0,0.0,49.0,,,,0.0,,,,,,1.0,,0.0017923310927280161,0.0,,,,,,True
lstm,post_covid,lstm/post_covid,1,neighborhood,South End,overall,0.98,IT98,183.45444562568642,49,0.0,0.0,0.0,0.0,0.0,49.0,,,,0.0,,,,,,1.0,,1.942148153890736e-07,0.0,,,,,,True
lstm,post_covid,lstm/post_covid,1,neighborhood,South End,flu_season,,bands,,26,,,,,,,,,,,,,,,,,,,,,0.9230769230769231,1.0,0.7045454545454546,0.0,False
lstm,post_covid,lstm/post_covid,1,neighborhood,South End,flu_season,0.5,IT50,82.00792145914704,26,4.0,0.15384615384615385,3.0,1.0,1.0,21.0,0.75,0.25,0.75,0.045454545454545456,0.6,0.75,0.7045454545454546,0.7045454545454546,0.7045454545454546,0.9230769230769231,1.0,0.060661045618946405,0.13017751479289943,0.5340128768362755,,,,,True
lstm,post_covid,lstm/post_covid,1,neighborhood,South End,flu_season,0.9,IT90,134.00251631923587,26,0.0,0.0,0.0,0.0,0.0,26.0,,,,0.0,,,,,,1.0,,0.003377854751679723,0.0,,,,,,True
lstm,post_covid,lstm/post_covid,1,neighborhood,South End,flu_season,0.98,IT98,183.45444562568642,26,0.0,0.0,0.0,0.0,0.0,26.0,,,,0.0,,,,,,1.0,,3.660202290024849e-07,0.0,,,,,,True
lstm,post_covid,lstm/post_covid,1,neighborhood,West Roxbury,overall,,bands,,40,,,,,,,,,,,,,,,,,,,,,0.9,0.95,0.5901639344262295,-0.1,False
lstm,post_covid,lstm/post_covid,1,neighborhood,West Roxbury,overall,0.5,IT50,37.349459967580074,40,3.0,0.075,3.0,1.0,0.0,36.0,1.0,0.25,0.75,0.02702702702702703,0.75,0.8571428571428571,0.972972972972973,0.84375,0.8542421961772492,0.975,1.3333333333333333,0.014286563475329129,0.06937499999999999,0.7940675535087693,,,,,True
lstm,post_covid,lstm/post_covid,1,neighborhood,West Roxbury,overall,0.9,IT90,59.59981304845178,40,3.0,0.075,0.0,0.0,3.0,37.0,0.0,,,0.0,0.0,0.0,0.0,0.0,,0.925,0.0,0.047034202603069376,0.06937499999999999,0.3220295120278287,,,,,True
lstm,post_covid,lstm/post_covid,1,neighborhood,West Roxbury,overall,0.98,IT98,80.36625284929092,40,2.0,0.05,0.0,0.0,2.0,38.0,0.0,,,0.0,0.0,0.0,0.0,0.0,,0.95,0.0,0.048119139052704575,0.047499999999999994,-0.01303450637272796,,,,,True
lstm,post_covid,lstm/post_covid,1,neighborhood,West Roxbury,flu_season,,bands,,25,,,,,,,,,,,,,,,,,,,,,0.84,0.92,0.5733788395904438,-0.16,False
lstm,post_covid,lstm/post_covid,1,neighborhood,West Roxbury,flu_season,0.5,IT50,37.349459967580074,25,3.0,0.12,3.0,1.0,0.0,21.0,1.0,0.25,0.75,0.045454545454545456,0.75,0.8571428571428571,0.9545454545454546,0.8344370860927153,0.8461141122266493,0.96,1.3333333333333333,0.022858489695477786,0.1056,0.7835370293988846,,,,,True
lstm,post_covid,lstm/post_covid,1,neighborhood,West Roxbury,flu_season,0.9,IT90,59.59981304845178,25,3.0,0.12,0.0,0.0,3.0,22.0,0.0,,,0.0,0.0,0.0,0.0,0.0,,0.88,0.0,0.075254724164911,0.1056,0.28736056662016096,,,,,True
lstm,post_covid,lstm/post_covid,1,neighborhood,West Roxbury,flu_season,0.98,IT98,80.36625284929092,25,2.0,0.08,0.0,0.0,2.0,23.0,0.0,,,0.0,0.0,0.0,0.0,0.0,,0.92,0.0,0.07699062248432732,0.0736,-0.0460682402761865,,,,,True
persistence,exclude_covid,persistence/exclude_covid,1,citywide,CITYWIDE,overall,,bands,,49,,,,,,,,,,,,,,,,,,,,,0.9183673469387755,1.0,0.6918238993710693,0.0,False
persistence,exclude_covid,persistence/exclude_covid,1,citywide,CITYWIDE,overall,0.5,IT50,60.20679524890062,49,4.0,0.08163265306122448,3.0,1.0,1.0,44.0,0.75,0.25,0.75,0.022222222222222223,0.6,0.75,0.7277777777777777,0.7277777777777777,0.7277777777777777,0.9591836734693877,1.0,0.031218351070985313,0.07496876301541025,0.5835818837698015,,,,,True
persistence,exclude_covid,persistence/exclude_covid,1,citywide,CITYWIDE,overall,0.9,IT90,98.17566769051967,49,1.0,0.02040816326530612,0.0,1.0,1.0,47.0,0.0,1.0,0.0,0.020833333333333332,0.0,0.0,-0.020833333333333332,-0.020833333333333332,-0.020833333333333332,0.9591836734693877,1.0,0.025919996002688933,0.01999167013744273,-0.2965398000511694,,,,,True
persistence,exclude_covid,persistence/exclude_covid,1,citywide,CITYWIDE,overall,0.98,IT98,134.22833796478614,49,0.0,0.0,0.0,0.0,0.0,49.0,,,,0.0,,,,,,1.0,,0.000676927899918716,0.0,,,,,,True
persistence,exclude_covid,persistence/exclude_covid,1,citywide,CITYWIDE,flu_season,,bands,,26,,,,,,,,,,,,,,,,,,,,,0.8461538461538461,1.0,0.6687898089171975,0.0,False
persistence,exclude_covid,persistence/exclude_covid,1,citywide,CITYWIDE,flu_season,0.5,IT50,60.20679524890062,26,4.0,0.15384615384615385,3.0,1.0,1.0,21.0,0.75,0.25,0.75,0.045454545454545456,0.6,0.75,0.7045454545454546,0.7045454545454546,0.7045454545454546,0.9230769230769231,1.0,0.05883397816816408,0.13017751479289943,0.5480480767991033,,,,,True
persistence,exclude_covid,persistence/exclude_covid,1,citywide,CITYWIDE,flu_season,0.9,IT90,98.17566769051967,26,1.0,0.038461538461538464,0.0,1.0,1.0,24.0,0.0,1.0,0.0,0.04,0.0,0.0,-0.04,-0.04,-0.04,0.9230769230769231,1.0,0.04884922323583675,0.036982248520710054,-0.3208829962970259,,,,,True
persistence,exclude_covid,persistence/exclude_covid,1,citywide,CITYWIDE,flu_season,0.98,IT98,134.22833796478614,26,0.0,0.0,0.0,0.0,0.0,26.0,,,,0.0,,,,,,1.0,,0.0012757487344621956,0.0,,,,,,True
persistence,exclude_covid,persistence/exclude_covid,1,pooled,ALL,overall,,bands,,627,,,,,,,,,,,,,,,,,,,,,0.9282296650717703,0.9904306220095693,0.6821245377549803,0.0,False
persistence,exclude_covid,persistence/exclude_covid,1,pooled,ALL,overall,0.5,IT50,,627,51.0,0.08133971291866028,36.0,15.0,15.0,561.0,0.7058823529411765,0.29411764705882354,0.7058823529411765,0.026041666666666668,0.5454545454545454,0.7058823529411765,0.6798406862745099,0.6798406862745098,0.6798406862745098,0.9521531100478469,1.0,0.03530271339328099,0.07472356402097019,0.5275558138076264,,,,,False
persistence,exclude_covid,persistence/exclude_covid,1,pooled,ALL,overall,0.9,IT90,,627,18.0,0.028708133971291867,8.0,10.0,10.0,599.0,0.4444444444444444,0.5555555555555556,0.4444444444444444,0.016420361247947456,0.2857142857142857,0.4444444444444444,0.428024083196497,0.428024083196497,0.428024083196497,0.9681020733652312,1.0,0.02215960818459003,0.02788397701517821,0.20529240959681638,,,,,False
persistence,exclude_covid,persistence/exclude_covid,1,pooled,ALL,overall,0.98,IT98,,627,2.0,0.003189792663476874,1.0,1.0,1.0,624.0,0.5,0.5,0.5,0.0016,0.3333333333333333,0.5,0.4984,0.4984,0.4984,0.9968102073365231,1.0,0.004004380916817625,0.0031796178862409027,-0.25939061235807714,,,,,True
persistence,exclude_covid,persistence/exclude_covid,1,pooled,ALL,flu_season,,bands,,352,,,,,,,,,,,,,,,,,,,,,0.8721590909090909,0.9829545454545454,0.6622929540901267,0.0,False
persistence,exclude_covid,persistence/exclude_covid,1,pooled,ALL,flu_season,0.5,IT50,,352,51.0,0.14488636363636365,36.0,15.0,15.0,286.0,0.7058823529411765,0.29411764705882354,0.7058823529411765,0.04983388704318937,0.5454545454545454,0.7058823529411765,0.6560484658979872,0.6560484658979872,0.6560484658979872,0.9147727272727273,1.0,0.06271052469106196,0.12389430526859506,0.49383852183432086,,,,,False
persistence,exclude_covid,persistence/exclude_covid,1,pooled,ALL,flu_season,0.9,IT90,,352,18.0,0.05113636363636364,8.0,10.0,10.0,324.0,0.4444444444444444,0.5555555555555556,0.4444444444444444,0.029940119760479042,0.2857142857142857,0.4444444444444444,0.41450432468396536,0.4145043246839654,0.4145043246839654,0.9431818181818182,1.0,0.03947150450361389,0.04852143595041322,0.1865140894850672,,,,,False
persistence,exclude_covid,persistence/exclude_covid,1,pooled,ALL,flu_season,0.98,IT98,,352,2.0,0.005681818181818182,1.0,1.0,1.0,349.0,0.5,0.5,0.5,0.002857142857142857,0.3333333333333333,0.5,0.49714285714285716,0.49714285714285716,0.49714285714285716,0.9943181818181818,1.0,0.00713280336241289,0.0056495351239669415,-0.2625469540234382,,,,,True
persistence,exclude_covid,persistence/exclude_covid,1,neighborhood,Allston/Brighton,overall,,bands,,49,,,,,,,,,,,,,,,,,,,,,0.8775510204081632,1.0,0.7,0.0,False
persistence,exclude_covid,persistence/exclude_covid,1,neighborhood,Allston/Brighton,overall,0.5,IT50,43.17201700312734,49,5.0,0.10204081632653061,4.0,1.0,1.0,43.0,0.8,0.2,0.8,0.022727272727272728,0.6666666666666666,0.8,0.7772727272727273,0.7772727272727272,0.7772727272727272,0.9591836734693877,1.0,0.026857654303778677,0.09162848812994587,0.7068853273483064,,,,,False
persistence,exclude_covid,persistence/exclude_covid,1,neighborhood,Allston/Brighton,overall,0.9,IT90,72.80812661818143,49,2.0,0.04081632653061224,0.0,2.0,2.0,45.0,0.0,1.0,0.0,0.0425531914893617,0.0,0.0,-0.0425531914893617,-0.0425531914893617,-0.0425531914893617,0.9183673469387755,1.0,0.035816333275840974,0.03915035401915868,0.08515940217772144,,,,,True
persistence,exclude_covid,persistence/exclude_covid,1,neighborhood,Allston/Brighton,overall,0.98,IT98,101.71188922331822,49,0.0,0.0,0.0,0.0,0.0,49.0,,,,0.0,,,,,,1.0,,0.0020025296235045634,0.0,,,,,,True
persistence,exclude_covid,persistence/exclude_covid,1,neighborhood,Allston/Brighton,flu_season,,bands,,26,,,,,,,,,,,,,,,,,,,,,0.7692307692307693,1.0,0.6708860759493671,0.0,False
persistence,exclude_covid,persistence/exclude_covid,1,neighborhood,Allston/Brighton,flu_season,0.5,IT50,43.17201700312734,26,5.0,0.19230769230769232,4.0,1.0,1.0,20.0,0.8,0.2,0.8,0.047619047619047616,0.6666666666666666,0.8,0.7523809523809524,0.7523809523809524,0.7523809523809524,0.9230769230769231,1.0,0.05057056325149256,0.15532544378698226,0.6744218975427717,,,,,False
persistence,exclude_covid,persistence/exclude_covid,1,neighborhood,Allston/Brighton,flu_season,0.9,IT90,72.80812661818143,26,2.0,0.07692307692307693,0.0,2.0,2.0,22.0,0.0,1.0,0.0,0.08333333333333333,0.0,0.0,-0.08333333333333333,-0.08333333333333333,-0.08333333333333333,0.8461538461538461,1.0,0.06750001270519629,0.07100591715976333,0.049374821068485786,,,,,True
persistence,exclude_covid,persistence/exclude_covid,1,neighborhood,Allston/Brighton,flu_season,0.98,IT98,101.71188922331822,26,0.0,0.0,0.0,0.0,0.0,26.0,,,,0.0,,,,,,1.0,,0.0037739981366047533,0.0,,,,,,True
persistence,exclude_covid,persistence/exclude_covid,1,neighborhood,Back Bay/Beacon Hill/Downtown/North End/West End,overall,,bands,,46,,,,,,,,,,,,,,,,,,,,,0.9130434782608695,0.9565217391304348,0.40874035989717206,0.0,False
persistence,exclude_covid,persistence/exclude_covid,1,neighborhood,Back Bay/Beacon Hill/Downtown/North End/West End,overall,0.5,IT50,32.35361456388361,46,3.0,0.06521739130434782,2.0,1.0,1.0,42.0,0.6666666666666666,0.3333333333333333,0.6666666666666666,0.023255813953488372,0.5,0.6666666666666666,0.6434108527131782,0.6434108527131783,0.6434108527131783,0.9565217391304348,1.0,0.03885903104683162,0.060964083175803395,0.3625913977124363,,,,,True
persistence,exclude_covid,persistence/exclude_covid,1,neighborhood,Back Bay/Beacon Hill/Downtown/North End/West End,overall,0.9,IT90,56.35007606954225,46,2.0,0.043478260869565216,0.0,2.0,2.0,42.0,0.0,1.0,0.0,0.045454545454545456,0.0,0.0,-0.045454545454545456,-0.045454545454545456,-0.045454545454545456,0.9130434782608695,1.0,0.050656177985203596,0.04158790170132326,-0.218050825189668,,,,,True
persistence,exclude_covid,persistence/exclude_covid,1,neighborhood,Back Bay/Beacon Hill/Downtown/North End/West End,overall,0.98,IT98,80.35966190257739,46,0.0,0.0,0.0,0.0,0.0,46.0,,,,0.0,,,,,,1.0,,0.0013768573934325478,0.0,,,,,,True
persistence,exclude_covid,persistence/exclude_covid,1,neighborhood,Back Bay/Beacon Hill/Downtown/North End/West End,flu_season,,bands,,26,,,,,,,,,,,,,,,,,,,,,0.8461538461538461,0.9230769230769231,0.37799043062200954,0.0,False
persistence,exclude_covid,persistence/exclude_covid,1,neighborhood,Back Bay/Beacon Hill/Downtown/North End/West End,flu_season,0.5,IT50,32.35361456388361,26,3.0,0.11538461538461539,2.0,1.0,1.0,22.0,0.6666666666666666,0.3333333333333333,0.6666666666666666,0.043478260869565216,0.5,0.6666666666666666,0.6231884057971014,0.6231884057971014,0.6231884057971014,0.9230769230769231,1.0,0.06869292981095687,0.10207100591715977,0.32700839779410373,,,,,True
persistence,exclude_covid,persistence/exclude_covid,1,neighborhood,Back Bay/Beacon Hill/Downtown/North End/West End,flu_season,0.9,IT90,56.35007606954225,26,2.0,0.07692307692307693,0.0,2.0,2.0,22.0,0.0,1.0,0.0,0.08333333333333333,0.0,0.0,-0.08333333333333333,-0.08333333333333333,-0.08333333333333333,0.8461538461538461,1.0,0.08962246871669889,0.07100591715976333,-0.2621831010935092,,,,,True
persistence,exclude_covid,persistence/exclude_covid,1,neighborhood,Back Bay/Beacon Hill/Downtown/North End/West End,flu_season,0.98,IT98,80.35966190257739,26,0.0,0.0,0.0,0.0,0.0,26.0,,,,0.0,,,,,,1.0,,0.002435978465303739,0.0,,,,,,True
persistence,exclude_covid,persistence/exclude_covid,1,neighborhood,Charlestown,overall,,bands,,35,,,,,,,,,,,,,,,,,,,,,0.9142857142857143,0.9714285714285714,0.7413793103448276,0.0,False
persistence,exclude_covid,persistence/exclude_covid,1,neighborhood,Charlestown,overall,0.5,IT50,44.544403832795176,35,4.0,0.11428571428571428,3.0,1.0,1.0,30.0,0.75,0.25,0.75,0.03225806451612903,0.6,0.75,0.717741935483871,0.717741935483871,0.717741935483871,0.9428571428571428,1.0,0.0459537337864346,0.10122448979591839,0.5460215815453034,,,,,True
persistence,exclude_covid,persistence/exclude_covid,1,neighborhood,Charlestown,overall,0.9,IT90,75.51034339625782,35,3.0,0.08571428571428572,2.0,1.0,1.0,31.0,0.6666666666666666,0.3333333333333333,0.6666666666666666,0.03125,0.5,0.6666666666666666,0.6354166666666666,0.6354166666666666,0.6354166666666666,0.9428571428571428,1.0,0.04763304797508002,0.0783673469387755,0.3921824607346559,,,,,True
persistence,exclude_covid,persistence/exclude_covid,1,neighborhood,Charlestown,overall,0.98,IT98,105.83479691598406,35,0.0,0.0,0.0,0.0,0.0,35.0,,,,0.0,,,,,,1.0,,0.004564404018609173,0.0,,,,,,True
persistence,exclude_covid,persistence/exclude_covid,1,neighborhood,Charlestown,flu_season,,bands,,21,,,,,,,,,,,,,,,,,,,,,0.8571428571428571,0.9523809523809523,0.71875,0.0,False
persistence,exclude_covid,persistence/exclude_covid,1,neighborhood,Charlestown,flu_season,0.5,IT50,44.544403832795176,21,4.0,0.19047619047619047,3.0,1.0,1.0,16.0,0.75,0.25,0.75,0.058823529411764705,0.6,0.75,0.6911764705882353,0.6911764705882353,0.6911764705882353,0.9047619047619048,1.0,0.07647671495465114,0.1541950113378685,0.5040260103676302,,,,,True
persistence,exclude_covid,persistence/exclude_covid,1,neighborhood,Charlestown,flu_season,0.9,IT90,75.51034339625782,21,3.0,0.14285714285714285,2.0,1.0,1.0,17.0,0.6666666666666666,0.3333333333333333,0.6666666666666666,0.05555555555555555,0.5,0.6666666666666666,0.611111111111111,0.6111111111111112,0.6111111111111112,0.9047619047619048,1.0,0.07938841308810429,0.12244897959183672,0.3516612931138149,,,,,True
persistence,exclude_covid,persistence/exclude_covid,1,neighborhood,Charlestown,flu_season,0.98,IT98,105.83479691598406,21,0.0,0.0,0.0,0.0,0.0,21.0,,,,0.0,,,,,,1.0,,0.007607340031015289,0.0,,,,,,True
persistence,exclude_covid,persistence/exclude_covid,1,neighborhood,Dorchester,overall,,bands,,49,,,,,,,,,,,,,,,,,,,,,0.9591836734693877,1.0,0.7277777777777777,0.0,False
persistence,exclude_covid,persistence/exclude_covid,1,neighborhood,Dorchester,overall,0.5,IT50,157.0086457734027,49,4.0,0.08163265306122448,3.0,1.0,1.0,44.0,0.75,0.25,0.75,0.022222222222222223,0.6,0.75,0.7277777777777777,0.7277777777777777,0.7277777777777777,0.9591836734693877,1.0,0.02744352863766252,0.07496876301541025,0.6339338207831795,,,,,True
persistence,exclude_covid,persistence/exclude_covid,1,neighborhood,Dorchester,overall,0.9,IT90,264.26252974322875,49,0.0,0.0,0.0,0.0,0.0,49.0,,,,0.0,,,,,,1.0,,0.004420143257429995,0.0,,,,,,True
persistence,exclude_covid,persistence/exclude_covid,1,neighborhood,Dorchester,overall,0.98,IT98,368.7005757586777,49,0.0,0.0,0.0,0.0,0.0,49.0,,,,0.0,,,,,,1.0,,3.5058714030956223e-06,0.0,,,,,,True
persistence,exclude_covid,persistence/exclude_covid,1,neighborhood,Dorchester,flu_season,,bands,,26,,,,,,,,,,,,,,,,,,,,,0.9230769230769231,1.0,0.7045454545454546,0.0,False
persistence,exclude_covid,persistence/exclude_covid,1,neighborhood,Dorchester,flu_season,0.5,IT50,157.0086457734027,26,4.0,0.15384615384615385,3.0,1.0,1.0,21.0,0.75,0.25,0.75,0.045454545454545456,0.6,0.75,0.7045454545454546,0.7045454545454546,0.7045454545454546,0.9230769230769231,1.0,0.05172049297746461,0.13017751479289943,0.6026925766731128,,,,,True
persistence,exclude_covid,persistence/exclude_covid,1,neighborhood,Dorchester,flu_season,0.9,IT90,264.26252974322875,26,0.0,0.0,0.0,0.0,0.0,26.0,,,,0.0,,,,,,1.0,,0.008330269985156529,0.0,,,,,,True
persistence,exclude_covid,persistence/exclude_covid,1,neighborhood,Dorchester,flu_season,0.98,IT98,368.7005757586777,26,0.0,0.0,0.0,0.0,0.0,26.0,,,,0.0,,,,,,1.0,,6.607219182757134e-06,0.0,,,,,,True
persistence,exclude_covid,persistence/exclude_covid,1,neighborhood,East Boston,overall,,bands,,44,,,,,,,,,,,,,,,,,,,,,0.9090909090909091,1.0,0.6890459363957597,0.0,False
persistence,exclude_covid,persistence/exclude_covid,1,neighborhood,East Boston,overall,0.5,IT50,32.38969817502224,44,4.0,0.09090909090909091,3.0,1.0,1.0,39.0,0.75,0.25,0.75,0.025,0.6,0.75,0.725,0.725,0.725,0.9545454545454546,1.0,0.037220464358185636,0.08264462809917356,0.5496323812659538,,,,,True
persistence,exclude_covid,persistence/exclude_covid,1,neighborhood,East Boston,overall,0.9,IT90,56.982258100156095,44,1.0,0.022727272727272728,0.0,1.0,1.0,42.0,0.0,1.0,0.0,0.023255813953488372,0.0,0.0,-0.023255813953488372,-0.023255813953488372,-0.023255813953488372,0.9545454545454546,1.0,0.017922342849503017,0.02221074380165289,0.19307777310144547,,,,,True
persistence,exclude_covid,persistence/exclude_covid,1,neighborhood,East Boston,overall,0.98,IT98,81.78485877953806,44,0.0,0.0,0.0,0.0,0.0,44.0,,,,0.0,,,,,,1.0,,0.0008244629784835006,0.0,,,,,,True
persistence,exclude_covid,persistence/exclude_covid,1,neighborhood,East Boston,flu_season,,bands,,25,,,,,,,,,,,,,,,,,,,,,0.84,1.0,0.6666666666666667,0.0,False
persistence,exclude_covid,persistence/exclude_covid,1,neighborhood,East Boston,flu_season,0.5,IT50,32.38969817502224,25,4.0,0.16,3.0,1.0,1.0,20.0,0.75,0.25,0.75,0.047619047619047616,0.6,0.75,0.7023809523809523,0.7023809523809523,0.7023809523809523,0.92,1.0,0.06474766358076453,0.13439999999999996,0.518246550738359,,,,,True
persistence,exclude_covid,persistence/exclude_covid,1,neighborhood,East Boston,flu_season,0.9,IT90,56.982258100156095,25,1.0,0.04,0.0,1.0,1.0,23.0,0.0,1.0,0.0,0.041666666666666664,0.0,0.0,-0.041666666666666664,-0.041666666666666664,-0.041666666666666664,0.92,1.0,0.03154326387951582,0.03840000000000001,0.17856083647094234,,,,,True
persistence,exclude_covid,persistence/exclude_covid,1,neighborhood,East Boston,flu_season,0.98,IT98,81.78485877953806,25,0.0,0.0,0.0,0.0,0.0,25.0,,,,0.0,,,,,,1.0,,0.0014510548421237312,0.0,,,,,,True
persistence,exclude_covid,persistence/exclude_covid,1,neighborhood,Fenway,overall,,bands,,43,,,,,,,,,,,,,,,,,,,,,0.9069767441860465,1.0,-0.04878048780487809,0.0,False
persistence,exclude_covid,persistence/exclude_covid,1,neighborhood,Fenway,overall,0.5,IT50,19.789042860168028,43,2.0,0.046511627906976744,0.0,2.0,2.0,39.0,0.0,1.0,0.0,0.04878048780487805,0.0,0.0,-0.04878048780487805,-0.04878048780487805,-0.04878048780487805,0.9069767441860465,1.0,0.03935375873202383,0.04434829637641969,0.11262073298156017,,,,,True
persistence,exclude_covid,persistence/exclude_covid,1,neighborhood,Fenway,overall,0.9,IT90,31.717921949528318,43,0.0,0.0,0.0,0.0,0.0,43.0,,,,0.0,,,,,,1.0,,0.0036953530803569266,0.0,,,,,,True
persistence,exclude_covid,persistence/exclude_covid,1,neighborhood,Fenway,overall,0.98,IT98,42.89052071415166,43,0.0,0.0,0.0,0.0,0.0,43.0,,,,0.0,,,,,,1.0,,0.00021656232908016332,0.0,,,,,,True
persistence,exclude_covid,persistence/exclude_covid,1,neighborhood,Fenway,flu_season,,bands,,25,,,,,,,,,,,,,,,,,,,,,0.84,1.0,-0.0869565217391306,0.0,False
persistence,exclude_covid,persistence/exclude_covid,1,neighborhood,Fenway,flu_season,0.5,IT50,19.789042860168028,25,2.0,0.08,0.0,2.0,2.0,21.0,0.0,1.0,0.0,0.08695652173913043,0.0,0.0,-0.08695652173913043,-0.08695652173913043,-0.08695652173913043,0.84,1.0,0.06660181682955131,0.0736,0.09508401046805282,,,,,True
persistence,exclude_covid,persistence/exclude_covid,1,neighborhood,Fenway,flu_season,0.9,IT90,31.717921949528318,25,0.0,0.0,0.0,0.0,0.0,25.0,,,,0.0,,,,,,1.0,,0.006351882755887698,0.0,,,,,,True
persistence,exclude_covid,persistence/exclude_covid,1,neighborhood,Fenway,flu_season,0.98,IT98,42.89052071415166,25,0.0,0.0,0.0,0.0,0.0,25.0,,,,0.0,,,,,,1.0,,0.0003724851550151557,0.0,,,,,,True
persistence,exclude_covid,persistence/exclude_covid,1,neighborhood,Hyde Park,overall,,bands,,46,,,,,,,,,,,,,,,,,,,,,0.9565217391304348,1.0,0.6434108527131783,0.0,False
persistence,exclude_covid,persistence/exclude_covid,1,neighborhood,Hyde Park,overall,0.5,IT50,59.73762940735334,46,3.0,0.06521739130434782,2.0,1.0,1.0,42.0,0.6666666666666666,0.3333333333333333,0.6666666666666666,0.023255813953488372,0.5,0.6666666666666666,0.6434108527131782,0.6434108527131783,0.6434108527131783,0.9565217391304348,1.0,0.04475766710166991,0.060964083175803395,0.26583547606873226,,,,,True
persistence,exclude_covid,persistence/exclude_covid,1,neighborhood,Hyde Park,overall,0.9,IT90,98.70163927662223,46,0.0,0.0,0.0,0.0,0.0,46.0,,,,0.0,,,,,,1.0,,0.007387834885009178,0.0,,,,,,True
persistence,exclude_covid,persistence/exclude_covid,1,neighborhood,Hyde Park,overall,0.98,IT98,136.08880333365826,46,0.0,0.0,0.0,0.0,0.0,46.0,,,,0.0,,,,,,1.0,,0.00022838039819428902,0.0,,,,,,True
persistence,exclude_covid,persistence/exclude_covid,1,neighborhood,Hyde Park,flu_season,,bands,,25,,,,,,,,,,,,,,,,,,,,,0.92,1.0,0.6212121212121212,0.0,False
persistence,exclude_covid,persistence/exclude_covid,1,neighborhood,Hyde Park,flu_season,0.5,IT50,59.73762940735334,25,3.0,0.12,2.0,1.0,1.0,21.0,0.6666666666666666,0.3333333333333333,0.6666666666666666,0.045454545454545456,0.5,0.6666666666666666,0.6212121212121212,0.6212121212121212,0.6212121212121212,0.92,1.0,0.08228003464697517,0.1056,0.22083300523697758,,,,,True
persistence,exclude_covid,persistence/exclude_covid,1,neighborhood,Hyde Park,flu_season,0.9,IT90,98.70163927662223,25,0.0,0.0,0.0,0.0,0.0,25.0,,,,0.0,,,,,,1.0,,0.013593616134828712,0.0,,,,,,True
persistence,exclude_covid,persistence/exclude_covid,1,neighborhood,Hyde Park,flu_season,0.98,IT98,136.08880333365826,25,0.0,0.0,0.0,0.0,0.0,25.0,,,,0.0,,,,,,1.0,,0.00042021993267749177,0.0,,,,,,True
persistence,exclude_covid,persistence/exclude_covid,1,neighborhood,Jamaica Plain,overall,,bands,,46,,,,,,,,,,,,,,,,,,,,,0.9130434782608695,1.0,0.8413793103448276,0.0,False
persistence,exclude_covid,persistence/exclude_covid,1,neighborhood,Jamaica Plain,overall,0.5,IT50,30.1329000930458,46,5.0,0.10869565217391304,4.0,1.0,1.0,40.0,0.8,0.2,0.8,0.024390243902439025,0.6666666666666666,0.8,0.775609756097561,0.775609756097561,0.775609756097561,0.9565217391304348,1.0,0.024721916008005686,0.09688090737240074,0.7448215889124876,,,,,False
persistence,exclude_covid,persistence/exclude_covid,1,neighborhood,Jamaica Plain,overall,0.9,IT90,48.93353508945714,46,3.0,0.06521739130434782,2.0,1.0,1.0,42.0,0.6666666666666666,0.3333333333333333,0.6666666666666666,0.023255813953488372,0.5,0.6666666666666666,0.6434108527131782,0.6434108527131783,0.6434108527131783,0.9565217391304348,1.0,0.02764259437861586,0.060964083175803395,0.5465757387197584,,,,,True
persistence,exclude_covid,persistence/exclude_covid,1,neighborhood,Jamaica Plain,overall,0.98,IT98,66.72678487426273,46,0.0,0.0,0.0,0.0,0.0,46.0,,,,0.0,,,,,,1.0,,0.006995647729556743,0.0,,,,,,True
persistence,exclude_covid,persistence/exclude_covid,1,neighborhood,Jamaica Plain,flu_season,,bands,,24,,,,,,,,,,,,,,,,,,,,,0.8333333333333334,1.0,0.8235294117647058,0.0,False
persistence,exclude_covid,persistence/exclude_covid,1,neighborhood,Jamaica Plain,flu_season,0.5,IT50,30.1329000930458,24,5.0,0.20833333333333334,4.0,1.0,1.0,18.0,0.8,0.2,0.8,0.05263157894736842,0.6666666666666666,0.8,0.7473684210526317,0.7473684210526316,0.7473684210526316,0.9166666666666666,1.0,0.04723729401145321,0.16493055555555555,0.713592827888452,,,,,False
persistence,exclude_covid,persistence/exclude_covid,1,neighborhood,Jamaica Plain,flu_season,0.9,IT90,48.93353508945714,24,3.0,0.125,2.0,1.0,1.0,20.0,0.6666666666666666,0.3333333333333333,0.6666666666666666,0.047619047619047616,0.5,0.6666666666666666,0.6190476190476191,0.6190476190476191,0.6190476190476191,0.9166666666666666,1.0,0.052981633956208966,0.109375,0.5155964895432323,,,,,True
persistence,exclude_covid,persistence/exclude_covid,1,neighborhood,Jamaica Plain,flu_season,0.98,IT98,66.72678487426273,24,0.0,0.0,0.0,0.0,0.0,24.0,,,,0.0,,,,,,1.0,,0.013408324814981104,0.0,,,,,,True
persistence,exclude_covid,persistence/exclude_covid,1,neighborhood,Mattapan,overall,,bands,,47,,,,,,,,,,,,,,,,,,,,,0.9574468085106383,1.0,0.6439393939393938,0.0,False
persistence,exclude_covid,persistence/exclude_covid,1,neighborhood,Mattapan,overall,0.5,IT50,75.36060630157071,47,3.0,0.06382978723404255,2.0,1.0,1.0,43.0,0.6666666666666666,0.3333333333333333,0.6666666666666666,0.022727272727272728,0.5,0.6666666666666666,0.6439393939393939,0.6439393939393939,0.6439393939393939,0.9574468085106383,1.0,0.02431673465538287,0.05975554549569943,0.5930631298959035,,,,,True
persistence,exclude_covid,persistence/exclude_covid,1,neighborhood,Mattapan,overall,0.9,IT90,114.4266389550119,47,0.0,0.0,0.0,0.0,0.0,47.0,,,,0.0,,,,,,1.0,,0.005189829411129824,0.0,,,,,,True
persistence,exclude_covid,persistence/exclude_covid,1,neighborhood,Mattapan,overall,0.98,IT98,149.46970387636378,47,0.0,0.0,0.0,0.0,0.0,47.0,,,,0.0,,,,,,1.0,,0.00030777667783717035,0.0,,,,,,True
persistence,exclude_covid,persistence/exclude_covid,1,neighborhood,Mattapan,flu_season,,bands,,26,,,,,,,,,,,,,,,,,,,,,0.9230769230769231,1.0,0.6231884057971014,0.0,False
persistence,exclude_covid,persistence/exclude_covid,1,neighborhood,Mattapan,flu_season,0.5,IT50,75.36060630157071,26,3.0,0.11538461538461539,2.0,1.0,1.0,22.0,0.6666666666666666,0.3333333333333333,0.6666666666666666,0.043478260869565216,0.5,0.6666666666666666,0.6231884057971014,0.6231884057971014,0.6231884057971014,0.9230769230769231,1.0,0.043957174184169556,0.10207100591715977,0.5693471050942229,,,,,True
persistence,exclude_covid,persistence/exclude_covid,1,neighborhood,Mattapan,flu_season,0.9,IT90,114.4266389550119,26,0.0,0.0,0.0,0.0,0.0,26.0,,,,0.0,,,,,,1.0,,0.009381614704734682,0.0,,,,,,True
persistence,exclude_covid,persistence/exclude_covid,1,neighborhood,Mattapan,flu_season,0.98,IT98,149.46970387636378,26,0.0,0.0,0.0,0.0,0.0,26.0,,,,0.0,,,,,,1.0,,0.0005563655330133464,0.0,,,,,,True
persistence,exclude_covid,persistence/exclude_covid,1,neighborhood,Roslindale,overall,,bands,,42,,,,,,,,,,,,,,,,,,,,,0.9285714285714286,0.9761904761904762,0.7464788732394366,0.0,False
persistence,exclude_covid,persistence/exclude_covid,1,neighborhood,Roslindale,overall,0.5,IT50,83.12526323754497,42,4.0,0.09523809523809523,3.0,1.0,1.0,37.0,0.75,0.25,0.75,0.02631578947368421,0.6,0.75,0.7236842105263158,0.7236842105263158,0.7236842105263158,0.9523809523809523,1.0,0.043997996762988024,0.08616780045351476,0.4893916691453233,,,,,True
persistence,exclude_covid,persistence/exclude_covid,1,neighborhood,Roslindale,overall,0.9,IT90,133.65502394030972,42,3.0,0.07142857142857142,2.0,1.0,1.0,38.0,0.6666666666666666,0.3333333333333333,0.6666666666666666,0.02564102564102564,0.5,0.6666666666666666,0.641025641025641,0.6410256410256411,0.6410256410256411,0.9523809523809523,1.0,0.030275024864883596,0.06632653061224489,0.5435457789602165,,,,,True
persistence,exclude_covid,persistence/exclude_covid,1,neighborhood,Roslindale,overall,0.98,IT98,181.10052866383202,42,0.0,0.0,0.0,0.0,0.0,42.0,,,,0.0,,,,,,1.0,,0.005903501200274805,0.0,,,,,,True
persistence,exclude_covid,persistence/exclude_covid,1,neighborhood,Roslindale,flu_season,,bands,,26,,,,,,,,,,,,,,,,,,,,,0.8846153846153846,0.9615384615384616,0.7301038062283738,0.0,False
persistence,exclude_covid,persistence/exclude_covid,1,neighborhood,Roslindale,flu_season,0.5,IT50,83.12526323754497,26,4.0,0.15384615384615385,3.0,1.0,1.0,21.0,0.75,0.25,0.75,0.045454545454545456,0.6,0.75,0.7045454545454546,0.7045454545454546,0.7045454545454546,0.9230769230769231,1.0,0.07107268687803478,0.13017751479289943,0.454032541709642,,,,,True
persistence,exclude_covid,persistence/exclude_covid,1,neighborhood,Roslindale,flu_season,0.9,IT90,133.65502394030972,26,3.0,0.11538461538461539,2.0,1.0,1.0,22.0,0.6666666666666666,0.3333333333333333,0.6666666666666666,0.043478260869565216,0.5,0.6666666666666666,0.6231884057971014,0.6231884057971014,0.6231884057971014,0.9230769230769231,1.0,0.04890580939711951,0.10207100591715977,0.5208648238774958,,,,,True
persistence,exclude_covid,persistence/exclude_covid,1,neighborhood,Roslindale,flu_season,0.98,IT98,181.10052866383202,26,0.0,0.0,0.0,0.0,0.0,26.0,,,,0.0,,,,,,1.0,,0.00953642501582853,0.0,,,,,,True
persistence,exclude_covid,persistence/exclude_covid,1,neighborhood,Roxbury,overall,,bands,,49,,,,,,,,,,,,,,,,,,,,,0.9183673469387755,1.0,0.6474820143884892,0.0,False
persistence,exclude_covid,persistence/exclude_covid,1,neighborhood,Roxbury,overall,0.5,IT50,138.88545502174753,49,3.0,0.061224489795918366,2.0,1.0,1.0,45.0,0.6666666666666666,0.3333333333333333,0.6666666666666666,0.021739130434782608,0.5,0.6666666666666666,0.644927536231884,0.644927536231884,0.644927536231884,0.9591836734693877,1.0,0.03347250105272479,0.057476051645147866,0.41762699255367963,,,,,True
persistence,exclude_covid,persistence/exclude_covid,1,neighborhood,Roxbury,overall,0.9,IT90,231.9483227351807,49,1.0,0.02040816326530612,0.0,1.0,1.0,47.0,0.0,1.0,0.0,0.020833333333333332,0.0,0.0,-0.020833333333333332,-0.020833333333333332,-0.020833333333333332,0.9591836734693877,1.0,0.03080365553137481,0.01999167013744273,-0.5408245193923109,,,,,True
persistence,exclude_covid,persistence/exclude_covid,1,neighborhood,Roxbury,overall,0.98,IT98,322.0096816211373,49,0.0,0.0,0.0,0.0,0.0,49.0,,,,0.0,,,,,,1.0,,0.00017125496272609375,0.0,,,,,,True
persistence,exclude_covid,persistence/exclude_covid,1,neighborhood,Roxbury,flu_season,,bands,,26,,,,,,,,,,,,,,,,,,,,,0.8461538461538461,1.0,0.6285714285714286,0.0,False
persistence,exclude_covid,persistence/exclude_covid,1,neighborhood,Roxbury,flu_season,0.5,IT50,138.88545502174753,26,3.0,0.11538461538461539,2.0,1.0,1.0,22.0,0.6666666666666666,0.3333333333333333,0.6666666666666666,0.043478260869565216,0.5,0.6666666666666666,0.6231884057971014,0.6231884057971014,0.6231884057971014,0.9230769230769231,1.0,0.06308278158092064,0.10207100591715977,0.38197158914924134,,,,,True
persistence,exclude_covid,persistence/exclude_covid,1,neighborhood,Roxbury,flu_season,0.9,IT90,231.9483227351807,26,1.0,0.038461538461538464,0.0,1.0,1.0,24.0,0.0,1.0,0.0,0.04,0.0,0.0,-0.04,-0.04,-0.04,0.9230769230769231,1.0,0.058053043116821766,0.036982248520710054,-0.5697542858788607,,,,,True
persistence,exclude_covid,persistence/exclude_covid,1,neighborhood,Roxbury,flu_season,0.98,IT98,322.0096816211373,26,0.0,0.0,0.0,0.0,0.0,26.0,,,,0.0,,,,,,1.0,,0.00032274973744533055,0.0,,,,,,True
persistence,exclude_covid,persistence/exclude_covid,1,neighborhood,South Boston,overall,,bands,,42,,,,,,,,,,,,,,,,,,,,,0.9523809523809523,1.0,0.7236842105263157,0.0,False
persistence,exclude_covid,persistence/exclude_covid,1,neighborhood,South Boston,overall,0.5,IT50,31.63670795756643,42,4.0,0.09523809523809523,3.0,1.0,1.0,37.0,0.75,0.25,0.75,0.02631578947368421,0.6,0.75,0.7236842105263158,0.7236842105263158,0.7236842105263158,0.9523809523809523,1.0,0.04261265973918534,0.08616780045351476,0.505468869868928,,,,,True
persistence,exclude_covid,persistence/exclude_covid,1,neighborhood,South Boston,overall,0.9,IT90,60.18982141922808,42,0.0,0.0,0.0,0.0,0.0,42.0,,,,0.0,,,,,,1.0,,0.009260597826477543,0.0,,,,,,True
persistence,exclude_covid,persistence/exclude_covid,1,neighborhood,South Boston,overall,0.98,IT98,90.82483767314203,42,0.0,0.0,0.0,0.0,0.0,42.0,,,,0.0,,,,,,1.0,,0.000184502485399494,0.0,,,,,,True
persistence,exclude_covid,persistence/exclude_covid,1,neighborhood,South Boston,flu_season,,bands,,25,,,,,,,,,,,,,,,,,,,,,0.92,1.0,0.7023809523809524,0.0,False
persistence,exclude_covid,persistence/exclude_covid,1,neighborhood,South Boston,flu_season,0.5,IT50,31.63670795756643,25,4.0,0.16,3.0,1.0,1.0,20.0,0.75,0.25,0.75,0.047619047619047616,0.6,0.75,0.7023809523809523,0.7023809523809523,0.7023809523809523,0.92,1.0,0.07146908009261498,0.13439999999999996,0.4682360112156623,,,,,True
persistence,exclude_covid,persistence/exclude_covid,1,neighborhood,South Boston,flu_season,0.9,IT90,60.18982141922808,25,0.0,0.0,0.0,0.0,0.0,25.0,,,,0.0,,,,,,1.0,,0.015557804342095458,0.0,,,,,,True
persistence,exclude_covid,persistence/exclude_covid,1,neighborhood,South Boston,flu_season,0.98,IT98,90.82483767314203,25,0.0,0.0,0.0,0.0,0.0,25.0,,,,0.0,,,,,,1.0,,0.00030996417547114996,0.0,,,,,,True
persistence,exclude_covid,persistence/exclude_covid,1,neighborhood,South End,overall,,bands,,49,,,,,,,,,,,,,,,,,,,,,0.9591836734693877,1.0,0.7277777777777777,0.0,False
persistence,exclude_covid,persistence/exclude_covid,1,neighborhood,South End,overall,0.5,IT50,82.00792145914704,49,4.0,0.08163265306122448,3.0,1.0,1.0,44.0,0.75,0.25,0.75,0.022222222222222223,0.6,0.75,0.7277777777777777,0.7277777777777777,0.7277777777777777,0.9591836734693877,1.0,0.03912939315720403,0.07496876301541025,0.4780573723864062,,,,,True
persistence,exclude_covid,persistence/exclude_covid,1,neighborhood,South End,overall,0.9,IT90,134.00251631923587,49,0.0,0.0,0.0,0.0,0.0,49.0,,,,0.0,,,,,,1.0,,0.012006575031409982,0.0,,,,,,True
persistence,exclude_covid,persistence/exclude_covid,1,neighborhood,South End,overall,0.98,IT98,183.45444562568642,49,0.0,0.0,0.0,0.0,0.0,49.0,,,,0.0,,,,,,1.0,,0.00022029631859124,0.0,,,,,,True
persistence,exclude_covid,persistence/exclude_covid,1,neighborhood,South End,flu_season,,bands,,26,,,,,,,,,,,,,,,,,,,,,0.9230769230769231,1.0,0.7045454545454546,0.0,False
persistence,exclude_covid,persistence/exclude_covid,1,neighborhood,South End,flu_season,0.5,IT50,82.00792145914704,26,4.0,0.15384615384615385,3.0,1.0,1.0,21.0,0.75,0.25,0.75,0.045454545454545456,0.6,0.75,0.7045454545454546,0.7045454545454546,0.7045454545454546,0.9230769230769231,1.0,0.0737437432677999,0.13017751479289943,0.4335139721700827,,,,,True
persistence,exclude_covid,persistence/exclude_covid,1,neighborhood,South End,flu_season,0.9,IT90,134.00251631923587,26,0.0,0.0,0.0,0.0,0.0,26.0,,,,0.0,,,,,,1.0,,0.022627776020734198,0.0,,,,,,True
persistence,exclude_covid,persistence/exclude_covid,1,neighborhood,South End,flu_season,0.98,IT98,183.45444562568642,26,0.0,0.0,0.0,0.0,0.0,26.0,,,,0.0,,,,,,1.0,,0.0004151738311911831,0.0,,,,,,True
persistence,exclude_covid,persistence/exclude_covid,1,neighborhood,West Roxbury,overall,,bands,,40,,,,,,,,,,,,,,,,,,,,,0.925,0.95,0.6568627450980392,0.0,False
persistence,exclude_covid,persistence/exclude_covid,1,neighborhood,West Roxbury,overall,0.5,IT50,37.349459967580074,40,3.0,0.075,2.0,1.0,1.0,36.0,0.6666666666666666,0.3333333333333333,0.6666666666666666,0.02702702702702703,0.5,0.6666666666666666,0.6396396396396395,0.6396396396396397,0.6396396396396397,0.95,1.0,0.030353685607850938,0.06937499999999999,0.5624693966435901,,,,,True
persistence,exclude_covid,persistence/exclude_covid,1,neighborhood,West Roxbury,overall,0.9,IT90,59.59981304845178,40,3.0,0.075,2.0,1.0,1.0,36.0,0.6666666666666666,0.3333333333333333,0.6666666666666666,0.02702702702702703,0.5,0.6666666666666666,0.6396396396396395,0.6396396396396397,0.6396396396396397,0.95,1.0,0.034103591706588735,0.06937499999999999,0.5084166961212434,,,,,True
persistence,exclude_covid,persistence/exclude_covid,1,neighborhood,West Roxbury,overall,0.98,IT98,80.36625284929092,40,2.0,0.05,1.0,1.0,1.0,37.0,0.5,0.5,0.5,0.02631578947368421,0.3333333333333333,0.5,0.4736842105263158,0.47368421052631576,0.47368421052631576,0.95,1.0,0.0380529999580868,0.047499999999999994,0.19888421140869883,,,,,True
persistence,exclude_covid,persistence/exclude_covid,1,neighborhood,West Roxbury,flu_season,,bands,,25,,,,,,,,,,,,,,,,,,,,,0.88,0.92,0.6399176954732511,0.0,False
persistence,exclude_covid,persistence/exclude_covid,1,neighborhood,West Roxbury,flu_season,0.5,IT50,37.349459967580074,25,3.0,0.12,2.0,1.0,1.0,21.0,0.6666666666666666,0.3333333333333333,0.6666666666666666,0.045454545454545456,0.5,0.6666666666666666,0.6212121212121212,0.6212121212121212,0.6212121212121212,0.92,1.0,0.04852336285847196,0.1056,0.5404984577796216,,,,,True
persistence,exclude_covid,persistence/exclude_covid,1,neighborhood,West Roxbury,flu_season,0.9,IT90,59.59981304845178,25,3.0,0.12,2.0,1.0,1.0,21.0,0.6666666666666666,0.3333333333333333,0.6666666666666666,0.045454545454545456,0.5,0.6666666666666666,0.6212121212121212,0.6212121212121212,0.6212121212121212,0.92,1.0,0.05456574627426729,0.1056,0.48327891785731736,,,,,True
persistence,exclude_covid,persistence/exclude_covid,1,neighborhood,West Roxbury,flu_season,0.98,IT98,80.36625284929092,25,2.0,0.08,1.0,1.0,1.0,22.0,0.5,0.5,0.5,0.043478260869565216,0.3333333333333333,0.5,0.4565217391304348,0.45652173913043476,0.45652173913043476,0.92,1.0,0.06088479993293884,0.0736,0.17276087047637445,,,,,True
persistence,post_covid,persistence/post_covid,1,citywide,CITYWIDE,overall,,bands,,49,,,,,,,,,,,,,,,,,,,,,0.9183673469387755,1.0,0.6918238993710693,0.0,False
persistence,post_covid,persistence/post_covid,1,citywide,CITYWIDE,overall,0.5,IT50,60.20679524890062,49,4.0,0.08163265306122448,3.0,1.0,1.0,44.0,0.75,0.25,0.75,0.022222222222222223,0.6,0.75,0.7277777777777777,0.7277777777777777,0.7277777777777777,0.9591836734693877,1.0,0.031212239618760046,0.07496876301541025,0.5836634037519841,,,,,True
persistence,post_covid,persistence/post_covid,1,citywide,CITYWIDE,overall,0.9,IT90,98.17566769051967,49,1.0,0.02040816326530612,0.0,1.0,1.0,47.0,0.0,1.0,0.0,0.020833333333333332,0.0,0.0,-0.020833333333333332,-0.020833333333333332,-0.020833333333333332,0.9591836734693877,1.0,0.025914939518803293,0.01999167013744273,-0.29628687051347313,,,,,True
persistence,post_covid,persistence/post_covid,1,citywide,CITYWIDE,overall,0.98,IT98,134.22833796478614,49,0.0,0.0,0.0,0.0,0.0,49.0,,,,0.0,,,,,,1.0,,0.0006787968541923957,0.0,,,,,,True
persistence,post_covid,persistence/post_covid,1,citywide,CITYWIDE,flu_season,,bands,,26,,,,,,,,,,,,,,,,,,,,,0.8461538461538461,1.0,0.6687898089171975,0.0,False
persistence,post_covid,persistence/post_covid,1,citywide,CITYWIDE,flu_season,0.5,IT50,60.20679524890062,26,4.0,0.15384615384615385,3.0,1.0,1.0,21.0,0.75,0.25,0.75,0.045454545454545456,0.6,0.75,0.7045454545454546,0.7045454545454546,0.7045454545454546,0.9230769230769231,1.0,0.05882245329327415,0.13017751479289943,0.5481366087925759,,,,,True
persistence,post_covid,persistence/post_covid,1,citywide,CITYWIDE,flu_season,0.9,IT90,98.17566769051967,26,1.0,0.038461538461538464,0.0,1.0,1.0,24.0,0.0,1.0,0.0,0.04,0.0,0.0,-0.04,-0.04,-0.04,0.9230769230769231,1.0,0.04883969370851379,0.036982248520710054,-0.32062531787821325,,,,,True
persistence,post_covid,persistence/post_covid,1,citywide,CITYWIDE,flu_season,0.98,IT98,134.22833796478614,26,0.0,0.0,0.0,0.0,0.0,26.0,,,,0.0,,,,,,1.0,,0.0012792709944395154,0.0,,,,,,True
persistence,post_covid,persistence/post_covid,1,pooled,ALL,overall,,bands,,627,,,,,,,,,,,,,,,,,,,,,0.9282296650717703,0.9904306220095693,0.6821245377549803,0.0,False
persistence,post_covid,persistence/post_covid,1,pooled,ALL,overall,0.5,IT50,,627,51.0,0.08133971291866028,36.0,15.0,15.0,561.0,0.7058823529411765,0.29411764705882354,0.7058823529411765,0.026041666666666668,0.5454545454545454,0.7058823529411765,0.6798406862745099,0.6798406862745098,0.6798406862745098,0.9521531100478469,1.0,0.035301327019784785,0.07472356402097019,0.5275743671718076,,,,,False
persistence,post_covid,persistence/post_covid,1,pooled,ALL,overall,0.9,IT90,,627,18.0,0.028708133971291867,8.0,10.0,10.0,599.0,0.4444444444444444,0.5555555555555556,0.4444444444444444,0.016420361247947456,0.2857142857142857,0.4444444444444444,0.428024083196497,0.428024083196497,0.428024083196497,0.9681020733652312,1.0,0.022158865852495463,0.02788397701517821,0.20531903177105515,,,,,False
persistence,post_covid,persistence/post_covid,1,pooled,ALL,overall,0.98,IT98,,627,2.0,0.003189792663476874,1.0,1.0,1.0,624.0,0.5,0.5,0.5,0.0016,0.3333333333333333,0.5,0.4984,0.4984,0.4984,0.9968102073365231,1.0,0.004006445092193316,0.0031796178862409027,-0.26003980211909306,,,,,True
persistence,post_covid,persistence/post_covid,1,pooled,ALL,flu_season,,bands,,352,,,,,,,,,,,,,,,,,,,,,0.8721590909090909,0.9829545454545454,0.6622929540901267,0.0,False
persistence,post_covid,persistence/post_covid,1,pooled,ALL,flu_season,0.5,IT50,,352,51.0,0.14488636363636365,36.0,15.0,15.0,286.0,0.7058823529411765,0.29411764705882354,0.7058823529411765,0.04983388704318937,0.5454545454545454,0.7058823529411765,0.6560484658979872,0.6560484658979872,0.6560484658979872,0.9147727272727273,1.0,0.06270740480682115,0.12389430526859506,0.49386370365550347,,,,,False
persistence,post_covid,persistence/post_covid,1,pooled,ALL,flu_season,0.9,IT90,,352,18.0,0.05113636363636364,8.0,10.0,10.0,324.0,0.4444444444444444,0.5555555555555556,0.4444444444444444,0.029940119760479042,0.2857142857142857,0.4444444444444444,0.41450432468396536,0.4145043246839654,0.4145043246839654,0.9431818181818182,1.0,0.039470179348491334,0.04852143595041322,0.18654140020035426,,,,,False
persistence,post_covid,persistence/post_covid,1,pooled,ALL,flu_season,0.98,IT98,,352,2.0,0.005681818181818182,1.0,1.0,1.0,349.0,0.5,0.5,0.5,0.002857142857142857,0.3333333333333333,0.5,0.49714285714285716,0.49714285714285716,0.49714285714285716,0.9943181818181818,1.0,0.007136480171939635,0.0056495351239669415,-0.26319777032001235,,,,,True
persistence,post_covid,persistence/post_covid,1,neighborhood,Allston/Brighton,overall,,bands,,49,,,,,,,,,,,,,,,,,,,,,0.8775510204081632,1.0,0.7,0.0,False
persistence,post_covid,persistence/post_covid,1,neighborhood,Allston/Brighton,overall,0.5,IT50,43.17201700312734,49,5.0,0.10204081632653061,4.0,1.0,1.0,43.0,0.8,0.2,0.8,0.022727272727272728,0.6666666666666666,0.8,0.7772727272727273,0.7772727272727272,0.7772727272727272,0.9591836734693877,1.0,0.0268585373752867,0.09162848812994587,0.7068756898269848,,,,,False
persistence,post_covid,persistence/post_covid,1,neighborhood,Allston/Brighton,overall,0.9,IT90,72.80812661818143,49,2.0,0.04081632653061224,0.0,2.0,2.0,45.0,0.0,1.0,0.0,0.0425531914893617,0.0,0.0,-0.0425531914893617,-0.0425531914893617,-0.0425531914893617,0.9183673469387755,1.0,0.0358061096897215,0.03915035401915868,0.08542053866998589,,,,,True
persistence,post_covid,persistence/post_covid,1,neighborhood,Allston/Brighton,overall,0.98,IT98,101.71188922331822,49,0.0,0.0,0.0,0.0,0.0,49.0,,,,0.0,,,,,,1.0,,0.002006026019890374,0.0,,,,,,True
persistence,post_covid,persistence/post_covid,1,neighborhood,Allston/Brighton,flu_season,,bands,,26,,,,,,,,,,,,,,,,,,,,,0.7692307692307693,1.0,0.6708860759493671,0.0,False
persistence,post_covid,persistence/post_covid,1,neighborhood,Allston/Brighton,flu_season,0.5,IT50,43.17201700312734,26,5.0,0.19230769230769232,4.0,1.0,1.0,20.0,0.8,0.2,0.8,0.047619047619047616,0.6666666666666666,0.8,0.7523809523809524,0.7523809523809524,0.7523809523809524,0.9230769230769231,1.0,0.050571897306541595,0.15532544378698226,0.6744133087693132,,,,,False
persistence,post_covid,persistence/post_covid,1,neighborhood,Allston/Brighton,flu_season,0.9,IT90,72.80812661818143,26,2.0,0.07692307692307693,0.0,2.0,2.0,22.0,0.0,1.0,0.0,0.08333333333333333,0.0,0.0,-0.08333333333333333,-0.08333333333333333,-0.08333333333333333,0.8461538461538461,1.0,0.06748074517731041,0.07100591715976333,0.049646172086211915,,,,,True
persistence,post_covid,persistence/post_covid,1,neighborhood,Allston/Brighton,flu_season,0.98,IT98,101.71188922331822,26,0.0,0.0,0.0,0.0,0.0,26.0,,,,0.0,,,,,,1.0,,0.003780587499024165,0.0,,,,,,True
persistence,post_covid,persistence/post_covid,1,neighborhood,Back Bay/Beacon Hill/Downtown/North End/West End,overall,,bands,,46,,,,,,,,,,,,,,,,,,,,,0.9130434782608695,0.9565217391304348,0.40874035989717206,0.0,False
persistence,post_covid,persistence/post_covid,1,neighborhood,Back Bay/Beacon Hill/Downtown/North End/West End,overall,0.5,IT50,32.35361456388361,46,3.0,0.06521739130434782,2.0,1.0,1.0,42.0,0.6666666666666666,0.3333333333333333,0.6666666666666666,0.023255813953488372,0.5,0.6666666666666666,0.6434108527131782,0.6434108527131783,0.6434108527131783,0.9565217391304348,1.0,0.03886058385231641,0.060964083175803395,0.36256592688758504,,,,,True
persistence,post_covid,persistence/post_covid,1,neighborhood,Back Bay/Beacon Hill/Downtown/North End/West End,overall,0.9,IT90,56.35007606954225,46,2.0,0.043478260869565216,0.0,2.0,2.0,42.0,0.0,1.0,0.0,0.045454545454545456,0.0,0.0,-0.045454545454545456,-0.045454545454545456,-0.045454545454545456,0.9130434782608695,1.0,0.05064540289540447,0.04158790170132326,-0.21779173325767998,,,,,True
persistence,post_covid,persistence/post_covid,1,neighborhood,Back Bay/Beacon Hill/Downtown/North End/West End,overall,0.98,IT98,80.35966190257739,46,0.0,0.0,0.0,0.0,0.0,46.0,,,,0.0,,,,,,1.0,,0.001379582255138787,0.0,,,,,,True
persistence,post_covid,persistence/post_covid,1,neighborhood,Back Bay/Beacon Hill/Downtown/North End/West End,flu_season,,bands,,26,,,,,,,,,,,,,,,,,,,,,0.8461538461538461,0.9230769230769231,0.37799043062200954,0.0,False
persistence,post_covid,persistence/post_covid,1,neighborhood,Back Bay/Beacon Hill/Downtown/North End/West End,flu_season,0.5,IT50,32.35361456388361,26,3.0,0.11538461538461539,2.0,1.0,1.0,22.0,0.6666666666666666,0.3333333333333333,0.6666666666666666,0.043478260869565216,0.5,0.6666666666666666,0.6231884057971014,0.6231884057971014,0.6231884057971014,0.9230769230769231,1.0,0.06869528111538646,0.10207100591715977,0.32698536182606897,,,,,True
persistence,post_covid,persistence/post_covid,1,neighborhood,Back Bay/Beacon Hill/Downtown/North End/West End,flu_season,0.9,IT90,56.35007606954225,26,2.0,0.07692307692307693,0.0,2.0,2.0,22.0,0.0,1.0,0.0,0.08333333333333333,0.0,0.0,-0.08333333333333333,-0.08333333333333333,-0.08333333333333333,0.8461538461538461,1.0,0.08960340509560721,0.07100591715976333,-0.26191462176313474,,,,,True
persistence,post_covid,persistence/post_covid,1,neighborhood,Back Bay/Beacon Hill/Downtown/North End/West End,flu_season,0.98,IT98,80.35966190257739,26,0.0,0.0,0.0,0.0,0.0,26.0,,,,0.0,,,,,,1.0,,0.0024407993744763154,0.0,,,,,,True
persistence,post_covid,persistence/post_covid,1,neighborhood,Charlestown,overall,,bands,,35,,,,,,,,,,,,,,,,,,,,,0.9142857142857143,0.9714285714285714,0.7413793103448276,0.0,False
persistence,post_covid,persistence/post_covid,1,neighborhood,Charlestown,overall,0.5,IT50,44.544403832795176,35,4.0,0.11428571428571428,3.0,1.0,1.0,30.0,0.75,0.25,0.75,0.03225806451612903,0.6,0.75,0.717741935483871,0.717741935483871,0.717741935483871,0.9428571428571428,1.0,0.04594976909705396,0.10122448979591839,0.546060748839588,,,,,True
persistence,post_covid,persistence/post_covid,1,neighborhood,Charlestown,overall,0.9,IT90,75.51034339625782,35,3.0,0.08571428571428572,2.0,1.0,1.0,31.0,0.6666666666666666,0.3333333333333333,0.6666666666666666,0.03125,0.5,0.6666666666666666,0.6354166666666666,0.6354166666666666,0.6354166666666666,0.9428571428571428,1.0,0.047637581064061504,0.0783673469387755,0.39212461663046516,,,,,True
persistence,post_covid,persistence/post_covid,1,neighborhood,Charlestown,overall,0.98,IT98,105.83479691598406,35,0.0,0.0,0.0,0.0,0.0,35.0,,,,0.0,,,,,,1.0,,0.004569893893682204,0.0,,,,,,True
persistence,post_covid,persistence/post_covid,1,neighborhood,Charlestown,flu_season,,bands,,21,,,,,,,,,,,,,,,,,,,,,0.8571428571428571,0.9523809523809523,0.71875,0.0,False
persistence,post_covid,persistence/post_covid,1,neighborhood,Charlestown,flu_season,0.5,IT50,44.544403832795176,21,4.0,0.19047619047619047,3.0,1.0,1.0,16.0,0.75,0.25,0.75,0.058823529411764705,0.6,0.75,0.6911764705882353,0.6911764705882353,0.6911764705882353,0.9047619047619048,1.0,0.0764695140203153,0.1541950113378685,0.50407271054472,,,,,True
persistence,post_covid,persistence/post_covid,1,neighborhood,Charlestown,flu_season,0.9,IT90,75.51034339625782,21,3.0,0.14285714285714285,2.0,1.0,1.0,17.0,0.6666666666666666,0.3333333333333333,0.6666666666666666,0.05555555555555555,0.5,0.6666666666666666,0.611111111111111,0.6111111111111112,0.6111111111111112,0.9047619047619048,1.0,0.07939596823173527,0.12244897959183672,0.35159959277416186,,,,,True
persistence,post_covid,persistence/post_covid,1,neighborhood,Charlestown,flu_season,0.98,IT98,105.83479691598406,21,0.0,0.0,0.0,0.0,0.0,21.0,,,,0.0,,,,,,1.0,,0.007616489822803675,0.0,,,,,,True
persistence,post_covid,persistence/post_covid,1,neighborhood,Dorchester,overall,,bands,,49,,,,,,,,,,,,,,,,,,,,,0.9591836734693877,1.0,0.7277777777777777,0.0,False
persistence,post_covid,persistence/post_covid,1,neighborhood,Dorchester,overall,0.5,IT50,157.0086457734027,49,4.0,0.08163265306122448,3.0,1.0,1.0,44.0,0.75,0.25,0.75,0.022222222222222223,0.6,0.75,0.7277777777777777,0.7277777777777777,0.7277777777777777,0.9591836734693877,1.0,0.027437043073495846,0.07496876301541025,0.6340203310029804,,,,,True
persistence,post_covid,persistence/post_covid,1,neighborhood,Dorchester,overall,0.9,IT90,264.26252974322875,49,0.0,0.0,0.0,0.0,0.0,49.0,,,,0.0,,,,,,1.0,,0.0044224031580325064,0.0,,,,,,True
persistence,post_covid,persistence/post_covid,1,neighborhood,Dorchester,overall,0.98,IT98,368.7005757586777,49,0.0,0.0,0.0,0.0,0.0,49.0,,,,0.0,,,,,,1.0,,3.5353265896567847e-06,0.0,,,,,,True
persistence,post_covid,persistence/post_covid,1,neighborhood,Dorchester,flu_season,,bands,,26,,,,,,,,,,,,,,,,,,,,,0.9230769230769231,1.0,0.7045454545454546,0.0,False
persistence,post_covid,persistence/post_covid,1,neighborhood,Dorchester,flu_season,0.5,IT50,157.0086457734027,26,4.0,0.15384615384615385,3.0,1.0,1.0,21.0,0.75,0.25,0.75,0.045454545454545456,0.6,0.75,0.7045454545454546,0.7045454545454546,0.7045454545454546,0.9230769230769231,1.0,0.05170827012167466,0.13017751479289943,0.6027864704289538,,,,,True
persistence,post_covid,persistence/post_covid,1,neighborhood,Dorchester,flu_season,0.9,IT90,264.26252974322875,26,0.0,0.0,0.0,0.0,0.0,26.0,,,,0.0,,,,,,1.0,,0.008334529028599724,0.0,,,,,,True
persistence,post_covid,persistence/post_covid,1,neighborhood,Dorchester,flu_season,0.98,IT98,368.7005757586777,26,0.0,0.0,0.0,0.0,0.0,26.0,,,,0.0,,,,,,1.0,,6.662730880507017e-06,0.0,,,,,,True
persistence,post_covid,persistence/post_covid,1,neighborhood,East Boston,overall,,bands,,44,,,,,,,,,,,,,,,,,,,,,0.9090909090909091,1.0,0.6890459363957597,0.0,False
persistence,post_covid,persistence/post_covid,1,neighborhood,East Boston,overall,0.5,IT50,32.38969817502224,44,4.0,0.09090909090909091,3.0,1.0,1.0,39.0,0.75,0.25,0.75,0.025,0.6,0.75,0.725,0.725,0.725,0.9545454545454546,1.0,0.03722267889388597,0.08264462809917356,0.5496055853839799,,,,,True
persistence,post_covid,persistence/post_covid,1,neighborhood,East Boston,overall,0.9,IT90,56.982258100156095,44,1.0,0.022727272727272728,0.0,1.0,1.0,42.0,0.0,1.0,0.0,0.023255813953488372,0.0,0.0,-0.023255813953488372,-0.023255813953488372,-0.023255813953488372,0.9545454545454546,1.0,0.017921846692187104,0.02221074380165289,0.19310011171920383,,,,,True
persistence,post_covid,persistence/post_covid,1,neighborhood,East Boston,overall,0.98,IT98,81.78485877953806,44,0.0,0.0,0.0,0.0,0.0,44.0,,,,0.0,,,,,,1.0,,0.0008263819121617378,0.0,,,,,,True
persistence,post_covid,persistence/post_covid,1,neighborhood,East Boston,flu_season,,bands,,25,,,,,,,,,,,,,,,,,,,,,0.84,1.0,0.6666666666666667,0.0,False
persistence,post_covid,persistence/post_covid,1,neighborhood,East Boston,flu_season,0.5,IT50,32.38969817502224,25,4.0,0.16,3.0,1.0,1.0,20.0,0.75,0.25,0.75,0.047619047619047616,0.6,0.75,0.7023809523809523,0.7023809523809523,0.7023809523809523,0.92,1.0,0.06474914277796218,0.13439999999999996,0.518235544806829,,,,,True
persistence,post_covid,persistence/post_covid,1,neighborhood,East Boston,flu_season,0.9,IT90,56.982258100156095,25,1.0,0.04,0.0,1.0,1.0,23.0,0.0,1.0,0.0,0.041666666666666664,0.0,0.0,-0.041666666666666664,-0.041666666666666664,-0.041666666666666664,0.92,1.0,0.03154238975774333,0.03840000000000001,0.1785836000587676,,,,,True
persistence,post_covid,persistence/post_covid,1,neighborhood,East Boston,flu_season,0.98,IT98,81.78485877953806,25,0.0,0.0,0.0,0.0,0.0,25.0,,,,0.0,,,,,,1.0,,0.001454432165397158,0.0,,,,,,True
persistence,post_covid,persistence/post_covid,1,neighborhood,Fenway,overall,,bands,,43,,,,,,,,,,,,,,,,,,,,,0.9069767441860465,1.0,-0.04878048780487809,0.0,False
persistence,post_covid,persistence/post_covid,1,neighborhood,Fenway,overall,0.5,IT50,19.789042860168028,43,2.0,0.046511627906976744,0.0,2.0,2.0,39.0,0.0,1.0,0.0,0.04878048780487805,0.0,0.0,-0.04878048780487805,-0.04878048780487805,-0.04878048780487805,0.9069767441860465,1.0,0.039368011909252126,0.04434829637641969,0.1122993412169857,,,,,True
persistence,post_covid,persistence/post_covid,1,neighborhood,Fenway,overall,0.9,IT90,31.717921949528318,43,0.0,0.0,0.0,0.0,0.0,43.0,,,,0.0,,,,,,1.0,,0.003703041993023007,0.0,,,,,,True
persistence,post_covid,persistence/post_covid,1,neighborhood,Fenway,overall,0.98,IT98,42.89052071415166,43,0.0,0.0,0.0,0.0,0.0,43.0,,,,0.0,,,,,,1.0,,0.00021764031551464656,0.0,,,,,,True
persistence,post_covid,persistence/post_covid,1,neighborhood,Fenway,flu_season,,bands,,25,,,,,,,,,,,,,,,,,,,,,0.84,1.0,-0.0869565217391306,0.0,False
persistence,post_covid,persistence/post_covid,1,neighborhood,Fenway,flu_season,0.5,IT50,19.789042860168028,25,2.0,0.08,0.0,2.0,2.0,21.0,0.0,1.0,0.0,0.08695652173913043,0.0,0.0,-0.08695652173913043,-0.08695652173913043,-0.08695652173913043,0.84,1.0,0.0666230390995304,0.0736,0.09479566440855425,,,,,True
persistence,post_covid,persistence/post_covid,1,neighborhood,Fenway,flu_season,0.9,IT90,31.717921949528318,25,0.0,0.0,0.0,0.0,0.0,25.0,,,,0.0,,,,,,1.0,,0.006365068185469828,0.0,,,,,,True
persistence,post_covid,persistence/post_covid,1,neighborhood,Fenway,flu_season,0.98,IT98,42.89052071415166,25,0.0,0.0,0.0,0.0,0.0,25.0,,,,0.0,,,,,,1.0,,0.00037433925139707005,0.0,,,,,,True
persistence,post_covid,persistence/post_covid,1,neighborhood,Hyde Park,overall,,bands,,46,,,,,,,,,,,,,,,,,,,,,0.9565217391304348,1.0,0.6434108527131783,0.0,False
persistence,post_covid,persistence/post_covid,1,neighborhood,Hyde Park,overall,0.5,IT50,59.73762940735334,46,3.0,0.06521739130434782,2.0,1.0,1.0,42.0,0.6666666666666666,0.3333333333333333,0.6666666666666666,0.023255813953488372,0.5,0.6666666666666666,0.6434108527131782,0.6434108527131783,0.6434108527131783,0.9565217391304348,1.0,0.044752895849203014,0.060964083175803395,0.2659137394037706,,,,,True
persistence,post_covid,persistence/post_covid,1,neighborhood,Hyde Park,overall,0.9,IT90,98.70163927662223,46,0.0,0.0,0.0,0.0,0.0,46.0,,,,0.0,,,,,,1.0,,0.007391167609994927,0.0,,,,,,True
persistence,post_covid,persistence/post_covid,1,neighborhood,Hyde Park,overall,0.98,IT98,136.08880333365826,46,0.0,0.0,0.0,0.0,0.0,46.0,,,,0.0,,,,,,1.0,,0.00022927514971975255,0.0,,,,,,True
persistence,post_covid,persistence/post_covid,1,neighborhood,Hyde Park,flu_season,,bands,,25,,,,,,,,,,,,,,,,,,,,,0.92,1.0,0.6212121212121212,0.0,False
persistence,post_covid,persistence/post_covid,1,neighborhood,Hyde Park,flu_season,0.5,IT50,59.73762940735334,25,3.0,0.12,2.0,1.0,1.0,21.0,0.6666666666666666,0.3333333333333333,0.6666666666666666,0.045454545454545456,0.5,0.6666666666666666,0.6212121212121212,0.6212121212121212,0.6212121212121212,0.92,1.0,0.08227085993788043,0.1056,0.2209198869518899,,,,,True
persistence,post_covid,persistence/post_covid,1,neighborhood,Hyde Park,flu_season,0.9,IT90,98.70163927662223,25,0.0,0.0,0.0,0.0,0.0,25.0,,,,0.0,,,,,,1.0,,0.01359974834748533,0.0,,,,,,True
persistence,post_covid,persistence/post_covid,1,neighborhood,Hyde Park,flu_season,0.98,IT98,136.08880333365826,25,0.0,0.0,0.0,0.0,0.0,25.0,,,,0.0,,,,,,1.0,,0.00042186627548434466,0.0,,,,,,True
persistence,post_covid,persistence/post_covid,1,neighborhood,Jamaica Plain,overall,,bands,,46,,,,,,,,,,,,,,,,,,,,,0.9130434782608695,1.0,0.8413793103448276,0.0,False
persistence,post_covid,persistence/post_covid,1,neighborhood,Jamaica Plain,overall,0.5,IT50,30.1329000930458,46,5.0,0.10869565217391304,4.0,1.0,1.0,40.0,0.8,0.2,0.8,0.024390243902439025,0.6666666666666666,0.8,0.775609756097561,0.775609756097561,0.775609756097561,0.9565217391304348,1.0,0.02472490707184733,0.09688090737240074,0.7447907152974197,,,,,False
persistence,post_covid,persistence/post_covid,1,neighborhood,Jamaica Plain,overall,0.9,IT90,48.93353508945714,46,3.0,0.06521739130434782,2.0,1.0,1.0,42.0,0.6666666666666666,0.3333333333333333,0.6666666666666666,0.023255813953488372,0.5,0.6666666666666666,0.6434108527131782,0.6434108527131783,0.6434108527131783,0.9565217391304348,1.0,0.02764092180354565,0.060964083175803395,0.5466031741371891,,,,,True
persistence,post_covid,persistence/post_covid,1,neighborhood,Jamaica Plain,overall,0.98,IT98,66.72678487426273,46,0.0,0.0,0.0,0.0,0.0,46.0,,,,0.0,,,,,,1.0,,0.007000299565196467,0.0,,,,,,True
persistence,post_covid,persistence/post_covid,1,neighborhood,Jamaica Plain,flu_season,,bands,,24,,,,,,,,,,,,,,,,,,,,,0.8333333333333334,1.0,0.8235294117647058,0.0,False
persistence,post_covid,persistence/post_covid,1,neighborhood,Jamaica Plain,flu_season,0.5,IT50,30.1329000930458,24,5.0,0.20833333333333334,4.0,1.0,1.0,18.0,0.8,0.2,0.8,0.05263157894736842,0.6666666666666666,0.8,0.7473684210526317,0.7473684210526316,0.7473684210526316,0.9166666666666666,1.0,0.04724217980420662,0.16493055555555555,0.7135632045555472,,,,,False
persistence,post_covid,persistence/post_covid,1,neighborhood,Jamaica Plain,flu_season,0.9,IT90,48.93353508945714,24,3.0,0.125,2.0,1.0,1.0,20.0,0.6666666666666666,0.3333333333333333,0.6666666666666666,0.047619047619047616,0.5,0.6666666666666666,0.6190476190476191,0.6190476190476191,0.6190476190476191,0.9166666666666666,1.0,0.05297842808948341,0.109375,0.5156258003247232,,,,,True
persistence,post_covid,persistence/post_covid,1,neighborhood,Jamaica Plain,flu_season,0.98,IT98,66.72678487426273,24,0.0,0.0,0.0,0.0,0.0,24.0,,,,0.0,,,,,,1.0,,0.01341724083329047,0.0,,,,,,True
persistence,post_covid,persistence/post_covid,1,neighborhood,Mattapan,overall,,bands,,47,,,,,,,,,,,,,,,,,,,,,0.9574468085106383,1.0,0.6439393939393938,0.0,False
persistence,post_covid,persistence/post_covid,1,neighborhood,Mattapan,overall,0.5,IT50,75.36060630157071,47,3.0,0.06382978723404255,2.0,1.0,1.0,43.0,0.6666666666666666,0.3333333333333333,0.6666666666666666,0.022727272727272728,0.5,0.6666666666666666,0.6439393939393939,0.6439393939393939,0.6439393939393939,0.9574468085106383,1.0,0.024312302056315054,0.05975554549569943,0.5931373087696974,,,,,True
persistence,post_covid,persistence/post_covid,1,neighborhood,Mattapan,overall,0.9,IT90,114.4266389550119,47,0.0,0.0,0.0,0.0,0.0,47.0,,,,0.0,,,,,,1.0,,0.0051926686703530015,0.0,,,,,,True
persistence,post_covid,persistence/post_covid,1,neighborhood,Mattapan,overall,0.98,IT98,149.46970387636378,47,0.0,0.0,0.0,0.0,0.0,47.0,,,,0.0,,,,,,1.0,,0.0003086957669359174,0.0,,,,,,True
persistence,post_covid,persistence/post_covid,1,neighborhood,Mattapan,flu_season,,bands,,26,,,,,,,,,,,,,,,,,,,,,0.9230769230769231,1.0,0.6231884057971014,0.0,False
persistence,post_covid,persistence/post_covid,1,neighborhood,Mattapan,flu_season,0.5,IT50,75.36060630157071,26,3.0,0.11538461538461539,2.0,1.0,1.0,22.0,0.6666666666666666,0.3333333333333333,0.6666666666666666,0.043478260869565216,0.5,0.6666666666666666,0.6231884057971014,0.6231884057971014,0.6231884057971014,0.9230769230769231,1.0,0.04394916140891417,0.10207100591715977,0.5694256070662902,,,,,True
persistence,post_covid,persistence/post_covid,1,neighborhood,Mattapan,flu_season,0.9,IT90,114.4266389550119,26,0.0,0.0,0.0,0.0,0.0,26.0,,,,0.0,,,,,,1.0,,0.009386747211791963,0.0,,,,,,True
persistence,post_covid,persistence/post_covid,1,neighborhood,Mattapan,flu_season,0.98,IT98,149.46970387636378,26,0.0,0.0,0.0,0.0,0.0,26.0,,,,0.0,,,,,,1.0,,0.0005580269633072353,0.0,,,,,,True
persistence,post_covid,persistence/post_covid,1,neighborhood,Roslindale,overall,,bands,,42,,,,,,,,,,,,,,,,,,,,,0.9285714285714286,0.9761904761904762,0.7464788732394366,0.0,False
persistence,post_covid,persistence/post_covid,1,neighborhood,Roslindale,overall,0.5,IT50,83.12526323754497,42,4.0,0.09523809523809523,3.0,1.0,1.0,37.0,0.75,0.25,0.75,0.02631578947368421,0.6,0.75,0.7236842105263158,0.7236842105263158,0.7236842105263158,0.9523809523809523,1.0,0.0439899765191197,0.08616780045351476,0.4894847461860057,,,,,True
persistence,post_covid,persistence/post_covid,1,neighborhood,Roslindale,overall,0.9,IT90,133.65502394030972,42,3.0,0.07142857142857142,2.0,1.0,1.0,38.0,0.6666666666666666,0.3333333333333333,0.6666666666666666,0.02564102564102564,0.5,0.6666666666666666,0.641025641025641,0.6410256410256411,0.6410256410256411,0.9523809523809523,1.0,0.03027053050116771,0.06632653061224489,0.5436135401362406,,,,,True
persistence,post_covid,persistence/post_covid,1,neighborhood,Roslindale,overall,0.98,IT98,181.10052866383202,42,0.0,0.0,0.0,0.0,0.0,42.0,,,,0.0,,,,,,1.0,,0.005907929327096903,0.0,,,,,,True
persistence,post_covid,persistence/post_covid,1,neighborhood,Roslindale,flu_season,,bands,,26,,,,,,,,,,,,,,,,,,,,,0.8846153846153846,0.9615384615384616,0.7301038062283738,0.0,False
persistence,post_covid,persistence/post_covid,1,neighborhood,Roslindale,flu_season,0.5,IT50,83.12526323754497,26,4.0,0.15384615384615385,3.0,1.0,1.0,21.0,0.75,0.25,0.75,0.045454545454545456,0.6,0.75,0.7045454545454546,0.7045454545454546,0.7045454545454546,0.9230769230769231,1.0,0.07105971987014395,0.13017751479289943,0.4541321519066216,,,,,True
persistence,post_covid,persistence/post_covid,1,neighborhood,Roslindale,flu_season,0.9,IT90,133.65502394030972,26,3.0,0.11538461538461539,2.0,1.0,1.0,22.0,0.6666666666666666,0.3333333333333333,0.6666666666666666,0.043478260869565216,0.5,0.6666666666666666,0.6231884057971014,0.6231884057971014,0.6231884057971014,0.9230769230769231,1.0,0.04889854927111691,0.10207100591715977,0.5209359520684778,,,,,True
persistence,post_covid,persistence/post_covid,1,neighborhood,Roslindale,flu_season,0.98,IT98,181.10052866383202,26,0.0,0.0,0.0,0.0,0.0,26.0,,,,0.0,,,,,,1.0,,0.00954357814377192,0.0,,,,,,True
persistence,post_covid,persistence/post_covid,1,neighborhood,Roxbury,overall,,bands,,49,,,,,,,,,,,,,,,,,,,,,0.9183673469387755,1.0,0.6474820143884892,0.0,False
persistence,post_covid,persistence/post_covid,1,neighborhood,Roxbury,overall,0.5,IT50,138.88545502174753,49,3.0,0.061224489795918366,2.0,1.0,1.0,45.0,0.6666666666666666,0.3333333333333333,0.6666666666666666,0.021739130434782608,0.5,0.6666666666666666,0.644927536231884,0.644927536231884,0.644927536231884,0.9591836734693877,1.0,0.033466265910035736,0.057476051645147866,0.4177354750000305,,,,,True
persistence,post_covid,persistence/post_covid,1,neighborhood,Roxbury,overall,0.9,IT90,231.9483227351807,49,1.0,0.02040816326530612,0.0,1.0,1.0,47.0,0.0,1.0,0.0,0.020833333333333332,0.0,0.0,-0.020833333333333332,-0.020833333333333332,-0.020833333333333332,0.9591836734693877,1.0,0.030798315969600858,0.01999167013744273,-0.5405574300627431,,,,,True
persistence,post_covid,persistence/post_covid,1,neighborhood,Roxbury,overall,0.98,IT98,322.0096816211373,49,0.0,0.0,0.0,0.0,0.0,49.0,,,,0.0,,,,,,1.0,,0.00017186485976772458,0.0,,,,,,True
persistence,post_covid,persistence/post_covid,1,neighborhood,Roxbury,flu_season,,bands,,26,,,,,,,,,,,,,,,,,,,,,0.8461538461538461,1.0,0.6285714285714286,0.0,False
persistence,post_covid,persistence/post_covid,1,neighborhood,Roxbury,flu_season,0.5,IT50,138.88545502174753,26,3.0,0.11538461538461539,2.0,1.0,1.0,22.0,0.6666666666666666,0.3333333333333333,0.6666666666666666,0.043478260869565216,0.5,0.6666666666666666,0.6231884057971014,0.6231884057971014,0.6231884057971014,0.9230769230769231,1.0,0.06307103058136977,0.10207100591715977,0.3820867148839716,,,,,True
persistence,post_covid,persistence/post_covid,1,neighborhood,Roxbury,flu_season,0.9,IT90,231.9483227351807,26,1.0,0.038461538461538464,0.0,1.0,1.0,24.0,0.0,1.0,0.0,0.04,0.0,0.0,-0.04,-0.04,-0.04,0.9230769230769231,1.0,0.058042980096555466,0.036982248520710054,-0.56948218181086,,,,,True
persistence,post_covid,persistence/post_covid,1,neighborhood,Roxbury,flu_season,0.98,IT98,322.0096816211373,26,0.0,0.0,0.0,0.0,0.0,26.0,,,,0.0,,,,,,1.0,,0.0003238991587930194,0.0,,,,,,True
persistence,post_covid,persistence/post_covid,1,neighborhood,South Boston,overall,,bands,,42,,,,,,,,,,,,,,,,,,,,,0.9523809523809523,1.0,0.7236842105263157,0.0,False
persistence,post_covid,persistence/post_covid,1,neighborhood,South Boston,overall,0.5,IT50,31.63670795756643,42,4.0,0.09523809523809523,3.0,1.0,1.0,37.0,0.75,0.25,0.75,0.02631578947368421,0.6,0.75,0.7236842105263158,0.7236842105263158,0.7236842105263158,0.9523809523809523,1.0,0.04261466426106152,0.08616780045351476,0.5054456068650492,,,,,True
persistence,post_covid,persistence/post_covid,1,neighborhood,South Boston,overall,0.9,IT90,60.18982141922808,42,0.0,0.0,0.0,0.0,0.0,42.0,,,,0.0,,,,,,1.0,,0.009266367341022147,0.0,,,,,,True
persistence,post_covid,persistence/post_covid,1,neighborhood,South Boston,overall,0.98,IT98,90.82483767314203,42,0.0,0.0,0.0,0.0,0.0,42.0,,,,0.0,,,,,,1.0,,0.00018530197019101484,0.0,,,,,,True
persistence,post_covid,persistence/post_covid,1,neighborhood,South Boston,flu_season,,bands,,25,,,,,,,,,,,,,,,,,,,,,0.92,1.0,0.7023809523809524,0.0,False
persistence,post_covid,persistence/post_covid,1,neighborhood,South Boston,flu_season,0.5,IT50,31.63670795756643,25,4.0,0.16,3.0,1.0,1.0,20.0,0.75,0.25,0.75,0.047619047619047616,0.6,0.75,0.7023809523809523,0.7023809523809523,0.7023809523809523,0.92,1.0,0.07147175856325282,0.13439999999999996,0.4682160821186545,,,,,True
persistence,post_covid,persistence/post_covid,1,neighborhood,South Boston,flu_season,0.9,IT90,60.18982141922808,25,0.0,0.0,0.0,0.0,0.0,25.0,,,,0.0,,,,,,1.0,,0.015567497126353594,0.0,,,,,,True
persistence,post_covid,persistence/post_covid,1,neighborhood,South Boston,flu_season,0.98,IT98,90.82483767314203,25,0.0,0.0,0.0,0.0,0.0,25.0,,,,0.0,,,,,,1.0,,0.000311307309920905,0.0,,,,,,True
persistence,post_covid,persistence/post_covid,1,neighborhood,South End,overall,,bands,,49,,,,,,,,,,,,,,,,,,,,,0.9591836734693877,1.0,0.7277777777777777,0.0,False
persistence,post_covid,persistence/post_covid,1,neighborhood,South End,overall,0.5,IT50,82.00792145914704,49,4.0,0.08163265306122448,3.0,1.0,1.0,44.0,0.75,0.25,0.75,0.022222222222222223,0.6,0.75,0.7277777777777777,0.7277777777777777,0.7277777777777777,0.9591836734693877,1.0,0.03912481614040929,0.07496876301541025,0.47811842470487387,,,,,True
persistence,post_covid,persistence/post_covid,1,neighborhood,South End,overall,0.9,IT90,134.00251631923587,49,0.0,0.0,0.0,0.0,0.0,49.0,,,,0.0,,,,,,1.0,,0.012011094696395283,0.0,,,,,,True
persistence,post_covid,persistence/post_covid,1,neighborhood,South End,overall,0.98,IT98,183.45444562568642,49,0.0,0.0,0.0,0.0,0.0,49.0,,,,0.0,,,,,,1.0,,0.0002212615312822386,0.0,,,,,,True
persistence,post_covid,persistence/post_covid,1,neighborhood,South End,flu_season,,bands,,26,,,,,,,,,,,,,,,,,,,,,0.9230769230769231,1.0,0.7045454545454546,0.0,False
persistence,post_covid,persistence/post_covid,1,neighborhood,South End,flu_season,0.5,IT50,82.00792145914704,26,4.0,0.15384615384615385,3.0,1.0,1.0,21.0,0.75,0.25,0.75,0.045454545454545456,0.6,0.75,0.7045454545454546,0.7045454545454546,0.7045454545454546,0.9230769230769231,1.0,0.0737351157255488,0.13017751479289943,0.43358024738101153,,,,,True
persistence,post_covid,persistence/post_covid,1,neighborhood,South End,flu_season,0.9,IT90,134.00251631923587,26,0.0,0.0,0.0,0.0,0.0,26.0,,,,0.0,,,,,,1.0,,0.0226362938508988,0.0,,,,,,True
persistence,post_covid,persistence/post_covid,1,neighborhood,South End,flu_season,0.98,IT98,183.45444562568642,26,0.0,0.0,0.0,0.0,0.0,26.0,,,,0.0,,,,,,1.0,,0.00041699288587806506,0.0,,,,,,True
persistence,post_covid,persistence/post_covid,1,neighborhood,West Roxbury,overall,,bands,,40,,,,,,,,,,,,,,,,,,,,,0.925,0.95,0.6568627450980392,0.0,False
persistence,post_covid,persistence/post_covid,1,neighborhood,West Roxbury,overall,0.5,IT50,37.349459967580074,40,3.0,0.075,2.0,1.0,1.0,36.0,0.6666666666666666,0.3333333333333333,0.6666666666666666,0.02702702702702703,0.5,0.6666666666666666,0.6396396396396395,0.6396396396396397,0.6396396396396397,0.95,1.0,0.030349559403197668,0.06937499999999999,0.562528873467421,,,,,True
persistence,post_covid,persistence/post_covid,1,neighborhood,West Roxbury,overall,0.9,IT90,59.59981304845178,40,3.0,0.075,2.0,1.0,1.0,36.0,0.6666666666666666,0.3333333333333333,0.6666666666666666,0.02702702702702703,0.5,0.6666666666666666,0.6396396396396395,0.6396396396396397,0.6396396396396397,0.95,1.0,0.03409683642131216,0.06937499999999999,0.5085140696027075,,,,,True
persistence,post_covid,persistence/post_covid,1,neighborhood,West Roxbury,overall,0.98,IT98,80.36625284929092,40,2.0,0.05,1.0,1.0,1.0,37.0,0.5,0.5,0.5,0.02631578947368421,0.3333333333333333,0.5,0.4736842105263158,0.47368421052631576,0.47368421052631576,0.95,1.0,0.038054952838262615,0.047499999999999994,0.19884309814183954,,,,,True
persistence,post_covid,persistence/post_covid,1,neighborhood,West Roxbury,flu_season,,bands,,25,,,,,,,,,,,,,,,,,,,,,0.88,0.92,0.6399176954732511,0.0,False
persistence,post_covid,persistence/post_covid,1,neighborhood,West Roxbury,flu_season,0.5,IT50,37.349459967580074,25,3.0,0.12,2.0,1.0,1.0,21.0,0.6666666666666666,0.3333333333333333,0.6666666666666666,0.045454545454545456,0.5,0.6666666666666666,0.6212121212121212,0.6212121212121212,0.6212121212121212,0.92,1.0,0.048516479737550064,0.1056,0.5405636388489578,,,,,True
persistence,post_covid,persistence/post_covid,1,neighborhood,West Roxbury,flu_season,0.9,IT90,59.59981304845178,25,3.0,0.12,2.0,1.0,1.0,21.0,0.6666666666666666,0.3333333333333333,0.6666666666666666,0.045454545454545456,0.5,0.6666666666666666,0.6212121212121212,0.6212121212121212,0.6212121212121212,0.92,1.0,0.054554937807988556,0.1056,0.4833812707576841,,,,,True
persistence,post_covid,persistence/post_covid,1,neighborhood,West Roxbury,flu_season,0.98,IT98,80.36625284929092,25,2.0,0.08,1.0,1.0,1.0,22.0,0.5,0.5,0.5,0.043478260869565216,0.3333333333333333,0.5,0.4565217391304348,0.45652173913043476,0.45652173913043476,0.92,1.0,0.06088792454122016,0.0736,0.1727184165595087,,,,,True
seasonal_naive,exclude_covid,seasonal_naive/exclude_covid,1,citywide,CITYWIDE,overall,,bands,,49,,,,,,,,,,,,,,,,,,,,,0.7959183673469388,0.9387755102040817,-0.09400705052878977,0.061224489795918366,False
seasonal_naive,exclude_covid,seasonal_naive/exclude_covid,1,citywide,CITYWIDE,overall,0.5,IT50,60.20679524890062,49,4.0,0.08163265306122448,0.0,6.0,4.0,39.0,0.0,1.0,0.0,0.13333333333333333,0.0,0.0,-0.13333333333333333,-0.1085972850678733,-0.1113692092779409,0.7959183673469388,1.5,0.12559266321387166,0.07496876301541025,-0.675266579869477,,,,,True
seasonal_naive,exclude_covid,seasonal_naive/exclude_covid,1,citywide,CITYWIDE,overall,0.9,IT90,98.17566769051967,49,1.0,0.02040816326530612,0.0,2.0,1.0,46.0,0.0,1.0,0.0,0.041666666666666664,0.0,0.0,-0.041666666666666664,-0.027972027972027972,-0.029774566708770683,0.9387755102040817,2.0,0.050530379486678656,0.01999167013744273,-1.527571690573239,,,,,True
seasonal_naive,exclude_covid,seasonal_naive/exclude_covid,1,citywide,CITYWIDE,overall,0.98,IT98,134.22833796478614,49,0.0,0.0,0.0,0.0,0.0,49.0,,,,0.0,,,,,,1.0,,0.00832253210662598,0.0,,,,,,True
seasonal_naive,exclude_covid,seasonal_naive/exclude_covid,1,citywide,CITYWIDE,flu_season,,bands,,26,,,,,,,,,,,,,,,,,,,,,0.6153846153846154,0.8846153846153846,-0.19323671497584538,0.11538461538461539,False
seasonal_naive,exclude_covid,seasonal_naive/exclude_covid,1,citywide,CITYWIDE,flu_season,0.5,IT50,60.20679524890062,26,4.0,0.15384615384615385,0.0,6.0,4.0,16.0,0.0,1.0,0.0,0.2727272727272727,0.0,0.0,-0.2727272727272727,-0.22641509433962265,-0.23354968324845687,0.6153846153846154,1.5,0.23656331911062745,0.13017751479289943,-0.8172364058952741,,,,,True
seasonal_naive,exclude_covid,seasonal_naive/exclude_covid,1,citywide,CITYWIDE,flu_season,0.9,IT90,98.17566769051967,26,1.0,0.038461538461538464,0.0,2.0,1.0,23.0,0.0,1.0,0.0,0.08,0.0,0.0,-0.08,-0.05405405405405406,-0.05773502691896257,0.8846153846153846,2.0,0.09523032458623441,0.036982248520710054,-1.575027976811779,,,,,True
seasonal_naive,exclude_covid,seasonal_naive/exclude_covid,1,citywide,CITYWIDE,flu_season,0.98,IT98,134.22833796478614,26,0.0,0.0,0.0,0.0,0.0,26.0,,,,0.0,,,,,,1.0,,0.015684772047099813,0.0,,,,,,True
seasonal_naive,exclude_covid,seasonal_naive/exclude_covid,1,pooled,ALL,overall,,bands,,627,,,,,,,,,,,,,,,,,,,,,0.8006379585326954,0.9218500797448166,-0.03188429889452271,0.07814992025518341,False
seasonal_naive,exclude_covid,seasonal_naive/exclude_covid,1,pooled,ALL,overall,0.5,IT50,,627,51.0,0.08133971291866028,6.0,77.0,45.0,499.0,0.11764705882352941,0.927710843373494,0.07228915662650602,0.13368055555555555,0.046875,0.08955223880597014,-0.016033496732026142,-0.01246823379923761,-0.012932607030674755,0.8054226475279107,1.6274509803921569,0.12456631404212404,0.07472356402097019,-0.6670285427922862,,,,,False
seasonal_naive,exclude_covid,seasonal_naive/exclude_covid,1,pooled,ALL,overall,0.9,IT90,,627,18.0,0.028708133971291867,0.0,34.0,18.0,575.0,0.0,1.0,0.0,0.05582922824302135,0.0,0.0,-0.05582922824302135,-0.03900573613766731,-0.04116609937269014,0.9170653907496013,1.8888888888888888,0.054982966077245496,0.02788397701517821,-0.9718480633991475,,,,,False
seasonal_naive,exclude_covid,seasonal_naive/exclude_covid,1,pooled,ALL,overall,0.98,IT98,,627,2.0,0.003189792663476874,0.0,3.0,2.0,622.0,0.0,1.0,0.0,0.0048,0.0,0.0,-0.0048,-0.0038424591738712775,-0.00392232270276368,0.9920255183413078,1.5,0.01276857223818025,0.0031796178862409027,-3.0157568283388514,,,,,True
seasonal_naive,exclude_covid,seasonal_naive/exclude_covid,1,pooled,ALL,flu_season,,bands,,352,,,,,,,,,,,,,,,,,,,,,0.6448863636363636,0.8607954545454546,-0.1140664961636828,0.13920454545454544,False
seasonal_naive,exclude_covid,seasonal_naive/exclude_covid,1,pooled,ALL,flu_season,0.5,IT50,,352,51.0,0.14488636363636365,6.0,77.0,45.0,224.0,0.11764705882352941,0.927710843373494,0.07228915662650602,0.2558139534883721,0.046875,0.08955223880597014,-0.1381668946648427,-0.10960673866983618,-0.11456636832667035,0.6534090909090909,1.6274509803921569,0.2198900206754412,0.12389430526859506,-0.7748194333769698,,,,,False
seasonal_naive,exclude_covid,seasonal_naive/exclude_covid,1,pooled,ALL,flu_season,0.9,IT90,,352,18.0,0.05113636363636364,0.0,34.0,18.0,300.0,0.0,1.0,0.0,0.10179640718562874,0.0,0.0,-0.10179640718562874,-0.07166276346604215,-0.07590823923720134,0.8522727272727273,1.8888888888888888,0.09785883828701558,0.04852143595041322,-1.0168166166191583,,,,,False
seasonal_naive,exclude_covid,seasonal_naive/exclude_covid,1,pooled,ALL,flu_season,0.98,IT98,,352,2.0,0.005681818181818182,0.0,3.0,2.0,347.0,0.0,1.0,0.0,0.008571428571428572,0.0,0.0,-0.008571428571428572,-0.006864988558352402,-0.0070085615148013074,0.9857954545454546,1.5,0.0227422734046794,0.0056495351239669415,-3.0255123484762816,,,,,True
seasonal_naive,exclude_covid,seasonal_naive/exclude_covid,1,neighborhood,Allston/Brighton,overall,,bands,,49,,,,,,,,,,,,,,,,,,,,,0.8163265306122449,0.9183673469387755,-0.01379310344827589,0.02040816326530612,False
seasonal_naive,exclude_covid,seasonal_naive/exclude_covid,1,neighborhood,Allston/Brighton,overall,0.5,IT50,43.17201700312734,49,5.0,0.10204081632653061,1.0,5.0,4.0,39.0,0.2,0.8333333333333334,0.16666666666666666,0.11363636363636363,0.1,0.18181818181818182,0.08636363636363638,0.07933194154488518,0.0797503150806415,0.8163265306122449,1.2,0.1061736534008758,0.09162848812994587,-0.15874064461592163,,,,,False
seasonal_naive,exclude_covid,seasonal_naive/exclude_covid,1,neighborhood,Allston/Brighton,overall,0.9,IT90,72.80812661818143,49,2.0,0.04081632653061224,0.0,2.0,2.0,45.0,0.0,1.0,0.0,0.0425531914893617,0.0,0.0,-0.0425531914893617,-0.0425531914893617,-0.0425531914893617,0.9183673469387755,1.0,0.06421740649582333,0.03915035401915868,-0.640276521239062,,,,,True
seasonal_naive,exclude_covid,seasonal_naive/exclude_covid,1,neighborhood,Allston/Brighton,overall,0.98,IT98,101.71188922331822,49,0.0,0.0,0.0,0.0,0.0,49.0,,,,0.0,,,,,,1.0,,0.007011325365740603,0.0,,,,,,True
seasonal_naive,exclude_covid,seasonal_naive/exclude_covid,1,neighborhood,Allston/Brighton,flu_season,,bands,,26,,,,,,,,,,,,,,,,,,,,,0.6538461538461539,0.8461538461538461,-0.12345679012345667,0.038461538461538464,False
seasonal_naive,exclude_covid,seasonal_naive/exclude_covid,1,neighborhood,Allston/Brighton,flu_season,0.5,IT50,43.17201700312734,26,5.0,0.19230769230769232,1.0,5.0,4.0,16.0,0.2,0.8333333333333334,0.16666666666666666,0.23809523809523808,0.1,0.18181818181818182,-0.03809523809523807,-0.035398230088495575,-0.035634832254989916,0.6538461538461539,1.2,0.19745774125640972,0.15532544378698226,-0.2712517437079329,,,,,False
seasonal_naive,exclude_covid,seasonal_naive/exclude_covid,1,neighborhood,Allston/Brighton,flu_season,0.9,IT90,72.80812661818143,26,2.0,0.07692307692307693,0.0,2.0,2.0,22.0,0.0,1.0,0.0,0.08333333333333333,0.0,0.0,-0.08333333333333333,-0.08333333333333333,-0.08333333333333333,0.8461538461538461,1.0,0.12100175281882594,0.07100591715976333,-0.7041080188651316,,,,,True
seasonal_naive,exclude_covid,seasonal_naive/exclude_covid,1,neighborhood,Allston/Brighton,flu_season,0.98,IT98,101.71188922331822,26,0.0,0.0,0.0,0.0,0.0,26.0,,,,0.0,,,,,,1.0,,0.01321362438414052,0.0,,,,,,True
seasonal_naive,exclude_covid,seasonal_naive/exclude_covid,1,neighborhood,Back Bay/Beacon Hill/Downtown/North End/West End,overall,,bands,,46,,,,,,,,,,,,,,,,,,,,,0.8043478260869565,0.9347826086956522,0.10195227765726667,0.08695652173913043,False
seasonal_naive,exclude_covid,seasonal_naive/exclude_covid,1,neighborhood,Back Bay/Beacon Hill/Downtown/North End/West End,overall,0.5,IT50,32.35361456388361,46,3.0,0.06521739130434782,1.0,6.0,2.0,37.0,0.3333333333333333,0.8571428571428571,0.14285714285714285,0.13953488372093023,0.1111111111111111,0.2,0.19379844961240308,0.11961722488038277,0.13321828241786704,0.8260869565217391,2.3333333333333335,0.11280466925096327,0.060964083175803395,-0.850346357635956,,,,,True
seasonal_naive,exclude_covid,seasonal_naive/exclude_covid,1,neighborhood,Back Bay/Beacon Hill/Downtown/North End/West End,overall,0.9,IT90,56.35007606954225,46,2.0,0.043478260869565216,0.0,2.0,2.0,42.0,0.0,1.0,0.0,0.045454545454545456,0.0,0.0,-0.045454545454545456,-0.045454545454545456,-0.045454545454545456,0.9130434782608695,1.0,0.06190232802676274,0.04158790170132326,-0.48846961482534,,,,,True
seasonal_naive,exclude_covid,seasonal_naive/exclude_covid,1,neighborhood,Back Bay/Beacon Hill/Downtown/North End/West End,overall,0.98,IT98,80.35966190257739,46,0.0,0.0,0.0,0.0,0.0,46.0,,,,0.0,,,,,,1.0,,0.008550801041395287,0.0,,,,,,True
seasonal_naive,exclude_covid,seasonal_naive/exclude_covid,1,neighborhood,Back Bay/Beacon Hill/Downtown/North End/West End,flu_season,,bands,,26,,,,,,,,,,,,,,,,,,,,,0.6538461538461539,0.8846153846153846,0.029045643153526868,0.15384615384615385,False
seasonal_naive,exclude_covid,seasonal_naive/exclude_covid,1,neighborhood,Back Bay/Beacon Hill/Downtown/North End/West End,flu_season,0.5,IT50,32.35361456388361,26,3.0,0.11538461538461539,1.0,6.0,2.0,17.0,0.3333333333333333,0.8571428571428571,0.14285714285714285,0.2608695652173913,0.1111111111111111,0.2,0.07246376811594202,0.045871559633027525,0.052193886700168265,0.6923076923076923,2.3333333333333335,0.19543416290101978,0.10207100591715977,-0.9146883205954981,,,,,True
seasonal_naive,exclude_covid,seasonal_naive/exclude_covid,1,neighborhood,Back Bay/Beacon Hill/Downtown/North End/West End,flu_season,0.9,IT90,56.35007606954225,26,2.0,0.07692307692307693,0.0,2.0,2.0,22.0,0.0,1.0,0.0,0.08333333333333333,0.0,0.0,-0.08333333333333333,-0.08333333333333333,-0.08333333333333333,0.8461538461538461,1.0,0.10948201377088886,0.07100591715976333,-0.5418716939400177,,,,,True
seasonal_naive,exclude_covid,seasonal_naive/exclude_covid,1,neighborhood,Back Bay/Beacon Hill/Downtown/North End/West End,flu_season,0.98,IT98,80.35966190257739,26,0.0,0.0,0.0,0.0,0.0,26.0,,,,0.0,,,,,,1.0,,0.015128286040037957,0.0,,,,,,True
seasonal_naive,exclude_covid,seasonal_naive/exclude_covid,1,neighborhood,Charlestown,overall,,bands,,35,,,,,,,,,,,,,,,,,,,,,0.7428571428571429,0.8857142857142857,0.03669724770642202,0.02857142857142857,False
seasonal_naive,exclude_covid,seasonal_naive/exclude_covid,1,neighborhood,Charlestown,overall,0.5,IT50,44.544403832795176,35,4.0,0.11428571428571428,1.0,5.0,3.0,26.0,0.25,0.8333333333333334,0.16666666666666666,0.16129032258064516,0.1111111111111111,0.2,0.08870967741935484,0.0728476821192053,0.07488713544559286,0.7714285714285715,1.5,0.15165901637553234,0.10122448979591839,-0.49824431500021826,,,,,True
seasonal_naive,exclude_covid,seasonal_naive/exclude_covid,1,neighborhood,Charlestown,overall,0.9,IT90,75.51034339625782,35,3.0,0.08571428571428572,0.0,2.0,3.0,30.0,0.0,1.0,0.0,0.0625,0.0,0.0,-0.0625,-0.0736196319018405,-0.07537783614444091,0.8571428571428571,0.6666666666666666,0.09826124020662082,0.0783673469387755,-0.2538543672199012,,,,,True
seasonal_naive,exclude_covid,seasonal_naive/exclude_covid,1,neighborhood,Charlestown,overall,0.98,IT98,105.83479691598406,35,0.0,0.0,0.0,0.0,0.0,35.0,,,,0.0,,,,,,1.0,,0.0087740519530105,0.0,,,,,,True
seasonal_naive,exclude_covid,seasonal_naive/exclude_covid,1,neighborhood,Charlestown,flu_season,,bands,,21,,,,,,,,,,,,,,,,,,,,,0.5714285714285714,0.8095238095238095,-0.06779661016949157,0.047619047619047616,False
seasonal_naive,exclude_covid,seasonal_naive/exclude_covid,1,neighborhood,Charlestown,flu_season,0.5,IT50,44.544403832795176,21,4.0,0.19047619047619047,1.0,5.0,3.0,12.0,0.25,0.8333333333333334,0.16666666666666666,0.29411764705882354,0.1111111111111111,0.2,-0.04411764705882354,-0.037037037037037035,-0.038348249442368525,0.6190476190476191,1.5,0.24039267869810677,0.1541950113378685,-0.5590172250862511,,,,,True
seasonal_naive,exclude_covid,seasonal_naive/exclude_covid,1,neighborhood,Charlestown,flu_season,0.9,IT90,75.51034339625782,21,3.0,0.14285714285714285,0.0,2.0,3.0,16.0,0.0,1.0,0.0,0.1111111111111111,0.0,0.0,-0.1111111111111111,-0.12903225806451613,-0.13245323570650439,0.7619047619047619,0.6666666666666666,0.16277341018500197,0.12244897959183672,-0.3293161831775162,,,,,True
seasonal_naive,exclude_covid,seasonal_naive/exclude_covid,1,neighborhood,Charlestown,flu_season,0.98,IT98,105.83479691598406,21,0.0,0.0,0.0,0.0,0.0,21.0,,,,0.0,,,,,,1.0,,0.014598850705525416,0.0,,,,,,True
seasonal_naive,exclude_covid,seasonal_naive/exclude_covid,1,neighborhood,Dorchester,overall,,bands,,49,,,,,,,,,,,,,,,,,,,,,0.7959183673469388,0.9387755102040817,-0.08381839348079168,0.10204081632653061,False
seasonal_naive,exclude_covid,seasonal_naive/exclude_covid,1,neighborhood,Dorchester,overall,0.5,IT50,157.0086457734027,49,4.0,0.08163265306122448,0.0,6.0,4.0,39.0,0.0,1.0,0.0,0.13333333333333333,0.0,0.0,-0.13333333333333333,-0.1085972850678733,-0.1113692092779409,0.7959183673469388,1.5,0.14822064625875317,0.07496876301541025,-0.977098731484813,,,,,True
seasonal_naive,exclude_covid,seasonal_naive/exclude_covid,1,neighborhood,Dorchester,overall,0.9,IT90,264.26252974322875,49,0.0,0.0,0.0,3.0,0.0,46.0,,1.0,0.0,0.061224489795918366,0.0,0.0,,0.0,,0.9387755102040817,,0.026201522485558786,0.0,,,,,,True
seasonal_naive,exclude_covid,seasonal_naive/exclude_covid,1,neighborhood,Dorchester,overall,0.98,IT98,368.7005757586777,49,0.0,0.0,0.0,0.0,0.0,49.0,,,,0.0,,,,,,1.0,,0.002150687676497473,0.0,,,,,,True
seasonal_naive,exclude_covid,seasonal_naive/exclude_covid,1,neighborhood,Dorchester,flu_season,,bands,,26,,,,,,,,,,,,,,,,,,,,,0.6153846153846154,0.8846153846153846,-0.17061611374407537,0.19230769230769232,False
seasonal_naive,exclude_covid,seasonal_naive/exclude_covid,1,neighborhood,Dorchester,flu_season,0.5,IT50,157.0086457734027,26,4.0,0.15384615384615385,0.0,6.0,4.0,16.0,0.0,1.0,0.0,0.2727272727272727,0.0,0.0,-0.2727272727272727,-0.22641509433962265,-0.23354968324845687,0.6153846153846154,1.5,0.27931862680313296,0.13017751479289943,-1.1456749058967937,,,,,True
seasonal_naive,exclude_covid,seasonal_naive/exclude_covid,1,neighborhood,Dorchester,flu_season,0.9,IT90,264.26252974322875,26,0.0,0.0,0.0,3.0,0.0,23.0,,1.0,0.0,0.11538461538461539,0.0,0.0,,0.0,,0.8846153846153846,,0.049379792376225924,0.0,,,,,,True
seasonal_naive,exclude_covid,seasonal_naive/exclude_covid,1,neighborhood,Dorchester,flu_season,0.98,IT98,368.7005757586777,26,0.0,0.0,0.0,0.0,0.0,26.0,,,,0.0,,,,,,1.0,,0.004053219082629854,0.0,,,,,,True
seasonal_naive,exclude_covid,seasonal_naive/exclude_covid,1,neighborhood,East Boston,overall,,bands,,44,,,,,,,,,,,,,,,,,,,,,0.7954545454545454,0.9318181818181818,-0.09695290858725758,0.045454545454545456,False
seasonal_naive,exclude_covid,seasonal_naive/exclude_covid,1,neighborhood,East Boston,overall,0.5,IT50,32.38969817502224,44,4.0,0.09090909090909091,0.0,5.0,4.0,35.0,0.0,1.0,0.0,0.125,0.0,0.0,-0.125,-0.11235955056179775,-0.11322770341445958,0.7954545454545454,1.25,0.12388195232253127,0.08264462809917356,-0.4989716231026282,,,,,True
seasonal_naive,exclude_covid,seasonal_naive/exclude_covid,1,neighborhood,East Boston,overall,0.9,IT90,56.982258100156095,44,1.0,0.022727272727272728,0.0,2.0,1.0,41.0,0.0,1.0,0.0,0.046511627906976744,0.0,0.0,-0.046511627906976744,-0.03125,-0.033277916281986085,0.9318181818181818,2.0,0.050801242200161086,0.02221074380165289,-1.287237323244462,,,,,True
seasonal_naive,exclude_covid,seasonal_naive/exclude_covid,1,neighborhood,East Boston,overall,0.98,IT98,81.78485877953806,44,0.0,0.0,0.0,0.0,0.0,44.0,,,,0.0,,,,,,1.0,,0.010657649054024205,0.0,,,,,,True
seasonal_naive,exclude_covid,seasonal_naive/exclude_covid,1,neighborhood,East Boston,flu_season,,bands,,25,,,,,,,,,,,,,,,,,,,,,0.64,0.88,-0.1842105263157896,0.08,False
seasonal_naive,exclude_covid,seasonal_naive/exclude_covid,1,neighborhood,East Boston,flu_season,0.5,IT50,32.38969817502224,25,4.0,0.16,0.0,5.0,4.0,16.0,0.0,1.0,0.0,0.23809523809523808,0.0,0.0,-0.23809523809523808,-0.21621621621621623,-0.2182178902359924,0.64,1.25,0.21635152348013204,0.13439999999999996,-0.6097583592271734,,,,,True
seasonal_naive,exclude_covid,seasonal_naive/exclude_covid,1,neighborhood,East Boston,flu_season,0.9,IT90,56.982258100156095,25,1.0,0.04,0.0,2.0,1.0,22.0,0.0,1.0,0.0,0.08333333333333333,0.0,0.0,-0.08333333333333333,-0.056338028169014086,-0.0601929265428846,0.88,2.0,0.08940482513120225,0.03840000000000001,-1.3282506544583912,,,,,True
seasonal_naive,exclude_covid,seasonal_naive/exclude_covid,1,neighborhood,East Boston,flu_season,0.98,IT98,81.78485877953806,25,0.0,0.0,0.0,0.0,0.0,25.0,,,,0.0,,,,,,1.0,,0.018757461313504857,0.0,,,,,,True
seasonal_naive,exclude_covid,seasonal_naive/exclude_covid,1,neighborhood,Fenway,overall,,bands,,43,,,,,,,,,,,,,,,,,,,,,0.813953488372093,0.9767441860465116,-0.04878048780487787,0.13953488372093023,False
seasonal_naive,exclude_covid,seasonal_naive/exclude_covid,1,neighborhood,Fenway,overall,0.5,IT50,19.789042860168028,43,2.0,0.046511627906976744,0.0,6.0,2.0,35.0,0.0,1.0,0.0,0.14634146341463414,0.0,0.0,-0.14634146341463414,-0.075,-0.08894014489399042,0.813953488372093,3.0,0.10568923307820448,0.04434829637641969,-1.383163316604879,,,,,True
seasonal_naive,exclude_covid,seasonal_naive/exclude_covid,1,neighborhood,Fenway,overall,0.9,IT90,31.717921949528318,43,0.0,0.0,0.0,1.0,0.0,42.0,,1.0,0.0,0.023255813953488372,0.0,0.0,,0.0,,0.9767441860465116,,0.03667573207300366,0.0,,,,,,True
seasonal_naive,exclude_covid,seasonal_naive/exclude_covid,1,neighborhood,Fenway,overall,0.98,IT98,42.89052071415166,43,0.0,0.0,0.0,1.0,0.0,42.0,,1.0,0.0,0.023255813953488372,0.0,0.0,,0.0,,0.9767441860465116,,0.017641667372024477,0.0,,,,,,True
seasonal_naive,exclude_covid,seasonal_naive/exclude_covid,1,neighborhood,Fenway,flu_season,,bands,,25,,,,,,,,,,,,,,,,,,,,,0.68,0.96,-0.08695652173913015,0.24,False
seasonal_naive,exclude_covid,seasonal_naive/exclude_covid,1,neighborhood,Fenway,flu_season,0.5,IT50,19.789042860168028,25,2.0,0.08,0.0,6.0,2.0,17.0,0.0,1.0,0.0,0.2608695652173913,0.0,0.0,-0.2608695652173913,-0.13636363636363635,-0.16571045299983225,0.68,3.0,0.17687392364959556,0.0736,-1.4031783104564615,,,,,True
seasonal_naive,exclude_covid,seasonal_naive/exclude_covid,1,neighborhood,Fenway,flu_season,0.9,IT90,31.717921949528318,25,0.0,0.0,0.0,1.0,0.0,24.0,,1.0,0.0,0.04,0.0,0.0,,0.0,,0.96,,0.0628791196915958,0.0,,,,,,True
seasonal_naive,exclude_covid,seasonal_naive/exclude_covid,1,neighborhood,Fenway,flu_season,0.98,IT98,42.89052071415166,25,0.0,0.0,0.0,1.0,0.0,24.0,,1.0,0.0,0.04,0.0,0.0,,0.0,,0.96,,0.030339820644654892,0.0,,,,,,True
seasonal_naive,exclude_covid,seasonal_naive/exclude_covid,1,neighborhood,Hyde Park,overall,,bands,,46,,,,,,,,,,,,,,,,,,,,,0.8260869565217391,0.9347826086956522,-0.06539509536784749,0.10869565217391304,False
seasonal_naive,exclude_covid,seasonal_naive/exclude_covid,1,neighborhood,Hyde Park,overall,0.5,IT50,59.73762940735334,46,3.0,0.06521739130434782,0.0,5.0,3.0,38.0,0.0,1.0,0.0,0.11627906976744186,0.0,0.0,-0.11627906976744186,-0.08875739644970414,-0.0922400380373398,0.8260869565217391,1.6666666666666667,0.1254527320825612,0.060964083175803395,-1.0578138068736398,,,,,True
seasonal_naive,exclude_covid,seasonal_naive/exclude_covid,1,neighborhood,Hyde Park,overall,0.9,IT90,98.70163927662223,46,0.0,0.0,0.0,3.0,0.0,43.0,,1.0,0.0,0.06521739130434782,0.0,0.0,,0.0,,0.9347826086956522,,0.027612456765939125,0.0,,,,,,True
seasonal_naive,exclude_covid,seasonal_naive/exclude_covid,1,neighborhood,Hyde Park,overall,0.98,IT98,136.08880333365826,46,0.0,0.0,0.0,0.0,0.0,46.0,,,,0.0,,,,,,1.0,,0.00661057923727021,0.0,,,,,,True
seasonal_naive,exclude_covid,seasonal_naive/exclude_covid,1,neighborhood,Hyde Park,flu_season,,bands,,25,,,,,,,,,,,,,,,,,,,,,0.68,0.88,-0.1273209549071619,0.2,False
seasonal_naive,exclude_covid,seasonal_naive/exclude_covid,1,neighborhood,Hyde Park,flu_season,0.5,IT50,59.73762940735334,25,3.0,0.12,0.0,5.0,3.0,17.0,0.0,1.0,0.0,0.22727272727272727,0.0,0.0,-0.22727272727272727,-0.17647058823529413,-0.1846372364689991,0.68,1.6666666666666667,0.2302929690014862,0.1056,-1.1808046306958921,,,,,True
seasonal_naive,exclude_covid,seasonal_naive/exclude_covid,1,neighborhood,Hyde Park,flu_season,0.9,IT90,98.70163927662223,25,0.0,0.0,0.0,3.0,0.0,22.0,,1.0,0.0,0.12,0.0,0.0,,0.0,,0.88,,0.05080637939039422,0.0,,,,,,True
seasonal_naive,exclude_covid,seasonal_naive/exclude_covid,1,neighborhood,Hyde Park,flu_season,0.98,IT98,136.08880333365826,25,0.0,0.0,0.0,0.0,0.0,25.0,,,,0.0,,,,,,1.0,,0.012163465778236038,0.0,,,,,,True
seasonal_naive,exclude_covid,seasonal_naive/exclude_covid,1,neighborhood,Jamaica Plain,overall,,bands,,46,,,,,,,,,,,,,,,,,,,,,0.8043478260869565,0.8913043478260869,-0.03370786516853941,0.0,False
seasonal_naive,exclude_covid,seasonal_naive/exclude_covid,1,neighborhood,Jamaica Plain,overall,0.5,IT50,30.1329000930458,46,5.0,0.10869565217391304,1.0,5.0,4.0,36.0,0.2,0.8333333333333334,0.16666666666666666,0.12195121951219512,0.1,0.18181818181818182,0.07804878048780489,0.07174887892376682,0.07213357077339458,0.8043478260869565,1.2,0.10982981699858618,0.09688090737240074,-0.13365801350735818,,,,,False
seasonal_naive,exclude_covid,seasonal_naive/exclude_covid,1,neighborhood,Jamaica Plain,overall,0.9,IT90,48.93353508945714,46,3.0,0.06521739130434782,0.0,2.0,3.0,41.0,0.0,1.0,0.0,0.046511627906976744,0.0,0.0,-0.046511627906976744,-0.05504587155963303,-0.056313829183370835,0.8913043478260869,0.6666666666666666,0.07994491253156101,0.060964083175803395,-0.31134445671924893,,,,,True
seasonal_naive,exclude_covid,seasonal_naive/exclude_covid,1,neighborhood,Jamaica Plain,overall,0.98,IT98,66.72678487426273,46,0.0,0.0,0.0,0.0,0.0,46.0,,,,0.0,,,,,,1.0,,0.013275716885463447,0.0,,,,,,True
seasonal_naive,exclude_covid,seasonal_naive/exclude_covid,1,neighborhood,Jamaica Plain,flu_season,,bands,,24,,,,,,,,,,,,,,,,,,,,,0.625,0.7916666666666666,-0.16129032258064502,0.0,False
seasonal_naive,exclude_covid,seasonal_naive/exclude_covid,1,neighborhood,Jamaica Plain,flu_season,0.5,IT50,30.1329000930458,24,5.0,0.20833333333333334,1.0,5.0,4.0,14.0,0.2,0.8333333333333334,0.16666666666666666,0.2631578947368421,0.1,0.18181818181818182,-0.06315789473684208,-0.058823529411764705,-0.05923488777590923,0.625,1.2,0.20921446753436204,0.16493055555555555,-0.2685003505241319,,,,,False
seasonal_naive,exclude_covid,seasonal_naive/exclude_covid,1,neighborhood,Jamaica Plain,flu_season,0.9,IT90,48.93353508945714,24,3.0,0.125,0.0,2.0,3.0,19.0,0.0,1.0,0.0,0.09523809523809523,0.0,0.0,-0.09523809523809523,-0.1111111111111111,-0.11396057645963795,0.7916666666666666,0.6666666666666666,0.1532239633020784,0.109375,-0.40090480733328837,,,,,True
seasonal_naive,exclude_covid,seasonal_naive/exclude_covid,1,neighborhood,Jamaica Plain,flu_season,0.98,IT98,66.72678487426273,24,0.0,0.0,0.0,0.0,0.0,24.0,,,,0.0,,,,,,1.0,,0.02544512187377998,0.0,,,,,,True
seasonal_naive,exclude_covid,seasonal_naive/exclude_covid,1,neighborhood,Mattapan,overall,,bands,,47,,,,,,,,,,,,,,,,,,,,,0.851063829787234,0.9361702127659575,0.03330068560235033,0.14893617021276595,False
seasonal_naive,exclude_covid,seasonal_naive/exclude_covid,1,neighborhood,Mattapan,overall,0.5,IT50,75.36060630157071,47,3.0,0.06382978723404255,1.0,5.0,2.0,39.0,0.3333333333333333,0.8333333333333334,0.16666666666666666,0.11363636363636363,0.125,0.2222222222222222,0.21969696969696967,0.14987080103359174,0.1609323965679065,0.851063829787234,2.0,0.10317158174581231,0.05975554549569943,-0.726560788458328,,,,,True
seasonal_naive,exclude_covid,seasonal_naive/exclude_covid,1,neighborhood,Mattapan,overall,0.9,IT90,114.4266389550119,47,0.0,0.0,0.0,3.0,0.0,44.0,,1.0,0.0,0.06382978723404255,0.0,0.0,,0.0,,0.9361702127659575,,0.038181055000375254,0.0,,,,,,True
seasonal_naive,exclude_covid,seasonal_naive/exclude_covid,1,neighborhood,Mattapan,overall,0.98,IT98,149.46970387636378,47,0.0,0.0,0.0,1.0,0.0,46.0,,1.0,0.0,0.02127659574468085,0.0,0.0,,0.0,,0.9787234042553191,,0.016236403539316956,0.0,,,,,,True
seasonal_naive,exclude_covid,seasonal_naive/exclude_covid,1,neighborhood,Mattapan,flu_season,,bands,,26,,,,,,,,,,,,,,,,,,,,,0.7307692307692307,0.8846153846153846,-0.014869888475836479,0.2692307692307692,False
seasonal_naive,exclude_covid,seasonal_naive/exclude_covid,1,neighborhood,Mattapan,flu_season,0.5,IT50,75.36060630157071,26,3.0,0.11538461538461539,1.0,5.0,2.0,18.0,0.3333333333333333,0.8333333333333334,0.16666666666666666,0.21739130434782608,0.125,0.2222222222222222,0.11594202898550723,0.08080808080808081,0.0879173964527716,0.7307692307692307,2.0,0.18649819667024697,0.10207100591715977,-0.827141752885318,,,,,True
seasonal_naive,exclude_covid,seasonal_naive/exclude_covid,1,neighborhood,Mattapan,flu_season,0.9,IT90,114.4266389550119,26,0.0,0.0,0.0,3.0,0.0,23.0,,1.0,0.0,0.11538461538461539,0.0,0.0,,0.0,,0.8846153846153846,,0.06901959941251173,0.0,,,,,,True
seasonal_naive,exclude_covid,seasonal_naive/exclude_covid,1,neighborhood,Mattapan,flu_season,0.98,IT98,149.46970387636378,26,0.0,0.0,0.0,1.0,0.0,25.0,,1.0,0.0,0.038461538461538464,0.0,0.0,,0.0,,0.9615384615384616,,0.02935042178261142,0.0,,,,,,True
seasonal_naive,exclude_covid,seasonal_naive/exclude_covid,1,neighborhood,Roslindale,overall,,bands,,42,,,,,,,,,,,,,,,,,,,,,0.7619047619047619,0.8571428571428571,-0.1123595505617978,0.07142857142857142,False
seasonal_naive,exclude_covid,seasonal_naive/exclude_covid,1,neighborhood,Roslindale,overall,0.5,IT50,83.12526323754497,42,4.0,0.09523809523809523,0.0,6.0,4.0,32.0,0.0,1.0,0.0,0.15789473684210525,0.0,0.0,-0.15789473684210525,-0.12903225806451613,-0.13245323570650439,0.7619047619047619,1.5,0.15957898368900203,0.08616780045351476,-0.85195610018026,,,,,True
seasonal_naive,exclude_covid,seasonal_naive/exclude_covid,1,neighborhood,Roslindale,overall,0.9,IT90,133.65502394030972,42,3.0,0.07142857142857142,0.0,3.0,3.0,36.0,0.0,1.0,0.0,0.07692307692307693,0.0,0.0,-0.07692307692307693,-0.07692307692307693,-0.07692307692307693,0.8571428571428571,1.0,0.10895497065908348,0.06632653061224489,-0.6427057114754127,,,,,True
seasonal_naive,exclude_covid,seasonal_naive/exclude_covid,1,neighborhood,Roslindale,overall,0.98,IT98,181.10052866383202,42,0.0,0.0,0.0,1.0,0.0,41.0,,1.0,0.0,0.023809523809523808,0.0,0.0,,0.0,,0.9761904761904762,,0.012616359575730308,0.0,,,,,,True
seasonal_naive,exclude_covid,seasonal_naive/exclude_covid,1,neighborhood,Roslindale,flu_season,,bands,,26,,,,,,,,,,,,,,,,,,,,,0.6153846153846154,0.7692307692307693,-0.1949860724233985,0.11538461538461539,False
seasonal_naive,exclude_covid,seasonal_naive/exclude_covid,1,neighborhood,Roslindale,flu_season,0.5,IT50,83.12526323754497,26,4.0,0.15384615384615385,0.0,6.0,4.0,16.0,0.0,1.0,0.0,0.2727272727272727,0.0,0.0,-0.2727272727272727,-0.22641509433962265,-0.23354968324845687,0.6153846153846154,1.5,0.2576288011590088,0.13017751479289943,-0.9790576089032947,,,,,True
seasonal_naive,exclude_covid,seasonal_naive/exclude_covid,1,neighborhood,Roslindale,flu_season,0.9,IT90,133.65502394030972,26,3.0,0.11538461538461539,0.0,3.0,3.0,20.0,0.0,1.0,0.0,0.13043478260869565,0.0,0.0,-0.13043478260869565,-0.13043478260869565,-0.13043478260869565,0.7692307692307693,1.0,0.1760041752237512,0.10207100591715977,-0.7243307601631275,,,,,True
seasonal_naive,exclude_covid,seasonal_naive/exclude_covid,1,neighborhood,Roslindale,flu_season,0.98,IT98,181.10052866383202,26,0.0,0.0,0.0,1.0,0.0,25.0,,1.0,0.0,0.038461538461538464,0.0,0.0,,0.0,,0.9615384615384616,,0.02038027316078764,0.0,,,,,,True
seasonal_naive,exclude_covid,seasonal_naive/exclude_covid,1,neighborhood,Roxbury,overall,,bands,,49,,,,,,,,,,,,,,,,,,,,,0.8163265306122449,0.9183673469387755,-0.07523510971786829,0.10204081632653061,False
seasonal_naive,exclude_covid,seasonal_naive/exclude_covid,1,neighborhood,Roxbury,overall,0.5,IT50,138.88545502174753,49,3.0,0.061224489795918366,0.0,6.0,3.0,40.0,0.0,1.0,0.0,0.13043478260869565,0.0,0.0,-0.13043478260869565,-0.08888888888888889,-0.095394450112334,0.8163265306122449,2.0,0.1381668123185718,0.057476051645147866,-1.4039022925861655,,,,,True
seasonal_naive,exclude_covid,seasonal_naive/exclude_covid,1,neighborhood,Roxbury,overall,0.9,IT90,231.9483227351807,49,1.0,0.02040816326530612,0.0,3.0,1.0,45.0,0.0,1.0,0.0,0.0625,0.0,0.0,-0.0625,-0.031578947368421054,-0.036860489038724284,0.9183673469387755,3.0,0.047451026073668516,0.01999167013744273,-1.3735398667266274,,,,,True
seasonal_naive,exclude_covid,seasonal_naive/exclude_covid,1,neighborhood,Roxbury,overall,0.98,IT98,322.0096816211373,49,0.0,0.0,0.0,0.0,0.0,49.0,,,,0.0,,,,,,1.0,,0.002951088399611175,0.0,,,,,,True
seasonal_naive,exclude_covid,seasonal_naive/exclude_covid,1,neighborhood,Roxbury,flu_season,,bands,,26,,,,,,,,,,,,,,,,,,,,,0.6538461538461539,0.8461538461538461,-0.1518987341772151,0.19230769230769232,False
seasonal_naive,exclude_covid,seasonal_naive/exclude_covid,1,neighborhood,Roxbury,flu_season,0.5,IT50,138.88545502174753,26,3.0,0.11538461538461539,0.0,6.0,3.0,17.0,0.0,1.0,0.0,0.2608695652173913,0.0,0.0,-0.2608695652173913,-0.18181818181818182,-0.19781414201873612,0.6538461538461539,2.0,0.26038837531286213,0.10207100591715977,-1.5510513291520982,,,,,True
seasonal_naive,exclude_covid,seasonal_naive/exclude_covid,1,neighborhood,Roxbury,flu_season,0.9,IT90,231.9483227351807,26,1.0,0.038461538461538464,0.0,3.0,1.0,22.0,0.0,1.0,0.0,0.12,0.0,0.0,-0.12,-0.061224489795918366,-0.07223151185146152,0.8461538461538461,3.0,0.0894269337542153,0.036982248520710054,-1.418104288713982,,,,,True
seasonal_naive,exclude_covid,seasonal_naive/exclude_covid,1,neighborhood,Roxbury,flu_season,0.98,IT98,322.0096816211373,26,0.0,0.0,0.0,0.0,0.0,26.0,,,,0.0,,,,,,1.0,,0.0055616665992672155,0.0,,,,,,True
seasonal_naive,exclude_covid,seasonal_naive/exclude_covid,1,neighborhood,South Boston,overall,,bands,,42,,,,,,,,,,,,,,,,,,,,,0.7857142857142857,0.9285714285714286,-0.09248554913294815,0.09523809523809523,False
seasonal_naive,exclude_covid,seasonal_naive/exclude_covid,1,neighborhood,South Boston,overall,0.5,IT50,31.63670795756643,42,4.0,0.09523809523809523,0.0,5.0,4.0,33.0,0.0,1.0,0.0,0.13157894736842105,0.0,0.0,-0.13157894736842105,-0.11834319526627218,-0.11926756083217402,0.7857142857142857,1.25,0.1305662860405484,0.08616780045351476,-0.515256109049522,,,,,True
seasonal_naive,exclude_covid,seasonal_naive/exclude_covid,1,neighborhood,South Boston,overall,0.9,IT90,60.18982141922808,42,0.0,0.0,0.0,3.0,0.0,39.0,,1.0,0.0,0.07142857142857142,0.0,0.0,,0.0,,0.9285714285714286,,0.03695014766866339,0.0,,,,,,True
seasonal_naive,exclude_covid,seasonal_naive/exclude_covid,1,neighborhood,South Boston,overall,0.98,IT98,90.82483767314203,42,0.0,0.0,0.0,0.0,0.0,42.0,,,,0.0,,,,,,1.0,,0.01211815734880641,0.0,,,,,,True
seasonal_naive,exclude_covid,seasonal_naive/exclude_covid,1,neighborhood,South Boston,flu_season,,bands,,25,,,,,,,,,,,,,,,,,,,,,0.64,0.88,-0.1658031088082903,0.16,False
seasonal_naive,exclude_covid,seasonal_naive/exclude_covid,1,neighborhood,South Boston,flu_season,0.5,IT50,31.63670795756643,25,4.0,0.16,0.0,5.0,4.0,16.0,0.0,1.0,0.0,0.23809523809523808,0.0,0.0,-0.23809523809523808,-0.21621621621621623,-0.2182178902359924,0.64,1.25,0.2187465154773736,0.13439999999999996,-0.6275782401590302,,,,,True
seasonal_naive,exclude_covid,seasonal_naive/exclude_covid,1,neighborhood,South Boston,flu_season,0.9,IT90,60.18982141922808,25,0.0,0.0,0.0,3.0,0.0,22.0,,1.0,0.0,0.12,0.0,0.0,,0.0,,0.88,,0.06207618525320176,0.0,,,,,,True
seasonal_naive,exclude_covid,seasonal_naive/exclude_covid,1,neighborhood,South Boston,flu_season,0.98,IT98,90.82483767314203,25,0.0,0.0,0.0,0.0,0.0,25.0,,,,0.0,,,,,,1.0,,0.020358504345985164,0.0,,,,,,True
seasonal_naive,exclude_covid,seasonal_naive/exclude_covid,1,neighborhood,South End,overall,,bands,,49,,,,,,,,,,,,,,,,,,,,,0.7959183673469388,0.9591836734693877,-0.08888888888888902,0.08163265306122448,False
seasonal_naive,exclude_covid,seasonal_naive/exclude_covid,1,neighborhood,South End,overall,0.5,IT50,82.00792145914704,49,4.0,0.08163265306122448,0.0,6.0,4.0,39.0,0.0,1.0,0.0,0.13333333333333333,0.0,0.0,-0.13333333333333333,-0.1085972850678733,-0.1113692092779409,0.7959183673469388,1.5,0.1235406698544126,0.07496876301541025,-0.6478952684469146,,,,,True
seasonal_naive,exclude_covid,seasonal_naive/exclude_covid,1,neighborhood,South End,overall,0.9,IT90,134.00251631923587,49,0.0,0.0,0.0,2.0,0.0,47.0,,1.0,0.0,0.04081632653061224,0.0,0.0,,0.0,,0.9591836734693877,,0.024373412995959413,0.0,,,,,,True
seasonal_naive,exclude_covid,seasonal_naive/exclude_covid,1,neighborhood,South End,overall,0.98,IT98,183.45444562568642,49,0.0,0.0,0.0,0.0,0.0,49.0,,,,0.0,,,,,,1.0,,0.005467535739442679,0.0,,,,,,True
seasonal_naive,exclude_covid,seasonal_naive/exclude_covid,1,neighborhood,South End,flu_season,,bands,,26,,,,,,,,,,,,,,,,,,,,,0.6153846153846154,0.9230769230769231,-0.18181818181818188,0.15384615384615385,False
seasonal_naive,exclude_covid,seasonal_naive/exclude_covid,1,neighborhood,South End,flu_season,0.5,IT50,82.00792145914704,26,4.0,0.15384615384615385,0.0,6.0,4.0,16.0,0.0,1.0,0.0,0.2727272727272727,0.0,0.0,-0.2727272727272727,-0.22641509433962265,-0.23354968324845687,0.6153846153846154,1.5,0.23281548805135432,0.13017751479289943,-0.788446249121767,,,,,True
seasonal_naive,exclude_covid,seasonal_naive/exclude_covid,1,neighborhood,South End,flu_season,0.9,IT90,134.00251631923587,26,0.0,0.0,0.0,2.0,0.0,24.0,,1.0,0.0,0.07692307692307693,0.0,0.0,,0.0,,0.9230769230769231,,0.0459345091041412,0.0,,,,,,True
seasonal_naive,exclude_covid,seasonal_naive/exclude_covid,1,neighborhood,South End,flu_season,0.98,IT98,183.45444562568642,26,0.0,0.0,0.0,0.0,0.0,26.0,,,,0.0,,,,,,1.0,,0.01030420197048813,0.0,,,,,,True
seasonal_naive,exclude_covid,seasonal_naive/exclude_covid,1,neighborhood,West Roxbury,overall,,bands,,40,,,,,,,,,,,,,,,,,,,,,0.775,0.875,0.0,0.05,False
seasonal_naive,exclude_covid,seasonal_naive/exclude_covid,1,neighborhood,West Roxbury,overall,0.5,IT50,37.349459967580074,40,3.0,0.075,1.0,6.0,2.0,31.0,0.3333333333333333,0.8571428571428571,0.14285714285714285,0.16216216216216217,0.1111111111111111,0.2,0.17117117117117114,0.10614525139664804,0.11865502129709506,0.8,2.3333333333333335,0.11158513457361319,0.06937499999999999,-0.6084343722322623,,,,,True
seasonal_naive,exclude_covid,seasonal_naive/exclude_covid,1,neighborhood,West Roxbury,overall,0.9,IT90,59.59981304845178,40,3.0,0.075,0.0,3.0,3.0,34.0,0.0,1.0,0.0,0.08108108108108109,0.0,0.0,-0.08108108108108109,-0.08108108108108109,-0.08108108108108109,0.85,1.0,0.08888173802640904,0.06937499999999999,-0.28117820578607655,,,,,True
seasonal_naive,exclude_covid,seasonal_naive/exclude_covid,1,neighborhood,West Roxbury,overall,0.98,IT98,80.36625284929092,40,2.0,0.05,0.0,0.0,2.0,38.0,0.0,,,0.0,0.0,0.0,0.0,0.0,,0.95,0.0,0.06249390877494647,0.047499999999999994,-0.31566123736729423,,,,,True
seasonal_naive,exclude_covid,seasonal_naive/exclude_covid,1,neighborhood,West Roxbury,flu_season,,bands,,25,,,,,,,,,,,,,,,,,,,,,0.64,0.8,-0.07594936708860778,0.08,False
seasonal_naive,exclude_covid,seasonal_naive/exclude_covid,1,neighborhood,West Roxbury,flu_season,0.5,IT50,37.349459967580074,25,3.0,0.12,1.0,6.0,2.0,16.0,0.3333333333333333,0.8571428571428571,0.14285714285714285,0.2727272727272727,0.1111111111111111,0.2,0.06060606060606061,0.038461538461538464,0.04386344633065127,0.68,2.3333333333333335,0.17708777272203066,0.1056,-0.6769675447161994,,,,,True
seasonal_naive,exclude_covid,seasonal_naive/exclude_covid,1,neighborhood,West Roxbury,flu_season,0.9,IT90,59.59981304845178,25,3.0,0.12,0.0,3.0,3.0,19.0,0.0,1.0,0.0,0.13636363636363635,0.0,0.0,-0.13636363636363635,-0.13636363636363635,-0.13636363636363635,0.76,1.0,0.1422025367704059,0.1056,-0.34661493153793455,,,,,True
seasonal_naive,exclude_covid,seasonal_naive/exclude_covid,1,neighborhood,West Roxbury,flu_season,0.98,IT98,80.36625284929092,25,2.0,0.08,0.0,0.0,2.0,23.0,0.0,,,0.0,0.0,0.0,0.0,0.0,,0.92,0.0,0.09999024512327365,0.0736,-0.3585631130879572,,,,,True
seasonal_naive,post_covid,seasonal_naive/post_covid,1,citywide,CITYWIDE,overall,,bands,,49,,,,,,,,,,,,,,,,,,,,,0.7959183673469388,0.9387755102040817,-0.09400705052878977,0.061224489795918366,False
seasonal_naive,post_covid,seasonal_naive/post_covid,1,citywide,CITYWIDE,overall,0.5,IT50,60.20679524890062,49,4.0,0.08163265306122448,0.0,6.0,4.0,39.0,0.0,1.0,0.0,0.13333333333333333,0.0,0.0,-0.13333333333333333,-0.1085972850678733,-0.1113692092779409,0.7959183673469388,1.5,0.11160456406898392,0.07496876301541025,-0.4886808796090576,,,,,True
seasonal_naive,post_covid,seasonal_naive/post_covid,1,citywide,CITYWIDE,overall,0.9,IT90,98.17566769051967,49,1.0,0.02040816326530612,0.0,2.0,1.0,46.0,0.0,1.0,0.0,0.041666666666666664,0.0,0.0,-0.041666666666666664,-0.027972027972027972,-0.029774566708770683,0.9387755102040817,2.0,0.05000981069477298,0.01999167013744273,-1.5015324057947903,,,,,True
seasonal_naive,post_covid,seasonal_naive/post_covid,1,citywide,CITYWIDE,overall,0.98,IT98,134.22833796478614,49,0.0,0.0,0.0,0.0,0.0,49.0,,,,0.0,,,,,,1.0,,0.01101916559537926,0.0,,,,,,True
seasonal_naive,post_covid,seasonal_naive/post_covid,1,citywide,CITYWIDE,flu_season,,bands,,26,,,,,,,,,,,,,,,,,,,,,0.6153846153846154,0.8846153846153846,-0.19323671497584538,0.11538461538461539,False
seasonal_naive,post_covid,seasonal_naive/post_covid,1,citywide,CITYWIDE,flu_season,0.5,IT50,60.20679524890062,26,4.0,0.15384615384615385,0.0,6.0,4.0,16.0,0.0,1.0,0.0,0.2727272727272727,0.0,0.0,-0.2727272727272727,-0.22641509433962265,-0.23354968324845687,0.6153846153846154,1.5,0.20954306066125117,0.13017751479289943,-0.609671693261429,,,,,True
seasonal_naive,post_covid,seasonal_naive/post_covid,1,citywide,CITYWIDE,flu_season,0.9,IT90,98.17566769051967,26,1.0,0.038461538461538464,0.0,2.0,1.0,23.0,0.0,1.0,0.0,0.08,0.0,0.0,-0.08,-0.05405405405405406,-0.05773502691896257,0.8846153846153846,2.0,0.0942471456959629,0.036982248520710054,-1.5484428196188373,,,,,True
seasonal_naive,post_covid,seasonal_naive/post_covid,1,citywide,CITYWIDE,flu_season,0.98,IT98,134.22833796478614,26,0.0,0.0,0.0,0.0,0.0,26.0,,,,0.0,,,,,,1.0,,0.02076688846647544,0.0,,,,,,True
seasonal_naive,post_covid,seasonal_naive/post_covid,1,pooled,ALL,overall,,bands,,627,,,,,,,,,,,,,,,,,,,,,0.8006379585326954,0.9218500797448166,-0.03188429889452271,0.07814992025518341,False
seasonal_naive,post_covid,seasonal_naive/post_covid,1,pooled,ALL,overall,0.5,IT50,,627,51.0,0.08133971291866028,6.0,77.0,45.0,499.0,0.11764705882352941,0.927710843373494,0.07228915662650602,0.13368055555555555,0.046875,0.08955223880597014,-0.016033496732026142,-0.01246823379923761,-0.012932607030674755,0.8054226475279107,1.6274509803921569,0.11547455506662614,0.07472356402097019,-0.5453566298606918,,,,,False
seasonal_naive,post_covid,seasonal_naive/post_covid,1,pooled,ALL,overall,0.9,IT90,,627,18.0,0.028708133971291867,0.0,34.0,18.0,575.0,0.0,1.0,0.0,0.05582922824302135,0.0,0.0,-0.05582922824302135,-0.03900573613766731,-0.04116609937269014,0.9170653907496013,1.8888888888888888,0.053936222673864,0.02788397701517821,-0.9343088198826393,,,,,False
seasonal_naive,post_covid,seasonal_naive/post_covid,1,pooled,ALL,overall,0.98,IT98,,627,2.0,0.003189792663476874,0.0,3.0,2.0,622.0,0.0,1.0,0.0,0.0048,0.0,0.0,-0.0048,-0.0038424591738712775,-0.00392232270276368,0.9920255183413078,1.5,0.015489318752107075,0.0031796178862409027,-3.8714403133576827,,,,,True
seasonal_naive,post_covid,seasonal_naive/post_covid,1,pooled,ALL,flu_season,,bands,,352,,,,,,,,,,,,,,,,,,,,,0.6448863636363636,0.8607954545454546,-0.1140664961636828,0.13920454545454544,False
seasonal_naive,post_covid,seasonal_naive/post_covid,1,pooled,ALL,flu_season,0.5,IT50,,352,51.0,0.14488636363636365,6.0,77.0,45.0,224.0,0.11764705882352941,0.927710843373494,0.07228915662650602,0.2558139534883721,0.046875,0.08955223880597014,-0.1381668946648427,-0.10960673866983618,-0.11456636832667035,0.6534090909090909,1.6274509803921569,0.20129998526566972,0.12389430526859506,-0.6247718959258379,,,,,False
seasonal_naive,post_covid,seasonal_naive/post_covid,1,pooled,ALL,flu_season,0.9,IT90,,352,18.0,0.05113636363636364,0.0,34.0,18.0,300.0,0.0,1.0,0.0,0.10179640718562874,0.0,0.0,-0.10179640718562874,-0.07166276346604215,-0.07590823923720134,0.8522727272727273,1.8888888888888888,0.09576928517165544,0.04852143595041322,-0.973752080823153,,,,,False
seasonal_naive,post_covid,seasonal_naive/post_covid,1,pooled,ALL,flu_season,0.98,IT98,,352,2.0,0.005681818181818182,0.0,3.0,2.0,347.0,0.0,1.0,0.0,0.008571428571428572,0.0,0.0,-0.008571428571428572,-0.006864988558352402,-0.0070085615148013074,0.9857954545454546,1.5,0.027567823246413995,0.0056495351239669415,-3.8796622450338285,,,,,True
seasonal_naive,post_covid,seasonal_naive/post_covid,1,neighborhood,Allston/Brighton,overall,,bands,,49,,,,,,,,,,,,,,,,,,,,,0.8163265306122449,0.9183673469387755,-0.01379310344827589,0.02040816326530612,False
seasonal_naive,post_covid,seasonal_naive/post_covid,1,neighborhood,Allston/Brighton,overall,0.5,IT50,43.17201700312734,49,5.0,0.10204081632653061,1.0,5.0,4.0,39.0,0.2,0.8333333333333334,0.16666666666666666,0.11363636363636363,0.1,0.18181818181818182,0.08636363636363638,0.07933194154488518,0.0797503150806415,0.8163265306122449,1.2,0.10070622021632787,0.09162848812994587,-0.09907106699728718,,,,,False
seasonal_naive,post_covid,seasonal_naive/post_covid,1,neighborhood,Allston/Brighton,overall,0.9,IT90,72.80812661818143,49,2.0,0.04081632653061224,0.0,2.0,2.0,45.0,0.0,1.0,0.0,0.0425531914893617,0.0,0.0,-0.0425531914893617,-0.0425531914893617,-0.0425531914893617,0.9183673469387755,1.0,0.06284209995918201,0.03915035401915868,-0.6051476808722982,,,,,True
seasonal_naive,post_covid,seasonal_naive/post_covid,1,neighborhood,Allston/Brighton,overall,0.98,IT98,101.71188922331822,49,0.0,0.0,0.0,0.0,0.0,49.0,,,,0.0,,,,,,1.0,,0.01005138878748598,0.0,,,,,,True
seasonal_naive,post_covid,seasonal_naive/post_covid,1,neighborhood,Allston/Brighton,flu_season,,bands,,26,,,,,,,,,,,,,,,,,,,,,0.6538461538461539,0.8461538461538461,-0.12345679012345667,0.038461538461538464,False
seasonal_naive,post_covid,seasonal_naive/post_covid,1,neighborhood,Allston/Brighton,flu_season,0.5,IT50,43.17201700312734,26,5.0,0.19230769230769232,1.0,5.0,4.0,16.0,0.2,0.8333333333333334,0.16666666666666666,0.23809523809523808,0.1,0.18181818181818182,-0.03809523809523807,-0.035398230088495575,-0.035634832254989916,0.6538461538461539,1.2,0.1835008501653051,0.15532544378698226,-0.1813959496356785,,,,,False
seasonal_naive,post_covid,seasonal_naive/post_covid,1,neighborhood,Allston/Brighton,flu_season,0.9,IT90,72.80812661818143,26,2.0,0.07692307692307693,0.0,2.0,2.0,22.0,0.0,1.0,0.0,0.08333333333333333,0.0,0.0,-0.08333333333333333,-0.08333333333333333,-0.08333333333333333,0.8461538461538461,1.0,0.11820088320799912,0.07100591715976333,-0.664662438512654,,,,,True
seasonal_naive,post_covid,seasonal_naive/post_covid,1,neighborhood,Allston/Brighton,flu_season,0.98,IT98,101.71188922331822,26,0.0,0.0,0.0,0.0,0.0,26.0,,,,0.0,,,,,,1.0,,0.018939024455641724,0.0,,,,,,True
seasonal_naive,post_covid,seasonal_naive/post_covid,1,neighborhood,Back Bay/Beacon Hill/Downtown/North End/West End,overall,,bands,,46,,,,,,,,,,,,,,,,,,,,,0.8043478260869565,0.9347826086956522,0.10195227765726667,0.08695652173913043,False
seasonal_naive,post_covid,seasonal_naive/post_covid,1,neighborhood,Back Bay/Beacon Hill/Downtown/North End/West End,overall,0.5,IT50,32.35361456388361,46,3.0,0.06521739130434782,1.0,6.0,2.0,37.0,0.3333333333333333,0.8571428571428571,0.14285714285714285,0.13953488372093023,0.1111111111111111,0.2,0.19379844961240308,0.11961722488038277,0.13321828241786704,0.8260869565217391,2.3333333333333335,0.10866144831320407,0.060964083175803395,-0.7823846870599986,,,,,True
seasonal_naive,post_covid,seasonal_naive/post_covid,1,neighborhood,Back Bay/Beacon Hill/Downtown/North End/West End,overall,0.9,IT90,56.35007606954225,46,2.0,0.043478260869565216,0.0,2.0,2.0,42.0,0.0,1.0,0.0,0.045454545454545456,0.0,0.0,-0.045454545454545456,-0.045454545454545456,-0.045454545454545456,0.9130434782608695,1.0,0.062059619221335904,0.04158790170132326,-0.49225175309484936,,,,,True
seasonal_naive,post_covid,seasonal_naive/post_covid,1,neighborhood,Back Bay/Beacon Hill/Downtown/North End/West End,overall,0.98,IT98,80.35966190257739,46,0.0,0.0,0.0,0.0,0.0,46.0,,,,0.0,,,,,,1.0,,0.011999547055524468,0.0,,,,,,True
seasonal_naive,post_covid,seasonal_naive/post_covid,1,neighborhood,Back Bay/Beacon Hill/Downtown/North End/West End,flu_season,,bands,,26,,,,,,,,,,,,,,,,,,,,,0.6538461538461539,0.8846153846153846,0.029045643153526868,0.15384615384615385,False
seasonal_naive,post_covid,seasonal_naive/post_covid,1,neighborhood,Back Bay/Beacon Hill/Downtown/North End/West End,flu_season,0.5,IT50,32.35361456388361,26,3.0,0.11538461538461539,1.0,6.0,2.0,17.0,0.3333333333333333,0.8571428571428571,0.14285714285714285,0.2608695652173913,0.1111111111111111,0.2,0.07246376811594202,0.045871559633027525,0.052193886700168265,0.6923076923076923,2.3333333333333335,0.18275817157203458,0.10207100591715977,-0.7905003475752952,,,,,True
seasonal_naive,post_covid,seasonal_naive/post_covid,1,neighborhood,Back Bay/Beacon Hill/Downtown/North End/West End,flu_season,0.9,IT90,56.35007606954225,26,2.0,0.07692307692307693,0.0,2.0,2.0,22.0,0.0,1.0,0.0,0.08333333333333333,0.0,0.0,-0.08333333333333333,-0.08333333333333333,-0.08333333333333333,0.8461538461538461,1.0,0.10942602371982384,0.07100591715976333,-0.5410831673875187,,,,,True
seasonal_naive,post_covid,seasonal_naive/post_covid,1,neighborhood,Back Bay/Beacon Hill/Downtown/North End/West End,flu_season,0.98,IT98,80.35966190257739,26,0.0,0.0,0.0,0.0,0.0,26.0,,,,0.0,,,,,,1.0,,0.02122374488531332,0.0,,,,,,True
seasonal_naive,post_covid,seasonal_naive/post_covid,1,neighborhood,Charlestown,overall,,bands,,35,,,,,,,,,,,,,,,,,,,,,0.7428571428571429,0.8857142857142857,0.03669724770642202,0.02857142857142857,False
seasonal_naive,post_covid,seasonal_naive/post_covid,1,neighborhood,Charlestown,overall,0.5,IT50,44.544403832795176,35,4.0,0.11428571428571428,1.0,5.0,3.0,26.0,0.25,0.8333333333333334,0.16666666666666666,0.16129032258064516,0.1111111111111111,0.2,0.08870967741935484,0.0728476821192053,0.07488713544559286,0.7714285714285715,1.5,0.14148834574236827,0.10122448979591839,-0.397767931729041,,,,,True
seasonal_naive,post_covid,seasonal_naive/post_covid,1,neighborhood,Charlestown,overall,0.9,IT90,75.51034339625782,35,3.0,0.08571428571428572,0.0,2.0,3.0,30.0,0.0,1.0,0.0,0.0625,0.0,0.0,-0.0625,-0.0736196319018405,-0.07537783614444091,0.8571428571428571,0.6666666666666666,0.09644906858177214,0.0783673469387755,-0.23073030221532176,,,,,True
seasonal_naive,post_covid,seasonal_naive/post_covid,1,neighborhood,Charlestown,overall,0.98,IT98,105.83479691598406,35,0.0,0.0,0.0,0.0,0.0,35.0,,,,0.0,,,,,,1.0,,0.012819419970609857,0.0,,,,,,True
seasonal_naive,post_covid,seasonal_naive/post_covid,1,neighborhood,Charlestown,flu_season,,bands,,21,,,,,,,,,,,,,,,,,,,,,0.5714285714285714,0.8095238095238095,-0.06779661016949157,0.047619047619047616,False
seasonal_naive,post_covid,seasonal_naive/post_covid,1,neighborhood,Charlestown,flu_season,0.5,IT50,44.544403832795176,21,4.0,0.19047619047619047,1.0,5.0,3.0,12.0,0.25,0.8333333333333334,0.16666666666666666,0.29411764705882354,0.1111111111111111,0.2,-0.04411764705882354,-0.037037037037037035,-0.038348249442368525,0.6190476190476191,1.5,0.21932634506208637,0.1541950113378685,-0.42239585547617753,,,,,True
seasonal_naive,post_covid,seasonal_naive/post_covid,1,neighborhood,Charlestown,flu_season,0.9,IT90,75.51034339625782,21,3.0,0.14285714285714285,0.0,2.0,3.0,16.0,0.0,1.0,0.0,0.1111111111111111,0.0,0.0,-0.1111111111111111,-0.12903225806451613,-0.13245323570650439,0.7619047619047619,0.6666666666666666,0.15838209518546112,0.12244897959183672,-0.29345377734793265,,,,,True
seasonal_naive,post_covid,seasonal_naive/post_covid,1,neighborhood,Charlestown,flu_season,0.98,IT98,105.83479691598406,21,0.0,0.0,0.0,0.0,0.0,21.0,,,,0.0,,,,,,1.0,,0.021135141279936414,0.0,,,,,,True
seasonal_naive,post_covid,seasonal_naive/post_covid,1,neighborhood,Dorchester,overall,,bands,,49,,,,,,,,,,,,,,,,,,,,,0.7959183673469388,0.9387755102040817,-0.08381839348079168,0.10204081632653061,False
seasonal_naive,post_covid,seasonal_naive/post_covid,1,neighborhood,Dorchester,overall,0.5,IT50,157.0086457734027,49,4.0,0.08163265306122448,0.0,6.0,4.0,39.0,0.0,1.0,0.0,0.13333333333333333,0.0,0.0,-0.13333333333333333,-0.1085972850678733,-0.1113692092779409,0.7959183673469388,1.5,0.13121484166046696,0.07496876301541025,-0.7502601934821176,,,,,True
seasonal_naive,post_covid,seasonal_naive/post_covid,1,neighborhood,Dorchester,overall,0.9,IT90,264.26252974322875,49,0.0,0.0,0.0,3.0,0.0,46.0,,1.0,0.0,0.061224489795918366,0.0,0.0,,0.0,,0.9387755102040817,,0.02543806683575132,0.0,,,,,,True
seasonal_naive,post_covid,seasonal_naive/post_covid,1,neighborhood,Dorchester,overall,0.98,IT98,368.7005757586777,49,0.0,0.0,0.0,0.0,0.0,49.0,,,,0.0,,,,,,1.0,,0.0041072131927675165,0.0,,,,,,True
seasonal_naive,post_covid,seasonal_naive/post_covid,1,neighborhood,Dorchester,flu_season,,bands,,26,,,,,,,,,,,,,,,,,,,,,0.6153846153846154,0.8846153846153846,-0.17061611374407537,0.19230769230769232,False
seasonal_naive,post_covid,seasonal_naive/post_covid,1,neighborhood,Dorchester,flu_season,0.5,IT50,157.0086457734027,26,4.0,0.15384615384615385,0.0,6.0,4.0,16.0,0.0,1.0,0.0,0.2727272727272727,0.0,0.0,-0.2727272727272727,-0.22641509433962265,-0.23354968324845687,0.6153846153846154,1.5,0.24710092431474637,0.13017751479289943,-0.8981843731450967,,,,,True
seasonal_naive,post_covid,seasonal_naive/post_covid,1,neighborhood,Dorchester,flu_season,0.9,IT90,264.26252974322875,26,0.0,0.0,0.0,3.0,0.0,23.0,,1.0,0.0,0.11538461538461539,0.0,0.0,,0.0,,0.8846153846153846,,0.04794096516128023,0.0,,,,,,True
seasonal_naive,post_covid,seasonal_naive/post_covid,1,neighborhood,Dorchester,flu_season,0.98,IT98,368.7005757586777,26,0.0,0.0,0.0,0.0,0.0,26.0,,,,0.0,,,,,,1.0,,0.007740517170984257,0.0,,,,,,True
seasonal_naive,post_covid,seasonal_naive/post_covid,1,neighborhood,East Boston,overall,,bands,,44,,,,,,,,,,,,,,,,,,,,,0.7954545454545454,0.9318181818181818,-0.09695290858725758,0.045454545454545456,False
seasonal_naive,post_covid,seasonal_naive/post_covid,1,neighborhood,East Boston,overall,0.5,IT50,32.38969817502224,44,4.0,0.09090909090909091,0.0,5.0,4.0,35.0,0.0,1.0,0.0,0.125,0.0,0.0,-0.125,-0.11235955056179775,-0.11322770341445958,0.7954545454545454,1.25,0.11707614087540082,0.08264462809917356,-0.4166213045923499,,,,,True
seasonal_naive,post_covid,seasonal_naive/post_covid,1,neighborhood,East Boston,overall,0.9,IT90,56.982258100156095,44,1.0,0.022727272727272728,0.0,2.0,1.0,41.0,0.0,1.0,0.0,0.046511627906976744,0.0,0.0,-0.046511627906976744,-0.03125,-0.033277916281986085,0.9318181818181818,2.0,0.04967602499051189,0.02221074380165289,-1.2365763809681631,,,,,True
seasonal_naive,post_covid,seasonal_naive/post_covid,1,neighborhood,East Boston,overall,0.98,IT98,81.78485877953806,44,0.0,0.0,0.0,0.0,0.0,44.0,,,,0.0,,,,,,1.0,,0.013269355644022908,0.0,,,,,,True
seasonal_naive,post_covid,seasonal_naive/post_covid,1,neighborhood,East Boston,flu_season,,bands,,25,,,,,,,,,,,,,,,,,,,,,0.64,0.88,-0.1842105263157896,0.08,False
seasonal_naive,post_covid,seasonal_naive/post_covid,1,neighborhood,East Boston,flu_season,0.5,IT50,32.38969817502224,25,4.0,0.16,0.0,5.0,4.0,16.0,0.0,1.0,0.0,0.23809523809523808,0.0,0.0,-0.23809523809523808,-0.21621621621621623,-0.2182178902359924,0.64,1.25,0.20084698492897593,0.13439999999999996,-0.49439720929297604,,,,,True
seasonal_naive,post_covid,seasonal_naive/post_covid,1,neighborhood,East Boston,flu_season,0.9,IT90,56.982258100156095,25,1.0,0.04,0.0,2.0,1.0,22.0,0.0,1.0,0.0,0.08333333333333333,0.0,0.0,-0.08333333333333333,-0.056338028169014086,-0.0601929265428846,0.88,2.0,0.08732778608798344,0.03840000000000001,-1.2741610960412348,,,,,True
seasonal_naive,post_covid,seasonal_naive/post_covid,1,neighborhood,East Boston,flu_season,0.98,IT98,81.78485877953806,25,0.0,0.0,0.0,0.0,0.0,25.0,,,,0.0,,,,,,1.0,,0.02335343773496751,0.0,,,,,,True
seasonal_naive,post_covid,seasonal_naive/post_covid,1,neighborhood,Fenway,overall,,bands,,43,,,,,,,,,,,,,,,,,,,,,0.813953488372093,0.9767441860465116,-0.04878048780487787,0.13953488372093023,False
seasonal_naive,post_covid,seasonal_naive/post_covid,1,neighborhood,Fenway,overall,0.5,IT50,19.789042860168028,43,2.0,0.046511627906976744,0.0,6.0,2.0,35.0,0.0,1.0,0.0,0.14634146341463414,0.0,0.0,-0.14634146341463414,-0.075,-0.08894014489399042,0.813953488372093,3.0,0.10926191724066417,0.04434829637641969,-1.4637229875364395,,,,,True
seasonal_naive,post_covid,seasonal_naive/post_covid,1,neighborhood,Fenway,overall,0.9,IT90,31.717921949528318,43,0.0,0.0,0.0,1.0,0.0,42.0,,1.0,0.0,0.023255813953488372,0.0,0.0,,0.0,,0.9767441860465116,,0.04278223475165539,0.0,,,,,,True
seasonal_naive,post_covid,seasonal_naive/post_covid,1,neighborhood,Fenway,overall,0.98,IT98,42.89052071415166,43,0.0,0.0,0.0,1.0,0.0,42.0,,1.0,0.0,0.023255813953488372,0.0,0.0,,0.0,,0.9767441860465116,,0.02217479332866231,0.0,,,,,,True
seasonal_naive,post_covid,seasonal_naive/post_covid,1,neighborhood,Fenway,flu_season,,bands,,25,,,,,,,,,,,,,,,,,,,,,0.68,0.96,-0.08695652173913015,0.24,False
seasonal_naive,post_covid,seasonal_naive/post_covid,1,neighborhood,Fenway,flu_season,0.5,IT50,19.789042860168028,25,2.0,0.08,0.0,6.0,2.0,17.0,0.0,1.0,0.0,0.2608695652173913,0.0,0.0,-0.2608695652173913,-0.13636363636363635,-0.16571045299983225,0.68,3.0,0.1772837632228458,0.0736,-1.4087467829191005,,,,,True
seasonal_naive,post_covid,seasonal_naive/post_covid,1,neighborhood,Fenway,flu_season,0.9,IT90,31.717921949528318,25,0.0,0.0,0.0,1.0,0.0,24.0,,1.0,0.0,0.04,0.0,0.0,,0.0,,0.96,,0.07232983152829175,0.0,,,,,,True
seasonal_naive,post_covid,seasonal_naive/post_covid,1,neighborhood,Fenway,flu_season,0.98,IT98,42.89052071415166,25,0.0,0.0,0.0,1.0,0.0,24.0,,1.0,0.0,0.04,0.0,0.0,,0.0,,0.96,,0.03803255666509799,0.0,,,,,,True
seasonal_naive,post_covid,seasonal_naive/post_covid,1,neighborhood,Hyde Park,overall,,bands,,46,,,,,,,,,,,,,,,,,,,,,0.8260869565217391,0.9347826086956522,-0.06539509536784749,0.10869565217391304,False
seasonal_naive,post_covid,seasonal_naive/post_covid,1,neighborhood,Hyde Park,overall,0.5,IT50,59.73762940735334,46,3.0,0.06521739130434782,0.0,5.0,3.0,38.0,0.0,1.0,0.0,0.11627906976744186,0.0,0.0,-0.11627906976744186,-0.08875739644970414,-0.0922400380373398,0.8260869565217391,1.6666666666666667,0.11475234840200567,0.060964083175803395,-0.8822943350282482,,,,,True
seasonal_naive,post_covid,seasonal_naive/post_covid,1,neighborhood,Hyde Park,overall,0.9,IT90,98.70163927662223,46,0.0,0.0,0.0,3.0,0.0,43.0,,1.0,0.0,0.06521739130434782,0.0,0.0,,0.0,,0.9347826086956522,,0.029266281266988606,0.0,,,,,,True
seasonal_naive,post_covid,seasonal_naive/post_covid,1,neighborhood,Hyde Park,overall,0.98,IT98,136.08880333365826,46,0.0,0.0,0.0,0.0,0.0,46.0,,,,0.0,,,,,,1.0,,0.009656988994210637,0.0,,,,,,True
seasonal_naive,post_covid,seasonal_naive/post_covid,1,neighborhood,Hyde Park,flu_season,,bands,,25,,,,,,,,,,,,,,,,,,,,,0.68,0.88,-0.1273209549071619,0.2,False
seasonal_naive,post_covid,seasonal_naive/post_covid,1,neighborhood,Hyde Park,flu_season,0.5,IT50,59.73762940735334,25,3.0,0.12,0.0,5.0,3.0,17.0,0.0,1.0,0.0,0.22727272727272727,0.0,0.0,-0.22727272727272727,-0.17647058823529413,-0.1846372364689991,0.68,1.6666666666666667,0.2093004966308616,0.1056,-0.9820122787013408,,,,,True
seasonal_naive,post_covid,seasonal_naive/post_covid,1,neighborhood,Hyde Park,flu_season,0.9,IT90,98.70163927662223,25,0.0,0.0,0.0,3.0,0.0,22.0,,1.0,0.0,0.12,0.0,0.0,,0.0,,0.88,,0.05382731617681445,0.0,,,,,,True
seasonal_naive,post_covid,seasonal_naive/post_covid,1,neighborhood,Hyde Park,flu_season,0.98,IT98,136.08880333365826,25,0.0,0.0,0.0,0.0,0.0,25.0,,,,0.0,,,,,,1.0,,0.017768798520346532,0.0,,,,,,True
seasonal_naive,post_covid,seasonal_naive/post_covid,1,neighborhood,Jamaica Plain,overall,,bands,,46,,,,,,,,,,,,,,,,,,,,,0.8043478260869565,0.8913043478260869,-0.03370786516853941,0.0,False
seasonal_naive,post_covid,seasonal_naive/post_covid,1,neighborhood,Jamaica Plain,overall,0.5,IT50,30.1329000930458,46,5.0,0.10869565217391304,1.0,5.0,4.0,36.0,0.2,0.8333333333333334,0.16666666666666666,0.12195121951219512,0.1,0.18181818181818182,0.07804878048780489,0.07174887892376682,0.07213357077339458,0.8043478260869565,1.2,0.10484378640228532,0.09688090737240074,-0.0821924489133452,,,,,False
seasonal_naive,post_covid,seasonal_naive/post_covid,1,neighborhood,Jamaica Plain,overall,0.9,IT90,48.93353508945714,46,3.0,0.06521739130434782,0.0,2.0,3.0,41.0,0.0,1.0,0.0,0.046511627906976744,0.0,0.0,-0.046511627906976744,-0.05504587155963303,-0.056313829183370835,0.8913043478260869,0.6666666666666666,0.07380137894642816,0.060964083175803395,-0.21057145620652706,,,,,True
seasonal_naive,post_covid,seasonal_naive/post_covid,1,neighborhood,Jamaica Plain,overall,0.98,IT98,66.72678487426273,46,0.0,0.0,0.0,0.0,0.0,46.0,,,,0.0,,,,,,1.0,,0.016334813016602886,0.0,,,,,,True
seasonal_naive,post_covid,seasonal_naive/post_covid,1,neighborhood,Jamaica Plain,flu_season,,bands,,24,,,,,,,,,,,,,,,,,,,,,0.625,0.7916666666666666,-0.16129032258064502,0.0,False
seasonal_naive,post_covid,seasonal_naive/post_covid,1,neighborhood,Jamaica Plain,flu_season,0.5,IT50,30.1329000930458,24,5.0,0.20833333333333334,1.0,5.0,4.0,14.0,0.2,0.8333333333333334,0.16666666666666666,0.2631578947368421,0.1,0.18181818181818182,-0.06315789473684208,-0.058823529411764705,-0.05923488777590923,0.625,1.2,0.19581074747420987,0.16493055555555555,-0.18723147942257778,,,,,False
seasonal_naive,post_covid,seasonal_naive/post_covid,1,neighborhood,Jamaica Plain,flu_season,0.9,IT90,48.93353508945714,24,3.0,0.125,0.0,2.0,3.0,19.0,0.0,1.0,0.0,0.09523809523809523,0.0,0.0,-0.09523809523809523,-0.1111111111111111,-0.11396057645963795,0.7916666666666666,0.6666666666666666,0.1413305327257098,0.109375,-0.292164870635061,,,,,True
seasonal_naive,post_covid,seasonal_naive/post_covid,1,neighborhood,Jamaica Plain,flu_season,0.98,IT98,66.72678487426273,24,0.0,0.0,0.0,0.0,0.0,24.0,,,,0.0,,,,,,1.0,,0.031307127134696765,0.0,,,,,,True
seasonal_naive,post_covid,seasonal_naive/post_covid,1,neighborhood,Mattapan,overall,,bands,,47,,,,,,,,,,,,,,,,,,,,,0.851063829787234,0.9361702127659575,0.03330068560235033,0.14893617021276595,False
seasonal_naive,post_covid,seasonal_naive/post_covid,1,neighborhood,Mattapan,overall,0.5,IT50,75.36060630157071,47,3.0,0.06382978723404255,1.0,5.0,2.0,39.0,0.3333333333333333,0.8333333333333334,0.16666666666666666,0.11363636363636363,0.125,0.2222222222222222,0.21969696969696967,0.14987080103359174,0.1609323965679065,0.851063829787234,2.0,0.09279166755291184,0.05975554549569943,-0.5528544971544105,,,,,True
seasonal_naive,post_covid,seasonal_naive/post_covid,1,neighborhood,Mattapan,overall,0.9,IT90,114.4266389550119,47,0.0,0.0,0.0,3.0,0.0,44.0,,1.0,0.0,0.06382978723404255,0.0,0.0,,0.0,,0.9361702127659575,,0.03686825286499918,0.0,,,,,,True
seasonal_naive,post_covid,seasonal_naive/post_covid,1,neighborhood,Mattapan,overall,0.98,IT98,149.46970387636378,47,0.0,0.0,0.0,1.0,0.0,46.0,,1.0,0.0,0.02127659574468085,0.0,0.0,,0.0,,0.9787234042553191,,0.017768011477193937,0.0,,,,,,True
seasonal_naive,post_covid,seasonal_naive/post_covid,1,neighborhood,Mattapan,flu_season,,bands,,26,,,,,,,,,,,,,,,,,,,,,0.7307692307692307,0.8846153846153846,-0.014869888475836479,0.2692307692307692,False
seasonal_naive,post_covid,seasonal_naive/post_covid,1,neighborhood,Mattapan,flu_season,0.5,IT50,75.36060630157071,26,3.0,0.11538461538461539,1.0,5.0,2.0,18.0,0.3333333333333333,0.8333333333333334,0.16666666666666666,0.21739130434782608,0.125,0.2222222222222222,0.11594202898550723,0.08080808080808081,0.0879173964527716,0.7307692307692307,2.0,0.16758995177751573,0.10207100591715977,-0.6418957594434873,,,,,True
seasonal_naive,post_covid,seasonal_naive/post_covid,1,neighborhood,Mattapan,flu_season,0.9,IT90,114.4266389550119,26,0.0,0.0,0.0,3.0,0.0,23.0,,1.0,0.0,0.11538461538461539,0.0,0.0,,0.0,,0.8846153846153846,,0.06664638592299944,0.0,,,,,,True
seasonal_naive,post_covid,seasonal_naive/post_covid,1,neighborhood,Mattapan,flu_season,0.98,IT98,149.46970387636378,26,0.0,0.0,0.0,1.0,0.0,25.0,,1.0,0.0,0.038461538461538464,0.0,0.0,,0.0,,0.9615384615384616,,0.03211909766353213,0.0,,,,,,True
seasonal_naive,post_covid,seasonal_naive/post_covid,1,neighborhood,Roslindale,overall,,bands,,42,,,,,,,,,,,,,,,,,,,,,0.7619047619047619,0.8571428571428571,-0.1123595505617978,0.07142857142857142,False
seasonal_naive,post_covid,seasonal_naive/post_covid,1,neighborhood,Roslindale,overall,0.5,IT50,83.12526323754497,42,4.0,0.09523809523809523,0.0,6.0,4.0,32.0,0.0,1.0,0.0,0.15789473684210525,0.0,0.0,-0.15789473684210525,-0.12903225806451613,-0.13245323570650439,0.7619047619047619,1.5,0.14114623872829435,0.08616780045351476,-0.6380392441888894,,,,,True
seasonal_naive,post_covid,seasonal_naive/post_covid,1,neighborhood,Roslindale,overall,0.9,IT90,133.65502394030972,42,3.0,0.07142857142857142,0.0,3.0,3.0,36.0,0.0,1.0,0.0,0.07692307692307693,0.0,0.0,-0.07692307692307693,-0.07692307692307693,-0.07692307692307693,0.8571428571428571,1.0,0.10230584320370799,0.06632653061224489,-0.5424573283020591,,,,,True
seasonal_naive,post_covid,seasonal_naive/post_covid,1,neighborhood,Roslindale,overall,0.98,IT98,181.10052866383202,42,0.0,0.0,0.0,1.0,0.0,41.0,,1.0,0.0,0.023809523809523808,0.0,0.0,,0.0,,0.9761904761904762,,0.015127562795728315,0.0,,,,,,True
seasonal_naive,post_covid,seasonal_naive/post_covid,1,neighborhood,Roslindale,flu_season,,bands,,26,,,,,,,,,,,,,,,,,,,,,0.6153846153846154,0.7692307692307693,-0.1949860724233985,0.11538461538461539,False
seasonal_naive,post_covid,seasonal_naive/post_covid,1,neighborhood,Roslindale,flu_season,0.5,IT50,83.12526323754497,26,4.0,0.15384615384615385,0.0,6.0,4.0,16.0,0.0,1.0,0.0,0.2727272727272727,0.0,0.0,-0.2727272727272727,-0.22641509433962265,-0.23354968324845687,0.6153846153846154,1.5,0.22703058931049647,0.13017751479289943,-0.744007708794268,,,,,True
seasonal_naive,post_covid,seasonal_naive/post_covid,1,neighborhood,Roslindale,flu_season,0.9,IT90,133.65502394030972,26,3.0,0.11538461538461539,0.0,3.0,3.0,20.0,0.0,1.0,0.0,0.13043478260869565,0.0,0.0,-0.13043478260869565,-0.13043478260869565,-0.13043478260869565,0.7692307692307693,1.0,0.1652609617607859,0.10207100591715977,-0.6190784079752356,,,,,True
seasonal_naive,post_covid,seasonal_naive/post_covid,1,neighborhood,Roslindale,flu_season,0.98,IT98,181.10052866383202,26,0.0,0.0,0.0,1.0,0.0,25.0,,1.0,0.0,0.038461538461538464,0.0,0.0,,0.0,,0.9615384615384616,,0.024436831438409436,0.0,,,,,,True
seasonal_naive,post_covid,seasonal_naive/post_covid,1,neighborhood,Roxbury,overall,,bands,,49,,,,,,,,,,,,,,,,,,,,,0.8163265306122449,0.9183673469387755,-0.07523510971786829,0.10204081632653061,False
seasonal_naive,post_covid,seasonal_naive/post_covid,1,neighborhood,Roxbury,overall,0.5,IT50,138.88545502174753,49,3.0,0.061224489795918366,0.0,6.0,3.0,40.0,0.0,1.0,0.0,0.13043478260869565,0.0,0.0,-0.13043478260869565,-0.08888888888888889,-0.095394450112334,0.8163265306122449,2.0,0.12165227217355279,0.057476051645147866,-1.116573228178987,,,,,True
seasonal_naive,post_covid,seasonal_naive/post_covid,1,neighborhood,Roxbury,overall,0.9,IT90,231.9483227351807,49,1.0,0.02040816326530612,0.0,3.0,1.0,45.0,0.0,1.0,0.0,0.0625,0.0,0.0,-0.0625,-0.031578947368421054,-0.036860489038724284,0.9183673469387755,3.0,0.04682575500940879,0.01999167013744273,-1.342263287033136,,,,,True
seasonal_naive,post_covid,seasonal_naive/post_covid,1,neighborhood,Roxbury,overall,0.98,IT98,322.0096816211373,49,0.0,0.0,0.0,0.0,0.0,49.0,,,,0.0,,,,,,1.0,,0.005066523078619279,0.0,,,,,,True
seasonal_naive,post_covid,seasonal_naive/post_covid,1,neighborhood,Roxbury,flu_season,,bands,,26,,,,,,,,,,,,,,,,,,,,,0.6538461538461539,0.8461538461538461,-0.1518987341772151,0.19230769230769232,False
seasonal_naive,post_covid,seasonal_naive/post_covid,1,neighborhood,Roxbury,flu_season,0.5,IT50,138.88545502174753,26,3.0,0.11538461538461539,0.0,6.0,3.0,17.0,0.0,1.0,0.0,0.2608695652173913,0.0,0.0,-0.2608695652173913,-0.18181818181818182,-0.19781414201873612,0.6538461538461539,2.0,0.22920488934517605,0.10207100591715977,-1.245543553584623,,,,,True
seasonal_naive,post_covid,seasonal_naive/post_covid,1,neighborhood,Roxbury,flu_season,0.9,IT90,231.9483227351807,26,1.0,0.038461538461538464,0.0,3.0,1.0,22.0,0.0,1.0,0.0,0.12,0.0,0.0,-0.12,-0.061224489795918366,-0.07223151185146152,0.8461538461538461,3.0,0.08824853762834975,0.036982248520710054,-1.3862404574705778,,,,,True
seasonal_naive,post_covid,seasonal_naive/post_covid,1,neighborhood,Roxbury,flu_season,0.98,IT98,322.0096816211373,26,0.0,0.0,0.0,0.0,0.0,26.0,,,,0.0,,,,,,1.0,,0.009548447340474777,0.0,,,,,,True
seasonal_naive,post_covid,seasonal_naive/post_covid,1,neighborhood,South Boston,overall,,bands,,42,,,,,,,,,,,,,,,,,,,,,0.7857142857142857,0.9285714285714286,-0.09248554913294815,0.09523809523809523,False
seasonal_naive,post_covid,seasonal_naive/post_covid,1,neighborhood,South Boston,overall,0.5,IT50,31.63670795756643,42,4.0,0.09523809523809523,0.0,5.0,4.0,33.0,0.0,1.0,0.0,0.13157894736842105,0.0,0.0,-0.13157894736842105,-0.11834319526627218,-0.11926756083217402,0.7857142857142857,1.25,0.11962909326803194,0.08616780045351476,-0.38832710871584397,,,,,True
seasonal_naive,post_covid,seasonal_naive/post_covid,1,neighborhood,South Boston,overall,0.9,IT90,60.18982141922808,42,0.0,0.0,0.0,3.0,0.0,39.0,,1.0,0.0,0.07142857142857142,0.0,0.0,,0.0,,0.9285714285714286,,0.03655364116127013,0.0,,,,,,True
seasonal_naive,post_covid,seasonal_naive/post_covid,1,neighborhood,South Boston,overall,0.98,IT98,90.82483767314203,42,0.0,0.0,0.0,0.0,0.0,42.0,,,,0.0,,,,,,1.0,,0.014226367237118702,0.0,,,,,,True
seasonal_naive,post_covid,seasonal_naive/post_covid,1,neighborhood,South Boston,flu_season,,bands,,25,,,,,,,,,,,,,,,,,,,,,0.64,0.88,-0.1658031088082903,0.16,False
seasonal_naive,post_covid,seasonal_naive/post_covid,1,neighborhood,South Boston,flu_season,0.5,IT50,31.63670795756643,25,4.0,0.16,0.0,5.0,4.0,16.0,0.0,1.0,0.0,0.23809523809523808,0.0,0.0,-0.23809523809523808,-0.21621621621621623,-0.2182178902359924,0.64,1.25,0.19832852761641995,0.13439999999999996,-0.47565868762217267,,,,,True
seasonal_naive,post_covid,seasonal_naive/post_covid,1,neighborhood,South Boston,flu_season,0.9,IT90,60.18982141922808,25,0.0,0.0,0.0,3.0,0.0,22.0,,1.0,0.0,0.12,0.0,0.0,,0.0,,0.88,,0.0614029183535762,0.0,,,,,,True
seasonal_naive,post_covid,seasonal_naive/post_covid,1,neighborhood,South Boston,flu_season,0.98,IT98,90.82483767314203,25,0.0,0.0,0.0,0.0,0.0,25.0,,,,0.0,,,,,,1.0,,0.02390029608951794,0.0,,,,,,True
seasonal_naive,post_covid,seasonal_naive/post_covid,1,neighborhood,South End,overall,,bands,,49,,,,,,,,,,,,,,,,,,,,,0.7959183673469388,0.9591836734693877,-0.08888888888888902,0.08163265306122448,False
seasonal_naive,post_covid,seasonal_naive/post_covid,1,neighborhood,South End,overall,0.5,IT50,82.00792145914704,49,4.0,0.08163265306122448,0.0,6.0,4.0,39.0,0.0,1.0,0.0,0.13333333333333333,0.0,0.0,-0.13333333333333333,-0.1085972850678733,-0.1113692092779409,0.7959183673469388,1.5,0.11406332517285331,0.07496876301541025,-0.5214780207778933,,,,,True
seasonal_naive,post_covid,seasonal_naive/post_covid,1,neighborhood,South End,overall,0.9,IT90,134.00251631923587,49,0.0,0.0,0.0,2.0,0.0,47.0,,1.0,0.0,0.04081632653061224,0.0,0.0,,0.0,,0.9591836734693877,,0.025638973555738655,0.0,,,,,,True
seasonal_naive,post_covid,seasonal_naive/post_covid,1,neighborhood,South End,overall,0.98,IT98,183.45444562568642,49,0.0,0.0,0.0,0.0,0.0,49.0,,,,0.0,,,,,,1.0,,0.007633803130453224,0.0,,,,,,True
seasonal_naive,post_covid,seasonal_naive/post_covid,1,neighborhood,South End,flu_season,,bands,,26,,,,,,,,,,,,,,,,,,,,,0.6153846153846154,0.9230769230769231,-0.18181818181818188,0.15384615384615385,False
seasonal_naive,post_covid,seasonal_naive/post_covid,1,neighborhood,South End,flu_season,0.5,IT50,82.00792145914704,26,4.0,0.15384615384615385,0.0,6.0,4.0,16.0,0.0,1.0,0.0,0.2727272727272727,0.0,0.0,-0.2727272727272727,-0.22641509433962265,-0.23354968324845687,0.6153846153846154,1.5,0.21472400246876056,0.13017751479289943,-0.6494707462372966,,,,,True
seasonal_naive,post_covid,seasonal_naive/post_covid,1,neighborhood,South End,flu_season,0.9,IT90,134.00251631923587,26,0.0,0.0,0.0,2.0,0.0,24.0,,1.0,0.0,0.07692307692307693,0.0,0.0,,0.0,,0.9230769230769231,,0.04831957218169344,0.0,,,,,,True
seasonal_naive,post_covid,seasonal_naive/post_covid,1,neighborhood,South End,flu_season,0.98,IT98,183.45444562568642,26,0.0,0.0,0.0,0.0,0.0,26.0,,,,0.0,,,,,,1.0,,0.01438678282260621,0.0,,,,,,True
seasonal_naive,post_covid,seasonal_naive/post_covid,1,neighborhood,West Roxbury,overall,,bands,,40,,,,,,,,,,,,,,,,,,,,,0.775,0.875,0.0,0.05,False
seasonal_naive,post_covid,seasonal_naive/post_covid,1,neighborhood,West Roxbury,overall,0.5,IT50,37.349459967580074,40,3.0,0.075,1.0,6.0,2.0,31.0,0.3333333333333333,0.8571428571428571,0.14285714285714285,0.16216216216216217,0.1111111111111111,0.2,0.17117117117117114,0.10614525139664804,0.11865502129709506,0.8,2.3333333333333335,0.1068255960437831,0.06937499999999999,-0.5398284114419187,,,,,True
seasonal_naive,post_covid,seasonal_naive/post_covid,1,neighborhood,West Roxbury,overall,0.9,IT90,59.59981304845178,40,3.0,0.075,0.0,3.0,3.0,34.0,0.0,1.0,0.0,0.08108108108108109,0.0,0.0,-0.08108108108108109,-0.08108108108108109,-0.08108108108108109,0.85,1.0,0.08449130169050936,0.06937499999999999,-0.21789263698031536,,,,,True
seasonal_naive,post_covid,seasonal_naive/post_covid,1,neighborhood,West Roxbury,overall,0.98,IT98,80.36625284929092,40,2.0,0.05,0.0,0.0,2.0,38.0,0.0,,,0.0,0.0,0.0,0.0,0.0,,0.95,0.0,0.0648526064498523,0.047499999999999994,-0.36531803052320644,,,,,True
seasonal_naive,post_covid,seasonal_naive/post_covid,1,neighborhood,West Roxbury,flu_season,,bands,,25,,,,,,,,,,,,,,,,,,,,,0.64,0.8,-0.07594936708860778,0.08,False
seasonal_naive,post_covid,seasonal_naive/post_covid,1,neighborhood,West Roxbury,flu_season,0.5,IT50,37.349459967580074,25,3.0,0.12,1.0,6.0,2.0,16.0,0.3333333333333333,0.8571428571428571,0.14285714285714285,0.2727272727272727,0.1111111111111111,0.2,0.06060606060606061,0.038461538461538464,0.04386344633065127,0.68,2.3333333333333335,0.16634581860193634,0.1056,-0.5752444943365185,,,,,True
seasonal_naive,post_covid,seasonal_naive/post_covid,1,neighborhood,West Roxbury,flu_season,0.9,IT90,59.59981304845178,25,3.0,0.12,0.0,3.0,3.0,19.0,0.0,1.0,0.0,0.13636363636363635,0.0,0.0,-0.13636363636363635,-0.13636363636363635,-0.13636363636363635,0.76,1.0,0.13502034893152484,0.1056,-0.27860178912428823,,,,,True
seasonal_naive,post_covid,seasonal_naive/post_covid,1,neighborhood,West Roxbury,flu_season,0.98,IT98,80.36625284929092,25,2.0,0.08,0.0,0.0,2.0,23.0,0.0,,,0.0,0.0,0.0,0.0,0.0,,0.92,0.0,0.10376127796708323,0.0736,-0.40979997237884835,,,,,True
xgboost,post_covid,xgboost,1,citywide,CITYWIDE,overall,,bands,,49,,,,,,,,,,,,,,,,,,,,,0.9591836734693877,0.9795918367346939,0.41805225653206646,-0.061224489795918366,False
xgboost,post_covid,xgboost,1,citywide,CITYWIDE,overall,0.5,IT50,60.20679524890062,49,4.0,0.08163265306122448,2.0,0.0,2.0,45.0,0.5,0.0,1.0,0.0,0.5,0.6666666666666666,0.5,0.6474820143884892,0.6918984060216639,0.9591836734693877,0.5,0.030402502871886294,0.07496876301541025,0.5944643922477835,,,,,True
xgboost,post_covid,xgboost,1,citywide,CITYWIDE,overall,0.9,IT90,98.17566769051967,49,1.0,0.02040816326530612,0.0,0.0,1.0,48.0,0.0,,,0.0,0.0,0.0,0.0,0.0,,0.9795918367346939,0.0,0.01936938612030729,0.01999167013744273,0.031127165107128985,,,,,True
xgboost,post_covid,xgboost,1,citywide,CITYWIDE,overall,0.98,IT98,134.22833796478614,49,0.0,0.0,0.0,0.0,0.0,49.0,,,,0.0,,,,,,1.0,,0.0003045650583990376,0.0,,,,,,True
xgboost,post_covid,xgboost,1,citywide,CITYWIDE,flu_season,,bands,,26,,,,,,,,,,,,,,,,,,,,,0.9230769230769231,0.9615384615384616,0.39252336448598135,-0.11538461538461539,False
xgboost,post_covid,xgboost,1,citywide,CITYWIDE,flu_season,0.5,IT50,60.20679524890062,26,4.0,0.15384615384615385,2.0,0.0,2.0,22.0,0.5,0.0,1.0,0.0,0.5,0.6666666666666666,0.5,0.6285714285714286,0.67700320038633,0.9230769230769231,0.5,0.05722465688795279,0.13017751479289943,0.5604105902698173,,,,,True
xgboost,post_covid,xgboost,1,citywide,CITYWIDE,flu_season,0.9,IT90,98.17566769051967,26,1.0,0.038461538461538464,0.0,0.0,1.0,25.0,0.0,,,0.0,0.0,0.0,0.0,0.0,,0.9615384615384616,0.0,0.03650384238122751,0.036982248520710054,0.012936102011607997,,,,,True
xgboost,post_covid,xgboost,1,citywide,CITYWIDE,flu_season,0.98,IT98,134.22833796478614,26,0.0,0.0,0.0,0.0,0.0,26.0,,,,0.0,,,,,,1.0,,0.0005739879946750635,0.0,,,,,,True
xgboost,post_covid,xgboost,1,pooled,ALL,overall,,bands,,627,,,,,,,,,,,,,,,,,,,,,0.9282296650717703,0.988835725677831,0.5346768545714913,-0.03987240829346093,False
xgboost,post_covid,xgboost,1,pooled,ALL,overall,0.5,IT50,,627,51.0,0.08133971291866028,32.0,13.0,19.0,563.0,0.6274509803921569,0.28888888888888886,0.7111111111111111,0.022569444444444444,0.5,0.6666666666666666,0.6048815359477124,0.6391496708751484,0.6406176624126081,0.94896331738437,0.8823529411764706,0.037970595943036804,0.07472356402097019,0.491852450555211,,,,,False
xgboost,post_covid,xgboost,1,pooled,ALL,overall,0.9,IT90,,627,18.0,0.028708133971291867,0.0,1.0,18.0,608.0,0.0,1.0,0.0,0.0016420361247947454,0.0,0.0,-0.0016420361247947454,-0.0030310684516291994,-0.00687132419844272,0.9696969696969697,0.05555555555555555,0.022258527690360703,0.02788397701517821,0.20174487024413268,,,,,False
xgboost,post_covid,xgboost,1,pooled,ALL,overall,0.98,IT98,,627,2.0,0.003189792663476874,0.0,0.0,2.0,625.0,0.0,,,0.0,0.0,0.0,0.0,0.0,,0.9968102073365231,0.0,0.0037630052408758044,0.0031796178862409027,-0.1834771898722114,,,,,True
xgboost,post_covid,xgboost,1,pooled,ALL,flu_season,,bands,,352,,,,,,,,,,,,,,,,,,,,,0.8721590909090909,0.9801136363636364,0.5084572417591063,-0.07102272727272728,False
xgboost,post_covid,xgboost,1,pooled,ALL,flu_season,0.5,IT50,,352,51.0,0.14488636363636365,32.0,13.0,19.0,288.0,0.6274509803921569,0.28888888888888886,0.7111111111111111,0.04318936877076412,0.5,0.6666666666666666,0.5842616116213928,0.6142729950003425,0.6158858744904243,0.9090909090909091,0.8823529411764706,0.0668159486880607,0.12389430526859506,0.4607020190055715,,,,,False
xgboost,post_covid,xgboost,1,pooled,ALL,flu_season,0.9,IT90,,352,18.0,0.05113636363636364,0.0,1.0,18.0,333.0,0.0,1.0,0.0,0.0029940119760479044,0.0,0.0,-0.0029940119760479044,-0.005411906193625977,-0.012391088559717597,0.9460227272727273,0.05555555555555555,0.03963041183715,0.04852143595041322,0.18323909709410613,,,,,False
xgboost,post_covid,xgboost,1,pooled,ALL,flu_season,0.98,IT98,,352,2.0,0.005681818181818182,0.0,0.0,2.0,350.0,0.0,,,0.0,0.0,0.0,0.0,0.0,,0.9943181818181818,0.0,0.006702289318444091,0.0056495351239669415,-0.18634350816070966,,,,,True
xgboost,post_covid,xgboost,1,neighborhood,Allston/Brighton,overall,,bands,,49,,,,,,,,,,,,,,,,,,,,,0.9183673469387755,0.9795918367346939,0.4948453608247423,-0.061224489795918366,False
xgboost,post_covid,xgboost,1,neighborhood,Allston/Brighton,overall,0.5,IT50,43.17201700312734,49,5.0,0.10204081632653061,3.0,1.0,2.0,43.0,0.6,0.25,0.75,0.022727272727272728,0.5,0.6666666666666666,0.5772727272727273,0.6334164588528678,0.6381990126895997,0.9387755102040817,0.8,0.03417004648475227,0.09162848812994587,0.6270805381368627,,,,,False
xgboost,post_covid,xgboost,1,neighborhood,Allston/Brighton,overall,0.9,IT90,72.80812661818143,49,2.0,0.04081632653061224,0.0,0.0,2.0,47.0,0.0,,,0.0,0.0,0.0,0.0,0.0,,0.9591836734693877,0.0,0.03136003818979403,0.03915035401915868,0.1989845564500482,,,,,True
xgboost,post_covid,xgboost,1,neighborhood,Allston/Brighton,overall,0.98,IT98,101.71188922331822,49,0.0,0.0,0.0,0.0,0.0,49.0,,,,0.0,,,,,,1.0,,0.0007767356655118955,0.0,,,,,,True
xgboost,post_covid,xgboost,1,neighborhood,Allston/Brighton,flu_season,,bands,,26,,,,,,,,,,,,,,,,,,,,,0.8461538461538461,0.9615384615384616,0.45508982035928136,-0.11538461538461539,False
xgboost,post_covid,xgboost,1,neighborhood,Allston/Brighton,flu_season,0.5,IT50,43.17201700312734,26,5.0,0.19230769230769232,3.0,1.0,2.0,20.0,0.6,0.25,0.75,0.047619047619047616,0.5,0.6666666666666666,0.5523809523809524,0.5979381443298969,0.6033815244679472,0.8846153846153846,0.8,0.06330739651702301,0.15532544378698226,0.5924209519475472,,,,,False
xgboost,post_covid,xgboost,1,neighborhood,Allston/Brighton,flu_season,0.9,IT90,72.80812661818143,26,2.0,0.07692307692307693,0.0,0.0,2.0,24.0,0.0,,,0.0,0.0,0.0,0.0,0.0,,0.9230769230769231,0.0,0.05910081555955766,0.07100591715976333,0.1676635142028965,,,,,True
xgboost,post_covid,xgboost,1,neighborhood,Allston/Brighton,flu_season,0.98,IT98,101.71188922331822,26,0.0,0.0,0.0,0.0,0.0,26.0,,,,0.0,,,,,,1.0,,0.0014638479647255472,0.0,,,,,,True
xgboost,post_covid,xgboost,1,neighborhood,Back Bay/Beacon Hill/Downtown/North End/West End,overall,,bands,,46,,,,,,,,,,,,,,,,,,,,,0.9347826086956522,0.9782608695652174,0.4712643678160918,-0.043478260869565216,False
xgboost,post_covid,xgboost,1,neighborhood,Back Bay/Beacon Hill/Downtown/North End/West End,overall,0.5,IT50,32.35361456388361,46,3.0,0.06521739130434782,2.0,1.0,1.0,42.0,0.6666666666666666,0.3333333333333333,0.6666666666666666,0.023255813953488372,0.5,0.6666666666666666,0.6434108527131782,0.6434108527131783,0.6434108527131783,0.9565217391304348,1.0,0.043988364817110555,0.060964083175803395,0.2784544189689462,,,,,True
xgboost,post_covid,xgboost,1,neighborhood,Back Bay/Beacon Hill/Downtown/North End/West End,overall,0.9,IT90,56.35007606954225,46,2.0,0.043478260869565216,0.0,0.0,2.0,44.0,0.0,,,0.0,0.0,0.0,0.0,0.0,,0.9565217391304348,0.0,0.032304457663576584,0.04158790170132326,0.2232246316349087,,,,,True
xgboost,post_covid,xgboost,1,neighborhood,Back Bay/Beacon Hill/Downtown/North End/West End,overall,0.98,IT98,80.35966190257739,46,0.0,0.0,0.0,0.0,0.0,46.0,,,,0.0,,,,,,1.0,,0.0007768570380224509,0.0,,,,,,True
xgboost,post_covid,xgboost,1,neighborhood,Back Bay/Beacon Hill/Downtown/North End/West End,flu_season,,bands,,26,,,,,,,,,,,,,,,,,,,,,0.8846153846153846,0.9615384615384616,0.44680851063829785,-0.07692307692307693,False
xgboost,post_covid,xgboost,1,neighborhood,Back Bay/Beacon Hill/Downtown/North End/West End,flu_season,0.5,IT50,32.35361456388361,26,3.0,0.11538461538461539,2.0,1.0,1.0,22.0,0.6666666666666666,0.3333333333333333,0.6666666666666666,0.043478260869565216,0.5,0.6666666666666666,0.6231884057971014,0.6231884057971014,0.6231884057971014,0.9230769230769231,1.0,0.07709118196678008,0.10207100591715977,0.24472986942690822,,,,,True
xgboost,post_covid,xgboost,1,neighborhood,Back Bay/Beacon Hill/Downtown/North End/West End,flu_season,0.9,IT90,56.35007606954225,26,2.0,0.07692307692307693,0.0,0.0,2.0,24.0,0.0,,,0.0,0.0,0.0,0.0,0.0,,0.9230769230769231,0.0,0.05715345676174138,0.07100591715976333,0.19508881727214245,,,,,True
xgboost,post_covid,xgboost,1,neighborhood,Back Bay/Beacon Hill/Downtown/North End/West End,flu_season,0.98,IT98,80.35966190257739,26,0.0,0.0,0.0,0.0,0.0,26.0,,,,0.0,,,,,,1.0,,0.0013744393611622742,0.0,,,,,,True
xgboost,post_covid,xgboost,1,neighborhood,Charlestown,overall,,bands,,35,,,,,,,,,,,,,,,,,,,,,0.9142857142857143,0.9428571428571428,0.3661971830985915,-0.14285714285714285,False
xgboost,post_covid,xgboost,1,neighborhood,Charlestown,overall,0.5,IT50,44.544403832795176,35,4.0,0.11428571428571428,2.0,0.0,2.0,31.0,0.5,0.0,1.0,0.0,0.5,0.6666666666666666,0.5,0.6391752577319587,0.6853444168423419,0.9428571428571428,0.5,0.04165748956349153,0.10122448979591839,0.5884643168122814,,,,,True
xgboost,post_covid,xgboost,1,neighborhood,Charlestown,overall,0.9,IT90,75.51034339625782,35,3.0,0.08571428571428572,0.0,0.0,3.0,32.0,0.0,,,0.0,0.0,0.0,0.0,0.0,,0.9142857142857143,0.0,0.06596999705023018,0.0783673469387755,0.15819535014029185,,,,,True
xgboost,post_covid,xgboost,1,neighborhood,Charlestown,overall,0.98,IT98,105.83479691598406,35,0.0,0.0,0.0,0.0,0.0,35.0,,,,0.0,,,,,,1.0,,0.00014009276314709014,0.0,,,,,,True
xgboost,post_covid,xgboost,1,neighborhood,Charlestown,flu_season,,bands,,21,,,,,,,,,,,,,,,,,,,,,0.8571428571428571,0.9047619047619048,0.3414634146341463,-0.23809523809523808,False
xgboost,post_covid,xgboost,1,neighborhood,Charlestown,flu_season,0.5,IT50,44.544403832795176,21,4.0,0.19047619047619047,2.0,0.0,2.0,17.0,0.5,0.0,1.0,0.0,0.5,0.6666666666666666,0.5,0.6181818181818182,0.6688560540599386,0.9047619047619048,0.5,0.06926922509687199,0.1541950113378685,0.5507687019452862,,,,,True
xgboost,post_covid,xgboost,1,neighborhood,Charlestown,flu_season,0.9,IT90,75.51034339625782,21,3.0,0.14285714285714285,0.0,0.0,3.0,18.0,0.0,,,0.0,0.0,0.0,0.0,0.0,,0.8571428571428571,0.0,0.10994999325329385,0.12244897959183672,0.10207505509810011,,,,,True
xgboost,post_covid,xgboost,1,neighborhood,Charlestown,flu_season,0.98,IT98,105.83479691598406,21,0.0,0.0,0.0,0.0,0.0,21.0,,,,0.0,,,,,,1.0,,0.00023348793857833636,0.0,,,,,,True
xgboost,post_covid,xgboost,1,neighborhood,Dorchester,overall,,bands,,49,,,,,,,,,,,,,,,,,,,,,0.9795918367346939,1.0,0.8463949843260188,-0.02040816326530612,False
xgboost,post_covid,xgboost,1,neighborhood,Dorchester,overall,0.5,IT50,157.0086457734027,49,4.0,0.08163265306122448,3.0,0.0,1.0,45.0,0.75,0.0,1.0,0.0,0.75,0.8571428571428571,0.75,0.8463949843260188,0.8565603610802411,0.9795918367346939,0.75,0.028321354612175158,0.07496876301541025,0.6222245976453747,,,,,True
xgboost,post_covid,xgboost,1,neighborhood,Dorchester,overall,0.9,IT90,264.26252974322875,49,0.0,0.0,0.0,0.0,0.0,49.0,,,,0.0,,,,,,1.0,,0.0016806793387023624,0.0,,,,,,True
xgboost,post_covid,xgboost,1,neighborhood,Dorchester,overall,0.98,IT98,368.7005757586777,49,0.0,0.0,0.0,0.0,0.0,49.0,,,,0.0,,,,,,1.0,,4.2669338256608745e-06,0.0,,,,,,True
xgboost,post_covid,xgboost,1,neighborhood,Dorchester,flu_season,,bands,,26,,,,,,,,,,,,,,,,,,,,,0.9615384615384616,1.0,0.8354430379746836,-0.038461538461538464,False
xgboost,post_covid,xgboost,1,neighborhood,Dorchester,flu_season,0.5,IT50,157.0086457734027,26,4.0,0.15384615384615385,3.0,0.0,1.0,22.0,0.75,0.0,1.0,0.0,0.75,0.8571428571428571,0.75,0.8354430379746836,0.8469895538599198,0.9615384615384616,0.75,0.053374511028336936,0.13017751479289943,0.5899867107368664,,,,,True
xgboost,post_covid,xgboost,1,neighborhood,Dorchester,flu_season,0.9,IT90,264.26252974322875,26,0.0,0.0,0.0,0.0,0.0,26.0,,,,0.0,,,,,,1.0,,0.0031674341383236826,0.0,,,,,,True
xgboost,post_covid,xgboost,1,neighborhood,Dorchester,flu_season,0.98,IT98,368.7005757586777,26,0.0,0.0,0.0,0.0,0.0,26.0,,,,0.0,,,,,,1.0,,8.041529132976263e-06,0.0,,,,,,True
xgboost,post_covid,xgboost,1,neighborhood,East Boston,overall,,bands,,44,,,,,,,,,,,,,,,,,,,,,0.9090909090909091,1.0,0.6890459363957597,0.0,False
xgboost,post_covid,xgboost,1,neighborhood,East Boston,overall,0.5,IT50,32.38969817502224,44,4.0,0.09090909090909091,3.0,1.0,1.0,39.0,0.75,0.25,0.75,0.025,0.6,0.75,0.725,0.725,0.725,0.9545454545454546,1.0,0.0333815486058615,0.08264462809917356,0.5960832618690759,,,,,True
xgboost,post_covid,xgboost,1,neighborhood,East Boston,overall,0.9,IT90,56.982258100156095,44,1.0,0.022727272727272728,0.0,1.0,1.0,42.0,0.0,1.0,0.0,0.023255813953488372,0.0,0.0,-0.023255813953488372,-0.023255813953488372,-0.023255813953488372,0.9545454545454546,1.0,0.0156653472046126,0.02221074380165289,0.2946950653923257,,,,,True
xgboost,post_covid,xgboost,1,neighborhood,East Boston,overall,0.98,IT98,81.78485877953806,44,0.0,0.0,0.0,0.0,0.0,44.0,,,,0.0,,,,,,1.0,,0.003073428160491665,0.0,,,,,,True
xgboost,post_covid,xgboost,1,neighborhood,East Boston,flu_season,,bands,,25,,,,,,,,,,,,,,,,,,,,,0.84,1.0,0.6666666666666667,0.0,False
xgboost,post_covid,xgboost,1,neighborhood,East Boston,flu_season,0.5,IT50,32.38969817502224,25,4.0,0.16,3.0,1.0,1.0,20.0,0.75,0.25,0.75,0.047619047619047616,0.6,0.75,0.7023809523809523,0.7023809523809523,0.7023809523809523,0.92,1.0,0.05784160929514376,0.13439999999999996,0.5696308832206565,,,,,True
xgboost,post_covid,xgboost,1,neighborhood,East Boston,flu_season,0.9,IT90,56.982258100156095,25,1.0,0.04,0.0,1.0,1.0,23.0,0.0,1.0,0.0,0.041666666666666664,0.0,0.0,-0.041666666666666664,-0.041666666666666664,-0.041666666666666664,0.92,1.0,0.027570504789758723,0.03840000000000001,0.28201810443336683,,,,,True
xgboost,post_covid,xgboost,1,neighborhood,East Boston,flu_season,0.98,IT98,81.78485877953806,25,0.0,0.0,0.0,0.0,0.0,25.0,,,,0.0,,,,,,1.0,,0.005409233557459172,0.0,,,,,,True
xgboost,post_covid,xgboost,1,neighborhood,Fenway,overall,,bands,,43,,,,,,,,,,,,,,,,,,,,,0.8604651162790697,1.0,0.19374999999999987,0.09302325581395349,False
xgboost,post_covid,xgboost,1,neighborhood,Fenway,overall,0.5,IT50,19.789042860168028,43,2.0,0.046511627906976744,1.0,5.0,1.0,36.0,0.5,0.8333333333333334,0.16666666666666666,0.12195121951219512,0.14285714285714285,0.25,0.3780487804878049,0.19375,0.22976204097614192,0.8604651162790697,3.0,0.07412618038372702,0.04434829637641969,-0.6714549698720884,,,,,True
xgboost,post_covid,xgboost,1,neighborhood,Fenway,overall,0.9,IT90,31.717921949528318,43,0.0,0.0,0.0,0.0,0.0,43.0,,,,0.0,,,,,,1.0,,0.01969983670039394,0.0,,,,,,True
xgboost,post_covid,xgboost,1,neighborhood,Fenway,overall,0.98,IT98,42.89052071415166,43,0.0,0.0,0.0,0.0,0.0,43.0,,,,0.0,,,,,,1.0,,0.004752062339509835,0.0,,,,,,True
xgboost,post_covid,xgboost,1,neighborhood,Fenway,flu_season,,bands,,25,,,,,,,,,,,,,,,,,,,,,0.76,1.0,0.1477272727272726,0.16,False
xgboost,post_covid,xgboost,1,neighborhood,Fenway,flu_season,0.5,IT50,19.789042860168028,25,2.0,0.08,1.0,5.0,1.0,18.0,0.5,0.8333333333333334,0.16666666666666666,0.21739130434782608,0.14285714285714285,0.25,0.28260869565217395,0.14772727272727273,0.17951965741648493,0.76,3.0,0.1226308843835778,0.0736,-0.6661804943420897,,,,,True
xgboost,post_covid,xgboost,1,neighborhood,Fenway,flu_season,0.9,IT90,31.717921949528318,25,0.0,0.0,0.0,0.0,0.0,25.0,,,,0.0,,,,,,1.0,,0.03365305847222045,0.0,,,,,,True
xgboost,post_covid,xgboost,1,neighborhood,Fenway,flu_season,0.98,IT98,42.89052071415166,25,0.0,0.0,0.0,0.0,0.0,25.0,,,,0.0,,,,,,1.0,,0.00816562941233758,0.0,,,,,,True
xgboost,post_covid,xgboost,1,neighborhood,Hyde Park,overall,,bands,,46,,,,,,,,,,,,,,,,,,,,,0.9347826086956522,1.0,0.3669724770642201,-0.021739130434782608,False
xgboost,post_covid,xgboost,1,neighborhood,Hyde Park,overall,0.5,IT50,59.73762940735334,46,3.0,0.06521739130434782,1.0,1.0,2.0,42.0,0.3333333333333333,0.5,0.5,0.023255813953488372,0.25,0.4,0.31007751937984496,0.3669724770642202,0.3754255278891389,0.9347826086956522,0.6666666666666666,0.03999265801045109,0.060964083175803395,0.3439964003867091,,,,,True
xgboost,post_covid,xgboost,1,neighborhood,Hyde Park,overall,0.9,IT90,98.70163927662223,46,0.0,0.0,0.0,0.0,0.0,46.0,,,,0.0,,,,,,1.0,,0.0027759053137762254,0.0,,,,,,True
xgboost,post_covid,xgboost,1,neighborhood,Hyde Park,overall,0.98,IT98,136.08880333365826,46,0.0,0.0,0.0,0.0,0.0,46.0,,,,0.0,,,,,,1.0,,0.0001127263410805569,0.0,,,,,,True
xgboost,post_covid,xgboost,1,neighborhood,Hyde Park,flu_season,,bands,,25,,,,,,,,,,,,,,,,,,,,,0.88,1.0,0.33628318584070793,-0.04,False
xgboost,post_covid,xgboost,1,neighborhood,Hyde Park,flu_season,0.5,IT50,59.73762940735334,25,3.0,0.12,1.0,1.0,2.0,21.0,0.3333333333333333,0.5,0.5,0.045454545454545456,0.25,0.4,0.28787878787878785,0.336283185840708,0.3448281541042982,0.88,0.6666666666666666,0.07356136854136328,0.1056,0.3033961312370902,,,,,True
xgboost,post_covid,xgboost,1,neighborhood,Hyde Park,flu_season,0.9,IT90,98.70163927662223,25,0.0,0.0,0.0,0.0,0.0,25.0,,,,0.0,,,,,,1.0,,0.005107665692521408,0.0,,,,,,True
xgboost,post_covid,xgboost,1,neighborhood,Hyde Park,flu_season,0.98,IT98,136.08880333365826,25,0.0,0.0,0.0,0.0,0.0,25.0,,,,0.0,,,,,,1.0,,0.00020741646758822368,0.0,,,,,,True
xgboost,post_covid,xgboost,1,neighborhood,Jamaica Plain,overall,,bands,,46,,,,,,,,,,,,,,,,,,,,,0.8913043478260869,1.0,0.7103274559193955,-0.06521739130434782,False
xgboost,post_covid,xgboost,1,neighborhood,Jamaica Plain,overall,0.5,IT50,30.1329000930458,46,5.0,0.10869565217391304,4.0,1.0,1.0,40.0,0.8,0.2,0.8,0.024390243902439025,0.6666666666666666,0.8,0.775609756097561,0.775609756097561,0.775609756097561,0.9565217391304348,1.0,0.034082632586024515,0.09688090737240074,0.6482007290144981,,,,,False
xgboost,post_covid,xgboost,1,neighborhood,Jamaica Plain,overall,0.9,IT90,48.93353508945714,46,3.0,0.06521739130434782,0.0,0.0,3.0,43.0,0.0,,,0.0,0.0,0.0,0.0,0.0,,0.9347826086956522,0.0,0.028552362323962497,0.060964083175803395,0.5316527234301964,,,,,True
xgboost,post_covid,xgboost,1,neighborhood,Jamaica Plain,overall,0.98,IT98,66.72678487426273,46,0.0,0.0,0.0,0.0,0.0,46.0,,,,0.0,,,,,,1.0,,0.0033269098490066548,0.0,,,,,,True
xgboost,post_covid,xgboost,1,neighborhood,Jamaica Plain,flu_season,,bands,,24,,,,,,,,,,,,,,,,,,,,,0.7916666666666666,1.0,0.6808510638297872,-0.125,False
xgboost,post_covid,xgboost,1,neighborhood,Jamaica Plain,flu_season,0.5,IT50,30.1329000930458,24,5.0,0.20833333333333334,4.0,1.0,1.0,18.0,0.8,0.2,0.8,0.05263157894736842,0.6666666666666666,0.8,0.7473684210526317,0.7473684210526316,0.7473684210526316,0.9166666666666666,1.0,0.06322753932489658,0.16493055555555555,0.6166414457774692,,,,,False
xgboost,post_covid,xgboost,1,neighborhood,Jamaica Plain,flu_season,0.9,IT90,48.93353508945714,24,3.0,0.125,0.0,0.0,3.0,21.0,0.0,,,0.0,0.0,0.0,0.0,0.0,,0.875,0.0,0.054710433901792414,0.109375,0.4997903186121836,,,,,True
xgboost,post_covid,xgboost,1,neighborhood,Jamaica Plain,flu_season,0.98,IT98,66.72678487426273,24,0.0,0.0,0.0,0.0,0.0,24.0,,,,0.0,,,,,,1.0,,0.006376556492213063,0.0,,,,,,True
xgboost,post_covid,xgboost,1,neighborhood,Mattapan,overall,,bands,,47,,,,,,,,,,,,,,,,,,,,,0.9574468085106383,1.0,0.48351648351648346,-0.0425531914893617,False
xgboost,post_covid,xgboost,1,neighborhood,Mattapan,overall,0.5,IT50,75.36060630157071,47,3.0,0.06382978723404255,1.0,0.0,2.0,44.0,0.3333333333333333,0.0,1.0,0.0,0.3333333333333333,0.5,0.3333333333333333,0.4835164835164835,0.5646597025732799,0.9574468085106383,0.3333333333333333,0.02851507351000384,0.05975554549569943,0.5228045652757692,,,,,True
xgboost,post_covid,xgboost,1,neighborhood,Mattapan,overall,0.9,IT90,114.4266389550119,47,0.0,0.0,0.0,0.0,0.0,47.0,,,,0.0,,,,,,1.0,,0.004012461254772521,0.0,,,,,,True
xgboost,post_covid,xgboost,1,neighborhood,Mattapan,overall,0.98,IT98,149.46970387636378,47,0.0,0.0,0.0,0.0,0.0,47.0,,,,0.0,,,,,,1.0,,0.0006716270631676711,0.0,,,,,,True
xgboost,post_covid,xgboost,1,neighborhood,Mattapan,flu_season,,bands,,26,,,,,,,,,,,,,,,,,,,,,0.9230769230769231,1.0,0.46938775510204067,-0.07692307692307693,False
xgboost,post_covid,xgboost,1,neighborhood,Mattapan,flu_season,0.5,IT50,75.36060630157071,26,3.0,0.11538461538461539,1.0,0.0,2.0,23.0,0.3333333333333333,0.0,1.0,0.0,0.3333333333333333,0.5,0.3333333333333333,0.46938775510204084,0.5537749241945383,0.9230769230769231,0.3333333333333333,0.05153756362859062,0.10207100591715977,0.4950812606822137,,,,,True
xgboost,post_covid,xgboost,1,neighborhood,Mattapan,flu_season,0.9,IT90,114.4266389550119,26,0.0,0.0,0.0,0.0,0.0,26.0,,,,0.0,,,,,,1.0,,0.0072532951726489246,0.0,,,,,,True
xgboost,post_covid,xgboost,1,neighborhood,Mattapan,flu_season,0.98,IT98,149.46970387636378,26,0.0,0.0,0.0,0.0,0.0,26.0,,,,0.0,,,,,,1.0,,0.0012140950757260416,0.0,,,,,,True
xgboost,post_covid,xgboost,1,neighborhood,Roslindale,overall,,bands,,42,,,,,,,,,,,,,,,,,,,,,0.9047619047619048,0.9761904761904762,0.5116279069767442,-0.11904761904761904,False
xgboost,post_covid,xgboost,1,neighborhood,Roslindale,overall,0.5,IT50,83.12526323754497,42,4.0,0.09523809523809523,2.0,0.0,2.0,38.0,0.5,0.0,1.0,0.0,0.5,0.6666666666666666,0.5,0.6440677966101694,0.689202437604511,0.9523809523809523,0.5,0.04040836347131519,0.08616780045351476,0.5310503081355264,,,,,True
xgboost,post_covid,xgboost,1,neighborhood,Roslindale,overall,0.9,IT90,133.65502394030972,42,3.0,0.07142857142857142,0.0,0.0,3.0,39.0,0.0,,,0.0,0.0,0.0,0.0,0.0,,0.9285714285714286,0.0,0.05163054873379865,0.06632653061224489,0.22157018832118947,,,,,True
xgboost,post_covid,xgboost,1,neighborhood,Roslindale,overall,0.98,IT98,181.10052866383202,42,0.0,0.0,0.0,0.0,0.0,42.0,,,,0.0,,,,,,1.0,,5.4714463010010335e-05,0.0,,,,,,True
xgboost,post_covid,xgboost,1,neighborhood,Roslindale,flu_season,,bands,,26,,,,,,,,,,,,,,,,,,,,,0.8461538461538461,0.9615384615384616,0.4972375690607733,-0.19230769230769232,False
xgboost,post_covid,xgboost,1,neighborhood,Roslindale,flu_season,0.5,IT50,83.12526323754497,26,4.0,0.15384615384615385,2.0,0.0,2.0,22.0,0.5,0.0,1.0,0.0,0.5,0.6666666666666666,0.5,0.6285714285714286,0.67700320038633,0.9230769230769231,0.5,0.06516634729472066,0.13017751479289943,0.4994039685087368,,,,,True
xgboost,post_covid,xgboost,1,neighborhood,Roslindale,flu_season,0.9,IT90,133.65502394030972,26,3.0,0.11538461538461539,0.0,0.0,3.0,23.0,0.0,,,0.0,0.0,0.0,0.0,0.0,,0.8846153846153846,0.0,0.08340319258175068,0.10207100591715977,0.18289046108313833,,,,,True
xgboost,post_covid,xgboost,1,neighborhood,Roslindale,flu_season,0.98,IT98,181.10052866383202,26,0.0,0.0,0.0,0.0,0.0,26.0,,,,0.0,,,,,,1.0,,8.83849017851621e-05,0.0,,,,,,True
xgboost,post_covid,xgboost,1,neighborhood,Roxbury,overall,,bands,,49,,,,,,,,,,,,,,,,,,,,,0.9387755102040817,1.0,0.6474820143884892,-0.02040816326530612,False
xgboost,post_covid,xgboost,1,neighborhood,Roxbury,overall,0.5,IT50,138.88545502174753,49,3.0,0.061224489795918366,2.0,1.0,1.0,45.0,0.6666666666666666,0.3333333333333333,0.6666666666666666,0.021739130434782608,0.5,0.6666666666666666,0.644927536231884,0.644927536231884,0.644927536231884,0.9591836734693877,1.0,0.03370477353636157,0.057476051645147866,0.41358578796518763,,,,,True
xgboost,post_covid,xgboost,1,neighborhood,Roxbury,overall,0.9,IT90,231.9483227351807,49,1.0,0.02040816326530612,0.0,0.0,1.0,48.0,0.0,,,0.0,0.0,0.0,0.0,0.0,,0.9795918367346939,0.0,0.019744197233428226,0.01999167013744273,0.01237880088622556,,,,,True
xgboost,post_covid,xgboost,1,neighborhood,Roxbury,overall,0.98,IT98,322.0096816211373,49,0.0,0.0,0.0,0.0,0.0,49.0,,,,0.0,,,,,,1.0,,7.969677088723465e-06,0.0,,,,,,True
xgboost,post_covid,xgboost,1,neighborhood,Roxbury,flu_season,,bands,,26,,,,,,,,,,,,,,,,,,,,,0.8846153846153846,1.0,0.6285714285714286,-0.038461538461538464,False
xgboost,post_covid,xgboost,1,neighborhood,Roxbury,flu_season,0.5,IT50,138.88545502174753,26,3.0,0.11538461538461539,2.0,1.0,1.0,22.0,0.6666666666666666,0.3333333333333333,0.6666666666666666,0.043478260869565216,0.5,0.6666666666666666,0.6231884057971014,0.6231884057971014,0.6231884057971014,0.9230769230769231,1.0,0.06351940977845573,0.10207100591715977,0.37769389840237577,,,,,True
xgboost,post_covid,xgboost,1,neighborhood,Roxbury,flu_season,0.9,IT90,231.9483227351807,26,1.0,0.038461538461538464,0.0,0.0,1.0,25.0,0.0,,,0.0,0.0,0.0,0.0,0.0,,0.9615384615384616,0.0,0.03721021786299929,0.036982248520710054,-0.006164291015500867,,,,,True
xgboost,post_covid,xgboost,1,neighborhood,Roxbury,flu_season,0.98,IT98,322.0096816211373,26,0.0,0.0,0.0,0.0,0.0,26.0,,,,0.0,,,,,,1.0,,1.501977605182499e-05,0.0,,,,,,True
xgboost,post_covid,xgboost,1,neighborhood,South Boston,overall,,bands,,42,,,,,,,,,,,,,,,,,,,,,0.9761904761904762,1.0,0.8444444444444444,-0.023809523809523808,False
xgboost,post_covid,xgboost,1,neighborhood,South Boston,overall,0.5,IT50,31.63670795756643,42,4.0,0.09523809523809523,3.0,0.0,1.0,38.0,0.75,0.0,1.0,0.0,0.75,0.8571428571428571,0.75,0.8444444444444444,0.8548504142651103,0.9761904761904762,0.75,0.03808437431031042,0.08616780045351476,0.5580208139250817,,,,,True
xgboost,post_covid,xgboost,1,neighborhood,South Boston,overall,0.9,IT90,60.18982141922808,42,0.0,0.0,0.0,0.0,0.0,42.0,,,,0.0,,,,,,1.0,,0.005063073130240257,0.0,,,,,,True
xgboost,post_covid,xgboost,1,neighborhood,South Boston,overall,0.98,IT98,90.82483767314203,42,0.0,0.0,0.0,0.0,0.0,42.0,,,,0.0,,,,,,1.0,,0.00019072651017487682,0.0,,,,,,True
xgboost,post_covid,xgboost,1,neighborhood,South Boston,flu_season,,bands,,25,,,,,,,,,,,,,,,,,,,,,0.96,1.0,0.8344370860927153,-0.04,False
xgboost,post_covid,xgboost,1,neighborhood,South Boston,flu_season,0.5,IT50,31.63670795756643,25,4.0,0.16,3.0,0.0,1.0,21.0,0.75,0.0,1.0,0.0,0.75,0.8571428571428571,0.75,0.8344370860927153,0.8461141122266493,0.96,0.75,0.06290642114204849,0.13439999999999996,0.53194627126452,,,,,True
xgboost,post_covid,xgboost,1,neighborhood,South Boston,flu_season,0.9,IT90,60.18982141922808,25,0.0,0.0,0.0,0.0,0.0,25.0,,,,0.0,,,,,,1.0,,0.008505860083739165,0.0,,,,,,True
xgboost,post_covid,xgboost,1,neighborhood,South Boston,flu_season,0.98,IT98,90.82483767314203,25,0.0,0.0,0.0,0.0,0.0,25.0,,,,0.0,,,,,,1.0,,0.0003204205370866453,0.0,,,,,,True
xgboost,post_covid,xgboost,1,neighborhood,South End,overall,,bands,,49,,,,,,,,,,,,,,,,,,,,,0.9387755102040817,1.0,0.6334164588528679,0.02040816326530612,False
xgboost,post_covid,xgboost,1,neighborhood,South End,overall,0.5,IT50,82.00792145914704,49,4.0,0.08163265306122448,3.0,2.0,1.0,43.0,0.75,0.4,0.6,0.044444444444444446,0.5,0.6666666666666666,0.7055555555555556,0.6334164588528678,0.6381990126895997,0.9387755102040817,1.25,0.03438060311761404,0.07496876301541025,0.5414009550811594,,,,,True
xgboost,post_covid,xgboost,1,neighborhood,South End,overall,0.9,IT90,134.00251631923587,49,0.0,0.0,0.0,0.0,0.0,49.0,,,,0.0,,,,,,1.0,,0.006257344527515848,0.0,,,,,,True
xgboost,post_covid,xgboost,1,neighborhood,South End,overall,0.98,IT98,183.45444562568642,49,0.0,0.0,0.0,0.0,0.0,49.0,,,,0.0,,,,,,1.0,,0.0002847792653519634,0.0,,,,,,True
xgboost,post_covid,xgboost,1,neighborhood,South End,flu_season,,bands,,26,,,,,,,,,,,,,,,,,,,,,0.8846153846153846,1.0,0.5979381443298969,0.038461538461538464,False
xgboost,post_covid,xgboost,1,neighborhood,South End,flu_season,0.5,IT50,82.00792145914704,26,4.0,0.15384615384615385,3.0,2.0,1.0,20.0,0.75,0.4,0.6,0.09090909090909091,0.5,0.6666666666666666,0.6590909090909091,0.5979381443298969,0.6033815244679472,0.8846153846153846,1.25,0.06479286854085739,0.13017751479289943,0.5022729643906865,,,,,True
xgboost,post_covid,xgboost,1,neighborhood,South End,flu_season,0.9,IT90,134.00251631923587,26,0.0,0.0,0.0,0.0,0.0,26.0,,,,0.0,,,,,,1.0,,0.011792687763387148,0.0,,,,,,True
xgboost,post_covid,xgboost,1,neighborhood,South End,flu_season,0.98,IT98,183.45444562568642,26,0.0,0.0,0.0,0.0,0.0,26.0,,,,0.0,,,,,,1.0,,0.0005366993847017772,0.0,,,,,,True
xgboost,post_covid,xgboost,1,neighborhood,West Roxbury,overall,,bands,,40,,,,,,,,,,,,,,,,,,,,,0.925,0.95,0.39655172413793116,-0.15,False
xgboost,post_covid,xgboost,1,neighborhood,West Roxbury,overall,0.5,IT50,37.349459967580074,40,3.0,0.075,2.0,0.0,1.0,37.0,0.6666666666666666,0.0,1.0,0.0,0.6666666666666666,0.8,0.6666666666666666,0.7872340425531915,0.805681579172283,0.975,0.6666666666666666,0.03068109814465082,0.06937499999999999,0.5577499366536818,,,,,True
xgboost,post_covid,xgboost,1,neighborhood,West Roxbury,overall,0.9,IT90,59.59981304845178,40,3.0,0.075,0.0,0.0,3.0,37.0,0.0,,,0.0,0.0,0.0,0.0,0.0,,0.925,0.0,0.04302212109177954,0.06937499999999999,0.3798613175959705,,,,,True
xgboost,post_covid,xgboost,1,neighborhood,West Roxbury,overall,0.98,IT98,80.36625284929092,40,2.0,0.05,0.0,0.0,2.0,38.0,0.0,,,0.0,0.0,0.0,0.0,0.0,,0.95,0.0,0.04316210031939003,0.047499999999999994,0.09132420380231498,,,,,True
xgboost,post_covid,xgboost,1,neighborhood,West Roxbury,flu_season,,bands,,25,,,,,,,,,,,,,,,,,,,,,0.88,0.92,0.3838028169014085,-0.24,False
xgboost,post_covid,xgboost,1,neighborhood,West Roxbury,flu_season,0.5,IT50,37.349459967580074,25,3.0,0.12,2.0,0.0,1.0,22.0,0.6666666666666666,0.0,1.0,0.0,0.6666666666666666,0.8,0.6666666666666666,0.7787610619469026,0.7985494095046906,0.96,0.6666666666666666,0.04860283742753313,0.1056,0.539745857693815,,,,,True
xgboost,post_covid,xgboost,1,neighborhood,West Roxbury,flu_season,0.9,IT90,59.59981304845178,25,3.0,0.12,0.0,0.0,3.0,22.0,0.0,,,0.0,0.0,0.0,0.0,0.0,,0.88,0.0,0.06883475491631956,0.1056,0.34815572995909505,,,,,True
xgboost,post_covid,xgboost,1,neighborhood,West Roxbury,flu_season,0.98,IT98,80.36625284929092,25,2.0,0.08,0.0,0.0,2.0,23.0,0.0,,,0.0,0.0,0.0,0.0,0.0,,0.92,0.0,0.06905936041527382,0.0736,0.061693472618562284,,,,,True
